1000 10 10
9 67 76 53 28 41 82 50 73 90 45 0 43
9 22 26 94 24 71 52 93 82 31 91 0 44
9 75 93 95 53 87 38 63 82 51 42 0 43
7 45 36 86 78 48 65 30 79 31 93 0 35
8 25 49 26 69 71 96 82 56 59 55 0 37
4 67 57 53 59 41 62 99 95 92 54 0 20
7 52 86 49 63 93 91 71 45 57 41 0 35
6 64 38 49 93 44 44 68 78 44 53 0 28
3 70 83 46 23 97 51 66 46 78 44 0 14
6 76 68 69 97 96 65 58 62 32 57 0 26
6 39 43 20 59 58 27 44 47 58 68 0 28
9 47 74 50 45 71 70 52 36 42 37 0 41
4 28 82 46 31 84 92 58 83 45 22 0 20
6 93 48 68 38 38 84 34 79 77 64 0 27
7 38 42 89 29 54 32 48 41 49 80 0 35
5 65 77 28 78 96 82 39 63 30 23 0 22
4 74 90 73 80 99 64 82 34 38 62 0 19
3 25 86 84 61 43 67 53 84 73 75 0 15
4 31 81 81 73 20 54 80 65 20 98 0 18
7 41 20 82 55 77 61 95 74 67 33 0 34
7 81 61 54 99 32 40 83 34 92 31 0 32
8 53 83 76 38 40 70 24 72 30 48 0 36
4 50 70 62 92 43 96 52 27 77 32 0 20
8 50 75 64 26 84 67 94 22 47 32 0 37
7 35 100 31 72 51 80 72 61 40 22 0 34
4 27 97 36 50 55 97 68 29 33 77 0 19
2 48 95 90 80 48 90 76 66 77 59 0 10
7 79 22 74 40 90 73 86 22 45 85 0 35
10 64 53 73 44 41 90 57 26 88 97 0 46
7 27 66 62 48 22 92 96 24 54 20 0 34
9 74 28 86 56 74 29 57 37 57 53 0 41
7 95 70 65 25 98 67 68 89 87 68 0 32
6 27 57 54 36 46 48 68 84 63 98 0 28
9 31 57 92 52 88 91 20 57 85 88 0 43
10 32 77 84 34 30 33 33 57 95 35 0 47
5 25 24 44 36 62 72 27 61 32 48 0 23
4 66 99 25 44 52 85 46 55 82 57 0 16
9 62 37 71 67 49 25 49 33 71 25 0 44
10 30 24 54 60 91 83 30 28 34 61 0 48
6 97 62 33 38 47 48 40 45 89 47 0 26
7 64 56 88 29 22 27 77 63 51 66 0 33
9 79 37 56 77 50 57 46 88 97 79 0 45
3 47 62 90 76 37 93 68 99 56 55 0 15
10 31 80 69 54 20 93 72 59 40 43 0 50
6 76 35 62 21 74 68 99 29 43 33 0 26
10 52 39 55 59 79 98 94 59 85 45 0 49
7 89 100 64 48 99 61 80 68 71 25 0 32
3 41 74 65 72 39 28 76 68 40 24 0 15
3 67 29 28 33 62 53 35 34 81 31 0 15
8 87 81 98 25 25 34 34 68 46 43 0 37
5 44 20 35 47 59 93 24 60 44 46 0 22
3 91 83 86 49 94 78 24 89 33 92 0 12
10 98 39 25 34 25 69 65 85 83 55 0 49
6 56 44 89 31 40 27 39 34 20 22 0 26
10 40 98 62 41 84 49 24 34 29 84 0 50
8 21 39 89 73 44 84 94 55 77 48 0 38
4 54 56 30 23 74 35 39 57 40 84 0 18
5 94 44 93 54 23 71 90 20 63 35 0 25
4 52 84 71 23 95 40 44 35 94 60 0 20
4 73 65 79 99 61 64 36 84 43 56 0 20
5 69 45 29 72 100 62 71 69 53 22 0 25
5 64 36 21 45 24 56 87 28 41 74 0 22
9 86 98 27 90 43 55 29 44 46 40 0 41
3 69 40 52 57 58 25 63 85 38 52 0 13
2 47 96 91 26 30 62 36 30 42 27 0 10
5 51 68 70 27 68 73 56 98 34 83 0 25
8 42 72 60 61 47 21 28 58 27 98 0 39
6 48 55 84 65 41 29 75 37 35 85 0 28
6 52 27 72 71 80 82 40 96 51 26 0 28
10 92 96 73 97 77 93 62 84 39 76 0 46
5 31 62 54 81 86 56 100 49 84 27 0 21
4 23 32 98 95 46 79 50 88 45 81 0 17
10 86 31 42 96 51 79 60 98 34 44 0 49
8 98 46 55 43 27 41 27 79 47 67 0 37
10 31 57 81 44 91 41 53 55 97 37 0 48
9 22 38 90 81 85 88 67 95 30 38 0 44
4 55 95 24 74 37 81 33 51 88 59 0 20
9 38 94 100 57 27 66 72 65 62 23 0 43
4 47 95 36 45 57 39 68 67 52 51 0 20
7 29 55 38 35 40 25 31 28 70 62 0 31
5 59 28 27 84 25 46 32 63 55 80 0 21
6 38 64 40 47 46 46 93 84 91 73 0 28
6 73 44 96 97 90 99 59 30 80 42 0 30
5 100 92 56 28 61 48 55 24 59 72 0 23
9 33 69 34 76 59 68 94 90 97 61 0 44
7 47 88 37 52 27 32 99 39 44 30 0 35
10 80 57 28 98 39 38 96 38 22 51 0 50
2 52 93 65 88 94 66 36 37 50 81 0 10
4 69 82 71 63 97 86 67 71 98 58 0 20
9 21 72 80 64 75 93 21 66 95 64 0 42
8 26 63 84 67 23 84 67 95 78 42 0 40
2 86 46 99 79 100 88 24 22 29 67 0 10
7 93 75 78 23 77 44 40 92 99 69 0 35
9 33 27 43 74 93 100 76 91 26 27 0 45
6 91 55 72 60 100 97 68 84 20 23 0 28
10 94 81 21 63 54 71 46 72 94 21 0 50
5 69 78 96 74 89 38 89 39 69 79 0 24
8 45 63 71 47 92 36 85 83 77 62 0 36
10 20 30 94 24 50 79 20 56 48 59 0 50
4 98 39 57 80 95 76 64 56 97 77 0 16
2 66 97 89 61 23 76 52 38 65 94 0 10
7 35 25 72 48 75 46 27 80 37 68 0 35
9 38 52 32 28 60 90 74 82 92 67 0 45
9 84 69 56 24 70 23 95 100 61 50 0 44
5 73 65 84 76 24 55 89 38 61 95 0 24
9 90 96 52 30 72 22 26 33 32 95 0 45
7 40 81 100 82 100 89 83 21 79 88 0 31
3 34 93 68 88 79 35 75 25 56 100 0 15
7 21 59 28 82 93 48 43 84 30 94 0 33
8 56 21 43 35 41 71 52 97 22 48 0 38
2 43 41 78 57 90 76 45 98 27 95 0 10
4 55 21 69 58 82 69 73 39 99 99 0 17
7 50 93 47 87 23 76 58 78 30 37 0 33
4 43 60 66 88 32 87 50 28 90 60 0 17
7 64 22 36 81 43 30 53 22 31 82 0 33
8 82 63 91 49 26 44 55 61 32 41 0 39
7 98 62 93 48 88 58 24 43 43 49 0 33
3 48 56 67 73 73 53 96 43 97 61 0 14
5 28 22 29 43 79 88 63 94 35 29 0 25
10 23 90 81 56 36 79 51 44 92 69 0 49
10 98 47 83 81 74 79 70 66 34 72 0 50
5 57 69 55 74 21 40 33 37 72 56 0 21
10 75 70 82 45 61 38 60 68 95 45 0 46
5 93 73 87 69 67 41 29 92 95 57 0 23
10 66 55 67 68 36 83 92 67 94 99 0 48
6 25 22 49 31 54 68 27 95 23 76 0 26
4 30 40 98 98 24 90 58 77 84 62 0 19
8 73 62 37 63 68 27 23 60 78 34 0 39
10 96 45 73 78 70 98 92 78 90 27 0 47
5 28 94 92 67 43 38 33 40 38 76 0 23
7 55 27 43 40 98 33 67 97 60 21 0 31
8 47 88 97 40 26 45 85 36 69 72 0 37
7 37 77 71 30 99 61 66 75 37 46 0 35
9 38 69 85 55 38 37 60 97 71 77 0 45
8 40 35 76 25 66 71 21 71 65 31 0 38
3 46 61 95 73 86 36 78 33 68 57 0 11
9 90 83 65 42 51 38 75 39 23 63 0 41
9 69 90 82 40 47 57 90 100 39 71 0 43
6 73 77 69 95 67 36 46 73 21 98 0 28
5 60 72 35 54 57 96 54 43 94 97 0 23
8 81 30 39 69 95 76 39 90 34 48 0 37
9 34 74 27 83 71 49 66 21 94 77 0 41
3 43 33 95 69 68 93 43 95 38 96 0 14
9 92 46 85 49 100 37 96 83 72 41 0 42
3 95 32 93 58 72 77 49 90 79 78 0 14
3 56 64 43 98 69 53 32 75 98 62 0 12
2 85 47 72 34 88 23 66 36 57 64 0 10
5 62 62 52 75 51 33 68 36 29 61 0 25
5 76 41 37 86 66 30 74 43 65 97 0 24
10 61 24 91 71 67 68 51 49 56 29 0 47
8 45 97 92 25 43 97 76 43 80 35 0 39
4 83 24 38 83 33 64 77 34 68 30 0 19
7 99 98 35 91 38 52 82 35 36 56 0 35
3 56 86 36 74 61 22 60 77 57 55 0 14
3 32 60 56 63 23 67 32 85 78 43 0 11
3 25 91 54 51 55 79 94 88 99 59 0 12
6 41 65 39 26 20 39 98 76 56 55 0 28
10 41 37 89 92 52 69 79 45 64 68 0 49
4 75 74 92 83 63 39 23 84 78 54 0 17
10 80 68 89 47 23 43 23 56 53 37 0 48
10 22 91 68 66 78 74 40 95 48 93 0 47
7 48 21 59 98 36 26 83 35 89 69 0 34
4 97 53 93 89 30 38 93 76 27 69 0 18
10 88 23 36 44 36 35 60 87 76 55 0 48
3 74 78 51 75 66 86 28 64 80 100 0 14
4 99 89 40 25 29 27 21 24 76 27 0 19
5 58 80 42 86 82 36 78 39 59 60 0 25
10 54 71 95 71 99 24 46 68 95 47 0 48
9 100 62 54 65 22 51 88 72 21 81 0 45
5 96 70 27 46 74 100 59 65 31 26 0 21
7 20 73 52 86 83 52 84 91 61 63 0 34
10 38 89 42 43 53 91 26 71 64 58 0 47
5 94 69 45 54 88 64 64 69 21 62 0 21
6 57 36 34 32 32 36 71 28 46 94 0 30
4 100 63 58 66 46 86 62 35 63 53 0 19
3 33 64 47 59 28 39 60 27 95 51 0 15
5 23 29 35 77 58 66 55 90 82 36 0 22
8 88 56 86 49 32 85 57 39 53 94 0 38
10 76 65 93 83 64 59 23 53 32 96 0 49
7 66 24 90 22 38 82 67 88 24 29 0 35
5 33 21 66 59 97 66 68 68 84 81 0 23
4 49 63 62 69 64 77 49 29 28 36 0 18
9 37 83 43 23 45 24 89 64 100 96 0 44
3 45 30 37 39 46 93 87 95 34 45 0 14
7 84 97 68 28 61 80 31 55 55 45 0 32
10 24 53 69 77 53 66 64 30 67 54 0 49
7 36 94 30 25 72 65 58 43 50 24 0 34
6 28 40 73 49 65 92 94 55 78 93 0 26
3 21 44 28 93 25 45 51 70 85 93 0 11
6 60 97 55 84 25 37 100 25 54 74 0 27
8 41 33 42 92 81 73 74 35 95 68 0 36
10 38 24 76 33 74 89 55 50 58 78 0 46
6 41 58 38 88 60 62 28 61 44 64 0 28
3 45 67 48 89 21 94 42 41 45 30 0 12
8 75 37 79 32 81 40 25 54 45 75 0 40
10 28 20 40 70 88 30 78 22 61 85 0 49
4 41 92 94 55 59 81 83 63 22 92 0 17
4 96 31 55 35 81 85 30 31 23 87 0 16
6 58 67 44 65 73 73 45 70 21 31 0 26
8 23 45 49 99 30 70 73 93 53 74 0 36
4 42 81 29 78 55 100 68 94 57 50 0 19
9 54 89 55 86 28 92 28 44 98 64 0 42
10 38 60 76 38 37 23 94 25 29 78 0 46
3 58 91 66 90 75 54 61 31 47 78 0 12
7 100 84 52 74 37 34 37 76 20 32 0 34
8 45 91 81 84 76 20 30 33 81 21 0 40
8 65 47 43 89 27 66 78 94 66 91 0 38
5 88 45 78 46 24 56 47 61 90 21 0 25
8 38 27 40 60 95 63 96 93 73 22 0 37
10 68 95 92 41 68 87 66 75 67 65 0 47
5 59 60 94 94 56 35 34 79 49 65 0 22
10 57 20 72 86 56 79 53 94 80 65 0 48
7 61 61 37 81 77 98 72 69 36 90 0 31
4 68 38 49 61 68 81 100 82 24 52 0 18
3 26 47 75 58 28 59 81 85 79 67 0 13
9 46 21 78 28 59 66 64 54 25 86 0 45
8 51 43 79 80 95 37 62 75 99 32 0 38
10 99 33 35 86 63 63 58 35 89 55 0 50
4 80 36 98 43 53 33 96 76 37 60 0 20
10 94 61 28 96 30 47 43 55 78 73 0 46
10 81 98 90 44 44 49 20 70 22 24 0 49
5 25 95 49 57 68 31 24 96 26 97 0 22
2 26 29 72 77 64 76 66 92 33 39 0 10
3 68 50 97 72 50 40 58 78 34 97 0 12
6 34 61 40 28 96 44 98 83 68 25 0 28
6 66 70 33 27 40 60 58 60 73 30 0 27
5 80 56 55 24 58 78 61 82 63 35 0 24
6 23 64 44 37 78 61 86 91 64 33 0 29
6 86 94 77 92 85 57 49 74 74 37 0 27
6 84 99 56 69 93 58 26 85 84 52 0 30
3 86 20 97 77 76 33 96 69 90 36 0 15
3 87 51 37 98 93 29 38 81 53 28 0 15
3 99 66 38 68 36 26 60 25 37 75 0 11
6 86 31 89 60 99 55 93 75 98 68 0 27
8 56 22 62 90 50 58 69 79 74 81 0 36
6 72 92 31 51 25 53 60 77 51 40 0 30
9 91 83 43 75 41 64 46 54 66 97 0 43
8 28 35 55 67 28 85 95 24 76 70 0 37
7 93 93 53 90 100 76 40 35 40 42 0 31
2 23 67 84 99 65 59 52 43 82 75 0 10
8 99 40 30 37 45 44 77 28 36 60 0 39
9 60 41 24 99 48 50 69 50 62 90 0 42
9 92 99 83 39 58 64 89 47 31 52 0 41
4 74 94 39 50 85 37 59 40 39 66 0 17
8 49 24 98 68 54 47 36 26 71 39 0 39
7 77 48 20 27 79 78 57 57 59 63 0 33
10 45 41 53 49 29 84 62 46 30 82 0 48
5 27 49 85 57 69 82 50 85 28 44 0 23
3 61 45 64 96 93 93 86 45 76 76 0 13
6 24 85 91 21 70 86 39 62 81 59 0 26
7 68 35 96 21 34 65 55 46 76 78 0 32
9 71 89 59 72 25 21 22 69 79 57 0 44
10 34 70 36 64 61 53 98 43 32 80 0 47
7 77 62 39 99 37 95 100 75 83 44 0 32
7 71 27 84 76 88 29 44 61 21 64 0 34
5 46 57 59 97 82 66 66 73 30 77 0 25
10 64 57 82 70 54 26 22 31 98 75 0 48
7 64 67 36 53 62 22 59 35 88 95 0 33
3 31 62 28 68 74 30 90 30 46 63 0 14
3 56 44 52 24 77 68 41 53 57 89 0 11
10 51 83 28 27 99 44 71 66 51 79 0 46
10 75 30 74 34 69 22 45 38 33 73 0 50
9 51 97 22 57 75 37 46 26 31 24 0 45
10 85 100 58 67 25 22 46 100 68 30 0 48
6 26 91 45 29 49 99 38 80 99 73 0 29
9 46 51 32 87 100 25 31 97 81 40 0 45
10 34 84 79 67 43 96 27 75 34 25 0 47
7 85 83 24 64 76 43 81 26 90 89 0 34
5 39 71 86 97 64 70 98 39 42 36 0 22
4 37 63 94 91 52 20 91 71 48 99 0 19
3 79 27 47 67 64 90 81 42 65 86 0 14
4 27 94 89 90 53 75 64 79 86 64 0 19
3 55 84 58 44 83 26 77 24 42 48 0 13
8 40 56 87 59 73 44 65 97 22 35 0 37
6 95 39 24 85 37 81 52 78 42 69 0 26
9 90 74 30 25 28 34 30 77 66 48 0 41
9 91 77 79 27 45 100 31 96 100 49 0 45
10 91 77 53 42 23 23 89 73 79 99 0 50
4 92 82 24 74 22 90 49 68 56 32 0 19
10 54 92 93 23 90 89 21 58 91 81 0 47
4 48 92 43 90 96 65 97 53 60 52 0 19
7 85 57 53 91 32 52 31 71 58 28 0 32
10 52 49 71 61 64 39 38 57 77 55 0 50
10 50 65 72 67 58 56 49 35 22 50 0 47
3 43 83 68 64 55 99 87 78 90 21 0 12
5 85 25 59 27 30 94 96 99 33 52 0 22
9 35 69 99 66 59 38 20 56 42 72 0 45
9 39 40 59 50 31 52 56 46 73 100 0 44
3 83 38 45 76 54 38 35 24 34 36 0 15
9 39 42 27 75 59 73 80 31 63 32 0 45
3 57 43 43 91 70 66 45 81 29 55 0 14
4 93 36 32 95 55 35 86 43 49 71 0 16
6 90 60 30 89 97 89 27 91 67 54 0 30
8 28 77 98 96 64 88 33 71 31 27 0 39
8 54 71 42 42 25 62 22 94 47 41 0 40
5 50 94 68 40 80 65 43 49 88 96 0 21
8 66 84 46 29 36 33 83 88 23 86 0 39
8 27 74 24 22 98 82 86 89 42 26 0 40
8 63 42 46 41 68 54 97 98 94 26 0 40
10 42 28 25 45 43 53 31 57 66 92 0 48
7 75 77 54 88 54 86 35 63 93 24 0 32
6 25 32 72 44 70 56 40 21 91 77 0 29
3 38 55 43 27 93 59 98 46 99 80 0 13
6 35 64 74 82 81 25 83 59 46 57 0 29
10 56 75 36 62 73 95 100 76 52 25 0 50
10 66 85 66 50 56 30 42 64 83 37 0 47
5 21 20 28 31 44 75 31 95 92 54 0 24
8 55 98 97 63 61 52 65 35 56 88 0 37
10 86 97 80 25 95 49 54 26 47 58 0 48
10 87 41 81 52 55 37 64 79 99 72 0 49
8 22 69 40 57 73 38 46 39 95 56 0 40
9 72 84 65 91 71 33 62 29 36 85 0 43
6 33 44 39 76 59 74 60 31 48 97 0 26
10 81 75 68 95 76 52 97 55 52 34 0 49
8 83 60 31 65 60 44 45 35 51 100 0 38
3 97 74 43 81 38 25 97 75 65 94 0 15
8 71 99 30 33 86 57 45 60 86 32 0 38
4 27 31 47 86 33 89 24 20 87 86 0 16
5 64 68 85 51 93 90 82 84 47 36 0 24
8 82 66 39 70 34 91 28 50 48 95 0 37
7 85 82 35 24 86 93 63 73 39 99 0 35
8 96 61 47 80 94 77 49 96 74 48 0 37
5 95 87 96 48 47 43 74 27 99 25 0 23
8 24 55 97 82 33 58 34 42 42 96 0 37
8 21 97 54 76 32 30 73 75 88 60 0 40
5 36 62 24 70 82 55 99 84 34 41 0 25
4 78 55 80 28 52 38 45 57 57 38 0 18
5 97 65 55 44 68 35 70 78 53 84 0 25
10 37 56 84 69 72 89 94 77 28 75 0 50
5 53 34 27 81 66 86 24 25 86 35 0 24
8 70 76 33 23 43 72 81 44 95 49 0 38
10 66 40 55 37 90 40 26 65 28 75 0 48
3 24 22 86 66 72 39 98 33 36 90 0 13
4 82 56 86 93 83 43 56 76 28 49 0 18
8 87 92 24 94 95 67 71 62 63 83 0 36
6 45 23 45 78 32 23 24 81 29 28 0 29
2 97 96 62 43 71 32 67 97 52 97 0 10
9 91 86 78 56 58 69 41 65 81 100 0 42
4 71 23 66 25 22 37 84 65 37 59 0 16
6 100 89 45 68 49 53 27 91 34 67 0 30
7 86 44 55 97 82 42 75 31 35 81 0 34
6 83 89 85 34 81 85 59 77 74 34 0 29
5 63 57 52 54 92 37 30 69 60 79 0 25
10 72 78 42 37 40 29 65 88 46 57 0 49
9 47 34 35 53 57 61 55 34 32 40 0 43
6 30 74 58 58 24 92 36 96 29 69 0 30
4 99 99 78 62 64 84 55 77 37 20 0 20
9 73 39 66 29 73 55 92 74 29 43 0 41
8 76 35 27 24 59 81 70 21 51 97 0 39
4 24 97 72 65 55 51 80 63 98 63 0 17
4 64 47 29 62 44 59 35 73 76 21 0 17
3 55 60 54 60 24 67 68 54 72 83 0 14
4 48 50 31 93 83 35 83 40 43 87 0 16
7 21 74 58 77 84 40 35 37 64 64 0 33
10 60 52 98 45 37 47 83 56 98 59 0 48
9 61 41 93 31 85 79 79 97 31 41 0 43
9 99 22 52 34 72 29 24 23 56 57 0 44
5 44 67 52 24 55 24 82 96 67 24 0 25
9 65 65 67 36 32 25 85 21 74 59 0 41
10 61 48 85 31 25 75 88 47 26 89 0 49
9 99 69 63 23 39 56 61 57 53 69 0 43
9 84 74 27 24 60 100 57 93 75 66 0 42
6 64 51 60 93 59 28 79 64 88 24 0 28
9 51 33 56 52 85 68 70 65 62 55 0 41
8 38 95 75 100 71 86 79 59 41 87 0 39
9 25 41 23 49 56 51 75 58 82 30 0 42
7 59 79 66 81 73 67 25 50 38 47 0 34
2 67 32 56 49 24 32 33 88 45 71 0 10
9 45 42 32 56 70 67 75 92 73 90 0 42
4 23 90 73 21 28 85 69 65 78 50 0 16
9 52 59 87 96 43 68 50 40 61 30 0 42
9 23 48 87 66 58 48 49 27 98 87 0 45
10 67 80 39 24 94 83 49 76 100 73 0 47
9 50 46 26 50 33 58 64 94 88 38 0 41
6 22 35 30 21 31 94 39 33 41 81 0 30
2 22 50 92 22 46 79 93 72 87 63 0 10
7 95 54 97 72 42 27 59 74 100 93 0 32
2 80 80 30 97 96 92 99 46 72 48 0 10
6 40 40 55 72 36 64 69 75 22 70 0 29
9 49 82 36 76 56 50 63 95 71 34 0 43
3 79 20 41 35 91 68 53 92 86 97 0 11
5 25 76 41 96 74 42 57 43 51 80 0 24
9 27 25 29 64 99 54 25 29 32 54 0 43
9 38 21 65 80 86 43 23 49 90 43 0 44
8 46 99 27 95 54 85 87 35 79 50 0 37
5 55 75 85 88 91 89 89 37 25 24 0 22
10 36 70 92 36 46 80 36 84 83 95 0 48
5 83 74 58 59 86 63 30 84 23 43 0 24
3 86 90 61 57 47 50 94 65 26 34 0 14
7 55 96 37 47 45 38 65 99 49 61 0 34
5 44 51 41 59 53 35 32 89 92 87 0 23
3 77 45 34 57 62 50 76 55 45 66 0 13
4 41 84 38 73 59 40 44 53 36 52 0 19
8 49 30 59 94 89 68 25 61 53 33 0 38
9 92 27 71 42 32 92 48 80 57 21 0 43
10 35 47 83 27 44 74 78 54 28 61 0 49
4 40 55 71 98 55 54 57 38 41 36 0 17
4 70 48 93 94 23 23 31 88 43 76 0 20
3 70 85 93 98 61 27 93 34 53 94 0 11
5 85 55 31 97 100 85 53 61 55 88 0 25
9 67 20 93 78 77 47 85 37 46 94 0 43
7 60 56 84 38 22 84 33 78 58 25 0 35
5 62 56 49 34 93 48 50 71 57 72 0 21
7 96 35 69 73 86 76 91 66 29 63 0 32
4 59 55 76 93 84 25 70 87 20 79 0 19
9 28 29 33 27 74 99 21 87 100 73 0 43
4 68 30 71 73 62 88 92 58 100 96 0 18
5 48 33 90 36 93 73 73 84 95 37 0 24
6 43 24 32 48 73 78 25 73 35 95 0 30
10 41 55 66 26 97 26 82 37 73 58 0 48
6 75 61 65 45 95 67 32 82 94 42 0 26
10 42 27 62 90 53 45 70 21 71 54 0 47
5 98 95 100 88 36 25 75 85 22 95 0 21
6 22 39 33 62 63 22 63 35 35 49 0 29
8 99 66 94 95 76 38 29 53 90 78 0 36
4 27 62 89 94 24 34 63 59 50 48 0 18
3 60 76 87 54 76 55 80 79 73 55 0 11
9 58 26 26 58 76 33 61 71 48 37 0 41
3 77 35 97 79 44 76 98 60 42 79 0 12
10 97 60 45 53 87 40 25 89 46 31 0 50
6 65 91 93 48 28 62 40 77 44 80 0 30
10 35 56 47 64 55 63 56 70 97 27 0 48
5 39 79 98 46 59 44 73 52 23 72 0 24
7 58 96 27 51 74 68 59 58 92 82 0 33
4 55 100 59 55 47 98 52 68 87 57 0 17
3 94 50 36 41 22 81 71 67 22 22 0 13
9 58 54 45 85 47 87 30 79 32 84 0 43
5 73 34 64 59 46 87 79 47 31 46 0 22
5 85 97 80 72 58 24 55 64 26 33 0 23
8 31 49 51 27 25 73 100 80 99 49 0 38
6 86 89 91 21 45 32 49 56 90 49 0 30
8 39 96 60 66 81 41 33 34 55 45 0 39
4 40 93 90 78 99 24 21 96 82 27 0 16
3 97 24 54 58 49 76 47 79 55 78 0 12
9 50 38 22 21 62 66 94 74 91 50 0 45
4 26 31 23 75 36 60 88 44 62 93 0 19
7 47 24 20 81 71 46 50 35 89 23 0 35
7 26 66 67 24 65 47 68 56 67 71 0 31
10 28 25 75 40 27 41 75 70 83 43 0 48
10 93 99 63 62 96 80 68 68 64 96 0 47
6 66 33 47 33 35 68 98 84 90 68 0 29
5 89 35 87 45 39 63 29 60 54 52 0 22
3 98 61 55 33 21 56 57 96 58 49 0 13
9 51 61 75 37 71 44 63 73 43 95 0 43
7 47 23 37 25 90 100 48 38 88 46 0 34
10 84 32 90 33 87 30 61 78 69 50 0 50
6 84 31 35 52 93 51 38 50 71 45 0 30
8 31 68 99 45 80 84 94 41 69 58 0 37
7 48 21 76 67 64 47 87 59 41 53 0 35
6 55 40 31 25 95 55 66 29 32 66 0 30
5 20 61 95 61 83 58 76 70 62 25 0 23
4 23 95 50 31 75 50 58 83 89 28 0 20
4 31 54 38 48 62 72 87 82 81 61 0 18
4 43 30 48 34 34 87 93 61 75 40 0 17
8 20 40 75 52 54 26 59 73 71 77 0 40
4 23 96 22 27 56 36 58 52 78 57 0 17
8 78 71 65 44 31 98 42 76 30 25 0 36
6 27 93 69 96 98 32 73 89 68 26 0 26
8 99 45 42 79 59 56 62 87 75 26 0 39
7 23 70 84 82 35 31 73 83 44 78 0 34
4 86 25 83 43 64 23 37 51 87 24 0 16
9 65 39 57 25 96 80 80 77 35 55 0 41
10 88 60 42 54 99 78 37 79 87 55 0 46
10 77 91 60 60 42 41 34 86 36 59 0 47
10 39 96 86 45 23 66 55 66 25 57 0 49
8 35 67 60 62 49 73 36 50 66 25 0 36
7 77 88 94 39 56 44 32 83 78 73 0 31
10 25 60 48 74 57 66 36 59 43 20 0 47
4 36 55 24 79 48 67 93 58 90 44 0 19
3 72 84 61 26 82 31 80 89 53 47 0 12
10 73 34 54 74 55 64 93 56 76 49 0 49
4 82 52 95 73 100 60 82 89 64 47 0 17
5 60 90 41 88 33 82 93 82 95 82 0 24
3 81 72 47 67 46 74 90 20 26 41 0 13
8 74 77 75 99 29 48 40 86 25 21 0 36
10 33 30 92 84 93 52 67 23 70 80 0 46
4 99 100 26 90 72 31 99 76 57 23 0 17
10 50 91 26 84 53 22 50 62 32 84 0 50
5 28 89 97 74 74 50 48 67 66 66 0 24
5 80 31 33 28 40 79 81 64 70 97 0 22
5 90 95 90 73 63 49 68 31 74 59 0 22
10 21 95 68 73 67 73 99 54 53 52 0 47
7 39 73 95 22 41 38 84 74 66 87 0 34
6 100 96 86 63 39 35 24 81 50 84 0 26
7 97 43 74 98 84 96 81 43 50 23 0 33
6 75 33 62 28 61 97 23 71 36 62 0 30
7 63 61 87 76 40 53 83 66 23 52 0 32
6 59 49 23 58 85 92 20 61 52 42 0 26
9 42 48 46 74 79 100 68 92 98 30 0 45
4 72 26 79 79 64 46 77 87 25 31 0 17
4 79 83 87 35 85 41 86 99 68 50 0 20
3 47 84 76 34 89 69 74 36 28 40 0 12
6 89 60 72 74 36 63 41 57 50 79 0 29
10 78 42 26 55 67 71 69 93 65 52 0 50
3 94 64 79 49 89 100 61 90 28 25 0 11
9 49 46 40 20 60 98 95 86 88 79 0 44
3 49 80 98 26 36 82 94 21 28 67 0 14
7 24 75 40 58 92 94 67 90 80 87 0 35
7 44 21 51 74 81 44 61 85 30 56 0 33
3 30 39 25 31 98 59 61 35 52 72 0 14
7 61 65 62 44 54 80 35 24 44 83 0 32
7 84 81 46 72 38 56 25 61 71 45 0 34
5 97 55 39 80 50 61 76 34 99 49 0 24
3 24 91 60 79 70 78 89 55 73 76 0 13
10 53 33 44 47 77 22 72 40 76 78 0 48
3 40 53 90 64 43 88 32 92 50 97 0 13
2 79 80 40 99 49 64 36 62 87 52 0 10
3 93 79 24 72 28 75 47 96 73 53 0 14
4 69 68 94 23 31 66 73 37 36 39 0 18
5 84 76 43 69 22 88 60 95 55 31 0 22
8 68 28 50 54 45 58 85 89 77 97 0 40
3 93 94 98 38 93 59 82 28 50 22 0 12
6 63 46 29 78 55 24 80 40 63 92 0 29
3 85 90 65 80 57 76 90 53 86 25 0 11
4 77 30 86 42 26 99 75 82 60 94 0 20
6 90 26 95 100 67 68 65 75 48 100 0 28
4 93 47 50 63 27 95 59 92 64 97 0 18
4 24 68 26 56 55 52 55 61 75 51 0 17
4 90 20 24 66 56 67 46 69 26 78 0 16
3 99 58 24 35 73 76 77 37 35 39 0 14
8 52 100 34 68 48 95 85 70 35 80 0 37
4 62 34 71 90 21 24 62 57 24 49 0 19
3 99 42 32 71 57 37 41 52 58 49 0 11
5 97 77 78 90 92 93 58 84 68 89 0 24
5 31 47 75 81 100 27 23 39 40 37 0 25
6 71 29 94 57 51 63 60 70 58 36 0 26
6 92 47 41 38 68 20 61 99 27 62 0 26
10 67 57 24 76 45 60 40 34 88 31 0 50
4 35 99 35 88 39 53 50 28 92 34 0 16
10 92 49 93 94 93 37 39 55 93 78 0 50
7 86 43 37 77 51 98 37 61 78 72 0 32
4 47 32 25 93 99 85 94 61 75 62 0 17
3 43 97 21 89 44 77 86 57 45 63 0 14
4 71 79 22 44 90 31 47 22 75 40 0 16
9 100 46 90 84 86 96 62 59 80 95 0 43
8 61 40 62 93 30 27 50 88 100 47 0 39
5 99 70 77 84 81 22 97 75 71 43 0 21
8 56 48 61 95 49 96 73 68 42 34 0 37
4 28 94 28 26 47 70 40 59 91 26 0 18
8 21 89 55 78 53 30 30 80 59 87 0 36
10 68 67 65 48 34 55 84 75 67 82 0 48
3 99 56 67 35 79 64 40 29 38 75 0 14
5 86 47 22 82 52 80 75 58 63 45 0 24
5 35 90 38 94 33 92 58 29 20 97 0 22
4 63 41 27 31 53 95 30 95 28 91 0 16
10 42 56 44 83 77 63 65 88 36 64 0 48
6 59 96 60 43 55 51 79 93 32 33 0 27
3 31 21 54 60 91 67 100 58 34 25 0 14
10 27 61 72 60 41 75 98 94 48 22 0 49
3 55 68 60 36 91 38 74 82 23 63 0 14
7 37 44 64 83 81 27 79 87 73 91 0 33
9 81 36 70 98 32 29 82 60 70 98 0 41
5 64 58 52 77 60 74 94 92 38 20 0 25
5 61 94 64 25 54 94 89 93 96 26 0 23
10 57 57 81 62 74 32 33 41 88 77 0 50
8 99 60 96 24 38 90 45 32 100 23 0 38
5 60 78 44 72 22 69 22 70 26 81 0 24
3 92 51 93 40 33 95 67 47 92 93 0 12
9 68 49 68 65 87 81 79 20 43 51 0 45
4 91 100 95 51 31 63 27 49 43 55 0 17
10 68 31 64 51 38 70 46 96 43 67 0 48
7 57 98 40 77 52 44 57 61 69 48 0 34
9 94 45 28 59 43 90 44 97 25 84 0 43
3 81 56 59 25 22 72 53 79 70 28 0 15
6 36 99 72 33 94 33 73 38 35 78 0 30
8 31 39 64 77 83 73 46 59 93 26 0 36
9 48 51 82 25 42 60 84 46 95 58 0 41
5 87 49 38 23 32 77 85 45 57 100 0 25
7 21 89 35 73 100 86 50 49 27 60 0 32
2 44 97 99 23 38 87 21 87 33 48 0 10
4 53 80 66 86 81 59 59 45 23 90 0 20
7 24 48 77 97 86 94 81 82 65 83 0 35
7 68 81 45 50 93 55 44 35 100 78 0 31
6 81 83 44 36 57 64 78 28 60 24 0 27
10 59 50 71 40 48 94 77 55 67 76 0 46
9 72 28 91 51 82 42 32 98 32 60 0 44
10 43 85 100 48 99 52 77 70 99 46 0 49
6 76 93 43 59 84 59 27 58 53 44 0 26
9 92 49 65 58 75 54 78 76 95 93 0 42
6 87 45 86 83 93 37 22 46 45 77 0 26
8 35 35 48 75 51 88 40 97 80 48 0 39
3 49 23 56 29 88 89 81 44 96 96 0 14
8 91 47 78 64 87 92 89 34 45 61 0 38
3 76 64 49 66 20 56 66 85 61 50 0 15
7 43 66 66 47 67 22 52 79 89 36 0 32
10 56 98 60 27 62 58 49 45 21 93 0 47
6 97 67 85 44 27 97 80 93 85 78 0 29
4 41 32 75 58 92 53 80 77 39 90 0 16
7 25 90 37 93 63 83 53 97 67 94 0 34
2 95 68 49 32 54 88 28 47 74 37 0 10
7 43 39 62 99 47 34 69 66 91 100 0 32
7 82 68 81 61 85 23 29 24 33 25 0 35
4 50 99 59 27 96 96 64 22 74 27 0 20
3 33 44 32 80 83 41 91 77 82 32 0 12
3 89 53 79 77 43 66 72 60 44 54 0 12
9 88 82 30 75 91 88 71 97 95 98 0 45
9 35 83 59 36 41 82 37 26 69 40 0 44
7 78 97 26 68 24 27 65 66 33 34 0 32
6 23 47 63 90 30 58 99 83 50 42 0 29
6 33 23 25 37 70 36 27 32 43 66 0 30
10 49 71 20 37 43 44 89 41 49 31 0 50
7 62 28 53 23 96 22 96 75 80 75 0 31
4 39 57 71 71 54 84 34 38 100 33 0 20
7 67 98 67 81 46 39 35 45 88 60 0 34
5 78 83 26 38 57 84 34 25 54 86 0 22
9 98 75 49 73 65 27 28 46 31 52 0 44
10 31 36 39 25 86 50 34 78 40 59 0 47
6 54 46 93 75 29 96 71 71 34 87 0 27
8 64 88 84 95 78 53 99 37 73 26 0 36
8 53 55 46 56 61 77 93 27 42 59 0 36
3 55 98 52 58 23 35 47 53 37 78 0 11
10 43 38 95 32 32 68 94 52 45 21 0 47
5 47 94 22 64 90 51 87 31 89 75 0 22
10 30 30 96 95 65 41 56 99 76 100 0 48
4 70 82 23 52 86 43 59 94 48 27 0 17
7 76 40 100 29 39 88 67 73 53 85 0 35
6 24 99 32 37 76 84 54 96 48 62 0 27
4 36 86 72 34 93 51 78 59 52 51 0 17
10 76 35 31 82 26 42 89 81 78 53 0 48
2 56 56 72 39 68 68 52 67 69 32 0 10
8 24 55 78 30 38 55 39 69 81 77 0 40
4 79 43 56 99 65 70 91 71 73 88 0 19
8 95 60 60 47 56 61 99 70 60 59 0 37
9 25 53 61 88 98 27 36 68 86 42 0 43
7 20 57 98 77 72 48 21 41 81 44 0 35
10 45 52 60 94 80 95 89 100 73 69 0 49
7 68 37 58 30 62 71 86 62 91 84 0 32
5 76 48 69 56 49 27 100 47 78 88 0 24
7 59 54 35 35 72 55 32 74 22 35 0 31
5 50 30 100 51 57 57 33 54 54 31 0 25
5 61 69 83 70 45 43 26 77 40 52 0 24
10 63 74 21 35 20 27 25 62 77 87 0 46
9 31 67 93 49 22 68 95 50 90 30 0 44
6 76 68 98 34 23 89 58 62 100 47 0 29
5 75 41 37 51 54 93 97 24 31 42 0 22
8 46 84 44 26 89 74 34 38 30 86 0 40
8 86 32 64 95 59 86 63 83 83 52 0 40
3 47 84 71 55 21 45 96 33 26 77 0 13
3 38 100 69 88 35 93 93 49 37 80 0 11
8 67 32 51 55 45 52 28 49 85 48 0 36
3 78 37 58 32 88 32 28 56 25 50 0 11
3 77 43 85 44 85 81 92 52 35 51 0 13
9 48 48 81 90 88 25 92 76 40 96 0 43
5 65 77 100 41 34 26 87 42 73 37 0 25
6 28 96 26 47 66 44 45 50 63 86 0 29
3 90 26 52 79 32 72 53 25 85 85 0 11
5 59 34 83 65 22 42 88 69 49 81 0 25
8 75 56 23 61 96 99 56 22 74 93 0 39
4 72 58 58 90 69 26 94 79 75 90 0 17
7 84 31 26 33 21 59 96 48 40 50 0 34
4 42 33 72 47 97 45 23 34 86 87 0 17
7 36 48 64 56 49 32 57 22 66 68 0 31
4 33 43 98 95 80 81 20 98 37 52 0 19
3 41 39 63 61 24 46 27 84 92 34 0 12
10 90 36 42 46 62 21 32 77 26 51 0 46
3 29 100 23 29 34 60 94 32 45 35 0 15
10 74 23 50 61 43 85 78 48 94 88 0 50
7 58 63 54 76 53 36 78 25 85 22 0 31
6 89 36 88 55 71 82 98 37 24 32 0 30
9 45 21 30 70 69 33 34 47 35 40 0 43
6 73 30 61 79 25 45 27 30 60 82 0 26
9 92 42 76 85 53 58 43 63 49 57 0 41
9 90 40 40 69 31 88 84 55 74 49 0 41
3 70 22 58 91 27 35 57 60 57 93 0 11
7 47 56 89 23 50 84 58 59 63 56 0 34
2 45 70 51 35 61 59 51 35 49 74 0 10
6 65 60 43 56 100 81 52 99 23 86 0 28
7 97 68 69 51 84 51 38 21 68 82 0 32
5 31 77 43 32 59 56 69 30 69 29 0 24
9 39 24 97 76 48 45 72 39 51 30 0 41
4 83 23 20 28 99 78 81 54 45 66 0 16
6 41 71 91 50 46 45 75 24 86 35 0 27
3 87 45 32 43 68 50 92 84 86 23 0 13
9 69 37 93 41 72 60 34 73 29 34 0 43
9 58 22 21 29 34 46 45 40 26 95 0 41
8 51 85 81 58 20 52 33 39 97 61 0 37
8 86 66 43 64 21 65 72 46 42 49 0 40
3 70 82 50 65 51 88 75 73 92 35 0 14
7 80 99 58 55 28 65 39 43 33 83 0 31
10 41 96 52 39 42 98 39 20 71 79 0 48
3 56 60 81 60 93 58 22 80 45 22 0 11
7 88 99 94 72 34 80 62 63 48 58 0 31
3 63 100 67 40 31 66 69 31 58 23 0 15
8 35 25 44 64 64 85 47 32 46 31 0 39
9 86 97 36 80 78 42 65 83 62 74 0 41
4 58 92 85 66 61 36 53 94 86 93 0 20
9 25 64 79 25 33 21 99 96 72 85 0 43
6 68 69 58 25 85 56 69 77 63 35 0 29
7 54 41 35 84 34 51 41 80 99 48 0 34
7 89 79 48 69 65 96 34 89 74 87 0 33
9 46 47 79 46 94 49 30 67 26 85 0 42
9 36 93 82 77 55 30 25 77 93 53 0 43
5 46 71 40 43 73 25 33 32 83 25 0 25
7 65 99 35 99 43 41 36 81 88 76 0 34
3 31 69 66 95 29 35 63 60 100 29 0 11
6 92 85 95 100 72 41 99 83 63 55 0 26
3 49 32 62 37 91 34 35 47 40 39 0 13
9 94 31 81 30 23 44 55 86 40 85 0 41
10 32 70 23 83 28 71 67 35 100 99 0 46
8 95 85 77 95 97 77 57 21 52 58 0 37
6 77 48 35 35 66 28 70 89 66 31 0 29
8 100 22 23 55 53 56 43 85 90 89 0 40
6 67 99 74 52 60 79 59 89 100 39 0 28
7 59 35 59 32 72 100 72 52 66 23 0 31
4 30 96 51 56 64 100 49 65 59 97 0 17
9 21 20 51 65 63 35 24 51 39 68 0 45
5 55 64 55 98 44 34 52 28 53 51 0 23
6 56 68 48 68 97 87 37 84 27 97 0 30
4 79 68 92 34 74 57 62 88 86 38 0 17
5 77 58 52 77 28 33 24 67 54 41 0 21
8 56 27 64 35 64 34 37 37 60 66 0 36
5 51 93 62 72 76 37 88 80 89 45 0 24
6 84 25 82 84 54 91 66 98 22 39 0 30
3 99 26 71 94 55 74 65 82 62 40 0 11
7 45 43 95 56 51 72 39 61 91 91 0 35
7 54 100 44 30 37 26 77 27 32 57 0 32
6 23 97 25 87 55 28 34 87 72 76 0 29
3 42 68 40 49 60 49 60 61 73 67 0 11
10 31 38 93 23 39 91 33 46 64 45 0 48
2 47 61 75 91 86 61 54 68 82 40 0 10
4 81 27 34 82 38 20 37 23 85 77 0 19
10 36 50 85 74 40 59 85 66 22 58 0 49
9 50 70 34 57 82 52 94 90 68 92 0 44
10 28 28 65 38 92 30 53 58 81 56 0 47
3 43 51 94 88 37 48 94 36 82 58 0 13
4 94 30 84 95 72 80 30 38 53 40 0 16
7 51 45 23 88 35 84 34 56 81 48 0 35
9 41 21 85 21 85 58 92 68 97 90 0 43
4 99 72 84 92 80 96 24 95 56 34 0 18
3 32 50 59 31 37 25 32 97 98 80 0 13
10 52 37 96 94 75 32 92 100 40 43 0 50
7 55 97 74 76 24 40 29 72 46 39 0 32
10 65 34 81 29 74 34 30 80 30 30 0 50
3 71 81 61 25 72 74 95 53 87 52 0 15
4 88 94 40 39 67 25 31 88 22 32 0 18
8 26 20 64 83 39 46 90 53 71 77 0 40
7 61 58 46 26 61 61 67 42 77 94 0 35
6 71 93 32 21 39 69 75 80 92 40 0 30
8 47 84 36 94 42 84 29 63 77 61 0 36
2 99 47 39 83 65 34 29 84 61 27 0 10
6 69 86 35 60 45 84 57 31 90 66 0 28
3 38 74 73 43 66 25 49 89 65 76 0 12
4 23 100 89 62 50 43 97 32 94 85 0 16
4 49 38 99 23 82 52 57 91 69 27 0 19
10 81 23 35 91 73 69 91 97 22 50 0 47
6 97 93 33 43 85 89 26 97 64 84 0 27
7 80 38 80 68 70 42 63 32 89 55 0 35
8 21 38 46 52 100 59 73 60 47 63 0 37
10 94 46 44 63 62 78 73 82 34 82 0 49
8 94 83 23 96 42 42 99 22 84 30 0 38
7 95 41 68 89 21 78 84 62 76 76 0 31
9 30 74 38 67 39 47 34 29 91 33 0 45
4 98 63 58 33 67 41 59 84 72 52 0 19
8 30 66 31 48 37 48 51 52 20 91 0 38
6 21 30 92 21 41 62 42 72 51 70 0 29
6 77 51 45 94 64 75 86 78 100 60 0 28
8 31 36 46 93 61 93 40 33 70 27 0 36
10 26 61 67 50 93 74 20 58 34 74 0 49
7 26 54 67 28 53 83 87 66 70 98 0 33
3 57 82 79 57 31 82 68 54 37 27 0 15
2 63 35 66 74 48 68 79 84 67 44 0 10
9 100 46 78 72 89 51 74 98 88 55 0 44
6 69 91 96 27 82 86 29 82 58 23 0 27
3 93 84 63 53 67 54 93 70 33 66 0 13
7 61 37 95 40 80 64 76 75 46 63 0 31
8 27 20 57 95 43 58 86 57 45 70 0 36
10 20 33 22 87 87 91 83 80 85 23 0 47
10 63 51 39 80 89 23 82 67 29 79 0 48
3 60 87 54 100 49 49 34 66 91 71 0 11
6 34 56 58 31 57 33 32 93 29 94 0 29
9 61 24 82 73 51 44 91 69 95 46 0 41
7 66 22 45 95 41 69 40 56 59 59 0 31
5 31 42 23 37 80 32 58 66 57 37 0 22
8 21 59 56 87 27 28 84 61 46 67 0 38
9 93 71 93 41 48 58 97 22 85 68 0 41
6 76 43 96 89 39 25 53 90 94 61 0 29
3 44 79 70 90 83 49 91 42 41 82 0 12
5 91 50 56 49 28 70 80 73 37 57 0 22
9 57 48 42 31 30 54 71 27 75 63 0 43
3 48 42 63 50 92 60 96 94 100 65 0 13
9 68 46 70 77 71 57 55 35 92 35 0 41
6 34 58 44 37 75 27 98 28 34 74 0 30
7 30 78 85 62 37 68 66 41 73 69 0 32
3 80 67 100 40 48 70 82 93 38 99 0 13
6 90 29 54 54 48 73 50 21 22 35 0 28
8 65 50 33 43 75 92 29 63 49 33 0 36
3 20 68 74 30 46 49 64 52 62 37 0 15
4 43 52 60 44 87 54 73 69 52 38 0 19
5 60 48 70 22 79 67 77 34 31 22 0 24
8 31 52 43 93 90 84 76 42 75 24 0 36
3 84 88 80 23 51 73 65 92 96 33 0 11
6 41 44 68 38 97 64 48 78 57 72 0 28
4 46 29 99 76 99 33 71 48 60 26 0 20
6 63 71 25 36 66 94 28 72 37 42 0 26
10 58 96 38 29 35 70 78 42 76 70 0 49
8 45 83 46 73 45 63 45 59 86 99 0 40
8 44 27 73 37 62 68 51 63 45 53 0 39
5 28 98 44 84 89 61 47 84 43 28 0 25
5 94 68 59 89 41 46 88 74 64 33 0 24
9 97 68 55 60 88 40 76 27 63 52 0 42
4 72 79 78 35 57 63 79 75 50 97 0 19
3 99 49 54 75 27 79 28 91 96 25 0 11
7 30 21 30 20 45 67 35 63 86 71 0 34
9 93 79 57 36 75 60 91 95 66 49 0 44
8 78 49 67 82 55 56 91 54 89 88 0 38
7 23 48 27 23 46 97 77 63 20 34 0 34
5 34 78 89 84 66 61 73 68 49 91 0 25
8 37 28 29 23 37 93 58 74 53 77 0 39
4 63 94 93 44 93 33 68 41 75 93 0 20
8 79 70 25 28 58 47 48 64 92 44 0 38
7 56 85 53 52 32 44 76 84 37 74 0 32
4 50 56 94 94 72 79 74 45 85 98 0 18
3 24 82 75 90 67 32 35 64 43 78 0 15
8 100 57 98 22 99 53 62 64 75 84 0 39
10 79 70 74 83 37 63 59 55 84 97 0 47
10 81 98 72 28 72 47 34 40 53 94 0 46
6 94 69 25 74 83 73 69 67 74 75 0 26
4 29 57 89 45 84 42 35 49 52 52 0 19
5 39 38 30 56 28 32 52 23 70 86 0 21
3 98 94 48 90 79 65 72 40 28 98 0 13
3 42 56 78 52 50 54 31 91 64 90 0 13
7 86 97 90 27 92 49 92 78 95 61 0 32
8 85 43 90 58 38 59 98 41 39 35 0 37
10 52 26 90 99 21 71 92 41 86 49 0 47
4 49 72 87 82 47 30 67 67 47 97 0 17
5 56 61 63 42 63 43 21 79 30 45 0 21
7 99 86 64 86 80 41 81 52 90 36 0 35
3 40 87 21 36 24 25 31 60 36 73 0 11
9 71 46 52 30 96 22 55 97 64 72 0 44
4 66 79 62 37 90 58 43 90 87 21 0 20
8 62 68 42 74 74 41 23 27 60 91 0 40
3 100 24 34 94 84 47 54 35 99 75 0 13
8 61 28 22 100 60 29 61 96 51 39 0 40
7 78 30 69 92 26 49 100 36 64 58 0 34
4 86 67 80 31 57 93 63 22 51 23 0 20
4 96 69 94 42 78 94 28 63 86 38 0 18
3 72 50 27 99 53 26 59 74 34 48 0 11
3 96 43 84 51 74 52 36 99 62 53 0 11
9 45 70 88 80 95 91 57 43 71 80 0 44
4 32 21 52 25 43 27 84 77 61 95 0 16
7 28 39 83 46 79 27 60 58 31 63 0 32
9 51 65 95 70 93 55 82 43 97 69 0 45
7 92 88 83 37 97 35 79 91 55 50 0 34
3 73 76 73 91 44 71 96 90 58 44 0 12
6 82 75 57 32 30 28 43 47 68 23 0 26
7 41 34 57 90 41 37 59 21 43 69 0 35
3 95 25 63 57 100 44 33 63 86 23 0 11
3 79 96 69 79 49 78 52 64 64 35 0 15
10 78 21 36 91 50 26 97 74 65 54 0 49
7 99 62 41 89 91 78 74 48 81 71 0 33
4 79 88 73 74 56 44 65 22 93 66 0 19
4 27 67 88 83 48 78 32 93 43 79 0 20
10 95 68 50 50 59 69 56 51 83 97 0 47
4 50 21 33 61 27 66 60 99 57 81 0 19
4 77 38 98 99 85 57 79 70 59 43 0 17
6 100 78 47 59 91 36 35 49 77 81 0 27
8 33 37 68 64 82 52 100 29 69 60 0 36
10 79 85 53 88 67 90 65 39 52 75 0 47
5 30 82 29 80 63 31 83 69 74 97 0 22
7 93 37 73 22 36 92 24 26 23 23 0 34
4 47 81 73 84 39 75 77 90 50 76 0 20
2 97 24 47 21 58 32 83 93 72 32 0 10
3 55 64 28 90 29 73 38 55 97 79 0 11
6 98 23 92 40 88 68 51 90 57 32 0 26
10 35 55 78 76 62 54 88 32 64 75 0 46
5 25 21 31 82 50 80 76 63 86 91 0 21
7 68 84 35 88 75 63 44 44 37 81 0 31
5 83 86 84 89 24 73 95 46 35 78 0 24
3 93 80 64 68 37 32 90 62 75 61 0 14
5 85 80 67 33 42 95 53 84 38 83 0 21
5 38 26 44 65 62 83 82 63 59 98 0 24
9 33 31 87 34 51 58 65 94 58 69 0 45
9 99 91 24 32 53 52 93 31 41 50 0 42
7 51 48 30 80 79 95 61 30 30 23 0 34
6 92 81 48 23 97 79 49 81 52 92 0 30
4 76 67 34 67 41 86 36 30 49 99 0 18
10 54 89 70 61 26 39 73 90 49 82 0 50
10 31 66 78 91 24 41 33 28 29 96 0 48
4 90 26 56 83 32 82 34 22 59 94 0 19
7 47 45 49 67 48 31 58 82 92 73 0 35
9 38 30 63 41 29 97 66 68 37 68 0 45
3 57 57 44 55 53 95 55 47 27 73 0 15
10 70 62 76 75 94 81 96 24 46 23 0 48
3 39 66 22 37 27 77 62 41 82 41 0 12
3 43 30 85 90 21 88 42 96 32 85 0 12
8 62 100 78 49 81 66 88 26 57 33 0 40
7 32 62 58 44 89 45 88 26 95 29 0 35
4 55 83 97 91 81 21 53 23 55 27 0 16
3 76 36 80 24 83 86 57 29 68 21 0 12
2 24 22 56 75 28 32 51 95 62 24 0 10
9 66 71 94 34 40 44 80 40 47 97 0 44
9 41 24 87 32 47 46 99 59 97 90 0 45
10 24 63 88 21 39 55 65 35 54 62 0 50
8 79 52 70 39 23 91 25 79 36 69 0 39
9 73 67 56 61 45 82 38 22 58 58 0 44
6 42 47 57 69 97 79 91 42 68 80 0 30
4 69 98 48 20 23 36 50 23 97 93 0 19
9 68 79 65 70 33 92 36 72 63 55 0 41
10 85 83 34 22 63 32 69 74 59 77 0 48
8 91 38 62 38 48 84 27 44 57 57 0 39
3 29 84 96 73 48 65 94 42 40 56 0 11
7 58 68 82 94 100 47 79 93 58 46 0 35
7 43 44 63 67 27 58 29 23 32 49 0 33
4 75 36 82 44 93 35 80 94 53 80 0 18
8 25 24 97 23 57 27 20 35 23 30 0 39
7 58 48 36 23 49 22 94 50 77 81 0 32
5 24 42 43 87 87 85 57 23 25 85 0 21
8 93 86 89 77 74 67 96 52 34 51 0 36
3 72 49 76 75 84 60 37 58 41 82 0 11
8 26 85 83 37 32 41 30 51 64 71 0 38
8 76 38 69 76 76 88 52 27 36 40 0 37
5 91 57 98 80 23 63 60 65 56 82 0 24
6 54 74 24 46 33 91 57 56 61 39 0 28
3 39 94 49 41 42 45 21 31 51 50 0 13
4 70 45 22 37 99 51 75 49 57 37 0 20
4 77 66 80 50 47 72 97 42 49 73 0 16
7 85 48 45 67 95 45 87 70 98 100 0 31
8 51 43 58 90 71 92 64 29 46 68 0 37
10 22 43 74 39 65 87 62 48 86 47 0 50
8 91 75 46 46 30 73 52 66 29 35 0 36
6 97 51 62 34 93 92 48 99 56 31 0 29
9 86 37 80 97 74 42 76 53 22 100 0 42
3 35 85 22 31 37 63 63 50 24 37 0 14
3 59 29 66 46 27 58 28 51 100 96 0 15
6 97 41 89 56 57 53 28 24 78 89 0 29
8 100 26 43 55 32 98 56 97 81 72 0 39
8 90 96 85 52 44 45 43 33 55 36 0 37
9 54 55 39 87 42 23 35 82 33 89 0 41
10 71 99 43 94 80 99 94 43 22 96 0 46
10 56 73 28 75 29 32 53 54 73 89 0 49
9 51 42 69 82 89 62 30 90 82 62 0 43
4 48 43 35 47 31 86 69 29 97 69 0 16
3 34 68 65 64 53 90 76 33 59 49 0 11
5 25 31 97 60 96 30 89 33 23 99 0 25
10 44 74 88 38 69 57 84 64 35 88 0 48
10 68 81 85 27 48 96 67 91 76 85 0 50
9 96 97 82 42 86 26 82 48 35 48 0 44
9 40 33 54 82 84 34 48 49 56 84 0 45
8 92 54 20 21 95 68 77 40 81 58 0 36
6 35 91 35 63 61 28 63 31 99 72 0 28
10 71 69 80 91 28 75 85 83 83 22 0 50
4 55 56 88 98 62 71 84 84 25 52 0 20
5 75 87 37 44 45 60 87 37 48 66 0 22
8 99 78 35 61 36 91 41 37 68 30 0 39
6 81 34 83 31 58 23 46 75 46 90 0 27
2 77 53 92 81 100 52 30 77 77 77 0 10
5 37 62 51 52 34 73 67 88 51 78 0 25
3 47 90 95 71 96 76 64 60 22 99 0 11
2 29 83 79 36 42 68 22 98 72 91 0 10
8 96 32 69 29 79 68 43 72 20 91 0 38
3 77 79 100 27 30 91 30 38 53 39 0 12
10 36 100 32 38 78 73 37 68 34 25 0 48
3 76 87 37 41 72 45 99 54 58 72 0 14
7 30 69 90 68 45 97 41 30 71 63 0 31
2 36 48 23 88 56 76 58 67 82 99 0 10
8 74 85 68 82 36 25 74 72 49 95 0 37
2 91 74 53 36 29 75 25 52 88 81 0 10
9 44 22 66 22 80 93 21 55 48 59 0 45
10 43 78 48 83 26 31 76 21 81 45 0 47
5 99 22 57 59 65 65 31 35 94 63 0 25
5 44 43 24 44 94 30 84 67 44 97 0 25
9 28 30 86 28 68 97 84 82 43 26 0 42
3 85 23 76 56 59 85 38 98 24 28 0 12
7 57 81 47 81 71 31 69 44 90 62 0 33
4 47 89 61 55 27 80 54 76 97 82 0 20
6 77 63 43 47 63 88 80 98 30 62 0 28
5 36 79 81 37 26 22 68 67 79 90 0 22
5 33 25 42 28 89 93 51 37 34 29 0 24
3 100 32 70 64 35 20 69 62 35 51 0 11
5 66 76 74 96 27 82 46 23 33 26 0 25
8 21 81 83 70 79 88 87 71 27 49 0 36
6 95 65 82 43 74 99 42 90 53 20 0 28
10 89 100 85 83 32 74 37 42 40 92 0 48
8 21 41 50 52 80 56 34 92 75 81 0 38
6 91 76 27 63 88 89 74 45 26 71 0 30
9 76 38 100 87 54 64 29 34 43 63 0 42
3 53 46 41 54 100 69 59 29 23 70 0 11
6 76 25 83 72 21 26 20 52 85 89 0 27
6 38 36 25 36 27 49 93 25 60 50 0 26
6 60 25 46 71 43 65 71 74 24 79 0 27
3 37 44 30 99 21 44 39 32 25 51 0 15
5 98 24 94 29 38 24 93 79 50 85 0 25
6 82 31 51 66 79 22 36 39 61 91 0 26
9 44 23 97 98 63 39 65 54 70 90 0 43
4 40 60 23 76 38 38 95 74 63 73 0 19
3 28 40 71 40 72 86 38 35 94 56 0 14
8 92 87 24 35 84 49 56 95 45 71 0 37
4 80 58 60 50 25 74 80 77 39 61 0 19
7 85 43 25 80 91 33 95 100 74 49 0 31
9 37 45 32 27 58 78 80 94 91 29 0 43
9 60 65 49 57 28 48 26 31 71 49 0 42
8 44 43 58 66 82 34 85 40 94 55 0 39
3 91 62 22 41 72 22 43 22 77 44 0 11
10 27 38 82 47 56 53 94 52 74 87 0 49
10 33 65 31 35 71 69 86 27 65 45 0 50
6 57 83 60 83 45 48 29 27 36 82 0 26
10 25 52 71 45 45 39 42 83 31 73 0 49
7 48 65 85 39 40 38 62 75 90 65 0 34
2 52 87 20 59 93 41 88 65 87 58 0 10
3 42 77 68 28 40 66 95 53 97 85 0 14
88 136 92 89 136 103 91 77 75 113
117 129 153 167 198 219 228 242 267 282
103 126 145 180 183 202 228 253 275 290
112 134 146 173 195 205 237 246 278 287
120 127 158 163 195 217 234 252 277 285
106 122 158 175 180 207 222 260 273 287
101 121 159 167 200 205 239 242 278 290
112 139 151 167 188 210 221 256 262 286
118 140 152 168 194 214 220 248 272 297
120 120 158 177 194 213 237 245 276 296
106 137 157 161 185 210 232 244 272 289
113 129 148 175 192 211 236 251 272 298
119 127 148 162 188 204 237 256 275 289
109 125 151 160 190 220 228 249 277 281
107 125 140 160 190 217 220 240 260 288
104 129 141 164 186 208 225 241 278 290
100 136 151 160 184 220 224 259 279 285
108 127 148 166 186 205 239 240 269 299
114 130 143 178 183 208 223 243 262 293
109 125 158 174 193 205 239 245 271 297
120 136 156 161 187 203 235 240 269 292
105 123 159 161 197 218 221 243 267 296
120 126 153 164 190 212 232 244 277 291
107 126 147 176 200 213 239 248 264 281
118 123 158 165 190 203 237 259 272 287
105 134 143 168 193 202 237 245 269 291
109 123 160 174 186 213 237 241 269 292
111 129 155 178 196 220 228 253 261 298
103 129 160 180 190 209 221 250 260 291
110 137 143 178 198 206 220 243 279 291
120 135 159 166 198 201 224 244 278 295
118 126 156 180 197 208 221 241 265 287
115 125 150 180 189 216 237 253 274 297
103 124 146 160 189 209 236 259 268 293
114 131 158 179 188 200 230 250 277 298
104 140 156 167 192 215 221 246 278 287
110 137 142 160 196 218 228 242 268 288
102 123 143 163 187 200 239 260 272 286
102 130 147 179 195 206 225 246 262 285
114 138 158 165 187 220 227 259 274 299
111 120 156 170 196 220 220 246 262 290
105 124 145 167 186 207 235 252 267 288
115 136 143 176 183 218 220 260 271 298
104 130 157 177 191 217 236 240 260 282
114 125 160 175 193 206 232 250 278 291
117 126 160 176 183 219 232 244 272 291
115 125 147 176 194 218 224 258 262 300
110 132 159 170 180 201 224 254 260 292
112 125 147 178 192 211 225 250 278 293
117 135 152 171 190 212 233 246 280 294
114 125 155 171 193 213 226 257 266 294
113 130 148 179 197 203 228 247 270 280
117 139 152 163 192 218 222 248 277 288
108 131 157 162 181 210 227 258 264 293
101 127 151 175 198 218 225 249 273 290
118 127 159 177 199 203 225 246 276 295
100 140 141 178 186 219 238 243 261 286
103 139 146 178 199 220 221 246 270 288
114 120 145 171 190 220 228 249 264 295
104 134 153 160 196 212 239 255 275 282
107 126 149 166 186 216 240 245 267 298
109 133 156 176 192 210 223 256 278 298
104 136 147 175 190 212 240 242 274 297
106 130 143 172 190 203 225 240 274 298
107 124 140 167 183 213 239 252 277 286
115 123 150 167 200 215 225 258 268 283
104 139 159 171 186 207 238 243 267 296
114 123 148 165 196 214 228 243 271 299
103 139 156 179 186 217 236 251 260 281
120 127 150 172 190 200 231 244 276 282
114 127 142 169 193 200 240 252 270 295
120 133 159 172 193 202 227 248 264 286
119 135 160 165 194 201 232 251 264 282
119 122 154 176 190 206 225 241 271 289
104 135 146 161 181 206 221 250 265 283
115 125 144 161 188 218 233 246 269 297
113 139 140 168 183 215 229 240 261 286
108 123 152 180 185 200 240 244 263 288
106 139 143 160 194 207 221 243 272 289
117 133 156 176 198 204 225 246 270 298
110 130 156 167 183 204 233 246 265 289
111 121 156 160 197 207 228 258 264 285
104 137 153 164 185 219 239 257 266 281
119 126 153 168 185 217 235 248 263 287
103 134 145 175 193 214 230 252 265 285
102 125 156 172 181 206 235 246 263 291
107 123 144 161 196 210 229 255 263 296
104 126 140 163 195 216 237 244 279 297
100 127 142 162 188 219 234 260 277 289
105 133 154 173 186 206 235 246 263 300
103 136 140 178 195 203 238 259 279 296
119 134 156 169 192 208 229 260 275 284
117 126 143 164 190 214 232 242 278 299
110 136 143 173 200 209 234 247 270 299
107 137 145 165 192 219 226 249 262 293
107 134 160 178 185 209 220 243 267 290
110 127 153 176 197 218 235 257 277 300
115 123 154 171 188 209 232 257 271 290
119 133 159 175 183 209 237 247 265 298
106 123 140 170 183 209 224 260 271 283
114 122 144 172 187 200 239 251 275 285
101 140 146 173 187 211 231 244 267 296
113 126 149 160 181 217 232 255 264 282
117 138 159 161 195 214 221 240 260 286
104 137 156 169 189 201 232 251 269 293
117 122 160 176 181 218 236 258 264 282
118 131 147 179 181 209 227 255 280 295
116 129 140 167 200 219 223 244 271 288
111 138 155 172 180 205 228 241 264 288
119 123 148 174 184 212 236 255 260 284
110 125 155 169 187 200 232 255 279 283
110 140 145 178 182 206 239 240 270 282
119 123 156 166 196 218 220 251 264 296
117 139 145 169 195 200 228 254 266 298
120 123 142 167 188 214 221 241 260 288
115 125 149 165 197 200 233 250 273 286
106 125 145 175 180 217 225 255 280 280
107 134 145 174 190 205 225 254 261 280
117 127 153 161 184 204 220 253 270 287
100 120 149 163 199 218 232 247 261 292
106 133 159 168 189 205 229 257 262 289
118 120 155 174 187 211 232 255 278 290
108 121 160 160 188 208 230 251 279 289
115 128 146 161 188 206 221 245 272 298
107 127 154 175 189 210 225 242 261 296
109 127 142 180 184 217 227 249 260 297
108 133 141 161 181 218 221 245 273 285
109 136 145 174 195 206 240 250 277 284
108 130 153 171 192 220 229 243 279 299
115 134 141 180 185 212 231 260 273 285
111 125 151 178 196 216 226 245 261 282
107 137 146 169 190 213 231 258 261 292
103 124 156 160 180 210 226 247 270 293
117 137 154 176 199 214 233 252 273 280
114 126 144 180 194 217 228 256 275 283
108 123 156 174 196 212 233 244 268 282
102 131 153 167 187 206 221 254 263 292
113 125 160 178 183 208 233 250 277 280
118 126 143 170 189 212 223 246 262 281
106 123 153 169 200 216 240 257 275 292
120 120 150 176 180 206 233 240 268 290
112 120 160 174 196 217 224 240 279 295
109 120 145 178 189 210 234 242 262 283
108 124 141 177 199 216 228 256 267 299
100 133 149 177 196 205 225 243 280 294
101 139 140 170 197 210 227 259 271 295
114 128 157 180 196 201 240 244 264 292
119 120 148 168 195 212 220 245 261 287
111 139 143 177 194 216 231 246 261 291
112 123 150 179 191 211 227 258 264 299
116 139 153 180 190 210 232 253 275 286
102 126 158 176 190 203 226 255 271 294
115 137 151 164 194 205 230 245 268 295
112 137 157 162 198 203 238 252 261 282
109 131 140 165 190 209 236 253 275 291
107 137 144 174 197 219 225 240 279 283
103 124 155 173 194 203 221 246 261 297
120 128 142 175 188 205 225 245 275 289
116 139 142 177 187 202 232 256 267 284
114 137 147 160 200 210 231 249 266 295
100 129 146 179 182 217 230 260 273 298
102 129 148 160 190 201 227 247 280 283
106 126 148 172 190 212 225 245 269 288
107 130 141 167 194 205 230 242 272 298
108 128 160 164 184 215 229 252 272 295
100 129 154 162 186 206 238 251 263 299
116 128 160 170 194 211 237 247 275 282
118 134 153 162 190 212 227 245 262 288
118 123 156 165 191 203 233 254 261 287
110 126 153 175 188 219 240 257 272 291
114 127 146 166 181 216 229 252 275 297
107 140 158 161 185 212 234 243 275 280
115 139 146 178 188 219 221 247 278 284
109 129 147 167 198 209 236 258 269 286
114 140 158 176 184 201 238 243 274 296
109 128 145 165 182 200 223 249 274 298
118 125 145 173 186 205 230 242 261 293
118 121 149 168 188 200 231 255 277 283
103 135 154 169 189 216 225 249 272 282
105 136 149 180 195 208 231 247 265 299
102 122 146 171 183 211 235 244 264 292
107 137 151 177 199 207 236 250 280 284
104 127 155 177 197 208 230 241 262 285
107 130 160 163 189 206 234 250 271 292
118 133 147 171 196 209 234 254 265 282
100 131 142 179 197 209 235 240 263 285
109 133 147 167 183 203 228 246 261 284
100 129 140 164 182 217 224 259 261 289
102 120 147 172 193 212 233 257 274 285
102 134 140 163 195 211 221 242 267 297
107 128 146 162 200 203 224 240 280 296
119 120 144 160 188 212 229 246 264 297
115 130 148 163 188 200 229 244 278 293
112 140 141 167 196 209 238 250 275 283
110 126 147 174 180 215 235 248 268 290
110 122 142 162 193 205 222 250 268 282
109 124 154 166 189 200 237 242 279 293
107 139 159 164 183 201 240 253 280 299
100 120 156 166 186 217 236 248 267 280
105 122 142 165 192 219 231 257 269 300
111 134 147 172 192 210 223 254 269 285
111 133 158 168 187 211 232 253 274 282
111 121 160 176 193 216 226 256 267 295
104 126 145 175 189 200 231 247 272 283
108 129 158 167 198 200 220 246 273 285
117 127 158 174 196 219 237 250 265 296
118 124 157 168 186 209 236 256 270 293
120 120 145 163 180 213 237 241 269 296
113 122 155 174 200 212 228 250 266 289
107 125 153 179 183 210 226 247 272 283
106 122 158 163 190 213 233 242 263 291
119 128 148 173 187 200 226 242 275 296
112 122 145 163 197 203 228 252 268 298
112 125 148 180 188 205 240 248 272 288
120 132 149 166 193 216 232 245 278 298
102 136 152 167 189 211 222 252 271 300
115 140 156 176 198 208 227 259 262 293
115 120 152 168 186 218 238 252 279 298
102 124 146 160 195 212 232 259 274 299
103 138 150 177 192 220 238 243 269 295
119 135 160 177 190 207 230 250 270 285
112 122 146 171 196 211 238 250 260 285
115 138 160 174 197 220 225 246 260 292
101 133 158 160 192 215 220 259 269 280
112 139 157 167 186 211 222 257 279 280
110 124 152 173 184 201 225 246 274 286
109 139 148 174 194 220 238 255 262 287
102 135 144 162 189 216 232 252 270 290
119 138 154 161 194 210 227 258 280 289
100 125 147 168 187 208 239 259 267 299
111 128 144 160 198 205 220 250 275 292
114 131 147 174 182 215 232 241 279 290
104 134 160 177 186 220 236 246 264 287
108 132 150 178 195 207 238 259 266 285
108 125 148 178 193 209 221 249 262 300
107 123 140 162 198 204 239 258 262 288
108 134 160 180 187 206 226 240 277 284
108 130 140 170 187 204 225 251 265 294
108 139 159 165 183 218 221 246 280 298
102 133 157 169 194 212 224 255 262 293
115 136 151 166 200 207 236 248 277 283
120 127 156 176 197 205 221 245 262 282
100 123 153 168 185 209 239 252 279 287
109 139 145 176 188 213 226 252 262 293
119 133 146 167 182 218 225 245 266 292
106 130 156 178 196 220 231 258 269 287
108 139 149 169 196 204 234 241 280 283
104 140 157 176 190 218 232 254 266 296
119 120 142 167 187 200 235 251 262 284
105 123 150 166 199 214 229 259 275 281
108 120 151 178 186 212 233 248 263 295
116 130 149 163 199 200 238 240 274 299
112 124 151 166 188 209 235 243 273 290
101 135 140 177 191 205 235 257 278 298
118 137 143 180 182 207 221 254 269 283
117 140 152 162 182 219 225 252 267 289
115 140 158 172 197 218 226 251 264 295
107 124 145 169 196 203 233 252 277 295
119 130 159 171 186 214 221 249 265 289
120 128 147 176 190 202 235 249 260 282
105 124 149 167 191 215 240 258 263 295
116 129 146 167 189 215 227 250 270 291
106 121 140 177 181 204 232 249 278 286
116 127 143 164 196 203 229 246 277 291
101 120 156 176 180 206 223 259 262 284
100 124 150 174 184 218 233 241 275 293
110 135 150 176 198 218 239 257 261 280
100 120 150 180 194 201 239 247 269 300
109 135 143 167 188 203 221 249 279 284
117 127 152 178 182 212 234 242 262 290
108 120 142 162 193 208 238 240 264 290
119 134 147 170 190 211 234 254 276 280
116 137 142 170 182 206 231 242 278 293
104 130 155 168 181 204 239 242 270 283
117 124 150 171 188 209 230 246 262 287
115 137 148 163 200 210 238 247 266 296
118 134 151 161 193 202 235 252 277 299
100 129 150 163 180 206 236 250 279 281
111 137 158 180 192 200 235 251 263 299
109 120 146 162 182 208 231 243 272 283
111 139 156 171 193 216 229 248 277 283
101 126 140 168 185 208 222 258 267 284
112 127 140 170 199 213 229 241 277 285
113 136 149 165 196 219 234 242 273 291
120 120 152 163 187 204 235 240 260 286
105 130 153 173 200 202 233 247 265 289
100 131 149 175 194 219 226 244 260 287
104 129 146 170 196 217 237 253 260 298
110 134 158 180 197 214 232 245 264 287
109 130 150 160 186 204 231 246 277 289
119 126 147 166 195 218 232 253 269 289
107 131 156 168 180 202 238 244 279 297
103 128 158 176 189 202 228 257 273 297
115 131 160 163 193 205 224 258 273 280
101 135 145 174 195 201 222 242 276 290
101 129 149 170 183 202 220 247 271 280
116 132 147 173 188 209 220 243 279 283
118 130 150 171 180 218 231 248 273 284
107 133 160 162 185 202 226 257 266 293
106 138 143 180 190 206 229 257 277 282
103 127 147 160 190 203 222 250 268 294
101 140 142 175 180 210 226 250 260 286
112 140 154 160 195 208 227 243 277 299
117 122 143 179 196 204 236 240 272 286
110 133 158 179 187 217 239 250 270 286
108 121 150 174 196 220 230 260 268 289
112 120 148 180 189 210 234 248 277 282
104 127 141 169 195 210 232 254 268 300
109 137 142 171 186 210 236 249 274 292
102 138 141 163 182 213 226 256 276 297
116 130 145 163 187 218 226 251 279 288
103 138 143 169 198 205 230 257 274 287
104 130 145 172 193 210 227 244 268 285
120 130 153 167 197 203 231 240 274 288
117 125 160 162 199 211 227 243 267 285
106 126 145 165 191 212 224 255 275 288
112 124 148 169 192 204 228 243 264 299
115 134 156 175 196 220 227 253 268 283
117 125 150 168 196 214 227 258 275 283
100 140 157 170 200 214 237 243 263 288
114 124 156 166 199 212 228 253 268 288
120 138 144 170 200 206 227 257 280 283
110 126 146 163 187 215 232 250 274 284
117 123 157 162 192 209 222 244 277 300
106 122 158 174 183 207 239 248 266 298
108 140 140 178 183 209 239 257 274 283
111 122 140 169 191 211 226 247 280 292
106 133 158 167 196 216 227 242 270 290
103 138 151 171 189 211 231 251 267 284
109 137 141 179 192 218 233 245 261 292
103 120 149 171 184 220 232 247 276 299
108 135 156 177 200 218 220 244 263 282
102 138 141 171 183 200 235 253 263 287
104 128 142 163 186 215 221 249 265 284
105 132 148 178 185 212 235 245 277 291
117 135 146 179 185 202 236 253 272 281
107 137 155 164 195 218 233 251 265 290
117 129 159 171 189 201 227 257 270 283
109 122 147 162 193 204 222 242 261 296
114 135 147 171 180 208 228 255 280 291
111 140 146 166 198 201 235 249 262 280
111 129 153 172 194 209 228 251 267 295
106 121 144 165 180 203 221 252 266 295
102 125 149 171 192 208 228 252 270 292
116 133 160 179 196 212 229 240 273 283
104 131 141 169 188 216 238 254 273 299
115 130 148 178 194 212 225 255 276 294
106 132 160 179 188 210 222 253 266 291
108 125 142 178 193 211 240 243 278 297
119 131 156 164 197 220 222 257 273 280
116 135 150 178 200 201 229 258 276 299
107 131 148 175 184 217 229 260 269 285
101 138 147 171 189 220 231 255 278 280
104 124 141 180 194 200 225 240 280 291
105 137 142 164 193 220 239 246 262 282
112 130 158 170 197 201 220 240 280 292
113 137 154 171 180 204 224 243 278 289
106 137 151 174 196 213 225 255 279 299
118 130 142 179 186 206 230 250 276 283
102 134 142 179 185 213 234 259 272 281
110 124 152 179 187 215 225 243 277 300
116 125 147 161 182 217 235 253 274 299
112 123 143 171 180 218 220 243 280 284
110 131 154 166 183 205 239 247 269 290
101 137 155 166 197 202 233 242 269 294
104 121 140 174 181 203 226 245 272 289
117 122 150 163 190 201 239 254 271 287
114 137 154 170 197 210 220 246 275 287
112 132 160 169 185 203 220 245 263 300
104 137 144 177 198 214 231 256 275 283
117 136 151 170 183 220 236 252 262 291
113 127 148 169 189 216 236 252 270 292
114 120 147 162 199 217 235 240 263 296
105 137 150 180 185 218 227 240 270 300
117 121 153 162 186 203 240 250 267 290
102 127 144 170 193 201 233 252 273 292
110 125 143 172 182 203 238 259 276 298
105 123 154 165 185 217 239 260 263 284
105 120 147 176 200 215 239 260 261 294
114 120 146 175 189 203 222 246 272 292
118 127 156 177 181 203 240 257 265 291
108 129 148 178 199 200 234 254 262 295
106 122 143 165 188 218 233 240 266 292
105 122 160 173 199 208 239 251 271 282
101 134 143 178 199 220 227 245 268 300
118 121 144 169 192 219 229 257 270 286
117 135 141 174 187 205 236 255 267 290
118 122 149 176 195 202 234 241 273 300
100 133 156 168 184 202 221 258 277 292
110 139 147 177 183 207 222 259 276 292
104 122 155 171 192 220 221 258 272 300
108 126 152 161 196 218 234 242 276 294
101 129 152 180 196 218 225 249 266 300
111 128 142 168 190 202 232 260 276 291
116 123 149 179 180 217 230 258 267 280
119 133 154 160 197 217 236 256 275 298
100 120 144 172 182 217 240 247 269 291
110 135 159 172 186 215 240 257 262 286
110 130 148 165 194 208 229 246 275 287
107 121 144 178 195 216 240 254 263 288
100 128 153 178 190 201 227 249 266 298
100 126 158 171 196 215 230 259 274 285
106 139 155 173 184 217 222 252 260 284
103 136 141 169 180 214 226 246 266 290
118 130 155 180 196 204 224 257 273 286
109 126 147 160 194 201 233 255 271 297
115 129 158 176 185 212 226 246 272 290
116 128 159 178 200 211 235 240 275 285
102 121 154 178 190 215 220 256 267 286
100 123 140 175 191 215 223 247 273 286
119 132 141 180 187 215 224 258 275 296
119 126 146 162 190 200 233 245 277 282
105 130 151 174 188 205 226 244 262 281
120 129 147 177 189 214 228 242 280 289
120 129 145 179 188 210 239 259 265 286
105 138 147 171 193 208 231 256 265 299
110 131 141 170 188 208 237 259 277 295
114 129 149 176 180 217 237 251 279 285
103 127 153 177 181 217 231 259 266 282
110 129 153 178 200 220 228 254 263 283
104 120 144 164 191 215 236 249 276 289
120 136 154 165 192 219 225 249 262 281
111 123 142 170 196 213 222 241 267 288
115 132 155 166 183 205 234 241 278 293
112 136 151 177 194 205 222 246 263 295
114 122 142 175 181 219 238 243 269 283
105 124 156 165 187 208 228 251 274 297
109 137 153 176 200 218 231 241 275 285
103 128 140 169 185 219 231 251 278 290
115 136 150 179 189 207 222 252 267 287
109 140 159 174 193 217 222 255 271 286
111 124 141 173 195 213 235 260 277 282
115 138 146 170 182 205 226 241 265 294
104 127 148 168 187 203 224 260 268 293
118 130 158 164 187 204 238 255 274 284
112 138 144 162 191 220 233 253 275 298
112 137 147 165 186 220 229 243 263 286
104 137 158 166 183 219 231 249 274 299
110 140 142 173 183 218 223 242 274 294
109 123 140 169 200 200 222 258 278 286
114 123 143 165 198 200 238 248 280 297
110 128 141 175 192 207 231 249 262 296
114 139 151 178 199 216 222 259 265 292
119 129 158 164 186 218 226 258 265 296
115 137 153 173 195 211 228 243 272 280
104 139 159 179 189 200 226 258 261 280
101 123 155 164 188 208 230 240 267 291
104 137 150 169 191 215 224 249 272 286
115 121 160 162 191 208 236 255 267 288
118 139 159 163 180 214 229 258 260 285
108 131 160 175 185 201 233 257 277 283
106 137 149 168 182 219 223 246 272 289
102 132 160 177 193 218 227 247 264 293
100 128 158 176 183 215 229 242 272 281
110 136 147 179 193 204 237 260 261 298
104 120 142 169 199 208 230 259 264 287
100 120 144 172 192 205 225 256 274 283
114 135 160 161 185 210 228 241 277 293
105 123 156 169 190 208 228 258 266 290
102 130 146 163 192 218 233 257 273 286
118 132 144 161 192 203 226 260 268 287
107 121 152 169 183 216 223 247 277 296
113 132 144 170 195 202 220 258 265 290
120 125 142 164 200 205 223 255 267 282
113 127 144 166 197 200 224 257 272 297
102 132 151 160 190 215 238 249 280 291
114 124 152 167 197 214 234 248 269 296
101 140 152 172 182 214 222 257 271 299
106 125 158 173 182 212 231 259 270 298
120 130 156 174 185 219 234 249 265 282
102 138 155 166 197 209 236 241 272 298
104 122 154 167 192 217 223 255 268 285
114 125 141 177 187 220 222 242 269 282
119 121 149 179 188 200 224 247 277 297
107 121 153 176 195 214 222 243 268 294
117 136 143 180 197 203 238 254 277 291
118 127 154 164 190 206 236 246 262 291
109 137 145 162 195 218 230 252 272 282
108 125 160 173 183 204 238 254 267 300
117 123 151 163 199 209 224 246 260 296
118 126 151 172 189 215 224 246 265 280
102 132 155 168 196 211 232 255 266 297
113 130 159 162 197 210 224 257 263 295
105 138 152 179 189 207 239 258 275 280
110 123 140 160 197 216 230 257 267 289
118 138 150 173 180 218 232 251 266 300
107 128 152 164 186 209 224 242 262 295
107 128 143 178 192 214 230 241 275 281
109 137 152 174 194 217 221 257 264 290
119 123 157 178 181 200 234 241 269 293
119 135 150 168 193 204 240 240 268 286
113 122 150 177 194 217 237 260 274 295
113 128 152 162 184 214 225 257 263 298
102 134 156 167 197 219 225 259 273 293
104 132 150 176 198 204 236 245 271 300
113 138 153 167 193 203 225 247 271 287
112 122 141 177 183 216 225 259 277 295
108 135 142 164 200 212 240 257 276 283
112 138 140 161 184 210 234 255 277 293
109 136 142 171 200 213 220 247 273 283
111 123 157 164 195 207 238 253 264 284
107 134 152 160 182 213 228 249 280 296
112 135 151 177 197 200 235 242 267 297
103 140 157 172 182 204 240 259 280 295
104 131 150 176 190 210 225 259 274 300
107 140 157 164 181 208 223 240 270 298
109 137 148 168 191 200 226 246 277 294
103 120 154 179 194 205 222 255 263 296
117 138 160 165 183 208 238 248 270 291
107 121 144 166 199 209 220 241 280 291
119 122 145 167 187 220 237 256 261 281
120 136 143 173 194 211 227 242 273 290
111 125 159 163 188 219 236 255 262 290
110 136 142 171 180 220 221 257 279 292
113 128 148 171 190 208 220 253 261 292
114 131 144 175 180 220 234 244 267 290
106 128 148 162 196 209 220 257 275 297
115 121 150 178 194 211 228 244 270 292
105 120 154 165 193 211 229 254 265 289
100 136 140 169 193 213 237 259 262 285
106 124 141 166 193 214 237 248 263 292
110 134 154 171 187 211 232 257 273 290
118 130 151 169 185 202 238 241 278 293
117 132 152 161 199 214 232 248 276 293
118 121 158 176 182 209 221 255 270 296
116 127 142 173 200 201 237 243 275 293
103 133 153 169 197 200 229 251 261 298
112 126 159 173 193 216 224 251 265 296
100 133 148 169 198 218 222 248 267 283
117 128 141 180 185 202 239 242 261 293
106 136 154 172 192 208 220 260 269 290
109 135 147 163 183 219 223 248 266 292
105 140 157 166 191 219 223 243 280 286
100 132 150 171 181 217 224 243 263 286
114 137 155 163 199 212 220 249 260 292
109 140 157 175 183 200 230 242 276 286
106 136 150 174 198 217 229 246 280 288
110 131 160 177 185 207 238 258 268 293
110 140 151 163 190 217 230 249 260 288
112 121 141 179 182 214 228 255 280 286
103 138 148 179 190 213 234 250 278 297
104 140 159 163 180 218 231 242 280 290
106 124 143 167 185 203 240 250 274 280
102 131 151 164 189 220 227 252 278 296
115 139 149 169 188 213 229 253 269 284
111 132 149 162 195 220 238 248 271 280
113 140 146 166 190 201 240 250 269 293
104 133 141 170 186 220 221 247 273 298
120 137 155 176 192 211 234 257 263 281
117 137 152 171 181 205 228 240 271 280
107 121 152 175 194 209 229 245 272 290
100 126 148 179 199 203 229 250 271 286
119 131 159 164 184 212 229 258 276 295
112 126 152 167 194 201 227 255 279 288
112 125 149 161 199 203 232 244 264 292
114 138 142 177 188 203 228 240 274 291
114 134 143 175 184 202 240 243 278 298
105 129 146 170 182 208 236 247 277 282
117 123 156 162 200 209 232 248 279 285
116 124 145 167 181 203 226 249 266 299
101 139 140 175 189 202 232 246 271 297
105 131 146 171 192 219 239 256 278 296
108 132 140 166 193 202 229 255 272 289
108 135 147 169 187 209 231 258 275 298
110 130 151 166 189 219 237 245 280 288
104 122 158 175 192 214 238 259 279 281
117 120 140 168 186 217 231 254 278 284
117 127 141 172 197 220 221 255 274 297
108 124 140 169 181 207 234 258 276 284
106 136 153 174 192 208 240 260 263 297
102 126 152 172 183 205 227 246 260 288
115 132 154 171 189 200 228 251 280 287
105 132 144 174 191 202 237 241 262 285
101 129 160 172 186 217 240 245 262 285
113 132 147 166 188 202 233 241 264 282
104 123 151 180 199 200 229 252 270 289
119 121 150 177 187 214 231 243 278 289
102 126 157 164 192 206 224 242 269 283
100 122 147 178 197 220 239 253 276 288
106 125 141 180 200 203 224 260 273 280
116 124 156 179 181 208 228 242 271 287
102 131 144 167 199 217 223 244 279 280
106 127 149 178 189 206 220 243 277 292
119 129 141 179 194 220 231 257 260 287
108 133 160 173 194 212 227 242 269 283
105 137 145 176 200 209 230 252 264 297
118 134 141 167 187 218 229 252 264 285
119 125 149 175 187 215 226 254 274 285
112 121 146 175 198 209 228 253 276 295
116 127 152 163 188 211 221 259 268 297
108 137 143 164 183 207 237 245 261 280
102 128 142 171 195 201 237 249 277 290
113 137 160 172 198 206 232 241 260 300
105 124 141 178 180 218 220 256 270 297
108 122 147 180 186 213 235 259 261 299
105 137 147 179 193 216 223 240 280 281
116 129 143 179 187 208 224 246 266 286
118 138 159 161 185 218 240 256 263 297
119 131 160 160 192 206 233 260 272 285
114 129 155 165 186 218 233 254 265 283
114 132 157 172 183 214 231 260 278 298
117 136 141 176 183 209 231 260 268 292
111 133 144 170 195 201 220 254 279 287
109 140 150 174 182 207 220 248 276 293
113 134 149 160 185 215 236 252 270 285
105 121 152 172 190 218 239 241 278 291
104 123 152 167 188 209 229 256 260 285
119 122 152 168 181 215 240 259 277 293
108 124 160 171 185 210 239 251 268 281
100 120 150 175 182 201 229 250 271 292
109 120 144 169 190 217 236 252 267 290
113 126 157 163 193 208 221 242 269 284
112 136 148 177 191 216 237 241 273 297
111 130 160 175 183 200 222 240 279 287
117 138 150 167 198 216 230 257 265 294
105 120 160 164 191 217 225 245 271 282
109 131 154 160 188 206 238 259 262 292
104 140 147 160 189 208 234 242 278 295
119 122 159 175 193 202 239 245 266 289
105 128 143 164 199 213 229 260 276 297
103 121 159 167 199 212 221 259 262 289
100 135 140 178 192 208 236 251 263 292
119 138 156 167 192 204 225 250 278 286
115 126 144 180 192 206 220 255 271 294
105 131 153 167 184 205 222 250 263 294
106 134 158 172 194 210 220 259 260 296
117 137 140 171 191 214 233 248 280 284
106 129 156 169 189 203 223 248 265 289
108 129 160 163 184 214 230 252 266 282
106 130 149 173 180 200 235 242 262 293
102 139 159 176 192 208 237 248 267 292
111 131 144 179 185 218 232 253 265 294
120 136 144 175 200 211 226 260 276 282
108 120 155 175 181 206 233 250 271 283
118 124 156 178 199 211 239 249 266 281
101 134 146 160 199 212 230 259 265 287
120 121 151 179 185 216 223 240 261 283
118 127 147 173 188 212 236 254 261 286
114 126 149 177 182 207 239 242 260 297
108 122 146 166 193 205 237 245 275 286
119 138 140 176 180 213 239 245 260 300
120 139 146 178 188 216 224 257 275 296
118 124 141 180 193 210 239 248 266 289
100 133 151 170 185 204 231 241 271 300
100 130 150 179 198 203 226 249 268 282
111 131 160 178 188 201 230 244 267 286
118 126 148 178 181 200 225 242 263 288
119 121 151 164 196 204 229 241 266 289
107 129 142 179 197 218 226 248 268 285
107 125 150 177 182 216 230 245 279 297
105 140 149 177 187 211 229 248 269 280
113 136 149 171 184 213 224 244 265 283
119 136 150 178 182 213 237 251 262 294
114 137 140 169 192 217 229 245 261 295
104 124 143 164 183 205 232 246 265 293
100 136 145 170 196 219 224 251 263 299
101 133 157 174 193 201 232 257 275 281
105 126 147 165 191 216 225 242 267 284
102 126 153 175 183 220 222 245 267 300
108 137 160 165 187 207 232 255 278 282
120 130 143 173 182 210 231 253 276 300
113 130 151 163 192 202 228 260 280 293
110 121 141 176 183 219 233 252 268 284
116 134 146 166 198 203 237 257 269 289
116 125 150 169 189 217 238 258 261 298
103 130 153 177 186 213 222 250 275 281
105 140 155 173 184 215 236 245 260 284
108 139 143 167 181 211 236 256 276 286
104 120 156 164 191 204 220 256 275 296
103 139 153 168 193 202 226 246 263 294
117 128 147 162 184 209 229 247 276 299
118 136 146 175 187 213 238 249 271 282
116 121 160 163 186 200 233 245 261 284
115 125 141 160 189 219 233 250 275 291
119 130 145 180 200 215 236 260 266 280
118 123 146 160 189 215 232 245 261 281
104 129 158 177 194 215 233 240 260 300
112 132 151 178 186 218 239 246 261 298
108 137 153 176 187 216 222 254 275 296
119 129 145 161 198 212 232 249 279 293
109 138 150 172 196 212 237 256 279 297
109 123 141 178 192 200 226 259 277 280
114 138 150 173 197 203 232 256 279 296
118 138 150 177 182 200 225 241 278 289
102 140 145 161 197 208 227 246 277 281
120 128 147 162 192 204 233 256 266 287
105 128 151 173 198 210 238 255 270 281
113 137 144 178 188 213 223 251 277 299
103 129 153 174 186 219 220 257 262 281
115 140 142 173 194 205 238 254 273 283
104 139 147 174 199 205 238 246 264 285
120 139 141 164 192 201 240 258 268 299
106 134 154 170 200 213 239 241 265 280
116 122 152 180 180 203 225 258 261 290
120 124 142 178 199 216 226 248 280 281
112 138 145 176 193 214 227 245 267 294
114 139 150 163 182 219 224 255 266 299
112 128 157 171 189 202 236 252 262 286
106 132 150 162 189 202 223 260 260 282
115 128 159 160 194 202 235 252 279 292
104 131 152 175 199 210 240 252 273 289
102 139 155 174 199 206 233 249 263 283
119 123 153 170 199 205 226 251 272 295
120 135 157 160 183 201 234 258 275 298
111 124 155 171 195 206 233 248 261 291
106 130 149 177 181 218 232 241 261 295
115 131 155 172 182 210 230 256 260 281
118 120 150 172 187 202 221 257 264 294
103 133 151 163 199 217 231 246 260 288
108 125 155 180 184 209 230 256 263 285
103 139 155 168 193 205 233 251 266 286
115 132 146 180 194 215 221 251 265 289
107 140 156 167 187 217 221 257 273 297
100 127 148 174 193 202 236 244 276 297
104 121 160 173 191 208 220 254 261 282
118 127 156 176 191 207 221 253 262 281
103 124 158 172 191 216 234 241 271 288
101 124 141 177 186 201 223 247 276 292
116 120 146 168 190 204 227 242 260 298
120 123 157 168 190 213 235 258 264 295
111 139 142 177 194 208 236 247 267 292
103 133 149 168 182 207 223 250 269 284
116 129 143 167 183 202 240 256 279 292
105 128 151 166 183 211 234 255 272 285
120 123 160 167 181 202 220 253 276 298
105 132 159 171 180 216 234 257 262 289
119 140 160 170 199 204 223 256 264 299
108 140 153 174 199 200 225 249 277 294
117 130 145 169 193 211 238 255 278 290
118 138 154 174 198 216 223 240 277 280
114 139 154 177 185 218 234 254 261 288
119 120 158 167 189 216 240 251 261 285
110 127 140 179 197 208 231 256 272 297
105 123 158 176 188 203 220 245 278 299
112 128 146 169 199 202 229 242 277 295
104 129 155 172 196 210 236 244 262 294
107 137 155 165 199 207 227 249 265 290
110 135 158 160 200 219 239 243 264 297
112 121 153 178 198 216 239 241 267 287
104 140 146 176 195 209 232 254 270 296
106 123 149 161 196 209 228 245 267 288
119 136 144 165 187 207 225 256 273 285
105 124 145 160 180 201 236 243 265 300
105 129 158 179 190 207 229 249 280 288
102 139 145 166 192 200 221 242 261 286
108 140 154 169 191 209 220 258 276 297
113 134 155 168 189 204 224 256 278 283
113 123 157 167 182 218 239 249 279 284
105 130 149 166 187 209 220 243 269 290
107 140 148 166 192 202 236 247 266 283
104 127 144 166 191 211 234 257 268 283
108 130 148 179 181 209 230 241 260 290
118 120 159 174 187 203 222 258 276 298
107 131 150 162 191 200 234 246 280 293
112 139 152 175 181 210 237 254 260 288
116 134 151 160 186 210 232 253 267 293
102 126 156 166 188 206 228 251 261 300
108 135 140 160 192 213 220 257 273 295
102 137 159 179 190 220 231 246 278 295
106 132 141 172 194 202 239 260 271 288
100 124 153 169 200 213 224 243 268 298
118 133 142 173 184 218 225 241 260 283
106 138 144 170 180 217 237 249 271 280
118 132 157 168 186 211 220 256 279 284
120 130 155 173 194 203 240 252 265 282
100 122 143 173 191 213 220 250 279 300
108 130 160 173 186 201 221 243 278 283
112 128 156 164 188 200 237 252 267 300
117 139 144 163 192 204 225 257 280 289
103 134 145 177 194 201 230 256 272 288
115 137 159 160 197 203 224 253 263 289
104 122 156 178 197 220 223 246 278 283
120 122 151 172 185 205 233 256 275 294
101 125 141 170 199 218 230 241 264 280
109 138 145 173 195 220 234 245 273 293
105 137 147 170 197 203 240 249 266 295
115 120 153 160 194 220 239 246 279 284
113 134 149 171 182 218 236 241 278 281
118 134 145 163 188 207 228 250 277 280
120 123 141 171 196 216 232 260 268 284
120 128 146 162 186 202 231 244 270 298
112 133 160 173 199 208 231 247 270 283
111 126 153 165 200 216 238 249 260 291
106 138 143 160 195 200 240 250 273 287
100 137 143 174 193 200 227 255 266 295
113 135 158 172 189 202 221 242 270 293
115 134 153 160 180 207 232 242 261 286
106 136 150 175 180 206 224 241 260 281
111 130 153 172 190 215 224 251 270 286
105 134 152 179 200 202 229 257 260 288
103 130 155 176 183 218 224 251 266 285
111 137 156 161 195 220 229 250 273 287
105 122 160 165 189 219 236 244 276 297
116 139 156 163 196 201 222 250 260 299
106 138 157 166 188 219 229 259 266 293
101 128 144 180 185 211 239 247 266 287
110 130 147 177 181 211 238 253 272 300
120 130 146 163 182 216 225 250 261 299
111 129 154 169 194 207 227 248 271 287
108 140 155 160 199 214 231 246 270 288
116 127 148 180 187 218 220 249 275 295
104 132 159 174 180 220 221 257 268 290
104 125 149 176 196 209 225 240 269 289
112 131 150 179 188 202 233 255 260 290
102 124 149 170 192 205 228 240 272 300
105 133 140 177 195 206 222 260 275 282
107 137 160 177 183 216 238 259 268 280
120 131 153 170 189 204 224 248 268 283
105 125 155 168 199 214 231 258 260 286
101 127 150 161 180 214 230 251 267 287
113 120 140 173 181 200 224 245 260 288
101 130 156 170 200 220 221 249 279 293
119 134 151 177 200 215 237 259 268 295
112 139 152 163 192 210 236 254 278 292
114 140 144 161 191 217 233 248 274 292
100 121 145 174 184 203 223 251 266 297
100 128 145 164 192 214 231 256 265 280
115 133 149 174 198 218 229 241 263 294
100 132 153 166 195 212 225 245 271 291
119 127 156 167 184 211 234 242 260 282
101 122 146 170 194 200 229 255 276 295
101 137 154 172 196 219 220 245 267 296
117 124 156 167 198 213 225 246 280 290
109 122 148 179 197 208 223 247 270 285
106 134 150 180 187 211 227 245 261 293
114 126 148 178 197 212 235 246 275 300
105 122 151 162 197 205 221 249 262 300
106 136 144 167 183 203 227 251 274 281
120 128 141 164 193 216 237 244 274 284
107 122 152 172 181 201 227 241 264 295
117 138 140 180 182 201 229 249 275 286
104 140 143 178 195 216 232 250 276 280
111 127 159 160 190 214 230 251 268 297
105 122 144 175 181 204 224 253 263 295
120 136 146 178 198 207 222 249 277 295
105 120 149 160 182 216 234 252 278 291
108 133 141 170 199 219 228 243 260 298
108 134 151 169 186 213 221 252 261 295
119 129 155 178 189 205 229 247 270 292
101 134 142 168 198 219 238 256 273 289
107 136 154 166 183 218 233 249 266 285
100 128 150 169 198 201 229 242 273 284
110 133 141 170 185 215 238 246 280 287
111 122 150 179 195 218 229 253 273 282
110 121 145 172 199 215 236 247 275 290
103 124 146 163 191 218 225 260 274 292
120 138 153 161 188 200 233 250 268 281
118 128 158 171 181 213 234 250 272 293
116 125 149 167 186 202 238 249 263 297
102 137 153 172 185 214 221 248 262 288
117 125 145 166 188 203 227 247 279 280
112 137 145 170 187 210 233 258 264 298
108 124 159 165 190 209 228 248 278 284
109 140 146 168 199 216 231 253 270 300
118 123 145 171 186 216 230 254 267 298
117 138 158 163 198 213 236 242 263 290
104 131 146 176 185 206 222 254 264 282
107 140 145 174 183 217 233 252 278 290
116 127 149 177 180 220 231 260 274 287
115 134 144 162 195 207 220 242 265 288
104 128 157 174 182 220 223 247 279 286
114 132 147 176 181 212 221 254 274 297
105 132 152 164 200 213 232 240 273 293
112 127 148 176 192 208 238 250 280 297
120 134 149 176 200 220 231 255 274 288
101 126 150 170 195 211 231 253 267 296
112 127 148 176 188 211 232 260 266 283
115 140 148 170 194 220 220 249 260 291
104 120 159 172 193 218 225 243 271 297
103 120 153 164 181 213 237 251 260 294
115 133 141 166 194 207 236 250 269 299
105 127 142 172 180 216 237 257 270 293
108 131 159 176 194 211 221 250 260 288
100 127 150 169 198 208 233 260 275 298
110 140 153 164 191 213 226 258 271 296
118 133 159 173 195 214 230 240 274 289
114 140 152 162 182 219 234 249 263 299
105 137 156 165 188 211 234 246 269 293
114 129 150 180 191 213 235 246 277 287
106 123 147 164 199 205 238 243 267 293
112 133 141 160 181 204 224 250 275 294
111 136 157 180 199 212 234 251 263 281
100 134 153 178 194 204 225 246 263 281
119 122 152 163 197 216 236 259 265 280
108 120 142 167 189 220 236 255 261 281
108 135 147 164 181 201 225 252 271 299
118 124 143 161 196 211 224 254 278 295
107 126 141 162 190 202 220 248 272 293
112 120 150 166 188 216 223 244 264 281
120 131 155 174 182 215 226 240 274 284
105 137 154 177 200 204 222 244 276 297
118 120 150 161 184 216 231 253 267 292
107 132 153 177 180 202 224 251 267 291
106 121 146 166 194 214 228 244 271 292
105 127 156 162 183 200 221 253 261 288
109 129 155 171 195 214 240 255 268 297
101 132 152 174 182 219 225 260 265 286
118 131 149 168 182 216 224 258 268 283
111 140 149 171 182 205 236 259 260 300
107 128 159 165 195 206 232 244 270 295
108 140 147 165 187 208 240 248 260 296
105 127 140 164 185 202 227 254 261 296
115 139 160 176 181 214 227 259 265 292
105 138 154 163 184 216 230 259 272 293
117 139 157 169 187 217 229 244 270 284
110 121 150 162 190 216 236 243 262 285
110 133 147 171 200 206 236 246 273 296
102 132 156 169 194 206 224 249 275 281
107 139 158 176 185 209 224 245 266 283
113 127 153 180 197 212 237 256 262 298
100 137 157 165 185 220 225 256 271 288
116 128 157 161 186 205 233 240 270 292
101 124 151 164 194 220 223 247 280 292
114 139 147 168 187 218 237 248 261 293
100 135 155 170 197 208 240 240 269 290
115 126 156 173 200 213 221 251 273 286
102 120 142 169 187 211 224 246 262 297
107 139 143 172 185 205 221 250 267 281
119 134 147 178 180 211 233 256 270 286
115 122 140 179 181 219 229 254 260 299
111 135 150 175 195 219 239 246 277 283
118 136 156 172 182 210 234 241 266 288
117 127 143 168 194 206 227 250 276 297
108 128 145 170 180 218 227 240 270 283
103 135 156 171 181 219 224 259 275 297
106 121 157 177 190 203 230 251 262 298
105 139 158 171 194 208 236 249 279 286
116 129 148 164 195 215 238 254 276 299
107 133 159 160 191 203 221 256 277 284
119 133 145 169 180 206 228 257 274 280
103 121 145 162 180 209 230 258 265 298
103 132 142 161 181 210 221 254 265 292
115 130 144 163 196 205 224 260 268 297
103 127 159 177 192 213 227 252 265 290
102 127 160 175 189 203 223 259 260 296
112 127 147 162 181 207 224 240 267 290
115 124 155 171 199 218 237 244 277 300
101 134 140 174 194 209 228 249 263 300
116 120 158 165 183 200 233 251 264 290
113 139 147 173 190 216 237 248 261 284
113 121 153 167 200 202 229 247 263 298
108 139 151 162 199 209 227 252 271 291
106 128 148 179 193 212 240 254 269 286
118 139 153 160 180 217 235 249 272 283
107 133 146 180 189 206 228 251 271 298
118 139 153 164 187 202 230 248 275 294
111 129 157 171 199 202 240 254 274 297
113 131 157 180 183 208 223 253 268 296
116 132 141 162 194 217 229 259 264 287
116 134 156 178 200 217 234 245 275 299
101 128 154 174 194 219 234 241 272 286
110 137 147 180 194 213 228 252 270 288
113 125 146 177 188 207 234 249 272 288
108 120 143 162 188 201 235 250 269 290
103 125 153 175 194 205 229 247 279 283
106 136 144 173 181 209 237 260 263 288
119 130 153 166 187 219 229 242 269 286
111 136 156 172 198 206 234 260 275 284
106 140 157 173 181 209 221 251 263 287
111 126 158 178 198 215 225 255 261 300
107 138 146 178 195 218 227 243 270 284
118 138 142 172 188 204 225 247 266 286
100 135 142 165 186 216 231 247 260 294
105 136 158 171 200 206 238 247 268 297
110 126 154 172 190 219 240 250 260 283
109 127 159 166 199 200 233 258 278 281
100 132 142 171 189 205 223 251 278 293
102 120 148 179 196 200 236 256 279 285
111 120 154 171 197 201 237 253 271 290
100 128 152 174 183 219 230 260 277 292
105 127 151 172 185 212 227 250 273 285
119 133 143 171 195 204 229 257 263 291
106 130 159 164 198 208 239 256 264 298
100 139 152 167 192 200 223 241 271 285
102 138 149 180 181 204 226 251 271 280
102 120 157 162 186 205 232 253 275 298
118 128 146 166 196 203 233 257 266 283
114 122 150 172 183 204 233 246 277 284
120 137 157 168 194 220 236 260 271 295
113 139 145 176 195 207 220 245 272 298
111 130 151 179 198 210 232 254 279 297
114 123 151 177 188 200 223 244 263 280
100 123 158 180 199 209 223 249 278 297
114 131 141 161 184 200 228 259 267 281
116 120 154 171 191 208 229 244 262 286
113 136 157 174 194 210 233 254 277 298
109 140 154 162 200 219 233 255 265 292
114 121 154 167 187 205 228 251 260 295
115 124 145 172 196 212 233 250 278 298
106 126 143 162 195 220 240 242 276 287
116 129 140 162 190 206 224 259 262 290
105 138 150 160 197 212 238 259 265 283
112 131 148 175 187 213 220 260 279 284
100 124 156 167 189 206 239 246 272 300
106 136 146 173 188 201 238 260 280 296
117 127 140 169 180 217 239 249 265 295
119 121 154 174 197 204 229 246 278 283
113 128 154 177 196 214 227 259 274 300
106 130 141 173 199 218 231 244 273 299
112 137 160 173 184 220 230 255 267 296
105 128 144 169 194 219 229 250 276 287
5033 5549 6581 7183 8516 9419 9806 10408 11483 12128
4534 5546 6382 7922 8054 8890 10034 11134 12102 12762
4818 5764 6280 7441 8387 8817 10193 10580 11956 12343
4202 4447 5532 5707 6827 7597 8192 8822 9697 9977
3924 4516 5848 6477 6662 7661 8216 9622 10103 10621
2022 2422 3182 3342 4002 4102 4782 4842 5562 5802
3922 4867 5287 5847 6582 7352 7737 8962 9172 10012
3306 3922 4258 4706 5434 5994 6162 6946 7618 8318
1682 1682 2214 2480 2718 2984 3320 3432 3866 4146
2758 3564 4084 4188 4812 5462 6034 6346 7074 7516
3166 3614 4146 4902 5378 5910 6610 7030 7618 8346
4881 5209 6070 6644 7710 8366 9719 10498 11277 11851
2182 2502 3022 3202 3802 4402 4562 4982 5542 5622
2891 3377 3782 4322 5132 5861 5942 6482 7022 7778
3642 4517 4937 5742 6512 7282 7877 8437 9732 10152
2202 2994 3324 3522 4050 4842 4930 5700 6140 6272
2054 2415 2814 3156 3536 3897 4543 4562 5113 5683
1712 1952 2147 2672 2747 3122 3347 3647 3932 4397
1964 2252 2846 3134 3476 3692 4304 4412 4880 5348
4082 4626 5306 5476 6360 6904 7992 8162 9148 9930
3362 3938 5090 5154 6306 6978 7074 7778 8546 9474
4322 4538 5510 5906 6842 7634 8354 8786 9974 10478
2142 2522 2942 3522 4002 4262 4782 4962 5282 5622
4368 4553 5848 6107 7032 7513 8771 9585 10066 10621
3572 4558 4864 5714 6564 6870 8060 8332 9148 9896
2073 2339 3042 3308 3536 4049 4505 4581 5113 5550
1112 1292 1552 1782 1962 2202 2282 2532 2612 2982
3607 4517 5602 6302 6652 7317 7737 8752 9102 10187
5062 6304 6580 8190 9110 9478 10122 11180 12836 13388
4082 4592 5408 5646 6734 6836 7618 8298 9454 10032
4840 5168 6398 7382 8079 8530 9063 9883 10867 11769
3682 4002 4802 5762 6050 6914 7586 8098 8770 9506
2886 3474 4090 4482 5294 5854 6610 7254 7506 8206
4904 5635 6796 7699 8086 8602 9892 10752 11913 12816
4890 6582 7334 7851 9026 10107 10389 11564 13068 13491
2532 3153 3268 3682 4510 5016 5246 5568 6166 6626
1634 1970 2290 2610 2994 3202 3826 4162 4354 4578
4490 5722 6470 7878 8582 9066 9902 10826 11530 12542
5474 6626 7586 7922 8978 10562 10898 12434 13154 14354
2888 3122 4058 4422 5098 5722 5722 6398 6814 7542
3467 4094 4787 5513 6140 6833 7757 8318 8813 9506
5177 6122 6437 7922 8237 9812 9902 11702 12197 13412
1562 1952 2357 2657 2867 3257 3542 3602 3902 4232
5702 6252 8002 8752 9652 10302 11602 12502 13902 14552
3044 3278 4162 4578 4760 5696 6034 6346 7074 7568
5637 6127 7205 8626 9508 10684 10978 12644 12840 14702
3522 4226 5090 5442 5762 6434 7170 8130 8322 9346
1682 1877 2207 2672 2882 3167 3377 3752 4172 4397
1757 2027 2282 2567 2852 3182 3497 3692 4202 4412
4220 4627 5737 6329 7143 7883 8364 9511 9844 10880
2488 2862 3258 3940 4336 4468 5018 5436 5942 6162
1406 1670 1826 1958 2306 2618 2666 2978 3326 3458
5294 6421 7695 7940 8871 10292 11125 12644 12938 14359
2628 3304 3928 4552 5150 5670 5852 6476 7100 7542
5902 6352 7952 8852 9952 10152 11252 12302 13802 14752
3802 5322 5360 6766 7070 8324 9046 9236 9920 10870
1856 2504 2630 3206 3584 3962 3980 4430 4862 5186
2852 3002 3627 4277 4752 5502 5702 6227 6602 7377
2082 2682 3062 3202 3922 4242 4782 5102 5502 5642
2142 2522 2982 3322 3722 4322 4802 4902 5342 5962
2727 3327 3902 4402 4802 5252 5577 6402 6952 7452
2290 2994 3236 3852 4182 4666 5282 5326 6030 6536
4348 5332 5865 7054 7792 8325 9227 9842 11236 12220
1393 1614 1822 2173 2381 2771 3109 3278 3603 3720
1152 1232 1502 1672 2002 2152 2252 2582 2682 2832
2602 3477 3977 4277 4652 5177 5952 6077 6677 7402
4448 4799 5774 6437 7646 8348 8894 9479 10571 11663
2886 3894 4370 5014 5210 6078 6610 7030 7282 7870
3362 3558 4202 4818 5322 5602 6470 6834 7730 7898
5246 5844 6534 7776 8880 9202 11042 11594 12422 13572
2522 2795 3341 3614 4055 4244 4769 5210 5546 6008
2025 2297 2722 2807 3300 3419 3946 4269 4490 4796
5833 5980 7548 8626 9312 10096 11027 11811 13281 14163
3850 4997 5404 5959 6699 7624 8179 9252 9807 10473
5522 6002 6914 7730 9026 10466 11186 11810 12914 14258
4974 6118 6162 7394 8054 9462 10078 10562 11486 12586
2162 2462 3042 3602 3702 4002 4802 4882 5262 5762
4560 5979 6151 6882 8344 8903 9505 10451 11698 12429
2342 2662 3122 3522 3962 4082 4502 4922 5402 5962
3412 4032 4838 5179 5675 6326 7225 7628 8217 8961
2333 2543 3278 3362 4139 4349 4790 5420 5546 5987
2914 3838 4286 4594 5182 6134 6694 7198 7450 7870
3572 3782 4592 5042 5552 6512 7052 7442 7892 8612
2371 3084 3337 4027 4441 4924 5292 5798 6097 6557
4490 5502 6866 7570 7966 9066 10342 10826 11574 12806
3747 4307 5042 5637 6862 7352 8017 8927 9207 10362
5202 6302 7002 8152 9752 10802 11852 12202 13952 14852
1002 1272 1422 1622 1882 2192 2342 2602 2772 2892
2102 2662 3082 3462 3722 4122 4702 4922 5262 6002
4328 5714 5882 7478 8192 8528 9998 10880 11720 12434
4762 5362 6242 6762 7682 8322 9162 10402 11002 11362
1172 1262 1432 1642 1902 2142 2322 2422 2782 2992
3852 4762 5007 6057 7002 7317 8192 8647 9452 10467
4817 6167 6527 7427 8642 9857 10172 11207 11792 13187
2998 3754 4482 4986 5182 5854 6162 6806 7478 8122
5502 6352 7652 8802 9852 10902 11752 12852 13852 15002
2762 2954 3698 4106 4514 5018 5570 6170 6506 6962
4286 4790 5726 6302 6590 7526 8534 8894 9542 10730
5302 6152 7002 8502 9152 10452 11202 13002 13552 14152
1826 1954 2306 2754 2994 3202 3826 4018 4402 4562
1012 1402 1462 1732 1872 2112 2312 2442 2672 2962
3957 4412 5217 5602 6337 7597 8122 8927 9242 9872
5267 6212 7157 7247 8777 9632 9947 10802 11702 12872
4578 6030 6866 7438 8318 8846 10210 11046 11838 12894
2810 2930 3842 4226 4346 5234 5666 6194 6338 6770
5312 5897 6617 8057 8147 9407 10217 11477 12602 13277
3598 4001 4342 5179 6202 6791 6915 7566 8403 8930
1667 2072 2327 2582 2702 3077 3422 3617 3962 4322
3929 4061 4886 5744 6074 6998 7790 8417 8582 9374
4182 4752 5892 6424 7108 7602 8818 9692 10604 10756
1102 1402 1452 1782 1822 2062 2392 2402 2702 2822
2025 2093 2654 2824 3334 3708 3742 4269 4490 5034
3863 4589 4787 5579 6437 6602 7526 8384 8780 9836
2042 2093 2416 2841 3198 3640 3759 4099 4422 4898
3797 4127 4919 5447 6503 6602 7691 8252 9011 9440
4136 4877 5657 6827 7022 8465 8777 9947 10922 10922
3533 4424 4787 5744 6272 6767 7427 8384 8615 9242
1640 1780 2144 2256 2578 2858 3082 3544 3782 4020
2502 3002 3727 4077 4977 5452 5802 6177 6527 7302
5196 6519 7793 8234 9263 10047 11223 12595 12840 14163
5902 6002 7752 8702 9352 10552 11602 12752 13902 14502
2270 2543 3362 3362 3950 4370 4832 5273 5861 6071
5292 5890 6718 7408 8650 9478 10168 11272 12514 13710
2463 2923 3544 4027 4349 4832 5177 5568 6005 6810
5234 6098 6818 8642 8834 10418 10898 11954 12482 14258
2810 3460 3668 4188 4708 5670 5748 6372 7100 7412
2073 2586 2757 3308 3707 3916 4562 4752 5265 5398
4214 5072 5969 6671 7490 8582 8933 9479 10883 11663
5407 6300 6629 8462 8697 9966 10859 12222 12833 13397
2555 2877 3475 4096 4510 4970 5200 5637 6005 6488
3319 4249 4528 5241 5892 6605 7163 8000 8093 9054
3813 4590 5774 5922 6662 7772 8364 9141 9992 10843
4097 4797 5392 6162 6967 7492 8157 8822 9557 9802
5132 5672 6482 8102 8732 9767 10262 11522 12377 12737
4106 4676 5930 6614 7450 8058 8856 9274 10186 10718
1124 1443 1685 1839 2059 2268 2433 2796 2895 3214
4635 5127 6562 7300 7505 8530 9555 10252 11359 11482
5076 5420 6151 7312 8129 9118 9591 10580 11268 12085
2970 3446 4286 4734 5602 6050 6722 7198 7702 8178
2762 2762 3452 4050 4142 4740 5361 5522 6166 6672
4146 4442 5922 6440 7254 8031 8290 8882 10325 10917
4471 4922 5947 7300 7751 8612 9596 9924 10744 11605
1514 1738 1976 2480 2788 3026 3194 3586 3740 4188
4202 5588 6260 7436 8234 8612 9452 10208 11762 12350
1416 1948 1962 2382 2760 2942 3180 3628 3796 4132
1370 1538 1886 2162 2354 2414 2882 2930 3170 3506
1192 1202 1482 1682 1952 2122 2202 2452 2612 2872
2777 3477 3577 4427 4852 5402 5777 6152 6527 7277
2690 2954 3602 4298 4586 5066 5450 6194 6338 7178
5454 6535 7193 8462 8932 9872 10906 11893 12927 13444
3980 4916 6164 6866 7412 7919 8816 9947 10571 11468
2187 2605 2871 3118 3688 3897 4372 4657 5094 5607
3922 4797 5497 5672 6932 7107 8332 8822 9137 9872
1528 1836 1962 2312 2662 2928 3306 3544 3852 4076
1179 1509 1586 1916 2169 2411 2477 2642 3071 3115
1238 1490 1862 2078 2330 2438 2654 2954 3134 3566
3362 3586 3978 4902 5266 5742 6302 6862 7702 8094
5686 6813 6960 8675 9165 9900 11370 12546 13085 13918
1940 2331 2501 2722 3402 3572 3929 4235 4524 5017
4802 6194 7010 8594 8738 10418 11042 12482 13106 14306
4796 6065 6958 7522 8932 9449 10671 11611 13162 13303
3606 4286 5034 5850 6462 7210 7652 8332 9148 9794
1928 2342 2540 3008 3494 3692 4142 4358 4898 5366
5186 6146 7682 7874 8834 10322 10994 12098 13058 14162
1402 1808 2158 2270 2606 2886 3334 3516 3684 4188
2206 2434 3042 3232 3688 4011 4505 4695 5227 5360
2952 3352 3827 4052 4752 5302 5677 6127 6552 7202
5666 5906 7490 7922 9170 9746 11186 12194 12530 13778
4952 5672 6887 7877 8462 9857 10802 11567 12242 13097
2396 2669 3068 3488 3803 4538 4811 5294 5777 6239
3640 4762 5374 5476 6292 7210 7958 8264 9352 9522
5407 6535 6864 8368 8838 10295 10389 11611 13068 13350
2291 2711 3089 3509 4160 4391 4958 5420 5651 6008
3422 4202 4742 5282 5522 6032 7142 7292 8222 8882
2073 2434 2757 3137 3460 3802 4239 4733 5208 5664
1772 1877 2177 2597 2792 3077 3452 3632 3917 4397
2598 2664 3280 3698 4138 4402 5084 5612 6096 6228
3916 5132 5854 6424 7184 8210 8552 9464 10338 10718
5147 6666 7303 8822 9557 10194 11321 12105 12987 14653
3572 4272 5112 5987 6407 7387 8227 8542 9242 10222
2463 3153 3475 4073 4579 4763 5430 5752 6442 6534
1874 2288 2792 3188 3548 3746 4142 4340 4718 5132
4710 5722 7042 7174 8318 9066 10298 11002 11926 12850
1654 1864 2060 2396 2746 2928 3278 3558 3712 3950
3202 4194 4546 5730 6306 6690 7522 7682 8418 9122
5343 6519 7205 8185 8969 9949 11174 12056 12791 13918
3402 4388 4762 5578 6190 7380 7618 8808 8876 9828
2654 3122 3824 4474 5020 5514 6060 6684 7126 7412
1124 1476 1542 1795 2147 2323 2433 2664 2939 3269
2891 3458 3944 4376 5402 5483 6050 6482 7562 7994
4286 4322 5186 5762 6770 7634 8246 8858 9506 10694
5292 5982 6810 7500 8650 9202 10536 11226 12790 13480
3138 3922 3950 4678 5490 5854 6666 7002 7702 7926
1322 1514 1766 2090 2162 2582 2822 2978 3218 3482
4402 4882 5682 6482 7722 8202 8882 10002 10722 11282
5343 6078 7548 8136 9263 9802 11615 11860 13673 14359
1821 2365 2705 2790 3113 3419 4082 4303 4762 5085
1602 1922 2498 2658 2978 3474 3778 3970 4274 4482
2732 3174 3694 4292 4994 5696 6008 6684 6996 7802
3998 4826 5294 6194 6914 7562 8030 9146 9686 10262
2111 2529 3004 3194 3555 4011 4410 4809 5208 5360
4664 5084 6722 7394 8108 9074 9494 10754 11216 12392
4786 5798 6672 8052 8696 9202 10628 11364 12514 13020
1298 1550 1898 2006 2378 2402 2642 2954 3278 3422
3980 4320 5374 5918 6666 7448 8060 8502 9012 10066
4722 4962 6282 6722 7442 8362 9442 10242 10802 11722
4562 4562 5512 6196 6842 8096 9008 9160 10224 11250
2827 3052 3877 4352 5002 5302 5702 6252 6652 7227
3961 4627 5663 6625 6773 7772 8364 9141 10066 10473
4984 5736 7428 7663 8932 10013 10953 11376 12363 13679
2620 2818 3258 3808 4116 4402 4974 5326 6052 6514
5378 5858 6962 7826 9458 9746 10946 12098 12866 14306
3474 3877 4590 5582 5830 6357 7442 7690 8434 8930
2162 2378 2684 2990 3476 3890 4178 4412 5006 5366
1328 1770 1978 2173 2459 2745 2888 3278 3525 3902
5177 6302 7022 7922 8912 9362 10217 11657 11792 13187
4372 4562 5778 6386 7070 8286 9046 9578 10604 11326
5102 6202 7302 8002 9752 10602 11602 12952 13702 14952
2062 2762 3002 3542 3842 4402 4762 4862 5382 5902
5476 6212 7362 8144 8742 9524 10582 11502 12422 13112
5490 5980 7156 8381 9606 10341 11664 12252 12742 13967
2532 3038 3522 3830 4336 4842 4952 5414 5722 6426
1012 1332 1582 1602 1922 2152 2202 2592 2692 2802
1346 1670 1886 2006 2234 2534 2666 3086 3350 3362
3082 3474 4258 4846 5154 5630 6302 6890 7674 8010
2945 3755 3998 4700 5240 5942 6428 6887 7076 7751
2450 3242 3458 3890 4538 5186 5570 6050 6482 6962
3453 4004 4468 4671 5628 6092 6585 7484 8122 8383
2702 3377 3971 4538 5051 5618 6455 6995 7211 8075
3332 3842 4322 4802 5942 6152 6602 7502 8252 8762
1712 1967 2207 2612 2732 3227 3482 3617 4187 4352
1562 2012 2402 2657 2792 3302 3542 3692 3962 4307
1190 1454 1652 1960 2147 2279 2620 2851 2928 3137
2918 3377 3998 4808 5213 5645 5969 6725 7076 8102
3854 4430 5042 5834 7130 7346 8606 9290 9434 10370
3242 4022 4802 5402 5612 6182 6782 7202 8312 8522
4646 5592 6022 7312 8043 8774 9677 10795 11397 12644
3998 5145 5885 6107 6773 8068 8179 9104 10362 11028
3164 4125 4869 5241 6016 6574 6946 7907 8124 9085
1152 1362 1512 1662 2002 2072 2362 2482 2772 2832
4682 4955 6086 6866 7685 7997 8621 9557 10220 11000
4202 5168 6428 7058 7772 8780 10040 10586 11720 12056
4471 5701 5947 7218 7710 8735 9268 10334 10744 12015
2025 2263 2484 2841 3096 3708 3827 4167 4524 4966
4136 5072 6086 6944 7646 8582 9011 10064 10493 11195
3566 4589 4919 5579 6470 6734 7724 7955 9242 9341
4994 6722 7538 8450 9122 10466 11138 12194 12770 14210
2739 2762 3268 3843 4303 4602 5407 5775 6028 6534
1367 1601 1952 2160 2589 2784 2979 3369 3577 3655
2810 3122 3928 4630 4838 5514 6060 6450 6840 7672
3714 4162 4770 5218 6370 6402 7618 7682 8770 9570
4930 5458 6646 7306 8274 9198 10342 10694 12014 12762
4749 6347 6582 8321 8979 9637 11047 12081 13068 14008
3778 4386 4578 5762 5826 6626 7074 8130 8610 9058
3980 4762 5170 5510 6190 7448 7652 8570 9080 9828
2877 3502 3952 4302 4927 5452 5652 6277 6602 7377
5138 5954 6962 8114 9410 9746 11186 12098 13298 14162
3929 4292 5249 5645 6140 7064 7295 8219 8747 9539
1682 1794 2060 2466 2662 2830 3292 3488 3642 3950
1157 1366 1641 1839 2103 2367 2642 2840 2895 3247
5338 5936 6718 7684 8696 9892 10444 11502 12422 13388
5302 6052 7002 8852 9052 10202 11602 12452 13902 14302
5222 5717 6437 7382 8822 9137 10307 11072 12467 13097
4850 5762 7490 8450 8642 9890 10706 12434 12578 13634
2902 3598 4352 5048 5338 6324 6759 6991 7977 8499
4952 6077 6752 7922 8912 9812 10757 11567 11747 12602
4702 5642 7052 8462 9120 9449 11235 11611 12645 14102
3708 4592 4864 5680 6394 6904 7516 8468 9488 9658
2576 2796 3346 3918 4006 4666 5150 5326 5766 6382
2054 2282 2700 3080 3669 3954 4524 4562 5018 5512
1668 1878 2060 2382 2662 2956 3278 3558 3866 3922
2206 2605 2700 3232 3460 3916 4391 4600 5284 5569
1354 1692 2017 2186 2355 2654 3109 3148 3512 3681
4331 4590 5552 6329 6958 7735 8512 9104 9696 10621
2992 3564 3850 4240 5202 5462 6190 6424 6918 7698
4840 5496 6193 6603 7915 8284 9637 10334 11359 12261
4502 5807 6752 7337 8102 9272 10622 11252 12557 12647
5552 6852 7902 9002 9602 10002 11752 12552 13152 14952
2073 2282 2776 3080 3460 3954 4391 4619 5170 5379
5219 6535 7334 8039 9073 10154 10765 11658 13021 13303
1921 2396 2662 3194 3517 3954 4220 4904 5075 5398
3586 4066 4482 5442 6370 6818 7330 7714 8866 9122
5652 6802 7452 8252 9802 10952 11702 12102 13652 14552
5642 5642 7146 7663 8791 9590 11047 11282 12222 13444
1262 1562 1838 2078 2402 2426 2798 2966 3182 3470
2202 2884 3280 3852 4270 4820 4974 5370 5722 6316
4682 5807 6572 7652 8822 9767 10667 11387 11702 13412
4842 5898 6954 7922 8670 9418 10210 10782 11618 12630
1637 1952 2252 2402 2792 3062 3467 3692 4157 4337
5357 5672 6617 7472 8777 9812 10442 11387 12107 13007
1500 1836 2186 2354 2522 2830 3334 3418 3908 4160
1650 2050 2530 2818 3026 3234 3650 4114 4370 4754
3452 3932 4802 4892 5792 6152 6722 7742 8192 8402
3941 5267 5657 6788 7607 7841 8660 9440 10766 11312
4042 5162 5962 6802 7322 8082 8802 9882 10842 11202
2438 2774 3089 3635 3950 4391 4622 5105 5861 5945
4604 5072 5852 6671 7022 8504 9011 9674 10649 11078
4282 5322 6402 6482 7402 8082 9042 10282 10642 11722
4242 5522 5722 7202 7602 8242 9162 10282 11082 11282
4946 6098 7058 7682 9122 9746 10658 12002 12866 14114
3234 4482 4546 5602 5762 6722 7234 8002 8322 9154
3250 4062 4468 4642 5657 6034 6585 7049 8035 8673
1523 1588 1861 2329 2550 2654 3070 3122 3538 3720
3192 3859 4584 5193 5425 6295 6933 7252 7832 8296
5402 6052 7502 8702 9802 11002 11502 13002 13402 14452
5266 5642 6958 8462 8885 9872 11000 11658 13021 13256
2498 3050 3386 4058 4682 5042 5570 6098 6434 7202
4035 5071 5256 6329 6884 7772 8734 9215 10140 10806
4898 6626 6770 7826 8738 10226 10850 12290 13250 14258
5686 6372 7107 7989 9165 10684 11076 12301 13673 14114
4122 5522 5722 6762 7922 8202 9202 10282 10962 11482
4474 5592 6237 7398 8301 9032 9763 10494 11526 12257
3122 3382 3980 4344 5124 5280 6008 6242 7126 7490
5735 6127 7842 7940 9753 10341 11125 11909 13085 13967
4030 4790 5512 6272 7260 8058 8514 9692 10452 10946
1682 1862 2222 2537 2882 3062 3422 3647 3962 4487
4372 5094 5930 6652 7450 8362 8628 9616 10186 10756
1874 2002 2402 2690 3138 3426 3634 4130 4402 4530
2402 3362 3770 4082 4802 5138 5690 5834 6314 6914
4220 4590 5774 6144 7365 7846 8438 9363 9918 10658
4202 4832 5042 5952 7002 7212 7947 8997 9802 9907
4072 4664 5404 6033 6921 7957 8586 9252 10140 10510
2693 2831 3613 3728 4418 4809 5108 5614 6373 6902
3924 4516 5848 6440 6773 7661 8845 9178 9844 11028
4322 5602 5602 7122 7322 8362 9562 10282 10962 11322
2777 3052 3502 4227 4777 5277 5652 6177 7002 7302
1910 2396 2846 3008 3530 3890 4088 4358 4862 5222
2577 3452 3777 4277 4727 5277 5777 6277 6677 7102
5452 6852 7052 8952 9602 10902 11652 12252 13052 14602
2474 2882 3578 4106 4418 5282 5570 5930 6626 7178
4106 5132 5930 6728 7602 8286 8362 9274 9996 10718
4898 6626 6770 8210 8786 9602 11282 12146 12626 13778
1354 1666 1848 2121 2420 2797 2875 3239 3447 3694
1892 2378 2666 3206 3332 3818 4232 4412 4988 5240
4214 4862 5258 6446 6662 7274 8498 9110 9794 10118
3105 3975 4497 4758 5657 6324 6759 7281 7687 8412
1172 1292 1592 1712 1892 2012 2272 2572 2702 2832
4580 5126 6176 6806 8108 8570 9326 10166 10964 12434
1826 2162 2354 2738 2882 3330 3650 4082 4482 4658
3332 4202 4382 4982 5942 6032 7052 7472 7862 8402
3776 4388 5204 5850 6598 7108 7754 8536 9080 10032
3076 3511 4178 4787 5222 5889 6411 7310 7716 8557
2552 3127 3727 4277 4802 5202 5702 6302 6752 7302
5686 6519 7842 8773 9606 10390 11223 11762 13379 13869
4474 5635 6065 7269 8086 9290 10236 10924 11741 12859
3452 3902 4442 5342 5822 6362 6752 7652 8282 8822
2122 2642 3202 3582 3762 4202 4442 5062 5322 5822
4430 5127 5824 7300 7915 8653 9842 9965 11400 12179
4643 5111 6086 6398 7685 8582 8660 10025 10649 10922
1974 2297 2552 3028 3402 3419 3895 4388 4694 5085
1821 2229 2518 2977 3130 3691 3895 4422 4575 4847
1416 1934 2060 2396 2648 3082 3236 3572 3894 3922
1666 1986 2258 2882 3106 3202 3602 3842 4482 4658
3467 4523 4688 5414 6371 7262 7889 8120 8648 9308
5378 6242 7586 8162 9458 9650 10562 11522 13442 14018
4861 5893 6624 7355 7742 8774 9634 10451 11956 12429
4666 6030 6646 7658 8626 9374 9902 11222 12278 13158
2952 3252 3552 4477 4652 5152 5752 6252 6902 7077
4184 5496 5824 7341 7587 8735 9596 10621 11154 11523
5392 6078 7450 8773 9165 10537 11027 11909 13575 14702
4990 5377 6323 6925 7828 9333 10107 10881 11784 12859
4706 5168 6008 7184 7562 9158 9242 10208 11762 11930
3082 3670 4314 4650 5126 5742 6694 6918 7534 8122
4143 5619 6357 6808 8079 8284 9555 9924 11031 12056
4058 4721 5462 6788 7061 7919 8816 9557 10610 11273
4916 5126 6302 6848 7982 8444 10040 10670 11384 12056
3878 4660 5238 5782 6700 7142 7482 8366 9352 9760
1122 1322 1602 1692 1852 2032 2202 2452 2632 3002
4370 5756 6050 7436 8318 8990 9704 10754 11552 11888
1874 2178 2418 2722 2930 3522 3778 4034 4194 4658
4748 5336 6218 7100 7940 9074 9914 10586 11342 12266
5132 5402 6617 7292 8957 9767 10577 10802 11837 13322
4937 6441 7052 8462 8697 10248 10671 11282 12692 14102
4799 4963 6275 6644 7628 8325 9842 10252 10949 11892
3062 3812 4322 5102 5792 6032 6992 7562 8192 8762
1102 1252 1432 1722 1822 2032 2382 2592 2762 2982
3362 3938 4930 5282 5922 6946 7650 8322 8418 9090
1052 1202 1472 1762 2002 2152 2392 2602 2612 2942
3308 3482 4236 5077 5483 5889 6440 7136 7890 8470
5076 5463 6710 7613 7785 8731 10322 11053 11397 12515
1190 1421 1630 1960 2191 2202 2576 2796 2884 3247
2546 2930 3434 3962 4514 5234 5594 5762 6386 7010
4517 5248 6882 7441 8559 8946 10279 10795 11655 12128
4446 5898 6294 7834 8758 9682 9990 10782 11794 13202
4368 4479 5330 6255 7106 8105 8475 9511 9992 10584
2576 2972 3104 3830 4116 4512 5194 5612 5876 6382
5666 5858 7154 8450 9362 9698 11234 11570 13106 14402
2402 3194 3746 4034 4418 4850 5306 6194 6650 7010
1542 1948 2060 2480 2564 2900 3110 3628 3866 4090
3538 4150 5272 5816 6530 7482 7516 8774 9250 10202
2486 2900 3498 3705 4510 5016 5384 5568 6350 6764
1315 1679 1978 2342 2550 2836 2927 3239 3460 3902
2111 2434 2700 3194 3612 3840 4410 4942 5246 5531
4410 4676 5664 6804 6842 8248 8742 9806 10148 10642
5119 5721 6624 6882 8473 9333 10150 11010 11827 12816
4902 5882 7058 8430 8920 10635 11762 12105 13183 14261
1872 2297 2705 2926 3164 3657 4082 4371 4456 4864
2202 2602 2962 3302 3882 4162 4582 4922 5502 5742
1179 1333 1586 1960 2147 2378 2642 2796 2895 3170
2502 3202 3827 4452 4752 5027 5677 6227 6652 7452
4302 5420 6796 7355 8430 9247 9892 11139 11784 12257
3712 4867 5427 6057 6442 7597 7772 8822 9102 9942
2165 2858 2963 3551 3782 4496 4748 5168 5588 6092
3778 4162 4962 5762 6274 6530 7170 8226 8738 9154
2073 2396 2795 3042 3688 3821 4429 4847 5151 5645
4947 5549 6796 7570 7957 9118 9720 10580 11698 12472
2090 2306 2864 3206 3602 3800 4232 4322 4952 5132
2450 2906 3698 4274 4562 5162 5282 6146 6410 6866
3002 3692 4202 5252 5732 6452 6692 7412 8192 8582
5714 6338 6770 8642 8978 10322 10754 12386 13202 14210
3096 3278 3798 4214 4942 5202 6060 6372 7204 7334
4937 6112 7099 8180 8838 9637 10624 11470 12316 13209
2522 2711 3089 3719 3971 4496 4790 5084 5882 6071
3482 3743 4207 5193 5454 6092 6933 7513 7687 8296
3782 4970 5294 6158 6950 7490 8318 9218 9542 10766
1982 2360 2540 3062 3386 3746 4268 4664 4988 5312
1256 1421 1641 1938 1982 2389 2609 2763 3071 3137
4225 5209 6275 7259 7423 8899 9473 10621 10908 11564
1322 1550 1838 2138 2402 2642 2738 3050 3158 3398
5202 6002 7202 8202 9552 10752 11802 12452 13802 14452
3602 4082 4622 4952 5762 6572 6752 7472 7862 8432
5330 5906 6818 8162 9410 10226 10658 11570 12818 13826
2762 3170 3722 3986 4394 4922 5618 5786 6674 7034
3698 4490 4985 5843 6404 6767 7328 8120 8681 9737
1940 2076 2416 2977 3079 3725 4048 4133 4575 4813
1367 1614 2030 2147 2433 2706 2966 3265 3564 3863
4689 5893 6581 7570 8602 9376 9935 10365 11827 12257
2268 2818 3082 3720 4072 4820 5084 5524 6118 6382
2647 3130 3452 4119 4349 4763 5108 5798 6143 6603
4144 5322 6044 6614 7336 8248 8438 9692 10300 10870
3332 3722 4232 5192 5852 6392 7052 7802 8312 8462
4487 5384 5696 6632 7100 7997 8816 9401 10337 11468
1666 2034 2370 2690 2994 3250 3586 4162 4290 4690
1418 1562 1898 1970 2246 2450 2858 3062 3290 3410
5042 6212 6482 7292 8597 9902 10487 11387 12377 13412
2130 2605 2795 3137 3536 4182 4353 4619 4999 5436
3642 4797 5532 5812 6407 7667 8087 8717 9592 10467
3412 4342 4404 5365 5675 6760 6915 7504 8496 9116
5234 5906 6722 8114 9602 9602 10658 12386 13346 13730
5360 5783 6723 7757 9308 9402 11188 11658 13162 13961
3192 3714 4091 5077 5570 6005 6701 7223 7600 8586
2510 3060 3324 3918 4380 4754 4886 5700 5832 6426
1549 1679 2056 2134 2420 2836 2940 3356 3447 3850
4947 5893 6581 7441 8387 9075 9806 10451 11698 12042
3538 4728 5408 6088 6428 6802 7686 8774 8876 9522
5052 6152 7752 8202 9402 10402 11502 12002 13352 14552
3122 4112 4502 5072 5732 6452 6722 7472 8162 8582
4257 4479 5922 5996 7069 7698 8734 9437 9881 10658
4132 4867 5567 5707 6302 7492 8017 9032 9102 9977
3242 3932 4802 5252 5552 6032 6992 7712 8312 8492
2440 3153 3429 3866 4188 5039 5131 5660 6258 6649
2042 2642 3202 3542 3862 4362 4542 4942 5282 5862
1802 2306 2846 3170 3296 3872 4124 4358 4898 5060
1872 2314 2501 3045 3283 3470 4031 4422 4439 5068
4162 4802 5682 6762 7962 8322 9202 10362 10562 11482
1702 2042 2450 2926 3266 3487 3827 4354 4660 4813
4106 4862 5762 5798 6662 7562 8210 8678 9974 10550
2732 3200 4058 4396 4942 5410 5930 6710 6918 7542
3980 5072 5696 6359 7490 8504 9089 10025 10649 11156
4014 4490 4898 5476 6530 6904 7686 8842 9114 9760
1714 1938 2434 2706 2930 3458 3570 3954 4434 4738
4635 5414 5906 6972 7997 8284 9022 10580 10867 11892
5522 5752 6534 7546 9202 9432 10260 11732 12284 12974
5313 5971 6770 7804 9261 9402 10530 12081 12786 13961
5000 6470 7401 7842 9312 10537 11664 12203 13722 14261
4106 4466 5474 6014 7094 7706 8426 8930 9686 10658
3133 4342 4714 5334 5644 6636 6884 7969 8403 9271
4984 5877 7428 8133 8556 9966 10859 12175 12692 14008
2282 2472 2966 3308 3517 4163 4448 4733 5037 5360
1226 1658 1862 1994 2366 2510 2834 2894 3266 3578
5098 5980 7548 8185 9410 10635 10929 12497 13134 13967
1940 2127 2399 3011 3181 3742 3776 4116 4575 4796
2858 2906 3578 4298 4514 4802 5378 5930 6650 7130
1393 1575 1991 2290 2537 2784 2888 3161 3486 3824
4214 4898 5150 6482 7094 7310 8570 9146 9974 10478
5430 5844 7086 7546 8742 9478 10858 11318 12054 13388
1855 2331 2467 2756 3317 3708 3912 4286 4626 4796
5402 6252 8002 8652 9152 10202 11902 12702 13352 15002
2810 2954 3626 3914 4778 5018 5378 5906 6242 7106
2598 2774 3324 3786 4160 4732 4930 5414 5832 6162
2246 2906 3412 3698 4314 4644 5106 5612 5854 6536
5313 6112 7475 7616 9261 9872 10530 12081 12363 13867
3572 4694 5170 6088 6428 7040 8128 8774 9352 9522
2862 3200 3642 4162 5124 5618 5982 6684 6944 7516
3896 4556 4952 5711 5942 7196 7658 8285 8780 9902
3212 3842 4562 4922 5582 6272 6722 7262 7862 8852
3426 4098 4578 5698 6146 6850 7362 7714 8802 8994
2836 3564 3954 4526 5046 5644 5748 6684 6866 7542
5357 5537 7067 8012 8147 9002 10532 10847 12107 13187
2025 2297 2552 2858 3283 3470 4082 4082 4558 4864
2262 2442 3002 3542 3882 4342 4742 5202 5482 5902
1358 1538 1826 1946 2210 2570 2702 3086 3158 3578
2960 3888 4526 4845 5715 6353 6527 7513 7919 8499
5202 6602 7502 8802 9902 10202 11802 12252 13552 15002
1245 1520 1685 1839 2125 2235 2477 2719 2983 3159
4930 5370 6206 7790 8054 9506 9902 11398 12190 12982
1514 1892 1990 2298 2802 2970 3362 3600 3866 3964
3922 4832 4902 5637 6442 7352 8192 8927 9697 10257
3599 4490 4688 5645 6602 7031 7262 8153 9011 9341
1556 1724 2200 2298 2732 2900 3334 3544 3698 3978
3426 4290 4866 5122 5826 6818 7298 7970 8962 9474
3810 4592 5136 6020 6700 6802 7992 8230 9080 10100
2474 3362 3770 4130 4370 4898 5762 6218 6722 7082
1354 1705 1952 2290 2472 2732 2927 3369 3564 3902
5138 6722 7538 7874 8690 9986 10706 11522 12962 14306
1419 1783 1926 2186 2485 2602 2940 3200 3603 3824
1032 1202 1542 1792 1942 2052 2222 2552 2632 2962
1640 1934 2242 2312 2564 2914 3334 3474 3782 4076
1928 2180 2594 2990 3584 3764 3962 4340 5042 5240
2620 2686 3192 3676 4116 4842 5216 5634 5744 6184
4802 5442 5722 6922 7762 8442 9082 9682 10922 11602
1334 1502 1910 1958 2258 2630 2834 3062 3146 3482
3192 3946 4120 4961 5222 6382 6411 7455 8093 8470
1245 1410 1630 1883 2092 2290 2422 2785 2873 3214
2282 2622 2882 3502 3602 4402 4682 4882 5342 5802
2970 3586 4146 4538 5490 5854 6162 7198 7702 8318
2072 2180 2702 3206 3494 3800 4106 4394 4862 5258
1787 2042 2620 2807 3283 3589 3895 4320 4507 4915
1602 2178 2242 2706 3090 3410 3794 4146 4194 4562
1486 1738 1976 2326 2704 2998 3320 3474 3684 4090
4072 4960 5700 6329 6921 7809 8586 9511 10103 10732
2244 2472 2871 3213 3517 3840 4524 4581 5284 5569
1289 1454 1674 1773 2191 2356 2554 2730 3038 3225
2834 2906 3794 4226 4370 5018 5306 6122 6482 7106
2902 3177 3552 4327 5002 5027 5927 6077 6877 7327
2680 3460 3980 4396 5124 5202 5956 6528 6788 7750
2914 3278 4136 4500 5020 5618 5826 6528 6892 7698
5002 6652 7402 8452 9902 10902 11102 12402 13352 14152
1874 2050 2258 2882 2962 3234 3826 3874 4178 4690
5302 6802 7702 8602 9602 10402 11002 13002 13452 14502
3490 4322 4706 5218 5858 7010 7138 7938 8514 9346
1787 2382 2671 2824 3249 3725 3793 4133 4762 4864
1402 1850 2102 2396 2536 3040 3138 3404 3684 4006
1826 2194 2482 2610 3186 3394 3522 3986 4162 4674
4689 6022 6753 7527 7871 8602 9892 10408 11870 12300
4136 5306 5852 6788 7724 8465 8933 9596 10922 11234
2312 2753 3362 3719 3887 4349 5000 5420 5630 6155
4072 5182 5589 6033 7032 8031 8512 9215 9622 10658
2018 2180 2540 3224 3278 3854 4106 4592 5042 5150
3710 4970 5330 6446 6842 7670 8426 9002 10010 10694
4994 6722 7634 7826 8642 10466 11090 11618 13442 13922
1486 1738 2004 2340 2592 2844 3362 3502 3838 3922
2450 3146 3626 3938 4538 5282 5450 6050 6674 7106
2532 3060 3280 3720 4138 4688 5040 5568 5920 6250
1778 2114 2386 2594 3122 3522 3810 3970 4338 4482
5426 6722 7010 7970 9122 9650 11522 12002 12914 14066
2810 3593 3809 4592 5024 5942 5969 6671 7373 8048
1682 1920 2172 2466 2690 2956 3278 3600 3684 3936
5735 6715 7450 8381 8871 10047 11174 11762 13281 13722
1500 1696 2130 2452 2718 2928 3208 3432 3810 4062
3302 4160 4886 5909 6569 6701 7559 8252 8945 9440
4881 5373 6521 6726 7546 8694 9391 10580 11318 12097
2802 3152 3802 4177 4852 5027 5677 6377 6977 7202
2578 2877 3429 3705 4579 4671 5338 5614 6074 6718
5702 6902 7102 8852 9402 10152 11402 12002 13702 14552
4334 5094 5436 6652 6994 7678 9122 9236 10566 11326
2522 3098 3506 4082 4370 4994 5666 5930 6650 6770
1406 1478 1874 1946 2402 2510 2786 2978 3350 3422
5222 5582 6527 7517 8147 9137 10172 11207 11972 13457
1719 2365 2382 2977 3215 3436 3946 4184 4609 5051
5042 6290 7010 8210 9218 10514 11474 12290 13346 14210
3674 4490 4762 5646 6564 6870 7788 8672 9250 9828
4646 5807 6323 7269 8043 8989 9935 11096 11827 12816
1652 1952 2267 2492 2837 3287 3557 3677 4202 4322
3122 3662 4742 5252 5762 6422 7142 7772 8372 8432
4214 4322 5042 6050 6698 7814 8318 9146 10010 10226
4799 5209 5783 7054 8079 9022 9063 10457 11236 12179
2702 3102 3502 4227 4527 5177 5852 6452 6902 7102
3394 4354 4898 5570 6146 6658 7682 8322 8418 9506
1022 1262 1522 1722 1832 2052 2272 2462 2602 2882
2302 2642 3082 3422 3782 4002 4562 5022 5602 5742
3677 4622 5042 6092 6687 7072 8297 8437 9172 9977
3133 4001 4962 5334 5768 6729 7442 7597 8124 8837
3053 3566 3971 4484 5078 5456 6293 6509 7130 7616
4786 5660 6948 8282 9156 9202 10536 11594 12422 13296
5238 5326 6602 7790 8230 9418 10166 10694 12234 12718
5000 6176 7695 8038 9410 10096 10978 11860 13183 13869
2602 3174 3824 4630 5124 5722 6216 6580 7178 7490
4454 5252 5924 7562 8402 8528 9410 10922 11468 11762
3018 3226 4058 4656 4708 5410 5930 6294 7048 7464
3980 5111 5618 6515 7763 8465 8699 9518 10883 10922
1486 1780 2088 2494 2648 2886 3082 3404 3880 4090
4524 4904 5360 6804 7374 8362 8780 9768 9882 10908
1622 1997 2402 2597 2912 3182 3407 3632 4037 4247
3362 4386 4642 5634 6402 6690 7362 8066 8450 9506
5548 6300 6629 7851 8791 10248 10765 11846 12410 13397
3453 3627 4323 5077 5425 6237 6556 7368 7948 8267
1794 1938 2338 2802 3170 3346 3650 4050 4418 4722
3946 4320 5170 5544 6394 7176 7516 8808 9114 10100
1082 1372 1432 1642 1832 2072 2372 2452 2612 2802
3266 4098 4546 5474 6242 6434 7586 7970 8866 9282
3957 4797 5602 6022 6932 7212 8122 8437 9102 10502
2102 2482 2822 3562 3602 4362 4402 5122 5402 5942
1298 1466 1766 2162 2234 2558 2822 3110 3134 3590
1262 1646 1766 2150 2318 2594 2678 2882 3362 3374
5222 5807 6437 8057 8417 9362 10082 11072 11972 12872
5194 6074 6998 7086 8142 9594 10562 11266 11574 13070
3810 4194 5122 5122 6146 6594 7458 8322 8706 9122
3308 3743 4497 4787 5396 6324 6759 7368 7687 8209
3422 3962 4712 5162 5492 6422 6932 7802 8342 8942
5852 6802 7052 8802 9152 10452 11552 13002 13402 14602
3443 4125 4466 5272 6047 6233 6822 7876 8651 8899
2182 2802 3002 3482 3642 4142 4402 4962 5522 5862
3844 4558 5068 5442 6292 7312 8026 8570 9182 9692
2312 2664 3346 3786 4182 4798 5260 5304 6118 6404
4578 5414 6690 7350 8274 9198 10078 11266 11442 12542
5595 5736 7146 7898 8509 10107 11282 12175 13021 13773
2918 3350 4322 4619 4997 5672 6455 6779 7238 7589
3602 4322 5402 6302 6554 7238 8246 9002 9758 10514
3926 4322 5186 6086 6842 7814 8498 9074 9614 10442
1245 1388 1729 1795 2125 2290 2433 2664 2961 3126
5266 6394 6958 8321 8979 10154 11141 11329 12833 13961
2444 2862 3522 3852 4028 4402 4886 5282 6140 6316
5618 6626 7202 8018 9506 10370 11042 12338 12722 14114
1787 2042 2722 2790 3249 3691 3827 4167 4609 4796
3817 4587 5392 5602 6582 7212 8332 9067 9172 10222
2810 3782 3971 4322 5105 5618 6320 6536 7508 7967
2025 2076 2705 2977 3283 3436 4065 4167 4524 4915
5042 6146 6866 7874 9554 10226 10994 12482 13250 14258
1032 1212 1592 1672 1992 2122 2212 2592 2622 2892
4002 5402 5602 7122 7682 8322 9442 10042 10522 11682
2263 2624 2966 3175 3650 3878 4277 4752 5284 5436
4257 4664 5330 6662 7106 7624 8142 9437 10029 10880
4517 5635 6581 7183 7914 8817 9548 10752 11311 12644
3712 4692 5532 6022 6792 7352 7702 9067 9102 10362
5735 6715 6862 8381 9361 10488 11419 12154 13722 13918
3394 4130 4994 5410 6050 6498 7138 7938 8482 9250
2594 3098 3842 3914 4418 5138 5522 6050 6386 6770
3288 4032 4621 5365 5582 6202 7287 7504 8124 9085
2552 3477 3977 4402 4802 5202 5927 6202 6677 7302
2666 3146 3458 4298 4442 5234 5570 6074 6362 7058
5522 6258 6626 8052 9202 9708 10398 11962 12698 12974
4754 5282 6822 7702 7966 9066 10254 11002 11926 12454
3424 3598 4526 5164 5773 6121 6933 7223 7716 8151
2224 2950 3214 3522 4380 4666 5062 5700 5832 6316
4802 4842 6042 7162 7402 8642 8922 9602 10442 11322
4722 5082 5882 6922 7522 8482 9442 10162 10442 11442
1484 1640 1939 2303 2368 2693 3109 3148 3382 3863
1190 1344 1608 1828 2125 2257 2609 2697 3027 3148
4286 4970 5042 6338 6482 7670 8606 8822 9362 10802
1322 1531 1608 1960 2070 2378 2466 2829 3027 3258
1536 1614 1835 2342 2511 2732 3109 3226 3460 3759
4302 5721 6495 7312 7957 8774 9935 10365 11655 12902
2502 3252 3752 4477 4952 5077 5652 6227 6702 7052
3221 3801 4642 5164 5454 5831 6672 7078 7745 8296
1300 1388 1630 1960 1993 2202 2477 2664 2895 3170
2977 3027 3777 4102 4902 5102 5727 6027 6652 7227
4175 5033 5540 6983 7685 8504 8816 9674 10454 11117
1821 2127 2552 3011 3096 3674 3912 4167 4745 5051
3572 4762 5068 6020 6360 7176 7788 8434 9148 9522
1923 2314 2535 2909 3130 3623 3810 4150 4507 4813
3691 4218 4652 5520 5644 6605 7349 7783 8124 9116
2168 2605 2662 3213 3650 4125 4353 4657 4961 5607
1250 1490 1718 1970 2198 2462 2786 2954 3182 3518
4602 6258 6672 7822 9018 10076 10306 11548 12100 13756
1517 1997 2357 2612 2897 3017 3482 3857 4127 4217
5252 6302 7352 8252 9552 10802 11252 12102 13352 14202
3164 3908 4745 5427 5675 6822 6884 7597 8279 9302
3242 4112 4802 4952 5612 6212 6962 7652 8342 8462
5162 5592 6151 7441 7828 9032 9935 10881 11870 12902
2940 3382 3928 4240 4994 5254 5930 6762 7282 7620
4512 4963 5783 7218 7505 8981 9555 10334 10990 11646
4758 5496 5988 6808 8120 8325 9719 10539 11031 11851
1278 1377 1652 1861 2081 2389 2620 2840 2873 3280
3504 4422 5204 6020 6326 7244 7550 8502 9352 9556
1052 1402 1552 1732 1842 2152 2362 2452 2602 2842
3026 3894 4006 4678 5070 5910 6610 7170 7730 8010
3330 3842 4994 5250 6114 6530 7042 8194 8802 9474
2474 3338 3674 4034 4634 4850 5426 5906 6314 7058
4799 5250 6029 6644 7546 8571 9391 10129 11318 12261
1890 2178 2338 2802 2994 3410 3810 3986 4338 4514
3134 3269 4322 4403 5024 5402 6293 6617 7049 7670
1497 1627 1835 2082 2459 2849 3031 3252 3577 3785
5119 5592 6237 7742 8602 9247 10150 11182 11440 12042
4840 5045 5988 6562 7751 8817 9514 10047 10703 11523
3850 4775 5848 6551 7180 7957 8623 8882 9622 11102
4482 5282 6042 7122 7442 8722 9562 9842 10442 11922
1514 1920 2144 2466 2620 3026 3110 3558 3852 4146
3691 4001 4497 4993 6140 6574 7194 7721 8651 9085
5234 6626 7202 8258 9410 10178 11378 12290 13394 14258
1201 1355 1553 1960 2114 2202 2488 2851 3049 3082
3536 4280 4652 5365 6109 6295 7194 7938 8651 9178
1772 2072 2252 2657 2732 3002 3377 3617 4172 4337
3980 5462 5657 6281 7685 8114 8855 9596 10805 10961
4922 5250 6029 6644 7874 8366 9555 10498 10908 11769
2102 2562 3022 3462 3962 4202 4762 5102 5402 5622
4861 5893 6194 7656 8086 9161 9591 10795 11913 12859
2989 3743 4439 5048 5396 6353 6382 7455 7600 8151
3912 4762 4830 5884 6598 6972 8094 8638 9284 9624
3434 4589 4853 5744 6569 6767 7856 8120 8714 9407
5042 5840 5924 6890 8066 8444 10082 10838 11258 12560
4560 5764 6624 7312 8602 9161 10279 10365 11397 12042
2902 3052 3802 4502 4502 5077 5627 6452 6527 7252
4082 4218 4830 6054 6768 7346 7686 8434 9522 9556
1234 1520 1597 1938 2125 2356 2499 2697 2939 3236
2966 3616 3902 4240 4734 5696 5826 6632 6918 7776
1458 1666 2043 2225 2459 2628 3070 3278 3408 3720
4348 5414 6152 6644 7751 8284 9145 10662 10662 11564
5292 5890 7316 7362 8926 9294 10812 11594 12836 13434
3850 4849 5626 6477 7365 7772 8882 9326 10103 10695
2960 4033 4497 5048 5773 5976 6759 7223 7629 8209
4762 4922 6122 6802 7962 8202 9042 10042 10882 11802
3362 3782 4398 4482 5126 5630 6554 7226 7702 8346
3443 3846 4807 5303 6047 6388 7225 7690 8093 9023
1804 2212 2535 3011 3079 3708 3946 4099 4439 5017
5177 5897 6977 7742 8192 9452 10352 11522 11702 12647
2716 2762 3452 3958 4303 4648 5085 5913 6074 6764
3092 3992 4532 4892 5972 6512 6932 7382 7802 8642
1838 2127 2637 3062 3130 3555 3912 4354 4473 4847
2165 2921 3257 3530 4055 4307 4895 5273 5588 6008
4142 4754 5258 6482 6986 7742 7958 9038 9542 10406
2570 3362 3746 4010 4490 5210 5306 6170 6554 7130
3002 3812 4442 5222 5792 6062 7082 7322 8282 8912
1146 1333 1762 1905 2103 2290 2422 2796 2873 3104
4132 4447 5462 6162 6687 7247 7737 8857 9172 9837
3298 3970 5058 5506 6114 6914 7490 7714 8674 9218
2931 3598 4091 5135 5396 5831 6469 7165 8006 8470
1278 1322 1608 1850 2092 2246 2499 2664 2862 3280
5762 5906 7538 8066 9122 10226 11282 12386 12674 14162
1112 1392 1422 1772 1942 2082 2362 2472 2672 2922
1959 2529 2833 3194 3460 3935 4239 4752 5113 5398
5686 6323 7009 8185 8969 9900 11762 12546 13673 14310
4622 5634 6646 7306 8054 9286 10298 11222 11970 12542
5642 5783 7522 7851 8509 9496 10342 11893 12974 14008
1367 1718 2069 2225 2342 2810 3044 3343 3408 3759
1906 2242 2562 2722 3186 3266 3570 4098 4226 4786
3782 4902 5357 6092 6967 7002 7877 8717 9697 10292
5033 5592 6237 7269 8301 9075 10236 10967 11956 12472
2126 2486 2774 3134 3566 3890 4016 4322 4988 5042
1484 1809 2004 2303 2407 2836 3044 3304 3395 3746
5952 6002 7902 8352 9452 10802 12002 12552 13052 14252
3522 4066 4482 5730 6306 6658 7394 8194 8706 9506
5252 6152 7902 8802 9402 10152 11002 12252 13902 14952
1682 1922 2192 2537 2987 3032 3437 3632 4157 4427
1874 2324 2792 3098 3530 3782 4250 4394 4718 5294
4282 5482 6202 6602 7962 8282 9082 9962 10602 11602
3852 4727 5532 5602 7002 7667 8367 8507 9242 10397
3362 3632 4592 5342 5942 6482 7172 7232 8012 8612
3746 5042 5258 6338 7022 7526 8354 9146 9722 10658
1062 1232 1492 1612 1962 2092 2282 2452 2672 2882
3334 3810 4034 4622 5238 5798 6302 7170 7646 7982
1262 1490 1742 1922 2162 2414 2834 2918 3182 3602
1682 2066 2530 2866 3042 3314 3666 3986 4482 4610
1940 2643 2757 3156 3650 3802 4201 4600 4961 5436
5078 6582 7240 7945 8979 9825 10342 12128 12974 13961
3053 3620 4187 4538 5105 5510 6050 6914 7508 7643
3957 4307 5497 5847 6372 7632 8367 8717 9767 9942
3887 4812 5515 6144 6921 7735 8142 8993 9955 10732
5245 6862 7254 8136 9410 9900 11566 12105 13036 13869
3954 4828 5474 6310 7260 8020 8894 9768 10186 10756
3350 4032 4590 5551 5613 6481 7132 7473 8062 8992
5312 5402 7157 7832 8417 9137 9992 11612 12422 13412
2035 2491 2852 3080 3631 3802 4448 4676 5322 5569
4258 5284 5778 6652 6880 7982 9008 9654 9882 10946
3366 3888 4381 4642 5396 6092 6730 7339 7745 8499
2858 3530 4370 4650 5266 5770 6386 7030 7310 8402
3890 4862 5042 5762 6914 7670 7922 9254 9830 10622
5000 6715 7793 8773 9312 10782 11321 12056 13624 14457
3500 4358 4655 5678 6404 6668 7889 8582 8945 9506
1502 1862 2297 2537 3002 3197 3362 3647 4022 4472
1182 1332 1422 1732 1842 2182 2252 2412 2602 2832
4666 6074 6338 7482 7922 9550 10430 10958 11926 12322
3188 3566 4241 4538 5024 5699 5942 6914 7535 7670
1562 1692 2017 2251 2524 2641 3122 3278 3447 3668
3102 3784 4435 5365 5923 6605 6822 7752 8651 9302
3890 4682 5762 6230 6698 7238 7958 8750 10010 10190
5266 6018 7334 7710 8838 9402 11141 11846 12551 14102
5618 6674 6914 7826 9218 9794 10802 12338 13442 13874
1135 1476 1597 1949 2136 2213 2532 2818 2994 3170
3337 3975 4613 4642 5715 5889 6498 7339 7629 8383
4266 5004 6398 7300 8079 9022 9145 10088 11400 11605
3722 3784 4683 5334 5737 6357 7225 7938 8527 9116
2224 2752 3104 3742 4380 4798 5062 5304 5810 6162
4144 5246 5512 6576 7412 8362 8894 9312 10376 11136
4307 5619 6029 6972 8079 8325 9842 10211 10908 12097
3337 3482 4439 4642 5628 6382 6933 7136 8093 8238
1358 1610 1790 2054 2186 2618 2834 2894 3338 3374
2598 2950 3192 3588 4138 4556 5018 5502 6096 6162
5162 5291 6065 7355 8430 9290 9978 11182 11526 12214
1562 1666 1900 2108 2420 2628 3005 3174 3512 3876
4594 5455 6562 7095 8161 8530 9473 10129 11072 11605
3332 3782 4592 4952 6002 6482 7142 7472 7802 8732
3394 4418 4578 5122 6242 6402 7682 8002 8738 9186
1302 1783 1861 2264 2511 2602 2953 3317 3460 3837
3166 3782 4426 4818 5294 5658 6190 6778 7562 8206
4142 4826 5510 5762 6482 7454 8354 8714 9398 10298
1592 2042 2252 2627 2702 3092 3362 3617 3902 4217
2111 2472 2909 3270 3612 4087 4258 4771 5132 5436
2522 3218 3650 4298 4802 4850 5498 6170 6242 6914
3710 4682 5582 6338 6590 7850 8066 9038 9578 10262
1223 1509 1718 1773 2147 2422 2521 2752 3005 3159
2942 3418 4482 4622 5294 6134 6610 6834 7730 8318
2322 2782 3122 3262 3922 4022 4442 5002 5202 5982
2758 3590 4084 4318 4890 5696 5956 6736 6918 7620
4951 6274 7058 8822 9067 10341 11713 12105 13036 14065
4402 5202 5882 7082 7242 8442 9522 10122 10882 12002
4682 5072 5696 6359 7100 8426 8777 9752 10181 11663
2777 3227 3852 4227 4852 5177 5677 6202 6777 7177
2594 3362 3722 3842 4778 5138 5546 5906 6482 6914
4874 5336 6218 7562 7856 9158 9242 10460 11552 12392
1978 2510 3023 3308 3422 4182 4201 4885 5094 5512
1146 1377 1641 1938 2158 2301 2477 2642 2961 3181
3810 4456 5102 6088 6394 6870 7924 8672 8842 9862
4490 5458 6558 7482 8450 9022 10034 10562 11970 13202
3992 5056 5322 6728 7412 7830 8438 9882 10452 10718
3640 4660 5442 6020 6224 7346 8094 8808 9114 9522
3002 3277 3827 4252 4727 5102 5602 6202 6702 7077
4097 4877 6047 6554 7763 8348 9011 10064 10142 11156
2022 2542 3002 3222 3602 4282 4602 5022 5342 5742
4296 4562 5322 6576 6880 7602 8514 9312 9882 10946
3234 4162 4994 5442 6402 7042 7074 7970 8930 9378
2144 2414 2720 3188 3602 3872 4268 4664 4826 5312
1682 2087 2282 2447 2882 3152 3542 3812 4172 4382
4448 5462 5618 6281 7451 8465 9089 9674 10688 11390
4702 5689 6817 8180 8650 9543 10483 11799 12504 13961
4602 5890 6672 7546 8834 9846 10628 11778 12192 12882
2992 3460 3876 4526 5150 5670 5956 6268 6840 7646
1902 2510 2909 3156 3707 4030 4277 4657 5151 5531
2501 2669 3278 3509 3866 4433 4916 5084 5462 5924
1315 1588 1900 2212 2524 2602 2979 3317 3590 3837
1315 1783 2004 2238 2550 2849 2862 3187 3473 3850
3746 3970 4994 5346 6338 6818 7202 7874 8962 9282
4035 4516 5478 6625 7291 7698 8253 9141 9992 10547
4984 6300 7052 8462 8791 9919 10671 11517 12269 13773
1940 2144 2518 3028 3351 3606 3997 4184 4677 5102
2207 2564 3173 3404 4139 4307 4643 5231 5504 6302
3712 4762 5042 5847 6407 7107 7947 8787 9592 9837
1322 1410 1553 1806 2125 2378 2609 2686 3016 3126
4710 5370 6690 7570 7966 8846 9990 10606 11618 12982
2342 2762 2802 3602 3642 4022 4582 4982 5502 5722
4162 5602 5722 7122 7802 8642 9282 10002 11042 11202
1445 1653 2069 2082 2472 2784 2992 3265 3486 3863
4202 4882 5762 7002 7242 8162 8962 10122 10522 11802
4082 4626 4966 6054 6734 7040 7550 8468 9420 10032
2102 2402 2982 3202 3642 4322 4682 5042 5562 5822
1946 2396 2540 3062 3584 3944 4106 4376 4682 5366
1190 1476 1663 1861 2048 2345 2433 2774 2873 3247
1311 1421 1707 1960 2081 2257 2521 2719 2972 3214
4446 5898 6250 7394 8714 9638 10474 11266 12014 12718
1714 2178 2466 2658 2930 3490 3730 3986 4258 4562
3202 4098 4802 5410 6338 6434 7330 7746 8738 9090
4952 5987 6347 7652 8327 9677 10712 11072 12602 12917
3776 4150 5102 6088 6632 7414 7788 8604 9284 9590
1322 1454 1742 2066 2390 2582 2834 2966 3302 3482
2680 3226 3798 4240 4968 5670 5852 6762 7126 7594
4202 4832 5357 5637 6582 7002 8157 8752 9382 9837
1300 1410 1740 1883 1993 2345 2576 2752 2994 3225
1742 1877 2237 2507 2792 3032 3572 3737 3947 4457
5000 6715 7499 8430 9067 10488 10831 12154 12840 14114
3863 4127 4787 5480 6206 6701 7493 8153 9209 9242
2130 2605 2757 3232 3555 3992 4429 4904 5018 5664
2162 2482 3182 3302 3802 4182 4562 4962 5562 5682
5125 6582 6864 7898 9355 10154 10859 11893 12692 14102
2244 2339 2757 3251 3536 4106 4372 4828 5075 5664
1991 2348 2688 2773 3368 3623 4014 4116 4473 4932
2810 3539 3944 4754 4997 5564 5996 6860 7130 7616
3854 5042 5222 6266 6590 7814 8390 9074 10010 10442
5454 5971 7005 8321 8462 10342 10859 12222 12880 13491
2532 2950 3170 3566 4292 4556 4842 5326 5832 6338
3538 4354 5340 5918 6190 7482 7584 8400 9488 9726
2282 2642 2942 3522 3622 4242 4422 5082 5482 5942
1052 1322 1522 1642 2002 2132 2322 2402 2732 2932
1234 1399 1630 1938 2114 2290 2620 2752 3082 3269
3122 3486 3876 4578 5202 5722 6008 6632 7126 7490
4648 5798 6902 7822 8972 9708 10628 11640 12284 13618
2354 2669 3110 3698 3950 4433 4874 5462 5588 5945
3567 4342 4590 5272 6016 6822 6822 7721 8062 9023
2498 2882 3818 4130 4634 5234 5402 5834 6506 7130
1444 1682 2144 2298 2536 2984 3320 3516 3642 4118
2417 2795 2963 3488 4076 4349 4958 5252 5651 6281
2522 3050 3410 4130 4322 5186 5690 6170 6482 7034
4862 5897 7157 7922 8732 9497 9947 11252 11702 12962
4202 5336 6302 7100 8318 8738 9788 10922 11552 12518
3742 4762 5204 5578 6496 7244 7686 8774 9216 10066
3542 3992 4772 5192 5852 6422 6902 7202 8222 8672
2054 2522 2738 2918 3278 3944 4214 4484 4736 5384
5252 6852 7802 8252 9402 10552 11702 12302 13452 14652
5474 6194 7202 8642 9170 10226 11282 11810 13298 13778
2016 2339 2795 3118 3783 3897 4524 4619 5075 5569
3922 4657 4937 5602 6337 7142 7842 8752 9627 10292
4997 6122 7067 8102 8957 9542 10532 11297 11837 12647
1502 2012 2297 2672 2912 3062 3377 3692 3947 4217
5714 5858 7298 7826 9458 10370 11330 12434 12722 13442
1298 1442 1706 2006 2270 2642 2834 3062 3134 3374
1298 1622 1766 1970 2174 2414 2702 3026 3254 3590
4722 4962 5722 6442 7842 8442 8962 10162 11122 11802
3747 4412 4937 5672 6652 7072 7702 8682 9522 10257
1794 1922 2402 2658 3010 3458 3570 3906 4226 4498
1442 1574 1862 2090 2186 2582 2714 2882 3290 3410
1052 1372 1542 1772 2002 2042 2222 2442 2762 2972
5194 5282 6602 7086 8098 9506 10166 11134 11750 12850
4817 5942 6887 7967 8102 9092 10082 11297 12017 13097
5302 6052 7302 8302 9702 10702 11402 12202 13552 14602
4097 4955 6086 6320 7139 7802 8621 9869 10181 11234
4798 5678 6822 7526 8582 9418 10562 11222 11794 13070
3032 3962 4562 5222 5462 6572 6752 7802 7952 8582
2244 2491 2833 3194 3460 4106 4258 4904 5094 5379
4553 5742 6111 7013 7464 8407 9678 10621 10662 12302
5138 6146 7634 7922 9362 9890 11138 11714 12962 14162
4214 5462 5735 6437 7295 8114 9362 9674 10142 11546
1157 1399 1542 1806 2037 2224 2499 2796 2873 3258
4027 4867 5602 6162 6337 7492 7947 9067 9277 10222
3467 4556 5084 5381 6074 7130 7592 8549 8978 9671
2108 2504 2828 3044 3368 3908 4124 4394 4862 5114
4292 4721 5852 6320 7412 8426 9206 9479 10220 11117
3522 4258 4706 5474 6402 6594 7554 7874 8738 9474
2144 2774 3278 3551 4076 4328 4706 5231 5777 5903
3854 5006 5690 6338 6662 7526 8066 8822 9578 10190
1245 1399 1685 1982 2169 2334 2609 2818 2884 3280
3802 5208 5968 6272 7032 8362 8552 9730 10300 10946
4294 4738 5811 5959 6884 7587 8623 8882 9992 10806
2426 2978 3626 3938 4658 5282 5354 5930 6722 7010
3194 3894 4118 4706 5238 6106 6638 6946 7310 8206
1302 1757 2017 2212 2563 2706 3122 3122 3499 3772
2302 2522 3122 3462 4002 4262 4422 5022 5462 5722
1634 1922 2274 2706 2994 3378 3586 3938 4194 4754
3319 4311 4435 5334 5737 6357 6853 7752 8279 8713
4405 4960 5441 6588 6662 7809 8623 9474 9992 10584
5752 6102 7002 8952 9052 10952 11452 12702 13002 14952
3998 4862 5402 6302 7022 7886 8606 8858 9974 10190
3424 3946 4526 4990 5280 6092 6788 6991 7716 8354
4916 5336 6008 7058 8150 8654 9536 10502 11594 12476
1514 1794 2032 2382 2522 3054 3180 3362 3782 3964
1547 2027 2342 2567 2717 3287 3362 3887 4127 4457
3076 3511 4555 5135 5512 5889 6672 7281 7600 8644
4097 5423 6164 6671 7568 8114 9206 9713 10883 11156
4294 4775 5478 6070 7217 7957 8808 9400 10214 11065
4389 5455 6521 6562 7833 8325 9063 10498 11359 11646
5476 6120 6672 7776 8282 9478 10490 11824 12606 12882
5049 5931 7107 7940 8822 10243 11272 12644 12987 14604
4431 5678 6108 6925 7785 9032 9505 10924 11397 12558
1842 2082 2306 2610 3138 3282 3586 4162 4290 4754
1135 1399 1751 1949 2114 2345 2499 2774 2917 3192
2552 3177 4002 4377 4727 5077 5577 6477 6502 7402
5378 6098 7058 7778 8690 9938 10754 11522 12818 13922
5752 6202 7752 8552 9952 10902 11852 12202 13852 15002
4446 5898 6162 7658 8538 9198 10034 10958 11574 13202
5222 5402 7112 7427 8237 9002 10487 11297 11882 13052
4070 5006 5294 6230 6842 7778 8534 8930 9398 10226
3166 3390 4286 4678 5602 5658 6414 6918 7366 8346
5402 6952 7552 8102 9952 10452 11352 12602 13552 14552
2122 2562 2962 3582 3862 4242 4802 5082 5382 5722
2598 3060 3368 3522 3962 4776 5172 5480 5986 6228
4175 5189 5696 7022 7373 8036 8894 9791 10571 11624
3188 3755 4133 4430 5051 5456 6212 6698 7427 7940
1112 1292 1572 1712 1992 2022 2402 2542 2742 2972
2827 3277 3927 4502 4577 5202 5577 6327 6702 7402
1278 1454 1553 1784 2136 2389 2521 2851 2906 3159
1162 1342 1562 1782 2002 2172 2342 2452 2752 2992
3840 4866 5854 6614 7374 8324 8894 9160 10338 10870
1322 1646 1766 2162 2330 2558 2738 3026 3242 3458
5426 6002 7010 8498 9026 9938 11234 11954 13058 13826
1514 1682 2004 2270 2634 2816 3292 3502 3768 4062
3195 3877 4745 5427 6016 6357 7101 7659 8651 8775
1062 1362 1442 1732 1812 2092 2372 2602 2632 2882
4405 4812 5663 6144 6921 8105 8475 8956 9955 10584
1112 1362 1562 1722 1982 2062 2342 2602 2752 2842
4772 6302 7067 7787 8147 9407 9947 11297 11837 12917
5219 5924 7428 8368 9308 10107 10577 11987 12269 14102
2677 3452 3652 4452 4877 5452 5677 6077 6752 7102
2952 3452 3552 4302 4702 5102 5627 6177 6652 7152
4202 5672 5966 6932 7814 9074 9704 10376 10922 12350
1262 1634 1898 2054 2402 2474 2858 2966 3218 3566
3632 4160 5084 5678 6272 7229 7922 8252 8582 9341
2182 2542 3182 3322 3982 4002 4662 5162 5562 5622
2802 3698 3978 4790 5294 5742 6246 7030 7786 8206
2246 2642 3258 3940 4314 4402 5194 5634 6140 6272
2666 2882 3698 4106 4730 4826 5690 6074 6506 6962
1102 1410 1674 1916 2015 2411 2532 2862 3049 3214
2627 3177 3777 4302 4627 5302 5677 6252 6827 7127
4286 4790 5150 6158 7022 7346 8246 9254 9470 10478
2970 3642 4454 4594 5546 5826 6694 7170 7394 8346
4802 6674 7298 8018 9218 9602 10706 11570 13010 13682
3878 5246 5664 6842 6880 7754 8590 9540 10300 10642
3062 3602 4712 4862 5582 6152 6962 7592 8252 8942
4958 5378 6134 6974 8234 8528 9788 10796 11174 11888
1256 1344 1652 1894 2015 2246 2565 2708 3049 3126
3242 3701 4241 4538 5240 5942 6374 7022 7319 7967
2940 3616 3772 4578 5072 5384 5722 6372 7074 7750
2999 3512 4079 4835 5348 5672 6266 6860 7535 8021
1712 1847 2267 2657 2822 3002 3347 3662 3947 4202
2502 3077 3952 4502 4977 5227 5577 6227 6952 7427
2966 3408 3668 4188 4786 5202 5930 6736 6944 7308
4990 5162 6624 7355 8215 8946 9849 10494 11268 12300
2149 2586 2985 3308 3688 3992 4429 4828 5265 5664
1528 1962 2158 2270 2802 3068 3264 3572 3712 4090
4220 4479 5700 6181 6921 7587 8438 9289 9622 10917
2187 2358 2757 3270 3726 4030 4429 4752 5284 5664
3288 3908 4435 5024 6047 6822 7442 7504 8558 8899
4990 5549 6022 6968 8172 8860 9634 11139 11268 12472
4412 5798 6302 6722 8276 8906 9998 10880 11132 11888
4370 5111 5774 6827 7295 8309 8582 10142 10883 11078
1102 1366 1718 1839 2081 2268 2631 2708 2994 3302
5196 6666 7156 8479 9214 9851 11664 12742 13722 14506
5852 6352 7002 8452 9002 10852 11952 12452 13252 14752
3096 3148 4006 4526 5124 5306 5956 6398 7230 7360
5539 6274 7548 8675 9606 10488 11125 12693 13428 14702
3606 4422 4796 5884 6768 7414 7856 8298 9284 10168
1122 1372 1602 1732 1842 2202 2302 2552 2672 2962
1472 1794 2018 2368 2718 3068 3208 3502 3866 4020
