1000 10 10
5 81 82 96 75 74 45 28 51 72 62 0 24
3 95 47 99 58 33 98 83 89 66 70 0 14
7 46 93 65 81 63 66 50 50 91 33 0 32
8 80 53 77 56 25 57 53 65 65 24 0 40
6 82 68 56 100 49 42 43 60 28 82 0 27
10 58 43 55 100 64 23 37 79 31 69 0 48
6 68 42 43 100 81 30 50 64 23 60 0 30
7 72 78 41 45 77 57 94 79 59 50 0 35
10 71 25 47 53 35 33 39 74 87 70 0 46
7 44 67 93 30 55 32 63 59 48 31 0 31
5 29 78 25 42 33 46 39 83 46 57 0 21
8 61 95 58 88 76 82 52 52 38 52 0 39
10 51 69 71 78 91 34 42 58 91 93 0 46
7 84 80 51 33 52 52 24 80 35 39 0 32
5 48 39 66 20 30 64 84 29 44 70 0 21
9 96 87 97 47 60 48 95 62 52 84 0 45
10 92 23 99 72 67 62 39 98 42 68 0 46
6 21 85 43 64 66 59 41 24 94 34 0 28
4 63 57 96 78 55 96 88 71 50 80 0 17
8 41 37 65 86 78 90 83 60 89 26 0 36
9 37 37 89 24 22 70 37 20 40 71 0 42
7 63 90 65 51 32 45 48 94 61 91 0 33
8 43 42 52 90 38 44 61 99 25 93 0 37
4 47 51 84 41 61 30 40 72 34 82 0 20
2 30 86 55 79 75 41 51 34 45 44 0 10
9 92 73 49 53 60 88 85 69 74 21 0 45
4 63 89 81 78 62 96 22 89 44 65 0 19
10 37 31 50 81 24 36 21 23 49 52 0 50
10 95 87 97 90 47 100 61 97 37 59 0 48
3 96 47 46 95 29 58 59 36 23 24 0 11
9 46 57 29 67 74 31 27 50 61 54 0 43
5 86 94 60 96 64 21 99 69 29 87 0 22
7 26 78 52 25 25 99 23 60 69 66 0 31
7 35 78 68 39 86 53 53 73 77 90 0 35
7 61 99 100 74 48 87 50 64 22 70 0 34
5 82 53 92 43 99 87 90 51 66 53 0 21
6 51 83 54 33 50 90 88 26 91 30 0 29
3 95 94 68 21 25 99 32 53 67 95 0 15
4 93 80 91 61 84 23 94 57 61 42 0 18
4 25 22 21 55 40 80 24 49 42 49 0 19
9 100 96 38 58 72 69 58 44 31 77 0 41
8 89 63 86 96 31 93 32 83 23 83 0 38
7 75 100 39 93 30 91 64 56 54 23 0 35
7 47 39 52 65 37 26 27 52 70 35 0 33
9 47 78 99 48 43 67 27 82 60 48 0 43
7 93 91 53 26 57 64 81 56 34 99 0 32
6 68 87 51 57 47 95 29 35 58 35 0 28
7 26 99 40 34 71 58 55 79 79 95 0 32
8 52 97 48 91 49 83 35 32 48 25 0 40
9 83 23 62 27 29 72 29 45 56 41 0 41
7 57 51 27 26 51 46 30 53 75 78 0 34
3 45 97 62 47 70 56 66 59 33 57 0 14
9 55 71 30 57 79 47 89 96 87 46 0 45
5 31 42 97 60 84 70 98 96 28 77 0 21
6 34 98 73 90 58 22 58 25 79 68 0 28
9 32 99 60 96 41 94 30 26 42 52 0 41
8 34 100 57 76 45 41 94 32 65 23 0 37
8 97 38 43 58 26 88 79 61 90 75 0 37
10 44 82 68 25 53 48 50 56 100 88 0 47
8 28 83 27 95 23 43 26 95 43 47 0 37
6 54 72 99 77 99 37 88 28 88 34 0 28
4 42 75 95 56 98 92 47 63 40 88 0 20
3 20 56 30 74 46 64 30 83 30 86 0 12
4 98 70 84 28 40 49 66 39 84 87 0 18
7 63 91 76 85 62 90 62 33 90 34 0 32
5 43 75 55 56 86 88 74 86 52 30 0 24
10 56 85 72 39 48 89 63 22 74 94 0 48
5 49 100 36 42 36 92 59 80 31 75 0 24
8 85 48 88 55 75 74 29 66 43 55 0 39
10 25 95 38 56 46 48 89 51 83 51 0 48
4 98 23 64 29 64 28 64 28 65 65 0 17
4 52 94 97 47 51 29 87 84 23 27 0 19
10 20 85 65 83 64 81 46 42 30 94 0 47
3 95 48 58 57 29 72 44 35 24 68 0 15
2 77 97 52 64 62 29 79 21 92 86 0 10
5 61 96 77 38 53 84 50 44 60 82 0 25
9 58 40 55 60 29 70 21 24 51 83 0 44
7 26 62 95 96 80 85 90 24 99 80 0 33
6 97 42 91 97 92 46 53 86 52 70 0 27
10 87 89 93 36 59 50 81 93 43 51 0 49
6 46 90 40 64 70 64 35 69 62 84 0 28
4 99 66 57 89 71 92 80 96 46 55 0 18
5 31 26 87 99 25 100 57 55 29 51 0 22
6 33 37 73 51 35 94 82 43 50 33 0 29
7 44 22 81 87 21 29 82 83 84 82 0 35
10 86 43 79 60 55 48 65 82 92 73 0 48
4 21 55 71 38 46 61 65 35 91 69 0 18
9 34 85 60 33 94 50 65 49 79 31 0 45
3 62 36 45 83 48 39 72 80 58 87 0 15
3 89 61 71 64 76 81 84 28 34 86 0 13
5 35 26 84 91 83 78 50 42 51 36 0 24
10 22 73 63 50 80 72 41 69 37 45 0 50
10 43 62 35 29 43 37 20 27 84 86 0 50
4 22 64 45 91 70 69 52 40 70 85 0 19
4 81 86 36 57 37 64 42 50 49 94 0 16
4 47 69 26 34 97 39 89 87 59 82 0 17
6 57 25 26 38 61 62 32 67 55 60 0 26
8 34 86 80 24 45 80 40 73 32 99 0 38
6 60 26 49 26 39 45 85 33 23 24 0 26
3 28 38 56 91 62 33 35 32 88 93 0 13
8 39 60 96 98 72 92 61 84 70 69 0 36
10 75 76 27 95 28 68 42 64 64 52 0 46
4 58 92 53 86 29 25 21 74 50 92 0 16
6 82 67 25 69 47 93 66 31 32 21 0 30
10 22 60 83 20 30 46 56 22 61 22 0 47
7 27 97 58 65 23 93 81 74 52 96 0 34
4 35 94 52 48 31 91 35 91 60 20 0 19
6 64 61 70 76 92 45 82 83 46 41 0 26
6 52 64 87 64 31 50 99 78 90 45 0 30
9 29 71 80 89 29 27 21 55 63 52 0 44
7 68 27 40 28 65 67 74 31 62 95 0 32
3 66 60 71 90 31 33 32 99 36 50 0 14
9 63 56 65 98 85 50 48 45 95 69 0 43
7 26 71 97 71 89 73 64 30 78 100 0 32
4 46 53 74 99 79 66 88 57 77 33 0 18
10 79 69 76 49 90 96 47 54 87 35 0 48
10 52 55 91 52 31 74 31 20 48 25 0 48
3 64 52 33 79 61 28 26 59 27 41 0 11
3 49 28 56 88 72 27 86 96 37 49 0 12
5 70 50 70 99 38 67 69 65 49 70 0 25
8 96 67 80 86 62 51 100 54 67 96 0 39
4 29 44 27 67 47 37 89 84 56 71 0 19
5 65 74 25 40 49 87 92 53 42 38 0 24
7 47 47 65 62 58 81 31 93 70 98 0 33
7 73 26 45 86 27 41 77 26 96 91 0 35
2 49 85 96 67 73 20 22 71 86 75 0 10
5 42 48 100 93 71 21 57 69 88 46 0 24
6 27 90 38 84 85 90 99 35 93 88 0 29
9 45 57 35 51 81 83 94 48 64 66 0 44
5 71 67 54 86 53 89 21 36 79 83 0 23
8 20 30 24 82 25 71 98 51 77 25 0 38
7 67 92 81 50 35 55 95 26 81 39 0 31
5 20 91 64 40 68 25 98 61 68 35 0 23
7 96 20 41 35 96 52 84 78 72 76 0 35
9 83 90 67 33 93 38 23 21 53 52 0 45
6 31 67 41 69 36 99 26 69 81 61 0 29
8 76 26 76 36 26 37 64 81 37 25 0 40
2 34 36 65 58 72 21 65 95 29 60 0 10
8 76 89 41 99 24 89 27 53 63 54 0 39
7 81 60 92 98 46 26 35 87 21 63 0 34
9 79 50 33 22 84 33 70 71 91 95 0 42
6 86 28 80 33 38 26 81 74 51 79 0 28
4 86 30 77 77 91 72 45 86 38 62 0 20
9 39 27 30 35 57 53 50 28 46 79 0 45
9 44 97 64 58 54 54 53 67 36 75 0 43
3 59 70 53 81 32 76 92 40 27 41 0 13
4 81 95 94 61 52 30 99 67 43 34 0 19
3 79 73 69 38 27 81 84 49 96 58 0 14
6 88 38 68 89 46 38 82 59 80 39 0 28
2 69 67 44 77 41 76 73 58 93 77 0 10
5 75 35 32 31 79 73 31 58 45 20 0 24
6 99 54 86 52 31 20 26 61 61 64 0 30
6 22 86 51 43 61 72 29 73 96 26 0 26
3 47 50 97 24 70 88 63 40 87 40 0 15
4 26 51 94 35 68 83 70 85 76 21 0 20
6 32 63 83 23 98 90 28 98 98 40 0 26
10 23 90 35 78 78 91 66 33 96 37 0 50
4 42 79 56 67 26 40 97 73 75 28 0 17
6 68 40 60 36 83 37 44 94 62 44 0 29
4 45 35 29 91 23 89 22 57 67 38 0 19
5 93 51 24 47 70 54 30 38 20 76 0 22
4 33 43 99 98 30 51 62 70 82 62 0 18
9 89 75 86 61 97 68 67 42 65 72 0 44
4 96 48 99 89 34 56 88 83 40 71 0 20
4 27 30 97 95 39 72 41 71 95 58 0 19
7 52 64 46 36 52 37 94 36 93 73 0 35
4 42 21 43 51 85 26 69 21 47 89 0 16
10 53 91 78 71 24 83 84 72 29 46 0 50
3 98 46 68 24 42 78 43 36 98 38 0 15
7 76 64 67 30 55 38 29 26 57 29 0 34
7 56 46 92 43 94 77 32 91 53 99 0 33
4 21 99 31 51 90 24 24 43 88 33 0 16
7 31 52 90 91 75 54 83 61 40 40 0 34
4 93 69 60 87 21 81 42 22 24 24 0 19
4 70 69 31 60 86 64 69 37 67 27 0 18
7 51 53 36 51 50 82 21 74 97 72 0 31
4 92 38 73 31 23 93 60 75 53 57 0 16
6 63 60 52 74 30 93 53 95 77 72 0 26
6 29 52 77 41 44 77 40 29 32 38 0 27
10 39 40 76 79 91 53 27 44 24 94 0 50
3 82 45 59 49 33 68 77 98 37 23 0 12
3 23 96 28 21 53 47 49 50 64 90 0 11
5 78 52 27 33 61 34 23 26 98 28 0 24
6 82 67 54 52 97 57 20 63 65 64 0 28
8 31 96 95 35 26 76 99 43 64 60 0 37
10 65 57 24 24 54 64 58 30 79 65 0 49
4 23 36 94 37 32 22 92 43 40 50 0 20
5 20 98 88 47 98 87 71 45 76 91 0 24
3 24 35 58 30 37 23 80 84 31 49 0 14
6 73 46 97 67 60 78 70 65 50 39 0 29
5 77 66 39 63 83 63 73 61 99 87 0 23
9 40 97 95 90 23 96 81 39 41 28 0 45
9 90 53 53 97 31 73 53 34 63 24 0 42
9 43 50 38 67 39 64 74 34 37 62 0 44
5 38 78 36 93 99 39 69 45 86 87 0 22
7 26 94 62 89 77 94 57 51 63 90 0 35
6 22 83 68 53 70 96 38 62 48 78 0 29
6 44 31 86 87 96 57 57 66 71 65 0 26
9 57 45 98 57 76 79 70 96 43 43 0 42
7 40 34 92 51 93 61 93 55 94 54 0 34
4 54 27 23 93 26 59 36 53 52 26 0 16
8 85 100 87 81 23 90 30 83 93 49 0 36
7 55 53 74 82 21 43 66 81 59 95 0 35
3 28 95 74 69 90 31 57 53 49 43 0 13
9 84 77 52 83 31 24 84 21 79 89 0 43
7 58 71 55 42 35 98 90 37 61 66 0 32
5 40 35 45 42 99 24 86 76 62 35 0 25
7 67 48 73 57 35 28 50 36 65 38 0 35
5 55 36 74 85 80 35 94 41 24 46 0 25
10 75 41 94 83 22 54 100 97 32 41 0 50
10 68 33 25 95 26 26 91 31 62 55 0 49
4 24 28 93 99 31 27 27 29 30 54 0 18
5 78 31 68 99 32 43 70 51 30 75 0 25
2 91 63 99 89 100 23 66 61 32 82 0 10
7 93 81 77 44 23 29 65 75 93 31 0 32
9 62 44 79 57 68 90 61 26 25 57 0 43
8 61 50 64 81 54 84 28 29 45 52 0 39
5 25 95 45 71 88 93 72 79 25 58 0 22
7 22 50 50 51 31 94 72 96 75 74 0 32
7 91 60 52 91 48 75 82 94 99 99 0 35
3 64 41 84 96 25 97 31 29 72 39 0 12
7 56 21 99 74 43 34 22 50 23 98 0 34
3 30 83 75 70 87 28 77 66 46 43 0 15
3 28 73 35 92 44 57 75 51 23 20 0 12
8 53 21 39 45 90 59 97 23 39 25 0 37
8 85 24 25 47 79 68 83 93 24 29 0 40
4 52 61 93 69 39 93 48 98 85 51 0 17
9 56 26 53 99 92 78 55 51 73 70 0 45
10 29 71 38 97 34 32 54 85 98 30 0 50
5 79 20 78 75 55 68 95 83 89 86 0 24
6 98 91 78 76 81 90 55 94 89 96 0 27
7 25 54 30 69 66 75 96 51 21 67 0 35
6 88 84 72 43 89 51 36 43 26 51 0 27
10 99 63 46 88 65 89 88 99 53 96 0 47
10 65 57 40 23 74 93 95 94 46 26 0 49
10 68 45 29 46 47 58 69 26 55 81 0 50
8 87 78 76 57 89 80 23 40 34 22 0 38
10 88 51 90 49 29 43 89 28 68 69 0 48
9 73 37 79 27 68 55 35 92 25 92 0 41
10 72 74 54 34 93 46 94 84 45 58 0 50
8 49 69 51 64 47 79 25 90 22 61 0 36
5 47 22 93 21 99 63 35 83 87 93 0 24
5 70 72 92 87 52 41 55 89 70 67 0 24
8 62 82 40 72 45 72 50 30 72 56 0 40
10 36 36 23 92 79 35 81 58 31 49 0 47
4 38 55 42 73 43 79 53 56 52 86 0 18
4 87 92 94 81 93 94 97 24 40 82 0 17
8 68 49 100 68 54 28 54 69 79 47 0 39
9 34 44 79 72 70 32 99 68 71 72 0 41
5 95 83 64 74 97 84 95 70 53 96 0 25
3 87 92 75 43 96 93 24 58 24 56 0 14
4 91 84 81 78 54 53 56 32 31 30 0 18
6 77 42 85 98 94 88 28 69 24 57 0 30
6 71 71 48 49 24 79 57 25 46 86 0 30
4 42 94 79 67 91 23 43 42 52 70 0 16
8 74 83 67 77 87 68 45 69 44 21 0 37
10 60 43 33 89 54 20 89 21 50 46 0 46
6 44 75 82 46 92 78 74 65 35 92 0 26
4 63 78 85 86 36 98 55 91 83 77 0 19
7 80 26 54 24 59 73 71 32 94 92 0 35
7 86 97 22 24 91 31 42 42 66 34 0 32
6 28 53 52 33 60 89 65 36 81 71 0 29
7 27 21 94 48 98 98 40 58 25 44 0 33
4 78 51 33 25 39 94 34 77 67 39 0 18
7 61 40 47 21 89 97 57 49 61 81 0 33
2 48 74 59 59 53 62 96 79 95 66 0 10
3 89 60 44 71 82 45 65 39 52 30 0 11
8 23 48 57 58 52 32 88 87 45 72 0 40
8 92 69 34 74 69 91 24 92 23 66 0 36
8 90 91 66 99 40 26 45 83 21 62 0 40
7 87 79 75 86 44 72 30 98 66 97 0 35
5 57 36 100 32 25 24 23 52 89 46 0 21
6 32 80 82 73 24 69 49 68 88 62 0 29
5 86 59 28 55 42 23 37 22 69 59 0 22
2 55 37 21 99 43 32 60 28 40 32 0 10
6 48 85 36 91 88 96 86 89 57 50 0 26
5 42 38 45 22 47 64 32 55 92 39 0 23
5 94 44 85 90 46 44 33 96 77 60 0 25
3 21 89 64 93 22 43 21 31 50 97 0 15
7 63 61 61 29 56 92 54 59 50 55 0 34
7 58 71 85 90 74 92 68 23 50 87 0 31
9 70 37 100 87 77 29 60 33 55 93 0 45
4 59 96 53 42 22 82 24 23 49 58 0 20
9 46 61 99 24 43 81 88 85 28 26 0 44
8 82 57 98 39 58 32 83 87 59 67 0 40
10 53 43 22 81 90 96 78 37 84 97 0 47
6 76 64 27 66 61 22 21 34 49 79 0 29
9 46 67 93 32 98 87 20 65 85 52 0 42
9 61 58 56 76 96 35 93 82 76 39 0 45
7 63 28 34 23 25 63 61 62 34 92 0 31
5 61 45 72 67 42 98 75 40 94 46 0 25
10 70 40 59 75 71 21 31 43 78 46 0 49
4 70 46 60 76 67 56 57 31 20 29 0 20
5 73 96 63 33 49 47 33 73 87 35 0 22
4 41 25 65 57 96 78 55 86 83 72 0 19
9 86 24 59 70 76 77 89 41 57 84 0 44
10 96 26 59 34 36 46 52 86 96 40 0 49
10 32 59 78 55 26 21 67 24 26 63 0 46
5 37 79 38 37 97 87 54 63 97 47 0 25
9 32 53 94 49 99 26 67 30 83 78 0 41
5 85 66 62 52 66 93 62 32 64 89 0 21
5 80 63 54 28 44 30 26 32 35 81 0 23
3 69 88 39 97 29 90 69 95 28 33 0 14
7 83 91 31 51 53 34 25 56 79 60 0 31
3 86 75 75 61 52 76 73 76 28 89 0 15
9 98 61 64 68 22 43 93 58 25 81 0 41
3 53 88 75 80 78 88 91 72 55 55 0 12
10 35 47 42 36 95 45 57 85 90 80 0 49
8 31 93 37 43 65 66 41 59 81 42 0 38
7 81 99 23 24 80 48 67 37 38 68 0 33
6 41 81 77 56 55 61 86 77 25 44 0 30
7 58 52 24 97 96 46 67 41 81 53 0 32
5 83 73 87 50 44 25 64 26 81 45 0 25
9 44 87 31 32 78 36 52 81 36 76 0 41
10 52 91 63 68 81 86 32 28 72 20 0 47
7 71 49 27 23 74 37 98 21 27 98 0 35
9 75 70 36 93 47 54 76 91 65 55 0 41
3 100 21 90 65 69 99 61 96 81 62 0 11
4 60 53 40 44 49 29 70 56 52 56 0 18
7 100 77 38 35 93 28 99 98 65 33 0 32
4 55 39 82 59 62 21 49 39 86 84 0 16
8 60 78 35 43 39 78 93 86 79 63 0 38
9 36 55 59 78 89 34 92 47 94 85 0 45
3 95 77 44 78 56 88 32 69 29 60 0 15
3 32 78 97 98 42 99 81 78 21 52 0 13
10 87 52 73 33 24 36 39 36 75 38 0 46
3 34 54 76 80 65 88 71 88 88 94 0 12
7 31 56 32 31 88 73 56 91 30 83 0 34
6 96 63 71 67 96 41 22 33 81 76 0 30
6 100 88 64 99 25 23 42 51 62 83 0 27
4 60 60 59 20 44 83 34 60 72 49 0 17
5 36 69 81 41 55 78 77 91 38 59 0 24
5 79 75 89 96 41 73 29 38 28 65 0 24
9 50 89 74 94 24 47 29 41 31 60 0 44
8 81 70 74 89 33 38 28 76 90 79 0 37
8 97 43 68 77 31 23 77 53 82 51 0 37
3 37 69 67 35 23 29 30 66 80 70 0 15
7 60 80 38 78 21 74 30 99 83 90 0 34
5 38 72 34 80 55 85 44 97 77 56 0 24
6 22 25 85 69 67 50 73 63 48 33 0 28
5 77 37 49 47 93 48 98 81 40 59 0 23
3 83 42 34 94 25 68 50 91 46 27 0 11
8 62 83 40 84 81 22 88 71 56 76 0 38
6 93 26 82 36 58 57 83 24 55 69 0 28
9 20 54 91 54 96 71 38 59 43 40 0 41
4 49 66 71 91 65 33 56 36 26 89 0 20
7 38 66 57 77 90 85 60 85 68 92 0 34
5 96 70 32 25 79 54 21 63 31 20 0 24
4 75 72 77 30 61 36 96 22 68 64 0 16
6 81 97 55 82 67 71 89 97 43 33 0 30
7 91 54 26 97 98 40 38 23 97 51 0 35
3 31 86 24 84 53 91 21 35 22 85 0 14
3 93 91 94 41 40 74 89 50 61 92 0 15
8 40 40 87 48 40 63 48 21 35 60 0 36
4 34 65 78 33 84 61 66 100 92 96 0 16
8 68 60 77 93 31 80 46 26 62 37 0 38
8 71 58 65 32 31 77 55 88 28 22 0 40
6 91 31 56 74 61 49 38 41 25 37 0 29
9 28 70 90 97 74 27 28 30 59 25 0 42
8 86 47 69 47 72 25 82 59 73 38 0 37
4 86 63 84 62 30 61 84 44 36 60 0 16
2 67 66 70 21 98 46 43 28 62 59 0 10
7 44 28 22 53 79 28 30 52 26 77 0 33
8 82 52 73 56 74 77 68 95 40 81 0 36
5 63 56 98 88 75 21 29 58 74 23 0 24
8 45 35 85 63 35 60 31 69 33 27 0 37
7 80 67 61 50 69 90 77 57 74 67 0 35
3 38 31 51 84 92 53 21 56 65 45 0 13
2 70 56 33 99 86 86 78 39 81 37 0 10
7 23 63 91 88 22 24 35 56 78 66 0 32
9 39 41 26 77 33 32 46 63 47 72 0 43
6 32 96 72 96 34 100 50 76 41 27 0 28
4 98 65 80 24 90 82 71 24 51 29 0 19
4 83 59 86 83 51 65 57 87 57 41 0 17
9 99 36 30 92 20 80 100 55 21 36 0 43
4 48 66 28 21 64 64 48 27 54 63 0 19
6 30 31 80 27 83 78 87 68 44 28 0 29
3 99 33 85 53 55 86 94 65 78 90 0 15
10 24 40 82 68 73 40 70 47 40 56 0 46
3 25 91 57 59 81 85 97 83 22 65 0 14
3 61 58 33 36 77 86 94 46 33 86 0 13
4 90 52 66 32 23 93 59 65 68 28 0 19
10 26 91 46 46 54 99 66 89 82 37 0 46
7 98 61 22 49 37 81 75 22 72 36 0 35
4 84 85 25 73 41 49 29 72 72 34 0 20
9 65 66 85 81 43 42 60 40 39 73 0 44
5 72 42 53 61 68 22 76 94 35 61 0 25
5 62 67 22 38 51 55 98 98 80 44 0 23
8 45 43 76 45 92 41 42 53 40 45 0 36
6 23 69 83 34 45 77 88 56 20 67 0 28
5 41 97 56 96 63 52 91 25 49 77 0 23
7 46 54 87 83 89 28 67 50 51 85 0 32
7 53 47 63 40 46 60 78 66 51 60 0 32
3 31 65 91 23 51 43 21 97 72 21 0 13
5 41 82 33 99 61 64 51 42 33 48 0 21
10 53 26 96 61 95 52 31 51 82 39 0 48
6 55 34 71 26 94 40 26 80 100 85 0 27
6 20 22 44 99 58 42 65 86 70 47 0 28
7 90 88 34 42 70 40 99 68 23 66 0 33
3 67 22 70 65 58 23 94 84 64 55 0 13
8 98 87 26 34 22 80 74 93 70 30 0 37
9 72 26 80 75 69 32 32 50 82 21 0 41
9 71 99 38 59 50 65 63 76 97 32 0 44
6 24 71 58 59 26 57 38 70 84 54 0 27
6 96 27 24 26 61 84 42 97 79 34 0 28
5 36 58 96 70 72 75 41 51 86 36 0 21
4 48 65 98 90 38 82 94 90 28 70 0 17
5 75 83 52 51 32 23 62 71 96 54 0 25
5 58 42 27 78 61 23 81 46 41 92 0 23
5 63 23 25 84 53 79 70 77 72 96 0 25
3 67 69 72 99 38 44 77 41 37 53 0 14
3 92 82 80 87 52 76 55 62 48 32 0 11
6 87 75 53 33 50 85 59 30 49 80 0 30
9 72 23 67 50 30 33 42 92 57 30 0 42
6 28 73 72 95 65 55 77 55 95 45 0 28
8 38 37 36 88 39 21 94 45 47 60 0 38
6 57 40 44 41 77 75 47 60 91 71 0 27
5 90 85 39 76 56 78 24 42 28 28 0 25
7 44 75 75 38 72 36 80 64 62 94 0 32
9 63 47 32 45 77 61 61 33 82 100 0 45
8 44 93 47 66 85 98 81 53 92 85 0 38
8 51 30 50 51 47 20 31 40 62 34 0 40
2 28 68 29 23 33 25 21 27 40 36 0 10
10 21 83 40 96 36 27 72 46 59 51 0 46
7 37 40 89 85 90 59 44 39 72 74 0 33
10 41 78 87 92 83 80 82 76 48 86 0 50
9 86 54 74 83 80 44 65 58 44 25 0 43
7 30 90 67 85 44 27 26 21 38 40 0 33
7 22 71 72 35 35 71 21 82 70 86 0 34
5 74 55 33 21 77 81 48 68 97 95 0 24
10 68 23 85 41 50 79 74 47 57 28 0 48
8 82 40 83 25 25 60 61 21 53 87 0 40
8 75 49 30 79 40 98 95 59 46 44 0 37
6 37 30 25 53 52 63 82 84 78 51 0 30
4 61 76 43 25 52 81 59 65 80 73 0 17
8 32 69 50 69 66 85 51 79 40 44 0 36
9 79 83 81 100 31 92 40 57 28 21 0 42
9 75 28 89 51 25 31 71 37 86 65 0 42
3 53 27 36 84 53 71 40 25 67 43 0 15
3 86 52 79 66 30 36 88 27 89 66 0 13
5 37 98 65 29 26 35 26 90 37 92 0 24
10 82 43 35 84 92 23 29 31 91 60 0 47
10 85 77 32 97 46 71 30 100 74 64 0 47
10 43 98 83 91 38 40 88 68 31 97 0 46
3 83 86 66 97 37 70 44 85 42 49 0 12
5 54 92 76 93 34 74 45 33 92 37 0 25
5 73 37 91 65 56 50 87 77 36 62 0 25
6 82 21 76 37 34 75 56 63 72 83 0 30
10 85 23 41 76 56 57 30 98 71 69 0 49
9 90 80 40 74 87 50 70 28 69 36 0 42
5 30 49 55 92 38 54 52 66 77 54 0 21
10 74 29 29 44 37 72 72 91 73 51 0 49
6 24 28 84 77 80 50 41 37 40 90 0 26
6 22 32 54 33 54 29 47 26 74 83 0 29
4 40 56 67 23 92 54 78 73 55 71 0 16
8 96 45 77 20 80 21 72 87 87 30 0 36
6 90 79 41 55 83 38 66 96 46 66 0 28
7 89 33 59 36 83 94 45 62 80 87 0 33
10 53 76 87 91 98 80 57 37 22 44 0 48
4 56 21 23 93 31 56 85 38 30 89 0 20
8 48 50 86 88 67 28 34 87 23 91 0 39
3 83 91 75 43 93 90 77 81 44 89 0 12
10 60 97 46 48 56 60 66 61 25 93 0 46
4 38 68 36 70 95 75 28 21 67 90 0 16
6 79 37 56 74 88 86 85 25 74 76 0 30
4 46 43 88 80 60 26 77 89 41 40 0 17
9 26 81 70 99 82 39 28 80 45 94 0 44
6 97 28 67 28 67 30 77 73 83 77 0 30
8 82 62 87 79 62 44 52 29 56 62 0 36
8 32 85 32 83 32 33 56 45 28 49 0 36
10 66 73 67 29 29 72 90 56 87 22 0 48
4 63 77 60 93 43 39 97 40 64 48 0 19
4 75 20 97 72 78 68 30 69 48 31 0 20
8 32 98 96 84 21 65 53 25 21 53 0 39
8 98 41 68 75 53 88 45 67 28 21 0 38
10 21 54 92 34 98 21 84 66 39 29 0 47
8 89 47 57 97 22 65 58 97 44 86 0 40
5 26 95 62 69 80 49 83 86 92 99 0 25
10 71 37 96 74 24 87 84 58 64 32 0 46
3 26 72 38 58 46 23 40 35 60 63 0 11
7 50 91 23 54 56 67 89 62 40 24 0 31
8 83 48 24 67 99 77 96 65 51 51 0 37
8 93 36 20 36 85 44 84 81 70 38 0 40
10 78 32 61 47 99 47 55 52 59 82 0 47
8 58 29 21 62 84 58 78 27 55 24 0 39
5 59 92 68 62 86 80 63 30 72 70 0 22
4 43 78 69 31 26 99 22 98 65 66 0 20
6 45 72 69 69 37 73 95 34 43 76 0 27
7 64 90 39 59 72 34 83 68 82 46 0 33
4 91 65 65 90 95 43 76 51 84 90 0 16
8 39 76 98 84 80 68 67 90 91 52 0 40
6 52 82 67 63 93 71 84 54 51 52 0 30
3 77 75 90 91 100 55 30 24 70 26 0 14
3 29 81 86 100 89 49 56 95 37 50 0 11
8 28 89 38 37 25 75 24 87 83 73 0 39
8 38 30 50 72 30 75 98 34 76 74 0 38
4 95 27 53 29 74 24 98 38 44 62 0 17
6 29 41 74 98 39 80 91 67 92 49 0 30
3 71 83 25 27 63 54 20 45 52 49 0 12
10 61 58 42 46 22 74 82 59 24 24 0 47
3 100 48 58 84 90 46 28 74 49 60 0 15
10 63 64 25 99 57 39 94 45 55 83 0 50
5 23 79 48 30 60 81 68 95 99 25 0 25
4 77 30 88 49 64 65 81 65 96 84 0 19
7 44 31 42 40 77 44 30 39 53 96 0 31
3 37 25 58 78 75 42 50 46 76 39 0 14
7 64 96 43 51 28 65 69 21 45 60 0 31
5 23 61 58 83 69 31 51 44 91 34 0 21
7 38 80 92 81 57 77 55 53 24 74 0 33
5 79 79 74 76 52 62 56 25 30 99 0 24
5 56 42 39 33 59 95 35 40 66 88 0 22
3 59 77 51 50 25 74 23 73 95 24 0 13
8 63 23 39 79 86 33 85 71 90 64 0 40
8 31 21 84 35 47 45 95 39 29 48 0 37
10 81 29 37 26 42 35 73 90 61 26 0 46
9 94 48 75 42 24 79 49 92 84 100 0 45
3 82 82 81 71 48 46 80 56 73 47 0 11
8 44 41 54 31 33 74 92 65 99 94 0 36
9 40 71 88 66 37 65 66 22 82 53 0 45
9 93 21 87 57 68 24 67 63 82 28 0 41
7 36 67 37 25 23 86 44 41 72 99 0 34
3 37 54 81 60 23 93 70 98 77 82 0 12
10 46 83 68 47 79 69 58 98 30 44 0 46
4 50 36 36 80 90 80 97 46 56 96 0 17
6 39 56 63 48 94 40 96 34 61 34 0 28
7 31 25 41 95 80 58 71 45 89 57 0 34
4 96 48 37 38 95 31 56 90 55 65 0 16
6 25 22 55 38 34 26 73 23 38 54 0 29
4 66 32 69 91 68 88 44 63 36 83 0 17
3 40 37 33 46 72 38 33 66 47 89 0 14
10 77 47 66 93 52 74 82 39 26 89 0 49
6 81 90 50 96 34 41 40 100 67 60 0 27
3 31 35 25 24 43 62 81 49 44 80 0 14
5 41 54 66 20 26 95 32 72 87 25 0 21
7 43 98 81 73 61 75 98 63 94 52 0 33
9 96 90 72 62 36 91 50 51 20 68 0 44
5 26 57 59 37 51 22 95 59 39 55 0 22
4 48 89 62 48 25 48 85 38 98 45 0 17
3 27 89 90 58 85 83 33 89 93 53 0 14
10 44 40 70 96 66 72 40 63 60 27 0 49
5 20 57 60 89 37 30 25 41 100 53 0 23
5 93 30 47 95 95 81 85 97 81 75 0 21
4 69 86 89 74 65 100 74 60 38 61 0 16
8 95 22 92 48 55 94 29 93 84 71 0 37
8 98 23 45 92 80 21 42 66 96 43 0 36
4 82 21 77 38 64 21 65 85 26 59 0 18
10 89 96 59 76 68 88 58 40 29 80 0 46
3 28 43 89 54 58 64 64 22 89 37 0 11
4 88 82 89 23 35 32 87 69 38 59 0 20
7 48 94 61 40 71 78 48 69 59 96 0 31
7 38 56 69 28 55 85 42 57 70 72 0 34
3 98 89 65 46 27 84 77 88 20 34 0 13
10 28 37 79 95 24 37 90 23 81 56 0 47
5 52 43 75 54 94 26 69 53 71 65 0 25
8 21 67 29 82 29 30 29 37 92 67 0 36
6 33 68 57 79 53 84 52 91 60 49 0 27
8 32 60 94 23 59 36 37 47 20 91 0 39
9 66 96 63 34 94 31 20 72 39 95 0 45
8 40 62 92 87 92 28 79 59 60 90 0 38
7 82 47 22 23 40 93 52 42 43 52 0 34
3 70 71 72 85 21 47 68 76 97 46 0 14
3 70 47 64 20 42 25 77 37 43 83 0 11
7 92 85 70 33 75 73 98 87 50 22 0 35
3 42 60 40 99 44 85 98 30 23 96 0 15
3 25 39 34 28 98 48 59 89 99 26 0 12
5 64 58 71 52 54 58 95 49 52 82 0 23
2 91 47 85 55 78 37 72 49 59 69 0 10
7 29 75 55 41 71 91 39 81 26 55 0 32
2 59 63 73 26 60 67 59 43 22 58 0 10
9 48 80 75 53 91 95 98 24 82 39 0 45
9 99 90 78 45 35 31 98 91 52 40 0 43
10 23 32 36 85 61 92 56 55 22 37 0 50
10 74 95 61 83 51 61 43 57 71 60 0 49
4 64 73 73 97 97 76 100 91 52 98 0 19
5 51 64 52 25 40 59 72 81 32 46 0 23
9 31 93 56 66 53 54 55 25 37 94 0 45
3 21 87 59 23 62 48 98 55 73 94 0 13
8 69 74 94 89 97 82 48 91 64 85 0 36
6 52 73 61 97 83 47 32 26 80 95 0 30
3 71 35 97 37 96 77 90 77 83 94 0 15
5 83 30 41 24 96 99 65 25 95 62 0 22
2 100 86 60 92 31 86 90 45 22 61 0 10
9 75 62 22 56 23 72 85 93 80 81 0 42
5 68 50 87 64 84 45 74 75 24 88 0 22
6 62 32 76 99 42 30 97 65 79 35 0 29
6 36 72 38 34 50 50 32 46 85 37 0 27
2 97 36 38 82 88 84 63 43 68 37 0 10
9 98 64 91 49 96 93 77 58 80 27 0 43
8 90 90 57 93 85 44 78 55 55 94 0 37
2 49 96 23 79 49 59 74 61 100 84 0 10
5 28 52 89 64 42 49 23 35 67 74 0 23
4 50 35 31 37 32 81 72 56 46 62 0 18
4 76 45 60 32 67 68 94 38 92 51 0 19
4 51 92 53 44 82 59 29 51 90 51 0 20
7 46 25 42 76 47 37 43 94 31 75 0 35
8 70 92 33 55 42 50 35 91 94 95 0 36
6 95 40 92 76 27 81 46 72 85 58 0 30
6 82 28 99 47 29 96 26 93 57 57 0 28
3 85 74 57 74 29 65 83 99 74 53 0 14
3 26 36 46 25 39 86 46 55 78 85 0 11
3 72 23 96 68 51 87 98 100 53 71 0 15
4 94 20 66 91 52 92 84 89 65 34 0 18
6 33 75 52 45 55 27 85 58 79 31 0 30
7 98 74 89 48 26 58 54 29 26 87 0 35
4 34 65 76 36 77 47 27 61 76 98 0 20
4 80 40 55 88 43 68 94 84 86 45 0 20
9 39 54 60 86 55 69 59 69 69 56 0 43
3 22 39 56 31 83 83 37 45 37 94 0 12
5 76 21 98 39 61 61 32 88 54 33 0 23
3 70 69 100 60 87 79 65 63 59 64 0 11
3 38 75 73 22 98 29 86 60 48 49 0 12
5 62 95 82 65 66 48 76 43 96 96 0 25
4 32 49 80 94 87 93 95 94 25 49 0 16
5 93 48 64 73 59 24 56 51 23 93 0 25
9 92 85 22 35 82 65 23 82 61 22 0 44
8 68 74 34 66 69 70 85 29 26 94 0 37
4 55 35 49 74 32 38 51 65 45 92 0 19
7 78 75 56 40 27 37 71 66 75 24 0 35
5 98 33 25 43 22 77 89 26 89 21 0 25
7 93 57 80 99 49 75 44 65 75 77 0 35
4 57 35 49 48 76 37 91 89 52 78 0 18
6 22 35 88 78 64 56 76 77 30 47 0 27
10 29 27 95 82 41 27 35 42 67 37 0 47
6 49 96 49 81 88 70 22 35 23 90 0 26
8 88 47 77 81 88 42 89 72 29 52 0 40
2 82 77 82 31 98 89 64 86 74 23 0 10
9 96 46 63 46 95 50 56 70 23 42 0 42
6 22 76 53 28 56 34 29 27 71 83 0 30
4 32 25 26 48 44 53 68 37 89 75 0 20
9 29 69 60 92 58 66 76 67 82 98 0 43
3 99 72 48 77 99 95 73 34 87 73 0 11
4 85 40 28 54 97 95 32 61 50 99 0 19
4 69 29 63 33 20 91 30 74 39 84 0 20
10 78 32 52 51 48 67 90 32 61 47 0 46
4 43 58 58 29 73 91 74 96 29 26 0 16
4 94 30 46 95 77 59 68 77 30 80 0 19
5 41 60 30 88 61 73 90 54 73 61 0 25
5 20 90 77 72 91 73 76 60 94 38 0 24
8 46 85 58 35 43 21 51 69 66 29 0 39
3 36 21 89 70 29 80 31 70 43 94 0 13
3 79 38 28 95 49 68 59 73 36 63 0 11
9 87 98 21 75 41 21 49 37 77 25 0 42
7 75 78 63 54 35 33 45 90 75 96 0 31
8 83 95 42 50 48 34 28 91 100 24 0 37
4 20 51 34 91 87 98 35 50 68 74 0 16
8 96 68 59 90 75 61 96 24 83 46 0 38
5 84 74 78 94 39 99 26 28 30 73 0 23
3 99 81 63 42 46 79 87 56 22 100 0 11
2 80 63 48 88 22 46 89 81 61 67 0 10
8 79 45 22 50 75 55 30 69 66 80 0 38
5 93 42 66 76 87 26 22 53 84 94 0 22
10 85 61 37 55 69 42 88 53 71 93 0 50
6 38 30 51 53 97 92 69 37 47 39 0 29
7 96 47 80 84 27 24 83 59 60 31 0 32
7 42 71 73 88 95 33 63 52 71 64 0 34
3 79 60 91 63 66 53 37 94 44 49 0 13
5 72 43 47 38 46 33 94 55 99 31 0 25
10 23 55 26 44 75 64 87 69 87 85 0 48
6 43 36 87 45 93 31 59 99 44 79 0 26
9 98 41 22 24 37 83 39 52 77 22 0 41
4 34 90 63 35 24 35 65 80 93 87 0 20
7 48 27 26 36 60 35 44 59 33 83 0 34
4 95 96 31 22 46 65 45 30 57 67 0 19
8 76 82 55 57 88 80 83 88 26 20 0 40
4 20 74 40 26 67 99 72 22 79 97 0 20
10 53 42 52 21 51 60 21 75 43 55 0 49
3 39 47 30 29 99 70 28 70 44 77 0 11
4 86 43 39 74 57 22 75 35 21 50 0 18
5 25 46 72 82 22 56 83 20 33 34 0 24
9 57 93 72 93 52 40 57 91 24 45 0 41
6 29 27 44 87 36 63 100 65 71 30 0 29
9 99 100 57 66 83 78 51 86 92 34 0 45
7 34 100 61 46 84 48 75 89 55 96 0 32
3 79 35 37 84 63 23 28 87 96 81 0 11
7 24 42 33 57 27 62 82 32 97 46 0 31
5 69 48 78 81 49 77 41 38 96 53 0 23
9 31 51 93 48 81 95 71 44 89 28 0 44
5 21 96 87 30 55 87 72 44 93 40 0 24
8 20 69 81 44 98 77 80 57 24 52 0 37
8 100 52 93 44 85 56 94 76 78 46 0 37
9 91 97 25 64 61 71 86 23 76 61 0 43
8 61 39 94 90 55 65 48 88 42 26 0 38
6 86 63 61 98 50 89 24 54 89 51 0 26
5 59 79 49 24 70 56 84 28 85 27 0 23
10 83 98 63 82 20 38 96 54 66 43 0 49
3 52 47 62 77 43 86 71 83 45 45 0 11
3 58 36 36 83 46 76 82 68 62 91 0 14
10 50 29 85 85 98 58 48 22 95 64 0 50
8 62 81 39 25 30 56 73 38 44 65 0 40
5 73 54 61 51 69 67 25 59 66 36 0 25
3 54 57 34 37 35 84 32 86 58 31 0 11
3 24 25 93 32 81 45 76 23 67 63 0 13
3 96 83 62 22 58 76 36 77 28 88 0 12
9 45 88 54 99 34 91 96 51 88 85 0 44
8 74 79 31 50 21 24 87 44 100 53 0 38
5 66 50 81 35 26 36 67 43 36 44 0 22
8 76 77 38 44 63 35 91 87 96 44 0 38
8 95 22 31 45 87 61 96 85 67 42 0 37
10 52 94 93 39 78 23 86 50 29 71 0 46
10 79 66 50 83 100 83 57 67 83 71 0 50
9 31 38 79 35 26 83 36 50 64 30 0 45
6 21 33 97 34 39 31 94 86 79 76 0 28
5 83 89 37 73 67 32 58 47 66 23 0 23
6 44 76 63 24 65 79 36 87 61 41 0 26
9 93 74 63 24 29 28 95 41 79 47 0 41
4 86 34 65 37 40 75 45 55 55 47 0 19
7 64 77 95 91 51 91 46 53 59 32 0 33
8 98 75 56 56 44 33 75 21 67 34 0 37
5 39 54 83 38 53 87 20 36 70 21 0 21
6 63 48 36 47 32 49 32 33 47 88 0 27
4 50 70 47 82 93 93 45 73 46 97 0 19
8 28 72 52 91 24 99 90 27 81 32 0 38
8 62 70 57 61 44 81 98 77 58 68 0 39
7 25 63 64 68 34 72 56 85 99 69 0 32
10 35 34 91 64 85 39 22 79 51 58 0 47
5 74 79 44 54 98 62 56 74 46 49 0 21
8 41 81 20 23 78 59 26 27 82 25 0 40
7 76 23 38 22 48 29 37 78 36 51 0 35
6 99 47 37 51 70 53 48 29 20 32 0 28
10 82 77 64 29 59 39 87 86 41 43 0 49
10 89 96 34 33 42 79 87 85 62 34 0 47
10 21 29 65 45 81 42 50 91 59 47 0 48
5 98 80 59 22 39 68 93 90 60 47 0 22
7 52 52 72 50 94 97 25 31 73 43 0 31
6 74 57 57 93 57 44 37 81 32 80 0 26
6 52 76 74 78 51 28 26 82 88 98 0 28
3 49 22 61 52 39 56 22 21 26 64 0 11
5 39 36 24 29 59 51 64 23 31 52 0 25
10 20 22 53 31 55 50 86 62 94 49 0 50
10 39 28 73 25 24 78 88 75 96 52 0 50
6 100 41 78 33 99 66 39 24 74 46 0 28
7 35 95 76 99 35 50 25 58 68 77 0 35
10 64 76 72 75 60 84 27 67 78 87 0 46
3 40 78 57 29 49 84 82 49 28 90 0 11
10 53 89 50 91 69 65 45 55 96 20 0 50
10 73 46 49 85 22 71 40 69 26 39 0 50
8 43 21 61 21 31 55 74 29 33 37 0 38
2 65 61 40 47 75 52 44 71 38 75 0 10
9 93 44 49 58 56 74 36 74 64 65 0 42
5 92 52 63 21 89 68 72 65 80 65 0 22
7 30 54 95 51 96 24 42 25 74 62 0 34
3 54 62 37 26 93 94 31 88 67 20 0 11
7 29 28 73 81 21 48 97 29 78 74 0 31
3 89 28 35 55 97 28 38 31 33 44 0 11
9 28 72 54 23 63 64 75 88 62 63 0 45
10 23 97 84 81 23 79 57 45 72 75 0 47
7 53 86 95 93 72 24 33 54 88 78 0 33
10 73 20 37 21 78 57 59 88 34 93 0 50
9 27 28 89 80 33 28 27 51 93 49 0 44
7 38 50 67 53 39 85 60 84 51 33 0 33
7 24 93 89 79 46 84 60 47 54 88 0 35
9 63 97 85 70 25 57 76 67 43 54 0 45
5 40 26 89 28 50 82 62 63 53 85 0 24
8 96 38 68 66 20 96 51 84 77 57 0 40
4 61 49 56 23 73 83 94 32 94 83 0 20
9 62 80 94 89 91 27 54 55 42 49 0 42
3 76 52 88 85 98 72 48 49 97 86 0 13
9 90 73 96 50 66 68 73 69 76 100 0 44
6 93 66 26 94 66 55 83 20 38 63 0 28
6 63 41 27 94 72 76 52 28 65 62 0 27
3 38 80 60 37 29 74 52 67 51 32 0 13
10 76 96 80 64 39 23 37 46 79 71 0 50
10 42 89 56 58 84 22 67 35 44 85 0 50
6 97 93 64 74 29 39 68 67 56 38 0 26
5 78 64 41 39 66 80 67 20 54 81 0 22
6 97 58 53 46 44 27 49 89 92 48 0 30
5 58 88 59 60 22 52 100 55 46 63 0 21
2 69 25 25 83 67 75 85 75 34 74 0 10
5 53 42 84 47 35 25 32 98 57 22 0 22
4 62 96 28 62 27 72 49 25 58 92 0 16
8 71 39 72 40 84 57 31 82 96 84 0 39
5 37 73 46 82 27 84 91 72 57 23 0 25
5 69 35 60 72 79 25 22 100 54 70 0 24
4 65 60 59 37 79 78 70 85 99 84 0 19
8 26 54 71 49 54 88 98 36 75 39 0 38
7 49 45 37 34 40 54 23 95 61 26 0 31
5 46 95 39 60 54 87 53 54 39 68 0 25
3 26 22 76 81 29 84 73 21 37 83 0 12
4 84 33 61 58 89 37 91 89 48 79 0 16
10 98 62 99 33 90 83 77 52 73 100 0 46
3 35 70 81 34 33 61 60 50 78 57 0 13
9 50 95 47 24 29 50 51 36 99 94 0 41
3 81 88 76 76 72 44 90 54 59 48 0 14
6 22 49 56 62 88 77 52 52 64 83 0 28
5 70 88 73 80 37 31 55 93 95 97 0 23
5 69 88 80 60 62 63 83 68 52 86 0 24
9 68 94 22 40 21 54 77 47 87 33 0 43
8 59 32 78 90 50 94 60 46 31 69 0 40
7 71 28 50 33 75 46 25 30 91 75 0 33
7 73 36 87 86 86 47 95 53 36 80 0 35
3 42 52 97 25 49 86 51 59 53 29 0 11
8 74 33 75 70 22 83 29 83 66 27 0 36
8 22 67 47 44 69 96 80 46 43 73 0 38
6 70 82 81 48 22 40 40 85 67 77 0 26
4 79 51 39 57 39 56 50 69 82 22 0 19
9 45 59 87 55 77 85 84 22 76 82 0 42
8 63 33 89 58 92 45 88 24 40 55 0 37
3 91 63 28 54 99 85 29 74 63 28 0 11
4 87 88 57 29 25 88 60 62 32 74 0 17
7 32 24 51 44 81 45 27 64 69 61 0 31
8 69 43 80 34 70 42 38 52 93 41 0 36
4 62 49 65 34 81 27 95 29 75 38 0 16
6 96 65 48 36 98 42 68 46 41 43 0 28
6 95 65 21 96 48 67 37 52 45 80 0 27
7 61 58 24 90 94 92 37 35 57 54 0 34
10 53 67 40 75 38 100 45 53 82 76 0 48
6 71 53 97 77 34 68 90 44 30 38 0 28
9 35 86 51 84 44 74 25 21 43 25 0 44
3 27 40 48 39 26 97 83 76 29 56 0 14
6 65 86 32 44 46 43 93 84 62 31 0 29
4 28 36 38 31 55 35 56 22 100 73 0 19
2 37 71 86 87 61 87 55 62 84 82 0 10
10 23 22 96 59 52 44 54 27 32 75 0 48
4 46 30 39 63 61 78 62 76 99 34 0 19
3 70 46 64 95 89 62 38 63 35 29 0 15
2 90 31 34 67 35 54 75 95 75 55 0 10
5 58 77 49 28 44 48 65 86 25 88 0 24
3 94 48 74 83 32 26 94 77 63 30 0 12
6 77 80 53 27 93 93 72 42 74 88 0 29
9 61 82 65 20 75 32 97 81 93 41 0 42
6 96 95 71 66 36 79 88 82 76 38 0 30
8 76 26 33 95 87 39 74 47 55 82 0 37
10 24 35 25 21 49 23 95 38 78 52 0 49
9 86 51 46 49 50 38 94 36 83 73 0 45
8 99 73 80 74 82 95 97 31 75 22 0 36
4 52 36 88 62 75 50 68 57 84 49 0 16
6 52 75 34 50 96 67 25 41 68 97 0 29
6 71 50 48 39 25 53 62 84 96 80 0 29
7 81 41 46 77 45 88 53 51 69 78 0 33
2 85 24 97 47 26 75 97 41 73 26 0 10
3 58 46 54 63 38 58 37 85 54 95 0 11
4 40 35 40 52 98 83 72 57 77 20 0 18
6 100 63 88 21 25 86 64 22 45 89 0 26
7 50 39 29 43 21 85 73 42 39 34 0 35
3 36 54 63 63 41 74 43 21 31 28 0 15
4 29 93 53 95 97 29 29 52 24 70 0 19
10 40 34 67 74 67 94 31 41 67 62 0 46
7 45 49 26 31 49 46 34 94 24 96 0 34
4 58 47 74 88 84 47 52 94 28 29 0 16
10 43 56 71 46 54 42 88 28 94 21 0 49
8 23 97 43 83 29 87 99 74 55 95 0 40
5 70 26 88 71 63 48 38 57 53 50 0 23
6 22 70 66 25 64 96 40 51 45 54 0 27
8 36 38 45 70 29 82 71 71 99 53 0 36
3 29 68 72 73 50 81 26 85 70 49 0 11
6 80 36 94 64 100 51 77 93 25 64 0 28
9 35 78 58 40 21 74 33 56 90 68 0 42
6 80 90 32 69 62 48 54 82 61 92 0 27
9 20 61 71 67 77 61 99 70 69 30 0 45
5 26 50 56 66 62 46 38 62 70 29 0 24
9 69 35 32 50 90 51 81 27 23 74 0 45
6 86 93 98 20 53 68 25 85 74 76 0 29
5 41 78 65 48 48 22 30 72 33 80 0 23
5 33 58 48 34 89 76 50 81 96 82 0 25
3 83 61 90 96 26 40 71 45 32 62 0 13
7 34 93 76 72 53 49 43 55 48 96 0 33
7 56 68 76 41 61 59 56 44 63 67 0 33
8 91 76 86 47 92 21 55 85 28 35 0 37
5 32 69 42 67 80 72 92 88 63 37 0 22
5 58 64 85 69 36 51 47 42 72 42 0 24
4 31 90 100 82 76 44 56 63 83 66 0 20
6 82 65 59 40 68 93 87 46 76 98 0 29
3 98 98 40 31 36 99 67 64 30 48 0 11
5 86 61 68 49 58 76 82 48 100 30 0 24
10 96 38 88 37 56 40 80 70 80 33 0 47
8 29 88 100 89 67 60 90 64 89 72 0 37
8 39 27 73 22 31 40 36 43 39 57 0 39
9 34 54 77 57 42 91 40 37 73 21 0 43
3 90 83 86 70 61 60 70 38 93 95 0 14
3 75 77 24 27 85 82 96 23 28 68 0 12
4 94 93 35 59 53 46 44 36 91 98 0 17
9 51 57 34 32 72 89 56 27 79 97 0 43
5 85 63 90 39 99 83 20 38 73 53 0 22
3 38 99 73 53 27 66 95 31 38 62 0 12
8 70 67 21 36 60 32 93 94 55 70 0 37
8 55 25 82 26 61 92 94 51 42 37 0 36
5 57 25 89 52 61 94 31 90 69 33 0 22
7 54 92 86 77 96 35 42 98 28 26 0 33
8 69 70 100 65 75 37 95 97 91 81 0 40
7 83 49 25 76 64 61 32 99 64 70 0 34
5 90 61 86 62 56 23 66 48 42 28 0 25
3 42 99 79 31 98 86 91 33 23 37 0 11
10 93 51 58 90 75 31 44 53 34 44 0 47
6 21 58 42 22 79 49 49 56 30 42 0 27
6 39 85 98 58 39 27 88 22 72 50 0 29
3 96 76 21 77 97 48 76 61 86 21 0 15
10 36 38 64 86 30 88 34 77 72 43 0 49
6 96 61 43 69 88 62 75 69 30 79 0 28
9 91 37 47 26 97 36 82 64 62 96 0 44
5 54 41 77 41 43 26 93 37 66 48 0 22
8 50 37 24 76 40 34 78 75 42 67 0 37
5 25 75 52 23 50 72 81 38 29 21 0 22
5 84 95 41 51 50 43 78 40 75 95 0 25
6 40 71 28 22 87 35 57 97 92 55 0 30
10 98 53 57 51 63 45 81 89 23 81 0 48
4 45 60 30 25 95 77 91 22 30 87 0 17
3 45 94 55 58 88 88 60 58 26 23 0 12
10 81 71 34 28 42 20 70 85 41 82 0 47
5 74 25 29 94 80 87 22 98 61 79 0 21
5 35 47 27 94 88 69 80 50 78 31 0 22
8 92 75 83 94 76 84 62 66 32 95 0 38
3 73 36 51 23 61 32 53 47 94 87 0 14
10 84 88 53 88 33 40 64 85 92 89 0 50
10 94 94 41 64 80 46 77 33 96 82 0 50
4 78 63 94 73 33 58 37 58 79 83 0 20
9 78 84 81 62 35 32 79 81 68 89 0 45
8 76 61 100 79 44 42 100 22 62 55 0 40
9 78 52 87 29 88 51 25 47 27 62 0 43
10 48 41 82 93 20 90 68 96 90 83 0 50
9 64 86 78 38 57 52 32 22 49 56 0 43
8 76 81 92 86 73 35 59 25 50 45 0 37
5 61 44 93 67 30 94 52 85 69 64 0 22
7 95 79 74 38 74 79 32 74 20 50 0 31
7 74 32 77 77 69 86 64 32 76 81 0 35
4 90 95 77 49 38 76 36 93 87 69 0 17
7 42 81 22 26 36 80 90 56 92 86 0 34
6 86 89 55 50 62 94 31 63 51 79 0 28
6 50 86 47 74 82 75 38 75 34 27 0 27
4 44 81 55 41 83 28 97 92 76 83 0 19
4 87 23 96 73 65 21 98 86 94 27 0 18
7 61 77 65 85 97 88 79 49 34 30 0 35
2 78 32 41 29 36 50 48 30 41 83 0 10
10 25 37 85 71 29 60 45 44 61 66 0 46
8 72 27 75 91 44 67 59 87 41 27 0 36
6 52 77 91 83 79 81 35 45 48 33 0 29
5 43 100 99 73 75 95 21 100 71 62 0 21
9 26 34 94 91 54 94 39 39 87 48 0 43
7 35 98 60 59 81 73 82 80 60 22 0 31
9 28 33 50 77 53 98 35 96 95 34 0 41
4 71 72 97 43 82 66 68 80 44 39 0 16
10 90 27 47 66 62 39 74 96 25 83 0 49
3 33 90 75 21 99 23 54 27 41 26 0 15
7 67 70 84 70 49 60 54 21 79 34 0 31
7 43 31 73 80 64 62 53 33 57 71 0 33
8 44 48 21 27 62 52 57 52 68 33 0 38
6 82 71 35 83 28 76 77 55 37 67 0 27
8 69 93 98 99 71 40 26 56 41 33 0 36
5 57 59 41 28 87 79 68 47 85 47 0 21
3 93 52 67 74 95 75 69 82 73 69 0 15
9 31 34 89 59 28 55 27 36 29 69 0 41
5 91 34 34 81 45 91 57 88 61 74 0 22
10 73 41 64 60 98 55 89 44 89 75 0 49
6 73 81 53 72 63 32 87 40 45 96 0 30
9 62 61 27 83 57 98 29 91 72 34 0 41
8 39 48 58 84 21 87 58 54 78 56 0 37
4 81 93 96 58 39 56 38 39 46 38 0 19
9 57 67 74 61 84 46 89 20 64 68 0 45
3 45 33 93 97 39 48 65 95 93 74 0 11
10 97 81 73 85 67 44 76 20 50 38 0 48
6 31 54 51 25 80 78 83 99 25 63 0 26
8 82 90 96 64 57 89 86 56 71 33 0 39
3 43 28 98 76 55 96 29 29 50 37 0 12
10 71 42 52 59 69 79 59 53 32 82 0 50
4 95 68 96 86 84 55 98 37 60 52 0 17
9 82 27 90 20 61 48 30 56 22 22 0 45
8 52 67 100 29 67 31 36 42 58 66 0 36
6 75 54 51 36 28 71 96 55 62 100 0 30
5 52 32 89 47 64 46 45 51 74 38 0 21
8 84 27 91 81 92 21 44 32 33 69 0 36
4 40 64 91 74 88 43 33 53 85 57 0 16
9 49 21 59 54 80 47 44 63 26 23 0 45
9 74 48 69 82 23 83 63 77 89 81 0 41
2 39 24 90 33 53 67 39 32 77 66 0 10
7 52 38 63 34 59 100 100 67 51 79 0 31
6 39 94 64 70 29 66 59 24 42 79 0 27
9 69 58 68 58 44 41 27 91 21 97 0 41
7 39 82 42 42 31 46 39 33 65 48 0 32
8 25 95 63 79 54 47 66 29 42 37 0 39
4 50 59 50 48 47 86 95 88 20 24 0 20
5 25 63 68 41 21 47 65 73 29 59 0 21
5 32 59 87 41 88 75 83 21 94 52 0 21
4 36 23 84 29 47 96 53 26 99 69 0 19
10 67 33 94 76 41 60 95 90 88 65 0 46
9 30 32 63 76 62 81 81 43 26 65 0 45
3 60 97 61 62 41 90 74 95 31 99 0 15
4 55 52 55 28 38 97 52 48 86 47 0 17
7 52 86 59 79 67 35 40 88 50 89 0 35
6 55 20 97 61 100 49 29 56 74 57 0 28
8 94 73 73 94 34 74 99 55 24 24 0 36
9 66 97 99 69 79 45 73 32 79 36 0 42
7 60 31 46 66 33 32 79 60 86 36 0 31
5 21 32 77 97 38 38 82 36 75 73 0 23
8 56 34 42 55 62 56 77 100 41 56 0 36
3 88 75 47 56 40 52 26 87 89 79 0 13
8 29 25 75 32 92 73 91 22 56 24 0 37
10 95 84 94 60 78 56 40 76 43 48 0 50
9 53 29 46 61 46 34 97 43 29 78 0 45
6 54 35 84 82 23 61 42 52 51 76 0 28
3 35 56 37 87 25 82 45 70 85 35 0 11
5 43 77 26 99 79 57 21 26 59 53 0 22
10 28 47 59 39 77 99 77 96 73 34 0 46
3 53 85 73 93 21 48 85 31 58 41 0 12
10 23 68 48 97 57 21 25 78 79 66 0 49
4 27 48 44 99 89 72 71 65 21 93 0 19
7 40 91 47 43 22 54 83 28 41 42 0 33
5 72 71 29 25 59 60 100 91 44 35 0 22
10 37 85 89 65 31 56 62 46 54 80 0 50
4 92 57 98 28 56 52 22 83 77 79 0 18
5 53 41 62 45 94 69 57 27 65 35 0 24
10 31 76 49 78 85 52 57 92 66 66 0 46
70 87 105 93 130 132 72 91 91 129
119 132 150 168 190 218 238 241 264 282
114 123 154 169 188 201 237 259 260 300
109 123 147 178 180 200 235 251 264 294
107 130 145 178 181 201 221 253 276 290
107 124 141 165 188 210 234 253 269 297
103 136 146 173 196 216 230 257 263 286
108 133 141 164 195 208 237 260 264 288
110 138 140 172 200 205 227 258 265 283
102 127 149 172 193 211 228 242 280 296
109 136 143 164 190 217 236 260 277 293
119 127 146 179 187 209 223 250 267 291
113 128 142 177 182 205 240 244 264 296
106 127 142 173 187 220 228 247 264 298
108 135 148 168 189 202 222 254 270 294
108 135 145 163 190 206 222 243 279 296
114 136 140 162 193 206 231 244 263 283
116 131 151 172 190 213 223 240 274 293
110 134 146 169 191 210 236 260 280 288
107 137 156 174 200 204 230 244 275 297
107 131 151 179 192 202 228 248 272 300
115 123 155 164 191 217 228 248 276 300
108 139 153 160 198 220 233 249 262 292
107 126 149 172 196 200 223 258 272 293
109 131 150 163 183 218 234 255 275 287
117 123 159 170 198 206 224 241 260 299
117 140 153 178 186 205 236 251 280 284
119 138 157 164 200 213 232 247 268 299
115 140 151 163 196 220 239 257 271 291
101 130 154 179 196 208 236 248 272 297
112 136 150 164 193 208 239 249 262 289
119 137 150 167 199 200 239 242 274 300
119 128 155 165 197 201 238 258 273 295
116 134 148 161 191 209 220 248 280 300
106 140 153 164 197 220 234 258 267 295
109 132 141 178 199 200 228 249 269 290
109 133 152 174 192 202 222 249 262 286
114 137 147 175 182 201 231 257 280 300
119 140 144 173 181 202 226 254 264 295
116 138 144 165 183 203 232 250 276 300
107 130 147 171 182 220 220 246 267 294
116 138 142 172 199 216 230 252 274 293
112 123 147 171 189 216 239 252 260 298
118 138 143 180 195 201 235 251 266 299
106 121 151 174 195 214 237 254 271 283
100 129 155 173 181 213 224 248 263 293
117 133 156 164 194 204 221 255 275 300
115 131 149 168 182 214 240 250 265 288
102 138 160 180 188 218 233 252 265 285
111 138 141 171 195 201 240 259 266 297
114 131 151 169 193 210 230 252 273 285
106 126 160 176 195 205 234 241 270 285
107 127 144 180 185 206 221 246 262 283
114 122 156 169 189 209 229 256 279 293
119 128 151 169 195 204 229 244 262 300
119 139 145 166 185 219 223 245 280 298
106 125 150 161 195 203 230 260 262 295
116 134 156 168 183 220 230 259 269 298
114 124 147 162 193 202 223 243 278 298
118 126 146 172 197 208 237 254 263 282
112 129 146 166 190 201 224 255 268 280
116 138 147 164 188 214 224 254 265 297
107 138 148 170 191 210 233 248 277 283
108 131 145 173 187 200 227 256 275 289
112 136 156 178 199 208 225 259 260 294
116 138 144 161 187 207 235 243 267 295
102 131 150 169 195 211 227 245 273 298
109 133 155 168 194 218 238 257 280 298
100 140 156 166 200 209 224 241 271 293
115 123 159 169 187 217 240 240 265 300
113 128 146 164 184 215 224 255 277 286
104 120 156 166 180 215 236 244 275 280
103 126 143 177 187 200 238 248 277 285
111 120 158 180 190 216 228 245 268 282
100 124 146 176 197 201 228 249 272 283
113 131 143 179 196 211 224 245 269 287
114 121 145 169 200 205 235 254 260 297
105 127 147 178 194 210 233 245 280 299
101 127 160 173 186 201 227 255 269 283
107 128 151 169 193 205 221 249 276 280
116 138 140 163 186 207 224 252 261 284
117 140 150 170 198 214 235 246 269 294
107 128 141 171 183 210 238 250 268 287
113 126 150 166 180 201 222 247 268 287
116 121 152 167 192 208 227 260 276 298
114 129 150 171 181 215 231 259 266 293
103 140 158 168 182 219 220 244 268 299
113 123 142 177 186 201 233 251 269 294
106 139 156 164 185 207 221 247 271 295
112 138 149 170 189 205 236 240 262 298
103 128 157 171 198 218 221 250 279 288
103 126 148 172 184 206 230 251 280 281
119 131 141 162 195 210 234 259 266 292
112 121 153 162 197 206 225 251 266 281
105 121 142 176 188 203 228 258 261 286
110 127 147 172 194 212 224 259 264 282
105 131 154 162 199 209 240 251 269 291
117 133 146 161 199 217 230 245 262 294
103 132 148 180 192 216 239 242 273 280
114 135 149 178 186 211 235 249 261 280
113 135 151 162 181 219 228 251 264 284
119 125 144 162 195 207 237 252 268 289
120 132 158 160 195 210 239 252 269 299
105 122 157 177 190 206 230 245 263 281
114 139 154 167 187 211 222 242 260 298
116 135 147 164 185 213 236 246 266 290
106 134 143 163 192 206 233 256 262 300
110 134 143 167 186 215 221 241 275 288
104 124 156 169 189 208 227 250 261 295
110 121 156 172 186 200 238 249 271 289
108 128 157 166 192 215 239 244 276 281
109 127 145 161 190 215 225 251 267 286
110 127 141 165 180 209 224 257 277 284
111 130 148 172 198 218 238 245 277 288
118 120 154 171 191 204 226 251 262 299
105 135 151 177 185 200 221 248 266 284
115 120 140 169 184 209 221 246 271 299
115 133 140 180 187 206 224 260 271 280
115 138 156 168 187 218 237 240 279 297
107 126 147 178 182 202 231 259 260 286
105 125 159 170 192 213 232 249 262 281
109 133 156 169 200 217 231 240 277 295
114 138 146 168 184 206 235 256 274 299
116 131 140 180 182 207 231 255 260 288
116 128 155 162 181 205 222 259 280 290
116 130 158 171 184 206 232 256 276 283
103 129 141 168 198 211 240 248 264 280
102 125 142 172 198 206 220 255 266 294
110 121 154 171 197 210 223 244 267 297
106 140 145 165 189 201 238 256 265 288
114 131 154 160 194 212 227 257 268 298
108 132 156 164 188 207 229 258 278 299
113 133 145 170 181 216 224 244 263 290
100 123 159 174 180 211 222 257 272 291
116 132 142 160 187 218 223 243 276 288
113 140 141 172 187 210 237 248 276 297
111 139 147 176 184 220 229 242 269 283
117 136 153 161 200 204 235 256 267 298
117 125 157 161 186 218 240 259 264 296
118 130 143 166 193 200 222 251 277 286
113 137 154 165 197 210 240 257 273 299
112 132 147 165 182 217 240 245 269 284
114 138 160 171 188 212 226 244 260 293
109 137 148 163 183 218 223 247 276 300
100 133 157 160 188 206 228 259 267 289
112 125 155 162 194 215 226 248 280 286
112 139 159 165 191 220 228 257 279 292
114 122 152 166 200 205 230 247 275 288
109 134 142 172 184 212 234 253 263 299
107 124 154 162 183 204 228 250 263 281
111 121 153 179 191 220 237 254 270 297
117 140 146 173 180 204 233 254 261 287
108 123 160 161 193 215 229 251 262 300
120 123 142 167 199 217 223 249 264 291
116 129 142 178 200 215 239 251 276 290
110 133 154 160 200 210 235 251 270 282
101 120 148 169 191 205 240 253 269 288
103 140 150 172 193 203 238 242 278 291
101 140 144 163 198 208 240 243 271 285
107 133 141 174 186 202 233 243 260 297
104 136 159 180 185 217 226 244 269 280
109 121 151 174 199 216 226 256 278 288
113 132 154 163 197 210 225 250 261 300
118 123 150 178 186 203 226 260 272 290
100 136 142 174 188 217 235 257 279 288
101 132 157 160 191 219 221 242 276 295
114 135 148 170 185 201 221 260 270 293
111 140 150 169 199 215 239 248 266 285
120 134 159 170 192 202 221 259 260 293
112 124 158 171 194 214 222 243 273 284
100 133 156 174 180 217 229 260 272 283
105 128 142 164 192 205 226 243 265 299
114 138 150 160 195 206 230 254 276 285
114 125 141 179 184 202 238 247 278 295
117 134 151 179 197 217 223 241 271 287
108 121 151 174 200 213 222 254 261 295
110 133 141 163 199 218 235 242 278 284
112 137 158 161 185 215 229 252 272 289
108 134 145 177 191 207 224 251 261 294
110 124 145 164 196 208 226 249 280 295
114 135 150 177 184 202 229 257 274 297
113 129 146 180 180 200 232 251 278 293
108 126 146 172 187 202 220 249 261 290
119 129 148 171 190 206 238 258 266 283
108 125 142 173 184 211 224 257 278 294
100 137 146 165 181 212 237 250 275 300
119 130 160 164 190 200 221 241 272 288
118 125 150 163 185 203 224 250 272 289
109 140 151 178 199 219 224 242 270 280
111 129 155 163 184 208 221 255 274 286
100 127 140 160 197 204 232 246 276 283
116 133 141 176 183 209 222 244 272 300
117 134 148 162 182 214 238 259 273 293
116 132 149 176 199 210 226 242 268 290
101 135 146 180 195 218 238 246 267 297
116 131 159 175 182 218 225 249 268 286
120 138 146 175 185 220 227 243 279 289
100 134 156 171 189 211 221 250 279 283
101 128 147 172 192 210 227 247 270 293
109 139 154 173 186 219 236 241 269 298
103 129 149 169 186 218 236 251 268 287
103 131 156 177 196 219 220 240 279 289
111 129 153 174 187 215 230 243 267 285
113 126 159 160 180 216 221 253 261 300
102 128 159 177 183 201 229 246 277 292
113 132 153 163 185 204 233 258 272 285
105 124 154 161 197 208 226 245 277 299
105 140 151 163 181 214 240 260 272 296
104 120 144 165 183 213 234 243 263 300
103 122 158 168 181 216 234 259 277 283
106 127 152 180 195 218 231 255 264 280
109 125 142 160 186 201 226 246 269 292
119 138 152 176 185 201 233 257 271 300
101 133 146 176 194 212 231 244 270 300
105 139 140 165 188 216 233 254 266 288
118 138 157 173 191 213 238 244 273 298
108 134 158 174 186 206 230 242 271 298
120 126 141 164 181 201 220 254 260 292
101 124 151 163 192 210 220 249 279 299
119 137 157 175 199 208 223 256 261 284
102 125 157 170 195 214 239 242 278 299
111 134 153 180 191 218 224 257 262 300
116 134 157 163 197 212 227 245 276 291
118 122 145 177 183 215 228 240 276 282
102 133 159 170 192 208 227 242 276 284
110 124 149 171 182 213 225 252 269 293
103 128 146 167 199 203 224 242 269 281
120 124 152 163 192 202 230 247 267 299
101 133 154 179 188 200 232 251 280 290
101 135 159 162 183 208 230 240 273 285
107 133 152 171 195 214 240 244 262 290
117 122 150 174 189 216 225 249 263 284
113 124 142 174 195 208 235 255 274 299
109 120 159 162 199 214 226 250 266 300
109 140 147 175 192 209 228 251 262 280
114 130 145 179 192 208 230 244 265 283
109 136 140 168 184 216 235 259 266 291
120 140 142 163 194 204 237 254 280 291
103 139 140 172 198 218 227 256 263 290
116 122 158 167 182 220 232 242 272 294
110 138 153 172 185 200 239 253 273 296
117 123 152 178 197 208 223 258 275 298
118 133 151 175 194 208 226 243 271 286
112 123 145 169 189 202 225 257 275 281
104 137 150 176 182 213 221 256 260 287
119 125 157 175 195 206 222 250 280 299
103 135 153 164 196 215 228 250 273 283
102 129 154 160 185 219 227 245 279 284
109 135 160 177 181 208 220 240 270 300
114 121 146 168 190 214 232 259 273 300
110 129 157 166 200 215 224 242 260 296
117 126 145 167 198 211 240 251 265 295
108 120 156 169 193 202 235 247 267 281
117 131 145 174 183 201 221 253 261 298
117 127 156 161 186 210 227 249 270 288
102 120 159 178 184 203 232 249 269 282
117 121 151 177 180 201 224 240 278 300
118 138 143 180 188 201 231 252 266 282
106 130 148 165 191 206 227 256 267 286
119 138 154 179 196 219 229 257 275 295
104 133 140 173 193 216 233 248 276 284
114 140 144 168 181 210 229 250 262 293
103 129 144 180 193 200 240 253 277 291
102 136 151 161 187 205 225 247 276 290
110 122 159 162 195 211 233 250 269 282
113 136 151 167 188 217 225 258 273 298
112 127 145 176 200 208 221 257 273 294
104 138 160 160 188 202 234 240 275 285
115 123 153 171 183 210 225 245 273 294
118 136 152 173 180 217 238 248 279 289
100 127 152 167 180 211 233 243 271 293
118 126 150 167 198 209 240 246 280 283
106 123 160 160 181 214 226 241 274 281
102 125 140 175 196 204 232 240 263 283
118 127 153 169 187 216 235 257 278 289
112 130 155 172 191 202 224 251 263 293
118 122 145 161 192 211 226 250 269 297
106 132 144 177 182 204 237 245 269 287
106 135 141 164 189 201 234 244 272 291
100 134 155 164 188 206 236 256 267 294
113 126 146 162 187 202 239 244 272 285
105 127 157 168 192 211 231 251 271 297
108 127 154 179 186 213 233 256 264 284
108 123 157 170 183 204 231 251 273 291
119 124 152 173 182 208 239 259 266 288
117 138 140 169 197 213 224 250 279 281
109 132 158 164 181 219 223 253 266 280
113 133 149 178 184 205 237 246 279 287
120 135 155 160 186 210 237 245 265 287
120 127 142 175 183 219 220 257 273 294
116 127 155 162 197 218 229 243 272 289
119 134 152 167 184 214 220 244 280 290
119 126 144 173 192 201 231 259 264 295
104 123 157 161 194 206 226 250 261 298
114 136 158 169 180 202 221 241 260 290
112 136 159 174 200 220 225 255 274 300
112 133 159 176 196 214 238 245 278 296
109 126 145 170 197 219 225 260 278 296
111 130 142 169 187 215 223 255 267 294
110 122 155 179 188 212 229 249 260 298
106 139 159 173 200 210 233 257 275 288
116 139 153 161 182 202 234 250 264 286
113 128 144 163 180 220 236 249 271 287
102 128 160 175 194 207 223 256 265 292
115 130 143 175 193 214 236 256 260 289
120 121 156 163 183 210 231 244 274 291
109 127 147 163 196 207 220 255 268 292
104 120 153 167 182 204 231 246 279 292
117 122 158 161 189 209 235 251 269 297
115 130 145 171 186 214 221 240 265 286
101 120 153 162 180 201 236 243 272 292
114 121 152 169 182 201 229 243 274 300
115 125 142 162 190 215 228 258 271 289
110 128 147 174 196 218 228 246 274 297
120 136 148 177 189 204 234 251 277 291
110 133 153 177 195 220 238 254 280 296
115 129 156 177 188 207 233 248 262 292
118 133 150 176 189 211 237 241 266 289
102 120 158 176 188 220 225 253 265 290
108 123 152 168 199 218 234 240 280 283
100 128 146 160 182 214 240 250 271 294
107 125 144 170 196 200 228 246 271 280
103 132 140 179 180 211 238 242 278 295
114 121 157 177 198 206 230 255 280 289
104 137 160 173 197 214 230 244 274 289
114 128 150 171 195 211 240 256 261 281
115 138 157 174 196 205 222 243 280 286
120 140 142 170 190 207 240 260 270 285
100 122 158 169 185 215 235 258 265 284
115 125 149 160 193 214 235 240 264 290
111 120 145 172 189 205 221 247 272 295
101 131 141 162 188 209 240 255 278 282
111 133 148 166 190 201 232 242 268 288
103 134 141 165 181 204 234 255 260 294
107 136 153 161 194 206 239 252 271 282
117 120 160 175 198 215 223 255 269 281
113 133 152 165 184 202 240 241 276 295
100 128 160 167 184 207 233 260 267 291
110 128 140 179 187 203 234 251 260 280
103 123 148 178 181 200 224 260 264 300
119 130 160 172 185 201 225 251 278 293
119 138 143 160 194 208 222 241 278 295
105 135 150 173 186 220 238 241 260 293
103 134 140 171 196 218 237 254 262 295
104 123 151 162 183 219 223 253 263 280
120 134 144 170 191 210 223 251 265 296
108 128 159 177 184 200 224 255 271 284
119 128 149 168 187 215 232 252 270 292
102 135 146 169 200 213 230 250 272 280
108 140 151 164 181 203 223 253 267 297
105 140 151 167 194 218 231 259 267 294
102 121 158 161 185 203 232 254 272 299
118 125 147 163 181 205 234 253 264 296
107 127 157 178 190 207 222 256 273 286
120 124 153 174 188 200 235 240 277 289
100 133 151 166 184 210 239 257 264 289
110 125 150 169 182 208 236 255 264 290
113 131 145 161 181 214 227 254 263 296
107 139 142 167 193 214 230 241 272 280
105 138 158 179 191 212 236 255 271 293
112 121 147 163 194 220 222 256 273 290
104 129 143 177 194 214 224 253 261 293
109 127 158 178 191 202 240 246 279 283
103 138 144 172 200 212 231 240 267 295
116 133 151 167 199 219 221 246 268 298
100 123 143 163 186 215 235 257 267 299
116 129 148 168 197 219 229 244 270 297
104 133 156 165 186 217 229 248 263 294
111 131 159 164 195 201 224 243 271 298
115 140 147 160 199 212 234 260 261 282
109 137 156 163 198 209 222 252 267 290
101 121 146 160 193 218 228 241 274 299
115 136 159 164 196 215 220 251 260 290
118 121 145 161 186 216 233 243 277 295
105 138 159 163 200 205 232 253 265 291
111 137 159 164 190 216 233 251 280 289
113 133 152 163 185 214 240 240 272 297
103 123 159 180 184 214 238 244 265 298
107 128 158 178 192 206 223 241 273 283
108 135 155 178 196 213 230 248 269 290
109 134 144 179 193 201 221 240 274 290
113 127 158 168 195 201 225 254 266 287
105 120 148 172 187 206 225 253 273 287
112 121 159 168 198 216 225 246 271 284
104 124 157 163 197 202 230 240 280 286
104 132 144 174 181 200 230 258 263 290
108 132 156 177 185 214 222 252 266 293
117 133 149 170 199 212 225 255 261 297
110 133 145 173 193 211 227 246 275 300
100 128 145 169 185 205 236 247 268 282
114 124 145 164 189 210 225 259 268 288
117 126 159 179 190 208 228 241 262 283
111 140 156 179 184 201 233 260 262 297
108 140 150 178 191 209 230 253 274 283
120 123 142 180 194 216 231 259 277 291
101 132 158 174 182 219 227 252 271 298
117 130 154 161 199 214 224 251 267 295
112 128 147 167 181 204 240 259 263 283
112 127 145 178 200 207 225 256 264 293
118 140 145 167 180 220 226 247 265 300
108 132 149 169 187 209 240 244 263 294
102 126 157 179 200 206 235 244 261 293
100 134 158 171 192 202 222 248 279 293
116 134 153 169 195 209 236 243 274 299
111 134 140 168 193 204 227 245 274 290
114 132 143 162 196 209 221 243 270 287
113 128 148 169 194 218 228 260 261 298
116 139 144 165 198 219 229 248 267 283
111 138 141 161 192 205 221 251 279 298
109 140 153 167 192 211 227 250 278 281
103 125 153 179 188 208 224 257 271 289
116 125 152 172 185 212 231 254 261 298
103 131 160 160 190 220 231 258 273 289
104 127 158 170 189 216 235 253 270 295
118 133 151 176 189 216 237 246 274 299
103 131 143 160 185 202 233 246 261 283
100 137 150 164 196 206 235 244 260 294
100 120 147 167 197 206 226 241 262 299
100 140 150 173 193 217 234 245 273 284
120 134 151 164 183 205 240 254 261 282
118 133 155 162 183 205 239 246 262 300
103 133 151 175 189 212 222 259 273 291
116 133 147 179 182 204 229 254 275 285
113 124 150 178 196 220 238 260 273 295
115 139 153 166 199 219 235 245 272 290
108 132 146 162 199 208 223 259 266 282
118 122 144 175 188 206 233 246 270 290
111 139 159 169 192 207 229 250 268 282
109 137 146 171 183 201 234 251 262 296
113 140 146 179 184 201 237 243 276 296
103 135 147 170 200 201 230 245 263 290
109 135 158 174 184 219 238 257 266 282
114 132 148 167 200 219 228 256 263 293
101 140 148 179 200 218 237 242 261 300
120 134 141 179 187 201 240 251 278 285
105 124 157 178 180 202 238 246 272 292
107 120 151 178 181 210 239 248 269 281
114 123 142 174 192 203 229 256 273 300
115 136 150 175 194 201 223 240 261 300
102 137 152 174 195 205 221 247 279 296
106 121 142 176 196 211 230 246 274 292
103 130 153 178 186 212 236 242 267 300
101 128 151 174 196 210 240 256 266 281
115 121 141 163 189 209 221 247 267 285
108 138 149 168 200 220 221 250 266 282
109 126 157 168 196 204 226 246 270 280
117 126 149 171 181 212 220 249 262 288
119 120 153 179 189 210 231 258 271 295
100 138 156 168 195 211 240 255 277 291
117 135 147 172 190 206 238 243 275 289
115 125 155 175 189 220 229 250 269 297
103 128 153 179 181 206 239 253 261 290
119 127 156 175 182 204 232 242 265 293
109 133 150 162 196 201 223 244 265 283
105 138 144 170 189 200 232 257 267 295
114 129 140 170 180 203 229 240 264 288
106 135 146 171 197 214 224 258 260 291
100 120 151 162 188 218 220 246 266 295
109 129 144 164 194 217 230 247 278 298
111 126 158 163 186 213 234 250 267 287
118 124 157 175 200 208 239 243 280 293
112 140 144 180 188 206 236 251 275 298
101 122 152 161 190 204 224 241 260 282
112 124 154 176 187 210 239 252 273 290
108 137 146 171 182 200 236 252 265 285
109 138 147 171 186 212 232 243 266 287
112 126 156 176 183 217 222 243 268 297
117 140 156 160 192 206 231 256 277 298
113 130 160 166 198 209 223 248 271 295
105 120 143 161 184 219 223 248 269 298
104 120 160 161 196 204 231 240 269 288
110 122 157 179 194 213 240 253 276 281
104 127 148 175 193 203 232 245 273 292
103 123 151 168 183 216 221 259 261 288
103 127 156 171 181 218 223 247 271 296
116 137 155 168 189 220 223 242 270 296
101 135 146 160 195 218 225 242 279 286
112 138 157 180 200 218 223 260 268 290
112 138 141 173 195 200 229 258 267 299
108 139 154 174 200 213 226 249 262 283
108 138 142 164 199 214 238 240 277 295
106 125 153 161 189 200 221 258 263 285
120 138 140 160 187 214 220 245 270 295
115 120 159 180 182 209 233 242 276 298
120 129 157 180 185 211 229 260 270 280
117 121 142 180 183 209 223 255 265 291
101 140 160 171 184 220 236 241 270 288
112 136 159 175 182 203 229 259 277 286
101 120 159 177 181 204 237 258 272 288
100 126 147 161 183 202 220 249 264 287
115 135 160 179 182 208 230 242 265 280
111 138 155 172 180 204 224 243 265 288
108 122 149 169 198 218 229 244 273 288
101 126 151 164 187 217 231 241 276 284
117 121 149 161 186 205 235 252 270 296
108 122 140 170 194 213 226 243 264 297
104 121 143 172 186 207 223 246 268 281
100 121 150 163 185 211 226 260 277 289
107 125 157 177 181 211 232 252 266 282
106 131 146 168 188 214 232 259 275 295
110 129 146 163 196 200 236 250 275 295
106 135 152 165 187 201 232 246 266 291
109 128 140 160 194 213 227 248 278 297
120 139 155 172 185 202 220 243 261 292
106 122 153 170 188 219 229 244 261 288
108 135 144 169 200 219 233 248 261 291
114 127 146 175 180 200 232 251 274 297
104 133 146 165 184 202 238 257 280 298
117 127 151 172 197 207 223 257 277 287
117 136 158 175 191 208 222 250 262 280
108 127 143 167 197 216 240 256 276 291
102 128 149 169 182 200 227 248 279 291
101 121 144 162 191 210 223 260 260 286
119 129 157 164 194 213 230 251 280 281
113 133 141 165 180 209 237 242 278 291
106 131 144 177 198 210 231 254 278 294
110 127 143 172 191 209 235 244 275 290
108 128 156 180 200 205 226 246 280 290
115 135 145 168 180 208 222 248 275 286
112 131 143 168 195 206 233 254 280 284
116 134 160 177 183 216 240 243 263 283
108 126 157 162 192 217 225 242 265 282
112 120 149 176 186 216 231 255 271 296
104 126 146 163 186 220 229 250 278 284
102 124 144 178 195 210 221 257 278 298
110 134 145 169 182 219 235 248 260 284
103 130 142 180 188 219 221 254 268 291
115 140 144 176 193 203 232 240 277 297
106 139 149 160 190 200 234 255 274 282
116 130 148 169 197 208 237 241 264 280
102 131 155 165 199 201 237 255 278 287
110 131 153 166 183 220 223 249 278 297
106 137 151 177 196 209 230 258 269 282
104 134 153 169 186 209 221 251 279 288
104 121 149 176 187 213 223 257 265 280
112 124 149 162 188 216 240 257 265 296
104 131 144 175 198 210 238 259 270 287
108 123 147 161 182 216 227 246 261 295
106 133 149 166 199 202 240 257 272 285
106 140 157 176 190 200 222 241 266 294
107 123 143 162 183 200 237 250 275 287
106 134 148 165 193 215 223 243 270 290
109 127 143 161 189 215 229 249 261 298
119 137 152 172 181 211 235 257 270 289
115 122 142 171 199 201 222 256 262 287
108 123 157 165 190 219 221 258 277 294
116 120 154 161 200 216 236 260 273 291
105 120 144 177 182 215 220 258 280 294
105 125 150 178 197 215 233 251 270 280
117 129 158 174 198 212 229 243 275 285
113 134 143 180 185 217 222 260 268 288
103 136 152 162 200 202 239 242 264 289
111 140 147 160 193 215 238 241 271 284
102 134 142 166 199 216 232 244 274 290
117 128 145 170 195 200 232 250 261 292
107 125 140 174 193 203 225 257 270 281
114 134 147 178 187 216 223 249 277 282
116 135 142 171 188 208 228 254 274 293
101 140 142 160 183 200 225 250 267 290
104 140 160 175 189 211 239 246 276 292
104 136 158 166 182 209 239 253 273 298
100 137 149 169 193 214 223 255 269 296
105 133 146 170 193 220 226 258 279 295
117 134 143 173 190 218 226 258 276 290
105 132 150 163 200 207 224 248 264 291
117 125 140 161 192 219 231 251 267 297
119 140 144 179 187 217 230 246 266 290
102 121 153 174 190 218 228 245 260 281
103 121 159 172 187 217 237 254 271 296
109 132 145 169 187 201 221 253 279 294
103 126 157 176 193 209 228 244 269 290
103 133 150 166 190 201 224 260 270 281
119 131 151 167 187 201 228 246 260 288
109 122 154 170 197 216 238 241 262 287
100 120 157 173 193 211 238 255 275 288
105 124 143 174 184 219 227 248 268 300
106 126 154 180 200 219 227 257 271 299
120 127 141 175 188 220 238 254 263 290
100 140 160 170 196 203 236 244 278 289
105 122 149 174 200 204 232 251 262 284
114 121 154 167 182 205 224 259 268 284
110 125 141 164 197 204 229 243 267 290
112 138 145 167 181 218 231 254 263 284
108 127 160 169 192 214 223 251 263 286
105 138 145 180 200 201 222 258 266 292
107 134 152 180 199 207 234 259 277 291
101 138 149 160 197 218 222 260 266 288
100 129 145 162 200 207 231 244 265 286
112 138 159 161 200 219 231 250 277 286
103 120 156 180 190 218 220 250 279 296
117 120 157 167 187 208 227 249 267 295
118 120 143 173 184 210 224 253 271 287
106 126 159 165 186 219 226 247 265 293
111 135 150 164 191 211 228 251 269 290
110 120 142 166 186 216 225 257 268 296
106 137 152 160 188 216 226 249 272 284
100 124 147 164 188 202 228 256 280 294
112 138 154 165 182 205 231 258 272 285
117 135 153 161 180 210 223 256 272 288
106 127 142 168 198 213 236 245 277 299
100 125 153 160 193 212 222 245 270 287
112 135 159 163 196 204 237 243 278 295
109 128 152 161 197 201 230 246 262 281
111 135 140 165 180 212 220 254 267 286
110 136 151 162 186 200 237 257 261 292
115 120 154 173 186 215 234 257 263 295
110 126 152 176 198 211 223 246 277 294
100 133 159 160 187 213 237 249 278 283
116 136 157 167 199 213 228 254 270 298
112 124 149 166 184 214 237 243 263 291
108 138 157 177 195 215 239 249 263 294
105 122 149 162 183 209 232 247 279 300
112 128 155 169 199 204 230 250 274 295
106 139 160 167 200 218 240 243 271 286
109 130 156 176 180 209 226 245 277 296
108 124 145 175 200 212 239 260 268 282
113 136 155 180 183 201 231 245 273 290
119 127 160 179 193 220 237 253 280 281
118 130 154 177 180 209 230 260 277 295
116 126 157 175 187 212 236 259 266 281
110 140 156 160 189 219 226 251 268 288
114 138 158 174 190 203 236 260 264 299
108 126 149 168 199 205 234 250 278 289
110 139 145 160 199 212 225 260 275 286
109 120 153 163 195 207 230 257 277 291
100 133 148 174 187 204 225 244 274 293
102 130 145 170 196 213 234 242 272 293
101 130 149 171 190 219 228 242 280 287
100 126 148 161 194 208 228 254 269 284
101 123 154 168 200 217 227 242 273 295
104 123 156 180 195 219 220 242 274 299
104 135 154 169 196 216 231 245 270 284
106 138 151 180 187 220 223 253 263 292
120 120 142 167 186 213 240 252 266 294
113 129 154 160 193 209 221 245 267 287
112 127 142 173 198 212 227 240 271 289
117 125 150 176 193 202 224 246 269 285
113 128 140 165 186 208 237 254 260 290
116 136 140 165 183 211 226 253 271 290
118 134 151 170 183 212 224 251 272 287
108 126 151 177 180 216 239 244 273 282
117 126 156 162 200 211 225 246 268 281
105 130 156 161 193 219 234 246 278 299
116 133 153 163 197 214 225 254 279 284
120 122 147 161 200 203 223 254 269 286
104 136 155 177 193 202 227 247 265 289
108 133 143 172 196 212 238 241 275 294
118 131 155 164 190 210 229 256 278 285
116 121 158 169 190 204 236 259 278 294
114 136 153 173 183 218 226 254 271 297
111 122 151 171 198 205 222 245 272 292
120 132 155 175 187 204 236 250 278 280
101 121 160 178 199 213 233 245 279 283
118 120 158 174 181 214 228 241 279 283
111 137 154 170 189 205 226 259 270 300
104 123 153 175 188 207 238 247 274 297
120 140 160 167 194 202 225 245 273 280
112 130 140 166 187 209 222 254 269 282
110 126 146 160 191 204 220 250 275 285
114 139 149 160 191 215 239 248 270 280
111 123 155 179 180 207 229 249 264 297
116 129 149 170 197 218 234 252 268 292
114 124 140 161 185 202 230 244 280 296
111 123 159 170 184 220 231 253 277 299
115 122 145 179 183 220 220 247 273 284
109 128 159 170 194 212 223 240 263 295
114 137 154 170 199 200 235 255 280 282
108 130 141 179 198 201 224 255 267 285
119 131 158 173 199 219 228 253 272 296
114 133 148 163 182 200 238 244 263 288
107 128 147 167 185 216 234 243 267 285
101 120 145 160 181 209 223 241 278 300
110 120 145 171 180 206 240 255 275 291
114 138 159 175 191 206 232 248 271 299
113 131 153 166 195 214 240 249 274 282
114 130 144 167 191 218 233 259 262 292
111 135 154 166 189 208 220 251 280 289
114 126 142 173 190 210 236 250 263 285
118 134 148 166 191 200 222 250 261 299
106 138 158 169 200 207 226 241 271 289
116 134 144 170 183 213 227 258 266 294
120 137 143 163 187 213 234 244 267 296
106 124 156 179 197 205 230 247 265 295
112 137 141 171 195 214 228 248 273 287
114 127 147 176 186 207 229 250 277 292
110 132 147 171 195 208 233 258 270 285
108 134 145 176 184 206 240 255 273 288
102 140 147 177 191 214 229 241 263 282
115 121 147 168 197 205 224 260 275 283
119 123 158 177 198 210 234 243 274 280
119 132 160 176 188 207 230 257 260 294
101 128 159 165 183 207 223 243 260 292
120 130 149 171 187 209 221 244 263 291
115 140 143 176 183 200 229 258 273 290
106 140 145 166 193 200 240 241 277 294
117 135 159 172 182 208 223 246 275 294
100 122 147 164 197 213 226 245 278 296
118 123 157 174 198 200 231 248 272 296
119 131 157 168 191 202 237 253 263 281
120 120 151 162 180 211 223 259 274 280
104 140 158 164 189 209 231 246 268 297
118 124 148 160 199 217 228 258 261 298
110 125 143 172 190 209 235 247 275 288
116 133 152 167 194 215 221 240 273 280
103 125 147 170 191 218 239 243 260 292
107 129 157 171 188 201 234 253 277 281
119 128 152 173 186 201 233 251 272 291
101 122 140 163 195 218 238 251 280 290
120 125 157 178 189 215 223 246 271 287
110 129 158 180 190 216 239 254 276 289
108 131 151 161 199 212 223 255 269 294
120 129 150 174 183 206 239 248 275 280
102 137 160 169 187 215 232 246 272 299
101 137 142 174 183 212 236 259 265 285
103 129 157 171 181 211 225 240 262 288
118 129 153 169 185 218 234 252 277 283
113 127 158 174 189 209 237 257 265 283
101 120 145 161 191 217 233 247 272 290
107 136 154 179 187 208 227 255 261 287
102 133 141 180 185 218 238 258 266 291
120 136 160 161 197 205 225 249 274 297
114 135 157 160 186 213 227 248 261 282
120 140 154 165 183 219 237 248 274 300
103 129 140 177 197 205 231 260 272 297
119 126 159 166 186 214 235 246 275 298
119 130 142 166 199 220 232 252 280 290
101 130 157 174 192 203 237 256 261 296
112 127 160 173 184 211 230 247 263 297
116 123 148 166 196 204 228 249 261 288
118 120 154 161 200 206 224 242 267 290
101 132 140 170 189 211 229 251 279 293
118 139 142 162 187 216 224 253 276 283
114 138 148 174 195 211 240 255 270 283
120 124 158 177 194 210 240 251 279 300
115 132 142 179 189 208 226 253 276 291
102 126 140 171 196 200 238 240 280 298
108 140 158 175 189 209 227 251 267 299
101 120 141 176 185 209 230 241 262 283
116 126 143 163 191 202 232 254 275 292
119 127 158 161 197 215 236 252 262 291
118 121 149 171 197 208 229 243 263 295
114 127 149 160 194 217 237 260 264 298
120 121 154 180 195 200 239 249 275 291
103 140 143 179 192 210 234 249 261 291
116 126 159 167 190 213 238 255 269 292
107 138 159 165 192 206 237 240 260 293
116 129 149 179 189 207 225 246 264 286
115 134 146 166 182 202 224 252 270 280
101 135 150 180 195 208 232 259 279 282
118 128 149 166 200 216 224 243 270 290
117 139 155 165 186 207 231 247 266 297
108 127 155 166 195 203 239 250 270 294
104 126 151 175 190 200 225 260 278 280
104 125 147 166 185 201 238 242 261 293
119 139 145 161 182 209 224 248 261 282
112 139 160 171 187 219 235 253 280 295
113 132 155 165 183 212 223 247 274 280
113 120 160 164 183 216 228 240 260 289
103 123 155 167 198 204 227 256 262 294
106 131 143 176 196 211 223 242 261 282
118 132 154 177 180 207 225 257 263 280
116 135 160 166 181 201 230 241 268 289
108 121 149 171 193 200 232 259 277 290
105 129 153 176 199 208 238 240 260 297
101 123 150 169 189 209 234 256 274 286
120 132 155 177 189 212 230 242 272 295
108 131 159 175 195 220 224 248 280 298
107 138 149 170 183 210 228 246 277 285
105 120 140 161 184 210 235 243 274 289
108 128 152 163 200 212 222 242 276 282
103 130 159 171 183 216 237 253 264 285
105 127 144 173 199 214 226 253 260 289
117 120 142 162 181 201 235 253 265 281
113 123 144 166 198 204 228 249 261 289
106 131 157 161 190 215 221 241 276 297
114 130 151 168 197 217 223 240 279 283
105 131 143 174 182 214 237 257 277 286
114 129 150 178 193 220 222 255 270 289
106 126 145 174 181 207 235 260 274 280
118 123 156 170 199 202 229 253 270 290
102 134 157 178 192 204 229 245 262 299
107 130 149 171 190 205 220 258 274 298
117 138 144 168 193 217 236 243 270 294
114 131 160 168 196 219 228 241 278 280
117 129 152 177 194 206 236 249 271 285
101 127 154 167 186 216 235 244 272 297
104 131 149 175 189 211 221 256 263 286
106 130 148 164 187 220 231 249 260 293
114 134 160 175 188 202 228 253 280 288
102 121 140 175 182 211 238 256 269 290
104 133 143 172 194 215 224 257 278 295
115 129 147 173 199 207 222 243 268 289
115 129 153 175 183 216 223 240 278 291
113 127 152 169 198 216 238 244 274 289
107 139 148 172 199 219 221 249 277 283
109 137 147 173 194 214 235 246 271 283
113 134 146 165 184 209 237 252 262 280
101 122 148 176 198 218 232 247 260 287
115 133 152 161 189 202 236 251 279 291
116 127 160 161 200 209 236 253 279 291
106 121 147 170 180 200 223 240 270 294
112 132 143 163 184 213 226 248 275 300
108 139 154 165 184 206 233 258 273 294
110 125 151 173 187 202 234 245 279 297
119 121 154 180 186 212 225 256 266 289
110 127 159 177 188 217 239 249 261 292
104 134 155 165 181 208 233 245 271 288
116 138 156 165 199 215 228 243 273 293
101 128 152 174 181 219 239 260 270 288
118 136 159 161 197 212 237 249 264 284
113 120 143 162 180 217 230 248 274 287
108 129 147 177 185 209 221 258 276 293
102 131 160 177 182 217 222 259 261 284
113 128 156 180 191 220 233 254 272 294
117 138 144 163 189 211 237 257 278 286
113 140 154 168 180 200 233 249 268 288
109 139 159 174 196 211 232 243 260 296
113 129 153 178 192 219 229 260 271 295
102 121 144 167 199 217 233 245 274 285
102 121 160 161 191 203 234 240 264 280
111 137 149 164 180 206 240 250 265 297
100 137 148 171 185 200 229 247 266 284
115 132 153 163 196 208 224 255 269 296
120 127 146 161 191 217 225 259 270 299
100 140 142 161 198 219 234 257 279 290
115 132 154 161 197 215 228 250 263 300
116 133 159 164 191 208 235 253 266 294
119 135 145 174 199 220 221 246 269 292
105 135 147 163 190 217 222 254 279 297
108 138 149 168 190 217 231 244 274 288
118 121 149 176 183 220 233 254 270 293
106 138 160 170 192 218 239 249 272 297
109 138 142 172 184 218 230 260 260 288
100 129 154 164 199 210 236 247 280 289
114 138 149 164 191 204 233 248 275 296
109 140 158 166 185 201 233 240 261 286
116 133 151 177 198 212 238 242 263 285
118 137 145 174 199 204 232 256 264 292
108 125 148 170 189 213 224 244 277 297
106 127 143 179 196 200 234 255 266 295
110 137 153 174 191 215 231 258 264 294
118 125 159 164 182 211 236 260 277 294
117 126 142 160 196 201 224 240 275 284
107 128 149 169 194 200 232 240 266 290
114 128 151 171 189 214 232 252 272 294
118 120 156 170 182 203 222 254 279 280
113 125 149 174 189 219 238 244 274 284
110 137 155 167 189 212 225 247 271 283
109 126 144 167 194 219 229 247 276 286
113 120 143 171 180 209 226 253 270 287
107 125 141 173 199 218 220 257 267 295
115 126 157 168 191 217 222 259 272 294
117 126 144 164 193 212 225 242 275 285
117 135 158 172 191 220 237 255 265 299
102 120 140 174 197 203 230 257 261 290
101 140 141 173 191 201 238 245 277 285
119 135 144 161 196 205 228 257 276 283
108 120 154 172 197 213 236 248 262 286
119 133 154 175 200 214 229 260 278 297
101 124 144 176 188 218 222 253 268 292
109 131 142 172 194 202 230 259 273 290
120 133 148 179 200 202 228 247 270 296
103 125 159 167 190 209 237 249 262 297
101 123 144 174 180 203 233 247 269 300
101 139 158 162 188 207 221 244 272 290
114 121 160 165 199 209 235 240 260 281
105 137 140 172 185 220 237 250 269 281
104 120 154 169 193 210 232 256 278 284
103 130 154 175 181 209 235 244 280 295
105 120 148 165 194 219 230 257 266 295
100 128 148 179 196 218 220 258 278 300
101 126 149 173 198 207 229 247 278 281
116 125 155 173 185 214 235 245 274 280
109 132 141 168 193 216 220 247 270 298
115 134 143 160 196 215 231 244 271 289
113 134 145 180 183 206 229 248 262 285
104 124 141 166 200 201 236 244 279 299
108 137 142 175 190 217 230 243 266 298
102 132 153 170 190 200 238 250 272 282
108 128 143 179 186 220 233 255 263 290
107 132 150 174 198 209 222 256 261 293
100 125 145 162 182 207 231 254 273 280
105 127 144 161 183 203 225 246 261 292
119 124 141 180 186 204 237 247 279 295
103 134 142 169 193 200 226 257 260 294
109 137 150 166 187 202 223 256 271 282
104 127 151 161 196 216 227 253 269 280
112 123 150 176 183 208 235 244 261 295
100 136 155 177 193 210 230 258 272 284
102 129 151 160 186 203 229 250 269 298
120 130 159 175 181 204 232 253 269 285
108 123 151 176 195 206 234 247 272 297
119 124 143 167 190 215 222 256 265 285
105 135 154 163 180 213 235 246 263 284
118 123 155 165 181 208 240 252 267 297
106 122 144 161 187 211 222 252 275 288
113 136 156 165 181 208 232 256 270 290
106 125 160 177 182 210 220 260 273 298
115 133 155 180 183 217 220 246 277 285
116 127 157 172 192 213 226 251 269 298
107 125 156 167 191 219 223 256 264 281
101 130 149 173 185 217 225 245 278 288
113 121 147 167 193 203 224 250 260 285
119 132 141 162 188 209 240 249 266 280
103 136 146 160 185 206 239 248 268 298
109 122 147 171 193 207 225 255 278 299
102 137 141 162 187 217 240 254 274 294
115 129 151 164 186 214 228 254 261 296
105 126 146 176 182 207 238 257 279 281
106 126 145 162 183 211 233 255 266 281
107 122 149 160 189 209 228 243 260 292
113 129 141 178 194 203 229 242 264 297
110 129 146 179 192 212 229 254 276 283
108 121 160 178 196 212 226 251 278 281
104 140 151 162 195 207 226 241 268 283
114 133 143 171 185 212 237 242 263 299
102 137 160 171 192 214 234 240 265 298
105 134 158 170 193 209 229 246 274 300
105 139 158 160 185 219 239 240 263 285
104 122 146 163 189 220 237 259 269 288
111 121 160 176 190 207 228 251 265 294
102 135 141 168 188 202 226 253 274 282
101 125 159 179 185 208 222 255 280 282
119 131 140 169 197 208 223 246 270 299
118 126 142 170 194 213 236 249 274 290
110 132 160 160 193 205 236 256 270 290
104 139 151 166 182 205 239 254 276 290
103 132 148 165 180 216 229 253 267 288
102 124 153 170 185 218 227 257 268 293
102 121 158 180 190 206 232 243 276 288
110 120 142 169 197 204 222 251 264 299
111 139 141 171 186 213 224 247 262 297
118 139 147 162 199 205 237 246 276 285
100 132 142 174 184 202 238 254 265 292
112 131 153 169 196 202 222 255 280 292
107 135 156 175 183 200 227 257 279 280
103 134 154 171 180 211 225 242 263 295
115 129 152 171 189 203 222 260 276 297
115 124 152 178 184 202 237 241 264 289
120 130 149 179 183 220 225 243 275 286
116 131 143 178 195 209 224 250 276 298
119 122 156 179 197 203 222 245 278 291
119 124 143 164 192 217 223 244 273 292
117 138 160 180 190 205 233 245 269 294
106 135 157 180 181 211 231 245 271 295
116 124 144 172 188 218 234 243 276 281
113 124 150 171 183 204 221 258 276 291
114 130 147 164 196 215 229 245 269 289
120 130 160 163 196 208 236 257 272 283
100 134 153 179 189 204 227 252 261 300
114 133 141 176 199 215 225 260 274 293
113 120 156 171 187 217 228 240 279 296
112 121 160 178 183 218 237 254 272 290
109 122 146 164 199 214 233 246 271 295
107 129 144 176 190 218 232 245 265 286
101 138 152 178 193 206 225 240 274 281
111 124 160 161 198 204 229 258 279 295
102 129 142 176 196 216 225 244 278 293
107 121 144 162 191 215 220 253 271 286
112 137 145 168 182 215 228 241 277 292
101 134 148 180 192 219 221 253 268 285
115 137 141 175 200 216 229 250 261 280
116 136 140 168 193 219 235 243 278 300
118 129 140 164 183 218 231 254 273 299
111 129 154 163 192 201 235 247 264 289
117 136 145 168 180 211 230 254 260 283
107 134 160 171 184 209 234 259 272 287
100 134 151 173 191 215 231 242 272 288
100 139 160 173 190 216 237 241 275 285
104 124 143 161 192 202 239 258 271 293
107 125 159 178 196 201 225 257 277 283
120 131 145 163 199 203 236 244 266 283
119 137 150 162 195 215 226 249 272 281
111 126 140 171 198 219 232 248 262 285
109 132 156 178 198 216 228 250 263 280
106 120 146 178 199 219 227 258 262 283
105 125 141 166 186 208 235 249 273 296
113 127 142 162 191 217 233 251 279 284
101 134 144 168 195 213 235 246 262 299
104 120 147 165 188 201 235 241 280 286
117 123 145 163 182 204 236 259 273 282
100 137 152 169 183 217 225 260 263 294
109 125 151 163 192 210 220 254 279 291
105 129 151 177 184 210 223 241 277 288
113 134 142 178 191 200 233 250 264 298
110 137 159 167 199 204 229 244 268 280
112 121 144 167 181 217 228 241 271 300
119 120 150 160 182 200 220 253 271 298
117 137 146 160 200 219 223 240 270 284
118 126 143 175 190 215 225 255 260 299
107 123 158 166 189 218 232 251 279 294
114 134 141 172 184 206 224 260 261 292
109 138 148 162 194 206 230 248 266 296
116 138 152 165 190 216 220 243 267 281
119 134 154 162 182 204 233 256 276 290
116 133 151 180 194 207 229 253 267 290
106 139 158 178 191 202 232 260 271 289
112 130 157 176 194 205 227 260 273 287
112 134 141 176 198 217 220 244 263 294
109 130 144 179 188 219 235 255 272 284
107 131 157 172 186 203 238 256 274 287
2867 3180 3612 4045 4574 5247 5727 5800 6352 6785
1607 1733 2169 2379 2646 2828 3333 3642 3656 4217
3499 3947 4716 5710 5774 6414 7536 8048 8464 9425
4291 5212 5812 7134 7254 8054 8855 10136 11057 11617
2900 3359 3819 4468 5090 5685 6333 6847 7280 8036
4954 6540 7020 8317 9422 10383 11055 12352 12640 13745
3251 4002 4242 4933 5864 6255 7125 7816 7936 8657
3861 4842 4912 6033 7014 7189 7960 9046 9291 9922
4702 5853 6866 7925 8892 9721 10503 11148 12897 13633
3390 4228 4445 5097 5904 6742 7331 8076 8603 9100
2510 2678 3078 3772 3941 4404 4698 5266 5623 6128
4418 5004 5550 6916 7112 8009 9376 9532 10312 11561
4887 5853 6544 7971 8616 10135 10503 11378 12160 13725
3467 4332 4748 5389 6062 6478 7119 8144 8657 9425
2279 2847 3057 3436 4004 4341 4677 5119 5876 6233
5141 6132 6312 7303 8699 9285 10410 10996 11851 12752
5347 6038 6958 7925 8754 9813 10273 11056 12621 13495
3091 3764 4100 4745 5362 5894 6623 7296 7857 8081
1829 2341 2664 2971 3414 3482 3925 4163 4691 5066
3862 4728 5448 6457 6926 7286 8223 8944 9808 10817
4841 5177 6522 6901 8036 9129 9591 10432 11608 12617
3575 4599 5061 5293 6548 7275 7704 8233 8662 9653
3970 4673 5525 6377 7266 7414 8266 9562 10081 10858
2191 2632 3012 3273 3674 4375 4695 5116 5517 5757
1181 1241 1603 1713 1994 2074 2255 2426 2616 3007
5276 6312 6897 8023 8384 9239 10635 11311 12616 12797
2272 2634 2995 3129 3814 4061 4423 4708 5108 5698
5761 7012 7562 8163 9814 11015 11965 12866 13566 14567
4858 6251 7404 8605 9422 9998 11343 11920 13072 14273
1243 1508 1662 1817 2137 2302 2644 2755 2898 3196
5128 5903 6462 7194 8571 8614 10292 10421 11798 12917
2629 2827 3422 3643 4348 4436 5251 5692 6022 6507
3607 4166 4600 5004 5935 6493 6835 7704 8697 9317
3720 4912 5367 5753 6909 7715 8205 9046 9361 10342
3717 4500 4806 6065 6780 6814 7767 8482 9162 9877
2300 2805 3205 3667 4046 4256 4677 5245 5518 6023
3317 3985 4275 5088 5291 5843 6714 7469 8137 8717
1796 2112 2172 2608 2729 3044 3405 3826 3976 4442
2099 2496 2604 2983 3308 3668 4191 4516 4985 5417
2044 2482 2805 3262 3472 4195 4195 4690 5089 5603
4767 5670 5834 7065 8173 8871 9445 10348 11250 12030
4267 4685 5598 6511 7196 8223 9097 9592 9896 11341
4141 4842 5017 6313 6839 7049 8240 8801 9326 10482
3508 4004 4995 5755 6449 7077 7836 8398 8959 9356
4310 5559 6678 7452 7797 9174 9647 10680 11325 12616
3755 4268 5005 5261 6222 6542 7087 8176 8816 9617
3231 3680 4184 4717 5110 6007 6736 7016 7436 8081
3274 4428 5133 5773 6030 6991 7471 8080 8496 9137
4451 5532 5652 6853 7814 8054 9615 10376 10656 11897
4685 5383 6203 6942 7927 8625 9445 10348 11209 11702
3614 4295 5453 5997 6644 6984 7971 8210 9196 9707
1509 1790 2028 2534 2604 2899 3109 3460 3685 3979
5141 5501 7033 7618 8519 9419 10320 11536 12572 13202
2510 2699 3183 3562 4109 4298 4824 5140 5518 6317
3343 3904 4072 4661 5194 6147 6259 6876 7857 8361
4357 5136 6162 6614 8009 8337 9445 10676 10758 12112
4303 4970 5784 6229 6784 8155 8525 9599 9969 11043
4229 4599 5451 6007 7155 7488 8266 9007 10303 11043
5557 5933 6874 8097 9273 9790 11154 11954 12377 13271
4155 4785 5414 6155 7044 7451 8303 9451 9933 10377
3259 3876 4128 4605 5278 6007 6287 7128 7436 8333
2151 2772 2972 3413 3834 4215 4675 4976 5557 5677
1307 1584 1752 2089 2258 2414 2739 3088 3317 3485
2027 2460 2820 3217 3596 3758 4065 4678 4696 5309
3723 4428 4620 5165 5998 6639 7535 7792 8560 9457
2458 3156 3612 4069 4694 5079 5463 5896 6569 7169
5242 6395 7452 8077 9326 10478 11439 12352 13456 14321
2410 3372 3757 3997 4814 5031 5391 5800 6520 7049
4496 4808 6214 6604 7307 8478 9375 9375 10351 11717
5435 6156 7020 7885 8846 10335 10767 12256 13313 13745
1779 2051 2665 2835 3074 3670 4028 4164 4692 4777
1967 2405 2729 3377 3567 3814 4538 4728 5280 5432
5228 5651 7439 8474 8944 10167 10731 11531 12612 13271
1510 1871 2202 2654 2969 3029 3435 3751 4097 4262
1141 1322 1442 1803 1974 2125 2255 2466 2706 2887
2861 3036 3637 4238 5014 5139 5890 6366 6516 7442
4630 5599 6480 7845 8550 9254 10267 10796 12337 13173
3343 4203 5293 5722 6152 6647 7506 8431 8894 9356
2900 3468 4090 4576 5225 5550 5982 6739 7469 7577
5695 6774 6872 8000 9128 10158 10991 12364 12805 13933
3287 3932 4212 4773 5558 6006 6595 6903 7548 8249
1937 2316 2550 3091 3308 3795 4300 4516 4841 5183
2497 2784 3313 3665 3974 4437 4899 5450 5913 6331
3375 3520 4420 4856 5582 6046 6598 7556 8020 8659
4001 4526 5262 5998 6348 7540 8100 9081 9326 10272
4954 6732 7597 8077 8750 10527 10575 11728 12880 14369
2045 2225 2568 3199 3362 3632 4209 4534 4858 5309
4781 6267 7033 7393 8339 9330 9960 11131 12212 13292
1691 2082 2247 2563 2849 3089 3555 3616 3946 4487
1349 1675 2054 2236 2588 2849 2888 3266 3644 3761
2482 3035 3564 4141 4430 4959 5535 6040 6737 6761
5961 6562 7062 8113 9764 10514 11715 12966 13316 14617
5611 6061 7663 8113 9864 10315 11265 12566 13317 14067
2006 2310 2710 3358 3586 3872 4347 4918 4975 5451
1771 2043 2364 2765 3118 3407 3599 4160 4240 4529
1795 2239 2630 2767 3397 3567 4095 4283 4589 4964
3053 3470 3808 4199 5188 5657 5995 6386 6828 7661
3924 5028 5636 6853 7310 8223 9097 9212 10390 10657
2975 3522 3886 4641 4850 5501 6125 6490 6802 7297
1480 1767 1975 2119 2367 2862 2979 3279 3448 3709
4295 4511 5196 5845 7034 7466 8547 9088 9664 10421
5531 6083 7280 7373 8984 9674 11009 11608 12390 13771
1691 1963 2525 2846 3054 3311 3695 3936 4224 4513
3431 4182 4633 5023 5624 6345 6675 7276 7816 8957
5463 6357 6921 7721 8709 10026 11107 11578 12518 13647
3615 4568 4874 5555 6542 7018 7937 8720 8924 10217
2101 2558 2729 3186 3548 4100 4214 4595 5242 5489
2714 3235 4069 4407 4928 5423 5917 6516 6802 7687
3311 3641 4693 5173 5594 6014 7156 7486 8147 8687
4763 5643 6921 7317 8462 9475 10531 10752 12161 12381
3499 4076 4652 5165 6094 6895 7215 8048 8561 9169
1551 1790 1986 2323 2534 2941 3151 3614 3895 3993
4784 5601 6376 7409 8528 9389 10249 10550 11927 12401
3787 3851 4941 5485 6126 6542 7247 8048 8400 9585
1901 2442 2731 3200 3344 3614 3993 4480 4805 5129
5531 5771 6732 8125 8846 10047 10623 11824 13025 14369
5531 6396 6732 8654 8990 9902 10767 12496 13025 13457
1276 1530 1728 1861 2071 2413 2622 2655 3085 3284
1295 1524 1776 2150 2198 2438 2787 3124 3136 3449
2635 3136 3988 4263 4814 5340 5815 6241 6566 7042
4261 5199 6096 6604 7814 8478 9024 9375 10819 11522
2177 2634 2786 3205 3510 3928 4480 4880 5222 5698
2795 3156 3372 4334 4382 4983 5559 6136 6256 6929
3839 4235 5128 5359 5987 6779 7341 8563 9257 9587
4071 4561 5543 5998 6454 7224 8135 8976 9677 9922
1040 1302 1422 1693 1994 2125 2416 2496 2656 2817
2458 3011 3420 4141 4766 4959 5295 6136 6400 7073
3201 3520 4479 4972 5727 6105 6482 7092 7759 8630
4675 6172 6392 7273 8330 8858 10488 11280 11676 12689
2633 3025 3554 3693 4476 4891 5236 5927 6180 6871
4114 5028 5941 6245 7158 7880 8717 9820 10581 11379
3514 4135 4507 5283 5625 6711 6959 7580 8169 9007
2310 2840 3670 4015 4154 4868 5121 5927 6273 6710
4071 4632 4982 5613 6559 7645 7820 8521 9677 10097
5096 6312 6357 7753 8429 9464 10680 11176 12436 13382
3230 4043 4275 5117 5350 6395 6656 7034 7817 8224
4691 5452 6132 6453 8014 8174 9415 10256 10696 11937
1181 1261 1583 1623 1874 2195 2415 2606 2656 2977
4613 5082 5589 6487 7541 7814 8673 9805 10820 11171
3853 4670 5248 5623 6712 7154 8175 8754 9298 10183
4715 5556 6186 6943 7658 9129 10096 10306 11314 11945
3203 3876 4493 4801 5278 5951 6343 6848 7296 8221
2191 2752 2972 3273 3674 4375 4475 4956 5537 6017
4510 5997 7078 7213 8474 9285 10275 11671 12031 13022
4827 5386 6678 6979 8356 9260 9733 10680 12057 12315
1467 1819 2079 2158 2497 2875 2979 3357 3643 3813
2177 2329 2900 3167 3814 3909 4385 4709 5242 5489
1537 1888 2000 2421 2590 2983 3291 3558 3698 4203
3007 3484 4325 4549 5138 5727 6399 7016 7381 7885
1121 1221 1542 1803 1924 2215 2385 2556 2716 2987
2819 3372 3516 4165 4334 4910 5607 6112 6280 6905
3251 3701 4813 4843 5804 6465 6885 7546 7876 9017
3131 3209 3704 4355 5188 5657 5813 6490 6880 7583
1751 1946 2142 2683 3014 3239 3600 3781 4156 4367
2211 2672 3093 3213 4014 4215 4715 5036 5416 5657
2636 3131 3860 4407 4980 5345 6256 6594 7011 7505
5160 7012 7512 8613 9664 10164 11915 12116 13917 14567
1727 2392 2460 2784 3380 3551 4096 4147 4624 4862
3114 3869 4101 5059 5408 5872 6772 7063 7556 8630
1986 2596 3034 3434 3529 4138 4309 4652 5127 5337
2409 2673 3334 3841 4392 4767 4987 5648 6133 6353
2045 2388 2785 2947 3560 3795 4065 4516 4714 5417
5203 5423 6612 7845 8198 8946 9959 11456 11984 12777
2010 2732 2852 3493 3774 4355 4715 5156 5597 5777
1929 2520 2996 3053 3643 4176 4214 4614 5261 5622
4001 4737 5192 5963 6489 7049 7750 9116 9466 10272
1787 2252 2412 2717 3198 3455 3839 3984 4272 4577
6011 6712 7963 8513 9614 10114 11065 12966 13016 14667
1691 1871 2383 2578 2924 3225 3345 3661 4112 4277
3410 4534 5317 5929 6133 7393 7801 8856 9264 9639
3476 4236 4698 5425 6350 6780 7473 8035 8762 9885
1835 2220 2412 2573 3134 3310 3695 4080 4433 4577
3887 4261 4806 6099 6270 6882 8107 8414 9469 10047
2234 2558 2881 3414 3757 4138 4252 4594 5165 5470
1955 2189 2730 3145 3614 3849 4011 4588 4714 5327
3421 4135 4383 5066 6183 6773 7300 7518 8635 8821
1803 2204 2541 2589 2974 3455 3679 4048 4368 4641
2819 3496 3782 4615 4980 5397 5839 6542 6802 7661
2981 3359 3927 4441 5306 5631 6117 6739 7577 7982
5711 6762 7512 8863 9214 10114 11465 12866 13716 14867
1367 1560 1764 2174 2174 2414 2799 3028 3353 3533
1199 1398 1618 1905 2071 2237 2435 2755 2887 3207
2867 3107 3564 4117 4574 4958 5727 6208 6400 6809
3035 3511 3988 4857 5166 5923 6287 7212 7801 8249
3710 5081 5414 6118 6711 7859 8784 9266 10192 11117
5842 6382 7853 8049 9324 9814 10844 11825 13345 14129
2371 2511 3013 3273 3714 4074 4495 5016 5457 5797
2627 3372 3636 4285 4790 5271 5391 5823 6496 6737
1565 1818 2183 2295 2590 2927 3109 3586 3853 4021
2910 3695 4072 4653 5727 5931 6744 7150 8021 8224
2679 3071 3255 4061 4223 4822 5121 5628 6273 6917
5276 6042 6672 7303 8203 9645 10725 11671 12301 13202
4883 5556 6270 7405 8372 8835 9507 10180 11272 12197
4454 5952 6436 7933 8594 9607 10487 10840 11764 13085
2563 2894 3511 3863 4018 4811 4965 5494 5912 6309
4211 4842 5122 6138 6489 7715 7960 8520 9782 10132
2910 3898 4537 4972 5495 6134 6424 7266 8108 8224
2636 3340 3834 4485 5006 5475 5917 6438 7037 7635
4589 5850 6480 7279 7826 9213 9927 10137 11314 12533
3512 4398 5078 5759 6338 7427 8039 8550 9128 9775
1658 2108 2509 2845 3150 3519 3535 3855 4481 4641
4007 4656 5521 6277 6746 7755 8295 8764 9628 10277
3966 4421 5578 5613 6314 7575 7750 8871 9151 10517
1336 1676 2080 2314 2393 2627 2992 3214 3618 3813
4870 5688 6592 7022 7969 8786 10034 11110 11713 12272
3370 3979 4941 5165 6318 6671 7247 7856 8881 9585
2635 3512 3787 4088 4538 5365 6015 6516 6816 7417
3651 4211 5052 5788 6419 7470 8206 8521 9221 10518
2585 3061 3963 4213 4539 5415 5865 6491 6942 7092
5310 6361 7612 9013 9764 10915 11565 12766 13216 14017
5352 6137 6970 7853 9128 9864 11089 12070 13198 14325
2153 2496 2748 3181 3343 3632 4209 4642 4894 5417
2535 3337 3662 4413 4864 5315 5790 6116 6766 7517
1060 1402 1412 1663 1894 2175 2345 2556 2676 2897
3787 4428 5036 5549 6126 6830 7631 7823 8752 9553
4655 5774 6807 7495 8012 8872 9905 10422 11669 12831
4691 4926 5511 6409 7073 7854 8595 9922 10156 11405
2232 2739 3334 3599 4238 4635 4855 5494 6155 6595
3819 4396 5037 5613 6382 6670 7151 8208 8368 9105
3580 4386 5508 5963 6839 7505 8380 8485 9747 10482
1343 1620 1848 2173 2306 2631 2703 3100 3160 3617
3955 4568 5351 5555 6712 7222 7733 8346 9400 9911
1781 1841 2187 2668 2759 3240 3435 3616 4157 4247
1234 1608 1921 2053 2318 2511 2739 2920 3329 3425
4081 4599 5525 6340 6748 7896 8340 9340 9970 10858
4131 5132 5852 6693 7974 8135 8975 9696 10777 11257
2051 2119 2596 2784 3278 3448 3925 4215 4555 5100
4555 5997 6942 8068 8474 9014 10455 11311 12617 13067
5060 6762 7963 8113 9164 10415 11515 12016 13667 14267
2578 3204 3660 4117 4694 5151 5775 5872 6304 6977
3170 3305 4062 4711 5117 5847 6090 6739 7117 7685
3966 4351 4982 6103 6839 7294 8240 8941 9606 10482
2954 3251 4306 4387 5387 5793 6117 6766 7198 8117
5134 6592 6921 8238 9038 9838 10731 11813 12330 13177
5597 6382 7117 8785 9422 10207 11285 11972 13001 13884
5461 6812 7012 8413 9214 10815 11765 12966 13316 14567
4571 5332 5408 6207 7386 7766 9021 9668 10657 11075
4954 6684 6732 8269 9518 10479 10911 12304 12640 13937
4767 5013 6491 6860 7476 9035 9527 9938 11168 12071
5511 6912 7662 8613 9264 10014 11965 12666 13666 14817
4223 4439 5484 6421 7106 7502 8043 9304 9916 10745
2843 3204 3636 4213 4670 5006 5439 5848 6520 6881
2699 2963 3492 4069 4550 4862 5415 6184 6617 6761
4170 5492 6012 7053 7294 8535 8855 10256 10416 11497
5604 5886 7391 8238 9179 9696 10449 11766 13177 14070
1864 2442 2766 2965 3542 3885 4119 4516 4931 5111
1744 2205 2631 2733 3159 3738 3874 4181 4760 4845
4262 5277 6253 6916 7073 8126 8595 9376 10546 11717
4685 4972 5998 6901 7804 8789 9527 10635 11209 12317
2761 3237 3938 4163 5014 5390 5615 6066 6516 7417
1649 1775 2042 2351 2786 2968 3375 3530 3726 4147
1955 2171 2821 3055 3488 3650 4246 4462 4823 5075
3521 3942 4362 5233 5504 6044 6645 7606 7846 8957
3521 3821 4693 4843 5594 6315 6825 7486 8117 8657
1642 1931 2557 2862 2958 3262 3727 4000 4321 4529
4340 4488 5599 6562 6674 7451 8303 8896 10303 11117
5439 6360 6590 8294 8662 9260 10641 11608 12252 12989
2767 3392 3860 4303 4980 5371 5917 6672 6958 7453
2272 2634 2938 3414 3738 4175 4366 4899 5241 5622
3650 4667 4912 6068 6769 7575 8170 8696 9677 9957
3659 4492 4620 5389 5806 6735 7343 8016 8400 9393
2997 3752 4188 5233 5611 5814 6975 7353 8050 8456
3376 4500 4996 5326 6185 6780 7440 8167 9125 9587
1991 2207 2875 2929 3524 3813 4209 4516 4858 5093
3740 4500 4995 5524 6218 7176 7440 8530 9025 9851
1131 1281 1462 1773 2014 2094 2225 2586 2746 2957
1154 1530 1773 1773 2082 2236 2589 2656 3042 3152
4611 4931 6133 6853 7334 8415 9015 9816 10937 11777
4259 4908 5484 6241 6493 7827 8583 8944 10060 10421
4010 5092 6093 6693 7214 8455 9335 9736 10857 11737
4141 4421 5262 5858 6944 7329 8415 8626 9817 9922
2237 2594 3373 3373 3815 4509 4761 5077 5771 5918
2968 3637 4072 5089 5698 5931 6744 6976 7644 8224
2607 2805 3378 3731 4128 4767 5185 5670 6132 6375
1131 1312 1563 1733 1924 2034 2255 2526 2646 2947
3079 3183 3782 4199 5006 5501 5891 6516 7010 7739
2449 3048 3324 4085 4200 4706 5467 5651 6204 6618
2661 3387 3537 4113 4739 5039 5866 6116 6817 7292
1510 2022 2338 2473 2834 3104 3555 3856 4021 4427
3853 4296 4976 5521 6372 6882 8142 8312 9265 9707
3265 3948 4880 5221 5966 6556 7176 7797 8417 9224
4871 5726 6943 8068 8384 9600 10500 11536 11896 12797
2171 2471 3153 3413 3674 4094 4635 5036 5477 5837
5247 5467 6700 7625 8022 9166 10531 11412 11720 12689
4691 5532 5612 6773 7894 8535 8975 10016 11177 11257
5134 6216 7439 7721 8521 10308 10496 11907 12518 13177
3288 3869 4333 5175 5350 5959 6888 7150 8108 8340
5051 5682 6523 6733 7826 8835 9969 10306 11146 12071
5411 5726 6402 7888 8249 9870 9915 11581 12301 13247
3607 3948 4818 5035 6121 6773 7114 7549 8448 8976
2986 3362 3812 4188 4614 5365 5515 6116 7017 7267
5842 6185 7068 8490 9422 9863 11334 12707 12952 14472
2090 2471 3153 3233 3894 4135 4535 5016 5236 5977
2519 3004 3489 3731 3974 4458 4877 5318 5736 6397
2138 2596 3033 3319 3814 4195 4290 4861 5222 5717
4939 5863 7008 7757 8638 9430 10487 10795 12248 13041
5352 6185 7117 8343 9667 10746 11040 12756 13638 14521
5117 5992 6544 7787 8616 9905 10273 11746 12298 13541
2761 3061 3888 4488 4714 5315 5740 6241 6516 7467
4356 5711 6531 7106 8214 8624 9568 10553 11291 11825
2447 2931 3226 3394 3836 4256 4929 5266 5560 6023
2610 2956 3324 3762 4154 5075 5443 5743 6250 6618
1438 1803 2253 2463 2730 2912 3137 3600 3726 4105
3576 4041 4445 5438 5997 6649 7331 7952 8076 8976
1811 1826 2353 2458 2759 3165 3480 3676 4127 4382
4480 5219 6039 6696 8050 8502 9035 10471 11005 11989
1259 1451 1849 2017 2198 2463 2787 2968 3365 3521
5744 5989 7755 7902 9275 10255 11530 12315 13197 14570
4381 4952 5522 6511 7082 8147 8413 9136 10087 10885
3343 3971 5062 5359 5954 6648 7804 8035 8993 9653
3431 3641 4573 5083 5474 6044 6885 7306 8237 9017
3691 4011 4556 5197 6094 6895 7311 8272 8689 9265
2761 3211 3687 4363 4914 5465 5715 6166 6866 7442
4931 5588 6080 7270 7763 8378 9609 10307 11373 11948
5180 6262 7203 8332 9179 10354 11201 11954 13176 13929
4036 4526 5473 6208 6594 7259 8170 8696 9186 10237
4849 5465 6162 7229 7763 8666 9732 9896 10922 11866
1132 1331 1751 1949 2082 2435 2490 2799 2931 3207
1955 2225 2748 3037 3596 3939 4227 4335 5057 5111
3210 4108 4684 5133 5838 6863 7696 8016 8689 9425
1723 2012 2316 2733 3150 3214 3663 3952 4353 4497
3924 5028 5332 6815 6854 8033 9059 9212 10581 11227
5141 5456 7077 7978 8924 9284 10365 11491 12617 13022
1570 2067 2413 2608 2969 3225 3465 3675 4126 4352
1493 1675 1962 2236 2549 2758 3135 3344 3409 3670
5301 6360 7235 8017 9030 9444 10227 11194 12897 13173
1451 1692 1716 2053 2294 2498 2895 3136 3256 3437
3410 4159 5385 5759 6304 7325 8005 8788 9026 9673
3461 3761 4482 4813 5804 6435 7065 7216 7936 8717
3008 3251 3927 4657 5117 5550 5982 6685 7361 7982
1727 2239 2409 2767 3210 3568 4096 4351 4743 4811
2675 3204 3564 3997 4574 4838 5583 5824 6449 6929
2482 3228 3396 3973 4358 4911 5632 6136 6256 7073
4719 5996 6744 7097 8550 9078 10531 11104 11940 12425
4340 4451 5933 6488 7340 7970 8266 9451 9969 10414
4192 4933 5636 6118 6822 7488 8896 8933 10229 10932
1510 1931 2413 2518 2774 3119 3510 3916 4021 4382
3751 4364 4772 6100 6372 6917 7972 8550 8856 9537
2482 2963 3564 4286 4358 4814 5391 6256 6352 7217
3343 3651 4493 4829 5194 5642 6315 7044 7801 8221
2748 3186 3301 3693 4476 4799 5121 5559 6411 6802
1165 1497 1662 1916 2060 2435 2633 2667 2876 3240
3924 5104 5332 6511 7462 8299 9021 9668 9972 11227
2923 3455 4241 4549 5138 6147 6259 7100 7381 7857
4931 5506 5916 6983 7845 8625 9158 10307 10881 12153
2171 2572 3193 3553 3694 4014 4495 5116 5437 5697
4057 4363 5078 5725 6372 7325 7903 8584 9196 9945
2458 3252 3516 4069 4814 5127 5535 6016 6545 6737
1739 2252 2428 2637 2910 3262 3583 4064 4288 4769
3160 4212 4542 5023 5834 6555 6945 7786 8026 8837
3580 4246 5543 5648 6489 7119 8135 8906 9537 10482
1663 1761 2070 2295 2548 2884 3291 3558 3712 4161
1616 1916 2368 2683 2864 3119 3345 3856 4112 4307
4331 4475 5520 6277 6782 7214 8475 8656 9989 10421
1610 2140 2428 2669 2958 3375 3840 4128 4240 4641
4191 4761 5712 6435 6930 7919 8983 9706 10048 11037
4531 5252 5812 6453 7254 8575 9095 10176 10536 11857
3114 4043 4130 4856 5611 6221 6685 7005 7905 8137
4420 5808 6648 7531 8036 8918 9927 10726 11398 12323
4155 4488 5451 6044 7192 8155 8229 9488 10118 10747
1674 2076 2300 2845 3118 3439 3599 4064 4192 4705
1101 1281 1593 1793 1924 2034 2415 2476 2807 2847
3409 4566 4764 5689 6614 7011 7638 7936 8827 9752
4187 4800 5448 6025 7178 7899 7971 8872 9664 10745
2410 2963 3444 3925 4478 5175 5655 6184 6424 7193
4303 4784 5488 6229 7303 8118 8488 9044 10006 11006
3650 4667 5473 5788 6524 7610 8030 8696 9221 10307
1454 1715 2080 2145 2549 2627 2927 3175 3539 3891
1161 1412 1482 1613 2004 2135 2355 2616 2626 2837
3499 4396 5005 5229 6350 6703 7119 8080 8560 9297
4353 5214 6290 6893 8313 9389 9819 10379 11799 12874
3231 3820 4465 4605 5502 6035 6175 7044 7296 8137
2253 2310 2767 3072 3548 4119 4442 4633 5280 5622
1795 2358 2716 2784 3414 3499 3959 4317 4521 4964
4784 5903 6850 7065 8184 9303 10034 10809 12056 12444
2158 2539 2900 3110 3529 4081 4575 4575 5184 5660
2997 3578 4624 5233 5350 6221 6917 7092 7701 8659
1616 1932 2383 2684 2894 3104 3360 3631 4112 4262
4978 6222 7142 8201 9030 9813 10595 11424 12390 13357
1537 1888 2028 2520 2716 2828 3109 3376 3853 4077
1480 1662 2067 2197 2549 2627 2940 3318 3474 3748
2006 2291 2824 3281 3567 3929 4290 4823 5204 5470
5163 5577 7327 7741 9122 9951 10365 11332 12482 13081
3650 4351 5508 5718 6909 7084 8065 8416 9817 10027
2091 2652 2892 3493 3634 4014 4615 5176 5276 5817
4763 5820 6877 7801 8154 9431 9783 11104 11720 12909
2936 3337 3737 4263 4989 5314 5640 6391 6541 7442
2541 3071 3347 3992 4453 4867 5236 5674 6341 6917
3610 4620 5232 6097 6674 7395 8512 8908 9665 10169
3203 3483 4072 4605 5306 5895 6315 7268 7520 8081
2702 2909 3670 4131 4384 4799 5259 5559 6042 6526
3563 4492 5004 5741 5902 6446 7471 8336 8400 9521
3467 4492 4812 5709 6126 6702 7375 8112 8784 9073
1571 1610 1858 2353 2536 2823 3018 3383 3617 3800
2131 2784 3331 3667 3835 4614 4782 5308 5707 6275
5627 6251 7404 7741 9566 10287 10767 12064 12832 14177
3035 3468 3981 4522 4901 5522 6496 7009 7117 7658
3147 3567 4072 4997 5614 5810 6315 7184 7408 8221
3905 4632 4797 5524 5953 7275 7473 8167 8761 9917
1415 1728 1949 2210 2445 2732 3136 3188 3435 3839
3784 4673 5822 6636 7414 7636 8710 9044 9673 10858
4110 5506 6491 7024 7886 8296 9117 10184 11456 12030
5115 5908 6744 7449 8594 9210 10399 10707 12072 13173
3008 3630 3792 4549 5225 5522 6144 6631 7415 7847
3203 3708 4016 4549 5502 5867 6203 6820 7577 8053
2384 2699 3120 3562 4088 4593 4803 5476 5497 6275
1983 2375 2460 2818 3380 3738 3908 4232 4555 4828
2786 3462 3537 4038 4814 5139 5540 6291 6992 7467
2518 3232 3531 3854 4430 4868 5236 5766 6411 6480
2585 3136 3838 4488 4714 5215 5615 6441 6791 7242
1635 1761 2140 2421 2604 2983 3249 3572 3670 4189
1143 1453 1773 1773 2104 2435 2556 2854 3019 3196
3130 3821 4753 5113 5684 6495 7065 7606 8116 8867
4967 5597 6354 7405 7952 9086 9969 10347 11524 12575
2895 3680 4016 4493 5194 5671 6540 6904 7325 7941
3810 5218 5712 6245 7462 7843 8945 9288 9896 11189
2710 3251 3981 4522 5333 5577 6117 6523 7090 8091
2510 3512 3762 4338 4839 5440 5865 6141 6841 7117
3851 4300 4844 5261 5870 6574 7696 8144 8368 9041
5321 5997 6988 7303 8249 9239 10770 11086 11806 13517
3924 5066 5750 6663 7196 8071 8451 9858 10390 11075
4651 5332 5892 7173 7294 8174 9175 10176 11017 11417
1141 1251 1512 1793 1974 2215 2395 2616 2746 2967
5301 6406 7050 7649 9168 10089 10825 11285 12528 13357
3575 4368 4830 5359 6581 6879 7374 8563 8794 9323
5911 6111 7212 8763 9414 10314 11665 12316 13517 14517
4784 5989 6850 7280 8270 8915 9862 10766 11540 12143
3608 4533 4830 5656 6053 6647 7737 8299 8662 9785
3853 4772 4976 6099 6270 6848 8073 8278 9400 10081
2482 3252 3540 4093 4814 4838 5535 5896 6328 6977
5243 6492 7597 8365 8846 10527 11439 12352 12784 13553
4571 5292 5932 6693 8014 8775 9135 10256 10536 11737
3747 5192 5488 6636 7414 8081 8784 8969 9673 11117
3611 4032 4242 5383 5624 6044 7215 7546 8357 8567
1795 2119 2682 3039 3074 3448 4062 4198 4641 4981
3863 4331 5449 6422 6530 7575 8620 8944 9701 10133
4799 5177 5976 7321 8078 8540 9633 10768 11482 12617
4841 5724 6312 7363 8162 8456 9381 10096 10978 12617
1540 2067 2292 2623 2939 3089 3330 3721 4202 4457
1389 1584 1858 2301 2562 2758 3005 3214 3579 3813
2482 3132 3684 4285 4478 5103 5679 5824 6424 7217
4757 6027 7109 8191 9226 9885 11296 12048 12518 13224
5416 5698 6639 7674 8897 9838 10402 11625 12566 13412
4979 6360 6866 7741 9214 10135 10181 11516 12252 12989
1319 1523 1897 2029 2366 2462 2727 2968 3257 3377
2936 3162 3737 4288 4539 5315 5515 6241 6566 7217
2986 3011 3837 4488 4739 5264 5790 6466 6791 7392
3010 4152 4692 5053 5864 6344 7215 7666 8326 8747
5744 6627 7215 8441 9324 10108 11677 11923 13491 14178
4841 5261 6522 7363 7952 9255 9633 10516 11314 12491
2173 2700 3226 3773 3815 4340 5035 5329 5497 6107
5842 6234 7657 8588 8932 10010 11383 11874 13001 14374
2845 3470 3913 4225 5110 5240 5813 6360 6907 7375
3055 4014 4188 4943 5495 5814 6743 7469 7759 8572
1835 2076 2252 2733 2894 3263 3680 3856 4241 4625
3826 4872 5268 6169 7106 7719 8079 9304 9376 10493
2810 3371 4241 4549 5278 6119 6175 6904 7465 8277
3608 4268 4764 5425 6416 7176 7605 8167 9191 9851
5339 6059 7597 7837 8942 10239 11247 12016 12832 13793
2371 2491 3152 3513 4014 4174 4795 4875 5616 5877
4379 5472 5628 7033 7346 8048 9219 9805 10741 11639
1223 1476 1837 1945 2294 2463 2703 2908 3137 3401
5163 5715 7096 8109 8616 9674 11009 11608 12574 13357
1739 2204 2348 2749 2926 3214 3792 4048 4256 4577
3281 4152 4422 5143 5594 6375 6975 7306 7996 8627
1915 2153 2665 3005 3125 3704 3789 4147 4572 5066
5159 6172 6876 7053 8462 9078 10179 11280 12204 13129
3401 3911 4813 4993 5954 6284 6705 7456 8146 8867
3791 4331 5160 5809 6638 7899 8043 8944 9701 10745
3755 4331 5773 5809 7070 7359 8331 8656 9701 10385
5291 5867 7549 8605 9326 10238 11535 12160 13264 13505
1986 2424 2824 3338 3681 3871 4423 4671 5204 5565
2070 2471 3033 3373 3674 4335 4435 5196 5236 5777
4027 4964 6097 6682 7073 8517 8712 9649 10586 11561
4419 5218 5902 6397 7196 8375 8489 9211 10276 11265
4757 6357 6874 7533 9179 10261 10590 11390 13130 13459
4491 5532 6292 7213 8014 8734 8935 10416 10736 11617
2811 3462 3537 4338 4889 5014 5740 6466 6691 7492
4979 6406 7096 8017 9214 9813 10411 11470 12068 13035
1199 1530 1574 1817 2203 2369 2633 2655 3064 3262
3297 3887 4756 5004 5873 6214 6866 8014 8170 8852
4451 5118 5192 5933 6933 7933 8155 9081 10007 10932
4611 4811 6373 7213 7293 8374 9335 9695 11057 11937
5651 6074 7392 8473 8709 9931 10778 12236 12706 13177
4574 4730 5550 7034 7151 8166 8712 9961 10351 11366
2232 3092 3533 3775 4062 4855 5207 5317 5956 6353
2251 2732 3193 3513 3653 4074 4595 5196 5557 5737
2737 3251 4306 4792 4901 5522 6414 6982 7361 7793
3311 4170 4864 5326 6053 6681 7275 8233 8729 9488
1851 2172 2573 2878 2926 3343 3695 3888 4256 4497
4451 5532 6213 6893 7214 8174 8975 9736 10616 11537
3251 3671 4482 5083 5954 6555 6885 7336 8207 8657
1424 1776 2127 2309 2632 3053 3249 3390 3881 3993
1298 1342 1651 1784 2060 2269 2600 2788 2987 3273
4223 4769 5472 6643 7580 8322 8829 9493 10312 11600
3963 4609 5446 6550 7082 7881 8489 9364 10201 10695
1710 2068 2562 2784 3159 3602 3857 4436 4726 4930
3221 3761 4723 5323 5444 6345 6975 7576 7996 8477
1282 1584 1764 2029 2270 2583 2799 3124 3316 3557
5181 6075 6874 7674 9226 9414 11107 11766 12942 13882
1601 2037 2293 2488 2819 3029 3495 3706 4006 4382
5461 6412 7012 8013 9714 10665 11365 12416 13917 14867
3011 3487 3888 4313 4639 5064 5515 6091 6541 7317
2025 2329 2920 3243 3586 4176 4366 4652 4975 5489
3359 4197 4476 5252 6214 6804 7238 7704 8107 9038
1607 1789 2056 2463 2534 2814 3263 3530 3853 4175
3234 4135 4538 5128 5718 6276 7393 7983 8697 9255
2468 2678 3183 3625 4151 4361 4698 5413 5834 6044
3872 4500 5227 5788 6317 6878 7341 8266 8662 9257
2602 3059 3444 4021 4742 5199 5775 6160 6640 7001
2254 2828 3290 3731 4018 4414 5009 5472 6155 6419
1323 1584 1884 2119 2497 2745 2914 3396 3396 3735
4771 5171 6293 6573 7774 8535 9215 10056 11217 11257
4192 4933 5229 6118 6674 7748 8785 8970 10303 10784
4886 6037 6636 8155 9122 9674 10641 11700 12804 13541
4961 5726 6447 7753 8609 9420 10590 10996 12392 13067
1198 1419 1729 1993 2214 2269 2501 2722 3097 3207
4151 4872 5232 6061 6494 7503 8007 8944 9917 10313
5051 5907 6447 7573 8789 9284 10500 11446 12617 12797
4767 5506 6573 7270 7517 8871 9855 9979 10799 11620
3683 4296 5351 5521 6542 7393 7665 8244 9026 9605
1355 1451 1800 2125 2246 2607 2787 3076 3268 3569
4794 5807 6728 7511 8570 10135 10549 11516 12805 13081
1744 2119 2460 3039 3329 3585 3772 4385 4743 5083
3091 3764 4072 4745 5110 6147 6595 6960 7296 7969
3512 4432 4840 6134 6406 7461 7529 8652 9128 9911
1851 2252 2316 2829 3102 3262 3727 3855 4449 4769
3085 4043 4333 4653 5524 5814 6801 7411 7963 8195
1983 2222 2528 2886 3363 3551 4045 4113 4504 4777
1438 1846 2183 2323 2800 2828 3333 3586 3909 4035
5401 6431 7509 8147 8981 10795 10942 12217 13639 14570
2872 3711 4089 4792 5306 5657 6225 6982 7279 7631
1466 1888 2155 2379 2618 2941 3109 3530 3923 4049
2195 2552 3141 3710 3941 4488 4698 5413 5581 5897
3707 4103 4929 5359 6218 7143 7935 8497 8761 9785
4586 5776 6348 7713 8726 9254 10487 11412 11896 12645
2387 2717 3246 3555 4018 4767 5009 5428 5758 6507
1812 2273 2545 2835 3397 3448 4095 4385 4640 4862
1495 1972 2211 2477 2674 2814 3123 3390 3740 4133
5254 6038 7019 7951 8981 9814 11629 12266 13492 14080
2449 3094 3416 3808 4453 4960 5144 5605 6227 6687
2300 2679 3015 3394 3983 4530 4824 5245 5497 6275
1915 2204 2444 2765 2909 3390 3775 4128 4336 4641
4266 4525 5266 6340 7377 7451 8229 9488 9710 10636
3899 4439 5665 5953 6854 7899 7971 9304 9989 10601
2099 2171 2784 2911 3614 3903 4263 4696 4930 5255
4840 5531 6636 8155 8386 9905 10135 11884 12897 13541
1165 1386 1662 1971 2181 2380 2578 2777 2986 3097
2351 2591 3173 3493 3974 4254 4595 4875 5516 5717
3514 4166 4445 5593 5749 6742 6897 8076 8324 8945
3512 4636 5181 5521 6814 6882 8142 8244 8992 9843
1454 1832 1923 2093 2523 2810 3109 3149 3539 3709
4804 6310 6686 7815 9367 10167 10919 11484 12895 13647
2936 3212 3637 4263 4889 5014 5815 6266 6541 7317
3863 4511 5052 6277 6962 7322 8115 9268 9737 10133
3089 3630 3981 4819 5063 5847 6036 6739 7496 7631
4535 5277 5550 6682 7346 8126 8907 9922 10702 11444
4555 6312 6402 7213 8249 9015 10140 11266 12032 13067
3962 5332 6093 6663 7196 8032 9097 9363 10504 11113
3546 4636 5385 5657 6201 7120 8141 8618 9298 10149
1410 1930 2098 2379 2716 3011 3137 3586 3782 4161
1165 1475 1618 1883 2137 2435 2501 2854 3086 3262
4106 4702 5017 6068 6664 7645 7925 9046 9676 10167
1586 1992 2262 2458 3014 3120 3375 3736 3976 4382
1415 1511 1692 1945 2318 2643 2787 3028 3220 3581
2748 3232 3324 4130 4315 5006 5305 5674 6134 6687
1030 1221 1543 1753 1914 2195 2295 2466 2616 2827
3306 3883 5101 5517 5998 6959 7599 8144 8688 9489
1101 1332 1462 1703 1884 2024 2225 2546 2807 2957
4645 5681 7078 7933 8699 9420 10275 10996 12121 13067
4439 5731 6463 7151 8184 8657 9647 11196 11627 12100
5961 6562 7563 8363 9364 10064 11415 12316 13016 14417
5352 5989 7559 8343 9667 10599 11677 11825 12854 14080
1910 2291 2996 3300 3681 4024 4537 4861 5242 5489
2425 2863 3301 4015 4246 5052 5236 5720 6180 6917
4780 5681 6942 8113 9014 9870 10230 11581 12211 13472
1571 1662 1845 2288 2458 2875 3109 3318 3435 3787
3610 5052 5773 6133 7070 7322 8511 8800 10025 10421
3161 3671 4482 5233 6014 6134 6975 7546 7876 8537
1721 1826 2323 2518 2744 3090 3375 3901 4037 4277
2431 2762 3114 3621 4348 4503 5053 5362 5891 6397
1131 1392 1462 1683 1824 2195 2325 2556 2646 2857
4547 5345 6733 7111 8078 9003 9381 10558 11062 12029
2320 3048 3202 3973 4414 4436 4899 5692 5868 6441
3113 3898 4420 5233 5785 6017 6801 7527 8049 8456
2737 3738 4035 4333 5333 5901 6009 7036 7198 7793
1010 1302 1462 1633 2014 2085 2325 2456 2667 2877
4827 5946 6850 6936 8614 9432 9948 10766 11927 12315
3821 4451 5785 6673 7044 8081 8155 9266 10340 10969
1181 1211 1583 1683 1884 2095 2285 2506 2686 2967
2725 2771 3301 3992 4246 4845 5167 5835 6250 6618
1919 2279 2875 2983 3362 3957 4083 4462 4786 5291
2120 2577 2862 3129 3643 4024 4347 4785 5127 5527
2211 2411 2852 3333 3734 4335 4515 5156 5376 5937
3721 4807 5333 5613 6594 7575 7925 8731 9537 9957
3610 4475 5304 5917 6782 7286 8223 9232 10097 10601
3371 4152 4633 4963 5474 6164 6945 7756 8176 8567
3287 3792 4297 4521 5054 5895 6259 7184 7633 8081
1494 1789 2000 2365 2786 2997 3319 3446 3895 4203
1110 1387 1696 1773 2137 2347 2457 2711 2987 3174
1691 2037 2398 2458 2954 3074 3570 3660 4186 4442
1973 2316 2749 2911 3560 3632 4155 4444 4732 5075
3341 4062 4212 4963 5414 6375 6615 7636 8027 8597
3861 4772 5297 5683 6524 7014 8310 9011 9151 10237
2311 2411 3092 3473 3734 4315 4695 5156 5276 5917
2211 2531 3052 3533 3974 4234 4475 4936 5557 5897
4310 5731 6850 6893 8055 9174 10206 10723 11971 12186
1403 1644 1896 2017 2402 2570 2751 3064 3256 3593
2587 2863 3439 3831 4246 4937 5467 5605 6065 6710
1198 1530 1739 1960 2159 2379 2644 2755 2909 3251
1270 1475 1800 1957 2210 2523 2799 2980 3365 3617
2811 3211 3887 4238 4989 5114 5765 6266 6866 7392
1706 2236 2573 2685 3214 3503 3855 3903 4352 4593
2736 3262 3913 4413 4513 5239 5665 6141 6942 7417
4763 5467 6392 7713 8814 9343 10531 11456 11808 12425
4192 5044 5748 6673 6785 7451 8562 9081 10117 10747
2272 2424 3052 3414 3681 4195 4518 4823 5336 5355
4141 4561 5402 6208 6313 7329 8065 9116 9711 10342
2911 3161 3938 4388 4689 5315 5915 6491 6666 7042
3861 4912 5473 5613 6629 7680 7925 8801 9396 10097
2063 2496 2856 3145 3434 3668 4263 4696 4768 5399
2927 3413 4035 4549 5387 5549 6333 6766 7523 7820
5181 6545 6827 7533 9367 9979 10590 12236 12941 13459
2845 3131 3990 4251 5084 5396 5995 6698 7219 7583
4010 5332 5932 6973 7494 8174 9015 9776 10977 11737
1030 1312 1462 1713 1974 2145 2355 2436 2737 2947
4252 5472 6270 7195 7994 9213 9591 10180 11777 12071
3010 3792 4452 4843 5834 6255 6855 7636 8087 8537
2030 2471 3093 3373 4014 4355 4555 4856 5477 5917
4482 5300 6721 7753 8399 9432 9475 10421 11798 12874
1154 1497 1707 1872 2170 2391 2556 2711 2986 3141
2024 2634 2881 3433 3567 4195 4252 4823 5013 5565
2411 2411 2852 3353 3734 4275 4816 5056 5336 5897
5209 5946 7097 7373 8892 9629 10181 11286 12299 13219
1803 2043 2284 2781 3182 3407 3647 3856 4353 4641
2234 2386 2862 3357 3681 3852 4271 4690 5128 5432
2836 3212 3512 4138 4664 5215 5941 6366 6516 7267
2795 3276 3372 3973 4406 5079 5439 6088 6521 6977
4613 5238 5901 6643 7151 8283 8751 9805 10624 11210
1415 1649 1975 2314 2354 2823 3123 3188 3566 3683
1298 1397 1729 1795 2214 2336 2490 2722 2964 3108
4420 5471 6564 6775 8120 9213 9843 10348 11693 12575
3607 4135 4755 5066 6121 6649 6990 7890 8666 8821
4451 4525 5451 5970 7414 7525 8266 9414 9970 10599
1674 2188 2493 2845 3102 3246 3647 3968 4256 4641
4115 5066 5446 6549 7462 8071 9059 9173 10466 11189
2725 3025 3577 3785 4384 4844 5282 5904 6411 6572
1287 1342 1751 1872 2104 2258 2611 2865 3074 3251
1151 1372 1542 1743 1843 2195 2275 2556 2726 2987
4229 4647 5750 6511 7538 7804 8451 9326 10353 11113
2651 2916 3422 3863 4128 4502 5207 5516 6133 6177
5060 6061 8013 8913 9964 10665 11665 12266 13967 14167
3433 3491 4595 5059 5263 6221 6627 7005 8108 8224
3563 4396 4940 5453 6062 6574 7247 8304 8656 9617
3546 4193 5214 5963 6406 7052 8107 8414 9333 10115
1571 1832 2093 2184 2536 2640 2940 3201 3565 3657
2811 3262 3512 4163 4689 5240 5565 6366 6742 7067
5291 6060 7020 7693 9182 9807 10575 12016 13217 13697
2975 3626 3886 4173 4980 5605 6229 6464 7036 7297
4562 5054 6368 7353 7394 8501 9404 10225 10840 12194
2331 2591 2992 3413 3954 4375 4695 5056 5376 5857
3887 4227 4772 5487 6304 6882 7835 8312 9537 10081
2120 2348 3034 3243 3509 4195 4404 4823 5279 5698
4611 4891 5812 7174 7334 8815 8815 9896 10937 11377
2191 2572 3193 3413 3894 4255 4475 4816 5276 5917
5597 6725 7558 8343 9765 9814 11530 12511 13737 13835
1199 1442 1563 1983 2192 2225 2479 2821 2953 3152
2153 2369 2856 3127 3596 3957 4119 4570 4912 5345
2747 3204 3564 3925 4382 4814 5728 5872 6328 6929
4398 5260 6039 6860 7599 8871 9609 9979 10964 11702
2939 3491 4217 4653 5263 6076 6482 7005 8079 8718
4961 5411 6537 7708 8114 9284 10816 11491 12392 13112
3659 4428 5101 5613 6126 6606 7439 7952 8688 9585
1254 1453 1695 1839 2159 2369 2655 2755 3030 3119
3545 4042 4476 5190 5935 6773 7238 8045 8138 9069
2564 3117 3555 3831 4361 4798 5075 5789 6457 6664
5027 5555 6260 7625 8374 9255 10399 11016 11588 12557
2843 3228 3564 3997 4598 4814 5343 6016 6280 7193
3932 5118 5859 6266 7414 7673 8377 8933 10043 10710
4303 4970 5340 6303 6785 7896 8414 9562 9858 10895
5171 5903 6161 7022 8055 9174 10077 10508 11497 12745
4038 4723 5941 6815 7500 7804 8755 9402 10086 11227
2923 3574 3678 4459 5084 5579 5943 6464 7114 7479
2633 2932 3393 4061 4292 4775 5282 5766 6388 6733
5401 6480 7215 8392 9569 10206 11432 12658 13246 13982
1199 1486 1607 1949 2038 2280 2655 2821 3019 3185
1438 1972 2070 2491 2688 3011 3221 3390 3698 3965
5761 6061 7362 8413 9864 10264 11215 13016 13767 14167
4771 4931 6333 7093 7934 8414 9375 9736 10976 11217
2986 3312 4013 4413 4714 5189 5765 6441 6516 7367
1121 1420 1762 1828 2027 2292 2468 2689 2876 3229
1571 1702 1949 2236 2445 2732 2888 3188 3435 3800
1391 1692 1728 2125 2210 2414 2763 3112 3292 3497
4674 6172 6392 7317 8506 8814 10576 10620 12205 12953
4457 5142 6055 6549 6930 7918 8489 9364 10466 11189
2210 2695 3246 3621 4348 4701 4987 5406 6133 6529
4495 4685 5979 6625 7538 7614 8793 9440 10352 11265
4414 4859 5822 6229 7081 7488 8784 9377 9747 10414
5531 5531 6959 7465 8294 9721 10273 11930 12621 12897
5210 7012 7913 8213 9464 10464 11565 12316 13416 14867
5321 5591 6672 7213 8969 9780 10275 11626 11761 13427
3091 3511 4016 4829 5334 5867 6595 6932 7717 8081
2679 3071 3509 3854 4476 4960 5098 5536 6296 6457
2688 3261 3834 4433 4980 5683 6230 6334 6776 7609
4398 5301 6450 7024 7722 8255 9609 10389 11374 11538
2272 2443 2900 3300 3548 3833 4442 4785 5184 5546
3343 4037 4632 5392 6449 7209 7869 8299 9257 9587
4451 4636 5822 6599 7007 7970 8266 9118 10043 10636
2320 2720 3330 3793 4004 4550 5034 5350 5812 6086
2927 3549 4089 4360 5387 5739 6036 6901 7279 7955
2291 2462 2862 3319 3491 3928 4556 4728 5242 5337
3886 5218 6093 6435 7120 8185 8831 9364 10352 11379
3949 5355 5550 6799 7151 8283 9219 10117 10351 11132
3307 4140 5037 5485 5806 6767 7215 7696 8400 9233
5557 6074 7203 7956 8709 10261 11013 11860 13036 13318
2384 2678 3331 3667 3983 4403 4992 5413 5581 5960
4050 4811 5812 6453 7654 8695 9335 9896 10897 11617
3756 4772 5403 6278 6559 7294 7960 8941 9151 10062
2866 3736 3960 5053 5194 6119 6679 7240 7464 8165
5891 6676 7853 7902 9667 10059 11040 12217 13442 14570
5369 6357 7392 7533 8756 10026 10684 11672 12283 13271
5771 6732 7404 7933 8797 10527 11391 11919 13168 14417
2276 2849 3092 3907 4348 4524 5097 5736 6000 6551
3700 3917 4942 5159 5780 6649 7300 7642 8541 9255
3105 3391 3704 4329 5188 5735 6047 6568 7296 7557
2838 3652 4409 4885 5390 5698 6651 7184 7324 8305
1243 1408 1773 1916 2038 2336 2545 2733 2909 3284
2911 3086 3712 4163 4914 5115 5715 6241 6541 7217
5911 6011 7713 8063 10014 10315 11215 12116 13366 14517
5060 6612 7012 8513 9464 10565 11465 12566 13967 14667
3315 3904 3988 4549 5250 6063 6287 7100 7745 7941
4001 4842 5192 6103 6839 7399 8415 8941 9466 9922
5531 5715 7280 8155 8938 9674 11055 11561 12850 13817
1276 1464 1574 1982 2093 2302 2501 2799 3053 3218
5110 6311 7012 8563 9814 10014 11916 12016 14017 14917
5410 7012 7913 8763 9464 10464 11365 12566 13366 14967
3849 4571 5370 6702 7044 7957 8756 9174 9973 10771
1171 1271 1442 1643 1924 2034 2335 2556 2767 2937
5009 5345 6649 6775 8288 9045 9927 10600 11020 12239
2607 2673 3290 3775 4348 4591 5053 5362 5802 6507
3887 4329 5078 5453 6610 7393 8073 8856 8992 10149
1331 1342 1706 1993 2159 2214 2644 2755 3041 3218
3203 4352 4445 5562 5966 6525 7269 7735 8107 9038
1287 1397 1762 1850 2104 2357 2633 2821 2975 3229
4826 6222 7168 7438 8654 9284 10680 10816 11716 13202
5463 6075 7015 8427 8897 9744 10590 11578 12424 13459
3806 4434 4830 5491 6020 6680 7407 8332 8927 9257
5060 6762 7512 9013 9764 10414 11615 12966 13967 14117
5203 5643 6568 7317 8814 9519 9871 10708 11896 12777
3872 4599 5128 5458 6152 6845 7638 8167 8794 9818
3791 4456 5438 5823 6839 7119 8380 8766 9466 10307
4690 5681 6807 7888 8564 9014 10140 11716 12527 12617
2507 3012 3540 3997 4454 4839 5728 5824 6280 7049
4771 5572 5812 6453 7294 8375 8975 9936 10456 11297
2251 2792 3212 3433 3753 4394 4715 5076 5616 5917
4757 5556 6523 6943 7700 8919 9381 10390 11525 11777
1480 1571 2093 2145 2393 2823 2979 3136 3396 3774
4542 5423 6833 7361 8726 8990 10003 11280 11544 12953
2979 3680 4016 4942 5502 5923 6259 6792 7324 7913
3197 3576 4171 4792 4874 5604 6090 6955 7117 7577
1519 1767 2093 2171 2367 2627 3005 3149 3500 3774
5411 6061 7462 8563 9664 10014 11615 12966 13867 14517
5260 6461 7662 8813 9964 10414 11915 12015 13016 14867
2636 3209 3912 4407 4928 5449 6099 6672 7141 7453
2651 2916 3422 3907 4172 4678 5075 5339 6000 6507
3250 3941 4783 5263 5864 6615 6735 7455 8416 8957
2258 2910 3141 3583 3857 4425 4803 5182 5834 6002
1061 1211 1412 1623 1854 2115 2366 2446 2757 2907
2387 2828 3357 3599 4414 4679 4899 5340 6089 6221
1658 2092 2557 2749 2942 3471 3807 4064 4240 4577
4105 4964 5628 6760 7775 8361 8829 9883 10156 11288
2936 3011 3562 4063 4539 5040 5891 6341 6642 7042
2723 2963 3468 3997 4766 4911 5487 5992 6280 6953
2025 2501 2996 3072 3624 4100 4214 4595 5261 5660
4343 4952 5750 6397 7500 8261 8489 9136 10619 10771
3265 4073 4445 5407 5656 6649 7362 7983 8604 8883
2861 3236 3762 4463 4839 5515 5565 6391 6766 7242
1283 1523 1752 2101 2186 2499 2835 3136 3305 3377
1899 1979 2509 2733 3198 3246 3679 4064 4336 4657
4702 6176 7235 8201 8846 9398 10549 11286 12068 13771
1402 1702 1949 2236 2484 2679 2875 3370 3579 3891
4808 5670 5916 6901 7927 8912 9691 9978 11086 12071
1607 1846 2253 2365 2758 3081 3207 3389 3909 3937
3287 3623 4268 4969 5446 5782 6623 6988 7604 7997
2333 2932 3555 3854 4292 4983 5420 5628 6273 6848
2506 3156 3588 4213 4550 5079 5319 6160 6328 6881
4569 5602 6376 7065 8055 9475 9948 10723 11196 12616
4571 5372 6413 7013 7534 8094 9135 10136 11217 11537
3376 4004 4632 5788 6020 6978 7870 8464 8894 9587
3650 4667 5017 6033 6804 7540 7855 9011 9747 10342
1276 1431 1629 1916 2203 2292 2457 2689 2964 3196
4151 4656 5520 6313 6602 7791 8043 8656 10025 10493
4305 4837 5788 6435 7538 8223 9059 9288 10428 10999
2792 3626 3860 4485 5188 5709 5761 6490 7219 7375
2082 2615 2805 3300 3700 4081 4480 4690 5165 5394
4757 5640 6144 6943 7742 8793 9970 10600 11020 11777
3747 4525 5488 6525 7340 8081 8599 9155 9636 10636
1276 1475 1684 1784 2093 2236 2611 2777 3086 3218
1983 2170 2733 2750 3414 3567 4027 4317 4759 4964
3297 3762 4570 5283 5594 6215 6928 7456 8387 9132
4043 4764 5160 5881 6638 7683 8151 8944 9917 10817
1739 2236 2476 2653 2958 3310 3743 4144 4384 4721
3091 3511 4240 4857 5250 5670 6567 6876 7829 8333
3224 3278 4170 4873 5036 5739 6090 6928 7198 7820
3751 4329 5419 6031 6406 7393 8141 8482 8890 9945
5002 6444 7453 7933 8702 9999 11199 11776 13025 13841
3259 3876 4380 4633 5586 6035 6399 6819 7660 8221
4454 5643 6700 7669 7977 9651 10531 11456 11896 12689
1663 1916 2239 2267 2772 2983 3333 3502 3712 3993
3288 3491 4159 4711 5234 6308 6685 7208 7963 8340
2063 2463 2805 3376 3529 3986 4214 4918 5261 5584
1030 1322 1613 1783 1834 2185 2235 2606 2626 2857
5435 6155 7500 8653 9182 10575 11199 12208 13072 14129
2234 2634 2748 3110 3605 4023 4518 4899 5299 5451
1706 2112 2323 2533 2714 3014 3510 3751 4036 4337
1101 1402 1603 1753 1974 2124 2335 2445 2616 2977
2723 3107 3684 4285 4622 5271 5511 6256 6520 7097
1234 1463 1740 2017 2402 2619 2811 2956 3305 3437
2969 3520 4653 4682 5553 5902 6802 6976 7673 8137
4673 5766 6270 6901 7574 8666 10096 10516 11146 12491
3010 4122 4452 5143 5564 6014 6885 7426 7997 8537
4266 4896 5673 6044 7266 7710 8303 9451 9969 10969
5891 6234 7166 7902 9373 10648 11040 12707 13246 14668
4510 6312 6402 7258 8924 9870 10545 11581 12572 13067
4151 4764 5556 5809 7106 7755 8223 9016 9484 10817
1867 2140 2557 2637 3070 3342 3775 4064 4272 4721
3462 3927 4217 5059 5785 6395 6424 7150 7817 8485
3055 3927 4275 4740 5524 6308 6453 7382 8108 8630
3575 4566 4929 5557 6284 7176 7638 8068 9059 9521
1191 1221 1502 1773 1844 2215 2345 2556 2716 2947
1176 1530 1773 1883 2126 2413 2644 2754 3008 3284
1973 2496 2568 3109 3326 3939 4155 4696 4696 5201
2610 3365 4016 4277 5188 5475 6151 6438 7297 7531
4001 4842 5227 5753 6699 7154 8170 8696 9641 10377
1646 2112 2383 2503 2789 3029 3510 3616 3931 4307
2215 2539 2881 3376 3776 4043 4537 4613 5013 5432
5439 6314 6682 8017 9168 9398 10687 11792 12160 13449
3683 4261 5044 5793 6440 7257 7631 8312 9435 10115
1706 2043 2300 2877 3150 3214 3759 4096 4272 4737
5401 6725 7509 8539 9373 10550 11334 12658 12952 14423
4731 5011 6373 6573 7293 8454 9455 10416 11096 11777
2702 2910 3278 3693 4522 4637 5167 5536 6342 6549
2900 3468 4035 4576 5252 5414 6279 6496 7199 7847
4115 4619 5448 6169 6818 7719 8367 9088 9808 10601
1309 1331 1729 1883 2016 2247 2457 2810 3086 3097
3175 3511 4184 4885 5306 6147 6679 6848 7688 7969
4631 5766 6523 7027 7952 8919 9465 10390 11399 11903
2954 3413 3900 4522 5252 5928 6198 6685 7469 7739
5096 5411 6447 7708 8114 9420 10185 11401 12167 12932
2579 3011 3396 4165 4790 5247 5295 6184 6424 7097
5186 5681 7078 7573 8609 9780 10005 11671 12256 13247
3404 3665 4188 4769 5611 6163 6540 7034 7992 8282
2702 3117 3646 3969 4407 5075 5466 5881 6111 6894
2560 3011 3512 4363 4939 5090 5765 6441 6541 7267
1323 1832 1845 2262 2497 2627 3110 3201 3618 3722
3938 4467 4764 5326 6482 6779 7539 8497 9125 9356
3575 3971 5095 5689 6515 7044 7803 8200 8662 9455
4414 4932 5710 6488 7414 7932 8488 9636 10302 11006
2232 2739 3180 3885 4150 4811 4899 5582 5912 6441
2627 3156 3420 4141 4670 4862 5535 6232 6569 6977
2411 2672 2972 3593 4014 4054 4575 4956 5416 5937
2997 3636 4624 4856 5524 6076 6888 7237 7614 8630
1121 1364 1596 1927 1994 2248 2579 2733 2976 3318
2434 3348 3805 3901 4526 4983 5319 5872 6545 6977
5369 5698 7533 7768 9367 9838 11060 11296 12236 13224
3895 5081 5192 6377 6859 8155 8784 9266 9969 10414
4066 4691 6019 6604 7541 8205 9063 10000 10859 11093
4439 5602 6635 7538 7797 9001 10120 10508 12057 12702
1480 1691 2084 2323 2730 3081 3235 3614 3740 4147
1210 1547 1788 2161 2366 2631 2655 3112 3352 3617
1727 2153 2545 2954 3380 3534 3908 4215 4743 4794
4999 5386 6678 7452 7969 9217 10120 10551 11799 12057
2409 2916 3114 3709 4260 4767 4855 5450 5956 6573
1391 1620 1728 1933 2366 2595 2787 2944 3268 3485
4192 4970 5377 6674 6785 7637 8488 9192 9710 10562
3754 4475 5088 5989 7214 7250 8511 8800 10061 10781
2387 3026 3136 3863 4194 4789 5075 5362 5868 6573
3376 4368 5062 5623 6284 6614 7870 8266 8993 9323
4331 5131 5732 7173 7454 8815 9335 10216 10536 11617
3649 4500 5112 5929 6746 7121 7563 8720 8890 9979
2510 3137 3637 4063 4564 5190 5791 6366 6842 7017
1166 1409 1596 1784 2027 2248 2490 2722 2888 3230
5604 5839 6639 8473 8756 9602 11154 11625 13130 13882
2791 3630 3846 4576 5225 5414 6117 6955 7036 7955
3172 3985 4362 4827 5437 5872 6482 7440 7876 8195
1570 1917 2278 2428 2954 3255 3420 3811 4052 4217
5499 6038 7362 8637 8981 10207 11530 11972 12805 14472
2810 3820 4352 4969 5418 5894 6455 7240 7632 7969
4498 5688 6657 7053 8198 8946 10091 11016 11853 13129
2651 2872 3511 3863 3995 4502 5119 5582 5934 6287
4007 4562 5599 6525 7229 7636 8673 9155 10080 11006
2629 2739 3158 3687 4194 4745 4899 5648 5846 6287
2636 3387 3863 4088 4514 5340 5891 6166 6591 7117
3551 3701 4663 4963 5444 6254 7215 7576 8026 8927
5099 5867 6924 7741 8990 10143 10671 12112 13217 13841
1932 2324 2665 2818 3091 3550 3959 4368 4606 4947
1282 1511 1933 2137 2198 2534 2655 3136 3292 3593
5416 6263 7298 8473 8615 10214 10355 11578 13036 13412
2447 2678 3310 3625 4046 4488 4761 5287 5665 6275
2365 2761 3445 3687 4216 4833 4921 5648 5824 6199
3848 4952 5674 6587 7044 8261 8565 9326 10581 10961
1593 1705 2070 2351 2716 2857 3151 3516 3656 4007
5961 6612 7062 8113 9414 10465 12016 12466 13316 14017
5160 6812 7312 8013 9264 10314 11966 12416 13416 14917
2191 2451 2952 3433 3874 4154 4515 5116 5577 5997
4600 6177 6357 7303 8429 9780 10815 11446 12346 13247
4611 5172 6052 6573 7454 8575 9135 10176 10456 11857
4525 5429 6290 7581 7840 8915 10249 11067 12014 12100
5311 6312 7262 8113 9164 10565 11666 12766 13317 14067
4612 5257 6420 6893 8141 9002 9819 10465 11196 12573
4192 4785 5229 6600 7192 7525 8488 8970 9784 11006
2431 2849 3224 3951 4238 4679 5053 5604 6089 6243
3359 3762 4973 5531 6090 6587 7021 7797 8635 8728
3651 4912 5298 5683 6839 7260 7925 8451 9397 9922
1949 2273 2443 2920 3159 3619 4044 4130 4487 5100
3478 4670 5453 5827 6542 7291 7971 8175 9026 10149
2950 3764 4437 4773 5418 5866 6427 6904 7688 8417
2845 3765 4279 4333 5009 5928 6469 6496 7117 7712
1986 2329 2786 3110 3605 4195 4518 4937 5127 5489
2009 2189 2893 3181 3434 3740 4119 4534 4786 5309
3580 4737 4947 5893 6594 7084 7925 8871 9607 9887
1020 1261 1603 1804 1864 2095 2235 2566 2817 2837
5485 6038 6452 7787 9076 9582 10273 11332 12436 13771
4259 4547 5124 6133 6998 7683 8511 8980 9880 10457
3201 3840 4653 4653 5611 5959 6859 7440 7846 8427
2194 2931 3183 3499 3836 4319 5034 5350 5813 6107
4439 5688 6376 7108 7754 9303 9862 10895 11498 12401
3172 3855 4756 5283 5749 6773 7052 7983 8324 9100
4192 4972 6491 7394 7804 8460 9527 9979 11333 11825
1771 1931 2284 2717 3166 3279 3567 4032 4240 4801
5450 6823 6921 8392 9128 10452 10991 12119 12854 14570
1781 2097 2217 2443 2999 3089 3570 3706 4157 4292
3110 4104 4414 5407 5718 6276 7394 7890 8231 9069
3707 4335 5061 5590 6482 6680 7341 8431 9257 9653
4077 5142 5941 6663 6968 7614 8641 9782 10619 10657
2791 3630 4171 4630 4874 5712 6090 6550 7117 7982
4151 4655 5484 6169 6818 7322 8007 9376 9953 10709
2426 2615 3205 3752 3878 4256 4993 5077 5560 6086
1811 1962 2247 2698 2759 3315 3390 3661 4142 4307
4767 5382 5875 7311 8009 8583 9199 10266 11332 12235
2629 2695 3445 3951 4348 4480 4899 5406 6133 6419
5842 6087 7019 8049 9422 10648 10942 11972 13394 14325
3521 4152 4813 5413 5714 6164 7005 7365 8086 8837
4356 5547 6450 7393 7434 8666 9486 10061 11127 12112
4303 4599 5340 6377 6970 8081 8673 9007 10229 10414
2158 2367 2862 3262 3491 3890 4214 4918 5261 5546
5141 5862 6627 7393 8834 9690 10320 11041 12121 13022
1331 1441 1773 1806 2170 2302 2611 2843 3008 3130
4810 6444 7357 8605 9086 9806 10911 12112 12544 14417
2975 3470 3678 4589 5188 5605 5865 6776 7140 7635
4418 4691 6097 6682 7307 8478 8907 9375 10898 11561
1355 1463 1933 2149 2209 2631 2859 3064 3280 3497
5461 6111 7312 8213 9964 10715 11665 12316 13566 14767
1830 2205 2460 3005 3244 3721 3959 4181 4521 4879
4555 6222 6853 8024 8699 9285 10140 10816 12347 12662
4007 4475 5773 5809 7142 7358 8259 9304 10061 10637
3070 3882 4272 5293 5894 6495 6765 7336 8357 8807
2258 2552 3036 3415 4025 4530 4635 5329 5708 6023
4043 4944 5232 6061 6566 7755 8223 8692 9989 10529
1626 2156 2380 2894 3086 3519 3551 4064 4304 4577
5186 6177 6357 7888 9014 9735 10320 11266 11761 12617
4767 5588 5752 6901 7927 8994 9650 9978 11414 12317
1191 1301 1412 1653 1844 2195 2325 2556 2746 3007
3452 4011 4787 5066 5966 6245 7300 7673 8200 8976
3170 3684 3927 4549 4874 5712 6225 6874 7036 7658
4397 5506 6573 7024 7558 8583 9609 10635 11168 11784
3210 4300 4844 5549 6126 6895 7407 7760 8721 9233
3910 5433 6253 6760 7424 8439 9258 9414 10741 11132
2090 2491 2872 3233 3854 4054 4796 5176 5437 5877
2257 2636 3352 3751 4130 4235 4740 5413 5834 5960
2531 2763 3057 3436 4193 4277 4971 5140 5602 5960
2272 2615 2862 3091 3719 4100 4309 4747 5184 5356
5117 5807 6452 7879 9122 10089 10687 11424 12068 13127
4916 5952 7033 8023 8924 9735 10275 11266 11851 12617
1600 1811 2202 2683 2999 3300 3420 3886 3946 4262
1796 2136 2409 2835 3176 3551 4010 4249 4658 5049
3966 4456 4982 5683 6699 7610 8170 8801 9782 9957
2838 3764 4044 4717 5474 5979 6595 6904 7352 8389
3755 4331 5304 5953 6782 7250 8476 8692 10097 10313
4925 5177 6102 6859 7658 8582 9928 10894 11483 11861
3110 4259 4724 5252 5687 6742 6990 8076 8169 9131
2518 2886 3485 3762 4430 4845 5075 5858 6434 6710
3791 4656 5449 6386 6638 7575 8043 8692 9989 10385
1480 1754 1858 2327 2497 2614 3044 3266 3448 3891
4081 5081 5896 6192 7377 7562 8488 9044 9932 10377
5611 6061 7212 8363 9064 10865 11415 12066 13567 15017
5366 5411 6763 7213 8204 9014 9915 11401 12212 13427
3287 3848 4100 4493 5614 6147 6259 6736 7576 7969
1309 1397 1585 1938 2104 2380 2490 2821 2876 3306
2364 2717 3489 3665 4172 4811 5119 5538 6155 6485
5255 6176 6498 7925 8478 9491 10319 11976 12022 13449
1319 1668 1788 1957 2342 2486 2775 2992 3208 3569
5695 6774 7461 8098 9324 10599 10795 11923 13099 13786
2272 2558 2938 3091 3472 3890 4442 4880 5261 5527
3839 4401 4995 5953 6416 6845 7572 8365 8827 9587
2342 3070 3489 3929 4216 4458 5119 5736 5978 6375
5611 6511 7863 8813 9714 10264 11365 13016 13666 14367
2027 2424 2550 3181 3578 3921 3975 4408 4750 5309
2627 3131 3468 4309 4526 5271 5655 6136 6544 6833
4932 6038 7235 7925 8570 9352 10963 11792 12620 13219
