1000 10 10
4 96 197 137 67 142 152 139 165 82 109 0 20
5 106 119 124 157 59 95 146 84 71 50 0 23
6 199 56 189 191 44 79 128 77 138 140 0 26
5 42 47 55 116 142 113 142 124 200 105 0 21
10 100 148 109 82 119 48 80 92 183 177 0 49
8 105 159 175 169 113 90 90 138 174 89 0 40
6 83 64 100 65 136 54 54 189 88 139 0 29
10 165 175 74 76 44 75 138 175 72 132 0 50
5 132 66 132 139 153 79 88 86 145 88 0 23
5 57 143 46 142 69 60 104 78 56 117 0 21
3 74 46 60 171 150 83 130 68 153 149 0 12
4 189 135 78 173 106 97 119 122 161 200 0 16
8 133 200 70 193 56 151 98 159 105 159 0 39
8 56 195 98 128 77 82 48 185 132 191 0 36
10 188 148 182 173 75 153 192 109 188 82 0 47
6 100 200 193 92 92 185 56 106 141 180 0 27
4 116 173 92 199 195 58 120 59 151 82 0 20
3 53 121 76 135 169 84 116 97 134 94 0 14
9 171 147 94 51 118 173 89 184 97 130 0 44
7 175 100 53 41 102 144 151 103 72 165 0 34
3 51 197 71 99 140 155 111 157 189 160 0 13
10 49 77 135 107 82 95 185 199 180 168 0 46
7 183 169 127 132 91 128 151 168 80 86 0 35
2 80 65 182 80 94 117 54 42 195 197 0 10
6 59 68 67 80 145 148 48 151 50 119 0 29
4 140 130 96 107 94 172 109 128 65 126 0 19
9 167 117 132 41 88 185 116 45 70 110 0 41
5 197 116 61 64 145 179 62 143 168 171 0 22
6 198 150 68 84 195 187 131 199 65 199 0 30
3 177 183 133 158 198 153 173 58 184 111 0 11
9 92 48 157 75 191 177 150 94 106 102 0 42
6 193 192 119 106 83 147 66 140 142 171 0 30
6 128 52 116 197 152 153 99 86 176 119 0 27
10 180 147 123 96 183 84 47 99 41 137 0 49
5 93 120 150 144 63 177 43 86 117 159 0 24
7 177 186 104 199 167 64 108 187 60 84 0 34
3 62 68 179 132 190 85 72 194 138 198 0 15
9 74 110 94 49 67 105 123 180 136 113 0 44
8 53 98 130 50 179 195 124 90 52 190 0 38
10 42 84 162 128 96 41 72 76 176 101 0 49
8 161 144 146 197 148 83 41 188 186 90 0 37
8 177 161 114 61 198 124 194 184 169 130 0 38
6 153 189 165 182 119 96 110 47 70 151 0 29
8 152 167 180 56 69 46 149 60 75 48 0 36
4 138 170 114 120 89 189 187 150 171 140 0 20
10 160 142 171 58 90 145 120 161 43 85 0 50
6 116 140 165 164 72 106 124 51 153 183 0 30
9 84 181 134 94 194 108 191 155 136 190 0 44
5 62 77 132 83 138 184 148 77 94 168 0 21
3 161 92 191 142 160 153 83 75 194 80 0 12
7 112 199 188 90 174 86 112 69 139 86 0 35
3 56 94 166 42 86 193 48 100 164 137 0 14
6 136 174 81 72 108 191 124 146 148 47 0 26
6 180 93 104 139 196 121 186 105 88 188 0 30
6 87 113 61 101 170 190 173 154 95 157 0 29
7 166 148 94 61 46 140 45 112 107 185 0 32
2 103 157 109 193 195 59 98 62 99 122 0 10
6 182 65 124 195 77 197 55 73 177 128 0 26
8 190 107 151 62 175 51 87 180 66 44 0 40
5 135 98 145 185 97 139 90 138 131 162 0 21
9 197 66 118 109 136 115 101 132 113 57 0 44
4 131 123 159 115 142 110 149 157 175 60 0 17
10 80 60 82 100 159 131 75 167 85 71 0 46
10 41 177 190 94 66 195 89 76 111 170 0 49
4 150 105 123 186 188 71 83 89 153 186 0 17
8 74 70 158 117 136 151 41 168 112 101 0 36
2 90 167 72 151 102 124 59 190 100 188 0 10
9 144 153 192 108 74 145 90 50 142 114 0 43
3 149 62 84 134 80 42 168 197 154 127 0 12
10 117 151 92 193 122 49 170 157 120 90 0 46
5 130 186 117 181 197 88 60 59 197 139 0 23
4 141 170 135 179 128 137 146 51 128 64 0 19
4 69 130 82 128 68 82 196 145 199 126 0 18
2 160 135 102 143 130 142 183 121 52 161 0 10
9 130 104 161 145 187 42 54 100 179 58 0 42
8 42 191 199 65 53 167 175 138 120 42 0 36
6 44 56 152 173 94 195 113 86 49 54 0 30
6 151 45 66 155 199 188 54 146 149 138 0 27
10 186 136 198 64 145 79 186 44 47 99 0 47
10 76 63 71 70 59 112 129 173 46 82 0 50
9 125 97 83 111 92 67 178 148 49 64 0 45
8 107 133 56 184 92 52 169 57 192 92 0 36
7 41 64 74 86 59 97 130 68 150 159 0 35
3 96 171 48 67 80 168 179 46 150 70 0 12
9 187 88 191 190 197 170 113 103 171 78 0 44
7 104 106 122 154 173 195 67 72 44 56 0 31
6 151 78 67 54 65 158 143 94 124 151 0 28
4 156 171 172 198 128 132 196 112 98 123 0 16
5 85 130 191 181 138 184 77 46 46 55 0 24
4 72 108 66 132 123 191 178 142 51 199 0 18
5 102 119 48 75 97 101 153 62 50 197 0 24
3 190 146 102 62 59 159 70 80 94 86 0 11
8 60 68 191 46 43 71 47 81 157 100 0 38
7 43 123 195 87 134 129 149 88 124 46 0 34
10 42 66 181 80 53 64 175 175 175 78 0 50
4 111 58 173 153 50 130 135 111 159 41 0 18
7 109 137 177 92 197 85 197 150 177 66 0 33
3 48 162 148 142 66 114 59 72 108 99 0 14
2 148 192 130 138 51 196 173 70 92 132 0 10
3 115 84 48 163 56 96 142 155 117 196 0 12
3 110 144 84 172 145 99 117 89 168 67 0 11
6 83 62 191 90 69 153 96 91 81 104 0 30
5 173 113 57 112 182 187 84 99 200 43 0 23
6 129 191 127 110 96 68 146 82 109 164 0 27
8 145 120 45 186 170 120 40 105 64 49 0 38
3 178 52 188 84 179 119 54 58 187 47 0 13
5 92 199 124 95 78 49 191 106 72 55 0 25
3 181 167 58 149 74 148 69 183 163 171 0 15
3 117 149 169 149 185 86 54 136 42 105 0 13
3 61 195 76 175 173 198 159 175 139 46 0 11
4 116 91 154 49 172 161 109 134 131 68 0 19
9 90 119 79 156 181 101 131 155 46 137 0 42
5 92 186 90 97 198 140 126 77 102 47 0 25
8 172 158 82 125 195 107 102 112 110 80 0 39
3 198 40 200 106 176 131 145 58 82 103 0 13
6 142 148 83 60 197 191 151 122 181 78 0 29
5 157 71 171 94 196 150 172 118 184 69 0 21
10 150 108 62 100 126 142 124 138 191 170 0 47
2 89 161 127 74 98 162 188 187 141 100 0 10
10 74 68 111 188 97 86 189 49 117 175 0 49
5 169 143 166 95 119 76 50 52 134 150 0 21
4 185 150 152 114 126 143 178 98 130 70 0 20
4 145 64 148 189 142 124 156 58 168 194 0 19
7 126 128 50 168 101 196 52 77 104 152 0 32
5 67 122 109 167 129 132 92 62 173 66 0 25
10 186 176 177 197 42 72 154 157 140 82 0 47
3 63 48 96 54 137 55 114 161 167 123 0 13
3 66 70 106 106 120 148 58 187 92 199 0 15
8 44 108 190 109 97 123 172 108 55 195 0 36
5 109 82 102 180 86 163 187 58 50 67 0 22
4 77 185 197 146 189 130 111 96 191 53 0 16
9 141 128 48 156 72 137 76 87 171 135 0 44
5 121 101 166 130 144 163 171 42 99 95 0 23
3 98 157 95 151 189 89 158 73 195 72 0 12
3 61 164 129 106 52 87 107 58 78 88 0 11
8 143 64 109 131 152 70 146 74 171 88 0 37
8 78 55 49 109 60 142 47 56 120 162 0 40
10 199 120 199 174 175 104 65 42 194 44 0 48
7 77 52 96 99 157 173 65 69 161 80 0 35
6 136 129 140 193 110 140 55 88 194 191 0 26
9 86 195 101 196 85 117 59 196 79 179 0 41
8 148 86 179 122 126 103 141 178 131 149 0 39
5 194 89 117 100 126 124 171 199 182 53 0 23
7 110 159 141 153 171 121 123 70 137 160 0 32
4 167 58 55 68 88 150 72 182 71 142 0 18
10 161 76 199 183 40 109 118 144 99 118 0 47
7 76 155 198 135 121 58 161 160 165 140 0 34
3 107 178 120 138 41 76 100 102 162 137 0 13
5 200 45 177 154 47 84 161 93 120 46 0 21
5 50 76 114 116 85 138 162 156 70 153 0 22
7 122 80 85 138 62 116 76 167 178 111 0 31
7 183 144 158 71 157 75 112 90 156 64 0 33
3 57 187 148 124 161 54 91 137 67 132 0 15
6 191 178 93 150 129 102 78 150 164 110 0 26
7 74 130 106 197 88 164 161 122 71 166 0 33
10 68 128 114 141 113 182 125 44 81 54 0 46
6 100 88 100 116 193 127 104 123 82 47 0 28
4 187 174 176 144 48 69 164 193 54 103 0 20
7 97 127 168 44 75 136 50 89 150 66 0 31
3 40 150 143 103 118 123 85 194 55 57 0 12
7 184 52 102 96 150 147 42 75 172 146 0 33
4 173 192 128 83 155 99 100 189 118 83 0 16
9 161 130 96 78 155 114 168 147 164 70 0 42
10 163 49 63 159 79 55 187 135 125 146 0 48
4 44 54 189 141 189 144 181 110 90 130 0 17
6 77 157 41 105 195 59 140 150 64 74 0 29
3 81 95 169 62 64 128 106 45 127 158 0 12
3 116 190 142 140 155 52 47 166 104 137 0 15
5 195 87 184 197 132 181 43 138 124 83 0 23
6 66 151 151 119 51 186 56 189 42 161 0 30
4 63 181 92 179 179 146 74 43 161 80 0 18
4 167 73 45 127 103 183 75 116 75 101 0 16
3 117 163 121 168 138 110 58 51 186 181 0 12
3 139 125 64 160 199 116 162 54 132 69 0 15
5 172 176 84 126 56 138 62 95 197 113 0 23
6 192 175 53 95 126 80 71 62 100 74 0 30
3 107 142 61 87 123 64 48 169 177 94 0 13
7 102 41 56 154 41 76 179 89 41 57 0 35
10 55 78 63 121 92 53 136 158 146 52 0 50
3 108 92 101 68 92 131 48 169 191 82 0 13
6 194 153 66 181 191 67 84 181 66 115 0 30
9 75 116 49 104 71 148 78 88 111 80 0 41
5 185 171 197 59 96 199 43 122 94 114 0 23
6 76 149 152 127 48 51 127 133 128 62 0 30
8 163 167 104 173 78 71 140 115 169 46 0 37
5 50 174 151 59 55 106 132 197 198 172 0 21
6 64 136 77 121 94 185 87 116 157 190 0 27
9 194 102 170 60 79 185 105 42 110 46 0 42
3 44 124 83 180 54 54 119 124 73 142 0 12
7 168 179 164 187 115 82 57 186 128 65 0 32
7 48 122 43 104 74 180 90 171 151 133 0 35
4 192 122 77 70 110 58 146 167 124 80 0 18
5 139 173 165 54 124 180 52 93 136 146 0 24
7 43 122 142 175 97 167 83 115 41 155 0 35
3 173 152 139 173 125 71 111 165 124 79 0 14
4 108 126 63 169 42 131 63 160 168 126 0 20
10 180 168 194 163 184 54 46 177 197 130 0 50
7 198 79 139 151 151 162 101 40 194 41 0 32
5 92 142 138 110 114 135 195 152 177 129 0 23
9 178 78 186 47 183 195 83 102 179 56 0 45
6 156 171 84 44 181 172 117 70 187 197 0 29
6 136 86 46 173 141 139 181 43 54 140 0 30
5 178 112 140 76 88 51 173 60 143 173 0 25
5 65 169 61 185 49 143 95 155 137 177 0 24
7 94 154 183 70 130 183 196 156 40 100 0 35
6 188 146 184 159 112 42 105 168 52 154 0 26
3 186 50 133 54 82 195 99 153 106 56 0 13
10 169 144 130 142 92 152 74 100 44 80 0 48
7 120 198 179 150 165 90 198 120 100 69 0 35
10 196 167 127 46 111 134 64 88 125 56 0 47
4 146 137 183 199 116 163 174 159 160 158 0 19
10 74 184 148 62 132 127 110 107 184 103 0 48
5 55 146 145 45 111 111 68 42 192 92 0 24
7 195 87 53 122 61 164 130 51 103 124 0 32
5 185 189 51 84 66 77 90 100 137 63 0 21
5 116 165 104 112 106 95 104 98 185 101 0 24
3 167 178 140 150 149 60 43 50 66 76 0 14
10 61 146 110 92 84 138 192 52 86 49 0 48
6 167 150 82 125 181 136 107 144 188 99 0 30
7 179 169 123 187 197 125 169 110 112 48 0 33
5 140 150 43 131 104 153 58 95 155 135 0 25
6 145 199 46 124 114 95 113 166 181 127 0 26
3 50 182 129 71 47 87 70 162 147 177 0 14
7 180 131 143 85 197 87 74 138 66 149 0 34
4 125 141 179 171 120 149 197 106 50 117 0 20
10 46 63 80 177 111 90 132 185 108 116 0 47
8 142 77 92 115 54 116 131 70 150 98 0 36
10 58 145 137 176 80 109 86 97 175 121 0 48
4 113 150 186 84 185 170 188 82 99 57 0 16
9 136 136 73 86 101 103 180 199 196 44 0 45
6 46 157 77 150 144 113 80 93 104 160 0 26
10 148 102 165 41 158 163 92 56 96 47 0 46
3 189 173 120 91 153 176 158 128 71 123 0 12
5 94 125 165 115 124 170 53 178 61 55 0 23
7 187 135 170 56 180 176 122 131 96 122 0 35
4 192 174 56 80 150 81 192 100 53 114 0 18
5 144 156 189 78 104 95 142 47 165 99 0 22
3 85 197 173 55 147 191 71 100 131 104 0 12
8 45 82 96 158 185 175 125 126 67 66 0 40
6 145 155 143 97 84 76 118 56 171 54 0 28
9 128 92 70 115 187 165 116 98 48 161 0 44
7 60 120 171 112 97 122 138 197 59 184 0 32
9 120 113 154 111 144 175 171 189 94 98 0 42
3 114 50 116 132 100 173 56 48 42 170 0 14
7 148 168 50 94 153 62 123 128 40 52 0 32
5 53 67 140 181 114 59 119 110 158 160 0 21
9 42 69 82 98 149 93 84 149 191 63 0 41
5 179 117 179 104 61 71 88 118 106 154 0 21
4 153 154 165 80 123 79 120 167 132 149 0 17
4 95 84 62 116 131 176 153 73 166 105 0 18
7 140 148 192 104 144 176 81 81 56 97 0 35
10 132 134 118 119 168 90 140 197 50 95 0 50
4 90 178 131 97 185 65 181 86 180 66 0 19
10 166 49 59 190 197 43 159 159 100 121 0 47
7 80 76 68 78 146 126 79 106 138 148 0 32
7 53 193 188 93 146 183 165 161 157 175 0 32
10 196 89 49 199 78 171 66 107 122 88 0 47
8 136 104 115 143 48 153 174 178 129 147 0 38
4 70 82 107 124 104 102 113 184 97 114 0 18
9 42 169 129 102 183 90 197 153 78 118 0 43
5 136 188 143 127 61 129 141 162 42 70 0 23
8 66 77 190 142 70 93 108 95 104 104 0 39
5 59 121 95 66 45 52 186 157 167 52 0 21
3 116 191 194 51 82 105 104 136 54 62 0 11
10 45 98 133 196 112 97 46 63 82 134 0 50
6 184 133 67 118 130 105 119 53 110 160 0 30
4 93 94 101 195 197 60 49 159 136 199 0 17
8 87 174 194 54 138 145 83 189 102 144 0 40
7 162 195 89 171 195 159 105 86 100 198 0 33
3 72 91 184 71 56 91 46 50 84 100 0 13
10 129 125 55 191 137 192 54 177 169 133 0 48
10 73 75 74 161 167 46 107 157 72 130 0 49
8 145 163 74 93 91 185 110 96 151 191 0 39
6 95 80 95 106 88 50 152 150 73 169 0 29
3 53 119 132 93 76 64 78 59 123 158 0 12
10 46 116 159 60 146 64 81 199 75 134 0 49
10 53 118 131 89 53 140 86 106 103 40 0 49
5 54 43 137 47 50 174 169 150 60 75 0 23
4 45 125 76 138 148 144 46 49 72 49 0 17
10 50 66 168 66 130 165 105 43 81 166 0 49
10 171 112 124 68 148 62 92 178 115 72 0 46
5 188 87 170 122 127 114 140 126 41 89 0 25
8 62 59 45 189 68 187 191 68 78 161 0 40
7 167 67 108 58 118 140 114 143 73 120 0 33
8 123 155 116 69 47 72 195 165 142 77 0 36
6 71 44 74 84 86 145 123 98 63 193 0 28
10 121 190 70 150 50 168 169 126 163 137 0 47
4 139 49 178 109 55 78 67 159 52 122 0 19
4 161 88 96 58 197 180 121 107 67 43 0 20
9 169 57 102 90 123 157 182 144 50 169 0 41
10 131 157 175 84 181 58 53 94 184 101 0 47
6 165 96 169 140 161 150 136 126 168 92 0 29
6 90 80 173 51 51 130 171 90 46 42 0 26
5 150 103 146 139 94 51 69 131 91 110 0 23
10 62 187 161 57 150 56 80 121 132 60 0 50
6 174 52 126 166 183 195 132 100 92 115 0 27
5 143 107 139 149 156 185 161 97 116 171 0 23
5 70 176 192 52 40 146 59 151 102 86 0 24
7 108 150 159 115 75 182 166 150 124 112 0 31
9 190 47 159 88 139 137 153 47 172 126 0 43
10 104 159 161 177 76 179 111 100 192 76 0 50
5 120 170 147 176 42 101 177 165 67 106 0 23
5 116 69 165 117 58 126 56 198 151 62 0 24
3 144 89 61 150 142 105 181 77 196 89 0 12
9 99 59 95 84 154 124 92 119 171 152 0 45
3 126 174 90 179 156 189 56 117 172 96 0 11
8 56 41 119 118 151 183 137 158 178 178 0 36
6 106 191 160 99 89 72 155 122 86 131 0 26
9 62 62 56 127 76 200 160 158 75 91 0 42
8 100 161 42 48 157 177 157 68 56 112 0 39
3 41 107 42 163 128 134 147 80 110 64 0 15
2 149 196 120 183 197 179 97 194 89 96 0 10
7 51 48 178 177 134 69 102 130 48 94 0 33
6 101 87 120 126 131 176 141 94 67 50 0 28
9 181 123 40 128 153 179 42 84 48 56 0 41
5 46 182 83 193 184 111 65 121 72 54 0 23
4 89 90 113 160 116 139 100 86 74 110 0 18
4 72 78 60 79 176 88 47 148 94 156 0 20
8 99 187 47 54 46 114 54 117 169 132 0 36
8 81 109 98 148 179 70 100 95 134 55 0 36
5 101 86 165 122 141 126 80 118 49 159 0 25
8 155 89 170 140 105 44 169 67 171 97 0 36
10 187 94 108 187 54 124 151 44 146 76 0 47
3 118 183 66 61 96 197 117 161 100 92 0 11
6 173 43 111 167 130 74 199 171 186 87 0 26
10 90 52 147 198 165 167 102 123 129 154 0 50
10 182 170 127 134 57 126 120 47 61 130 0 49
3 83 47 179 69 90 75 96 45 81 61 0 12
3 85 181 150 190 114 64 177 175 64 66 0 14
4 186 103 58 135 162 185 174 115 76 125 0 20
4 51 109 186 89 128 120 87 90 66 187 0 19
7 75 187 189 166 62 80 147 72 157 45 0 34
5 98 195 138 55 161 155 157 86 96 123 0 22
4 176 185 198 149 84 82 124 94 140 50 0 17
10 191 77 76 50 162 177 189 48 57 172 0 46
4 130 41 67 82 74 142 84 198 135 129 0 18
5 150 111 43 173 169 44 150 148 111 59 0 24
7 150 96 198 80 154 60 180 184 114 94 0 33
7 106 109 120 192 198 66 110 49 194 138 0 34
5 59 44 115 66 60 139 199 136 65 140 0 24
9 103 157 150 103 68 80 85 199 89 189 0 43
9 147 196 65 54 95 70 148 181 54 133 0 45
9 193 143 136 47 65 192 144 63 65 197 0 45
9 98 113 160 191 112 159 146 74 118 151 0 45
8 140 124 126 112 104 49 179 129 46 195 0 40
7 99 100 122 48 92 136 130 51 117 181 0 33
7 64 49 64 102 165 84 60 56 127 148 0 34
10 171 69 129 150 142 166 55 110 130 142 0 47
6 158 112 185 187 94 42 154 92 134 60 0 29
5 196 57 168 197 172 69 132 63 183 169 0 25
3 169 66 47 129 138 100 167 139 100 138 0 11
8 100 183 108 173 159 103 153 155 48 135 0 37
4 151 114 167 185 44 141 199 198 170 115 0 20
4 67 96 72 150 48 134 71 75 121 62 0 20
4 61 93 186 127 44 195 177 188 196 177 0 18
4 52 161 105 164 54 155 78 171 76 87 0 20
8 122 164 150 110 186 190 157 93 127 139 0 37
10 119 80 183 131 144 184 136 95 71 124 0 50
6 100 192 186 53 118 163 123 199 174 199 0 27
8 93 109 106 117 107 140 148 191 180 112 0 37
6 61 173 178 110 189 78 145 148 137 162 0 27
7 132 58 57 68 111 161 150 175 40 192 0 32
3 67 101 98 167 71 151 48 95 118 82 0 14
5 180 167 142 193 151 67 46 75 152 118 0 22
7 58 155 120 84 122 171 102 111 68 157 0 34
3 170 177 46 90 137 73 103 136 72 105 0 15
3 125 91 70 55 139 65 174 114 104 47 0 12
7 88 87 99 42 183 160 111 52 129 106 0 33
6 110 54 123 164 46 101 137 100 56 139 0 27
5 175 128 200 101 165 50 183 83 52 78 0 21
5 165 58 148 161 152 189 93 200 96 177 0 22
8 134 161 117 48 55 128 153 78 67 51 0 36
6 136 191 67 163 134 135 123 106 178 165 0 30
7 100 68 180 86 186 173 96 171 183 115 0 35
6 92 86 161 180 141 144 71 106 141 188 0 30
6 50 88 167 99 154 105 175 62 164 155 0 28
3 80 190 133 142 136 110 186 194 56 115 0 15
5 170 99 163 148 75 142 79 55 180 89 0 23
8 168 131 77 175 44 181 70 189 193 171 0 36
9 56 81 128 141 126 114 114 40 58 189 0 43
5 178 148 152 126 65 109 85 192 146 132 0 22
8 47 197 173 124 153 53 56 146 65 178 0 37
9 88 192 46 72 105 163 103 66 176 49 0 41
7 62 117 60 89 65 173 155 191 54 166 0 31
5 96 166 47 92 120 48 110 55 199 80 0 25
8 121 139 92 73 63 165 177 57 46 102 0 38
6 41 72 173 158 114 153 173 200 174 122 0 28
8 154 157 131 152 51 142 56 84 178 84 0 38
9 116 184 128 64 49 62 50 161 51 40 0 41
4 160 74 136 64 49 164 196 81 167 187 0 16
6 138 191 72 56 100 174 75 126 120 177 0 27
3 161 190 191 82 151 149 134 175 44 178 0 13
6 56 157 184 128 53 194 72 130 98 133 0 27
4 94 107 79 115 68 85 124 138 85 181 0 18
4 136 108 181 62 91 118 199 43 196 73 0 20
8 169 54 122 85 88 160 104 151 114 41 0 36
6 48 198 191 163 96 66 139 136 138 71 0 29
7 171 144 133 146 179 173 143 62 98 86 0 34
5 120 114 195 69 112 59 167 74 78 73 0 25
4 190 169 106 155 92 177 195 142 99 136 0 17
9 166 55 156 92 58 60 167 73 106 83 0 45
8 118 109 43 98 119 86 80 93 128 129 0 38
5 184 145 90 92 102 161 62 162 94 109 0 23
8 142 48 41 70 96 148 186 90 162 85 0 37
4 167 162 131 78 52 42 173 48 98 130 0 18
6 48 115 148 198 78 89 61 144 134 105 0 30
7 46 58 122 48 153 142 109 77 164 84 0 35
9 144 155 58 115 153 106 56 41 175 158 0 42
10 128 128 150 88 89 128 66 48 146 108 0 47
8 78 114 61 80 177 153 130 72 200 102 0 37
6 125 88 163 128 127 48 81 123 140 114 0 29
8 81 40 151 158 104 141 175 195 54 130 0 38
7 175 111 175 162 108 85 104 151 140 112 0 33
5 64 192 146 113 165 139 172 81 179 153 0 22
9 71 77 196 125 128 155 147 58 177 116 0 42
6 181 52 193 135 136 122 78 196 138 69 0 30
5 44 44 68 178 52 116 95 46 170 143 0 21
4 187 107 113 169 127 140 116 156 142 57 0 19
5 123 171 69 174 195 137 150 56 96 46 0 22
8 91 187 162 195 150 166 64 118 46 114 0 36
3 82 46 102 167 120 60 47 116 50 92 0 13
6 78 63 148 153 191 51 119 138 147 69 0 30
6 82 139 86 95 87 166 166 97 69 179 0 26
6 192 60 123 88 74 77 200 44 135 60 0 27
6 59 53 142 170 87 195 54 192 82 82 0 27
5 171 116 189 94 179 64 132 107 121 85 0 24
5 58 53 159 195 163 166 194 126 146 145 0 22
9 43 79 165 70 179 161 100 136 173 122 0 42
5 107 184 150 68 75 104 151 195 173 86 0 22
7 62 167 167 123 118 117 85 113 185 146 0 35
6 66 178 49 183 195 64 66 183 60 150 0 26
3 52 48 169 47 85 42 189 186 76 132 0 15
6 102 165 62 41 180 191 68 172 50 182 0 29
7 94 130 125 200 193 62 75 164 164 152 0 31
4 118 155 84 101 177 102 110 55 141 144 0 16
6 155 172 92 60 134 165 57 109 151 185 0 29
10 54 106 138 45 124 114 138 182 77 150 0 46
8 130 61 197 74 188 108 78 94 149 159 0 39
4 191 122 49 193 95 68 122 179 133 111 0 18
9 187 92 161 111 106 78 56 113 78 164 0 41
9 180 104 66 112 196 172 75 110 195 165 0 42
10 56 76 148 181 109 108 180 67 139 191 0 48
10 149 150 141 138 122 159 93 99 97 135 0 50
6 104 171 89 163 70 64 173 119 153 165 0 28
7 78 152 112 146 89 75 141 139 68 68 0 34
7 63 161 144 113 84 50 71 70 42 89 0 31
3 95 118 112 189 109 187 88 192 112 180 0 12
4 86 149 116 155 111 92 95 136 53 169 0 17
4 159 101 129 66 138 187 181 70 89 116 0 16
5 74 158 47 195 53 66 108 199 104 136 0 25
7 142 192 50 122 46 86 128 197 45 41 0 33
7 148 150 115 80 128 43 62 51 116 84 0 33
10 69 40 140 70 161 166 58 147 148 153 0 50
9 146 127 185 71 173 122 41 68 96 42 0 44
9 163 66 161 81 88 170 149 97 170 143 0 41
5 181 130 84 170 62 72 183 138 87 146 0 22
7 130 196 83 107 61 87 162 42 169 81 0 33
5 191 46 147 52 112 82 46 148 97 110 0 22
3 68 117 99 69 123 199 92 114 120 167 0 13
6 177 128 61 106 48 54 186 161 66 103 0 30
10 70 175 73 138 183 194 82 118 71 44 0 47
8 58 74 150 169 96 141 78 173 63 136 0 39
5 116 120 80 82 163 40 163 62 163 42 0 25
3 68 148 180 85 78 136 124 140 199 81 0 14
2 41 84 144 115 192 89 85 150 57 102 0 10
9 74 119 187 136 161 197 95 130 131 133 0 45
7 197 42 41 92 84 139 94 105 157 135 0 35
6 67 128 195 76 146 73 116 62 116 152 0 30
5 89 175 134 172 135 125 112 160 184 167 0 24
5 161 106 86 66 68 126 86 60 183 58 0 23
8 159 184 191 185 194 169 56 139 149 142 0 40
7 107 64 142 153 180 89 94 40 122 184 0 35
9 58 82 183 101 55 147 100 157 115 133 0 42
9 143 163 141 134 160 86 163 107 193 189 0 45
7 151 76 67 163 69 49 74 72 177 102 0 32
3 109 109 58 159 52 169 89 171 100 145 0 12
3 189 140 99 40 180 96 86 144 197 171 0 14
6 151 192 186 132 148 140 155 62 56 132 0 26
3 88 137 105 164 43 71 115 52 109 112 0 14
9 182 189 177 81 186 155 136 98 70 128 0 42
3 130 168 122 160 171 86 146 106 66 83 0 13
8 144 142 146 82 64 52 88 125 154 107 0 36
9 42 101 160 48 132 171 78 70 87 49 0 41
5 47 105 197 181 152 55 169 181 62 108 0 25
3 106 114 118 54 112 140 198 117 50 114 0 12
3 175 98 169 55 79 94 155 160 153 114 0 15
7 87 119 51 56 66 48 60 110 133 181 0 33
9 186 181 67 47 174 143 98 195 120 183 0 44
8 186 155 167 87 120 160 72 187 139 127 0 39
9 131 61 174 184 75 120 151 92 196 100 0 44
7 85 177 189 175 191 167 183 113 76 58 0 34
4 177 135 110 80 159 41 169 159 189 189 0 18
10 80 76 163 195 102 187 57 183 186 66 0 47
5 196 109 84 85 155 187 128 52 146 110 0 22
3 145 63 95 161 154 93 112 166 166 143 0 11
9 56 102 80 192 148 164 101 115 143 161 0 43
5 131 112 42 153 70 95 92 112 116 114 0 23
4 136 195 84 48 42 56 117 193 71 69 0 19
8 41 186 120 100 104 119 121 60 149 160 0 38
9 52 122 186 142 123 192 101 64 141 48 0 45
5 190 139 166 63 111 113 97 105 172 94 0 24
5 97 179 66 188 122 82 189 183 105 96 0 23
9 136 83 118 102 96 195 147 53 64 156 0 41
7 72 134 102 179 116 186 155 84 78 185 0 33
5 68 55 107 134 60 183 85 119 96 112 0 21
8 88 164 124 184 166 160 64 155 155 169 0 39
5 132 143 56 197 85 131 51 42 52 195 0 22
4 165 152 117 45 185 195 55 153 58 184 0 20
7 52 122 177 177 85 52 72 147 143 78 0 33
3 86 132 183 77 42 163 92 160 197 94 0 15
3 41 45 112 100 124 69 199 74 78 92 0 13
8 53 158 157 138 137 42 81 180 115 102 0 38
9 43 66 136 158 197 147 47 162 153 84 0 42
9 48 156 47 48 174 45 157 180 87 182 0 41
6 128 84 80 82 112 166 102 98 173 98 0 27
8 155 164 80 197 198 149 80 175 187 49 0 39
10 54 167 170 158 170 91 118 191 159 118 0 50
10 173 147 145 46 103 117 190 181 48 167 0 47
8 138 122 142 78 91 197 199 179 128 130 0 39
10 41 66 199 158 157 106 183 53 100 78 0 48
6 150 44 56 158 115 141 103 118 71 133 0 29
4 151 110 112 47 96 191 82 118 170 131 0 16
3 176 102 125 123 154 114 100 132 123 137 0 14
5 53 199 193 185 123 163 91 167 92 129 0 25
7 141 70 181 92 85 124 162 62 48 180 0 34
7 101 199 166 100 93 78 93 99 42 111 0 31
9 122 105 72 68 73 145 107 59 155 44 0 45
10 189 133 129 146 95 164 54 95 83 189 0 50
8 96 175 161 74 148 178 167 180 143 118 0 38
6 157 131 192 154 140 46 146 82 68 161 0 26
9 58 58 51 83 142 49 110 82 151 195 0 45
10 90 97 81 48 68 108 44 117 188 64 0 50
3 163 70 146 52 85 195 90 86 162 151 0 12
3 118 120 100 54 175 137 175 133 138 103 0 13
6 85 50 188 41 41 67 151 119 138 180 0 26
9 49 124 181 60 160 140 97 51 46 183 0 44
9 138 63 173 123 64 48 77 81 120 133 0 44
6 196 141 127 65 142 113 163 67 146 134 0 30
6 184 91 155 132 51 143 47 78 110 98 0 30
4 175 138 110 197 114 123 88 76 160 93 0 20
8 52 117 184 56 78 96 132 74 139 109 0 40
6 190 45 48 119 52 169 169 106 101 118 0 27
8 49 70 68 159 112 164 104 72 78 75 0 40
8 71 166 192 123 130 120 193 177 52 82 0 40
5 108 136 116 140 106 86 131 143 62 45 0 25
7 173 151 139 50 176 140 139 128 179 158 0 34
3 132 142 58 50 102 48 54 104 86 112 0 11
7 199 129 154 49 155 189 98 45 173 194 0 32
8 151 106 195 154 53 144 47 183 108 190 0 36
9 182 153 62 121 114 144 68 126 197 63 0 42
8 43 167 181 94 155 174 170 63 65 134 0 37
8 179 162 113 114 192 175 49 103 56 62 0 36
5 193 154 192 132 85 111 145 44 131 82 0 22
2 60 75 154 52 52 56 46 127 74 88 0 10
6 168 67 51 191 129 103 150 190 166 170 0 26
3 102 192 185 68 137 112 72 70 95 165 0 14
7 138 163 153 63 181 45 105 126 158 86 0 31
2 80 188 56 40 162 69 91 140 77 133 0 10
8 114 162 122 126 69 67 184 122 85 146 0 36
6 76 190 52 176 55 171 125 42 100 119 0 30
9 173 159 167 114 174 49 145 129 127 197 0 45
3 175 42 161 45 132 60 196 192 140 167 0 11
9 102 183 179 95 174 129 58 157 86 138 0 42
3 55 51 192 177 158 187 172 64 99 178 0 13
3 165 122 86 61 193 60 40 127 48 190 0 12
8 94 90 169 122 91 126 86 164 179 171 0 39
5 150 63 134 53 84 114 122 198 139 72 0 23
10 101 197 131 96 59 125 190 71 116 173 0 50
3 64 130 118 104 71 187 113 48 94 130 0 14
5 167 195 129 84 143 165 151 77 114 60 0 23
10 99 199 59 49 175 47 54 144 137 164 0 46
7 172 145 90 90 86 66 156 133 184 193 0 32
7 52 84 75 124 54 78 193 49 43 122 0 35
6 114 101 156 90 120 141 168 150 53 149 0 30
8 81 160 89 147 137 193 49 146 186 113 0 36
10 196 196 197 100 173 178 95 76 68 58 0 47
9 69 67 131 153 124 85 165 98 60 196 0 42
10 178 91 108 127 68 112 106 169 106 109 0 47
6 127 177 190 118 40 173 154 96 131 58 0 27
4 88 63 56 182 80 65 172 65 184 144 0 18
4 136 56 104 196 108 56 106 155 134 91 0 16
10 153 43 89 169 144 161 72 54 182 184 0 50
7 196 166 81 169 183 96 49 79 49 61 0 31
9 75 148 188 46 148 172 124 127 82 146 0 45
4 110 199 72 137 103 126 140 120 89 155 0 20
3 131 192 158 124 141 76 94 135 122 69 0 13
9 152 168 134 167 50 153 63 120 45 106 0 45
3 158 150 135 126 146 158 140 91 76 161 0 12
4 179 108 118 176 151 123 93 157 192 174 0 17
9 123 199 106 148 128 74 158 54 66 141 0 45
2 71 87 133 111 44 153 87 197 177 156 0 10
6 67 63 94 102 136 85 123 177 138 180 0 29
10 122 187 50 98 158 50 82 96 190 133 0 48
7 120 147 66 69 138 163 124 167 135 169 0 35
7 170 113 91 86 102 185 178 96 53 188 0 33
3 183 64 169 118 73 92 56 196 76 144 0 13
10 178 132 163 65 85 179 102 161 143 144 0 47
2 109 112 130 115 187 96 189 179 102 51 0 10
10 100 118 138 177 182 161 99 146 193 64 0 50
5 77 68 115 176 145 42 97 187 67 101 0 21
9 83 183 95 193 85 92 54 58 116 105 0 42
6 129 43 85 92 158 180 155 126 168 137 0 26
2 113 98 90 42 118 179 88 46 145 126 0 10
9 94 183 57 166 148 124 174 151 140 101 0 44
3 91 101 141 193 98 62 80 136 88 158 0 12
5 114 129 137 170 192 189 169 148 83 108 0 23
9 154 48 100 192 175 138 184 104 93 66 0 44
5 140 58 48 156 185 95 58 68 64 124 0 21
7 156 52 134 57 139 108 90 125 185 165 0 34
9 92 132 100 166 79 188 136 189 150 106 0 43
8 125 110 189 59 124 127 81 190 147 197 0 37
5 88 161 187 158 164 140 161 40 174 158 0 22
6 142 90 122 197 171 137 150 59 100 87 0 27
10 183 118 93 57 167 156 124 108 182 111 0 46
9 137 187 181 139 165 195 165 130 179 176 0 45
3 106 64 144 129 169 102 150 96 41 141 0 14
7 71 160 109 70 60 197 76 51 188 193 0 35
8 163 130 77 53 86 72 147 82 114 117 0 40
6 181 122 195 97 199 165 162 149 99 132 0 30
7 197 84 56 105 74 64 95 49 182 81 0 35
3 164 161 52 158 84 132 158 44 100 68 0 12
7 134 83 108 158 78 104 121 151 119 180 0 32
6 112 177 80 196 187 189 127 87 167 82 0 26
10 198 42 191 82 75 175 171 82 182 142 0 48
8 174 46 182 94 90 157 60 185 124 93 0 40
6 68 50 168 162 118 80 131 112 76 139 0 27
10 113 102 68 110 178 89 148 40 54 181 0 47
10 96 41 95 65 200 54 112 173 110 129 0 49
7 114 164 62 108 40 81 88 129 99 168 0 32
3 58 154 159 54 91 186 188 41 54 117 0 14
7 160 170 197 200 54 167 174 120 136 66 0 32
8 103 115 140 42 145 120 131 135 135 70 0 36
7 162 177 169 51 181 156 152 107 99 115 0 34
5 140 168 186 172 139 120 183 136 181 54 0 25
5 82 145 181 172 173 84 86 115 94 133 0 25
6 69 50 150 52 118 45 173 134 131 162 0 28
5 186 147 69 85 113 151 86 175 123 112 0 21
7 169 90 63 181 46 147 136 51 105 154 0 32
9 44 96 184 188 98 120 195 90 120 53 0 45
10 144 41 111 102 56 65 173 40 166 174 0 47
10 156 195 172 181 167 148 54 52 65 198 0 48
8 196 44 51 152 52 117 65 157 46 90 0 37
5 62 68 41 142 45 75 92 143 62 198 0 22
9 45 86 60 70 157 189 71 199 152 103 0 44
10 92 41 65 143 193 104 80 185 172 146 0 46
5 189 193 174 179 119 148 66 120 68 169 0 24
3 171 194 151 109 88 126 112 188 174 142 0 11
3 142 193 84 196 149 105 116 112 144 142 0 15
3 46 173 171 72 52 94 100 108 126 61 0 12
10 153 110 102 89 132 190 115 72 146 110 0 49
9 166 127 56 148 72 193 85 84 66 110 0 45
4 126 94 69 186 49 62 171 40 144 173 0 16
6 131 191 123 167 106 76 148 170 105 175 0 29
5 162 154 84 116 108 87 101 116 110 98 0 23
7 118 103 76 167 137 61 52 91 151 117 0 33
3 192 106 55 100 179 193 124 75 181 59 0 13
10 159 70 166 166 140 78 66 151 74 151 0 48
6 90 65 91 184 66 85 84 116 55 135 0 26
4 185 102 151 167 69 173 152 73 164 191 0 17
4 113 150 104 55 48 190 41 63 167 138 0 20
6 60 115 89 92 106 174 120 42 98 127 0 29
9 74 115 165 134 167 119 106 107 181 173 0 42
9 159 68 149 103 105 65 53 109 189 108 0 45
4 49 138 96 125 97 73 197 195 181 140 0 19
4 105 109 124 94 45 146 147 100 87 96 0 17
5 171 187 71 146 181 103 102 169 41 183 0 21
10 181 137 182 119 122 83 73 123 188 114 0 48
4 48 180 185 112 190 183 114 66 73 140 0 20
10 183 144 124 84 157 124 125 119 80 138 0 48
7 157 78 177 150 83 149 144 197 135 151 0 32
3 83 87 70 168 185 180 96 44 189 176 0 13
6 141 122 46 94 80 72 135 184 102 106 0 27
6 112 54 48 200 165 163 69 198 100 107 0 26
5 125 80 114 155 199 95 98 92 191 132 0 25
5 158 178 181 83 58 135 50 136 114 129 0 22
6 77 69 127 174 75 88 57 108 74 124 0 27
4 107 151 122 51 161 193 78 72 147 184 0 19
8 133 164 138 154 46 70 105 51 114 142 0 38
7 188 150 82 138 99 167 126 60 182 77 0 33
6 62 87 172 67 123 60 153 102 120 80 0 28
4 189 138 83 197 165 49 134 167 157 184 0 20
7 173 126 105 176 121 167 80 121 56 108 0 34
3 144 111 108 190 75 87 165 98 167 175 0 11
5 96 155 118 88 193 71 129 183 150 179 0 23
7 156 186 81 177 118 127 158 187 62 40 0 33
3 138 101 48 54 65 187 164 139 186 67 0 15
4 92 98 109 130 88 151 74 83 40 104 0 17
3 45 62 142 112 49 130 62 172 51 135 0 14
4 101 139 115 71 114 51 73 40 142 143 0 16
7 82 116 137 141 165 56 74 110 118 87 0 34
2 155 48 71 165 91 56 183 143 47 63 0 10
2 161 167 104 45 168 143 151 149 168 52 0 10
4 132 167 111 161 78 79 136 181 47 171 0 18
7 79 181 120 138 42 98 79 187 198 186 0 35
3 64 189 68 184 68 112 88 171 56 132 0 13
4 114 98 76 51 130 184 106 199 170 165 0 17
6 93 168 143 68 73 108 168 97 108 187 0 28
9 174 152 82 167 89 152 122 194 165 150 0 44
3 135 84 194 126 133 125 42 140 190 45 0 14
10 187 84 73 176 154 106 78 155 130 159 0 46
10 164 140 184 89 163 144 130 68 80 118 0 47
6 91 121 74 153 171 48 57 140 156 155 0 29
8 64 123 140 173 59 154 94 177 114 140 0 38
4 158 96 181 41 98 195 104 58 120 126 0 18
10 48 81 44 50 85 68 48 111 65 66 0 48
5 124 110 146 118 173 62 153 110 54 108 0 25
9 90 121 200 126 141 77 146 131 142 155 0 41
3 94 114 66 193 79 102 136 195 179 128 0 14
3 47 129 58 134 119 146 133 183 197 133 0 12
10 92 180 71 165 134 136 148 194 179 73 0 50
3 190 161 137 84 79 91 129 50 91 154 0 11
4 119 180 169 171 40 163 114 75 149 159 0 19
8 50 58 198 198 197 123 187 116 180 100 0 36
5 83 164 53 184 80 94 112 116 146 64 0 21
10 180 149 142 96 53 112 98 188 189 59 0 46
4 173 87 100 169 76 140 109 48 123 192 0 20
9 102 102 153 152 63 172 80 133 148 93 0 41
7 198 63 149 72 144 103 192 136 195 70 0 35
5 42 153 187 188 173 160 150 144 163 84 0 24
6 112 125 172 194 131 120 140 121 181 146 0 27
7 151 102 179 187 116 195 128 131 94 75 0 34
5 116 119 85 89 197 47 131 133 146 67 0 21
3 56 73 112 185 190 159 151 177 199 123 0 14
4 85 116 157 67 153 196 149 65 96 59 0 19
9 58 167 100 83 144 126 69 131 161 117 0 42
8 137 110 135 126 158 147 51 173 80 143 0 39
3 130 120 111 66 40 163 134 157 89 148 0 12
6 117 126 200 163 100 86 190 148 199 146 0 30
6 78 165 75 149 58 88 131 104 146 99 0 28
5 70 168 196 181 183 53 50 136 187 126 0 22
8 44 95 165 42 87 128 143 112 74 78 0 39
5 131 199 126 58 186 114 130 67 78 113 0 22
6 41 117 167 83 74 175 132 66 131 72 0 30
9 187 178 165 171 130 83 113 46 120 172 0 42
9 175 66 100 163 96 158 62 187 160 95 0 45
6 79 133 197 170 192 81 40 94 185 189 0 27
9 191 198 78 132 170 59 144 91 188 191 0 42
3 97 72 180 146 75 172 51 96 60 99 0 15
10 60 65 42 148 94 147 122 134 101 120 0 50
4 64 143 185 56 106 198 177 97 192 110 0 16
5 79 54 63 159 127 108 160 133 68 91 0 22
6 197 112 82 123 144 84 118 110 82 185 0 29
3 54 183 186 144 172 49 154 52 80 122 0 13
3 88 163 149 159 63 135 189 146 186 62 0 13
5 74 77 191 168 147 185 142 93 108 170 0 25
5 163 58 73 96 56 42 136 43 74 176 0 23
6 49 124 113 119 112 138 132 56 154 64 0 28
8 66 114 99 73 93 157 98 43 52 104 0 40
9 44 142 50 199 67 135 82 181 98 111 0 41
3 144 99 151 152 160 160 52 78 121 121 0 12
3 81 44 192 64 113 94 162 58 45 104 0 12
6 189 144 63 100 137 93 142 163 82 74 0 26
3 134 46 188 157 62 164 145 127 139 116 0 12
4 54 157 72 184 128 75 170 48 46 86 0 16
7 58 48 182 122 157 94 71 132 174 122 0 35
3 171 169 176 54 109 98 104 167 155 171 0 12
4 148 164 150 100 162 118 83 185 101 177 0 18
4 185 65 178 189 88 104 153 55 116 173 0 17
3 58 67 124 135 92 105 88 40 52 62 0 11
6 61 144 113 100 114 180 132 66 54 116 0 26
5 58 86 62 158 85 164 195 193 162 102 0 25
6 107 153 147 129 91 78 190 146 88 161 0 27
10 68 84 92 65 74 168 98 185 115 199 0 47
10 116 113 146 54 155 89 98 81 74 163 0 47
5 181 54 113 119 40 61 185 109 155 146 0 22
4 173 192 51 46 169 87 123 167 43 111 0 17
6 118 126 106 66 98 150 110 106 102 86 0 29
4 97 83 190 134 54 167 132 153 101 57 0 20
3 85 193 47 177 114 56 118 185 172 172 0 15
6 100 116 137 143 181 192 139 119 154 149 0 27
3 166 179 47 142 165 152 195 181 65 165 0 13
10 73 40 174 199 155 114 58 47 165 102 0 46
9 122 72 112 95 138 56 179 172 187 172 0 42
8 72 44 52 114 106 139 78 89 79 72 0 36
3 111 80 62 142 189 69 197 77 189 131 0 15
7 112 55 87 166 170 132 105 64 112 154 0 32
8 74 86 80 163 69 171 62 48 127 126 0 38
7 97 179 140 75 189 193 128 143 141 84 0 33
5 40 61 118 111 167 70 60 198 51 82 0 25
8 150 92 75 166 141 120 188 52 42 105 0 38
8 83 184 58 192 67 122 142 126 53 195 0 39
10 119 73 52 178 130 165 132 99 161 153 0 46
4 117 42 51 142 170 163 84 177 52 159 0 18
9 179 92 60 169 48 80 143 151 143 106 0 42
7 174 142 158 138 176 78 134 48 125 160 0 35
10 76 186 169 124 64 98 87 161 185 84 0 47
3 100 79 80 154 183 196 182 100 140 140 0 15
7 128 55 114 45 116 151 134 80 69 153 0 32
10 128 66 194 61 131 191 82 130 40 116 0 49
6 148 57 189 169 148 49 139 59 187 42 0 26
7 99 91 44 72 162 152 194 148 83 141 0 33
9 55 122 154 173 121 196 157 43 44 80 0 45
7 191 150 116 190 116 76 42 49 69 188 0 31
8 145 199 170 139 101 107 142 150 52 50 0 39
8 66 182 42 150 73 138 140 128 142 174 0 38
4 140 187 57 144 76 75 89 78 189 110 0 18
6 58 160 187 171 162 195 61 49 158 74 0 30
10 144 63 173 148 116 198 125 105 40 50 0 50
7 88 178 94 151 112 131 179 108 170 157 0 33
5 189 100 133 191 96 150 126 163 145 153 0 25
10 146 64 66 100 103 81 153 162 119 132 0 46
3 179 162 52 161 151 101 54 138 83 76 0 15
4 109 101 58 100 138 71 117 81 161 120 0 19
10 131 119 76 159 171 169 143 69 177 53 0 49
7 78 70 173 92 181 197 107 181 179 110 0 33
3 199 60 92 118 49 163 185 69 66 71 0 14
2 186 117 112 75 167 94 87 157 82 194 0 10
6 71 180 176 181 182 166 111 173 159 92 0 26
8 193 139 99 105 159 113 178 84 166 154 0 40
4 168 94 140 65 64 63 146 168 72 194 0 18
8 131 165 82 100 173 140 144 138 146 200 0 40
5 200 170 45 183 190 116 197 110 76 106 0 23
10 175 136 143 46 71 116 111 124 109 68 0 49
4 113 168 143 57 74 197 112 171 133 176 0 16
6 64 117 116 135 183 191 113 197 71 90 0 26
4 113 120 131 153 62 79 187 159 143 144 0 17
10 111 102 121 186 50 173 100 59 192 178 0 47
7 106 52 163 94 176 167 78 111 141 107 0 35
7 153 190 140 56 88 146 64 129 74 99 0 34
7 87 132 95 161 74 138 118 170 77 121 0 34
7 42 46 94 149 183 162 151 166 182 181 0 35
9 91 116 195 167 43 129 127 184 145 102 0 44
3 155 93 60 80 136 108 83 57 179 49 0 13
8 93 62 92 177 193 171 166 136 123 183 0 39
9 80 139 70 105 139 146 189 92 58 80 0 44
2 152 187 65 194 82 82 112 145 154 131 0 10
4 94 119 136 142 100 76 60 118 195 51 0 19
8 47 193 159 192 117 189 155 175 57 114 0 36
8 106 126 50 103 67 148 187 112 88 70 0 40
2 68 182 72 71 53 82 151 47 186 158 0 10
7 152 169 119 162 182 171 144 91 78 94 0 35
7 142 60 156 131 138 141 62 136 199 200 0 32
8 199 85 125 77 82 64 196 181 194 60 0 37
9 161 68 157 101 62 93 41 145 87 122 0 45
5 156 133 162 149 63 92 86 169 93 165 0 22
3 161 46 80 142 62 105 187 153 174 118 0 12
3 91 139 132 45 124 171 106 187 59 175 0 11
5 74 156 182 133 128 70 101 124 173 178 0 22
8 197 41 198 130 61 151 195 104 142 140 0 38
10 186 116 122 193 90 186 50 136 83 138 0 46
8 177 86 85 52 151 173 57 176 50 70 0 38
4 71 171 175 63 126 55 98 176 115 134 0 19
6 189 122 69 153 71 126 187 105 136 70 0 29
9 164 165 185 94 174 194 171 127 113 124 0 42
10 185 150 73 151 86 161 91 66 169 80 0 47
8 194 151 53 85 68 56 177 187 78 76 0 40
6 76 80 190 155 154 172 98 51 143 136 0 26
5 143 118 185 174 199 106 114 140 189 189 0 22
3 79 80 74 147 69 55 68 146 200 96 0 15
9 80 153 44 106 127 100 170 73 198 69 0 41
5 95 167 187 138 66 149 66 183 130 75 0 25
4 136 128 77 90 191 193 73 165 200 134 0 16
10 52 172 60 130 98 43 80 88 126 150 0 49
8 78 93 80 92 151 98 83 159 169 64 0 39
7 197 69 100 96 172 75 140 194 127 86 0 34
9 46 161 70 73 137 154 118 146 58 156 0 41
5 116 50 124 175 130 74 163 76 157 97 0 21
5 142 159 116 157 195 153 161 102 185 111 0 23
7 174 182 102 87 157 56 137 183 47 148 0 34
3 77 152 60 193 164 58 71 70 162 137 0 12
8 162 196 68 74 124 132 133 185 105 56 0 40
5 139 80 95 61 163 100 43 177 51 135 0 23
9 100 113 116 60 172 90 165 200 195 120 0 43
5 62 72 199 85 160 64 58 174 189 194 0 25
8 134 69 160 92 155 48 137 102 95 135 0 37
6 109 120 181 100 44 109 175 100 49 41 0 26
9 197 155 169 112 81 125 178 100 158 161 0 41
4 89 133 130 164 143 110 96 62 106 52 0 20
2 179 70 54 150 144 110 164 70 53 146 0 10
4 113 50 102 41 127 173 106 170 84 95 0 17
3 57 137 190 155 68 64 88 94 121 181 0 14
6 101 42 84 126 172 142 149 185 112 173 0 27
10 99 84 150 116 72 162 183 112 87 102 0 48
8 188 151 136 118 185 169 90 183 92 160 0 37
8 56 171 128 69 138 74 134 160 98 151 0 39
5 88 177 123 113 116 114 110 83 123 161 0 21
4 146 51 145 105 170 114 162 129 52 100 0 18
9 100 149 51 173 149 111 59 146 175 182 0 42
5 144 52 151 88 134 191 177 163 51 140 0 22
3 124 129 58 55 157 148 68 146 133 77 0 13
9 118 185 181 69 85 48 173 102 120 88 0 43
9 62 104 56 101 165 108 89 158 98 193 0 45
8 83 132 56 161 162 97 55 151 119 175 0 40
3 158 62 96 161 189 107 84 170 138 106 0 11
7 90 171 161 161 74 131 44 87 174 193 0 31
4 177 174 137 78 79 130 150 88 60 96 0 19
8 187 77 97 186 151 196 74 166 196 68 0 37
3 163 88 128 103 133 102 50 123 74 53 0 12
3 187 101 136 188 154 158 140 165 60 116 0 12
8 180 149 102 108 199 110 47 86 155 53 0 36
8 44 80 187 71 42 108 66 167 58 147 0 40
6 170 190 140 143 195 81 177 47 140 132 0 27
4 75 171 184 83 139 107 101 56 137 149 0 19
9 191 148 68 196 63 75 162 105 192 93 0 44
10 185 108 89 119 198 150 141 131 159 164 0 46
6 79 165 198 49 165 66 42 181 197 166 0 29
9 163 89 130 160 132 56 82 86 69 53 0 44
7 75 144 110 163 190 192 76 131 94 101 0 32
6 76 185 90 177 169 144 82 53 125 186 0 29
3 195 45 86 97 59 70 140 106 103 110 0 15
5 159 139 73 171 191 165 152 60 174 165 0 21
6 141 66 193 180 68 166 79 41 46 84 0 30
7 85 62 179 182 114 139 93 117 56 57 0 31
5 189 144 130 185 165 46 109 145 42 110 0 24
8 191 51 116 97 146 44 90 74 116 186 0 36
8 47 187 102 111 68 147 172 126 64 70 0 36
3 168 110 129 155 126 137 155 169 102 188 0 13
5 163 56 91 199 125 146 176 171 70 52 0 24
5 155 164 86 43 165 82 174 43 87 76 0 24
6 181 118 113 40 54 78 94 50 67 159 0 29
3 175 187 163 55 135 41 176 177 105 104 0 15
5 41 102 71 134 142 171 109 86 74 111 0 21
3 112 135 175 153 121 119 41 79 50 154 0 14
8 128 56 96 196 93 142 48 78 56 158 0 38
10 167 147 80 165 97 193 162 146 150 94 0 49
8 109 122 80 125 132 85 189 187 70 128 0 38
4 136 135 146 195 146 76 40 94 51 60 0 17
9 104 178 146 188 71 96 50 128 191 106 0 43
9 80 66 76 71 100 146 52 157 190 129 0 41
10 146 151 167 177 186 140 177 70 123 123 0 47
7 179 50 123 174 96 75 158 144 101 150 0 35
8 80 95 117 169 108 102 122 194 47 91 0 36
3 86 96 139 89 181 197 78 170 178 98 0 14
9 120 103 79 153 188 88 82 72 41 144 0 45
6 78 152 113 74 114 49 99 148 167 46 0 26
5 151 160 167 87 177 55 51 129 72 145 0 21
7 159 137 142 190 104 112 44 199 118 88 0 32
4 171 197 147 76 152 146 155 47 134 62 0 16
10 153 78 179 71 70 199 58 107 52 60 0 48
8 138 90 155 84 185 195 146 67 103 148 0 40
7 195 108 102 144 191 106 175 73 82 54 0 35
8 92 182 100 122 157 177 176 100 190 92 0 36
8 82 160 70 56 98 106 84 68 117 179 0 36
6 116 143 81 112 60 68 193 138 145 102 0 30
6 95 94 46 103 163 158 105 163 159 142 0 26
10 65 128 68 137 59 114 85 140 173 189 0 49
6 155 170 189 53 151 152 52 172 57 173 0 29
6 123 188 70 162 90 85 116 79 140 106 0 27
4 100 142 109 142 164 51 197 96 44 65 0 17
3 154 106 76 173 81 58 193 89 61 151 0 12
7 141 103 124 113 42 144 128 168 148 142 0 33
10 188 108 108 112 78 81 102 143 59 118 0 48
7 132 181 199 107 102 80 61 67 195 53 0 33
7 55 130 100 199 58 72 90 195 99 197 0 34
6 197 56 173 166 197 72 172 187 176 121 0 27
6 179 143 139 83 84 62 154 163 140 64 0 30
5 122 88 92 136 114 55 103 97 187 85 0 23
8 168 82 57 94 155 155 79 150 197 128 0 37
8 161 193 142 151 114 59 40 130 162 166 0 40
8 49 90 167 56 128 164 137 82 91 69 0 39
6 80 185 81 131 181 98 151 58 93 94 0 30
4 64 174 167 112 130 136 42 109 89 68 0 17
6 118 194 105 67 76 194 56 131 104 98 0 30
6 61 138 113 124 57 78 182 178 56 142 0 26
6 97 44 138 136 199 197 177 76 114 104 0 26
4 182 64 68 196 124 159 86 120 82 57 0 17
7 160 110 111 122 46 179 112 157 172 61 0 33
3 132 79 68 120 77 101 134 115 82 125 0 13
7 181 163 129 65 140 79 199 44 49 65 0 31
3 101 61 56 142 157 89 102 124 179 136 0 12
5 86 100 145 157 153 40 198 195 52 107 0 25
4 192 110 110 74 71 78 72 193 91 47 0 16
6 63 178 63 64 156 76 173 117 43 97 0 30
5 171 50 80 200 101 54 123 55 167 120 0 22
8 142 82 84 168 101 95 70 165 131 155 0 39
2 175 72 101 170 63 50 50 58 131 70 0 10
9 150 69 92 183 96 92 94 44 130 158 0 43
6 44 161 139 136 98 44 92 64 101 164 0 27
9 82 56 170 118 171 73 198 134 121 58 0 43
5 108 150 110 84 161 157 78 160 102 128 0 23
8 146 57 174 75 118 140 127 64 97 91 0 36
7 45 60 53 165 134 69 49 123 48 191 0 32
7 98 164 59 62 128 144 114 198 99 142 0 35
5 86 107 176 51 75 174 185 87 139 169 0 23
3 164 110 162 193 173 178 191 197 167 120 0 13
3 115 110 165 165 116 179 96 46 129 63 0 11
7 100 194 200 94 129 88 189 128 96 166 0 31
9 89 56 128 141 159 146 61 139 99 190 0 43
6 128 134 48 165 156 57 197 47 154 157 0 30
5 140 52 124 155 88 127 88 157 120 146 0 21
3 174 195 52 77 112 75 134 172 155 182 0 13
4 92 134 142 139 165 132 92 148 117 146 0 18
7 173 166 54 116 97 103 94 199 163 123 0 35
7 163 95 110 180 122 148 58 100 126 118 0 32
3 176 154 169 66 59 64 104 42 99 127 0 15
8 56 76 139 129 90 169 77 76 49 68 0 37
8 54 67 40 199 124 115 72 132 118 190 0 36
10 84 74 63 84 109 151 128 193 100 184 0 46
9 199 177 42 76 64 126 183 91 148 80 0 44
4 192 89 98 161 187 85 108 128 116 64 0 20
5 133 122 180 68 197 92 158 105 144 100 0 21
3 174 136 186 41 157 45 133 68 48 154 0 15
6 104 72 50 63 137 148 98 51 73 100 0 28
7 188 128 107 191 98 70 183 85 197 144 0 31
7 155 152 46 130 104 48 199 76 58 69 0 35
4 192 105 51 147 127 195 94 72 141 182 0 19
3 159 161 68 42 62 135 88 176 114 148 0 12
7 157 170 129 53 137 145 80 169 128 173 0 34
2 172 87 120 126 58 85 69 126 138 140 0 10
3 132 48 154 128 170 53 99 129 119 125 0 11
79 100 135 107 93 125 93 98 80 90
106 130 154 179 198 211 223 253 264 296
118 137 149 175 199 218 237 245 271 285
106 124 159 165 200 215 236 246 276 300
110 123 140 180 185 217 236 247 276 281
109 121 155 171 181 214 226 247 273 287
106 134 146 169 182 209 223 240 270 293
101 133 142 162 199 212 231 259 275 280
109 136 157 175 193 209 231 247 260 300
105 135 145 180 198 215 220 247 268 293
103 136 141 160 184 220 221 254 272 282
105 134 155 171 200 216 227 260 262 283
108 128 149 168 190 207 231 252 274 300
106 130 145 174 181 215 220 245 266 285
104 136 142 172 196 218 237 259 261 295
120 131 153 175 187 218 223 257 275 297
111 122 151 164 195 200 239 244 269 281
110 135 158 179 199 207 238 260 267 294
117 126 141 171 192 211 240 253 278 298
114 130 149 179 191 209 222 242 264 283
101 128 147 180 188 208 223 251 270 281
105 135 144 160 180 212 232 240 280 298
115 120 143 175 186 218 225 254 262 281
106 132 144 160 189 207 221 243 266 299
100 133 144 168 180 204 229 252 265 280
106 140 143 177 189 207 224 255 278 291
108 129 142 178 197 206 228 250 265 281
118 132 156 166 180 207 235 242 266 290
113 134 140 178 191 209 235 246 261 299
108 128 155 174 187 213 229 257 272 292
120 122 160 171 190 215 224 258 278 300
120 124 148 172 191 207 224 260 264 300
114 123 146 172 184 206 233 252 279 292
109 122 140 171 185 202 223 245 260 287
107 125 154 175 181 203 233 260 272 300
114 129 145 166 187 217 230 246 266 292
117 133 154 160 200 201 228 259 261 283
109 137 145 179 187 205 221 259 265 280
108 120 149 179 189 213 238 241 266 283
105 125 141 178 195 214 238 246 269 285
116 130 147 172 198 219 222 247 275 281
107 120 159 165 187 210 227 240 260 300
110 127 143 173 187 214 236 255 273 284
119 130 143 176 183 219 236 248 278 287
103 120 155 160 195 208 230 255 262 297
113 124 155 168 200 205 226 257 267 288
105 131 142 165 193 213 221 249 279 286
115 137 150 166 180 214 228 240 262 290
118 120 145 161 197 216 221 251 279 288
120 128 147 160 187 218 227 259 270 296
102 123 155 178 193 211 225 258 262 294
106 121 141 164 187 203 223 257 265 297
107 130 141 174 189 200 227 253 267 285
100 130 144 166 188 209 227 254 271 291
106 137 143 161 190 212 220 250 263 287
102 121 152 165 192 211 224 260 261 284
102 137 140 173 195 218 231 246 280 297
116 127 143 163 181 220 226 259 261 285
109 136 147 161 192 207 228 251 268 297
109 121 146 163 190 205 228 245 276 294
103 121 151 179 183 203 221 253 262 288
113 138 156 180 191 201 232 260 280 296
104 123 150 161 184 210 226 240 274 291
105 139 149 160 190 203 239 249 276 295
117 126 160 161 180 213 230 240 275 287
104 136 145 178 181 219 227 254 277 288
115 124 145 169 193 204 233 260 278 284
118 131 150 180 198 202 237 251 260 288
114 124 141 177 182 214 236 257 272 293
113 136 144 168 187 205 224 246 261 284
103 132 151 173 198 207 237 244 274 284
107 128 141 176 194 211 238 246 271 290
109 133 156 173 188 209 220 255 265 291
115 137 154 162 200 213 238 246 260 281
103 140 142 165 188 203 232 259 272 293
107 126 145 166 187 204 235 249 261 288
120 132 141 173 192 203 222 245 275 293
112 137 141 165 189 210 233 255 279 291
106 126 142 163 185 203 237 245 275 291
118 124 145 169 192 212 228 244 279 295
103 131 151 163 188 208 224 241 270 295
100 133 152 173 180 219 231 253 271 281
120 131 152 172 191 211 221 240 261 287
105 136 157 160 185 220 230 250 271 295
102 132 149 166 198 217 238 243 270 293
118 140 152 173 199 217 233 241 274 284
118 140 158 169 185 220 236 253 262 296
111 122 144 161 191 203 233 243 261 283
114 127 148 164 194 207 228 246 275 297
112 134 144 179 191 208 221 246 271 295
112 139 157 162 196 208 236 253 269 282
117 135 150 171 200 213 230 247 271 294
108 131 148 172 193 218 231 244 260 293
111 135 140 167 183 208 220 241 271 282
116 123 146 179 190 218 230 255 260 284
119 135 159 160 181 204 238 252 261 280
115 139 157 178 192 205 236 251 267 296
116 133 140 173 183 205 230 243 273 295
108 120 144 161 190 204 235 248 274 286
114 136 148 179 198 215 226 241 271 294
100 128 159 166 180 217 235 242 265 294
104 138 148 179 197 201 226 260 264 287
117 140 142 160 196 204 232 250 276 289
110 140 143 180 181 201 238 252 267 286
113 136 146 175 182 216 234 257 277 294
101 133 142 178 192 211 240 253 267 290
120 127 144 167 180 201 223 260 267 281
114 122 150 174 193 202 229 248 264 288
120 126 146 164 183 201 237 246 276 286
120 127 156 168 190 219 227 253 265 282
101 137 154 178 183 212 228 247 270 292
103 125 157 179 199 218 226 255 263 282
111 125 156 169 195 207 233 253 271 295
117 126 146 165 180 202 236 254 273 283
116 140 147 160 184 218 236 245 272 284
117 133 160 172 198 213 224 244 266 284
118 125 144 175 198 200 222 241 268 290
118 124 152 160 194 207 239 242 269 283
101 136 152 161 187 207 237 250 280 282
111 122 152 168 197 203 223 258 260 288
101 126 153 160 194 215 226 259 276 282
113 135 155 171 195 209 229 255 272 295
100 140 141 169 194 215 221 242 264 296
117 138 141 180 181 208 240 251 277 285
116 129 155 174 195 216 232 247 272 299
104 139 147 165 192 203 230 249 270 287
115 124 157 173 199 217 240 249 272 285
117 127 145 180 185 206 226 256 263 295
115 139 142 165 186 201 225 256 275 299
114 137 158 163 186 220 238 243 275 296
119 124 155 165 184 215 239 244 280 282
107 129 144 174 192 210 232 255 260 298
118 137 159 179 184 213 234 241 267 283
106 129 150 165 194 219 224 248 277 281
119 123 144 172 196 202 229 253 279 300
105 133 159 174 199 212 229 242 271 284
113 124 160 167 190 219 223 241 264 283
117 130 152 161 190 206 224 251 280 291
115 140 144 168 193 202 227 240 279 291
114 133 152 180 182 216 229 248 274 299
101 131 146 172 193 202 229 254 264 289
106 120 147 163 194 219 232 246 265 283
114 130 156 178 200 209 239 255 274 289
112 130 144 180 194 207 226 244 280 287
106 134 149 169 189 201 237 257 278 296
120 138 149 170 197 218 230 249 273 297
103 134 148 167 181 215 226 255 280 299
117 131 152 168 196 210 234 250 264 292
116 128 156 177 187 200 231 244 273 295
116 125 145 169 200 217 225 246 266 284
110 131 144 168 194 217 233 246 266 300
113 139 142 169 182 216 240 248 265 288
115 120 140 161 197 212 240 259 269 280
111 120 159 163 191 220 228 240 278 284
118 120 140 179 184 204 235 250 270 286
102 128 141 175 181 204 221 250 268 297
119 134 141 161 199 213 237 256 267 298
103 132 149 165 198 211 235 255 274 286
117 136 147 162 182 204 239 240 277 286
107 128 143 178 190 213 227 258 263 297
108 136 150 171 192 219 231 248 267 291
114 140 156 168 197 212 221 244 271 290
113 127 147 163 189 208 220 252 261 296
108 135 147 178 182 205 223 240 265 295
104 138 144 161 181 211 233 248 260 289
116 122 146 169 185 200 222 245 278 282
101 121 142 169 198 202 239 255 267 287
103 132 148 162 197 218 227 253 260 286
101 121 140 164 180 206 230 254 265 285
110 135 145 179 185 210 226 240 278 286
104 131 157 163 181 209 229 242 279 286
115 121 157 175 187 211 238 260 265 289
111 134 144 174 192 208 223 255 264 299
102 134 155 160 193 211 235 247 272 291
117 130 142 172 193 200 228 242 274 290
116 121 148 166 197 220 226 246 261 295
103 124 157 171 199 220 237 243 271 285
118 140 159 165 195 215 233 258 275 286
107 131 152 162 186 206 240 244 266 291
104 130 149 164 192 217 239 244 278 299
120 136 156 167 192 219 237 254 260 293
108 137 150 174 199 200 229 255 268 280
112 120 154 172 193 204 234 248 269 292
103 134 148 177 180 218 226 260 261 281
119 121 156 178 194 220 240 240 273 287
101 128 157 178 183 218 228 240 278 292
116 134 149 174 191 218 240 250 266 293
112 136 141 176 197 216 228 246 274 288
104 131 152 178 181 211 225 251 275 298
100 125 149 160 194 217 233 243 279 292
104 123 140 173 195 208 230 243 274 298
107 135 147 168 198 216 239 253 280 283
107 138 141 178 191 200 223 257 260 290
103 124 156 163 184 200 226 256 274 289
113 139 159 179 197 204 236 258 267 295
102 120 150 161 193 204 238 248 264 286
108 125 154 164 198 213 220 241 278 285
111 124 140 172 197 216 227 244 270 299
112 122 145 176 181 211 236 246 273 298
118 130 157 179 182 201 231 256 266 284
120 126 143 160 181 212 225 251 264 283
112 136 155 172 194 202 235 247 263 296
115 123 143 169 185 201 230 243 274 294
114 120 159 175 184 202 233 257 264 285
108 124 159 170 200 217 225 245 262 292
105 127 153 165 198 209 237 243 266 285
105 134 154 173 181 210 239 245 277 282
113 131 156 174 184 210 227 242 270 280
118 123 142 168 198 218 231 258 269 299
120 126 150 170 190 204 223 240 272 299
117 123 147 176 183 202 239 249 269 285
116 138 145 180 194 206 232 249 268 290
109 133 142 174 195 210 239 241 261 299
117 127 152 171 188 216 233 241 264 283
109 130 142 180 185 212 222 243 267 300
107 132 141 178 192 202 229 243 275 297
110 128 154 164 188 218 222 257 280 290
100 122 143 173 193 217 224 255 266 284
111 131 142 172 200 210 232 247 261 296
112 121 142 166 199 201 223 258 270 296
115 129 155 178 186 211 233 245 268 297
115 135 148 168 183 217 225 253 264 294
113 128 155 180 190 217 225 254 272 299
110 130 140 160 182 201 239 244 261 299
109 134 156 174 180 206 239 258 260 296
118 139 157 160 188 200 237 250 269 292
111 127 151 169 200 214 221 257 260 280
103 139 157 165 189 201 240 241 267 299
112 130 154 160 184 217 229 257 261 292
120 134 160 161 182 204 228 250 265 296
107 128 149 166 183 204 231 242 261 300
116 125 150 180 189 207 236 256 264 286
110 128 156 171 180 209 227 256 268 284
117 139 142 175 200 217 230 249 269 280
118 138 154 175 198 212 237 260 262 292
110 137 144 171 195 211 230 247 275 295
119 136 150 171 200 203 236 241 276 282
104 136 153 170 200 216 222 246 276 294
114 130 153 160 188 217 224 259 277 288
106 138 155 178 191 219 228 259 268 286
111 134 156 175 193 219 237 254 263 287
110 126 152 177 180 202 232 249 270 298
120 134 140 164 184 218 221 250 279 289
102 132 155 169 196 213 224 240 279 290
114 126 140 161 181 202 228 259 261 300
116 139 150 168 184 209 230 259 271 289
119 127 152 165 190 211 237 258 264 299
115 137 146 169 200 214 239 248 278 299
111 133 151 169 190 216 232 250 268 299
115 137 143 160 200 205 225 240 268 281
116 140 150 174 191 207 225 249 261 289
105 121 155 171 198 217 239 260 278 286
109 135 140 169 195 218 223 242 264 294
100 131 152 164 196 200 238 257 262 298
103 126 143 162 195 210 225 249 268 298
104 136 146 164 189 203 240 241 267 282
101 130 160 163 194 213 235 260 263 289
119 140 143 179 180 213 238 255 272 295
118 125 158 160 199 216 229 255 262 296
107 120 152 178 193 210 240 258 280 291
119 138 143 171 191 214 226 253 272 280
104 127 145 160 194 217 230 254 268 282
106 120 140 162 188 215 229 254 263 287
115 128 159 169 183 200 225 244 272 294
111 132 151 180 187 217 234 243 279 284
116 122 144 180 184 219 221 257 268 287
116 123 154 161 186 213 236 241 261 287
109 128 151 177 187 201 228 248 276 282
116 135 155 176 181 220 229 243 272 291
114 135 143 170 194 211 220 257 263 296
120 140 145 161 193 213 231 243 264 295
118 122 143 177 199 209 237 247 266 294
102 140 142 164 181 218 222 259 278 300
120 132 149 168 188 212 225 256 275 286
108 139 150 170 181 214 222 244 275 289
114 140 149 162 183 219 226 241 280 298
104 123 159 170 193 201 222 253 264 280
107 120 140 167 191 214 226 260 269 299
113 138 158 164 190 216 222 242 262 292
112 129 159 161 197 200 239 243 275 294
111 122 158 170 181 217 239 250 280 300
112 129 143 168 184 207 225 250 273 280
110 139 160 174 198 201 232 249 272 292
105 140 153 177 184 210 227 257 280 282
111 131 143 167 182 206 225 259 269 282
104 123 146 178 187 203 228 252 269 283
100 122 146 173 192 213 222 255 264 280
117 124 141 174 185 215 224 250 265 284
105 135 154 162 195 202 230 242 266 300
105 136 148 170 181 205 231 245 275 291
112 127 159 172 194 216 240 257 277 283
101 128 155 171 181 215 240 250 261 282
100 130 155 165 188 218 230 248 275 295
114 127 159 166 200 200 220 243 266 284
111 140 153 174 199 214 227 250 275 288
103 133 142 164 197 203 224 255 265 297
118 122 150 169 195 202 222 252 280 282
108 131 152 173 195 204 220 251 276 300
113 133 153 179 193 208 236 242 272 289
115 124 142 173 188 218 237 251 261 288
101 120 140 177 196 210 225 256 268 285
118 132 149 163 193 210 226 254 260 287
110 138 157 176 190 204 229 240 268 290
116 139 160 164 181 212 220 259 279 281
116 137 144 169 195 217 229 244 262 287
105 140 155 177 185 203 230 248 270 298
111 123 157 177 186 220 222 241 277 286
109 126 140 160 196 217 238 254 272 282
110 128 160 171 184 218 221 260 272 289
111 130 146 176 194 207 236 246 273 296
111 135 158 171 186 206 238 258 261 299
118 121 160 161 195 209 234 253 274 289
112 125 154 167 200 218 227 249 264 295
105 140 150 166 182 207 227 260 273 292
119 138 146 163 184 205 225 259 275 299
101 136 146 178 198 207 232 253 280 294
104 129 158 180 196 212 237 253 270 293
108 140 155 162 199 217 232 252 279 287
106 139 148 178 190 217 233 249 260 283
104 135 156 179 182 209 229 245 271 291
119 121 143 161 194 211 240 246 261 288
103 135 145 165 184 209 227 252 266 282
112 136 147 168 193 203 233 255 262 289
102 124 144 171 192 217 232 249 275 294
115 139 152 170 182 202 228 243 278 295
100 131 140 180 190 201 239 245 271 286
105 139 154 180 194 208 224 243 272 281
114 123 158 169 181 203 229 252 262 288
111 126 144 176 194 200 238 254 268 283
107 130 152 180 193 205 225 260 273 281
101 137 144 172 199 203 236 244 279 299
100 136 142 174 196 203 224 257 271 292
103 121 147 173 191 206 230 240 265 285
101 127 152 176 190 205 230 253 275 288
108 140 144 166 195 206 235 242 266 289
102 124 157 167 186 209 238 245 262 295
117 124 143 176 181 209 220 246 266 295
101 129 151 160 194 210 223 255 276 299
114 124 145 163 198 211 231 260 275 282
101 125 151 177 182 210 239 252 260 289
109 137 157 173 196 200 220 244 263 292
112 121 142 178 186 216 221 251 280 280
116 126 156 178 197 213 240 240 277 291
102 123 159 175 180 204 238 246 269 284
119 122 144 163 189 217 228 254 277 295
104 120 156 163 194 207 230 244 279 298
115 138 150 176 181 215 237 243 267 286
101 139 155 170 193 207 240 241 264 282
109 121 141 179 189 220 224 251 275 288
117 130 149 179 195 206 226 254 277 289
116 121 140 167 181 218 226 251 279 284
105 124 153 164 191 200 229 245 263 300
113 126 144 163 189 203 236 260 264 281
111 135 142 165 185 218 230 251 266 283
107 121 156 176 193 211 237 241 264 298
105 139 146 170 197 207 237 259 278 283
120 135 157 177 200 208 230 246 275 291
116 128 154 169 196 200 221 253 273 292
118 125 153 174 185 203 240 260 275 288
114 122 151 162 198 200 233 250 263 299
100 124 157 171 187 200 232 259 277 296
100 126 157 179 185 203 231 249 262 296
108 120 153 178 190 209 221 245 262 289
110 127 145 170 200 210 229 243 277 293
119 128 141 173 185 217 239 241 269 281
115 125 140 178 180 218 222 246 268 286
117 133 152 180 189 202 220 249 261 293
116 130 153 167 193 220 235 244 272 282
115 131 152 160 195 212 238 260 260 296
106 122 148 174 187 200 229 254 268 283
108 140 159 168 197 220 234 248 266 281
105 128 156 171 189 206 239 251 263 299
103 138 154 179 187 218 237 259 261 286
104 122 155 179 181 219 240 244 276 291
113 133 157 164 185 203 230 244 278 291
108 134 155 172 183 216 224 245 263 296
111 129 147 178 189 206 232 242 263 284
101 140 154 172 188 219 236 256 277 299
113 123 142 169 197 211 231 251 279 294
114 121 155 163 183 206 238 259 262 300
109 124 148 172 180 220 238 252 274 287
103 139 155 167 185 212 231 243 265 285
110 129 140 179 187 211 236 253 269 285
108 134 158 172 192 212 236 243 267 297
120 139 158 180 192 212 229 247 263 294
100 128 151 163 186 210 228 244 267 293
111 127 141 172 199 218 224 260 268 289
110 139 153 176 199 212 221 256 265 291
111 122 140 173 195 220 232 247 275 294
110 131 154 168 185 220 222 241 278 282
119 129 158 160 195 212 235 254 274 290
105 129 141 167 195 208 226 257 268 282
100 140 141 161 193 204 237 248 269 285
107 140 156 167 195 210 237 247 276 282
112 133 144 168 184 218 235 245 260 280
112 124 158 176 186 212 240 240 276 280
109 124 159 178 182 220 236 246 280 289
108 125 147 165 193 215 235 259 263 292
110 138 152 163 195 205 221 249 264 298
110 122 140 171 198 207 228 245 278 294
100 135 146 179 182 213 225 240 266 299
116 130 141 174 180 215 221 246 276 298
117 120 148 167 184 217 233 254 275 280
117 138 154 180 183 203 220 242 263 294
100 122 153 167 189 201 224 255 262 280
107 136 141 160 183 206 229 256 261 282
112 140 158 169 193 219 240 254 275 300
106 121 155 174 191 206 231 248 263 285
117 140 146 178 196 210 229 242 266 285
109 134 152 174 185 210 239 240 275 298
107 131 143 179 194 215 224 254 267 286
114 129 158 171 191 216 233 254 266 293
106 130 153 171 199 220 224 240 268 289
115 135 144 168 185 218 220 241 277 298
103 122 146 179 186 211 222 246 279 288
107 120 156 161 188 200 239 240 270 294
111 125 152 162 183 206 228 246 267 294
119 127 160 177 192 218 227 244 269 300
120 130 148 169 182 209 229 245 279 283
109 134 153 173 199 207 225 251 267 296
118 126 145 164 181 213 238 240 278 292
117 131 146 166 195 218 235 249 278 286
119 135 149 176 188 209 232 244 268 290
112 130 146 180 200 209 230 250 278 291
102 126 146 177 189 204 234 252 278 286
111 124 141 174 180 218 239 251 277 285
103 126 144 163 200 217 240 246 265 294
105 120 156 165 200 210 227 250 268 292
110 138 146 178 185 204 233 255 266 288
101 129 142 167 190 216 231 248 280 300
120 132 150 162 193 203 234 241 267 285
108 134 155 170 199 202 221 243 260 289
104 123 158 166 188 204 237 241 274 285
109 127 145 173 193 206 228 248 271 287
114 126 147 168 194 220 221 247 277 283
117 136 152 177 192 202 220 259 275 293
110 125 152 169 195 207 240 253 271 298
103 138 155 166 186 206 237 246 280 281
117 122 153 172 181 200 225 249 279 298
107 137 155 172 184 216 228 242 275 285
106 120 157 170 193 205 240 252 277 287
118 130 159 171 193 203 227 255 260 294
114 126 154 168 180 200 222 257 277 290
113 136 154 161 187 214 240 250 267 297
114 134 156 162 180 211 232 240 260 284
102 120 142 170 187 200 222 254 267 284
113 122 153 174 190 218 240 251 274 282
103 130 140 177 180 209 232 241 276 298
108 132 152 162 191 211 228 241 272 286
114 140 147 170 196 217 230 246 277 300
105 124 150 167 194 213 222 252 275 292
118 138 148 165 200 207 221 247 268 286
115 133 148 170 193 218 231 255 271 294
114 133 153 180 185 205 222 258 280 282
107 140 151 160 189 204 220 242 274 289
112 122 155 173 196 212 224 245 261 288
108 124 144 160 200 202 225 256 276 290
104 133 152 173 191 204 232 245 263 299
105 124 157 179 186 213 235 247 270 291
113 132 143 170 197 218 234 244 268 282
101 130 142 160 194 202 229 247 278 292
102 131 155 163 182 217 228 255 265 290
109 138 152 170 184 218 233 253 261 294
114 125 158 163 186 209 228 242 275 296
113 139 140 177 197 204 221 243 268 295
113 121 146 167 195 220 236 240 276 290
100 125 140 169 191 217 222 250 269 285
102 139 150 180 190 212 225 256 274 294
103 138 141 169 185 210 220 249 272 281
119 132 150 179 180 215 227 247 274 283
109 132 155 170 185 200 227 258 272 291
102 130 145 178 199 213 227 258 262 280
118 122 144 163 192 217 239 245 270 293
103 125 149 175 193 219 233 255 268 299
101 137 142 180 181 204 229 249 268 293
116 136 141 168 181 201 239 242 266 281
114 121 155 168 184 206 229 244 262 300
103 132 143 168 183 205 222 255 269 291
113 121 156 160 198 220 222 246 275 283
114 136 145 180 200 218 238 241 262 282
112 122 150 180 180 208 240 247 266 282
116 125 146 177 187 212 224 247 264 299
116 139 153 163 181 209 233 255 273 287
100 138 141 169 196 201 229 260 270 284
106 140 154 164 189 207 226 250 267 281
115 120 157 168 195 214 229 246 262 289
108 137 156 172 199 214 238 248 275 282
104 131 148 175 188 206 223 247 269 295
101 132 151 163 195 200 237 260 265 280
118 125 159 175 192 203 226 245 261 290
101 124 157 175 190 210 227 254 273 280
114 124 159 172 182 218 227 249 280 295
113 133 146 168 190 215 231 242 263 292
114 124 142 164 195 212 222 255 261 290
114 135 151 162 194 216 223 247 270 298
105 121 155 166 183 202 222 254 271 296
111 124 148 174 192 215 238 243 261 299
120 140 140 179 185 213 222 256 270 281
119 120 153 163 192 215 224 249 271 299
100 130 156 170 189 214 236 246 274 286
103 130 156 169 196 201 239 260 263 280
106 124 156 175 195 200 226 240 274 299
107 123 148 179 195 203 223 255 274 291
107 122 157 173 184 215 230 242 279 293
105 125 153 161 191 202 240 244 260 298
105 121 156 161 197 206 221 252 263 295
118 122 152 166 198 208 228 251 276 296
116 139 141 174 185 216 227 244 265 296
118 122 160 175 183 203 237 255 267 294
103 123 159 161 186 220 231 259 277 291
100 136 142 175 187 203 230 253 273 294
101 130 148 172 187 200 237 253 269 293
100 124 146 173 197 211 230 253 268 298
111 140 142 171 188 209 232 245 265 300
115 135 160 160 188 216 240 250 267 298
111 127 145 171 184 201 228 243 272 281
114 128 156 161 186 209 223 253 276 290
105 136 143 160 183 200 238 244 276 292
117 136 156 164 192 208 230 254 276 287
104 140 144 161 183 204 222 255 270 288
119 123 150 162 192 217 221 249 260 292
114 120 154 179 195 201 226 243 276 286
108 125 150 169 195 220 229 259 269 290
117 124 160 167 181 205 221 253 273 295
110 131 154 168 195 207 230 240 268 281
108 138 154 173 197 213 235 240 275 286
117 139 148 163 196 212 229 253 264 293
116 120 144 160 198 216 236 251 261 288
103 128 155 166 186 220 235 244 276 298
102 129 149 163 196 201 225 248 275 285
109 122 146 173 191 217 234 257 276 294
120 140 156 178 196 201 237 254 278 286
102 121 156 160 193 204 236 247 262 289
111 135 159 161 182 200 231 243 280 283
102 124 160 172 199 205 223 253 277 284
118 127 146 174 185 200 233 246 268 285
109 128 142 165 195 220 228 256 274 294
112 120 147 168 180 207 239 257 275 286
111 122 141 161 197 215 231 250 273 298
110 126 143 179 187 214 229 254 275 296
109 135 147 168 189 201 239 242 267 300
119 136 157 179 193 204 234 243 273 282
117 125 140 163 195 212 229 255 272 290
113 120 143 171 188 200 235 241 278 290
115 126 156 173 195 219 235 260 263 297
108 133 149 165 191 217 223 246 273 293
105 139 149 164 193 220 236 248 277 282
116 140 140 174 181 205 231 258 269 292
113 122 159 166 186 211 235 258 260 283
116 121 140 163 190 213 221 249 270 297
100 134 152 173 192 210 240 241 264 294
115 127 143 180 183 219 240 242 268 290
108 128 155 176 192 211 238 253 269 294
113 138 150 175 199 200 236 254 262 298
119 139 153 180 185 211 240 257 278 298
119 139 152 171 184 216 231 254 274 292
114 123 153 169 193 201 229 242 280 294
111 135 160 179 194 204 227 260 275 291
114 140 147 171 200 202 239 243 273 281
105 140 144 174 195 202 233 250 263 297
117 128 141 176 193 204 233 246 277 287
120 128 142 174 195 220 229 247 280 296
114 120 145 164 183 200 223 252 276 295
115 128 160 166 191 210 229 243 277 284
102 129 140 177 184 211 238 255 266 295
118 127 151 166 189 215 221 245 278 284
111 123 150 162 191 205 229 251 280 299
118 135 145 166 189 220 238 242 278 293
104 136 160 169 191 214 240 253 280 300
104 137 155 169 180 216 229 250 268 284
119 121 155 171 182 214 225 253 271 296
117 139 150 160 190 215 230 241 274 293
111 121 144 163 184 200 238 247 277 297
117 125 146 162 197 203 224 257 275 288
117 132 145 165 181 214 226 258 265 284
111 131 140 168 192 202 235 257 271 291
120 137 153 171 198 214 229 257 273 295
100 135 152 166 194 209 231 246 279 288
103 129 144 180 191 201 236 243 262 280
108 132 140 164 182 204 232 252 278 293
107 132 160 162 188 214 235 242 273 289
118 138 158 162 188 205 240 243 262 294
117 126 149 160 180 200 234 248 265 298
119 136 148 166 185 214 233 247 275 297
116 125 154 178 182 200 233 253 264 287
112 135 158 160 198 206 231 246 260 298
110 121 144 171 180 212 225 245 265 288
106 125 153 168 192 218 224 243 273 290
108 120 156 164 191 217 231 251 269 280
112 134 157 180 193 202 232 260 276 291
117 120 159 171 183 215 220 241 277 293
106 133 157 167 180 207 230 252 260 300
113 123 146 175 193 209 236 241 266 289
118 120 154 162 196 218 238 242 274 292
105 140 151 174 190 200 234 251 261 285
104 134 153 163 200 208 231 257 267 281
115 122 160 161 187 215 238 249 261 295
111 132 152 177 192 207 222 241 267 294
102 130 151 173 200 216 235 248 260 292
109 135 157 170 183 219 222 256 262 295
103 131 144 169 180 215 220 253 280 297
106 131 147 177 191 202 221 241 264 294
103 134 152 170 187 218 227 258 264 297
118 134 154 174 183 216 228 243 267 287
107 136 145 161 180 205 233 252 276 286
110 136 157 179 184 209 226 240 269 297
106 125 146 161 183 216 223 248 276 289
102 127 157 172 197 210 237 252 269 289
105 131 145 162 200 203 234 248 280 296
104 125 158 164 190 208 235 252 277 284
110 135 150 179 190 214 232 242 261 298
120 129 147 168 182 218 236 260 265 296
112 130 153 170 199 212 237 260 260 289
118 134 143 166 191 203 239 257 276 296
118 135 155 167 186 208 227 255 268 286
108 126 148 174 181 215 236 245 265 294
100 120 142 167 200 219 236 258 277 289
118 125 150 169 181 214 230 253 273 296
111 130 155 168 187 217 229 254 274 280
102 123 160 169 180 212 229 244 268 283
105 136 151 177 190 213 221 240 264 284
103 140 153 175 193 205 240 242 275 283
113 130 151 179 196 211 223 252 266 285
120 124 148 169 195 216 229 259 272 283
119 139 145 161 187 213 232 247 274 287
111 128 159 174 191 205 230 243 266 287
113 131 160 177 185 206 223 256 260 283
110 122 142 162 194 219 229 255 264 288
106 139 157 167 192 210 239 259 263 297
105 122 141 165 185 208 221 254 280 287
113 128 150 178 198 203 236 245 263 283
106 124 147 160 185 200 220 250 276 297
105 120 148 175 194 206 232 241 277 284
102 139 155 160 181 216 238 259 279 293
118 133 148 164 190 217 221 246 265 296
116 133 144 164 192 219 222 250 277 292
102 129 147 166 190 205 233 248 261 291
111 131 158 167 199 209 235 242 263 287
102 139 159 176 188 217 224 243 274 283
103 123 151 180 192 204 239 247 269 281
110 123 157 177 198 206 238 244 261 281
100 136 153 178 198 211 238 245 269 291
115 121 154 162 187 219 230 254 278 299
113 136 150 165 196 217 238 243 267 289
119 129 155 170 183 209 230 257 263 286
113 122 149 179 200 213 232 252 274 281
117 120 152 180 189 216 226 243 263 298
106 124 159 176 185 208 224 249 272 287
116 136 155 161 197 219 230 253 273 280
120 132 152 164 191 212 230 258 279 299
101 123 146 163 189 200 233 252 279 292
103 127 143 161 191 219 227 246 278 280
112 139 144 176 194 204 232 252 280 294
116 133 160 165 199 208 233 257 266 282
107 124 156 163 181 212 235 245 260 292
105 124 146 163 194 204 229 252 280 292
120 139 150 168 197 204 226 254 269 298
119 120 150 177 184 214 235 240 265 290
113 137 151 175 188 201 225 242 276 286
109 125 151 166 184 209 225 258 275 293
102 131 148 165 188 214 225 251 279 281
101 137 157 179 182 204 231 240 264 286
116 135 155 160 191 217 235 240 269 300
120 126 153 179 192 202 232 257 274 291
119 121 153 175 196 217 225 253 263 296
109 125 143 177 185 210 226 250 280 291
119 136 140 176 200 209 221 248 261 280
115 127 147 160 189 203 222 256 276 296
115 124 153 180 196 205 236 250 269 280
109 123 146 163 185 209 230 252 260 291
120 131 155 169 189 217 230 250 263 282
116 122 142 169 187 209 232 260 264 295
106 132 145 174 198 220 220 249 267 295
105 128 141 168 196 203 223 252 267 282
120 127 153 171 190 218 227 250 261 290
117 134 142 178 187 210 227 259 270 286
117 139 144 179 182 203 238 255 269 293
107 123 141 170 194 203 227 258 269 289
105 125 154 166 187 214 221 252 262 286
116 134 148 178 185 220 222 245 279 292
115 122 151 179 200 210 235 256 271 299
115 123 144 161 184 208 220 253 280 284
102 131 142 179 189 219 232 255 270 290
111 133 156 168 199 217 228 251 277 296
103 121 148 177 183 212 228 240 261 298
111 132 152 177 180 206 224 252 265 288
115 140 146 167 195 212 240 251 271 280
118 128 148 175 189 204 234 254 279 281
108 139 145 172 198 209 232 240 263 280
104 125 149 166 186 204 240 245 277 290
100 133 145 162 196 205 220 253 265 299
109 126 146 175 180 218 223 254 269 280
112 140 143 172 193 214 226 245 263 292
113 122 144 167 188 218 237 254 267 283
108 134 141 173 192 202 222 252 268 294
111 130 147 179 188 218 240 249 263 295
111 135 154 167 197 210 233 246 266 284
106 121 158 175 182 219 225 241 270 288
116 120 158 166 189 208 239 257 269 300
103 130 150 177 180 202 221 243 264 290
107 123 156 177 183 218 235 243 280 300
114 133 144 176 191 218 228 258 278 293
116 133 149 165 188 219 235 257 269 285
105 123 143 177 189 212 240 247 264 297
117 132 157 179 196 200 234 260 260 289
114 134 153 174 183 202 234 256 266 295
110 135 142 168 191 216 232 251 261 286
117 140 146 170 198 202 234 253 266 284
117 131 141 171 193 201 227 257 269 295
110 127 148 162 180 205 222 242 266 292
116 136 158 164 193 205 226 259 280 285
114 123 157 163 181 215 233 257 277 288
111 130 153 167 199 218 231 252 277 292
109 132 141 175 190 208 237 244 276 285
119 139 157 174 192 215 233 240 265 287
116 120 160 166 192 206 237 252 279 293
114 125 159 164 195 200 230 257 271 282
112 120 157 173 185 211 239 251 260 293
109 129 145 162 186 220 234 242 261 284
104 136 155 160 194 203 228 256 268 293
110 128 151 165 194 212 227 256 266 289
108 122 143 174 187 217 238 242 264 287
106 123 153 162 186 208 230 251 276 296
114 120 142 160 182 215 235 260 261 288
112 122 146 172 183 213 229 254 266 299
115 131 153 161 193 205 226 253 260 290
110 128 143 164 183 213 238 242 263 281
107 130 151 168 184 215 228 252 263 288
118 121 153 174 185 206 224 249 264 294
105 124 148 168 200 202 231 248 263 283
105 135 145 162 188 207 228 250 271 287
102 140 155 180 196 201 224 248 280 294
119 123 144 169 182 206 220 258 262 285
111 126 157 165 189 200 223 247 270 284
114 136 156 171 186 203 238 254 280 299
115 137 156 161 196 210 224 257 272 283
110 133 152 167 181 205 228 257 280 290
118 123 150 163 185 205 229 241 272 299
112 121 140 177 191 206 235 250 262 286
105 124 145 174 200 208 232 242 262 283
106 123 140 180 181 204 227 257 268 292
113 135 140 173 198 217 220 247 271 296
104 122 160 178 192 215 227 257 280 297
101 128 153 166 188 208 221 249 272 292
103 140 153 164 197 219 232 247 278 286
115 137 146 170 189 219 227 260 266 282
115 138 154 170 196 202 227 249 265 297
112 122 153 166 184 215 240 244 268 299
104 124 155 167 183 217 235 245 261 289
100 139 151 166 200 208 232 260 271 288
110 136 144 180 188 202 236 244 266 283
107 133 148 176 186 208 220 252 262 282
114 133 148 180 196 214 232 255 271 284
109 140 146 180 182 219 223 250 267 281
109 126 141 169 181 205 237 255 271 281
108 124 144 176 194 205 225 245 263 300
109 128 160 179 195 219 234 259 271 289
118 131 157 163 200 209 237 249 266 298
112 133 140 161 189 219 221 248 270 281
103 133 147 160 191 207 236 241 276 288
105 128 152 170 196 219 238 257 279 290
117 133 145 169 181 217 230 254 274 288
108 138 145 174 199 206 222 248 260 280
119 136 153 175 194 213 224 247 269 282
109 130 157 165 187 214 237 249 261 296
109 121 145 162 191 219 231 252 260 294
113 121 158 164 196 207 230 244 270 288
120 137 151 172 199 206 230 246 265 294
105 133 147 179 192 215 239 258 275 297
102 127 142 161 192 219 240 243 266 300
120 122 149 168 188 217 231 245 270 283
101 133 144 171 189 216 222 258 275 282
105 140 160 171 195 210 231 243 263 285
109 126 152 180 193 209 239 249 263 291
104 133 145 176 187 217 239 257 266 295
102 123 149 162 199 218 233 250 272 290
112 121 143 169 198 219 223 251 277 288
110 121 143 164 180 213 223 250 261 295
114 134 152 176 200 208 227 249 279 282
104 129 151 163 198 214 239 243 272 287
106 125 159 172 191 216 224 259 262 298
111 129 151 178 193 207 221 253 268 291
115 130 149 178 190 209 224 244 260 300
112 140 154 167 183 215 225 254 268 290
116 121 145 178 195 219 230 243 280 281
111 123 154 180 198 208 232 246 266 282
114 122 145 173 185 211 236 253 264 300
101 132 153 169 196 220 237 258 260 286
114 122 153 164 186 205 237 240 268 282
109 132 153 166 190 220 239 256 279 295
114 125 156 165 185 201 236 242 279 283
107 127 155 167 193 210 224 253 271 286
105 138 158 176 182 214 220 244 263 281
100 139 158 178 197 204 225 245 273 296
105 124 150 177 182 203 220 256 265 299
119 130 157 171 182 213 236 258 271 281
111 129 148 180 182 206 227 249 260 284
105 140 142 171 182 209 228 254 278 298
100 130 143 180 189 207 235 244 266 281
114 125 144 160 190 218 225 246 262 283
115 130 153 168 191 217 234 246 267 294
100 140 159 165 186 213 240 251 279 280
109 140 146 171 196 219 233 258 261 284
116 128 153 166 183 217 230 251 276 299
117 124 154 174 189 205 226 257 271 296
109 139 145 180 185 209 225 252 267 282
117 124 156 176 186 218 235 252 276 287
103 129 143 168 183 218 228 244 277 289
105 125 141 168 199 200 239 258 264 288
110 136 145 160 193 215 226 257 269 291
119 135 157 162 195 204 236 253 266 294
111 126 140 170 190 209 225 255 267 284
116 122 148 169 191 220 237 240 273 284
110 127 158 180 195 210 233 254 267 293
107 132 156 172 181 206 221 252 268 281
112 131 156 165 195 207 231 249 260 296
115 124 154 166 196 208 226 248 261 294
109 133 142 173 181 201 227 241 269 300
114 138 160 169 199 211 240 240 270 298
100 137 149 174 188 220 226 242 268 286
118 123 148 160 194 215 238 253 280 280
105 129 152 162 184 210 238 243 277 293
120 130 154 176 182 205 233 257 266 291
118 137 154 165 188 203 220 249 269 282
110 130 159 174 180 219 227 258 270 284
112 129 147 178 189 210 235 256 270 293
108 128 146 176 186 204 224 248 279 288
111 128 153 160 193 208 220 259 274 294
119 130 156 180 192 216 237 244 264 283
116 131 141 169 192 209 225 254 280 300
106 123 155 160 193 206 232 257 276 291
113 129 149 176 183 203 227 249 264 282
113 137 145 169 183 205 227 250 275 299
118 138 147 171 196 202 226 240 279 300
111 122 155 175 198 216 227 246 276 300
100 130 145 165 193 200 233 253 267 288
120 123 150 180 185 209 227 243 261 282
109 140 157 169 191 200 236 260 273 282
102 134 160 170 192 201 227 258 260 300
106 124 148 174 198 206 222 254 268 283
118 135 146 164 186 215 232 252 265 292
115 128 151 178 184 202 234 257 264 300
109 129 148 171 184 210 236 253 278 288
105 138 158 178 188 220 221 259 273 282
119 129 151 177 183 205 221 253 279 298
106 128 154 178 198 210 227 256 280 300
114 121 158 180 198 214 230 244 262 285
119 132 149 166 181 205 225 241 267 280
100 136 158 165 184 212 234 257 263 293
110 127 146 178 186 205 226 253 273 291
116 125 156 177 192 212 236 248 260 290
104 130 142 160 199 202 224 248 277 294
104 132 144 173 180 200 239 251 275 281
104 139 158 174 196 218 239 249 274 288
106 136 158 167 200 220 238 248 261 300
110 134 145 166 186 214 221 249 276 286
100 121 141 165 200 212 221 250 270 295
101 121 146 163 183 206 233 243 278 291
113 120 140 180 191 208 240 244 280 281
108 126 151 175 194 206 237 241 261 288
102 122 152 179 194 208 235 256 274 286
114 126 140 180 200 217 225 241 280 286
101 138 149 177 190 216 225 251 279 281
119 134 147 170 185 212 233 244 267 280
119 137 151 163 197 204 235 251 277 280
102 138 144 168 197 202 225 246 261 299
104 125 148 169 192 218 237 254 268 281
108 127 156 178 193 208 224 253 260 287
117 129 143 179 196 209 239 242 278 294
106 139 160 160 194 220 234 243 276 292
100 127 145 167 187 213 232 255 262 287
101 126 152 166 180 211 223 243 273 288
114 124 152 165 200 200 239 249 271 284
100 137 152 161 184 204 224 259 270 296
109 140 160 180 198 216 227 254 278 293
104 133 151 169 185 211 220 260 267 283
102 133 160 169 182 216 224 257 274 295
100 138 146 165 184 211 236 249 276 295
107 124 160 164 188 218 226 242 274 299
110 121 158 168 189 218 236 246 261 283
115 127 156 177 183 218 223 248 269 280
118 138 160 161 184 209 228 255 274 296
114 121 144 175 194 205 238 241 262 297
100 134 152 176 194 201 240 245 278 300
120 135 160 169 190 220 226 242 262 293
110 128 142 166 190 219 240 255 271 290
115 122 152 175 183 217 237 253 261 299
115 137 158 166 184 214 223 255 274 298
113 124 146 174 197 202 232 248 270 282
116 138 151 172 186 216 221 249 272 284
117 126 145 164 189 202 231 249 270 300
113 139 153 176 186 218 223 260 264 286
109 133 154 174 184 215 235 257 267 300
118 140 151 168 192 211 239 241 278 289
103 134 146 179 185 212 220 250 280 282
106 134 147 162 180 207 234 255 261 282
117 138 141 160 191 205 239 253 277 295
100 135 157 167 197 213 221 259 267 293
116 121 144 180 194 206 221 254 266 284
120 127 140 162 189 217 222 251 271 297
117 122 153 176 196 216 231 248 277 283
114 125 157 170 192 205 230 256 270 288
109 122 158 176 193 216 238 247 275 299
113 125 146 174 191 203 231 246 273 298
111 135 149 173 180 204 229 260 273 291
106 120 151 178 184 220 223 242 273 290
100 123 144 163 198 203 236 253 264 297
110 139 147 170 185 202 236 247 271 288
109 135 146 167 189 220 223 241 277 285
120 137 148 168 193 206 229 251 279 281
112 138 149 162 197 220 233 251 271 300
118 126 141 173 200 211 222 245 271 292
107 139 149 166 195 208 220 244 275 281
116 125 149 160 186 204 239 257 278 280
112 133 143 171 199 213 240 250 278 292
102 121 154 163 200 211 228 257 277 284
108 132 149 171 183 200 238 258 273 292
112 137 155 178 193 205 225 247 261 294
101 130 152 172 191 211 227 248 268 281
103 121 158 167 192 209 220 245 269 297
108 128 140 164 187 201 238 254 266 284
106 123 152 167 198 218 231 259 272 297
120 121 147 170 183 203 226 240 275 284
119 129 142 164 195 204 225 242 273 282
104 131 160 169 196 212 236 246 266 287
108 122 147 172 200 200 239 251 267 297
106 124 156 165 185 202 238 251 280 290
116 120 150 164 183 214 222 256 271 283
100 129 149 168 194 212 228 251 268 281
118 140 150 163 197 210 234 244 263 288
103 125 144 170 184 218 232 244 269 297
104 129 154 173 181 212 226 254 268 281
119 137 145 163 185 213 235 251 274 282
116 122 155 173 190 214 236 244 280 290
101 136 156 160 191 204 223 250 279 295
119 125 157 167 189 218 221 257 276 287
120 128 155 179 182 211 236 250 268 282
100 123 152 171 199 204 237 240 268 282
108 129 147 177 188 214 236 240 264 297
115 123 157 178 190 212 221 245 277 299
107 125 146 173 193 217 223 258 275 299
114 128 152 166 186 200 226 259 277 300
110 127 145 167 187 208 229 244 276 300
119 121 158 168 186 215 235 248 279 294
105 139 151 169 188 209 225 260 274 282
102 134 154 177 194 206 229 246 266 294
111 128 143 163 191 204 236 248 261 283
105 126 152 179 199 207 240 249 262 292
104 126 159 165 195 214 238 241 268 290
106 139 144 178 180 200 237 250 271 290
105 124 156 171 182 200 226 244 271 294
120 124 145 167 182 206 236 249 266 284
100 121 159 171 186 213 238 248 279 300
110 124 146 179 184 208 227 243 272 297
111 127 141 164 187 218 233 247 274 291
100 134 140 161 193 216 236 243 277 284
115 139 156 172 185 220 223 258 278 280
119 126 141 164 182 201 224 241 275 283
108 124 156 179 198 219 234 258 276 286
119 136 144 167 186 216 231 253 271 291
101 129 148 176 196 200 228 250 277 285
113 135 158 177 200 207 226 241 279 297
101 140 144 179 182 209 226 246 271 295
109 134 159 165 184 217 230 247 267 298
102 134 159 169 185 213 230 241 272 297
109 123 158 178 191 205 222 245 269 300
109 124 149 168 193 203 228 243 279 297
106 124 143 169 193 215 223 243 264 288
106 120 144 165 199 213 220 252 263 293
120 140 150 175 197 215 236 250 277 281
100 127 151 164 188 214 231 240 279 280
112 134 159 174 189 213 220 255 275 283
108 122 155 178 184 219 233 244 271 298
115 129 146 163 185 216 236 259 260 292
118 139 153 168 200 217 228 244 264 300
111 139 151 167 195 213 232 253 279 285
106 126 140 174 199 208 227 253 264 288
101 140 152 166 191 200 238 259 264 285
103 122 153 180 197 201 230 248 265 290
112 121 151 160 185 201 230 240 266 299
112 133 156 163 194 203 234 250 276 284
119 126 144 174 200 212 223 259 261 290
101 126 145 179 195 204 233 254 265 287
108 137 154 171 181 215 227 257 271 295
103 132 153 175 184 218 239 243 279 291
106 129 153 172 194 207 239 248 279 300
114 133 143 166 188 220 230 252 280 280
102 130 145 176 184 214 229 249 271 290
117 132 150 168 182 207 220 259 271 299
107 122 150 174 196 208 222 253 268 299
106 140 140 170 182 208 221 242 270 300
106 131 142 163 192 214 229 244 269 284
119 140 154 171 199 216 239 245 268 294
110 136 148 179 194 215 230 253 275 290
108 128 149 171 196 218 222 245 280 300
120 140 157 177 184 219 222 254 261 294
106 128 146 174 193 220 237 259 279 296
106 124 156 173 193 202 239 249 263 292
117 126 157 177 193 216 225 260 264 290
112 138 143 164 196 209 240 256 276 293
116 125 155 162 186 203 222 250 277 296
2128 2608 3089 3590 3970 4230 4471 5071 5292 5932
2722 3159 3436 4034 4587 5025 5462 5646 6245 6567
2764 3232 4143 4299 5210 5600 6147 6407 7188 7812
2318 2591 2949 3790 3895 4568 4967 5198 5808 5913
5349 5937 7604 8389 8879 10497 11085 12114 13389 14075
4248 5369 5849 6770 7290 8371 8931 9611 10812 11732
2936 3865 4127 4707 5781 6159 6710 7523 7987 8132
5458 6808 7859 8760 9660 10460 11561 12361 13012 15012
2423 3113 3344 4150 4564 4956 5071 5692 6176 6751
2171 2865 2970 3369 3874 4631 4652 5346 5724 5934
1268 1616 1869 2061 2410 2603 2735 3132 3156 3408
1736 2056 2393 2697 3050 3322 3707 4043 4396 4812
4142 5078 5664 6796 7069 8396 8591 9566 10386 11127
3751 4904 5121 6201 7066 7859 8543 9335 9408 10632
5648 6165 7200 8234 8799 10257 10492 12090 12937 13971
3005 3302 4086 4437 5275 5410 6464 6599 7275 7599
2208 2708 3169 3590 3990 4150 4771 5211 5352 5892
1646 1772 1983 2403 2698 2964 3371 3553 3904 4184
5024 5728 6565 7886 8414 9207 9779 10659 11628 12464
3442 4360 5007 6130 6402 7083 7593 8546 9192 9566
1373 1764 1881 2089 2350 2767 3027 3131 3652 3886
5298 5528 6587 8060 8566 10039 10361 11696 12064 12938
3718 4629 5049 5609 6625 7256 7746 8516 9322 10478
1008 1339 1449 1690 1810 2051 2301 2532 2662 2812
3082 4069 4156 5143 5491 6013 6507 7406 8074 8451
2060 2459 2707 3392 3753 3924 4343 4761 5047 5351
4846 5420 6405 6815 7390 8497 9646 9933 10918 11902
2494 2956 3089 3926 4212 4608 5181 5423 5754 6590
3248 3848 4659 5230 5620 6400 6881 7721 8172 8772
1328 1350 1769 1890 2100 2375 2475 2849 3070 3312
5048 5216 6225 7234 8032 8704 9419 10932 11100 12612
3428 3698 4389 5170 5530 6190 7001 7571 8382 8772
2951 3302 3789 4627 5005 5465 6032 6627 7032 7762
5251 6133 7555 8585 8879 9957 11428 12752 13340 14712
2744 3104 3489 3993 4498 5219 5531 5915 6396 7020
3986 4530 5245 5449 6810 6844 7763 8818 8886 9634
1643 2064 2184 2695 2815 3085 3326 3897 3987 4212
4760 5288 6565 7886 8326 9383 10483 10615 11716 12464
3998 4758 5367 6774 7420 8143 9055 9359 10234 10842
5692 6378 7212 8438 9712 10742 10889 12114 13487 13781
3967 4448 5892 6114 6929 7781 8410 8891 9632 11113
4188 4834 5443 6584 7116 8143 8979 9702 10386 10804
3459 3778 4156 5114 5317 6362 6855 7203 8074 8335
3716 4328 5589 5769 7030 7499 8291 9192 9444 10704
2268 2488 3109 3369 4010 4110 4531 5152 5352 5772
5258 6558 7109 8259 9660 10661 11061 12461 13962 14312
3458 4119 4509 4989 5410 6431 6851 7211 7872 8712
5200 5288 6389 7093 8678 9515 9735 11055 12288 12684
2528 2696 3096 3369 3937 4589 4778 5451 5682 6228
1231 1484 1869 2146 2326 2543 2711 3108 3156 3540
3718 4243 4944 5749 6555 7116 7816 9007 9287 10408
1506 1828 1983 2446 2656 2810 3189 3554 3750 4002
2607 3388 3753 4325 4898 5445 5913 6616 7058 7578
3188 4119 4299 4839 5710 6371 6611 7512 7902 8622
2966 3517 4417 4794 5578 6130 6507 7552 7581 8248
3271 4393 4489 5545 6250 6987 7403 7883 8972 9516
1168 1278 1439 1639 1820 2211 2271 2602 2622 2862
2842 3545 3831 4195 5002 5392 5939 6537 6980 7734
4368 4848 5849 6529 7610 8210 9131 9811 11052 11772
2171 2549 3180 3769 3853 4274 4652 5325 5514 6060
4980 6080 6873 7930 8414 8854 10219 11451 12332 13036
1776 2099 2559 2746 3138 3581 3853 4091 4670 4959
4838 6403 6863 7369 8750 9348 11005 11465 12708 13582
5741 6182 7849 7898 8830 10448 11281 11771 13487 14075
1776 2321 2474 3036 3087 3734 3870 4329 4721 4908
4148 4472 5229 6093 6958 7354 8399 9372 10020 10236
1188 1318 1509 1810 1990 2030 2381 2521 2612 2892
4910 5340 6072 7621 7836 9213 10159 11063 11708 12611
1364 1641 1737 2026 2254 2471 2699 2963 3144 3420
4745 6080 6955 7968 9118 9532 10913 11235 12616 13076
2469 2952 3252 4058 4472 4864 5485 5669 6245 6682
2079 2535 2973 3297 3582 3981 4191 4857 5047 5541
2078 2475 2781 2925 3610 3845 4295 4439 4692 5070
1038 1409 1429 1659 1890 2040 2331 2602 2732 2942
4502 5300 6099 6982 7864 8579 9881 10470 10974 12108
4328 4760 5085 6238 6922 7318 8003 8831 9912 10560
3368 4119 4239 4959 5680 6310 7001 7661 8382 8742
2870 3410 3843 4410 5005 5491 6410 6626 7437 7869
5554 5836 6824 7952 9034 9975 10727 11479 13125 13877
5158 6559 7559 8159 9410 10411 11211 12061 13512 14763
4507 5993 6849 7795 8110 9866 10406 11397 12207 12657
4328 4724 5481 6202 6886 7607 7967 8651 9408 10344
3683 4769 5504 5609 6485 7711 8061 8761 9497 10337
1231 1592 1797 2001 2386 2615 2867 2927 3252 3528
5200 6169 6697 7621 8766 9559 10263 10615 12068 12508
3666 4349 4907 5248 5745 6831 7327 7854 8133 9188
3116 3424 4041 4517 5358 5695 6535 6816 7320 7936
1832 2040 2377 2633 3114 3322 3659 3947 4412 4764
2696 3224 3465 4306 4594 5002 5315 5915 6516 7092
2024 2511 2835 2925 3538 3754 4259 4565 4854 5088
2816 3248 3609 4113 4810 5122 5531 5939 6516 7068
1196 1449 1637 1902 2133 2409 2552 2695 2872 3235
4226 5139 5329 6356 6964 7915 8371 9169 10310 10728
3952 4190 4973 6096 6470 7423 7831 8682 8852 9668
5958 6759 7959 8009 9060 10210 11911 12612 13062 14012
2078 2510 2835 3214 3466 3700 4259 4529 4818 5340
3836 4397 4629 5719 6049 6775 7601 8030 9021 9747
1520 1688 2025 2263 2670 2867 3301 3484 3848 4016
1148 1368 1489 1800 1990 2161 2271 2421 2722 2952
1207 1544 1917 2001 2170 2615 2831 2915 3192 3540
1152 1527 1637 1979 2177 2221 2497 2872 2916 3169
3518 4209 4269 4809 5890 6130 6971 7511 8292 8682
2538 3229 3298 4150 4173 4633 5485 5807 6153 6590
3059 3680 3951 4734 4924 5842 6329 6950 7491 7950
3845 5062 5405 6774 7306 8028 9131 9625 10158 11032
1568 1659 1881 2181 2350 2623 2910 3392 3483 3665
2858 3058 3759 4360 4835 5060 5736 6211 6612 7212
1808 1898 2199 2469 2755 3025 3566 3701 4152 4302
1568 1659 2037 2193 2480 2858 2962 3300 3457 3678
1118 1516 1703 1968 2023 2343 2519 2728 2982 3224
1964 2383 2992 3411 3791 4153 4305 4856 5009 5370
4670 5258 6561 7107 8200 8704 9797 10637 11394 12402
2933 3158 3659 4134 4510 5060 5911 6362 6837 7087
4532 5469 5742 6249 7186 8513 9215 9566 10620 11088
1529 1737 2089 2245 2584 2780 2923 3183 3470 3704
3430 3633 4185 5085 5752 5810 6449 7000 7784 8422
2486 2612 3201 3369 4084 4357 5030 5093 5661 5955
4754 6401 7153 7576 8799 9739 11150 11761 13172 13266
1118 1228 1529 1690 1980 2040 2241 2592 2612 2892
4956 6182 7506 7849 9516 10546 11085 12703 13536 13830
2381 2843 3264 3600 4105 4399 4820 5366 5724 6207
2007 2809 2829 3390 3890 4311 4431 4851 5292 5932
2231 2631 2688 3430 3449 3962 4571 4780 5275 5427
3720 4136 4969 5577 6250 6922 7435 7915 8716 9580
2608 3484 3684 4134 4810 5085 5761 6236 6762 7187
5413 5836 7388 8140 9363 10210 11291 11714 12796 13407
1529 1659 1894 2350 2415 2688 2949 3340 3431 3847
1733 2094 2139 2484 2800 3025 3386 3852 4137 4497
4112 4940 5697 5877 6706 7931 8579 8759 9912 10668
2626 2736 3419 3639 4058 4741 5269 5379 6172 6216
1720 2072 2313 2794 3082 3370 3723 4092 4172 4780
5200 6037 7005 7886 8106 9382 10307 10615 11760 12464
2446 2975 3459 3804 4472 5048 5163 5715 6383 6475
1436 1484 1737 2073 2362 2434 2759 3047 3360 3612
1163 1471 1758 1924 2199 2343 2530 2673 2993 3136
4189 4596 5929 6188 7040 8114 8262 8928 9780 10483
4688 5208 6089 6449 7610 8250 8971 10051 11212 11652
5528 6729 6921 8073 9274 9706 10907 11531 13404 13980
3998 4663 5329 6310 6380 7571 8026 8691 9602 10477
2634 3414 3805 4482 5028 5262 5965 6616 6876 7526
4354 4928 6036 6692 7964 8990 9523 10097 10877 11615
4454 5078 6093 6952 7810 8161 9332 9956 10698 11283
2584 2998 3321 4150 4472 4771 5209 5623 6452 6613
3400 4296 4777 5417 6058 6442 7595 8235 8908 9484
2168 2492 2691 3069 3556 3934 4151 4493 4926 5358
4848 6306 6965 7858 8517 10116 10633 11996 13172 14065
3986 4462 5177 5721 6674 7150 7967 8511 8988 9940
1516 1672 2037 2311 2441 2610 3014 3183 3561 3847
2444 2633 3054 3559 4210 4568 4736 5177 5598 5976
2428 2890 3177 3705 4278 4785 5137 5423 5864 6612
3511 4318 4411 5248 5652 6707 7451 7699 8227 8940
3803 3968 4629 5322 6511 7007 7931 8559 8889 9252
1673 1808 2394 2454 2875 3311 3431 3611 4182 4272
3076 3128 3649 4664 4794 5314 6121 6511 7032 7448
3374 4232 4662 5785 5983 6743 7304 8262 8856 9814
5482 6172 6495 7415 9164 9808 10913 11787 12294 13720
2891 3704 4181 4629 5554 5918 6591 7151 7684 8020
2348 2729 2949 3249 3650 4090 4791 4811 5552 5732
3325 3976 4442 5528 5900 6614 7048 8010 8165 9219
1304 1640 1809 2061 2314 2639 2783 2987 3216 3504
3770 4629 5157 5553 6511 7006 7304 8063 8955 9582
1816 2040 2361 2617 3034 3339 3531 4044 4188 4749
4544 5679 6183 7486 7654 8620 9377 10091 11142 12402
5000 6633 6921 7737 8698 10139 11195 11916 12492 13884
1980 2082 2491 2883 3155 3410 3785 4176 4738 4806
2937 3517 4127 4911 5752 5868 6942 7407 7755 8335
1244 1592 1785 1953 2374 2627 2735 3048 3132 3444
1523 1823 2109 2470 2710 3101 3461 3822 3987 4287
2538 3114 3344 4127 4265 4841 5209 5531 6406 6590
3128 3938 4719 4899 5440 6281 6881 7271 8382 8592
2078 2186 2835 3160 3376 3808 4295 4692 4782 5214
1784 2152 2313 2794 3082 3338 3579 4091 4236 4796
1231 1616 1869 1929 2326 2543 2831 2975 3276 3504
1763 1958 2139 2590 2905 3010 3431 3641 4122 4362
2676 2791 3413 3827 4541 5071 5209 5669 6015 6797
3097 3728 4719 5139 5980 6611 7121 7301 8142 8562
1542 1828 2076 2154 2545 2805 3040 3365 3587 3730
3753 4593 5329 5679 6520 7220 8411 8551 9322 10197
5207 6508 7459 8209 9610 10861 11961 12211 13912 14962
1568 1776 2037 2180 2506 2858 3092 3313 3391 3821
3248 4119 4509 5230 5980 6010 6881 7662 8052 8412
4600 4928 6323 7062 7923 8374 9605 10179 11041 11984
2377 3091 3413 4081 4150 5025 5209 5992 6015 6475
3578 3638 4689 5350 5830 6611 7211 7211 8202 8622
3744 4744 5818 6596 6781 8077 8447 8891 10298 10816
2444 2822 3138 3663 4021 4589 5051 5261 5598 6165
3032 3680 3816 4762 5329 5843 6167 6653 7410 7788
4376 5510 6393 7486 7612 8872 9461 10553 11562 12528
1207 1508 1797 1929 2338 2615 2807 2927 3360 3516
3336 3944 4489 5546 6250 6667 7371 7787 8780 9548
3753 4733 5154 5889 6940 7571 8376 8866 9812 9917
1934 2493 2547 3214 3448 3610 4025 4638 4692 5232
2480 2984 3753 3921 4426 4810 5435 6156 6588 6948
3963 4873 5574 6275 6905 7150 8271 9041 9357 10337
1436 1688 2109 2263 2712 2867 3343 3484 3708 4016
2168 2508 3089 3289 3970 4271 4411 4831 5572 5712
5558 6208 7009 8610 9860 10811 11361 12211 13512 14962
3592 3912 4649 5642 5802 6763 7563 7883 8748 9548
2722 2998 3620 4127 4196 4633 5324 5900 6130 6544
5408 5678 6444 7209 8155 9551 10136 11307 11892 12747
3256 3952 4504 4997 5636 5868 6826 7174 7639 8596
3458 3698 4299 5080 5560 6040 6911 7301 8232 8832
2858 3008 3984 4385 4610 5060 5836 6437 6612 7137
2600 2984 3825 4089 4810 5219 5411 5891 6300 7020
3683 4453 5364 5784 6940 7326 8306 8516 9322 9987
2738 3492 4013 4508 4716 5470 6225 6381 7214 7344
1477 1711 2037 2272 2402 2741 2962 3157 3522 3652
5672 5912 6825 8073 9514 10475 11099 12395 12924 14364
4208 4418 5259 5960 6660 7150 7816 8411 9532 10477
5507 5789 6918 8282 8611 9504 11244 11714 12655 13407
2212 2631 2764 3430 3696 3924 4419 4742 5104 5522
5240 6392 6825 8362 9370 10090 11483 11579 12540 14364
2816 3056 3657 4114 4522 5195 5603 5795 6348 6804
3496 4168 4553 5770 5930 6795 7115 7787 8556 9613
2255 2780 2970 3748 4042 4252 4820 5114 5787 6249
2648 3080 3705 3945 4522 5243 5339 6180 6732 6972
1407 1716 2011 2432 2712 3049 3147 3582 3736 3988
5336 6296 6825 8266 9610 10090 11147 11867 12540 14220
3368 3638 4269 4989 5980 6040 6701 7752 8112 8892
3803 4265 5124 5884 6148 6973 7700 8096 8856 9813
2883 3384 3709 4209 4585 5436 5636 6336 6612 7362
2946 3336 4039 4690 4950 5652 5861 6615 7084 7786
1548 1829 1969 2249 2558 2824 3357 3427 3666 4199
3714 4564 5313 5926 6130 7014 8137 8784 8852 10076
2368 2789 3149 3209 3770 4010 4751 5011 5392 5852
5225 5977 7106 7953 9410 10069 10398 12091 12232 13172
3715 5013 5661 5949 6814 7246 8651 8687 9624 10776
5384 6248 7401 7689 8842 10427 11003 12348 12540 14028
1928 2152 2569 2585 2922 3274 3659 4011 4252 4748
4823 5768 6714 7480 8245 9191 10406 10901 11757 13513
3024 3258 3909 4690 4924 5392 6147 6667 6876 7448
5068 5896 7185 7876 8290 9625 10453 11788 12340 13076
1412 1677 1713 2110 2410 2615 2771 2999 3240 3372
2722 3182 3551 4034 4564 4886 5462 5991 6037 6728
3858 4804 5049 5994 6835 7395 8061 8656 9637 10337
2150 2456 2709 3087 3610 3664 4259 4349 4980 5088
2295 3000 3375 3749 4410 4763 4895 5423 6084 6480
1376 1568 1845 1929 2266 2615 2699 3120 3336 3468
4248 5528 6209 7130 7650 8771 9131 10371 10732 11452
3116 3760 4377 4909 5414 6143 6647 7123 7376 8048
4848 5552 6697 7798 7930 8898 10219 10967 11892 13124
3848 4296 4489 5257 5898 6987 7083 8011 8940 9260
4291 5552 6519 7107 8242 8957 9419 10091 11730 12192
1604 1772 1969 2263 2544 2838 3203 3638 3666 4213
3720 4457 4809 5385 5898 6698 7371 8300 8684 9260
2507 2675 3201 3474 4000 4441 4988 5429 5556 6291
4723 5625 5995 6938 8210 8784 9810 10179 11410 12271
2339 2801 3180 3558 4000 4547 4883 5261 5640 6291
1963 2338 2440 2729 3410 3496 3836 4091 4568 4789
2096 2529 2709 3142 3448 3736 4061 4493 4710 5214
3682 4243 5434 5994 6940 7606 8376 9111 9742 10022
5458 6759 7009 8460 9760 10911 11161 12111 13212 14712
1907 2497 2897 3125 3734 3810 4533 4895 4990 5674
4849 5930 6730 7623 9175 9881 10586 11715 12608 14019
3336 4361 4681 5257 6058 6506 7691 7723 8556 9036
3239 4168 5129 5225 6218 6827 7531 8332 8428 9260
5601 6589 6730 8423 8470 10021 11197 11996 12796 13877
4492 4758 6013 6089 7572 8219 8713 9701 9968 11260
1934 2168 2745 3214 3484 3790 4331 4655 5052 5250
5125 5943 6158 7362 8223 9213 9729 10890 11708 12052
2400 2929 3344 3689 4472 5002 5301 5854 6176 6498
4142 4688 5469 6327 7342 8396 8942 9918 10269 11205
2423 2696 3348 3559 3853 4210 4736 5135 5724 6186
1229 1460 1670 1990 2067 2398 2585 2684 3081 3136
5808 6108 7209 9010 9210 10961 11061 12862 13412 14362
3488 3698 4629 4839 5590 6401 7091 7241 7842 8622
1861 2184 2576 3019 3189 3427 3887 4227 4704 4806
4648 5408 6209 7050 7250 8811 9171 9731 10892 11652
3770 4464 4728 5619 6412 6974 7271 8493 8691 9780
1568 1829 1894 2102 2519 2780 3014 3170 3444 3847
5672 5864 6873 8506 9562 10042 11387 11867 12780 14124
5005 6869 6967 8045 8879 10693 10889 12703 13634 14712
4688 5156 5820 6561 7342 8278 8786 9995 10737 11166
3140 4040 4359 4940 5259 6217 6449 7087 7987 8393
1376 1689 1797 1953 2206 2639 2723 2903 3372 3588
5104 6035 7800 8340 9467 9859 10889 12409 12948 13732
5251 5888 6869 8192 9369 10497 11085 12752 13193 14663
2607 3183 3643 3781 4380 4979 5117 5577 6038 6728
1912 2201 2712 2746 3359 3410 4074 4142 4687 5010
5447 5986 7751 8339 8879 10644 11722 12261 13732 14712
5160 5942 6587 7738 8474 9533 10361 11512 12570 12892
2758 3484 4009 4359 4960 5035 5811 6236 6812 7312
4208 5609 6129 7090 7370 8410 9091 10291 11212 11292
3671 4331 4728 5521 6016 6809 7436 8559 8889 9318
3752 4436 5265 6418 6742 7318 8219 9084 9696 10200
2808 3424 4097 4854 5386 5975 6227 7152 7404 7852
5507 5836 6636 8188 8705 10116 10539 11762 12467 13360
2003 2574 2935 3087 3715 3848 4381 4609 5066 5713
2108 2729 2969 3410 3630 4110 4631 4911 5512 5832
4600 5215 6528 7061 7964 8866 9851 10548 11369 11615
4754 6024 7294 8047 8517 10116 11291 11761 12279 13266
2907 3778 4504 4794 5462 6333 6681 7203 7987 8567
2972 3310 4143 4325 5210 5210 5731 6329 6928 7396
2561 3229 3528 4011 4587 4932 5232 5761 6337 6636
5158 6659 7109 8209 9860 10160 11211 12762 13262 14862
3194 3302 4059 4573 5275 5464 6005 6815 7572 7626
2492 3021 3505 3989 4495 4702 5071 5784 6360 6912
2720 3200 3681 4306 4642 5002 5675 5819 6540 6948
3573 3852 4411 5373 5838 6769 7358 7792 8103 8940
4351 5168 6029 7621 8438 9041 9686 11020 11536 12267
5908 6608 7459 8159 9660 10511 11311 12712 13012 14362
2538 3183 3620 4058 4380 4702 5278 5531 6176 6682
2792 3345 3849 3945 4354 5098 5291 6228 6708 6756
1400 1653 1737 2037 2350 2615 2759 2939 3156 3456
4733 6309 6984 7975 8335 9145 10361 11171 12162 13422
1229 1361 1736 1957 2056 2431 2453 2662 3059 3158
3932 4544 5049 5769 7066 7823 8579 9156 9804 10164
2868 3336 4169 4455 4794 5679 5757 6772 7084 7526
4670 5468 6141 7402 8158 8704 9923 10343 11478 12444
4337 5273 6171 6678 7264 8044 9293 10073 10191 11673
1778 1823 2409 2424 2935 3145 3521 3806 4122 4347
1128 1258 1549 1679 2010 2191 2281 2501 2652 2962
3473 4629 4959 5487 6016 6841 7502 8592 9021 9648
3340 3873 4097 4573 5162 5750 6311 7264 7712 8384
4148 5584 5995 7308 8128 8497 9523 10384 11492 12066
2399 2975 3643 4150 4518 4886 5462 5830 6222 6751
1952 2529 2799 2925 3592 3917 4187 4547 5034 5178
2128 2789 2969 3570 3810 4351 4671 4991 5212 5672
3752 4869 5625 6454 6562 7534 8255 8831 9768 10488
4292 4364 5157 5805 6994 7607 8651 8867 9408 10380
2583 3384 3634 4135 4610 5236 5686 6312 6662 7062
4040 4905 5301 6057 6958 7318 8399 9192 9444 10416
4801 5836 6777 8047 9034 10210 10915 11714 12937 13830
1273 1538 1681 1879 2012 2232 2519 2684 3070 3257
2607 3414 3649 4690 4950 5236 6225 6381 7058 7448
5258 6959 7709 9010 9710 10410 11211 12161 13612 14062
5594 6035 7751 8291 8879 9957 11232 12360 12850 14124
1340 1520 1737 2122 2338 2410 2867 3060 3228 3408
1506 1828 2137 2530 2712 2880 3161 3652 3834 3946
2027 2749 2889 3449 3990 4070 4731 4891 5592 5992
1907 2593 2707 3316 3734 3867 4267 4895 5161 5560
3510 4122 5007 5892 6504 7015 7831 8171 9022 9702
2229 2802 3353 3882 4190 4520 5071 5577 6062 6348
1844 2389 2457 2831 3325 3512 4006 4125 4534 4925
4700 5712 7231 7691 8566 9625 10959 11281 12064 13582
2114 2240 2583 3178 3268 3773 3971 4439 4800 5322
2431 3104 3633 3849 4666 5051 5363 6132 6636 7188
3770 4100 4794 5388 6544 6974 7634 8592 9087 9318
3441 4258 5143 6028 6198 7151 8137 8580 8852 9838
2624 3297 3777 4162 4714 4810 5291 5867 6324 7020
4824 5211 6115 7664 8008 9299 9514 10805 12052 12052
5228 5678 7029 8020 8875 9595 10811 10811 12477 13107
4598 5543 7164 7885 8110 9190 10721 11081 12117 12792
5363 5498 6489 7344 8515 9776 10271 11441 12477 13287
4168 4808 6249 6529 7770 8290 9211 9771 11172 11932
3803 4563 4959 5818 5983 7106 7832 8030 8823 9450
3441 4735 5279 5790 6572 7048 8171 8205 8988 9600
5131 5695 6636 8423 8893 10351 10539 11808 12937 13548
3401 3778 4330 5201 5665 5984 6565 7377 8045 8393
2908 3033 3509 4184 4535 5461 5661 6287 6987 7112
1163 1372 1692 1813 2111 2210 2530 2706 2905 3313
4189 4670 5337 6040 7003 7521 8743 9632 9780 10409
2228 2709 2849 3309 3710 4371 4611 5032 5332 5672
2148 2428 3129 3530 3870 4231 4751 4831 5292 5972
1897 2511 2637 3069 3556 3736 4277 4673 5016 5106
2408 2708 3149 3550 4010 4170 4611 4931 5512 5832
4300 4744 5707 6262 7262 7410 8188 9372 10113 10816
5908 6258 7659 8710 9260 10160 12011 13012 13762 14412
3086 3302 4086 4383 5356 5410 6302 6761 7113 8085
3707 4596 5818 6337 6929 7410 8595 9595 10261 10964
2707 3410 4248 4843 5005 5491 6248 6734 7086 8004
3464 3848 4905 5706 6090 6699 7083 7851 8396 9260
1548 1786 2039 2389 2810 2950 3217 3413 3890 4114
2626 2824 3111 3816 4080 4785 5269 5313 5930 6194
3918 4258 4769 6062 6130 7423 7559 8375 9124 9736
1763 2003 2289 2710 2845 3040 3311 3746 3927 4407
1400 1568 1845 2013 2326 2651 2831 2939 3276 3396
3803 4331 5025 5289 6445 7006 7865 8592 8592 9780
2870 3302 4005 4708 5059 5410 6194 6870 7248 7653
2276 2949 3348 3537 4147 4631 4925 5219 5598 5913
2318 2824 3441 3771 4168 4542 5269 5533 5798 6590
3715 4977 5553 6454 6742 7859 8543 9335 9408 10308
3127 3668 4659 5380 5440 6581 7211 7331 8292 8742
3963 4663 5504 5749 6485 7115 8061 8551 9742 10197
3248 4029 4659 5170 5500 6491 6731 7361 7902 8892
3116 3620 4125 4994 5302 5778 6507 6787 7376 7964
1522 2108 2319 2589 2830 3296 3551 3851 4167 4497
2607 2837 3275 3896 4541 4863 5324 5784 6429 6774
4112 4364 5589 5877 6598 7426 8579 9336 9444 10812
4695 5340 6373 7406 7750 9471 10245 10847 11794 12353
2274 3067 3419 3683 4080 4675 5093 5357 5842 6282
4078 4781 5189 6633 6929 7818 8743 9372 9965 10557
4436 5502 6487 7061 7882 8702 9687 9974 10959 12189
3728 4317 4907 5590 5962 6582 7110 7668 8165 9126
2508 3208 3784 4084 4660 5261 5711 6111 6687 7337
4226 4834 5367 6546 7572 8295 8523 9892 10196 10994
3088 3901 4293 4938 5582 5946 6199 7179 7432 8160
4226 4644 5329 6584 7420 8371 8827 9397 10462 11184
4518 5379 6323 6897 7595 9031 9113 9892 11410 11574
1912 2072 2537 2569 3130 3402 3771 4075 4396 4652
2843 3491 3816 4519 5275 5627 6113 6951 7248 7626
1307 1829 1842 2102 2519 2662 3092 3235 3509 3717
2897 3789 4221 4518 5275 5680 6410 6680 7464 7626
2024 2403 2601 3034 3322 3935 4241 4421 4692 5052
2248 2488 3169 3530 3730 4251 4811 4811 5532 5612
3932 4472 5733 6418 6562 7931 8507 8867 10092 10416
3140 3633 4272 4794 5607 6246 6826 7523 7639 8480
3748 4701 5177 5551 6640 6980 7525 8477 8988 10144
2758 3058 3509 4285 4960 5185 5711 6136 6962 7362
1707 2304 2491 3053 3104 3632 3836 4091 4534 5096
5228 5858 6354 7840 8110 9686 9956 11081 12432 13422
4454 4568 5633 6355 7002 8257 8865 9664 10462 10652
2699 3183 3551 4150 4219 4679 5071 5577 6061 6774
3708 4522 5670 6189 7003 7448 8299 9447 9706 10372
1934 2457 2547 2889 3304 3719 4133 4620 4710 5088
3368 4208 4749 5079 5800 6580 7211 7631 8262 9012
3718 4243 5434 6100 6695 7221 8096 8691 9217 9987
4922 5889 6141 7486 8242 8830 9629 10175 11184 11982
5131 6306 7153 8188 8705 9880 11244 11291 12937 14018
3967 4855 5300 6633 7188 7966 8299 9409 9891 10594
3314 3749 4591 4968 5549 6275 6768 7377 7726 8509
4036 4948 5823 6508 7572 8371 8523 9131 10196 10994
3803 4464 4761 5553 6115 7205 7271 7964 9153 9846
2274 2692 3221 3948 4102 4653 4895 5423 6150 6348
4502 5048 6561 6771 7906 8410 10049 10091 11352 12360
3338 3758 4569 4869 5500 6191 6851 7391 8022 8832
2507 2675 3369 3727 4042 4589 4778 5135 5661 6312
2288 2478 2821 3220 3468 3982 4362 4666 5313 5389
2406 2956 3375 3816 4388 4564 4961 5533 5886 6524
4256 4544 5229 5913 6526 7679 8579 8651 10020 10524
1529 1711 1907 2167 2545 2845 3066 3248 3626 3730
3578 4058 4479 5290 5650 6280 6971 7331 8052 8712
2920 3388 3805 4690 5210 5444 5991 6511 7240 7578
2761 3410 3951 4789 5113 5518 6329 6815 7518 7734
3005 3356 3816 4708 4870 5897 6464 6788 7491 7707
2480 3032 3465 3921 4810 5219 5771 5915 6372 7068
2318 2648 3441 3639 4410 4631 5005 5511 5908 6436
4628 5805 6141 7486 7780 8578 9797 10722 11184 12108
2229 2846 3133 3683 4190 4763 5093 5467 6172 6612
4208 4628 5259 5679 6765 7115 8201 8446 9357 9987
2816 3493 4039 4430 5184 5262 5757 6329 6772 7526
1568 1853 2379 2499 2830 3070 3566 3626 4122 4287
3169 3691 4214 5027 5607 5984 6623 7203 7871 8335
3542 3914 4566 5217 6024 6831 6862 7668 8599 8785
1880 2184 2441 2842 3082 3242 3531 4155 4412 4700
3198 3633 4417 4910 5665 6013 6971 7348 7871 8654
4746 6357 7139 7645 8566 9486 10913 11327 12892 12938
4571 4766 5976 6718 7069 7810 8786 9722 10893 11634
1934 2475 2799 3106 3322 3899 4115 4367 4962 5142
4354 4928 6446 6979 7923 8415 9851 10343 11369 11779
4964 5468 6687 7191 8116 8536 9545 10721 10932 12360
5480 6056 7401 8073 8650 9610 10667 12348 13308 13932
5658 6808 7709 8059 9360 10710 12011 12511 13362 14862
3200 3761 4377 4545 5050 5919 6507 6731 7292 7964
3476 4088 4837 5790 6368 6811 7559 8648 9090 9668
3511 3790 4752 5404 5900 6769 7451 7792 8506 8754
1244 1568 1689 2134 2170 2519 2795 2903 3324 3588
1844 2252 2593 2763 3257 3598 3887 4108 4636 4874
1832 2249 2361 2729 3146 3482 3691 3947 4444 4812
2633 3108 3759 4184 4860 5336 5561 6311 6887 7312
3902 4563 4893 5454 6610 6841 7304 8162 8856 9450
3803 4397 4893 5619 6379 7205 7634 8426 8955 9714
5708 6658 7659 9010 9260 10260 11111 12912 14012 14112
4716 6169 6653 7049 8326 8986 9691 10659 12068 12728
4600 5010 6364 7103 8046 8703 9195 10056 10713 11820
2384 2736 3177 3529 4410 4454 4961 5644 6084 6392
3440 4397 5025 5719 6313 6742 7667 8096 8691 9879
2318 2736 3463 3948 4102 4697 5181 5445 5952 6414
1477 1724 1868 2219 2571 2845 3053 3183 3496 3678
3038 3908 4269 4809 5830 6070 6881 7421 8352 8772
4802 6165 7294 7670 8564 10210 10727 11997 12467 13642
4259 5391 5937 6639 7186 8513 9098 9878 10191 11478
2858 3133 3959 4084 4660 5235 5711 6061 6887 7412
1590 1955 1969 2488 2768 2866 3105 3413 3764 4142
1138 1218 1469 1679 1960 2211 2371 2411 2772 2912
4508 5633 6309 7615 8605 9776 10001 11262 12117 12837
3577 4874 5259 6310 6660 7430 7886 8971 9602 10302
3098 4149 4239 5080 5560 6311 6611 7482 8172 8442
2864 3176 3609 4306 4330 5171 5459 5939 6588 6804
2515 3044 3574 3920 4265 4610 5232 5946 6268 6705
4087 5208 5809 7130 7970 8531 9091 10332 10492 11212
4138 4278 5049 5714 6730 7606 8376 8586 9462 10267
4333 5258 6267 7360 8116 9209 9797 10721 11268 12570
4552 6174 6399 8110 8155 9190 10316 11216 12072 13197
3720 4361 4521 5386 5802 6442 7659 7755 8524 9004
1376 1460 1869 2026 2218 2482 2759 2939 3156 3613
1450 1857 2011 2362 2572 2881 3119 3582 3778 4086
2946 3154 4065 4169 5158 5731 5783 6407 7162 7370
1604 1912 2039 2530 2810 3063 3343 3385 3680 3960
4712 5132 6309 7570 7570 8747 10091 10385 11184 11856
1516 1633 1907 2311 2441 2767 2923 3222 3444 3899
4184 5013 5517 5877 6526 7534 8399 9191 9840 10344
4107 5667 5790 6939 8046 8251 9400 10672 11082 11656
2658 3509 3859 4109 4735 5186 5661 6261 6687 7037
1388 1448 1893 2025 2350 2579 2759 2963 3156 3480
1628 2063 2349 2589 2995 3220 3581 3731 4137 4242
3440 4331 4893 5785 6214 6808 7370 8162 8889 9747
4451 5816 6653 7181 8590 8810 10439 11452 11672 12332
4610 4883 6210 6835 7498 7927 8825 9566 10191 11322
4451 5464 6917 7710 8370 9251 9999 11188 12024 12332
3884 4224 5415 5857 6198 7423 7729 8477 9532 10042
2042 2402 2637 3033 3430 3881 4169 4367 4746 5268
5366 5836 6683 7717 9175 9975 10445 11997 12279 13642
2516 2978 3331 3573 4278 4763 4917 5445 5952 6568
1163 1339 1714 1836 2023 2232 2453 2806 2993 3269
4781 5340 6373 7492 8266 9256 10245 10460 11235 12869
2768 3229 3229 4127 4265 4910 5117 5900 6222 6475
2269 2288 2916 3106 3658 4096 4267 4742 5161 5693
3807 4948 5937 6469 7192 8143 8979 9359 10424 10880
4643 5858 7029 7614 8830 9055 10766 11712 11847 12612
2552 2984 3753 4210 4690 4810 5435 5771 6588 7188
2469 2837 3413 4127 4495 4679 5140 5877 6314 6705
4395 5010 6446 7103 7554 8826 9441 9933 11451 12025
3473 4133 5058 5322 6313 6676 7931 8063 8592 9847
2213 2549 3285 3390 4147 4337 4652 5304 5535 6207
4610 4766 5937 6483 7732 8122 8903 9800 10776 11556
2560 3067 3111 3838 4080 4763 5005 5379 5842 6524
2368 2448 3209 3510 3670 4070 4751 5111 5352 5892
3406 4067 5256 5322 6148 7271 7634 8559 9153 9615
1507 2049 2139 2635 2815 3055 3461 3807 4107 4422
1320 1698 1933 2246 2441 2610 3092 3301 3509 3821
3807 4720 5557 6584 7496 8029 8751 9625 10196 11336
4670 5889 5973 7192 7906 8788 9755 10301 11142 12612
4723 5543 6569 6569 7718 8866 9851 10261 10959 12230
3005 3437 3924 4627 4978 5437 6167 6572 7356 7599
4454 5000 6093 6288 7264 8161 8708 9878 10776 11322
5258 6809 7159 8009 9160 10010 11911 12211 13812 14612
5507 6400 7341 7717 9034 9786 10821 11949 12984 13501
4064 5469 5625 6288 7147 7967 8669 9957 10542 11244
5720 5912 7209 7785 9226 10427 10619 11963 12492 14028
3314 3488 4475 5201 5665 5839 6565 7058 8016 8306
1736 2008 2409 2713 3130 3531 3675 4156 4316 4652
1646 1744 2249 2347 2544 2880 3105 3553 3834 4142
2758 3283 3859 4210 4885 5186 5761 6011 6712 7037
3680 4701 5245 5891 6708 7252 8001 8171 9362 9736
3635 4318 4597 5062 6086 6582 7110 7854 8196 9095
5228 5408 6489 7209 8920 9731 10631 11306 11757 12972
5157 6408 7759 8309 9310 11011 11761 12211 13812 14912
3884 4910 5671 6203 7458 7648 8561 9436 10462 10842
2842 3180 3805 4507 4976 5653 6095 6693 7188 7656
5408 6308 7029 8019 8830 9055 10676 11441 12522 12882
5108 6058 7809 8009 9660 10211 11811 12362 13112 14462
1340 1629 1917 1941 2194 2410 2783 2927 3372 3408
1333 1620 2089 2246 2597 2675 2910 3300 3613 3704
3076 3310 3805 4534 4820 5210 6069 6407 6980 7422
4804 5640 6257 7269 8590 9691 10043 11275 12068 12948
4936 5288 6477 7401 7930 9118 10527 11320 12112 12596
3338 3668 4239 4839 5920 6461 6941 7511 8202 8952
3308 3788 4299 5380 5620 6431 6881 7631 8262 8892
2188 2709 2949 3369 3790 4030 4791 4851 5352 6012
4768 5448 6289 7170 7730 8170 9371 9731 10932 11292
3167 3383 3789 4410 5275 5735 6194 6897 7356 7842
4528 4808 5729 6850 7530 8010 9411 9651 11132 11612
4608 5048 6249 6929 7810 8771 9411 10411 10531 11892
2708 3333 3734 4134 4785 5436 5586 6161 6837 7337
3578 4735 5075 5585 6572 7491 8035 8443 9430 9600
1284 1549 1549 1924 2001 2265 2552 2850 2971 3224
3624 3912 5097 5321 5962 6763 7531 8268 8332 9068
4184 4364 5049 5877 6850 7679 7967 8975 9732 10705
4207 5636 6393 7276 8074 8830 10091 10133 11100 12360
4263 4707 5300 6670 6781 8114 8891 8965 9928 10742
3896 4616 5589 6346 6922 7606 8579 9119 9696 10596
2494 3045 3309 3860 4388 4410 5203 5599 5776 6568
1198 1398 1539 1809 1860 2120 2411 2581 2792 2992
3102 3623 3961 4455 4794 5626 6017 6615 7136 7604
1604 1730 2151 2375 2712 2824 3217 3399 3932 4128
3449 4193 4969 5559 6024 6334 7048 8071 8537 9033
1148 1409 1479 1719 2010 2030 2401 2441 2742 2822
3788 5049 5193 6274 7030 7282 8399 9011 9480 10704
3518 3848 4239 5290 5800 6130 7001 7391 8322 8622
5408 5768 6399 7839 8785 9911 10316 11126 12612 13332
1262 1328 1604 1813 2023 2210 2464 2784 3048 3258
4838 5384 6729 6981 8032 8830 9629 10217 11646 11940
1333 1685 1829 2311 2402 2754 3105 3327 3470 3847
1424 1532 1821 2001 2278 2591 2663 2951 3348 3420
4337 4805 5859 6327 7459 8005 8942 9800 10932 11673
2722 3113 3344 3827 4357 5071 5485 5577 6406 6751
5207 6808 8009 8459 9560 10710 12011 12661 14012 15012
1464 1927 2179 2376 2530 3035 3217 3511 3764 3988
2745 2791 3574 3942 4196 4933 5186 5830 6245 6820
5390 6403 6909 7369 8750 9901 10591 11097 12616 13490
3560 3880 4617 5225 5898 6410 7627 7915 8876 9516
4103 4383 5119 5679 6905 7115 7851 9007 9637 10092
3518 3968 4359 4959 5440 6431 6791 7752 7962 8532
4004 4724 5049 6057 6922 7282 8471 9264 9768 10488
5648 6447 7200 8046 9316 10068 10774 12090 12843 13877
4207 5679 6393 6981 8158 8788 9713 10343 11730 12108
4849 6071 6777 8470 8987 9457 11103 11432 12326 13172
2924 3572 3789 4437 4924 5518 6275 6816 7518 7923
1934 2384 2889 2925 3394 3863 4241 4367 4926 5214
1896 2217 2537 2601 3018 3290 3851 3899 4204 4716
5858 6308 7459 8009 9010 10010 11711 12411 13262 14913
3697 4224 4597 5155 5745 6644 7234 7668 8537 9219
5228 5633 6939 8020 8200 9010 10496 11397 11892 12927
2248 2709 3169 3209 3970 4130 4631 4931 5212 5972
1438 1581 1881 2233 2350 2767 2936 3197 3457 3756
4778 5633 6894 7569 8650 9821 10091 10946 12297 13062
1304 1448 1881 1977 2302 2615 2783 3024 3240 3372
1912 2286 2678 3070 3291 3444 3955 4431 4704 4959
5273 5408 7164 7705 8245 9686 9911 10856 12477 13197
1068 1338 1579 1679 1810 2080 2311 2531 2612 3012
3285 3575 4243 5085 5607 6072 6855 7000 7726 8393
5672 5768 7401 7785 9418 10475 11435 11627 13164 14028
3683 4909 5294 6100 6660 7010 8201 8796 9147 9987
3440 4430 5058 5388 6610 6874 7634 8493 8823 9285
1503 1594 2089 2102 2441 2806 3105 3248 3405 3847
5225 6212 7153 8329 9034 9739 10445 11338 12561 13830
1027 1308 1519 1740 2010 2171 2361 2491 2612 2932
5458 6758 7859 8509 9160 10961 11111 12811 13112 14762
2171 2759 3033 3559 3790 4526 4631 5325 5892 6249
4460 5511 6183 7444 8032 8494 9293 10133 11100 12360
2685 3492 3961 4429 4872 5679 5913 6720 6876 7734
1188 1348 1549 1750 1840 2171 2291 2441 2682 2882
4716 5993 6389 7093 7930 9030 10263 11100 12156 12596
1328 1641 1893 2158 2218 2518 2723 2891 3240 3576
2446 2883 3367 3712 4219 4979 5140 5716 6360 6659
4495 5596 6917 7577 8678 9250 10439 11099 11848 12728
2213 2759 3054 3411 4210 4273 4925 5219 5892 6228
3544 4258 5381 5585 6470 7082 8001 8579 9430 9668
4738 5813 6459 7707 8180 9213 9987 10417 11235 12826
4448 4781 5448 6225 6744 8077 8743 9632 9817 10964
2472 2868 3375 3749 4388 4674 5225 5732 5732 6370
3194 3626 3870 4491 5167 5491 6464 6950 7464 8004
5436 6218 7139 7691 8566 9578 10453 11741 12340 13168
4868 5678 6669 7840 8155 9686 10631 11036 11937 13242
1407 1688 1997 2347 2810 3077 3315 3624 3890 4058
4138 4383 5259 5924 6345 7501 8061 8866 9567 10372
4448 5208 6209 6729 7490 8691 9171 10171 10972 11212
3068 3698 4809 5080 5410 6371 6881 7331 8052 8502
3683 4769 5294 6205 6660 7466 7746 8411 9252 9952
1243 1689 1845 2110 2326 2470 2891 2915 3312 3408
3624 4168 4841 5738 6282 6762 7147 8075 8524 9132
3128 3232 3857 4403 5080 5627 5965 6746 7084 7370
5720 6681 6969 7737 8986 10235 11147 11867 13164 13788
4448 5128 6369 6970 7650 8210 9211 9731 10652 11492
3059 3545 4329 4789 5005 5572 6032 6924 7032 7653
5178 5742 6683 7623 9128 10304 10774 11997 12420 13548
5202 6820 7702 8192 9418 10300 11722 12702 12899 14565
3368 3912 4521 5290 5930 6667 7083 8140 8972 9196
1590 1800 2109 2502 2782 2852 3315 3441 3694 3974
3400 3976 4713 5129 5930 6410 7051 8012 8844 9517
3788 4328 5337 6310 6994 7426 8363 8687 9984 10236
3475 4735 5279 5449 6164 7355 8103 8817 9498 9974
2958 3333 3709 4109 4760 5436 5536 6161 6637 7412
2908 3333 3609 4109 4810 5486 5561 6261 6937 7312
2864 3620 4125 4658 5330 5751 6535 6956 7320 8160
2339 2759 3327 3516 4189 4399 4946 5093 5535 6039
3271 4457 5097 5642 6026 6955 7179 7787 8780 9068
4643 5543 6804 8110 8650 9190 10766 11126 12117 12657
5178 5789 7388 8329 9316 9692 11197 11479 12279 13219
4807 6536 7353 8554 9514 10138 11435 11771 12924 13980
4263 4485 5707 6003 6929 8114 8521 9409 10298 11075
2494 3000 3309 3639 4322 4785 5247 5357 5886 6370
5244 5684 6829 7489 8062 9206 10131 11320 11584 12596
5206 5620 6863 8244 9210 9808 10683 11603 12616 12938
2816 2888 3657 4330 4546 5195 5435 5843 6324 7164
1174 1372 1758 1946 2045 2299 2475 2750 3004 3169
1748 2048 2334 2424 2965 3296 3461 3806 4107 4212
1448 1592 1833 1977 2302 2554 2771 3107 3360 3600
4957 6035 7163 7996 9271 9810 11428 12360 13683 14320
4643 5723 6444 7254 8605 9866 10226 11081 12522 12612
1800 2233 2313 2826 3114 3274 3723 4043 4492 4716
3372 3865 4649 4794 5781 6042 6768 7464 7726 8190
2469 2860 3597 3758 4173 4887 5416 5646 5992 6728
3473 4100 4827 5388 6412 6742 7568 8328 9252 9648
1568 1816 1959 2193 2571 2662 2949 3313 3509 3886
5720 5768 7209 8506 8842 10283 11291 11531 12732 13932
2946 3571 3935 4560 4898 5236 5861 6303 7188 7448
1861 2133 2576 2831 3138 3564 3836 4398 4687 4993
2048 2628 2969 3309 3770 4291 4511 5032 5592 5632
2937 3982 4562 5201 5288 5926 6710 6971 7668 8306
4880 5678 6519 6729 8032 9125 9881 10091 11310 12612
5408 5678 6894 8065 8650 9100 10451 11576 12342 13107
2269 2307 2916 3335 3734 4134 4286 4818 5009 5636
1861 2133 2440 3019 3155 3581 3853 4261 4772 4959
2507 2865 2949 3706 4210 4400 4652 5219 5493 5892
5528 6104 7065 7689 9082 9754 10667 12300 13260 14220
2308 2488 3069 3610 3930 4110 4731 5011 5392 5612
5240 5912 7017 7833 8890 10043 11051 12108 12492 13980
3848 4200 4969 5417 6058 6955 7371 8011 8428 9036
1516 1594 1855 2206 2441 2727 3027 3392 3444 3847
2870 3572 3924 4708 5356 5951 5951 6734 7221 7977
2738 3336 3675 4378 5106 5289 5809 6564 6954 7344
3008 3183 3834 4284 4760 5461 5686 6261 6537 7262
2582 2956 3133 3926 4124 4630 5005 5710 5952 6304
3167 3762 3897 4843 4924 5491 6437 6896 7275 7923
2041 2345 2688 3240 3696 3867 4324 4914 5123 5503
3998 4758 5861 6318 7116 8143 8409 9588 9968 10880
3836 4430 4893 5884 6115 7271 7337 8096 9219 9648
3228 3424 4237 5022 5610 5890 6591 7179 7600 8384
2308 2468 2889 3229 3690 4171 4411 5072 5612 5692
3475 4462 4837 6096 6436 7457 7899 8681 9192 9872
1229 1471 1725 1857 2199 2397 2519 2772 3059 3268
2377 2791 3413 4081 4219 4887 5255 5531 6015 6867
3671 4364 5025 5851 5950 6808 7403 8328 8757 9516
1733 2109 2199 2514 2935 3190 3611 3776 4077 4212
2014 2184 2525 2985 3223 3478 3989 4329 4755 4789
1520 1955 2039 2418 2782 2937 3259 3371 3694 3932
1672 2008 2393 2665 2986 3274 3851 3931 4444 4652
3407 4531 4939 5517 6674 6980 7491 8614 9022 10179
1098 1268 1469 1760 1810 2191 2241 2552 2702 2812
1128 1409 1439 1730 1940 2151 2271 2461 2642 2932
2042 2204 2601 3015 3394 3935 4277 4584 4818 5106
3788 4699 4944 6065 6730 7080 7781 8832 9392 10302
1451 1698 1920 2337 2454 2845 3131 3248 3431 3847
1895 2304 2627 2848 3359 3580 3972 4193 4534 4840
2976 3396 4433 4910 5106 6143 6311 6759 7572 8076
5112 5288 6961 7313 8326 9162 10527 11319 11848 13212
1450 1829 2109 2488 2530 2839 3105 3413 3708 4072
4930 5666 7185 8152 8428 10039 10821 11189 12892 13812
5366 6259 6777 8282 8987 10257 10727 12137 13078 13783
3372 3865 4330 4794 5462 6362 6826 7464 7813 8277
3998 4682 5443 6736 7192 8067 9131 9397 10044 11298
2114 2384 2835 3232 3538 3610 4223 4691 4691 5214
5480 6440 7353 8362 8794 9706 11243 12299 12780 14172
2758 3384 3559 4209 4785 5411 5811 6286 6537 7162
4805 5749 5995 6979 8128 8292 9605 10384 10918 11656
1646 1842 1983 2404 2712 2824 3189 3610 3778 4142
1328 1532 1785 1953 2170 2471 2675 2915 3204 3517
5808 6808 7909 8209 9660 10260 11311 12961 14012 14262
1262 1361 1736 1802 2001 2376 2574 2839 3059 3180
2117 2478 2916 3182 3791 4153 4400 4799 5275 5560
3932 4760 5085 6310 6850 7498 8543 8795 9948 10272
2507 2928 3306 3664 4042 4526 4904 5051 5577 6039
5344 5528 7369 7645 8842 9486 10913 11603 12846 13490
2288 2508 3189 3289 3910 4010 4611 5152 5432 5652
4600 4928 6446 7103 7595 8662 9810 10302 10672 12025
3823 4523 5084 5679 6520 7711 8201 8481 9147 9952
2504 3273 3729 3849 4666 4882 5483 6156 6444 7044
2978 3464 4086 4464 5248 5735 6140 6924 7194 7815
3680 4156 4871 5926 6368 7389 8103 8239 8988 9770
2234 2591 3222 3411 3916 4378 4841 5282 5808 6228
1604 1688 1997 2249 2558 3021 3301 3652 3666 4044
2136 2326 2783 3278 3487 4058 4362 4838 5066 5693
4838 5510 6435 6771 8116 8620 9503 10638 10932 12192
4298 5000 5586 6405 7147 8318 9293 9449 10269 10971
1292 1568 1821 2026 2218 2591 2747 3036 3168 3468
3548 3638 4599 5230 5560 6190 6731 7481 7932 8832
2948 3480 4153 4714 5610 5666 6479 6956 7376 7936
2318 2979 3199 3573 4146 4565 5027 5512 5974 6326
3985 5469 6054 7030 7654 7849 8747 9683 10932 11478
2626 2714 3177 3728 4014 4543 4851 5688 5776 6282
3338 3788 4719 4959 5680 6010 6701 7421 8112 8532
4796 5720 6561 7191 7822 8536 10007 10679 11772 12570
5183 6174 7029 7254 8830 9460 10091 11577 12252 12747
2978 3599 4113 4518 4897 5545 6167 6951 7572 7842
4964 5174 6309 6855 7780 8620 9629 10133 11436 12571
1688 1823 2109 2665 2875 3101 3536 3762 3942 4302
5258 6208 7259 8710 10010 10411 11611 12111 13112 14162
1704 1976 2249 2890 2906 3274 3643 4124 4300 4684
2494 2978 3089 3816 4366 4785 4851 5445 5974 6524
3023 3546 4649 5172 5578 6245 6594 7464 8132 8625
1321 1672 1998 2167 2454 2715 2884 3249 3548 3808
1346 1829 1998 2141 2571 2858 3027 3222 3626 3730
2883 3434 3659 4259 4735 5486 5686 6512 6662 7062
2653 3183 3551 3919 4518 4656 5232 5738 6107 6843
3144 3424 4293 4657 5162 6031 6731 6843 7516 8384
4168 4968 6209 6690 7330 8691 9411 9811 10452 11572
4107 5708 6200 6815 8210 8538 9523 10672 11123 11820
1328 1641 1737 2170 2266 2434 2843 2939 3204 3408
1292 1605 1785 2122 2242 2507 2651 3036 3156 3396
2972 3466 3857 4690 5106 5574 6043 6641 7058 7396
1316 1689 1761 2170 2194 2639 2687 3011 3216 3384
1752 2024 2265 2714 2906 3291 3803 4092 4348 4508
3788 4348 5049 6170 6800 7185 7886 8586 9217 10513
1316 1544 1929 2158 2350 2638 2819 3119 3264 3480
2132 2366 2835 2943 3610 3772 4277 4493 4800 5376
1912 2270 2389 2746 3223 3734 3768 4228 4602 4789
1141 1472 1626 1769 2111 2288 2607 2662 3048 3180
2737 3336 3961 4429 5106 5705 6199 6693 7266 7552
2933 3333 3634 4234 4535 5436 5761 6361 6862 7212
2924 3735 3924 4708 5383 5573 6005 6707 7032 7572
5601 6400 7200 8235 9128 10022 10539 11620 12655 13266
5131 6118 7388 7764 8799 10069 11150 11714 12279 13924
2406 2670 3199 3573 4212 4829 5093 5556 5732 6480
1929 2065 2695 2797 3342 3529 3921 4159 4602 4908
3488 3981 4388 4997 5781 5984 6681 7145 7697 8538
2107 2668 2949 3590 3850 4310 4791 5171 5512 5952
1537 1913 2139 2424 2890 3296 3611 3656 4002 4512
3248 3302 4032 4545 5086 5870 6248 6626 7302 7653
1320 1737 1881 2233 2467 2819 2897 3366 3587 3678
4838 6449 7369 7876 8980 9670 10637 11189 12110 13122
4586 5300 6393 7570 8116 8788 10049 10469 11058 12234
3751 4796 5229 6346 6742 7823 8615 9263 9588 10632
1537 1853 2244 2439 2995 3281 3506 3761 4092 4362
3592 3880 4585 5417 6346 7019 7147 8043 8876 9228
4188 4606 5443 6242 6850 8105 8485 9512 9930 11223
3770 4430 5025 5818 6610 6874 7502 8228 9219 9318
2608 3233 3784 4084 4960 5361 5986 6086 6812 7187
4036 4758 6051 6545 7268 8219 8523 9854 9968 11336
4337 5039 5898 6952 7537 8083 8630 9878 10464 11361
5298 5988 6863 8198 8750 9624 10315 11235 11972 13812
2024 2529 2781 3015 3304 3881 4061 4583 4836 5232
4880 5090 6099 7486 8200 9209 9671 10217 11772 11814
3893 4313 5399 6310 6940 7290 8131 8621 9322 9882
5366 5742 6824 8141 8705 9928 11103 11902 12420 14112
1522 1988 2304 2544 2950 3311 3566 3882 3912 4302
3656 3912 4905 5257 5962 6571 7595 7691 8588 9036
5349 6476 7506 8143 9320 10791 11722 12555 13683 14467
2972 3258 4065 4299 4820 5236 6147 6303 7266 7370
3539 4199 5124 5520 6379 6941 7403 8361 8955 9450
4733 6219 7119 7930 8200 9641 9911 10991 11847 12657
3107 4318 4907 5528 6117 6334 6986 7606 8475 9188
4103 4844 5859 6913 7108 7927 8591 9996 10347 11674
4530 4948 5975 6507 6926 8104 8979 9815 10310 10690
2006 2330 2673 3250 3286 3719 4097 4494 4692 5124
3158 4209 4269 5139 5470 6280 6851 7631 8352 8952
5007 6508 7159 9010 9460 10361 11761 12211 13312 14062
3770 4133 4761 5289 6280 7205 7436 8130 8658 9351
2883 3258 3834 4209 4785 5436 5861 6161 6687 7362
4607 6449 7323 7599 8566 9809 11051 11557 12846 12892
1643 2109 2199 2574 2950 3296 3506 3881 3927 4272
2212 2440 2916 3163 3487 4134 4381 4780 5256 5693
5741 6084 7555 8536 9271 10055 11085 12604 13291 14516
3605 4596 4794 5950 6115 6908 7436 8327 8823 9318
1646 1744 2193 2474 2614 3063 3301 3539 3876 4030
1038 1298 1439 1690 1840 2191 2291 2451 2782 2902
2738 3258 3675 4378 5184 5210 6225 6720 6876 7500
4408 5449 5809 6409 7730 8611 9051 10292 10772 11652
2150 2438 2835 2925 3520 3682 4259 4565 4800 5304
4448 5048 5609 6810 7610 8371 9011 10212 10692 11372
2676 2814 3413 3896 4403 5071 5462 5531 6291 6544
5398 6231 7751 8830 9565 10300 11428 12457 13095 14369
1720 2121 2505 2762 2906 3307 3547 4044 4300 4508
2920 3414 4065 4299 5080 5392 6017 6485 6772 7708
1963 2116 2627 2831 3342 3546 3853 4227 4449 5010
5131 6260 6683 8141 8517 9457 10680 11338 12655 14113
3998 4838 5609 5924 6975 7395 8411 8411 9462 10442
3407 4667 5075 5926 6402 7491 7695 8239 9124 9736
4020 4190 5041 5449 6606 7321 8103 8613 9532 9532
3683 4523 5329 5679 6450 7361 8341 8516 9707 10267
5288 5728 6785 7754 8018 9030 10263 11319 11716 12816
1542 1790 2011 2154 2454 2649 2871 3248 3509 3678
4298 5078 6210 6796 7030 8552 8864 10074 10542 11088
4936 5684 6477 7842 8326 9250 10351 11275 11892 12904
1088 1288 1469 1770 1870 2050 2251 2491 2802 2892
2117 2440 2916 3049 3677 3962 4191 4933 5218 5598
4292 4688 5625 6490 6922 7787 8543 8795 9516 10200
4648 5248 5649 6769 7690 8370 9011 10171 11212 12012
1068 1238 1559 1609 1940 2070 2331 2582 2772 2922
3963 4523 5224 6170 6415 7115 7956 8727 9252 9882
3624 4393 4649 5417 5866 6570 7275 8011 8812 9580
4374 5115 5448 6336 7262 7484 8373 8891 10335 11112
5003 5498 6984 7885 8920 9731 10226 11081 12432 13512
2207 2868 3199 3639 4256 4410 5137 5578 5886 6348
1448 1484 1809 2170 2230 2519 2735 2927 3144 3396
1207 1549 1736 1868 2111 2210 2607 2872 3015 3114
2251 2956 3529 3749 4234 4432 5005 5688 5732 6612
4036 4720 5633 6622 7534 7838 8447 9664 10196 10766
5436 6218 6725 7553 8566 9901 10683 11603 12202 13444
4378 4872 5747 6774 7002 7686 8903 9777 10044 11412
2079 2459 2821 3258 3506 4000 4495 4818 5294 5484
3052 4011 4591 5172 5462 6391 6420 7522 7929 8190
5006 5426 6351 7444 7696 8620 9293 10637 11730 12528
4989 6024 7247 8376 9316 9880 10680 12043 13172 14112
4568 4848 6329 7210 7930 8571 9211 9771 10492 11412
3102 3441 3883 4326 4716 5341 5861 6277 6954 7292
2207 3001 3485 3639 4058 4675 5159 5666 5798 6458
1658 1913 2199 2680 2800 3085 3401 3807 4107 4377
4764 5133 6405 7267 7882 8702 9687 10179 10672 11902
2608 3258 3559 4009 4985 5060 5611 6211 6937 7362
1672 2121 2313 2778 2890 3210 3835 4028 4412 4508
5103 6819 7751 8535 9614 10692 11722 12212 13438 14124
4141 5312 6171 6522 7810 8591 9293 9683 10190 11712
3748 4565 4939 5653 6334 7287 7525 8477 9396 9736
4107 4969 5790 6774 8210 8703 9072 10262 11082 12108
2129 2549 3075 3432 3853 4337 4904 5114 5850 6123
2607 2768 3229 4150 4403 4794 5531 5623 6452 6475
3680 4292 5143 5960 6606 7014 8069 8205 8886 9804
1231 1472 1833 2158 2338 2506 2831 3083 3300 3444
4568 5048 5609 7210 8010 8691 9011 9651 11212 11452
2330 3183 3436 4081 4380 4979 5186 5784 6429 6475
5125 5771 6330 7320 7965 9127 10030 10503 11493 12052
2983 3434 3784 4084 4935 5110 5886 6286 6937 7012
3782 5115 5337 6226 7299 7484 8336 9113 9669 11076
2712 3258 3857 4403 5002 5679 6173 6616 6980 7318
4436 5215 6405 7308 7923 8538 9195 10385 10672 11779
2348 2588 2869 3590 3930 4190 4791 4851 5572 5892
1068 1399 1609 1609 1950 2211 2351 2441 2772 2932
1707 2167 2474 2849 3189 3632 3955 4347 4466 4891
1422 1772 2137 2334 2530 2965 3133 3413 3834 4044
3086 3356 4113 4464 5410 5410 6464 6734 7329 7680
4807 6585 7305 7737 8842 9802 10763 12444 12972 14220
4041 5188 5929 6670 7336 8002 8410 9409 10298 10853
4064 5196 5898 6601 7225 8240 8591 10152 10425 11049
2149 2801 3369 3558 3832 4547 4715 5408 5766 6207
1807 2493 2637 2979 3322 3809 4259 4493 4980 5322
4502 5216 6729 6897 7906 9167 9503 10175 11520 12570
2428 2670 3485 3705 4168 4807 5203 5423 5754 6238
1503 1659 2037 2311 2389 2845 2910 3235 3509 3652
5082 5943 6889 6932 7922 8997 9815 10976 11794 12740
5138 5453 6489 7885 8740 9235 10721 10856 11802 13377
4007 5368 6089 7050 7770 8050 9611 9811 11132 12012
1328 1493 1769 1868 2100 2431 2497 2673 2894 3235
3418 3976 4411 5155 5900 6800 7451 7916 8413 9002
2193 2326 2897 3335 3487 4134 4514 4818 4971 5693
4263 5077 5855 6151 6818 7928 8262 9446 10150 11038
1364 1496 1761 2098 2374 2434 2795 2987 3252 3396
1400 1665 1821 2074 2242 2603 2663 2999 3276 3420
4220 4544 5229 5913 6814 7282 8327 8975 9732 10812
4528 5569 6129 7050 7450 8731 8931 10412 10572 11452
2951 3599 4167 4707 4978 5815 6356 6950 7221 8112
2250 2669 2878 3201 3658 4019 4552 4590 5294 5503
4540 5905 6433 7886 8150 9339 9691 11011 12332 12420
4884 6173 6771 7461 8290 9533 10775 11742 12018 12984
3401 4011 4098 4649 5549 5955 6942 7348 8045 8567
4407 5948 6917 7357 8678 9383 9735 11408 11760 12904
3720 3880 4617 5770 6218 6602 7083 8140 8524 9100
3488 3691 4069 4707 5491 6304 6449 7290 7871 8625
1763 1838 2304 2650 2950 3251 3476 3731 4167 4257
2402 2633 3306 3579 4042 4315 4841 5388 5682 6060
3278 3668 4749 5290 5800 6490 7151 7421 8262 8982
3511 3883 4535 5404 5931 6303 7172 7637 8475 9250
2672 3248 3585 4162 4330 4906 5507 6252 6564 6996
3824 4328 5445 6418 6634 7931 8039 8723 9840 10452
3607 4436 5193 5877 7138 7318 8507 9120 9516 10705
1438 1816 1920 2220 2415 2636 3079 3222 3535 3756
2624 3249 3513 4017 4546 5291 5363 5795 6660 6852
2888 3297 3561 4041 4642 4954 5507 6035 6708 6756
3256 4010 4330 4707 5723 6391 6768 7290 7871 8712
1778 1898 2124 2605 3010 3176 3341 3686 4077 4392
2255 2928 3138 3495 4105 4379 4631 5135 5787 5913
1632 1758 2095 2249 2614 2866 3357 3610 3904 3932
4264 5062 5443 6507 7572 8104 9131 9511 10576 11108
5005 5937 7555 7996 9810 10350 11183 12605 13585 13928
4112 5024 5671 6508 6964 7610 9055 9816 10386 11108
1912 2338 2644 3036 3291 3495 3836 4210 4449 5010
4351 5598 6545 7406 8223 9084 9772 10675 11536 12095
4231 4969 6487 6857 7882 8580 9031 10056 11041 12190
5084 6024 6589 7717 8799 9457 11197 11950 12514 13360
3718 4313 5329 5854 6940 7641 8096 9076 9532 10407
4328 4364 5301 6130 6598 7318 8147 8651 9912 10236
1674 1814 1997 2305 2740 2866 3161 3399 3834 3960
4688 5903 7209 7614 8830 9551 10631 11081 11982 12927
2816 3180 3831 4482 5210 5210 6225 6537 6954 7734
2234 2612 3285 3474 3895 4252 5009 5282 5892 6102
3720 3848 4809 5257 5866 6859 7115 8204 8684 9068
1607 2072 2393 2698 3114 3403 3659 4028 4300 4508
5672 6729 7209 7833 9466 10090 11243 11723 12636 13836
4128 5008 5769 6810 7370 8731 9291 9771 10772 11892
3648 4523 5399 6065 6345 7431 7921 8902 9392 9847
4292 4941 5229 5877 6670 7679 8471 9047 9876 10164
4184 4400 5589 6237 6850 7714 8507 8795 10092 10452
3037 4089 4689 4809 5740 6130 6701 7511 8382 8862
3102 3258 4091 4351 4924 5679 5757 6693 7188 7474
5888 6280 7604 8781 8928 10349 11575 12261 13144 13830
2907 3575 4417 4969 5781 5926 6884 6971 7784 8190
2924 3491 3978 4789 5086 5789 6383 6491 7140 8031
1963 2099 2678 3036 3240 3614 3768 4176 4721 5095
1292 1508 1761 2086 2326 2615 2687 3107 3312 3600
3770 4232 5025 5487 6148 6610 7469 8559 9153 9912
5288 6104 6969 8025 8986 9994 11003 11723 13260 14412
3935 4001 5223 5553 6148 7106 7766 8195 9219 9714
3578 4735 5143 5755 6402 7116 7661 8852 9328 9600
2761 3626 4167 4789 5248 5572 6194 6653 7194 7950
3338 3848 4299 4899 5740 6131 7091 7452 7842 8502
2423 2906 3505 4127 4587 4771 5531 5738 6038 6728
3856 4670 5892 6114 7225 7929 8817 8928 9928 10742
4248 5569 5769 7130 7210 8010 9491 10011 10852 11612
4103 4844 6093 6679 7108 7810 8825 9527 10581 11478
3608 3728 4359 5020 5470 6191 7091 7482 7992 8532
1707 2065 2712 2916 3172 3631 4057 4227 4755 5112
3308 3728 4389 5380 5530 6251 6821 7301 8172 8922
2894 3310 3675 4273 4872 5679 6069 6433 7136 7578
2607 3493 3649 4195 5028 5627 6147 6329 7214 7396
1963 2372 2661 2933 3155 3751 3802 4397 4738 4772
3935 4166 4662 5422 6016 6644 7403 7964 9087 9351
1412 1620 2037 2337 2584 2858 3053 3365 3600 3730
3697 4224 4473 5186 5776 6707 7172 7854 8413 9033
1219 1556 1785 2122 2362 2410 2747 3011 3336 3432
2833 3383 3959 4435 5010 5185 5661 6036 6987 7437
1623 2249 2313 2874 2922 3355 3627 3947 4348 4732
3278 4028 4779 4959 5530 6521 6911 7421 8022 8952
2251 2956 3507 3727 4080 4697 5071 5313 5996 6546
4259 4805 6171 6952 7459 8005 8669 9566 10503 11712
1098 1248 1499 1689 1940 2040 2291 2441 2802 2982
4566 5340 6158 7277 8309 9256 9600 10460 11364 12396
2870 3248 3897 4464 5383 5762 5951 6816 7113 7923
5168 6029 6459 7534 8481 9255 10159 10761 11923 12095
2307 2929 3482 3781 4334 4933 5324 5531 6429 6452
4040 4832 5733 6274 6814 7679 7931 9191 9912 10200
3464 3912 4969 5706 5898 7019 7467 7819 8684 9548
4033 4523 5119 5714 6485 7571 8271 9077 9112 10232
2722 3206 3528 3873 4610 5002 5255 5623 6084 6912
1451 1816 1972 2180 2545 2779 3027 3300 3639 3717
1174 1394 1549 1924 2199 2299 2508 2795 2916 3180
3138 4349 4721 5155 5931 6210 7389 8041 8196 8847
4437 5254 6588 7750 8481 8653 9901 10675 11407 12482
3368 3638 4539 4809 5560 6040 6911 7211 7992 8983
2360 2801 3285 3432 4084 4273 4925 5261 5808 5976
1555 1646 1881 2272 2610 2767 2910 3379 3405 3782
1825 2276 2619 3232 3520 3682 4205 4584 4782 5178
3788 4804 5399 5994 6345 7536 7956 9006 9497 10337
3303 4232 4905 5610 5898 6987 7659 7787 8940 9324
1598 1943 2304 2589 2920 3115 3596 3731 4197 4512
4226 4929 5300 6151 6966 8151 8521 9335 10372 10372
3680 4688 5229 6346 6634 7715 8255 8975 9768 10452
5390 6080 6909 7737 8382 9532 10131 11926 12478 13766
4716 5376 6609 7666 8634 9162 9779 11143 11804 13168
2128 2809 2809 3410 3650 4171 4431 4851 5412 6013
2234 2760 2991 3432 4042 4505 4820 5135 5661 5976
1793 2108 2319 2574 2995 3250 3596 3686 4032 4422
3088 3816 4153 5022 5442 6030 6451 7095 7712 8132
3356 3976 4628 5310 6086 6769 6893 7606 8692 9312
4208 4909 5504 6205 6450 7676 7781 8901 9146 10302
2021 2440 2783 3315 3677 4191 4514 4932 5313 5636
1280 1496 1881 2086 2326 2434 2879 2999 3168 3516
3986 4292 5347 6028 6572 7355 7661 8851 8988 9872
1128 1388 1439 1649 1970 2100 2411 2571 2772 2942
1284 1383 1714 1791 2056 2243 2453 2761 3059 3268
