1000 10 10
6 39 39 84 52 28 27 89 61 69 43 0 28
10 68 32 52 20 41 51 100 97 100 66 0 46
8 73 59 47 66 77 69 32 23 70 80 0 38
8 30 39 32 26 85 37 21 69 42 97 0 36
4 59 89 20 32 94 52 96 92 71 51 0 19
6 41 61 41 64 77 44 32 90 83 55 0 28
2 38 56 57 44 85 71 25 22 46 87 0 10
9 57 25 59 59 23 86 45 66 64 30 0 44
6 94 89 32 27 85 38 84 45 50 56 0 30
3 87 38 26 62 38 83 72 93 69 88 0 11
4 62 92 38 95 51 33 76 55 61 91 0 16
3 42 58 58 54 62 44 40 59 94 72 0 15
10 67 67 97 83 64 93 58 79 42 45 0 48
8 32 39 67 87 67 24 35 48 48 31 0 38
3 39 96 77 55 71 45 75 42 42 99 0 13
5 28 68 86 89 22 91 53 91 35 76 0 21
6 31 95 45 50 99 44 46 51 86 35 0 29
9 67 69 96 81 22 60 69 100 78 35 0 42
5 57 33 25 58 41 26 54 29 69 72 0 25
4 92 94 79 41 35 98 44 92 76 57 0 19
7 74 72 25 90 98 36 77 87 29 93 0 34
9 89 76 63 52 97 96 77 26 72 69 0 44
5 78 87 74 95 79 90 27 90 40 58 0 22
7 80 45 42 39 58 31 46 27 60 74 0 35
6 86 94 70 27 66 30 25 66 21 53 0 26
4 99 84 72 71 79 30 94 99 99 79 0 18
6 20 92 29 79 87 93 26 73 38 60 0 29
6 93 97 54 28 49 72 36 60 47 46 0 28
8 68 52 53 43 24 73 34 20 29 89 0 37
8 94 26 46 87 43 29 55 61 40 40 0 36
8 58 51 77 68 78 79 80 40 32 69 0 36
10 40 61 63 58 71 21 84 44 46 84 0 47
7 80 25 52 44 75 61 56 28 46 30 0 32
9 79 97 64 33 37 82 92 35 51 99 0 41
5 63 68 61 85 94 43 73 89 35 58 0 21
9 62 42 93 65 79 90 72 84 59 58 0 41
9 46 60 69 83 94 69 61 98 25 99 0 43
3 87 25 58 87 79 82 30 90 68 92 0 11
6 93 27 24 96 89 98 47 85 90 26 0 30
6 58 64 22 87 47 29 73 79 56 29 0 28
8 67 60 70 37 43 90 94 42 47 26 0 40
5 72 50 52 24 25 86 84 81 33 49 0 21
9 30 31 62 37 78 38 23 32 69 82 0 45
4 49 67 27 72 79 75 50 98 28 84 0 19
10 37 59 45 58 68 90 62 92 32 92 0 50
6 81 23 24 74 22 32 88 65 45 83 0 29
3 60 52 96 33 91 98 92 27 58 30 0 14
9 97 36 64 40 46 86 82 48 54 58 0 43
5 95 85 33 47 65 77 97 36 80 65 0 22
3 70 65 47 91 87 25 85 59 93 41 0 13
8 45 61 80 40 98 96 38 88 31 77 0 37
5 20 50 49 63 51 85 56 27 71 84 0 22
4 67 57 97 41 30 22 90 83 44 30 0 16
4 55 43 78 29 69 86 41 93 95 31 0 20
3 55 62 31 24 35 96 40 42 91 42 0 14
3 66 38 59 70 47 96 85 58 24 70 0 14
10 41 48 79 62 28 83 53 74 37 83 0 49
8 70 41 63 86 73 50 89 69 31 47 0 39
5 37 27 25 67 69 25 85 95 62 55 0 21
6 22 39 79 31 98 26 32 44 55 65 0 27
3 54 82 45 23 59 30 56 39 65 22 0 14
6 91 35 96 33 96 31 90 61 93 28 0 28
7 53 61 60 49 28 61 69 39 63 53 0 31
8 70 56 61 71 25 46 24 84 48 69 0 38
5 30 86 91 86 48 80 82 30 52 86 0 24
6 31 65 66 62 47 57 96 24 51 93 0 29
8 71 51 55 96 75 82 74 58 58 77 0 36
8 55 41 36 97 52 66 59 39 53 36 0 40
6 37 24 72 78 53 73 26 41 48 26 0 30
8 24 67 85 87 67 71 22 80 75 51 0 38
10 64 56 27 57 89 38 23 98 83 40 0 49
5 79 35 74 93 36 99 90 49 91 38 0 24
3 84 87 90 80 32 95 83 53 68 45 0 14
7 92 23 88 51 48 52 29 56 63 52 0 34
5 68 84 59 62 95 42 83 84 63 48 0 21
7 31 73 30 37 87 90 76 68 39 86 0 32
2 39 29 40 80 50 25 58 41 56 91 0 10
3 87 77 29 23 80 80 35 20 98 62 0 11
7 27 44 29 39 26 78 85 27 41 93 0 32
3 42 87 35 47 50 82 56 55 94 89 0 14
4 98 20 100 23 71 23 56 28 63 28 0 20
3 78 26 33 67 49 96 73 38 89 84 0 13
3 68 60 29 55 43 36 46 36 50 79 0 13
3 89 41 60 81 87 91 32 63 62 33 0 12
4 55 100 96 66 84 84 76 72 29 26 0 16
5 39 91 45 40 97 24 21 57 66 22 0 25
6 49 73 42 63 28 38 91 48 21 69 0 30
3 99 75 97 80 98 90 63 27 90 47 0 12
9 90 63 93 42 58 35 70 74 97 59 0 45
7 38 31 93 93 24 45 78 24 96 47 0 34
7 66 71 74 90 98 43 24 28 58 52 0 34
7 43 28 42 28 91 42 72 81 26 63 0 32
5 46 52 79 60 35 76 25 98 76 49 0 22
3 74 46 83 23 51 72 85 69 81 89 0 12
5 67 32 96 62 23 94 84 91 42 64 0 21
8 65 82 52 29 98 69 55 99 64 87 0 40
3 82 36 63 80 43 25 34 46 61 75 0 11
8 98 86 68 30 22 22 100 44 96 49 0 37
6 84 83 21 45 74 62 48 71 38 69 0 28
6 29 44 21 98 59 80 74 56 63 34 0 29
6 84 43 25 80 65 33 94 29 37 32 0 28
4 31 44 77 33 66 53 23 28 24 44 0 19
6 63 25 74 61 53 62 88 22 39 29 0 30
7 54 98 57 85 76 84 54 79 85 43 0 34
3 25 50 60 80 99 31 92 61 95 69 0 14
8 31 69 75 98 98 56 59 46 43 91 0 36
9 27 75 61 20 76 61 95 35 96 77 0 41
5 45 56 37 78 74 98 89 42 75 67 0 23
5 40 79 47 46 38 37 53 36 91 77 0 25
3 29 39 60 97 28 77 84 47 99 74 0 11
10 35 86 74 74 22 64 55 87 50 94 0 47
5 71 78 62 81 83 49 74 23 23 28 0 25
10 33 89 63 23 93 82 90 56 41 46 0 47
9 21 69 73 75 29 56 77 85 48 24 0 43
3 78 33 85 33 68 32 78 35 61 88 0 12
2 43 25 22 26 73 25 66 73 31 95 0 10
5 37 93 34 95 47 66 66 82 29 51 0 23
4 100 23 95 36 70 74 43 56 55 65 0 19
7 69 73 41 100 49 37 39 88 38 35 0 31
5 32 71 95 98 20 52 35 43 85 53 0 24
9 33 81 37 29 32 31 63 96 23 43 0 45
4 43 91 42 39 64 60 43 31 96 41 0 16
5 71 36 71 64 30 86 51 38 77 55 0 25
9 94 33 54 27 95 27 77 90 21 38 0 45
10 28 70 38 88 40 57 50 30 93 78 0 50
8 86 82 97 51 76 35 60 58 79 58 0 39
6 28 95 74 30 74 53 99 77 44 29 0 29
9 90 66 70 86 42 98 97 86 25 72 0 44
9 85 73 38 38 94 97 81 85 65 88 0 42
6 33 60 26 90 68 89 38 57 62 93 0 29
3 30 31 47 55 76 82 25 46 89 63 0 11
5 32 91 72 74 62 86 81 44 44 71 0 24
8 94 100 60 73 41 77 31 43 71 94 0 36
10 54 74 78 89 61 53 69 80 71 25 0 46
9 86 99 43 44 27 25 65 71 39 78 0 45
7 43 83 25 95 84 53 42 52 86 90 0 33
4 43 35 95 28 78 77 96 86 43 30 0 19
10 58 89 74 67 95 62 84 62 30 76 0 46
10 95 78 33 86 92 38 95 74 34 60 0 47
4 66 52 28 79 95 80 64 80 25 34 0 18
9 96 67 21 62 66 20 33 70 89 33 0 44
5 99 65 42 59 71 44 44 49 37 48 0 21
3 87 63 74 42 27 41 52 87 78 65 0 13
6 63 61 64 80 54 24 38 30 28 90 0 28
8 65 29 79 91 54 60 43 62 50 92 0 38
4 24 72 95 44 22 24 44 23 89 48 0 16
3 59 97 77 98 37 50 22 72 20 84 0 14
3 99 55 31 59 43 37 29 23 49 41 0 12
3 79 38 94 71 72 38 44 64 30 39 0 15
10 43 51 95 100 67 80 90 81 83 98 0 47
9 87 79 81 89 77 64 78 42 61 71 0 43
5 95 47 21 22 54 73 61 99 23 66 0 22
10 65 31 43 30 93 92 55 66 100 45 0 46
5 58 23 98 46 94 33 93 26 27 34 0 24
3 25 59 29 87 41 21 68 33 73 36 0 12
4 80 76 92 57 85 75 43 82 60 28 0 16
5 71 72 91 44 77 95 66 43 59 99 0 21
7 59 82 45 73 52 30 28 75 28 88 0 33
3 29 71 55 90 80 29 99 79 54 86 0 13
10 34 77 30 60 69 56 50 77 51 89 0 48
8 80 33 21 70 50 85 26 86 84 48 0 36
3 74 74 34 68 85 28 20 32 50 87 0 14
10 93 68 45 26 27 50 53 38 67 24 0 46
7 79 29 48 64 61 31 48 72 27 76 0 31
9 27 62 69 43 46 40 59 25 56 57 0 45
4 97 72 54 28 79 91 52 50 41 43 0 16
3 60 99 82 77 24 95 73 84 24 69 0 12
7 21 82 79 41 86 40 38 72 85 64 0 31
4 79 54 64 77 53 25 99 95 50 56 0 16
8 32 80 47 69 51 95 45 25 26 77 0 39
10 37 88 21 62 73 87 29 85 75 49 0 47
4 22 49 48 97 95 22 78 33 64 41 0 20
3 79 42 44 85 29 70 21 60 66 98 0 15
8 38 75 24 71 94 29 36 49 74 69 0 40
5 64 75 77 48 57 48 37 51 53 43 0 24
7 21 72 47 43 56 98 42 64 72 91 0 31
3 66 53 64 20 100 94 67 73 89 55 0 14
10 78 53 26 47 80 38 76 99 27 91 0 49
8 76 42 42 59 62 73 48 53 43 74 0 38
6 61 59 34 82 31 77 88 30 68 98 0 27
5 67 66 23 64 64 64 31 53 59 45 0 25
3 44 76 67 64 70 22 91 38 41 86 0 14
2 51 23 94 66 46 59 43 57 49 31 0 10
7 78 29 90 66 77 54 87 65 55 95 0 32
5 54 94 42 69 89 95 80 21 72 29 0 21
6 78 80 91 87 97 64 56 92 55 97 0 29
5 48 83 62 54 86 98 100 84 73 70 0 24
10 28 62 36 79 52 29 50 52 78 66 0 50
7 37 63 36 83 79 52 67 51 40 33 0 33
5 65 72 57 88 77 82 83 89 57 87 0 21
8 98 58 78 46 53 69 23 52 55 43 0 40
8 83 78 53 70 98 54 80 86 83 64 0 38
4 77 30 51 59 51 88 24 65 78 76 0 17
3 45 82 64 88 26 20 68 96 65 94 0 14
6 71 68 54 27 25 90 67 29 23 38 0 28
6 22 33 52 27 69 28 28 30 68 52 0 28
7 39 82 64 81 48 61 36 76 80 40 0 34
9 97 52 30 61 43 37 63 42 63 77 0 45
4 92 26 77 79 87 21 23 54 84 88 0 20
8 49 38 55 24 82 87 86 70 60 32 0 40
5 37 74 83 93 44 67 94 30 99 58 0 25
7 87 71 94 97 46 65 80 58 78 78 0 31
10 78 60 24 43 95 67 39 77 69 80 0 50
6 59 37 94 45 49 54 51 98 94 56 0 28
5 94 42 88 100 62 82 62 74 78 100 0 21
10 77 61 36 51 47 49 66 30 71 73 0 50
7 38 38 87 33 55 73 61 32 71 98 0 32
8 27 60 60 97 90 61 78 80 59 27 0 37
9 40 24 68 57 95 61 91 72 93 26 0 45
3 86 57 38 20 78 83 79 56 69 32 0 14
5 21 98 25 23 51 27 85 56 92 73 0 21
9 48 33 90 52 99 72 66 82 88 42 0 41
7 32 59 44 37 59 32 53 52 61 74 0 31
5 20 90 100 20 67 53 87 42 33 96 0 23
9 58 32 56 31 36 59 69 89 29 50 0 42
7 63 23 61 86 56 83 66 35 38 63 0 32
8 52 45 73 53 92 56 25 62 68 74 0 40
5 22 61 88 42 34 95 28 69 91 72 0 24
9 100 84 43 77 94 73 30 83 89 80 0 45
7 29 95 69 77 65 92 30 51 85 93 0 35
7 84 56 57 83 38 94 54 33 55 79 0 31
6 70 42 61 88 30 68 89 47 21 42 0 27
4 67 93 88 52 30 76 61 34 30 48 0 20
8 49 82 30 99 100 60 22 77 60 20 0 40
8 33 44 91 75 93 94 68 78 27 81 0 38
10 77 76 71 82 46 62 33 66 72 70 0 47
5 60 75 45 42 72 45 90 53 38 86 0 24
7 39 54 33 33 93 69 91 82 89 80 0 31
2 29 53 57 41 36 97 30 41 84 68 0 10
6 40 58 99 33 70 98 87 28 70 60 0 27
8 68 23 71 90 65 98 27 62 38 35 0 37
7 31 29 27 83 98 89 49 57 59 50 0 33
7 85 41 32 40 69 45 25 49 87 40 0 35
7 83 32 86 90 41 61 88 33 92 29 0 35
10 77 26 37 71 22 82 38 33 31 90 0 49
8 60 98 71 23 92 32 47 98 83 34 0 38
10 68 96 80 58 32 39 60 62 88 38 0 50
5 94 22 51 29 92 59 87 90 86 66 0 22
9 100 32 27 32 56 22 52 88 99 29 0 44
6 66 69 37 89 50 58 76 81 100 73 0 27
5 60 51 64 72 89 54 51 69 91 48 0 22
6 91 71 93 96 27 65 47 41 100 75 0 29
9 45 59 90 80 32 91 22 48 87 79 0 41
3 79 53 36 79 28 58 94 79 22 78 0 14
5 82 33 21 41 58 25 72 33 98 65 0 21
10 93 76 90 35 65 31 71 53 99 57 0 46
2 98 22 99 72 72 90 20 73 65 31 0 10
4 24 56 69 98 86 44 69 95 99 94 0 16
7 89 54 60 59 38 100 93 34 34 73 0 31
6 42 27 76 57 39 20 87 44 94 80 0 29
4 27 58 80 33 61 58 80 53 43 66 0 20
5 50 40 75 88 64 84 76 80 71 63 0 25
6 34 79 81 90 39 79 84 37 43 56 0 30
9 48 34 78 90 51 89 80 98 43 76 0 42
7 47 37 61 41 56 29 73 99 82 25 0 33
9 41 42 27 50 36 40 87 51 46 22 0 44
10 62 69 84 72 81 65 87 92 63 45 0 47
7 47 92 65 51 90 86 96 22 47 38 0 32
3 92 46 95 52 78 31 63 78 53 33 0 14
10 73 28 88 31 35 31 50 23 77 93 0 46
9 78 24 88 51 53 96 44 81 85 83 0 42
8 74 50 20 88 48 73 22 84 71 67 0 40
10 46 21 87 95 84 52 73 37 84 65 0 46
6 58 86 71 73 37 80 78 82 24 100 0 29
5 94 50 33 98 78 24 38 87 29 41 0 25
3 69 43 33 44 55 53 95 49 24 54 0 12
9 36 58 96 61 75 54 38 94 58 84 0 43
5 52 23 64 62 34 50 68 60 60 20 0 23
3 67 85 75 49 31 93 65 25 46 70 0 14
9 85 22 64 90 37 25 72 80 43 86 0 42
7 42 61 22 91 60 21 91 60 53 87 0 33
2 24 26 67 71 72 58 93 38 79 78 0 10
6 30 74 84 71 76 90 75 59 27 48 0 28
3 96 58 87 37 45 46 47 39 72 46 0 14
8 73 39 29 57 74 74 87 46 96 26 0 37
4 80 22 76 82 96 32 87 92 60 24 0 20
7 52 90 84 44 79 39 68 67 83 66 0 33
8 86 66 68 74 74 36 82 50 30 45 0 39
4 65 53 98 33 61 72 64 83 53 46 0 17
2 62 38 42 40 43 80 31 84 39 49 0 10
9 60 67 66 51 23 23 69 67 20 44 0 45
6 20 31 51 67 90 53 25 60 41 76 0 30
9 54 97 51 42 69 96 89 65 95 90 0 42
9 22 89 71 97 55 75 37 53 23 59 0 42
6 34 79 57 76 81 30 72 96 98 84 0 28
3 80 95 63 21 83 46 66 39 90 42 0 11
6 22 74 77 87 26 52 83 95 94 76 0 29
5 93 57 44 59 22 84 34 73 23 38 0 21
10 74 32 23 70 44 21 43 79 88 58 0 49
9 24 81 21 85 33 39 92 85 73 40 0 41
4 82 23 59 24 40 98 83 69 81 35 0 16
5 24 96 94 69 28 39 46 88 49 53 0 21
9 30 25 96 51 38 60 94 76 59 55 0 43
5 70 94 52 42 44 73 73 45 61 76 0 24
6 85 31 60 27 54 78 63 45 68 31 0 27
7 41 63 35 85 82 31 48 46 43 29 0 35
4 25 29 39 32 20 44 73 96 91 31 0 18
3 81 62 66 32 53 31 75 96 57 77 0 14
5 61 58 58 34 86 67 31 90 77 48 0 25
3 30 78 67 26 73 92 85 35 20 74 0 11
3 28 45 41 83 26 100 26 54 42 84 0 12
10 36 98 70 92 86 89 32 90 28 67 0 49
8 67 84 59 72 78 60 44 75 35 45 0 38
8 23 94 34 21 41 56 21 50 35 56 0 37
5 95 94 76 48 20 74 36 48 68 89 0 21
6 48 96 58 81 98 28 38 72 44 39 0 27
10 56 45 51 76 97 37 26 97 74 56 0 49
9 32 35 99 56 46 81 67 24 69 82 0 43
3 89 62 73 48 38 59 90 82 69 37 0 13
4 81 63 75 21 35 62 72 97 33 67 0 16
3 65 47 89 29 88 68 82 60 55 100 0 13
4 29 21 42 60 68 43 69 95 45 21 0 20
5 55 40 86 52 59 89 44 69 73 21 0 23
6 82 81 69 70 85 57 89 87 35 76 0 28
6 34 68 83 46 24 88 25 28 62 83 0 27
6 75 72 51 29 30 40 69 64 37 61 0 30
7 29 56 87 57 73 70 48 46 55 28 0 32
4 85 59 91 91 98 75 40 73 93 43 0 18
9 74 78 80 57 76 65 90 34 85 67 0 42
7 21 52 90 37 91 95 34 80 73 30 0 35
7 78 63 29 78 21 41 51 84 53 42 0 31
7 42 60 46 84 87 38 78 92 47 83 0 32
10 70 55 95 68 33 38 63 91 53 99 0 47
6 80 87 40 81 79 52 20 80 95 87 0 26
3 81 54 22 96 99 83 26 37 57 47 0 12
8 79 80 65 87 50 23 46 52 47 40 0 39
8 59 85 40 45 71 61 47 52 56 83 0 39
10 47 45 58 57 34 87 29 73 66 71 0 50
10 35 80 83 87 87 56 50 73 26 34 0 47
7 24 66 75 64 41 72 59 65 89 64 0 34
4 40 67 59 53 22 45 95 59 79 29 0 18
9 74 40 84 24 76 54 63 22 96 33 0 41
4 94 22 51 22 68 42 88 59 98 60 0 17
8 26 55 49 55 97 87 34 73 99 40 0 36
5 34 49 32 68 92 44 71 68 82 81 0 24
8 57 79 38 63 63 78 44 90 53 24 0 39
3 67 34 89 27 93 66 71 69 33 26 0 12
5 98 75 98 55 36 44 23 68 98 94 0 24
4 74 80 83 93 84 58 34 30 25 92 0 18
5 93 74 57 62 57 44 86 49 42 57 0 22
4 59 36 66 53 95 88 61 38 94 71 0 16
4 68 49 64 82 23 80 80 37 63 100 0 18
5 53 35 38 47 51 71 51 39 51 84 0 23
7 82 63 42 93 84 81 49 30 52 32 0 35
9 49 44 55 36 67 82 68 30 85 38 0 44
7 46 26 98 62 49 59 40 48 39 82 0 32
9 100 36 81 100 76 86 85 60 51 95 0 45
9 98 51 73 55 96 31 26 36 90 46 0 43
10 60 54 58 99 71 77 28 54 44 51 0 47
10 30 33 59 92 73 85 47 87 49 33 0 50
10 93 46 68 97 59 36 24 36 21 50 0 47
7 43 97 66 29 29 86 85 79 73 40 0 35
8 58 51 35 78 54 91 87 94 33 53 0 36
10 28 84 94 56 84 51 57 57 94 87 0 47
8 100 65 78 69 30 40 58 28 77 100 0 40
2 85 50 60 78 82 21 24 49 73 81 0 10
9 71 22 55 84 29 43 35 49 96 53 0 41
5 30 27 23 59 55 75 57 41 47 85 0 21
6 83 47 99 74 95 49 97 88 78 99 0 27
2 72 35 38 30 92 53 68 94 85 77 0 10
4 25 43 39 25 89 31 45 59 66 41 0 16
5 84 26 79 78 57 62 58 68 60 68 0 25
5 45 71 88 87 31 52 39 22 80 62 0 22
3 94 36 96 36 49 72 73 43 77 85 0 13
9 59 95 89 64 91 71 76 60 96 62 0 44
7 52 49 75 49 32 97 83 65 63 93 0 32
3 33 59 92 43 85 70 88 67 65 39 0 15
9 77 71 94 27 45 67 68 62 64 54 0 42
4 77 64 53 85 89 67 29 84 38 50 0 19
4 64 39 81 49 60 35 62 45 93 51 0 17
9 59 30 31 77 26 55 90 37 40 77 0 45
7 67 25 92 51 94 23 60 70 80 24 0 31
3 68 44 99 51 31 65 80 73 75 32 0 11
4 73 89 41 60 68 87 81 80 44 92 0 18
6 52 80 96 98 58 77 86 73 89 74 0 27
9 71 44 98 91 57 51 36 39 57 72 0 41
8 61 45 83 61 45 42 48 90 33 54 0 38
5 95 24 47 85 28 23 54 70 36 63 0 25
5 49 76 75 28 68 76 72 30 97 54 0 25
6 55 100 42 82 79 61 34 36 57 53 0 27
4 84 29 66 75 100 55 79 88 62 58 0 17
8 87 97 21 84 84 98 36 34 63 69 0 36
3 50 40 87 27 48 32 66 20 92 51 0 13
5 61 21 92 58 73 92 26 39 66 38 0 23
7 87 31 84 29 39 72 50 63 63 57 0 33
9 47 44 87 88 95 83 68 90 31 43 0 42
10 62 47 30 77 66 55 92 62 50 22 0 47
6 35 73 56 71 67 56 73 56 51 39 0 28
6 78 59 43 79 59 98 29 85 94 48 0 26
8 68 97 56 32 69 71 56 42 73 98 0 39
4 40 99 83 70 28 44 42 98 61 78 0 19
6 22 61 86 41 75 86 89 35 31 76 0 30
10 68 41 89 85 21 22 63 87 68 68 0 49
6 52 56 86 32 49 86 60 49 83 92 0 28
8 37 43 29 42 91 38 45 80 92 94 0 37
9 52 35 53 94 33 37 68 73 99 70 0 43
8 86 21 68 84 95 91 98 94 62 40 0 39
7 91 78 100 47 28 65 43 58 96 25 0 35
9 78 82 71 74 82 55 21 57 86 35 0 43
4 27 78 88 97 63 46 43 43 73 34 0 20
10 66 72 95 58 100 28 35 68 44 23 0 48
8 71 26 92 76 88 41 77 28 48 42 0 36
10 82 34 71 59 21 56 83 26 95 23 0 47
9 65 70 52 86 77 42 34 50 39 29 0 44
10 96 41 37 64 67 25 97 51 63 34 0 49
8 32 30 43 57 56 45 30 48 31 88 0 39
3 66 98 57 82 44 48 40 57 28 36 0 15
8 40 73 47 58 30 90 67 49 71 91 0 38
8 35 81 82 35 92 42 93 43 71 74 0 37
8 92 30 35 27 74 72 100 32 97 74 0 36
5 91 30 100 45 95 32 96 43 73 25 0 25
10 60 23 27 52 35 78 86 26 30 84 0 49
8 41 75 87 78 22 88 84 54 72 64 0 38
10 24 79 60 38 48 57 83 30 25 32 0 47
7 81 48 70 35 70 26 45 92 62 44 0 34
9 84 52 28 82 93 24 96 55 67 80 0 42
3 92 32 40 83 61 54 26 62 75 43 0 14
6 73 24 38 94 35 62 51 90 48 54 0 30
6 48 54 39 41 45 55 29 48 89 27 0 30
7 46 44 25 34 86 33 52 63 24 22 0 34
4 76 79 75 29 89 71 45 33 62 82 0 19
10 77 87 99 66 82 63 50 94 55 62 0 49
3 61 37 80 21 29 77 67 94 41 68 0 13
7 95 25 96 71 28 67 71 57 90 94 0 34
5 35 82 89 83 45 84 45 66 39 79 0 22
3 32 45 71 38 87 25 31 72 43 27 0 15
3 62 26 60 34 24 28 76 91 45 80 0 12
7 75 52 70 28 75 70 96 95 47 53 0 32
9 43 28 57 37 49 94 21 78 31 83 0 45
10 86 71 46 87 83 30 34 58 84 51 0 47
8 80 54 51 72 30 74 75 82 86 57 0 36
2 81 30 88 55 34 43 52 77 75 88 0 10
8 56 49 55 96 62 92 37 44 34 97 0 38
6 23 57 23 34 48 71 54 23 49 33 0 27
2 62 65 87 60 47 57 23 89 42 38 0 10
3 62 85 49 30 21 29 58 34 81 77 0 14
6 69 23 30 71 32 33 48 42 93 80 0 26
7 98 79 42 69 65 85 24 86 40 48 0 33
3 34 24 23 49 47 63 86 51 31 24 0 15
8 28 64 86 56 82 66 75 42 37 26 0 36
6 34 83 74 89 44 39 57 26 52 34 0 28
4 41 66 23 41 76 99 54 56 74 49 0 18
6 61 67 97 24 30 86 89 57 89 45 0 26
10 90 78 21 38 98 63 81 95 86 27 0 50
9 36 82 42 74 41 59 48 43 56 53 0 45
8 61 43 82 29 61 51 97 46 72 31 0 39
10 21 58 24 70 88 57 64 25 69 21 0 50
4 91 36 61 29 34 40 25 27 47 71 0 17
6 68 42 44 86 32 77 54 64 87 76 0 29
5 57 93 59 93 22 63 79 66 47 38 0 25
5 46 69 61 45 85 20 67 25 90 46 0 24
9 90 76 36 84 21 46 93 29 62 59 0 42
6 47 72 79 34 47 75 57 50 95 48 0 26
8 44 25 34 79 63 25 47 91 30 80 0 40
9 30 71 30 46 67 28 93 25 67 58 0 45
3 97 48 38 79 52 58 91 71 84 69 0 15
7 29 40 80 60 51 32 72 57 71 43 0 33
3 77 44 70 35 25 57 71 39 34 26 0 11
3 68 39 23 55 90 56 47 65 77 95 0 13
10 24 77 84 92 95 94 46 88 73 93 0 46
3 55 35 27 35 71 34 20 24 28 57 0 12
7 90 44 61 21 68 68 52 30 65 62 0 33
7 52 57 33 69 63 84 25 37 72 80 0 32
4 21 49 21 71 47 97 59 27 87 47 0 16
5 22 55 66 32 22 86 43 22 65 20 0 21
5 49 21 37 28 94 33 93 81 80 43 0 25
4 63 43 41 59 32 65 98 84 81 88 0 16
3 29 66 77 40 38 47 21 69 91 39 0 15
5 88 25 59 79 82 86 63 99 67 27 0 23
5 35 38 33 84 42 28 92 49 47 46 0 21
4 64 74 100 90 22 94 60 34 35 29 0 16
4 83 90 35 91 90 43 59 25 31 73 0 18
9 96 31 90 89 41 27 74 60 65 56 0 45
8 40 58 36 44 32 97 85 54 57 56 0 40
7 20 64 28 26 22 84 59 28 45 42 0 31
3 88 94 45 36 93 59 52 90 99 99 0 15
7 79 50 100 99 85 87 77 56 88 87 0 34
5 65 33 36 60 59 93 37 77 53 82 0 23
4 87 51 72 61 95 100 72 30 80 92 0 18
3 30 35 53 82 62 89 78 48 84 22 0 14
9 68 32 49 55 99 49 76 25 71 69 0 44
4 35 59 25 32 75 56 43 28 66 76 0 20
8 31 45 75 89 93 100 87 89 78 21 0 36
5 73 94 28 56 57 48 72 95 98 52 0 25
6 52 40 89 79 74 92 65 72 56 65 0 28
6 36 56 35 56 33 94 50 44 81 37 0 27
6 38 36 91 65 38 35 38 87 62 34 0 30
5 48 65 84 39 90 76 95 65 96 80 0 21
10 84 86 79 61 94 21 79 33 85 100 0 48
10 30 40 59 41 43 58 45 55 54 58 0 46
10 48 95 78 33 67 37 52 58 52 35 0 47
6 28 96 25 25 68 44 94 39 51 83 0 30
6 50 28 71 77 83 21 76 30 52 77 0 29
4 61 26 53 21 35 28 72 81 27 58 0 18
3 93 44 61 69 62 73 46 36 60 94 0 12
3 74 41 68 84 34 37 56 79 92 54 0 14
10 58 97 72 39 74 94 72 88 84 83 0 48
8 76 66 81 66 93 49 61 58 72 64 0 38
3 33 54 27 31 38 41 43 81 59 78 0 13
10 95 97 83 38 51 58 92 43 25 97 0 46
4 23 97 44 54 64 76 28 68 45 56 0 18
10 79 63 59 87 91 88 69 31 91 84 0 49
9 26 83 49 87 71 53 75 58 69 70 0 41
8 97 37 52 41 23 40 89 88 31 70 0 40
8 36 47 79 32 82 35 27 91 21 25 0 37
6 82 95 32 44 92 56 93 89 63 72 0 26
5 21 93 100 36 85 90 27 84 58 22 0 25
7 39 61 35 63 22 66 22 78 59 94 0 32
4 63 33 69 89 84 58 62 95 38 27 0 20
10 41 77 31 65 37 37 91 58 88 32 0 49
3 26 62 99 56 65 31 23 28 53 47 0 11
10 29 40 61 81 71 95 87 72 100 38 0 46
10 95 26 94 69 63 36 59 26 26 26 0 49
6 86 31 24 26 46 51 83 31 60 55 0 29
5 90 30 90 27 36 99 47 27 75 83 0 21
5 89 94 87 79 76 93 75 73 22 80 0 21
6 93 53 68 53 96 35 52 21 70 99 0 27
10 73 29 70 26 48 36 83 45 62 44 0 48
5 97 86 67 51 96 41 24 80 81 29 0 22
2 30 38 87 21 88 88 38 60 29 83 0 10
4 91 91 49 42 62 43 84 79 46 68 0 16
6 53 100 77 85 57 44 65 85 74 31 0 30
10 53 23 69 50 63 98 69 46 24 48 0 46
7 71 97 65 68 98 31 70 56 71 78 0 34
10 33 97 26 54 61 65 63 98 70 88 0 50
10 48 100 89 53 90 59 36 75 61 86 0 49
6 97 22 98 97 60 73 35 26 40 56 0 27
3 28 44 54 36 27 27 53 78 59 78 0 11
6 77 43 31 42 27 31 25 89 31 72 0 27
9 92 29 26 78 27 71 90 61 45 26 0 45
6 57 74 68 26 73 37 86 88 34 60 0 29
10 85 74 31 35 39 57 42 94 25 64 0 46
5 60 86 65 44 41 55 91 51 89 76 0 25
3 41 62 46 83 55 64 81 83 67 31 0 12
5 71 90 87 66 62 34 73 84 51 32 0 24
7 57 21 78 92 84 77 99 38 59 62 0 32
8 20 47 26 89 37 41 36 57 76 50 0 38
4 32 41 74 97 28 63 39 69 67 51 0 18
7 35 25 83 41 28 63 52 98 71 73 0 32
7 31 35 52 30 72 28 81 96 44 84 0 35
7 80 80 48 59 43 24 49 65 37 51 0 35
4 92 71 57 28 43 45 74 27 84 43 0 17
9 98 55 58 75 87 43 92 31 64 79 0 42
3 42 91 70 42 52 44 30 31 100 89 0 11
6 92 53 25 75 59 94 30 66 75 81 0 29
9 26 28 76 39 47 72 49 47 80 34 0 41
6 62 30 77 27 56 57 70 43 68 40 0 28
8 95 80 84 56 83 88 34 72 38 41 0 38
3 73 99 23 28 83 67 58 64 75 59 0 11
9 81 97 46 84 95 48 64 38 70 80 0 43
8 76 99 94 24 44 92 74 61 97 33 0 40
4 79 80 28 25 76 38 41 49 66 52 0 20
6 74 44 90 40 87 20 74 59 89 34 0 26
10 43 21 91 31 75 86 86 36 90 100 0 48
8 43 53 78 48 33 97 43 92 27 79 0 36
9 71 27 38 44 78 88 81 24 49 58 0 43
9 68 47 57 69 48 45 67 93 60 32 0 43
5 24 67 69 98 90 60 57 82 54 45 0 21
6 56 21 21 99 77 73 56 53 69 39 0 27
3 48 26 57 48 44 69 26 58 33 75 0 15
9 40 85 57 50 46 47 48 97 21 42 0 42
8 76 37 40 63 31 55 54 99 58 72 0 36
7 51 72 32 87 25 67 26 66 26 39 0 34
4 52 68 85 94 54 90 35 25 55 31 0 16
7 88 73 71 35 27 68 64 42 29 42 0 35
9 68 78 98 69 53 66 31 74 97 27 0 43
6 66 56 63 71 25 40 49 57 92 77 0 30
7 75 31 98 46 70 70 89 97 69 92 0 31
7 91 58 40 29 37 24 26 95 38 24 0 31
10 83 53 90 63 39 93 64 52 49 71 0 49
3 96 95 25 76 92 95 27 73 22 38 0 11
3 97 90 24 96 39 28 66 31 40 62 0 13
3 28 45 52 24 34 49 92 63 91 58 0 12
7 55 78 57 57 63 44 20 22 41 44 0 34
5 89 40 81 83 62 59 30 98 40 34 0 23
4 23 52 83 85 72 56 36 50 77 73 0 16
3 67 64 62 65 49 88 75 24 78 48 0 12
6 71 26 49 55 96 99 60 59 90 49 0 26
9 70 20 36 35 96 48 97 35 97 98 0 45
4 72 46 97 97 66 32 98 75 64 71 0 16
3 60 22 100 39 90 99 24 98 27 59 0 13
4 82 55 74 35 44 94 84 33 83 89 0 17
6 53 86 84 98 88 67 67 78 45 34 0 30
5 52 68 68 35 29 94 58 59 85 93 0 24
10 58 61 86 87 46 78 68 48 29 85 0 50
3 86 54 79 71 44 21 24 27 85 69 0 11
8 39 37 42 88 36 29 28 95 76 28 0 36
6 97 80 96 47 23 74 79 63 93 94 0 29
7 48 75 96 43 55 76 59 69 88 68 0 31
7 39 92 60 81 53 67 54 20 50 30 0 31
8 89 53 46 69 81 62 74 82 22 55 0 39
9 56 28 21 83 85 85 25 59 36 78 0 43
3 43 87 24 66 48 100 60 95 27 57 0 14
2 67 22 40 68 81 33 94 36 30 76 0 10
6 43 57 46 37 94 40 51 45 58 70 0 28
10 52 35 73 97 33 66 88 57 98 100 0 49
6 48 79 21 25 91 55 31 39 25 69 0 30
6 52 81 84 94 26 49 42 72 90 24 0 29
8 37 83 49 43 81 48 93 80 43 38 0 40
4 56 36 35 96 29 29 90 21 38 98 0 20
10 70 86 58 43 91 38 73 49 52 44 0 47
9 96 41 49 32 36 64 98 84 99 30 0 43
2 66 95 46 95 73 87 65 70 70 72 0 10
5 46 83 68 54 57 69 90 41 42 31 0 25
9 45 29 27 56 42 20 53 54 36 50 0 41
5 24 35 62 59 25 54 72 32 58 39 0 25
8 93 84 82 86 76 83 44 87 51 100 0 40
7 59 23 89 91 82 57 65 56 89 53 0 31
3 66 61 69 83 89 39 44 52 33 31 0 12
8 84 77 69 26 23 34 93 94 84 89 0 38
3 77 50 64 90 99 30 45 85 26 48 0 15
7 56 90 21 59 40 98 66 90 94 85 0 31
4 84 30 55 83 73 32 48 97 43 98 0 20
3 87 60 36 36 59 98 73 24 89 70 0 11
9 75 90 59 81 25 27 35 47 64 80 0 41
8 75 66 84 61 66 91 64 47 80 49 0 38
6 32 61 55 49 49 69 53 31 99 67 0 28
3 88 62 30 56 42 58 62 73 70 79 0 14
10 56 84 60 32 91 91 33 52 52 26 0 46
3 47 82 20 80 43 97 37 48 100 87 0 14
5 69 51 33 89 72 42 83 27 90 46 0 25
9 75 92 27 92 21 99 98 77 75 82 0 42
3 37 23 94 31 56 94 35 90 56 87 0 14
7 70 73 43 84 31 23 37 70 72 79 0 34
8 58 62 75 57 37 28 51 49 22 58 0 39
3 38 35 64 33 22 34 77 62 51 85 0 12
9 75 43 96 52 23 87 21 63 38 41 0 41
6 59 26 33 91 61 99 39 69 28 33 0 30
10 76 22 49 33 81 22 72 96 70 84 0 48
6 96 33 29 81 97 58 49 31 89 95 0 30
5 64 66 69 75 32 57 63 98 87 62 0 25
7 83 89 98 40 95 78 78 64 36 73 0 34
3 97 84 73 80 72 81 31 97 33 54 0 11
6 59 47 58 89 95 60 82 37 30 92 0 27
6 90 49 30 23 93 63 58 53 32 49 0 28
10 89 80 79 50 27 32 82 83 46 87 0 47
4 22 26 53 32 51 35 50 22 20 55 0 20
8 48 20 42 98 26 30 25 77 35 65 0 40
9 68 37 48 93 40 62 52 47 98 78 0 45
7 72 60 93 39 74 42 66 69 46 86 0 35
5 78 86 90 33 33 76 72 22 86 48 0 24
6 97 72 66 25 66 84 54 96 66 43 0 28
9 68 60 57 63 27 43 26 51 56 20 0 44
6 74 96 60 23 44 74 96 77 90 100 0 30
9 63 29 87 73 65 75 88 84 20 35 0 44
6 39 22 39 20 47 55 54 80 78 94 0 30
9 46 43 46 38 93 79 37 69 21 61 0 43
6 70 71 52 43 38 55 92 93 73 32 0 27
2 33 99 51 52 88 22 53 82 100 76 0 10
7 64 49 27 89 52 46 57 55 78 54 0 32
8 80 79 99 56 60 45 60 51 20 29 0 38
7 60 76 77 48 80 46 43 94 30 68 0 35
9 32 70 34 96 98 99 64 94 74 40 0 42
7 78 53 23 73 71 99 63 81 52 87 0 31
8 66 21 32 37 71 97 90 43 99 29 0 40
3 25 53 90 84 59 55 91 56 68 55 0 12
5 87 35 64 73 89 90 38 96 79 20 0 23
9 29 53 30 60 89 41 27 50 78 54 0 45
7 94 58 75 26 35 89 77 36 27 47 0 32
7 27 73 59 69 33 58 46 65 55 47 0 32
5 95 99 79 95 32 29 91 29 84 57 0 23
4 40 98 92 100 60 46 55 21 84 61 0 18
5 59 67 74 57 44 45 37 23 90 21 0 24
9 42 39 99 32 72 33 41 93 81 83 0 45
4 89 35 48 61 69 62 29 75 55 62 0 17
8 60 57 58 90 57 28 21 37 97 33 0 40
3 31 51 82 74 25 83 71 93 26 96 0 12
9 51 37 48 87 84 88 31 64 99 70 0 45
8 25 20 44 32 86 52 53 70 64 68 0 36
5 28 77 25 95 39 46 37 45 64 83 0 22
7 47 62 66 79 90 89 56 77 47 22 0 32
8 31 64 31 40 64 61 32 55 61 72 0 39
5 80 76 29 72 70 67 46 53 98 96 0 25
6 76 54 49 73 43 88 66 24 63 21 0 28
9 75 76 42 54 78 33 24 25 28 69 0 41
3 89 54 68 60 90 65 49 62 92 28 0 13
3 50 67 87 73 40 40 68 89 31 81 0 13
10 54 77 45 59 39 26 61 75 95 41 0 49
4 74 41 76 39 89 44 43 46 22 26 0 20
7 43 83 71 83 35 28 95 77 97 25 0 32
5 38 56 62 69 43 50 70 27 63 31 0 25
9 50 38 46 71 46 57 81 21 64 39 0 44
2 92 77 35 44 32 23 98 22 52 82 0 10
6 77 26 29 64 22 45 96 93 57 56 0 30
10 71 43 47 48 67 57 97 42 60 76 0 50
9 94 36 30 27 24 96 57 50 98 46 0 43
4 100 31 72 36 46 71 69 54 29 80 0 20
10 63 58 34 57 68 61 41 80 43 79 0 49
9 64 67 33 47 38 55 43 78 38 31 0 41
9 27 36 30 75 47 65 80 36 92 39 0 44
6 94 40 41 21 50 90 99 74 47 78 0 28
8 87 25 52 94 33 75 21 31 35 59 0 39
8 96 88 67 76 79 46 98 76 73 35 0 39
6 68 79 84 79 67 100 74 84 52 69 0 30
4 98 22 71 98 83 84 66 22 34 68 0 20
9 93 43 37 84 81 67 55 84 79 90 0 45
8 35 57 31 88 34 21 62 51 65 86 0 40
4 36 23 73 42 29 24 64 27 100 31 0 16
4 25 80 87 39 41 45 99 80 35 75 0 19
6 31 25 61 49 96 52 88 28 31 73 0 30
7 23 21 61 99 42 85 23 54 93 60 0 33
3 81 22 91 33 48 99 97 32 60 41 0 15
8 82 80 82 37 57 28 25 64 80 83 0 36
9 62 46 64 46 73 58 82 89 30 69 0 42
5 81 62 84 86 32 74 75 30 84 64 0 22
9 82 23 30 84 92 70 35 88 83 46 0 41
3 60 67 33 68 54 50 28 77 81 35 0 12
3 30 22 43 99 79 67 75 66 44 85 0 13
8 42 99 71 84 35 58 66 30 66 31 0 38
10 31 48 63 97 90 82 61 49 59 41 0 47
10 88 88 88 34 53 91 80 31 82 51 0 46
6 73 74 56 51 70 42 23 76 63 55 0 28
4 40 65 53 80 83 68 48 23 68 73 0 16
4 61 69 53 32 57 92 44 78 54 66 0 18
5 100 96 72 74 81 35 30 53 22 85 0 24
9 46 84 72 100 80 54 54 46 73 33 0 42
7 38 50 58 34 33 32 73 49 87 22 0 33
4 75 57 64 22 86 24 45 71 26 95 0 19
10 45 51 65 82 21 87 37 25 91 32 0 49
10 100 91 59 42 24 42 81 92 55 49 0 46
9 28 36 55 31 75 84 24 33 29 90 0 42
4 70 30 72 33 74 26 37 49 74 24 0 20
8 87 95 49 71 95 21 52 83 61 79 0 37
8 65 45 46 41 76 66 83 32 86 24 0 37
9 95 90 36 51 86 92 58 68 66 72 0 41
9 22 73 37 82 93 21 38 94 40 71 0 43
8 66 65 66 99 39 63 46 56 100 80 0 39
3 79 38 92 63 73 26 46 63 40 83 0 14
9 70 70 29 76 36 43 99 78 70 38 0 43
3 66 66 67 41 31 59 50 43 99 66 0 14
3 30 23 98 81 83 97 79 54 45 79 0 13
9 30 92 70 26 82 59 25 65 84 69 0 44
5 53 21 72 65 91 82 81 47 20 71 0 21
4 45 51 83 56 55 49 77 73 39 37 0 19
9 94 97 42 72 41 100 81 100 57 61 0 45
8 58 21 87 91 57 66 58 50 60 56 0 39
3 46 52 27 38 76 62 93 57 82 65 0 13
10 26 84 66 36 36 43 38 89 68 40 0 48
6 60 73 98 47 95 81 38 43 97 40 0 28
4 46 50 56 86 87 53 33 97 80 85 0 16
6 100 39 57 64 49 62 70 97 51 40 0 28
3 84 45 55 70 54 86 60 26 42 50 0 13
3 68 73 48 88 57 45 84 38 76 60 0 11
6 97 31 20 72 26 81 81 26 49 89 0 30
5 57 50 78 49 89 93 51 24 90 91 0 21
8 58 85 82 77 74 54 89 83 74 38 0 37
4 72 70 20 57 80 58 52 59 55 77 0 18
9 73 75 56 65 54 73 42 83 27 95 0 41
5 66 81 74 29 33 87 20 53 22 95 0 23
5 81 83 43 79 32 81 89 96 27 28 0 22
3 60 49 49 80 76 38 27 21 53 77 0 13
7 95 46 70 43 47 38 87 42 49 23 0 35
10 35 26 40 90 30 29 71 53 26 55 0 46
7 30 95 87 71 36 40 23 56 40 68 0 32
5 86 69 73 26 23 72 61 81 90 32 0 25
7 78 71 89 33 54 82 75 89 90 37 0 32
3 41 71 62 29 100 31 22 32 67 28 0 15
10 74 36 96 95 60 54 64 47 71 92 0 46
6 50 72 88 55 43 72 25 87 43 32 0 29
8 59 49 30 78 72 81 28 50 48 50 0 39
3 93 67 86 47 25 76 38 86 74 70 0 14
8 60 39 52 39 54 48 96 75 31 82 0 40
7 28 77 99 25 71 73 37 65 71 34 0 32
8 25 36 55 65 76 31 85 96 28 35 0 36
4 39 60 80 60 45 43 76 51 62 43 0 18
8 69 36 30 51 72 85 66 88 85 83 0 37
4 72 95 56 64 71 100 44 23 99 49 0 19
6 46 20 57 26 56 36 93 41 88 53 0 30
8 76 52 95 31 64 72 73 21 44 43 0 38
6 33 96 58 72 64 35 40 98 71 58 0 27
7 39 51 81 25 28 47 35 61 39 63 0 31
7 29 79 69 87 41 37 68 26 77 41 0 35
6 88 39 99 29 92 64 21 55 60 89 0 30
6 62 95 49 70 22 48 27 27 68 42 0 26
4 78 64 26 54 21 87 54 77 90 45 0 20
7 33 69 44 64 20 94 45 31 40 78 0 31
2 71 48 76 41 100 65 66 54 40 85 0 10
9 23 78 78 59 46 70 48 51 32 51 0 44
9 23 28 22 84 75 92 74 29 21 92 0 43
3 60 75 89 50 45 98 97 59 36 66 0 15
3 29 99 24 97 76 69 33 97 60 81 0 11
5 38 26 64 26 78 55 98 76 82 44 0 24
7 34 31 78 58 71 42 41 97 28 87 0 31
9 34 23 23 22 95 26 58 25 40 89 0 41
7 71 72 46 67 63 76 45 99 39 84 0 35
6 42 55 77 77 25 84 86 94 67 86 0 30
7 30 61 22 43 73 48 50 42 75 76 0 31
9 43 84 80 89 84 73 71 95 96 73 0 44
5 96 23 76 91 63 27 64 30 21 71 0 25
4 56 99 27 65 29 32 71 52 60 63 0 20
9 62 53 39 48 70 81 52 44 54 82 0 43
5 42 29 50 66 74 39 24 87 61 21 0 23
5 40 92 62 95 22 31 23 86 51 36 0 23
6 91 76 60 94 57 54 61 98 23 66 0 29
5 54 48 56 70 33 30 88 78 54 41 0 25
9 81 97 46 98 53 57 60 60 61 72 0 41
10 90 34 58 27 92 57 50 53 55 96 0 49
5 28 61 53 24 35 74 91 41 25 75 0 23
6 43 21 59 93 56 37 64 47 36 80 0 26
6 28 62 45 45 57 87 21 29 68 25 0 30
8 57 93 37 25 20 40 98 95 39 42 0 36
8 59 28 95 68 73 21 96 47 57 90 0 40
3 34 24 52 27 72 90 57 61 27 72 0 11
9 88 86 51 50 25 72 20 63 23 69 0 44
10 44 57 67 90 38 71 92 69 34 43 0 49
5 78 32 96 80 97 78 67 73 21 23 0 21
7 98 59 83 37 98 36 30 26 72 60 0 32
6 79 26 87 38 88 38 85 86 90 63 0 27
3 89 66 27 47 36 71 97 58 98 77 0 14
9 26 51 37 85 49 47 36 70 30 29 0 44
3 72 52 65 73 48 84 65 85 64 81 0 11
10 29 46 81 88 44 50 69 54 49 31 0 50
3 64 47 40 79 24 59 42 42 66 79 0 12
9 53 95 83 67 92 81 39 99 38 85 0 44
3 63 22 58 60 62 48 94 39 78 50 0 15
3 99 37 77 77 41 91 25 39 91 78 0 14
3 21 66 32 88 83 84 64 82 53 93 0 11
7 83 22 65 40 99 40 40 71 29 65 0 31
4 78 42 88 23 47 88 60 52 77 38 0 20
9 61 29 80 82 78 23 93 98 29 92 0 44
5 88 67 87 43 70 24 25 54 48 81 0 25
7 42 85 23 61 28 96 59 51 30 51 0 35
4 26 90 57 97 74 43 32 33 59 50 0 17
10 74 70 34 70 81 53 39 79 46 28 0 47
6 21 54 93 87 37 34 38 98 53 20 0 28
3 82 47 77 85 63 87 21 39 68 99 0 12
6 76 47 61 92 44 31 96 80 49 80 0 28
8 45 68 78 51 93 50 45 64 58 85 0 36
3 53 98 51 43 22 82 58 72 86 67 0 14
6 34 34 65 81 37 69 70 29 44 86 0 26
8 43 88 37 66 41 59 54 56 50 31 0 36
3 80 68 56 71 38 41 48 53 67 59 0 11
3 34 92 77 38 84 100 74 76 59 61 0 14
3 79 98 38 96 100 62 39 49 30 90 0 11
5 63 52 50 45 53 93 72 36 91 69 0 21
6 85 84 93 47 82 55 82 62 32 57 0 30
5 42 73 87 65 77 51 47 42 26 60 0 22
6 29 79 25 78 85 24 27 87 47 80 0 29
6 74 62 100 39 39 66 83 94 88 25 0 29
10 65 95 51 86 55 76 27 46 27 88 0 46
6 89 21 86 58 43 49 89 72 57 58 0 27
2 85 35 34 47 48 69 36 43 45 84 0 10
8 52 67 44 84 86 25 43 24 21 99 0 37
9 30 22 61 50 40 91 46 76 38 29 0 44
8 51 61 60 26 65 37 59 21 26 26 0 36
6 78 37 44 92 98 78 72 62 27 30 0 30
8 27 52 81 27 63 27 62 95 93 40 0 39
9 77 59 93 27 59 91 41 26 97 62 0 45
3 91 30 93 43 92 98 81 55 57 67 0 15
9 54 97 64 63 85 96 86 21 91 69 0 41
8 22 94 70 41 99 66 88 80 50 40 0 37
4 71 63 87 31 95 35 51 99 62 69 0 16
6 23 24 34 69 98 38 91 62 35 89 0 29
7 22 37 55 75 66 57 69 54 54 90 0 34
6 76 98 67 36 62 74 25 70 49 69 0 28
2 37 28 75 97 42 59 23 87 43 76 0 10
3 65 27 39 95 96 59 40 39 46 71 0 14
4 27 88 73 29 46 34 37 36 46 67 0 18
7 60 39 94 81 68 73 37 57 93 64 0 35
3 87 26 60 95 87 53 44 65 85 69 0 12
8 72 42 92 41 69 63 85 33 21 75 0 40
3 54 46 43 78 93 22 39 88 23 85 0 15
4 36 27 74 33 30 91 46 21 21 63 0 19
6 30 32 53 89 34 56 39 30 56 58 0 26
5 58 39 47 83 35 94 90 41 20 72 0 22
8 63 92 96 33 95 91 61 82 97 35 0 40
6 100 25 76 53 93 67 46 40 83 56 0 29
6 34 44 24 26 49 72 41 55 73 55 0 29
3 65 82 21 83 42 50 32 82 49 80 0 13
10 69 26 92 60 73 83 83 97 26 51 0 50
2 59 34 69 67 51 38 95 95 97 77 0 10
5 20 23 49 65 40 53 71 92 75 76 0 23
6 30 54 72 49 79 86 76 76 67 34 0 28
3 61 77 90 95 40 70 74 68 85 23 0 11
3 78 47 32 90 72 42 24 28 64 88 0 11
3 32 97 91 20 81 56 53 33 33 37 0 13
3 33 99 50 98 88 74 46 42 40 55 0 12
9 39 38 89 97 93 42 22 65 29 26 0 44
6 91 56 70 46 68 34 59 26 90 43 0 27
8 31 48 27 63 81 77 20 51 82 32 0 39
3 52 31 55 76 56 90 55 48 74 38 0 12
6 38 58 74 35 23 59 95 98 88 92 0 26
6 50 64 40 74 24 94 35 49 51 47 0 27
5 87 79 50 80 22 27 98 47 77 73 0 25
8 51 71 20 66 66 82 45 78 83 55 0 38
9 87 98 83 31 86 82 51 33 80 20 0 42
8 40 61 81 81 92 97 30 27 50 86 0 40
9 72 70 77 45 46 99 76 47 79 75 0 44
9 67 22 35 46 88 37 53 90 60 93 0 42
3 80 78 62 47 99 62 81 37 73 27 0 11
7 93 43 52 78 33 55 96 26 99 95 0 33
5 37 56 82 80 62 32 94 38 21 92 0 22
5 74 55 52 62 40 36 49 88 33 42 0 25
4 88 43 37 32 95 56 52 28 85 96 0 19
10 52 38 56 53 79 96 82 69 36 83 0 47
5 58 36 29 21 75 74 59 26 62 32 0 21
5 26 63 71 22 24 89 63 40 75 99 0 24
3 93 93 68 63 82 75 51 81 61 40 0 13
5 23 49 30 69 25 68 47 100 66 35 0 25
9 71 52 23 28 92 36 24 29 82 82 0 44
7 52 31 22 88 57 77 33 24 31 36 0 31
9 57 37 47 22 26 63 40 73 69 31 0 44
7 64 28 35 75 23 41 84 65 69 66 0 31
8 65 57 91 66 24 45 41 71 61 35 0 37
8 55 25 93 100 73 61 80 63 27 68 0 40
3 79 42 79 76 37 100 67 31 96 63 0 11
9 21 40 59 28 51 95 25 22 52 67 0 43
8 96 56 60 86 88 73 54 92 96 69 0 37
8 87 48 60 81 66 78 30 70 57 92 0 38
9 63 79 40 50 32 30 41 75 48 63 0 44
9 74 61 45 29 93 30 64 67 94 39 0 44
5 34 57 60 79 89 26 92 42 28 77 0 22
5 91 24 87 79 28 36 80 97 35 98 0 21
6 56 21 61 75 89 26 36 55 73 62 0 27
10 70 70 43 48 98 68 87 22 29 23 0 46
6 79 23 25 74 53 85 78 66 89 65 0 30
8 71 27 51 87 82 100 47 23 77 66 0 38
3 23 65 47 86 67 52 86 59 95 65 0 14
4 71 39 85 27 52 92 43 68 46 68 0 16
7 26 29 95 66 78 94 46 68 31 97 0 35
5 46 66 89 90 24 56 42 57 75 27 0 22
4 45 27 85 20 26 78 56 53 53 82 0 20
9 63 54 62 28 54 45 68 39 23 78 0 43
6 51 90 66 95 33 56 89 73 40 27 0 27
3 75 38 79 72 24 35 50 23 71 80 0 14
9 29 32 32 60 74 43 39 39 29 22 0 41
5 99 75 32 100 99 90 51 93 75 82 0 21
6 94 73 46 46 96 67 96 50 31 21 0 29
4 93 91 46 48 54 80 79 21 60 35 0 17
8 86 33 29 89 78 38 66 27 43 39 0 40
8 70 85 35 69 59 90 79 42 76 91 0 39
3 23 29 87 55 78 54 92 91 77 57 0 15
7 77 69 26 31 79 49 95 43 49 21 0 35
9 71 45 51 41 87 67 81 52 55 25 0 45
3 84 28 53 30 26 71 33 81 25 64 0 11
4 86 34 40 75 21 31 89 68 86 34 0 19
10 39 72 62 32 80 22 28 47 63 52 0 46
4 92 28 73 88 65 44 56 73 57 33 0 19
9 78 80 89 52 61 31 87 62 48 43 0 43
9 27 49 33 86 97 69 89 32 79 67 0 42
10 95 83 45 45 73 69 82 80 20 84 0 47
7 43 37 76 49 80 39 32 64 88 39 0 33
6 47 36 85 73 42 95 99 60 79 86 0 26
7 67 86 62 100 52 90 47 69 88 22 0 31
7 85 97 59 30 69 60 37 76 20 91 0 34
7 97 36 40 30 81 39 41 68 76 82 0 31
5 51 85 32 24 94 44 60 92 43 95 0 25
4 76 22 47 67 72 97 66 78 28 91 0 18
4 48 54 64 77 66 75 93 96 27 52 0 18
8 60 32 85 82 92 86 37 27 38 40 0 39
4 50 88 94 49 80 22 49 55 39 76 0 17
10 89 22 44 70 84 71 61 40 32 26 0 46
6 41 50 90 53 77 28 29 44 72 95 0 27
4 51 36 45 81 48 41 25 49 50 87 0 19
10 65 42 95 30 47 91 71 43 41 82 0 46
6 82 95 69 55 20 41 75 29 96 55 0 28
8 38 68 99 69 78 38 70 89 25 21 0 40
3 23 54 32 43 65 23 43 34 24 27 0 13
7 69 62 98 49 80 52 56 91 98 61 0 34
10 97 95 46 60 71 90 94 43 89 46 0 47
8 70 61 31 63 57 23 89 27 27 55 0 36
8 84 47 47 30 30 67 44 37 44 43 0 38
8 37 92 49 55 53 77 50 47 94 73 0 39
10 69 69 54 35 49 59 66 55 63 48 0 49
8 94 57 45 36 42 83 20 62 36 24 0 37
9 61 96 21 68 33 44 51 37 88 42 0 45
7 80 45 43 28 81 88 44 27 65 53 0 33
3 33 89 46 33 23 99 84 37 85 31 0 11
7 91 35 100 53 88 84 42 65 92 27 0 31
10 32 24 77 83 94 61 30 50 87 51 0 50
10 30 58 70 91 99 61 65 98 59 40 0 47
3 47 47 29 30 42 38 42 68 95 93 0 11
8 84 39 20 78 34 27 67 78 47 58 0 37
9 44 88 22 40 72 93 96 80 91 28 0 43
6 91 78 28 90 88 70 40 98 40 57 0 29
10 31 73 25 38 42 30 28 65 27 26 0 50
3 81 53 80 38 62 49 58 37 86 82 0 15
9 36 79 61 41 48 34 33 48 54 24 0 42
5 61 29 74 75 30 53 82 39 70 62 0 22
3 83 37 31 65 61 97 63 31 61 61 0 11
7 66 67 80 75 27 29 57 74 100 46 0 34
9 42 89 50 95 73 53 77 28 46 86 0 44
8 48 45 52 57 52 71 73 58 69 63 0 36
7 40 70 57 36 84 43 81 23 23 61 0 31
8 20 62 76 60 28 22 57 97 75 90 0 39
6 91 80 96 45 83 62 92 82 74 85 0 29
5 34 51 20 94 100 67 57 83 71 77 0 22
6 39 94 30 86 50 21 55 62 48 32 0 29
9 67 37 45 80 89 95 34 92 51 87 0 42
7 96 20 64 53 86 92 26 87 61 97 0 32
3 84 47 93 60 83 51 28 75 81 26 0 13
5 92 93 47 51 77 53 35 78 57 100 0 25
3 96 75 30 67 90 53 20 52 20 27 0 13
6 98 56 26 44 53 54 100 95 28 84 0 29
8 30 29 24 56 92 21 74 44 55 51 0 38
10 40 77 40 79 62 53 26 45 95 85 0 49
5 89 75 51 34 52 39 30 86 86 79 0 24
6 56 36 34 71 54 98 93 61 93 96 0 29
3 67 94 54 74 66 81 93 39 85 85 0 15
10 95 90 54 33 80 85 47 22 100 55 0 48
86 112 84 88 86 105 136 78 122 103
103 133 146 174 187 203 222 256 279 296
111 121 144 168 199 211 228 245 272 296
112 125 153 179 189 200 237 257 263 283
102 134 141 178 187 218 239 247 267 283
104 138 155 162 181 204 225 257 275 287
109 124 152 176 188 213 231 251 269 287
109 136 151 178 180 212 237 258 269 281
116 129 146 168 191 209 230 240 263 292
100 121 158 177 199 219 234 244 271 288
113 134 160 160 180 210 228 256 279 285
113 126 157 170 197 216 240 241 271 284
102 125 142 173 189 203 240 253 280 281
111 140 144 177 180 207 233 246 276 288
107 125 141 180 191 205 236 243 264 282
101 136 145 173 188 211 229 242 260 300
113 136 155 175 190 200 229 256 263 285
120 135 160 176 180 211 236 242 273 285
109 121 143 165 194 213 228 252 273 289
118 129 144 178 195 219 229 248 279 295
109 128 148 180 180 220 234 249 278 283
106 136 155 165 182 215 240 260 260 289
113 123 160 161 197 208 225 251 262 283
109 122 148 176 197 209 239 260 279 288
114 132 140 172 185 219 225 247 268 281
109 125 149 166 187 212 225 257 261 292
108 135 158 162 180 201 235 254 261 289
105 120 144 175 198 219 234 249 278 290
117 121 145 174 192 204 232 253 260 297
106 135 156 175 190 215 239 249 261 300
109 129 153 163 185 206 234 248 265 299
109 127 158 174 195 212 233 241 268 298
110 136 150 160 188 211 225 251 261 292
108 127 148 166 190 213 222 258 270 287
118 128 152 171 190 200 239 259 263 283
118 123 143 162 199 201 228 254 263 283
101 123 158 162 200 205 224 240 261 299
114 129 152 179 180 201 232 240 262 281
109 138 151 180 184 217 220 249 261 294
106 137 149 175 189 220 237 254 279 281
104 134 158 162 186 201 226 259 266 294
108 136 144 169 186 208 223 249 272 295
113 122 142 172 185 202 234 250 276 290
115 125 143 164 193 210 234 245 265 289
113 130 159 170 198 200 235 258 263 290
115 126 151 179 198 203 223 241 280 289
112 134 149 163 187 213 221 247 278 280
117 131 148 167 184 203 222 248 270 299
119 133 159 175 192 214 228 253 267 282
116 126 157 171 195 204 240 242 278 282
102 129 157 167 189 200 232 245 275 293
110 131 157 170 192 210 235 251 265 283
100 132 150 166 200 202 223 241 274 299
105 131 142 174 191 219 238 243 260 284
109 131 146 180 190 215 227 242 265 300
112 121 154 164 195 215 240 249 263 297
101 122 146 160 185 214 234 249 267 292
111 127 150 180 192 209 229 243 270 287
106 124 156 161 200 220 231 243 267 289
101 124 151 176 182 211 239 249 276 282
107 130 140 166 194 205 234 240 270 294
107 128 147 171 190 201 236 257 265 286
105 127 149 172 199 205 222 252 261 283
100 120 151 176 183 213 230 246 275 284
120 121 140 179 194 202 231 250 272 291
107 138 160 178 198 201 238 246 271 294
116 128 158 179 198 206 240 244 274 297
104 136 147 173 181 209 226 246 262 293
111 121 150 165 187 200 225 260 276 280
109 134 148 169 195 205 236 250 273 286
112 140 155 173 190 215 235 259 277 292
108 133 140 173 186 220 234 242 273 285
117 125 145 177 192 213 223 255 260 296
104 121 158 169 182 208 232 259 262 287
108 135 140 169 189 202 228 251 262 284
113 120 146 177 190 214 236 255 275 280
111 138 152 176 200 216 226 256 269 288
117 130 160 180 190 213 238 242 262 280
105 140 148 167 198 213 238 248 264 297
118 137 150 161 184 219 226 257 277 300
107 135 142 168 188 213 226 252 269 281
115 128 141 176 196 212 230 241 266 293
117 130 148 166 199 208 225 259 266 281
106 124 151 179 183 206 231 258 280 285
119 133 160 168 192 206 238 251 264 297
103 124 158 161 187 212 222 248 263 285
112 126 152 162 199 215 224 245 271 287
113 127 146 172 191 209 220 245 260 298
118 122 157 165 186 216 222 248 267 291
105 130 160 170 197 215 230 246 276 300
104 133 153 180 182 206 227 259 261 295
115 122 148 165 197 215 222 249 279 298
114 137 154 165 200 206 235 250 266 285
104 135 149 166 184 220 227 243 270 290
113 139 154 170 183 212 229 257 266 289
115 138 155 172 186 214 227 251 270 283
115 137 149 168 190 206 236 250 262 284
118 140 149 163 187 216 239 254 261 290
120 137 153 170 196 214 231 244 265 299
102 137 152 161 183 210 229 260 263 292
115 127 147 166 181 203 235 245 272 282
117 130 144 164 200 206 226 254 266 282
101 126 151 160 191 212 232 249 265 299
115 128 155 174 196 205 229 247 269 284
119 136 140 178 185 200 227 248 272 282
120 120 153 174 199 208 221 259 276 300
113 130 151 163 199 213 229 252 274 300
117 122 142 180 181 202 240 251 280 285
116 127 145 173 190 219 237 241 267 295
109 121 155 180 192 202 221 259 274 299
112 134 145 172 184 200 238 250 273 293
110 138 145 178 199 206 235 240 280 298
116 124 157 163 194 218 226 243 280 291
104 128 150 180 182 208 227 243 265 294
113 129 143 174 192 215 224 248 271 298
110 122 156 177 194 215 229 249 264 286
100 133 144 179 194 210 224 245 280 290
109 138 141 166 194 211 235 248 268 299
111 132 153 170 200 202 221 253 272 295
106 129 159 171 192 207 226 256 280 285
120 139 160 169 194 202 236 244 274 283
104 137 160 165 182 211 225 256 260 298
115 132 144 166 192 202 239 252 273 298
104 123 160 179 181 219 238 242 280 298
100 123 147 167 194 206 231 257 266 295
106 133 143 160 185 201 240 243 280 300
106 132 142 170 182 213 239 259 269 282
113 122 148 170 187 217 238 255 273 300
116 123 147 177 186 217 238 241 275 290
118 126 141 170 182 212 228 251 268 292
103 132 149 176 199 211 227 246 265 296
115 136 142 169 186 203 231 260 260 281
117 137 155 161 192 220 234 246 268 289
109 135 154 177 190 205 235 245 276 290
103 120 152 172 190 212 221 249 261 291
101 129 160 167 181 208 224 250 278 300
102 139 145 161 189 202 230 242 273 280
120 132 149 174 198 201 225 248 263 281
107 132 140 175 196 217 224 259 279 286
113 120 155 177 183 216 222 246 261 295
110 122 156 179 184 206 239 258 277 283
104 127 155 160 190 206 229 259 279 283
105 121 150 165 186 212 226 244 266 291
105 138 140 177 185 205 229 259 265 300
115 139 158 174 197 202 239 246 263 299
119 133 141 166 195 205 224 241 264 280
102 120 147 168 180 211 236 256 276 287
103 130 154 161 185 201 238 259 263 295
117 127 142 177 195 216 238 247 280 289
120 137 144 167 184 203 231 246 275 287
102 123 149 169 198 212 232 246 279 291
108 120 149 167 191 216 220 252 262 282
116 135 140 165 194 216 221 258 275 288
107 128 146 178 191 210 233 243 273 286
115 129 154 169 185 201 237 245 280 287
117 137 150 160 183 211 227 256 268 287
109 128 158 162 182 213 239 246 262 280
105 135 148 172 186 212 234 249 262 298
106 136 148 173 191 203 238 248 271 295
114 138 146 178 185 210 240 240 262 293
110 140 146 163 196 208 239 255 271 294
120 133 147 174 187 216 237 260 271 283
102 121 152 164 198 200 227 244 267 290
118 133 153 163 182 209 230 242 269 300
110 123 158 172 200 206 230 241 272 299
109 140 146 165 192 205 240 242 265 291
116 123 141 174 190 214 220 260 261 282
118 138 158 172 182 202 235 253 270 290
115 135 150 165 195 218 227 255 267 280
114 133 152 173 184 215 238 246 262 288
102 129 153 168 198 219 230 258 271 286
109 136 147 172 187 207 232 241 275 294
100 124 143 161 200 217 225 254 261 292
117 120 144 173 186 212 231 248 263 294
109 128 142 178 181 204 231 242 274 297
111 135 160 177 186 200 223 260 263 295
116 126 140 179 193 208 221 241 267 288
113 121 140 166 183 200 229 243 271 284
102 128 148 165 181 201 226 241 260 280
103 121 151 163 195 205 230 246 279 285
100 131 143 180 182 210 236 246 265 284
118 129 151 161 187 219 228 246 266 297
102 121 155 180 186 209 239 241 260 297
100 124 143 174 191 205 229 252 263 283
113 121 140 160 180 205 234 259 262 294
102 122 144 178 186 216 225 258 280 300
115 125 157 168 200 218 225 242 270 280
102 120 152 162 194 201 234 244 266 293
118 120 158 165 181 205 227 252 274 297
111 122 149 173 186 217 221 240 270 280
103 136 140 165 181 210 229 254 264 298
104 138 159 175 200 214 239 257 269 294
105 133 155 171 187 220 231 259 274 289
113 120 152 162 200 217 240 240 280 282
106 131 152 164 190 215 222 244 264 299
110 121 140 162 195 213 230 248 271 300
115 123 144 169 197 220 227 248 262 291
108 121 140 164 185 200 237 259 272 294
103 132 159 175 196 215 225 260 272 289
111 127 150 165 185 203 226 245 274 285
115 130 153 177 192 204 225 251 279 296
117 123 149 163 184 218 220 259 274 296
116 133 155 174 195 218 220 253 262 281
112 134 151 169 180 215 227 241 267 291
114 127 153 162 200 210 231 250 267 289
107 126 153 180 181 212 235 243 261 288
116 129 151 164 196 203 220 259 275 282
114 136 156 175 194 212 233 251 272 290
103 128 156 161 197 207 221 254 262 283
114 138 148 168 190 209 233 254 269 291
120 133 148 164 180 220 235 258 269 292
119 121 152 170 194 218 240 240 264 295
103 122 158 161 197 210 223 241 264 298
110 132 149 166 180 219 232 257 269 297
111 122 157 164 182 219 229 260 277 285
103 137 147 161 184 214 236 244 265 295
112 136 143 175 197 202 234 256 276 297
103 140 158 161 194 214 221 242 263 290
107 134 154 177 193 220 222 256 264 287
114 128 141 161 198 217 225 260 267 298
104 131 151 176 194 214 223 252 280 286
119 137 147 179 197 218 236 254 274 290
103 129 150 169 182 219 221 247 276 286
101 127 151 168 180 209 238 251 280 280
113 127 150 166 194 201 222 248 279 298
118 133 147 174 187 206 237 240 267 295
108 120 144 172 184 219 235 245 268 282
102 129 141 167 195 201 222 240 277 288
102 137 148 165 180 202 240 244 276 290
103 136 159 170 197 201 226 252 260 299
104 134 146 172 190 218 238 253 265 291
105 124 147 167 193 206 235 244 267 296
103 139 142 175 186 202 228 251 262 298
119 134 158 162 180 213 223 249 264 286
105 138 159 162 192 202 237 241 275 295
113 120 146 172 199 210 229 250 264 293
109 122 159 176 186 206 225 247 274 282
115 136 144 178 181 220 230 256 273 300
115 133 155 167 180 213 239 255 262 280
110 136 140 169 190 208 223 250 263 294
113 124 140 173 192 208 227 250 260 298
107 132 140 162 182 210 227 245 266 288
118 128 148 179 197 217 235 247 261 289
112 128 153 172 184 205 226 250 261 291
100 127 155 178 187 219 226 252 272 280
119 122 143 167 195 216 230 240 264 296
102 130 158 170 195 217 240 258 279 296
103 134 154 176 195 202 240 243 274 290
112 129 153 171 197 217 227 245 262 284
117 134 142 163 192 205 225 245 274 298
100 139 149 166 184 205 236 242 266 281
107 138 157 172 200 206 228 260 267 300
100 127 152 180 180 200 237 248 262 287
119 122 145 164 183 200 224 254 273 293
120 121 144 170 181 207 236 256 261 280
100 132 149 179 180 206 227 248 272 293
115 127 140 179 190 212 224 242 260 296
105 121 157 164 199 204 226 248 260 295
106 128 142 168 198 220 227 259 271 297
114 128 156 180 200 200 220 240 267 283
108 128 143 179 188 216 222 255 265 281
119 124 144 177 191 213 230 244 267 300
103 137 142 167 181 206 238 245 277 286
105 136 158 178 199 215 225 258 266 287
109 135 149 178 188 217 239 251 278 283
115 125 140 170 188 220 238 252 263 288
100 121 141 172 187 203 240 259 268 283
118 140 153 162 200 216 221 260 269 294
119 121 160 177 199 216 236 246 276 285
112 137 147 180 199 207 233 240 261 300
104 138 157 178 181 202 228 260 263 289
114 134 144 169 193 210 228 241 275 299
110 139 147 172 192 202 220 244 270 294
103 137 150 178 191 203 234 241 272 291
105 136 153 160 191 217 229 253 272 297
114 124 147 168 186 217 237 253 275 286
105 120 154 172 182 207 225 258 270 291
110 127 142 178 181 210 232 255 276 286
111 133 154 180 192 206 238 248 269 283
120 125 160 166 183 215 220 245 270 292
119 133 159 162 196 213 222 258 276 282
117 125 145 172 198 201 227 256 261 288
112 132 141 165 191 200 232 243 265 299
103 126 144 167 186 205 225 258 277 291
113 129 142 177 183 201 222 254 273 296
112 139 150 170 185 202 235 244 262 298
117 135 153 163 193 203 238 256 270 286
106 134 158 166 194 203 222 250 275 294
102 128 154 176 190 220 240 243 273 290
113 132 157 174 198 219 226 250 276 288
100 140 159 179 192 202 233 243 269 295
113 130 150 169 184 202 220 254 267 290
113 136 159 167 199 209 220 256 278 300
113 129 146 167 194 210 236 240 271 300
101 125 160 174 196 217 238 243 273 291
117 132 153 162 199 215 237 245 273 291
100 120 156 166 186 219 236 255 273 280
113 140 157 180 187 215 234 260 273 293
103 137 146 172 190 208 236 257 267 292
106 122 152 173 181 219 237 249 267 299
113 133 147 169 180 213 222 253 273 288
112 126 142 166 184 214 235 242 271 292
100 121 156 169 186 209 235 253 264 289
109 125 151 177 191 219 227 260 265 295
111 126 151 173 181 214 227 247 267 298
114 126 140 165 200 217 229 256 280 285
110 139 155 167 191 208 227 241 271 300
112 120 151 161 183 216 240 250 270 295
119 122 151 164 196 202 234 260 267 300
117 129 143 179 185 220 230 247 274 296
116 135 149 174 183 210 232 254 271 296
118 135 152 169 198 214 229 253 269 281
117 131 142 165 190 207 234 252 261 287
112 120 152 161 185 215 228 258 274 294
117 138 144 164 190 216 229 251 277 299
106 128 156 166 181 204 223 250 261 288
104 133 141 164 198 220 236 257 272 286
108 132 153 175 195 205 223 249 270 299
115 122 151 179 186 200 236 260 276 292
103 139 157 165 187 202 240 254 272 281
102 120 151 164 200 205 236 259 268 297
110 133 150 169 182 211 232 254 274 294
115 132 160 173 181 220 239 248 275 293
106 124 151 178 191 218 233 245 271 296
105 127 145 168 184 204 238 250 279 285
114 140 149 168 197 219 227 258 264 297
120 136 157 167 199 206 234 245 268 286
112 140 141 165 180 213 236 255 280 298
106 136 152 166 190 215 240 249 277 288
118 140 144 163 193 214 223 258 271 288
102 133 158 161 193 216 237 255 268 281
104 124 151 179 200 219 232 246 262 283
100 139 156 166 188 220 238 260 263 293
113 133 158 179 187 205 235 248 263 286
109 124 158 168 195 204 239 257 276 280
120 129 159 163 186 217 234 240 264 293
104 124 149 163 195 207 229 240 279 296
113 120 155 165 180 215 225 260 273 297
103 132 149 178 182 212 238 250 262 282
103 127 150 170 181 210 239 255 273 296
120 125 143 177 193 207 224 248 271 286
107 123 154 178 186 216 221 247 277 300
106 135 141 166 186 218 233 246 270 296
101 124 159 161 183 219 228 253 269 292
113 121 158 179 182 215 239 253 271 287
114 138 151 167 181 209 240 249 261 298
115 133 143 161 195 201 224 259 273 287
108 137 151 173 192 217 220 257 277 297
111 138 160 168 184 218 238 254 262 291
105 123 141 161 193 206 233 246 269 284
112 132 140 165 199 218 234 245 264 290
103 124 141 169 199 209 231 245 260 295
114 124 153 170 180 210 230 251 278 281
105 133 142 176 199 208 224 249 272 291
105 124 140 173 195 204 227 243 275 300
103 137 147 179 198 210 239 252 268 285
107 130 157 168 188 218 239 256 275 296
117 127 155 177 185 200 228 245 273 285
107 136 147 176 197 207 233 254 272 299
114 140 145 179 192 205 233 241 260 300
104 128 147 166 200 205 230 259 280 283
102 130 158 164 187 209 231 253 277 290
108 120 155 169 199 206 238 252 276 295
100 134 154 166 196 209 228 243 262 283
111 125 152 166 197 212 222 250 260 297
114 131 140 178 193 213 240 253 260 285
105 130 142 167 197 213 238 249 260 299
114 122 140 167 199 208 227 257 279 293
103 129 142 162 196 202 238 246 270 282
106 140 157 176 200 219 229 241 279 287
105 130 150 167 186 211 222 256 269 286
112 121 145 175 197 214 224 252 271 283
119 120 154 176 200 206 223 253 264 299
108 129 158 175 186 217 235 255 276 288
103 137 152 177 198 217 235 249 263 289
115 130 146 168 187 203 238 244 275 288
102 133 151 160 184 220 238 260 260 299
112 129 150 170 196 202 240 250 266 280
110 130 141 161 190 200 240 254 267 282
100 127 140 173 189 214 235 242 278 298
104 124 152 171 189 219 224 255 280 282
113 129 143 166 188 209 233 243 270 293
108 135 147 167 194 214 222 249 276 287
112 124 145 173 188 219 221 240 263 282
102 135 151 175 189 213 240 247 265 299
108 129 153 160 184 203 223 252 279 286
100 134 154 168 200 214 228 240 261 289
120 137 151 162 195 207 240 248 274 295
107 126 154 160 195 218 230 258 260 293
113 125 150 167 189 205 224 258 278 296
103 139 148 162 183 213 234 252 271 288
118 130 145 162 183 202 222 246 268 283
117 133 159 171 196 205 240 260 268 300
106 120 147 164 189 215 227 245 280 280
116 121 158 167 196 220 233 240 266 293
106 132 150 168 192 202 240 258 273 297
114 140 158 173 186 220 228 255 266 297
107 125 151 171 183 200 228 246 264 281
120 139 146 165 185 205 238 254 276 280
113 120 160 168 191 219 232 248 278 291
104 120 149 175 200 219 233 246 279 285
106 131 153 170 192 214 222 248 272 287
104 124 145 162 200 205 223 251 272 283
114 134 159 166 187 208 232 244 267 294
104 134 156 163 194 211 238 247 260 292
118 133 151 172 193 202 237 259 275 295
104 138 147 180 196 218 236 248 274 296
106 136 156 177 193 206 233 251 269 292
110 121 149 171 195 203 221 258 271 283
110 128 142 165 190 219 222 242 271 299
112 125 147 164 186 213 227 240 265 294
105 131 158 169 184 206 240 250 263 285
119 129 147 171 183 218 228 253 279 289
103 133 147 173 184 200 239 242 278 290
102 133 146 167 184 215 236 251 280 288
115 121 150 163 181 203 233 248 269 286
119 136 151 174 181 213 236 259 268 286
105 134 156 172 195 212 238 257 267 295
101 134 142 175 196 216 231 240 267 293
101 129 154 164 183 202 229 251 270 289
107 140 145 161 190 204 223 258 280 291
115 120 150 176 188 209 230 246 275 293
120 124 151 179 187 210 229 252 280 288
105 125 141 176 196 215 232 255 268 293
106 123 152 179 182 205 222 247 267 298
115 128 145 180 180 215 220 249 276 293
102 140 142 160 197 210 228 253 277 281
115 126 153 178 180 220 239 241 277 294
102 133 140 175 194 211 229 253 266 299
110 135 143 177 193 202 226 252 275 283
114 120 144 171 184 219 225 246 265 282
116 123 149 174 187 218 228 259 269 283
119 125 156 168 180 218 223 257 268 286
101 134 147 162 192 210 240 252 274 280
104 134 150 168 194 220 230 258 277 295
116 134 155 167 197 211 223 241 266 294
110 122 160 170 185 213 235 255 280 280
113 138 140 168 188 216 231 241 264 293
110 129 150 173 189 203 228 251 272 284
105 121 149 179 187 200 236 247 272 299
119 140 143 172 196 218 239 259 280 289
117 132 156 163 188 213 231 258 276 291
117 138 146 170 197 216 234 242 260 280
108 122 145 163 180 218 237 258 277 287
101 126 151 167 184 200 236 250 260 285
105 126 140 175 188 206 240 249 260 293
114 131 149 160 200 215 222 254 278 294
110 127 142 179 181 205 234 241 265 288
115 140 140 172 185 201 228 242 279 287
111 123 144 177 183 207 240 249 280 295
110 120 153 178 184 205 231 249 268 294
114 120 140 162 195 205 226 244 263 280
115 129 142 168 198 217 225 253 261 297
109 124 140 177 200 205 224 257 273 296
102 132 153 164 187 208 240 241 274 294
107 126 153 174 198 203 238 246 268 284
119 134 151 169 200 218 239 250 266 285
116 122 152 166 194 215 226 253 274 295
106 140 152 180 197 204 220 251 275 296
100 125 160 168 192 204 235 241 261 284
100 125 143 170 198 220 223 258 267 282
102 134 153 162 182 213 236 260 265 291
112 132 159 169 199 204 236 250 273 282
118 126 156 174 180 215 238 249 262 295
115 130 158 178 190 201 240 248 265 296
108 126 140 171 196 213 238 241 275 294
108 126 155 167 186 200 228 254 261 280
107 124 156 170 194 204 228 254 280 300
108 136 152 173 193 217 240 251 265 299
110 139 145 163 186 211 230 252 264 290
106 122 141 171 197 210 229 247 271 293
105 139 160 168 191 206 238 247 278 300
117 124 158 180 184 208 222 258 275 294
115 138 151 167 197 201 232 253 274 287
101 140 140 180 180 206 240 246 267 289
119 124 146 180 199 210 233 246 272 291
111 120 142 161 195 200 239 258 266 296
119 127 157 163 196 218 232 241 275 294
115 138 147 167 191 220 239 245 264 290
120 131 154 171 186 209 232 251 268 283
108 139 159 170 197 209 234 252 277 286
115 125 153 162 191 207 238 257 268 281
111 130 154 173 184 218 231 242 269 297
114 125 151 173 197 208 225 250 268 290
120 140 145 179 194 200 225 259 265 295
108 130 145 168 187 207 230 254 267 296
108 127 157 177 190 214 233 258 274 292
114 133 158 175 184 208 220 242 262 299
101 134 145 180 196 209 226 243 261 289
102 140 149 170 183 219 225 249 260 292
119 120 158 171 192 208 222 240 272 297
102 136 156 177 194 217 220 247 263 289
101 137 150 176 180 203 228 253 269 287
113 124 144 164 200 212 223 240 274 287
102 139 140 169 193 208 233 243 280 287
114 135 160 179 186 204 220 240 272 288
114 130 153 176 181 212 238 245 278 293
114 125 145 174 196 218 231 259 273 286
118 133 155 180 185 203 230 255 262 293
114 124 146 166 182 208 221 244 266 290
119 120 148 176 194 215 232 247 271 281
115 131 147 160 186 218 232 260 264 291
117 140 147 172 186 211 220 241 279 284
120 126 151 169 180 218 233 259 264 297
117 135 160 178 195 203 223 252 278 295
102 122 156 176 185 210 222 243 280 291
115 136 144 175 190 209 239 249 276 292
119 130 147 173 190 213 233 253 264 292
111 124 151 163 189 201 236 253 266 295
120 136 154 178 180 207 223 259 278 286
105 136 158 174 188 212 228 241 266 291
100 130 157 165 181 210 223 252 262 285
120 134 147 172 181 212 232 260 263 293
109 130 152 177 194 208 222 242 271 285
100 123 150 178 196 204 238 244 270 292
100 135 160 176 194 204 236 241 269 294
115 122 150 169 200 217 240 257 266 290
110 125 140 168 199 214 238 253 262 292
114 123 146 161 184 209 234 252 280 297
117 133 146 164 180 205 237 251 278 299
113 136 152 178 200 200 240 252 272 286
105 136 156 171 186 211 225 244 275 300
110 140 150 163 194 214 232 242 279 288
108 121 156 175 180 211 237 244 262 293
104 136 154 177 183 217 232 253 260 298
109 126 157 180 190 209 239 258 277 296
111 121 150 169 195 203 230 256 280 285
117 131 151 168 191 220 234 246 262 291
119 130 146 180 180 219 239 255 262 293
119 133 158 162 191 206 235 251 268 298
100 133 145 178 194 211 232 255 280 281
100 137 147 163 183 201 233 244 274 286
103 131 153 174 186 202 230 241 263 280
107 133 159 180 200 200 240 259 271 282
110 132 152 164 200 205 236 251 277 298
112 132 159 169 185 201 240 243 280 293
106 127 140 180 194 204 233 256 279 290
112 138 148 172 200 212 229 258 270 281
117 121 148 167 190 218 237 256 280 289
108 129 156 167 193 211 236 258 276 285
107 122 152 176 190 205 221 253 272 289
112 125 148 165 195 208 236 250 276 285
104 133 160 160 183 216 220 246 272 283
102 139 149 175 199 212 230 255 274 292
105 137 160 177 188 212 220 254 271 281
115 126 151 165 199 213 238 260 271 299
104 133 147 167 190 215 238 242 274 297
105 126 148 176 194 212 227 249 265 289
111 123 159 169 182 209 227 249 267 298
118 134 140 178 183 218 237 250 261 299
108 128 148 171 198 217 236 259 262 284
119 132 140 172 199 201 226 245 263 283
108 140 151 171 190 207 240 250 274 292
120 129 141 162 194 214 225 242 260 293
114 135 151 175 199 202 236 259 280 300
112 137 159 169 189 212 238 248 265 290
100 120 146 177 185 200 223 250 273 287
114 137 152 179 198 206 226 244 278 287
106 134 148 161 200 219 229 258 265 300
102 122 160 171 197 214 238 253 272 289
116 138 152 161 196 219 235 241 270 300
117 134 159 173 183 208 230 257 275 294
107 132 140 172 189 203 239 255 275 294
107 126 154 170 188 209 229 245 264 287
105 124 152 163 194 217 238 250 278 298
108 126 143 163 185 213 232 256 268 295
117 120 147 170 180 204 223 257 276 294
101 122 152 179 181 217 226 254 265 294
119 133 160 160 194 213 233 249 260 294
119 120 151 160 200 220 222 251 270 288
108 123 157 164 184 220 226 253 268 282
118 121 148 171 200 215 233 244 264 291
115 129 148 169 199 208 231 258 276 285
114 120 150 161 199 219 230 253 262 285
114 126 155 166 184 211 230 244 273 297
110 134 144 168 197 214 233 250 260 287
107 134 152 164 180 214 232 246 273 287
112 139 155 175 192 200 225 252 272 296
104 126 156 177 192 203 227 246 271 299
113 138 157 167 191 206 234 250 279 296
104 140 152 175 188 207 233 243 271 298
111 124 156 176 193 220 229 259 270 281
109 121 151 174 198 212 228 241 261 296
106 126 148 168 181 212 235 254 275 290
117 128 153 167 188 201 226 246 270 294
119 136 141 162 184 209 230 258 266 288
115 140 150 165 180 220 230 248 268 286
107 122 147 175 190 219 233 245 264 286
109 139 145 169 200 218 224 258 262 293
105 124 158 176 181 208 236 254 280 284
107 133 140 177 185 202 224 251 268 289
118 127 150 172 194 209 239 253 268 285
102 139 151 174 183 202 220 241 266 293
117 136 157 173 190 214 229 249 272 299
102 129 147 162 192 219 228 260 274 294
108 126 146 167 194 203 238 243 276 299
113 131 149 166 182 208 224 253 276 284
118 131 143 171 183 219 238 244 280 288
106 122 154 179 182 206 220 258 267 284
114 135 153 172 181 219 234 241 260 293
113 139 154 168 183 205 227 254 266 280
102 130 145 161 180 209 222 247 268 294
113 135 159 164 189 218 234 259 266 288
113 137 148 162 181 206 238 241 267 281
104 125 160 161 191 220 231 254 273 299
109 139 143 178 200 218 239 251 279 295
101 131 146 162 192 206 222 249 266 298
116 121 153 169 180 206 240 252 263 290
116 137 158 174 195 200 238 253 262 284
108 136 160 177 187 201 227 247 266 287
106 128 149 178 186 215 226 255 274 287
104 129 152 179 187 202 222 255 264 286
101 129 157 180 190 208 236 244 264 299
107 120 151 160 200 217 238 259 268 289
107 138 143 165 192 214 222 246 270 283
102 134 147 160 180 216 227 246 278 284
118 129 151 163 189 218 223 242 269 294
102 139 153 171 196 211 224 254 280 298
120 140 152 165 189 205 232 245 267 283
108 131 151 168 180 213 223 252 270 298
115 128 145 171 180 200 226 242 274 292
104 136 158 168 194 214 224 249 273 296
115 134 148 166 184 205 225 249 268 291
100 137 155 180 198 207 234 240 273 298
116 140 146 169 183 210 224 256 273 283
117 138 142 169 182 214 222 243 271 286
112 132 147 166 182 219 238 257 274 298
115 135 150 166 190 205 239 257 262 287
111 132 142 167 187 216 229 254 268 283
104 140 151 166 195 209 240 257 273 296
114 125 154 169 188 216 224 246 261 287
116 122 149 179 187 213 235 243 280 297
117 125 159 170 185 215 238 243 267 281
119 138 159 165 188 215 240 249 264 283
112 134 151 168 187 219 233 259 271 296
102 126 142 161 191 217 220 240 277 298
106 137 146 164 199 208 236 260 275 288
103 123 154 174 189 213 231 243 271 288
107 123 146 179 199 214 232 246 262 287
118 121 141 162 190 202 223 252 267 287
108 128 141 177 197 217 235 248 260 289
118 129 153 177 180 216 235 241 269 292
120 126 143 168 180 206 234 260 279 282
116 136 150 171 188 218 227 247 272 299
117 137 160 163 189 209 222 248 271 297
112 129 152 160 192 205 233 248 271 293
112 131 144 162 196 214 226 258 273 293
103 121 160 177 189 209 221 244 266 280
104 123 152 171 189 211 220 248 272 291
109 138 149 175 196 210 236 240 271 290
107 127 141 173 188 216 232 254 269 281
115 124 148 169 193 217 237 244 274 285
118 124 158 172 198 209 233 242 270 290
115 137 141 176 184 204 224 259 267 299
113 121 140 171 198 203 230 243 260 282
101 131 150 167 181 201 224 252 260 298
103 127 153 180 197 205 223 246 263 298
111 132 154 179 198 213 233 249 269 298
109 126 154 161 186 217 230 241 263 286
100 123 141 179 186 219 221 249 265 284
114 127 142 164 182 211 236 252 262 291
111 139 156 163 183 217 229 242 264 299
107 137 156 166 190 216 220 255 267 281
100 121 144 166 185 216 232 242 261 293
108 129 144 167 183 205 233 258 263 291
113 140 142 169 196 208 226 259 279 283
113 140 157 169 192 207 240 240 270 287
119 133 154 165 191 200 238 259 276 292
117 139 160 165 200 208 229 251 266 283
104 137 144 176 194 210 224 249 271 281
108 136 148 165 190 206 224 242 271 281
111 127 158 164 188 206 232 258 260 286
103 140 148 161 194 203 232 240 262 281
107 125 146 174 199 207 233 250 273 295
103 128 147 166 180 200 223 258 270 291
116 129 140 160 186 209 236 252 261 283
103 131 152 178 199 208 222 240 272 296
114 133 152 172 196 204 236 251 278 296
109 130 156 172 187 219 222 250 265 285
108 121 146 162 185 216 239 260 270 295
111 137 154 161 182 205 238 252 261 297
112 133 145 168 186 210 223 260 264 287
117 128 145 169 180 205 234 250 261 297
102 140 141 172 183 201 221 248 271 298
102 123 145 173 181 200 231 259 274 289
110 123 159 161 200 219 235 253 261 291
115 126 145 170 188 206 231 254 271 282
107 126 141 178 185 214 240 244 276 300
115 123 148 170 189 201 234 251 271 283
110 128 143 171 184 218 238 251 264 299
104 123 158 180 180 219 229 241 279 284
109 138 146 164 184 207 234 242 276 297
104 139 158 169 194 219 227 254 268 299
113 124 156 162 197 205 220 245 270 289
103 137 147 160 183 216 226 257 270 287
100 136 146 178 192 209 229 244 261 282
106 120 144 167 196 202 223 243 266 288
111 128 144 178 199 212 229 249 260 287
101 138 159 163 187 200 224 245 263 282
104 137 148 167 193 217 230 245 266 289
114 124 160 178 184 217 240 253 271 297
105 128 140 167 189 210 240 244 279 285
108 129 151 165 200 205 239 246 270 287
103 122 154 178 199 206 231 254 261 286
119 134 145 163 197 216 229 253 268 283
101 120 144 164 198 203 240 259 269 285
106 129 149 165 195 216 232 249 261 286
102 130 149 173 196 216 238 247 261 299
105 136 142 174 180 200 232 246 263 293
120 128 144 162 184 201 222 246 271 299
107 127 146 166 183 205 229 254 272 281
101 121 144 171 184 205 226 256 278 299
108 130 142 171 182 216 234 241 277 291
107 137 155 180 193 200 226 248 270 300
109 125 142 160 194 210 240 257 271 284
100 126 146 161 191 200 240 246 278 289
112 120 153 169 196 216 226 240 275 291
115 140 152 164 196 214 225 251 272 283
111 136 143 164 189 201 225 258 270 300
112 129 150 171 192 204 230 259 277 281
102 127 141 176 182 205 240 253 265 299
118 138 149 178 198 219 228 246 272 290
120 128 148 167 189 213 222 254 265 286
112 122 160 179 183 212 220 251 273 288
116 135 159 160 192 213 227 256 261 297
100 130 141 179 181 217 226 258 268 281
117 125 144 171 197 203 222 240 280 287
101 139 151 161 188 216 226 243 270 281
107 126 155 171 184 203 234 251 265 297
100 137 158 165 194 203 222 245 273 289
111 124 147 168 186 204 230 257 265 287
113 130 156 164 196 201 233 252 280 285
112 128 155 175 181 215 227 252 278 287
120 125 141 163 194 215 229 257 267 293
114 124 155 163 188 211 229 248 262 294
113 125 145 163 199 220 223 249 280 282
100 130 152 169 194 210 230 252 261 300
107 135 147 167 180 217 227 253 279 280
106 128 142 162 190 217 235 254 276 300
115 140 159 171 194 200 234 259 261 291
106 122 159 167 180 206 232 255 276 300
112 133 157 162 189 212 220 243 271 290
100 120 156 161 195 211 240 251 280 293
111 138 152 172 192 209 233 257 262 293
118 135 143 177 186 214 232 245 269 286
102 134 159 164 185 211 237 249 275 289
118 135 154 161 195 200 221 254 262 292
113 137 148 166 199 213 220 253 276 281
115 140 140 180 182 206 228 255 271 289
102 131 154 170 196 201 236 250 267 285
107 121 149 164 187 214 238 251 272 283
115 124 150 174 200 216 227 255 266 290
120 120 150 175 199 202 224 248 275 284
115 139 147 180 180 204 221 260 278 294
104 125 152 171 188 209 229 252 267 284
114 126 146 164 192 208 229 255 276 297
106 138 145 165 180 220 224 246 266 295
110 136 142 169 196 200 237 249 276 286
117 120 153 171 200 205 220 252 263 282
113 139 140 167 187 202 228 256 268 288
114 139 147 170 182 200 228 258 270 290
111 125 141 180 184 204 223 246 265 287
115 137 158 165 199 202 227 240 263 280
110 129 147 163 184 219 236 242 268 289
109 138 157 160 192 220 235 243 260 287
105 123 151 167 192 200 224 248 267 292
100 128 155 162 183 216 234 249 277 284
102 140 145 171 185 218 229 253 272 297
114 134 156 163 189 211 230 260 279 294
119 138 149 160 181 201 230 257 270 287
101 127 144 164 193 214 221 249 263 287
110 132 150 176 188 213 237 245 260 297
105 126 157 180 189 206 220 253 266 292
112 125 160 165 189 203 240 250 264 287
115 121 147 164 196 216 226 260 276 282
111 134 151 172 192 210 229 247 265 300
114 139 145 166 194 208 238 245 279 287
119 124 153 175 198 219 240 258 274 283
102 124 160 180 183 213 220 254 261 300
107 130 158 173 195 208 224 246 261 300
117 134 141 168 191 217 236 248 280 287
101 129 150 171 196 218 234 251 265 286
100 122 140 164 180 220 224 246 277 285
105 134 140 169 183 203 233 241 268 286
109 124 160 160 189 200 233 246 273 295
114 133 154 165 189 206 236 246 261 284
119 127 149 178 182 214 223 250 279 283
111 128 149 166 198 214 237 251 280 294
114 126 160 179 194 203 235 258 271 295
105 131 158 178 197 213 224 243 277 283
107 129 155 178 199 213 222 254 268 290
100 138 153 173 195 213 237 252 267 299
100 121 160 160 197 209 238 255 275 296
104 135 143 163 198 212 235 247 267 299
108 132 149 163 191 205 235 247 277 297
104 136 154 164 196 214 232 251 269 300
100 121 144 168 191 202 221 260 263 283
108 132 146 180 185 220 240 247 273 299
101 131 141 171 193 207 233 254 269 297
102 132 145 180 190 220 225 242 274 281
100 131 154 177 183 207 223 242 261 298
110 134 160 179 182 209 240 250 261 287
115 124 140 175 191 220 227 257 261 281
109 140 151 171 196 208 236 255 264 280
114 133 158 166 188 202 222 253 267 294
100 132 145 161 197 216 233 252 277 292
104 124 152 180 193 207 232 256 277 293
105 140 152 163 182 213 225 250 266 283
100 125 151 166 198 202 225 240 269 284
119 138 141 174 188 202 225 246 280 282
100 125 147 165 195 220 235 244 280 296
106 137 146 166 191 216 221 258 260 292
118 127 152 164 180 220 239 255 275 292
105 138 155 174 196 211 235 260 270 288
110 135 150 178 188 215 222 252 268 286
110 134 153 176 183 205 222 241 272 280
118 131 151 160 197 208 231 250 276 298
111 128 151 180 180 219 229 249 274 286
113 135 149 167 182 208 224 241 260 285
103 124 144 172 186 214 240 258 264 285
119 137 156 160 180 214 228 258 267 285
118 121 156 173 187 208 227 254 276 286
104 140 151 161 188 210 229 247 260 280
102 132 150 175 195 208 232 256 272 300
119 126 157 164 193 206 232 251 277 298
104 129 159 172 200 215 228 246 278 281
102 126 147 163 198 219 234 250 261 298
119 132 155 178 181 202 224 247 277 291
108 124 155 165 189 216 233 253 275 288
110 130 150 179 184 220 230 250 280 287
119 133 145 164 186 219 228 250 269 291
102 137 158 177 198 220 228 245 268 294
100 140 145 176 182 209 224 250 273 280
104 136 155 161 200 217 225 256 272 295
110 128 151 173 181 200 221 241 270 282
116 127 152 170 186 219 229 250 280 282
114 140 151 172 191 213 220 255 280 287
118 127 143 176 189 218 232 242 270 300
119 130 149 163 189 216 228 255 277 286
101 121 160 180 193 220 225 252 262 293
119 123 156 174 185 218 234 243 278 286
100 125 145 160 200 211 226 245 272 292
108 124 153 170 186 206 220 249 265 285
119 123 159 160 182 211 232 257 277 281
103 122 146 175 188 216 233 247 277 283
110 132 152 168 185 219 225 246 280 293
120 129 148 178 190 216 235 242 269 288
116 124 142 161 200 218 231 260 268 289
120 126 156 178 184 207 223 243 260 295
110 128 159 164 194 207 233 245 265 294
102 130 159 175 181 217 226 243 267 287
103 125 153 177 200 215 230 256 270 285
117 126 155 166 183 220 226 240 267 291
104 132 140 173 181 213 237 251 274 297
107 123 145 173 185 207 224 243 275 293
112 132 151 162 188 208 220 260 277 295
118 125 140 179 189 209 222 246 274 280
104 130 153 167 193 203 232 253 280 281
106 122 159 176 194 203 239 250 263 299
116 137 140 161 188 220 238 254 276 297
109 132 148 170 186 213 229 249 274 293
116 131 143 168 188 217 226 248 261 296
115 127 155 174 188 202 239 250 260 295
113 121 156 165 187 209 224 253 269 293
107 134 159 163 192 201 236 240 260 290
111 132 144 179 190 202 232 257 262 284
107 137 144 179 182 205 236 241 278 285
104 124 160 179 196 217 234 240 271 283
117 120 141 166 191 211 240 252 260 281
100 137 156 161 200 217 231 258 266 295
104 138 152 171 186 205 240 259 278 288
105 128 153 169 184 201 228 243 275 289
116 126 158 163 191 220 240 252 279 291
109 134 157 179 190 216 226 257 273 293
113 136 141 172 193 207 231 257 269 297
114 137 160 161 189 205 221 255 266 297
103 123 156 179 185 205 234 246 267 285
105 129 142 165 191 212 222 248 270 284
117 131 149 174 190 220 225 241 262 292
108 137 155 169 193 213 231 257 264 280
101 134 155 168 186 202 229 257 276 290
108 127 141 171 190 214 228 256 277 296
114 122 160 160 194 218 237 254 280 289
109 133 140 164 199 208 236 256 278 296
110 135 145 166 180 216 229 244 267 299
108 129 140 160 200 210 230 242 273 300
109 134 158 171 197 204 235 244 278 295
101 135 153 172 188 218 227 247 261 300
115 126 149 169 200 201 240 250 280 285
115 137 140 177 192 203 237 253 279 281
110 130 156 162 195 201 240 243 275 290
105 130 157 164 191 204 232 245 270 296
120 136 146 177 195 207 234 258 274 286
105 131 159 171 199 214 223 255 270 295
111 121 156 179 182 206 232 245 261 283
112 138 160 170 199 203 238 243 277 299
106 130 147 172 200 220 223 259 275 285
103 125 153 165 191 219 228 260 273 287
101 121 146 175 193 216 229 258 273 287
110 131 144 171 183 220 221 246 265 287
117 135 148 160 185 209 238 240 261 297
119 134 148 162 192 218 236 246 266 294
111 127 141 174 180 209 237 253 280 284
119 135 148 168 184 212 224 249 277 295
104 125 140 166 180 212 224 252 265 281
111 136 156 170 186 206 230 247 276 285
107 137 160 177 196 213 235 248 261 288
118 134 156 162 185 219 236 252 266 292
108 131 151 177 184 209 230 258 269 287
100 123 152 170 200 206 239 240 275 284
113 131 142 174 181 211 227 256 263 293
112 120 141 165 180 208 226 255 272 288
118 126 148 173 191 212 235 249 274 293
105 138 142 169 186 208 226 248 264 300
119 131 144 169 183 205 233 251 277 280
105 125 155 165 192 218 237 241 264 298
114 137 142 176 192 216 227 250 262 291
119 138 157 176 193 211 233 256 276 287
113 133 155 170 182 212 230 246 272 297
107 121 160 179 188 206 229 248 276 300
110 134 142 168 193 208 228 250 266 288
105 124 140 178 183 200 237 256 263 283
102 136 141 173 190 214 225 260 263 299
107 138 145 176 181 202 227 256 271 285
102 137 153 177 188 211 231 240 260 296
105 129 156 160 195 202 238 253 265 294
109 135 156 161 191 200 222 249 274 292
100 137 143 160 199 212 230 253 268 292
109 123 151 178 196 201 226 252 272 300
100 123 158 165 194 200 231 249 273 299
102 133 160 164 181 211 239 243 279 290
117 136 150 177 196 217 231 241 262 280
119 130 151 161 195 213 229 257 262 298
107 134 140 173 184 212 228 247 280 296
115 124 152 163 181 201 238 242 270 282
115 140 146 173 181 214 230 258 260 297
100 138 148 166 185 208 225 240 275 285
117 134 144 164 190 217 223 250 274 295
113 129 141 171 184 209 229 252 280 289
100 133 144 164 188 204 234 257 271 284
103 120 159 173 189 220 229 249 274 293
119 127 145 168 194 219 234 240 267 288
103 135 145 174 181 204 224 242 269 286
113 138 143 168 181 208 221 251 261 299
109 137 141 160 195 217 228 253 277 286
100 128 146 163 190 216 229 248 275 285
101 125 153 165 188 220 223 259 272 299
116 127 141 162 180 217 239 260 277 285
107 124 158 169 192 217 231 255 273 287
119 125 147 174 187 212 240 260 278 281
118 130 145 165 198 220 231 257 260 290
117 135 143 170 191 207 234 250 280 296
113 128 149 164 190 204 237 247 270 292
106 135 155 163 181 217 240 248 267 282
114 137 155 175 186 201 221 246 268 300
114 132 154 178 189 203 224 241 269 299
112 130 150 172 187 200 226 259 278 286
108 122 147 170 181 211 220 242 260 291
100 132 151 180 200 216 235 248 273 289
110 124 156 167 192 211 235 249 277 284
101 139 152 174 186 210 223 252 269 296
100 140 143 180 192 200 225 248 280 291
111 126 158 166 183 205 225 246 260 280
110 121 142 179 182 204 240 259 276 288
101 129 154 168 200 205 229 254 261 291
105 126 147 174 194 214 228 245 279 294
111 132 147 165 183 211 226 254 262 288
102 136 155 165 193 204 240 244 264 288
113 131 152 168 192 211 232 253 263 299
106 131 147 179 192 207 238 257 269 293
120 120 157 169 191 218 237 242 268 283
105 135 149 176 181 212 233 247 270 297
100 122 148 170 180 219 234 244 277 281
119 121 143 163 193 205 231 252 277 294
102 123 158 170 186 219 236 246 272 285
100 130 144 170 191 203 226 250 261 296
114 136 155 169 200 214 240 254 274 292
118 134 155 168 194 206 223 253 272 283
114 128 148 164 182 211 221 259 267 290
112 135 143 180 192 210 235 252 270 286
105 127 148 167 196 200 222 248 262 294
108 128 144 179 186 212 231 249 275 285
103 133 144 162 189 219 225 258 271 296
119 139 149 174 190 209 224 260 262 300
115 122 141 165 180 216 230 246 279 293
120 130 150 175 193 205 240 253 262 288
103 121 158 179 194 202 235 245 266 295
101 126 149 177 194 205 222 247 271 296
106 131 145 161 180 208 232 249 267 287
116 124 153 172 189 218 232 253 275 295
113 122 154 178 183 216 232 242 262 300
116 120 143 173 194 212 238 255 274 292
100 122 150 177 196 210 235 259 274 282
116 138 154 164 190 200 227 249 265 293
118 140 141 170 194 219 229 256 261 297
101 124 149 163 198 215 229 241 275 285
103 120 152 178 191 206 240 247 266 294
101 120 158 175 195 206 240 245 263 284
111 120 155 166 189 214 235 256 275 300
110 125 155 160 186 208 240 260 263 297
113 139 144 178 187 204 235 256 274 284
2885 3725 4089 4874 5238 5686 6218 7170 7814 8290
5107 5567 6625 7730 9156 9708 10490 11272 12514 13618
4257 4751 5815 6804 7184 7602 9008 9768 9996 10756
3673 4825 5077 6410 6734 7850 8606 8894 9614 10190
1977 2623 2946 3080 3441 3878 4277 4885 5227 5455
3053 3473 4257 4930 5266 5966 6470 7030 7534 8038
1091 1361 1511 1782 1802 2122 2372 2582 2692 2812
5105 5677 6425 7394 8406 9198 10122 10562 11574 12850
3001 3631 4741 5312 5972 6572 7022 7322 8132 8642
1244 1475 1761 1761 1982 2312 2510 2818 3071 3137
1809 2017 2513 2721 3154 3458 3842 3858 4338 4546
1531 1876 2131 2597 2837 3047 3602 3797 4202 4217
5329 6721 6913 8498 8642 9938 11186 11810 13250 13826
4067 4751 5359 6842 7260 7792 8970 9236 10034 10718
1314 1769 1886 2251 2446 2745 2979 3148 3382 3902
2374 2857 3256 3677 3992 4202 4811 5378 5525 5987
3481 3916 4641 5105 5221 6121 6846 7020 7919 8267
4579 5083 6007 6932 8150 8948 9578 10586 11468 12140
2951 3226 3601 4451 4876 5477 5727 6202 6977 7377
2072 2433 2813 3422 3422 4182 4448 4733 5284 5379
3605 4625 5271 5611 6190 7312 8162 8842 8842 9828
4973 5413 7042 7086 8670 9154 9902 11046 11530 12454
2399 2685 3257 3873 4336 4600 5260 5722 6140 6338
3991 4621 4901 6022 6477 7667 7877 8647 9382 9837
2835 3251 3875 4318 4864 5514 5852 6684 6788 7594
1945 2431 2846 2918 3242 3620 4232 4574 4700 5204
3046 3481 4177 5076 5744 6353 6788 7223 8064 8412
3277 3389 4061 4874 5378 5714 6498 7086 7282 8318
3923 4996 5773 6476 7032 7957 8845 9215 9659 11102
3925 4645 5509 5870 6662 7418 8426 8930 9542 10766
3925 4573 5689 6265 7022 7634 8390 8678 9650 10730
5171 6393 7051 7522 8838 9919 10577 11799 12269 13726
3457 4065 4737 5314 6082 6818 7106 8258 8642 9186
4839 5249 6233 7013 7792 8202 9801 10621 10785 11605
2479 2584 3004 3404 4181 4223 4790 5336 5525 5945
4142 5044 6480 6644 8202 8407 9186 9842 10703 12261
4903 5548 6538 7699 7742 8645 9978 10322 11268 12085
1200 1519 1662 1982 2026 2389 2422 2741 2873 3236
3181 4111 4471 5251 5671 6602 7112 7622 8372 8432
2913 3753 4426 4538 5210 5630 6330 7254 7450 8234
4321 5441 5761 6762 7442 8322 8922 9962 10882 11802
2374 2563 2983 3614 3887 4244 4916 5252 5798 6092
5176 5626 6436 7382 8687 9452 10532 11027 11927 13007
2148 2471 3022 3231 3764 3802 4467 4904 4999 5512
5751 6301 7551 8952 9902 10152 11152 12052 14002 14452
3249 3887 4322 4729 5425 6179 6411 7165 8064 8122
1639 1835 2073 2340 2578 2844 3110 3474 3782 4188
5118 5720 6838 7526 8258 9204 9806 10881 11483 12128
2553 2773 3455 3763 4292 4490 5282 5326 6118 6206
1327 1678 2043 2173 2459 2602 3018 3187 3577 3811
4071 4848 5810 6292 7106 7772 8697 9289 9807 10473
2201 2905 3301 3654 4402 4446 4908 5304 6030 6580
1681 2097 2273 2786 3058 3506 3810 3890 4162 4546
2181 2621 2921 3602 3802 4302 4542 4842 5302 6002
1569 1695 2157 2297 2732 3012 3362 3488 3684 4160
1415 1709 2046 2242 2592 2998 3278 3488 3740 4090
5440 6224 7351 8822 9410 10243 11223 11909 13232 14065
4135 4837 6085 6280 7802 8582 9011 9479 10415 11273
2122 2605 3172 3698 3824 4433 5021 5231 5798 5924
2890 3511 3781 4484 5240 5537 6320 6482 7292 7940
1499 1793 2059 2396 2662 2816 3306 3600 3712 4006
2941 3557 4174 4818 5574 5742 6218 7058 7310 7926
3101 3721 4683 5458 5675 6605 7132 7628 8527 8806
4561 4599 5321 6804 7374 7678 8780 9502 10338 11060
2569 3313 3841 4273 4754 4826 5714 5906 6506 7058
3365 3713 4583 5192 5743 5976 6962 7078 7948 8615
3745 4897 5293 6230 6518 7526 8138 8858 9434 10550
4441 4841 6002 6602 7482 8002 9002 10402 11042 11202
3271 4021 4441 5071 5852 6152 7082 7502 8192 8582
4257 5321 5891 6575 7221 8172 8932 9844 10528 11098
5293 6518 6861 8479 9116 10782 11468 11860 13379 13967
2809 3001 3481 4250 4610 5114 5354 6122 6242 7106
1457 1695 2214 2368 2550 2914 3250 3628 3670 4020
3673 4591 4761 5748 6428 6870 7754 8536 8910 9658
2374 2521 3067 3719 3992 4496 4958 5357 5777 5882
3553 4417 4865 5633 6402 6914 7234 8194 8610 9218
1171 1301 1601 1802 1902 2132 2382 2422 2622 2802
1156 1541 1629 1838 2180 2345 2620 2730 2906 3269
3777 4385 4801 5153 5889 7010 7234 8226 8866 9602
1499 1891 1989 2354 2634 2984 3166 3530 3768 3936
2301 2561 2821 3522 3922 4242 4602 4822 5322 5862
1522 1691 1925 2160 2589 2706 2927 3369 3460 3655
1379 1613 1964 2329 2381 2680 3005 3356 3642 3707
1429 1597 1921 2017 2306 2474 2858 3014 3170 3566
1649 1985 2530 2578 2994 3394 3554 3970 4210 4562
2801 3151 3801 4052 4977 5377 5602 6127 6777 7177
3391 3811 4381 5162 5732 6272 6602 7352 7802 8942
1417 1465 1885 1982 2234 2594 2666 2978 3206 3494
4726 5851 7201 7651 8867 9677 10352 11072 12422 13502
3537 4523 5203 6122 6190 7006 7720 8808 8876 10032
3911 4149 5033 5611 6700 7312 7550 8468 9488 10134
3649 4385 4929 5281 6402 6594 7522 8002 8514 9122
2289 2971 3279 3654 4050 4842 4996 5348 5942 6382
1357 1669 1849 2041 2198 2546 2750 3086 3194 3470
2416 2899 3256 3613 3908 4496 4769 5273 5672 5945
4601 5481 5961 6722 7602 8242 9442 10002 10482 11362
1299 1541 1640 1794 2059 2378 2631 2796 2873 3192
4441 5070 5662 6291 7254 7920 8549 9030 9807 11065
2857 3837 4257 4510 5126 5882 6414 7282 7366 8178
3336 3684 4265 4816 5251 5889 6817 7107 7890 8180
3277 3641 4033 4594 5602 5770 6330 7114 7450 7898
1920 2395 2870 3042 3631 4030 4410 4733 5037 5683
3451 3841 4651 5222 5882 6152 6872 7412 8072 8522
4047 4625 4761 6054 6292 6802 7720 8434 9250 9590
1681 1681 2143 2437 2788 2914 3096 3628 3866 4202
4069 4681 5437 5869 7166 7670 8246 9074 9866 10802
4798 5003 5823 7382 7423 8284 9842 10293 11482 11687
2669 2922 3336 3980 4372 5039 5453 5545 6143 6787
2726 3026 3876 4502 4802 5052 5527 6477 6852 7477
1233 1475 1596 1894 2026 2202 2620 2752 3005 3225
5171 6487 6816 8367 9355 9684 11047 11282 13162 14008
2901 3101 3926 4076 4852 5452 5652 6077 7002 7277
4889 6017 7051 8462 8556 9778 10671 11423 12457 13820
4860 5548 6150 7484 8258 9247 9634 10666 11655 12816
1321 1465 1873 2126 2330 2582 2750 2990 3170 3434
1001 1331 1441 1792 1942 2102 2242 2452 2802 2902
2508 3175 3244 3819 4464 4855 5407 5706 6166 6879
2110 2509 2908 3231 3802 3840 4201 4809 5170 5607
3287 4000 4930 5302 5954 6419 7008 7938 8682 8837
2881 3337 3841 4057 4658 4850 5666 5858 6578 6794
4681 6166 7201 7427 8192 9497 10127 11522 11702 13412
1841 2113 2305 2657 3074 3234 3826 4034 4370 4770
2601 3076 4001 4476 4526 5477 5952 6052 7002 7452
4501 5536 6616 7517 8732 9272 10397 11567 11972 13277
5301 6651 7151 8002 9252 10052 12002 12152 14002 15002
4135 5149 5539 6632 7100 8309 9323 10103 10493 11000
3278 3539 4293 4931 5425 6295 6904 7397 7919 8702
5105 5413 6469 7790 8186 9550 10474 10606 12102 12762
4957 5293 5923 7142 7646 8906 9578 10544 11258 12266
2988 3829 4322 5106 5773 6121 6585 7136 7687 8586
1266 1497 1563 1861 2048 2235 2543 2862 2862 3093
2809 3289 3721 3865 4610 5282 5618 5906 6434 6938
3925 4861 5545 6373 6842 7382 8462 8822 9938 10442
4739 5521 6994 7914 8742 9754 10168 11456 12008 13388
4546 5806 7201 7517 8147 9362 10082 11252 12512 13502
3367 4589 4787 5315 6239 6668 7592 7988 9011 9242
2281 2509 2832 3308 3764 3821 4277 4714 4999 5341
4923 6073 6441 8051 9018 9984 10306 11916 12836 13158
5312 5641 7286 8321 8603 10154 10436 11564 12269 13867
1981 2197 2809 3224 3314 3710 4304 4646 4988 5096
4577 5589 6821 7042 8362 9066 10078 11398 12278 12454
2206 2542 3152 3467 3908 4454 4748 5126 5588 6113
1366 1795 1821 2303 2407 2667 2979 3369 3447 3902
3221 3893 4425 4873 5518 5658 6694 6890 7366 8374
4523 5055 5360 6310 7412 7792 8514 9160 10034 10642
1633 1921 2353 2690 2882 3378 3778 4098 4418 4594
1443 1821 2157 2256 2592 2816 3334 3628 3684 4132
1405 1525 1705 2125 2342 2594 2858 2966 3362 3470
1801 2056 2161 2507 2762 3047 3467 3692 4127 4307
4795 5782 7004 7945 9308 9966 10906 11564 13115 13679
4645 5161 6409 7183 8215 9290 9462 10838 11268 12128
2553 2971 3081 3631 4270 4754 4864 5678 6052 6338
4923 5889 6717 8190 8788 9662 10720 11180 12560 13158
2761 3097 3697 4058 4442 4826 5690 5882 6722 6890
1405 1645 1801 1921 2198 2534 2726 3074 3218 3446
1745 2049 2530 2594 2914 3410 3826 3938 4194 4482
2206 2836 3109 3614 3908 4454 4916 5231 5504 6260
3499 4489 4885 5711 6305 6701 7856 8186 8945 9737
1483 1795 1899 2316 2407 2732 3122 3122 3408 3811
5281 6721 7009 7825 9410 9986 11474 12242 13010 14114
4321 4789 5293 6265 6733 7778 8534 9362 9758 10190
1429 1695 2130 2298 2774 2802 3180 3418 3740 4062
5429 6119 7039 7499 8374 9616 10582 11134 12376 13802
3411 3814 4899 5333 6202 6388 7132 7473 8434 9271
4906 6301 6571 7427 8642 9227 10802 10892 11927 13097
1857 1969 2257 2786 3042 3426 3522 4162 4178 4514
1417 1657 1897 2065 2186 2426 2822 3038 3242 3482
3566 4186 4651 5116 6047 6760 7039 7907 8279 8682
1825 2129 2433 2770 2946 3442 3810 3938 4194 4610
3979 5032 5968 6553 7724 8543 8972 10064 10571 11156
5124 6393 6910 8086 8791 9731 10906 11329 12927 13820
2001 2481 2861 3222 4002 4342 4502 5082 5222 5842
1756 1801 2161 2597 2792 3182 3467 3722 3947 4412
4361 5121 5681 7122 7242 8162 9242 9682 10962 11882
2665 3241 3841 4250 4466 4802 5354 6242 6314 7082
3597 3907 4341 5551 5985 6450 6853 7473 8279 8930
1583 1695 1962 2326 2564 2802 3208 3404 3796 3978
4999 6274 7254 8087 8871 9851 11076 11811 12742 13722
3915 4599 5740 6196 7412 7792 8742 9350 10604 10832
2701 3538 3862 4862 4916 5672 6374 6644 7157 7670
2951 3226 3776 4026 4677 5477 5702 6152 6652 7427
1429 1695 2171 2522 2606 2928 3348 3376 3642 4160
1001 1241 1432 1742 1912 2052 2292 2522 2632 2832
3617 3873 4481 5122 5762 6562 7490 8290 8386 9410
2143 2563 3025 3740 3908 4538 4727 5420 5882 6302
3336 3626 4554 4874 5802 6324 6527 7020 7832 8122
2449 2881 3650 3890 4658 4826 5618 5858 6386 7034
5901 6001 7901 8252 9052 10252 11352 12602 13702 14852
3664 4027 4919 5711 6140 7163 7295 7922 8912 9242
2164 2857 2941 3467 3803 4412 4811 5336 5546 6260
4161 5521 6361 7001 8001 8562 9562 10282 10762 11762
3991 5055 5891 6499 7108 8362 8780 9844 10414 10984
1922 2041 2585 2755 3402 3691 4082 4082 4762 4796
1485 1835 2129 2298 2662 3012 3110 3418 3698 4188
3081 3389 3921 4538 5462 5966 6442 6946 7590 8402
3221 3445 4033 4734 5518 6162 6358 6946 7338 8150
3673 4115 4761 5578 6292 6802 8060 8808 9250 9998
4636 5941 7156 7876 8822 9677 10127 11702 12242 13007
2221 2541 3002 3302 3702 4062 4522 4902 5482 5702
4601 5201 6121 7081 7682 8162 9002 10042 11162 11842
2926 3076 3726 4076 4602 5452 5502 6477 6852 7402
3597 4124 4806 5396 6047 6760 6822 7845 8124 8713
5601 6701 7551 8452 9002 10752 11352 12052 13352 14552
3193 3557 4285 4537 5602 5882 6470 7002 7478 8094
2248 2647 3214 3782 3803 4454 4937 5105 5483 6050
5801 6451 7551 8202 9802 10152 11002 12952 13752 14102
3649 4353 4993 5601 6209 6786 7458 8034 8706 9282
3812 4737 5774 5959 7291 7661 8179 9400 9696 10473
5131 6211 6661 7561 8552 9407 10487 11432 12107 13097
1681 1863 2073 2297 2521 3082 3292 3614 3768 4090
2500 2542 3193 3571 4076 4580 5042 5042 5546 6197
4224 5003 6480 6603 8079 8612 9145 9883 10826 12220
3411 4093 4620 5147 5582 6791 7194 7969 8341 9209
2554 2807 3612 3773 4188 5039 5269 5982 6373 6557
4327 5755 6175 6764 7730 8990 9914 10250 11132 12392
3585 4353 4577 5601 6306 6466 7490 8194 8834 9506
4121 5601 6322 6442 7762 8562 8842 9682 10522 11602
2569 3217 3697 4249 4634 5282 5330 6146 6338 6890
5131 5761 6346 7246 8912 9767 10127 11702 12017 13412
3641 4586 5286 6162 6792 7492 7807 8822 9802 10012
3690 4248 4558 5550 6108 6760 7318 7876 8496 8992
2782 3484 4051 4565 4916 5915 5969 6671 7454 7724
2021 2541 3021 3362 3602 4182 4762 5022 5602 5602
4521 5081 6001 6642 7762 8042 8882 9922 11162 11922
4485 5055 5587 6614 7108 7830 9008 9122 10148 11212
5077 5641 6769 8086 8650 10295 11047 11517 12598 13256
2449 3097 3386 4010 4682 4826 5330 5762 6650 6914
3163 4248 4589 5117 5582 6264 7442 7566 8558 8992
1031 1361 1591 1702 1972 2012 2262 2522 2602 2992
2809 3619 3943 4645 5132 5888 6428 6833 7157 7859
3886 4589 5440 6181 7143 7624 8697 9030 9881 10954
3400 4588 4687 5777 6140 6668 7526 8285 8648 9836
4166 4691 5532 5672 6302 7457 7807 8717 9242 10012
3676 4831 5566 5671 6722 7072 8297 8437 9627 10327
5538 5881 7155 8430 9753 10292 11223 12252 12938 14359
4143 4637 6044 6690 7070 7830 8552 9388 10414 10718
5751 6801 7201 8901 9051 11002 11502 12802 13652 15002
2531 2927 3411 3676 3962 4688 5260 5612 5766 6162
4841 5985 6161 7438 8362 9154 9814 11002 11574 12938
3052 3349 3781 4673 5186 5618 6131 6752 7022 8048
2355 2905 3082 3566 4006 4622 4996 5392 5854 6338
3423 3713 4293 5192 5715 6295 6817 7165 7571 8383
4593 5249 6275 7054 7546 8407 9268 10252 10703 11933
1401 1779 2171 2494 2620 3068 3166 3530 3810 3922
2500 2563 3004 3509 4097 4538 4832 5042 5546 6218
4693 5981 7269 7821 8971 9984 11042 11870 12836 13618
1031 1341 1541 1762 1952 2022 2402 2432 2742 2902
1793 2065 2449 2738 3154 3474 3634 3922 4194 4546
3628 4155 4403 5055 5954 6357 6977 7597 8496 9240
2901 4032 4323 4816 5338 5947 6846 7020 7716 8151
2141 2761 3141 3441 4002 4122 4562 5202 5342 6002
2501 3176 3802 4502 4502 5002 5927 6202 6552 7177
3571 3661 4351 4922 5492 6002 6722 7622 8192 8792
5041 5083 6049 7142 7604 8696 9914 10754 10964 11762
3301 4357 4918 5909 5942 6800 7493 8186 8978 9671
5061 5589 6161 7878 8362 9330 9858 10650 11442 13026
4936 5688 7381 7710 9355 9590 10624 11658 12222 13867
3393 4097 4545 5377 6338 7042 7266 8290 8674 9506
1597 1793 2186 2522 2802 2802 3082 3362 3740 3964
4969 5889 6579 8236 8650 9938 10214 11732 12192 12928
4999 5209 6049 7436 8024 8948 9662 10250 11216 12602
4121 5481 5681 6682 7242 8242 9522 9802 11082 11442
4831 6257 7269 8189 9156 9892 10352 11870 12238 13204
3162 3916 4322 5163 5453 6295 6933 7281 8064 8209
2876 3126 3501 4252 4702 5502 5952 6302 6577 7202
1201 1453 1693 2066 2246 2438 2882 3110 3218 3398
5075 6021 6580 6967 8602 9290 9505 11182 11569 12644
2738 2784 3681 4072 4579 4970 5430 5660 6350 6557
1569 1919 2059 2522 2788 2900 3264 3362 3656 4202
4369 5797 6595 7478 7604 8486 9578 10922 11048 12140
3763 4423 4753 5578 6371 6932 7526 7955 9077 9869
1101 1391 1471 1722 1922 2022 2202 2442 2702 2942
2885 3837 4201 4986 5350 5686 6554 6750 7618 8150
1471 1905 2143 2241 2676 3040 3208 3544 3810 4160
4219 4589 5440 6217 6884 8031 8771 9363 10177 10584
2101 2401 3082 3442 3642 4142 4502 5162 5402 5822
3631 4192 4687 5876 5975 6932 7658 8417 9110 9440
4330 5188 6007 7022 7490 8036 9284 9674 10493 11039
2041 2126 2721 2824 3113 3657 3742 4167 4592 4966
1191 1331 1591 1621 1962 2132 2222 2582 2762 2822
5266 5626 6526 7742 8912 9047 10217 11522 11747 12962
3361 3961 4231 4952 5732 6002 6962 7292 7952 8972
4327 5293 6049 7016 7814 8612 9452 10838 11636 12224
4747 5419 5965 7436 7688 8444 9326 10670 11468 12434
3137 3893 4201 4762 5182 5658 6582 6834 7338 8346
1288 1486 1684 1794 2125 2235 2620 2818 2972 3148
3075 3887 4583 4815 5628 5889 6440 7252 7977 8528
2143 2689 3235 3697 3992 4622 5042 5105 5735 6092
5538 6469 7694 8527 9704 10733 11076 12252 13526 14114
4101 5741 6520 7341 7874 8284 9555 9965 11031 12097
1809 2081 2402 2706 2946 3234 3522 4066 4274 4642
2374 2857 3340 3508 4181 4391 4622 5378 5840 6302
4860 5548 6279 7182 8344 9032 10150 10322 11655 12902
2425 3001 3841 4177 4706 5210 5714 5834 6554 6986
3160 3565 4132 4375 5375 5807 6401 6617 7373 7859
3501 4201 5461 5812 6512 7667 8262 8927 9557 9802
2035 2521 2827 3241 3367 3872 4214 4682 4916 5276
1443 1919 2045 2409 2662 2914 3306 3600 3740 4090
2651 3051 3801 4327 4527 5477 5927 6227 6677 7477
1244 1464 1618 1861 1982 2345 2444 2785 3005 3170
1345 1513 1705 1994 2210 2570 2822 2906 3254 3506
4901 5930 7646 8283 9116 10243 11517 12399 12938 14163
4143 4751 5739 6727 7260 8324 8628 9882 10072 11212
4108 4663 5588 6403 6699 7920 8401 9141 9881 11028
2395 2647 2941 3466 4202 4559 4811 5378 5882 5987
2971 3754 4186 4510 5159 5618 6131 6509 7319 8102
5489 5881 7400 7890 8969 10586 11762 12252 13232 14457
5118 5247 6494 7053 8430 8688 10064 11182 11483 12902
1522 1678 1860 2328 2407 2862 2992 3213 3564 3850
1857 2161 2385 2785 2930 3362 3714 4066 4338 4738
1535 1756 1977 2198 2576 2784 2979 3291 3499 3655
2341 2621 2841 3302 3802 4142 4682 5042 5222 5742
2577 2761 3497 3704 4257 4947 5246 5936 6304 6764
3277 3865 4033 4593 5322 6050 6414 7030 7758 8374
2863 3457 4214 4484 4889 5510 6023 6752 7049 7778
3121 3991 4231 4921 5942 6602 7082 7712 8162 8582
3457 4225 4897 5602 6242 6562 7138 7970 8642 9570
2071 2197 2719 3223 3350 3602 4250 4682 4970 5258
4327 5839 6595 6931 7856 8486 10082 10670 11426 11804
3571 4201 5286 5741 7002 7177 8262 9067 9382 10397
3411 4124 4651 5240 5644 6543 7194 7876 8496 9116
3681 4225 5121 5537 5793 7042 7650 7938 8802 9378
4983 5829 7098 8368 8979 10248 10953 11517 12739 13914
2731 3303 3771 4370 4786 5306 6190 6502 7256 7412
1369 1681 1789 2017 2366 2630 2726 3098 3170 3566
4681 5305 6124 6514 7763 8036 9128 9557 10454 11156
4369 5461 5500 6436 7021 8309 9206 9947 10922 11624
5301 6801 7601 8301 9502 10752 12002 12452 13852 14402
5547 6581 6769 7662 9073 10060 10483 12128 12739 13538
3469 4523 5373 5475 6564 7346 8060 8672 9114 9556
1873 2233 2719 3224 3602 3944 4178 4430 4718 5096
4101 5700 6397 6807 7710 9022 9760 10662 10785 12015
1922 2262 2687 3045 3181 3487 3997 4218 4473 4864
3925 4465 5689 6049 7022 7346 8606 9254 9938 10082
2881 3097 3817 3913 4466 5210 5618 5762 6338 7034
4057 4837 5812 6359 7607 8075 8933 9362 10883 11546
1357 1441 1861 1981 2162 2582 2702 3122 3278 3566
2473 3169 3577 4274 4370 5090 5714 6002 6290 6770
1855 2287 2701 3062 3260 3782 4304 4592 4916 5330
2641 2751 3147 3896 4248 4556 4930 5458 5964 6294
1713 1969 2465 2850 2978 3458 3538 3954 4434 4802
1909 2431 2539 2990 3350 3926 4196 4430 4862 5330
2324 2853 3659 3705 4211 5039 5246 5821 6189 6718
3956 4236 5531 6266 6372 7527 8367 8857 9487 10047
5017 6073 6645 7349 7966 9198 10562 10958 11486 13114
3681 4257 4577 5154 6242 6434 7170 8290 8738 9186
4861 6166 6796 7786 8642 9767 9902 11567 12467 13367
4774 5935 6881 7225 7913 9376 10236 10924 11268 12515
4936 5782 6629 7569 9073 9684 10953 11564 12645 13350
5601 6601 7001 8252 9952 10902 11702 12252 13202 14502
4842 5829 6628 7945 9355 9825 10859 11517 12222 13867
3991 4341 5356 5952 6302 7352 8052 8787 9732 9837
3781 4789 5113 6338 7166 7490 8066 8966 9794 10478
4936 5829 6581 8133 9167 9590 10671 11423 12927 14102
4121 5481 5881 7161 7922 8402 9562 10082 10722 11402
1071 1301 1571 1681 1881 2182 2392 2562 2752 2962
4798 5208 6356 7259 7587 8202 9350 10047 11195 11687
2248 2857 3088 3697 4139 4349 4895 5336 5714 6281
3079 3781 3916 4835 5186 5537 6293 6509 7022 8102
1041 1281 1471 1661 2002 2052 2302 2592 2802 2832
1633 2081 2529 2625 2994 3346 3698 4050 4434 4642
2701 3001 3876 4226 4977 5152 5952 6302 6902 7377
2201 2949 3390 3654 4314 4600 5018 5348 5766 6228
1444 1626 1977 2160 2563 2758 2888 3252 3382 3863
5017 5765 6161 7834 8494 9374 10562 11134 11442 12542
3361 4161 4545 5346 6306 6818 7618 7970 8322 9570
1711 1831 2101 2506 2987 3122 3407 3857 4187 4397
4327 5419 5965 6806 8234 8486 9998 10334 11342 11846
2015 2661 2984 3345 3802 4163 4353 4581 5303 5455
1786 2211 2551 2841 3164 3589 3776 4354 4575 4864
5041 5446 6526 7877 8867 9632 10082 11342 12197 12737
3690 3721 4775 5457 6202 6388 6915 7845 8186 9271
1189 1420 1739 1926 2047 2389 2587 2807 3038 3170
1855 2467 2737 3187 3566 3908 4232 4484 4736 5204
3106 3511 3943 4538 5051 5483 6428 6590 7427 7778
4183 5454 6192 6561 7546 9022 9760 10662 10662 12261
4257 4903 5701 6462 7450 7678 9122 9502 10110 10642
2751 3251 3526 4027 4752 5002 6002 6352 6677 7052
2501 3176 3501 4327 4727 5352 5877 6052 6952 7452
2809 3349 4105 4619 5105 5915 6050 6887 7562 7616
1922 2194 2432 2824 3198 3555 3963 4133 4592 4983
3889 4861 5293 6014 6986 7706 7994 8966 9938 10334
1457 1613 1887 2251 2446 2849 2875 3122 3421 3668
2347 3106 3474 4026 4349 4901 5522 5683 6097 6879
3565 4258 5051 5282 6074 6701 7361 8318 9209 9440
4201 5629 6469 7058 8402 8990 9578 10082 10964 12140
5641 6440 7098 7615 9167 9731 11282 11658 12880 13867
2997 3529 4313 4481 5462 6106 6442 7226 7282 8206
2939 3251 3901 4343 4916 5332 5826 6710 7230 7698
4018 5422 5773 6320 7139 8309 9128 9830 10571 11234
2243 2471 2757 3080 3479 3840 4220 4676 5094 5379
3511 3991 4771 5131 5881 6151 7202 7802 8042 9002
5195 5881 7205 8038 9263 10537 11125 12007 13722 13722
3249 3389 4425 4677 5490 6162 6526 6722 7450 8206
3923 4885 5551 6217 7106 7476 8882 9548 10103 10991
4903 6021 6795 7440 7999 9462 9806 10967 11440 12773
4174 4876 5891 6671 7139 7802 8894 9596 10298 10961
4201 4866 5111 5776 6477 7177 8332 8892 9662 9802
4860 5161 6881 7225 8215 9419 9978 10666 11956 12515
2081 2401 2981 3502 4002 4382 4662 4922 5582 5702
5089 6289 7345 8162 9218 10274 10658 11906 13058 13778
3745 4465 5222 5834 7202 7382 8030 9038 9794 10190
5359 6299 7474 7803 8791 9778 10906 11470 12551 13820
4577 5897 6865 7173 8538 9286 10474 10870 11442 12850
5783 6518 7400 8429 9458 9900 11615 12693 13477 14457
4057 5383 5734 7021 7645 8504 9206 9674 10688 11546
1591 2041 2341 2656 2897 3092 3497 3767 4037 4382
4181 4599 5663 6500 7412 7716 8400 9806 10300 10756
4071 4737 5255 6107 7032 8105 8216 8956 10029 11065
4033 4501 5294 5906 6698 7670 8174 8642 9542 10586
2626 3276 3951 4227 4602 5152 6002 6252 6577 7127
5832 6322 7204 8380 8969 10684 11174 12399 13673 14163
3915 5055 5587 6576 6994 7602 9084 9198 10566 11022
4795 6252 6863 7850 8650 10107 11094 11799 13162 13538
3911 4115 5102 5544 6156 6904 7924 8434 9148 9726
4999 5713 6343 7309 7603 8948 9914 10880 11258 12014
1471 1877 2185 2409 2732 2970 3334 3600 3740 4132
3031 4021 4261 5252 5882 6482 6932 7202 8012 8792
3031 3871 4622 4922 5492 6062 6872 7532 8102 8672
3639 4761 4931 5475 6462 6938 7584 8774 9522 9896
2186 2281 2851 3346 3574 3973 4372 4676 5227 5569
5881 6077 7400 8772 9165 10292 11223 12350 13722 14114
1366 1626 1834 2290 2550 2797 3018 3317 3486 3811
3605 4183 5170 6088 6190 6972 7550 8400 9080 10134
2531 2817 3191 3962 3962 4732 4842 5480 6074 6448
1531 2101 2131 2402 2957 3152 3422 3797 4157 4217
1381 1513 1837 2137 2161 2642 2870 2894 3326 3530
3265 4257 4481 5602 6210 6754 7330 8098 8514 9570
4951 6076 6436 7967 8687 9092 10172 11342 12377 12737
5359 5641 6770 8039 8650 10295 10577 11564 12457 13256
4177 4429 5365 6266 6734 7850 8210 9326 9686 10190
1191 1251 1561 1682 1802 2182 2232 2572 2682 2862
3839 5093 5587 6158 7298 7982 9122 9578 10414 10642
2809 3619 4051 4537 5240 5942 6212 6968 7481 7967
1161 1341 1551 1671 1972 2112 2232 2412 2662 2942
1541 1709 2241 2381 2592 2984 3292 3572 3922 3922
2939 3589 3641 4370 4890 5618 6008 6268 6866 7620
3631 4258 4951 5711 6239 6701 7526 8285 8978 9374
1576 1816 2236 2687 2807 3002 3542 3707 4082 4487
4285 5041 5149 6193 7057 7850 8606 9326 10082 10406
3277 3697 4369 4565 5266 5966 6470 7226 7730 8150
2107 2485 2629 3062 3548 3890 4214 4358 4682 5042
2809 3173 3771 4240 4682 5670 6164 6710 7204 7464
5051 6301 7552 8352 9202 10002 11802 12502 13002 14252
4726 5671 6301 7877 8462 9272 10802 11207 11702 13187
4447 5110 5812 6241 7802 8387 8660 9908 10844 11468
5501 6351 7101 8952 9052 10252 11702 12052 13252 14402
1956 2381 2381 2926 3147 3419 3878 4116 4745 4881
3220 3568 4177 5135 5309 6005 6962 7223 8122 8557
2751 3001 3826 4452 4602 5127 5777 6227 6702 7352
2737 2881 3362 3890 4682 4922 5426 5858 6314 6722
4831 5419 5965 7057 8318 9116 9452 10628 10964 12476
2835 3225 3641 4604 5202 5332 5826 6684 7100 7698
4081 5281 6121 6562 7482 8322 9602 9642 10962 11762
4816 5671 6886 7832 8912 9137 10712 11072 12062 12782
1786 2011 2266 2536 3002 3272 3587 3752 3992 4277
3829 4027 5017 5479 6404 7097 7460 8351 9044 9737
1167 1541 1673 1981 2169 2246 2422 2763 3027 3258
1301 1626 2082 2186 2498 2654 3057 3135 3395 3694
4601 5751 6579 7822 9110 10122 10260 11870 12284 12974
1225 1609 1837 1945 2186 2558 2834 3122 3182 3494
3697 4357 5248 5578 6569 6734 7790 8252 9011 9308
3777 4033 4993 5569 5762 6882 7618 7970 8386 9442
1841 2081 2529 2849 3042 3218 3842 3970 4242 4738
2269 2647 2941 3593 4118 4475 5000 5063 5777 6176
2701 3151 3877 4177 4652 5002 5702 6352 6527 7002
1713 1985 2497 2721 3106 3266 3650 4066 4482 4802
1621 2041 2281 2596 2896 3257 3602 3767 3977 4487
2531 3198 3336 3751 4280 4855 5292 5798 6074 6672
2227 2563 2962 3593 4139 4412 4811 5189 5693 6155
1681 2225 2561 2689 3057 3298 3810 3954 4450 4802
2107 2233 2845 3241 3314 3746 3998 4646 4952 5294
5176 6211 6796 7516 8867 9047 10442 11387 12332 12917
4041 5601 5601 7202 7202 8242 9602 9842 10682 11562
3690 3845 4527 5581 6171 6512 7225 7628 8434 9023
1666 1801 2131 2417 2927 3002 3587 3872 3992 4442
4047 4319 5339 5543 6666 7414 7890 8196 9352 9998
2646 3175 3382 3842 4395 5062 5499 5637 6074 6672
2161 2359 2773 3080 3350 3764 4178 4520 4826 5096
1513 1947 2227 2381 2760 2928 3278 3530 3880 4006
5061 5501 6733 7129 8406 9110 10474 11310 11794 12366
2221 2601 3081 3462 3682 4362 4622 4842 5382 5942
4105 4501 5437 6230 7094 7490 8102 9002 9650 10442
3001 3501 3626 4476 4852 5002 5627 6477 6627 7377
3025 3641 4061 4706 5238 5798 6442 7114 7478 8290
2917 3430 4240 4780 5131 5780 6293 6968 7400 7886
3421 3991 4741 5252 5522 6242 6602 7262 7862 8972
2122 2815 3046 3782 4118 4391 4748 5105 5483 6071
4897 6721 7153 8162 8786 10514 10802 11954 12482 14018
5475 5521 7269 7868 8834 9570 10214 11042 12514 13664
4795 6393 7333 8321 9120 10201 10342 11611 12363 13585
3031 4111 4501 5282 5402 6092 6842 7592 8072 8612
3278 3597 4177 4758 5802 6150 6469 6962 7948 8325
1837 2503 2521 3044 3476 3746 4196 4376 5042 5168
1369 1621 1921 2150 2234 2450 2642 2882 3266 3458
1597 1821 2143 2465 2535 2970 3334 3432 3894 4104
5473 6001 6961 8353 9410 10466 11090 12434 13106 13730
4485 5055 5891 6842 7032 7716 8742 9692 9958 11136
1483 1613 1900 2160 2368 2706 2875 3174 3460 3772
5475 5521 6809 8098 8926 9892 10674 11364 12468 12928
2071 2359 2647 2881 3350 3926 4178 4682 4754 5240
5734 6861 7204 8430 9116 10341 10782 11811 13673 13918
4921 5167 6192 6930 7382 8940 9555 10621 10826 12179
4681 5401 6401 7121 7801 8122 8922 10082 11122 11802
3775 4515 5774 6514 6847 7772 8216 8993 10362 10769
2991 3537 3745 4551 4942 5436 6216 6476 7178 7594
2976 3251 3676 4326 4752 5327 5827 6327 6602 7302
3553 3969 4833 5218 6050 6434 7554 8098 8514 9442
2401 2721 3081 3561 3601 4142 4462 5182 5562 5722
5146 6665 7743 8528 9214 10390 11174 11811 13036 14261
1101 1431 1729 1817 1993 2312 2455 2774 2884 3137
5521 6165 6763 7913 8328 9754 10674 11962 12100 13480
5342 6371 7449 8675 9508 10194 10880 11860 13281 13967
2901 3568 4351 5164 5686 5918 6904 7078 7832 8470
2101 2836 3361 3698 4076 4286 4958 5063 5651 6176
2416 2563 3151 3550 4202 4559 5042 5399 5588 6092
2971 3376 3781 4538 5375 5780 6428 6833 7076 7886
5473 5905 7009 7729 8834 10034 11234 12098 13442 14258
2575 2927 3213 3609 3962 4512 5216 5524 6118 6580
1131 1361 1521 1781 2002 2002 2402 2522 2722 2862
1681 2177 2497 2737 2978 3378 3602 3906 4402 4802
3301 4201 4501 4891 5822 6422 6962 7262 8372 8642
4969 5567 7178 8052 8282 9708 10904 11226 12054 13480
3537 4625 5237 6019 6224 7380 7890 8604 8842 10134
5451 6301 7851 9001 9501 10452 11952 12902 13852 14802
5440 5930 7351 8283 9557 9949 11272 12546 13722 13967
3160 3538 4078 4537 5159 5942 6320 6644 7076 7859
1310 1431 1607 1981 1981 2411 2631 2807 2884 3225
3214 3592 4267 4375 5159 5564 6347 6779 7238 8048
4501 5986 6526 8012 8732 9497 10442 11477 12602 12647
2901 3974 4265 4729 5309 5831 6759 7078 7948 8296
4739 6027 7040 8006 8558 9294 10582 11088 12100 12882
2676 3326 3976 4501 5002 5002 6002 6477 6777 7052
1321 1585 1825 1969 2402 2462 2834 3014 3326 3578
2689 3169 3817 4057 4442 4826 5762 5834 6722 7034
3393 4065 4481 5762 6210 6530 7458 8194 8930 9282
4257 5245 5625 6537 7602 8058 8704 9806 10262 10680
2107 2179 2665 3007 3422 3926 4268 4610 5042 5204
3457 4129 4993 5345 6178 6754 7554 8258 8834 9122
3746 4271 5321 6162 6652 7177 7737 8857 9522 10117
3921 4376 5181 5776 6827 7282 8262 8752 9662 9977
1769 2262 2722 2722 3113 3674 3742 4184 4626 4813
4285 5839 6259 7351 8360 8906 9662 10712 11510 12266
1156 1508 1761 1949 2070 2334 2422 2796 2983 3093
3336 3655 4380 4786 5773 6179 6904 7542 7861 8673
4265 5454 6028 6848 7792 8817 9760 9924 11236 12179
2941 3529 4145 4930 5434 5938 6358 6974 7422 8094
4219 4675 6043 6424 6918 7944 8628 9464 10148 11326
1299 1475 1541 1959 2015 2400 2609 2752 2873 3291
4645 5505 6365 7354 8516 9333 10150 11139 11268 12214
4761 5281 5601 6882 7962 8042 9042 9802 10522 11322
2161 2801 3021 3421 3802 4142 4802 5002 5482 5842
3121 3355 3667 4214 5046 5566 5852 6294 6762 7620
5473 6481 7249 8401 9553 9697 11330 12434 13442 14402
4033 4933 5725 6085 6806 7634 8570 8930 9542 10442
4301 5161 6280 7613 7957 8602 9591 10752 11741 12343
4903 5892 6537 7698 8516 8860 9720 10494 11956 12343
2227 2815 3109 3382 4202 4601 4811 5420 5567 6302
2755 3295 4321 4618 5321 5780 6428 6833 7346 7805
1741 2071 2281 2416 2942 3287 3527 3617 4052 4502
4915 5629 6679 7267 7687 8738 9662 10796 11552 12350
3853 4753 5041 6194 6806 7310 8606 9182 9902 10586
3639 4285 5238 5782 6394 7108 7788 8332 8978 9760
1681 1985 2433 2609 3106 3474 3810 4002 4450 4770
3781 4411 5006 5707 6477 7457 8122 8962 9382 10327
5032 5161 6322 7312 7742 8774 9591 11053 11870 12644
3031 3661 4561 5372 5432 6512 6782 7622 7952 8822
3690 4124 4961 4961 6016 6605 7225 7721 8062 9116
3690 3721 4682 4961 6202 6822 6884 7783 8372 8930
5293 6028 7695 8038 9018 10782 11076 12399 13134 13820
1299 1332 1629 1883 2202 2367 2565 2686 2906 3203
1496 1678 1925 2198 2589 2706 3005 3356 3590 3707
1369 1441 1801 1934 2390 2630 2762 3038 3146 3422
3877 4285 5271 5646 6258 7176 7822 8298 9284 10100
2531 3083 3313 3866 4533 4924 5361 5752 5982 6603
1713 2145 2433 2626 2882 3426 3714 3938 4370 4594
1345 1669 1861 2101 2306 2402 2702 3026 3266 3554
2705 3277 4057 4604 4994 5280 5904 6398 7048 7776
5086 6211 7066 7516 8596 9272 10532 11252 12557 13322
1665 2241 2433 2802 3010 3314 3730 3890 4338 4770
1444 1613 2029 2289 2511 2862 2979 3369 3512 3655
1854 2058 2568 2960 3368 3606 3878 4099 4439 5034
3181 3781 4441 5042 5432 6362 7052 7622 8252 8702
2809 3073 3673 4010 4514 4826 5426 5906 6482 7058
5951 6801 7051 8102 9202 10452 11502 12902 13302 14402
1266 1541 1651 1816 1982 2422 2532 2730 2950 3148
3853 4393 5293 6302 6842 7886 8390 8822 9506 10298
3162 4032 4206 4902 5802 6324 6498 7484 7600 8499
3256 3845 4899 5458 5613 6450 7318 7876 8682 8806
3318 4124 4341 5489 5737 6264 6946 7783 8310 8961
4603 4954 5851 6709 7568 8153 9323 9869 10454 11117
4387 5978 6495 7484 7871 8688 9462 10365 11440 12601
1639 1905 2199 2423 2661 2998 3208 3488 3810 4188
1021 1291 1471 1621 1922 2192 2282 2602 2742 2942
3025 3529 4089 4678 5434 5686 6666 6806 7730 8374
5538 6420 7302 8136 8920 10194 10978 12399 13526 13918
3541 3931 4291 5131 5492 6572 7142 7322 8402 8642
3075 3539 4468 5193 5280 5976 6382 7484 7745 8238
4561 5401 6121 6882 7242 8762 9362 9642 10402 11722
2261 2781 3081 3362 3662 4102 4542 5082 5322 5602
4795 6111 6817 7569 8462 9825 10436 11611 12598 13820
4860 5806 6838 7053 8129 9376 10064 11139 11440 12386
1131 1371 1482 1622 1812 2062 2382 2412 2672 2812
2601 3126 4001 4026 4777 5502 5777 6352 6827 7477
4470 5700 5864 7299 8201 8940 9801 10293 11441 12097
2526 3276 3652 4052 4802 5152 5552 6227 6652 7452
4641 4841 6121 6762 7202 8242 9602 10082 10522 11602
3597 4248 4899 5395 6047 6202 7380 7845 8124 8806
1297 1633 1921 2126 2246 2414 2726 2966 3194 3446
4029 4865 5663 6766 7070 8172 8590 9692 10414 10908
1561 1936 2282 2687 2807 3032 3332 3827 3962 4292
3132 4000 4868 5582 5892 6450 7318 7566 8186 9271
2141 2401 3021 3201 4002 4342 4762 5182 5362 5782
1178 1519 1574 1817 2114 2356 2444 2708 2972 3115
4183 5495 6029 6562 7382 8858 9309 10088 11400 11646
4485 4903 5739 6196 7184 8286 8476 9198 10224 11174
2857 3893 4285 4789 5490 5910 6274 7114 7842 8346
1681 1961 2129 2312 2648 2872 3250 3432 3740 3964
4969 6027 6947 7730 8282 9800 10260 11594 12422 13710
1611 1793 2032 2396 2522 2802 3166 3390 3838 4090
2601 3401 3951 4201 4852 5352 5602 6227 6827 7402
4831 5629 6217 6974 7730 8612 9452 10460 11258 12224
1401 1919 2171 2521 2774 2900 3278 3362 3824 4174
3945 4761 4965 5748 6224 7142 7618 8706 9284 9624
4564 5383 5539 6593 7100 8348 8660 9479 10571 11156
1345 1585 1765 1993 2185 2630 2858 3086 3290 3578
4716 5536 6151 6807 7792 8407 9801 10539 10744 11769
3331 3961 4261 5012 5612 6482 6872 7622 8042 8492
4993 6721 7249 7969 9362 10034 11522 12338 13106 14210
3421 3751 4622 5072 5642 6482 6722 7382 7832 8612
2901 3051 3726 4476 4677 5327 5877 6077 7002 7427
3979 4251 5407 5782 6292 7312 8094 8264 9080 9556
1310 1519 1750 1816 2070 2367 2642 2741 2906 3115
3025 3619 4078 4537 5050 5915 6293 6995 7319 7994
2857 3529 3977 4510 5350 6078 6162 6722 7758 8346
4983 6440 6863 7709 9355 9778 11094 12222 12927 13538
2061 2461 3081 3482 3782 4262 4622 4862 5422 5762
4281 4921 5841 7162 7962 8562 9282 9842 10482 11482
5311 5446 6347 7292 8552 9092 10037 11342 12017 12917
3781 4481 4936 6197 6897 7597 8227 8682 9102 10117
2833 3097 3673 4250 4322 5186 5642 5786 6458 7010
3361 3529 4005 4706 5042 5770 6554 7282 7814 7898
5105 5985 6601 7525 8274 9594 9990 10870 11970 13158
3511 4111 4801 4891 5672 6272 6662 7442 8132 8912
4929 5677 6689 7041 8450 9022 10254 10914 11926 12894
3361 3931 4321 4861 5882 6422 6782 7742 8192 8792
4430 5204 6882 7613 8129 8989 9505 10494 11440 12042
2809 3322 4106 4619 5105 5699 5942 6698 7346 7859
1091 1381 1491 1751 1962 2102 2362 2402 2712 2902
3425 4065 4513 5538 6018 6914 7426 8130 8610 8994
4371 4713 5625 6423 7336 8248 9008 9274 10414 10832
4131 4341 5531 6021 6932 7317 8157 8472 9452 10152
4831 5755 5923 7394 7730 8570 9410 10880 11216 12560
3504 3752 4342 5303 6140 6295 7132 7535 8062 8744
4041 5241 6002 6682 7242 8042 8962 10082 10402 11922
1237 1525 1837 2162 2366 2462 2678 2954 3158 3578
2554 3037 3543 4118 4556 4901 5361 5729 6189 6856
4906 5671 6932 7247 8372 9767 10352 10847 11837 12872
3201 3937 4514 5730 5954 7010 7074 7970 8482 9090
3649 4065 4545 5250 5826 6754 7554 8066 8386 9314
2554 3198 3589 3750 4211 4993 5269 5568 6074 6879
1927 2467 2809 2990 3422 3890 3962 4592 4808 5060
2401 2905 3458 3986 4442 5186 5570 5810 6266 7034
4861 5806 6481 7517 8237 9227 10487 11612 11837 13097
1922 2381 2415 2874 3334 3538 3844 4405 4745 4813
4521 5601 6281 6761 7682 8282 9602 9602 10802 11482
1429 1597 1849 1981 2294 2402 2858 3110 3314 3506
5266 6256 7201 7426 9002 9362 10307 11297 11972 12737
3745 4933 5185 6338 6986 7562 8066 8966 9758 10118
2377 2993 3258 3632 4182 4534 4930 5326 5964 6184
3553 4065 5058 5250 6018 6594 7426 8258 8322 9154
4018 5462 5774 6281 7568 7919 9050 9362 10220 10961
2676 3126 3651 4352 4977 5177 5827 6252 6827 7377
2885 3585 4118 4650 5042 5602 6246 7226 7562 8150
4757 5290 5741 6562 7628 8571 9678 10334 10703 11605
1340 1704 1977 2316 2589 2706 2888 3122 3538 3850
1483 1730 1977 2237 2550 2654 3070 3265 3616 3850
5342 6371 7645 8430 9165 10733 10880 12252 12987 13967
2161 2421 2921 3241 3702 4322 4782 5202 5402 5902
3553 4385 4929 5153 5826 6562 7618 8066 8354 9506
2801 3326 3626 4202 4652 5252 5577 6502 6602 7177
5149 5633 6381 7438 7922 9022 10298 11002 11486 13070
1021 1401 1411 1722 1832 2012 2212 2482 2712 2982
3061 3691 4351 5192 5432 6002 6932 7772 8222 8672
5501 6151 7951 8051 10002 10952 11752 12652 13052 14552
4946 5419 6236 7312 8086 8860 9935 10924 11655 12128
2141 2521 2821 3562 3702 4282 4802 4882 5522 6002
5636 6028 7253 8332 9263 9851 11468 12301 13281 13869
4511 5249 5864 7013 7546 8940 9760 10293 10826 12261
4577 5413 6953 7922 7922 9638 10078 10606 12278 12498
3053 3865 4089 4594 5154 5798 6554 6778 7730 8318
4057 5422 6163 6592 7568 8543 8855 9908 10454 11663
4408 4837 6086 6320 7685 7997 8582 9557 10532 11273
3091 4111 4411 4802 5492 6482 6782 7712 8102 8612
2001 2721 2921 3562 3842 4182 4582 4882 5222 5642
4771 5401 6482 7517 8822 9092 10037 10937 11972 12962
4441 5121 5761 7122 7962 8482 9162 9962 10402 11482
1617 2210 2546 2610 2994 3202 3586 3922 4210 4514
1977 2604 2813 3175 3669 4125 4372 4657 5056 5493
3421 3721 4801 5341 5521 6512 7202 7592 8132 8912
3466 4225 4621 5513 6239 6932 7922 8054 9209 9407
1621 1936 2266 2476 3002 3077 3587 3692 4052 4307
3709 4393 5545 6410 7166 7418 8318 9146 9398 10298
4999 5629 6091 6847 8276 9074 9620 10628 11258 11888
2223 2641 3169 3610 4358 4468 5282 5700 5920 6272
4347 5290 6110 6767 7997 8858 9514 10211 10703 11728
1225 1561 1789 2077 2354 2594 2858 2966 3134 3590
1366 1769 1847 2264 2342 2602 3018 3200 3421 3811
4561 4865 5473 6158 6994 7640 8438 9350 10300 11364
5030 5970 6864 7804 8603 9637 10765 11940 12786 13209
4647 5567 6625 7868 8466 9432 10398 11778 12790 13756
3025 3641 3977 4790 5098 6050 6554 6750 7758 8150
1713 2193 2481 2882 3090 3202 3618 3970 4322 4802
1963 2251 2557 2882 3494 3782 4322 4628 4880 5114
2401 3025 3505 3866 4586 4802 5762 5906 6674 6938
4705 5041 6427 7100 8234 9074 9494 10082 11552 12224
3796 4621 5017 5413 6470 7064 7427 8285 8978 9341
2110 2585 2718 3118 3593 3821 4277 4904 5132 5702
5489 6322 7351 8381 9410 9998 11272 12693 13575 13771
4693 5843 6487 8098 8374 9432 11042 11640 12192 13756
4957 5797 6259 7477 8318 9200 9578 10334 11426 12182
2401 2561 2961 3342 3782 4262 4442 5082 5302 5722
4145 4515 5921 6625 6773 7846 8142 9289 10103 10658
4293 4996 5884 5921 7106 7883 8401 9474 9659 10991
4101 5331 5782 7341 7423 8899 9268 10580 10990 11523
5032 5376 6193 7355 8473 8731 9548 10322 12042 12343
3940 5422 5891 6281 7334 8426 8816 9479 10532 10961
1499 1765 2171 2396 2578 2844 3278 3516 3712 4160
4301 5892 6796 7097 8344 8731 9548 10537 11741 12429
1555 1737 2059 2354 2606 2858 3222 3600 3712 4020
1470 1691 2029 2133 2550 2615 3031 3278 3642 3707
4929 5633 6821 7702 7966 9462 9990 11090 12234 12630
2521 2626 2962 3424 4076 4517 4811 5399 5609 6155
2167 2357 2946 3099 3574 4011 4353 4714 4980 5588
5086 5626 6526 7336 8957 9902 10037 11207 12602 12692
3901 5071 5929 6593 7568 8192 8972 9830 10181 11702
1392 1756 1912 2173 2342 2823 2953 3291 3629 3642
5089 6145 6817 7777 9122 10418 11282 12194 13250 14402
3221 3921 4453 4789 5434 5602 6554 7254 7310 8150
1697 1953 2545 2673 2882 3298 3714 4082 4418 4802
3137 3725 4398 4538 5294 5938 6162 6806 7590 8122
1301 1561 2029 2094 2537 2745 3122 3265 3642 3811
1222 1519 1673 1893 2114 2301 2565 2829 2884 3225
3541 4051 4291 5312 5582 6422 6962 7352 8072 8582
2143 2815 3340 3445 3887 4433 4979 5231 5777 6071
4367 4996 5699 5959 7217 7402 8179 9400 9696 10806
2035 2467 2665 2989 3584 3836 3962 4556 4970 5060
4716 5741 5741 7382 7464 8448 9350 10457 11113 11851
2347 3014 3543 3912 4510 4625 5430 5752 6143 6557
2355 2663 3279 3610 4116 4710 5238 5524 5986 6228
1496 1613 1951 2263 2602 2810 2953 3317 3460 3772
4201 4201 5251 6127 6967 7072 7842 8682 9627 9942
5291 6395 6763 8281 8281 9386 10168 11962 12790 13526
3329 4001 4866 5474 6018 6690 7330 8066 8546 9090
2851 3151 3651 4101 4802 5202 5727 6377 6902 7427
3393 4417 4641 5282 5762 7042 7170 7874 8514 9442
1651 2041 2131 2537 2942 3002 3557 3737 4142 4292
5383 5521 7040 7868 9202 9432 10122 11594 12100 12974
3278 4032 4061 4845 5425 5860 6614 7426 7774 8354
4447 5422 5734 6632 7100 7802 8894 10064 10532 11312
1555 1751 1976 2522 2578 2858 3124 3446 3712 4020
4601 5481 6322 6602 7962 8082 9082 9602 10522 11202
3521 4129 4705 5218 5890 7010 7554 7746 8578 9250
3925 4969 5653 5761 6914 7922 8462 8750 9362 10334
1891 2215 2720 3008 3458 3602 4034 4466 4808 5258
3701 4737 5736 5996 6773 7994 8660 9215 10251 10510
1939 2661 2756 3250 3517 4144 4353 4809 5170 5645
3421 4021 4681 4891 5671 6332 6902 7802 8372 8822
4523 5245 5663 6082 6880 7640 8742 9768 10262 10908
2728 3430 3890 4430 5213 5780 5969 6725 7103 7751
3411 4093 4651 5458 5830 6605 7349 7597 8062 9209
3676 4411 5496 6302 6617 7212 7702 8857 9312 10222
3361 3751 4801 4952 5672 6092 7202 7502 7922 8612
2991 3147 3823 4265 5098 5618 5878 6762 7178 7334
2221 2681 3021 3441 3842 4202 4582 4942 5302 6002
3535 4310 4496 5147 6016 6450 7380 7597 8651 8899
1191 1241 1531 1751 1981 2192 2402 2582 2742 2832
4489 5457 7041 7922 8054 9374 9682 11178 11486 13202
4602 5591 6795 7441 8387 8946 9634 10580 11225 12902
1756 2011 2116 2521 2867 3257 3542 3722 4202 4307
1112 1420 1651 1883 2158 2400 2576 2763 2917 3148
2401 2929 3362 3938 4322 5282 5378 5906 6650 6842
3256 4155 4342 5241 5675 6295 7225 7473 8310 8868
4470 5085 6562 6562 7751 8202 9555 10088 11195 12097
3991 4656 5391 5777 6617 7212 8262 8612 9137 9942
3571 3811 4471 5342 5462 6422 6692 7502 8372 8492
3442 3969 4620 5147 6140 6636 7349 7783 8682 9116
5017 5545 7041 7877 8537 8934 10342 11354 11926 12982
2626 3276 3951 4452 4927 5327 5602 6077 6927 7077
2141 2581 3101 3561 3982 4262 4442 5082 5362 5802
4301 5935 6580 7440 8387 9161 10193 10838 11483 12859
2301 2784 3681 3681 4533 4809 5476 5867 6327 6810
2393 3106 3290 3750 4556 4878 5407 5683 6143 6879
3133 3829 4322 4728 5541 5947 6817 7165 8035 8615
2601 3401 3851 4101 4902 5352 5802 6277 6727 7502
4101 4962 5906 6890 7833 8284 9063 10662 10785 11605
5293 6469 7155 8821 9066 10782 11762 12105 13379 14653
2324 3014 3244 3935 4441 4763 5361 5844 6189 6833
2653 3433 3771 4682 4942 5722 5852 6294 7126 7308
3001 3931 4622 5312 5492 6212 6692 7262 7832 8942
3961 4825 5761 6446 6554 7526 8642 9002 9398 10334
4601 4961 5601 7002 7642 8802 9082 10282 10442 11242
1200 1541 1662 1882 2158 2290 2598 2807 2906 3082
5017 5853 6953 7306 8274 8890 9770 11134 11750 12938
4901 6469 7106 7890 9655 10586 11419 12350 13575 14310
2185 2605 3193 3781 4055 4349 4874 5378 5819 6155
3361 4481 4866 5218 5826 6818 7202 8002 8514 9058
2701 3376 4079 4484 5348 5456 6077 6482 7265 7670
1667 1933 1975 2438 2634 2830 3152 3446 3922 3950
4401 5501 6469 7261 8582 9682 10342 10738 12322 13026
1167 1508 1607 1828 2103 2378 2433 2840 2862 3214
5901 6351 7601 8201 9001 11002 11952 12752 13752 14602
1261 1657 1861 2089 2354 2534 2822 3122 3242 3458
4841 5941 6601 7834 8274 9462 9770 11090 11794 12586
1651 2011 2297 2642 2747 3077 3332 3617 4082 4202
1653 1835 2115 2241 2760 2914 3236 3502 3866 4174
1222 1409 1662 1982 1982 2411 2521 2741 3016 3148
3504 4186 4621 5179 5644 6450 6946 7473 8062 8837
2061 2481 2881 3442 3722 4282 4802 5162 5282 5702
5237 6029 6865 7041 7922 9418 10034 11354 11750 12542
2951 3026 3901 4327 4677 5202 5677 6352 6902 7152
3641 4901 5287 5637 6582 7352 8017 8647 9102 9802
1735 2245 2551 2976 3317 3538 3946 4354 4626 5102
5594 5923 7380 7709 9073 9684 10906 11799 13021 14008
2913 3613 4453 4817 5602 6022 6386 6890 7786 7870
1225 1513 1765 1957 2378 2630 2810 3002 3134 3578
3333 3697 4341 4986 5070 5658 6274 6918 7758 8150
3889 4465 5581 5941 6806 7778 8390 9110 9902 10370
1541 1821 2101 2507 2578 3082 3222 3502 3922 4020
3095 3459 3771 4265 4838 5696 5930 6502 6996 7568
3673 4933 5689 6373 7130 7922 8210 8822 9650 10586
1101 1541 1596 1938 2004 2301 2466 2752 3005 3082
1457 1905 2171 2255 2802 3040 3152 3586 3810 4132
1211 1409 1663 1905 1993 2202 2433 2653 2972 3104
2437 2668 3193 3571 3908 4601 4811 5252 5882 5924
3421 4201 4531 5161 5732 6392 6602 7652 8402 8612
2597 2795 3147 3873 4160 4798 5106 5326 5942 6602
3452 3771 4322 4728 5483 6266 6614 7397 8035 8296
2930 3510 4641 5222 5599 6382 6527 7310 7600 8499
5475 5659 7177 8005 8512 10030 10766 11180 12790 13158
2701 3376 3916 4322 5402 5699 6104 6617 7346 7886
1081 1241 1532 1702 1862 2062 2202 2492 2652 2852
4404 4552 5884 5921 6736 7809 8586 9511 10251 10399
4533 5369 6425 7702 8274 9506 10254 10870 12190 12454
3961 4753 5473 6049 6662 7886 8102 8858 10082 10550
3601 3871 4441 5341 5702 6482 7052 7262 8072 8642
4525 4837 5539 6280 7802 8504 9011 10142 10454 11273
5401 5671 7021 8012 8282 9317 10037 10937 11702 13277
1651 1921 2386 2461 2912 3107 3497 3677 3977 4412
4183 5331 6521 7177 7423 8899 9268 9965 10949 11769
3812 4626 5662 6550 7402 7957 8512 9474 9992 10547
1873 2017 2481 2658 2930 3522 3618 3842 4274 4658
3017 3829 4061 5019 5251 6179 6875 7281 7948 8615
3639 4183 4931 5884 6292 7040 7618 8264 9352 9964
3137 3697 4229 4537 5266 5826 6162 7282 7758 8262
1181 1251 1401 1792 1892 2092 2222 2462 2742 2802
1457 1821 2143 2340 2704 2844 3250 3544 3922 3936
1909 2197 2863 3170 3494 3656 4304 4502 4736 5384
4061 4796 4901 5636 6581 7702 8332 8892 9662 10397
1309 1585 1777 2042 2234 2558 2750 2990 3290 3518
4641 5241 5721 6722 7522 8682 9042 9922 10442 11842
1726 1906 2326 2612 2822 3032 3587 3752 3902 4427
2148 2300 2965 3137 3555 3973 4258 4809 5113 5569
2783 3485 4136 4240 4994 5228 6138 6242 6762 7542
2443 2905 3169 3940 4182 4446 5106 5656 5766 6250
4281 5481 5761 7162 7282 8202 9442 9642 11122 11402
3017 3597 4641 5193 5686 6295 6788 6962 7861 8209
3394 3481 4090 4816 5541 6121 6962 7310 7542 8151
1301 1782 2029 2094 2602 2823 3005 3356 3460 3837
5201 6901 7601 8551 9302 10252 12002 12952 13902 14402
1051 1281 1532 1692 1842 2012 2282 2432 2752 2892
2669 2899 3635 3750 4394 5062 5522 5798 6419 6695
3053 3753 4397 5013 5321 6050 6330 7198 7646 8206
1244 1497 1552 1893 2125 2279 2543 2829 2961 3269
1255 1508 1761 1772 2081 2257 2433 2807 2928 3269
1340 1600 2030 2329 2407 2667 3044 3200 3473 3707
1261 1549 1706 1982 2294 2546 2666 2978 3242 3410
5149 5765 6557 7658 8362 9682 9902 10606 11530 12850
2917 3700 4186 4564 5213 5753 6239 6941 7130 7562
3940 5227 6046 6554 7256 7880 8933 10025 10766 11312
1297 1525 1693 2053 2282 2570 2738 3074 3326 3554
2965 3173 4161 4161 5046 5670 6164 6606 7282 7516
2944 3592 3781 4429 5375 5618 6374 6914 7508 7994
2751 3376 3626 4152 4502 5402 5727 6102 6677 7477
4105 4903 5321 6082 7602 7982 8742 9198 10376 11402
4579 5629 6637 7183 8276 8570 9872 10250 11678 12392
4041 5401 6121 6882 7522 8722 9082 9882 10442 12002
5061 5545 6557 7437 8802 8846 10562 11002 12322 12542
4831 5755 5881 7435 8066 8528 9956 10628 11720 11804
1211 1431 1717 1783 2147 2213 2642 2675 3027 3192
3466 4291 5182 5414 6305 6734 7658 8087 8912 9770
2641 2993 3213 3895 4292 4556 5150 5678 6030 6294
2626 3276 3976 4276 4977 5352 5577 6377 6752 7377
2110 2300 2966 3403 3460 3916 4410 4657 4961 5379
5265 6487 7521 7991 9354 9543 11188 11423 13021 14055
2227 2731 3088 3613 4202 4622 4685 5441 5777 5987
2473 3001 3673 3961 4586 5258 5474 6242 6554 6890
1314 1574 1899 2277 2511 2810 2979 3356 3551 3733
2751 3276 3601 4277 4577 5502 5527 6152 6627 7177
5149 5941 6513 7042 8142 9198 10474 10562 11486 13070
3690 4155 4589 5023 5954 6760 7318 7628 8248 9116
4885 5589 6205 7658 7922 9198 10430 11134 12322 12498
3690 4186 4589 5209 5706 6574 6946 7721 8589 9147
3849 4626 5182 6144 6662 7846 8290 9326 9807 10399
4441 5441 6241 6802 7442 8242 9202 9882 11042 11402
1178 1508 1761 1948 2158 2345 2587 2730 2873 3170
5075 5763 6709 6967 7957 9419 10150 10838 11440 12558
3997 4848 5588 6551 6810 7735 8512 9548 9955 10621
3801 4675 5777 6462 7602 7830 9084 9122 10452 10794
4973 5765 6249 7658 7966 9286 9990 11266 11574 12894
4929 5281 6206 7262 7922 9154 9946 11222 11970 12674
2597 2773 3257 3807 4204 4666 5172 5480 6030 6448
2206 2899 2983 3551 3908 4370 4748 5210 5546 6302
3214 3538 3889 4565 4943 5537 6293 6779 7481 7562
4831 5751 7131 7591 8834 10030 10904 11088 12146 13710
3421 4111 4261 5282 5762 6482 6812 7502 7862 8732
4523 5245 5967 6689 7335 8020 8856 9730 10490 10908
1583 1863 2171 2381 2550 2970 3222 3446 3810 4160
1713 1937 2561 2866 3010 3298 3666 3970 4418 4802
3851 4691 4971 5882 6757 7282 7982 8752 9312 10082
2311 2729 3081 3918 4028 4402 5216 5634 5788 6228
2041 2721 2821 3462 3802 4282 4502 5202 5262 5982
4602 5935 6236 7570 7785 8688 9763 11010 11655 12257
2755 3700 4132 4781 5078 5699 6239 6482 7022 7994
1471 1807 2185 2241 2732 2830 3334 3544 3712 4118
4470 5536 6397 6603 7833 8202 9104 10211 11236 11974
2101 2878 3004 3361 4181 4454 4832 5315 5630 6134
3162 3568 4380 5164 5686 5831 6556 7310 7890 8702
1701 2092 2687 2807 3300 3402 3929 4235 4643 5085
4081 5321 6401 6561 7242 8442 9562 9722 11162 11602
4564 5305 5851 6905 7646 8465 9011 9401 10220 10922
1786 1951 2266 2416 2927 3197 3437 3857 3932 4472
3746 4691 4901 6057 6442 7422 7982 8647 9802 10362
5176 5581 6842 7337 8147 9047 10712 10892 12152 12692
1266 1541 1607 1904 1993 2356 2532 2840 2862 3269
1901 2623 2814 3156 3517 3954 4277 4562 5227 5417
5383 6165 6625 7545 8742 9984 10260 11502 12606 13572
2148 2452 2680 3251 3498 3973 4353 4790 5322 5493
4301 5720 6193 7054 8086 8774 10064 11053 11655 12214
4327 5041 6679 7268 7940 9242 9620 10460 11510 12308
5594 5970 6816 7898 9120 10295 11000 11282 12551 13538
3400 4456 4787 5744 5975 6734 7394 7988 8879 9440
2939 3589 3719 4370 4708 5410 5748 6528 6788 7776
3380 4248 4372 4961 6047 6729 7070 7845 8589 8868
3401 4353 4965 5544 6462 7346 7788 8434 9352 9692
3132 3876 4744 5116 5830 6822 6915 8031 8434 9271
2901 3176 3526 4051 4502 5427 5977 6502 6927 7127
1927 2233 2845 3043 3458 3908 4160 4592 4916 5168
2143 2251 2647 3133 3368 3818 4322 4682 5006 5060
4603 5071 5656 6436 7724 8582 9011 10025 10142 11312
1990 2296 2432 2891 3249 3521 3980 4252 4762 5034
5199 5889 6855 7546 8742 9386 10904 11364 12422 13434
2863 3646 4186 4403 4889 5861 6482 6698 7211 7616
2167 2604 2946 3327 3536 3821 4201 4676 5094 5702
5245 6073 7085 8190 8696 9340 10306 11088 12376 13756
3137 3641 4201 4818 5238 5602 6330 7254 7786 8010
4321 4881 5882 6802 7242 8442 8802 9682 10402 11642
1301 1717 1964 2341 2602 2810 3057 3226 3551 3759
3741 4217 5305 5679 6530 7176 7992 8468 9420 9658
4748 6534 7145 8180 8744 9872 10483 11846 12645 13914
3601 5041 5149 6482 6914 7202 8102 8930 10082 10478
4219 4789 6006 6310 6956 7792 8552 9350 9882 10642
4291 4720 5539 6983 7100 7958 9362 10103 10766 11234
4950 6322 7547 8234 9802 10047 11223 12448 12791 14261
3886 4663 5440 6440 7180 7920 8438 9067 10325 10880
4996 5941 6616 7427 8237 9497 10172 11432 11792 12962
3367 4489 5116 5447 6371 6734 7922 8054 8714 9506
1244 1442 1673 1849 2114 2323 2554 2785 2895 3291
3287 4062 4558 5550 5954 6419 7380 7969 8341 9085
6001 6001 7851 8451 9552 10902 11852 12102 13402 14152
4936 6346 7004 8274 8509 9966 10953 11611 12692 13961
1101 1343 1630 1872 1982 2411 2576 2686 3049 3093
4404 4478 5292 6032 7143 7587 8549 9326 10251 10880
4387 5290 6795 7312 8000 9419 10150 10580 11698 12257
2901 3771 4178 4932 5541 5889 6556 7252 7571 8586
5701 6801 7751 8451 10001 10702 12002 12702 13702 14602
1771 2011 2326 2521 2912 3092 3347 3797 4082 4247
4789 5377 6217 6890 7646 8864 9284 10880 11216 12182
2465 2971 3147 3962 4226 4622 5172 5546 5942 6294
1156 1398 1630 1839 2158 2202 2444 2730 2884 3236
3673 4353 4897 6088 6326 7210 7856 8468 9352 9692
4533 5853 6337 7129 8318 9638 9902 11354 11926 13026
4285 5005 5365 6265 6842 7526 8066 9362 9434 10802
3566 3783 4372 5117 5582 6698 7132 7628 8651 9085
4681 5071 5851 6826 7529 7997 9362 9869 10220 11234
2988 3510 4583 5193 5628 5860 6817 7107 7716 8557
2223 2773 3279 3896 4270 4512 4886 5436 5964 6514
3075 3800 4207 4671 5222 6034 6730 7223 7745 8325
4873 5209 6427 7225 7939 9158 9746 10628 11552 12392
3617 3905 4929 5698 5858 6914 7426 7746 8386 9602
1509 1561 1860 2250 2524 2758 3096 3317 3564 3798
2501 3051 3751 4427 4902 5252 5877 6477 6852 7052
1509 1795 2003 2134 2472 2602 2953 3239 3447 3811
3423 4061 4090 4931 5628 6353 6643 7426 7571 8615
3839 4713 5663 6196 7526 8172 8704 9160 10452 10832
5048 5881 7449 8724 9361 10096 11762 12105 13036 14408
2425 2881 3794 4202 4682 4946 5762 5882 6314 6818
3220 3481 4496 4815 5483 6208 6817 7426 7977 8702
1651 1876 2326 2401 2792 3122 3602 3902 3947 4457
5425 6673 6913 8546 8978 9794 11282 12290 13154 13634
