1000 10 10
6 24 20 7 15 20 12 12 27 27 12 0 28
6 12 33 8 28 14 23 27 17 14 13 0 29
4 23 15 20 19 8 14 26 26 16 24 0 18
9 9 9 23 11 32 32 30 33 25 22 0 45
10 8 25 17 19 30 28 8 12 10 10 0 49
10 31 26 24 20 30 11 15 22 30 12 0 50
5 26 28 28 30 21 23 20 9 27 24 0 22
7 11 9 18 23 24 13 13 7 21 30 0 32
4 11 18 14 23 30 7 20 9 26 15 0 17
8 25 14 32 21 24 18 32 8 17 16 0 38
10 14 24 23 20 22 28 11 23 27 10 0 46
3 11 22 9 13 33 26 13 20 13 30 0 15
10 26 21 25 19 31 16 18 8 21 29 0 46
3 21 20 12 9 7 24 10 17 25 31 0 15
3 29 29 24 18 22 9 19 30 17 20 0 11
4 33 17 17 29 24 27 27 11 30 25 0 17
2 28 25 30 24 11 23 33 26 23 9 0 10
7 31 30 23 26 20 16 29 24 28 10 0 33
4 27 7 17 21 18 8 20 17 31 32 0 20
9 26 31 33 28 26 32 22 15 18 8 0 42
3 7 30 20 7 20 19 21 25 10 18 0 15
7 28 22 27 20 25 24 22 8 14 19 0 33
9 17 31 9 23 21 33 13 23 14 32 0 45
8 29 31 14 24 7 9 22 13 29 33 0 39
4 20 13 9 9 25 25 17 8 33 11 0 17
5 29 9 8 25 31 15 31 24 21 27 0 25
9 7 21 15 23 24 13 27 12 19 13 0 43
4 8 33 22 9 8 21 7 11 14 24 0 19
7 32 14 16 25 13 26 9 15 9 31 0 31
5 33 11 28 11 12 13 25 28 22 19 0 22
6 26 29 30 9 15 25 15 27 15 33 0 28
6 24 11 32 30 32 18 7 25 20 24 0 27
5 8 23 13 25 12 25 31 33 22 32 0 21
10 9 13 27 14 12 28 8 28 24 28 0 46
3 19 28 10 30 9 31 30 33 28 25 0 14
5 19 13 14 25 13 27 15 26 13 32 0 24
8 21 9 17 25 10 19 9 30 9 9 0 38
5 12 24 21 22 13 28 26 18 27 10 0 22
10 32 14 30 26 17 33 30 25 15 19 0 47
9 14 29 16 9 13 18 20 23 24 17 0 42
9 27 27 30 24 17 9 7 15 20 32 0 41
10 29 24 13 9 13 27 7 25 20 28 0 46
9 11 14 27 15 7 21 28 16 27 14 0 43
4 13 27 20 29 33 16 19 33 26 8 0 17
6 17 31 25 30 13 28 26 12 22 13 0 27
4 24 26 31 15 31 22 23 18 33 13 0 20
8 11 28 24 17 21 25 33 31 7 27 0 37
3 32 22 14 12 28 21 17 10 26 28 0 13
10 25 11 19 17 30 13 14 30 21 13 0 46
10 12 24 28 16 20 20 11 23 33 24 0 46
9 13 30 13 25 30 26 9 30 20 22 0 45
6 11 13 21 26 27 20 23 23 7 9 0 26
5 7 21 19 31 13 21 7 22 23 20 0 23
8 33 22 13 9 7 30 7 14 8 33 0 38
6 10 8 22 32 26 31 9 7 9 20 0 30
9 8 24 27 11 28 19 12 8 25 10 0 45
4 15 18 10 13 22 21 22 9 21 19 0 20
10 33 24 27 22 7 18 23 29 11 25 0 47
3 21 18 7 25 15 11 30 30 31 8 0 15
9 20 21 30 26 20 17 22 29 27 12 0 45
9 14 18 26 22 31 10 30 12 31 12 0 45
10 24 33 26 12 17 17 28 20 25 33 0 47
7 32 23 32 15 28 18 29 22 18 23 0 34
8 29 21 30 28 25 9 21 27 11 8 0 38
8 8 29 18 10 18 30 11 29 25 18 0 37
10 12 11 10 27 24 30 11 29 12 21 0 47
8 28 10 10 22 11 30 21 15 7 19 0 36
8 25 9 16 8 8 17 7 8 7 12 0 39
8 29 20 33 26 32 7 33 25 32 28 0 40
8 8 14 15 25 17 17 13 23 26 32 0 40
4 18 15 28 30 27 24 31 14 16 17 0 16
9 13 27 32 18 22 7 33 32 8 7 0 45
5 18 25 30 27 10 27 14 12 27 10 0 22
4 13 26 30 7 24 28 12 24 20 32 0 18
3 29 23 31 31 26 30 21 11 17 18 0 11
6 25 30 17 12 14 25 10 24 29 33 0 26
8 24 31 19 33 32 7 29 25 28 14 0 39
9 18 33 11 33 7 22 15 29 16 33 0 43
9 27 24 10 25 24 29 17 26 27 10 0 41
5 31 15 33 11 23 23 14 20 27 20 0 24
3 18 23 21 30 23 30 13 8 27 10 0 11
7 19 7 22 22 18 22 31 17 10 16 0 31
5 24 16 27 15 8 22 16 24 12 24 0 21
7 10 23 11 12 27 11 12 23 28 20 0 31
9 21 19 8 17 29 33 9 10 23 9 0 45
3 11 12 11 13 15 29 20 25 21 13 0 13
6 33 31 28 27 22 29 11 20 21 8 0 28
5 16 20 30 19 9 19 8 10 16 7 0 23
5 29 11 16 19 18 27 12 33 26 13 0 21
4 14 7 26 26 19 26 20 25 9 23 0 16
5 19 14 30 26 22 19 18 14 8 24 0 25
9 23 27 14 33 15 24 8 7 7 30 0 44
9 32 19 13 12 27 16 25 19 9 17 0 41
4 31 26 14 16 11 31 19 16 15 24 0 19
9 25 27 23 11 24 9 25 14 14 16 0 43
8 28 29 11 32 14 22 16 9 29 31 0 37
10 29 32 8 23 17 27 24 13 17 33 0 46
9 26 10 13 19 12 16 21 22 28 33 0 45
5 24 33 14 9 14 23 29 25 19 27 0 25
6 11 29 32 30 29 24 10 24 31 26 0 28
6 14 29 18 18 12 10 18 12 19 31 0 30
7 16 27 31 25 27 24 23 31 9 27 0 31
6 15 31 26 9 25 17 18 8 16 16 0 26
9 13 24 16 24 21 16 18 15 18 16 0 43
7 24 29 12 13 11 25 32 13 15 10 0 34
8 7 25 18 17 8 12 7 26 31 9 0 40
4 26 29 16 30 23 15 30 32 9 29 0 18
8 33 14 31 31 8 7 30 23 9 11 0 36
4 11 23 15 27 23 27 14 12 23 9 0 17
10 14 22 12 15 12 16 31 18 14 32 0 48
5 14 7 18 7 14 9 21 7 25 20 0 25
10 30 12 27 17 12 18 22 13 9 12 0 48
3 9 33 25 15 19 20 24 33 26 12 0 13
10 27 33 17 17 29 17 12 26 20 27 0 46
10 29 18 32 14 14 9 23 9 14 24 0 48
8 16 15 23 32 28 14 24 11 26 24 0 38
4 18 11 19 19 32 20 31 19 18 27 0 20
5 27 28 11 20 29 23 23 18 29 33 0 21
7 17 17 21 9 27 25 26 27 15 27 0 34
8 10 7 13 20 15 22 29 15 21 28 0 37
8 21 7 11 21 20 21 8 11 20 18 0 40
5 16 7 13 8 25 27 26 25 19 24 0 24
2 22 27 30 13 21 25 29 15 24 21 0 10
9 23 19 17 27 28 27 27 22 23 15 0 42
6 31 18 10 33 19 14 25 30 15 32 0 30
10 19 9 11 30 13 31 18 15 24 13 0 47
5 21 31 23 29 30 29 11 20 7 22 0 21
6 23 30 30 19 32 9 9 8 33 9 0 28
10 13 29 11 19 15 23 21 29 32 22 0 49
4 15 30 14 15 14 22 11 10 21 21 0 18
3 27 17 9 24 13 14 19 26 21 9 0 11
4 7 24 10 7 9 32 13 27 18 12 0 17
7 27 9 24 11 32 7 20 32 17 26 0 31
3 31 28 32 25 7 32 21 10 31 22 0 13
2 16 29 24 13 23 18 14 28 19 32 0 10
10 13 23 7 19 23 11 13 11 20 16 0 49
10 19 29 20 23 15 23 22 26 31 21 0 49
8 28 24 16 29 27 19 28 12 14 19 0 36
4 20 24 22 24 27 27 15 33 10 7 0 17
10 25 10 16 29 20 17 11 16 17 20 0 49
8 23 23 23 26 32 25 25 33 33 8 0 38
9 15 22 30 23 29 15 30 10 15 25 0 42
7 23 32 22 23 28 13 16 32 24 7 0 32
5 33 27 27 24 24 26 26 12 9 11 0 25
4 25 31 24 16 8 27 28 14 28 15 0 19
8 17 9 32 30 28 15 18 23 9 8 0 40
5 27 21 10 30 30 25 31 18 16 18 0 21
5 32 30 33 29 30 22 19 12 17 15 0 22
4 7 14 32 14 29 22 11 13 9 26 0 20
3 23 14 17 9 17 22 8 17 32 32 0 14
7 9 16 11 32 16 29 8 13 11 22 0 35
9 15 8 8 21 25 22 17 18 19 10 0 45
5 29 32 31 16 32 18 29 32 18 26 0 23
6 17 13 11 27 13 21 33 14 17 19 0 29
5 19 12 28 13 32 26 16 10 31 10 0 21
4 12 32 18 7 27 16 25 14 17 26 0 19
7 24 17 11 9 13 22 33 31 27 9 0 32
5 10 32 16 26 20 28 30 9 19 8 0 23
10 13 8 20 21 31 18 17 19 8 19 0 50
8 9 8 15 21 18 31 25 17 28 14 0 36
9 19 22 27 20 16 32 12 26 10 15 0 43
10 20 14 21 30 28 14 7 29 25 18 0 47
3 15 33 32 9 10 21 14 31 12 24 0 12
8 27 31 17 11 17 25 22 8 20 18 0 36
3 16 15 26 33 7 32 12 12 29 7 0 14
7 12 26 10 22 14 29 9 12 18 18 0 32
7 9 27 22 22 30 33 26 24 12 8 0 32
5 28 27 24 16 11 24 16 26 24 9 0 24
9 33 9 17 21 16 25 27 18 7 8 0 41
3 26 28 25 22 25 20 29 18 17 30 0 14
7 13 24 16 11 7 13 27 22 13 27 0 32
8 17 25 22 14 22 31 27 12 17 33 0 38
3 11 23 12 24 9 15 13 7 33 7 0 12
5 7 27 10 14 28 19 30 16 15 28 0 24
7 8 10 10 9 15 8 32 31 28 23 0 31
9 12 17 26 8 31 21 25 24 15 19 0 41
5 21 33 17 13 30 10 33 16 23 21 0 22
4 17 19 28 26 31 14 31 29 23 11 0 16
8 16 15 11 33 21 27 19 28 18 11 0 37
9 14 19 20 17 23 23 33 32 15 17 0 42
9 19 25 18 7 30 33 13 21 20 33 0 44
10 7 20 15 30 23 28 14 27 15 26 0 50
9 30 17 17 22 32 33 26 30 33 28 0 43
9 17 22 31 25 12 26 26 18 16 22 0 43
10 20 29 15 15 28 21 24 31 22 17 0 47
7 14 22 26 30 29 25 12 8 8 32 0 35
5 29 24 28 22 17 13 14 10 11 7 0 24
9 22 18 20 25 28 13 28 26 31 22 0 44
3 10 16 25 22 14 16 19 22 18 12 0 12
4 30 15 9 27 29 29 8 21 27 32 0 19
10 32 24 27 21 10 16 24 30 16 22 0 47
9 12 22 24 22 17 29 9 24 23 29 0 45
9 18 31 23 25 33 17 22 24 32 23 0 44
5 9 26 21 24 20 20 31 21 23 8 0 24
9 11 26 26 23 10 9 8 14 30 18 0 45
5 21 25 10 7 20 21 32 18 19 15 0 22
4 29 27 28 12 32 18 22 16 12 19 0 17
9 7 24 15 27 19 7 18 12 28 12 0 42
8 18 13 32 17 27 23 32 12 26 14 0 37
5 14 33 27 13 8 21 28 32 33 25 0 21
9 14 8 25 17 22 31 30 31 28 9 0 43
3 20 21 7 22 15 11 7 9 15 33 0 13
3 17 30 31 27 13 15 19 21 23 31 0 12
9 13 30 10 8 16 15 15 7 8 29 0 42
7 23 21 24 21 32 13 31 10 12 13 0 35
5 12 15 16 27 32 23 27 18 24 31 0 21
7 28 24 17 8 28 16 13 26 20 7 0 32
8 18 31 18 23 28 22 18 7 15 25 0 39
4 24 28 9 31 19 33 17 20 26 16 0 18
9 25 7 20 13 13 31 27 7 17 28 0 45
5 10 11 33 20 20 14 16 25 16 10 0 21
10 29 9 26 14 28 21 8 13 22 8 0 46
6 23 27 10 22 28 24 13 14 11 11 0 26
8 24 18 25 16 29 9 23 10 29 29 0 37
5 27 13 24 17 30 24 23 33 21 22 0 22
5 14 10 18 28 25 9 30 11 24 28 0 22
8 24 17 24 13 7 29 21 18 31 33 0 39
9 10 8 14 10 30 12 8 21 12 30 0 42
7 18 23 28 25 27 31 32 28 14 20 0 31
9 17 31 18 29 24 10 12 17 27 30 0 43
10 27 30 24 26 8 28 32 24 21 20 0 49
7 7 12 31 31 11 14 22 29 31 24 0 32
8 15 29 31 15 12 26 20 9 9 13 0 40
3 14 7 18 9 18 23 33 30 20 27 0 15
8 14 20 12 9 18 22 17 7 8 30 0 40
4 30 13 24 18 13 16 19 13 14 33 0 19
6 25 7 15 30 8 12 21 20 23 22 0 28
9 23 22 21 12 23 24 9 11 17 7 0 43
7 16 21 18 20 30 31 9 17 17 25 0 34
10 28 26 25 31 19 18 13 33 20 24 0 47
5 17 8 25 17 21 13 10 10 24 15 0 21
5 7 9 31 26 20 15 31 9 20 24 0 21
4 32 16 9 8 25 19 16 17 26 25 0 18
7 13 19 16 8 14 23 32 8 21 27 0 32
10 18 12 33 21 32 10 12 13 21 11 0 47
4 29 21 17 32 22 14 12 16 28 13 0 20
4 8 14 17 28 9 9 14 24 17 22 0 16
5 18 13 27 7 16 19 16 16 20 31 0 21
8 22 17 29 29 13 25 33 29 21 15 0 39
10 9 19 12 33 32 12 21 11 32 30 0 46
9 31 20 33 22 7 13 8 26 15 25 0 41
10 11 7 27 14 17 15 21 18 29 11 0 50
4 20 19 10 21 31 28 14 13 27 14 0 17
3 10 16 19 19 15 18 24 28 19 9 0 14
6 20 10 25 10 12 16 14 10 26 27 0 29
5 9 25 19 14 30 26 27 28 11 17 0 21
4 9 7 8 9 23 27 25 26 20 9 0 20
10 14 29 13 9 28 7 28 14 31 19 0 46
5 10 30 32 20 15 12 23 12 28 26 0 22
3 15 29 11 18 28 15 17 29 20 31 0 11
9 18 8 7 33 30 30 21 33 16 28 0 44
3 29 27 26 14 13 21 18 14 12 33 0 14
4 28 17 32 27 17 12 22 11 19 21 0 20
8 16 22 20 13 13 29 20 23 29 18 0 40
6 21 23 8 25 20 25 33 14 18 24 0 28
5 29 21 11 26 9 24 16 18 10 18 0 21
7 27 25 13 19 28 21 33 28 21 20 0 34
5 15 7 19 25 32 7 29 12 7 15 0 25
5 32 26 20 27 24 21 31 31 19 14 0 25
10 10 18 8 16 16 23 20 28 16 17 0 46
3 23 19 22 10 12 20 18 24 23 7 0 13
8 25 8 31 20 26 32 24 15 21 25 0 36
10 19 28 17 31 23 9 16 23 9 11 0 49
6 27 18 26 22 32 25 13 32 27 30 0 26
3 15 12 22 9 29 19 17 27 10 22 0 15
4 19 15 28 12 23 9 27 26 22 33 0 20
3 21 8 17 26 31 12 30 7 14 19 0 14
3 17 33 11 30 24 14 25 23 25 8 0 14
10 20 25 27 10 7 9 22 8 14 15 0 49
5 16 20 24 20 33 10 28 29 19 29 0 23
5 26 20 21 23 24 20 33 11 16 16 0 25
2 29 19 27 28 25 33 29 12 19 19 0 10
8 21 15 32 15 12 12 26 30 24 17 0 37
7 31 33 16 19 33 20 23 23 23 10 0 32
4 14 10 33 9 10 26 26 18 23 31 0 17
9 22 14 27 32 21 10 27 20 9 10 0 45
3 13 29 32 9 28 9 9 13 33 33 0 11
8 32 29 19 29 27 13 15 15 12 11 0 39
5 13 24 32 11 20 17 25 21 21 25 0 21
7 29 13 15 10 31 28 16 15 25 8 0 32
6 17 13 20 28 14 23 27 19 28 30 0 28
4 9 12 10 11 11 13 15 17 30 20 0 19
9 17 12 26 33 7 29 22 15 14 17 0 42
7 26 18 21 19 23 32 30 33 21 20 0 32
4 29 8 14 16 25 7 14 22 18 22 0 16
9 28 30 12 13 31 27 10 19 18 32 0 41
7 13 20 30 24 23 16 19 32 32 7 0 34
7 17 18 30 15 15 20 22 20 27 28 0 34
9 31 10 20 13 12 27 12 10 19 10 0 42
5 27 7 16 32 21 11 17 15 29 10 0 25
9 30 31 16 23 7 10 7 10 31 30 0 41
5 16 14 33 19 32 7 8 16 18 7 0 25
9 32 31 33 8 17 15 13 19 12 27 0 42
4 27 9 17 13 15 32 27 26 29 7 0 18
9 11 29 29 15 31 23 10 19 14 26 0 45
5 15 27 17 9 12 31 22 23 33 30 0 22
8 19 17 11 22 16 15 8 13 7 12 0 37
2 20 12 25 19 31 7 33 32 12 9 0 10
3 20 11 31 32 30 22 26 12 21 15 0 12
9 14 12 10 25 8 15 29 11 33 31 0 44
6 16 14 21 15 29 21 15 21 20 11 0 30
3 18 16 14 27 30 17 17 29 32 29 0 14
4 18 15 16 16 23 8 30 31 21 26 0 16
8 20 8 14 30 29 31 32 14 29 15 0 36
4 15 29 28 18 25 26 25 32 21 26 0 20
4 17 8 9 32 24 25 8 32 23 17 0 17
8 18 23 26 18 14 30 19 15 32 28 0 39
7 20 15 8 14 26 26 18 24 28 26 0 33
6 19 11 7 21 24 12 25 23 11 9 0 27
7 22 19 17 23 31 16 11 7 8 9 0 32
4 12 21 24 24 17 24 17 9 13 19 0 20
3 32 27 8 19 20 28 29 22 9 11 0 12
3 25 21 29 27 10 17 31 12 26 8 0 11
7 24 26 21 8 31 21 29 9 24 22 0 33
6 9 11 26 21 9 31 15 27 19 14 0 30
4 11 17 29 11 9 24 11 10 7 27 0 16
8 8 19 25 9 29 33 29 32 28 9 0 39
10 22 10 16 25 27 28 9 31 32 30 0 46
4 15 28 13 8 27 29 33 13 10 10 0 17
6 17 7 21 26 12 17 18 22 15 17 0 29
8 7 28 26 11 30 9 17 9 27 23 0 36
6 11 15 33 30 16 28 32 27 11 21 0 26
10 8 11 10 15 8 10 19 32 32 31 0 50
2 15 9 21 7 27 16 25 12 14 24 0 10
10 12 27 24 33 20 31 21 8 30 31 0 46
4 29 30 8 8 11 21 17 19 32 17 0 19
6 10 10 31 9 15 21 25 33 33 19 0 30
5 25 23 19 19 20 17 31 25 18 29 0 22
10 18 9 24 20 17 21 32 28 12 24 0 47
9 17 21 18 24 9 28 32 19 20 24 0 41
6 12 26 15 21 29 29 13 7 9 17 0 27
5 32 17 18 32 24 11 31 31 22 26 0 23
4 31 14 13 10 15 11 8 14 25 18 0 16
8 24 16 13 26 30 25 25 13 7 23 0 37
9 29 33 9 22 30 15 17 22 16 25 0 43
10 15 24 17 24 13 14 22 19 16 16 0 48
3 17 28 12 29 30 8 13 22 32 14 0 11
10 12 32 30 10 33 11 8 20 20 13 0 49
8 28 31 24 26 33 15 23 32 26 15 0 37
9 9 22 9 10 20 26 15 14 8 29 0 42
10 29 17 9 8 30 23 16 20 19 10 0 48
8 17 21 14 28 15 15 18 12 17 29 0 40
6 21 17 15 19 32 18 10 8 15 18 0 26
8 20 18 27 21 12 27 32 28 18 32 0 39
5 28 23 25 19 29 9 12 13 8 11 0 24
5 28 13 15 15 18 22 9 25 30 23 0 22
4 14 11 21 31 15 9 10 25 9 29 0 19
9 24 21 21 14 33 17 8 28 10 15 0 43
8 8 7 32 31 9 14 26 22 28 25 0 40
9 28 11 23 24 10 33 31 10 31 22 0 43
6 16 18 31 19 32 25 22 7 9 26 0 29
7 22 17 32 29 33 20 27 16 14 10 0 35
4 14 17 7 7 27 25 13 21 25 22 0 17
7 24 22 7 16 33 26 33 18 14 24 0 32
4 18 18 14 15 27 14 24 26 18 22 0 17
9 15 33 18 32 10 28 15 32 22 8 0 45
10 19 11 22 13 24 24 29 23 23 16 0 49
9 32 17 12 11 9 15 29 9 24 28 0 41
10 20 18 25 10 11 32 33 31 32 22 0 47
5 9 21 20 27 20 23 21 20 20 27 0 24
4 20 15 32 26 17 28 24 25 23 24 0 16
2 12 17 9 20 32 30 21 20 19 17 0 10
3 31 14 12 8 26 22 16 20 32 31 0 13
10 26 11 17 18 22 11 33 23 7 22 0 50
4 15 19 25 9 12 9 28 26 20 26 0 19
10 11 20 20 18 17 28 14 29 30 25 0 48
9 30 31 14 21 26 31 27 20 24 8 0 43
10 15 27 26 32 10 9 14 20 11 10 0 48
5 24 17 21 11 31 10 27 22 24 23 0 21
5 23 20 25 23 26 16 15 22 30 10 0 24
6 26 11 33 22 22 23 30 32 9 16 0 27
7 32 17 22 11 24 10 14 21 29 12 0 31
8 22 14 8 29 31 27 30 26 14 28 0 36
3 25 12 10 21 25 14 18 18 20 24 0 11
3 14 25 14 9 11 26 14 11 11 29 0 11
4 13 13 12 25 7 15 7 28 16 16 0 16
3 17 16 17 11 32 13 27 8 26 33 0 11
4 33 31 16 27 33 8 9 12 18 32 0 18
8 21 25 28 15 18 7 13 10 22 25 0 36
3 28 30 8 30 26 17 27 16 29 12 0 15
5 20 9 11 20 15 28 7 12 9 31 0 25
8 12 15 20 28 28 12 31 33 21 19 0 36
6 30 18 19 25 13 13 31 27 15 13 0 27
8 33 21 19 26 20 8 16 27 10 24 0 37
4 23 16 24 24 15 13 30 25 12 28 0 20
4 9 25 22 15 14 30 26 19 17 32 0 20
4 31 13 15 26 12 25 18 21 11 32 0 17
8 22 20 25 19 31 31 32 9 21 25 0 36
3 32 30 14 16 12 33 19 9 23 25 0 15
5 8 15 21 32 16 29 9 20 33 14 0 22
6 32 21 18 16 33 23 32 31 12 30 0 28
7 26 14 19 15 31 9 9 18 16 12 0 31
9 17 28 14 14 25 33 15 27 11 28 0 42
9 18 28 10 30 25 7 31 23 23 18 0 43
6 17 19 20 13 20 23 20 27 9 7 0 26
6 28 32 11 8 29 7 21 30 17 32 0 27
9 23 12 22 14 11 17 12 19 8 27 0 42
8 8 16 14 8 21 29 7 11 25 18 0 39
2 15 18 16 8 29 13 8 10 30 9 0 10
8 12 10 24 13 22 21 24 8 25 15 0 37
3 27 28 24 19 25 27 13 30 33 10 0 11
7 29 15 26 7 30 13 27 14 18 29 0 34
6 13 8 29 22 15 10 25 27 14 31 0 27
8 8 16 26 22 13 9 33 17 10 21 0 39
10 31 16 10 12 12 21 9 19 14 12 0 49
10 30 17 27 33 30 33 25 33 32 23 0 49
7 26 29 12 14 11 18 20 26 20 25 0 33
8 22 15 7 11 19 20 14 23 28 16 0 38
5 10 23 22 33 25 16 21 16 15 11 0 25
5 33 20 24 31 9 15 13 9 25 20 0 25
8 29 12 13 13 13 9 26 24 22 19 0 40
10 27 8 8 13 29 24 7 21 31 8 0 49
8 8 8 23 12 29 29 21 21 32 30 0 39
6 16 11 15 33 25 11 29 10 20 10 0 30
10 32 16 24 9 12 19 25 33 32 21 0 47
8 9 33 29 21 20 19 17 26 25 27 0 37
7 13 23 8 12 18 29 26 32 8 14 0 31
7 9 23 22 19 19 27 31 23 25 23 0 34
7 28 18 21 22 10 21 12 8 27 20 0 32
8 7 26 13 20 18 7 24 32 8 28 0 38
7 19 27 9 15 9 31 31 25 23 21 0 31
3 14 26 30 32 33 10 18 18 16 13 0 12
9 11 7 28 8 16 31 30 22 33 19 0 44
9 14 17 7 20 31 10 30 31 24 14 0 42
5 15 13 16 7 20 9 11 31 13 16 0 21
9 23 25 11 29 16 33 20 12 10 27 0 45
6 29 14 27 10 27 14 26 23 10 21 0 28
10 8 14 33 28 7 25 14 14 17 10 0 46
4 31 10 10 13 25 15 18 21 9 15 0 16
5 32 17 23 25 27 26 25 24 13 26 0 24
8 9 31 9 29 24 24 22 28 13 24 0 40
3 16 32 19 16 28 16 20 20 20 18 0 12
6 22 13 15 8 8 32 29 16 29 8 0 26
10 18 25 11 26 22 28 9 29 14 20 0 47
6 12 12 9 15 21 13 19 10 11 30 0 28
8 15 23 12 14 13 11 32 18 18 27 0 37
8 26 23 12 11 9 17 20 23 10 24 0 36
9 20 28 17 19 11 28 23 19 26 12 0 42
4 9 10 18 27 17 33 9 19 8 25 0 16
3 23 14 33 12 22 9 28 33 15 27 0 14
5 22 13 17 11 19 19 12 24 9 33 0 23
8 32 32 18 7 7 16 27 15 8 20 0 40
3 28 22 15 20 19 7 8 20 20 21 0 12
9 9 19 10 33 9 21 15 29 13 29 0 43
10 33 13 12 29 22 22 33 32 31 26 0 46
8 32 14 19 12 27 22 25 31 25 13 0 40
5 16 26 25 10 17 19 24 23 22 9 0 21
7 26 23 9 10 21 32 16 28 25 7 0 33
8 22 30 11 32 16 23 23 24 16 8 0 40
9 22 8 20 22 32 31 14 22 10 8 0 41
8 27 21 28 15 25 31 21 20 21 22 0 36
5 32 31 32 12 7 27 31 8 18 24 0 23
3 9 7 17 19 23 25 13 9 14 20 0 15
7 19 33 22 31 12 17 22 9 32 15 0 31
3 19 32 9 25 24 19 10 7 10 16 0 11
5 26 22 16 33 16 27 15 24 17 30 0 23
3 27 27 25 10 16 11 13 27 31 9 0 14
6 29 25 28 24 18 17 32 19 22 25 0 27
10 12 25 27 23 28 23 11 25 26 8 0 46
8 11 26 17 15 11 16 13 23 20 22 0 37
7 22 7 18 32 15 24 7 22 18 24 0 33
7 33 26 20 26 27 28 17 13 26 25 0 35
9 28 15 31 17 22 27 17 32 19 32 0 42
8 31 32 9 32 28 30 9 33 14 27 0 40
10 30 24 7 15 33 17 12 11 12 30 0 46
3 9 26 27 14 10 27 23 12 10 30 0 15
4 11 31 26 15 30 19 12 31 19 24 0 16
3 16 10 29 8 17 18 20 14 32 17 0 11
7 18 24 19 33 7 32 31 21 8 32 0 32
2 24 24 30 12 8 11 14 27 30 8 0 10
5 27 18 19 11 11 25 20 19 12 8 0 23
10 12 25 10 12 14 20 8 20 19 23 0 48
7 7 27 15 27 22 19 30 8 7 13 0 35
6 27 29 7 32 33 16 21 12 9 25 0 27
6 31 23 22 13 12 17 10 17 16 33 0 29
6 25 17 29 31 8 30 27 16 22 22 0 26
6 24 28 11 10 28 21 19 22 27 17 0 30
8 26 17 10 10 28 24 9 15 26 19 0 36
3 10 15 29 10 9 11 25 21 19 15 0 15
5 30 23 7 25 11 9 28 16 16 7 0 22
4 19 13 16 28 17 32 30 33 10 14 0 20
7 28 13 28 15 22 7 12 19 29 14 0 32
5 15 15 13 8 12 11 20 19 21 14 0 22
9 29 25 27 18 20 17 17 16 23 8 0 43
5 28 22 24 16 18 16 32 26 13 20 0 24
10 10 21 11 28 13 9 33 15 13 28 0 48
7 27 12 30 12 15 19 22 30 10 16 0 32
10 9 24 25 25 11 23 19 27 16 10 0 47
4 8 28 26 19 24 21 33 12 28 25 0 17
10 32 7 29 29 16 8 9 13 13 18 0 50
10 30 32 8 16 9 21 11 19 27 12 0 49
10 13 13 16 11 29 14 25 22 30 12 0 49
3 11 14 11 25 19 31 33 30 24 30 0 13
5 32 9 14 23 16 8 24 21 9 17 0 23
9 14 32 33 7 24 13 14 15 22 26 0 41
10 19 30 17 17 26 28 33 7 24 19 0 50
3 10 30 13 30 10 25 31 25 8 11 0 11
7 25 11 21 20 9 8 21 30 28 23 0 32
3 18 14 19 16 15 18 12 12 15 11 0 14
8 24 14 28 14 12 12 19 32 32 24 0 37
3 13 8 27 21 16 12 16 29 23 13 0 13
5 18 7 14 7 11 27 22 20 19 19 0 23
8 15 21 8 17 29 24 22 30 11 16 0 37
8 26 30 19 31 14 31 22 28 28 11 0 38
6 15 30 25 21 25 30 12 11 7 24 0 27
8 29 28 14 14 22 20 15 12 7 29 0 38
6 20 9 19 32 15 28 20 27 15 7 0 27
9 8 18 21 8 16 22 7 8 9 19 0 43
5 31 22 20 33 8 7 33 31 17 26 0 25
4 15 14 20 17 7 32 17 21 21 20 0 16
7 23 11 8 31 19 30 32 14 19 30 0 35
4 14 16 14 26 17 20 13 15 28 19 0 17
9 8 32 30 23 7 18 31 16 15 23 0 44
9 13 20 13 28 23 23 16 20 17 19 0 42
4 16 28 29 23 23 26 31 15 10 33 0 17
7 28 30 20 32 22 32 14 27 33 24 0 34
3 13 20 22 26 26 10 30 28 28 10 0 15
4 25 8 14 30 30 21 12 17 15 22 0 17
5 7 13 7 13 25 18 9 23 19 10 0 22
6 33 30 29 24 10 18 10 14 27 21 0 27
3 25 29 17 13 25 18 20 14 11 19 0 15
3 32 8 28 7 14 13 8 9 15 14 0 13
4 22 30 11 8 7 9 29 18 19 19 0 19
6 33 9 7 20 28 12 25 25 17 27 0 30
10 21 17 25 20 11 20 10 22 29 20 0 48
8 20 7 8 19 31 22 31 14 15 20 0 36
3 10 21 16 30 30 11 33 32 33 30 0 11
7 33 28 30 23 29 21 30 31 11 22 0 35
6 21 26 26 13 18 30 32 29 26 7 0 30
8 26 10 19 25 32 30 23 25 16 33 0 40
7 17 31 32 30 17 24 19 13 18 9 0 32
4 28 19 7 31 15 28 25 33 25 14 0 19
4 7 9 17 9 33 23 24 17 29 9 0 17
10 32 9 28 24 17 22 26 24 19 32 0 46
8 9 20 18 14 33 21 30 16 18 10 0 39
10 17 11 24 21 24 23 32 24 12 33 0 49
9 20 12 26 19 30 15 18 19 28 20 0 41
5 23 14 25 14 21 17 27 28 18 32 0 23
7 21 16 17 15 23 26 19 13 20 31 0 32
9 28 16 7 17 21 27 15 8 28 11 0 44
2 16 23 30 7 33 20 23 22 28 7 0 10
3 8 21 19 8 12 29 13 14 23 8 0 15
10 9 28 23 10 28 19 23 30 7 20 0 50
7 33 14 13 30 30 9 25 25 16 19 0 31
6 11 16 32 22 29 23 28 30 23 12 0 30
5 12 26 33 30 28 32 15 27 27 14 0 23
8 11 12 27 33 8 17 14 30 22 33 0 37
8 29 13 13 15 33 31 32 18 26 22 0 40
7 21 27 30 20 24 32 8 18 17 22 0 31
4 33 12 14 32 31 24 30 25 20 32 0 20
5 31 17 29 20 7 15 33 15 8 9 0 23
6 29 22 20 28 13 13 23 9 31 24 0 26
4 14 20 10 14 8 15 7 16 19 26 0 18
7 32 16 22 18 8 27 28 7 33 19 0 31
10 25 16 22 13 21 26 12 7 27 23 0 46
3 20 7 22 22 18 15 27 20 25 14 0 14
10 28 25 28 31 13 20 25 32 12 12 0 49
3 12 27 17 12 31 14 8 9 25 10 0 11
6 7 19 12 19 12 27 16 33 18 29 0 26
5 33 24 27 25 28 7 30 29 18 10 0 25
3 9 10 26 25 16 31 26 29 23 31 0 14
7 9 14 26 23 22 13 31 22 22 19 0 32
10 16 26 16 26 8 24 14 14 26 10 0 48
6 20 28 15 21 29 24 18 8 18 20 0 26
7 26 23 33 33 29 19 23 18 31 10 0 34
8 31 11 29 27 14 16 19 15 26 24 0 36
5 21 16 14 12 25 18 32 27 29 16 0 23
2 21 31 19 32 30 8 17 15 28 18 0 10
10 20 18 18 16 28 16 27 30 29 12 0 50
8 23 32 26 24 27 29 17 25 16 25 0 40
4 8 28 29 24 22 23 14 26 23 18 0 20
8 25 7 20 11 12 8 20 27 26 11 0 37
9 16 16 25 15 29 17 21 25 20 17 0 41
6 19 30 19 29 18 29 32 31 20 17 0 30
7 28 23 18 13 30 27 25 9 25 17 0 33
5 16 28 9 20 12 32 16 26 23 18 0 22
7 30 7 19 13 22 29 32 29 23 19 0 34
3 17 15 24 26 20 27 7 16 18 28 0 13
2 9 24 12 19 13 14 18 12 9 25 0 10
9 15 18 20 16 27 13 25 15 16 24 0 44
8 9 23 7 18 28 16 33 33 27 14 0 39
7 18 27 11 30 30 22 32 25 18 26 0 32
8 21 20 30 11 30 11 24 23 29 22 0 40
6 14 18 31 22 18 29 33 24 28 15 0 26
3 25 29 9 32 14 20 21 11 10 10 0 11
9 17 19 7 16 14 14 32 13 32 9 0 45
3 16 26 29 31 10 32 17 15 17 7 0 14
4 14 8 10 26 15 7 7 33 8 31 0 16
7 23 12 26 10 25 26 12 32 24 14 0 33
10 26 23 20 32 13 25 15 19 16 25 0 48
4 31 16 7 13 8 26 19 16 16 16 0 19
4 31 15 8 9 31 22 28 20 23 30 0 18
7 33 16 33 12 21 7 14 14 21 27 0 34
10 15 16 28 33 30 11 10 17 25 9 0 50
9 26 15 21 21 28 21 11 11 12 23 0 43
8 32 9 9 21 7 11 18 29 10 20 0 40
5 32 12 26 13 19 13 18 20 11 24 0 21
6 18 28 25 25 28 30 25 17 8 33 0 27
8 25 21 11 20 31 8 26 27 27 20 0 38
3 21 20 28 24 22 12 16 33 33 19 0 15
5 23 7 25 26 13 9 23 17 9 26 0 24
5 7 18 19 13 13 26 12 24 22 24 0 25
9 15 32 19 30 26 7 31 33 26 29 0 43
7 12 27 24 14 23 19 20 8 28 18 0 35
6 27 22 31 22 33 14 28 31 26 8 0 30
7 15 21 32 28 31 31 13 24 31 15 0 32
8 25 16 14 28 29 14 9 26 32 31 0 40
4 14 30 19 25 27 19 12 28 25 10 0 19
6 13 19 13 15 13 14 9 14 9 31 0 30
3 18 9 21 18 16 10 22 21 23 24 0 12
7 28 16 27 32 13 32 12 10 7 30 0 32
5 13 16 12 19 22 23 22 8 16 15 0 24
10 29 9 13 14 10 23 26 10 32 30 0 47
10 11 28 11 12 17 13 23 13 21 22 0 47
8 24 26 16 13 23 23 11 21 25 20 0 37
5 25 14 13 33 24 31 15 26 32 19 0 21
7 18 27 14 32 13 19 18 9 27 9 0 35
5 26 27 8 33 8 29 12 28 8 13 0 25
4 23 16 31 7 25 16 28 7 21 24 0 19
3 15 22 22 7 13 30 26 30 11 8 0 12
6 21 10 10 10 15 23 15 28 12 32 0 27
8 15 22 7 10 31 21 7 11 33 14 0 37
6 27 9 27 21 18 17 16 31 33 22 0 26
2 33 9 29 28 23 7 17 10 31 30 0 10
3 12 16 32 30 13 20 13 32 19 21 0 14
6 29 13 9 21 8 20 23 23 14 33 0 28
8 20 16 32 31 27 23 33 7 17 9 0 36
10 19 27 7 7 25 24 21 31 26 14 0 48
6 15 28 10 31 25 21 31 11 32 27 0 26
9 15 23 17 18 9 23 8 28 23 25 0 45
8 11 25 18 20 13 22 18 7 30 16 0 38
3 21 20 12 12 23 14 18 13 15 11 0 13
5 17 28 28 18 25 29 25 20 12 20 0 24
8 23 23 25 14 22 33 31 24 13 33 0 38
5 20 28 10 27 8 8 9 28 20 33 0 22
3 27 11 15 30 13 21 12 22 30 20 0 13
10 33 27 30 27 25 21 25 22 12 30 0 48
6 11 16 31 7 30 24 24 29 9 11 0 27
9 21 27 30 12 15 25 18 25 9 11 0 41
7 12 25 27 20 10 10 20 31 25 26 0 32
3 22 11 28 9 12 29 28 31 15 20 0 13
6 28 20 8 15 8 8 7 14 9 15 0 26
5 26 20 21 23 17 15 31 14 27 16 0 25
6 24 14 32 11 9 30 26 9 10 9 0 28
9 7 11 17 26 10 14 30 19 11 7 0 41
4 28 27 9 28 11 7 9 21 16 18 0 16
4 28 15 33 30 22 23 17 13 14 15 0 20
10 28 33 10 13 13 7 13 13 27 8 0 50
7 29 27 22 33 29 31 8 15 33 20 0 35
8 13 27 28 22 25 32 27 14 24 9 0 39
5 15 27 33 16 10 9 25 23 24 14 0 22
3 24 11 23 24 14 20 23 11 17 19 0 11
8 14 26 7 18 29 28 14 27 33 10 0 39
2 23 25 24 23 10 22 20 15 11 15 0 10
4 10 21 14 7 10 28 18 28 8 9 0 17
4 12 8 29 33 7 33 15 30 24 9 0 16
6 19 16 33 21 7 25 22 13 10 15 0 27
9 23 27 26 32 29 9 15 31 17 26 0 44
3 32 17 23 13 7 23 9 20 8 24 0 11
3 21 16 12 27 8 7 15 30 8 16 0 13
6 15 9 22 19 30 17 9 28 13 8 0 26
3 7 12 30 29 22 32 27 14 15 13 0 12
5 30 33 21 11 11 12 24 16 7 29 0 24
9 26 24 24 7 8 10 17 15 12 29 0 41
10 28 27 23 25 29 19 24 31 28 9 0 46
3 11 15 7 14 33 26 12 33 12 11 0 12
9 13 12 18 20 17 18 16 23 18 13 0 41
5 22 14 31 12 17 29 13 20 30 22 0 21
9 22 29 13 12 16 24 17 11 27 19 0 45
3 30 20 7 18 21 24 24 16 22 13 0 14
6 10 22 16 31 11 13 27 15 10 12 0 28
6 11 17 27 7 30 8 31 9 7 19 0 27
3 24 31 14 18 20 20 10 32 28 9 0 13
8 11 10 10 25 28 31 22 31 26 19 0 38
5 25 18 22 29 12 32 7 29 8 21 0 21
5 11 16 16 23 11 20 30 8 17 29 0 21
2 29 21 10 30 14 29 19 23 13 15 0 10
3 25 32 26 14 18 9 27 11 17 9 0 11
8 8 20 7 27 23 15 26 29 15 17 0 40
6 28 15 9 20 30 13 20 32 8 11 0 27
7 30 25 26 12 7 14 31 28 10 22 0 33
3 7 20 30 15 32 23 28 12 21 17 0 11
5 30 30 28 29 23 9 20 11 11 15 0 24
5 27 27 23 10 29 30 31 29 31 23 0 24
6 10 22 9 9 8 19 20 27 24 19 0 27
6 33 18 32 25 33 32 26 18 29 25 0 26
3 9 10 10 10 26 26 21 8 19 30 0 14
7 16 11 21 8 33 14 10 23 24 32 0 33
8 25 30 25 13 20 14 18 23 16 26 0 38
4 10 16 20 32 22 25 16 24 24 27 0 16
7 24 33 9 17 23 12 24 23 18 27 0 33
10 11 24 21 33 28 17 20 31 7 8 0 49
2 31 33 8 27 12 7 10 16 27 22 0 10
8 8 30 23 24 30 23 18 8 14 31 0 38
9 19 24 30 15 13 28 7 32 8 19 0 43
8 11 26 20 30 29 16 30 16 29 30 0 38
3 33 30 23 33 29 15 13 18 33 29 0 13
6 28 26 33 18 29 22 27 10 18 25 0 29
9 31 29 25 8 16 14 26 23 9 22 0 42
3 19 12 32 16 28 10 17 10 11 9 0 13
10 28 32 15 17 14 27 12 31 12 14 0 48
8 23 18 18 25 16 31 25 30 27 21 0 37
5 8 10 12 11 10 18 29 19 24 24 0 25
10 27 29 23 23 10 14 11 30 10 33 0 48
10 24 16 17 32 8 22 30 33 7 10 0 46
7 18 27 27 7 13 31 8 9 20 32 0 35
3 12 26 23 12 10 13 21 26 29 8 0 13
4 18 8 23 11 17 13 28 27 25 14 0 16
6 19 11 25 10 27 17 19 15 32 13 0 27
6 18 33 24 21 32 10 28 28 19 8 0 29
4 22 28 16 12 21 22 7 17 20 30 0 19
4 17 10 24 20 13 15 10 13 10 11 0 20
5 25 30 29 16 28 14 28 14 23 12 0 24
8 23 26 17 26 23 32 28 11 33 24 0 38
9 25 24 32 31 15 15 8 14 21 18 0 43
4 7 19 29 20 25 15 27 11 17 10 0 18
7 33 15 25 29 12 7 14 33 29 19 0 31
5 7 31 18 17 11 27 26 7 18 21 0 21
6 23 19 23 7 7 27 22 20 32 14 0 30
5 24 33 20 14 27 14 14 26 24 23 0 24
10 24 30 11 25 25 20 13 14 17 10 0 49
5 18 18 29 19 30 23 20 27 8 18 0 22
4 30 33 12 24 18 14 29 13 19 9 0 16
5 22 13 17 25 28 25 29 32 9 31 0 21
4 14 33 10 26 7 12 21 30 20 29 0 16
5 30 31 27 25 10 8 26 23 24 12 0 23
3 17 30 30 8 11 9 32 28 10 33 0 12
10 24 21 26 19 24 21 13 16 16 24 0 48
9 32 25 10 28 23 32 18 13 14 20 0 45
3 33 14 10 29 17 13 7 26 29 24 0 14
7 16 10 14 30 8 18 30 21 9 14 0 32
8 29 15 29 25 24 33 10 31 27 14 0 39
9 13 32 25 13 17 31 11 22 23 31 0 45
10 24 14 22 17 10 8 29 14 17 22 0 48
6 31 11 12 31 30 30 19 26 29 21 0 30
6 21 24 15 8 32 15 20 16 28 29 0 28
8 26 18 21 25 10 25 33 15 26 8 0 37
7 26 25 28 27 25 11 9 10 19 18 0 35
5 32 31 15 28 26 26 9 14 28 17 0 21
10 23 13 32 12 15 32 10 9 17 31 0 46
7 20 12 11 18 20 14 29 31 8 18 0 34
3 24 16 23 21 11 15 24 22 22 14 0 15
9 16 17 22 22 17 26 8 27 32 28 0 41
8 15 32 23 29 7 25 18 10 30 8 0 39
8 18 25 25 32 24 26 24 17 33 27 0 37
4 20 13 17 15 29 15 21 22 32 22 0 19
7 7 13 28 10 28 28 26 7 16 23 0 33
3 29 21 14 29 10 30 11 16 14 16 0 12
6 17 30 28 26 7 31 15 13 26 22 0 29
5 17 14 27 32 16 28 18 18 20 18 0 25
6 33 32 19 21 28 16 18 11 11 13 0 28
5 11 11 23 17 28 23 22 13 17 19 0 25
5 31 30 28 28 13 19 15 23 22 33 0 23
7 18 7 8 22 14 25 14 33 31 25 0 35
6 28 15 20 33 18 22 19 17 23 27 0 26
4 24 20 8 19 21 18 19 15 14 22 0 18
9 28 30 19 19 13 19 10 33 26 24 0 41
3 32 15 18 10 12 19 14 19 32 18 0 15
2 17 21 29 30 20 15 11 20 14 27 0 10
7 32 12 19 15 17 16 12 27 28 22 0 35
2 24 20 28 15 26 27 20 23 17 7 0 10
9 7 11 23 31 17 14 14 26 17 17 0 43
10 10 13 20 32 31 33 17 13 11 7 0 50
4 11 17 16 8 30 18 24 11 12 26 0 18
7 28 30 24 16 31 31 12 27 19 11 0 33
7 32 15 8 22 29 15 25 10 19 32 0 33
5 25 13 13 15 12 16 31 24 10 32 0 23
7 28 32 14 9 27 31 15 31 10 21 0 33
6 25 28 11 25 23 7 13 29 30 24 0 29
9 25 26 7 9 30 12 12 13 16 10 0 45
5 25 33 18 30 26 30 32 17 28 29 0 23
9 12 27 29 16 12 29 22 30 7 8 0 42
4 27 31 12 29 24 7 22 28 28 33 0 16
9 28 25 13 28 30 28 32 16 24 29 0 41
9 14 15 25 14 22 12 15 10 12 30 0 41
8 24 20 32 19 27 30 9 29 17 9 0 38
8 18 10 12 31 11 22 21 21 30 31 0 40
8 7 32 12 28 15 29 32 16 26 24 0 36
6 32 30 30 7 18 10 13 24 21 9 0 27
10 30 29 24 30 21 20 11 32 22 29 0 47
7 10 13 29 18 22 8 26 17 24 28 0 31
10 9 9 9 29 17 25 7 9 29 29 0 49
10 22 29 8 19 12 7 14 14 33 33 0 48
4 33 7 7 18 9 33 32 15 31 21 0 20
6 25 28 22 13 27 21 15 26 28 14 0 27
9 7 15 20 14 13 13 27 16 32 27 0 45
7 29 28 30 31 11 32 11 11 16 21 0 31
4 9 8 19 31 20 28 22 30 8 25 0 19
6 18 16 29 9 25 31 31 33 10 22 0 30
6 7 33 29 17 21 13 22 33 27 18 0 27
7 11 22 28 11 27 24 17 32 10 26 0 35
2 25 29 21 8 21 20 7 19 22 21 0 10
6 31 32 19 16 13 11 14 13 19 10 0 30
5 13 12 16 14 16 11 32 23 23 7 0 21
6 14 7 32 29 11 26 24 21 29 32 0 26
8 16 32 8 33 21 22 18 10 8 21 0 36
4 10 26 12 28 12 26 31 9 32 15 0 18
4 21 16 26 14 14 26 11 22 10 30 0 19
9 26 33 16 26 11 16 13 29 31 29 0 44
5 28 27 32 30 8 7 23 12 25 11 0 23
3 23 21 8 7 18 28 23 23 22 30 0 13
10 7 11 17 27 25 17 25 20 21 30 0 47
4 18 20 10 14 33 22 16 20 26 12 0 19
3 18 26 16 28 23 9 14 18 17 8 0 13
6 19 14 25 10 21 18 19 21 27 20 0 27
4 19 32 14 9 17 33 19 9 11 10 0 20
10 20 9 18 23 27 19 21 9 22 18 0 50
9 22 9 16 26 11 13 22 11 16 26 0 44
10 18 10 17 13 18 22 23 25 8 16 0 49
9 26 19 16 26 12 17 8 19 29 29 0 45
9 16 14 12 7 24 25 28 23 20 25 0 44
8 7 19 8 26 24 17 33 33 8 20 0 37
10 19 28 28 30 14 7 17 19 23 18 0 50
6 33 18 15 13 17 12 14 22 18 31 0 30
6 27 31 23 31 26 11 32 9 20 23 0 27
5 32 16 30 30 33 33 28 24 28 15 0 22
4 29 31 17 19 33 15 27 17 8 28 0 18
7 11 21 32 19 16 31 16 31 22 29 0 35
9 15 20 12 26 10 26 15 29 15 12 0 43
7 16 10 21 10 29 24 16 26 7 13 0 32
10 32 27 9 30 13 27 11 9 8 27 0 48
7 15 27 16 10 33 14 32 30 9 13 0 35
5 18 10 15 31 28 10 20 22 21 30 0 24
3 11 21 33 27 21 15 20 29 18 21 0 15
4 12 20 25 18 22 10 20 25 27 31 0 17
3 18 15 19 17 18 31 18 23 26 7 0 13
7 23 9 26 25 31 29 12 17 13 32 0 31
5 9 7 27 18 21 7 33 22 31 11 0 21
10 17 27 33 17 25 26 14 10 26 26 0 49
8 17 11 24 14 20 10 13 10 12 25 0 40
8 8 21 27 17 28 29 25 26 24 25 0 40
10 9 12 8 22 19 26 10 21 7 29 0 47
6 8 11 32 30 14 9 19 20 15 19 0 30
8 20 27 33 9 18 14 11 26 14 9 0 39
4 26 8 20 26 11 26 19 25 9 9 0 19
10 14 8 28 29 23 19 14 31 20 13 0 49
7 25 31 22 28 28 21 30 30 9 28 0 33
4 18 32 16 14 33 18 26 20 15 26 0 17
5 12 15 14 10 10 31 12 23 22 12 0 24
5 28 31 11 19 9 14 7 10 30 8 0 22
10 29 26 30 23 27 31 15 14 30 28 0 46
4 20 15 24 32 28 21 31 13 12 25 0 18
7 30 25 24 33 26 31 17 9 18 11 0 34
4 25 27 30 18 27 9 16 21 16 11 0 20
7 11 32 14 13 14 11 9 16 17 24 0 31
5 22 11 21 18 21 19 24 7 10 18 0 22
5 18 12 9 29 21 12 17 29 22 17 0 21
3 32 25 10 25 8 27 31 31 10 15 0 14
10 33 19 8 9 29 26 29 33 30 19 0 50
3 14 27 7 20 17 8 33 13 10 11 0 11
10 10 13 20 25 25 7 25 29 27 7 0 49
5 7 7 27 9 33 18 15 18 13 24 0 23
7 27 13 10 30 12 27 22 7 9 11 0 35
9 10 13 24 24 14 30 10 14 9 15 0 41
4 13 23 23 8 23 19 8 11 7 27 0 18
8 24 16 23 30 14 18 18 28 29 8 0 40
6 27 21 13 11 23 24 9 28 27 22 0 27
4 25 27 14 21 11 12 15 30 31 13 0 16
7 26 9 13 14 13 7 27 18 7 28 0 32
5 30 8 33 19 18 28 9 8 29 28 0 24
9 19 8 11 9 14 27 26 31 29 23 0 43
8 8 20 27 33 31 16 11 26 26 17 0 40
4 23 28 24 18 23 29 19 20 28 29 0 17
6 20 27 17 16 28 8 19 27 23 29 0 29
5 11 31 31 20 20 8 19 21 10 10 0 22
5 14 26 17 9 18 20 24 30 32 26 0 23
6 21 31 19 21 25 14 30 19 24 26 0 29
8 12 19 21 17 12 18 17 14 17 23 0 39
9 8 22 26 29 29 13 8 24 9 33 0 45
10 10 17 33 25 20 17 8 24 15 15 0 48
2 23 33 15 16 19 23 17 8 25 18 0 10
9 12 18 30 23 31 11 14 11 12 33 0 43
7 14 24 7 18 28 20 31 30 18 32 0 32
4 11 25 8 25 30 27 21 30 17 21 0 19
8 13 7 19 9 25 16 30 17 17 11 0 39
4 26 29 29 19 27 11 14 8 7 19 0 19
9 14 27 30 25 10 24 18 13 24 12 0 44
8 16 19 31 20 22 19 18 29 20 17 0 36
5 25 21 29 29 9 12 10 14 22 10 0 24
8 12 14 28 11 12 8 13 16 20 8 0 37
6 25 8 21 11 20 23 21 27 25 28 0 29
9 7 32 11 33 12 9 12 30 28 14 0 42
8 8 15 29 17 12 12 13 15 9 7 0 38
3 25 14 16 28 19 8 12 31 13 12 0 11
6 10 20 20 31 16 7 29 17 22 8 0 28
8 9 22 32 32 8 19 26 25 10 11 0 38
10 30 13 31 11 16 32 12 8 16 25 0 47
9 15 29 18 32 29 26 20 23 11 13 0 41
10 30 25 24 12 32 20 18 16 27 16 0 47
9 24 14 13 18 28 13 10 32 28 23 0 43
8 19 33 11 12 29 22 27 22 24 12 0 38
5 7 25 7 10 24 28 25 27 18 12 0 24
7 33 18 11 16 22 18 8 10 14 27 0 35
5 15 10 9 26 8 14 12 32 22 24 0 24
3 13 22 12 10 21 22 19 31 23 7 0 12
5 29 13 10 15 14 22 25 24 17 21 0 25
2 25 12 29 21 14 33 17 9 32 14 0 10
7 11 16 11 14 10 21 9 16 27 27 0 32
7 14 13 20 27 18 13 14 24 31 26 0 34
6 26 23 23 12 9 30 7 13 27 23 0 27
6 10 15 17 27 21 25 13 21 19 8 0 26
8 12 8 13 30 7 31 28 19 17 14 0 37
6 10 12 25 26 22 21 11 13 18 15 0 26
5 16 25 15 29 12 19 25 13 24 28 0 24
9 28 33 23 10 27 12 13 14 28 27 0 44
9 20 9 12 23 12 28 16 22 21 27 0 41
5 22 9 10 27 22 11 14 16 9 22 0 23
7 30 23 12 26 19 27 11 18 27 9 0 35
10 26 26 32 22 15 11 33 29 25 11 0 48
8 25 30 13 27 27 11 29 13 23 21 0 37
9 26 30 15 32 12 28 29 33 14 13 0 42
5 7 17 19 25 31 16 18 8 26 27 0 22
10 13 12 23 17 11 22 22 17 31 11 0 49
8 21 17 16 23 16 27 11 11 32 7 0 38
8 9 21 33 7 25 26 13 28 27 23 0 40
5 26 15 18 10 13 33 26 31 26 10 0 24
4 22 16 10 24 17 9 28 15 13 18 0 16
3 8 15 26 26 27 15 28 12 16 30 0 12
2 19 18 32 30 31 19 17 22 15 13 0 10
4 32 19 9 27 21 31 30 33 31 12 0 20
9 27 8 11 7 15 11 23 8 17 27 0 44
9 33 9 20 25 10 19 26 16 28 21 0 43
8 23 14 18 19 24 16 25 28 25 22 0 37
5 20 11 15 17 28 18 18 32 17 21 0 23
5 19 12 16 20 28 10 10 30 29 19 0 24
3 13 18 18 17 31 29 31 19 15 27 0 11
9 16 10 21 23 15 23 10 14 11 32 0 41
3 19 10 27 8 9 33 18 23 24 7 0 15
9 10 23 12 18 29 26 28 26 12 28 0 44
8 18 12 22 13 12 13 9 30 17 26 0 39
7 14 24 8 17 32 28 24 31 14 29 0 33
7 31 8 24 9 24 25 8 15 33 9 0 35
5 18 30 10 26 18 12 15 16 17 14 0 22
8 30 27 26 20 13 28 23 7 19 24 0 38
7 19 21 26 20 16 11 22 15 27 30 0 33
6 26 18 18 10 26 21 21 23 21 12 0 29
10 21 13 18 22 23 24 13 31 18 32 0 49
7 29 30 10 20 30 22 11 29 33 27 0 35
4 16 26 31 18 8 12 10 10 16 10 0 20
9 27 26 19 12 13 24 14 10 31 23 0 41
5 25 27 26 33 31 22 28 31 17 16 0 25
4 26 23 25 24 16 16 28 16 15 17 0 20
7 25 31 21 30 24 28 27 9 27 8 0 31
3 15 7 12 13 22 29 15 23 26 9 0 15
8 12 21 23 31 23 12 24 11 11 11 0 39
6 19 32 33 15 13 21 33 7 29 22 0 28
6 8 7 24 15 26 21 8 27 31 26 0 28
8 16 15 26 15 11 22 10 16 29 12 0 40
4 27 17 32 28 7 11 20 26 11 11 0 18
7 21 29 15 30 12 21 15 33 28 10 0 32
4 8 13 19 20 9 18 15 7 24 11 0 19
5 20 19 14 13 9 23 22 18 23 20 0 22
8 17 29 8 29 12 24 28 31 18 13 0 40
9 15 20 33 13 14 11 21 10 9 29 0 41
5 30 32 10 10 11 18 30 30 33 9 0 21
5 24 13 14 21 32 30 24 31 8 28 0 21
7 27 33 20 18 32 31 12 27 25 32 0 32
7 27 25 27 10 27 13 21 11 15 31 0 31
9 23 32 31 10 23 21 26 11 20 21 0 44
4 11 23 14 27 29 14 32 12 26 33 0 18
6 24 22 19 29 9 9 26 20 8 25 0 26
5 10 33 9 23 12 26 8 25 29 7 0 23
6 30 7 12 16 17 16 29 24 14 11 0 30
8 26 17 31 18 22 14 33 27 10 20 0 36
10 28 21 9 33 29 28 21 24 17 32 0 48
6 16 25 19 25 25 10 30 27 17 7 0 30
10 13 9 11 24 29 23 12 7 20 18 0 48
4 18 21 33 27 10 33 19 15 12 11 0 20
7 32 13 20 10 9 31 29 33 13 22 0 35
4 18 26 29 26 12 17 20 8 18 8 0 20
9 20 11 14 20 15 21 19 21 33 18 0 45
3 30 25 32 33 25 19 18 19 14 23 0 12
10 9 20 30 29 24 33 11 30 7 7 0 46
7 7 10 23 17 26 12 29 21 21 7 0 34
9 8 11 23 23 23 32 22 28 17 12 0 44
8 26 16 14 16 7 30 25 15 9 24 0 39
3 11 20 20 29 30 27 11 22 31 7 0 13
8 7 30 21 15 23 13 12 28 15 17 0 36
3 8 13 10 26 25 18 28 13 8 13 0 15
8 23 15 24 26 7 7 11 20 20 32 0 38
7 18 26 11 24 21 16 13 11 27 12 0 32
3 12 26 30 17 10 14 25 9 8 24 0 13
8 18 15 21 27 19 20 14 31 11 11 0 36
2 22 11 31 25 26 23 8 20 30 23 0 10
5 19 16 15 29 18 17 12 22 12 33 0 21
6 15 13 17 18 31 8 9 15 28 23 0 28
10 15 13 13 29 13 22 14 23 26 33 0 47
7 11 14 24 32 19 31 8 27 9 13 0 35
7 23 32 31 20 27 20 21 15 16 25 0 34
10 30 32 10 20 17 29 22 20 15 17 0 48
2 11 9 10 13 24 12 8 20 11 12 0 10
10 14 31 9 22 17 21 25 27 9 28 0 48
3 18 19 14 18 24 15 10 30 15 33 0 14
5 20 31 22 19 18 19 13 15 14 8 0 24
10 23 27 30 13 33 17 16 31 10 25 0 48
3 29 20 26 23 31 30 22 32 7 26 0 15
7 13 28 30 16 32 17 11 7 33 22 0 34
6 16 24 16 22 9 16 19 26 26 10 0 28
9 22 7 33 19 20 17 19 11 16 11 0 45
5 23 10 19 17 31 27 26 22 24 18 0 24
81 80 120 133 113 85 102 82 84 120
103 124 147 160 200 209 233 247 260 298
111 130 140 162 181 210 235 259 267 289
103 124 146 172 198 215 237 242 277 285
107 131 148 165 187 207 232 251 268 291
104 132 156 165 191 218 239 247 270 287
101 134 160 173 183 217 233 243 276 293
110 120 144 160 185 203 233 240 268 286
119 139 142 168 187 209 222 243 274 282
105 122 154 172 190 205 224 245 277 285
119 132 147 172 181 218 231 254 270 296
101 136 152 172 194 202 233 253 268 289
118 130 146 164 181 215 225 255 260 293
104 127 143 166 194 201 224 252 270 283
102 129 156 160 190 200 238 254 276 286
113 134 148 166 185 219 239 257 275 291
103 129 160 162 194 220 228 245 280 286
108 138 156 174 190 214 236 255 271 288
106 121 144 178 190 204 227 260 278 284
118 128 140 175 192 204 222 250 268 300
105 131 141 171 184 200 224 240 271 298
118 133 145 166 197 219 235 253 274 281
120 121 144 168 185 211 222 257 260 293
105 140 151 176 195 205 240 255 261 292
109 124 145 177 192 220 226 250 271 296
118 132 141 179 184 205 239 252 266 285
107 121 149 176 199 209 226 243 278 288
104 139 148 178 183 214 229 248 274 298
116 130 156 169 190 203 223 250 261 290
105 129 148 172 197 218 239 252 275 290
116 137 152 163 193 201 225 258 264 298
107 120 155 171 200 209 225 242 274 286
101 125 160 169 183 206 222 260 266 291
116 121 141 173 196 206 220 257 278 292
114 123 142 174 198 205 225 246 271 290
104 140 144 164 198 215 220 250 279 299
109 129 158 161 182 213 231 251 274 290
107 129 151 172 181 201 234 240 272 300
118 126 156 179 196 217 238 247 271 286
107 129 140 167 191 218 222 251 275 299
105 127 144 174 182 205 223 248 280 286
114 136 154 160 180 207 239 258 265 296
112 122 140 166 189 209 231 255 265 297
113 130 158 180 185 212 230 246 263 284
117 131 146 174 180 202 238 247 276 296
113 130 141 165 197 212 228 255 275 286
107 138 158 179 186 203 226 249 273 292
105 140 144 179 180 206 234 243 268 296
116 133 158 169 194 204 231 258 279 292
107 124 145 161 189 206 225 240 274 294
101 136 140 166 194 202 239 260 267 295
101 120 155 163 187 217 240 242 279 290
115 127 144 174 198 218 222 244 263 280
105 137 152 175 190 208 236 255 275 294
100 133 143 168 183 210 230 248 260 293
105 129 140 163 196 209 229 249 274 284
100 139 158 180 181 207 228 256 265 292
112 122 148 163 198 215 221 253 279 289
103 139 145 173 198 219 222 259 267 286
107 129 148 171 184 203 220 241 274 297
106 129 143 174 193 216 223 250 280 295
100 138 156 168 193 202 231 254 262 286
111 137 157 172 197 220 229 246 279 296
117 139 156 166 192 209 236 246 266 296
102 121 153 162 190 212 220 251 280 280
111 132 140 165 186 215 226 251 265 299
119 128 157 169 196 219 237 240 266 285
106 130 155 177 182 204 223 260 271 293
100 139 159 161 187 212 236 259 263 282
107 126 153 171 189 200 223 252 280 280
116 130 151 173 187 216 231 243 280 292
110 134 146 179 193 209 225 245 266 288
114 131 153 167 189 216 226 240 276 298
111 125 143 178 199 207 236 241 260 282
106 128 150 163 182 205 224 248 261 280
115 124 160 166 180 212 222 256 262 293
105 122 147 163 181 212 227 254 279 299
111 124 145 161 189 214 223 256 267 280
105 121 144 177 199 219 223 255 268 297
118 130 157 170 200 214 222 251 265 293
109 132 140 164 187 205 238 248 266 282
103 125 148 170 198 203 235 247 262 288
115 124 158 174 189 207 231 255 274 292
115 122 150 169 186 206 229 242 279 283
112 123 160 162 193 217 239 255 276 285
118 131 144 179 187 218 220 258 260 297
105 132 140 180 198 214 239 257 262 281
113 138 157 167 199 220 239 248 260 292
106 128 147 175 198 204 231 251 272 300
108 140 155 161 193 204 234 254 280 282
112 130 151 178 194 215 230 248 266 281
117 130 140 164 200 205 226 245 268 286
114 127 156 166 190 210 232 254 272 290
109 134 145 173 188 211 233 257 269 291
116 140 157 162 196 200 232 256 274 296
115 140 146 177 192 208 233 241 263 293
101 133 156 172 181 215 226 259 275 288
112 131 142 180 195 200 225 257 266 300
118 137 160 160 188 215 230 249 280 296
106 123 149 171 198 212 237 250 268 292
104 127 156 162 180 203 235 244 275 292
114 127 152 164 193 216 225 255 267 293
112 136 151 161 192 212 234 252 274 289
120 134 158 169 184 201 239 246 274 289
114 126 157 162 198 207 228 254 267 288
107 139 157 175 196 214 240 249 271 299
102 124 154 180 182 202 237 241 276 286
107 128 156 180 194 208 240 258 262 285
116 134 155 177 182 216 230 240 270 300
100 133 158 173 189 216 226 254 265 296
109 138 160 172 193 220 236 258 276 288
116 132 158 180 197 215 228 254 279 289
110 128 146 172 187 215 236 257 271 290
117 134 160 169 187 210 230 255 261 288
107 136 151 169 183 215 236 259 266 299
118 131 146 172 195 204 233 244 275 294
107 138 145 166 185 204 240 253 264 298
101 138 151 163 198 216 223 251 269 284
110 122 158 165 187 219 233 244 266 300
101 127 152 164 197 213 237 256 273 288
114 125 155 177 195 204 236 256 273 282
119 134 144 161 191 215 231 259 262 290
118 140 145 179 187 215 233 253 271 292
114 133 153 162 197 213 231 243 280 282
119 137 153 173 199 201 229 246 277 300
115 128 151 169 183 210 236 247 263 284
117 129 147 178 199 215 233 243 268 284
102 140 140 172 192 217 222 242 272 298
117 140 158 171 200 207 222 255 279 284
119 131 160 169 197 220 240 257 263 300
101 129 159 173 193 200 230 248 275 297
117 128 148 179 185 207 237 247 263 290
100 124 141 165 192 210 239 244 261 283
120 120 140 170 183 215 234 247 263 300
108 133 159 170 195 206 239 244 272 297
119 135 153 160 186 206 239 252 267 291
108 132 144 165 200 210 232 251 268 283
114 126 159 172 190 208 238 251 265 284
101 137 155 176 189 215 230 253 276 300
110 129 141 179 190 212 227 257 270 292
107 138 156 173 190 202 235 242 268 299
102 135 160 180 200 213 238 255 265 280
103 139 156 162 180 211 235 251 274 289
119 140 149 168 196 201 236 253 277 286
116 122 150 179 184 219 222 259 265 283
102 122 144 163 200 200 236 260 276 290
115 132 140 170 194 216 225 253 264 292
104 122 140 163 189 208 230 259 275 287
112 134 152 175 192 205 238 260 274 300
110 129 153 164 185 218 223 243 273 294
118 137 147 168 182 217 230 255 262 284
103 135 145 160 198 211 226 260 275 293
104 123 146 163 198 212 228 256 275 300
110 125 160 174 192 202 221 259 275 283
119 133 160 177 186 215 236 244 279 285
118 127 156 169 181 217 240 242 260 290
115 125 153 161 182 213 240 256 264 284
106 121 149 176 186 218 235 244 266 297
115 133 159 161 183 204 228 253 279 285
100 125 157 177 182 208 228 250 261 286
114 125 159 169 183 220 240 251 277 300
109 124 149 173 190 211 229 254 274 280
112 137 140 171 185 203 228 249 271 285
103 133 159 179 193 207 229 241 279 291
102 137 142 176 188 216 238 245 280 297
106 132 150 173 191 203 222 247 265 287
113 138 160 170 185 215 229 255 274 294
102 132 154 175 200 202 227 242 280 293
101 126 140 166 195 216 228 244 265 283
111 127 145 166 193 207 232 248 266 280
118 128 157 174 199 211 221 251 270 294
116 122 143 166 183 207 232 244 265 293
118 139 140 162 190 213 225 256 262 288
116 131 148 161 183 200 233 245 276 298
110 129 156 161 194 203 238 259 277 294
120 140 145 178 190 200 237 252 261 292
112 135 148 164 181 216 232 246 260 294
117 136 140 166 182 200 236 246 276 286
110 135 151 173 186 212 224 251 278 300
113 126 155 174 183 206 233 257 261 288
110 124 159 180 184 219 239 258 269 281
114 133 156 161 197 208 230 258 275 291
115 124 156 177 184 202 227 256 265 299
111 128 140 162 194 211 230 241 269 297
110 126 141 163 188 207 237 260 269 289
116 125 154 174 191 202 228 253 260 300
104 133 159 176 181 212 226 241 263 280
110 125 143 161 194 212 223 249 273 299
100 128 145 167 194 200 225 257 267 285
119 130 140 163 200 213 228 248 260 293
104 128 150 161 193 219 227 248 276 299
114 132 143 170 180 214 238 250 278 293
113 140 151 180 190 201 235 243 273 285
111 138 149 175 195 208 235 249 263 287
106 134 146 178 188 215 231 251 274 300
100 128 143 179 193 212 236 251 279 293
115 120 154 176 184 201 225 249 266 287
113 120 155 174 182 202 233 245 279 288
102 132 152 162 190 213 220 257 270 287
111 137 156 177 199 202 239 244 267 288
120 121 156 162 190 216 231 257 263 287
101 121 151 178 187 215 225 252 261 299
108 121 153 166 186 215 236 250 261 299
112 139 159 162 182 202 228 258 271 299
113 133 147 165 188 219 236 250 263 286
101 136 141 174 190 209 231 242 264 289
104 120 146 170 187 213 238 245 279 299
104 136 147 160 190 209 234 249 280 300
109 136 149 162 191 204 224 257 263 291
116 130 159 168 194 220 226 255 274 288
101 122 144 173 188 206 224 254 262 284
110 126 144 161 193 204 236 245 269 289
112 138 142 162 198 208 221 253 261 291
102 135 151 173 188 209 233 242 267 288
102 120 152 165 184 216 232 256 270 297
103 137 151 169 181 210 237 244 264 296
109 128 157 171 191 205 220 246 260 289
116 138 160 172 183 205 231 247 270 281
117 132 147 162 195 200 236 241 263 286
118 139 153 180 181 204 227 255 274 293
105 137 142 176 185 204 225 259 262 286
103 129 141 175 192 209 227 247 264 288
115 140 141 165 193 202 236 244 274 288
106 128 155 175 188 217 233 241 275 293
114 134 152 175 193 215 226 254 262 286
117 121 143 175 194 204 233 247 278 296
119 140 154 173 186 206 231 245 266 300
108 126 151 179 191 204 240 249 265 283
117 129 156 162 199 220 232 254 276 285
105 132 151 168 193 202 221 254 277 290
108 130 149 172 188 205 223 251 280 296
110 134 159 176 193 217 221 244 268 281
111 133 149 176 195 210 222 256 270 286
108 139 147 171 199 219 235 248 268 285
104 135 153 174 191 214 221 244 270 291
115 130 148 161 193 211 239 250 278 294
120 127 147 171 183 204 240 253 272 295
100 130 142 162 186 204 226 247 263 283
100 140 145 163 184 217 229 248 269 290
116 133 151 164 193 200 227 253 260 284
119 121 152 160 181 206 232 244 261 291
100 121 153 163 183 218 235 240 267 284
111 132 141 180 199 212 225 255 276 299
114 139 147 171 192 216 234 259 265 298
108 140 147 179 200 205 230 240 280 289
102 127 150 178 198 217 227 240 271 299
115 126 155 178 197 220 239 250 278 288
112 129 158 180 196 212 230 243 265 295
108 133 152 166 189 207 238 245 273 284
119 127 160 175 200 208 220 245 274 286
103 122 156 175 192 218 237 247 274 298
115 134 159 165 183 217 224 246 260 299
105 129 157 180 188 209 222 246 262 299
112 138 155 162 180 207 226 251 271 285
108 128 145 178 190 220 238 251 268 290
115 126 154 172 182 208 224 252 260 298
120 130 160 160 186 215 239 258 274 289
118 136 153 173 191 212 236 260 262 284
116 134 155 172 180 212 239 241 261 296
112 137 158 180 198 215 230 260 279 284
118 130 141 173 198 212 222 250 267 289
113 127 140 174 195 217 221 248 274 292
100 135 144 164 184 202 240 253 272 295
110 133 148 178 197 212 228 259 262 286
110 133 147 160 197 209 231 254 273 293
100 133 146 180 194 215 233 246 274 291
118 139 146 180 180 210 233 244 269 290
109 134 145 177 200 201 231 241 279 297
102 129 143 161 187 200 230 259 272 290
116 121 144 172 191 205 230 257 260 295
118 130 159 170 187 203 228 255 271 285
112 131 159 174 186 211 229 258 280 283
116 120 159 168 180 205 240 260 263 295
120 125 147 171 197 217 221 242 264 293
108 135 145 163 191 212 240 244 276 282
110 135 141 176 187 200 239 243 280 292
102 140 140 175 192 220 224 248 266 282
107 139 148 169 185 216 221 254 262 291
116 121 145 172 193 204 240 248 264 287
119 136 160 173 196 215 237 249 268 290
117 130 156 170 183 218 239 260 265 283
118 129 159 166 190 205 221 247 272 285
110 121 156 174 200 217 221 253 277 295
108 138 148 166 200 216 235 245 272 282
101 132 145 174 184 219 237 241 263 282
112 131 143 168 182 208 239 241 270 292
101 120 156 162 195 200 220 246 266 285
114 137 153 175 196 201 237 257 265 290
107 120 158 176 197 200 236 259 262 294
110 135 160 175 194 218 232 260 279 293
105 134 150 170 190 202 237 260 275 295
113 128 140 177 195 219 224 258 267 290
114 123 143 179 190 200 238 249 272 299
113 126 159 165 192 204 233 240 266 285
114 120 152 175 193 214 221 244 265 299
115 128 151 166 197 215 236 246 262 286
110 123 160 162 197 219 234 251 269 299
103 120 157 166 188 215 221 245 269 285
104 125 150 160 192 213 239 253 270 289
114 128 141 174 188 213 231 247 279 287
118 140 158 168 189 200 237 255 268 285
104 134 157 178 186 203 239 257 272 294
100 124 155 172 194 204 220 258 260 281
118 127 145 170 195 205 223 254 272 296
117 133 141 169 197 213 223 249 262 282
103 140 148 176 195 218 232 253 279 298
108 136 154 173 186 201 233 246 267 297
103 125 142 176 181 210 220 252 272 295
106 126 153 167 195 205 235 247 273 293
109 136 144 170 191 214 228 240 260 286
108 127 158 167 196 202 222 256 267 289
101 137 153 162 180 201 225 248 276 298
107 122 155 168 187 212 231 248 272 300
101 131 142 174 189 206 229 240 273 282
115 130 147 175 198 202 231 257 270 294
113 135 159 173 189 201 229 241 267 292
100 123 143 176 199 219 230 247 269 294
104 133 160 172 199 218 229 256 265 290
112 128 150 170 182 220 228 244 262 298
104 140 160 175 197 214 235 253 276 282
117 135 140 168 190 201 229 243 260 297
115 121 154 179 196 219 235 258 263 289
117 139 151 179 196 200 231 249 279 299
103 124 152 174 193 210 221 248 274 286
119 135 156 167 199 215 238 259 264 296
107 121 157 160 182 212 221 249 276 295
105 128 149 167 197 209 234 255 276 288
112 132 141 169 195 220 223 253 262 288
116 137 155 162 183 213 227 259 270 282
111 138 155 176 187 214 228 245 270 295
100 140 158 179 200 216 230 247 270 280
105 136 145 173 196 204 240 251 261 294
108 125 148 169 195 203 222 259 270 290
107 133 140 163 180 204 231 253 271 293
118 139 144 169 181 204 236 250 269 292
115 127 145 179 186 219 220 258 267 289
115 132 151 178 197 214 223 255 273 285
116 132 152 168 184 217 223 247 263 287
117 136 146 168 183 207 231 254 280 290
101 139 158 169 199 208 235 248 274 295
107 137 156 172 185 204 236 257 262 289
101 123 145 170 199 201 240 258 260 294
118 128 158 167 188 216 221 241 280 297
100 137 145 160 193 215 232 246 273 289
112 131 156 165 198 210 228 257 261 297
116 124 155 176 185 218 223 241 279 287
113 132 143 165 194 219 220 253 268 286
109 138 142 170 189 215 225 246 271 280
103 140 160 179 184 213 240 247 268 284
103 120 149 171 196 200 229 245 264 281
105 127 151 169 187 200 223 259 273 296
114 133 150 168 189 210 222 252 277 288
100 130 140 180 181 200 226 247 263 296
114 139 149 164 199 210 234 243 274 287
108 138 140 161 190 213 221 250 277 294
116 140 140 177 194 214 235 253 267 286
119 122 142 160 187 201 235 256 267 290
105 136 144 164 181 214 227 259 273 283
107 123 142 167 183 213 224 240 279 294
114 135 152 175 192 217 234 258 271 299
109 125 145 176 194 217 236 260 274 295
102 136 140 169 185 201 233 258 269 294
113 140 160 179 197 219 227 255 262 294
106 126 144 171 196 207 232 244 274 283
118 127 154 171 186 207 225 253 262 284
108 126 148 177 197 201 238 241 263 289
117 126 142 176 183 207 229 252 266 284
112 120 146 170 187 220 233 247 276 291
116 124 159 180 190 208 233 253 267 281
101 128 148 175 187 209 226 245 278 291
110 135 158 167 198 213 230 251 268 292
116 127 160 169 192 217 230 255 270 286
116 138 146 167 192 216 227 250 263 286
108 133 157 173 187 205 227 245 278 282
103 122 144 163 184 200 234 240 269 282
118 125 148 180 180 202 236 259 277 281
119 121 147 176 188 202 236 243 264 283
109 120 154 180 185 206 237 255 280 290
117 136 152 162 197 209 233 251 275 284
102 128 144 169 191 219 239 244 274 289
100 130 150 165 187 206 235 255 265 288
111 121 141 161 193 211 221 248 268 300
110 140 147 173 181 217 235 254 275 297
107 140 151 180 192 201 226 249 264 289
104 129 147 167 199 205 235 251 261 282
114 133 145 171 186 220 224 244 263 300
111 137 155 164 182 213 224 259 264 291
111 133 151 163 195 218 221 240 271 288
101 127 143 167 186 217 229 255 263 287
105 127 152 177 197 211 225 254 272 282
116 126 160 178 189 204 233 243 274 288
112 132 140 171 187 219 223 245 275 284
108 139 147 177 193 206 237 255 280 284
116 140 158 170 199 203 238 245 279 287
108 127 159 164 186 215 230 247 273 288
105 122 157 163 199 201 226 244 271 287
117 126 154 165 185 202 234 246 262 300
105 127 149 163 190 214 229 240 276 283
113 136 158 164 187 212 224 256 280 296
103 139 143 171 190 217 240 247 274 287
120 135 155 178 194 203 228 255 268 292
115 139 160 160 197 219 230 254 262 292
104 140 155 168 191 217 223 253 266 293
114 127 147 179 188 202 228 247 280 289
111 121 143 166 181 211 223 251 277 291
107 124 140 167 200 218 239 246 270 280
106 137 158 174 189 202 235 248 272 287
120 138 151 173 193 217 234 243 272 300
102 127 149 178 196 207 231 247 270 292
119 126 145 168 181 214 224 249 265 286
101 122 141 174 193 200 240 251 266 281
116 121 141 174 193 217 221 244 280 298
119 134 154 167 197 215 240 242 264 295
100 120 157 168 197 219 235 252 266 293
107 122 151 172 187 216 222 259 266 287
117 138 155 160 193 205 226 242 277 295
119 128 147 162 187 219 225 242 269 299
106 120 158 174 193 220 220 242 279 294
101 124 144 176 185 206 224 240 276 299
109 132 156 176 200 204 220 243 271 282
113 136 140 162 196 212 238 246 265 290
120 134 143 171 190 205 230 247 273 292
116 139 147 175 183 200 228 250 267 291
118 123 143 163 185 215 227 257 279 291
119 121 145 168 184 209 227 244 273 296
100 140 160 160 196 219 222 251 277 297
101 123 154 167 192 203 240 260 277 282
101 131 145 177 196 207 240 254 267 292
104 124 144 180 191 211 239 259 276 292
110 136 156 166 184 211 236 255 264 293
111 139 155 180 189 202 227 257 262 290
109 136 153 165 189 216 228 258 276 285
105 120 148 160 194 206 227 256 264 283
105 123 156 166 184 214 237 249 275 299
115 124 146 163 188 204 221 257 261 291
107 138 150 163 182 204 226 260 269 292
101 120 159 175 191 210 220 244 264 296
113 136 150 178 181 201 220 254 276 282
111 125 158 160 180 201 222 258 280 298
113 121 141 164 191 212 222 253 265 297
111 122 147 179 195 218 231 250 261 288
106 139 145 174 195 215 225 259 268 295
109 139 154 170 197 217 233 259 265 295
108 128 141 163 194 203 226 241 268 287
120 133 160 170 195 204 231 254 276 297
112 131 140 177 182 207 223 248 270 284
102 121 144 160 188 205 224 251 271 290
108 129 159 163 195 219 235 256 261 280
110 128 154 173 193 220 225 249 272 286
108 139 147 168 188 201 237 246 278 300
113 139 154 169 181 215 239 252 268 291
119 123 158 172 184 214 233 260 273 288
105 121 140 170 181 212 221 257 272 294
113 140 158 160 183 204 234 247 260 297
113 120 155 168 185 206 237 243 265 294
119 140 153 177 192 218 225 243 274 295
101 132 144 171 197 210 239 254 271 299
106 138 141 162 194 207 223 254 272 283
107 128 148 161 184 204 232 249 270 298
117 122 156 179 182 201 230 247 269 280
105 123 142 168 198 219 225 249 275 285
107 129 143 162 196 202 220 253 265 284
118 137 156 160 186 200 234 254 273 287
117 126 154 179 188 219 231 258 267 283
105 125 151 173 196 220 235 257 264 293
111 126 143 171 195 214 225 242 264 293
104 123 154 170 195 217 237 254 276 296
112 124 143 177 195 218 223 249 268 286
112 127 154 168 188 209 240 256 277 297
118 138 150 170 195 208 237 255 267 299
119 138 153 173 192 216 238 254 272 296
107 126 151 165 188 200 227 241 273 294
118 123 155 170 191 214 236 257 265 292
100 125 147 177 195 212 230 255 278 282
103 136 149 166 197 205 221 244 264 285
110 125 146 166 200 220 226 252 270 293
111 124 157 172 196 219 221 249 260 280
113 135 147 178 196 215 224 244 268 300
118 120 158 167 193 202 222 248 271 292
109 139 140 179 199 216 234 257 269 285
103 128 152 166 195 206 233 257 278 284
112 127 142 169 188 206 223 256 279 300
106 138 144 171 195 215 237 242 269 286
116 129 158 160 193 206 239 255 263 294
100 126 154 177 180 219 230 240 262 281
111 130 153 174 196 207 230 243 265 291
110 138 146 163 197 212 223 256 273 296
106 129 158 165 196 220 228 241 265 294
111 124 153 162 194 206 225 240 280 295
112 120 144 160 180 205 234 251 265 283
108 137 144 171 180 206 237 245 264 282
105 140 159 179 181 208 235 250 267 293
113 136 151 172 190 200 221 253 264 288
108 138 148 166 196 205 224 240 279 285
109 133 158 165 187 210 224 247 269 296
114 131 150 163 185 220 225 244 260 290
118 132 142 167 186 201 221 247 280 289
111 132 145 165 192 219 229 255 270 296
118 132 156 175 194 206 223 242 276 291
111 120 145 166 186 201 228 249 279 300
117 120 146 178 194 208 226 251 263 282
119 126 160 176 189 219 230 260 265 299
102 126 141 168 190 213 239 257 268 297
117 134 155 180 198 210 239 255 272 295
106 133 148 176 182 220 233 240 269 294
118 135 144 175 190 202 226 259 275 299
105 132 160 179 196 209 221 242 273 289
105 123 150 180 198 206 227 260 272 283
106 132 142 168 193 219 231 244 267 284
116 133 145 172 180 215 239 244 268 283
109 130 145 160 193 211 231 243 277 299
105 122 151 160 193 215 231 244 270 294
118 124 157 173 188 206 227 260 269 295
104 134 154 163 182 201 223 251 264 284
109 138 156 160 197 209 224 253 271 290
118 128 143 166 185 212 229 243 260 284
105 139 160 178 192 210 231 260 271 298
101 130 141 175 184 200 238 244 280 298
119 136 152 168 196 207 228 248 270 281
108 120 154 173 193 200 235 246 264 286
109 127 157 162 195 217 224 259 260 291
117 128 142 167 189 217 226 257 270 299
120 126 142 171 199 202 220 258 260 294
107 139 154 161 190 207 225 240 275 295
101 127 150 165 200 219 230 241 278 280
119 136 153 178 182 218 224 254 264 298
118 140 142 180 197 213 229 254 277 298
111 129 150 178 182 207 228 260 275 281
111 122 152 165 196 218 238 244 273 289
108 135 156 168 192 213 227 250 265 290
112 128 160 174 187 200 221 244 266 284
110 124 152 167 199 207 220 246 268 282
102 130 150 166 191 219 236 251 270 287
117 135 152 164 199 209 231 256 276 294
101 122 151 164 187 203 238 257 276 291
120 123 147 172 186 215 223 254 273 284
105 120 159 160 199 216 240 243 265 300
104 126 157 170 200 216 226 244 270 280
106 130 160 175 200 215 231 252 262 286
107 135 142 179 200 211 235 243 276 291
105 135 146 176 182 200 229 240 280 288
100 125 154 171 192 209 227 240 278 290
112 134 159 167 186 217 238 259 270 292
108 133 154 161 198 216 230 255 276 294
109 126 160 160 194 211 231 259 268 281
116 135 146 162 193 203 224 248 277 281
113 121 149 175 200 202 234 259 279 295
107 125 158 160 197 205 221 255 272 287
120 131 144 173 198 212 234 258 275 294
114 129 152 161 193 205 222 253 260 288
119 133 156 177 195 211 222 257 271 296
114 135 148 178 193 210 225 251 271 285
116 123 153 166 195 220 239 255 271 282
101 130 150 166 188 200 230 260 279 282
118 128 148 169 192 200 237 256 262 288
106 123 151 163 194 206 221 248 271 291
108 138 140 163 194 215 237 251 277 295
106 126 160 169 199 213 230 243 261 297
108 140 158 161 196 201 224 240 270 291
114 140 144 166 193 215 226 254 268 293
105 139 141 178 191 203 238 255 277 288
120 129 159 171 180 209 240 260 279 290
118 131 148 162 198 204 229 256 261 286
113 137 146 180 188 204 226 255 264 280
100 125 143 175 197 218 222 249 276 282
117 139 159 174 183 205 228 260 262 300
103 122 144 168 194 217 227 247 260 292
102 121 144 169 198 213 223 254 272 290
114 136 142 174 194 215 221 243 278 295
106 131 160 164 190 205 226 243 273 299
104 135 146 166 186 208 224 251 269 289
103 129 143 170 193 211 221 247 272 289
112 132 156 177 188 200 230 251 272 287
105 138 153 172 181 203 232 240 280 281
118 139 144 179 182 202 229 241 266 283
111 121 143 177 186 200 231 247 271 286
120 121 154 164 187 215 231 253 277 285
107 132 160 177 194 205 239 247 266 295
101 132 149 166 191 210 224 251 278 292
102 137 142 163 196 203 233 244 260 292
119 122 155 176 195 212 240 253 278 285
106 128 150 171 199 212 230 240 279 286
103 136 159 175 200 205 240 259 280 282
111 126 155 171 185 220 235 249 272 292
107 125 151 176 192 210 231 249 279 291
111 121 141 172 191 212 236 243 278 300
110 133 141 171 182 217 226 251 272 299
120 131 158 178 198 216 227 252 277 283
109 131 148 168 200 215 221 259 277 296
111 124 142 173 188 202 225 240 271 282
103 121 160 176 193 207 230 253 276 288
109 132 147 172 183 208 225 256 280 288
100 128 141 166 200 201 221 260 278 290
107 123 146 169 195 203 227 246 274 285
118 130 153 180 192 220 226 253 265 280
120 129 147 169 183 217 230 247 264 293
114 136 157 161 186 220 240 257 263 296
107 128 156 177 187 218 225 253 280 297
115 123 143 164 186 219 230 247 274 300
103 125 151 172 183 212 237 254 269 298
101 134 141 172 189 205 238 251 275 291
110 132 159 160 195 204 227 253 262 281
113 125 156 161 190 206 227 245 271 280
107 131 140 176 196 220 227 252 269 292
110 123 149 169 183 209 238 260 270 284
119 127 145 165 182 216 222 255 276 287
105 121 156 161 190 202 240 247 268 296
105 120 157 172 189 205 239 249 274 297
107 128 148 179 181 214 229 256 263 295
105 129 151 168 185 213 225 253 261 295
112 127 153 169 184 202 224 247 266 287
100 140 148 162 190 219 228 257 278 280
112 131 150 176 183 202 235 246 263 298
108 125 143 169 194 214 222 253 270 290
107 139 157 160 187 204 224 248 270 287
100 127 152 172 181 201 239 242 266 288
109 139 150 161 195 218 240 260 279 290
101 135 141 177 189 208 222 253 261 297
104 132 157 179 190 202 225 240 268 291
100 140 147 174 199 211 224 250 269 283
111 122 155 170 188 219 223 259 275 281
104 124 154 175 199 220 233 249 267 289
104 126 149 173 195 204 225 241 263 291
119 133 142 179 190 212 233 252 273 287
111 121 142 172 181 217 232 250 271 294
109 136 148 166 191 216 237 252 269 298
103 123 153 172 185 209 220 248 274 287
105 129 148 160 199 205 240 249 268 292
106 121 146 178 200 209 220 240 261 287
100 127 155 177 181 213 222 253 278 295
110 126 150 167 192 213 220 243 264 282
106 137 156 168 181 213 220 252 269 284
117 127 157 164 199 213 223 243 267 282
116 122 143 165 195 203 234 243 268 280
115 126 157 163 195 218 231 241 269 293
114 134 151 163 200 200 238 256 266 294
112 131 149 177 192 209 220 240 278 295
114 130 160 178 184 208 237 258 274 289
106 136 141 163 185 203 228 248 264 298
115 136 159 169 198 204 234 246 265 282
110 134 157 163 192 216 225 250 273 290
118 136 143 160 191 220 225 252 263 298
105 138 157 178 190 216 223 258 264 292
119 130 157 163 198 216 221 242 272 295
114 122 145 170 186 206 239 260 265 282
109 136 157 161 187 209 239 244 277 292
103 140 149 166 196 219 227 246 260 300
109 121 160 162 188 220 235 253 267 289
112 123 155 179 189 214 222 253 266 296
101 128 146 177 184 212 233 254 270 297
105 126 145 177 192 205 229 252 264 281
111 137 155 164 187 219 221 256 280 282
111 140 150 168 180 212 239 248 262 297
101 126 153 176 190 201 235 250 263 285
104 127 160 161 189 201 238 240 261 287
117 131 149 177 188 218 226 243 266 293
112 120 148 169 184 216 220 243 266 294
111 139 146 163 192 203 220 252 268 300
115 124 145 180 186 219 225 240 272 300
105 136 141 170 200 214 222 243 263 293
106 133 144 168 181 208 221 250 280 286
112 140 148 160 197 206 233 253 278 297
112 136 152 172 188 214 228 256 280 286
120 124 156 180 185 210 229 250 274 292
109 131 159 162 193 202 220 258 268 293
114 120 152 160 189 210 239 242 261 294
115 136 148 179 183 205 221 247 274 300
111 124 142 166 185 211 234 250 260 298
120 125 160 177 195 219 236 240 264 295
102 129 159 166 184 218 234 259 264 299
103 128 157 171 186 216 228 252 265 281
120 124 151 177 188 202 227 255 270 290
101 125 146 177 189 211 228 249 261 285
111 133 153 180 187 200 225 245 278 295
120 129 147 174 183 201 221 240 273 295
112 139 146 160 180 208 238 241 260 285
105 139 149 164 197 209 237 244 277 294
113 120 140 180 181 201 231 253 260 284
105 139 142 170 191 206 240 257 279 284
115 137 152 178 194 218 227 252 267 286
116 132 153 172 180 220 235 240 271 297
104 140 145 163 189 208 235 258 275 286
115 135 141 176 183 213 234 251 271 293
117 133 154 172 189 208 235 257 264 282
110 128 142 162 184 205 236 257 260 285
115 137 148 169 191 209 229 247 265 293
102 140 155 165 180 213 231 258 270 290
113 121 144 175 197 218 226 253 280 287
111 135 151 173 199 209 234 252 260 285
109 126 159 162 183 219 220 257 260 289
115 129 149 169 191 203 228 245 267 299
106 133 143 179 190 207 237 253 263 281
118 124 155 171 189 212 231 252 266 294
116 131 158 178 197 213 239 246 275 288
114 122 155 162 183 204 223 257 267 293
109 131 154 173 192 218 221 247 266 287
103 129 150 164 199 204 220 247 280 288
120 135 147 161 182 210 234 241 267 294
109 139 145 162 180 215 238 259 260 287
114 128 154 178 190 206 238 240 275 292
110 132 156 180 191 214 236 243 266 292
107 130 158 175 190 204 233 254 262 294
106 128 146 170 180 200 224 253 276 294
114 128 142 167 190 220 221 242 279 295
112 137 140 160 196 218 240 242 279 280
107 139 148 162 186 220 225 240 274 299
119 135 158 172 189 215 230 259 261 300
107 136 154 169 195 218 240 249 269 284
119 122 153 170 191 217 234 244 269 299
112 129 146 160 198 217 230 253 263 283
100 132 155 160 187 205 225 260 265 294
109 134 150 163 188 219 229 243 266 287
119 122 147 178 199 211 227 242 261 284
107 134 140 178 182 220 233 241 274 292
107 133 154 165 189 214 229 253 274 299
117 134 146 168 184 216 232 241 267 280
110 126 156 170 200 204 239 248 276 294
112 127 144 177 188 219 222 244 264 297
102 139 140 172 183 216 229 248 270 296
110 132 143 164 193 212 239 255 266 285
108 132 140 160 194 212 230 257 279 286
108 139 141 175 182 220 230 254 275 286
109 133 146 162 187 204 232 251 267 290
109 135 157 167 192 208 231 254 274 296
120 133 143 177 200 208 237 246 262 295
113 136 156 162 189 213 229 260 261 283
115 134 151 178 198 201 238 255 268 290
100 136 153 160 186 211 224 254 277 297
108 122 160 167 193 215 222 250 260 280
115 137 159 173 195 215 223 260 278 292
120 135 157 174 184 208 238 241 275 287
115 122 153 168 183 215 235 260 265 287
120 124 149 162 193 215 233 252 261 300
119 123 159 162 185 207 237 243 261 300
114 120 142 178 195 202 220 240 271 292
120 128 146 168 199 208 230 245 266 289
117 135 143 168 191 205 240 241 263 294
116 140 151 170 184 211 230 245 271 292
111 131 144 164 189 201 223 241 277 283
106 120 157 167 182 220 221 243 270 292
113 127 160 172 190 203 239 256 263 294
106 132 143 177 185 210 238 241 279 292
108 138 145 178 180 209 230 242 278 299
110 122 157 165 184 201 228 242 272 299
117 125 151 180 188 212 235 257 279 300
106 128 142 179 183 207 228 256 274 280
119 126 148 171 199 210 240 249 273 287
113 130 146 174 185 209 220 249 277 296
103 135 153 173 180 215 238 250 280 299
110 120 152 165 193 218 237 256 260 296
103 138 148 172 200 218 230 240 275 281
120 133 145 162 192 204 236 255 266 296
101 131 149 170 195 212 232 243 280 296
118 134 155 180 197 206 240 249 275 293
115 139 151 178 194 206 229 257 274 298
102 132 140 165 187 215 221 241 269 281
114 120 143 160 197 213 223 241 260 289
101 130 140 173 184 203 225 260 265 281
110 122 145 172 184 216 239 253 271 284
120 127 148 168 184 205 238 249 271 299
113 120 146 171 186 206 236 252 274 287
104 127 148 175 181 203 226 244 264 296
116 125 159 167 190 206 240 242 268 288
115 126 148 162 189 212 230 255 275 292
100 129 151 169 196 203 224 249 266 287
109 139 144 167 184 214 225 258 274 281
115 131 149 179 182 201 234 244 261 296
107 132 148 169 184 209 238 253 271 292
112 126 145 165 193 205 222 252 266 295
105 128 157 178 193 218 223 241 263 300
114 122 147 163 188 218 237 260 265 293
102 130 146 166 191 216 236 246 272 283
100 133 153 160 190 200 237 255 277 287
116 128 153 164 200 208 222 246 265 298
103 126 145 178 194 205 226 254 262 285
112 126 153 171 198 216 236 251 261 296
103 125 145 174 200 210 223 258 278 286
115 133 140 173 189 209 222 255 264 287
102 134 146 161 187 219 237 247 274 294
101 125 157 180 192 218 230 257 268 294
111 125 152 176 191 208 230 244 266 295
106 123 148 170 199 202 234 241 273 291
104 133 158 172 187 213 233 244 261 297
115 139 145 174 184 200 230 255 267 286
111 121 155 167 184 220 224 245 269 295
106 127 160 166 193 216 233 244 265 283
118 125 141 167 198 220 231 249 263 293
120 132 155 174 194 220 231 250 280 298
116 122 140 161 195 211 232 246 277 298
108 139 147 164 186 201 233 246 260 291
120 126 144 174 192 215 235 249 278 288
103 133 155 165 185 215 233 244 269 282
117 137 147 164 186 219 225 258 276 280
116 132 144 166 182 218 235 242 260 294
104 138 156 169 186 209 227 241 275 285
119 134 148 160 198 204 239 250 268 280
109 126 150 177 200 217 225 252 275 288
115 135 155 180 191 209 226 249 264 292
103 134 149 178 195 200 233 248 276 287
105 125 157 170 189 213 227 242 260 281
112 136 142 179 183 200 230 249 260 283
114 126 157 169 190 219 225 255 266 285
119 121 142 172 186 212 233 248 272 288
115 135 154 168 186 214 230 241 264 293
119 136 148 170 194 212 235 248 275 281
110 137 158 168 190 212 222 245 273 281
116 120 142 160 189 219 238 255 271 281
108 129 152 178 187 209 231 256 275 290
110 122 147 180 196 220 225 243 269 286
110 129 158 168 193 203 223 260 267 291
105 134 150 172 184 213 240 242 264 281
101 135 156 163 195 208 228 245 279 293
100 120 144 164 198 218 221 259 260 284
103 134 148 179 181 219 238 249 274 296
104 131 142 171 183 211 238 259 271 290
117 136 152 179 199 204 231 246 265 300
109 139 145 173 192 210 224 243 278 290
114 129 160 173 196 205 231 257 263 295
118 122 157 178 182 205 227 248 276 282
106 126 153 162 185 220 233 242 264 287
118 127 158 173 195 203 223 251 279 294
118 124 159 172 180 207 229 259 261 300
116 126 160 166 183 216 220 257 265 288
118 136 148 176 185 203 225 247 274 289
120 139 141 175 182 203 239 258 271 281
119 123 155 160 200 210 237 257 274 280
117 121 146 180 182 206 239 244 278 293
109 124 144 162 193 215 222 255 261 282
112 125 145 166 191 203 230 240 275 300
103 127 153 169 197 214 225 257 265 295
114 133 143 177 200 201 225 253 279 300
108 122 158 178 196 215 230 246 260 296
117 136 140 175 195 202 221 244 279 299
118 125 153 178 195 206 231 259 260 298
120 139 147 175 191 217 238 243 267 294
112 133 143 179 199 203 228 257 261 297
116 135 152 171 197 207 223 257 269 292
120 125 149 177 192 208 231 241 275 300
107 140 154 170 195 219 234 256 278 299
112 138 141 164 190 202 238 259 278 286
103 135 147 177 183 207 228 258 273 296
115 127 157 174 198 214 220 249 260 296
115 127 142 170 198 200 228 249 262 299
117 129 148 173 191 203 229 255 261 291
107 126 149 165 181 213 224 259 278 290
102 139 155 175 180 218 238 256 276 287
112 135 142 161 200 200 229 257 277 283
107 121 153 160 188 217 226 245 271 294
105 128 146 169 191 218 235 248 273 288
119 131 157 173 184 209 231 248 263 280
120 140 159 180 200 218 224 247 270 299
116 128 144 175 199 201 222 254 265 289
120 134 148 161 191 218 221 257 273 297
111 134 152 172 200 204 225 253 260 298
107 127 148 166 182 215 238 251 274 291
111 135 157 180 191 206 226 240 262 282
112 139 148 161 187 202 229 259 267 294
107 131 148 161 191 216 227 260 265 280
115 124 155 162 185 217 222 242 265 281
109 123 148 172 195 216 232 245 268 297
102 131 149 167 180 218 222 250 273 283
107 120 140 169 189 203 239 259 260 281
109 131 157 165 190 203 235 244 261 285
106 131 160 165 194 209 228 248 278 286
106 137 150 163 197 208 229 246 269 293
108 129 147 162 191 211 232 247 260 296
118 132 143 162 187 210 221 246 271 286
118 124 153 167 197 216 231 240 273 291
113 138 147 163 200 201 238 244 271 296
100 124 140 167 198 220 222 248 264 292
100 137 145 161 189 207 225 258 265 300
111 123 159 176 196 208 230 259 280 298
120 138 158 178 185 204 239 254 271 298
113 121 150 179 197 205 232 247 272 280
103 129 143 168 181 212 238 250 265 292
101 140 148 161 200 212 231 260 263 283
120 136 147 176 198 212 227 242 265 291
117 133 142 175 196 208 220 250 275 295
117 133 150 172 188 214 220 252 272 298
115 139 157 162 190 206 230 243 261 289
101 137 149 168 198 208 228 259 267 296
108 139 154 164 184 214 226 254 274 294
113 138 153 164 194 204 240 256 272 294
120 132 158 172 198 213 225 243 271 292
113 121 158 172 199 200 233 246 261 280
114 130 140 172 195 214 220 259 262 290
114 128 156 179 181 202 226 257 276 286
119 136 150 168 185 207 228 260 280 298
110 129 160 166 191 215 239 253 263 293
107 126 144 166 196 206 238 250 279 289
106 128 142 173 187 219 227 251 277 289
107 136 145 165 192 212 228 259 279 299
100 125 145 163 193 219 239 255 271 284
117 132 152 180 191 209 240 259 280 296
104 135 144 173 198 201 238 242 276 285
115 130 158 162 188 212 222 244 267 298
118 131 144 171 198 200 233 246 270 281
108 134 154 164 197 207 224 242 274 298
105 120 158 165 180 219 236 257 276 288
103 123 158 172 187 219 239 253 276 295
102 129 145 160 194 216 238 257 261 287
112 127 150 180 188 212 235 251 268 285
112 129 140 160 195 220 226 252 277 286
105 136 160 168 186 206 239 247 261 299
115 125 156 177 187 215 231 259 270 284
116 139 140 173 197 207 233 250 275 280
113 128 156 167 191 218 238 244 271 283
112 136 151 166 197 204 222 253 268 298
111 124 154 179 186 205 223 246 266 300
104 140 153 167 187 212 222 257 263 289
111 134 143 178 190 209 233 243 268 290
105 132 156 180 189 211 237 257 273 290
100 136 159 178 197 216 228 251 278 284
109 125 142 169 192 218 221 244 279 299
113 127 155 163 189 208 228 255 280 285
104 126 151 168 184 213 240 254 266 289
100 134 149 160 192 212 234 253 261 287
110 120 140 171 198 211 233 258 275 285
108 140 141 175 193 209 225 243 274 287
116 139 149 162 181 213 240 258 267 295
119 139 156 160 182 211 220 243 277 292
110 123 147 166 183 206 226 256 276 294
110 127 152 168 190 220 220 240 266 286
119 131 158 163 186 216 229 243 273 281
116 126 146 176 200 207 220 255 265 292
105 126 157 166 182 202 229 242 280 294
116 132 159 170 193 214 234 245 280 288
103 140 140 177 183 207 235 248 262 283
116 128 142 164 187 216 220 257 271 297
112 127 149 172 187 206 231 258 262 293
104 129 157 164 192 202 228 255 264 285
105 125 146 161 181 210 229 256 277 280
114 136 160 171 188 205 236 249 279 291
117 127 152 168 190 219 231 255 263 295
114 140 159 169 182 212 238 254 274 288
102 140 155 172 199 203 227 257 261 289
108 127 140 169 198 208 239 250 279 281
111 129 156 174 200 212 239 243 277 283
116 140 151 168 198 219 236 248 261 299
103 138 140 180 199 207 222 247 266 297
102 125 146 172 194 219 232 257 280 287
100 126 145 174 182 215 223 250 277 297
107 128 140 173 193 214 238 257 264 289
120 134 156 180 200 202 223 241 267 289
108 131 159 163 182 213 221 250 276 281
110 134 154 171 192 213 229 241 277 284
118 138 146 173 196 212 231 249 264 299
115 128 152 178 184 210 235 243 262 299
103 123 144 177 187 203 238 249 269 295
116 128 155 166 182 210 233 253 269 294
112 139 155 168 180 217 230 245 280 293
118 140 153 161 183 209 237 254 274 289
104 126 157 179 184 217 224 260 271 296
101 120 142 168 189 214 238 240 268 299
114 122 156 168 195 200 234 241 267 290
105 130 146 163 190 212 231 254 280 284
107 133 141 175 181 213 233 245 262 294
106 122 140 161 194 213 239 253 266 300
118 129 149 173 197 203 237 242 268 289
119 132 158 164 181 212 228 252 273 281
120 135 149 162 190 203 225 260 279 289
112 121 145 165 187 203 224 245 273 299
120 138 157 161 191 202 233 246 265 298
104 126 145 170 192 213 231 259 277 294
106 138 156 168 185 203 225 251 270 290
116 125 155 170 180 202 233 260 280 300
107 128 159 167 194 218 222 246 269 282
112 124 156 170 193 217 235 242 275 297
117 127 150 166 195 204 232 241 260 287
118 131 142 165 187 204 240 259 264 282
120 135 158 164 189 218 239 248 260 292
112 127 149 179 195 210 234 251 261 289
117 136 149 177 186 208 237 250 266 281
105 120 142 180 196 219 220 256 280 288
110 139 147 169 196 202 230 243 269 291
113 133 156 177 192 200 237 240 261 284
110 135 160 164 192 205 239 251 278 296
116 133 149 167 185 206 225 254 261 296
106 128 146 173 183 204 228 256 272 290
109 136 141 171 188 218 221 244 268 288
120 135 154 161 193 200 225 247 276 296
118 129 150 175 199 212 226 245 261 294
120 121 149 177 182 213 229 255 276 298
108 122 155 177 193 205 239 259 270 287
102 121 147 166 191 214 226 247 270 296
111 121 148 176 180 212 225 244 262 283
101 128 147 180 193 213 237 255 267 296
119 139 146 162 181 219 229 248 265 293
120 125 153 175 191 214 234 252 278 292
118 124 150 180 196 219 239 240 260 290
100 138 145 179 182 217 227 248 264 283
116 131 153 172 182 203 237 259 262 288
109 124 157 164 196 219 232 259 270 291
101 137 157 169 199 213 221 249 271 295
110 137 144 180 187 207 233 240 272 287
104 128 160 174 188 206 230 253 275 299
109 123 159 165 181 219 234 240 270 298
120 140 151 167 192 213 240 249 274 298
101 125 153 176 190 219 238 243 262 294
108 127 142 172 187 208 237 255 280 300
118 124 152 176 189 205 236 242 266 294
2891 3480 4125 4489 5610 5862 6535 6927 7291 8356
3226 3778 4068 4707 5258 6100 6826 7522 7754 8393
1861 2240 2636 3105 3574 3880 4277 4367 4997 5142
4822 5903 6669 7434 8425 9325 10451 11306 12071 13107
5103 6476 7653 8094 9369 10692 11722 12114 13241 14075
5057 6708 8009 8659 9159 10860 11660 12161 13811 14662
2428 2648 3177 3529 4080 4476 5137 5291 5908 6304
3816 4456 4552 5385 5994 6698 7114 7787 8779 9036
1792 2082 2627 2933 3240 3495 3818 4176 4721 4857
4530 5024 5594 6545 6887 8294 8788 9663 10271 11260
4653 6264 7001 7921 8934 9302 10728 11649 12339 13306
1778 1958 2198 2469 2724 3235 3385 3836 3911 4407
4791 5850 6586 7645 8934 9256 10314 11603 12431 13030
1537 1943 2349 2409 2860 3010 3581 3821 4151 4302
1250 1482 1636 1835 2044 2419 2639 2838 3036 3213
1758 2201 2729 2763 3308 3750 3886 4176 4771 4874
1087 1388 1569 1749 1909 2150 2370 2561 2721 2891
3505 4001 4760 5883 6280 6742 7501 8591 9185 9384
2368 2568 2808 3509 3850 4090 4450 5011 5371 6012
4417 5510 5930 7191 7738 8410 9418 10091 11393 12528
1778 2003 2183 2499 2965 3295 3535 3806 4121 4226
3968 4001 4760 5553 6114 6973 7336 8492 8591 9681
4732 6308 6803 7929 8785 9235 10811 11486 11756 13152
4258 4844 5663 6912 7498 8590 8824 9761 10580 11556
2014 2252 2405 3052 3137 3495 4074 4295 4533 4857
2682 3033 3734 4409 4985 5235 5660 6086 6961 7212
4479 5985 6372 7663 7878 9212 9857 10675 11793 12826
2212 2478 2973 3220 3620 3867 4247 4761 4970 5522
3262 4007 4596 5341 6117 6768 7420 7823 8536 9002
2560 3022 3353 3595 4256 4432 4960 5687 5819 6568
3003 3368 4349 4797 5610 5862 6310 6787 7683 8020
2734 3383 4329 4572 4950 5572 6004 7031 7193 7869
2444 2549 2969 3642 4126 4336 4630 5408 5849 6144
5252 5666 6540 8013 9118 9440 10360 11327 12477 13352
1463 1968 2024 2305 2782 3020 3090 3511 3917 4198
2623 3104 3801 3873 4377 5122 5554 6035 6587 6972
4073 4910 5747 6545 6887 7648 8903 9131 10347 11412
2603 2780 3441 3947 4322 4784 5246 5445 5973 6303
5036 6071 6588 7858 8987 10256 10444 11808 12936 14065
4417 5342 6056 7317 7653 8620 9376 10427 11772 12024
4681 5584 6323 6569 7389 8497 9810 10589 10876 12148
5159 5620 6448 7645 8704 9624 10637 11741 12201 13674
4866 5598 6803 7749 7964 9126 9900 10589 11320 12224
1997 2235 2490 2967 3069 3444 4057 4210 4703 5044
3058 3518 3815 4464 5329 5734 6166 6896 7436 7734
2147 2768 3169 3589 3729 4070 4530 4991 5471 5852
3892 5188 5336 6632 6669 7632 8669 9002 9927 10964
1515 1737 2063 2206 2531 2662 3013 3365 3638 3808
4929 5712 6679 7415 8704 9486 10360 11051 12616 13536
4653 6264 6448 7645 8934 9302 11005 11971 12293 13582
4552 5408 6984 7344 8424 9775 10811 10901 12566 13062
2998 3310 3752 4533 5158 5678 5782 6355 6849 7292
2422 3159 3504 4034 4379 4794 5438 5876 6336 6774
3807 5062 5442 6393 6964 7990 8751 9435 9891 11146
3157 3878 4208 4899 5890 6280 6881 7481 8231 8532
4507 6263 7119 8109 8154 9325 10270 11531 11936 13152
2247 2448 2968 3269 3970 4310 4430 5071 5591 5792
4848 6541 6823 8140 9316 10303 10444 12184 12560 13454
1612 1943 2229 2574 2770 3055 3310 3626 4121 4467
4777 5813 6443 7839 8695 9730 10045 11261 12611 13287
4507 6218 7029 7569 8695 9100 10406 11441 11801 12882
5224 6447 7388 8093 9268 10350 10773 11573 13124 13924
3986 4734 5313 5653 6537 7116 8034 8375 9055 10076
3883 4606 5823 6165 7230 8066 8370 9549 10652 10652
4114 4892 5188 6114 6891 7965 8372 9298 9816 11075
5601 6024 7388 7952 9222 10303 11150 11291 12513 13406
3823 4688 5589 6381 6561 7354 8038 9371 9767 10560
3907 5429 6210 6288 7302 8278 9215 10112 10268 11010
4287 5048 6129 6849 7570 8010 8930 10091 11212 11212
4647 5208 6048 6929 7489 8650 9250 9731 11211 11692
1767 2152 2344 2873 3098 3354 3610 3931 4267 4620
5137 5903 6894 7524 8514 9730 10180 10811 12431 13422
2449 2758 3154 3925 4388 4564 5203 5313 5731 6216
1915 2312 2709 2943 3286 3700 4043 4475 4709 5052
1273 1372 1769 1835 1989 2342 2452 2827 2893 3235
2737 3180 3830 4247 4715 5522 5912 6615 7266 7786
4337 4844 5664 6288 7381 8356 8707 9995 10424 10932
4522 5211 6200 7620 8567 9427 9599 10976 11535 12783
4846 5338 6446 6979 8210 8784 9112 10302 10876 12025
2623 3176 3368 3945 4498 4930 5723 5963 6395 6780
1140 1383 1637 1879 2188 2243 2596 2728 2893 3180
3572 3852 4907 5403 5868 6427 7171 7916 8505 9064
2423 2570 3159 3558 3916 4336 4820 5093 5871 5955
3479 3821 4969 5031 5993 6737 7420 7916 8567 8846
5318 5903 6488 8064 8424 9820 9910 11621 11711 13377
1372 1724 1828 2349 2584 2792 3118 3352 3417 3664
3171 3872 4405 4685 5582 6170 6702 6955 7291 8188
2445 2952 3389 4034 4564 4702 5323 5784 6267 6912
2275 2948 3264 3390 4063 4294 4924 5345 5891 5933
1799 2088 2425 2857 3114 3450 3690 3979 4267 4507
2933 3258 3508 4109 5010 5135 5660 6136 6711 7162
5023 5596 6873 7313 8369 9250 10218 11187 11979 12772
4476 5502 5953 7102 7717 8661 9563 10548 11040 11943
2211 2668 2992 3087 3734 3810 4418 4875 5217 5636
4952 6028 6286 7620 8266 8954 10029 10374 11320 12611
3744 4929 5781 6373 6706 7965 8372 9594 10186 10668
5159 6034 6540 8289 8980 9210 10360 11833 12247 13812
5317 6173 7209 7209 8469 9685 10360 11216 12611 13332
2657 3083 3733 4284 4960 5310 5936 6261 6711 7312
2919 3564 4377 4545 5049 5694 6591 6843 7711 8188
3427 3818 4569 4929 5800 6490 6760 7661 8021 8802
3479 4224 4689 5000 5962 6582 7264 7823 8505 8971
3128 3492 4117 4403 4793 5236 6225 6407 7135 7526
4909 5426 6760 6975 8524 8911 9814 10933 11492 12396
3645 4734 5347 5959 6673 7286 8170 8477 9225 10178
4087 4968 6169 7209 7289 8090 9491 9651 11051 11452
1933 2312 2817 3249 3502 3754 4331 4655 4727 5141
4183 4832 5589 6381 6561 7786 8290 8651 9731 10812
1707 2269 2695 2950 3222 3682 3852 4329 4516 5044
5239 6632 7689 8265 9273 10570 11338 12395 13259 13835
2907 3308 3959 4509 4934 5385 5710 6361 6986 7236
5287 6152 7016 8265 8985 10330 11339 12347 13019 13932
1529 1750 2089 2206 2440 2740 3000 3326 3404 3756
4929 6264 6954 7783 8427 9900 10866 11925 12247 13766
5672 6296 7016 8265 9370 9802 11194 11723 13211 14124
4073 5252 5518 6317 7039 7762 9131 9625 10043 11336
2027 2768 3029 3269 3970 4330 4470 5031 5391 5692
2317 2570 3327 3474 3936 4609 4903 5135 5597 6312
3441 4326 5177 5585 6708 7252 8069 8715 9293 9804
4225 4633 5744 6558 7225 7558 8742 9483 10112 10445
4768 5368 5768 6449 7650 8610 9250 10371 10491 11612
2839 3368 3488 4305 4497 5170 5602 6083 6515 7020
1147 1338 1539 1629 1980 2140 2320 2441 2811 2831
5006 5762 6434 7275 8368 8452 9628 10343 11645 12612
3458 3848 4539 5079 5499 6310 7091 7421 7901 8532
5507 6071 6917 8375 9363 10115 10961 11432 12607 13359
2149 2948 2948 3621 4042 4567 4672 5093 5723 6270
3283 3928 4433 4797 5610 5806 6226 7151 7823 7963
5838 6427 7849 8290 9662 10790 11770 12604 12898 14712
1825 2330 2871 3123 3484 3610 4150 4475 4961 5358
1295 1416 1636 1978 2044 2287 2618 2728 2904 3202
1707 2116 2405 2814 3274 3580 4074 4159 4448 4823
3728 3728 4348 5279 5682 6675 7265 7668 8164 9312
1411 1737 2076 2219 2545 2688 3118 3183 3547 3873
1198 1358 1539 1609 1869 2070 2401 2531 2681 2922
5299 6476 7064 8094 9810 10300 11379 12310 13143 13879
5593 6182 7800 8437 9319 10202 11673 12310 12996 13927
3643 4940 5589 6345 6813 7750 8290 9119 9947 10812
1877 2201 2405 3052 3239 3614 3869 4380 4601 4976
5250 6770 7653 8486 9319 9908 11525 11869 13143 14663
3883 5138 6089 6849 7610 8104 9054 9701 10081 10651
4333 5846 6561 6813 7569 8872 9881 10553 11519 12150
3816 4488 4776 5385 6282 6442 7562 8107 8875 9163
2908 3058 3759 4484 4609 5485 5560 6486 6636 7087
1945 2326 2744 3106 3810 3810 4495 4951 5255 5522
4608 5288 5608 6809 7770 8650 9010 10131 10571 11692
2191 2570 2948 3432 3979 4378 4841 5450 5786 6039
2471 2956 3352 3859 4233 4520 5246 5731 6039 6612
2207 2588 3069 3289 3709 4370 4470 4871 5471 5892
1660 1926 2066 2361 2557 3048 3230 3581 3679 3988
3612 4733 5083 5609 6940 7395 7920 9111 9636 10267
4687 5543 6578 7344 8920 9550 10270 11531 12386 13512
2537 2883 3689 4011 4426 4656 5093 5968 6336 6521
3459 3865 4649 5142 5403 6245 6854 7087 8102 8276
2486 2675 3285 3558 3810 4567 5051 5093 5471 6102
2193 2383 2916 3068 3467 4057 4571 4875 5027 5408
3399 3880 4777 5641 5961 6986 7531 7819 8523 9516
2653 3067 3666 3712 4218 4702 5254 5830 6428 6567
5007 6258 7859 8859 9109 10410 11411 12511 13061 14312
4111 4508 5733 6093 6597 7930 8650 9047 9983 10812
4694 5340 6416 7448 8180 9083 9857 10933 11793 12051
5271 6447 6588 8046 8704 9551 10726 11714 12748 13407
1243 1604 1917 2157 2326 2494 2758 2903 3359 3504
3679 4940 5120 6345 6777 7786 8578 8831 10091 10704
1491 1856 2109 2431 2684 2852 3118 3469 3721 4030
3623 4424 5129 5449 5929 6890 7338 8171 8779 9420
3271 4232 4937 5609 6410 6474 7274 7755 8971 9388
2431 3032 3368 3993 4690 5194 5483 5867 6371 6804
4558 5215 5953 6815 7923 8497 9523 10179 10917 11492
1660 1800 2207 2445 2796 2964 3104 3525 3791 4128
3720 3912 4584 5321 5865 6634 7435 7819 8491 9388
4492 5290 5328 6165 7230 8104 8560 9739 9967 10956
1400 1580 1785 1941 2205 2410 2807 2951 3323 3588
2647 3104 3753 3873 4666 4882 5722 6227 6659 7068
3728 4348 4503 5527 5899 6210 7358 7823 8102 9064
4599 5543 6077 6733 7430 8866 9523 10097 10671 12066
2582 3000 3088 3661 4013 4410 5203 5423 6083 6304
1767 2168 2424 2777 2985 3402 3594 4027 4459 4812
4188 4670 5744 6447 6780 7632 8632 9520 9668 10668
4627 5216 6687 7569 7737 9208 10049 10847 11309 11813
5023 5860 6873 7093 8678 9162 10130 11363 12111 12816
5758 6208 7809 8859 9209 10110 11360 12811 13261 14962
4780 5512 6028 6975 8352 9083 9901 10374 11578 12783
4737 5426 6071 7018 8094 8911 10202 11191 11578 12439
5460 5883 7247 8187 8987 9504 10726 11902 12231 14112
3647 4663 5574 6169 6344 7430 7920 8446 9216 9812
2647 3008 3440 3873 4666 5098 5362 5987 6563 7188
4407 5640 6389 7357 8546 8810 9910 11319 11759 12552
1436 1568 1688 1965 2410 2566 2746 2987 3131 3528
1983 2440 2859 3068 3677 4171 4323 4723 5255 5693
5365 6212 6729 7999 8469 10068 11197 11761 13077 13783
5092 6308 6804 8109 8559 9055 10585 10946 12296 12836
4891 6080 6564 7709 8590 9162 10350 10967 11583 12640
2551 3224 3512 4281 4521 5170 5554 6035 6587 7212
4507 5768 6443 8064 8695 9550 10630 11306 12566 13197
2538 2648 3397 3881 4057 4432 4960 5489 5863 6326
1928 2048 2644 2967 3103 3444 3972 4176 4754 4908
4291 5552 6393 6813 7990 8956 9250 10805 11351 12066
4114 5077 5781 6558 7373 7484 8854 9039 9890 10668
2528 2549 3285 3411 4000 4546 4861 5408 5534 6039
4350 5211 6502 7663 8051 9255 9685 10847 11234 12869
1411 1581 1998 2167 2427 2805 3079 3261 3404 3899
1351 1676 1917 1953 2193 2434 2746 3107 3263 3600
4753 5594 6182 6939 7905 9208 9923 10511 11057 12024
3542 4768 4943 6099 6660 7325 8096 8481 9251 10127
2191 2528 3074 3579 3936 4483 5009 5156 5870 6291
3335 4360 4712 5129 6089 6698 7498 7979 8971 9612
4258 5312 5820 6327 7459 7966 8746 10034 10268 11361
2095 2348 2871 3033 3501 3970 4078 4601 4943 5195
4552 5498 6489 7794 8470 9280 10091 11441 11801 12792
2317 2654 3032 3390 4063 4294 4967 5156 5660 6081
5159 6356 6540 7461 9118 9578 10176 11649 12017 13398
2659 3518 3935 4507 4898 5444 6069 6303 6953 7500
3781 4448 5633 6114 6817 8002 8595 9483 10001 11001
2273 3022 3331 3727 3991 4630 5225 5379 5819 6524
2405 2824 3463 3771 4212 4520 4850 5423 5731 6370
4532 5390 6249 6717 7146 8005 9019 9644 10541 10970
4922 5552 6183 6813 8200 8410 9923 10133 11057 12024
3666 4317 4752 5589 5620 6334 7047 7916 8505 9095
4522 5899 6114 7577 7964 8782 9685 11148 11277 12310
5054 6329 6917 8584 9418 10251 11133 12114 12947 14124
3688 4488 4520 5289 6186 6474 7563 7819 8779 9228
4247 5128 6209 7009 7529 8690 9330 9651 11011 11732
1717 2018 2289 2634 2905 3235 3400 3821 3941 4302
4688 4848 5728 7009 7770 8170 9330 9891 11131 11852
2269 2668 2935 3296 3543 3924 4399 4666 5065 5712
3031 3536 4237 5021 5358 5722 6731 6983 7431 7936
5038 5555 6717 6975 8567 9470 9986 10933 11879 12266
3577 4496 5143 5721 6572 6878 7524 8647 9429 9872
5083 6118 7011 8093 8845 9645 10491 11808 13171 13924
2317 2822 3348 3705 4063 4567 4651 5135 5639 5912
2338 2801 3137 3705 4105 4420 4672 5387 5681 6018
1951 2510 2654 3087 3592 3952 4240 4475 4835 5141
3335 4328 4905 5577 6122 6858 7082 7819 8651 9324
5412 6118 6964 7576 9081 9927 11244 11761 13077 13830
2408 2548 2948 3429 3669 4090 4811 5071 5451 5912
1607 2088 2281 2601 2986 3274 3627 3963 4219 4540
2107 2948 3053 3432 3873 4567 4819 5219 5660 6102
4532 5195 5898 6405 7537 7810 8863 9878 10151 11088
5482 5574 7001 7369 8335 9486 10683 11235 12017 13398
4107 4969 6282 6692 7513 8948 9646 9851 10958 11656
5557 6608 7058 9009 9960 10610 11260 12761 13811 14962
1945 2371 2507 2916 3273 3682 3988 4414 4516 5078
1519 1968 2066 2515 2810 2880 3230 3371 3931 4058
2965 3691 4358 5171 5752 6303 6593 6971 7870 8683
2422 2654 3263 3747 4146 4630 5029 5261 5849 6059
2247 2588 3169 3609 3930 4250 4610 4871 5311 5912
4975 6126 7001 7645 8704 9532 10959 11281 12569 13076
2626 2802 3529 3859 4410 4586 4850 5401 6039 6304
1140 1350 1725 1934 2121 2408 2617 2728 3025 3290
5068 5904 7005 7269 8061 9558 9866 10835 11451 13168
1477 1814 2207 2529 2641 2936 3118 3455 3679 4198
2247 2768 3109 3249 3609 4150 4530 5031 5431 5712
4327 5128 5808 7129 7609 8810 9531 10051 10731 11612
3228 3536 4321 4825 5105 5834 6282 7067 7291 8356
2528 2738 3369 3369 3915 4525 5029 5429 5765 6080
4020 4632 5211 5891 6503 7218 8034 8851 8919 9667
2908 3358 3884 4309 4509 5310 5986 6036 6536 7412
2807 3433 3959 4509 4959 5385 5760 6511 6986 7111
5436 5988 6494 7967 9118 9762 10222 11511 12293 13306
1476 1659 1828 2271 2545 2831 2883 3235 3573 3808
3607 4868 5192 5913 6633 7282 8651 9119 9803 10632
5397 6525 7260 8731 9663 10398 11182 12702 12849 14026
2867 3466 3830 4169 5132 5444 6016 6615 7109 7630
1507 2003 2198 2709 2920 3235 3505 3701 4121 4377
2368 2788 2928 3609 3609 4210 4670 4891 5391 5812
1533 1884 2038 2487 2810 2824 3244 3385 3917 4170
1435 1814 2010 2263 2628 2810 3231 3637 3819 4072
5692 5937 7064 8437 9369 10055 11280 12604 12751 14467
2722 2998 3666 3919 4310 4679 5254 5876 6244 6567
2807 3283 3984 4359 4659 5285 5735 6461 7011 7086
1168 1208 1599 1689 1809 2060 2411 2611 2641 2962
4448 4633 5447 6336 7299 8039 8187 8965 9779 10853
3463 4328 4648 5225 6122 6794 7691 7819 8843 9036
1877 2303 2405 3001 3188 3410 4074 4142 4771 4976
4597 6308 6308 7884 8650 9910 10090 11171 11981 12702
1184 1537 1637 1868 2044 2386 2441 2805 2893 3213
4532 4727 5663 6717 7537 7966 9371 9683 10307 11205
2506 2864 3369 3642 4125 4525 4987 5240 5639 6101
3752 4168 5001 5449 5865 6986 7659 8331 8491 9067
3312 3620 4461 4657 5330 5750 6198 6927 7627 7992
2097 2307 2973 3315 3810 4133 4209 4818 5274 5617
4543 5804 6224 6981 8410 9082 9880 10301 11435 11855
3239 4232 4648 5577 5897 7018 7595 7723 8427 9036
1799 2104 2296 2697 2921 3338 3835 3867 4331 4684
4148 4928 6405 6651 8005 8210 9030 10097 10917 11697
3883 4666 5211 5959 6674 6844 8068 8749 9021 9872
3645 4088 5381 5993 6708 6810 8035 8817 8919 10008
4627 5678 6729 7359 8157 9166 9754 10931 11729 12317
2632 3358 3758 4259 4759 5060 5935 6511 6886 7387
4640 5256 5748 7266 8005 8989 9194 10589 10958 11902
2857 3083 3583 4484 4759 5010 5961 6236 6811 7487
4754 5300 6687 6939 8074 8578 9797 10091 11183 11982
2060 2168 2745 3159 3484 3862 3988 4403 4781 5394
5183 5768 6804 7479 8875 9685 10631 11081 11801 12882
2427 2714 3529 3573 4344 4828 5158 5533 5929 6590
3818 4448 5818 6151 6966 7965 8187 9076 9964 10557
1047 1258 1509 1609 1930 2140 2401 2541 2711 2902
1375 1544 1700 2097 2265 2566 2782 2975 3359 3456
5200 6168 6961 7401 8325 8810 10438 11231 11803 12551
3127 4028 4719 5349 5589 6100 7181 7721 8171 8832
1407 1744 2179 2417 2726 2866 3090 3623 3651 3946
1896 2040 2328 2729 3130 3290 3578 4075 4363 4748
4220 4796 5084 6093 7102 7678 8038 8975 9443 10164
2067 2808 2968 3529 3909 4370 4650 5071 5591 5972
1843 2320 2627 2950 3171 3427 3971 4193 4550 5061
4024 4883 5546 6873 7068 8200 8590 9839 10619 11517
3505 4166 5058 5520 6445 6775 7766 8162 9020 9681
2950 3680 3896 4599 5167 5788 6167 6491 7031 7734
3463 4072 5065 5353 6282 6474 7114 8203 8555 9260
2027 2748 3069 3249 3609 4030 4510 4971 5531 5972
1291 1472 1869 2025 2253 2554 2782 2987 3275 3612
1118 1449 1570 1923 2089 2276 2530 2651 3015 3114
3802 4298 4859 5784 6544 6676 7633 8492 8921 9714
3397 4058 4779 5199 5680 6040 6880 7241 8021 8772
1607 1976 2296 2825 3194 3514 3690 3963 4315 4716
4063 5195 6249 6717 7771 8512 8941 9995 10346 11322
5159 5896 6909 7829 8381 10130 10498 11235 12063 13720
1775 2388 2729 2984 3359 3648 4005 4312 4703 4805
3401 3923 4068 4881 5520 5839 6652 7058 7551 8625
4147 4364 5553 6453 7066 7894 8470 9299 9479 10415
3049 3622 3934 4663 5105 5210 6016 6485 7265 7786
5157 6208 7609 8709 9660 10510 11060 12411 13711 14312
1197 1358 1568 1679 2000 2160 2390 2601 2651 2972
4929 5574 7231 7369 8381 9762 10176 11465 12707 13582
2002 2440 2839 3182 3753 3981 4456 4856 5255 5484
3367 3968 4238 5079 5860 6610 6700 7601 7871 8652
2560 3022 3419 3573 4035 4696 5004 5709 5951 6215
5224 6494 7294 8281 8798 10068 10726 11526 12701 13877
4107 5748 6487 7348 8210 8866 9440 10138 11081 11491
2842 3680 3923 4680 5302 5518 6491 6788 7058 7950
2491 2883 3413 3896 4495 4679 5116 5968 6221 6682
1719 2136 2248 2617 2889 3274 3707 4059 4347 4700
4374 5151 5336 6262 6706 7558 8743 9261 9964 10816
4953 5469 6243 7706 8007 9427 9470 11105 11492 12439
5527 6344 7256 8553 9466 10282 10714 12251 13115 13691
1284 1460 1681 1857 2033 2397 2463 2728 2904 3169
5741 6672 7162 8241 8976 10153 11329 12457 13731 14222
3744 5151 5855 6262 7373 7706 8705 9187 10149 10927
4501 5762 6561 7233 7779 8578 9923 10805 11015 12150
4855 5912 6968 8169 9562 9658 11531 12395 12491 14124
4728 5128 6329 6689 7529 8650 8850 9651 11211 11892
2607 3570 3778 4169 5028 5600 6043 6407 7109 7526
4375 5117 6093 6444 7732 8200 8902 10034 10190 11595
2792 2984 3729 4233 4449 5242 5362 5795 6707 6900
2493 2912 3154 3639 4278 4828 4850 5577 5907 6304
2078 2630 2706 3239 3601 4095 4285 4685 5160 5332
4436 6028 6889 7706 7921 9169 10331 10632 11535 12223
4127 4808 5969 6849 7850 8010 9171 9811 10571 11252
4522 5469 6502 7276 8051 8610 9599 11148 11750 12740
3313 3865 4359 4881 5490 6100 6448 7319 8044 8364
3507 4558 4908 6309 6344 7010 7921 8656 9216 10372
1945 2371 2541 2797 3393 3580 3988 4142 4669 4891
3463 4424 4488 5161 6090 6826 7082 8011 8875 9420
1979 2388 2388 3018 3308 3648 4005 4312 4550 4873
5363 5498 6398 7209 8425 9055 10586 11531 12026 13062
5152 6672 7064 8045 8878 10496 11133 12702 13388 13879
4394 5051 5830 6856 7512 8743 9194 9851 11451 12066
5365 6353 7152 8234 9033 10209 11008 12137 12748 14065
2623 3008 3488 4233 4665 5218 5674 6251 6587 7092
1639 2184 2248 2713 2969 3226 3739 4139 4315 4716
1137 1408 1609 1799 1979 2200 2280 2561 2631 2951
1385 1646 1880 2232 2558 2701 3027 3183 3573 3691
5908 6358 7709 8559 9309 10360 11260 12661 13111 14212
2059 2402 2821 3372 3753 3829 4533 4590 5008 5503
5624 6056 6824 8457 8793 9946 11003 12107 12779 13644
4823 5168 6286 7319 8050 9470 10029 10632 11879 12525
5576 5960 7641 8649 9129 9994 11194 12155 12827 13499
2128 2696 3117 3684 3937 4399 4756 5156 5849 6123
2647 3248 3801 4017 4762 5122 5530 6035 6443 7020
3139 3437 4329 4572 5193 5869 6220 6896 7301 7733
3604 4286 4534 5186 5962 6706 7047 7761 8164 8878
3895 4796 5661 6237 6741 7390 8182 8831 10019 10164
1140 1350 1593 1802 2034 2210 2585 2651 2971 3114
1306 1383 1636 1989 1989 2232 2607 2860 3058 3102
1912 1944 2361 2825 3018 3242 3787 3899 4235 4540
1206 1328 1703 1989 2044 2276 2618 2816 3091 3202
2114 2456 2745 2925 3556 3772 4204 4529 4961 5123
3679 4616 5192 6093 6886 7894 8615 8795 9875 10416
1507 1958 2259 2484 2815 3100 3536 3836 3986 4332
2782 3033 3533 4034 4835 5285 5535 6211 6711 7512
3967 5048 5300 6237 6525 7822 8470 9155 9911 10704
2896 3788 4086 4869 5194 5437 6112 6734 7139 7815
3855 4781 5448 6188 7373 7595 8706 9298 9668 10446
2287 2668 2908 3429 3729 4410 4490 4891 5271 6012
2227 2748 3109 3289 3649 4270 4490 5191 5291 5832
1894 2269 2576 2780 3325 3716 3767 4091 4618 4908
3643 4580 5156 6021 6706 7822 8255 9191 9479 10344
1582 1913 2289 2664 2965 3175 3385 3821 4091 4241
2560 2780 3529 3925 4167 4498 5136 5357 6039 6348
3143 3704 3928 4797 5246 6142 6254 6871 7711 7964
3355 4317 4565 5496 5992 6396 7357 7916 8691 8815
4879 5888 6645 7149 8368 8536 10006 10301 11729 12065
4651 5469 6846 7061 8007 9255 9900 10632 11750 12396
2737 3180 4091 4247 5184 5236 5886 6355 7057 7474
3167 3410 4167 4464 5004 5464 6329 6653 7085 8112
4417 5342 6267 6855 7990 8998 9629 10091 11604 11898
4414 5312 6171 6405 7302 8278 8746 9995 10931 11556
1037 1398 1438 1719 1909 2180 2411 2481 2751 2882
4448 5003 5744 6595 7187 7521 8446 9446 9927 10816
1272 1537 1769 1769 2177 2419 2540 2805 2893 3224
3543 4768 5279 5721 6504 7388 7592 8613 9055 9974
3085 3437 3977 4842 5085 5464 6166 6680 7571 7815
4336 4727 5585 6483 7068 8239 8707 9800 10815 11361
5250 6084 6868 8192 9810 10692 11722 12065 13241 13732
5201 6721 7751 8535 9270 9908 11526 12163 13339 14075
3968 4562 4991 5718 6378 7171 7732 8030 8987 9912
3883 4834 5670 6773 7458 7876 8788 9397 10271 11108
2983 3158 3633 4209 4534 5360 5610 6236 6636 7162
2532 3058 3533 4359 4835 5010 6011 6286 6661 7037
4648 4848 5648 6969 7730 8690 8850 9771 11211 11932
5839 6574 7555 8192 9663 10545 11771 11869 12947 14467
3907 4688 6132 6561 7693 8551 9176 9839 10385 11439
3217 3668 4539 5169 5620 6490 6670 7781 7991 8622
5507 6494 7294 7529 9081 9645 10632 11385 13030 13877
4411 4744 5447 6003 6928 8113 8335 8965 9964 11075
3293 3728 4907 5403 5993 6830 6830 7513 8660 9126
3441 4224 4904 5993 6300 7014 7626 8171 9396 10178
3495 4232 5001 5641 6410 6538 7050 7787 8683 9036
4301 5176 5328 6165 7458 8066 9055 9359 10081 11032
3728 4162 4441 5310 5900 6365 7140 7668 8474 9064
1400 1676 1772 2109 2205 2410 2746 3011 3215 3504
5200 5420 6300 7181 8149 9470 9998 11319 12287 12816
5006 5090 6098 7065 7737 8788 9544 10259 11477 12444
2107 2948 3369 3369 4126 4609 4672 5282 5828 6249
4552 5543 6939 7524 8650 9145 10811 11711 12476 12702
2835 3676 4068 4965 5498 5806 6731 7123 7487 8188
4791 5712 6632 8289 8795 9716 11005 11925 12707 13444
1767 2184 2505 2665 2953 3386 3787 4091 4235 4700
2671 3344 3729 4329 4545 4858 5458 6179 6299 6972
4367 5448 6129 6609 7569 8650 9130 10331 11051 11411
1267 1448 1785 1929 2338 2482 2735 3083 3179 3408
2737 3206 4065 4325 4793 5574 6173 6485 7161 7786
5413 5836 6871 7670 8846 9598 10397 12090 12278 13689
3003 3872 4209 4573 5105 5722 6338 7291 7543 8188
3744 4448 5892 6484 7077 7780 8150 9039 9779 10964
4075 4904 5409 6417 6525 7246 7930 9155 9947 10164
4669 5258 6645 6729 7569 8452 9334 10847 11771 12528
1816 1944 2264 2633 3066 3402 3562 4059 4251 4764
1561 1716 2066 2515 2740 3062 3244 3511 3665 4044
2445 3205 3343 4011 4495 4955 5185 5968 6175 6797
4367 5568 6168 6809 7890 8690 9330 10371 10611 11812
1303 1544 1700 1965 2338 2446 2723 2903 3227 3456
5168 5727 6889 7319 8394 8782 9943 10933 11879 12783
5160 6034 6448 8151 8381 9532 10268 11419 12431 13076
4087 4848 5769 6409 7530 8210 8971 10051 10852 11612
2275 2717 3348 3432 4105 4609 4946 5387 5492 5891
3637 4232 5091 5718 6379 7270 7435 8228 8987 9450
4327 5568 5888 6729 7529 8050 9491 9851 11131 12012
4640 5707 6323 6938 7430 8825 9810 10343 10999 11943
4292 4436 5697 6201 6633 7714 8398 9371 9839 10379
2422 2791 3228 3919 4172 4886 5093 5922 6267 6774
1702 2108 2379 2409 2754 3070 3521 3716 3911 4467
3511 3728 4814 5217 5744 6396 7358 7544 8226 9126
1317 1548 1691 1956 2121 2408 2485 2684 3025 3257
2330 3044 3320 3942 4541 4840 5508 5853 6244 6889
1491 1940 1982 2277 2726 2908 3132 3567 3819 3974
2896 3464 4005 4356 4977 5518 6275 6734 7301 8058
5390 5620 7185 8243 8381 9256 10591 11373 12385 12892
3892 4559 5262 6225 7336 8113 8335 9224 10186 10557
3538 4265 4727 5355 6478 6676 7270 8360 8756 9384
4138 4803 5469 5609 6519 7010 8200 8901 9566 10057
4922 5300 6477 7527 7905 9208 9712 10847 11225 11897
4207 5008 6048 6929 7850 8810 9410 10291 10571 11732
5113 5804 6586 7875 8980 9854 10360 11143 12155 13490
1567 1853 2319 2559 2935 3265 3565 3821 4151 4452
1799 1992 2296 2841 3130 3498 3578 3995 4299 4588
1239 1405 1703 1857 2077 2309 2651 2827 3058 3279
3783 4424 4808 5449 6249 6666 7594 8171 8555 9580
1197 1388 1538 1739 1929 2170 2390 2551 2731 2971
2468 2906 3482 3804 4334 4610 5232 5554 6290 6774
5672 5912 7449 8169 9177 10282 11338 12347 12731 14028
3507 4383 5153 6204 6835 7430 8060 8936 9741 9881
2788 3680 4032 4491 5329 5545 5977 6599 7139 7707
3197 3633 4242 4823 5810 6390 6564 7319 7841 8509
2893 3232 4091 4481 5106 5704 5756 6485 6771 7292
3397 4058 4418 5349 5890 6460 6730 7331 8051 9012
4256 4328 5697 6021 6958 7282 8002 8939 9767 10524
1642 2093 2108 2694 2995 3250 3520 3866 4046 4286
2273 2824 3353 3661 4300 4542 5136 5665 6127 6260
2247 2548 2848 3389 3769 4130 4470 5131 5591 6012
3399 4424 4616 5481 6250 6890 7595 7755 8619 9164
2560 2846 3485 3529 4256 4542 5269 5621 5797 6480
4307 5426 6631 7620 7749 9427 9901 10331 11277 12095
2671 3128 3681 4185 4714 4978 5530 5843 6371 6996
5287 6632 7016 7833 9466 10186 10714 12299 13115 14220
3399 4136 5065 5289 6282 7050 7306 7723 8491 9420
5224 5836 7200 7623 9128 9692 10585 11291 13172 13877
1912 2048 2457 2729 3069 3495 3989 4278 4516 4823
5407 6858 7208 8559 9009 10310 11861 12261 13211 14112
5152 6868 7800 8780 8878 10202 11525 12261 13094 14369
5545 6672 7408 8437 9320 9810 10839 12408 12947 14124
1411 1802 1933 2167 2558 2675 2922 3131 3639 3717
2514 3067 3643 3804 4310 4840 5162 5692 6198 6820
4682 5379 6159 6692 7594 9030 9235 10015 10671 11902
5908 6608 7108 8359 9310 10060 11060 12361 14012 14462
1228 1460 1603 1824 2122 2419 2529 2816 2981 3268
3784 4232 5001 5609 6218 6602 7146 7755 8843 9324
1561 1688 2038 2333 2614 2824 3202 3497 3918 4212
4337 4448 5410 6595 7188 7706 8372 9298 9742 10446
1554 1646 2089 2297 2466 2857 3000 3391 3456 3899
2353 2906 3251 3873 4380 4909 5508 5922 6175 6843
4336 4966 5743 6669 7335 7780 8853 9446 10075 10926
4035 5062 5632 6697 6925 8370 8864 9131 10233 11184
3194 3653 3896 4734 5139 5464 6112 7004 7436 8085
3997 5024 6089 6811 7458 7952 8408 9207 10385 10994
2842 3329 4059 4869 5356 5572 6139 7031 7355 7652
4565 5684 6114 7233 8309 9427 9944 10503 11492 12224
2908 3333 3633 4309 4509 5385 5986 6111 6711 7087
1751 2088 2328 2569 3098 3386 3706 3899 4443 4796
3682 4278 5294 5609 6765 7535 8096 8551 9461 10302
2014 2116 2678 2950 3205 3512 3869 4431 4584 5027
4583 5904 6785 7181 8018 8854 9822 11055 11627 12508
4585 5804 6561 6729 8284 8788 9418 10637 11393 12192
2014 2184 2439 2831 3155 3614 3904 4142 4431 4840
3577 4734 5449 6061 6537 7150 7864 8851 9225 10144
1522 1958 2123 2634 2769 3010 3581 3671 4212 4482
2031 2320 2593 2865 3342 3529 3886 4227 4601 4788
2383 2648 3397 3815 4256 4410 5181 5423 5819 6304
2950 3437 4248 4383 5275 5869 6058 7004 7031 7869
1763 1928 2138 2514 2844 3265 3400 3866 4061 4497
1568 1646 1854 2232 2597 2636 2870 3365 3391 3834
2040 2649 2935 3068 3620 3943 4285 4571 5236 5617
3037 3818 4509 4959 6010 6580 6910 7241 8351 8412
5720 6536 7352 8553 8745 10474 10762 12203 12683 14316
4255 5048 5120 6489 7101 7678 8254 9155 9983 10740
1228 1427 1659 1967 2011 2287 2518 2871 3036 3102
3892 4278 5329 5784 6870 7640 8341 8551 9566 10127
3247 4058 4689 5049 5770 6400 6820 7511 7961 8712
4488 5128 6409 6969 7490 8010 8850 9771 10651 11372
3527 3976 4873 5353 6378 6634 7050 7883 8587 9036
1945 2478 2859 3163 3639 4171 4495 4780 5141 5465
1996 2303 2592 2797 3393 3563 3937 4363 4703 5010
4653 5620 6955 7553 8612 9348 10959 11833 12707 13398
4688 4805 5741 6717 7263 8395 8707 9917 10658 11088
5152 5888 7800 7849 9761 10594 11771 11918 12996 14712
4271 5174 6446 6979 8210 8866 9276 10015 11081 11491
2445 2998 3689 4034 4610 4955 5323 5807 6037 6589
3431 4328 4552 5737 6410 6762 7530 7787 8843 9324
4627 5948 6432 7753 8017 8810 10087 10571 12332 12684
1007 1258 1549 1719 1930 2100 2280 2411 2791 2912
1687 2018 2394 2514 2799 3265 3580 3896 4061 4392
5407 6658 7709 8059 9910 10810 11510 12761 13811 14712
3386 3914 4969 4969 6024 6551 7171 8040 8319 8722
3488 4058 4388 4869 5800 6100 6730 7451 8321 8442
2606 2791 3435 4034 4610 4656 5392 5968 6428 6797
3966 4633 5855 5929 7299 7595 8187 9446 10075 10631
4808 5248 5768 6929 7930 8490 9370 10331 11011 11772
3542 4007 4721 5000 5993 6365 6892 7854 8071 8940
2388 2668 3129 3549 3909 4230 4450 5151 5431 5932
2629 3113 3412 4103 4449 4840 5185 5784 6244 6567
3023 3206 3987 4325 5080 5730 6225 6641 7057 7343
1825 2348 2709 2997 3394 3610 4151 4691 5034 5088
3666 3976 4596 5248 5962 6210 7358 7947 8133 8940
4883 5666 6955 7507 8934 9486 10176 11419 12477 13398
1519 1940 1968 2291 2726 3020 3328 3525 3889 4142
5201 6182 7849 8290 9761 10447 11280 11918 12800 14565
1195 1548 1747 1780 2166 2221 2474 2651 2981 3213
2971 3648 3752 4325 5028 5600 5886 6615 6979 7630
2632 3483 3533 4459 4784 5085 5961 6386 6936 7212
1688 1814 2235 2403 2529 2936 3370 3651 3917 4071
3784 4200 4744 5193 6346 6538 7338 8203 8363 9164
5431 6584 7016 8649 9034 9802 10858 12251 12683 13451
2607 3258 3726 4559 5132 5678 5782 6485 7187 7344
3985 4734 5415 5925 6231 6980 7762 8851 8919 10212
3715 4400 5192 6057 6994 7822 8182 8903 9371 10524
2353 2791 3320 3896 4564 4909 5139 5853 6267 6682
1147 1368 1428 1749 1950 2160 2220 2441 2791 2962
5307 6558 8009 8209 9510 10260 11310 12161 13661 14962
4167 5408 5849 6649 7450 8330 8970 10051 10771 11572
2067 2588 2868 3409 3870 4230 4430 4951 5451 5792
4151 4892 5781 6558 6965 7410 8520 9298 10075 10631
4312 5666 6282 7061 7430 8333 9523 9851 11492 11533
3548 4178 4328 5379 5469 6070 6880 7241 7991 8502
3670 4001 4727 5850 6148 6610 7634 8162 8954 9450
2648 2670 3397 3617 4123 4740 5092 5577 6105 6282
3645 4496 5449 6027 6606 6980 8137 8409 9055 10042
1320 1724 1946 2167 2493 2740 2922 3274 3625 3808
1027 1378 1428 1639 1970 2040 2341 2451 2611 2932
5244 5376 6829 7753 8589 9338 10570 11143 12243 12551
4141 5000 5859 6678 7771 8278 8980 9371 10892 11166
3303 4360 5097 5609 6410 6570 7690 8299 8971 9035
4447 5048 6209 6849 7409 8810 9410 9971 10891 11692
2789 3258 3935 4585 5002 5470 6016 6485 7265 7578
1228 1339 1559 1901 2111 2342 2607 2684 3069 3312
4957 5993 6353 7704 8199 9775 10180 11306 12251 13467
1688 1842 2221 2501 2782 3034 3188 3539 3889 3973
1751 2104 2376 2697 3210 3450 3546 4155 4443 4748
3671 4100 4694 5718 6214 6676 7436 7931 8955 9318
4951 5816 7689 8457 9274 9946 11050 12155 13259 13836
2078 2516 2801 3277 3486 3962 4285 4875 5331 5484
1807 2312 2546 2997 3610 3628 3988 4691 5016 5232
3645 4190 4973 5755 6640 6912 7728 8375 9327 9702
5908 6508 7659 9009 9609 11010 11310 12661 13261 14011
5168 5555 6329 7276 7878 9341 9900 10632 11363 12611
4567 5448 6289 6449 7449 8810 9610 10291 10531 11852
2254 2696 3285 3726 3936 4588 4735 5324 5891 6249
3113 3329 3869 4437 5031 5923 6220 6680 7409 8112
3921 4758 5747 6545 6963 8066 9017 9663 10233 11336
1522 2018 2123 2589 2845 3085 3581 3776 4136 4377
2647 3176 3825 3849 4690 4906 5458 6083 6299 6756
2833 3133 3909 4034 4760 5160 5685 6136 6786 7012
4608 5641 6028 7577 8438 9470 9771 10847 11578 12568
3857 4313 5224 5924 6414 7325 8341 9111 9461 9952
3578 3818 4358 4959 5469 6490 6670 7661 8291 8622
3367 3880 5001 5161 6090 6474 7691 7915 8587 9484
4207 4808 6289 6889 7569 8210 9571 9971 10971 11892
2040 2440 2820 3410 3448 4076 4361 4875 5008 5617
3157 3878 4539 5049 5559 6400 6760 7601 7841 8862
1352 1532 1845 2037 2218 2434 2698 2975 3203 3456
3207 4488 4744 5193 6090 7018 7306 8235 8907 8971
2695 3152 3609 4233 4401 4858 5651 5915 6323 7164
5083 5883 6729 7952 9128 10068 10444 11902 12701 13642
5036 6541 7388 7529 8799 9598 10538 11667 12701 13501
3707 4707 5633 6373 6706 7447 8854 8965 9853 10668
2296 2927 3158 3390 4104 4588 5050 5471 5870 6101
3542 4733 4943 6204 6625 7290 7780 8866 9146 10407
2607 3308 3934 4484 4760 5060 5635 6011 6711 7287
1907 2668 2801 3315 3791 4019 4266 4761 5122 5389
1339 1472 1869 2049 2265 2638 2686 3119 3311 3383
2815 3356 4167 4734 5383 5950 6301 6734 7220 7815
3855 4670 5522 6410 7225 7558 8335 8928 9742 10779
3102 3466 3700 4663 4949 5522 6068 6563 7109 7473
1117 1218 1428 1729 1819 2180 2331 2511 2721 2952
1533 1912 2080 2333 2683 3034 3328 3539 3777 4184
2891 3452 4293 4825 5190 5862 6170 6955 7683 8048
3787 4652 5336 5769 7174 7390 8651 8975 9659 10524
5095 5816 7017 8553 9610 10042 10570 11531 12539 13788
2607 3310 4039 4611 4715 5548 5782 6589 7239 7682
4957 5678 6759 7524 8650 9595 9910 10946 11891 12702
4035 5214 5937 6393 6887 8104 8370 9587 10233 10804
1529 1659 2050 2141 2597 2779 2909 3170 3482 3678
2792 2936 3440 3969 4690 4882 5627 5843 6443 6732
4377 4796 5975 6203 7420 8294 8788 9169 10233 11146
2515 2956 3330 3595 4410 4410 5247 5643 5863 6480
1463 1711 1945 2310 2506 2727 2870 3131 3625 3847
5479 6248 7689 8553 8841 9994 11386 12395 13163 13883
2869 3680 3815 4410 5005 5491 6167 6707 7139 8058
4722 5584 6528 6938 8128 8374 9604 10097 10876 11573
3527 4296 5033 5225 6154 6922 7210 8011 8747 9292
1542 1776 1867 2089 2493 2870 2935 3287 3430 3886
2737 3596 4091 4637 4949 5626 5808 6719 6875 7604
2983 3258 3934 4084 4960 5410 5535 6061 6811 7387
3200 3424 4068 4769 5217 5778 6703 7291 7431 7908
4476 5584 6446 6610 7676 8579 9810 10015 11368 11984
1655 2248 2392 2665 3146 3514 3642 3947 4171 4812
2187 2428 3209 3249 3769 4410 4711 5071 5351 5792
5607 6158 7759 8959 9459 10710 11110 12661 13311 14812
3542 4488 5118 6204 6449 7430 8165 8901 9461 10407
4102 4922 5663 6912 7498 8005 8942 9839 10307 10971
2449 3022 3419 3617 4123 4828 4872 5643 6171 6215
1228 1548 1658 1857 1989 2342 2640 2739 2893 3279
3946 4922 5976 6873 7420 7849 9176 9761 10268 11127
1047 1278 1609 1619 1900 2020 2391 2411 2621 2882
1997 2235 2541 3018 3205 3716 3852 4142 4533 4993
1800 1928 2377 2713 2954 3466 3530 3899 4267 4716
3004 3761 3950 4410 5194 5491 5950 6815 7247 8112
5068 5464 6388 7929 8193 9646 9910 10571 11979 13212
1162 1504 1559 1879 2210 2364 2452 2684 2904 3235
1385 1737 1880 2193 2362 2714 2883 3261 3652 3730
2919 3648 3856 4169 5132 5366 6068 6589 7239 7734
1351 1640 1832 2073 2265 2578 2746 3083 3371 3443
2888 2984 3753 4329 4449 5050 5506 6011 6587 7020
4476 5379 6528 6651 7923 8292 9030 10589 10999 12025
5252 5528 7001 7369 8704 9670 11005 11143 12017 13536
1387 1640 1784 2157 2205 2470 2662 2975 3299 3612
4558 5092 5830 6815 7594 8661 9605 10261 10671 12230
2528 2633 3369 3726 4105 4609 4966 5050 5555 6207
4597 5813 7164 7479 8289 9820 10540 11666 11891 13467
1449 1800 2207 2403 2613 3034 3202 3539 3721 3946
3368 3480 4237 4965 5273 5666 6366 7151 7571 8132
2734 3383 3951 4788 5113 5707 6167 6734 7058 7707
1450 1737 1998 2349 2440 2610 2935 3196 3625 3847
4568 4910 5595 6621 6963 7648 8408 9131 10385 11222
2360 2927 3075 3369 3789 4378 5009 5072 5471 5997
2212 2927 3137 3453 4147 4399 4988 5135 5828 6186
1138 1208 1408 1809 1819 2020 2321 2541 2611 2852
1162 1537 1570 1879 2110 2276 2651 2838 3080 3135
4607 5488 6088 7129 7770 8730 9090 10091 10691 11451
3139 3572 4140 4653 4869 5950 6355 6491 7328 8031
3439 4628 4793 5388 6246 6874 7766 8525 9086 9450
1272 1493 1559 1945 2022 2353 2584 2772 2992 3235
2816 3200 3705 4137 4545 5002 5650 6179 6347 6779
2647 3080 3416 3897 4426 4930 5675 6179 6251 6852
3113 3707 4004 4572 5167 5653 6193 6680 7166 7923
2659 3648 4039 4299 4689 5548 6016 6719 7031 7552
1589 1702 2024 2459 2768 3062 3174 3553 3931 4030
3670 4463 4992 5718 6577 6907 7732 8327 8591 9417
4149 4796 6051 6165 6963 8332 8370 9777 9891 10994
1848 2072 2393 2713 3066 3258 3658 3931 4283 4796
3505 4397 4727 5916 6280 6841 7832 8360 8690 9285
5790 6084 7604 8388 9270 10398 11329 12359 13045 14418
1167 1318 1589 1789 1980 2140 2400 2471 2761 2891
4340 4644 5899 6165 6963 7762 8484 9777 10157 11146
4694 5641 6631 7448 8266 9384 9513 10632 11449 12353
3921 4910 5709 6241 7572 7762 8370 9397 10652 10956
1568 1763 1919 2102 2375 2740 3053 3144 3482 3834
3168 4039 4213 4707 5229 6245 6913 7522 7551 8335
4795 5384 6477 7485 7989 8662 10007 10091 11561 12276
1437 1724 2037 2349 2492 2792 3078 3170 3469 3808
5143 6248 7593 8409 9129 9802 11194 12203 12587 14124
3929 4744 5411 6299 6669 7410 8298 9372 10224 10890
2858 3208 3558 4184 4760 5510 5535 6061 6986 7387
5383 6584 6728 7689 9418 10474 11531 11627 13403 13451
4929 6402 6816 7461 8565 10130 10360 11051 12615 13766
4173 4733 5539 6029 6624 7535 8060 9076 9146 10512
1398 1776 2011 2206 2545 2844 3131 3248 3508 3703
1912 1960 2457 2729 3065 3482 3754 3915 4315 4796
3031 3491 3950 4329 5356 5869 6220 6842 7112 7653
2907 3836 4504 4649 5433 5955 6535 7551 7696 8538
2078 2554 2859 3106 3582 4171 4361 4628 5065 5465
2388 2448 2948 3569 3990 4230 4550 4851 5231 5692
2575 3224 3368 4281 4377 5290 5602 5795 6587 7020
4073 5062 5861 6279 7191 8142 8712 9625 10423 11374
5039 5770 6286 7233 7921 9298 9987 10374 11492 12052
1987 2276 2817 3069 3610 3682 4313 4475 4979 5304
3479 3945 4472 5496 5838 6799 6892 7575 8195 9219
2149 2927 2948 3621 3852 4546 4819 5219 5681 6228
3307 3968 4298 4929 5800 6370 7181 7661 7991 8562
2599 3176 3368 3849 4666 5098 5530 6179 6707 6876
5299 6819 6917 8584 8927 10790 11280 12457 13486 14026
2405 2934 3220 3573 4124 4498 5115 5533 5885 6392
1751 2168 2521 2681 3081 3338 3706 4075 4395 4748
2528 2801 3011 3726 4210 4378 4987 5177 5513 6207
1815 2184 2505 2601 3033 3418 3674 4171 4187 4540
2652 3090 3481 4103 4564 4633 5484 5876 6175 6682
1207 1640 1845 1929 2241 2542 2698 3059 3335 3576
5191 5864 7689 8025 9274 10330 10666 12011 12491 13452
5182 6173 7164 7794 8784 9685 10045 11711 12521 13151
1688 1898 2207 2445 2585 2922 3343 3385 3861 4029
3688 3912 4905 5385 5865 6890 7531 8331 8491 9196
4688 4844 5819 6327 7537 8395 9097 9839 10190 11712
5363 5543 7164 7299 8334 9325 10676 10946 11756 13512
5480 5768 6824 8553 9370 9706 10570 11531 13019 14028
3608 3848 4388 5049 5980 6250 6910 7361 7991 8682
3284 3788 4012 4713 5358 5750 6731 6759 7375 8244
4300 5188 5596 6299 6817 7817 8520 9076 10038 10816
3893 4593 5049 5749 6625 7045 7815 8446 9707 9917
2233 2528 3306 3516 3831 4630 4651 5114 5681 6144
5205 5850 7369 7921 8749 9348 11005 11787 12109 13536
3611 4496 4870 6027 6299 7150 8103 8205 9497 9940
1627 2078 2183 2679 2709 3145 3460 3641 4181 4497
4517 5010 6446 6774 7553 8251 9358 9933 11163 12271
4570 4883 5897 7029 7341 8278 9175 10034 10892 11712
3929 4744 5262 6632 6780 7669 8446 9483 10149 10372
2269 2402 2820 3258 3791 4000 4571 4742 5198 5464
3736 4298 4826 5751 6114 6907 7270 8228 9152 9780
1243 1628 1844 2085 2169 2590 2866 3011 3371 3600
3197 3488 4417 4794 5607 6332 6884 7435 7551 8596
2582 3458 3708 4309 5010 5460 5760 6011 6886 7036
3368 3732 4068 4545 5386 5722 6619 7151 7459 8300
2532 3283 3733 4259 4885 5310 5810 6086 7011 7412
2721 3090 3573 4149 4540 4748 5530 5738 6336 6750
4032 4873 5293 6239 6799 7220 8025 9006 9601 10442
2659 3440 3648 4299 4872 5600 5756 6277 7006 7318
2060 2168 2582 2889 3556 3844 4024 4349 4691 5214
4148 5338 5748 7102 7554 8333 9236 10671 10876 11533
1657 1838 2183 2589 2769 3250 3596 3806 4076 4272
1208 1278 1488 1689 1849 2060 2391 2501 2721 3002
3962 4208 5118 5994 6519 7220 8271 8831 9601 10057
1047 1278 1489 1759 1819 2040 2271 2451 2651 2972
4996 5383 6846 7190 8180 8868 10331 10417 11535 12396
5758 6308 7408 8109 9459 10610 11510 12761 13761 14612
1807 2330 2727 3051 3538 3664 4042 4493 4799 5178
3604 4595 4760 5520 6081 7072 7435 8525 9053 9285
3803 4331 4926 5916 6015 6643 7733 8063 8624 9780
2468 3044 3412 3896 4241 4817 5485 5830 6244 6728
3703 4166 4793 5454 6379 6775 7336 8327 8789 9747
3052 3720 4562 5171 5607 6332 6477 7000 7638 8712
5137 5498 6623 7344 8469 9820 10676 11711 11936 13197
2353 2998 3366 3827 4403 4978 5439 5669 6267 6521
4207 5594 6435 6729 7990 8410 9965 10721 11645 12066
1864 2056 2457 2633 3210 3338 3562 3947 4251 4780
4230 5174 5953 7307 7964 8415 9276 10425 10753 11697
4599 5174 6282 7020 8128 8866 9686 10302 10712 12148
3921 4758 5518 6621 7610 7990 8484 9815 10575 10880
4608 5328 5608 6929 7570 8370 8890 10211 10571 11492
3679 4832 5264 5805 6741 7894 8543 8903 9875 10596
2734 3383 4248 4869 5193 5896 6220 6950 7247 7950
5224 5883 7153 8281 8987 9786 10820 11479 12513 13877
3293 3821 4597 5279 6179 6272 7265 7482 8474 9033
5103 6525 7751 8437 9172 10447 11427 11967 12800 14565
5528 6680 6968 8361 8841 9610 11050 12251 12827 13740
2227 2428 3109 3349 3689 4410 4490 4911 5391 5912
2869 3437 4329 4491 5221 5842 6302 6599 7166 7653
5318 5633 6353 7524 8920 9910 10405 11216 11846 13197
3727 4100 4813 5403 6023 6830 7171 7761 8691 9250
2212 2326 2668 3068 3715 4019 4418 4685 5274 5674
3247 4178 4419 4929 5590 6040 7001 7391 7811 8742
3248 3410 3896 4707 5193 5815 6355 6734 7517 7788
3612 4663 5434 5784 6484 7535 8166 8551 9426 9882
1178 1378 1478 1649 1869 2200 2260 2591 2771 2811
3488 3968 4328 4989 5469 6550 7061 7271 7811 8832
2191 2906 3285 3558 3915 4399 4777 5072 5786 5997
3102 3492 3856 4169 5158 5314 6225 6511 6979 7291
3931 4544 5408 6381 7210 7822 8110 9083 9911 10380
2077 2438 2799 3249 3447 3772 4078 4493 4763 5268
1964 2554 2839 3391 3715 3810 4437 4723 5255 5465
4627 5508 6917 7489 8326 9382 9999 10659 11451 12376
2584 3136 3274 4126 4218 4610 5301 5738 5991 6521
1489 1646 2050 2206 2480 2857 2935 3326 3469 3717
5601 5695 6682 8093 8751 9974 10962 11667 12795 13548
2193 2573 2935 3201 3543 4076 4380 4590 5027 5579
1555 1776 1932 2219 2532 2766 3065 3235 3586 3664
2977 3707 4275 4545 5140 5734 6004 6626 7382 7599
2328 2408 2848 3209 3790 4390 4771 5111 5431 5632
5407 6458 7609 8909 9359 10460 11560 12811 13761 14512
4847 5376 6476 7929 8634 9690 9910 10703 11847 12596
5397 6329 7751 8241 9467 9957 10937 12751 13094 14271
4732 6038 6759 7749 8289 9595 10811 10901 11891 12657
4451 5948 6873 7181 8590 9162 10042 10791 12287 12904
3707 4448 5336 6077 7336 8076 8187 9594 9631 10520
5157 6708 7408 8959 9059 10960 11910 12461 13711 14812
3127 3938 4268 5139 5499 6340 7151 7781 8141 8712
3166 3680 4112 4842 5383 5518 6247 6653 7166 8112
2405 3066 3198 3815 4234 4630 4938 5357 6127 6392
2059 2330 2889 3123 3538 3700 4168 4637 4745 5322
4138 4278 5504 6239 6379 7185 7955 8691 9671 9882
4565 5426 6588 6975 7965 9470 10030 10417 11363 12353
3784 4072 5065 5545 6250 6506 7146 8043 8939 9420
5672 5960 7641 8265 8649 9946 11002 12443 12539 14412
4068 4418 5609 5819 6414 7570 7710 9006 9286 10092
2840 3272 3560 4233 4449 4882 5410 5939 6587 6948
1808 2093 2123 2634 2739 3055 3596 3881 4076 4226
2031 2099 2644 2729 3410 3580 4040 4380 4669 4771
1529 1581 1906 2349 2375 2688 3118 3183 3625 3821
3386 3852 4472 5031 5993 6675 6892 7916 8102 8754
2359 2633 3053 3495 4021 4273 4840 5051 5786 6312
5054 6231 7506 8290 9663 10496 11035 12604 12996 14467
4567 5328 5728 7089 8010 8050 9010 10131 11171 12012
4327 4888 6329 7129 7850 8610 9210 9851 10411 11852
5507 6400 6588 8234 9175 9504 10397 11479 13124 14065
3548 3758 4599 5349 5860 6190 6940 7781 7811 8952
4688 5429 5741 6834 7458 8473 9292 9488 10424 11478
2135 2535 2725 3410 3791 3867 4342 4894 4970 5655
5691 6623 7456 8388 9663 10153 10937 12604 13192 14320
3968 4133 4925 5850 6345 6874 7633 7964 9086 9912
1826 2388 2626 2899 3324 3733 3988 4363 4737 5095
2695 3320 3392 3945 4569 4858 5723 6227 6683 6876
2273 2978 3242 3903 4035 4564 5026 5687 6017 6524
5297 5850 7231 8013 9118 9854 10130 11465 11971 13628
2078 2294 2564 3069 3574 3610 4114 4493 4727 5394
3986 4394 5040 5891 6504 6912 7796 8681 8885 9906
2147 2528 2989 3309 3629 4270 4490 5191 5571 5812
3169 4317 4814 5434 5589 6768 7388 7947 8567 8908
2471 2978 3132 3551 4410 4410 5048 5665 6105 6238
2254 2549 3222 3369 3958 4567 4756 5156 5702 6186
1477 1800 2052 2375 2684 3062 3301 3483 3833 4044
5958 6558 7859 8659 9209 10460 11560 12411 13161 14011
1327 1548 1758 1989 2210 2408 2474 2728 2981 3301
5692 6280 7064 8584 9761 9859 10888 12457 12996 14173
2768 3090 3412 3712 4402 5024 5093 5922 6290 6843
3892 4698 5329 6029 7010 7150 7885 8866 9111 10442
4394 5215 6076 6815 7471 8825 9769 10302 11245 11943
2005 2438 2835 3249 3448 3718 4078 4331 4727 5088
4487 5568 5928 6449 7489 8090 9170 10371 10691 11772
2896 3545 4005 4356 5167 5842 6139 7031 7166 7572
1848 1992 2489 2601 2970 3482 3562 3883 4251 4508
3495 3944 4744 5513 6250 6922 7434 7851 8587 9516
2455 3152 3585 4017 4329 5242 5338 6011 6563 6804
4608 5168 6028 7276 8137 8739 10288 11148 11191 12095
4367 5248 6289 6609 7610 8130 9411 9771 10451 11412
1809 2235 2729 2814 3308 3563 3886 4227 4737 4874
3081 3981 4359 4736 5723 6042 6651 7145 7812 8509
2383 2846 3243 3573 4212 4652 5115 5445 5731 6524
2722 3044 3297 3735 4311 4840 5093 5669 6244 6590
3430 3604 4446 4852 5723 6274 6709 6971 7928 8451
4414 5390 5741 6366 7810 7849 9293 9527 10580 11556
4507 5588 6308 7524 8920 9910 10000 11171 11891 13152
4807 6584 6968 7737 9082 9946 10810 12395 12731 14412
1117 1238 1599 1769 1969 2090 2310 2601 2811 2992
5168 5942 6803 7663 7964 8782 10287 10933 11664 12826
3623 3880 4809 5737 6314 6570 7434 7915 8715 8971
1964 2459 2725 3201 3448 4038 4533 4761 5046 5560
3946 5468 5780 6288 7810 8278 9019 10151 10268 11049
2288 2592 2801 3353 3772 4038 4323 4609 5046 5541
5156 5860 6256 7709 8634 9162 9690 11011 12111 12992
4220 4796 5408 6201 6777 7714 7930 9083 9803 10740
2768 3344 3777 3897 4570 4954 5530 5843 6275 6948
3744 5077 5521 6225 7336 7706 8446 9594 9890 10964
3139 4039 4475 4765 5345 6216 6564 7377 7957 8538
4753 5804 6434 6897 8157 8578 10091 10763 11435 12360
4568 5024 6013 6545 7534 8104 8560 9245 10309 11108
1251 1339 1747 1901 2199 2210 2574 2717 2882 3092
3200 3648 3928 4825 5470 6002 6170 7263 7347 8132
4339 4872 5937 6811 6887 7686 8598 9777 10499 10880
5601 6400 7058 7905 8704 9739 10726 12231 13171 14018
4517 5297 6569 6815 7840 8825 9810 10384 10794 12025
5036 5930 6776 7811 9222 9692 11197 11761 13124 13595
4565 5512 6114 7448 8050 9427 9771 10804 11922 12439
4073 5176 5518 6279 7305 8066 8674 9853 10613 11374
2407 3008 3488 3921 4642 5266 5747 6131 6515 6828
4102 4628 5328 6309 6694 7325 8410 9076 9811 10371
2503 3248 3464 4161 4762 4834 5723 5819 6635 6852
1388 1568 1905 1953 2265 2554 2674 2939 3215 3588
2958 3283 3608 4284 4960 5010 5836 6161 6761 7037
1087 1348 1549 1649 1980 2080 2250 2431 2751 2992
3367 3848 5065 5289 5769 7018 7563 8235 8843 9228
3509 4190 5381 5857 6367 7456 8137 8613 9395 10042
2761 3491 3923 4329 5248 5842 6437 6950 7058 7761
2919 3310 3908 4689 4897 5522 6121 6537 6979 7422
4151 4781 5188 5929 7225 8150 8372 9335 10260 10594
2737 3544 4169 4377 4845 5366 6225 6433 6797 7786
2767 3008 3753 4257 4497 5170 5554 6227 6491 6827
5112 6124 6168 7621 8678 9118 10262 11011 12111 12331
4640 5256 6405 6856 7841 8948 9769 10015 11122 11614
2583 3136 3482 3827 4541 4702 5116 5830 6175 6866
3892 4348 5399 6274 6519 7185 7815 8621 9321 10512
4999 6728 7353 8025 8985 10186 10666 12347 12635 13884
4114 4966 5299 6595 7040 7743 8632 9002 9927 10742
4417 5552 6561 7569 7947 8872 9964 10805 11477 12191
2207 3000 3507 3925 4344 4762 5026 5533 6127 6259
5348 6133 6966 8290 9418 10692 10839 11967 13682 14663
4301 4834 5899 6203 7191 7914 8674 9701 10651 10842
4167 5048 6049 6729 7369 8530 9611 10171 10651 11572
2407 3224 3585 3849 4618 5098 5627 6083 6275 6900
1767 1928 2248 2745 3178 3386 3738 4139 4411 4572
1303 1688 1700 2109 2326 2518 2710 2927 3299 3456
1167 1398 1498 1629 1819 2140 2411 2591 2681 2962
2388 2788 3129 3209 3649 4230 4410 4871 5551 5852
4847 5420 6476 7313 8061 9074 9954 11275 12155 12948
4737 5469 6545 7233 8180 9470 9470 10331 11449 12310
4411 4855 5855 6040 6891 8002 8483 9002 10112 10408
2676 2906 3366 4057 4610 4771 5070 5876 6106 6728
2527 3032 3777 3993 4377 4858 5506 5819 6732 7068
1283 1460 1758 1879 2132 2364 2584 2706 3091 3179
4230 5748 5748 7266 7512 8497 9646 10179 10753 11615
1748 1928 2138 2469 2814 3250 3310 3866 4076 4467
4935 5596 6565 7577 8237 9074 10174 11363 11539 12904
4063 5039 6132 6405 7498 7888 8902 9956 10307 11127
3472 4133 4827 5322 5982 6940 7568 8459 9153 9252
3997 4768 5609 5994 6589 7185 8270 8726 9776 10197
2582 2802 3353 3705 4189 4828 5092 5621 5797 6502
4339 5328 6051 6431 6925 8066 9054 9663 10423 10955
3373 4628 5124 5685 6577 6709 7501 8492 8624 9549
3139 3691 4068 4910 5752 6042 6942 7261 8102 8160
5446 6329 7653 8535 9810 10398 11722 11918 13584 13878
4067 4908 5293 5889 6940 7675 8270 8691 9146 10477
2067 2768 2808 3609 3990 4150 4450 4951 5331 5952
4189 5133 5994 7061 7964 8989 9522 10548 11491 11779
2507 3158 3633 4359 4559 5385 5585 6261 6936 7437
2147 2568 2808 3469 3870 4290 4771 5151 5291 5792
3728 4162 4845 5589 6210 6272 6923 7482 8288 8971
1627 1973 2394 2454 2739 3205 3325 3761 4151 4227
4297 5234 6015 6678 7498 8317 8941 9410 10814 11088
3312 3872 4096 4853 5498 5946 6478 6983 7403 8384
3228 3592 4265 4993 5161 5890 6591 6815 7347 8384
4127 4928 5768 7089 7490 8130 9531 9971 10771 11812
2096 2312 2799 2997 3285 3790 4204 4565 4853 5304
3591 4456 4969 5385 5769 6954 7370 7851 8971 9388
2250 2668 2916 3068 3486 3981 4513 4837 5217 5503
2295 2780 3463 3947 4057 4784 4938 5731 5973 6524
4047 4808 5688 6729 7570 8570 9531 9611 10731 11972
4682 5010 6405 6897 8005 8210 9605 9892 10958 11902
2212 2738 3074 3432 4000 4462 4861 5345 5891 5976
2254 2801 2969 3684 3810 4483 4904 5156 5513 6186
3399 3912 4488 5161 6218 6826 7659 8107 8523 9612
3666 4007 4627 5372 6117 6303 7358 7513 8319 8971
5244 5816 6961 7225 7973 9338 10042 11099 12023 12375
2168 2438 2690 2925 3429 3664 4060 4691 5033 5214
2920 3154 3778 4299 4872 5288 5834 6381 7109 7786
2768 3182 3620 3712 4403 4656 5369 5669 6106 6866
3127 3788 4358 5109 5770 6400 6940 7781 8321 8832
3823 4976 5625 6057 6669 7318 8110 9047 9731 10452
5575 6008 7449 8169 8649 9706 11194 12491 13451 14412
3217 3848 4779 5019 5830 6550 6670 7391 8081 8472
5383 5960 7497 8169 9274 10426 11290 11627 13211 14268
2348 2548 3009 3329 3910 4090 4651 4831 5211 5752
4138 4593 4978 5784 6554 7150 8411 9076 9251 9882
2408 2708 3169 3289 3789 4370 4791 4971 5211 5852
5047 5723 6713 8064 8785 9460 10540 11306 11756 13017
1412 1640 1796 2133 2241 2506 2855 3011 3203 3383
4837 5528 6540 8289 9026 10084 10130 11787 12891 13260
3747 4734 5006 5755 6674 6878 7830 8273 9157 9906
4979 5860 6873 7797 8458 8810 10439 10571 11495 12508
4297 5273 6249 6405 7497 8005 9331 9800 10853 11556
1516 1737 1946 2180 2414 2688 2935 3313 3404 3860
3823 4616 5264 6237 6597 7354 8218 9227 9803 10452
1642 2048 2123 2574 2830 3280 3325 3671 4031 4332
4568 5138 5861 6127 7344 7610 8560 9397 10499 11260
3784 4136 4808 5609 6378 6794 7242 7851 8363 9420
1568 1581 1945 2310 2375 2779 2987 3326 3599 3886
3895 4400 5589 6381 6958 7390 8615 9335 9731 10344
1027 1218 1479 1669 1920 2150 2270 2481 2711 2972
2339 2549 3117 3705 3789 4462 4736 5135 5513 5955
2835 3592 4124 5049 5414 5974 6646 7151 7487 8300
5601 6541 6870 7623 8516 10303 10773 11667 12466 13783
4208 4383 5363 6134 6694 7500 8200 8831 9741 10232
4020 4224 5108 6129 6674 7456 8137 8171 8851 9872
4807 6632 6968 8601 8745 10426 10906 11915 12683 13596
1168 1318 1539 1729 1829 2040 2381 2601 2631 2892
5239 5960 7545 7881 9418 10522 11146 12443 12971 13980
1421 1926 2207 2375 2796 2992 3104 3497 3805 4142
2647 3296 3464 4329 4497 4978 5603 5771 6539 6900
4999 6152 7689 8361 9033 9898 11050 12155 13211 14364
1642 1853 2394 2484 2724 3295 3521 3611 4061 4482
4088 4768 5142 5687 6537 7252 8170 8477 9327 10144
2835 3508 4293 4937 5330 6142 6675 6815 7347 8244
4867 5723 6398 7749 8424 9370 10676 11486 12611 13512
2840 2984 3657 4233 4545 4930 5675 5819 6395 7068
