1000 10 10
7 88 72 64 95 174 110 171 121 120 150 0 35
4 109 183 158 184 55 68 81 86 57 77 0 18
8 194 177 139 121 122 86 41 146 97 102 0 37
6 116 49 177 112 43 128 197 146 124 114 0 29
3 46 162 45 41 159 173 189 175 49 145 0 11
4 118 46 51 155 187 196 114 143 74 122 0 16
6 108 181 170 61 153 144 184 190 41 180 0 26
6 152 124 107 74 197 82 58 153 130 187 0 30
9 45 127 129 130 138 148 53 157 97 147 0 43
10 97 118 59 183 101 57 145 88 67 185 0 47
7 174 133 63 46 116 188 149 79 168 98 0 35
7 164 73 168 86 124 185 115 148 85 113 0 33
6 57 91 142 172 106 41 48 164 84 134 0 27
10 46 91 179 124 80 101 119 121 75 154 0 48
10 123 88 126 195 68 179 90 177 155 93 0 48
3 159 159 151 52 87 99 153 137 121 56 0 12
8 126 127 86 156 145 133 55 53 83 97 0 39
10 177 164 70 187 187 162 141 193 160 120 0 46
8 49 99 126 127 67 178 63 100 68 86 0 40
10 70 62 108 85 89 40 120 150 122 58 0 46
10 65 41 155 129 193 89 144 182 67 160 0 49
5 80 186 56 137 72 60 118 117 154 192 0 21
8 57 45 155 160 178 82 132 177 92 138 0 36
10 179 194 47 171 102 182 172 175 126 162 0 50
2 146 79 111 52 127 162 78 177 52 156 0 10
3 110 183 41 127 43 172 199 75 172 129 0 13
9 107 163 79 189 55 137 42 49 123 89 0 41
6 132 70 156 141 43 88 180 105 146 81 0 30
7 194 114 96 110 181 99 200 98 180 120 0 34
8 187 135 58 190 152 51 150 93 175 45 0 39
9 177 137 199 99 110 134 96 192 129 195 0 45
10 108 98 60 94 41 175 136 193 65 200 0 49
5 42 150 63 160 62 61 108 156 87 184 0 24
9 48 104 130 81 128 122 176 151 193 114 0 41
5 53 85 130 168 177 183 117 157 63 197 0 25
6 85 114 46 200 199 134 69 85 130 152 0 27
8 111 183 200 108 137 47 196 201 69 48 0 38
4 65 79 95 170 45 136 193 80 85 156 0 17
4 163 80 47 145 168 127 140 136 64 57 0 20
5 136 155 89 126 170 180 154 77 49 70 0 22
4 84 173 130 157 77 178 53 77 53 104 0 20
10 143 112 183 148 71 63 59 108 162 45 0 50
7 182 159 165 173 193 47 168 62 104 106 0 31
6 85 162 156 156 184 107 179 47 199 127 0 30
7 89 70 93 74 75 41 61 176 88 94 0 33
7 187 160 54 180 123 156 53 82 113 155 0 35
10 180 100 152 142 73 189 75 123 187 172 0 47
2 169 87 91 107 186 133 143 166 71 87 0 10
9 191 163 101 117 55 79 50 169 110 58 0 43
3 173 134 154 135 67 187 128 115 41 165 0 15
4 41 48 128 109 81 76 109 129 128 160 0 16
9 134 166 71 152 180 190 101 70 114 51 0 45
5 54 42 112 87 99 75 115 198 148 149 0 25
8 136 179 157 125 164 126 124 104 149 134 0 40
8 181 77 140 199 53 77 137 162 164 181 0 36
6 86 68 155 95 48 143 50 49 122 192 0 29
3 114 114 73 44 136 94 146 161 126 141 0 15
3 166 176 60 58 95 95 195 64 138 181 0 13
4 89 98 137 61 71 81 173 103 51 109 0 16
7 192 53 40 193 106 62 145 68 96 132 0 33
5 106 128 142 79 64 168 81 157 49 48 0 25
8 175 40 146 96 196 120 96 174 142 47 0 36
3 46 55 47 79 149 75 71 193 132 69 0 15
7 126 142 128 172 117 112 99 160 72 139 0 33
5 41 94 67 87 72 77 99 175 51 93 0 23
6 176 138 138 167 103 170 75 116 132 201 0 29
6 120 104 136 99 151 186 188 170 57 150 0 29
7 49 136 194 62 89 81 71 165 134 108 0 33
7 122 102 71 128 166 73 201 138 61 90 0 33
3 153 68 193 94 53 135 167 147 43 76 0 13
5 72 176 173 71 165 136 156 46 201 57 0 21
5 87 128 69 137 117 77 192 61 162 126 0 24
6 108 191 93 138 106 185 120 124 165 130 0 30
6 171 111 183 193 163 172 81 175 97 162 0 28
10 47 101 97 174 97 50 43 112 124 109 0 49
6 62 44 49 77 61 146 154 71 46 65 0 28
4 129 106 109 49 178 133 100 136 40 162 0 20
5 63 108 142 191 68 157 163 162 133 99 0 24
4 84 121 60 139 160 161 106 129 151 160 0 19
2 197 118 75 200 168 116 77 63 76 46 0 10
6 184 79 162 157 138 75 124 138 111 91 0 27
9 103 160 110 97 158 154 184 97 128 74 0 41
7 172 167 71 135 57 153 115 95 159 131 0 35
2 85 114 191 77 142 197 158 139 80 64 0 10
10 134 91 94 151 95 182 89 47 124 200 0 46
10 108 90 143 58 194 154 142 130 104 187 0 50
9 63 151 56 41 82 156 82 109 113 128 0 42
3 98 95 161 44 43 106 105 59 138 51 0 14
6 106 116 166 102 169 143 193 99 78 91 0 29
8 164 94 46 99 85 77 68 110 125 108 0 36
9 156 46 152 137 77 91 42 71 42 186 0 42
8 82 104 76 114 176 163 136 178 85 88 0 39
9 74 145 189 48 185 139 70 59 112 85 0 42
3 69 132 121 59 97 154 48 81 155 166 0 13
4 138 192 144 60 148 95 126 133 106 70 0 19
10 137 130 133 76 154 129 121 79 151 62 0 50
9 42 187 187 171 179 124 103 153 112 154 0 41
5 187 117 181 182 74 72 97 63 166 72 0 25
7 185 62 138 192 42 96 143 124 95 108 0 34
9 91 168 158 191 46 164 98 79 72 120 0 41
3 123 70 45 54 163 155 77 191 199 129 0 11
7 191 80 68 97 158 95 191 79 201 154 0 35
4 81 64 183 60 134 151 161 73 189 69 0 17
9 63 136 47 49 149 158 128 44 58 60 0 43
7 143 65 197 127 91 135 144 144 191 156 0 32
7 93 90 58 168 73 181 154 144 136 83 0 33
10 174 190 42 175 133 61 115 50 147 82 0 49
9 150 101 111 41 118 90 94 161 85 102 0 45
9 193 89 110 151 167 93 195 101 114 104 0 43
4 134 93 63 183 175 142 138 51 188 78 0 18
8 126 164 49 97 62 73 61 112 95 121 0 36
6 142 89 166 87 57 165 73 156 68 75 0 27
3 106 168 130 180 119 189 160 73 120 200 0 11
9 191 64 110 196 113 181 136 63 55 87 0 41
8 83 59 157 106 67 70 161 194 169 128 0 38
10 119 157 43 109 122 65 56 179 69 74 0 47
5 186 51 138 185 118 43 44 77 189 111 0 21
8 53 87 91 46 152 46 58 181 144 68 0 38
5 152 114 97 42 133 79 79 41 201 150 0 23
8 42 68 174 89 102 126 197 178 162 124 0 37
5 73 101 100 92 145 157 191 40 143 79 0 21
6 181 160 162 192 117 198 150 81 166 124 0 28
4 157 53 67 68 125 131 82 60 142 154 0 19
5 139 193 154 79 114 148 180 176 70 57 0 24
4 143 73 99 120 54 61 191 85 63 126 0 19
9 70 118 199 181 69 169 179 124 91 120 0 45
6 76 182 52 87 124 51 191 62 88 133 0 30
5 104 183 111 81 82 104 99 109 85 199 0 21
3 100 148 114 60 103 189 174 41 104 44 0 14
6 128 49 132 131 194 144 155 145 66 40 0 26
10 75 97 191 164 87 81 191 126 113 175 0 48
9 189 187 81 159 159 53 59 185 87 186 0 41
7 68 61 108 193 167 161 52 178 197 130 0 32
5 64 89 63 95 65 187 104 141 158 199 0 23
5 164 78 137 171 89 127 77 71 41 58 0 25
8 193 156 129 130 198 195 194 164 175 45 0 40
4 157 192 107 185 44 176 109 188 140 194 0 18
9 192 91 116 120 182 136 60 189 114 87 0 42
10 128 182 49 194 161 194 156 182 52 55 0 49
7 104 170 170 51 199 117 161 86 188 136 0 33
10 138 134 91 96 91 98 154 172 74 78 0 50
10 48 194 145 164 58 171 187 88 149 81 0 50
4 184 106 68 117 63 154 120 200 168 143 0 16
8 138 178 156 62 115 63 137 175 141 160 0 39
3 200 122 116 142 163 99 183 99 176 121 0 11
7 190 188 151 182 193 112 106 154 128 75 0 35
7 66 104 76 117 97 182 67 116 91 148 0 33
9 183 124 156 96 118 81 156 70 75 97 0 44
7 128 73 109 87 71 175 145 140 186 196 0 35
9 156 142 121 143 59 84 162 55 51 122 0 42
7 111 135 59 44 135 99 112 138 191 144 0 34
3 43 147 148 100 148 156 61 196 117 121 0 14
3 159 123 54 41 179 123 169 118 185 140 0 13
5 88 111 155 141 167 41 156 146 63 167 0 23
10 157 66 122 61 91 140 124 194 187 45 0 50
8 87 112 73 67 89 42 138 78 189 185 0 40
2 147 105 93 73 150 104 187 197 143 187 0 10
4 191 108 154 156 51 183 179 59 136 109 0 19
8 111 186 61 149 160 198 155 191 86 93 0 39
9 150 171 178 185 176 123 195 109 120 181 0 41
9 194 150 82 133 163 119 159 138 97 156 0 43
4 77 80 134 55 155 49 80 72 51 68 0 20
9 131 126 129 86 179 63 179 146 144 195 0 45
3 133 162 137 151 107 187 67 172 128 121 0 11
8 160 104 125 126 70 166 59 160 184 60 0 37
9 100 82 108 75 52 89 141 103 133 86 0 41
7 151 156 191 46 132 146 118 117 108 111 0 32
9 69 198 131 80 54 148 171 196 49 89 0 41
3 168 126 57 139 148 182 156 93 200 111 0 11
7 45 97 62 154 112 125 106 156 181 48 0 31
6 53 192 51 120 95 133 84 154 85 162 0 30
4 179 69 74 117 152 177 83 162 110 73 0 18
3 118 176 106 51 165 108 46 67 57 186 0 14
10 90 170 79 183 169 98 121 84 153 134 0 50
5 119 156 113 196 189 153 55 170 80 129 0 22
3 76 93 101 162 136 194 68 51 198 118 0 13
5 145 118 127 41 161 136 151 198 123 69 0 25
2 89 59 166 133 178 113 88 60 174 124 0 10
5 96 187 140 44 163 142 68 75 154 55 0 23
10 122 194 132 90 197 159 193 181 42 78 0 47
5 88 137 170 192 166 175 97 87 152 197 0 24
5 96 116 51 187 166 76 47 186 62 112 0 21
6 130 116 100 71 99 142 183 167 90 130 0 29
9 154 154 83 170 172 185 67 122 48 181 0 42
7 62 47 137 69 184 182 172 88 56 165 0 32
3 80 51 42 137 174 91 70 75 97 108 0 11
5 61 136 112 151 102 172 156 136 110 58 0 24
3 177 151 199 112 52 50 60 149 142 138 0 13
6 142 105 101 112 70 65 41 83 47 102 0 27
3 114 152 163 157 41 48 109 187 66 149 0 11
6 137 65 156 192 176 125 130 107 150 187 0 28
3 92 73 74 68 156 191 120 98 72 144 0 13
3 83 109 83 177 193 117 151 111 114 122 0 14
8 201 147 82 172 113 116 152 56 90 164 0 37
3 165 47 142 162 124 65 69 49 127 123 0 14
4 164 118 59 154 83 90 193 187 98 196 0 16
9 161 112 188 104 43 130 45 52 152 82 0 43
6 54 43 195 132 88 50 87 134 74 199 0 29
5 183 126 172 161 51 100 140 95 91 44 0 23
8 160 146 115 65 98 130 79 171 77 167 0 36
5 79 102 56 143 141 146 162 110 85 102 0 21
6 150 177 112 177 171 185 54 98 146 196 0 26
5 151 54 75 58 91 154 47 134 84 41 0 21
9 182 102 166 70 127 131 93 165 134 177 0 41
4 117 189 66 163 73 73 89 136 108 100 0 17
8 147 65 61 95 44 196 93 170 66 69 0 40
9 86 154 169 132 55 132 120 162 43 168 0 44
10 175 149 76 95 123 67 183 149 196 88 0 48
5 49 112 149 166 97 180 131 183 192 156 0 21
4 179 96 90 85 46 153 79 189 148 87 0 17
8 118 136 147 188 53 142 161 89 92 137 0 37
9 52 198 140 101 55 193 49 194 157 193 0 45
4 147 200 103 67 183 161 132 194 150 71 0 19
9 50 114 124 96 142 116 185 157 129 200 0 41
4 60 77 69 84 81 81 41 160 58 94 0 19
7 100 193 139 123 185 142 70 173 175 97 0 33
7 182 79 144 106 86 125 41 115 109 136 0 32
3 137 177 52 51 158 54 143 55 175 180 0 13
3 123 85 185 168 101 52 117 52 158 134 0 11
6 128 144 154 140 190 195 70 168 185 110 0 28
10 45 153 113 83 148 135 145 101 178 162 0 50
9 96 167 138 196 155 157 93 164 51 54 0 45
7 197 76 187 51 160 60 143 166 196 198 0 33
10 45 60 152 128 111 59 57 180 97 77 0 48
8 53 66 156 68 41 63 89 74 189 116 0 40
10 113 180 98 106 197 128 98 69 172 106 0 47
6 123 170 185 113 107 75 58 103 128 59 0 26
3 102 71 48 112 195 91 77 99 118 167 0 14
10 127 75 135 134 135 51 101 60 69 189 0 47
6 129 129 95 151 189 82 115 167 169 110 0 30
4 129 144 106 193 171 117 77 84 133 183 0 16
4 82 183 83 185 42 107 91 201 189 181 0 20
8 69 124 160 169 43 160 113 87 174 161 0 36
5 147 197 190 171 75 119 193 76 142 126 0 25
4 166 89 109 194 63 162 196 71 172 103 0 18
9 45 165 72 144 181 185 185 120 189 117 0 42
5 128 63 107 55 146 71 173 144 87 194 0 22
8 142 113 58 68 105 169 178 91 81 157 0 40
8 156 59 134 86 49 140 136 107 142 100 0 39
8 94 77 128 194 85 64 55 106 134 180 0 40
6 132 60 74 55 62 48 95 43 41 87 0 30
9 144 59 79 197 47 195 97 128 182 194 0 43
7 93 164 136 190 121 82 46 74 59 154 0 31
7 162 44 130 152 187 159 118 196 126 179 0 32
7 159 130 135 127 132 40 88 47 182 118 0 31
6 100 157 174 62 78 177 199 58 49 93 0 28
3 70 144 45 48 44 196 146 177 115 142 0 14
10 106 52 130 198 187 154 191 88 106 78 0 46
5 162 193 108 117 175 133 41 158 129 91 0 22
2 59 124 125 56 187 174 154 126 91 157 0 10
3 154 117 163 89 172 48 127 186 158 61 0 14
8 186 59 72 40 161 143 177 53 144 175 0 38
10 139 137 166 131 43 90 128 119 179 137 0 47
8 154 130 62 78 80 122 80 194 183 138 0 36
4 41 46 77 58 114 164 48 128 73 61 0 18
6 200 40 191 67 160 150 156 185 59 108 0 26
3 62 115 138 45 168 81 56 126 74 133 0 12
10 123 84 181 108 42 98 58 162 95 116 0 49
7 117 66 139 175 53 72 78 116 42 88 0 35
8 164 45 189 182 130 88 171 109 153 47 0 37
4 120 166 57 150 138 70 49 52 138 170 0 19
8 198 181 42 115 191 61 103 139 119 193 0 38
5 99 74 66 72 128 160 79 187 98 49 0 23
2 90 41 179 173 144 42 142 189 200 197 0 10
10 195 136 60 161 110 89 133 97 127 152 0 46
6 116 103 101 71 55 111 165 161 64 57 0 26
5 77 178 149 178 82 101 68 120 191 182 0 21
4 82 120 158 184 144 106 131 167 88 116 0 19
10 136 85 136 125 95 54 177 56 154 195 0 46
9 83 136 110 59 108 166 162 88 129 142 0 45
2 149 105 192 122 193 119 61 138 131 86 0 10
10 76 149 179 166 196 128 130 176 149 124 0 47
9 100 65 129 83 157 158 149 117 195 44 0 45
7 166 67 115 86 126 194 142 188 44 161 0 34
9 124 91 62 111 80 112 44 196 67 116 0 41
4 119 174 150 65 174 137 166 136 104 65 0 19
4 152 157 197 195 73 60 136 68 84 191 0 20
8 148 79 140 165 59 185 173 43 175 65 0 36
10 188 141 86 184 191 131 88 182 104 155 0 49
9 160 113 101 79 71 190 185 170 61 198 0 41
10 100 111 95 178 197 172 156 193 191 199 0 48
6 51 121 57 199 140 61 164 43 74 151 0 30
10 85 89 76 192 158 61 184 136 168 181 0 48
9 156 95 113 166 169 79 146 67 113 49 0 45
3 96 42 135 147 170 197 59 114 144 48 0 13
9 93 125 82 190 47 60 63 195 129 126 0 44
7 135 200 106 43 124 144 196 125 87 187 0 33
7 104 147 161 128 170 116 187 85 131 67 0 35
3 170 117 177 95 158 129 91 200 147 95 0 14
9 66 166 51 44 201 197 46 120 132 110 0 45
2 124 179 113 62 120 74 53 64 140 180 0 10
7 120 175 81 40 67 75 171 72 129 101 0 31
6 196 121 41 40 166 188 45 69 61 80 0 29
8 138 182 165 196 60 143 45 175 69 156 0 38
3 129 155 64 142 139 64 148 48 74 62 0 12
8 131 117 47 171 171 93 152 81 188 59 0 40
7 105 141 170 90 77 186 162 187 77 170 0 34
6 87 119 158 137 181 146 69 80 42 63 0 28
6 123 163 67 142 65 194 103 131 193 139 0 26
2 171 55 75 69 46 135 79 41 41 185 0 10
9 169 51 163 55 169 43 172 198 52 115 0 44
4 53 100 47 69 145 158 141 169 79 163 0 17
3 114 128 57 165 109 189 116 142 83 132 0 12
3 125 172 155 82 73 177 112 80 63 191 0 15
2 45 61 144 41 68 168 169 162 129 170 0 10
4 134 98 185 63 163 130 75 90 167 87 0 20
3 53 57 109 176 193 79 78 63 161 156 0 12
3 97 191 108 112 134 100 85 193 148 127 0 13
3 181 152 151 105 93 131 200 188 126 47 0 13
6 124 81 157 173 194 101 135 133 83 77 0 26
6 162 191 58 140 151 97 53 169 51 60 0 26
4 196 199 175 94 176 149 133 51 118 103 0 16
8 188 125 140 186 153 78 187 138 60 90 0 36
8 97 42 97 189 133 125 126 132 87 83 0 38
10 55 140 131 193 128 171 51 158 117 141 0 49
5 118 100 62 178 199 123 168 49 201 94 0 24
4 136 49 158 180 183 181 118 84 106 193 0 18
4 142 60 55 136 40 93 103 42 146 84 0 19
10 81 110 189 102 63 89 167 65 132 91 0 47
8 189 79 128 97 136 90 99 77 73 87 0 37
4 124 59 183 130 50 122 117 87 131 91 0 17
3 194 185 157 58 187 74 43 191 183 168 0 15
5 78 127 83 199 150 150 53 93 140 193 0 23
4 72 199 96 77 117 189 55 85 170 140 0 16
10 169 102 63 75 140 187 139 150 120 44 0 48
10 156 195 123 181 121 186 56 137 140 115 0 46
5 124 95 103 41 79 176 57 162 169 139 0 22
8 88 127 185 144 51 78 145 190 53 47 0 40
5 52 80 193 187 108 168 183 190 98 64 0 21
10 84 174 84 53 53 135 71 105 114 50 0 47
6 109 193 161 161 137 112 98 133 199 69 0 30
8 190 77 106 131 146 132 179 99 100 89 0 38
9 91 71 58 98 171 119 94 56 180 105 0 43
2 76 183 113 77 65 114 49 108 82 109 0 10
10 71 177 84 149 84 141 146 140 121 136 0 50
6 45 151 117 76 84 195 117 87 64 49 0 28
10 199 154 71 84 190 181 119 136 152 121 0 50
3 114 157 134 41 95 146 74 65 110 139 0 14
8 79 136 195 119 63 58 128 156 148 87 0 40
8 48 91 156 98 65 122 197 167 178 125 0 38
8 92 152 183 108 46 138 106 91 148 63 0 37
8 45 194 131 175 136 130 160 113 77 110 0 39
4 194 136 75 77 104 72 167 62 152 91 0 16
9 69 78 162 152 170 46 75 145 155 99 0 44
3 133 119 194 58 101 63 76 175 93 85 0 15
10 150 182 108 144 89 187 114 120 174 194 0 49
4 79 59 83 71 114 167 58 148 129 55 0 18
10 176 115 112 144 43 152 74 113 114 87 0 46
10 79 139 134 132 53 43 99 64 69 153 0 47
3 189 40 75 56 80 199 161 65 49 41 0 13
4 181 191 129 80 188 128 118 123 45 151 0 17
6 140 178 159 156 113 148 139 53 175 187 0 28
4 87 83 169 166 91 135 56 74 56 142 0 19
8 193 87 89 116 71 71 200 44 80 136 0 39
8 130 138 116 113 186 119 109 133 113 128 0 37
6 66 69 67 73 175 113 112 141 71 102 0 26
8 81 96 149 165 59 199 88 194 122 142 0 38
3 61 91 200 135 43 125 86 55 191 119 0 12
7 54 113 149 122 95 172 162 156 64 189 0 34
4 42 146 126 77 99 184 175 158 147 83 0 20
4 192 120 197 179 130 124 114 118 49 113 0 18
8 192 99 198 105 43 171 134 59 151 50 0 39
7 147 163 43 81 131 179 112 168 186 99 0 35
8 136 146 72 138 54 199 61 100 173 134 0 38
4 81 109 46 49 155 164 109 158 156 79 0 16
10 164 136 124 99 68 66 122 59 69 192 0 48
4 108 182 101 162 173 136 126 43 51 95 0 17
3 65 142 117 162 118 194 89 98 131 104 0 12
6 73 51 96 99 179 75 54 163 172 168 0 30
9 41 139 154 50 168 151 97 75 198 102 0 44
4 175 187 141 50 195 98 119 107 151 164 0 20
3 181 186 86 162 189 166 172 144 89 114 0 13
5 124 94 188 138 200 115 192 67 126 136 0 22
4 127 85 186 50 154 142 76 128 144 175 0 19
10 185 60 89 181 145 146 90 98 64 45 0 50
6 136 70 146 89 150 68 139 122 198 114 0 28
7 117 63 63 75 136 64 77 130 146 172 0 33
8 62 106 149 79 104 147 85 74 43 71 0 38
6 87 196 72 118 69 99 62 160 124 110 0 30
8 96 51 169 92 88 113 112 66 146 98 0 39
5 148 196 51 83 90 69 69 43 120 116 0 24
3 55 110 81 177 114 45 60 64 188 85 0 12
3 64 97 116 170 197 173 117 181 147 40 0 13
6 71 141 161 168 47 57 63 170 70 61 0 29
8 185 43 199 144 129 190 67 78 160 197 0 37
8 45 193 62 53 74 200 107 122 41 173 0 40
10 147 102 100 189 179 77 135 128 59 59 0 46
7 175 143 95 85 201 200 126 69 195 193 0 32
4 102 113 118 149 41 200 99 66 71 53 0 18
8 69 167 75 61 71 146 56 121 118 159 0 38
9 88 105 128 164 142 59 138 41 198 113 0 41
8 87 134 195 84 126 103 148 196 170 46 0 37
3 173 57 77 188 199 87 115 101 93 130 0 15
3 116 71 195 184 141 121 86 181 69 92 0 15
4 118 84 167 71 106 183 105 53 78 122 0 16
8 156 64 64 99 168 166 131 93 126 126 0 39
10 103 193 130 183 147 163 102 83 195 120 0 47
4 199 140 50 91 165 188 166 41 77 118 0 16
10 175 168 101 111 124 169 99 121 117 112 0 48
4 113 154 43 107 83 80 75 115 170 156 0 18
3 89 139 85 173 181 47 76 168 116 197 0 12
4 112 59 160 148 83 83 133 176 178 172 0 19
7 178 108 59 165 172 91 160 104 120 143 0 35
10 130 57 137 143 183 51 78 128 162 44 0 46
7 198 96 110 193 99 152 63 108 55 154 0 35
4 83 47 150 94 130 131 104 105 128 185 0 20
7 195 191 125 170 108 118 110 180 89 99 0 32
5 146 116 169 49 182 156 93 104 93 117 0 24
9 183 61 90 131 177 166 181 133 57 68 0 44
4 43 158 45 81 165 63 132 56 67 174 0 19
7 164 107 75 44 93 118 61 177 57 56 0 32
8 114 51 147 187 81 40 171 43 193 146 0 39
6 158 140 199 158 99 106 148 66 101 46 0 27
4 88 76 201 101 88 45 115 122 101 155 0 17
5 166 114 154 136 168 146 57 132 191 82 0 23
5 42 170 180 148 150 191 160 111 109 147 0 22
5 57 130 118 181 161 133 105 124 56 189 0 24
10 179 196 54 53 120 195 43 76 124 48 0 47
5 159 58 68 92 134 129 99 42 189 173 0 24
10 111 147 185 91 137 191 189 144 113 168 0 46
7 167 91 134 140 127 134 151 84 193 78 0 34
8 113 181 147 64 61 197 74 105 121 75 0 36
9 117 101 103 108 154 71 119 56 180 152 0 45
3 55 133 178 144 166 63 184 43 109 185 0 14
10 105 162 44 43 89 65 146 127 77 200 0 50
8 119 116 101 200 79 181 90 49 71 164 0 36
2 47 149 100 136 49 68 146 76 84 42 0 10
7 106 166 98 130 99 131 200 185 43 91 0 35
8 45 170 187 189 142 144 42 68 103 125 0 36
6 130 107 67 171 156 94 73 69 171 156 0 30
4 114 189 158 148 195 92 158 49 78 98 0 16
4 79 67 164 149 79 79 191 194 105 132 0 18
8 54 161 43 116 109 71 94 174 154 136 0 38
3 167 172 139 118 184 146 106 123 94 131 0 12
8 47 114 81 156 139 177 51 127 68 75 0 39
9 194 71 58 154 106 134 44 99 158 50 0 43
8 161 47 177 83 57 64 185 71 87 159 0 40
5 49 45 186 129 152 167 79 185 142 132 0 24
8 142 99 155 62 83 118 67 61 145 63 0 37
9 49 139 187 93 146 49 169 121 79 144 0 45
4 43 147 129 49 136 85 87 170 70 168 0 16
9 47 74 114 172 104 80 141 82 93 141 0 42
5 124 142 97 158 190 100 197 176 129 132 0 22
8 47 40 77 55 88 91 45 165 188 149 0 37
9 112 138 41 109 108 54 115 112 164 72 0 44
6 155 45 199 163 66 90 197 168 63 93 0 30
6 134 52 45 128 49 92 195 85 200 195 0 30
6 106 189 85 46 47 105 142 130 155 151 0 29
4 82 48 160 124 120 195 147 61 87 48 0 18
8 121 82 149 75 168 154 61 110 126 190 0 36
9 101 130 57 96 165 145 187 52 146 86 0 42
6 68 150 151 130 46 172 59 73 51 114 0 27
7 143 175 95 54 135 64 85 181 128 154 0 31
6 101 131 154 199 197 146 91 191 44 199 0 28
10 122 127 49 147 157 135 110 107 92 127 0 50
3 170 109 85 108 62 58 47 170 127 106 0 11
2 67 106 163 46 154 45 160 97 47 64 0 10
3 132 72 190 53 192 86 128 171 69 187 0 12
7 90 159 99 113 111 146 125 67 179 78 0 32
7 83 75 60 98 66 179 53 122 177 99 0 35
6 198 95 85 181 195 117 97 74 130 168 0 26
5 46 124 123 145 98 142 78 197 101 131 0 25
8 187 49 83 56 128 158 51 48 47 140 0 38
8 156 187 167 129 135 99 173 164 52 132 0 37
4 108 168 199 48 99 63 69 58 131 179 0 18
6 181 159 134 45 130 190 85 116 158 156 0 30
5 171 43 100 150 170 138 83 54 45 169 0 22
3 89 58 200 165 53 146 90 176 151 161 0 15
8 44 135 95 72 92 98 63 69 155 201 0 39
9 175 190 197 170 86 138 43 180 101 189 0 42
4 103 87 189 115 76 121 157 100 133 64 0 18
7 181 77 200 55 65 95 65 45 48 105 0 34
8 199 187 89 117 191 47 160 65 109 141 0 39
8 100 133 173 142 171 174 74 175 85 193 0 38
4 137 194 43 195 160 99 51 152 188 146 0 16
8 144 65 122 94 52 59 132 101 109 123 0 40
10 101 171 167 60 114 68 98 147 197 52 0 46
6 104 136 166 112 198 63 146 156 48 120 0 30
10 62 113 42 160 45 75 149 176 193 199 0 49
7 128 78 69 63 139 77 93 168 154 97 0 33
8 106 94 161 185 153 175 127 62 130 147 0 36
6 168 200 120 51 139 193 178 83 57 65 0 26
3 94 191 73 148 92 63 150 49 112 152 0 11
3 95 130 181 199 59 67 49 52 105 53 0 11
7 63 120 170 43 177 152 184 105 78 151 0 34
9 76 151 168 62 176 200 146 41 53 161 0 43
3 120 53 80 77 191 135 88 43 70 132 0 13
4 51 153 43 185 191 67 118 118 62 133 0 18
6 85 45 49 137 193 142 136 149 44 109 0 29
5 71 149 154 122 156 124 189 57 94 160 0 23
7 105 59 136 58 61 161 118 169 147 90 0 33
6 187 108 146 178 177 174 121 106 112 146 0 27
6 100 121 77 126 107 168 157 47 195 130 0 27
6 122 95 177 128 92 74 106 91 102 175 0 29
6 154 116 65 160 58 164 118 178 120 120 0 26
3 72 168 155 91 156 57 189 185 50 108 0 12
3 112 135 71 71 140 103 83 69 162 94 0 15
5 117 180 89 155 138 59 73 99 175 106 0 25
4 49 179 166 186 93 60 75 62 168 46 0 16
4 183 54 45 50 198 174 103 70 180 168 0 16
5 87 170 131 124 184 46 65 65 137 148 0 22
10 52 138 149 175 104 106 198 122 149 157 0 46
4 126 53 174 148 75 64 49 130 100 41 0 17
3 121 92 92 162 150 120 118 142 59 56 0 13
6 56 197 56 187 162 173 160 177 125 136 0 28
10 43 115 133 78 96 194 168 68 93 195 0 48
10 111 125 147 181 153 175 183 122 53 100 0 48
3 50 106 193 140 138 195 176 102 201 132 0 13
6 200 172 161 48 201 126 134 89 148 167 0 27
8 46 175 83 151 90 175 46 85 56 196 0 38
4 112 142 189 119 193 193 78 60 159 53 0 20
6 75 177 132 115 191 169 113 190 67 49 0 30
3 112 83 164 98 42 120 102 159 41 91 0 14
8 161 59 166 160 150 166 111 65 118 166 0 38
8 97 140 107 155 47 77 67 74 119 84 0 37
3 192 195 116 171 193 190 124 141 162 166 0 12
4 181 83 72 81 136 51 140 195 164 55 0 16
7 71 185 50 131 146 85 105 144 114 51 0 31
3 151 68 95 111 74 134 194 74 179 189 0 13
5 122 187 73 63 86 127 87 154 51 160 0 23
6 79 141 200 184 52 164 146 120 73 79 0 28
6 92 198 148 158 63 80 124 51 153 71 0 28
6 106 77 156 158 167 53 158 70 99 131 0 26
6 60 172 172 69 119 103 87 51 49 64 0 26
4 161 141 63 45 131 160 190 64 48 177 0 19
3 109 149 50 77 140 185 41 112 125 100 0 12
4 57 112 48 60 124 139 192 85 149 192 0 18
3 95 69 43 130 51 173 83 195 188 77 0 13
9 168 135 87 55 154 179 78 179 126 134 0 41
6 120 67 140 111 167 66 160 48 124 96 0 29
4 77 51 171 183 131 89 176 121 124 72 0 17
9 189 129 104 145 54 142 103 98 191 175 0 43
7 181 177 101 79 77 148 76 106 103 45 0 31
10 81 123 185 134 114 122 156 58 141 67 0 48
2 132 129 121 103 183 162 99 174 144 181 0 10
8 141 43 138 153 66 170 146 103 77 59 0 39
9 146 87 148 106 113 77 84 130 186 64 0 43
6 47 170 175 193 120 108 79 144 123 168 0 27
10 75 201 90 60 118 69 101 91 175 73 0 47
3 168 117 126 94 96 192 95 47 47 109 0 14
9 77 120 102 162 173 101 147 100 157 68 0 43
3 190 51 166 76 47 71 110 158 189 112 0 12
4 58 142 159 148 198 156 52 48 74 168 0 18
3 145 110 83 97 106 108 116 133 153 53 0 12
6 83 176 200 63 71 125 47 70 165 174 0 26
8 45 151 165 186 97 138 126 108 115 142 0 39
4 181 165 79 154 167 176 155 176 130 48 0 18
9 85 99 117 100 195 112 156 158 59 86 0 42
10 174 183 166 114 54 70 86 81 95 182 0 50
8 195 153 86 59 103 68 81 59 188 182 0 40
7 131 54 121 168 154 150 118 115 78 51 0 32
4 70 138 43 71 98 160 184 122 81 65 0 18
9 147 83 109 193 43 47 161 99 121 180 0 43
4 130 142 112 172 178 146 169 76 140 69 0 18
5 91 81 79 113 98 166 119 152 187 157 0 25
5 155 78 170 69 150 58 42 45 51 176 0 25
4 156 66 150 57 138 117 59 194 42 132 0 16
9 59 151 61 44 155 189 143 132 185 199 0 45
7 106 61 190 125 189 97 142 175 109 63 0 31
8 124 98 190 115 86 199 105 108 113 120 0 40
3 49 153 154 139 170 142 75 127 126 189 0 15
9 40 177 76 102 101 104 188 145 159 139 0 44
8 170 47 89 131 73 159 118 52 150 150 0 40
10 47 54 121 120 104 88 145 105 151 41 0 46
9 146 185 191 82 77 101 91 123 92 176 0 45
6 93 152 105 53 71 73 196 185 47 104 0 28
4 172 163 166 68 80 47 45 164 40 96 0 19
7 140 50 112 43 91 133 71 65 93 93 0 33
3 54 80 130 52 125 41 54 151 41 60 0 14
5 51 64 132 156 162 137 174 196 175 162 0 25
6 169 179 183 122 49 59 181 173 176 41 0 30
10 46 144 172 136 47 110 153 125 101 132 0 48
3 106 65 45 170 57 139 75 66 103 81 0 12
8 61 166 89 65 109 131 200 106 163 164 0 37
4 150 123 53 80 180 146 108 127 80 88 0 16
2 113 160 177 71 139 197 84 138 83 43 0 10
6 198 138 199 143 143 81 61 133 194 106 0 30
6 55 69 183 102 84 122 64 65 116 130 0 27
8 151 170 44 199 86 79 72 50 106 92 0 40
9 84 46 101 176 86 143 162 102 119 164 0 45
10 65 71 125 78 109 196 57 190 79 150 0 47
4 175 179 154 89 105 42 79 52 105 195 0 17
4 151 125 180 194 181 94 65 93 138 173 0 20
8 61 61 126 68 62 162 90 118 88 59 0 39
5 163 185 67 186 196 91 63 73 185 193 0 25
9 58 90 158 109 181 91 42 164 63 75 0 45
5 145 196 154 173 65 69 103 105 164 83 0 23
7 158 183 116 54 49 91 77 103 73 140 0 35
6 76 75 190 112 80 192 161 55 82 111 0 26
3 119 90 57 167 62 141 180 131 195 74 0 11
8 158 174 50 67 106 152 194 144 41 66 0 40
9 179 73 120 60 148 183 195 122 43 75 0 41
4 102 125 76 58 110 95 135 105 140 52 0 18
4 193 41 135 139 122 99 163 75 175 71 0 19
7 181 152 41 147 194 112 168 58 72 151 0 35
8 167 95 76 198 109 89 186 73 175 177 0 38
7 99 119 79 179 156 112 150 80 160 175 0 34
5 162 134 144 144 166 163 197 165 187 160 0 25
9 115 106 140 184 124 100 160 172 134 170 0 41
8 128 173 137 155 194 188 116 53 144 56 0 40
7 68 91 62 106 141 74 117 132 50 61 0 34
8 72 148 141 152 195 119 163 114 182 199 0 39
9 156 43 136 82 165 45 43 55 145 121 0 45
4 183 177 106 50 187 91 61 120 41 126 0 18
9 172 193 166 181 106 41 138 103 117 193 0 41
4 176 160 70 109 159 66 150 63 93 45 0 19
9 160 201 64 103 199 105 72 47 110 136 0 41
6 89 76 53 162 90 99 129 184 197 45 0 28
3 193 118 47 52 80 97 165 160 57 68 0 11
6 164 101 56 170 134 139 133 72 115 176 0 29
5 115 96 92 42 106 197 97 49 171 161 0 22
3 95 105 153 81 165 195 112 173 61 88 0 12
8 69 159 103 149 108 73 197 80 78 143 0 37
7 112 55 199 116 67 152 150 157 111 116 0 33
6 53 45 114 190 130 172 75 150 87 125 0 29
10 108 54 170 101 182 73 63 149 124 152 0 47
9 108 183 191 98 158 102 66 195 148 122 0 44
2 105 126 198 61 62 55 163 146 101 115 0 10
6 70 56 89 192 52 180 105 65 57 77 0 30
4 152 51 103 161 53 61 183 120 171 169 0 18
9 118 106 145 65 79 201 51 156 82 194 0 41
4 109 63 135 192 136 67 61 149 168 108 0 19
7 138 49 162 140 67 136 164 114 138 170 0 32
10 90 64 115 139 101 44 134 177 197 107 0 47
3 118 84 99 110 192 164 66 97 90 172 0 12
9 52 163 145 81 55 141 53 47 57 199 0 43
4 142 140 176 106 172 125 132 64 120 175 0 19
7 71 158 47 128 80 118 186 107 181 146 0 35
8 118 123 45 76 91 48 162 47 123 78 0 40
9 116 87 154 126 163 97 185 147 87 109 0 41
3 177 179 194 118 94 108 130 151 184 115 0 15
10 42 140 81 58 132 168 160 126 178 115 0 46
6 172 101 196 196 94 138 137 133 122 92 0 28
7 116 61 94 91 178 190 83 95 146 108 0 32
4 128 150 56 109 138 97 193 110 151 147 0 17
8 166 79 140 197 179 66 55 177 144 195 0 36
3 120 171 199 126 51 170 134 182 44 69 0 12
5 78 139 122 198 91 138 135 119 120 176 0 21
6 104 196 148 184 74 118 159 152 166 81 0 26
3 155 138 73 130 126 125 146 186 125 168 0 12
5 166 74 108 126 57 81 157 79 164 160 0 22
8 55 40 81 126 79 188 140 76 194 172 0 36
4 123 45 188 155 131 49 41 195 106 134 0 16
5 100 41 98 152 125 166 59 84 58 74 0 21
6 182 71 166 149 76 68 140 125 196 132 0 27
6 155 64 56 55 71 55 153 73 168 94 0 27
7 93 63 136 193 150 41 87 143 77 97 0 31
6 89 57 195 123 175 171 116 64 106 101 0 26
4 130 189 99 138 84 179 190 84 187 93 0 20
2 59 169 134 142 130 108 106 106 47 177 0 10
5 124 77 126 66 41 142 189 61 67 93 0 21
7 100 46 117 198 60 53 44 47 56 89 0 33
5 110 196 165 91 137 133 194 111 143 151 0 21
6 73 191 79 78 63 89 123 56 98 142 0 26
6 149 60 53 57 131 159 152 68 145 148 0 30
8 161 96 133 189 144 196 194 136 45 177 0 38
4 179 46 181 168 177 199 114 177 62 197 0 20
8 124 186 178 178 86 185 82 121 163 79 0 39
5 189 73 198 176 84 132 150 137 99 129 0 24
7 95 153 150 112 117 106 154 101 55 162 0 34
10 119 117 154 81 117 47 93 122 171 66 0 47
8 45 41 98 195 126 101 173 51 199 172 0 38
6 95 136 141 116 108 189 162 176 59 134 0 28
7 177 189 73 187 195 75 122 193 45 99 0 32
4 146 83 96 137 70 103 153 136 151 187 0 19
8 133 170 105 166 128 158 90 87 189 108 0 40
9 105 147 194 175 136 148 192 159 133 120 0 43
9 125 118 78 68 128 183 65 176 181 199 0 41
5 199 91 120 55 140 138 172 156 75 82 0 21
4 142 158 168 128 169 57 178 140 139 162 0 19
7 89 65 123 157 187 60 181 134 109 45 0 33
10 153 72 84 187 84 75 140 139 131 106 0 50
9 89 104 71 77 93 157 87 185 42 45 0 45
10 151 147 157 187 185 114 195 129 58 156 0 49
4 113 186 67 142 87 80 74 43 136 73 0 20
8 133 131 162 53 53 143 91 186 166 114 0 38
2 108 141 142 75 71 105 193 52 194 92 0 10
3 171 49 105 158 111 153 108 122 63 162 0 13
7 45 82 195 55 124 79 73 172 63 195 0 32
3 159 195 155 47 93 179 167 138 154 168 0 13
10 125 109 84 71 160 79 65 86 59 58 0 48
3 118 132 140 141 166 166 97 177 47 105 0 13
4 156 114 84 51 50 57 185 176 93 99 0 16
8 144 61 58 71 62 77 67 172 146 147 0 39
5 166 153 138 189 170 128 60 59 103 47 0 22
8 62 70 65 137 192 199 108 82 180 82 0 38
5 59 140 89 183 99 82 89 128 55 181 0 22
7 147 63 177 113 89 120 142 183 132 189 0 33
10 151 154 95 96 72 55 190 153 136 116 0 50
3 156 52 198 147 164 140 130 152 170 151 0 15
5 129 56 164 60 117 90 160 74 134 162 0 22
4 139 98 127 90 132 120 141 116 49 77 0 20
5 184 74 76 115 95 71 70 67 159 158 0 24
4 166 136 171 163 145 181 112 185 57 138 0 19
5 189 76 89 65 154 93 195 102 152 111 0 24
9 61 99 149 48 40 136 161 154 176 77 0 43
8 189 174 155 96 141 132 69 131 133 138 0 38
3 69 170 61 119 172 178 44 58 109 140 0 11
8 141 79 102 105 180 109 92 176 101 169 0 38
7 117 59 91 166 114 176 86 128 75 56 0 33
6 142 136 132 67 135 121 89 193 183 195 0 29
4 172 45 144 65 88 150 57 117 125 110 0 17
7 148 73 189 191 41 77 183 94 172 127 0 34
7 112 43 187 71 69 163 125 176 47 146 0 34
6 97 51 56 165 160 83 106 144 89 89 0 29
2 49 42 194 183 66 112 114 71 83 55 0 10
3 119 105 166 146 93 117 159 55 50 194 0 14
4 89 150 191 134 44 132 179 152 135 164 0 20
8 79 92 148 150 93 63 143 58 101 177 0 39
9 112 137 62 168 70 173 150 160 169 80 0 43
6 135 53 122 97 123 49 174 112 42 169 0 27
4 158 54 51 101 142 44 154 57 86 130 0 20
9 90 119 63 127 143 166 42 142 71 141 0 43
3 97 196 192 155 127 41 40 134 109 199 0 11
6 66 78 120 114 122 65 79 140 171 200 0 28
9 140 82 142 76 96 147 152 43 55 172 0 45
5 73 165 63 101 77 170 104 144 189 138 0 22
9 99 167 43 81 55 77 102 68 187 87 0 44
3 124 186 97 90 75 55 54 157 59 155 0 11
10 83 78 58 124 114 191 79 57 136 48 0 47
7 181 85 142 179 99 93 129 125 77 101 0 34
7 140 95 140 93 154 185 80 90 138 132 0 32
8 84 121 163 51 180 145 114 81 152 106 0 39
9 168 47 196 73 80 86 51 82 75 84 0 44
6 175 153 196 201 193 49 76 193 106 49 0 29
8 67 70 83 106 82 129 172 146 82 193 0 37
6 102 198 151 185 60 190 71 69 192 134 0 29
7 150 177 186 40 102 166 181 171 198 78 0 33
3 155 126 90 118 149 110 85 134 128 77 0 13
5 141 166 193 121 199 184 56 101 172 143 0 22
8 155 192 102 190 192 77 51 164 150 169 0 36
7 85 154 200 45 190 44 134 179 194 66 0 33
7 51 85 194 139 173 103 190 174 192 107 0 31
6 152 44 125 85 154 128 148 195 81 112 0 29
8 89 107 130 112 179 107 112 142 62 122 0 36
6 91 175 51 116 79 199 123 157 149 123 0 27
5 84 154 170 41 100 166 142 96 47 170 0 24
6 193 167 55 70 132 167 55 46 69 103 0 29
5 115 135 143 182 195 137 48 83 148 157 0 22
10 65 131 106 179 99 49 136 175 136 136 0 46
5 187 131 171 135 149 151 100 142 197 170 0 21
6 61 144 148 187 150 185 139 172 164 64 0 30
6 56 185 51 139 81 116 126 179 190 55 0 29
8 150 172 107 63 53 188 110 159 174 98 0 36
9 97 69 149 62 45 168 149 134 44 113 0 45
3 157 93 79 142 170 152 163 175 169 55 0 15
6 187 74 47 166 91 123 200 103 183 73 0 28
3 127 47 98 51 41 111 144 139 187 154 0 12
6 53 103 130 193 101 58 126 175 118 137 0 30
8 179 91 153 159 81 108 188 192 125 142 0 38
7 42 152 160 99 66 177 135 139 197 135 0 32
10 68 189 177 135 198 97 135 59 194 124 0 50
7 98 126 133 170 152 53 170 65 124 45 0 33
10 109 66 142 66 136 59 73 105 50 94 0 47
7 71 127 76 117 170 73 142 54 112 41 0 34
6 98 81 62 167 97 87 112 84 124 84 0 27
6 158 70 111 87 134 63 77 94 131 95 0 27
3 71 146 191 90 115 61 152 102 164 183 0 13
5 182 47 93 177 183 196 110 79 75 195 0 22
10 162 182 74 111 112 102 170 176 81 73 0 50
6 58 86 54 200 175 191 176 172 179 70 0 28
7 116 179 197 113 56 134 126 180 87 66 0 35
3 99 108 130 112 169 170 181 170 121 196 0 11
5 64 138 138 41 166 197 149 103 128 166 0 25
8 109 114 77 141 135 101 73 132 187 58 0 36
6 104 139 158 59 120 62 132 92 189 143 0 26
10 198 169 85 87 144 90 89 90 76 145 0 47
8 75 187 97 162 151 98 90 182 180 126 0 39
5 66 128 123 170 57 152 166 70 48 96 0 22
4 80 115 100 83 137 95 82 76 159 200 0 20
6 144 183 111 158 168 116 168 55 44 181 0 30
8 81 87 117 158 101 152 164 109 121 78 0 38
4 95 137 132 117 155 48 99 93 116 184 0 17
8 105 180 138 47 126 69 121 104 135 185 0 36
4 119 130 198 157 60 200 98 114 139 110 0 20
10 197 85 124 198 45 137 129 173 140 154 0 46
10 177 177 64 85 49 142 191 132 91 181 0 49
10 84 85 174 189 171 64 56 67 93 43 0 50
7 164 97 91 200 99 167 150 94 165 84 0 31
6 112 172 110 63 55 134 115 49 41 158 0 26
3 93 135 160 144 43 140 108 130 79 49 0 11
3 75 136 46 194 102 106 112 112 140 55 0 15
3 74 154 151 186 125 127 69 151 82 128 0 13
3 63 112 74 105 67 154 64 73 147 50 0 11
5 176 183 127 177 67 142 67 47 54 100 0 24
6 95 185 44 118 172 77 55 69 166 179 0 27
4 157 193 84 151 80 158 101 57 178 149 0 16
3 51 170 159 87 46 138 81 122 76 117 0 13
7 46 95 110 120 88 72 156 133 166 72 0 32
4 57 177 83 126 130 59 185 105 146 186 0 20
4 108 172 73 197 76 57 67 110 104 55 0 20
5 120 197 93 75 128 43 168 171 77 92 0 23
4 142 191 142 189 171 79 87 134 155 195 0 19
3 86 170 88 56 59 91 139 187 112 139 0 13
10 48 162 81 177 85 193 105 85 79 66 0 48
10 165 187 197 47 99 180 67 54 90 139 0 47
10 189 139 171 95 65 171 118 160 102 41 0 48
3 109 90 63 195 56 112 129 117 97 179 0 14
10 130 175 138 91 192 168 103 197 106 159 0 47
3 61 69 41 151 84 196 67 113 120 63 0 14
6 136 169 44 153 112 116 60 101 198 130 0 27
6 71 49 185 83 82 81 85 128 196 95 0 30
4 145 168 108 132 196 160 47 111 132 171 0 19
9 201 57 81 129 123 176 124 91 104 82 0 45
4 146 81 191 62 181 63 123 135 90 173 0 16
10 123 139 157 168 114 175 156 54 126 62 0 47
6 67 66 183 140 120 155 132 71 133 143 0 28
9 91 129 134 191 97 97 78 97 77 128 0 43
4 55 194 83 59 45 66 157 84 63 133 0 18
9 120 76 162 135 47 143 155 52 140 47 0 41
5 50 193 162 56 195 157 109 75 124 185 0 24
4 78 126 130 106 167 187 54 105 116 123 0 20
3 51 41 97 128 57 190 102 90 116 154 0 12
4 168 57 165 131 151 97 53 121 98 193 0 16
9 138 76 162 77 103 47 173 134 148 47 0 42
6 60 186 196 197 149 115 148 184 149 183 0 29
10 182 68 127 197 84 67 85 148 48 126 0 47
3 181 68 76 181 87 88 61 151 113 122 0 11
4 152 116 160 144 118 112 160 126 45 104 0 20
3 157 56 196 77 75 47 181 160 133 175 0 12
6 106 196 61 177 83 118 99 193 93 129 0 27
7 50 140 182 97 88 68 187 85 155 138 0 32
8 88 144 146 118 154 161 162 47 110 74 0 39
8 162 55 150 69 78 191 68 172 57 110 0 38
10 136 158 92 45 194 49 196 89 196 43 0 46
7 191 82 107 50 183 108 74 114 189 71 0 31
4 172 120 44 43 172 134 49 124 73 190 0 17
3 66 162 190 131 121 198 92 52 197 47 0 12
6 172 145 179 74 201 102 87 153 122 104 0 28
6 165 164 76 142 138 129 111 101 177 162 0 30
3 151 190 55 69 197 159 74 61 91 78 0 13
7 147 101 85 172 75 92 128 87 94 141 0 35
8 181 103 122 87 65 148 43 49 146 106 0 40
10 140 68 105 112 122 168 130 62 95 152 0 47
6 95 195 167 136 132 158 56 123 117 138 0 30
3 108 41 58 189 167 66 172 63 70 144 0 12
10 53 170 83 47 165 69 166 93 145 64 0 47
7 91 132 49 65 92 140 104 140 122 143 0 32
6 139 87 71 41 101 58 138 63 150 52 0 26
5 122 185 60 85 89 87 193 63 63 48 0 23
6 138 89 87 156 50 105 77 81 67 65 0 29
3 191 128 156 67 178 50 187 89 41 182 0 11
5 132 141 43 122 115 140 115 60 44 93 0 24
9 101 99 47 55 83 174 192 68 144 47 0 43
7 62 73 177 81 146 87 99 166 160 177 0 35
7 184 88 128 92 191 58 159 180 152 49 0 31
9 121 43 136 48 122 77 164 81 124 61 0 45
5 114 159 149 124 56 179 189 99 168 128 0 21
6 72 176 137 114 95 160 57 192 151 65 0 29
8 176 137 128 48 53 181 140 114 49 116 0 36
8 179 104 81 80 94 81 47 200 118 44 0 36
4 76 61 66 166 158 107 138 168 55 130 0 17
10 187 105 118 44 46 106 184 147 185 111 0 47
6 183 187 55 83 155 75 180 185 150 162 0 30
8 156 110 82 103 41 167 140 159 139 63 0 40
6 68 186 149 57 117 99 173 171 157 71 0 28
4 168 101 93 81 132 66 124 124 184 194 0 18
9 81 149 157 140 135 139 53 59 102 137 0 45
8 127 150 42 106 63 152 66 128 127 66 0 37
4 82 76 115 142 87 134 130 76 175 182 0 20
5 71 85 136 160 127 130 140 122 194 149 0 21
7 45 94 144 47 73 121 153 136 50 158 0 35
6 144 77 157 79 137 170 55 125 72 82 0 30
4 41 122 138 126 131 187 197 144 158 41 0 16
5 104 198 75 91 170 179 145 54 71 81 0 22
2 89 84 188 53 152 59 98 69 106 183 0 10
3 147 51 180 47 118 123 151 190 101 159 0 14
7 138 197 101 97 81 148 188 149 59 194 0 32
7 144 85 132 58 137 190 149 168 175 178 0 31
8 106 103 108 76 100 75 189 158 102 98 0 40
5 118 94 125 156 146 192 152 193 178 123 0 25
3 133 173 95 191 87 52 66 84 174 109 0 15
5 88 118 142 148 67 166 147 198 45 180 0 24
3 139 194 185 76 89 65 89 106 62 105 0 15
8 118 89 173 199 128 170 167 143 187 134 0 38
10 56 62 158 120 47 170 95 112 113 188 0 48
3 154 110 154 95 183 159 117 73 100 63 0 14
4 64 160 158 175 114 98 195 41 115 181 0 19
10 91 93 69 155 152 107 170 114 80 193 0 48
8 151 154 85 65 153 103 83 184 74 111 0 38
6 42 126 179 128 179 169 44 112 99 91 0 29
8 132 165 71 152 65 81 114 97 142 76 0 38
8 175 138 46 61 128 174 70 148 95 47 0 38
6 106 185 150 113 81 71 69 66 173 87 0 26
8 120 63 81 180 64 152 47 86 51 185 0 39
6 166 76 171 195 87 71 144 41 158 178 0 26
3 193 173 132 73 128 108 194 177 186 171 0 12
9 119 87 88 86 83 200 95 73 153 156 0 42
8 175 42 170 156 147 72 177 131 87 197 0 36
3 165 125 110 45 106 195 45 130 195 56 0 13
10 142 95 82 166 178 138 130 97 41 123 0 47
5 88 77 61 153 140 160 49 88 97 182 0 23
8 89 162 123 53 174 122 83 174 46 92 0 40
4 127 171 179 45 181 121 173 90 112 97 0 20
9 133 98 91 54 58 176 131 108 117 176 0 42
7 56 142 82 174 175 47 191 89 81 160 0 31
10 49 92 90 91 75 115 139 130 97 152 0 49
6 187 69 199 55 169 63 176 102 194 193 0 29
3 172 187 184 181 100 168 46 101 111 87 0 11
10 197 172 83 126 139 71 168 137 158 125 0 47
3 162 141 62 95 189 89 193 191 165 191 0 15
8 192 126 55 166 154 142 109 73 151 65 0 37
8 97 118 114 108 136 166 42 50 193 175 0 38
10 84 69 111 156 83 147 187 94 54 86 0 47
4 139 43 77 135 69 123 67 196 167 149 0 16
3 103 80 146 124 189 42 185 198 105 87 0 13
9 128 47 73 51 96 62 144 179 127 195 0 41
9 197 57 130 113 108 191 118 152 162 173 0 41
3 164 180 75 57 169 128 133 74 88 169 0 15
4 161 178 200 66 196 181 106 182 144 146 0 19
4 186 51 110 71 81 150 92 114 163 165 0 17
4 170 96 79 92 97 193 112 94 170 154 0 20
3 112 43 86 114 144 109 189 125 64 179 0 13
7 93 118 114 151 116 107 124 47 41 42 0 31
10 52 59 68 127 91 56 92 168 121 49 0 49
10 121 150 84 55 110 117 79 166 127 85 0 46
9 101 87 55 58 56 87 185 145 135 114 0 43
6 62 169 191 70 137 61 45 66 49 154 0 28
10 150 45 74 187 126 121 119 193 83 108 0 47
9 87 130 52 63 200 49 171 162 168 112 0 41
5 122 89 131 108 101 183 157 93 72 117 0 21
8 143 136 186 76 67 148 52 80 73 141 0 38
5 168 80 69 132 179 166 144 58 128 133 0 22
9 76 99 106 48 126 90 137 128 57 199 0 45
6 157 106 123 80 118 73 170 69 110 199 0 28
7 67 120 105 187 87 90 118 126 156 145 0 32
5 159 65 104 188 59 115 95 190 197 190 0 25
10 69 86 52 61 140 154 53 182 187 108 0 50
3 103 124 103 138 80 84 41 110 97 62 0 15
9 158 71 193 162 126 95 166 90 123 76 0 43
10 145 66 170 149 101 199 104 88 124 81 0 50
5 105 47 62 182 189 186 43 175 109 146 0 21
4 87 172 127 85 178 143 101 179 135 163 0 20
3 189 79 191 66 173 152 200 147 193 174 0 12
7 158 110 162 191 47 153 108 136 197 199 0 33
8 128 89 67 128 160 157 91 177 138 121 0 38
2 43 106 200 100 40 49 112 142 45 176 0 10
3 108 87 102 172 181 200 111 156 161 160 0 12
7 133 129 77 77 115 65 189 49 92 108 0 32
2 142 110 73 56 153 117 198 171 173 146 0 10
4 145 59 117 191 149 94 146 55 90 179 0 20
9 103 70 67 156 51 162 148 194 152 64 0 45
3 95 163 113 138 119 129 90 59 123 135 0 13
3 85 119 53 99 45 68 105 99 179 179 0 11
9 158 168 156 139 158 67 142 59 159 80 0 41
5 105 50 53 114 51 188 47 172 132 85 0 24
5 83 66 110 103 163 171 93 51 196 111 0 21
10 173 176 133 87 132 134 84 164 96 144 0 50
10 198 128 160 191 48 49 117 156 123 71 0 46
9 103 47 63 114 183 156 168 182 114 116 0 44
7 57 143 149 139 87 93 151 133 132 147 0 33
10 107 148 164 56 171 184 88 73 131 127 0 50
10 59 172 175 74 164 77 137 89 50 74 0 50
8 117 59 127 152 181 81 191 106 54 154 0 38
7 177 85 178 178 110 122 59 171 111 105 0 33
4 78 196 106 147 129 150 160 130 166 139 0 16
5 149 108 193 98 89 95 120 101 113 178 0 25
9 144 129 144 194 128 180 177 179 183 180 0 44
3 101 126 116 53 159 141 85 88 132 94 0 11
4 151 196 80 109 41 144 188 121 155 142 0 20
8 47 164 100 173 93 60 132 197 83 123 0 39
9 53 109 104 47 134 145 79 169 93 91 0 42
8 175 183 47 114 107 114 91 174 63 77 0 38
10 71 69 90 63 54 43 87 52 51 197 0 50
4 55 73 58 194 125 166 60 142 181 139 0 16
9 187 172 51 181 190 185 176 116 168 63 0 41
10 128 183 190 172 143 144 81 59 132 189 0 48
3 122 125 89 139 123 182 192 144 79 126 0 12
2 129 74 52 187 46 83 164 184 89 144 0 10
9 102 194 105 175 112 166 166 172 62 165 0 44
6 99 55 141 69 116 193 184 191 156 56 0 30
4 122 84 138 96 138 158 164 175 176 97 0 19
6 108 195 95 77 53 194 106 60 164 163 0 29
3 190 51 102 110 136 168 106 140 94 178 0 12
7 151 199 194 145 106 62 87 136 103 48 0 35
9 72 196 59 124 125 96 172 90 69 61 0 43
10 145 152 85 109 120 65 112 84 124 136 0 47
5 89 172 79 152 48 46 93 97 79 165 0 25
9 113 157 180 110 116 120 58 94 107 197 0 41
4 94 136 198 100 170 126 64 51 87 109 0 18
7 151 83 183 184 78 168 189 75 192 182 0 34
3 177 161 109 196 77 45 120 43 197 186 0 14
4 148 99 96 124 109 157 55 151 60 65 0 17
6 86 100 181 67 170 160 141 55 87 198 0 30
10 162 162 100 115 91 181 47 88 156 195 0 46
6 191 160 183 150 162 185 156 148 47 192 0 27
6 129 201 116 41 90 195 197 73 150 137 0 29
9 126 172 197 189 66 138 128 83 143 195 0 43
3 61 156 162 155 115 92 69 193 79 160 0 15
4 122 133 146 183 163 183 58 71 77 74 0 20
8 83 121 92 107 116 142 65 53 47 90 0 38
5 141 136 184 45 50 145 172 71 51 121 0 24
5 131 130 142 41 187 75 70 88 149 72 0 24
8 192 146 49 68 134 175 60 71 159 153 0 37
9 41 179 109 189 97 122 86 47 148 53 0 44
8 56 163 64 200 198 145 121 109 67 115 0 40
9 109 185 164 131 158 201 144 91 89 48 0 43
9 110 130 168 169 97 112 64 194 104 45 0 43
3 94 128 177 61 82 174 128 114 181 49 0 14
8 133 184 67 74 81 127 45 157 109 199 0 38
100 121 102 78 104 105 81 82 98 129
120 125 159 179 183 211 226 244 266 291
107 140 144 178 200 206 240 243 277 297
113 138 140 161 199 208 239 243 263 284
105 126 152 175 187 205 231 256 273 284
105 137 149 171 197 217 228 256 260 290
116 139 143 168 198 209 226 240 260 290
119 134 145 176 182 200 233 256 276 287
101 131 158 160 193 213 239 259 269 294
113 140 142 173 180 211 223 253 270 300
101 122 141 167 197 200 239 252 278 287
112 137 158 176 200 220 233 256 262 296
113 128 144 174 200 204 230 256 279 285
103 120 146 169 183 200 220 246 273 294
103 134 153 162 193 220 225 255 276 288
116 138 156 178 187 200 239 240 267 298
109 125 155 170 187 216 221 257 264 282
107 139 140 171 198 220 235 253 275 283
104 127 158 172 189 220 232 252 270 286
116 132 141 164 197 207 225 243 271 295
104 139 148 176 181 214 228 256 262 293
107 136 140 169 184 216 229 247 274 298
113 123 156 172 183 212 239 250 265 280
119 127 149 171 196 209 225 240 276 287
102 125 149 179 188 203 229 260 274 300
103 120 154 163 198 209 222 241 271 292
118 130 157 179 190 215 228 241 270 290
100 124 149 160 193 210 221 246 276 292
110 125 146 171 188 213 228 249 280 288
104 123 160 175 191 219 235 256 261 281
111 121 146 160 193 204 220 253 274 286
106 125 143 165 198 210 230 255 273 295
119 138 141 176 195 214 222 257 276 286
104 123 153 176 200 216 231 260 280 281
102 120 158 172 194 203 226 241 262 283
114 125 158 169 198 214 239 242 267 294
106 124 145 177 180 218 232 260 279 284
108 126 141 171 189 204 237 255 278 299
115 132 146 171 186 207 229 258 277 294
113 132 150 166 180 219 236 249 265 294
101 134 141 169 190 207 220 242 266 283
115 135 140 161 193 216 223 250 280 280
114 123 152 165 199 201 230 254 274 284
108 126 141 168 199 206 240 246 263 299
111 129 144 168 198 206 237 249 263 294
104 140 151 179 199 200 240 257 260 297
113 134 144 165 194 205 221 260 280 287
101 122 154 180 182 217 236 247 274 284
101 138 158 178 188 215 222 252 273 285
114 131 149 165 200 213 220 253 272 282
117 130 140 178 181 209 240 255 272 288
112 139 140 180 191 211 223 260 264 284
110 125 160 163 189 200 230 250 280 289
105 140 143 176 182 211 222 252 260 294
113 125 146 166 186 216 228 247 260 281
106 121 158 163 200 202 237 244 262 288
116 133 147 169 196 205 238 251 271 288
110 132 141 177 194 203 237 247 261 282
113 121 142 162 181 208 222 244 276 286
107 122 143 174 199 211 231 248 273 289
111 138 155 170 195 220 229 244 270 288
104 132 159 164 190 217 235 243 271 293
100 126 145 170 186 215 226 260 262 281
120 133 152 177 188 200 227 250 274 292
105 127 157 171 193 211 228 245 273 284
109 136 148 168 197 220 237 255 277 285
106 132 151 163 182 200 236 245 272 287
108 130 150 178 187 208 230 250 261 282
102 122 140 160 197 211 240 260 275 294
101 123 142 168 192 212 238 243 274 280
108 139 148 170 193 207 237 246 280 283
116 139 148 166 192 216 232 251 267 290
102 128 156 178 191 205 223 255 264 294
101 128 154 167 184 212 228 248 272 291
112 140 154 162 184 205 229 252 266 281
100 124 150 174 183 217 232 241 266 294
120 120 148 163 187 214 220 240 275 284
116 139 142 175 183 200 230 249 267 280
119 139 144 163 182 214 230 258 274 281
116 128 155 177 191 216 234 251 262 284
101 137 154 167 180 217 228 245 278 287
117 136 160 172 195 218 220 255 273 281
116 140 140 176 188 220 229 256 276 285
117 134 153 174 191 215 227 256 263 280
109 135 151 164 194 200 238 250 266 280
116 134 148 180 186 215 228 252 280 280
116 128 150 166 188 210 237 245 270 287
116 123 147 162 200 215 222 250 262 298
120 121 148 163 200 213 223 250 278 287
111 139 147 173 192 215 221 244 272 290
106 127 140 172 194 213 236 242 267 283
100 121 155 176 185 219 237 241 278 297
101 125 155 162 185 217 222 241 263 287
111 128 148 171 182 207 226 247 262 300
106 134 151 173 195 215 227 260 278 300
115 124 142 176 184 217 240 252 272 280
111 131 144 171 191 201 239 242 266 285
120 129 145 167 193 210 227 258 263 289
102 127 153 177 181 215 223 252 266 292
105 135 142 179 185 215 227 243 279 292
102 123 147 160 187 202 238 246 278 292
118 120 158 161 198 200 227 246 263 280
100 125 144 167 183 204 240 257 271 300
112 135 140 162 197 210 225 258 272 295
110 130 148 177 195 200 223 257 263 287
109 135 152 161 181 209 236 248 275 292
105 120 144 161 186 212 227 255 276 298
110 128 153 161 183 216 237 252 269 291
111 128 145 177 189 217 220 241 276 296
115 123 143 169 194 220 230 250 264 293
107 129 141 160 193 214 228 241 266 281
116 134 148 176 187 220 227 254 266 293
119 127 146 169 195 207 236 240 280 291
102 125 149 175 185 207 228 259 266 286
100 120 142 168 190 203 234 254 273 297
110 126 140 161 187 220 229 253 279 293
107 130 149 161 189 214 223 241 267 291
111 126 160 180 183 208 231 251 267 281
119 130 152 172 188 205 232 253 271 294
100 135 143 163 196 219 233 244 277 286
112 126 142 170 194 209 234 253 265 297
119 123 151 176 186 218 234 257 274 298
117 128 158 163 195 204 230 259 277 298
105 128 143 163 198 202 220 247 276 287
118 122 149 169 194 215 238 249 260 286
116 123 146 171 190 216 234 241 269 293
119 128 159 173 199 216 224 255 261 295
120 137 154 173 190 205 231 244 266 295
109 130 151 174 180 211 239 252 275 289
112 136 154 160 198 219 231 260 261 283
112 123 160 170 196 209 225 259 278 292
103 126 155 164 195 201 222 256 279 297
116 131 148 167 188 211 220 241 261 287
106 121 154 164 183 212 239 242 277 287
118 120 142 170 200 220 229 253 260 289
100 121 142 173 186 211 229 252 277 295
120 137 148 168 190 206 228 251 271 288
113 122 153 171 189 219 240 248 280 290
116 138 159 164 193 209 220 251 265 286
105 121 140 172 198 212 236 251 275 286
104 124 150 176 199 201 223 241 270 280
117 127 147 170 194 218 238 243 270 284
114 139 153 172 193 217 226 246 276 280
119 133 150 178 192 215 226 258 275 290
108 136 143 171 184 208 238 252 278 283
105 127 151 160 184 212 237 243 269 284
103 135 143 169 192 204 223 241 261 283
102 122 160 170 198 204 239 252 264 286
100 120 152 168 192 204 233 258 263 299
119 139 156 160 186 202 227 258 265 299
100 121 147 160 183 207 221 241 260 291
100 129 140 163 181 210 238 254 268 291
113 127 142 164 199 213 239 242 278 296
107 131 148 166 193 213 226 258 279 285
111 128 157 179 188 216 228 254 274 297
110 126 146 162 184 200 234 257 262 296
102 136 160 176 194 200 223 257 264 291
112 135 144 179 199 218 230 251 274 292
100 122 155 165 197 203 233 242 271 281
103 124 143 172 183 217 232 243 273 280
104 123 155 169 191 200 229 253 279 280
107 126 160 176 190 214 240 241 275 300
111 134 142 166 195 212 237 250 276 300
100 125 153 180 199 216 236 247 273 295
110 127 154 168 187 219 240 240 267 282
116 138 143 176 194 212 225 246 263 287
114 134 148 160 191 219 237 243 274 281
114 131 150 175 196 209 232 244 265 292
113 125 144 179 191 211 233 258 273 297
118 125 157 179 183 205 232 246 269 292
110 130 146 160 189 208 236 258 267 298
109 138 142 175 181 214 228 243 265 296
101 129 159 161 186 202 229 256 269 281
120 122 145 166 191 219 227 241 264 289
108 129 157 173 180 220 232 248 276 289
100 138 160 178 195 210 226 248 268 291
115 133 142 175 183 215 229 259 271 298
112 130 151 180 188 206 224 240 262 289
101 131 155 173 194 217 226 258 273 292
114 121 147 176 196 212 238 240 274 299
119 125 143 176 185 213 238 252 264 299
113 128 140 167 195 211 220 257 273 293
108 123 145 176 182 205 229 244 265 282
107 134 155 168 198 218 227 257 261 287
103 136 140 169 184 202 229 250 263 289
104 131 158 162 189 201 235 244 265 286
109 129 141 168 181 219 228 253 262 296
104 124 140 176 182 208 239 255 264 282
102 140 142 161 191 202 228 242 262 289
110 130 150 165 194 215 227 244 271 294
118 134 147 173 186 219 221 251 279 288
104 127 149 160 200 215 238 260 271 299
116 121 142 164 183 209 236 256 272 300
102 132 140 168 192 211 221 251 269 286
109 122 153 160 185 212 220 245 264 294
104 134 157 169 180 201 233 246 262 283
103 137 159 163 200 217 229 252 272 297
109 136 151 175 182 215 224 249 279 280
104 138 156 168 195 218 220 244 269 281
116 128 154 173 197 201 223 248 262 284
102 126 151 178 198 209 221 257 275 280
100 129 160 162 195 206 235 258 274 294
120 120 143 161 188 213 231 257 274 286
102 122 141 162 197 209 240 250 260 291
108 135 155 160 195 215 235 241 262 292
118 122 141 174 197 206 227 249 265 288
115 138 160 162 186 202 224 252 276 286
107 125 153 162 192 202 232 257 263 291
105 128 140 171 188 214 236 242 267 284
102 136 158 175 182 201 239 252 264 293
106 139 151 167 199 210 238 240 271 281
106 121 146 170 192 200 237 256 263 290
117 120 152 161 193 201 235 256 273 300
115 138 160 169 196 217 234 255 263 290
101 131 154 178 182 216 227 249 277 289
117 130 144 175 197 206 234 242 277 281
104 128 147 173 188 207 230 243 275 297
103 135 151 166 196 213 234 240 277 293
103 131 147 169 187 211 238 256 263 282
110 138 146 173 189 203 220 254 260 288
114 136 159 167 195 214 235 252 260 286
107 134 160 164 197 213 225 260 264 296
106 121 140 165 195 220 225 249 272 282
112 130 149 160 192 209 240 255 262 294
109 133 147 179 181 207 236 258 276 286
111 139 144 177 185 219 239 259 262 282
114 137 144 160 183 203 235 243 280 280
115 139 154 163 192 212 230 241 264 300
110 138 154 170 195 220 238 242 277 298
112 127 150 164 185 209 229 259 262 285
110 120 153 167 188 201 240 248 276 298
116 122 153 178 191 219 221 244 270 291
101 130 149 179 189 219 230 260 263 299
101 121 155 177 182 207 221 249 268 300
111 122 160 163 188 206 234 260 265 281
101 128 160 178 190 207 240 254 280 293
112 135 155 172 194 208 222 247 269 284
114 123 153 176 183 201 224 252 268 300
109 134 149 163 200 203 225 248 278 285
102 127 156 167 186 206 232 255 275 296
105 139 154 173 193 213 240 250 261 280
103 139 142 174 196 212 236 246 274 297
100 133 150 164 197 205 230 244 280 286
109 123 152 174 196 215 229 258 270 298
102 124 151 180 183 202 236 253 276 286
104 126 160 177 180 201 220 250 273 283
115 126 145 162 199 200 228 253 269 296
100 139 152 177 183 207 231 259 268 293
100 136 152 162 183 213 223 244 276 297
114 121 143 171 191 203 236 248 265 284
117 134 148 160 187 207 235 258 265 281
120 120 141 168 186 211 220 251 280 297
103 140 151 163 194 215 223 247 264 295
105 126 143 163 184 217 240 257 267 298
111 127 152 163 180 209 221 256 260 293
107 128 155 178 196 218 223 241 270 283
110 131 146 179 196 200 230 241 280 282
103 128 148 166 197 216 231 258 277 286
119 139 147 168 193 208 221 250 272 284
111 130 155 177 181 214 225 258 263 299
118 121 140 161 181 202 222 260 275 288
106 132 157 170 182 215 235 249 278 289
118 134 152 160 185 218 234 252 261 295
118 131 143 160 187 217 231 240 265 291
116 136 153 168 183 212 221 240 273 280
104 120 147 168 184 218 220 252 261 295
103 137 152 168 195 205 225 251 275 299
112 134 145 170 189 218 240 257 278 294
102 120 144 171 180 217 231 258 266 284
119 133 157 170 188 215 222 243 262 298
113 126 140 179 196 210 232 254 261 286
108 123 141 169 189 201 222 240 261 284
118 124 140 170 195 210 227 252 266 295
115 133 143 169 185 219 236 242 263 282
119 137 156 162 182 214 221 259 269 296
109 138 140 178 199 200 224 250 270 292
110 127 155 172 193 205 232 244 267 280
112 125 150 179 198 216 234 257 280 300
102 136 147 164 188 219 226 246 278 287
117 136 155 164 200 205 229 249 270 282
114 140 143 167 195 218 230 260 260 297
113 132 159 162 185 220 231 243 280 298
113 136 149 160 199 219 236 249 261 293
108 132 144 161 196 220 232 252 275 290
111 130 160 176 188 207 226 251 274 291
110 134 142 172 190 214 229 251 280 295
120 121 156 166 189 204 222 253 276 299
101 128 148 180 192 210 229 253 267 294
100 125 154 169 195 214 240 254 271 300
106 137 153 167 181 213 226 257 277 299
115 130 149 160 193 209 234 249 278 285
102 140 147 163 196 203 222 241 261 295
103 131 157 166 192 211 220 242 278 293
119 124 147 172 197 203 240 249 274 292
120 133 157 169 186 218 224 250 267 299
105 139 144 162 184 219 221 244 280 292
111 130 151 167 195 211 234 245 274 284
118 123 144 164 191 202 238 248 276 281
106 133 145 177 191 207 228 245 279 291
104 120 145 160 183 201 224 244 267 289
109 125 146 171 199 210 234 260 268 288
100 135 145 165 180 212 228 245 277 285
116 134 150 179 196 201 236 240 269 292
100 128 155 177 185 205 229 248 263 292
114 133 155 161 180 204 230 248 270 282
107 124 141 164 185 206 233 248 273 282
110 123 143 176 198 203 236 254 275 296
103 135 160 180 198 209 228 240 279 289
120 140 146 179 193 210 223 255 263 291
101 123 155 175 192 204 228 260 271 282
114 137 159 177 200 218 235 254 269 300
114 131 156 172 188 204 220 254 270 281
118 138 154 180 197 206 221 241 280 295
117 132 145 171 196 218 236 244 272 293
118 136 141 162 200 217 222 242 271 296
118 127 151 165 188 208 234 254 268 282
118 133 155 162 183 211 236 255 263 290
108 137 153 162 200 203 238 240 278 293
113 130 147 179 180 220 232 243 271 281
105 125 140 180 200 204 231 244 268 299
105 129 149 167 194 220 227 258 261 285
110 121 142 177 191 201 223 247 271 294
103 133 156 177 197 212 239 245 266 288
103 134 154 162 189 213 220 259 275 287
105 129 148 175 186 220 231 251 275 281
109 138 146 167 197 201 232 240 260 288
111 140 149 166 183 215 236 256 261 286
108 140 151 176 200 217 233 247 271 291
110 126 150 173 192 202 222 248 275 296
117 139 152 169 191 211 223 253 274 286
114 131 154 179 200 206 230 245 278 293
120 132 152 163 185 215 225 253 276 297
113 128 155 175 186 203 235 244 276 282
111 129 158 176 196 203 240 240 260 289
108 120 140 170 187 206 231 243 268 286
111 122 159 175 183 215 222 245 269 288
115 121 140 174 185 209 220 256 262 295
101 136 151 176 198 211 228 256 272 289
105 125 155 161 196 209 237 243 269 293
108 121 148 164 192 215 230 246 263 290
103 135 158 180 183 211 228 243 260 296
110 139 140 180 199 202 232 257 269 291
117 131 146 170 199 220 231 246 261 290
120 130 151 175 195 219 236 250 260 298
102 123 157 172 181 215 221 258 266 285
113 133 158 170 194 214 236 254 272 281
120 134 142 175 185 210 223 260 276 289
107 126 142 162 185 214 226 247 280 293
107 134 145 169 195 216 227 250 279 298
115 138 144 164 188 203 220 249 267 290
109 140 155 165 188 214 223 241 267 295
111 125 154 162 183 211 231 250 275 299
120 138 143 169 180 211 223 258 280 295
106 132 150 168 186 206 221 250 267 280
117 132 155 161 192 205 239 250 276 300
114 136 150 166 191 218 222 250 264 287
110 128 142 160 186 202 237 259 266 290
107 128 160 175 187 213 236 251 275 289
109 137 141 160 187 200 240 243 279 283
101 123 152 178 185 204 223 257 276 293
111 133 155 179 195 219 234 258 276 284
111 121 142 165 184 210 238 243 280 298
103 136 153 172 182 206 234 243 265 298
119 126 151 162 187 212 236 244 272 287
104 136 148 173 189 208 231 241 263 294
117 120 155 174 200 207 232 240 263 289
116 123 144 176 199 218 232 241 270 292
100 136 141 166 186 215 229 247 262 299
105 121 148 174 193 209 227 255 273 295
120 120 154 167 183 201 236 257 275 286
105 135 149 179 190 213 232 243 276 299
110 120 141 161 189 214 220 242 265 297
103 138 159 162 198 201 234 246 274 281
105 132 157 164 187 211 229 254 260 300
105 123 155 180 192 207 224 249 263 295
111 121 155 176 184 205 239 246 271 287
104 137 157 178 193 215 223 247 262 280
112 138 153 170 180 201 230 248 272 294
115 140 159 173 189 215 231 241 270 290
111 136 154 164 193 218 220 249 277 291
101 134 143 167 192 203 240 247 270 299
107 139 160 164 189 201 231 260 261 281
117 128 156 166 190 211 238 242 266 299
120 135 154 160 189 220 220 246 264 288
106 121 148 174 181 219 229 241 271 299
103 127 153 166 193 208 224 259 274 294
114 140 145 165 192 206 223 256 260 287
120 135 149 163 193 211 240 244 270 291
117 137 150 178 191 208 221 252 280 286
114 134 153 174 188 216 234 256 280 290
113 122 140 174 182 215 225 243 280 293
107 135 148 164 183 215 235 247 273 295
108 122 143 163 185 213 222 243 274 299
110 134 144 160 191 212 229 245 272 290
120 133 145 174 191 220 229 240 276 300
116 123 150 161 185 219 225 258 280 293
102 125 160 164 186 217 227 259 268 281
113 129 144 164 193 208 232 260 271 282
108 133 149 165 196 217 225 257 264 284
112 122 149 162 194 215 220 244 268 299
101 135 158 170 189 209 236 240 268 285
106 129 152 172 191 212 237 241 266 295
114 129 158 161 195 206 224 257 274 282
117 125 151 163 193 212 237 253 276 297
110 127 154 175 200 204 239 254 273 282
119 128 151 178 195 215 232 250 263 300
110 134 151 172 194 202 221 257 266 293
109 124 141 175 196 207 234 241 267 289
102 120 157 167 195 206 239 260 265 294
113 134 158 160 190 203 240 251 265 298
105 128 151 180 194 211 227 257 265 284
107 136 159 171 185 204 224 249 262 290
106 124 148 168 191 219 221 259 265 280
103 124 142 173 195 205 239 251 280 297
116 134 149 179 194 201 239 256 267 296
109 129 149 178 184 204 222 255 276 295
116 138 150 178 198 202 226 252 270 296
109 135 156 171 185 219 239 242 268 299
101 133 159 177 183 213 226 247 280 299
117 129 143 171 193 202 234 252 265 289
108 126 145 160 185 209 229 253 279 281
113 131 146 169 196 204 228 241 267 294
112 133 159 171 184 202 224 247 265 292
112 134 158 170 186 200 223 252 278 283
103 120 144 180 192 204 240 244 266 281
108 137 152 176 184 204 232 256 279 290
103 126 140 173 200 202 221 244 274 296
119 121 152 179 187 220 240 246 263 294
114 122 142 163 195 215 234 253 271 294
106 128 145 166 185 202 235 256 261 290
118 120 146 166 188 202 221 251 263 296
115 138 144 167 190 215 220 240 265 294
111 138 148 171 195 207 228 248 280 281
101 128 152 161 188 211 220 246 276 289
111 120 160 173 191 202 236 240 260 285
112 132 147 162 199 213 230 251 271 284
112 139 150 173 181 219 228 259 280 292
104 139 153 166 183 208 240 247 266 286
112 131 150 168 185 216 220 251 264 283
111 120 144 179 195 216 223 244 280 290
116 129 140 167 188 202 224 249 279 289
105 139 147 176 195 212 224 254 277 283
109 128 148 165 190 219 235 247 277 288
119 125 152 165 184 209 232 240 263 284
112 132 149 180 190 200 223 258 271 291
118 131 142 163 194 213 230 257 260 299
112 134 150 169 200 207 240 242 264 289
103 126 153 168 197 204 222 250 260 299
102 130 141 166 191 213 235 258 276 289
109 134 152 169 200 211 224 252 261 289
112 135 148 163 187 213 238 245 269 286
115 132 158 172 198 212 225 248 262 296
110 121 140 173 184 211 229 240 279 285
108 138 146 165 197 212 225 247 272 298
118 138 153 164 183 212 228 252 262 281
109 137 143 177 183 209 229 259 275 291
111 139 154 173 186 200 224 253 274 280
112 136 145 165 197 202 229 252 273 287
108 137 142 163 182 209 236 245 260 293
120 129 160 174 190 208 225 241 272 293
119 136 156 169 187 206 226 242 262 296
100 140 146 177 186 202 227 245 266 280
110 139 155 180 192 218 225 240 279 293
120 127 146 175 191 215 229 253 277 283
114 125 142 172 189 204 236 241 269 299
108 125 141 173 185 203 233 245 262 288
109 130 142 166 195 206 223 258 263 292
104 139 154 161 180 205 239 258 261 294
101 131 153 165 188 220 227 256 270 295
119 134 149 174 200 219 234 248 272 287
117 122 160 179 185 205 240 255 280 285
102 136 152 164 190 202 221 259 273 287
109 128 146 165 193 203 224 251 278 298
107 134 158 164 180 219 222 254 270 284
116 121 148 165 194 213 235 260 274 291
108 139 144 170 189 215 240 254 273 290
112 136 145 172 196 202 238 245 272 288
105 134 159 180 183 204 228 244 274 298
116 127 155 167 192 219 238 246 268 292
119 125 141 180 181 209 227 245 270 294
111 132 144 164 191 200 228 249 266 280
105 138 149 179 195 201 226 254 269 299
120 124 148 180 200 216 220 246 275 287
108 137 153 174 189 203 227 250 266 282
104 132 157 177 194 203 224 252 264 292
116 135 148 175 186 208 228 242 263 285
106 121 149 173 188 202 236 242 274 289
111 133 148 177 194 219 232 242 276 287
107 136 143 164 181 211 220 242 264 289
115 135 144 168 197 207 228 247 267 298
101 132 143 179 198 203 238 257 263 291
112 129 151 166 195 216 233 252 275 295
114 128 150 167 194 215 228 243 277 282
100 135 140 180 188 203 236 256 276 290
119 131 153 165 183 212 224 253 280 280
111 127 147 160 192 216 224 252 266 285
112 120 159 176 184 220 228 245 274 299
120 136 152 168 183 220 228 243 262 296
107 132 146 169 191 204 220 246 275 289
112 136 143 172 200 214 223 246 262 287
104 138 144 179 183 207 238 258 272 287
118 133 147 169 192 219 240 241 264 287
107 127 141 173 180 206 221 249 267 283
106 131 155 161 184 214 224 243 272 298
103 136 157 169 187 214 227 241 278 285
119 137 142 160 189 220 224 252 272 287
107 126 158 169 198 211 222 252 273 287
118 122 160 164 184 218 229 242 273 292
120 133 154 167 196 214 228 259 270 292
102 124 160 167 192 218 224 251 280 295
119 136 159 162 188 201 222 242 275 281
105 134 146 169 197 204 220 256 274 296
119 129 145 176 181 208 221 243 271 287
119 130 143 160 181 205 222 246 279 290
117 129 142 174 199 220 225 251 262 290
113 124 147 177 189 204 220 241 265 296
109 138 158 171 185 220 235 259 262 284
100 128 152 177 183 218 237 251 260 295
101 124 146 176 180 213 238 255 280 286
114 129 140 175 184 216 237 253 260 290
106 124 153 180 183 208 233 254 268 300
100 129 156 171 199 204 233 252 262 292
118 130 151 169 193 214 234 249 280 287
109 120 149 166 188 220 223 241 269 284
118 130 143 163 193 212 223 244 263 283
120 123 155 179 180 201 236 240 265 297
109 120 150 160 183 211 228 240 264 287
101 132 152 166 186 218 237 260 280 297
106 128 159 165 190 216 235 248 263 281
107 125 160 175 183 214 227 254 262 284
115 133 151 165 184 206 220 241 263 299
100 127 144 180 192 214 226 257 279 291
105 126 158 162 188 219 239 253 277 293
102 137 142 163 181 219 231 253 275 289
106 136 159 180 199 213 227 254 272 299
120 137 159 178 198 207 234 254 278 284
114 130 148 174 200 202 225 258 266 289
104 121 145 173 199 211 230 247 264 300
119 138 150 176 198 215 222 252 261 299
102 140 150 179 198 216 233 252 271 294
115 132 142 167 194 209 224 254 263 286
118 140 159 177 192 220 235 257 275 286
112 134 150 179 195 206 229 245 262 299
111 133 156 163 196 202 236 258 268 295
113 139 146 169 189 207 232 242 279 297
107 134 145 161 198 202 228 258 270 292
115 125 143 169 192 200 230 259 268 294
100 134 155 161 184 208 236 241 280 293
106 127 159 174 185 220 232 258 263 299
101 128 156 177 196 207 220 250 269 290
111 132 152 166 181 206 236 246 269 287
111 122 154 172 192 209 238 260 264 296
108 121 145 162 184 218 234 251 270 280
104 122 158 180 192 207 222 250 276 284
107 128 140 162 200 204 236 254 264 294
112 137 156 164 196 217 234 255 270 281
119 129 160 175 195 200 236 255 280 281
100 135 160 174 181 217 221 251 279 294
110 130 154 177 180 217 223 247 261 285
119 122 156 161 180 211 220 244 270 299
106 127 156 168 195 201 221 252 273 296
100 129 148 170 182 214 223 257 275 282
108 137 156 176 182 219 225 251 262 296
115 122 155 165 194 210 232 246 263 299
103 122 143 180 191 210 223 246 279 296
116 132 158 173 186 207 231 247 276 294
109 122 147 175 200 211 237 247 264 297
117 140 159 161 191 208 235 247 260 296
116 129 155 169 197 219 233 258 275 289
103 133 155 173 189 204 238 244 264 280
108 138 144 162 187 211 225 242 270 300
109 135 157 170 195 208 223 260 273 300
113 128 143 165 185 207 226 241 261 292
102 126 142 165 187 216 231 240 264 300
115 133 154 175 200 208 224 253 268 297
105 134 147 177 197 218 224 253 270 299
104 126 141 166 185 201 236 247 278 280
100 123 148 161 192 201 240 240 274 290
103 138 145 162 189 204 230 250 263 292
117 139 149 167 183 216 222 254 262 293
113 120 154 177 198 216 236 247 270 294
119 120 160 172 190 211 228 260 272 283
108 122 154 173 195 215 221 250 264 280
111 120 146 171 192 214 228 240 268 286
104 120 150 169 181 210 236 245 274 289
108 120 156 174 191 203 234 249 266 298
118 138 144 162 189 217 239 258 280 295
101 126 149 160 190 205 240 244 276 280
110 134 146 168 182 205 237 254 263 296
100 135 155 176 197 210 236 240 271 297
104 135 144 166 183 207 223 245 265 290
119 125 141 161 188 217 239 255 277 297
105 138 150 160 192 217 225 246 268 289
114 125 152 162 192 214 223 257 278 286
114 139 150 177 195 211 228 255 276 295
109 125 143 162 196 215 238 260 278 295
110 133 142 162 185 200 225 252 265 292
116 138 143 165 196 211 228 257 261 287
115 122 140 179 199 202 226 258 277 286
120 127 145 163 181 214 236 257 260 284
105 127 147 167 191 210 237 251 273 291
108 124 142 172 182 205 239 252 271 293
118 121 143 171 189 203 220 240 265 298
101 124 159 160 182 214 229 250 262 293
107 132 148 177 183 209 224 257 261 295
102 139 153 167 187 201 228 254 262 281
116 123 142 167 200 211 237 242 276 286
101 140 145 170 187 202 224 247 274 281
100 130 151 166 195 201 233 250 270 285
103 140 144 176 192 218 238 242 266 296
100 122 151 162 184 220 225 258 266 300
109 134 140 175 197 220 228 245 265 283
117 135 142 160 195 214 236 246 271 281
120 133 158 163 199 203 220 240 269 285
119 135 156 170 195 209 221 244 261 283
106 125 142 175 197 212 223 251 280 284
114 132 148 167 190 204 222 244 276 293
112 139 151 175 195 204 220 253 267 285
106 134 154 164 189 206 221 254 268 296
114 132 156 160 198 208 232 241 274 285
110 127 146 172 190 214 229 256 274 292
115 135 146 176 187 218 227 251 270 290
108 138 140 168 196 219 221 248 264 298
113 132 150 160 185 201 224 254 266 296
103 126 150 178 198 208 224 254 262 289
109 124 145 177 200 210 233 254 278 281
111 125 141 163 191 212 228 256 264 282
105 123 158 161 191 207 237 240 267 285
116 128 156 164 185 204 231 257 280 300
103 127 158 163 180 215 231 246 275 283
103 136 147 173 193 202 228 252 263 299
104 120 144 171 197 216 233 247 278 291
119 123 155 168 199 217 240 249 274 294
101 128 160 172 189 217 236 256 272 282
108 125 152 179 186 202 225 245 262 292
119 133 143 169 183 215 227 251 279 280
103 127 152 160 186 203 231 250 265 289
111 133 151 165 184 220 222 242 275 284
107 138 145 175 200 212 224 245 264 280
115 122 147 173 188 212 223 246 260 296
101 134 149 178 193 219 223 242 264 299
104 131 144 177 200 214 234 248 268 292
110 122 156 180 195 200 234 250 270 281
118 127 146 178 190 205 221 243 273 280
103 128 141 174 192 209 224 249 264 291
113 133 147 171 181 201 228 245 276 295
119 133 157 179 192 218 230 241 263 280
110 128 157 178 193 214 239 241 269 296
113 120 147 167 187 208 239 243 263 289
104 135 152 160 185 214 239 248 275 285
115 129 141 175 184 218 220 240 268 286
106 138 159 160 194 200 225 252 268 300
108 131 157 175 180 210 223 256 263 288
113 130 146 174 199 219 220 240 269 295
110 132 157 179 182 220 224 253 279 298
118 135 145 178 192 211 227 259 266 290
111 120 156 170 181 207 231 257 273 287
113 123 142 170 190 207 235 256 261 298
103 136 145 160 182 218 224 240 263 287
101 132 159 179 182 216 232 252 270 288
105 133 146 172 196 211 233 255 274 289
119 140 159 170 182 205 230 256 275 297
119 132 157 179 187 213 235 260 271 297
117 132 155 179 186 219 236 245 261 287
112 136 140 179 186 210 233 251 280 291
115 122 153 180 193 200 231 245 261 294
100 127 160 164 192 216 220 243 267 286
119 121 145 178 193 202 230 240 272 299
120 120 146 166 194 212 239 244 262 292
102 122 141 163 199 205 224 250 261 282
116 127 152 162 181 208 220 244 274 289
109 138 159 171 200 204 222 246 280 289
115 137 154 164 183 204 222 240 260 297
111 132 145 175 193 209 229 241 266 298
104 129 146 170 181 216 234 242 264 296
107 133 158 173 190 205 226 254 268 297
104 131 156 165 197 210 236 253 261 289
107 140 158 167 191 200 235 250 274 296
114 124 141 167 182 201 233 242 272 288
113 126 148 163 198 207 240 245 263 283
112 140 154 170 192 210 239 244 260 281
101 133 146 180 198 213 239 252 273 290
104 125 156 166 188 204 226 258 277 287
120 133 140 175 193 214 230 258 278 280
107 138 145 168 190 200 222 260 264 296
110 132 155 161 188 212 229 244 261 284
120 121 151 175 198 216 224 253 265 293
104 129 152 166 190 219 221 255 271 293
108 131 159 180 184 209 224 257 273 293
109 124 143 166 180 218 236 257 280 299
118 124 153 175 195 214 222 257 273 289
109 135 140 161 185 213 233 255 275 285
104 130 149 161 190 212 238 240 270 292
104 121 158 170 181 206 237 245 275 295
103 134 157 163 185 216 232 253 278 280
115 138 140 165 185 203 221 255 269 291
102 137 153 167 189 219 221 249 278 285
116 120 151 175 185 212 235 258 268 288
104 124 146 178 180 201 233 245 268 288
104 124 142 163 185 214 240 256 268 281
108 125 150 176 197 214 235 257 277 289
105 123 145 162 185 205 228 244 277 298
116 126 143 168 193 206 234 258 279 298
119 126 144 166 190 205 239 256 261 293
117 127 147 164 198 202 225 257 268 291
106 140 153 179 187 217 237 244 270 290
105 120 144 171 198 210 231 254 270 282
108 121 151 169 186 200 238 244 273 297
119 137 154 168 187 216 226 253 279 280
109 133 160 166 200 208 239 259 274 284
107 121 145 172 187 208 228 257 279 295
113 122 155 173 184 208 227 255 269 299
107 122 153 167 198 219 223 240 261 295
107 120 154 165 199 216 233 255 269 282
102 134 160 164 199 200 231 241 279 300
107 139 150 161 198 215 236 248 274 288
115 140 158 176 187 203 228 242 279 290
110 125 150 165 185 215 223 246 266 300
105 131 145 175 180 220 223 252 264 285
107 136 141 173 194 203 238 243 264 286
106 125 149 161 199 207 221 259 277 292
118 133 143 169 186 213 232 255 263 280
115 123 141 177 184 200 237 253 272 284
100 124 152 174 195 216 225 256 272 300
100 121 151 176 182 215 224 258 279 287
107 131 154 171 197 207 222 254 280 286
105 138 145 168 200 215 237 258 274 298
111 120 159 168 183 215 222 256 261 300
116 125 160 177 183 219 231 246 270 289
111 127 159 165 187 215 220 258 279 281
118 134 141 162 192 211 229 260 268 291
114 127 153 164 185 205 225 246 270 282
117 137 141 168 199 218 234 252 274 289
105 136 142 161 182 217 223 247 279 300
103 129 151 175 198 211 221 241 272 290
107 121 146 165 187 211 231 251 278 293
118 138 141 161 198 201 240 240 275 294
113 137 144 170 197 220 226 247 271 298
116 134 156 163 197 211 232 246 260 286
115 125 156 177 195 207 224 245 278 281
116 136 145 170 193 209 240 243 272 286
117 136 159 169 193 211 230 256 277 280
117 122 144 169 197 215 234 252 278 294
108 122 155 180 193 217 236 257 276 297
100 130 149 176 181 208 224 243 279 295
111 133 144 163 199 201 239 243 268 290
120 122 145 160 189 201 224 254 273 291
116 140 142 173 198 209 234 251 275 288
105 127 152 163 199 206 237 244 265 295
115 139 149 178 185 218 222 258 269 291
102 125 154 167 195 216 225 240 275 295
119 124 155 171 200 206 231 249 276 285
111 132 157 177 180 209 231 249 264 292
100 132 159 170 193 213 222 246 277 290
102 124 157 166 196 207 233 242 277 290
101 125 144 177 187 210 223 256 270 283
106 138 150 166 191 206 229 251 279 297
114 125 158 174 187 200 236 247 279 293
115 123 155 175 194 217 240 250 273 292
111 121 148 178 190 220 222 241 271 283
108 131 146 176 200 215 230 240 275 298
105 137 151 173 198 213 230 252 270 289
102 134 145 173 183 212 221 243 277 295
116 137 143 161 192 200 225 253 276 289
118 135 146 163 192 208 239 249 278 287
108 133 157 172 197 220 228 246 264 285
117 122 147 166 194 200 234 249 261 293
113 140 154 176 197 200 235 250 262 290
111 121 146 167 195 211 239 258 272 287
102 134 148 165 195 204 232 241 262 291
119 125 145 174 186 204 221 245 274 287
100 125 142 163 185 215 231 256 263 290
111 136 150 171 183 202 230 240 270 280
101 137 148 163 181 219 234 260 270 299
111 135 154 165 198 219 223 245 260 286
102 131 157 175 188 219 238 252 278 292
117 140 158 165 195 200 225 253 260 300
112 126 152 162 185 200 231 252 277 291
110 137 154 166 185 210 235 240 273 289
110 120 158 161 186 218 225 241 279 294
106 133 158 168 190 207 221 241 273 283
106 131 145 166 194 214 235 253 260 281
107 128 147 160 191 201 237 250 263 282
111 125 151 175 193 204 237 249 266 286
114 140 143 178 181 213 233 260 267 283
109 134 145 172 197 203 236 251 279 294
103 120 143 174 184 211 231 255 261 280
112 126 159 175 189 201 229 245 269 288
101 140 150 170 200 201 223 247 275 296
105 125 140 170 197 212 233 248 276 284
114 125 154 163 184 211 232 257 270 293
103 132 153 165 190 202 234 258 269 296
117 121 144 160 194 202 225 258 268 295
105 120 144 163 186 209 239 247 272 280
112 120 154 162 193 206 226 258 274 289
117 139 155 167 190 217 220 255 279 286
103 122 155 177 195 218 223 246 275 294
112 134 159 177 190 211 235 242 264 287
104 131 142 179 187 206 234 250 264 289
107 124 153 167 188 218 234 246 262 293
116 127 144 168 193 213 230 248 280 283
112 134 154 175 195 219 222 253 274 292
110 130 149 164 188 206 229 242 263 296
103 125 142 176 186 213 224 249 263 283
116 128 147 172 183 204 239 242 265 292
100 120 154 176 196 204 239 247 272 300
116 135 141 164 190 210 230 256 263 295
108 136 140 167 193 207 230 242 268 292
120 132 140 178 186 211 231 256 260 288
107 136 143 176 192 207 229 259 271 280
113 129 144 176 191 206 225 240 271 282
111 135 158 168 186 218 222 253 265 287
112 137 155 177 183 215 226 247 262 299
118 133 150 176 191 218 232 250 266 292
108 135 149 179 196 216 239 255 262 298
106 138 159 168 186 210 237 244 262 287
109 123 155 178 181 209 239 256 264 280
117 130 140 165 180 204 220 258 274 286
108 123 155 169 183 216 236 243 270 283
114 137 148 175 189 216 234 247 271 282
118 128 158 173 181 211 238 242 262 296
115 123 160 165 198 206 220 242 267 297
110 140 147 177 186 206 220 240 272 284
101 122 157 169 186 214 222 245 274 295
101 131 150 169 200 212 235 247 280 284
114 134 155 163 196 206 229 260 264 295
111 130 144 161 189 208 227 252 272 299
101 136 151 167 184 210 231 247 278 287
103 130 148 171 186 218 238 255 270 294
105 132 151 169 181 211 228 245 271 296
102 122 147 163 197 209 226 253 276 294
105 121 155 161 199 214 230 248 264 291
113 120 147 173 194 213 225 248 263 289
120 128 157 177 185 215 232 242 260 281
118 125 147 160 182 206 237 243 273 288
108 126 147 160 200 201 228 250 264 288
109 129 150 170 186 215 227 255 262 287
101 123 145 169 188 219 235 245 265 281
113 123 155 176 181 205 234 258 276 292
113 132 160 169 191 205 230 257 280 285
101 129 159 164 198 207 230 244 271 284
108 120 154 180 197 220 226 259 275 290
102 128 144 173 187 206 233 258 269 285
104 132 155 167 180 210 238 247 274 290
109 121 143 172 184 220 226 256 280 282
118 139 145 173 187 217 224 240 273 288
113 132 151 177 199 209 222 245 267 285
107 138 154 167 185 204 222 246 278 300
105 133 153 170 190 215 223 257 270 284
103 127 148 173 181 204 227 257 275 294
105 127 160 160 195 205 231 253 270 285
104 138 149 173 190 214 224 259 264 282
118 132 150 167 180 219 234 250 280 283
107 124 145 161 180 206 222 245 274 299
103 126 146 161 192 214 235 250 263 291
110 137 156 172 190 217 226 260 270 287
118 126 159 160 184 207 235 253 272 294
108 130 159 173 199 216 232 248 274 300
103 125 144 175 193 211 231 260 264 293
120 121 147 162 199 209 225 257 262 282
116 139 160 166 180 216 229 243 263 286
114 137 147 164 195 208 232 243 268 288
108 139 146 163 185 206 240 252 276 297
107 140 156 160 181 220 240 260 260 300
107 129 151 171 180 210 230 243 260 288
115 123 153 179 198 212 236 242 271 282
101 136 156 162 181 206 225 256 270 299
117 120 147 162 187 208 226 240 260 288
103 139 153 168 185 209 228 256 268 287
118 138 148 169 181 200 237 253 277 281
103 138 158 168 189 203 236 260 271 285
105 127 157 173 192 210 233 240 269 293
120 123 152 177 199 201 234 248 268 287
117 127 142 164 194 213 237 240 269 291
100 131 148 177 197 201 224 242 274 280
101 140 153 163 183 215 233 254 262 292
114 138 158 164 186 208 236 250 263 300
112 126 147 165 195 200 221 246 273 293
107 139 147 177 182 211 240 255 266 300
103 138 146 177 192 202 231 249 274 297
113 125 157 178 190 218 220 260 267 281
116 124 156 168 180 217 240 241 260 282
112 125 156 164 182 217 237 251 273 281
114 120 149 165 187 219 222 257 265 293
100 123 141 160 198 209 221 246 266 289
104 138 159 174 193 205 231 246 271 287
109 131 147 173 193 211 237 259 273 293
111 124 147 167 185 214 224 241 280 293
112 127 143 161 196 204 225 240 274 284
120 140 150 160 200 219 234 255 270 281
100 136 158 169 180 208 222 248 277 288
113 129 152 171 180 204 229 259 277 290
105 130 149 161 195 210 233 247 260 289
120 133 158 180 198 217 232 256 276 284
112 123 145 179 180 201 220 251 266 297
105 126 150 163 199 212 239 252 265 299
116 134 153 172 192 207 234 243 276 283
119 128 143 178 199 208 230 254 270 297
119 121 151 172 180 202 221 244 277 281
109 134 156 161 183 220 235 258 265 296
120 122 158 169 189 216 234 254 277 300
118 138 160 169 196 216 235 258 280 281
104 133 144 175 198 215 221 245 271 282
106 127 158 180 188 203 239 258 268 288
108 137 156 173 194 217 235 243 263 280
100 130 157 179 182 209 226 253 274 289
115 124 143 178 180 207 221 242 271 294
105 137 155 164 183 207 221 247 261 295
108 128 144 171 183 220 229 247 273 285
112 131 154 167 180 219 238 255 272 283
115 130 147 172 192 201 222 246 277 286
115 133 148 169 181 203 240 256 263 288
102 121 145 176 185 211 221 259 268 292
111 131 144 180 191 202 228 253 265 293
108 122 140 173 182 206 225 252 265 287
115 130 143 161 193 208 228 249 265 297
103 135 148 169 183 201 223 259 260 287
116 121 148 162 190 212 234 256 273 298
109 132 157 163 200 201 226 253 277 281
117 134 141 170 185 202 231 257 264 300
108 123 157 171 197 200 229 259 272 295
103 133 150 160 192 212 221 258 268 281
102 137 147 163 186 207 231 243 272 284
102 123 142 168 184 201 228 240 266 282
112 121 160 161 196 209 233 259 276 294
115 122 160 180 180 209 230 254 267 281
108 130 149 167 193 217 228 259 269 285
119 138 148 180 185 219 221 241 271 295
113 126 143 161 189 208 221 241 264 285
107 124 160 180 190 201 227 245 279 296
106 132 144 177 192 213 233 250 265 296
100 124 156 176 185 217 238 243 268 293
107 125 144 180 195 219 237 251 264 296
101 129 149 177 192 214 237 249 263 293
117 133 153 178 191 216 222 240 262 290
103 139 151 169 187 213 240 243 262 286
103 124 146 178 184 214 230 244 274 285
101 125 146 162 189 201 235 246 262 284
107 129 157 177 200 207 230 259 279 289
112 139 158 170 180 208 237 259 274 284
105 133 151 161 186 203 228 248 268 283
117 126 145 177 193 210 238 249 262 300
107 139 148 160 196 203 221 252 261 297
106 121 152 166 186 212 236 253 273 288
111 138 154 166 182 219 221 245 267 284
113 122 152 168 187 212 220 248 278 288
117 133 150 163 187 211 238 245 270 295
112 120 142 177 190 216 230 249 270 286
111 128 144 170 199 213 228 246 266 281
117 135 156 174 189 220 238 242 278 293
101 127 148 162 183 212 237 249 269 296
119 129 144 164 198 203 230 249 263 291
105 134 159 176 187 214 230 255 262 298
107 128 150 175 194 213 229 257 267 282
113 134 154 162 191 219 234 253 262 284
100 131 147 162 197 219 224 248 271 287
114 124 145 169 181 205 228 255 265 283
102 131 149 177 185 208 239 256 267 284
108 131 156 171 196 219 234 254 269 291
112 128 146 176 194 209 240 256 262 297
106 121 147 172 197 202 225 247 266 280
105 123 154 166 191 217 227 253 272 288
116 121 149 172 196 200 226 246 278 292
109 122 158 170 183 200 235 260 263 291
120 134 155 172 189 204 234 253 268 293
115 137 155 165 182 218 231 245 280 298
109 136 146 163 188 212 221 242 275 293
111 140 140 174 196 208 234 240 272 287
120 124 140 166 197 205 231 260 278 300
113 122 140 168 191 209 239 244 272 289
120 127 144 168 191 207 226 254 261 288
107 136 142 174 200 206 235 254 273 298
107 136 143 161 187 213 227 247 272 281
100 129 142 167 183 211 235 249 271 283
106 134 149 177 198 202 220 245 277 286
101 125 155 177 188 203 232 242 273 296
101 122 145 178 181 203 232 240 276 282
114 139 143 171 195 218 238 254 267 290
116 129 154 180 200 213 239 256 262 280
102 137 140 172 191 212 235 240 277 283
103 123 158 166 188 203 229 254 277 296
115 133 141 169 182 214 230 245 272 281
109 125 152 175 186 216 240 252 267 292
112 124 154 175 185 203 237 241 277 298
102 122 147 163 189 215 221 256 277 299
102 130 141 160 185 202 231 260 266 295
112 126 141 161 181 203 229 257 277 281
118 121 140 165 187 207 222 259 280 292
104 135 146 167 194 219 227 242 277 299
120 123 155 175 198 214 223 248 271 291
104 132 158 167 189 207 232 250 273 285
100 135 148 166 200 209 228 243 270 294
118 137 155 173 193 206 234 242 278 290
106 131 159 170 196 213 237 254 272 298
114 134 142 160 198 211 221 246 267 288
109 138 149 163 184 208 220 246 272 297
112 136 150 168 191 202 223 258 277 286
107 136 158 176 180 211 238 245 265 281
119 138 146 165 182 213 238 246 260 288
106 127 141 168 194 210 236 255 267 290
117 122 157 178 184 205 233 243 280 296
4208 4383 5574 6275 6415 7395 7921 8551 9321 10197
1933 2528 2600 3213 3610 3718 4331 4385 4998 5358
4189 5114 5189 5966 7373 7706 8854 9002 9743 10520
3052 3662 4417 5084 5433 5955 6710 7435 7929 8248
1162 1515 1648 1890 2177 2397 2519 2827 2871 3202
1864 2233 2297 2697 3178 3354 3627 3851 4171 4652
3102 3492 3779 4585 4742 5210 6069 6667 7188 7474
3037 3938 4749 4809 5800 6400 7181 7781 8081 8832
4867 6028 6115 7448 7750 9083 9600 10890 11622 12912
4754 5742 6636 7858 9269 9410 11244 11855 13078 13501
3927 4803 5539 6169 7010 7710 8166 8971 9181 10372
3737 4232 4761 5751 6610 6742 7601 8459 9219 9417
2789 3248 3951 4572 4951 5410 5951 6653 7383 7950
4951 6440 7353 7785 9274 10570 10811 12251 13260 13836
5576 6632 7497 8553 8986 9610 11483 11531 12827 14316
1316 1508 1869 2049 2254 2602 2663 3095 3180 3396
4180 5429 5468 6678 7732 8590 9176 9878 10737 11049
4791 5850 7277 7921 8704 10130 10683 11603 12432 13168
4648 5288 5649 6569 7890 8290 9011 9731 10852 11812
4791 6402 6817 8105 8336 9854 10499 11787 12063 13490
5250 6672 6868 8290 9026 10594 11232 12114 13438 14614
2381 2591 3285 3621 3853 4462 5030 5261 5577 5892
4292 4580 5373 6165 7066 7534 8111 8651 9948 10344
5107 6258 7459 8959 9410 10160 11461 13011 13712 15012
1037 1208 1549 1639 1990 2100 2231 2421 2722 2932
1542 1698 2050 2336 2480 2805 2975 3144 3521 3782
4107 5092 6118 6569 7923 8620 9072 10097 11328 11984
3308 3758 4389 5139 5650 6400 6851 7481 8412 8652
3543 4190 5449 5959 6504 7456 8001 8715 8885 9566
4337 4727 5703 6249 7537 7966 8591 9878 10698 11166
4777 5633 6444 7434 8920 9460 10361 11486 12297 13287
5839 6770 6917 8633 9565 10496 10888 12604 13536 14026
2503 2960 3681 4233 4810 5194 5555 6251 6732 6756
4189 4928 6487 7062 7964 8333 9277 9892 10754 11615
2858 3133 3959 4234 4960 5360 5986 6061 6686 7362
2869 3356 3924 4788 4870 5896 6275 7031 7545 7680
4111 4796 5366 6507 7192 7762 9017 9701 10576 11374
1963 2252 2491 2916 3172 3529 3904 4397 4721 5010
2268 2648 3009 3329 3610 4390 4731 4991 5311 5892
2229 2957 3111 3727 4190 4564 4851 5335 5864 6238
2308 2708 2809 3229 3870 4330 4471 5011 5612 5612
5708 6158 7609 8259 9960 10060 11511 12711 13712 14212
3356 3914 4380 5217 6179 6396 7451 7637 8164 9281
3338 3878 4329 5049 5950 6190 7121 7481 7901 8832
3439 4628 4992 5916 6577 6610 7931 8492 8591 9813
3963 4698 5049 5784 6800 7185 7746 9111 9812 10057
4754 5742 7247 8470 8564 10209 11103 11620 12890 13360
1017 1388 1589 1789 1890 2160 2231 2531 2742 2862
4910 5641 6416 7104 8610 9169 9471 10890 11708 12138
1763 1958 2108 2679 2725 3145 3611 3836 4092 4332
1800 2232 2248 2890 3066 3386 3579 4171 4235 4556
4958 5633 7209 7344 8515 9010 10361 11261 12612 13017
2632 3509 3584 4410 4560 5285 5561 6311 6511 7362
4528 5008 5849 6649 7450 8651 9131 9891 10412 11252
3824 4364 5697 5877 7210 7282 8543 8795 9444 10380
3372 3865 4272 4910 5694 5955 6913 7290 7871 8364
1658 1988 2124 2665 2920 3055 3566 3716 3926 4242
1477 1581 1855 2115 2363 2714 2897 3183 3600 3730
1719 1960 2297 2793 3194 3386 3707 3979 4380 4636
3671 4562 5124 5619 6445 7270 7568 8063 8921 9516
2607 3308 3984 4109 4760 5435 5886 6086 6787 7337
3607 4544 5229 6129 6706 7751 8147 9372 9444 10128
1808 2003 2289 2664 2830 3010 3416 3761 4122 4392
3472 4199 5190 5652 6379 6973 7535 8096 9021 9384
2514 3136 3413 3873 4541 5070 5462 5876 6383 6567
3082 3836 4388 4736 5288 5810 6855 7116 7900 8335
3140 3778 4359 5172 5433 6042 6681 7261 7580 8190
3373 4034 4628 5289 6511 6973 7931 8591 9087 9714
3340 4067 4695 5553 6346 7006 7865 8030 9054 9252
1411 1815 1933 2219 2519 2701 3092 3209 3652 3691
2444 2927 3117 3495 4042 4546 4883 5282 5618 6102
2455 3080 3753 4282 4594 4930 5363 6131 6347 7068
3037 3848 4629 5019 5530 6370 6851 7451 8172 8742
3144 3929 4321 4545 5162 5750 6423 7067 7460 7880
4907 6084 7359 8535 8977 10644 11379 11820 13046 14418
3368 3368 4153 4573 5246 6003 6171 6731 7712 7964
2328 2789 2849 3510 3670 4010 4611 4991 5352 5612
2864 3344 3465 3921 4378 5146 5531 6203 6588 6756
2212 2440 2954 3372 3639 4114 4457 4780 4989 5408
1017 1378 1549 1679 1810 2180 2291 2461 2792 2882
3167 3680 4329 4653 5275 5896 5950 6896 7383 7599
4764 5748 5748 7225 7718 9030 9400 10507 11328 11697
4103 4698 5364 6099 6695 7535 7956 8971 9216 9812
1098 1358 1519 1649 1950 2010 2391 2511 2672 2812
5344 6172 6817 8289 8566 9900 10499 11603 12892 12892
5808 6408 7509 8309 9410 10510 11861 12261 13512 14362
4880 5174 6183 6813 8410 9040 9335 10511 11015 12528
1688 1702 2081 2291 2810 2992 3133 3511 3904 4030
3227 4039 4272 5026 5578 6245 6420 7087 7900 8422
3824 4580 5049 6201 6994 7678 8507 8723 9624 10200
4207 5090 6519 7401 7780 9208 9965 10133 11688 12486
3946 4883 6054 6327 7225 8474 8669 9410 10269 11205
4670 5384 6225 7191 7654 8704 9503 10385 11016 12612
1385 1750 1972 2258 2545 2805 2961 3391 3626 3912
2193 2364 2707 3353 3506 4133 4571 4799 5180 5332
5558 6558 7209 8559 9560 10060 11961 12111 13312 14262
4928 5297 5954 6856 7923 8620 9318 10589 10794 11861
2557 3183 3834 4435 4535 5385 5586 6311 6662 7312
3577 4598 4837 6096 6300 7320 7729 8273 9498 9940
4189 5051 6036 6569 7677 8292 9769 10097 11410 11984
1306 1328 1747 1780 2188 2210 2508 2717 2905 3092
3507 4383 5049 5854 6415 7150 8411 9006 9497 10512
1912 2303 2388 2763 3359 3580 3836 4397 4636 5027
4738 5598 6373 7621 8395 8610 9600 11062 11321 12353
3496 4328 4873 5161 5802 6698 7563 7947 8812 9356
3472 3968 4761 5322 6148 7006 7502 8426 9120 9846
5398 6280 7506 7898 8977 10594 11624 12359 13193 14271
5003 5768 6534 7974 8515 9775 9911 10856 12432 13332
4953 5297 6158 7276 8352 9471 9901 10761 11363 12611
1934 2330 2547 2889 3484 3863 4115 4349 4800 5070
4184 4832 5337 6345 6742 7930 8183 9155 9587 10560
3221 3437 3951 4572 5275 5599 6383 6491 7572 7869
1129 1383 1648 1935 2045 2287 2519 2860 2938 3158
4107 4928 5831 6897 7800 8333 9605 10425 11205 12189
4188 4796 5328 6127 7116 8371 8713 9625 10614 11146
5037 6118 7012 7576 8893 10069 10492 11338 12561 13689
2339 2654 3369 3790 3853 4378 4862 5282 5619 5913
4530 4948 5785 6545 7154 7800 8827 9625 10310 11184
2307 3113 3298 3758 4518 5048 5370 5623 6383 6590
4152 4670 5263 6299 7188 7743 8669 9372 9816 11001
2507 2591 3180 3705 3916 4588 4925 5408 5765 6270
3284 3592 4433 4573 5470 5722 6451 7263 7768 8356
2003 2440 2726 3106 3772 3848 4191 4704 5256 5465
2840 2936 3585 4065 4666 5170 5723 5987 6251 6876
2212 2345 2783 3258 3620 4114 4457 4590 5123 5579
5363 5768 7164 7794 8965 9730 10090 11486 11756 13287
3608 4118 4629 5199 5710 6160 6941 7331 7991 8862
2297 2738 3180 3663 3790 4441 5030 5303 5787 6081
1576 1912 2165 2249 2782 3076 3245 3651 3665 3974
2920 3206 4169 4429 5106 5444 5861 6745 7240 7604
4951 6056 7449 7881 9370 9658 10667 12299 13404 14268
4764 5379 6077 6856 7718 8661 9031 9892 10713 11779
3400 3880 4937 5257 5866 6794 7659 7755 8876 9196
2722 2768 3275 3919 4610 5071 5278 5830 5991 6659
2507 3033 3559 4334 4660 5285 5736 6311 6937 7387
4808 5488 5929 6729 7610 8250 9131 10051 10852 11532
2042 2204 2763 3087 3412 3952 4331 4475 5052 5232
4880 5804 6687 6897 8116 8788 9251 10553 11141 12024
5152 5937 6869 8437 9712 10398 11575 12310 13487 14026
3439 4100 4959 5818 6577 6643 7370 7964 8922 9252
5858 6358 7359 8509 9710 10910 11911 12161 13512 14212
5708 6958 7659 8609 9660 10860 11311 12311 13812 14012
1912 2136 2409 2857 3082 3450 3626 4139 4411 4652
4220 5312 5586 6678 7186 8122 9293 9839 10854 11049
1163 1405 1670 1769 2034 2342 2618 2684 2971 3136
3613 4734 5014 5924 6730 7150 7816 8446 9147 9917
3373 4034 5289 5619 6544 6742 7898 8327 8723 9450
4407 5288 6697 7401 8458 8986 10263 11363 11584 13168
4173 4873 5469 5609 6520 7080 7956 9041 9286 10477
4207 5090 6183 6729 7696 8705 9293 10133 10932 12234
3407 4394 4769 5551 6164 7150 8103 8647 9124 9906
1590 1786 1996 2305 2796 2992 3357 3399 3904 4156
1398 1711 1933 2167 2519 2779 2949 3365 3639 3717
2560 2952 3620 4126 4334 4978 5255 5853 6313 6843
5508 6308 7309 8109 9210 10010 11711 12861 13112 14812
4087 5448 6409 7049 7770 8010 8931 10291 10571 11652
1128 1358 1448 1799 2000 2190 2311 2521 2751 2932
1907 2326 2954 3144 3753 3867 4438 4609 5161 5351
4024 4844 5586 6717 7147 8474 9059 9488 10659 10932
4271 5051 6364 6938 7841 8210 9400 10384 11451 11492
4608 5426 6889 7577 8180 9212 10331 10374 11837 12912
2228 2688 2848 3329 3910 4250 4751 5011 5532 6012
4507 5633 6894 8109 8965 9730 10631 11126 12297 13287
1218 1405 1703 1857 2067 2420 2651 2651 2949 3114
4300 5114 5300 6521 7188 7854 8336 9113 9742 10631
4682 5502 6077 6569 7841 8989 9728 9974 11246 11533
3656 4200 4809 5609 6282 6698 7435 7819 8491 9356
4641 5133 5913 7348 7841 8661 9564 10589 11205 12189
1306 1383 1736 1979 2023 2265 2563 2717 2971 3224
3418 4038 4535 4969 5869 6458 7327 8009 8289 9250
3278 4148 4269 5259 5440 6430 6851 7301 7962 8892
1825 2330 2871 2907 3358 3646 4133 4619 4854 5070
1688 1716 2039 2333 2684 3077 3189 3385 3708 4058
5407 6458 7859 8659 9010 11010 11611 12411 13812 14462
2207 3044 3529 3925 4300 4630 4983 5467 5907 6414
1503 1737 1854 2284 2389 2805 2988 3378 3535 3886
2808 3258 3784 4510 4710 5160 5611 6011 6562 7237
1017 1318 1559 1739 1950 2180 2271 2591 2742 2932
2630 2791 3390 4057 4518 4886 5485 5531 6314 6889
5601 5883 6730 8281 8705 10021 11197 11855 12419 14065
2720 3080 3368 4017 4690 5074 5291 6179 6564 7044
2276 2591 3054 3706 3832 4315 4820 5135 5577 5934
3110 3894 4504 4881 5752 6332 6594 7464 7580 8335
4333 5721 5889 7107 7738 8494 9629 10511 11058 12150
3335 4200 5065 5193 6058 6442 7531 7819 8492 9164
1207 1427 1560 1857 2001 2420 2519 2794 2894 3268
2503 2984 3369 4234 4378 5002 5747 6131 6348 6780
1333 1829 1855 2102 2493 2636 2975 3157 3418 3769
2978 3518 4059 4464 5248 5815 6140 6599 7329 7950
1306 1482 1626 1912 2056 2419 2441 2772 3081 3180
2919 3564 4181 4489 5610 6030 6675 7291 7599 8384
1516 1581 1855 2141 2389 2727 3079 3339 3548 3912
1435 1856 1969 2361 2698 2964 3105 3525 3778 4016
4041 4522 5670 5929 6855 7855 8151 9076 9780 10890
1463 1884 2207 2375 2530 2824 3273 3455 3680 3974
1655 2200 2553 2617 3210 3482 3675 4043 4363 4764
4695 5856 6502 7534 7836 9255 9643 10718 12009 12052
3023 4010 4533 4881 5665 6333 6391 7087 7813 8161
2676 2952 3551 3988 4541 4633 5140 5715 6038 6544
3679 4544 5445 6418 7138 7534 7967 9263 9912 10092
2107 2717 3369 3411 4105 4336 4946 5429 5766 6186
3128 3128 3727 4195 4898 5548 6017 6693 7136 7448
2149 2570 2970 3411 4147 4399 5051 5261 5472 6123
4436 5543 6364 6569 8005 8825 9646 9892 10753 11984
2014 2082 2406 2967 3359 3512 3870 4244 4517 4908
4608 5528 6409 6489 7450 8090 8971 10091 11052 11452
4716 5508 6741 7137 8458 8898 10219 11319 11584 12816
5048 6152 6729 8217 9034 10282 11339 11627 12828 13644
2149 2864 3327 3684 3832 4231 5030 5303 5555 6165
1809 2371 2576 2848 3393 3580 4057 4091 4619 4789
3930 4485 5411 6299 7114 7410 8780 9483 9743 10742
5273 5408 6849 7254 8695 9055 10586 11531 12297 13512
2193 2630 3049 3220 3734 4133 4457 4856 5008 5522
4148 5379 6323 7307 7472 8866 9318 10220 11369 11861
2231 2478 2745 3334 3753 3924 4457 4609 5275 5351
3439 4232 4860 5718 6214 6841 7601 8030 9087 9813
3303 4328 4841 5321 6282 6826 7499 7691 8876 9388
1346 1711 1920 2206 2441 2753 3105 3339 3431 3678
1218 1527 1615 1912 2089 2243 2431 2805 2871 3180
3200 3816 4461 4685 5470 6002 6591 7067 7291 8020
5357 6708 8009 8209 9860 10660 11261 13011 13211 14812
4778 5453 6309 7434 8785 9911 10136 11216 12252 12702
3704 4298 4926 5289 6346 6907 7931 8426 8657 9714
5240 6392 7065 8601 8698 9946 11339 12395 13260 13740
4448 5568 5769 7089 7410 8770 9571 10371 10491 11292
5366 6447 6777 7529 8611 9551 11056 11432 13172 13172
2998 3622 4013 4247 5002 5522 5991 6277 6875 7812
1547 1940 2165 2389 2740 3090 3343 3399 3890 4184
5272 5977 7059 7717 8705 9833 10774 12184 12326 13407
3308 3608 4599 5019 5650 6040 7211 7451 8292 8952
1864 1960 2457 2857 3066 3514 3547 3915 4332 4668
2027 2608 2989 3589 3790 4390 4611 5211 5271 5992
3643 4364 5589 6382 6562 7462 7967 8975 9660 10812
2783 3058 4009 4084 4710 5160 5861 6511 6637 7037
1825 2312 2889 3213 3430 3736 4331 4583 5052 5286
4712 5678 6519 7233 8158 8746 9335 10385 11310 11940
2516 2714 3375 3881 4036 4432 4939 5555 5908 6612
4368 5368 5969 6529 8010 8130 9011 9931 11132 11412
3985 4961 6093 6522 7264 8044 9059 9956 10737 11556
4207 5568 6169 6929 7730 8530 9611 10011 10451 11212
3097 4178 4268 5229 5890 6370 7091 7391 8232 8922
4307 5727 6459 7061 8481 8825 9901 10503 12052 12310
3386 3821 4721 5403 6086 6675 7110 8009 8381 9250
3271 3976 4841 5770 5866 6474 7563 8107 8844 9164
3231 3914 4969 5497 5590 6241 6831 7761 8475 8785
3228 3536 4069 4545 5582 5610 6395 7095 7544 8300
1407 1954 2137 2487 2572 2908 3245 3637 3764 4114
4607 6264 7001 7461 8428 9808 10269 11235 12708 13674
2516 2670 3155 3771 4212 4476 5203 5467 5842 6260
1178 1348 1489 1609 1880 2080 2361 2591 2662 2822
1688 1688 1983 2361 2614 2964 3091 3525 3932 4170
3921 5329 5747 6203 7382 8180 8485 9397 10043 11222
4942 5930 6730 7670 8658 10209 11291 12090 12561 14018
4004 4580 5481 5877 6490 7534 7967 9227 9372 10560
1933 2312 2799 3214 3538 3934 4025 4349 4872 5106
2868 3414 3805 4664 5106 5210 5991 6277 7292 7344
1243 1544 1785 2001 2374 2602 2783 3107 3336 3444
5839 6819 7212 8241 9467 10202 10840 12261 13340 13928
3893 4558 5434 6204 6345 7500 7886 9041 9216 10477
4374 4485 5189 5966 6707 7484 8225 9632 10187 10668
2021 2516 2992 3239 3468 4095 4476 4742 5294 5503
4492 5100 5785 6089 7040 8294 8903 9587 9929 11222
2722 3021 3298 3689 4311 5002 5324 5531 6107 6705
1168 1368 1539 1689 1840 2130 2221 2411 2742 2812
4791 5528 6771 7737 8474 10039 10131 11603 12018 13582
2685 3570 3961 4377 5080 5340 5861 6537 7162 7786
2360 2822 3053 3579 3979 4588 5051 5408 5850 6186
1945 2288 2745 3258 3430 4134 4400 4913 5066 5408
5482 6126 7231 7829 8658 9900 10223 11189 12063 13720
5093 5678 6308 8065 8830 9460 10451 11441 11756 12882
1088 1238 1419 1700 1900 2020 2231 2411 2622 2852
5554 5836 6588 7999 9175 9880 10680 11855 12514 13877
5183 5993 6444 7614 8335 9866 10631 10901 11847 12702
4054 4666 5313 5517 6198 7286 7524 8817 9157 10076
4477 5666 5748 7308 8169 8210 9195 10261 11082 11984
2098 2421 2954 3277 3677 3905 4419 4647 5085 5332
2247 2508 3009 3589 3970 4330 4691 5151 5612 6012
3679 4904 5301 5913 6778 7895 8147 8867 10020 10344
5741 6672 7604 8045 9810 10055 11232 12212 13242 13830
4682 5748 5871 6856 8005 8948 9441 10671 10671 12189
5432 6344 7641 7785 8890 10570 11099 11675 13452 14316
3398 4088 4479 4809 5980 6580 7091 7481 7841 8802
5191 6344 6921 7737 9418 10570 11147 12107 13212 13932
5003 5858 7209 7929 8470 9325 10181 11306 12342 13107
1438 1750 1854 2245 2480 2792 2988 3274 3652 3847
5288 5332 6873 7313 8326 8986 9779 11143 12156 13168
3340 4232 4893 5950 6346 6940 7568 8360 8823 9714
3507 4383 5399 5924 6835 7500 8411 8901 9496 10512
1491 1926 2151 2347 2544 2992 3175 3609 3890 4198
5183 5858 6714 7209 8695 9415 10541 11216 12522 12837
1027 1409 1479 1639 1970 2040 2231 2421 2622 2962
3200 4069 4876 5155 5962 6551 6831 7513 8630 9095
3459 3604 4272 4997 5723 5897 6971 7232 7958 8480
4568 5062 5975 6431 7078 8294 8522 9511 10157 11374
1267 1676 1737 1953 2218 2639 2663 2939 3372 3516
4448 5208 6049 6689 7810 8450 9371 9811 10972 11372
4020 4190 4905 5585 6504 6878 8103 8443 9396 9566
2975 3732 4069 4965 5358 5806 6395 6871 7824 8160
2712 3128 3779 4169 4768 5236 5835 6355 6954 7526
1098 1258 1469 1719 2000 2110 2351 2611 2691 2892
4407 5948 6389 7269 7930 9338 10043 10791 12200 12552
1980 2286 2559 3052 3342 3427 4023 4091 4584 4976
1207 1544 1869 2134 2230 2470 2759 2987 3168 3516
1718 2003 2334 2424 2710 3070 3461 3731 4062 4242
1078 1248 1419 1649 1860 2070 2341 2491 2742 2832
2208 2468 2869 3529 3970 4070 4731 5091 5512 5932
1243 1628 1929 2169 2386 2518 2747 2891 3360 3480
1568 1828 1907 2336 2519 2740 2909 3326 3430 3795
1320 1607 2024 2284 2506 2662 2975 3391 3535 3678
2971 3570 4143 4611 5210 5678 6121 6615 7005 7812
2972 3414 4065 4481 4898 5314 5731 6615 7032 7318
1896 2216 2473 2889 3162 3306 3546 3867 4492 4732
4220 4760 5229 6165 7066 7858 8507 8795 9804 10560
4492 5176 5366 6165 7610 8256 8447 9207 10310 11260
5790 6231 7408 8094 9222 10202 11477 12457 13144 13830
2840 3200 3729 3897 4402 5074 5675 6131 6323 6972
1951 2474 2763 2925 3610 3664 4295 4331 5016 5286
2155 2478 2802 3411 3430 4191 4419 4628 5161 5351
4942 5883 6589 8470 9410 9598 10868 11479 12608 14065
3892 4781 5522 6188 7188 8151 8410 9557 9668 10557
1878 2065 2423 3019 3257 3427 3802 4210 4619 5010
1552 2003 2349 2664 2965 3190 3596 3686 4001 4332
2376 3090 3551 3735 4357 4909 5071 5968 6337 6613
1687 2072 2377 2809 2986 3531 3707 4027 4412 4508
5240 6633 7017 8025 9466 9658 11147 11531 12492 13836
5114 6448 6863 7645 8428 9900 10867 11787 12017 13168
2383 3088 3331 3881 4410 4784 5137 5445 5973 6414
4408 5048 6009 6929 7690 8090 8891 9931 11012 11852
2465 2927 3201 3558 4021 4441 4694 5324 5766 6018
5366 6165 7247 8422 9410 9692 10821 11526 13078 13783
3608 3968 4569 4899 5560 6460 6761 7601 8292 8922
4302 4872 5899 6659 7078 7724 8941 9283 10500 10728
4781 5555 6803 7577 8438 8739 10331 10331 11191 12439
1088 1208 1409 1709 1880 2070 2321 2441 2692 2872
5558 6108 7959 8759 9160 10760 11111 12261 13462 14412
3228 3396 3929 4882 5190 5862 6171 7179 7348 8272
5057 6808 7559 8809 9910 10560 11411 12811 13612 14462
1477 1758 2179 2263 2754 2936 3329 3413 3778 4114
4328 4848 5929 6569 7690 8611 9211 9851 10532 11612
3921 5138 6013 6850 6964 8028 8675 9245 9891 11260
4078 5151 5188 6669 7373 7484 8595 9520 9964 10779
4571 5117 5703 6639 7771 8590 9020 9605 10190 11322
1928 2088 2425 2809 3130 3514 3787 4011 4171 4780
4495 5420 6917 7577 7974 9470 9735 11363 11716 12552
1703 2003 2379 2559 2920 3220 3551 3821 4091 4227
5888 6574 6966 8584 9075 10300 10938 12751 13536 14173
1934 2276 2565 2925 3340 3862 4079 4457 5052 5286
4929 6172 6679 7783 8980 9946 10453 11511 12846 13720
5413 6495 6777 7717 8846 9551 10351 11714 12561 13642
1425 1828 2024 2154 2454 2792 2910 3144 3483 3847
1895 2133 2627 2763 3121 3597 3938 4261 4687 5095
3368 3872 4013 4741 5049 5918 6254 7235 7852 8272
2022 2516 2859 3201 3544 3924 4210 4761 5085 5332
4571 5156 6054 6288 7498 8005 9332 9761 10776 11712
4226 5040 5559 6151 7077 8076 8225 9261 9779 10631
2868 3336 3701 4169 4846 5262 6173 6745 6928 7552
4073 4872 6089 6659 7116 8104 8979 9549 10462 10994
1316 1652 1701 1929 2254 2410 2891 2927 3360 3408
3441 4190 5177 6062 6300 6946 7593 8749 9396 9974
2227 2668 3109 3589 3910 4390 4691 5171 5531 5692
2006 2186 2565 2979 3322 3790 4295 4385 5052 5376
4024 5312 5976 6717 7108 8044 9137 9488 10347 11634
4173 4418 5294 5679 6555 7430 8271 8551 9532 10057
3959 5176 5633 6583 7192 7914 8789 9169 10006 11184
1880 1928 2489 2793 3210 3322 3723 3851 4219 4636
5576 5912 6921 8457 9562 10474 11147 11579 12972 14028
1707 2320 2406 2831 3172 3665 3904 4210 4466 5095
1267 1460 1785 2097 2326 2518 2735 3071 3288 3552
3608 3608 4629 5019 5500 6040 7091 7721 8262 8592
4627 5948 6565 7885 8370 9382 10219 10703 12156 13168
2208 2408 2829 3229 3790 4291 4411 4851 5312 5952
1346 1802 2076 2115 2584 2623 3053 3209 3574 3665
2317 2912 3463 3617 4124 4652 5049 5599 5731 6612
2002 2345 2954 3430 3658 3943 4267 4742 5008 5617
5558 6058 7759 8809 9210 10260 11961 12311 13562 14362
2919 3844 4405 4994 5414 6030 6255 6927 7347 7852
3704 4562 5058 5619 5950 6643 7601 8195 8988 9714
4378 5328 6051 6583 7192 8180 8789 9169 10271 11032
3338 4088 4629 4929 5800 6550 6610 7481 8322 8742
3946 5234 5586 6522 7498 7927 9371 9644 10542 11673
2576 3344 3849 3945 4546 4834 5555 6251 6275 6756
1412 1544 1881 2001 2290 2542 2867 2915 3203 3600
1568 1763 2011 2089 2467 2871 2871 3209 3443 3756
3081 3517 4301 5055 5259 6362 6652 7000 7871 8683
3818 4707 5670 6151 7151 7706 8299 9594 10150 10890
4568 5609 5809 6609 7690 8250 8931 10251 10411 11492
5528 6218 6863 7507 8888 9716 11051 11235 12432 13398
3752 4392 4809 5705 6122 6666 7082 8075 8972 9164
2060 2420 2763 3141 3394 3898 4223 4619 5052 5232
4302 4644 5329 6621 6926 8180 8561 9245 10652 11146
4394 5543 6077 6733 7513 8825 9646 10138 11205 12107
4004 4522 5300 6040 6855 7891 8225 9002 10150 11075
1658 2018 2169 2409 2875 3190 3446 3686 4092 4362
1808 2003 2184 2619 2875 3310 3446 3611 4152 4512
1864 1976 2409 2585 2970 3514 3611 4139 4492 4700
3985 4883 6249 6405 7264 8473 8864 10112 10464 10971
5319 6071 6777 7717 9081 9786 10915 12231 12749 13266
1736 2136 2393 2649 3146 3482 3611 4123 4235 4556
5384 5864 7161 7785 9322 10330 10571 11723 12876 14364
1825 2438 2853 3069 3412 3772 4259 4331 4836 5142
1279 1556 1833 2073 2302 2554 2855 2903 3204 3552
2174 2459 3011 3068 3715 3924 4267 4894 5218 5370
4103 4383 5294 5714 6765 7430 8306 8866 9672 10407
5068 5850 7093 8059 9210 9394 11005 11695 12570 12984
4173 4488 5294 6239 6835 7535 8131 8761 9216 10512
2208 2688 3029 3449 3890 4050 4431 5151 5332 5872
3496 3976 4521 5610 6282 6634 7499 7723 8556 9260
2455 2888 3777 4017 4690 4954 5747 6251 6371 7068
4980 5904 6961 7049 8370 8942 10571 11055 11671 13124
2002 2440 2878 3430 3696 4019 4324 4894 5046 5408
3432 4360 5097 5481 5930 6538 7179 7979 8395 9292
4142 4844 5781 6561 7459 8552 8630 10112 10347 10932
2788 3356 3843 4680 5275 5545 6464 6788 7572 8031
1980 2286 2542 3052 3308 3427 4074 4363 4550 5044
2515 2975 3436 4104 4242 4702 5117 5876 6360 6797
2560 3044 3309 3925 4366 4454 4983 5555 5951 6524
2623 3248 3753 4113 4450 5266 5747 5819 6443 7188
4754 6259 7482 8328 8611 10021 10633 11620 13172 14065
2816 3104 3441 4113 4642 4858 5627 6059 6372 6948
4976 5804 6679 7369 8520 9624 10545 11649 12846 12938
3850 4462 4973 5755 6674 6946 7763 8205 9090 10008
4040 4796 5733 6165 6634 7282 8075 8903 9552 10524
5048 6038 7119 7659 8380 9010 10046 11351 12522 12747
1449 1688 2025 2530 2698 2866 3371 3427 3736 3946
5407 6858 7609 8809 9210 10210 11611 12811 13962 14512
3715 4544 5049 6237 7210 7282 7967 8795 9876 10668
1198 1218 1529 1799 1880 2210 2411 2471 2641 2952
3998 4278 4979 5714 6835 7535 8201 8866 9497 10302
3824 4616 5229 5985 6670 7282 8471 9227 9408 10452
3548 3608 4389 4989 5650 6070 6641 7541 7902 8892
1848 2216 2313 2681 3050 3450 3531 3851 4252 4716
2006 2492 2673 3087 3520 3736 4115 4475 5052 5070
3845 4872 5785 6127 7154 8028 8371 9359 10500 10994
1340 1448 1929 2085 2302 2434 2843 2891 3132 3432
4376 5156 5742 6327 7771 8317 8981 9800 10581 11088
4824 5985 6459 7448 7792 9427 9815 11148 12052 12568
4167 5568 6129 6649 7330 8330 9611 9891 10652 11452
2696 3152 3609 4041 4450 5195 5291 6035 6348 6804
4115 4448 5337 6633 7225 8002 8262 9039 10372 10742
5228 5813 6309 7524 8470 9100 10091 11216 12567 13017
1687 2232 2361 2825 3130 3402 3595 4075 4444 4540
4586 5384 6225 6939 7990 9208 9881 10385 11646 12108
2626 2758 3353 3639 4058 4608 5115 5291 5798 6260
4152 4892 5522 6670 7040 7410 8262 9557 10039 10779
5200 5772 6257 7181 8546 9382 10131 11319 11451 13168
3368 4028 4509 5079 6010 6220 7211 7271 7931 8682
3097 3788 4599 5049 5920 6130 6671 7511 7811 8982
2965 3778 4098 4823 5549 6187 6826 7493 8016 8393
1970 2420 2745 3051 3610 3808 4043 4547 4709 5214
4040 4868 5337 5877 6742 7678 8579 8831 9696 10308
4838 5552 6645 7233 8326 8914 9461 10427 11015 12444
2978 3275 3789 4681 4978 5707 6194 6491 7545 7707
3355 4286 4535 5124 6117 6582 6986 7668 8444 9250
3312 3872 4293 4601 5134 5946 6395 7067 7347 7880
5458 6858 7159 8859 9160 10460 11461 12961 13762 14562
1229 1537 1703 1912 2056 2210 2475 2794 3026 3092
1128 1368 1459 1659 1980 2030 2301 2531 2742 2882
1304 1653 1713 1965 2194 2518 2843 2951 3132 3528
3848 4136 5129 5577 6090 6666 7211 7723 8716 9388
4173 4768 5469 5924 6555 7220 7921 8481 9181 10372
2607 3649 3805 4612 4846 5262 5913 6381 6928 7292
2757 3483 3884 4509 4810 5460 5635 6011 6987 7337
4568 4834 5557 6659 7268 8180 8713 9625 10538 10766
4226 4633 5263 6373 7003 7558 8743 8928 9965 11075
1952 2258 2547 3124 3340 3664 4205 4421 4728 5196
3278 3908 4269 4989 5860 6190 6701 7751 7902 8772
2295 3066 3397 3551 3970 4520 5269 5687 5753 6480
1522 1973 2304 2484 2830 3310 3416 3851 4062 4437
4649 5234 5820 6795 7810 8551 9137 9683 10619 11205
4922 5132 6729 7527 7780 8620 10091 10721 11772 11982
1843 2456 2745 2961 3430 3646 3989 4673 4926 5178
3714 4360 4973 5619 6572 6912 7627 8545 9464 10144
4181 5234 6171 6405 7030 8552 8669 9917 10542 11088
4416 4606 5633 6279 7382 8104 8941 9891 10424 11070
1735 2232 2313 2729 3034 3450 3851 4075 4380 4652
4488 5448 5809 6889 7850 8090 9531 9811 10892 11532
4837 6172 7323 8290 8428 9394 10499 11235 12616 13720
3488 3818 4659 5019 5770 6580 7151 7391 8051 8772
5839 6133 6918 8830 8879 10251 11134 12016 13242 14418
3671 4364 4761 5421 6313 6610 7535 8228 8790 9252
3787 4976 5373 6453 7030 7246 8147 9155 9695 10776
3128 3232 3857 4689 5210 5626 5730 6407 7162 7474
1196 1515 1692 1923 2089 2243 2508 2761 2938 3114
1151 1460 1736 1956 2144 2243 2475 2783 2915 3224
3952 4598 5041 5959 6334 7082 7763 8239 8954 9702
4566 5211 6416 7448 8094 8696 10159 10417 11794 12439
1451 1737 1933 2310 2532 2857 3027 3157 3600 3743
1934 2457 2583 2961 3268 3809 3971 4367 4764 5214
3343 3923 4185 4881 5723 6013 6623 7174 7754 8654
2330 3044 3298 4127 4564 4679 5485 5922 6060 6705
3704 4265 4992 5487 6445 7138 7700 8327 9087 9747
3086 3464 4059 4518 5248 5815 6167 6572 7491 7626
2707 3653 3788 4870 5086 5491 6383 6923 7464 7842
3459 3807 4446 4794 5317 6158 6507 7348 8132 8132
2894 3310 3831 4169 5002 5627 5835 6563 6928 7422
1352 1448 1917 2121 2218 2650 2747 2951 3300 3600
1808 2048 2289 2529 2755 3310 3431 3656 3941 4452
2683 3308 3659 4234 4785 5110 5511 6161 6887 7237
1800 2184 2297 2761 3210 3434 3579 3947 4203 4604
1671 2216 2313 2873 2938 3322 3819 4139 4364 4604
2604 2934 3243 3727 4234 4828 5291 5313 5819 6326
4930 5850 6495 7968 8290 9486 10177 11465 12294 13030
1809 2235 2644 2746 3138 3648 3819 4142 4636 5078
1346 1776 2050 2206 2441 2792 2962 3144 3626 3717
3340 3844 3985 4489 5302 6171 6283 7067 7628 8048
5143 6056 7593 8121 9514 10138 10667 12107 13116 13788
5672 5864 7689 7881 8842 10474 11003 11627 13116 14028
1568 1737 2011 2180 2558 2792 2975 3378 3521 3808
2761 3356 4329 4518 5194 5896 6059 6788 7572 7977
4530 5176 6051 6165 7154 7648 8447 9207 10462 10690
2107 2688 2929 3389 3950 4090 4411 5131 5492 5932
3578 3878 4359 5290 5440 6250 6641 7301 8142 8622
1674 1828 2011 2249 2544 2880 3119 3455 3918 4072
4454 4910 5405 6621 7572 8370 8561 9549 9967 11032
4189 4596 5448 6559 7003 7558 8151 8928 9817 10964
1315 1664 1905 2061 2230 2650 2831 3119 3155 3420
1607 2056 2441 2841 2938 3498 3803 4027 4171 4732
3138 3852 4535 5465 5590 6613 7389 7916 8692 8878
1490 1685 1828 2284 2402 2818 3092 3300 3391 3782
2445 2860 3528 4150 4219 4794 5370 5853 6176 6912
2807 3620 4377 4797 5582 5722 6535 7067 7347 8188
3312 3648 4237 4741 5414 6002 6563 6983 7852 8048
2842 3128 3883 4325 4898 5731 5809 6277 7006 7396
3076 3388 3727 4247 5028 5522 5809 6355 6850 7370
2288 2345 2954 3411 3430 3829 4495 4571 5047 5655
1316 1448 1809 1929 2206 2543 2747 2891 3180 3456
1825 2384 2745 2997 3358 3934 4277 4691 5052 5358
1385 1672 2076 2154 2480 2818 3066 3235 3430 3665
4395 5133 6569 7184 7513 8784 9318 10425 10753 11656
3343 3865 4388 4794 5346 5984 6391 7000 7639 8683
1707 2167 2457 3070 3274 3648 3853 4380 4755 4959
4522 5426 6803 6975 8094 9427 10288 10890 11923 12611
3169 4255 4411 5062 5621 6800 7172 7854 8537 8971
5095 6536 7641 8649 9562 10234 10906 12203 13067 14364
1208 1378 1599 1789 1990 2080 2351 2551 2791 2852
4454 5078 5781 6795 7810 7888 8786 10073 10385 11283
4479 5211 6244 7448 8567 9083 9901 10632 11364 12912
3221 3734 4059 4761 5356 5815 6004 6815 7058 8085
4801 6588 7059 8422 9316 10162 10962 11855 12748 13830
1618 1856 1997 2347 2726 2936 3147 3567 3694 4016
5082 6028 6846 7620 8266 9470 10116 11062 11836 12310
1352 1616 1809 2157 2350 2482 2759 2951 3155 3600
2006 2402 2817 2943 3538 3646 4259 4655 4835 5322
1364 1676 1761 2037 2278 2494 2795 2915 3360 3576
2789 3492 3779 4195 5158 5262 5939 6719 7032 7604
4493 4883 5586 6600 7498 7810 8981 10112 10464 11478
1807 2420 2799 2907 3322 3754 4259 4349 5052 5286
4459 5342 6687 7317 7780 9250 9755 10847 11057 12570
5057 6408 7809 8860 9810 10360 11011 12511 13462 14512
4448 5288 6089 6649 7250 8250 9451 9851 10772 11492
3560 3912 4937 5513 6154 6698 7627 8331 8459 9484
1952 2186 2619 2925 3322 3935 4223 4529 4872 5052
4479 5254 6803 7750 8266 8911 9557 10761 11880 12224
1934 2312 2529 2925 3610 3682 4259 4583 4764 5304
2808 3433 3909 4109 4910 5435 5861 6386 6761 7037
2983 3233 4009 4384 4885 5010 5911 6386 7012 7037
1607 2168 2569 2793 2906 3482 3546 4027 4476 4716
4958 5858 6939 7975 8110 9776 10046 11126 11756 12837
3697 3790 4845 5000 5590 6551 6831 7575 8382 9281
4247 5088 6249 6729 7810 8050 8851 10091 10932 11852
1507 1943 2229 2559 2740 3220 3356 3866 4137 4242
4759 6036 6873 7753 8018 9646 9911 11055 11539 13036
4608 4888 6209 6609 7770 8410 9291 9851 10531 11972
4745 5620 6587 8290 8796 9670 10269 11327 12846 13628
5228 5948 7119 7794 8380 9325 10406 11126 12432 13242
3060 3424 4125 4909 5610 5918 6647 6927 7403 8328
2231 2668 3030 3068 3639 3962 4476 4704 4951 5636
3836 4265 5124 5586 6511 7237 7700 8525 9086 9549
1449 1870 2179 2431 2656 2866 3343 3427 3708 3932
2708 3458 3609 4059 4685 5285 5636 6061 6762 7512
3277 4058 4719 5109 5860 6250 6700 7811 8201 9012
5432 6152 6873 7929 8890 9946 10859 11579 12540 14028
1231 1520 1713 1989 2254 2603 2783 2891 3180 3612
4263 4929 5707 6484 7410 7706 8298 9372 9927 11001
1687 2152 2361 2841 3162 3498 3594 4059 4331 4796
1048 1268 1419 1669 1860 2020 2371 2481 2792 2812
3007 3698 4449 4839 5770 6040 7211 7211 8232 8712
2788 3735 3924 4383 5113 5518 6221 6761 7113 7896
4688 5568 5969 6689 7330 8650 8891 10171 10491 11732
5093 5408 6939 7974 8920 9730 10631 11126 12161 13242
5601 5648 7529 8093 8940 9927 10727 12231 12796 13313
1844 2082 2627 2950 3325 3665 3768 4261 4500 4772
2228 2408 2929 3429 3850 4290 4571 4811 5372 5732
4063 4688 5859 6600 7069 8200 9215 9566 10698 11283
2708 3008 3909 4359 4785 5085 5861 6236 6662 7462
5318 6218 6488 7299 8515 9775 10766 11621 12612 13287
2330 2906 3436 3689 4380 4725 5531 5623 6360 6452
3858 4698 5119 5889 6380 7185 8306 8901 9216 10372
2607 3518 4039 4585 5132 5470 6147 6251 7058 7734
1152 1493 1593 1835 2023 2287 2464 2706 2927 3202
4768 5008 5648 6449 7530 8690 9571 10211 11092 11892
4312 5666 6159 6569 7882 8907 9236 10097 11000 11861
2060 2258 2745 2925 3466 3862 4025 4637 5016 5160
2174 2649 2859 3372 3715 4019 4342 4856 5255 5617
3822 4383 5013 5679 6870 7535 8341 9111 9742 10337
4188 5062 5405 6165 7040 7610 8561 9587 10082 11108
3952 4700 4871 5619 6674 7184 7763 8749 8885 9770
2883 3058 3508 4485 4985 5060 5661 6461 6937 7162
4928 5215 5954 6692 7431 8784 9687 10548 10671 11656
4207 5088 5889 6689 7650 8410 9491 10051 10932 11652
3680 4224 4837 5857 6198 6980 8137 8579 9226 9974
4610 4727 5586 6678 7381 7927 8591 9371 10347 11634
4552 5588 7164 7209 8200 9641 10316 11261 11802 13197
1934 2384 2673 3196 3304 3772 4043 4637 4709 5322
4189 5708 6282 6856 7677 8251 9359 10425 10754 11533
2212 2345 2707 3182 3810 4019 4514 4609 5256 5446
4148 5749 5954 6979 7677 8292 9195 10138 11246 11533
2807 3648 4237 4657 5470 5638 6535 7011 7572 7992
1140 1548 1593 1945 2122 2408 2629 2673 2937 3268
2907 3546 4388 4707 5346 6391 6536 7493 7726 8712
2406 2956 3089 3859 4344 4851 5027 5401 5842 6238
1412 1628 1713 1929 2350 2578 2843 2963 3264 3384
4448 4929 5855 6040 7373 7521 8151 8891 9965 10557
3935 4463 5157 5619 6445 6907 7304 8063 8624 9351
3081 3633 4127 5084 5723 6158 6478 7290 8132 8248
5366 6212 6965 7858 8940 9598 10445 11479 12984 13783
4936 6124 6653 7709 8590 8986 9691 11143 11760 12552
1067 1348 1549 1649 1900 2070 2221 2551 2692 2972
3428 3968 4689 4809 5950 6250 6971 7241 8232 8562
1988 2294 2637 3105 3430 3862 4133 4619 4944 5268
4723 5543 5995 7225 7677 8948 9318 10302 11082 11902
2060 2630 2668 3201 3734 4171 4210 4723 5027 5674
3624 4232 4809 5129 5930 6442 7179 8139 8524 9484
4848 5930 7059 8376 9316 9786 10539 11949 12325 13595
1316 1496 1749 2133 2410 2530 2807 3059 3348 3384
4781 5383 6072 7018 8223 9126 9815 11019 11364 12138
2003 2345 3011 3068 3639 3943 4514 4571 5085 5427
4068 4488 5469 5749 6485 7150 8096 9006 9812 10512
4127 5088 6329 6529 7210 8610 9251 9851 11012 11332
4230 5584 6036 7102 7923 8292 9359 10343 10794 12271
1567 1808 2169 2574 2965 3250 3506 3716 4182 4377
5482 5666 7139 7737 9164 9992 11051 11465 12615 13536
2835 3592 4489 4825 5302 6086 6619 7179 7628 7908
3464 4008 4873 5738 5962 6474 7211 7851 8396 9356
2031 2269 2440 2882 3121 3665 3870 4278 4755 4772
3715 4580 5481 5769 6706 7318 8327 9011 9552 10416
1340 1604 1821 1989 2218 2651 2675 2915 3312 3420
2255 2906 3054 3684 4210 4462 4715 5156 5556 5892
2998 3180 3831 4507 4898 5522 5809 6407 6771 7708
1219 1616 1797 2145 2326 2638 2687 2915 3179 3600
2295 2890 3177 3903 4410 4718 5159 5467 5907 6436
3968 4400 5625 6490 7030 7210 8435 9011 9732 10128
1896 2040 2345 2858 3050 3290 3547 3899 4380 4492
2170 2696 2970 3664 4042 4399 4715 5240 5556 6123
3059 3599 3978 4626 4897 5437 6167 6626 7464 7977
3221 3599 4248 4842 5194 5896 6221 6518 7112 7572
3417 3976 4876 5527 5993 6644 7420 7482 8350 9188
2946 3128 3831 4351 4872 5418 6225 6329 6850 7526
2087 2708 3049 3209 3710 4290 4791 4971 5512 5712
1158 1298 1419 1760 1850 2191 2211 2411 2692 2872
2233 2906 3348 3369 4084 4210 4736 5303 5640 6312
3572 4331 5190 5784 5950 6940 7370 8459 8690 9516
2381 2738 3075 3663 4189 4609 4630 5051 5661 6207
2867 3440 4091 4663 4741 5730 5834 6589 7266 7760
3548 4058 4359 5349 5770 6340 6821 7781 7991 8712
4226 4568 5937 6469 6888 7876 8789 9777 10386 10918
2268 2468 2849 3409 3810 4150 4711 5131 5231 5972
4024 5313 5664 6249 7108 8513 8747 9371 10269 11205
2431 3176 3825 4305 4378 5194 5579 6059 6492 6924
3577 4530 4973 5857 6674 7184 7933 8681 9328 9838
5601 6588 7482 7999 8563 9645 10821 12043 12937 13971
4530 5024 5975 6811 7116 8104 8941 9891 10309 11298
3284 3704 4349 5021 5218 6142 6619 6871 7319 8048
3592 4360 4488 5737 5962 6730 7467 8043 8972 9324
2193 2326 2916 3430 3677 3810 4400 4666 4970 5598
4007 5088 6409 6569 7690 8651 8811 9731 10692 11452
5125 5211 6244 7664 8309 8696 9901 10331 11708 12869
4928 4928 5995 6815 7964 8702 9810 10015 10753 11984
2149 2570 2970 3432 4189 4315 4715 5261 5493 5934
2212 2421 2897 3087 3449 3962 4191 4647 5218 5503
3604 4562 5256 5652 6610 6742 7336 8129 9252 9549
5758 6858 7709 8209 9160 10210 11111 12011 13012 14862
5003 5948 6534 7884 8695 9415 10316 10856 11982 13422
5103 6329 7163 8339 8879 10595 11477 11869 12948 14516
2147 2668 3169 3469 3810 4110 4531 5091 5371 5952
3959 4986 5937 6279 7496 7990 8979 9625 9929 10994
1077 1408 1589 1679 1920 2010 2361 2511 2752 2972
1490 1620 1842 2180 2376 2623 3040 3157 3548 3756
3624 4040 4745 5225 6346 6634 7691 7851 8428 9068
1464 1828 2011 2219 2506 2740 3118 3183 3391 3665
4855 6392 7017 8649 9514 10234 11483 12107 13116 13932
1359 1633 2037 2167 2454 2662 2949 3365 3613 3743
1928 2136 2248 2809 3098 3434 3691 4139 4460 4492
4181 5390 5664 6561 7420 7810 8669 10151 10308 11556
2428 2912 3419 3551 4146 4674 5049 5379 5754 6260
4568 4606 5747 6659 7534 8218 8523 9625 10081 11146
2295 2846 3353 3661 4190 4828 4873 5621 5974 6458
3571 4331 5256 5949 6082 6907 7403 8492 9021 9681
5458 6208 7159 8309 9010 10910 11811 12861 14012 14962
1778 1868 2304 2634 2935 3220 3340 3866 4107 4347
2406 2978 3089 3551 4080 4696 5137 5621 6062 6282
2087 2608 2989 3229 3810 4250 4771 4811 5412 5852
2503 2912 3801 4089 4354 4954 5699 5891 6612 7092
1964 2554 2992 3106 3525 4114 4419 4818 5294 5332
2768 3321 3369 3969 4450 4882 5315 6131 6468 6996
4393 5899 6588 7190 8137 9427 9514 10718 11966 12267
4416 4568 5747 6659 7040 8066 8941 9815 10196 10956
1151 1372 1615 1968 1990 2221 2574 2706 2960 3180
3959 4720 5405 6203 7040 8142 9131 9739 10196 10690
3571 4133 4959 5817 6511 7072 7766 8492 9153 9549
3053 3575 4214 4707 5375 5955 6623 7087 8045 8654
1980 2150 2439 2865 3291 3512 3989 4397 4755 5078
4054 4292 4905 5653 6470 6980 8137 8715 8885 9974
3986 4326 5007 5585 6742 6878 7661 8749 9124 9906
3081 4068 4446 5200 5433 6303 6884 7087 7841 8422
1057 1208 1449 1719 1990 2110 2321 2551 2712 2832
1520 1702 2123 2375 2614 2810 3343 3427 3834 4170
2388 2748 3089 3369 3750 4330 4531 5071 5592 5612
4258 5195 6249 6483 7810 8122 9332 10112 10697 11088
4608 5211 6244 7405 8051 8954 9815 11062 12009 12697
3059 3302 4194 4680 4978 5626 6140 6896 7275 8085
2148 2448 3069 3349 3970 4391 4471 4811 5231 5912
4608 5168 6631 7104 8567 9298 10030 10976 11579 12138
1129 1482 1769 1813 2199 2210 2552 2662 3081 3312
3003 3900 4209 4517 5554 6030 6619 6955 7684 8076
5183 6308 7119 7929 8425 9145 10271 10901 12567 13062
2428 2758 3309 3639 4080 4740 4917 5423 5864 6612
4627 5772 6389 7710 7930 9691 9823 11099 11628 12552
1185 1504 1560 1912 2144 2243 2629 2684 2916 3158
4989 5883 7012 7576 9363 9739 10398 12184 13031 13736
4020 4530 4871 5755 6334 7252 7899 8681 8953 9532
3688 3944 4521 5674 5898 6410 7595 8107 8716 9100
3907 4844 5937 6795 7615 8434 8786 9995 10620 11712
4407 5332 6653 7753 8018 9470 9867 11363 12288 12640
3110 3807 4475 4968 5723 6013 6449 7377 8132 8306
3892 5114 5373 6225 7410 7965 8780 9557 10149 11038
3227 3488 4620 4881 5317 6245 6449 7435 7580 8712
3836 4133 5289 5850 6049 7237 7634 8129 8922 9549
1451 1659 2076 2154 2441 2805 2871 3365 3639 3665
2604 2956 3110 3573 4234 4652 5049 5731 5908 6414
4112 4580 5517 5913 6670 7390 8111 8867 9732 10164
3869 4529 4661 5553 6577 7204 7733 8327 9054 9549
3262 4224 4411 5000 5652 6737 6924 7668 8661 9312
2994 3749 4388 5084 5752 6129 6420 7000 7900 8422
3860 4364 5265 5949 6742 7606 8327 9047 10020 10560
3194 3734 3815 4356 5356 5437 6491 6491 7437 7950
2720 3296 3465 4089 4738 5290 5435 5939 6515 7164
3372 3894 4533 4736 5723 6129 6739 7145 7551 8306
2538 2758 3441 3903 4300 4564 4939 5401 6128 6194
5344 6264 6679 7829 8888 9624 11051 11189 12524 13168
2465 2864 3348 3558 4063 4441 4841 5387 5829 5892
3518 3668 4329 5079 5920 6460 7031 7571 8352 8832
3139 3546 4504 5229 5607 6303 6855 7464 8015 8625
3607 4688 5373 6346 6526 7498 8075 8759 10056 10632
5003 5993 6489 7344 8965 9055 10766 10946 12072 13062
1808 1838 2184 2409 2845 3025 3371 3821 4107 4377
3256 3928 3984 4853 5554 5862 6563 7039 7712 8076
1267 1532 1833 1965 2398 2482 2855 2939 3192 3552
3458 4178 4479 5349 5560 6550 6670 7751 8081 8742
3883 4758 5861 6355 7420 8218 8561 9131 10462 11222
3816 3976 4969 5481 6410 6602 7403 7979 8844 9132
5558 6608 7859 8859 9010 10460 11561 12461 13211 14612
3307 4364 5256 5619 6379 7039 7337 8129 9153 9582
4801 5836 7388 7811 9222 9739 10962 11385 13031 13642
3441 4258 4905 6028 6368 7150 7593 8715 9192 9634
2869 3734 4059 4491 5167 5572 6194 6788 7545 8031
3086 3383 4275 4707 5059 5410 6383 6680 7545 7923
1503 1607 2024 2284 2532 2831 3131 3261 3560 3808
2450 2670 3265 3926 4190 4851 4895 5313 5974 6238
5407 6558 7309 8809 10010 10760 11511 12011 13762 14912
2947 3844 4237 4853 5554 5974 6451 7067 7571 8104
3577 4698 5084 6064 6415 7430 7746 8516 9707 10337
1284 1515 1582 1780 2122 2210 2486 2794 3048 3191
2958 3383 3659 4084 4810 5210 5986 6236 6962 7187
3895 4796 5661 6201 7102 7930 8219 8867 9515 10272
3050 3180 3831 4325 5054 5210 6095 6485 6797 7630
5319 6588 7247 8281 9269 9410 11056 11761 12325 13642
4337 4727 5703 6522 7615 8239 9332 10073 10620 11205
2251 2956 3265 3639 4300 4498 5115 5313 5776 6414
2388 2508 2909 3489 3730 4090 4431 4911 5492 5752
3007 3758 4269 4899 5560 6461 6941 7691 7902 8712
4226 5176 5709 6507 6964 7686 8751 9131 10272 10652
1724 2337 2525 2780 3087 3733 3989 4431 4602 5095
4004 4868 5553 5949 7138 7895 8039 8831 9371 10308
2047 2628 3149 3509 3770 4390 4771 5051 5572 5852
5390 6448 7277 7599 8980 9210 10361 11649 11971 13812
5496 6182 7457 7947 9075 9810 11330 12359 13585 14271
5508 6858 7709 8309 9260 10510 11761 12011 13662 14462
3418 3728 4907 5000 5776 6769 6986 7482 8661 9126
2764 3466 4117 4377 4950 5392 5757 6277 7110 7370
1174 1449 1604 1835 2144 2364 2596 2794 2871 3103
1613 1928 2214 2409 2875 3025 3566 3761 3957 4242
1451 1633 1972 2284 2519 2662 3092 3248 3470 3730
1262 1548 1582 1967 2001 2353 2574 2871 2948 3125
2623 3224 3489 4137 4738 4882 5675 6035 6708 7068
2788 3248 3870 4708 4978 5707 6248 6896 7059 7572
1800 2024 2553 2809 3034 3226 3675 3931 4316 4620
1320 1828 1959 2219 2610 2623 2910 3222 3587 3860
3367 4008 4489 5449 6314 6794 7467 7947 8844 9100
2288 2508 3089 3269 3690 4230 4651 5151 5412 5872
2067 2648 3069 3309 3810 4050 4691 5171 5392 5932
2699 2791 3321 3689 4472 4656 5186 5945 6176 6797
2003 2288 2745 3106 3544 3981 4552 4704 5180 5332
1464 1568 2011 2115 2519 2688 2949 3365 3574 3769
5624 6680 7449 8025 9130 10426 10570 12251 13404 13740
4848 5742 7294 8328 9175 10256 10492 11573 12937 13830
5384 6440 7641 8505 9130 10138 11291 11627 12683 13788
1463 1842 1997 2516 2628 2894 3287 3511 3708 4058
5037 5836 7200 7858 8846 10257 11009 11573 12325 13783
1632 1786 2025 2361 2712 2992 3231 3483 3932 3974
3032 3626 4167 4734 5275 5923 6004 6842 7410 7896
3308 3908 4479 4929 5650 6190 6881 7271 7902 8892
1964 2383 2707 3354 3544 4058 4267 4742 5009 5389
5228 5768 6624 7749 8245 9190 10766 10901 11937 13152
1607 1928 2473 2825 3146 3274 3835 3963 4364 4812
5460 6353 6636 7717 8940 9880 10821 12043 12372 13877
3032 3816 3929 4685 5414 5806 6451 6787 7516 8188
5168 5684 6028 7663 8008 9083 9944 11019 11191 12396
1933 2456 2583 3177 3466 3736 4133 4673 4890 5052
4641 5297 5913 7226 7841 8456 9236 9851 11123 11574
2672 3248 3801 4041 4474 5242 5339 6083 6371 6900
2248 2748 3109 3549 3670 4310 4531 4951 5251 5992
1424 1604 1809 2121 2302 2626 2795 3011 3203 3516
1735 2168 2393 2873 3146 3466 3835 4091 4203 4780
4459 5804 6687 7065 7822 8830 9965 10259 11015 12066
3169 3575 4504 5172 5259 6071 6942 7435 7668 8132
5507 6118 6589 7764 8470 9598 10351 12137 12890 13454
1196 1361 1714 1868 2023 2386 2607 2684 2982 3125
2288 2748 2969 3509 3790 4330 4691 4951 5432 5652
1424 1544 1905 2085 2182 2542 2867 2915 3155 3564
3113 3329 4329 4464 5356 5572 5951 6545 7221 8031
3528 4489 4713 5674 5962 6602 7051 7691 8716 9100
3946 4766 6132 6600 7264 8356 8669 9566 10698 11517
3845 4986 5709 6431 7610 8066 8941 9397 10652 10804
5252 6172 7139 7507 9026 9486 10545 11971 12155 13582
3449 4038 4473 5000 5869 6458 7048 7823 8444 9281
1724 2320 2576 2848 3138 3580 3938 4210 4738 4891
1243 1568 1785 2061 2242 2626 2867 3071 3252 3540
2947 3704 4237 4741 5078 5918 6395 6871 7600 8300
3067 3668 4419 4899 5920 6280 6791 7601 8292 8832
1372 1581 2024 2102 2597 2792 3001 3235 3444 3795
3963 4208 5154 6064 6800 7465 7886 8691 9217 10127
4808 5128 6289 7089 7410 8610 9291 9691 10411 11252
5554 5883 6918 7529 8564 9692 11150 11432 12843 13548
3248 3788 4419 4809 6010 6040 6851 7511 7932 8652
1316 1556 1809 2049 2242 2590 2735 3071 3155 3456
4754 5789 6824 7952 8846 10304 11056 11526 12467 13219
3624 3944 4969 5641 5802 6570 7499 8267 8844 9356
2946 3440 4169 4403 4976 5340 5991 6693 7292 7422
2330 2975 3666 3781 4564 4771 5301 5623 6245 6544
3139 3488 4475 5229 5723 6390 6565 7522 7987 8422
1129 1416 1593 1912 2067 2276 2574 2849 2971 3147
2503 3176 3729 4017 4330 5050 5723 5939 6588 6972
4695 5211 6158 7405 7922 9471 9729 11019 12052 12138
4138 4873 5084 6064 6555 7605 7851 8411 9567 10092
3511 4100 4690 5496 6179 6489 6893 7606 8289 8847
4822 6218 6939 7524 8335 9190 10001 11081 12522 13512
2212 2801 3222 3579 4000 4525 4694 5408 5682 5976
2994 3691 4301 5026 5259 5926 6594 7464 7987 8538
3787 4580 5769 5769 7030 7390 8327 9119 9732 10272
3751 4976 5373 6237 6850 7714 8075 9335 9515 10164
2014 2252 2559 2848 3069 3733 3989 4261 4772 4823
5037 5836 6824 7576 8470 9692 10445 11526 12890 14065
3097 3788 4389 4839 5770 6430 7061 7511 7902 8742
4407 5488 6249 6889 7610 8690 9051 10411 10811 11492
3312 3536 4461 4489 5162 5806 6591 7095 7628 8244
1951 2348 2871 3123 3592 3898 4187 4475 4943 5412
4642 5633 6489 7884 8695 9505 10406 11711 11891 13197
4448 4485 5448 6003 7373 7743 8336 9520 9706 10446
2328 2788 3209 3329 3610 4330 4591 4871 5271 5732
2402 2885 3096 3453 4105 4378 4883 5114 5640 6060
3787 4873 5119 5714 6485 7220 8411 8831 9672 10407
3217 4208 4689 4809 5439 6610 7211 7811 7811 9012
1720 2072 2425 2745 2890 3370 3691 3899 4172 4620
2538 2714 3375 3947 4366 4674 5203 5335 5974 6216
1017 1368 1569 1629 1820 2070 2261 2571 2712 3002
1646 1688 2067 2277 2628 2922 3175 3371 3652 4044
3303 4456 4905 5385 5930 6698 7307 8203 8588 9196
3666 4286 4597 5248 5621 6210 7358 7854 8599 8723
4127 5528 6329 6729 7570 8130 9451 10411 10852 11412
2632 3183 3934 4334 4810 5260 5836 6011 6737 7337
1808 1853 2289 2664 2995 3025 3521 3731 4032 4317
2816 3056 3417 3945 4666 5122 5699 5771 6468 6996
1507 1973 2229 2665 2965 3025 3371 3641 4122 4212
3845 5329 5823 6203 6964 8180 8865 9663 9967 11108
5480 6632 7593 7881 8938 9994 11339 12011 12635 14412
1576 1772 2067 2319 2740 2810 3105 3455 3834 4114
2040 2649 2802 3372 3467 4019 4571 4856 5065 5712
4951 6632 7017 8505 9226 9706 11099 11963 13164 14268
4302 4758 5975 6773 7230 8294 8370 9891 10157 10690
3372 3604 4533 4881 5230 6304 6971 7000 7551 8190
4264 4758 5937 6241 6926 8256 9017 9549 10386 10690
4340 4568 5671 6279 7116 8333 8447 9777 10082 11146
2607 3206 3675 4169 5158 5444 5757 6407 6928 7526
4063 5390 6210 6795 7537 8005 9020 9605 10581 11205
2841 3414 3831 4507 5028 5496 6173 6745 7110 7630
1340 1496 1773 2013 2230 2578 2699 2903 3372 3528
4712 5342 6015 6771 8242 8578 9461 10091 11520 11940
4328 5048 5409 5769 7210 7894 8435 9191 9731 10128
1307 1776 2063 2206 2350 2714 2897 3235 3613 3756
5319 6071 7153 8046 8470 9598 10774 12184 13031 13642
2422 2998 3436 3712 4495 4840 5370 5692 5991 6659
4808 5328 6329 7209 7930 8690 9291 10251 11051 11372
2248 2468 2909 3590 3610 4030 4411 5031 5332 5952
4417 5300 6309 6855 8368 8914 10049 10595 11141 12570
3604 4162 4752 5341 5962 6427 7265 7544 8568 8785
5839 6280 7015 8731 9761 10202 11281 12457 13241 14565
3459 3517 4388 4997 5230 5868 6420 7087 8045 8161
1206 1482 1725 1780 2023 2430 2596 2849 2926 3268
5648 5742 7435 7952 8893 10162 11009 11949 13031 14112
1778 2078 2409 2544 2950 3250 3536 3881 4212 4227
3855 4929 5337 6484 7336 7965 8188 9076 10039 10446
4035 4834 6013 6849 7154 7724 9093 9815 10195 10956
5083 6447 7341 8140 9128 10209 11056 11432 12372 13172
1607 2088 2521 2874 2922 3354 3627 4059 4396 4636
1503 1620 1868 2324 2350 2701 2884 3157 3535 3834
4313 5626 6364 6733 7513 8497 9072 10138 10713 12107
4436 5256 5913 7020 7513 9031 9400 10138 11205 11697
1688 1973 2319 2514 2710 3295 3581 3836 4092 4257
2193 2478 2802 3277 3658 3829 4229 4685 5275 5446
1963 2269 2525 2882 3087 3461 4091 4363 4482 4908
2047 2428 2909 3530 3710 4230 4431 5191 5372 5852
1451 1711 1881 2350 2493 2636 2975 3300 3456 3821
3356 3790 4349 5373 5652 6396 6986 7823 8227 8909
5643 6378 7016 7898 9467 10202 11183 12212 12997 14565
4745 6218 6817 7783 8428 9256 10269 11926 11972 13214
4996 5211 6373 6975 8180 9126 10073 11019 11751 12826
3060 3704 4405 4573 5610 5638 6339 7095 7768 7880
5507 6306 6636 7999 8705 9504 10868 12090 12419 14112
4435 5051 6446 7020 8087 8210 9400 10630 11164 12107
2170 2801 3159 3369 4042 4462 4652 5429 5640 5913
3883 5215 5595 6203 7078 7876 8789 9245 10348 10804
2252 2714 3133 3706 4058 4432 5027 5291 5864 6216
5048 5453 7209 7254 8830 9415 10496 11666 12432 13242
3228 3424 4489 5050 5050 5862 6451 7123 7488 7880
3463 4168 4777 5353 6186 6954 7307 8299 8620 9132
2983 3458 3709 4509 4635 5485 5535 6036 6787 7387
5658 6308 7159 8059 9460 10410 11061 12061 13212 14262
1612 1868 2409 2710 2860 3025 3416 3686 4197 4452
4565 5684 6201 7620 8266 9169 10030 10761 11406 12740
5007 6208 7809 8809 9260 10860 11911 12161 13412 14662
2254 2633 3033 3789 4105 4609 4988 5282 5555 6228
2027 2588 2989 3549 3850 4290 4751 4991 5271 5872
1412 1604 1845 2145 2302 2602 2675 2891 3155 3492
3406 4595 4992 5586 6181 7039 7931 8030 8657 9450
3921 4720 5557 6774 7002 8142 8751 9283 10424 10842
1017 1258 1469 1629 1900 2020 2361 2471 2632 2852
1291 1556 1893 2133 2410 2494 2771 3119 3360 3480
3592 4456 5065 5449 5769 6666 7595 8299 8780 9100
1058 1338 1519 1619 1870 2040 2291 2491 2692 2842
2348 2528 2909 3549 3870 4210 4771 4991 5251 6012
4823 6264 6669 7209 8830 9145 9956 11351 11756 13377
1385 1581 1985 2167 2428 2766 3079 3300 3561 3756
1229 1526 1703 1835 2012 2420 2442 2706 2949 3136
4641 5010 6241 6897 7677 8702 9031 10179 11410 11820
2816 3200 3609 3921 4498 5074 5723 5891 6492 7092
2360 2528 2991 3727 4000 4546 4841 5240 5682 6018
5558 6408 7209 8509 9960 10660 11411 12311 13312 14062
5390 6218 7185 8013 8704 10130 10959 11143 12800 13490
4451 5596 6521 7137 8062 9338 10439 10967 11848 13036
3935 4265 4761 5421 6544 6709 7601 8228 8691 9615
5257 6708 7959 8809 9360 10710 11511 12761 13111 14912
5357 6408 7509 8759 9710 10660 11461 12861 13362 14112
4302 5100 5861 6165 7268 8332 8903 9625 9967 10804
3307 4331 4860 5355 6511 7238 7403 8195 8955 9483
1832 1992 2329 2713 2906 3290 3659 4091 4252 4540
2557 3283 3734 4434 4635 5210 5986 6411 6687 7112
4759 5772 6873 7533 8634 9646 10307 11187 11847 12816
1240 1416 1615 1945 2144 2309 2651 2827 2893 3279
2128 2428 2949 3450 3950 4050 4511 4951 5332 5612
4102 4805 6015 6483 7459 8473 8864 9878 10620 11244
4880 5090 6267 7233 8242 8410 9503 10343 11688 12276
4150 4644 6013 6469 6964 7610 8941 9891 10005 11070
6008 6708 7759 8609 9460 10210 11711 12661 13411 14662
1848 2200 2489 2649 2921 3498 3707 3931 4492 4780
4477 5584 5995 6692 7718 8702 9072 9933 11287 12025
5336 6728 6728 8361 9418 9994 11243 11531 13068 13788
1448 1496 1688 2001 2374 2470 2783 3131 3348 3612
1138 1228 1409 1689 1920 2100 2401 2451 2732 2902
5288 5596 6345 7401 8414 9118 9955 11187 11495 12684
3217 4088 4268 5229 6010 6190 7061 7631 8202 8952
2041 2592 2726 3068 3563 4057 4324 4704 5180 5351
2907 3749 4127 4852 5317 6129 6826 7232 7871 8219
1279 1616 1797 2134 2386 2434 2651 2951 3336 3444
3542 4383 5434 6205 6590 7115 8131 8481 9567 10372
4350 5254 6244 7664 7793 8739 9987 10331 11880 12138
5366 6541 6729 8046 9175 10256 11197 11949 12560 13642
2908 3233 3859 4509 5010 5335 5986 6411 6561 7012
4189 5625 5749 7061 7841 8702 9646 9851 11369 11615
1861 2222 2853 2997 3394 3664 4133 4583 4998 5340
3918 4530 4803 5755 6198 7286 7831 8341 9260 9566
1533 1758 2137 2459 2614 3034 3371 3539 3749 4100
1912 2116 2627 2984 3155 3461 4040 4108 4721 5078
3067 3668 4419 4899 5680 6460 6641 7691 8322 8982
4699 5988 6495 7369 8520 9302 10637 11972 12248 13582
3032 3410 3816 4356 4897 5491 6194 6950 7491 7599
3430 3517 4069 4794 5433 6013 6449 7522 8132 8480
4479 5813 6287 7190 8352 9427 9772 10417 11923 12869
1808 1853 2334 2634 2980 3220 3355 3731 4077 4377
2087 2648 3169 3349 3790 4150 4651 5011 5472 5712
3807 5138 5633 6317 7610 7952 8675 9245 10272 11184
2840 3296 3729 4161 4642 4954 5627 5819 6684 6972
2551 3152 3825 4089 4714 5122 5699 6107 6539 7164
4226 4966 5263 5929 7336 7817 8188 9113 9891 10668
4804 6080 6565 7181 8106 9162 9691 10835 11980 13080
4488 5448 6009 6729 7650 8090 8931 10331 11092 11452
4608 5856 6803 7577 7750 9083 10245 10546 11407 12095
5125 5942 6287 7104 7836 9169 10245 10589 11191 12396
1491 1786 1983 2361 2726 2950 3315 3581 3750 4072
4454 4644 5975 6773 7002 7800 8865 9245 10652 11260
