1000 10 10
8 165 137 128 70 159 105 174 63 50 165 0 40
9 136 108 91 47 159 178 137 111 69 163 0 44
6 89 195 144 93 106 63 94 109 106 54 0 30
7 77 195 182 152 162 160 165 135 88 54 0 33
8 69 196 57 156 81 138 154 179 197 176 0 39
5 179 153 165 151 78 178 104 193 60 89 0 21
6 51 94 66 110 49 151 80 143 198 146 0 28
3 156 149 85 190 96 51 102 153 141 106 0 14
4 43 197 127 129 94 122 42 185 127 198 0 18
3 143 118 45 169 169 51 183 161 177 101 0 13
6 103 164 103 79 59 106 177 77 131 177 0 29
9 110 77 130 40 128 50 54 130 55 186 0 44
5 41 50 156 166 102 93 181 168 69 85 0 22
6 172 123 161 152 41 105 72 117 127 85 0 27
2 187 103 50 138 153 144 165 103 96 85 0 10
3 164 73 159 164 100 75 119 96 61 122 0 14
3 170 169 176 158 79 136 102 85 75 169 0 11
3 81 149 148 42 61 144 152 101 48 80 0 14
6 105 173 135 181 150 117 85 84 142 108 0 26
6 154 142 185 122 163 42 128 96 146 45 0 27
10 138 149 41 53 140 150 44 133 128 129 0 47
6 121 181 102 140 179 99 71 109 54 120 0 26
5 126 125 148 181 150 117 133 69 69 81 0 23
6 173 134 78 140 127 158 194 109 183 59 0 29
3 88 80 129 140 169 92 101 162 175 57 0 14
8 49 162 113 91 65 198 154 170 134 157 0 39
8 156 197 58 102 118 102 57 145 191 102 0 36
4 144 188 156 130 64 138 57 83 177 53 0 16
6 46 120 135 123 189 90 88 183 85 187 0 27
6 142 73 169 44 88 182 144 144 142 192 0 27
3 92 53 153 195 76 49 134 104 110 96 0 12
8 164 113 78 120 46 170 111 62 161 59 0 38
4 149 67 76 191 113 158 162 141 90 117 0 19
7 77 170 43 126 52 92 82 75 116 98 0 31
6 93 174 49 151 71 152 61 156 56 167 0 30
7 70 188 73 63 43 126 135 142 134 184 0 32
10 94 119 64 99 55 42 89 118 159 89 0 49
5 80 77 70 199 127 59 171 144 52 61 0 22
7 146 85 95 113 64 158 128 119 73 65 0 31
6 157 184 149 122 125 156 183 112 94 122 0 26
10 64 72 42 126 105 142 106 182 93 52 0 50
8 108 79 55 144 85 183 120 159 77 144 0 39
8 59 118 75 154 51 49 53 173 91 67 0 36
5 88 166 177 198 146 57 60 189 105 83 0 24
3 171 103 43 144 124 110 99 127 156 122 0 11
4 140 199 157 43 170 186 197 69 162 183 0 16
7 171 176 199 138 184 96 115 195 105 57 0 33
8 88 165 44 45 100 91 122 81 110 51 0 38
2 50 160 164 138 161 93 148 99 199 57 0 10
8 105 111 122 99 143 169 108 93 59 113 0 37
8 76 114 45 139 43 113 160 142 165 152 0 38
9 64 158 168 160 141 72 89 149 103 69 0 45
8 101 140 172 154 151 197 113 188 192 129 0 36
7 77 160 118 68 106 145 44 144 69 95 0 31
3 87 96 150 118 163 107 60 61 146 150 0 15
4 63 152 93 59 196 138 65 177 48 186 0 20
6 170 127 116 91 96 107 139 166 187 106 0 26
9 138 122 116 43 60 107 126 124 140 120 0 45
5 69 96 84 187 124 126 167 169 182 127 0 22
6 85 169 189 104 163 45 184 169 164 140 0 27
4 55 98 111 53 57 157 53 102 172 172 0 16
7 174 175 73 120 74 60 145 136 146 67 0 33
10 123 122 182 165 120 93 46 79 142 141 0 48
9 120 164 53 143 107 182 71 114 148 128 0 44
8 125 138 86 58 157 54 199 112 192 157 0 39
6 181 105 130 126 74 140 193 100 99 102 0 29
5 139 67 47 58 130 61 173 69 49 147 0 24
4 136 71 196 44 167 89 91 69 92 169 0 18
6 149 177 83 170 118 111 96 65 52 174 0 26
7 141 114 85 91 109 91 136 198 181 42 0 33
8 137 191 183 173 49 86 102 79 141 163 0 40
7 42 199 145 181 63 126 79 159 91 197 0 34
6 81 171 132 129 134 136 156 155 189 62 0 26
9 61 129 111 115 111 135 50 191 180 188 0 42
6 120 98 61 106 174 121 162 48 99 185 0 28
8 86 196 68 119 130 98 144 190 79 62 0 38
6 72 94 117 95 102 115 171 50 173 186 0 29
3 96 172 48 139 65 181 163 116 95 85 0 11
10 162 67 146 178 151 53 51 87 63 91 0 49
6 173 102 167 50 165 118 183 195 45 85 0 29
8 109 186 128 140 88 163 89 114 156 106 0 40
6 141 133 140 53 99 94 118 187 154 59 0 30
3 79 44 65 100 122 194 102 185 150 100 0 12
9 120 193 159 100 40 173 104 49 89 69 0 41
9 152 153 129 78 108 185 116 45 118 175 0 45
4 62 112 89 185 92 96 54 143 90 139 0 16
6 137 125 66 65 43 90 98 51 177 155 0 29
7 76 158 136 135 168 118 140 141 105 124 0 34
3 122 161 146 183 191 189 102 45 41 79 0 14
4 85 112 81 167 161 52 54 59 87 181 0 19
5 106 171 71 115 87 173 79 183 119 193 0 21
10 151 176 111 79 109 89 128 47 154 145 0 47
3 153 152 93 177 93 108 111 148 45 142 0 14
8 112 44 75 71 125 173 139 142 112 118 0 40
2 57 98 197 159 45 154 154 97 64 51 0 10
6 198 70 78 167 45 151 138 136 104 160 0 29
8 157 179 54 182 175 64 69 134 74 90 0 39
2 41 99 104 189 161 168 155 138 153 184 0 10
3 191 55 149 149 83 45 139 165 185 118 0 12
4 180 189 85 161 192 91 193 180 163 175 0 16
7 115 150 53 85 71 41 183 66 85 55 0 33
5 154 87 41 187 75 45 142 108 55 133 0 24
9 67 186 43 67 96 108 171 156 198 111 0 42
8 81 127 119 166 154 125 93 134 187 171 0 36
10 114 83 109 182 85 110 162 145 135 118 0 46
5 127 60 82 166 145 75 185 106 65 51 0 22
6 66 161 155 86 71 148 139 199 51 69 0 27
3 119 57 63 57 92 116 164 189 130 121 0 15
6 116 63 182 111 138 150 179 145 162 90 0 29
3 159 91 172 159 114 98 61 110 121 155 0 15
5 156 41 156 151 83 47 98 186 144 195 0 23
7 41 62 55 106 143 146 102 176 180 126 0 35
9 167 145 57 137 187 121 150 115 182 100 0 44
8 47 167 173 81 99 141 122 100 149 47 0 39
5 119 164 178 97 152 173 149 54 187 112 0 22
9 145 167 67 187 176 91 55 78 99 69 0 45
10 99 136 124 148 192 166 183 71 116 83 0 50
8 179 54 91 147 131 194 73 66 49 42 0 36
7 103 50 70 86 130 124 81 45 82 126 0 34
2 104 175 111 194 136 134 183 159 167 112 0 10
8 93 158 161 88 167 81 119 172 199 68 0 36
4 172 125 113 157 143 191 134 51 180 92 0 20
3 45 184 54 143 88 41 51 178 157 188 0 13
7 190 146 75 189 89 180 71 70 179 174 0 32
10 100 100 106 161 87 175 111 120 160 186 0 47
3 174 117 53 80 48 104 76 49 165 198 0 15
10 81 196 63 75 102 60 85 58 124 167 0 47
5 160 130 54 164 174 149 195 180 80 61 0 23
9 100 96 64 127 61 118 123 106 187 93 0 41
6 133 152 49 105 90 99 43 100 128 123 0 29
6 191 142 184 188 138 85 98 146 174 193 0 27
6 119 174 47 173 123 133 47 51 154 171 0 28
4 173 115 144 120 98 135 79 175 193 49 0 18
2 50 157 96 185 77 155 155 77 66 48 0 10
10 198 93 64 172 195 64 96 140 140 150 0 50
5 69 167 163 45 120 140 179 68 142 194 0 24
4 96 80 170 91 55 190 93 42 191 77 0 19
5 73 156 183 171 177 130 192 62 171 132 0 23
4 45 65 157 143 183 158 126 141 130 91 0 20
6 148 64 56 173 175 133 61 140 167 60 0 26
10 131 86 137 41 162 143 159 89 136 43 0 49
8 69 163 51 134 65 131 181 102 123 52 0 39
4 55 56 159 139 120 132 84 134 187 126 0 19
10 161 176 143 108 109 44 81 196 198 118 0 50
6 157 81 162 42 61 188 172 101 58 136 0 28
6 171 185 57 140 114 118 48 154 131 147 0 30
5 57 70 87 73 41 73 81 74 121 125 0 25
3 81 79 152 68 40 73 112 78 71 179 0 11
5 152 47 180 57 99 63 121 78 199 159 0 21
10 71 99 169 134 133 110 133 151 147 180 0 46
4 183 191 69 57 112 73 103 118 175 71 0 17
8 127 150 122 74 61 154 180 51 49 95 0 40
9 145 51 186 67 127 65 156 138 114 53 0 41
3 65 183 145 162 57 50 196 73 130 130 0 11
5 171 175 188 161 143 60 52 67 132 102 0 22
7 166 152 187 57 95 96 67 91 69 163 0 33
5 91 117 58 41 128 141 54 85 154 61 0 22
4 195 63 180 197 183 70 153 106 136 185 0 20
3 165 130 122 144 80 147 187 109 145 46 0 13
6 198 160 104 145 192 121 57 182 193 199 0 28
8 78 94 157 134 51 58 144 94 86 139 0 37
3 132 199 128 164 178 90 188 65 159 120 0 11
9 102 117 65 179 59 91 56 174 164 114 0 44
7 187 153 194 164 94 101 91 88 132 187 0 35
10 176 127 120 122 146 54 105 43 177 119 0 46
10 49 113 147 102 50 116 154 156 160 128 0 48
7 63 106 64 116 88 116 197 157 133 157 0 31
8 129 141 42 198 110 118 189 177 131 151 0 38
3 42 142 165 95 55 124 176 98 58 199 0 14
9 51 87 189 142 190 52 145 57 102 98 0 43
3 143 42 58 141 181 131 143 143 154 101 0 13
10 142 151 191 192 104 110 63 151 122 169 0 46
3 156 178 102 169 157 172 168 77 199 123 0 13
8 76 43 127 142 73 42 49 178 173 77 0 38
6 41 151 46 185 132 83 47 48 86 106 0 26
4 159 84 161 99 135 104 175 180 181 190 0 19
9 102 99 72 93 187 106 169 43 144 93 0 45
10 137 157 102 126 77 149 45 199 138 156 0 48
10 120 197 156 185 161 140 68 191 67 64 0 50
3 131 113 156 103 94 110 85 150 146 159 0 13
8 62 81 139 141 72 65 199 94 156 52 0 37
6 157 161 46 91 81 122 196 166 121 96 0 27
4 151 175 70 185 69 172 180 157 73 184 0 18
6 50 126 183 94 163 139 150 180 60 108 0 27
6 188 96 61 49 51 193 174 113 107 187 0 30
8 68 73 194 115 116 186 132 71 165 161 0 37
4 71 191 188 135 98 65 153 79 83 164 0 17
4 56 193 128 105 169 80 54 124 73 137 0 17
4 146 148 178 191 82 112 156 107 124 75 0 17
9 185 146 103 66 122 145 95 140 102 183 0 42
6 49 168 86 80 187 65 195 62 120 41 0 28
10 137 50 94 117 102 171 165 165 156 124 0 49
9 96 50 187 197 89 182 60 151 100 106 0 44
6 137 120 168 162 64 194 92 54 78 172 0 30
10 73 79 146 141 65 188 63 61 106 73 0 47
6 70 96 44 191 91 135 110 144 170 181 0 27
5 104 65 95 154 131 82 139 71 106 187 0 24
10 168 174 136 116 109 118 107 52 148 95 0 46
8 80 179 143 72 162 188 133 88 45 86 0 38
10 169 157 171 106 186 132 102 56 90 179 0 49
5 142 169 60 88 164 122 102 171 162 77 0 24
10 94 183 149 131 51 111 82 181 134 43 0 50
5 100 54 178 148 45 41 137 109 75 91 0 23
9 168 197 94 79 52 186 93 186 122 43 0 41
10 199 145 187 116 115 53 119 192 109 119 0 50
8 117 124 153 87 106 140 155 109 181 157 0 38
6 182 181 153 98 172 77 116 79 166 144 0 30
4 79 75 119 134 94 65 184 80 161 104 0 19
9 149 87 41 199 67 131 64 109 73 62 0 43
7 79 86 108 177 181 112 77 108 90 156 0 34
9 171 41 78 196 179 139 44 104 66 155 0 41
7 103 154 187 152 58 47 180 146 141 128 0 34
8 86 153 63 85 184 123 109 152 153 172 0 37
10 110 155 189 67 127 161 61 130 129 94 0 47
9 120 110 143 81 117 160 136 132 43 114 0 42
6 49 190 49 107 161 190 65 67 124 188 0 30
7 147 110 63 172 131 115 47 81 104 181 0 33
4 118 106 48 48 55 69 166 97 158 49 0 19
10 184 125 132 146 194 97 143 164 90 45 0 49
8 112 80 163 93 195 65 118 179 73 43 0 39
8 146 87 58 116 187 134 52 64 47 125 0 37
5 195 77 45 89 171 85 136 147 183 185 0 25
4 75 190 117 128 133 159 87 53 106 62 0 18
10 101 117 113 103 63 87 41 46 93 41 0 48
3 195 115 48 193 112 45 172 51 73 169 0 12
5 116 98 124 40 139 59 51 156 197 82 0 25
9 77 104 54 51 189 73 105 163 51 42 0 43
8 183 57 113 156 122 151 95 149 123 118 0 40
7 181 187 174 83 93 199 149 187 85 46 0 31
9 47 135 123 51 128 178 161 155 76 184 0 45
10 165 71 173 196 42 163 183 179 110 155 0 50
9 153 176 155 48 112 62 166 102 103 138 0 42
10 106 51 130 188 44 45 138 81 160 160 0 48
8 60 73 155 157 88 173 163 67 167 157 0 36
3 198 179 171 176 186 104 77 175 138 156 0 12
5 109 104 136 72 199 151 51 170 89 191 0 24
9 172 79 66 150 136 173 124 110 89 55 0 44
3 50 181 162 72 140 129 114 159 160 163 0 15
3 104 184 69 94 108 95 121 194 85 163 0 15
7 69 177 83 74 142 160 98 104 140 91 0 31
9 49 124 105 178 133 182 50 85 156 187 0 43
8 51 78 189 153 119 104 147 78 117 180 0 36
3 116 172 100 64 180 81 71 105 122 139 0 12
9 165 195 66 139 61 173 82 141 149 45 0 44
4 154 104 108 46 78 137 69 135 120 187 0 17
10 120 106 120 159 41 199 124 148 96 72 0 50
7 195 175 42 128 56 147 165 135 195 110 0 35
7 116 144 63 188 137 136 185 114 89 119 0 35
10 183 80 128 73 59 161 66 139 93 122 0 48
6 69 144 60 136 112 156 92 197 106 129 0 27
3 86 107 79 161 102 127 90 94 44 76 0 15
3 148 142 145 59 107 132 164 90 156 100 0 15
3 106 68 59 156 40 195 58 118 89 119 0 14
4 77 139 185 118 64 125 118 167 148 181 0 18
3 57 66 186 128 163 50 154 49 148 57 0 15
3 192 118 134 102 54 62 46 145 175 139 0 14
10 63 116 163 189 194 143 40 65 53 115 0 48
10 91 73 188 148 174 48 148 120 134 60 0 50
7 45 61 73 67 94 159 128 87 146 47 0 35
6 148 65 97 132 75 131 87 189 86 129 0 30
3 124 106 51 79 147 50 94 161 103 100 0 11
6 103 199 136 196 189 73 47 165 114 85 0 27
4 64 108 41 79 107 193 70 110 116 126 0 20
5 59 47 112 118 158 140 197 46 163 74 0 23
7 131 149 57 100 131 67 193 137 132 65 0 32
7 165 153 175 183 104 100 116 64 187 41 0 31
7 85 86 131 145 149 43 82 142 101 142 0 35
8 192 138 66 84 53 186 61 118 65 102 0 37
2 164 71 147 47 43 69 163 43 93 193 0 10
6 151 182 189 183 134 189 199 195 139 126 0 28
6 119 59 68 177 51 124 77 144 50 146 0 30
10 104 109 110 175 111 113 49 146 52 122 0 50
4 125 190 136 113 139 139 157 53 119 188 0 18
8 53 121 99 71 183 93 154 105 137 79 0 40
9 74 124 198 94 95 192 96 173 185 64 0 41
9 171 154 119 167 171 115 156 54 76 168 0 44
9 90 73 178 92 83 74 154 51 184 192 0 44
5 110 78 55 186 160 41 188 159 180 96 0 23
8 47 171 147 133 42 103 197 188 69 60 0 40
3 165 187 87 102 197 141 167 111 186 89 0 12
6 182 106 146 198 40 189 138 166 74 126 0 26
4 117 160 79 168 81 146 43 105 107 179 0 16
6 171 70 177 46 185 102 173 185 120 101 0 27
7 182 190 140 91 80 129 198 71 160 146 0 31
10 165 163 72 109 181 194 199 45 55 53 0 48
4 90 93 168 173 174 104 41 64 98 189 0 19
9 103 199 157 57 196 101 41 64 108 108 0 43
9 53 87 183 68 99 73 152 106 147 54 0 43
5 78 81 133 172 96 40 134 62 72 59 0 23
3 46 114 118 111 114 192 183 78 117 75 0 13
4 188 107 87 197 123 168 117 47 50 112 0 17
4 109 70 100 133 177 182 77 105 125 49 0 18
8 53 199 158 89 179 142 64 152 45 173 0 38
5 183 123 169 48 178 106 41 104 159 47 0 22
2 87 75 47 179 185 81 70 75 129 51 0 10
3 129 86 99 91 76 188 130 180 81 132 0 13
8 165 192 109 163 194 180 92 144 57 116 0 36
7 68 105 163 45 82 158 112 165 176 198 0 35
6 176 167 196 51 178 138 191 124 72 178 0 26
6 126 72 183 125 147 73 57 152 189 144 0 26
5 93 72 106 68 114 157 106 175 44 55 0 22
6 148 119 106 113 95 91 192 112 55 120 0 28
9 197 99 41 165 191 164 86 110 52 88 0 45
7 97 184 88 189 169 53 125 90 105 94 0 33
6 157 82 138 91 106 51 197 43 112 181 0 28
5 123 128 104 196 71 154 185 182 181 87 0 23
6 181 48 48 76 115 123 96 104 140 40 0 26
3 150 152 155 70 74 178 167 77 117 109 0 11
4 98 177 183 187 135 143 145 186 176 77 0 17
8 124 160 134 138 110 57 195 85 190 125 0 38
3 184 159 89 189 45 70 109 128 118 138 0 11
6 87 62 107 116 155 114 148 56 194 191 0 28
5 96 193 74 101 100 98 89 132 96 123 0 22
8 52 109 161 108 94 73 52 84 154 48 0 36
7 73 79 67 40 179 182 137 71 165 162 0 34
5 113 84 122 134 186 154 87 75 72 191 0 25
9 73 93 195 128 152 176 157 179 173 185 0 43
3 56 100 189 160 134 57 195 163 109 70 0 11
9 199 171 166 157 71 174 87 150 68 49 0 41
3 94 66 61 44 131 163 151 127 159 175 0 13
6 41 98 72 127 117 101 102 87 183 193 0 28
9 130 123 100 156 83 110 88 196 126 118 0 42
9 143 44 173 59 40 178 126 112 146 85 0 42
4 186 99 75 112 174 150 108 144 77 136 0 20
5 71 81 136 40 144 69 184 161 155 163 0 23
3 199 162 132 50 114 195 115 73 117 59 0 13
8 46 157 67 63 181 183 73 168 189 140 0 36
4 94 183 187 70 83 75 72 48 89 77 0 19
4 53 177 77 64 118 180 168 189 176 179 0 20
4 124 176 163 87 152 99 139 126 159 80 0 20
5 192 73 152 94 138 181 64 148 160 187 0 25
6 45 164 105 165 185 163 105 199 136 168 0 30
3 84 183 101 186 47 168 197 123 137 69 0 12
5 40 196 99 185 183 168 193 56 193 189 0 21
3 55 80 55 81 192 69 161 102 101 124 0 14
3 76 94 196 107 55 156 87 183 45 162 0 13
10 95 160 46 196 68 44 181 130 57 93 0 50
8 89 188 132 41 59 132 77 69 84 130 0 37
9 162 123 71 128 41 114 52 134 125 96 0 42
4 63 75 49 168 170 155 134 181 141 152 0 18
8 181 152 140 181 156 179 78 159 152 152 0 37
9 196 183 81 159 83 136 132 83 75 86 0 42
7 182 167 43 108 148 51 69 142 111 194 0 35
3 184 69 114 169 165 69 82 167 85 65 0 15
3 74 61 191 187 132 197 72 53 164 161 0 15
3 43 132 126 86 107 99 158 167 110 142 0 11
7 57 144 48 110 124 168 100 173 75 69 0 34
5 94 182 156 152 112 140 136 115 124 164 0 23
5 151 75 131 181 161 67 181 56 148 67 0 21
7 159 96 59 90 91 73 182 84 145 108 0 31
8 73 107 144 178 191 90 139 121 186 43 0 36
8 107 106 163 107 69 128 107 55 189 157 0 38
5 93 159 122 177 194 106 116 85 88 126 0 24
8 48 166 148 172 181 132 165 47 149 128 0 37
9 97 110 77 148 92 156 197 176 45 165 0 42
5 156 187 108 199 169 110 72 91 142 73 0 21
6 104 150 79 119 150 61 175 132 94 77 0 28
9 108 112 57 116 108 178 78 47 54 136 0 45
4 133 57 132 115 104 130 159 85 164 174 0 17
6 99 149 104 51 58 193 57 169 73 190 0 30
3 138 90 65 149 51 159 67 126 45 40 0 14
3 120 179 126 197 55 60 86 120 181 123 0 14
9 62 85 114 197 180 85 129 67 40 144 0 43
3 131 129 199 66 66 103 93 179 59 83 0 13
8 84 160 120 196 165 94 185 190 76 199 0 37
7 134 126 98 183 60 175 197 187 40 73 0 33
3 193 57 65 113 190 83 151 135 114 173 0 13
9 138 78 151 161 191 146 73 184 100 125 0 44
6 125 92 68 64 197 133 47 42 138 86 0 26
5 40 189 73 98 195 156 142 176 106 84 0 23
10 182 192 62 106 187 159 51 51 61 140 0 50
3 96 132 58 155 70 158 80 44 171 177 0 15
10 48 174 161 134 109 92 48 86 108 165 0 48
6 47 143 172 45 150 149 199 103 188 183 0 26
4 63 122 74 93 175 104 130 45 104 149 0 16
6 73 51 95 161 150 157 179 111 130 182 0 26
10 141 148 122 189 130 165 77 48 85 57 0 47
6 144 137 183 58 47 194 193 57 96 65 0 27
5 136 131 90 154 155 71 183 161 129 126 0 24
4 132 178 73 127 177 99 68 163 67 57 0 17
9 79 194 84 161 155 154 85 137 184 137 0 43
4 92 144 47 102 130 111 57 82 113 83 0 20
3 127 99 183 98 119 82 81 143 86 186 0 13
4 177 98 63 159 71 76 191 172 77 137 0 17
4 172 184 93 51 175 138 41 136 191 157 0 16
8 132 104 106 117 75 176 180 112 41 48 0 36
4 172 167 181 87 74 172 91 71 183 58 0 18
10 126 169 198 165 197 80 51 141 102 131 0 50
7 182 194 152 90 136 75 85 98 63 81 0 35
2 154 180 126 157 92 112 195 93 63 176 0 10
10 175 63 154 166 175 166 48 50 90 199 0 49
8 136 124 148 57 102 107 165 93 196 136 0 38
8 65 166 63 191 102 169 176 161 132 43 0 40
5 130 180 148 181 90 167 50 181 141 53 0 21
4 116 155 192 53 178 120 198 172 187 109 0 18
10 136 62 92 177 165 187 165 154 168 137 0 47
7 102 154 114 80 43 90 120 184 167 154 0 35
9 42 108 171 132 179 71 47 91 57 59 0 43
4 148 107 54 178 44 108 67 48 175 157 0 16
2 59 81 110 126 124 97 171 96 110 117 0 10
3 96 136 129 163 83 154 81 126 138 140 0 14
8 199 106 40 187 163 120 144 77 159 80 0 40
7 112 109 181 197 137 102 181 186 154 122 0 35
3 67 130 198 91 120 102 122 84 56 76 0 11
6 41 191 153 81 183 132 166 50 188 174 0 30
3 124 118 167 103 114 51 171 102 172 117 0 13
5 85 174 90 126 143 131 110 155 147 199 0 22
7 166 63 179 158 129 114 78 92 75 153 0 33
9 85 55 146 171 47 112 171 116 95 157 0 43
5 73 190 55 103 134 80 174 135 120 198 0 22
6 97 120 196 79 184 115 43 68 197 186 0 30
5 176 61 177 131 136 187 103 196 78 45 0 21
9 140 63 174 186 197 68 178 162 196 120 0 42
6 158 146 127 123 108 126 59 76 76 186 0 26
4 168 175 187 157 155 177 116 110 153 67 0 17
6 150 107 187 99 80 47 106 110 112 143 0 28
8 127 189 165 136 149 194 88 42 93 99 0 39
3 97 150 141 97 73 146 138 50 62 74 0 15
3 64 146 158 155 122 64 79 164 157 44 0 11
10 54 164 187 50 167 79 120 52 120 178 0 48
8 175 154 137 194 129 58 54 116 132 126 0 36
8 122 81 93 144 65 45 43 119 140 69 0 38
4 182 174 41 141 198 138 59 106 173 165 0 17
10 75 142 112 44 163 151 133 136 132 148 0 50
9 158 84 102 65 118 95 179 157 87 104 0 44
2 139 124 56 190 53 142 65 104 157 191 0 10
4 149 118 160 93 114 87 72 113 187 195 0 19
4 81 170 194 113 59 123 41 146 107 184 0 19
10 174 194 83 183 75 113 43 126 185 110 0 47
10 59 59 123 108 72 146 75 142 169 43 0 46
9 40 110 109 197 108 94 141 86 63 100 0 45
8 196 154 171 83 73 118 159 143 147 184 0 40
7 67 113 117 129 41 168 130 121 125 135 0 34
3 86 126 122 152 160 156 47 127 66 53 0 15
3 81 51 170 50 173 115 115 156 169 142 0 11
6 191 108 195 194 157 151 107 118 114 71 0 26
5 126 46 115 49 63 188 163 63 84 165 0 24
6 148 72 100 118 138 199 48 159 55 56 0 29
10 165 133 161 81 130 69 181 47 130 99 0 46
4 82 150 48 197 136 134 62 136 176 50 0 19
10 69 182 166 173 126 90 132 110 191 136 0 48
3 179 65 116 140 71 95 189 128 110 189 0 13
5 118 77 172 79 175 122 129 41 53 91 0 22
4 128 69 87 51 63 65 125 123 167 132 0 18
9 136 95 79 163 88 59 166 168 114 133 0 42
8 167 167 118 73 138 141 185 84 113 112 0 38
10 93 192 185 158 108 199 195 167 185 126 0 48
4 55 188 194 40 174 121 119 191 100 48 0 17
8 181 172 103 44 172 76 87 169 164 139 0 36
9 199 157 112 72 195 46 114 54 155 66 0 42
4 132 46 101 91 116 55 105 78 139 118 0 19
5 79 66 72 90 145 80 157 64 106 121 0 22
10 89 103 44 159 181 74 160 130 167 158 0 46
7 151 51 126 179 161 106 187 169 115 69 0 34
5 112 86 56 84 82 67 169 176 130 97 0 24
3 151 193 51 193 58 73 141 166 146 89 0 13
5 175 196 153 157 71 60 42 54 159 124 0 21
10 162 104 58 51 124 89 166 48 110 174 0 46
3 152 50 166 130 123 117 104 154 179 188 0 11
6 156 99 185 164 93 197 47 138 194 159 0 27
2 153 122 175 154 114 82 148 143 110 130 0 10
7 124 92 185 116 132 61 129 192 161 85 0 31
5 183 70 76 197 86 132 181 40 65 89 0 21
3 187 157 114 60 159 73 164 90 144 197 0 14
8 78 137 126 99 86 142 75 146 47 134 0 37
4 63 80 116 116 126 89 165 101 72 72 0 19
8 181 126 192 102 152 130 130 93 110 47 0 39
4 106 146 155 155 199 71 114 71 98 79 0 18
6 197 150 199 88 76 189 152 129 102 60 0 28
6 186 195 159 194 108 51 187 147 108 109 0 28
4 138 87 161 127 121 67 174 181 130 146 0 16
3 169 48 144 78 67 105 130 199 97 142 0 14
7 134 108 102 110 47 55 149 86 81 84 0 33
3 188 133 169 147 104 63 167 101 143 159 0 14
9 69 144 79 54 63 64 83 121 84 116 0 42
6 98 193 102 87 125 93 114 173 57 56 0 28
3 130 62 138 145 69 110 183 197 85 185 0 15
10 126 191 81 43 177 63 77 96 177 54 0 48
7 67 184 178 167 182 126 169 100 53 128 0 34
3 167 149 195 161 159 149 146 106 46 85 0 14
5 114 108 195 187 61 99 112 47 74 128 0 23
5 175 167 99 84 43 169 61 75 192 63 0 23
5 186 160 50 76 86 195 144 116 115 176 0 25
7 69 125 83 177 53 136 118 77 152 94 0 31
10 160 77 120 103 139 170 114 185 135 138 0 46
3 135 100 102 60 80 181 164 49 71 181 0 12
9 185 124 49 79 113 146 114 189 192 134 0 45
6 59 173 86 111 56 128 115 143 197 193 0 29
9 165 193 175 71 119 106 113 46 101 173 0 41
4 69 187 91 132 123 199 85 184 169 43 0 20
5 74 132 46 65 151 198 179 61 198 77 0 22
5 161 93 113 47 109 51 135 44 79 59 0 22
7 102 83 132 55 115 186 149 48 144 188 0 35
10 163 197 42 163 182 110 54 141 145 95 0 48
10 138 69 71 44 48 153 147 172 91 76 0 47
7 129 123 114 198 97 57 185 151 88 198 0 32
7 182 189 182 117 121 122 184 99 191 58 0 33
8 152 147 82 167 139 131 165 59 134 68 0 38
6 49 126 116 165 131 86 75 46 104 156 0 26
7 107 47 105 70 65 183 96 190 45 134 0 32
3 199 139 189 75 102 61 191 43 62 50 0 15
4 96 114 165 89 92 96 132 181 75 93 0 20
10 128 176 172 62 98 165 193 73 183 189 0 48
4 91 118 130 146 45 65 187 159 160 41 0 16
3 133 76 190 93 105 68 131 154 175 182 0 15
6 78 67 64 191 177 173 193 134 96 81 0 28
9 116 48 116 139 196 184 143 53 192 122 0 43
3 120 188 87 190 198 64 76 147 40 193 0 15
9 182 199 191 158 72 118 132 102 140 132 0 45
7 178 197 164 116 146 55 45 85 48 191 0 31
10 123 182 111 110 105 196 67 158 173 87 0 46
10 120 168 82 110 99 131 79 59 120 98 0 47
8 145 169 140 137 94 89 166 47 138 126 0 36
10 134 198 116 126 79 182 184 169 72 175 0 50
8 152 156 165 129 163 96 197 97 133 188 0 39
10 154 175 134 108 53 145 165 112 87 166 0 49
3 89 156 150 146 65 124 52 181 72 122 0 12
10 93 185 137 88 154 192 182 128 157 94 0 49
9 94 158 187 55 193 132 44 168 178 154 0 43
8 175 174 56 131 177 170 189 71 119 97 0 38
10 126 124 85 75 173 148 52 59 194 85 0 46
8 78 197 162 175 177 129 173 65 186 124 0 38
5 91 187 58 89 132 174 136 89 187 140 0 25
5 176 106 122 41 108 161 80 155 94 58 0 21
8 65 134 106 50 141 114 154 41 164 80 0 37
8 50 166 67 144 98 96 118 177 152 84 0 37
10 178 104 156 43 120 45 80 106 40 136 0 47
3 167 157 143 113 135 101 49 89 50 176 0 14
9 91 77 151 66 157 77 60 55 177 81 0 43
9 71 63 162 134 76 101 50 65 159 137 0 43
3 122 107 52 198 49 184 183 146 172 197 0 12
5 59 164 175 176 86 113 58 74 41 173 0 22
9 55 73 53 163 123 91 142 89 57 44 0 41
5 130 63 60 59 112 119 91 61 114 40 0 23
5 79 148 57 126 126 199 48 106 127 117 0 22
4 156 140 165 97 70 75 109 94 67 100 0 16
5 60 167 149 89 157 199 40 192 87 85 0 23
10 51 81 65 123 63 170 92 140 65 140 0 47
7 144 142 176 157 111 138 147 129 87 57 0 32
5 129 108 44 102 44 67 72 129 198 175 0 21
10 77 136 135 110 94 99 104 195 172 199 0 47
4 119 136 73 49 53 45 175 193 132 85 0 17
9 121 189 129 197 87 71 71 179 65 173 0 42
6 53 57 146 45 51 43 154 164 63 84 0 30
10 156 67 179 109 163 77 62 69 69 43 0 48
5 146 78 49 48 118 89 167 86 189 136 0 23
5 108 171 46 49 70 135 77 187 77 103 0 23
5 177 127 152 129 144 183 51 186 57 53 0 25
8 46 134 112 81 79 49 132 136 89 198 0 40
9 80 177 150 104 87 133 52 128 194 112 0 43
10 145 191 42 45 82 87 189 122 45 52 0 47
7 86 141 99 124 57 137 199 102 187 140 0 32
2 198 75 43 163 77 89 114 78 148 56 0 10
8 73 68 80 175 144 64 149 65 110 150 0 36
5 126 45 104 148 137 111 73 164 66 83 0 22
4 128 89 187 48 165 168 185 49 154 81 0 19
3 106 173 49 108 52 144 117 73 90 138 0 15
10 97 185 165 170 184 40 62 40 71 182 0 47
3 102 132 134 138 57 165 160 82 132 108 0 15
4 105 194 156 163 181 143 43 109 44 100 0 18
3 62 86 132 79 136 134 188 157 90 165 0 15
7 48 62 191 153 146 125 78 77 119 60 0 32
5 69 96 154 176 77 96 139 73 74 189 0 25
10 160 96 110 62 52 53 95 68 85 79 0 49
9 190 163 165 173 163 110 72 91 176 64 0 43
8 174 69 161 166 87 118 46 144 164 188 0 36
8 61 168 193 141 181 185 151 168 162 46 0 37
9 126 181 45 96 73 139 97 121 198 77 0 41
8 43 45 146 186 83 89 144 110 124 163 0 37
5 166 152 143 67 114 173 66 182 46 167 0 22
10 197 69 57 144 196 182 63 195 73 166 0 47
8 106 193 128 90 114 75 173 47 81 197 0 38
8 124 158 108 121 83 188 80 196 165 64 0 39
8 66 142 144 67 44 112 117 161 116 60 0 40
3 182 49 78 49 151 121 131 87 87 148 0 15
7 169 153 93 159 185 171 105 170 163 177 0 31
8 185 118 92 141 79 177 70 98 156 166 0 39
10 166 76 91 81 146 76 53 92 177 171 0 49
9 52 87 97 105 124 160 69 176 47 153 0 45
5 181 49 118 152 52 83 44 178 187 104 0 21
3 156 185 107 57 68 194 59 129 52 104 0 11
5 192 83 158 119 161 178 175 69 65 41 0 25
7 156 166 98 92 161 65 191 175 162 131 0 34
6 74 65 179 41 139 125 91 184 165 142 0 30
8 104 118 46 41 67 172 139 89 153 54 0 38
5 78 175 110 163 69 156 56 55 81 52 0 24
3 65 110 116 77 118 67 161 65 43 100 0 15
8 73 122 130 173 50 96 85 73 169 66 0 36
7 131 145 183 46 100 103 143 171 177 158 0 34
5 84 156 134 162 92 172 126 51 72 196 0 21
4 46 73 131 185 126 74 174 119 198 179 0 19
10 193 123 193 124 99 49 42 64 83 130 0 50
4 71 130 96 185 128 89 66 66 53 177 0 17
5 111 94 157 58 60 158 45 80 63 108 0 21
10 173 58 168 55 67 101 137 150 151 197 0 49
9 160 93 133 144 182 179 171 167 57 128 0 43
7 119 157 71 64 98 63 138 77 49 102 0 31
7 144 59 167 148 85 51 134 181 188 191 0 32
9 53 190 168 184 44 43 138 81 113 112 0 42
9 52 171 41 131 175 66 96 81 47 106 0 43
7 174 138 51 116 97 59 46 136 87 158 0 32
9 91 101 149 109 181 110 112 70 69 74 0 41
6 41 126 106 87 119 144 71 94 193 185 0 27
3 189 57 121 82 59 104 114 120 90 42 0 13
10 181 80 176 99 76 149 107 136 146 47 0 46
10 58 170 181 71 130 149 162 114 143 87 0 49
10 181 102 129 126 72 100 146 46 147 188 0 48
2 186 142 184 141 181 109 155 189 112 140 0 10
10 192 184 195 194 157 95 130 116 99 141 0 50
5 125 56 58 132 49 60 128 43 164 183 0 24
6 127 51 77 196 77 150 41 95 106 41 0 28
7 128 130 147 112 102 171 90 53 126 144 0 31
7 189 52 116 155 107 175 184 87 74 193 0 31
9 96 168 114 40 41 46 157 180 134 115 0 43
6 187 98 86 107 117 56 77 57 91 142 0 27
6 44 71 121 198 164 94 162 116 57 142 0 28
5 94 124 135 100 102 40 168 106 182 197 0 25
5 199 120 79 199 93 85 121 137 64 74 0 21
10 73 161 189 52 163 156 145 58 194 175 0 47
9 142 150 131 194 118 55 75 79 150 128 0 41
9 134 195 196 106 175 177 89 183 118 126 0 41
8 171 54 98 160 129 44 46 198 51 162 0 40
7 166 53 59 125 78 110 60 181 102 161 0 31
7 110 78 165 82 176 116 100 185 154 144 0 34
7 158 110 147 158 129 41 166 128 104 96 0 31
3 112 53 54 79 58 112 156 129 59 81 0 15
6 123 190 181 69 156 189 193 190 189 132 0 26
7 146 171 135 122 78 126 165 88 165 157 0 34
8 89 158 111 169 166 157 148 91 161 171 0 37
9 176 91 89 82 83 167 126 59 114 171 0 43
7 147 73 165 199 122 120 124 80 90 51 0 33
6 109 171 129 149 103 59 150 96 101 73 0 29
7 91 163 72 99 110 191 61 154 114 111 0 33
3 65 138 180 120 175 58 53 84 170 112 0 12
6 175 179 62 75 154 73 195 73 44 189 0 30
10 124 80 131 155 104 143 151 85 187 127 0 47
7 46 45 195 104 144 112 136 113 159 127 0 34
7 47 79 174 75 163 173 193 116 66 100 0 33
6 198 165 85 60 71 45 144 49 77 101 0 27
3 91 191 130 120 88 178 131 78 43 67 0 11
5 85 65 148 62 179 126 137 131 93 50 0 24
7 170 87 162 182 101 130 87 82 124 110 0 35
3 175 165 102 116 74 79 73 57 198 106 0 11
8 133 171 163 144 120 105 151 167 165 67 0 39
7 187 79 116 91 179 65 61 103 74 45 0 35
4 127 106 91 62 131 71 91 138 106 80 0 20
7 90 99 161 160 114 94 189 137 189 183 0 33
5 70 93 110 75 136 56 161 65 179 70 0 23
3 92 111 151 187 181 170 82 100 106 106 0 15
6 51 40 161 157 108 73 124 146 104 170 0 26
9 168 88 124 159 173 98 88 98 129 101 0 41
8 83 170 104 146 104 107 89 61 143 149 0 38
4 80 163 192 167 60 83 194 76 70 97 0 20
10 94 57 92 148 150 193 178 107 197 45 0 48
7 165 189 147 93 143 79 178 86 83 57 0 32
6 98 123 191 89 130 47 101 71 112 120 0 30
7 78 53 45 124 70 71 190 118 115 137 0 33
4 89 175 175 100 138 152 79 198 79 79 0 18
3 150 146 69 47 161 159 76 51 179 166 0 11
8 55 46 93 57 55 114 89 198 45 165 0 39
4 59 150 92 142 85 138 43 176 155 195 0 17
3 91 113 81 49 71 66 194 150 161 195 0 14
6 133 157 130 140 169 169 62 75 168 71 0 27
4 111 159 188 146 99 128 85 180 112 117 0 20
7 167 134 187 165 79 52 152 199 131 96 0 35
3 145 147 77 106 126 193 139 146 97 41 0 14
9 124 55 119 158 90 126 160 171 68 89 0 41
3 149 95 159 172 181 149 183 157 158 163 0 13
6 167 195 162 147 166 61 105 72 91 183 0 30
5 165 142 77 59 92 113 53 164 196 133 0 22
5 154 165 174 127 98 53 196 44 135 71 0 24
10 114 58 99 133 134 51 51 192 73 132 0 47
5 42 195 99 61 138 130 128 113 185 102 0 21
7 176 69 146 78 81 168 70 71 123 197 0 32
3 171 76 77 131 67 77 154 131 101 160 0 14
4 121 109 117 78 73 167 145 141 53 166 0 19
5 137 140 138 149 136 176 174 180 128 187 0 22
3 129 171 167 186 147 192 80 122 120 89 0 12
7 117 91 109 189 132 130 165 40 187 120 0 33
6 133 166 109 191 65 115 183 157 144 179 0 27
8 130 146 186 43 174 150 47 149 88 95 0 40
3 145 70 178 41 59 179 143 144 120 79 0 11
9 152 137 122 156 82 98 97 92 168 58 0 45
8 57 146 150 126 138 179 187 65 183 91 0 39
9 108 136 182 93 136 109 111 101 63 65 0 43
8 120 65 126 197 192 188 131 142 159 199 0 40
9 83 113 59 189 63 54 118 75 134 74 0 45
5 148 173 67 87 139 74 130 167 176 197 0 21
5 136 50 177 179 109 108 198 134 75 162 0 23
3 142 180 57 92 47 86 59 92 198 124 0 14
10 150 82 119 170 45 45 53 65 104 85 0 49
8 51 189 113 150 127 170 125 165 85 44 0 37
6 156 193 104 42 123 191 158 117 149 153 0 28
6 71 115 84 51 63 127 81 183 130 59 0 26
2 193 173 49 194 100 106 198 130 146 104 0 10
6 67 138 168 61 129 198 188 128 86 103 0 30
5 162 65 139 47 102 160 49 156 94 93 0 23
6 199 170 88 129 85 190 40 145 105 193 0 28
7 124 65 128 43 171 148 132 139 148 98 0 33
7 62 111 41 64 81 93 175 194 76 148 0 34
10 190 156 52 188 156 59 85 159 42 66 0 50
9 146 76 127 85 83 173 83 177 51 142 0 45
3 54 67 140 74 118 189 98 105 169 131 0 11
9 122 130 73 133 197 104 146 70 139 60 0 43
5 198 64 41 71 159 113 67 178 121 149 0 23
8 150 187 132 138 146 199 93 148 128 138 0 39
8 185 163 138 127 155 129 128 47 102 122 0 37
3 173 89 70 51 147 150 147 120 180 49 0 13
9 146 159 106 188 86 80 97 123 199 142 0 45
6 44 130 67 141 75 96 64 87 148 139 0 26
6 141 66 91 186 133 175 87 122 153 173 0 26
4 156 46 87 100 101 135 166 189 191 53 0 19
8 132 170 183 43 163 108 114 83 157 134 0 39
3 118 78 153 154 72 80 63 141 80 79 0 13
3 140 140 105 85 188 137 90 197 62 120 0 11
5 113 167 110 144 61 107 161 92 83 177 0 25
3 192 40 69 101 93 175 193 98 147 161 0 11
8 84 148 163 73 42 98 117 169 85 129 0 39
7 80 49 137 63 63 184 150 183 109 173 0 32
10 134 65 119 51 190 175 131 111 192 178 0 47
7 95 85 184 74 83 84 123 123 186 80 0 34
4 108 87 91 161 93 182 61 71 165 177 0 16
8 91 53 63 189 143 179 193 48 114 118 0 36
9 79 57 171 138 109 79 98 126 184 97 0 43
7 181 71 147 184 177 86 142 104 170 77 0 33
9 161 102 91 123 179 110 140 120 124 112 0 42
9 118 49 123 62 70 152 103 187 116 160 0 41
4 173 138 138 129 83 83 82 107 62 163 0 16
5 66 116 112 198 140 151 101 134 89 167 0 25
10 132 163 87 51 83 50 90 189 162 83 0 50
5 87 49 81 178 154 136 58 90 97 66 0 23
6 196 180 171 86 141 120 41 190 176 57 0 29
7 160 67 186 123 60 191 121 165 138 199 0 34
8 113 189 157 91 57 140 137 144 167 53 0 38
5 61 108 56 42 64 160 182 131 189 45 0 25
8 124 83 47 185 159 83 49 81 185 150 0 36
8 100 98 121 113 73 102 148 126 83 120 0 36
7 185 131 77 66 59 190 185 194 136 85 0 32
3 127 40 66 161 89 110 77 76 108 107 0 14
6 136 46 41 195 124 46 137 147 161 59 0 26
4 191 93 137 138 123 62 161 143 81 52 0 17
3 88 130 100 169 93 53 89 106 109 169 0 12
4 145 85 130 138 72 144 77 187 182 57 0 18
8 187 134 75 42 56 111 93 71 130 40 0 38
6 55 169 164 179 175 109 130 152 73 166 0 27
10 92 171 137 181 174 63 75 181 157 157 0 47
9 73 170 109 82 157 77 85 180 41 121 0 41
5 152 160 116 173 152 159 175 44 62 89 0 21
8 156 168 63 81 138 157 43 178 112 159 0 37
7 123 79 185 114 171 96 79 79 47 138 0 34
7 100 138 146 100 199 66 57 164 130 154 0 32
7 156 191 48 82 158 144 190 137 61 84 0 32
9 82 191 61 134 78 85 161 89 130 135 0 45
7 152 165 157 47 109 179 73 154 81 167 0 35
8 64 124 161 115 136 41 154 174 190 150 0 38
5 92 126 139 138 191 42 156 175 136 80 0 24
4 128 136 120 89 197 88 139 101 133 79 0 16
6 114 71 198 177 47 158 157 72 149 193 0 28
8 165 69 157 148 158 101 55 83 54 127 0 39
5 94 151 195 108 160 108 125 86 122 63 0 22
9 57 109 107 75 82 185 101 151 179 115 0 41
10 122 46 102 194 50 102 57 154 175 120 0 46
10 76 76 123 80 69 93 189 132 68 179 0 50
9 121 83 50 67 63 115 128 71 172 155 0 45
5 118 116 68 74 71 133 110 57 81 91 0 24
3 110 106 59 196 185 156 197 125 98 92 0 14
3 98 93 142 148 156 53 118 85 192 77 0 13
5 114 160 47 171 192 126 75 163 125 55 0 24
8 80 194 101 96 164 161 132 139 76 81 0 39
8 163 183 197 136 134 51 66 90 87 164 0 37
4 111 94 189 99 125 191 175 53 189 99 0 20
8 57 101 66 183 55 86 169 45 67 85 0 38
4 133 85 60 51 167 195 98 42 136 195 0 17
10 67 136 79 167 178 76 115 128 96 185 0 47
3 164 59 63 61 120 125 180 183 106 183 0 11
4 123 173 155 57 149 183 175 175 61 51 0 19
8 191 122 144 86 171 167 167 123 121 176 0 39
8 41 87 101 57 199 66 53 129 189 179 0 40
3 146 170 91 89 78 101 163 65 187 156 0 15
5 173 189 87 174 92 49 79 92 96 182 0 21
6 141 96 124 53 191 86 98 45 197 161 0 28
5 42 80 112 161 150 48 128 197 165 120 0 24
10 73 140 109 120 161 76 178 43 45 72 0 46
7 188 79 108 112 159 52 118 66 47 188 0 31
2 109 73 168 183 173 189 153 137 109 111 0 10
7 58 148 116 150 69 67 186 40 163 45 0 31
8 80 74 175 156 86 149 65 161 46 197 0 36
10 123 72 179 46 81 144 184 77 196 86 0 49
4 69 193 71 177 85 185 184 119 112 128 0 20
5 105 69 165 53 93 157 187 146 53 124 0 25
3 106 44 175 104 116 142 185 55 194 91 0 14
6 155 91 135 90 153 152 162 156 120 133 0 29
5 165 151 130 129 51 145 65 163 192 62 0 21
6 125 196 101 89 195 152 154 122 85 123 0 30
10 41 161 50 127 92 122 48 120 112 181 0 50
10 112 49 142 108 193 139 120 167 175 60 0 49
3 67 113 167 138 85 142 124 81 115 181 0 11
3 128 177 195 42 84 57 83 145 130 93 0 14
10 59 98 146 197 183 122 108 157 68 103 0 48
6 159 111 108 73 122 178 129 129 78 112 0 26
2 133 189 118 169 144 60 195 190 132 137 0 10
6 75 48 179 102 197 140 193 85 42 161 0 28
6 197 189 179 61 75 118 61 177 48 121 0 28
5 60 103 165 142 58 102 89 161 146 48 0 21
6 189 179 144 114 142 84 82 189 153 166 0 27
8 73 55 154 75 147 45 73 124 70 197 0 37
5 89 44 45 186 74 192 172 114 161 119 0 21
6 83 131 116 179 90 119 122 194 195 182 0 30
7 143 114 69 189 132 105 161 56 195 75 0 31
10 117 138 161 183 46 78 162 145 81 163 0 46
8 87 53 162 121 118 98 167 170 172 168 0 37
3 152 122 51 55 139 136 160 126 50 176 0 15
9 99 89 144 177 193 142 144 57 151 142 0 41
6 150 165 183 168 138 79 150 47 190 183 0 29
3 177 155 196 107 65 120 111 120 120 56 0 13
7 164 193 181 120 124 55 161 179 102 177 0 35
3 143 74 90 48 143 197 175 156 138 59 0 14
4 163 173 51 131 151 184 196 45 153 103 0 19
5 179 66 135 106 60 63 104 172 66 199 0 23
7 186 165 71 173 187 95 45 96 85 81 0 35
7 121 89 57 178 166 59 52 110 100 43 0 32
4 134 108 133 59 176 122 104 51 185 72 0 19
3 138 128 161 124 167 51 93 128 61 138 0 13
6 166 40 167 194 61 157 94 184 52 142 0 30
6 87 43 144 107 187 68 162 124 124 123 0 26
9 146 134 64 74 41 177 94 146 133 195 0 41
5 181 61 135 127 116 134 48 195 111 185 0 21
8 100 146 136 162 164 131 108 109 76 189 0 36
6 65 189 179 116 128 83 61 70 76 43 0 27
3 62 44 171 85 53 132 126 197 91 136 0 13
8 161 149 41 105 86 199 100 118 93 157 0 38
3 96 56 188 116 159 145 81 49 67 169 0 11
10 100 140 157 73 64 67 60 104 148 51 0 48
4 133 123 181 58 179 185 140 162 152 155 0 16
4 88 75 67 187 65 100 83 101 95 71 0 19
9 61 69 85 53 105 140 140 183 120 98 0 42
8 79 151 63 150 157 198 108 69 88 159 0 40
4 143 68 185 71 100 155 142 113 192 71 0 19
10 88 132 95 120 179 173 155 55 47 179 0 50
6 125 133 137 73 61 165 171 149 66 70 0 30
5 71 106 193 109 63 78 194 137 144 142 0 24
9 94 47 149 105 75 147 120 173 47 102 0 45
6 142 174 113 64 99 124 181 135 146 154 0 28
6 64 183 169 41 191 151 163 152 49 119 0 26
10 135 107 164 179 102 84 144 73 191 171 0 47
9 64 47 78 112 165 122 116 187 136 128 0 44
3 94 173 102 71 176 121 88 140 157 61 0 13
4 99 79 85 177 130 86 50 197 120 100 0 20
8 94 144 45 194 104 198 115 52 144 197 0 37
4 58 169 63 87 197 53 191 161 129 51 0 16
6 189 174 124 136 47 99 151 63 75 178 0 28
9 180 133 73 65 75 154 65 112 122 182 0 45
5 96 59 86 165 198 102 163 157 144 186 0 21
10 161 165 156 50 47 136 144 84 53 82 0 49
5 94 62 170 89 78 56 147 61 134 97 0 23
3 136 170 112 167 62 113 53 83 171 175 0 14
9 196 115 49 169 80 85 45 73 98 158 0 41
4 136 99 109 161 51 132 86 196 185 123 0 16
9 171 101 96 50 118 54 40 115 167 179 0 43
9 121 158 162 57 42 67 98 122 93 72 0 41
10 91 134 99 128 102 171 136 71 90 193 0 46
5 74 154 75 161 128 69 55 56 72 160 0 24
8 116 185 155 128 144 118 136 78 164 121 0 37
5 103 171 149 69 158 130 59 127 197 77 0 21
3 108 124 65 171 110 130 157 129 55 184 0 11
8 93 45 165 53 109 128 196 187 94 91 0 37
9 97 140 184 197 177 191 47 145 146 183 0 42
7 152 96 167 163 188 148 78 146 46 131 0 32
10 147 186 103 42 87 144 183 72 100 110 0 49
9 108 173 110 113 174 77 135 162 75 61 0 42
9 180 192 198 134 101 140 124 118 155 183 0 44
2 133 79 160 96 145 44 43 195 168 90 0 10
8 198 154 73 154 61 149 191 79 173 133 0 38
8 168 171 193 59 139 128 43 160 190 83 0 38
6 75 181 183 45 199 144 133 43 118 100 0 28
6 132 186 62 171 109 186 115 135 78 87 0 30
5 159 132 53 42 185 75 199 159 138 118 0 24
4 118 124 73 159 187 189 166 139 63 130 0 20
8 53 107 173 59 178 57 64 125 77 191 0 36
2 142 121 153 93 88 128 188 67 87 151 0 10
3 126 126 64 143 125 195 137 180 45 40 0 14
7 41 181 114 49 91 86 162 41 54 156 0 31
9 40 157 149 100 153 196 79 53 82 79 0 43
9 136 138 111 114 152 157 135 153 130 63 0 42
3 101 197 160 104 95 105 104 60 179 131 0 11
3 130 176 131 83 146 165 107 109 163 113 0 14
7 47 191 124 156 115 120 59 146 79 107 0 35
8 162 61 103 94 119 147 196 73 95 147 0 40
4 168 132 188 123 167 119 64 42 180 181 0 19
5 175 187 45 165 179 182 151 65 110 86 0 23
3 128 61 166 172 108 161 125 158 40 76 0 14
9 151 198 194 93 156 95 109 100 103 139 0 42
5 158 199 80 171 172 106 154 54 71 45 0 23
6 189 192 43 98 161 136 153 154 133 189 0 26
8 176 112 47 140 67 111 61 150 43 135 0 38
3 162 79 58 46 129 84 77 63 65 111 0 13
10 119 72 101 194 191 193 62 153 108 54 0 48
10 73 163 61 97 167 148 147 185 66 64 0 50
2 150 107 151 111 156 130 131 98 61 74 0 10
3 185 125 178 162 86 155 94 98 120 117 0 13
6 120 144 150 122 128 71 87 165 67 143 0 29
10 69 139 192 61 157 127 149 59 107 42 0 47
2 115 102 80 140 72 73 40 118 129 144 0 10
9 142 84 169 56 120 174 157 183 196 48 0 44
5 90 124 56 116 91 123 163 133 144 103 0 23
5 73 112 163 152 103 69 69 40 194 163 0 25
3 119 116 196 169 159 137 175 158 67 126 0 12
4 56 159 192 198 58 94 61 79 167 152 0 16
8 110 65 124 43 80 77 136 87 159 160 0 37
10 103 134 176 95 121 82 138 80 53 53 0 46
4 51 104 142 142 112 114 151 103 146 170 0 19
6 41 95 94 172 55 76 68 197 161 94 0 30
7 77 52 75 57 180 68 138 133 170 152 0 34
8 174 71 85 70 161 153 135 133 59 96 0 40
8 86 49 76 131 66 152 41 59 72 79 0 40
8 40 167 89 75 184 108 110 98 66 106 0 40
9 152 165 77 65 96 62 71 92 181 157 0 43
7 81 199 124 42 102 180 102 174 93 120 0 32
8 73 67 96 172 191 79 183 158 48 72 0 37
8 173 153 148 199 192 145 48 59 187 79 0 38
7 52 173 109 199 142 91 81 73 178 174 0 33
3 87 161 107 127 119 59 53 49 114 150 0 11
8 104 114 181 81 176 186 183 114 51 132 0 38
8 118 146 84 91 180 90 141 92 197 173 0 38
8 125 189 100 145 148 132 61 63 168 136 0 37
4 85 111 180 64 100 184 169 120 85 119 0 18
4 140 136 91 64 163 115 73 52 120 146 0 17
9 151 191 133 181 94 67 107 41 151 160 0 43
8 87 136 92 197 177 79 164 41 120 95 0 38
3 102 83 44 177 40 64 84 167 171 184 0 15
4 113 198 49 154 177 49 52 152 154 41 0 17
3 59 67 191 111 121 106 84 161 102 136 0 14
6 131 146 195 160 122 44 146 55 154 108 0 26
8 104 76 110 48 99 53 84 187 112 118 0 38
3 159 166 97 147 79 110 143 179 157 92 0 11
10 74 95 114 110 179 43 198 187 181 45 0 49
3 159 70 40 196 190 127 102 162 189 157 0 11
10 133 102 73 150 148 144 154 69 155 150 0 49
10 112 56 127 93 175 55 163 155 140 165 0 48
3 48 100 83 177 119 110 126 51 112 193 0 14
6 147 57 199 77 148 96 104 155 198 159 0 29
7 179 66 150 192 56 129 124 162 118 144 0 33
3 118 127 113 181 71 169 56 118 128 83 0 13
5 130 199 154 42 43 82 100 156 43 47 0 24
9 169 73 56 162 54 65 151 89 75 80 0 42
7 121 144 137 185 165 157 65 113 153 156 0 33
4 124 130 102 73 125 63 85 83 163 197 0 19
3 107 138 74 161 112 140 157 190 167 97 0 12
5 146 132 135 157 124 97 58 197 65 164 0 23
5 164 167 86 183 157 129 154 150 42 59 0 24
9 99 55 85 70 64 187 43 144 89 92 0 44
10 125 82 187 126 46 49 79 173 86 120 0 50
3 177 169 147 95 77 76 113 140 172 165 0 12
8 188 141 58 84 69 63 160 109 134 108 0 36
9 91 104 199 70 47 91 96 195 104 192 0 41
3 54 42 150 61 184 102 160 142 179 64 0 15
3 110 163 89 79 79 82 196 138 81 155 0 14
5 192 159 128 139 143 163 95 63 143 186 0 21
5 65 176 94 123 82 138 77 102 110 112 0 24
10 197 105 157 171 104 137 157 163 42 164 0 48
7 91 83 159 128 142 126 48 76 181 187 0 31
9 88 170 99 60 43 166 137 67 55 112 0 43
10 76 135 66 70 54 189 60 84 187 49 0 48
9 177 41 49 135 63 197 40 134 124 85 0 42
9 64 85 86 173 141 41 114 119 161 68 0 43
3 40 167 165 183 72 107 122 132 74 164 0 11
9 114 140 97 57 62 113 101 137 118 151 0 44
10 111 84 68 57 117 124 101 186 74 168 0 46
7 159 90 96 41 124 196 165 79 126 118 0 33
7 112 130 121 95 174 146 147 171 175 46 0 31
10 159 107 186 92 112 150 130 131 186 82 0 48
4 155 191 81 40 87 93 134 164 63 126 0 20
4 69 136 153 138 92 156 46 155 183 56 0 17
9 122 195 104 43 170 84 73 47 55 57 0 45
8 106 65 177 83 74 112 68 125 114 89 0 37
9 110 99 131 53 175 142 127 91 102 53 0 43
4 193 154 65 45 138 40 169 136 53 193 0 18
8 56 156 120 195 199 104 131 69 122 132 0 37
7 54 84 173 173 82 89 142 44 112 98 0 32
6 114 187 131 157 56 95 68 75 60 130 0 29
7 181 176 67 65 41 183 179 127 73 195 0 34
2 89 73 54 127 158 160 48 52 173 64 0 10
9 94 114 115 91 179 129 193 189 127 72 0 44
5 75 182 46 71 63 161 129 140 185 42 0 23
3 139 63 191 42 151 96 180 60 133 178 0 13
7 167 160 98 116 134 61 91 41 41 49 0 34
7 52 89 113 119 91 112 77 159 114 64 0 31
8 142 196 53 179 195 59 113 91 140 114 0 38
9 100 130 112 91 100 128 40 143 78 76 0 41
6 52 181 83 110 151 67 94 195 141 187 0 26
7 78 112 152 119 40 173 185 109 186 189 0 31
7 126 56 90 55 124 153 135 95 164 141 0 34
6 173 130 100 57 61 167 48 84 49 81 0 26
10 73 177 199 152 141 96 166 153 94 101 0 46
6 163 68 86 59 170 157 65 193 142 147 0 27
4 146 108 110 123 183 108 99 157 57 120 0 20
3 126 135 158 156 158 147 45 128 172 67 0 13
9 73 106 129 43 124 85 161 150 91 69 0 43
7 143 162 184 197 172 44 69 175 78 136 0 31
10 49 132 172 77 46 87 78 172 71 104 0 49
110 104 100 83 103 88 123 79 131 80
108 124 140 177 194 210 226 246 266 281
104 129 143 162 199 207 220 256 269 292
101 121 156 162 199 217 227 258 274 295
107 131 153 168 182 200 230 246 270 290
109 122 148 164 193 208 238 252 263 296
107 127 145 179 187 212 226 242 260 284
104 131 145 168 189 203 222 243 268 296
105 121 160 162 190 203 231 244 263 287
107 129 151 177 182 215 239 260 262 293
118 128 146 163 199 206 221 240 272 286
114 123 141 162 195 210 224 242 274 300
113 123 146 168 186 208 227 246 265 284
109 125 149 173 188 216 226 243 260 286
114 127 149 164 180 212 224 252 267 289
117 127 155 175 196 217 235 253 276 295
102 127 155 163 191 211 220 244 272 282
110 121 140 177 180 200 226 257 272 295
103 140 150 180 192 219 239 258 261 299
101 140 143 163 192 209 229 255 272 280
111 138 142 169 193 210 229 252 266 292
115 140 143 160 195 212 235 245 268 298
100 132 152 165 196 214 236 251 268 286
112 127 140 174 194 213 231 254 278 285
107 121 151 179 190 215 232 243 269 281
106 128 157 165 193 210 230 257 276 294
102 132 149 176 182 209 221 258 267 282
107 128 157 161 191 205 237 252 279 284
116 131 151 178 190 201 231 257 280 297
110 124 141 160 191 218 220 257 264 281
109 131 149 180 192 218 223 248 277 287
106 126 143 166 185 205 233 259 279 292
101 132 152 180 196 220 237 260 266 290
114 129 145 166 192 207 237 246 267 295
110 124 148 172 194 204 223 248 279 288
111 126 148 177 192 200 225 259 260 300
102 130 160 162 196 200 232 249 271 288
106 140 149 178 182 204 235 250 277 295
112 135 149 172 182 216 235 253 274 283
112 129 152 164 185 217 223 257 274 295
113 138 140 174 182 215 237 248 279 282
105 139 143 168 189 215 233 255 267 286
112 135 160 165 200 210 231 258 267 300
115 122 157 163 190 219 228 257 261 299
109 131 156 179 199 218 227 256 270 294
105 136 147 180 193 220 238 260 276 294
112 128 141 176 196 210 240 245 260 285
101 133 155 176 183 216 234 242 278 288
119 140 144 175 188 215 223 247 270 297
114 132 146 169 182 205 233 244 265 296
107 131 151 168 195 203 226 250 271 283
114 121 150 160 185 220 236 253 261 283
119 138 152 175 199 212 222 250 275 281
106 123 152 161 188 218 236 254 275 295
120 137 152 177 193 205 232 254 272 293
109 124 159 162 181 205 238 259 276 289
108 128 145 164 192 210 235 253 263 284
118 133 156 175 182 213 225 249 267 296
109 136 154 166 183 213 229 240 265 298
107 123 157 180 193 212 226 254 268 297
112 133 158 165 197 214 238 246 273 285
107 126 148 165 184 205 238 259 264 287
118 120 160 177 184 205 232 254 264 288
116 128 147 161 190 217 220 253 278 287
114 139 140 176 186 210 224 254 276 299
105 130 142 172 188 217 226 254 275 292
120 126 144 176 186 202 232 242 272 292
115 131 155 172 188 201 232 253 275 293
100 135 149 169 184 209 232 252 265 286
120 138 151 179 188 210 239 250 267 292
120 130 154 164 200 215 230 244 263 297
104 138 145 172 184 219 237 252 268 292
113 122 144 165 194 214 234 258 262 287
108 129 158 169 186 213 235 255 273 291
107 120 155 170 197 200 225 259 263 295
104 135 146 180 187 206 220 243 278 286
101 131 151 161 193 219 230 247 263 286
114 122 147 166 185 202 229 254 277 288
118 121 151 174 182 217 237 243 278 292
114 139 144 166 186 207 230 255 279 289
114 140 152 168 180 212 223 245 261 281
119 133 160 160 191 206 235 241 269 286
101 129 150 178 199 212 222 246 266 288
111 140 145 162 191 207 229 250 267 286
102 135 160 171 196 214 237 257 260 295
116 137 151 160 188 200 232 251 270 284
105 127 143 162 189 207 221 256 268 296
116 124 146 166 199 213 224 242 273 286
109 121 156 165 192 206 235 240 267 282
112 135 140 164 191 205 222 248 268 292
102 124 156 178 181 216 234 248 276 290
120 126 152 164 184 217 229 258 266 299
102 131 157 175 196 204 230 255 273 295
103 129 155 168 197 205 239 251 279 288
110 134 143 172 184 213 222 246 265 284
114 120 144 177 189 220 229 252 277 291
104 137 159 168 199 203 229 253 275 282
113 131 155 163 193 204 225 240 270 287
106 120 140 173 180 211 239 245 263 299
110 124 153 177 192 220 235 252 270 296
112 134 144 179 189 218 235 257 260 300
105 126 154 175 196 208 223 260 276 290
116 135 148 172 185 207 236 245 267 284
120 128 159 167 196 201 225 252 271 300
106 125 146 166 182 219 236 249 260 281
105 121 150 164 181 210 235 254 266 295
105 140 152 176 182 217 232 250 263 280
111 131 159 165 189 212 231 246 274 284
103 123 142 163 198 207 220 245 271 285
100 137 159 169 182 219 231 245 269 287
117 139 154 164 200 211 232 244 261 295
116 138 148 160 187 209 222 243 276 296
115 136 143 161 188 213 230 253 263 291
115 123 155 175 193 216 239 249 274 291
109 130 142 162 183 201 239 252 279 285
116 126 146 179 195 207 234 242 280 298
119 122 159 177 194 205 234 245 277 282
112 121 160 167 187 217 239 252 264 290
117 138 145 176 189 220 234 248 263 288
114 130 156 176 192 213 221 253 267 300
105 120 153 179 181 210 239 260 268 298
109 134 156 171 183 210 239 251 260 294
119 122 148 170 191 220 236 258 260 288
118 124 147 177 192 212 236 249 275 286
105 136 154 166 200 208 230 249 266 288
113 122 143 162 185 213 234 250 260 293
101 128 145 164 182 205 220 242 261 296
116 132 141 179 199 206 220 242 280 294
116 129 151 177 181 217 238 253 280 286
102 131 141 178 197 218 236 244 272 289
100 137 143 160 185 218 227 245 264 289
100 135 140 169 192 215 232 242 276 285
107 137 149 168 180 203 224 240 270 281
115 125 158 169 190 201 239 252 269 299
114 127 143 180 187 220 240 246 280 287
105 135 145 161 181 211 232 247 280 292
110 135 153 162 182 212 222 243 276 286
114 122 160 162 194 200 228 260 274 291
119 140 147 160 185 220 234 253 264 290
101 124 160 161 191 219 223 246 271 299
111 140 153 172 181 220 240 244 262 299
112 121 147 177 185 207 233 242 273 291
113 121 144 162 183 206 240 259 277 299
116 126 151 172 199 203 238 248 271 284
106 137 153 161 195 214 224 247 280 298
115 135 141 166 191 202 240 260 266 283
119 127 150 160 192 216 222 243 278 297
114 125 156 166 196 216 229 251 262 289
114 137 148 161 190 202 220 242 280 295
114 133 141 161 186 201 240 259 266 287
120 120 146 175 191 210 239 240 273 293
115 135 144 170 181 204 222 256 272 294
104 133 148 165 196 217 229 248 274 286
117 123 155 175 200 204 229 252 262 287
112 137 143 163 181 219 234 254 265 300
120 129 144 177 186 205 238 240 262 291
110 120 151 169 184 215 240 246 279 292
105 140 157 168 200 218 237 241 273 300
104 136 148 164 187 218 237 241 266 300
110 137 145 160 190 220 234 252 265 297
118 124 148 179 181 202 229 245 263 280
118 123 145 171 196 216 228 258 278 298
105 137 148 164 191 200 224 256 266 289
120 134 147 166 181 220 235 260 269 294
105 136 154 166 180 215 233 260 271 286
120 121 154 179 193 201 228 253 269 292
113 134 160 166 190 200 238 248 278 295
108 136 150 170 194 205 233 249 264 300
116 133 147 171 196 205 235 243 267 286
110 123 151 170 193 207 235 247 266 298
104 124 148 162 183 217 236 241 276 294
101 121 145 177 193 210 220 260 273 299
110 137 144 177 189 203 239 240 266 291
108 139 159 170 191 210 236 252 268 286
104 129 141 177 194 210 223 253 272 287
107 125 154 166 183 215 232 241 261 291
106 132 152 176 185 200 220 258 278 297
110 127 154 168 197 215 228 250 263 291
113 127 150 171 189 208 227 252 280 281
102 126 155 163 182 215 240 256 271 290
105 122 157 174 196 215 226 257 270 291
113 129 152 168 196 208 222 250 280 288
108 133 154 180 193 220 230 254 279 297
118 135 145 163 196 217 231 244 260 292
117 140 156 177 196 207 227 244 272 287
106 133 144 170 181 213 226 257 276 280
118 126 158 171 190 219 228 250 269 280
104 135 158 162 189 212 230 247 278 300
115 137 145 173 184 220 236 241 272 300
102 124 153 174 181 213 228 258 268 292
105 127 150 172 196 219 233 247 262 290
119 134 149 180 193 213 231 255 277 287
120 127 141 170 192 213 228 252 265 281
104 130 160 169 189 217 236 241 267 284
115 130 156 167 200 207 235 251 270 286
108 140 159 160 185 211 223 260 266 290
112 120 154 167 197 203 225 250 261 293
114 132 146 169 193 218 233 260 274 297
118 121 151 170 195 210 220 241 260 297
106 127 157 163 184 215 221 242 276 280
108 126 148 164 180 219 231 245 265 285
101 137 147 173 185 207 225 254 261 280
113 132 160 160 193 217 221 250 273 285
107 123 150 161 199 213 235 249 261 287
104 121 144 177 199 205 237 246 267 291
112 134 143 170 189 202 227 254 280 283
111 135 154 161 180 217 239 242 261 292
117 121 160 171 188 206 223 240 263 300
111 123 145 167 192 211 223 252 271 295
112 140 146 169 183 211 239 252 273 280
112 138 157 172 186 210 225 242 272 286
100 136 153 162 184 209 235 260 276 291
105 135 140 173 184 220 226 257 271 286
116 134 148 167 185 200 233 241 271 288
110 140 151 163 191 204 235 240 272 286
112 123 140 169 199 210 236 240 262 297
118 138 147 172 191 215 239 241 280 281
119 121 159 174 199 218 225 244 268 284
120 128 148 169 190 201 240 259 270 298
101 128 152 177 191 200 224 253 277 281
115 122 150 168 195 210 239 255 279 283
109 137 150 172 181 200 234 245 265 300
114 130 141 169 198 200 239 252 260 291
114 131 142 161 200 215 235 240 270 288
114 136 155 162 197 217 221 243 276 284
109 136 153 163 185 207 235 244 268 282
103 138 144 174 196 203 236 245 260 296
115 123 140 165 197 200 225 252 278 280
113 121 151 171 198 202 224 253 279 290
114 124 140 176 190 204 238 241 269 284
118 128 141 174 181 220 235 259 266 298
117 126 147 160 192 206 223 251 279 291
101 139 151 178 194 220 224 246 274 299
111 128 159 160 192 205 222 259 273 294
117 129 155 165 189 211 228 256 264 298
108 133 147 176 199 209 225 260 268 291
104 139 151 163 189 209 232 252 261 293
115 140 156 179 187 220 233 254 267 295
118 120 151 160 194 213 240 243 273 280
105 140 146 169 192 217 239 253 262 298
111 128 147 163 180 220 229 252 263 292
101 122 149 162 183 213 221 258 275 290
107 139 156 160 198 211 224 241 278 291
106 120 151 177 184 204 234 244 280 284
108 140 144 173 188 203 222 255 268 281
110 140 142 172 185 200 234 255 278 295
114 127 150 162 195 201 238 253 280 296
112 134 151 165 190 213 223 249 266 284
115 121 145 165 196 220 236 245 266 297
102 128 148 163 183 201 226 258 274 286
110 137 141 162 185 212 221 253 277 299
103 132 146 170 189 208 233 242 269 298
111 126 149 170 181 218 231 241 272 282
101 139 153 166 199 202 223 240 271 282
110 127 145 178 180 201 221 256 278 284
111 128 142 172 195 208 238 244 274 296
107 122 155 160 192 219 239 245 267 288
106 137 150 170 192 202 223 240 270 295
108 134 140 179 192 206 220 248 267 283
103 127 156 167 200 213 234 255 268 297
110 140 151 176 180 210 232 251 276 298
113 122 157 174 187 209 234 241 272 290
100 122 155 163 197 202 225 244 264 291
110 130 149 178 200 209 221 258 279 293
115 121 152 169 188 220 226 241 263 288
104 135 159 178 185 207 229 250 280 281
115 121 140 167 185 218 239 244 268 293
105 131 159 176 194 201 227 243 262 286
118 129 148 169 180 218 221 258 278 297
112 123 158 179 199 220 226 256 280 281
116 135 153 171 183 218 224 249 280 289
110 127 160 169 198 210 223 260 261 294
103 124 160 175 187 214 226 250 274 285
120 125 142 171 199 202 220 255 271 298
108 132 148 161 195 210 223 243 278 293
101 139 140 165 198 219 236 252 277 298
101 120 150 170 198 201 225 259 263 298
120 126 151 165 185 219 226 248 276 298
119 138 146 173 180 212 238 244 277 285
100 134 149 168 181 213 220 240 263 285
118 121 156 176 189 213 220 244 265 299
107 136 145 169 181 209 229 242 270 287
116 126 144 160 193 217 226 247 265 291
120 139 158 169 192 201 230 245 272 285
117 123 144 172 180 220 232 254 260 290
111 121 152 171 180 213 238 246 272 296
114 133 144 164 200 204 228 240 263 281
101 132 158 177 182 207 238 255 262 293
102 124 143 169 183 202 236 252 274 300
100 132 156 174 188 214 240 259 260 281
102 124 140 177 185 203 222 250 272 300
111 133 150 173 193 220 221 249 270 281
115 128 140 168 199 217 230 248 261 282
116 130 148 165 185 210 224 254 271 292
112 136 153 170 198 214 220 259 260 290
107 121 152 161 189 220 225 245 271 285
108 135 145 169 193 218 227 257 267 282
111 138 150 180 199 220 231 251 277 296
102 125 150 175 192 209 224 246 275 286
104 120 152 172 195 217 224 254 260 282
101 138 157 177 190 209 225 251 267 285
118 120 158 168 199 204 223 257 267 297
107 136 155 171 194 203 225 246 264 285
107 126 159 166 191 205 237 242 269 296
118 139 153 174 190 220 231 242 269 280
120 136 150 164 197 214 230 242 261 300
119 123 154 165 198 220 238 259 280 288
110 137 146 164 181 220 238 244 265 293
119 120 149 162 187 211 224 240 272 284
115 132 148 165 196 219 224 247 266 288
118 137 156 162 197 202 240 260 274 300
105 129 158 163 200 206 239 240 268 284
119 132 150 176 183 208 229 252 279 293
104 123 158 177 188 203 234 256 260 288
109 128 148 170 180 208 239 241 265 294
103 136 150 178 189 216 223 248 277 285
104 123 148 160 192 212 232 250 278 280
101 125 143 176 188 214 238 242 280 295
104 140 148 164 200 203 235 260 276 293
104 125 146 163 185 219 232 245 269 290
102 133 155 161 199 213 223 244 272 286
110 140 155 170 191 204 239 257 277 286
105 121 152 180 186 204 240 245 280 282
118 138 151 171 187 217 224 256 261 289
114 138 151 179 197 214 231 245 271 298
110 139 140 172 181 205 227 257 275 293
115 139 145 165 192 204 232 255 279 288
115 123 155 161 184 218 220 252 272 283
110 130 149 180 191 210 234 245 260 281
102 129 147 180 182 204 227 250 260 285
113 129 149 177 198 219 231 245 272 298
120 124 145 167 181 205 239 254 270 293
119 139 156 161 197 203 225 247 268 298
112 140 144 160 190 217 231 252 266 283
105 130 154 164 193 209 220 258 270 286
101 136 154 162 186 212 238 254 260 299
119 134 154 176 198 200 239 252 279 298
117 126 145 161 184 205 226 252 262 285
115 128 157 168 187 214 240 240 270 283
107 120 143 177 192 203 228 242 279 288
113 135 157 170 191 209 238 247 274 295
118 137 143 161 198 209 238 244 260 287
103 131 147 180 181 211 223 248 270 300
101 124 151 167 182 202 223 254 268 299
105 138 141 178 192 208 223 257 266 282
112 133 147 162 187 214 239 250 269 285
111 128 159 174 181 206 230 249 267 298
110 125 147 173 185 202 240 248 261 297
106 134 149 166 192 201 228 241 263 299
101 126 150 171 195 203 234 241 279 292
110 121 154 163 193 216 231 257 275 288
110 120 160 173 195 204 233 251 265 289
116 139 154 162 194 212 230 258 264 287
116 133 160 179 199 204 231 255 265 283
116 138 157 177 188 217 231 254 275 300
118 122 154 170 198 200 238 245 267 298
104 125 146 162 189 218 232 259 263 283
113 139 148 161 191 209 238 249 269 290
111 122 146 172 189 220 220 246 267 286
104 136 150 167 186 209 232 256 275 292
107 136 147 169 190 203 221 246 272 296
108 127 143 172 185 205 235 241 271 297
119 124 160 177 189 220 230 251 277 282
116 136 159 166 182 209 223 240 266 285
113 134 144 167 192 217 226 241 280 296
116 132 150 175 197 208 237 260 280 292
101 128 160 176 197 217 237 259 260 289
115 127 160 170 187 209 225 258 260 291
110 124 141 172 181 219 222 244 270 295
101 130 158 174 197 200 228 257 273 300
115 130 160 179 183 200 220 241 265 289
120 134 155 178 200 211 220 246 269 282
105 130 154 164 192 216 237 243 280 295
120 137 149 164 196 216 236 241 263 300
110 123 148 163 197 201 228 251 270 281
103 139 148 173 193 210 230 241 262 283
116 126 149 179 184 214 227 245 276 292
116 137 149 180 200 206 226 247 264 285
107 125 147 176 187 219 225 256 279 291
117 129 147 180 193 208 220 251 262 288
115 139 156 177 197 209 231 245 275 286
109 136 154 180 198 217 221 255 274 293
104 125 155 178 197 213 238 250 268 296
103 131 142 180 191 210 237 254 262 280
111 126 144 161 196 220 223 249 279 292
113 137 153 175 191 208 240 256 270 295
112 134 145 168 184 206 237 249 263 297
101 135 155 165 199 208 229 260 261 288
108 135 158 167 186 210 240 252 278 286
103 131 143 177 189 220 238 257 278 291
116 134 144 164 190 200 240 247 268 286
100 129 148 175 200 208 240 248 277 288
106 135 141 180 181 212 228 247 269 282
104 120 156 172 185 201 232 258 263 281
113 121 144 161 183 212 239 242 272 298
110 121 143 180 186 208 227 255 262 286
108 130 154 164 186 207 225 257 270 292
105 127 150 170 200 207 222 243 265 282
113 123 160 176 187 211 239 244 265 282
114 125 152 166 191 219 237 250 276 296
100 138 151 164 180 203 235 244 263 300
101 122 147 165 186 205 224 250 264 296
104 131 150 170 192 217 224 240 271 294
117 127 160 175 180 209 239 260 275 288
120 138 154 168 195 205 227 248 267 287
111 135 153 178 191 211 222 241 264 284
113 132 140 174 188 215 229 260 261 285
115 125 153 162 180 216 237 257 262 282
112 130 153 171 188 208 221 252 271 296
115 120 145 176 184 200 222 256 266 288
101 122 141 164 191 220 229 257 265 281
120 122 150 165 189 213 231 250 263 293
110 124 144 167 183 215 233 244 278 283
106 132 146 167 194 209 221 248 275 287
117 131 158 172 194 206 222 240 276 291
101 129 141 175 190 206 240 256 264 287
119 133 151 176 200 201 224 252 271 284
116 135 150 174 185 211 231 258 278 286
111 128 157 170 183 220 230 248 276 284
112 137 146 179 196 214 227 259 274 287
100 127 151 164 195 205 227 244 263 300
114 132 158 160 191 220 223 255 262 285
104 121 158 164 181 203 236 245 277 289
111 120 140 163 191 207 222 248 268 289
112 132 154 176 192 212 220 246 260 298
108 125 143 180 199 215 234 247 280 283
100 125 144 174 187 209 224 245 271 281
108 121 157 176 192 209 235 256 276 285
112 129 147 174 190 216 225 246 270 281
105 125 140 164 191 203 232 246 265 285
113 135 144 177 180 201 228 255 275 296
104 127 159 166 198 215 235 247 262 289
112 130 148 172 189 204 223 253 274 286
115 131 153 162 195 218 235 258 261 295
111 129 143 164 188 213 236 246 269 296
105 126 156 160 198 204 225 245 271 297
117 125 148 180 187 216 228 245 261 284
100 127 160 175 183 200 221 256 270 297
106 127 151 174 183 212 220 242 265 284
116 122 153 171 200 205 222 245 264 298
105 123 156 169 184 214 224 246 276 286
105 138 146 165 189 211 237 240 274 298
106 123 142 177 183 206 233 242 270 289
116 129 154 175 196 217 240 247 269 282
113 140 143 177 198 202 221 259 271 287
114 122 159 170 196 200 225 247 263 291
119 138 148 175 196 202 238 254 274 280
112 122 142 175 186 210 236 258 279 280
119 123 145 163 184 208 235 240 263 298
117 123 141 168 192 204 228 247 275 281
112 124 150 164 186 209 233 257 271 289
111 135 144 166 186 215 232 254 263 292
106 128 155 168 185 218 231 245 268 294
112 130 144 175 200 219 228 255 262 299
108 138 153 164 200 210 235 249 261 288
107 135 141 168 185 200 240 260 260 285
109 135 159 160 186 210 225 244 270 289
105 133 157 174 200 212 226 244 260 298
114 140 152 162 200 216 223 252 278 293
102 122 155 166 184 204 222 257 264 284
117 128 152 180 193 216 227 247 263 288
106 129 155 178 185 215 227 251 276 295
101 130 140 161 189 216 223 255 276 280
112 122 157 170 185 204 224 246 278 284
101 138 153 163 181 220 221 257 273 286
116 136 149 170 184 202 236 253 278 287
103 129 154 180 184 220 235 259 272 280
113 127 153 174 191 219 224 248 264 299
117 133 153 167 192 220 239 257 273 284
112 122 146 175 196 200 226 258 274 287
118 131 145 179 182 206 232 245 278 297
114 121 153 178 188 208 236 250 275 289
104 129 159 178 193 220 223 241 262 292
108 136 148 170 196 219 223 252 277 281
107 139 152 175 184 201 227 251 268 295
110 134 155 175 200 212 237 257 269 295
104 134 141 173 186 215 233 253 275 298
115 135 159 177 187 200 223 247 272 285
116 134 160 169 193 201 225 254 280 297
110 121 159 174 188 213 232 244 273 292
113 133 141 160 199 202 221 255 269 285
116 139 153 160 182 213 235 251 274 281
117 134 148 168 186 203 235 241 262 294
119 128 145 177 189 200 223 255 278 297
113 140 155 180 194 217 222 249 274 285
119 128 143 176 195 209 237 256 261 282
101 131 146 162 187 202 235 251 274 288
106 120 147 172 199 209 235 260 262 298
109 135 142 168 192 218 240 243 279 285
114 121 144 172 190 211 221 250 266 294
115 125 146 176 199 217 237 251 269 285
116 138 160 160 189 216 222 251 275 292
100 129 150 167 189 200 234 247 268 283
103 122 140 171 192 204 222 249 264 294
109 128 142 178 188 218 236 247 272 296
120 130 144 177 188 200 226 251 271 289
115 127 155 172 197 215 231 259 274 284
109 125 142 171 198 210 234 257 264 290
109 130 150 166 197 201 228 251 262 288
100 131 154 172 200 217 224 260 270 297
114 134 150 169 186 207 237 243 275 288
101 138 155 175 195 216 240 245 260 293
101 136 150 160 191 210 232 256 277 299
112 134 140 180 196 207 221 245 260 299
110 123 159 162 187 218 221 253 274 281
114 132 142 166 180 201 222 250 277 283
119 127 140 178 194 211 226 260 268 295
111 135 148 179 199 208 233 253 261 291
118 135 149 179 184 211 223 241 279 295
107 122 155 166 189 200 223 243 280 287
101 136 146 172 192 207 223 258 262 297
112 122 145 180 193 216 234 258 277 290
118 123 160 180 183 207 233 243 261 292
116 134 149 169 188 206 222 242 269 294
112 124 156 180 194 208 224 257 268 283
102 127 147 180 198 209 234 251 271 281
101 134 140 170 194 203 234 249 273 299
118 130 156 172 190 202 222 248 275 286
104 122 148 160 192 208 232 244 266 292
101 124 160 169 200 200 240 247 265 289
109 121 144 167 182 204 221 247 271 299
100 120 143 165 182 206 232 242 279 286
113 124 146 178 190 206 224 244 279 295
113 135 150 172 187 220 236 260 275 286
117 137 150 165 184 203 221 258 275 281
114 122 153 178 185 220 238 248 265 282
112 137 153 174 194 202 220 260 271 286
115 135 140 160 198 200 232 244 280 284
101 140 155 160 194 212 234 251 271 295
113 140 140 166 184 200 240 251 271 280
118 127 157 164 194 207 234 258 266 295
119 124 154 171 199 204 221 253 280 297
109 124 141 174 181 208 240 240 273 298
109 124 158 166 193 202 232 248 278 280
103 131 160 172 194 206 226 252 266 293
119 123 149 176 180 200 222 245 270 281
118 120 152 177 180 212 239 258 262 284
109 132 146 173 186 209 234 244 273 280
115 134 156 166 188 219 235 248 261 285
102 126 145 168 196 207 232 248 277 298
111 124 159 166 195 219 235 257 275 282
109 130 159 163 181 203 234 251 275 281
102 132 145 171 193 220 239 247 277 297
104 121 142 173 182 204 231 253 280 295
119 127 143 172 189 205 227 241 261 288
104 130 148 176 199 206 227 244 266 287
117 127 152 163 184 206 239 252 269 294
108 140 153 174 186 210 230 256 269 284
108 129 144 174 182 203 228 248 260 291
102 128 152 173 192 219 230 250 274 298
101 132 158 167 182 202 228 259 271 300
100 120 141 174 192 212 226 250 262 287
115 127 147 171 199 219 240 246 273 285
115 128 146 175 180 215 236 243 261 300
114 130 142 169 188 218 220 243 264 288
119 132 145 174 199 220 226 260 270 286
109 120 152 167 190 202 237 251 274 293
120 130 145 160 194 202 229 250 268 281
101 133 141 162 186 217 221 259 272 282
109 120 153 176 189 206 221 258 263 300
102 121 142 160 199 217 227 252 260 294
120 121 141 160 190 210 222 251 268 285
119 125 151 163 188 219 228 256 271 289
111 134 157 173 183 200 227 255 269 293
114 129 140 170 195 204 231 248 265 283
118 126 155 166 188 215 228 255 262 289
109 129 159 174 196 218 240 245 262 282
119 121 151 167 190 219 228 260 264 295
117 131 145 175 191 211 230 246 263 288
100 120 144 164 187 208 229 246 272 285
108 122 156 179 195 217 231 242 271 293
108 121 158 176 187 208 239 257 268 299
105 128 146 167 188 200 239 253 261 287
108 125 158 166 196 204 223 256 269 300
106 127 155 173 191 216 226 243 261 282
117 133 151 178 184 220 221 240 274 299
103 132 141 174 189 205 220 240 270 282
103 140 151 163 190 213 221 257 266 294
104 128 154 175 197 214 239 247 261 300
115 137 155 162 180 213 238 240 277 283
119 139 140 180 193 213 235 256 277 282
119 137 151 161 200 217 228 256 279 286
112 123 141 164 194 205 237 240 267 290
101 135 146 179 189 215 236 258 271 296
102 131 160 175 193 219 232 257 270 296
113 136 156 167 198 213 232 251 262 296
106 125 143 160 182 201 234 249 264 282
102 125 144 170 196 216 233 244 261 293
117 122 140 161 197 208 240 240 280 293
115 125 148 171 183 217 234 260 280 290
111 140 148 167 181 201 239 245 261 289
106 131 149 163 198 204 222 250 273 290
110 133 145 167 188 204 232 256 266 300
108 140 158 173 200 200 223 243 278 287
111 123 157 163 191 219 222 243 262 297
102 129 146 171 194 204 221 244 264 289
116 127 141 166 185 219 223 255 272 281
109 125 145 172 200 206 238 241 268 286
101 123 142 164 184 218 221 259 264 281
112 122 149 174 188 204 240 259 261 299
104 139 158 170 189 200 232 258 274 283
112 137 145 180 193 202 230 241 270 285
108 122 143 163 185 207 230 251 266 300
107 137 144 166 193 209 234 245 271 299
107 124 146 172 197 217 233 254 271 280
118 134 140 170 190 202 228 247 267 285
109 137 158 167 192 212 220 240 276 281
117 135 155 168 196 217 231 257 265 281
116 126 150 178 195 218 221 259 277 287
120 128 145 161 190 220 233 252 272 283
100 134 147 169 198 206 227 252 276 300
100 127 155 180 193 206 220 256 275 293
110 132 151 172 200 209 234 248 266 282
118 140 148 170 196 218 224 257 279 284
101 130 151 179 180 207 228 259 276 300
118 131 146 172 187 212 231 253 262 293
110 130 149 170 185 217 233 245 267 287
108 135 155 169 198 200 230 248 279 291
102 134 141 167 197 207 231 245 267 290
108 140 150 168 191 217 240 258 266 282
110 122 146 168 185 205 222 245 273 295
103 130 149 169 188 213 239 251 262 296
119 126 154 177 195 207 238 251 271 288
120 132 145 164 200 212 221 260 267 286
116 133 142 168 190 212 240 260 263 291
106 120 147 167 189 210 234 251 266 299
117 130 154 163 200 206 224 245 276 281
110 137 143 164 183 206 236 259 261 296
120 139 157 165 195 217 237 251 260 290
105 130 153 162 184 201 223 259 262 292
101 121 141 164 198 213 225 245 267 297
100 126 158 162 190 215 234 252 279 287
107 139 153 180 192 206 230 253 264 280
100 123 159 179 181 210 220 243 270 297
105 140 140 169 188 214 225 258 262 293
110 134 160 171 188 209 232 240 260 280
109 129 151 171 184 214 223 247 266 292
120 122 156 166 180 217 232 248 269 285
114 120 145 178 181 213 225 244 267 295
117 129 156 174 191 218 227 258 261 288
103 129 155 163 192 210 234 241 265 297
113 138 157 177 193 204 226 257 275 296
107 120 141 173 186 215 225 249 265 294
115 127 144 165 185 213 223 254 272 300
110 126 155 180 194 208 240 252 262 300
104 129 153 175 184 210 223 248 277 297
105 127 142 164 186 204 234 247 271 293
102 126 158 164 186 205 223 243 262 298
112 127 140 161 181 203 232 243 280 287
114 123 140 163 196 200 240 247 270 300
107 132 145 168 195 210 235 258 264 282
117 120 152 168 187 203 220 252 267 291
109 139 158 161 191 205 227 247 272 296
114 140 157 167 191 209 221 242 264 295
111 127 152 161 199 217 235 255 265 300
102 128 157 178 183 207 225 253 279 294
116 125 148 179 191 208 236 245 277 299
117 129 156 177 200 218 223 256 276 291
119 130 151 169 192 217 233 245 260 298
107 122 142 175 199 210 237 247 278 290
101 135 148 165 189 200 240 260 273 293
114 139 141 167 180 208 220 241 268 282
106 125 153 169 188 217 236 250 271 295
107 135 154 174 190 204 237 258 270 290
120 125 145 170 188 217 234 251 268 284
107 125 160 170 197 214 221 245 266 293
120 120 150 165 188 217 224 260 274 293
110 130 143 167 188 219 220 257 278 292
100 127 143 162 200 208 221 258 264 291
107 128 160 180 182 201 236 247 278 286
114 140 150 174 190 205 229 253 275 284
113 123 155 168 188 210 234 254 261 298
101 133 148 179 185 214 222 251 261 280
119 133 157 163 196 201 223 243 277 293
105 120 144 169 192 210 236 250 279 286
111 130 156 168 195 220 237 251 267 297
120 129 143 161 183 204 225 250 273 299
116 137 143 169 188 201 226 250 260 293
119 128 152 168 196 210 227 242 271 287
119 136 147 177 197 210 226 252 276 287
108 123 147 165 187 217 228 254 277 294
102 121 144 165 186 200 227 253 262 290
101 138 151 160 200 200 237 257 277 300
105 131 142 168 183 220 223 252 277 300
117 135 141 163 185 211 235 249 274 299
101 126 148 168 200 218 236 247 273 291
110 135 156 166 196 220 232 249 272 293
120 133 158 165 181 205 222 240 275 296
117 136 147 160 188 205 232 249 271 280
107 124 153 175 182 203 226 245 277 281
112 121 155 175 185 211 224 248 268 299
104 124 150 168 200 211 236 246 267 298
114 124 142 171 197 217 223 251 266 283
106 127 148 175 200 219 233 257 261 299
119 120 160 167 187 205 235 256 263 289
120 125 142 161 181 204 221 244 271 299
112 125 146 170 196 211 237 252 267 288
120 135 147 178 180 210 230 249 272 282
113 128 151 172 188 203 235 244 265 281
114 135 145 169 190 202 236 255 278 291
104 129 154 175 181 220 230 249 276 280
118 122 158 170 186 220 229 247 277 283
109 125 160 165 187 220 228 257 261 280
103 137 151 173 196 206 236 253 279 282
119 131 149 162 200 209 226 240 272 284
114 139 142 167 187 219 224 249 274 292
103 132 160 170 184 212 225 258 275 288
112 134 154 161 196 212 240 256 271 296
112 136 143 168 183 218 230 257 264 295
108 124 146 171 200 220 230 259 270 281
113 133 143 175 197 210 232 240 280 284
101 129 146 176 186 201 239 251 264 300
106 133 142 164 185 218 232 249 261 290
118 135 150 178 181 205 224 257 274 284
113 127 154 169 197 218 240 243 273 283
107 133 140 179 199 206 236 254 265 283
118 125 155 175 194 202 230 258 275 300
112 135 160 163 200 203 238 243 273 287
112 132 156 172 191 215 240 257 267 288
103 122 151 180 182 215 233 252 260 289
111 123 151 180 180 217 223 241 266 298
105 129 140 175 194 208 220 254 274 289
104 134 148 173 197 207 232 244 277 281
110 128 149 172 189 218 233 255 263 280
109 139 155 161 184 202 220 257 279 299
103 130 146 178 200 207 235 257 266 284
112 137 141 176 198 218 235 249 274 300
108 122 153 173 192 201 229 241 261 293
103 132 147 176 184 203 227 258 277 294
105 138 159 172 183 206 230 259 268 290
112 129 146 160 194 209 235 243 275 289
117 120 153 160 198 216 240 241 263 286
120 126 159 179 190 205 225 254 266 294
114 131 158 171 196 203 236 252 273 291
104 121 154 170 182 205 229 257 277 299
105 127 147 170 182 212 233 246 273 287
120 122 152 179 195 208 226 260 261 296
102 134 147 161 190 211 221 260 277 289
120 121 154 166 187 204 222 253 269 300
112 132 152 172 185 219 238 244 273 287
119 132 157 166 200 220 221 249 267 290
112 133 149 176 200 204 220 254 280 290
104 133 142 171 191 216 226 244 268 286
118 139 155 174 197 219 226 255 280 287
102 134 156 176 191 216 233 249 277 289
103 132 148 165 195 200 223 245 263 281
109 124 158 172 189 204 230 244 279 282
118 134 149 168 180 216 225 259 269 287
117 134 147 179 182 209 222 243 263 293
109 140 142 179 188 208 232 249 271 285
120 127 140 180 186 216 221 258 262 286
101 124 151 163 197 207 233 246 276 283
118 130 155 176 195 209 233 247 275 299
118 129 152 165 191 208 237 255 263 280
120 138 145 180 200 203 235 260 264 289
108 138 142 180 182 202 237 249 261 280
102 122 154 167 197 213 230 242 279 283
113 123 150 177 192 202 235 256 274 299
107 138 153 167 189 214 232 260 279 296
100 133 154 176 183 209 240 244 260 281
107 138 158 162 196 208 240 240 271 294
108 134 141 172 183 210 221 242 278 282
102 137 146 167 187 217 235 245 280 295
115 136 151 163 190 214 233 255 263 293
115 133 159 171 193 203 235 258 262 283
108 123 159 173 198 214 236 247 273 286
116 120 154 164 198 217 240 245 275 284
102 124 140 175 180 215 234 245 272 296
118 120 148 178 182 207 236 256 272 284
115 134 154 162 193 219 220 260 269 294
103 136 149 161 182 205 235 251 267 292
108 136 140 167 199 207 230 248 269 299
108 130 149 172 180 218 240 252 260 293
109 138 147 162 198 207 228 245 280 300
118 138 151 165 181 219 221 257 260 290
112 125 140 176 184 205 233 241 263 288
115 136 153 178 194 217 226 251 260 287
115 134 148 174 194 207 224 255 263 284
114 131 140 178 183 211 239 250 277 286
101 121 149 178 189 214 236 255 267 288
111 137 152 180 190 214 225 260 280 284
108 120 148 179 194 211 233 258 269 291
115 133 152 164 192 205 228 250 279 282
106 121 160 171 194 208 220 243 265 284
101 121 157 174 186 207 220 258 270 291
111 136 158 173 192 202 221 241 266 294
109 125 158 168 191 215 234 250 278 280
111 137 148 180 197 202 224 243 270 299
108 123 148 168 198 208 227 253 277 281
109 132 156 166 182 215 239 241 276 285
110 121 147 162 200 217 237 260 279 286
117 134 160 171 189 203 236 247 279 299
108 133 142 161 180 202 240 259 278 299
116 131 158 176 181 205 228 250 278 283
119 140 153 173 195 205 231 247 260 280
114 122 155 170 198 206 220 258 266 290
109 121 160 175 185 219 227 256 278 280
109 137 158 171 180 210 239 255 279 295
104 134 156 166 184 200 223 250 263 296
120 137 154 168 188 203 223 246 271 294
108 125 145 169 184 202 239 255 277 292
108 124 144 172 185 202 240 257 279 283
119 121 155 168 190 202 231 248 271 293
120 126 150 177 192 215 227 250 265 280
108 136 155 161 190 213 224 260 266 288
109 131 150 174 196 204 220 254 272 282
117 133 153 162 188 213 231 241 266 290
103 128 160 161 198 220 228 252 275 282
107 132 153 163 183 217 234 257 267 287
114 136 156 173 190 210 226 255 270 293
117 137 157 177 199 204 233 246 266 296
110 130 141 175 199 217 223 253 263 297
105 138 153 177 192 213 232 251 260 291
105 139 154 170 192 205 222 248 279 284
112 138 151 174 183 209 226 246 269 280
109 127 158 170 186 219 232 254 269 299
104 136 157 161 187 208 239 245 279 284
119 129 145 180 194 200 220 240 268 293
119 125 146 166 186 215 239 248 279 295
105 134 148 179 200 210 224 249 268 281
101 123 148 164 184 209 235 250 269 282
104 136 144 163 199 216 232 254 275 287
108 134 160 167 190 208 228 255 264 282
120 123 155 172 200 200 240 253 264 286
106 128 144 178 196 205 233 254 279 292
114 134 146 170 183 202 228 259 280 298
110 135 150 161 199 219 237 248 260 286
115 127 151 162 194 215 228 241 261 292
117 120 146 169 190 207 231 255 266 280
115 120 146 162 181 216 237 244 279 281
100 126 152 161 180 218 224 254 272 288
120 133 157 175 183 200 226 243 260 292
111 131 160 163 186 203 220 244 268 288
107 127 141 167 182 218 231 256 261 287
107 133 156 164 195 207 224 252 276 282
113 131 154 178 197 215 226 255 275 286
113 129 140 165 197 211 229 254 279 287
108 139 159 174 192 206 239 258 269 286
111 134 159 177 199 206 240 255 280 284
119 120 148 171 193 213 231 250 266 286
100 132 154 165 190 211 233 243 273 299
107 120 157 162 181 208 228 243 262 282
100 126 144 168 197 213 225 252 267 280
118 138 156 161 197 204 225 245 273 286
119 121 145 169 198 203 228 254 275 297
103 126 154 178 184 220 227 243 261 289
114 123 150 166 195 204 225 243 277 281
118 128 158 173 186 203 225 259 265 296
116 121 155 172 188 212 227 257 269 280
115 124 158 179 190 214 223 242 280 285
110 131 150 169 198 205 235 257 262 290
111 122 155 180 185 205 238 242 262 280
108 136 143 172 198 219 235 244 279 299
104 139 158 166 193 210 238 258 262 299
103 131 147 167 192 217 222 241 276 288
108 130 146 160 191 202 220 248 260 296
112 137 153 170 195 212 225 260 266 288
118 125 154 162 199 220 239 245 264 289
113 126 141 162 195 206 232 257 271 283
100 128 157 163 186 213 237 242 260 280
102 123 157 161 195 212 222 245 269 294
117 132 144 165 196 220 238 255 274 286
112 128 152 171 189 207 226 246 268 291
110 132 153 160 195 219 224 246 272 287
104 126 147 162 187 215 227 250 267 290
109 130 159 165 198 216 225 243 276 293
119 140 148 173 194 200 221 250 264 296
104 134 154 168 183 203 231 240 264 281
111 125 152 166 184 216 235 260 268 281
112 122 157 165 195 211 240 251 279 281
112 122 140 174 192 214 240 245 269 295
118 131 158 169 188 214 231 243 265 300
108 125 146 176 191 220 224 260 262 285
111 123 151 171 199 213 236 250 272 296
106 137 156 160 187 202 233 247 268 286
113 129 160 178 181 208 231 253 262 289
117 120 148 176 182 213 231 243 278 288
105 122 140 167 197 215 222 250 270 282
112 139 142 163 200 219 226 240 274 289
106 122 149 177 190 213 236 249 261 299
108 138 153 176 197 205 226 242 276 280
103 129 154 164 189 205 238 247 268 282
117 127 158 174 185 211 226 256 263 287
114 126 146 179 187 207 233 253 280 280
119 127 157 169 190 212 240 255 273 288
104 122 147 175 193 209 229 255 276 285
101 126 159 163 197 213 224 252 271 298
112 140 148 173 192 212 240 244 277 290
115 133 159 160 197 213 223 254 271 294
120 121 146 180 181 213 220 240 275 296
102 130 157 171 187 219 221 247 279 283
112 125 156 163 195 204 225 253 276 295
112 137 154 160 181 219 237 245 267 297
102 130 145 164 192 207 222 248 262 296
108 120 153 176 189 216 228 257 260 290
112 132 159 165 196 215 229 245 270 288
110 122 142 161 186 220 236 242 267 293
118 127 148 167 188 205 240 247 262 291
105 133 149 161 184 202 238 245 263 292
117 140 148 179 182 204 222 243 263 294
102 127 146 167 184 220 233 255 264 281
105 126 153 170 182 208 237 252 279 290
102 139 143 170 197 206 229 252 277 285
111 131 148 174 200 220 224 253 261 281
110 132 150 165 192 219 240 251 260 299
117 127 149 176 191 212 230 244 264 293
101 122 149 163 191 218 233 255 274 293
112 122 142 174 194 213 240 247 274 298
107 120 151 166 198 213 235 253 273 283
101 137 148 164 183 211 228 252 270 295
117 131 143 178 185 216 231 259 264 286
114 121 153 166 195 206 239 240 276 297
113 130 147 161 199 200 224 252 268 285
115 131 158 163 194 206 220 256 276 300
114 132 159 174 197 219 223 252 278 290
102 135 153 170 199 214 238 260 262 293
106 132 150 173 180 204 224 255 274 291
117 129 142 170 195 207 239 255 277 292
115 139 154 179 192 205 237 254 271 294
100 134 148 169 183 207 239 257 267 299
107 123 149 179 192 218 239 252 271 299
112 134 141 176 196 203 232 246 272 299
120 122 147 160 195 201 225 246 266 288
119 135 143 169 184 215 237 248 280 280
100 126 148 179 181 213 240 250 271 298
105 128 151 173 186 215 238 240 277 281
107 128 141 173 197 210 232 247 272 299
103 120 142 171 193 200 235 253 267 295
117 133 154 171 186 205 222 243 263 280
113 125 158 161 180 202 221 242 278 294
105 129 160 163 197 206 222 259 260 299
113 133 152 167 200 211 230 252 272 293
120 137 147 165 186 200 229 256 263 283
109 140 152 180 188 214 236 258 280 290
116 130 143 170 192 201 223 252 277 296
117 140 148 169 183 207 221 247 269 291
114 131 151 167 190 207 234 242 274 299
114 137 158 177 197 218 220 260 266 297
119 140 151 172 193 208 239 249 269 285
117 133 147 176 192 207 221 255 280 292
113 134 142 166 196 207 232 242 278 284
109 137 151 160 199 214 232 250 268 297
101 123 146 179 187 208 229 251 279 283
114 135 140 168 193 219 224 253 268 285
111 129 154 170 184 206 228 244 267 294
107 132 141 168 183 201 227 249 267 284
103 129 155 161 187 219 230 240 280 297
116 132 156 170 183 207 236 240 270 280
100 122 141 174 190 219 234 254 271 280
105 128 159 162 194 219 231 243 269 288
118 131 149 160 181 204 231 257 269 281
106 128 159 180 197 213 229 256 266 297
103 129 141 176 190 200 229 248 267 297
118 137 152 170 191 212 234 259 266 282
102 129 149 169 193 220 225 246 265 289
116 138 160 166 190 217 239 249 272 287
116 136 160 171 192 205 237 243 265 285
106 134 156 173 191 215 224 255 273 282
100 140 146 173 184 204 224 247 273 298
109 123 145 165 191 204 231 252 273 294
119 120 148 166 187 200 238 254 277 281
117 138 146 162 198 204 222 241 280 296
107 135 160 172 197 213 223 248 272 285
113 132 144 170 186 208 235 256 261 300
107 120 141 176 198 208 238 260 277 296
114 136 146 163 191 215 235 244 279 294
106 135 144 178 199 206 225 248 264 294
106 120 154 169 196 207 238 244 262 297
111 130 147 172 184 218 223 250 269 295
103 129 158 175 193 219 228 259 276 290
116 131 156 177 183 204 239 257 275 290
106 135 143 166 186 201 225 242 275 294
117 123 149 162 183 205 238 246 274 299
101 136 159 178 198 208 237 248 277 293
103 135 148 171 180 204 239 249 263 289
106 121 147 179 197 200 228 253 276 298
115 134 141 160 193 208 235 256 276 291
105 139 143 165 193 207 225 260 265 283
116 121 152 180 182 213 229 254 278 288
113 134 149 168 193 205 236 252 280 288
116 126 144 178 181 218 234 248 271 283
106 122 156 164 181 217 225 244 277 286
110 139 145 172 197 218 224 248 270 284
120 134 153 163 186 203 224 242 277 294
115 137 147 170 187 200 240 258 269 284
112 122 144 172 185 217 238 248 276 290
102 131 146 166 196 220 234 260 264 296
118 138 142 176 181 206 236 250 267 294
117 127 159 165 196 217 225 255 271 282
119 127 160 174 180 204 229 258 275 281
101 120 144 165 187 208 227 260 279 288
115 128 158 180 195 217 237 244 267 290
119 120 150 164 182 212 236 243 273 286
106 128 151 175 197 202 228 258 264 286
113 136 146 160 182 215 240 259 277 295
111 123 152 171 187 218 228 249 261 283
115 122 141 167 185 217 239 260 266 290
110 130 157 167 185 213 239 260 261 285
109 131 159 179 191 209 231 242 274 297
113 126 149 165 188 210 220 242 272 282
106 139 148 162 185 219 227 254 279 292
4326 4967 5607 7088 7768 8409 9049 9849 10650 11250
4582 5683 6299 7136 8764 9117 9689 11274 11846 12858
3036 3637 4687 4868 5978 6519 6819 7749 8230 8860
3537 4330 5057 5552 6014 6609 7599 8127 8920 9580
4257 4765 5779 6404 7535 8121 9291 9837 10267 11554
2253 2674 3052 3767 3935 4461 4755 5091 5470 5974
2918 3675 4067 4712 5300 5693 6225 6813 7514 8298
1476 1701 2248 2276 2668 2851 3243 3425 3692 4028
1932 2329 2725 3194 3284 3879 4311 4689 4725 5284
1541 1671 1905 2127 2595 2687 2882 3129 3546 3728
3313 3574 4096 4706 5663 6099 6505 7027 7956 8710
4979 5419 6431 7400 8192 9161 9997 10833 11670 12506
2404 2757 3285 3814 4144 4761 4981 5355 5730 6302
3085 3436 4030 4436 4868 5733 6057 6813 7219 7813
1176 1277 1557 1758 1968 2179 2359 2539 2770 2960
1434 1785 2178 2290 2682 2963 3089 3425 3818 3958
1216 1338 1547 1955 1988 2209 2495 2837 3002 3255
1448 1967 2107 2528 2696 3075 3355 3621 3663 4196
2632 3647 3725 4246 5000 5443 5963 6640 7082 7290
3003 3733 3841 4571 5219 5679 6192 6813 7192 7894
5411 6587 6728 7528 9173 9973 11054 11524 12606 14016
2606 3439 3959 4298 5104 5573 6145 6535 6978 7446
2582 2928 3227 4010 4470 4908 5322 5851 6404 6565
3109 3516 4386 5199 5518 6244 6737 7056 7811 8159
1490 1799 2205 2318 2710 2949 3229 3607 3874 4126
3984 5155 5818 6872 7106 8160 8628 10072 10423 11008
3858 4615 5660 5804 6884 7389 8541 9081 10054 10234
1862 2103 2423 2856 3048 3224 3705 4121 4490 4762
2976 3355 3814 4328 5165 5895 5949 6949 7138 7597
2949 3544 4030 4868 5192 5895 6030 6705 7489 7759
1278 1519 1723 2000 2228 2469 2805 3118 3358 3514
3844 5023 5783 6848 7456 8369 9015 9889 10117 11030
2172 2458 2762 3162 3656 3942 4512 4683 5083 5615
3416 3851 4595 5340 6022 6333 6922 7697 8659 8938
3336 3787 4447 5318 5768 6008 6759 7780 7810 9010
3270 4167 5128 5192 6280 6408 7433 7977 8682 9226
5200 6867 7308 8730 8926 10004 11524 12259 13583 14465
2470 2977 3285 3792 4012 4761 5179 5575 6038 6236
3478 4006 4719 5092 5743 6736 6922 7976 8504 9155
2944 3595 3647 4532 4740 5599 6171 6457 7264 7342
5256 6957 7157 8408 9458 10759 11659 12759 13360 14310
4374 5272 6247 6443 7808 8198 9018 10071 10422 11710
4146 4399 5659 5876 6848 7893 8217 9261 9405 10774
2622 3151 3751 4304 4784 5241 5457 6153 6490 7066
1161 1503 1624 1988 2131 2429 2627 2869 3046 3244
1798 2055 2263 2824 3144 3369 3849 3929 4170 4570
3339 4396 5122 5816 6047 7137 7731 7995 9184 9514
4529 5327 5479 6658 7152 8179 8483 9395 10270 11296
1147 1327 1467 1698 1828 2059 2339 2449 2660 2970
3965 4854 5594 6224 7223 7520 8371 9259 10037 10481
4339 4605 5707 6088 7038 8369 8977 9623 9928 10764
5362 6217 6847 7883 8963 9549 9999 11259 12385 12655
3822 4435 5479 5804 6776 7857 8505 9153 9910 10630
3727 4254 4719 5495 5991 6363 7201 7883 8442 9093
1641 1867 2393 2438 2723 3084 3579 3895 4150 4345
2166 2567 2907 3288 3848 4209 4709 5069 5270 5690
3075 3465 4063 4558 4740 5547 5859 6483 6952 7706
4911 6127 6937 7478 8243 9594 10314 10809 11935 13420
2360 2713 3461 3968 4254 4673 4981 5597 5906 6544
3030 3598 4273 4463 5327 5787 6435 6651 7381 7705
1718 2023 2375 2648 2952 3289 3817 4154 4234 4602
3901 3967 5288 5849 6080 6774 7665 8391 8722 9514
5575 6151 7063 7736 9128 10425 10569 12153 13354 13786
5022 6123 6167 7752 8192 9249 9865 11185 12154 13166
4101 5077 5545 6716 7340 8472 8823 9915 10735 11398
3487 3661 4183 5112 5402 5866 6737 7027 7898 8478
2766 3151 3727 4136 4520 4832 5577 6081 6610 7042
1806 2437 2689 3050 3320 3771 4185 4545 4780 5158
3127 3595 3933 4662 4896 5468 6223 6509 6951 7602
3967 4297 5089 5420 6608 7104 7599 8061 8689 9811
4166 5527 5807 6888 7368 8769 9489 10089 10730 11690
3848 4155 4903 5618 6604 7285 7965 8782 8918 9768
2814 3361 4115 4402 4844 5547 6119 6639 7108 7576
4500 5047 6518 7148 8282 8408 9459 10888 11056 12400
2918 3787 4095 5048 5244 5777 6169 6813 7794 8018
3844 4985 5745 6126 7342 8331 8749 9395 10004 10878
3313 3545 4270 4822 5373 5867 6650 7375 8043 8362
1305 1338 1668 1922 2010 2396 2616 2682 3068 3222
5592 6818 7063 8142 9122 10152 11279 12504 13681 14171
3313 4067 4415 4880 5228 6157 6476 7114 7579 8159
4767 5327 6408 6408 7648 8249 9409 9649 10770 11450
3036 3877 4507 5348 5978 6369 6669 7389 7990 8650
1338 1687 1747 1952 2300 2493 2757 3009 3214 3442
4188 5542 6567 7019 8044 8783 9726 10546 10669 12105
5227 6172 6802 7208 8468 9008 10449 11304 12160 12790
1686 2039 2295 2600 3032 3321 3545 4106 4298 4746
3371 3603 4241 4822 5779 6186 6505 7027 7927 8304
3712 4121 5312 5618 6536 7013 7999 8169 9088 9598
1574 1897 1967 2304 2682 2879 3117 3481 3762 4098
1944 2363 2971 3390 3447 4113 4455 4721 5254 5520
2527 2653 3199 3452 3872 4566 4818 5427 5596 6289
4800 6164 7386 8233 9220 9596 10819 11994 12841 13875
1448 1813 2177 2360 2766 2878 3355 3523 3916 4042
4406 5367 5727 6888 7368 8529 8889 9849 10610 11370
1146 1207 1447 1778 1898 2209 2299 2529 2780 2920
3022 3980 4619 4880 5779 5895 6650 7346 7985 8188
4414 5116 6053 6365 7535 7965 8784 9369 10540 11203
1066 1207 1407 1738 1808 2119 2399 2459 2640 3000
1326 1495 1843 2132 2312 2649 2829 3033 3250 3562
1798 2151 2311 2872 3032 3497 3769 4121 4169 4810
3471 4165 5089 5783 6476 6873 7368 8589 9118 9580
2791 3247 3559 4136 4448 4977 5673 5889 6418 6826
5047 5383 6685 7022 8240 8450 9459 10593 11392 12610
3822 4507 5263 5984 6560 7893 8505 8973 9370 10126
4836 5573 6907 7552 8334 9669 10819 11694 12246 13580
2316 3087 3351 3880 4012 4783 5113 5509 5796 6170
3003 3544 4301 4463 5111 5733 6246 6651 7408 7678
1551 1852 2137 2453 2979 3114 3309 3684 4075 4285
2906 3980 4619 4909 5286 6360 6708 7114 7811 8333
1762 2092 2317 2468 3008 3174 3489 3669 3924 4435
2675 3181 3411 3688 4309 4816 5115 5598 6358 6818
4032 4767 5012 5643 6588 7464 8059 8864 9215 10195
5066 5419 6827 7708 8500 9513 10525 10965 12066 12814
4257 5077 5545 6326 7145 7848 9330 9837 10891 11125
2558 2779 3219 3946 4298 4562 5157 5333 6170 6566
5362 5497 7163 7973 8738 9233 10539 11034 12475 12700
5606 6057 8008 8358 9358 10859 11959 12609 13210 14510
4219 4975 5227 6344 6812 7929 8433 8937 9478 10378
3882 4427 5311 5992 6536 7251 7523 8611 9088 10210
1056 1207 1537 1798 1818 2109 2399 2609 2690 2990
3930 4831 5623 6164 6596 7569 8613 9045 9369 10594
2387 2447 2967 3408 3828 4409 4729 5169 5209 5770
1541 1619 1918 2309 2504 2765 3077 3246 3585 3728
3366 4359 4935 5320 6408 6665 7369 7977 8522 9226
5318 5741 6728 7622 8703 10020 11007 11759 12230 13781
1521 1927 2182 2468 2738 3084 3309 3639 3925 4450
5459 6211 6634 8421 9361 9691 10349 11383 13170 13828
2674 2974 3480 4079 4171 5000 5483 5828 6450 6588
4188 5378 5788 7306 8085 8947 9685 10013 11162 11859
2906 3980 4154 4648 5373 6331 6592 7114 7666 8391
2706 3652 3787 4571 5192 5814 6273 6543 7462 7705
3002 3843 4179 4712 5048 5693 6281 6729 7570 7878
2076 2257 2851 3050 3428 3626 4311 4545 4852 5392
1146 1277 1437 1808 1878 2209 2409 2469 2810 2880
5256 6757 7257 8058 9058 10559 11609 12359 14010 14610
2646 3247 3679 3896 4376 5097 5337 5841 6634 6874
2172 2325 3048 3086 3694 3808 4341 4950 5216 5539
2744 3227 3388 3688 4263 5069 5391 5828 6082 6680
2026 2487 3208 3228 3828 4389 4469 4929 5430 5990
2892 3647 3985 4480 4714 5729 6249 6353 6821 7784
5494 5936 7210 8681 9073 10152 11426 11867 13387 14269
4413 4726 5623 6326 7145 8043 9369 10110 10813 11671
2211 2401 2876 3276 3789 3865 4531 4721 5159 5406
5306 6857 7657 8058 9758 10709 11209 12359 14010 14910
3227 3787 3955 4656 5356 5664 6729 7290 7458 7934
3577 3817 4507 4808 5768 6489 6669 7299 8350 8920
2856 3132 3907 4158 4908 5409 5734 6284 6560 7235
1261 1514 1635 1779 2098 2231 2429 2671 3090 3255
2401 2800 2968 3389 3914 4229 5049 5449 5596 6037
5527 5527 6723 8058 8794 9669 11003 11049 12568 13488
1962 2302 2455 2898 3085 3477 3783 4361 4634 5008
4166 5327 5927 6608 7848 8689 9169 9929 10970 11450
4804 5050 6362 7183 8208 8372 9398 10341 10752 11777
1238 1514 1580 1801 1999 2418 2583 2803 2925 3310
2647 2845 3175 3902 4100 4519 5245 5289 5774 6412
3636 3967 4990 5585 6080 7104 7929 8127 9217 9646
2316 3087 3461 3704 4408 4805 5223 5311 6016 6610
2086 2727 2967 3288 3748 4369 4749 4829 5330 6010
1436 1788 1892 2088 2478 2869 3051 3285 3455 3871
3311 3479 4151 5020 5076 5665 6421 6869 7374 7850
4372 4558 5372 6335 7260 8001 8445 9555 10296 11036
1161 1514 1635 1812 2109 2208 2473 2826 2936 3189
5287 5903 6475 7312 7972 9689 10349 11449 11846 12946
3681 4767 5397 5818 6308 7534 8164 9110 9495 10020
5527 5573 7091 8242 8886 9254 10497 11647 12384 13442
5430 6439 7688 7976 9128 9608 11433 11913 13354 14170
3354 4223 4657 5278 6022 6363 7232 7728 8194 9310
4415 5061 5593 6506 7456 7799 8939 9243 10156 10878
1546 1729 2121 2388 2710 2907 3299 3467 3734 4182
4478 5339 6371 6974 7877 9340 10157 10372 11878 12652
1319 1580 1892 2309 2517 2739 2869 3390 3559 3897
5066 6309 6631 8150 8702 9346 11003 11049 12246 13396
1410 1814 2074 2218 2491 2739 3077 3285 3494 3728
3958 4909 5365 6734 7380 7989 8483 9623 10346 10916
2788 3257 4012 4324 4766 5599 6041 6275 6796 7576
2020 2515 2895 3352 3523 3808 4189 4911 5292 5653
4956 5722 6937 7568 8873 9684 10269 11259 11845 13105
5430 6103 7207 8216 9080 9993 10905 12105 13450 13498
5106 6307 7757 8158 9108 10759 12009 12809 13560 14510
1371 1593 2048 2270 2556 2804 2947 3350 3520 3793
4187 4780 5631 6224 7260 7705 8223 9259 10370 10666
2922 3598 4165 4868 5219 5949 6219 6867 7543 8029
2131 2437 2617 2942 3536 3915 4167 4401 4690 5266
3165 3787 4219 4787 5300 5597 6138 6597 7354 7759
3186 3997 4327 5108 5438 6399 6789 7720 8290 8410
4373 4669 5854 6335 7038 8112 8445 9259 9963 10370
1774 2302 2693 2762 3221 3613 3919 4208 4736 5110
1961 2336 2472 2949 3136 3749 4021 4106 4634 5110
1740 2115 2608 2966 3085 3630 3885 4396 4566 4974
4416 5341 6307 7232 8240 9207 9795 10383 11014 12190
3338 3759 4179 5048 5412 5973 6477 7149 7766 8046
5887 6230 6916 8338 9416 10446 11181 12357 12995 13779
4582 5727 7048 7444 8324 9557 10393 10613 11758 12506
3456 3907 4687 5018 6008 6218 7059 7539 8110 8590
5082 6587 7481 7528 8703 9926 10490 12230 12512 13640
3030 3247 4166 4517 5327 5490 6084 6759 7057 7921
2742 3175 3511 4064 4640 5241 5601 6249 6586 7138
5435 5573 6953 7828 8978 9669 10129 11095 11970 13672
4034 4833 5974 6202 7000 8179 8407 9205 10498 10650
5298 6181 7259 8044 8828 10740 11328 12014 12995 13975
2430 3295 3535 4160 4448 4977 5409 6106 6274 6730
5656 6607 8008 8008 9658 10859 11059 12509 13660 14260
2467 2836 3457 3711 4585 4908 5414 5736 6013 6611
4270 4968 5911 7265 8167 8414 9726 10095 10957 11941
5606 6707 7157 8508 9458 10108 11359 12709 14010 14160
4224 5137 5859 6126 6848 8255 9091 9205 9928 11106
3517 3637 4808 5138 5648 6189 6699 7209 7900 9010
2115 2344 2762 3181 3656 4018 4246 4797 5159 5615
4822 6027 6285 7275 7877 9082 10286 10845 11749 12050
3814 4699 5346 5856 6332 7149 7659 8237 9258 9734
4106 5583 6280 6650 7552 8578 9644 10670 11326 11941
3576 4597 4767 5890 6264 7489 7693 8747 9224 9734
4299 4965 5483 6187 6853 7408 8630 8926 10037 10666
5176 6587 7104 7669 8985 9597 11054 11289 12794 13452
4710 5173 5887 7106 8366 8829 9921 10089 11014 12484
3547 4147 4417 5168 5738 6459 7179 7239 8410 8440
3934 4000 5255 5750 6575 7203 7434 8061 8854 9382
2287 2439 2819 3219 3618 3827 4569 4930 5140 5672
4955 6279 7455 8681 9367 9808 10985 12406 13583 13779
4491 4765 5857 6560 7613 8199 9330 9954 10891 11047
4039 5076 5557 6372 6705 7408 8667 9074 9815 11110
2856 3257 3532 4233 4958 5008 5984 6309 6510 7285
2058 2365 2563 2906 3608 3879 4239 4329 4870 5194
5478 6535 7447 7784 9464 10425 10617 11673 13258 13642
1314 1639 1843 1964 2228 2493 2829 2937 3226 3394
2581 3457 3607 4358 4908 5083 5909 6134 6510 7410
4952 5296 6027 7103 8479 8609 9684 10846 11964 12050
4526 4847 6047 6848 7928 8088 8969 10129 11170 11610
3541 3851 4347 5464 5898 6333 7387 7480 8349 8814
5317 5767 6352 7838 8153 9909 10584 11664 11980 13420
5857 6307 7357 8008 9608 10309 11159 12559 13960 14560
4248 5845 6349 7484 8156 9249 9417 10341 11518 12568
5334 6151 7640 7688 9224 9849 10665 12441 13114 14122
4219 4651 5587 5948 6812 7605 8217 9225 9514 10738
1302 1603 1771 2120 2396 2517 2709 3129 3226 3502
2502 3343 3631 3920 4544 5025 5577 6057 6274 7042
5066 6167 6871 7884 8236 9689 10261 11185 11757 12990
1777 1807 2272 2408 2918 3204 3609 3654 4105 4210
1581 2107 2197 2543 2888 3264 3594 3804 3939 4480
3447 3975 4564 5061 5588 6829 7108 7821 8163 9062
4349 5253 6414 6974 7877 9168 9512 11104 11835 12480
3858 5011 5623 5768 7136 7605 8073 8685 10018 10486
1278 1447 1819 2132 2216 2457 2817 2937 3370 3418
4758 6167 6343 7620 8280 8941 9777 11230 11802 12374
1876 2387 2421 2932 3153 3408 3987 4344 4736 5025
5706 6357 7507 8108 9758 10058 11909 12659 14010 14810
3926 4697 5292 5783 6658 7464 7814 8724 9320 9950
4031 4242 5082 5783 6868 7709 8269 8584 9320 10405
4902 6151 7111 7832 8792 9657 10857 12394 13162 13738
2976 3706 3814 4382 5003 5733 5976 6840 7489 8083
1551 1987 2197 2558 2843 3129 3504 3639 4045 4480
1671 1897 2242 2558 2723 3279 3474 3624 4090 4240
1420 1953 2150 2332 2794 2837 3131 3369 3804 3958
1986 2293 2617 3212 3248 3627 3987 4618 5014 5122
1671 1927 2137 2588 2933 3129 3579 3669 4120 4450
1504 1715 2177 2248 2696 3075 3355 3439 3748 4042
5094 6583 7207 8168 9224 9705 10713 11529 12970 14170
5406 6707 7007 8958 9608 10309 11009 12409 13360 14160
3611 4452 5467 5853 7008 7464 8199 8934 9390 10405
3306 4207 4537 5288 5408 6309 6969 7539 8290 8950
1249 1349 1735 1922 2065 2308 2583 2660 3002 3200
2706 3301 4193 4409 5328 5463 6084 6597 7138 7867
2206 2607 2987 3568 4008 4188 4429 5169 5590 5870
2652 2790 3503 3895 4332 5069 5207 5552 6059 6634
3334 4327 5096 5704 5928 6633 7337 8009 8970 9002
3572 3758 4347 5185 5743 6767 7418 7573 8318 9093
3681 4592 5573 6168 6798 7044 7954 8514 9180 10020
4373 4780 5483 6261 6668 8075 8186 9555 10296 10999
1126 1237 1587 1798 1998 2209 2269 2569 2810 2820
3254 3787 4291 4796 5132 6113 6281 6981 7850 8102
3306 3817 4808 5078 5948 6309 6699 7809 7839 8830
5156 6207 8008 8758 9358 10709 11309 12509 13710 14260
2167 2257 2563 3086 3590 3644 3969 4599 4888 5374
4326 5287 5927 6448 7808 8409 8929 9729 11130 11730
4147 5706 5747 6773 8126 8988 9685 10341 11367 12228
4450 5287 6607 7488 8720 8852 9909 11406 11582 13122
5287 5551 6651 7268 8148 9645 9953 10921 12154 13122
2744 3181 3365 3987 4148 4885 5483 5621 6381 6565
4006 5367 5968 6728 7248 8529 8809 9609 10530 11410
1423 1459 1879 2120 2276 2565 2649 2937 3190 3598
2788 3543 3777 4402 4714 5443 5963 6301 7030 7472
1863 2023 2311 2568 3096 3481 3625 3961 4250 4666
3247 3760 4274 4571 5192 5435 6219 6624 7354 7705
3634 3820 4471 5340 5588 6829 7201 7883 8070 9000
5334 5815 7303 8216 8648 10233 11433 11817 13066 14218
2173 2534 2743 3124 3809 3885 4341 4569 5007 5349
4349 5683 6802 7619 7834 8910 10243 10974 11276 12609
4392 5339 6156 7275 7877 8695 10157 10845 11792 12910
2306 3043 3595 4010 4332 4931 5529 5966 5990 6473
1332 1619 1827 2309 2413 2648 2895 3259 3546 3910
1893 2268 2557 2949 3289 3749 3766 4242 4600 4787
2077 2311 2527 3032 3590 3915 4149 4473 4708 5086
4415 4947 5631 6278 7038 7989 8521 9661 10308 11106
2470 2999 3373 3748 4364 4717 4849 5707 5729 6390
1076 1217 1527 1618 1898 2209 2259 2459 2720 2860
1410 1762 1892 2205 2517 2843 2960 3350 3481 3676
4002 4975 5407 6488 7172 7929 8325 9045 9982 10666
3576 4382 5257 6133 6728 7324 7849 8619 9635 10020
2710 3127 3959 4480 5078 5651 5833 6614 6770 7342
2632 3595 4090 4610 4948 5443 5859 6535 6952 7420
2603 2647 3484 3704 4386 4496 4915 5663 5884 6544
3002 3815 4348 4796 5440 5693 6309 6897 7402 7990
4821 5677 7163 7478 8603 9234 10674 10899 12115 13330
3901 4594 5056 5750 6278 7269 7632 7995 8887 9250
3367 3815 4207 4600 5524 6001 6449 6785 7317 8410
2743 2836 3549 3803 4562 5069 5483 5966 6450 6634
2866 3569 3803 4272 4714 5729 6197 6353 6900 7628
1316 1327 1646 1790 2065 2330 2473 2649 3002 3134
1962 2251 2523 2813 3340 3732 3817 4208 4532 4906
4490 5213 5935 6163 7494 7684 9129 9889 10422 11410
1161 1426 1746 1801 2208 2275 2638 2649 2958 3134
3339 3703 4207 4936 5132 5832 6421 7065 7822 8214
2294 2713 3484 3902 4144 4475 5157 5642 5730 6346
3930 4615 5335 6128 6488 7497 8613 8685 9550 10594
3508 4631 5107 6060 6434 7353 7591 8441 9428 9700
2606 3082 3707 4008 4808 5309 5809 6259 6960 7010
4349 5382 6156 7576 8092 9211 10243 10415 12050 12695
1150 1547 1635 1812 2208 2241 2594 2869 3046 3233
4270 5132 5993 6691 7593 8988 9521 10054 11039 11900
1332 1736 2023 2101 2595 2778 2908 3181 3546 3728
3086 3927 4347 4768 5356 5720 6701 7205 7766 8018
4416 5089 6391 7568 7820 8577 10089 10299 11770 11854
4963 5803 6349 7190 7862 9123 9417 10761 10971 12148
2286 2767 3027 3588 3948 4289 4629 4909 5430 5970
2536 3204 3227 3964 4171 4724 5230 5920 6335 6749
1501 1814 1892 2153 2504 2660 3025 3324 3637 3754
4147 4435 5588 5804 6632 7857 7929 9081 9802 10198
2096 2477 2838 3428 3637 3999 4455 4664 4950 5349
2046 2587 2947 3608 3648 4089 4549 5010 5210 5710
2266 2587 2987 3548 3968 4389 4629 4909 5450 5970
3007 3107 3632 4183 4533 5134 5984 6359 6760 7335
3577 4177 4687 4838 5918 6098 6759 7419 8050 8950
1350 1687 1735 1928 2288 2613 2781 3033 3202 3406
2211 2737 3241 3452 4061 4398 4629 5428 5680 6016
1420 1911 2163 2276 2612 2977 3341 3565 3650 4196
1553 1749 2009 2296 2582 2608 3116 3285 3637 3884
5857 6307 7257 8058 9208 10259 11309 12610 13110 14260
4261 4743 5817 6224 6927 7927 8889 8889 10000 10481
4500 5047 6013 7442 8072 8535 9585 10173 11728 12106
2040 2437 2833 3068 3446 3770 4293 4455 4942 5320
4373 5076 5298 5965 7334 7742 8815 9037 9630 10629
4332 5509 6181 7568 7610 8871 9375 10425 11350 12610
3541 4347 5292 5853 6378 7079 7814 8900 9390 10475
1581 2077 2122 2678 2888 3129 3354 3865 4000 4240
1686 2002 2212 2438 2813 3219 3594 3759 4045 4285
1227 1415 1757 1922 1999 2275 2539 2748 2947 3288
3746 4257 5005 5890 6298 6877 8169 8441 8884 10108
2444 3089 3434 3826 4424 4632 5253 5552 6059 6887
2127 2653 3157 3599 4103 4272 4923 5070 5869 6142
3416 3758 4781 5061 5991 6705 7170 7976 8535 8938
3966 4327 5768 6236 7028 7352 8397 9045 9550 10414
4414 5289 5859 6164 7380 8065 8749 9813 10042 10916
2790 3199 3847 4304 4784 4904 5553 6129 6370 6802
4298 5113 5816 6557 6964 8038 8556 9407 10185 11110
4963 5131 6475 7148 8324 8408 10005 10299 11224 12526
2190 2632 3073 3410 3977 4587 4881 5449 5533 5953
3170 3899 4151 4516 5356 5861 6673 6981 7542 8130
5001 5497 6577 7748 8513 9909 9909 11079 12025 12880
1774 2319 2557 2847 3170 3562 3953 4361 4685 4974
3216 4087 4417 5078 5708 6099 6639 7389 8170 8890
1518 1785 2009 2416 2598 2879 3299 3383 3804 4168
1673 1743 2247 2486 2654 3089 3229 3523 3888 3958
4995 5855 6845 7146 7834 8996 9598 10329 11448 12265
1475 1749 1879 2179 2504 2830 2947 3142 3650 3858
4298 4891 5557 6483 7297 7704 8778 9629 10370 10814
3339 4231 5287 5816 6509 7170 7830 8556 8589 9547
1501 1658 2088 2218 2439 2726 2934 3363 3390 3793
4846 5463 6211 7576 7972 9645 9777 10745 11890 12990
2632 3387 4115 4532 5130 5208 5937 6691 7108 7810
2652 2997 3688 4125 4217 4608 5069 5552 6105 6657
6007 6707 7757 8908 10008 10559 11009 12309 13460 14110
1581 1957 2317 2468 2888 3249 3564 3654 4210 4435
5767 6583 7159 7880 9416 10377 11337 11577 12633 14410
2866 3205 3855 4246 5130 5235 5937 6535 7030 7316
1654 2231 2375 2776 3096 3369 3689 3865 4202 4538
3023 3283 3881 4662 4792 5573 5911 6379 7186 7602
5459 6446 7010 8468 9408 9690 10631 11618 12418 13405
2895 3382 3976 4760 5057 5922 6084 6921 7543 7867
2815 3103 3535 4328 4640 5001 5289 6033 6298 6922
1961 2370 2659 3017 3357 3561 3936 4174 4685 4872
4693 5855 6629 7748 8522 9340 9512 10974 11792 12609
2086 2507 3107 3568 3948 4269 4769 5009 5370 5930
1345 1710 1853 2348 2491 2739 3090 3311 3416 3650
1893 2149 2455 2745 3340 3749 3800 4242 4753 4974
1814 2199 2455 2808 3064 3336 3849 4105 4330 4730
4038 4831 5227 6056 6632 7425 8541 8973 9478 10702
1824 2437 2797 2978 3590 3753 4131 4690 4708 5194
5406 6757 7907 8358 9308 10509 12009 12609 13910 14310
3611 4592 5012 6203 6623 7709 8339 9004 9740 10195
1167 1347 1447 1648 1908 2008 2409 2479 2690 2870
4906 6328 7259 8583 9808 10201 11769 12161 13583 14122
4034 5137 5365 6848 6886 8065 8673 9395 10232 10726
4166 4807 6248 6888 7408 8049 9289 10330 10530 11250
2379 2548 3031 3389 3851 4461 5028 5091 5722 6268
1986 2185 2581 3248 3356 3753 4095 4600 4726 5158
5082 6117 7245 7716 8750 9738 10584 12089 12700 13734
3681 4452 5257 5958 7009 7254 7779 8514 9285 9880
4865 5296 6888 7576 8049 9082 10286 10501 11405 12136
1830 2007 2439 2664 3064 3513 3801 4009 4426 4746
1006 1387 1517 1648 1808 2039 2359 2449 2640 3010
1420 1715 2065 2318 2612 2879 3145 3510 3706 4154
4166 5247 6007 6808 7688 8689 8969 9609 10850 11770
4101 4452 5607 6133 6308 7323 8374 9109 9635 10090
1327 1525 1701 1856 2153 2263 2506 2737 2947 3167
3336 4057 4597 5348 5738 6339 6669 7239 7930 8530
1475 1723 1827 2270 2452 2804 2986 3390 3403 3715
2537 2757 3373 3572 3968 4761 5223 5664 5774 6214
3702 4297 5056 5651 6212 6873 7302 8325 8953 9778
4952 5167 6242 7576 7920 8609 9555 11018 11448 12394
2228 2691 3109 3616 4210 4849 5047 5664 5840 6192
3607 3667 4507 4958 5678 6399 6939 7509 7900 8800
2316 2611 3031 3515 3851 4524 4902 5133 5848 5953
4458 5551 6139 7022 8156 8787 9291 10425 11560 12064
3049 3413 4116 4480 5052 5365 5781 6249 7186 7576
1723 2200 2404 2983 3238 3511 4089 4362 4498 4889
3339 3731 4235 4936 5608 5636 6281 7065 7598 7962
4530 5272 5857 6794 7223 8238 9018 10071 10852 11164
1671 1927 2362 2558 2753 3309 3459 3729 4150 4270
1238 1514 1613 1977 2164 2363 2506 2858 3024 3167
4806 6103 7255 7880 9368 9849 10905 11721 12634 14410
4110 4759 5696 5768 6884 7929 8037 9189 9442 10270
3958 4605 6012 6240 6886 7723 8977 9319 10536 10992
1894 2047 2387 2779 3255 3528 3783 4226 4566 4923
5606 6607 7707 8808 9608 10609 11009 12309 13010 14910
4758 5507 6299 7928 8764 9469 10305 10877 12330 12462
1006 1257 1447 1748 1878 2099 2249 2459 2720 2820
2058 2306 2990 3352 3656 3980 4474 4873 5254 5425
2134 2458 2800 3314 3618 4113 4284 4683 5140 5349
4941 5882 6587 7716 8985 9550 10913 11571 12465 13405
5204 6217 6631 8150 8288 9254 10497 11739 12660 13626
4686 5722 7163 7478 8918 9684 10584 11124 11800 13015
4486 5207 5927 6888 7568 8169 8929 10129 10970 11450
3916 4461 5209 5516 6638 7421 7999 8781 8883 10040
1671 1942 2152 2468 2828 3204 3549 3699 4045 4450
1161 1393 1724 1768 2186 2253 2484 2704 2991 3277
3049 3257 3855 4688 4870 5625 5937 6379 6796 7394
2406 3055 3848 4208 4400 4808 5313 6154 6490 7138
3080 3690 4387 5054 5315 6157 6389 7027 7695 8246
5343 5619 7045 7874 9208 9439 10221 11279 12154 13718
2001 2344 2972 3219 3504 4075 4265 4683 5254 5444
5046 6631 7015 7928 9080 10137 11385 11529 13162 14314
1384 1606 1853 2309 2387 2687 3038 3155 3520 3767
2558 2845 3395 3858 4320 4783 5289 5443 5928 6214
2040 2527 2581 3194 3572 3644 3987 4671 4888 5176
4795 5131 6686 7148 8240 8408 9459 10383 11056 12232
4529 5251 5631 6658 7456 7684 9053 9661 10422 10650
5382 5863 6823 8408 8936 10089 11337 12393 13402 13450
2030 2098 2472 2779 3136 3545 4004 4089 4481 5076
4219 4435 5083 6056 6920 7353 8217 8901 9910 10126
4710 5215 6307 6896 7820 8787 9795 10803 11392 12148
2115 2572 2743 3162 3542 4094 4417 4835 5007 5558
2338 2823 3417 3704 4078 4805 5091 5399 5906 6478
5158 5987 6631 8058 9208 10083 10497 11739 12061 13764
3678 4699 5209 5584 6808 7149 7999 8475 8884 9802
2574 3247 3391 4040 4448 4808 5769 6250 6250 6850
1423 1762 2075 2088 2426 2739 2934 3181 3520 3767
2211 2800 3304 3662 4208 4461 4755 5133 5469 6268
5250 6447 6999 7460 9208 9945 10267 11601 12798 13488
1128 1349 1713 1834 2032 2253 2451 2837 2914 3134
3166 3463 4111 4868 5219 5841 6138 6678 7111 7786
1066 1297 1557 1788 1858 2159 2279 2519 2770 2960
3137 4037 4347 4999 5867 6705 6922 7915 8566 8690
2358 2569 3305 3578 3893 4293 4713 5175 5848 5974
1420 1939 2149 2290 2542 3089 3103 3608 3832 4014
4298 5039 5520 6298 6816 7482 8741 9370 10296 10629
1963 2458 2933 3428 3504 4189 4474 4930 5178 5330
4413 4960 5974 6794 7457 8550 8745 9681 10306 11671
2112 2401 2761 3014 3464 3969 4311 4635 4924 5122
3142 3423 4095 4908 5496 5608 6337 7234 7682 8046
3311 3675 4067 5020 5104 5776 6505 6869 7794 8326
1830 1943 2455 2856 3016 3337 3785 4009 4410 4634
1462 1813 2234 2500 2710 3089 3131 3383 3678 4098
3570 4495 4891 5618 6476 7236 7368 8325 9151 9283
1504 1953 2135 2458 2584 2822 3187 3523 3762 4140
4626 5635 6517 7358 8408 8912 9963 10803 11307 12400
2918 3759 3955 4852 5216 6029 6533 7093 7710 8354
1732 2032 2393 2663 2813 3008 3354 3714 4090 4285
5574 6439 7687 8120 9272 9656 10809 12201 13450 14266
3746 4121 5414 5924 6400 7251 7897 8305 9292 9938
1589 1869 1981 2248 2794 2837 3103 3580 3776 4000
2675 3204 3526 3688 4194 4908 5414 5782 6312 6473
2698 3089 3411 3872 4286 4678 5414 5552 6036 6772
2982 3207 3632 4433 4733 5008 5584 6384 6960 7435
3509 4347 4812 5588 6022 6736 6891 7728 8504 8845
5481 5895 6585 8104 8978 9623 10911 11785 12016 12982
1218 1579 1759 1952 2252 2433 2829 3021 3298 3466
4776 5407 6622 7748 8963 9414 10584 11709 11800 13420
3167 3922 4125 4880 5576 6331 6969 7056 8101 8275
4681 4968 5911 7060 7798 8660 9070 10259 10916 12064
2306 2507 2927 3528 3988 4349 4749 5029 5390 5710
2558 3043 3528 3528 4166 4761 4893 5531 6060 6434
2206 2845 3307 3682 4166 4409 5157 5443 5906 6236
3611 4277 4907 5993 6728 7149 7779 8725 9250 10300
5238 6151 6823 8552 9032 10473 11337 11865 13066 14218
5647 6117 6775 8327 8844 9408 10631 11806 12747 13593
3686 4071 4967 5512 6312 6889 7401 8297 8778 9098
3603 4132 4693 5651 6542 6939 7731 8490 8722 9580
4148 4947 5707 6316 7494 7647 8673 9547 9966 10954
2606 3413 4011 4480 5208 5651 5833 6769 7030 7732
3654 4295 4807 5416 5960 6633 7593 7785 8810 9226
1521 2077 2332 2633 2933 3249 3609 3684 3909 4405
2026 2727 3007 3208 3828 4209 4649 5129 5550 5990
5382 6439 6727 8648 9416 9945 10617 11769 12490 14362
1766 1975 2552 2600 3000 3497 3545 4057 4394 4506
1717 1987 2137 2498 2708 3024 3339 3760 4165 4255
3339 3563 3927 4992 5440 5917 6337 7289 7514 8270
4779 5812 6371 7705 8565 8953 10028 10888 11232 12523
1777 2032 2242 2693 2768 3174 3354 3624 4195 4435
4821 5497 6983 7478 8513 9009 10044 10944 12610 12925
3137 4223 4533 5340 5960 6426 6922 8008 8132 9217
5158 5619 6677 8288 8886 9945 10773 11877 12752 13350
5553 5788 7528 8468 8609 9738 10960 11430 12277 13734
4183 4831 5371 6092 6776 7425 8001 8721 9694 10594
5606 6207 7807 9008 9708 10409 11209 12859 13410 14160
3984 4960 5740 7028 7730 8160 9135 9798 10579 10969
4955 6573 6867 8338 9514 9955 11475 12210 13387 14661
1423 1567 1879 2072 2288 2432 2673 2985 3310 3442
5102 5985 7259 7848 9416 10201 11377 11965 13044 14318
4349 5339 6888 7275 8608 8608 10329 10630 11405 12437
4148 4605 5479 6354 6924 7761 8407 9395 10308 11372
4606 5527 6585 7598 8380 9485 10681 11141 12844 13166
4300 4719 5555 6772 7228 7837 8521 9281 10612 11220
2831 3382 3757 4308 4683 5509 5909 6509 6885 7160
2464 2884 3157 3473 3872 4272 4650 5428 5785 5911
4224 4521 5668 6594 6853 8149 8815 9185 9815 10444
4150 5076 5668 6446 7186 7482 8149 9629 10037 10592
5412 6352 6587 7528 9314 9408 10913 11477 13170 13358
1420 1967 2177 2248 2724 2977 3285 3523 3804 4140
4865 6027 6027 7146 7920 8608 10329 10802 11663 12050
5081 5468 6758 7060 8350 8909 10071 11103 11448 12695
1435 1495 1855 2060 2396 2456 2661 3045 3370 3574
2404 2735 3109 3836 3990 4585 5289 5289 6016 6566
4475 5091 6486 6814 7921 8290 9521 10177 11408 11490
2375 3020 3688 3964 4470 4747 5207 5805 6128 6749
2625 2713 3285 3880 3968 4409 4893 5399 5950 6192
1895 1927 2439 2840 2888 3401 3833 4137 4202 4554
2513 3043 3365 3987 4286 4816 5391 5621 6289 6450
5411 6305 7339 7810 8844 10302 11054 11665 12277 13405
3270 4039 4647 5384 6280 6633 7433 7945 8874 9546
2337 2611 3346 3494 4103 4608 4944 5406 5785 5932
5129 6117 7481 7669 8515 9550 11007 11806 12935 13217
1740 2251 2472 2915 3289 3749 4072 4208 4719 5059
4374 5089 5971 7274 7652 8577 9711 10635 11770 12400
3577 3817 4297 5168 5678 6159 6819 7239 7840 8650
4998 6247 7111 8456 9560 9897 10905 11721 12778 13786
2698 2928 3503 3757 4240 4747 5506 5805 6197 6772
2490 3227 3526 4010 4286 4839 5299 5897 6197 6542
2706 3232 3607 4358 4558 5084 5709 6209 6510 7285
4086 5127 6087 6928 7688 8769 9209 10009 10970 11930
4349 5683 6802 7189 7834 8694 9813 11147 11663 12910
4706 5647 6634 8186 9032 9973 10631 11760 12324 13499
3686 4071 4711 5480 6376 7017 7689 7881 8746 9130
1157 1287 1467 1758 1808 2159 2369 2439 2620 3010
4111 4687 5119 6092 6776 7857 7929 8757 9514 10378
2625 2911 3197 3836 4386 4849 4981 5729 5950 6302
2077 2287 2895 3181 3618 3846 4512 4778 5216 5577
1807 1957 2182 2408 2918 3039 3444 3759 4030 4225
4753 6258 6634 7622 8750 10208 10396 12183 12794 13264
1641 1807 2302 2648 2843 3099 3324 3880 3955 4510
1842 2185 2563 2888 3591 3915 4095 4546 4690 5302
1807 1822 2122 2408 2858 3159 3339 3775 4030 4285
3815 4007 4839 5224 6024 7017 7305 8201 8682 9258
2781 3357 3933 4333 4583 5008 5684 6384 6735 7335
5593 6328 6867 8338 9563 10005 11328 12161 12995 13877
5081 5425 6672 7146 8092 9254 9813 10974 11276 12437
3930 4651 5732 6272 7064 7857 8649 8829 9442 10162
4410 4484 5594 6187 7038 8112 8445 9629 9778 10925
4804 5378 5952 7183 7839 8660 9439 10095 10793 11818
3706 4447 5335 6076 6927 7705 8482 9111 10074 10555
2382 2691 3439 3946 4298 4783 5091 5333 5972 6456
5082 5694 7433 8280 8797 9784 11242 12088 12606 14063
3996 4871 5555 6354 7152 7609 9091 9624 9928 10916
4218 4882 6170 6482 7652 7964 8706 9993 10501 11710
4246 5087 6208 6928 7648 8649 9049 9729 10450 11290
1762 2002 2272 2678 2768 3309 3324 3609 4120 4495
3199 4099 4378 5402 5867 6364 6829 7449 8380 8752
4023 5467 5896 6365 7418 8316 8628 10032 10384 11476
5102 6279 7553 8583 9661 10495 11720 12112 12798 14710
5182 6172 6982 7298 8108 9594 10719 10809 12475 12745
2506 2926 2947 3788 4061 4482 4944 5385 5827 5932
1316 1514 1668 1778 2208 2396 2517 2825 3079 3156
2807 3082 3532 4108 4858 5134 5934 6009 6685 7260
3440 4597 4971 6094 6434 7319 8033 8781 9224 10074
3066 3937 4807 5258 5798 6579 6969 7719 8110 8890
4300 5175 5935 6354 7532 8103 8825 9547 9965 11258
2550 3007 3439 3848 4376 4833 5625 5986 6346 6778
1536 1882 2167 2558 2948 3249 3504 3669 3925 4405
4219 4399 5047 5804 7100 7497 8649 8649 10090 10558
3916 4257 5039 5822 6230 7387 7965 8849 9530 9870
2337 2947 3115 3515 3809 4230 5028 5154 5491 6079
2020 2496 2838 3105 3770 3885 4227 4759 5197 5520
5506 6657 7257 8358 9408 10208 11609 12809 13310 15010
1842 2387 2694 2949 3408 3408 3800 4140 4736 4889
2337 2590 3305 3431 4019 4608 4671 5112 5512 6247
5004 6328 7161 8387 9514 10005 10838 11965 12946 14171
4995 5468 6070 7146 7963 9426 9598 10975 11706 12093
3385 3882 4502 5340 6208 6395 7387 7480 8318 8876
3238 3943 4551 5256 5896 6985 7081 8298 8458 9002
4710 5131 6265 7316 7904 8576 10089 10887 10972 12568
4478 5984 6802 7318 8135 8608 9985 11103 11792 12179
3590 4391 4647 5768 6184 6472 7369 7721 8650 9130
4434 5009 5870 6691 7593 8496 9439 10300 10916 12310
2895 3706 3895 4490 5219 5652 6327 6624 7327 8083
1397 1619 1905 2244 2569 2830 3038 3311 3533 3650
5435 6171 6447 7828 8748 9301 10497 11371 12292 13120
5347 6720 7750 8191 9416 10397 10789 11769 13534 13779
5622 6487 7447 8072 9416 10425 11097 12345 12730 13498
1166 1267 1507 1788 1958 2189 2219 2599 2780 2880
6007 6407 7257 8058 9508 11009 11659 12609 13610 14160
2406 3223 3535 4064 4760 4953 5457 6057 6634 7210
2806 3563 4347 5048 5412 5777 6169 7177 7710 8214
3416 4099 4688 5340 6208 6488 7263 7697 8256 8752
3664 4347 4595 5278 6084 6767 6953 7976 8659 8814
4349 5597 6500 7705 7748 8910 9813 11146 11878 12910
3193 3544 3949 4652 5057 5733 6246 6840 7084 7921
3086 3647 4179 4768 5188 6085 6533 6869 7486 8046
2706 3382 3882 4233 4958 5008 5759 6209 6985 7285
2148 2821 2968 3515 4145 4356 4860 5154 5617 6100
5082 6587 7057 7904 8985 10208 11289 12135 12512 13264
4516 5009 5993 6896 7593 8414 9111 10054 11203 12105
4229 5337 6116 6937 7716 8742 9808 10300 10752 12146
4767 5047 6167 7088 7808 8288 9529 10049 10850 11530
3727 4099 4502 5092 6208 6581 6860 8069 8287 8876
3950 4529 4835 5720 6468 7217 8169 8849 8952 9904
3292 3727 4564 5185 5867 6519 7263 7790 8256 9279
1762 1957 2317 2453 3008 3099 3369 3684 4150 4225
2866 3569 3725 4272 4766 5365 6145 6744 6796 7706
4087 4733 5345 5618 6638 7387 8067 8543 8849 9870
3891 4817 5669 6002 6816 7446 8260 9593 9704 10814
4349 5210 6070 7060 8522 9168 9684 10544 11491 12781
3306 4165 5222 5354 6278 7104 7731 8325 9217 9481
3109 4038 4444 5228 5576 5983 6679 7346 7666 8130
3306 4066 5255 5915 5981 6939 7269 8028 8920 9811
1266 1687 1687 2036 2264 2577 2709 3106 3154 3526
3306 4027 4808 5138 5648 6279 6969 7209 7810 8410
5129 6070 7104 8045 8656 10067 10490 11618 12512 13734
4087 4155 5312 5652 6128 7387 7897 8441 9156 9700
3769 3967 4792 5882 5981 7038 7434 8061 8821 9745
3166 3490 4219 4706 5165 5895 6138 6975 7056 7786
1139 1426 1713 1801 2120 2319 2583 2660 2925 3277
2718 3319 3775 4256 4640 4904 5433 6177 6610 7114
3751 4207 4942 6063 6518 7534 7884 8724 9285 10300
1272 1404 1591 1823 2043 2352 2462 2803 3002 3310
4296 4921 6052 7028 7574 8120 9369 9837 10227 11710
3646 4522 5362 6133 6448 7359 7814 8689 9705 10405
2106 2547 2847 3288 3728 4089 4689 4949 5430 5870
3372 4165 5222 5420 6146 6774 7368 8028 8656 9844
2583 2928 3227 3711 4171 4678 5345 5598 6450 6611
1717 1852 2107 2453 2948 3008 3609 3714 4060 4510
2788 3439 3777 4376 5078 5469 6119 6718 6874 7342
4804 4927 6239 6896 7675 8332 9029 10341 10957 11941
4148 5289 6012 6126 7266 7798 8635 9395 10346 11258
2286 2807 3148 3348 3828 4189 4429 4849 5290 5910
5334 6103 7303 7736 9560 10425 11289 12249 12730 14410
3270 4103 5031 5704 5864 6633 7209 8105 8938 9418
3486 3757 4447 5378 5738 6248 7089 7359 8320 8980
3867 4264 5155 5849 6608 7203 7368 8457 9118 9613
2149 2347 2725 3050 3464 3915 4203 4419 4689 5374
1183 1349 1569 1933 2197 2319 2616 2726 3068 3200
3945 5272 5779 6443 7379 7808 9369 10150 10657 11437
1945 2370 2404 2847 3068 3545 3749 4106 4566 4804
1490 1757 2149 2374 2640 3047 3313 3509 3804 4140
2895 3652 4165 4706 5138 5516 6408 6975 7300 7840
2407 2507 2907 3408 3768 4349 4689 5029 5370 5690
3751 4382 5608 5958 6903 7499 7744 8584 9320 10265
1687 1687 2107 2318 2640 3047 3145 3649 3846 4112
4516 5337 5870 6855 7716 8988 9029 10546 11408 11982
1306 1658 1866 2114 2609 2713 2882 3364 3442 3793
3216 3847 4808 5408 5468 6038 7089 7419 8350 8590
2514 3087 3307 3836 4188 4518 5047 5575 6060 6258
2718 2959 3727 4040 4520 5049 5625 6105 6274 7162
4753 6258 6963 8421 8703 10067 10443 11806 12277 13170
2506 2800 3304 3431 4124 4229 4692 5112 5827 6163
3366 3847 4615 5416 6152 6729 7561 8009 8938 9162
1560 1827 2191 2360 2738 3089 3327 3523 3748 4168
2287 2458 2724 3067 3485 3885 4284 4759 5197 5691
2559 3021 3153 3726 4144 4431 4981 5509 5730 6456
1435 1543 1831 2024 2360 2529 2733 2913 3262 3454
3934 4495 4858 5849 6509 6939 7467 8325 9118 9481
2922 3328 3976 4463 5057 5868 6165 6867 7489 7948
4086 4847 5767 6608 7448 8009 9089 10130 10490 11610
1117 1525 1668 1768 2208 2208 2616 2836 3057 3310
4731 5902 6397 7568 8243 9909 10044 11349 12475 13510
4570 5272 5506 6365 7223 8238 9174 9720 10696 11671
4349 5425 6371 7232 8608 9383 10157 10630 11749 12523
4406 5407 6247 6648 7848 8809 9289 9969 10890 11730
5407 5992 7118 7433 8153 9234 9999 10809 12385 13330
2464 2863 3094 3368 3956 4314 4881 5238 5701 5890
2467 2859 3527 4033 4194 4678 5207 5644 6381 6473
1574 1701 2177 2458 2598 2963 3145 3481 3762 4196
5102 6083 7357 8240 9808 10348 11573 12063 13093 14612
4225 4595 5261 6335 7297 8038 8260 9296 9852 10481
2974 3563 4151 4908 5608 6141 6533 7205 7317 8382
3101 3127 4168 4350 4870 5339 6119 6665 6848 7524
1207 1257 1427 1618 1818 2049 2219 2449 2720 3000
3366 3757 4387 5108 5888 6339 7119 7569 8020 8650
2767 3112 3388 4102 4148 4839 5299 5736 6266 6496
3171 3591 4235 4824 5272 5693 6589 6841 7430 7878
3768 4462 4792 5585 6278 6674 7797 8424 9184 9613
3542 4393 5243 5958 6162 7489 7829 8475 9394 9530
5907 6107 7908 8508 9308 11009 11459 12359 13860 14160
4911 5632 7208 7433 8423 9909 10269 11575 11755 12610
1139 1514 1668 1911 2164 2274 2605 2792 3079 3112
5124 5640 6414 6974 8608 8996 9727 10329 11706 12222
2628 3204 3273 3849 4309 5046 5161 5736 6312 6726
4023 5155 6248 6638 7184 8277 8784 10071 10735 11242
4150 4965 5705 5964 7260 7853 8889 9481 10037 10962
1462 1775 1866 2192 2387 2843 2999 3350 3442 3845
4866 5587 6577 7703 9008 9909 10359 11664 12160 12655
2944 3465 3725 4558 5130 5469 6041 6249 7290 7394
2632 3361 3803 4584 4844 5234 6223 6535 6874 7810
2020 2534 2705 3124 3523 4151 4417 4740 4969 5520
4609 5272 5857 6950 7067 8003 8745 10032 10696 11086
1475 1658 2009 2205 2569 2843 3129 3168 3559 3689
1183 1470 1547 1977 2197 2275 2605 2803 2925 3123
2956 3132 3882 4383 4858 5058 5759 6459 6885 7510
1238 1492 1768 1801 2208 2241 2627 2682 3013 3167
4374 5155 6091 6716 7457 8394 9369 10032 10423 11242
3302 3911 4839 5768 5832 6889 7465 8073 8330 9258
5223 5788 7104 8468 8468 10208 10490 11336 12512 14016
3576 4393 4767 5958 6604 7081 7489 8645 9326 9836
1670 2151 2375 2776 3160 3321 3721 3913 4442 4506
3966 4615 5371 6200 6812 7857 8397 9189 9478 10090
4693 5984 6672 6931 7920 8694 9469 11060 12007 12867
3405 4297 4825 5882 6608 6840 7764 8490 8788 9382
4710 5761 5929 7400 8324 9165 9879 10467 11518 12610
4434 5009 6281 7101 7880 8250 9398 9890 10711 12023
1654 2119 2359 2824 2952 3256 3641 4137 4442 4714
2631 3457 3983 4308 4583 5158 5759 6484 6710 7260
5606 6457 7307 8008 9708 10459 11759 12159 13760 14460
2698 2767 3526 3688 4562 4977 5529 5552 6059 6588
3487 3661 4618 5199 5518 5953 6534 7375 7724 8536
3882 4461 5379 5822 6672 6910 8033 8577 9292 9904
3958 4605 5859 6468 6924 7799 8711 9775 10536 11372
2631 3182 3682 4258 4558 5309 5834 6159 6835 7185
4327 4399 5479 6452 7028 7497 8145 9369 9405 10666
3678 4831 5299 5804 6848 7605 7965 9370 9982 10414
3847 3879 4935 5320 5992 6537 7113 8105 8618 9610
1574 1855 2135 2416 2598 3075 3341 3425 3832 4028
3101 3439 4089 4324 5208 5729 5755 6483 6952 7550
1910 2268 2540 3000 3408 3476 3749 4327 4770 4940
1254 1603 1711 2060 2300 2601 2721 2937 3226 3442
2130 2509 2797 3140 3554 3951 4077 4599 5050 5176
3882 5099 5935 6696 7266 8217 8863 9471 10536 10992
2787 3571 4003 4463 5273 5409 6030 6624 7111 7597
5129 5835 7434 8092 8891 9597 10819 11477 13123 13264
4845 5501 6116 6896 7388 8865 9234 10628 11039 11777
2464 2821 3094 3767 3830 4398 4671 5112 5533 6163
4039 5187 5261 6631 6964 7705 8593 9222 10037 10555
4087 4325 4767 6128 6332 7353 7523 8782 8918 9734
3238 3975 4839 5224 6312 6633 7465 7881 8842 9066
3782 4167 4967 5640 6248 6696 7465 7913 8810 9578
5317 5812 6847 7433 8603 9369 10674 11484 11845 12610
4207 4837 5082 6308 7008 7113 8234 9109 9249 10125
4110 5251 5403 6848 6924 7685 9015 9471 9928 10650
2454 2935 3703 4016 4736 5121 5529 5817 6706 6802
1814 1975 2407 2840 3080 3240 3769 4105 4394 4794
3002 3871 4291 4684 5300 6001 6505 7289 7822 8298
3906 5194 6014 6872 7145 8160 9369 9525 10150 10969
2360 3043 3483 3572 4320 4585 5289 5289 5972 6478
4434 5501 5788 7060 7511 8619 9070 9931 11408 11572
4698 6309 6723 7690 8610 9991 10819 11279 12890 13580
5756 6807 7557 8158 9508 10709 11659 12759 13160 14660
5181 5992 7163 7703 8693 9143 10584 11619 11800 12745
2598 2959 3824 4160 4760 5145 5673 5937 6562 6874
1630 1687 2163 2304 2780 3047 3369 3439 3860 3986
1332 1619 1827 2283 2348 2804 3051 3194 3546 3858
2839 2887 3559 4280 4376 4977 5673 6153 6538 6826
4491 5233 6013 6326 7535 8550 8589 10149 10501 11476
3817 5039 5520 5965 6742 7594 8704 9296 9889 10814
2166 2727 2807 3348 3988 4149 4609 4969 5390 5990
4110 4947 5669 6544 6848 8293 9129 9585 9890 11144
1859 2353 2506 2762 3374 3528 3885 4174 4770 5110
5553 6493 7104 7763 8515 10302 10396 12088 12230 13640
1239 1382 1547 1944 2032 2264 2572 2660 2903 3178
2191 2591 2914 3390 3694 4132 4303 4778 4949 5463
4492 5233 5779 6794 7574 8082 8745 9954 10267 11086
4566 5247 5607 7128 7328 8449 9569 10009 11090 11450
1521 1822 2242 2678 2843 3219 3549 3834 4015 4330
2337 2884 3199 3788 3998 4503 4734 5469 5890 5974
3030 3367 4151 5020 5440 5917 6533 7233 7542 8158
2767 3199 3655 3944 4616 4929 5481 6009 6706 6778
4882 5573 7368 7874 8932 9577 10129 11187 12200 13074
3137 3758 4875 5402 5774 6426 6829 8008 8380 9031
1116 1367 1588 1738 1928 2028 2219 2419 2670 2950
3385 3882 4906 5216 5929 6674 7263 7759 8628 8690
4002 4939 5335 6488 7100 7280 8073 8757 9730 10774
5298 6034 7259 8240 9710 10201 11132 12406 13583 13779
2186 2647 3127 3328 3648 4309 4789 4829 5530 5710
2756 3032 3682 4058 5008 5434 5934 6509 6985 7160
1644 1883 2247 2402 2654 2850 3313 3467 3916 4196
3138 3864 4125 4677 5228 5866 6969 7521 8072 8681
2443 2758 3326 3704 3809 4313 4797 5259 5848 5953
3577 4207 4597 5198 5858 6159 6939 7419 7810 8410
5706 6107 7757 8508 9908 10309 11009 12909 13310 14510
5347 5936 7848 8583 9073 10740 11132 12553 13632 13730
1205 1514 1745 1889 1988 2318 2638 2814 3079 3255
1462 1883 2192 2332 2584 2809 3131 3509 3692 4154
5767 6583 7399 8072 9032 9752 10713 11817 13018 14122
2814 3257 3777 4402 4792 5260 6223 6639 7212 7602
1086 1247 1447 1728 1858 2028 2409 2580 2800 2840
3339 3395 4347 4712 5328 5664 6477 6953 7598 8214
3367 3535 4207 4964 5384 6029 6365 7009 7430 7850
2274 2863 3262 3389 3998 4482 4713 5470 5596 6058
2949 3544 4057 4706 5300 5517 5949 6867 7354 7624
4336 4928 5668 6002 6964 7890 8556 8926 9852 10740
2169 2695 3368 3389 4166 4629 4797 5301 5785 5932
3216 3967 4597 4898 5498 6519 7029 7719 8020 8620
3540 4223 4843 5371 5898 6519 7015 7914 8380 9093
5388 6309 7229 8150 9162 9392 10727 11325 12245 13626
4076 4817 5224 6483 7371 8038 8260 9370 9741 10999
1581 2077 2302 2663 2888 3204 3489 3774 3909 4375
4311 5706 6321 6978 7880 8414 9111 10177 11449 11654
3254 4009 4386 5054 5315 6070 6563 7143 7811 8130
1423 1658 2061 2218 2426 2856 3025 3311 3507 3897
3646 4767 5503 5643 6553 7289 8374 8584 9775 9950
1673 1813 2037 2528 2724 2808 3089 3369 3762 4112
2268 2382 2781 3162 3542 4094 4550 4721 5311 5615
2421 3089 3411 4125 4608 4839 5161 5736 6174 6473
3541 4312 5187 5748 6448 7324 8234 8760 9425 9880
3334 4359 4615 5224 6376 6921 7433 8137 8810 9194
2058 2553 3048 3181 3618 3961 4341 4854 5026 5368
1567 1606 2022 2244 2608 2608 3129 3298 3442 3728
3186 3847 4327 5348 5888 6158 6999 7629 8380 8770
2970 3491 3803 4428 4766 5260 5937 6743 7290 7758
4516 5542 6157 6609 8167 8988 9726 10177 10670 11736
2422 2674 3178 3410 4082 4524 4797 5070 5491 6142
4219 4327 5263 6092 6848 7461 8325 9190 9586 10090
3112 3247 3949 4382 4895 5841 6408 6597 7543 7597
1306 1645 1983 2101 2348 2843 2921 3312 3546 3754
4567 5061 5974 6658 6962 7608 8597 9243 9890 11106
1227 1448 1768 1801 2054 2242 2429 2693 2958 3178
5142 6103 6775 8024 8744 10473 11097 12298 12538 13786
1718 2135 2504 2632 3128 3321 3593 4041 4426 4522
2153 2496 2933 3390 3751 4094 4303 4854 5235 5444
4752 5425 5887 6938 8282 8871 9627 10677 11728 12064
4326 5567 6367 6968 7688 8248 9569 10329 10770 11450
2115 2553 3028 3371 3789 3922 4569 4854 5330 5406
5957 6007 7407 8558 9658 10659 11559 12509 13310 14310
3006 3967 4627 4958 5708 6339 6999 7299 8200 8980
2574 2887 3776 3896 4352 5001 5481 5841 6298 6778
4506 5677 6487 7568 8873 9594 10134 11350 12025 12610
3311 3871 4375 4516 5524 5720 6309 6869 7654 8018
3101 3153 3777 4402 5156 5286 5937 6613 7160 7732
4847 5929 7246 8374 8656 10349 10678 11430 12277 13593
5023 5419 6607 7312 8588 8985 9909 10701 12198 12374
1541 1671 2062 2257 2426 2647 2934 3376 3455 3858
2327 2427 3107 3448 3768 4249 4549 5149 5390 5610
4261 4595 5854 6631 7038 7927 8260 8963 10370 10555
1766 2103 2407 2712 3176 3288 3769 4121 4202 4650
3114 3423 4348 5048 5188 5749 6673 6785 7346 7850
4866 6127 6442 7748 8918 9864 10584 10989 12565 13465
2190 2926 3325 3494 4061 4419 5007 5427 5511 6289
5053 6426 7210 8191 9416 10642 10887 11818 13534 14122
2490 2997 3365 3688 4401 4655 5069 5713 5990 6818
1574 1925 2149 2388 2738 2977 3159 3649 3734 4042
4845 5132 6321 6650 8167 9029 9808 10054 10834 11859
1814 2023 2263 2600 3128 3305 3721 4122 4346 4538
4306 5511 6759 7017 8006 9168 10200 10415 11190 12050
4188 5050 6445 6609 8003 8701 9111 10054 11039 12064
5388 6079 6631 7598 9024 10129 10957 11739 12614 13166
2694 3079 3655 4112 4544 4977 5433 5913 6442 6994
4076 4891 5668 5928 7223 8112 8297 9111 10074 10629
2190 2653 3094 3410 3935 4524 4776 5259 5617 6100
1205 1437 1757 1823 2186 2385 2484 2682 3046 3233
4410 5187 5483 6409 7186 7408 8186 9259 9778 10962
4374 5635 6476 7064 7694 8535 9711 10089 11098 11812
3558 4007 4871 5320 5896 6921 7529 8330 8586 9002
5494 5985 7700 8093 9563 10348 11769 12308 13681 13779
4710 5131 5887 7316 8072 8997 10089 10299 11308 12400
5199 5771 6959 7444 8280 9425 10173 10701 11670 13210
1086 1257 1467 1768 1918 2209 2249 2610 2630 2860
4224 4681 5745 6506 7570 8103 8977 9509 10346 11258
4034 5213 5936 6088 7114 7685 8863 9395 10194 10878
3170 3619 4488 4992 5076 5833 6477 7093 7346 8102
3517 3607 4447 5288 5468 6399 6939 7299 8350 8650
2526 2935 3367 4016 4736 5169 5337 6009 6490 6778
2246 2787 2847 3268 4008 4389 4529 4809 5490 5790
3822 4399 5371 6380 6848 7677 8505 8973 9406 10774
1086 1387 1537 1768 1978 2059 2269 2429 2770 2810
1448 1813 2164 2304 2654 2879 3341 3467 3762 3958
3634 3944 4906 5402 5743 6550 7015 7945 8163 8907
4908 5425 6285 7705 8049 8910 10028 10888 12050 12050
5005 5341 6601 7106 7988 8913 10089 10719 11476 12106
1150 1349 1624 1933 2131 2308 2528 2814 3046 3145
1420 1771 2234 2290 2766 2991 3145 3537 3804 4182
3926 4907 5187 6063 6728 7429 8409 8549 9705 10160
4606 5327 6367 6408 7888 8529 8929 10169 10850 11770
2287 2306 2781 3428 3447 4056 4189 4569 5235 5634
2352 2997 3619 3941 4309 5046 5092 5690 6427 6519
1574 1757 2191 2290 2738 2864 3159 3551 3874 4140
4710 5761 6475 6728 7610 9207 9963 10299 11224 12484
2352 2997 3342 3780 4424 4770 5115 5713 6036 6818
2814 3127 3985 4584 4922 5625 5937 6691 6770 7550
4262 5023 6050 6278 7456 8179 8711 9319 10270 10954
1436 1593 1853 2101 2426 2869 3077 3155 3481 3819
5671 6103 7111 8024 9032 9849 11529 11865 12586 13978
5256 6657 7457 8058 9208 10109 11909 12259 13160 14610
1177 1407 1487 1798 1828 2049 2229 2439 2640 2950
1332 1658 1905 2179 2400 2869 3038 3325 3442 3663
3051 3661 4444 4938 5286 6041 6882 7317 8101 8420
4800 6540 6728 7998 9267 9691 10772 11853 13029 13405
1116 1317 1487 1748 2008 2209 2249 2539 2620 2820
4846 5815 6607 7268 8456 9645 10569 11053 11449 13166
2698 2928 3434 4056 4401 4885 5299 5621 6082 6749
2531 3057 3732 4083 4783 5459 5834 6384 6860 7335
1350 1471 1711 2096 2336 2565 2889 2973 3298 3586
1718 1927 2423 2664 3176 3417 3769 4057 4378 4538
3743 5076 5483 6076 6779 7816 8445 9333 10000 10925
5389 6033 6585 8196 8518 9945 10635 11923 12154 13166
2172 2306 2914 3162 3713 3923 4550 4569 5254 5653
3397 3907 4417 4838 5978 6009 6729 7569 8050 8560
3916 4461 5379 5550 6604 7012 7489 8713 9394 10210
4566 5287 6367 6968 7888 8769 8929 10089 11130 11610
4086 5407 6127 6808 7968 8569 9529 10409 10489 11730
4246 5287 6007 6928 7208 8169 8969 10209 10970 11650
5037 5554 6113 7318 8393 8909 10286 10974 11921 12566
3686 4455 4935 5736 6152 6568 7593 8137 8682 9418
3706 4965 5483 6261 6779 7668 8852 9518 9889 11073
4072 4681 5669 6810 7304 8293 9091 9585 10308 11372
3702 4429 4660 5816 6476 6707 7665 8127 8986 9877
1327 1349 1624 1768 2153 2220 2484 2715 2936 3178
4529 5137 5441 6430 7000 8179 9015 9433 10650 10650
3806 4795 5631 6810 6886 8103 9129 9509 10308 11334
3891 4743 5594 6409 6890 7964 8815 8889 10259 10407
1932 2311 2545 3122 3554 3789 4185 4455 4906 5392
1757 2047 2421 2915 3289 3409 4004 4311 4549 5025
5038 5726 6630 7361 8006 8824 9555 10458 11319 12050
4301 4757 6012 6126 6848 7685 8407 9205 10574 11182
1581 1942 2408 2453 2963 3099 3339 3895 3910 4495
1927 2268 2591 2847 3408 3596 3919 4293 4634 4991
1687 1925 2065 2318 2612 2808 3215 3594 3692 3972
2840 3647 3959 4688 4896 5573 6145 6717 7290 7550
4415 4947 5441 6468 7304 7646 8483 9585 10536 11258
1294 1547 1635 1867 2021 2286 2440 2726 2969 3211
5592 6426 7406 8191 9318 10152 11475 11867 13436 14661
1260 1514 1745 1955 2175 2407 2429 2869 2935 3277
5838 6867 7406 8436 9465 10200 11720 12210 13191 13975
5622 6391 7063 8456 9224 9944 10617 12249 13450 14026
1588 1883 1995 2332 2752 2907 3257 3397 3902 3986
3167 3980 4386 4648 5779 6215 6737 7259 7782 8623
3339 4066 4825 5915 6179 6873 7566 8292 9217 9349
1488 1762 1827 2192 2517 2856 2921 3298 3494 3715
2670 3103 3703 4088 4424 4953 5481 5865 6418 7066
4500 5551 5929 7064 7694 8451 9543 10468 11224 11938
3405 4264 5122 5321 6179 7236 7599 7929 9250 9811
2211 2515 2972 3238 3485 3942 4493 4569 5140 5330
1206 1471 1699 2096 2288 2637 2817 3057 3262 3370
2421 2951 3665 3734 4470 5046 5322 5598 6197 6634
2839 3151 3583 3848 4352 4905 5553 6178 6466 6754
4670 5639 7003 7928 8676 9381 10085 11273 11713 13078
5156 6457 7057 8808 9508 10008 11459 12409 13360 14860
1423 1651 1831 2048 2300 2553 2817 3117 3202 3394
3678 4651 5371 6092 6956 7929 8109 8865 9550 10414
4762 5665 6567 6814 7798 8906 9808 10218 11162 11777
1747 2047 2408 2573 2888 3083 3564 3654 3985 4285
1490 1883 2191 2430 2682 3019 3145 3579 3832 3958
2106 2947 3073 3641 3872 4293 4713 5196 5743 6268
2622 2959 3487 3968 4592 4905 5553 6057 6562 7066
5719 5767 7111 7976 8984 9608 11433 12201 13306 13498
3634 4285 4533 5030 6146 6332 6891 7480 8690 9186
4607 5812 6888 7404 8479 9168 9598 10673 11706 12265
5430 6343 6919 8168 8936 9993 11289 12297 12538 14410
4500 5047 5929 7400 8324 8744 10005 10929 11644 12442
4908 5855 6285 7017 8221 9254 10114 10501 12007 12652
1172 1492 1591 1966 2197 2275 2484 2737 2914 3244
4670 5287 6783 7444 8632 9117 10481 10745 11538 13078
5112 5987 6769 7920 8472 10037 10267 11509 12384 13580
3405 4264 5221 5783 6377 7236 7533 8556 9118 9580
3602 4068 4843 5495 5681 6332 7418 7976 8535 9000
5094 6487 6871 7976 8936 9657 10809 11625 13210 14122
2347 2467 2987 3248 3668 4109 4769 4929 5490 5990
1723 2319 2710 3034 3374 3544 4038 4225 4719 4991
4641 6082 6667 7703 8108 9189 10764 11214 11845 13015
3928 4484 5446 6631 7297 7408 8445 9370 10222 11036
4951 5769 6070 6888 8307 8953 10114 11017 11878 12523
1896 2509 2581 2978 3482 3735 4059 4690 4780 5104
4298 4484 5631 6668 6742 7890 8482 9407 10296 10666
3622 4295 4775 5384 6184 6568 7561 8073 8970 9226
3371 3661 4183 5170 5257 6331 6795 7201 7869 8217
3610 4155 5312 5584 6162 7387 7659 8305 9428 9734
1106 1397 1457 1728 1978 2189 2249 2489 2710 2850
5287 5903 6739 7180 8192 8940 9865 10657 12198 12946
2651 3158 3388 3918 4309 4608 5529 5943 6197 6542
1462 1593 1879 2244 2413 2830 3103 3233 3598 3780
3474 4461 4971 5652 6672 7489 7965 8849 8986 10074
3665 4285 4409 5464 5619 6395 7325 7759 8287 9124
4453 4833 6050 6278 7456 8255 8559 9699 10308 10726
4886 5214 6568 7142 7388 8372 9398 10587 11285 11531
2632 3127 3751 4298 4870 5417 5911 6770 7264 7498
3571 3975 4905 5588 6053 6736 7356 7573 8287 9000
4053 4087 5107 5584 6196 7217 8033 8271 9292 9734
2762 3335 3933 4558 5130 5260 5937 6718 6874 7446
5204 6263 6723 7368 8380 9899 11049 11923 12752 13580
3003 3328 4111 4625 5057 5895 6165 6732 7057 7651
2306 2447 2827 3348 3708 4349 4789 5210 5330 5810
1436 1697 2048 2179 2413 2778 3116 3389 3403 3715
4693 5640 6844 7705 8221 8996 9942 10415 11792 12781
3510 3913 4626 5123 5836 6519 6829 7511 8442 8752
5200 6818 7259 7946 9073 10740 11132 12455 13681 14318
