1000 10 10
168 33 52 44 57 38 26 60 89 93 25 0 168
157 99 80 30 60 98 94 40 94 75 94 0 157
130 42 25 73 60 63 67 40 99 92 79 0 130
132 78 84 38 74 44 58 35 78 33 23 0 132
165 74 82 53 96 83 41 47 56 80 58 0 165
158 45 62 91 43 59 51 50 54 84 32 0 158
137 23 34 32 50 66 49 35 77 35 72 0 137
105 35 91 64 81 78 36 48 71 33 59 0 105
131 37 35 99 94 76 84 55 66 99 54 0 131
117 70 26 94 39 92 61 26 55 51 29 0 117
129 65 58 57 84 57 75 58 88 57 65 0 129
164 38 56 20 94 74 97 70 99 60 52 0 164
107 59 79 44 51 30 34 46 59 32 54 0 107
158 65 26 56 36 42 44 54 29 41 73 0 158
186 37 32 79 50 69 81 23 85 33 26 0 186
187 88 50 28 92 99 30 58 49 54 29 0 187
190 22 58 20 44 33 72 57 62 85 68 0 190
127 62 94 93 69 97 49 72 72 61 50 0 127
180 61 30 92 52 33 32 61 68 56 96 0 180
142 26 68 71 62 85 74 65 23 37 73 0 142
131 37 93 56 51 93 98 96 51 45 62 0 131
132 53 86 42 47 33 24 62 71 37 65 0 132
176 100 72 40 87 60 100 92 50 93 72 0 176
142 57 77 81 85 36 77 48 30 24 42 0 142
140 35 68 65 91 62 78 98 44 23 70 0 140
125 82 85 83 99 26 26 72 56 50 22 0 125
188 66 69 60 34 60 26 45 24 78 84 0 188
123 73 76 87 46 77 38 43 73 61 77 0 123
194 84 71 89 88 39 87 26 65 69 31 0 194
174 59 90 78 24 98 96 82 98 34 47 0 174
151 46 84 38 61 62 86 69 46 87 79 0 151
125 44 27 43 92 49 91 36 48 85 63 0 125
171 21 63 53 48 53 87 49 76 83 83 0 171
147 77 96 82 92 30 33 74 27 64 65 0 147
100 80 43 90 38 24 39 46 33 34 89 0 100
194 86 75 90 28 42 91 23 70 92 46 0 194
170 95 98 33 52 25 24 75 51 94 61 0 170
145 55 50 36 68 83 56 42 45 60 64 0 145
108 35 96 82 30 97 89 28 64 100 20 0 108
144 100 33 45 57 22 53 91 100 34 54 0 144
176 90 71 51 95 85 55 97 56 51 26 0 176
117 90 88 27 80 34 99 22 59 64 43 0 117
199 40 30 22 40 98 28 32 71 36 86 0 199
142 64 80 68 79 68 68 98 38 91 77 0 142
105 93 89 78 54 58 43 21 73 32 38 0 105
135 98 70 67 41 42 72 59 99 52 60 0 135
154 89 42 66 47 71 26 53 61 94 38 0 154
159 54 38 71 51 54 29 68 28 47 22 0 159
174 88 23 41 71 32 35 25 43 31 72 0 174
152 71 65 45 30 85 36 58 75 80 21 0 152
109 96 70 49 84 34 60 64 84 76 55 0 109
108 80 76 96 94 62 20 39 61 98 88 0 108
154 27 73 41 32 22 61 81 87 84 62 0 154
102 35 83 88 55 86 84 73 81 67 47 0 102
161 23 32 87 39 48 20 37 79 25 70 0 161
197 40 89 41 69 74 76 53 32 34 86 0 197
150 66 34 75 89 72 63 60 42 61 88 0 150
141 39 92 20 37 68 58 51 30 74 23 0 141
145 82 88 86 67 66 64 56 60 68 44 0 145
116 50 73 69 44 48 48 45 63 60 61 0 116
128 86 79 35 76 40 57 70 85 51 77 0 128
175 93 21 84 73 31 75 31 48 78 72 0 175
118 88 89 82 26 68 78 81 22 42 78 0 118
146 37 36 55 100 78 44 46 68 90 33 0 146
130 56 67 25 55 61 59 30 43 41 46 0 130
186 75 44 37 33 24 71 46 81 91 49 0 186
103 39 41 69 91 61 22 66 76 29 85 0 103
198 45 21 99 97 57 35 41 89 96 40 0 198
141 25 67 64 95 54 78 101 91 24 58 0 141
188 87 46 44 84 23 31 41 93 45 99 0 188
164 32 20 72 53 98 45 97 80 25 22 0 164
104 50 63 88 30 36 74 32 34 74 39 0 104
143 87 71 51 29 49 76 85 69 39 71 0 143
104 72 23 73 74 23 79 85 81 88 46 0 104
117 92 54 43 75 74 78 41 44 79 57 0 117
163 94 24 68 71 99 72 31 58 33 27 0 163
196 59 20 79 92 71 76 32 59 25 80 0 196
139 76 98 91 86 55 81 85 60 60 79 0 139
127 86 54 74 46 41 37 43 68 53 48 0 127
154 22 71 39 40 46 58 71 83 30 65 0 154
105 26 45 97 90 72 38 79 39 84 94 0 105
169 62 62 54 81 50 44 85 22 68 32 0 169
133 40 34 82 42 74 40 52 99 39 71 0 133
138 24 99 87 69 85 99 65 81 62 35 0 138
136 56 68 31 51 58 38 45 83 87 72 0 136
145 63 45 98 39 30 64 85 20 74 45 0 145
105 36 36 72 75 36 96 54 79 76 94 0 105
138 33 35 85 58 98 97 48 52 28 52 0 138
200 99 71 81 78 46 77 58 36 79 73 0 200
192 54 78 60 20 80 39 59 59 41 55 0 192
183 85 76 61 92 79 30 41 33 96 92 0 183
183 49 50 90 93 30 100 62 66 87 28 0 183
145 56 49 87 40 74 42 31 53 65 63 0 145
105 23 54 63 59 23 49 94 63 65 28 0 105
185 40 43 76 29 44 92 97 55 63 85 0 185
121 55 82 50 28 40 90 50 27 36 48 0 121
157 40 72 22 99 100 85 38 77 50 27 0 157
172 50 31 69 31 85 53 39 26 92 51 0 172
115 49 83 43 43 81 61 28 96 52 59 0 115
152 60 49 30 60 44 64 85 50 77 55 0 152
198 62 92 94 31 46 95 25 71 40 82 0 198
189 93 58 37 79 64 41 29 37 77 49 0 189
123 30 29 71 81 53 98 39 36 27 52 0 123
114 50 20 91 36 36 67 28 52 40 83 0 114
146 80 20 64 88 71 27 57 58 98 36 0 146
175 75 37 22 25 27 59 74 78 75 32 0 175
161 82 51 36 22 45 70 82 63 62 96 0 161
165 24 77 23 55 87 75 21 20 35 32 0 165
137 62 52 42 30 57 39 54 90 26 32 0 137
188 46 47 76 78 39 58 36 58 99 27 0 188
107 75 55 95 88 26 93 76 81 90 95 0 107
151 34 66 73 29 81 47 27 48 95 94 0 151
188 55 56 25 58 83 51 73 40 53 87 0 188
183 87 101 57 53 90 57 77 87 29 49 0 183
130 22 68 88 71 99 45 64 47 23 98 0 130
161 70 76 66 93 26 76 71 20 93 36 0 161
174 53 89 94 56 64 63 52 84 32 59 0 174
120 38 93 88 49 86 53 24 42 88 74 0 120
184 24 29 61 39 73 58 66 50 68 68 0 184
151 37 72 45 50 57 75 24 50 61 91 0 151
173 44 20 44 92 25 60 41 52 74 59 0 173
130 45 22 97 23 45 21 63 74 72 57 0 130
168 96 94 97 67 45 64 53 70 28 51 0 168
187 24 73 73 100 42 24 77 90 83 61 0 187
179 84 63 81 66 38 91 71 80 67 47 0 179
101 66 77 27 88 78 67 59 28 51 95 0 101
146 33 94 50 65 83 51 50 40 21 38 0 146
133 21 97 41 84 53 20 52 53 38 43 0 133
179 65 40 36 65 96 83 59 27 55 37 0 179
187 92 78 63 71 64 100 51 35 39 28 0 187
109 39 37 21 87 21 95 85 74 47 49 0 109
162 78 85 42 61 54 98 93 80 22 43 0 162
137 40 96 68 62 22 80 82 44 24 31 0 137
140 40 38 94 41 98 63 33 36 24 99 0 140
157 94 79 82 65 83 28 24 27 55 87 0 157
168 78 99 24 51 100 43 91 92 33 58 0 168
140 30 21 94 86 31 54 52 28 76 92 0 140
148 60 62 25 49 41 81 33 56 62 65 0 148
178 69 39 69 98 44 33 21 54 98 45 0 178
143 33 76 95 54 95 24 24 58 72 45 0 143
158 29 39 44 41 59 40 46 53 82 87 0 158
127 62 48 66 60 74 74 34 34 87 94 0 127
197 40 23 23 66 70 56 35 39 53 24 0 197
133 93 30 21 47 83 28 47 57 84 90 0 133
111 90 54 85 32 86 61 68 89 64 44 0 111
130 90 78 93 42 79 50 87 38 38 35 0 130
181 27 87 84 83 26 98 55 80 97 72 0 181
186 73 49 37 90 93 34 44 57 85 41 0 186
145 55 43 99 30 30 63 48 80 31 63 0 145
184 58 84 77 63 29 80 24 33 94 79 0 184
187 75 41 83 26 38 81 41 95 40 69 0 187
140 81 83 77 78 40 92 76 87 99 73 0 140
182 49 39 62 35 25 70 69 61 75 45 0 182
106 35 26 69 37 65 72 61 46 60 77 0 106
179 87 58 79 64 71 49 58 74 78 46 0 179
140 27 87 87 49 98 53 84 70 99 54 0 140
196 84 83 78 37 87 83 96 61 83 38 0 196
112 69 30 53 79 72 58 94 26 97 75 0 112
177 76 92 42 60 80 49 48 53 26 82 0 177
144 77 81 95 74 64 78 69 41 54 51 0 144
132 43 40 56 99 48 36 44 83 68 99 0 132
165 22 97 41 85 35 93 72 23 41 90 0 165
117 92 98 66 63 90 70 38 51 99 99 0 117
156 65 88 93 55 68 68 47 30 29 86 0 156
172 43 72 30 76 43 92 91 35 94 64 0 172
169 32 60 82 22 37 42 67 57 68 62 0 169
179 94 54 21 84 54 29 95 79 63 90 0 179
188 31 28 92 95 42 23 31 49 58 29 0 188
173 89 49 31 37 58 23 67 97 22 40 0 173
137 47 83 31 53 65 32 89 59 72 51 0 137
109 69 27 80 65 68 69 35 21 49 45 0 109
110 30 98 26 82 45 99 33 21 67 32 0 110
135 43 28 57 96 69 30 55 47 77 92 0 135
156 85 41 44 54 81 56 83 96 50 94 0 156
105 80 46 66 43 91 87 27 86 70 84 0 105
135 67 99 100 88 32 99 35 95 69 97 0 135
119 73 84 74 76 58 51 47 36 44 59 0 119
124 82 76 30 33 37 25 64 34 32 74 0 124
115 39 59 82 93 41 68 92 59 58 45 0 115
154 34 66 64 28 80 26 28 68 44 54 0 154
184 53 76 88 77 68 27 65 33 97 69 0 184
124 53 66 25 65 56 81 60 38 70 70 0 124
125 63 64 61 51 22 27 35 47 82 86 0 125
122 59 43 71 68 69 60 50 25 99 31 0 122
163 35 36 21 89 38 62 42 87 71 57 0 163
105 28 83 89 96 76 60 43 64 43 73 0 105
175 43 39 52 97 100 35 41 49 32 59 0 175
175 30 61 38 46 75 23 63 31 75 27 0 175
166 44 44 24 38 76 59 99 98 67 54 0 166
151 39 27 95 27 40 95 92 28 37 51 0 151
138 21 84 88 80 44 39 82 46 56 82 0 138
183 59 79 90 28 20 83 89 57 32 69 0 183
153 21 83 81 75 71 65 79 77 42 47 0 153
111 24 99 64 66 55 28 37 54 65 33 0 111
159 44 89 100 32 26 38 97 48 76 84 0 159
169 39 73 99 90 95 58 34 38 27 31 0 169
142 42 58 53 93 86 93 61 46 23 96 0 142
122 98 96 42 40 22 43 58 27 65 74 0 122
187 81 57 32 81 99 69 54 94 54 97 0 187
179 62 66 79 85 97 59 88 100 23 67 0 179
172 44 47 39 98 61 75 74 61 48 31 0 172
110 62 21 48 90 57 26 42 73 93 57 0 110
137 52 66 51 76 48 21 87 43 33 81 0 137
163 99 23 64 28 30 29 98 98 98 96 0 163
158 57 43 24 82 36 99 46 40 21 24 0 158
100 77 80 99 49 70 87 33 59 89 65 0 100
198 41 91 86 46 37 29 33 66 67 67 0 198
112 22 43 59 23 94 49 83 69 80 28 0 112
114 63 55 74 57 86 94 35 58 95 47 0 114
176 41 81 61 59 80 92 24 75 98 77 0 176
144 47 44 75 51 24 85 25 57 97 83 0 144
141 65 99 44 59 65 95 42 82 74 75 0 141
168 38 72 97 65 100 93 61 60 70 94 0 168
146 92 40 28 70 22 66 33 35 31 80 0 146
146 76 33 49 61 49 29 22 59 61 56 0 146
163 41 63 69 65 71 69 29 80 41 37 0 163
187 76 23 42 21 20 27 100 67 41 32 0 187
195 69 64 79 41 94 96 37 42 37 75 0 195
114 47 30 62 81 65 58 52 84 31 37 0 114
156 29 99 35 79 34 98 36 36 99 31 0 156
137 84 87 67 82 56 48 91 49 100 50 0 137
157 22 67 21 53 74 26 30 35 45 84 0 157
115 40 81 94 30 30 49 62 76 81 23 0 115
128 53 96 59 68 70 99 81 27 53 98 0 128
129 46 79 37 70 45 99 40 84 30 88 0 129
192 72 91 24 51 54 75 64 70 45 71 0 192
122 46 67 97 95 36 53 53 51 92 44 0 122
129 81 85 44 21 50 57 30 95 82 56 0 129
143 54 65 22 93 29 30 96 36 76 75 0 143
177 25 63 38 91 74 43 45 83 96 76 0 177
115 30 50 28 30 64 56 36 54 52 42 0 115
138 91 71 56 67 41 32 85 48 98 63 0 138
101 76 23 32 58 28 41 47 41 72 62 0 101
164 65 33 74 48 28 45 83 25 39 31 0 164
191 84 59 51 56 78 88 25 80 46 87 0 191
126 56 71 63 36 80 62 54 92 83 34 0 126
184 43 92 85 54 43 61 51 27 57 23 0 184
175 62 56 77 46 75 25 69 48 77 74 0 175
106 80 78 60 88 89 89 41 99 33 84 0 106
127 86 99 99 31 89 80 50 30 48 31 0 127
170 87 65 64 93 98 78 79 83 45 79 0 170
134 39 63 87 47 100 61 32 80 56 55 0 134
150 57 27 87 50 90 82 94 92 71 40 0 150
137 66 59 80 70 45 54 54 59 48 45 0 137
104 97 85 38 50 71 63 81 99 49 98 0 104
141 78 95 69 86 86 41 66 65 84 73 0 141
121 69 58 55 68 87 36 90 93 40 21 0 121
115 57 42 47 42 37 80 52 82 69 39 0 115
160 50 56 23 24 69 66 79 92 44 90 0 160
110 36 46 96 26 90 73 82 61 62 75 0 110
132 73 65 32 78 29 45 57 49 32 46 0 132
161 59 41 25 97 100 53 26 21 71 61 0 161
171 47 33 98 83 26 84 51 101 86 27 0 171
155 48 71 66 74 44 38 41 66 28 33 0 155
136 74 95 85 24 79 77 76 47 24 59 0 136
120 50 24 45 96 56 92 21 64 38 45 0 120
168 36 64 90 31 83 58 96 56 38 92 0 168
159 72 59 27 23 100 60 30 100 27 39 0 159
162 67 70 54 69 39 34 40 91 30 21 0 162
149 50 96 65 57 38 49 48 97 93 61 0 149
160 52 100 58 87 96 79 62 38 60 31 0 160
164 100 65 98 83 67 91 94 65 100 33 0 164
191 70 62 95 47 50 86 94 71 27 46 0 191
103 57 63 65 45 24 44 57 34 48 92 0 103
125 75 30 96 63 58 33 80 37 73 24 0 125
139 66 61 93 71 31 81 50 75 100 48 0 139
108 89 57 59 88 48 41 89 42 61 69 0 108
103 55 67 72 67 30 70 37 29 64 68 0 103
189 62 31 21 32 94 72 51 95 45 40 0 189
177 65 70 53 31 100 53 62 76 52 22 0 177
167 40 66 22 46 42 80 84 57 76 27 0 167
127 65 48 29 42 99 69 83 37 28 68 0 127
133 86 29 97 90 24 84 41 39 28 22 0 133
113 24 92 93 23 66 47 28 52 25 47 0 113
200 57 98 52 49 98 94 64 57 87 78 0 200
187 49 74 98 96 95 97 42 56 40 59 0 187
178 95 54 72 90 45 80 55 77 100 97 0 178
171 70 89 48 48 94 56 34 22 51 49 0 171
102 51 55 46 41 35 77 66 25 92 83 0 102
102 95 55 70 72 23 69 67 37 96 40 0 102
104 59 63 100 43 23 64 34 81 30 67 0 104
155 63 30 41 29 41 92 49 46 82 70 0 155
169 79 44 32 47 31 32 40 35 100 45 0 169
169 26 40 68 27 37 49 61 23 35 72 0 169
125 90 87 94 22 72 84 84 24 50 42 0 125
109 60 63 52 67 98 94 75 26 27 98 0 109
182 38 56 28 55 93 39 92 75 89 54 0 182
171 87 77 37 28 30 99 30 100 81 49 0 171
182 93 93 21 30 44 23 41 20 44 25 0 182
156 73 64 39 32 95 23 22 77 42 64 0 156
175 57 94 99 61 23 88 56 86 40 66 0 175
190 99 37 62 60 94 71 94 62 41 96 0 190
120 29 60 35 83 25 29 22 76 93 82 0 120
180 70 76 86 25 76 35 20 98 83 37 0 180
183 51 94 40 54 31 53 78 50 45 75 0 183
175 93 73 83 71 40 55 83 61 93 81 0 175
120 99 47 48 33 94 90 52 81 37 25 0 120
193 75 56 80 51 44 92 56 70 51 21 0 193
161 82 47 78 88 54 29 31 50 71 100 0 161
134 73 30 36 41 76 74 97 46 88 78 0 134
183 85 59 96 76 88 27 94 74 31 80 0 183
179 63 44 86 52 29 88 23 53 78 74 0 179
127 85 64 21 32 26 23 90 79 72 73 0 127
184 34 40 29 53 95 76 81 26 34 57 0 184
159 70 37 67 53 82 25 62 53 89 25 0 159
137 92 91 46 43 25 33 23 72 22 59 0 137
122 47 93 41 36 23 75 86 82 77 34 0 122
134 38 52 56 84 69 34 57 29 58 60 0 134
183 44 65 65 26 46 22 76 71 28 54 0 183
136 69 85 68 81 26 27 32 55 62 44 0 136
121 67 54 80 65 101 26 29 56 22 58 0 121
104 57 75 88 54 53 75 64 42 55 100 0 104
120 24 96 42 94 90 57 23 80 64 45 0 120
140 89 77 89 47 45 90 64 100 66 75 0 140
146 40 47 31 62 70 56 51 38 79 47 0 146
178 93 34 51 64 35 55 39 40 52 44 0 178
131 26 80 36 77 53 60 28 26 39 85 0 131
183 21 70 21 77 47 24 73 81 77 91 0 183
160 58 99 83 50 74 80 50 88 70 52 0 160
112 98 33 21 28 35 52 33 65 35 78 0 112
148 97 89 36 69 70 80 29 91 78 76 0 148
195 23 90 65 60 61 65 36 86 55 39 0 195
168 54 47 70 75 32 77 92 89 81 66 0 168
154 66 29 49 63 84 74 42 21 75 59 0 154
111 33 22 62 71 38 29 49 30 92 95 0 111
169 69 39 84 37 36 89 88 66 42 88 0 169
128 33 72 77 91 81 85 20 21 75 21 0 128
120 29 83 65 40 95 69 81 95 69 32 0 120
131 24 91 74 49 100 50 33 57 83 94 0 131
113 75 67 35 27 52 71 53 35 60 48 0 113
131 60 75 67 100 41 60 93 39 38 27 0 131
135 40 97 79 80 30 72 29 58 95 32 0 135
187 72 22 96 70 57 38 76 64 33 98 0 187
168 71 53 49 58 84 61 48 90 44 77 0 168
160 81 100 90 75 23 36 80 63 93 24 0 160
108 99 23 52 88 97 36 33 47 60 100 0 108
133 46 59 97 54 53 78 58 55 88 33 0 133
115 28 27 68 65 41 30 75 35 60 30 0 115
114 31 45 78 46 40 95 61 99 81 40 0 114
182 51 36 71 26 47 73 87 75 86 80 0 182
140 57 58 59 65 44 73 67 52 50 28 0 140
122 38 93 100 51 72 55 52 62 64 26 0 122
186 77 87 57 77 70 31 61 40 39 72 0 186
106 40 99 94 47 74 82 67 69 97 80 0 106
130 44 37 96 21 75 70 75 29 87 50 0 130
170 76 85 101 30 60 59 26 72 29 88 0 170
179 40 82 88 37 94 71 46 90 44 68 0 179
115 50 97 49 55 32 56 98 29 29 43 0 115
180 89 45 86 31 29 39 22 72 40 42 0 180
150 86 83 70 59 45 94 75 50 60 33 0 150
126 61 25 86 34 82 93 26 25 96 72 0 126
167 74 93 80 24 86 42 28 47 88 96 0 167
165 55 83 94 69 89 78 65 49 25 40 0 165
109 88 20 34 24 85 49 40 68 68 76 0 109
193 30 60 29 39 43 60 55 50 83 25 0 193
166 36 60 72 64 39 65 86 54 29 72 0 166
152 45 57 52 92 39 27 96 39 99 64 0 152
165 36 58 70 93 86 47 78 77 82 74 0 165
175 86 78 99 71 88 40 68 85 28 84 0 175
120 57 28 44 37 82 89 83 51 38 97 0 120
170 40 40 66 51 94 72 62 52 94 68 0 170
132 67 30 55 50 78 39 28 74 66 76 0 132
193 42 61 58 58 38 92 61 37 42 67 0 193
182 58 59 25 98 80 62 36 56 29 30 0 182
122 92 40 75 97 86 66 54 50 96 99 0 122
138 36 82 69 90 32 81 44 43 69 80 0 138
125 68 74 82 95 31 79 76 70 37 34 0 125
181 31 49 85 74 54 58 65 78 48 56 0 181
128 85 93 82 44 62 81 28 100 57 77 0 128
184 82 25 87 76 44 54 64 42 66 84 0 184
123 94 75 82 41 34 81 49 25 46 73 0 123
121 32 55 76 74 94 59 55 49 66 87 0 121
140 87 76 96 91 94 35 95 53 92 72 0 140
181 69 49 74 100 44 45 57 91 35 35 0 181
102 69 44 38 31 64 81 49 96 100 35 0 102
182 77 60 30 93 44 81 96 84 90 46 0 182
190 80 89 94 90 48 65 34 44 60 42 0 190
170 80 35 25 87 45 77 51 78 21 64 0 170
108 98 71 46 42 43 22 75 55 40 32 0 108
113 59 86 31 35 62 49 92 48 91 39 0 113
147 38 31 38 84 56 72 98 78 79 51 0 147
143 24 42 80 77 41 90 45 52 47 21 0 143
155 101 92 27 57 35 71 70 68 81 31 0 155
170 58 78 84 27 84 30 82 93 35 62 0 170
169 76 55 69 93 92 35 72 85 23 36 0 169
173 24 45 47 75 94 73 41 60 20 71 0 173
125 87 20 63 100 44 45 45 99 36 83 0 125
124 77 93 79 75 97 83 77 49 94 33 0 124
174 56 66 85 67 50 61 33 47 37 42 0 174
182 52 54 63 26 67 28 43 45 75 71 0 182
160 74 95 86 42 84 57 48 87 67 59 0 160
172 76 95 82 83 28 64 28 57 92 63 0 172
198 47 41 55 100 40 39 56 76 38 88 0 198
154 51 96 88 63 95 98 100 101 53 78 0 154
197 24 74 27 74 90 67 51 78 88 96 0 197
111 63 21 22 96 56 92 56 95 90 70 0 111
101 38 29 39 59 51 55 49 73 26 48 0 101
120 31 22 79 92 22 100 31 20 77 60 0 120
100 26 46 99 75 49 54 70 90 22 94 0 100
191 24 45 40 92 75 48 96 43 75 40 0 191
114 35 72 21 35 82 74 63 77 68 72 0 114
175 46 83 23 78 33 45 50 48 98 73 0 175
114 61 94 89 64 44 93 48 92 98 68 0 114
119 31 32 43 87 50 78 36 77 41 51 0 119
177 27 75 24 92 39 56 49 60 89 27 0 177
146 29 61 91 90 92 42 25 21 73 59 0 146
134 56 87 65 92 88 65 101 47 34 45 0 134
187 21 75 44 62 22 42 51 76 94 82 0 187
154 84 74 60 77 34 31 44 27 57 53 0 154
151 33 84 80 95 83 85 46 92 82 99 0 151
146 62 92 84 47 46 71 42 66 55 91 0 146
188 25 57 47 45 86 47 40 47 78 94 0 188
107 29 32 64 53 41 24 66 73 98 92 0 107
182 55 35 25 54 95 44 29 40 42 83 0 182
102 87 75 64 66 54 80 46 74 87 97 0 102
165 72 23 83 57 78 34 57 78 48 95 0 165
142 35 41 84 32 47 76 95 82 85 23 0 142
168 79 85 92 58 51 94 82 59 96 88 0 168
125 101 66 44 74 23 100 36 60 70 34 0 125
159 54 75 42 59 32 34 22 30 67 55 0 159
114 43 73 94 99 39 47 67 56 52 55 0 114
153 78 99 39 70 59 84 68 64 81 68 0 153
186 37 69 65 93 82 30 24 64 87 48 0 186
176 53 67 29 60 44 88 88 65 60 68 0 176
139 51 85 62 51 59 33 49 55 96 92 0 139
187 82 28 20 77 60 40 86 93 80 74 0 187
100 68 83 59 28 64 60 61 36 34 30 0 100
117 27 49 94 80 37 88 43 49 37 56 0 117
170 91 34 40 42 31 83 62 53 46 81 0 170
198 50 28 63 76 75 43 59 31 53 28 0 198
167 38 82 71 46 83 95 61 29 37 96 0 167
190 46 96 54 69 55 85 21 94 75 27 0 190
185 38 41 72 77 98 99 74 34 78 27 0 185
118 82 31 89 25 84 22 95 75 32 48 0 118
128 45 62 47 91 38 44 22 96 94 47 0 128
190 55 23 39 31 35 55 75 71 82 62 0 190
194 43 42 25 96 41 82 44 65 57 98 0 194
168 68 41 64 48 21 51 36 80 71 35 0 168
174 36 21 43 68 90 80 33 38 68 94 0 174
117 57 95 96 56 37 66 95 38 67 60 0 117
104 91 51 64 49 22 73 95 44 55 94 0 104
136 45 94 74 67 64 47 53 21 74 35 0 136
152 64 97 90 98 35 77 70 88 43 60 0 152
172 43 43 52 55 33 73 41 21 82 88 0 172
154 22 82 35 64 63 83 32 26 75 41 0 154
185 66 55 90 72 61 97 79 38 90 60 0 185
156 52 51 92 27 37 85 92 26 38 75 0 156
174 43 24 27 100 86 43 72 72 93 48 0 174
127 41 49 49 27 48 81 54 100 90 51 0 127
126 83 91 20 70 86 48 25 90 96 88 0 126
159 79 27 86 58 24 38 100 93 61 61 0 159
176 35 52 40 20 64 41 89 78 92 56 0 176
170 24 52 27 47 36 90 63 62 70 74 0 170
163 61 76 24 22 54 25 94 74 31 39 0 163
126 93 41 63 69 40 39 94 55 75 48 0 126
196 85 65 81 92 98 59 27 57 71 85 0 196
100 61 47 65 70 72 34 56 76 95 22 0 100
154 52 50 69 23 52 76 23 79 51 97 0 154
134 50 40 84 29 39 80 42 65 36 79 0 134
149 81 72 55 60 58 44 66 25 52 72 0 149
142 27 37 49 97 95 49 80 76 21 47 0 142
157 92 27 87 75 28 95 50 55 87 97 0 157
197 59 90 34 80 22 23 39 97 75 47 0 197
126 58 71 68 63 24 46 21 85 32 86 0 126
105 82 92 78 56 77 25 46 56 34 100 0 105
146 98 65 76 26 25 93 82 41 53 73 0 146
154 53 90 65 39 20 52 100 40 21 77 0 154
156 44 32 81 29 71 98 59 30 67 49 0 156
118 71 66 27 26 53 70 72 84 79 84 0 118
100 49 42 89 99 64 54 51 83 78 38 0 100
159 80 90 66 50 61 98 62 48 94 93 0 159
134 64 90 40 25 24 84 75 58 38 69 0 134
187 72 30 66 37 50 94 29 76 58 67 0 187
200 78 51 42 67 48 86 57 49 20 51 0 200
141 27 84 55 56 77 22 100 30 48 29 0 141
137 87 65 49 30 57 85 57 79 55 49 0 137
191 29 31 60 37 28 53 61 82 44 59 0 191
135 46 77 61 20 50 39 87 24 27 89 0 135
121 35 45 42 98 67 69 69 63 49 93 0 121
123 95 41 28 92 87 24 64 72 71 56 0 123
103 83 59 58 84 83 51 85 27 79 66 0 103
123 33 86 48 46 26 55 31 81 75 58 0 123
170 31 20 44 57 61 85 21 79 60 56 0 170
147 35 59 35 85 38 32 41 37 74 60 0 147
198 66 50 54 74 29 58 69 85 95 97 0 198
190 31 21 61 60 27 91 41 82 58 93 0 190
130 42 67 77 40 45 66 95 29 62 37 0 130
109 76 92 91 25 94 79 45 23 55 68 0 109
169 81 79 20 60 30 71 39 43 88 92 0 169
148 36 38 61 36 61 46 40 56 61 55 0 148
166 40 97 44 90 37 99 66 20 85 78 0 166
160 74 57 33 34 67 26 79 50 62 55 0 160
134 29 97 43 75 95 60 45 50 49 70 0 134
194 90 42 60 73 76 76 51 52 25 38 0 194
170 26 77 31 85 99 67 78 65 24 67 0 170
118 39 98 42 26 90 94 81 31 37 72 0 118
183 46 35 30 93 56 21 88 22 21 45 0 183
105 86 59 47 35 65 51 79 100 82 45 0 105
120 87 21 48 94 94 58 60 27 29 90 0 120
165 98 96 80 90 85 87 61 52 27 66 0 165
192 35 65 31 79 45 79 92 40 99 72 0 192
188 66 90 78 88 25 77 28 62 52 25 0 188
145 91 56 23 20 57 55 46 82 57 61 0 145
117 90 43 65 24 37 88 69 93 87 28 0 117
150 33 25 29 31 54 67 76 92 64 64 0 150
162 24 55 70 83 92 35 32 87 38 80 0 162
198 25 51 23 28 100 59 38 28 43 61 0 198
110 21 78 33 37 67 23 79 36 26 62 0 110
182 65 98 28 59 54 74 63 51 32 29 0 182
183 46 48 54 82 42 70 63 95 84 32 0 183
104 76 63 35 70 31 66 42 24 32 71 0 104
138 61 24 60 87 54 94 38 24 29 72 0 138
116 69 79 66 28 88 89 61 86 55 68 0 116
162 40 35 27 89 93 23 44 48 59 48 0 162
175 39 78 46 86 56 80 51 100 30 90 0 175
166 72 62 99 38 45 27 45 56 77 92 0 166
175 41 67 21 73 72 24 55 71 34 43 0 175
131 58 92 76 48 76 67 94 71 89 58 0 131
147 91 91 56 63 84 51 46 26 50 26 0 147
143 64 79 97 26 63 93 21 52 56 91 0 143
198 62 34 60 61 50 23 65 77 22 42 0 198
186 52 74 43 25 77 90 90 71 87 98 0 186
180 95 22 55 55 47 91 73 72 36 66 0 180
106 32 26 63 28 77 37 47 53 86 75 0 106
157 24 62 60 90 48 101 92 91 51 22 0 157
168 84 51 100 52 86 74 70 80 39 66 0 168
184 66 80 57 30 32 87 48 66 47 33 0 184
184 80 62 38 67 49 64 35 80 54 58 0 184
111 62 55 73 23 72 36 65 40 45 49 0 111
100 29 82 74 29 57 82 78 30 93 36 0 100
187 28 32 74 73 80 90 69 87 79 52 0 187
165 81 77 20 52 67 50 54 83 28 92 0 165
132 86 42 45 35 52 89 87 95 95 54 0 132
154 48 63 30 34 53 48 90 23 25 42 0 154
143 54 23 87 50 22 57 93 62 64 46 0 143
183 77 56 42 99 98 74 69 92 43 88 0 183
125 72 67 67 85 58 61 70 25 89 48 0 125
147 91 97 31 90 76 29 25 63 43 44 0 147
108 100 31 30 84 23 45 36 47 55 49 0 108
143 74 87 30 79 54 29 92 79 74 50 0 143
109 32 99 84 32 70 25 73 95 70 89 0 109
155 77 98 80 95 84 48 80 85 97 62 0 155
157 56 65 50 49 67 38 45 57 44 58 0 157
170 78 64 70 42 67 43 65 94 79 31 0 170
168 57 70 38 31 70 50 60 101 94 33 0 168
125 22 63 96 22 67 83 64 57 54 45 0 125
149 31 59 60 87 28 97 41 99 38 86 0 149
106 73 33 86 33 31 35 69 62 25 97 0 106
164 78 26 81 53 41 52 21 96 97 32 0 164
113 75 36 87 27 54 60 37 40 76 47 0 113
155 85 32 63 93 57 81 54 92 37 40 0 155
182 56 41 56 38 60 80 65 56 33 84 0 182
136 73 95 62 24 69 80 85 21 93 28 0 136
122 48 43 86 59 81 68 73 85 42 76 0 122
132 93 35 67 76 90 25 100 20 33 21 0 132
158 23 91 82 39 72 37 61 27 21 97 0 158
143 62 30 80 80 58 59 73 21 76 70 0 143
125 43 44 56 23 93 96 88 69 97 46 0 125
186 50 61 36 54 70 98 84 52 33 48 0 186
175 50 24 58 66 77 30 82 40 75 94 0 175
166 54 83 88 53 79 40 73 56 51 68 0 166
197 92 75 47 87 35 96 47 76 43 28 0 197
131 76 26 27 51 34 30 88 45 26 39 0 131
153 48 92 22 82 65 79 36 87 50 32 0 153
120 34 44 31 69 55 24 87 66 70 56 0 120
114 74 27 66 47 23 74 69 68 83 45 0 114
199 54 42 59 28 49 91 39 32 46 49 0 199
150 23 59 25 80 93 27 82 60 52 39 0 150
177 55 76 45 43 80 55 56 96 96 80 0 177
177 82 38 70 52 37 90 69 84 91 93 0 177
199 71 81 88 54 81 63 31 79 24 31 0 199
162 70 74 99 40 73 82 101 60 37 74 0 162
148 43 86 90 26 81 27 73 100 31 60 0 148
113 21 36 61 80 89 67 36 78 80 92 0 113
114 63 64 53 65 30 60 57 97 74 87 0 114
107 48 23 25 56 42 24 59 71 42 32 0 107
135 27 85 88 40 54 23 58 80 45 93 0 135
144 41 97 77 22 41 82 65 98 79 51 0 144
146 95 84 20 25 77 76 91 87 20 67 0 146
154 51 41 77 24 95 33 43 100 29 99 0 154
152 97 32 94 69 97 75 84 86 69 34 0 152
155 52 100 45 38 43 100 86 95 32 26 0 155
195 96 35 61 99 60 83 59 33 20 65 0 195
128 25 71 72 22 28 60 94 22 87 27 0 128
196 47 48 34 51 47 68 37 73 33 90 0 196
161 93 51 70 50 21 24 60 68 38 55 0 161
124 99 48 55 45 93 71 21 94 74 96 0 124
119 51 62 26 85 100 93 76 78 54 93 0 119
200 23 42 78 37 67 77 49 38 87 80 0 200
119 48 84 50 59 52 93 43 53 88 44 0 119
191 74 49 68 25 23 79 100 38 84 35 0 191
193 76 53 35 22 23 48 27 29 47 42 0 193
143 93 65 87 60 69 33 41 55 94 83 0 143
194 94 51 46 37 43 58 38 69 30 73 0 194
115 86 57 46 80 100 82 21 38 58 86 0 115
195 58 43 70 51 21 81 43 24 42 55 0 195
194 32 81 21 47 66 75 81 41 41 47 0 194
162 38 53 61 27 80 45 51 37 80 70 0 162
122 96 38 88 28 86 24 25 22 21 45 0 122
115 25 64 97 57 86 85 82 55 92 45 0 115
111 58 26 92 77 33 43 89 76 44 95 0 111
191 94 35 23 69 69 46 95 70 71 96 0 191
180 91 76 71 61 60 66 74 38 67 66 0 180
200 62 65 44 85 46 33 97 92 77 44 0 200
173 31 38 47 67 42 91 67 61 21 80 0 173
120 81 87 68 78 83 57 59 52 81 67 0 120
114 23 38 28 97 38 77 39 27 26 89 0 114
172 50 33 23 38 48 74 40 32 93 52 0 172
189 44 66 20 58 92 35 82 32 95 75 0 189
153 100 88 87 59 92 82 92 75 99 25 0 153
157 28 87 96 56 52 99 79 87 33 48 0 157
141 33 29 91 49 27 84 38 25 77 83 0 141
121 91 96 80 63 22 35 87 53 63 48 0 121
148 38 61 71 92 90 69 43 54 78 72 0 148
128 82 84 67 68 61 94 49 47 78 63 0 128
155 96 71 52 32 96 23 33 32 38 77 0 155
115 62 67 62 85 86 52 46 38 31 83 0 115
112 32 23 79 96 54 68 28 39 48 41 0 112
159 58 77 91 41 42 97 43 28 37 70 0 159
192 69 85 23 46 96 28 48 30 22 68 0 192
106 91 52 84 82 57 71 67 69 27 66 0 106
130 51 75 47 75 50 101 44 101 57 61 0 130
152 44 84 21 75 48 97 25 61 75 70 0 152
174 45 86 88 84 97 40 94 69 41 92 0 174
116 82 37 44 86 99 46 76 72 100 76 0 116
102 91 93 97 55 98 54 59 51 70 57 0 102
160 49 32 21 92 45 97 47 88 23 39 0 160
160 89 34 64 43 70 31 48 54 50 76 0 160
132 24 45 30 69 44 86 34 89 56 57 0 132
116 54 24 92 43 79 65 50 55 39 99 0 116
199 46 54 35 27 71 20 41 53 38 79 0 199
129 40 36 34 30 21 28 98 80 51 31 0 129
189 81 58 55 55 64 39 23 71 28 54 0 189
113 46 38 93 60 98 99 49 25 82 51 0 113
134 87 63 87 34 36 34 90 65 95 62 0 134
180 32 62 90 78 62 48 89 48 29 61 0 180
131 82 55 34 91 85 69 29 62 29 45 0 131
190 93 94 72 77 60 24 72 94 99 97 0 190
157 57 90 73 27 53 51 43 62 49 55 0 157
122 99 44 83 34 23 100 59 80 72 35 0 122
162 89 39 68 47 92 79 29 48 41 21 0 162
138 49 51 36 98 58 87 72 56 30 86 0 138
197 96 83 95 23 72 78 51 92 65 92 0 197
111 42 50 70 93 38 31 73 48 98 23 0 111
131 58 50 74 66 68 29 83 89 79 83 0 131
121 70 75 43 41 67 20 52 91 51 72 0 121
181 37 25 66 24 64 34 96 77 37 40 0 181
158 35 98 22 66 76 69 64 60 49 94 0 158
183 86 26 73 49 68 28 77 79 44 69 0 183
153 59 71 49 66 88 68 68 77 38 77 0 153
145 36 44 28 32 30 46 63 87 88 99 0 145
186 46 22 80 50 46 72 68 56 99 49 0 186
145 68 93 82 95 89 88 71 92 21 33 0 145
121 81 54 97 100 25 32 84 21 71 60 0 121
149 95 68 75 28 27 38 97 37 62 33 0 149
141 29 51 71 27 50 69 59 25 91 22 0 141
184 24 43 59 60 25 32 49 26 25 94 0 184
165 36 90 45 24 65 20 41 28 57 48 0 165
180 78 71 32 40 28 53 93 54 93 74 0 180
106 72 46 52 32 61 53 62 77 49 96 0 106
103 92 51 28 60 97 96 99 38 80 23 0 103
106 33 36 39 85 76 77 65 94 20 71 0 106
109 80 75 96 92 72 101 82 90 59 37 0 109
161 83 47 58 56 26 39 43 82 47 96 0 161
167 53 89 46 71 21 61 87 43 32 68 0 167
169 72 97 65 79 34 74 26 65 24 28 0 169
117 53 31 62 50 56 44 97 86 93 25 0 117
116 38 31 42 77 37 51 53 80 64 42 0 116
166 44 47 30 58 47 98 22 59 39 95 0 166
125 30 79 32 49 56 53 74 51 88 70 0 125
105 24 85 69 47 71 68 96 99 55 99 0 105
171 59 100 64 50 38 22 90 28 69 47 0 171
133 100 45 80 42 47 76 46 73 30 82 0 133
122 50 57 31 56 53 57 65 55 79 33 0 122
186 56 35 23 38 93 93 38 58 81 64 0 186
111 68 42 88 52 63 99 50 35 83 71 0 111
146 45 94 39 93 51 76 49 29 77 62 0 146
186 30 37 37 52 43 52 70 41 37 78 0 186
181 69 87 91 60 76 58 73 85 90 54 0 181
100 86 41 56 26 62 63 92 88 35 46 0 100
161 86 98 100 52 85 66 20 42 48 46 0 161
109 88 21 27 85 71 27 92 42 26 34 0 109
177 72 31 62 65 63 62 48 21 86 32 0 177
169 32 31 33 22 66 100 54 86 47 33 0 169
120 74 43 74 25 72 90 40 58 53 58 0 120
129 83 46 26 86 36 31 68 75 62 56 0 129
165 49 59 58 66 64 72 26 66 41 89 0 165
169 52 98 40 37 99 82 27 25 25 26 0 169
197 99 63 81 87 53 73 69 44 53 89 0 197
157 56 54 36 55 85 94 60 27 30 68 0 157
105 31 55 73 31 45 74 67 100 97 100 0 105
110 44 92 100 97 55 48 83 47 81 84 0 110
160 71 23 57 30 55 28 91 56 69 45 0 160
153 64 69 22 50 57 47 45 25 32 54 0 153
106 26 99 97 59 41 69 61 59 50 42 0 106
166 91 65 61 25 64 93 96 59 77 99 0 166
175 92 57 80 31 47 57 82 54 68 44 0 175
122 22 82 49 40 58 78 24 44 83 24 0 122
151 94 27 45 37 73 84 87 45 97 71 0 151
177 85 94 81 56 43 54 85 44 63 91 0 177
133 91 48 29 77 39 23 78 68 30 46 0 133
144 76 31 40 62 98 95 34 39 93 20 0 144
116 98 88 78 38 57 26 88 21 68 79 0 116
164 57 46 25 45 64 88 85 21 90 79 0 164
157 60 41 48 77 24 81 32 29 61 97 0 157
168 53 77 54 31 31 37 33 31 27 97 0 168
109 23 34 81 35 30 42 79 24 56 62 0 109
116 70 88 60 92 74 27 66 26 43 39 0 116
156 84 21 78 84 33 82 79 88 53 70 0 156
130 63 87 59 40 67 81 73 40 41 44 0 130
168 53 54 86 97 72 21 38 82 99 37 0 168
162 32 54 37 100 69 27 21 36 52 33 0 162
135 62 97 41 59 84 91 27 86 79 44 0 135
119 79 57 43 51 58 23 97 63 91 86 0 119
186 60 61 43 90 84 100 30 78 96 40 0 186
124 82 27 29 25 38 69 70 98 35 56 0 124
132 86 39 94 33 34 96 34 62 62 42 0 132
100 28 70 91 39 70 64 70 30 29 41 0 100
189 96 49 69 51 39 99 73 91 64 23 0 189
184 56 21 39 53 43 67 77 96 80 60 0 184
115 93 88 24 27 79 59 31 87 92 48 0 115
110 69 32 66 73 86 56 30 45 60 68 0 110
195 53 59 80 23 67 51 93 26 34 100 0 195
102 78 29 66 65 88 74 90 64 42 68 0 102
160 65 58 96 55 30 33 31 90 42 49 0 160
151 81 79 22 86 71 75 65 71 35 90 0 151
142 42 51 53 80 100 78 68 85 67 21 0 142
187 41 25 92 22 79 68 59 88 61 91 0 187
161 59 81 80 70 46 84 46 64 59 51 0 161
199 86 33 89 78 67 82 56 38 26 86 0 199
180 26 49 60 29 36 46 94 85 34 23 0 180
188 66 28 86 60 88 77 82 95 26 57 0 188
128 73 25 51 68 96 85 91 25 37 58 0 128
193 47 43 71 47 100 41 49 26 81 94 0 193
178 97 90 23 76 94 40 99 72 92 81 0 178
155 39 76 61 87 71 93 98 70 35 92 0 155
132 41 98 85 98 25 50 96 29 36 93 0 132
174 80 54 88 90 38 87 81 43 82 25 0 174
158 46 22 32 96 82 28 79 42 71 36 0 158
112 99 82 52 67 96 30 34 83 93 96 0 112
149 61 87 39 56 88 57 38 59 42 99 0 149
121 21 31 87 94 76 61 53 91 86 69 0 121
143 78 83 40 95 57 61 67 71 55 42 0 143
111 28 88 75 38 42 37 30 84 65 84 0 111
140 48 58 84 62 55 87 62 34 89 75 0 140
108 65 55 20 86 79 37 25 42 35 52 0 108
164 100 30 36 41 54 86 29 23 33 83 0 164
168 93 32 70 79 32 65 35 69 71 58 0 168
100 20 40 94 90 71 58 72 64 24 53 0 100
178 42 95 71 46 84 28 94 99 88 71 0 178
119 27 61 22 81 57 92 41 81 23 36 0 119
140 30 64 88 80 24 66 43 73 50 54 0 140
139 43 47 68 61 93 37 42 23 55 47 0 139
161 62 39 80 70 49 86 51 36 74 99 0 161
170 66 53 72 64 33 43 46 87 90 39 0 170
190 81 68 64 28 68 45 36 62 60 49 0 190
152 89 56 57 61 77 30 56 57 81 24 0 152
108 44 93 91 75 78 42 75 50 100 90 0 108
166 60 27 48 35 72 69 94 80 31 43 0 166
120 25 68 31 65 78 45 89 39 99 45 0 120
105 43 79 42 46 60 66 36 73 82 53 0 105
107 79 34 44 93 100 64 21 74 77 39 0 107
121 34 34 77 56 58 38 96 83 42 89 0 121
153 83 35 28 93 77 32 30 26 60 91 0 153
124 23 41 42 25 98 90 61 25 55 54 0 124
125 28 24 58 27 43 46 98 90 93 50 0 125
129 28 93 81 72 31 23 46 66 48 42 0 129
161 53 26 79 79 75 98 91 80 96 92 0 161
149 29 65 32 82 47 36 96 80 23 85 0 149
162 51 75 62 30 30 39 34 27 88 81 0 162
196 36 31 65 88 98 83 92 22 74 57 0 196
176 48 95 80 72 61 44 26 46 32 28 0 176
200 65 91 28 46 26 71 31 43 32 98 0 200
126 99 82 83 62 58 66 57 35 98 97 0 126
103 28 99 53 43 30 97 85 62 71 44 0 103
165 32 42 61 53 20 52 48 84 96 23 0 165
135 88 31 32 77 61 74 37 85 67 44 0 135
160 95 75 61 95 57 93 56 90 94 39 0 160
163 79 31 61 65 53 91 72 91 84 96 0 163
185 90 92 74 74 98 56 90 25 41 26 0 185
178 79 75 54 84 55 31 27 53 100 73 0 178
179 49 79 43 74 25 80 79 57 74 57 0 179
178 43 42 44 60 58 53 93 97 76 47 0 178
143 56 39 31 60 84 77 39 67 96 80 0 143
133 98 20 86 27 23 22 22 73 91 86 0 133
162 55 29 43 45 59 82 32 54 44 37 0 162
192 89 35 70 60 26 27 29 21 42 70 0 192
134 100 60 99 78 91 57 54 43 34 57 0 134
141 78 72 48 64 65 93 74 58 34 47 0 141
155 92 54 31 38 34 66 60 68 46 62 0 155
101 47 99 48 92 73 21 98 54 45 52 0 101
178 34 20 98 74 31 34 80 40 41 78 0 178
148 63 97 55 63 66 96 45 67 23 74 0 148
112 68 90 60 55 80 93 97 23 37 48 0 112
147 22 47 29 43 51 32 99 36 22 81 0 147
108 35 95 35 41 70 99 53 47 81 20 0 108
196 92 23 25 20 55 69 72 38 62 67 0 196
115 89 71 80 44 84 86 23 80 38 31 0 115
197 28 76 27 85 98 96 62 30 91 45 0 197
101 95 91 65 90 23 96 29 23 52 60 0 101
184 50 93 21 26 21 35 44 65 59 43 0 184
174 23 24 95 84 73 99 26 73 26 43 0 174
181 64 47 82 27 99 81 84 66 83 39 0 181
114 59 86 44 73 87 59 97 25 81 90 0 114
101 39 40 40 96 23 60 57 93 96 57 0 101
166 58 28 44 22 49 55 48 85 26 99 0 166
156 83 97 48 100 32 100 82 92 59 32 0 156
138 49 34 70 62 44 75 52 92 88 47 0 138
197 32 87 77 61 49 71 79 67 95 85 0 197
154 86 69 63 22 93 74 61 43 47 76 0 154
180 46 86 43 49 33 62 47 96 47 98 0 180
125 100 50 72 100 75 63 32 36 47 26 0 125
168 48 53 66 36 49 64 44 71 60 22 0 168
180 24 47 65 36 28 69 92 82 52 87 0 180
145 28 51 41 57 99 80 40 24 54 56 0 145
133 31 51 77 76 92 22 72 50 47 81 0 133
171 95 86 36 32 61 77 88 47 84 86 0 171
152 32 93 87 52 79 45 71 38 25 92 0 152
176 64 38 74 47 49 22 97 69 28 80 0 176
134 67 51 58 76 28 21 82 69 56 55 0 134
158 38 22 90 33 86 89 78 71 43 26 0 158
108 42 96 32 32 37 26 89 92 54 62 0 108
149 98 23 72 65 87 88 97 84 53 48 0 149
143 74 96 61 79 35 87 64 27 40 43 0 143
145 98 61 71 51 97 31 28 41 32 95 0 145
101 67 20 26 89 32 89 100 35 72 84 0 101
165 21 52 30 51 52 29 55 50 41 83 0 165
191 67 45 46 83 34 57 41 43 78 41 0 191
162 56 80 71 75 40 51 97 51 69 95 0 162
153 50 89 30 75 70 49 52 22 84 29 0 153
142 23 29 100 74 68 29 34 67 32 32 0 142
128 21 77 99 83 26 84 38 82 54 65 0 128
177 61 27 70 85 41 88 48 47 48 75 0 177
171 20 72 43 88 67 100 26 32 51 97 0 171
127 64 33 49 22 94 70 100 55 44 24 0 127
129 64 41 88 73 50 86 89 83 36 100 0 129
159 25 58 38 63 83 23 81 46 29 41 0 159
200 74 90 67 65 80 42 99 74 37 64 0 200
191 94 64 86 81 40 57 83 64 67 23 0 191
109 58 93 30 81 38 45 96 100 92 61 0 109
104 57 75 87 73 25 55 46 61 74 63 0 104
162 92 74 26 91 33 58 24 72 52 64 0 162
141 56 61 22 80 76 28 75 30 44 68 0 141
142 31 94 76 29 52 79 90 86 99 64 0 142
105 46 42 43 25 83 49 85 33 47 61 0 105
147 38 51 33 21 62 47 20 23 36 77 0 147
152 82 90 38 57 98 39 91 45 38 65 0 152
138 32 50 57 39 95 45 70 55 45 71 0 138
128 41 92 97 89 65 37 20 38 100 44 0 128
161 93 55 94 90 38 94 82 89 65 80 0 161
138 77 50 26 42 32 22 48 46 66 28 0 138
170 58 94 40 76 53 56 93 97 78 99 0 170
120 69 90 56 81 58 34 73 70 56 41 0 120
107 79 38 69 74 92 43 40 42 27 31 0 107
164 61 55 25 50 22 93 36 72 35 58 0 164
157 40 30 97 91 35 44 34 95 41 68 0 157
103 57 37 64 44 82 43 23 95 92 85 0 103
186 61 59 54 81 32 28 55 85 92 35 0 186
160 48 28 38 62 48 46 31 43 22 27 0 160
174 64 100 64 86 29 23 87 90 94 37 0 174
199 83 40 21 23 51 53 55 53 43 52 0 199
144 76 21 69 88 47 35 96 50 42 24 0 144
143 96 32 48 32 54 70 67 37 34 37 0 143
171 66 34 74 78 92 76 89 47 89 63 0 171
121 72 74 46 79 92 23 79 40 101 40 0 121
145 64 48 29 29 24 64 48 24 35 63 0 145
108 29 32 32 90 64 22 23 87 75 97 0 108
189 99 29 50 48 23 31 52 32 56 101 0 189
103 99 45 44 66 77 62 21 31 61 24 0 103
163 30 83 61 96 86 97 28 52 93 85 0 163
113 65 66 100 23 32 26 37 36 28 64 0 113
132 35 60 99 28 98 65 55 69 41 70 0 132
106 66 97 51 94 32 36 48 84 87 80 0 106
200 74 84 32 80 26 63 98 20 26 67 0 200
164 62 91 49 44 93 94 64 37 99 93 0 164
114 75 86 47 51 32 53 27 59 24 73 0 114
187 54 98 76 68 29 28 67 31 36 89 0 187
148 92 45 21 87 83 71 60 81 70 60 0 148
145 46 26 25 50 91 62 60 62 40 54 0 145
125 89 33 62 41 24 58 71 36 30 82 0 125
114 35 40 47 96 65 84 95 57 90 75 0 114
164 67 37 85 45 93 40 32 92 48 58 0 164
151 41 23 74 88 92 76 29 25 84 38 0 151
142 58 70 74 25 43 28 48 40 51 34 0 142
153 101 85 59 39 34 70 28 55 67 36 0 153
185 45 96 86 58 69 70 41 66 60 29 0 185
187 46 24 51 83 76 40 53 38 48 24 0 187
168 86 81 51 94 48 98 72 21 95 63 0 168
160 39 23 81 39 78 48 27 67 92 28 0 160
169 76 25 81 38 27 73 70 64 77 55 0 169
187 47 35 73 78 57 25 83 81 26 72 0 187
162 56 83 79 66 23 90 94 93 54 58 0 162
173 93 37 35 24 42 71 29 71 44 64 0 173
107 59 99 59 95 86 31 84 68 97 80 0 107
120 98 88 83 25 78 58 27 23 27 70 0 120
186 30 30 35 33 57 92 67 39 98 58 0 186
182 23 56 94 99 39 31 39 69 83 95 0 182
125 97 81 50 64 24 54 46 49 82 26 0 125
135 68 88 92 74 34 100 83 38 27 91 0 135
149 51 72 84 52 59 59 27 65 29 81 0 149
142 100 65 55 70 47 74 45 59 65 87 0 142
139 63 83 84 74 85 88 46 79 90 49 0 139
153 50 41 82 64 55 57 37 36 39 29 0 153
179 40 22 26 34 89 56 58 45 39 42 0 179
158 40 31 34 29 62 51 54 73 36 36 0 158
160 43 23 37 70 82 82 39 52 25 48 0 160
187 29 73 28 90 86 43 99 25 59 98 0 187
143 68 69 35 83 58 68 89 70 67 28 0 143
171 25 55 41 58 34 83 48 61 71 29 0 171
172 44 38 78 78 69 65 94 45 38 48 0 172
167 37 34 32 68 41 92 68 80 57 34 0 167
104 54 95 83 87 61 53 93 83 31 63 0 104
104 42 55 63 93 40 51 91 58 95 86 0 104
186 76 69 68 94 97 66 20 58 46 62 0 186
138 99 82 55 89 85 38 22 59 86 32 0 138
158 57 71 37 96 97 85 98 28 50 51 0 158
154 62 93 27 64 76 83 64 49 72 61 0 154
190 94 75 33 73 89 68 48 53 29 77 0 190
156 43 83 59 85 37 69 64 47 26 52 0 156
118 100 48 71 55 47 39 58 58 26 89 0 118
139 79 101 27 39 58 35 85 52 84 68 0 139
131 97 35 22 89 62 44 23 45 84 89 0 131
129 53 23 34 71 23 74 70 24 95 86 0 129
131 28 85 58 50 31 40 99 48 33 100 0 131
128 35 51 74 53 40 72 49 97 62 99 0 128
136 83 48 32 78 32 50 55 75 88 62 0 136
189 90 95 53 54 47 55 81 76 38 81 0 189
196 69 87 75 88 45 37 36 61 98 33 0 196
192 45 60 33 74 57 37 35 56 57 47 0 192
130 73 59 72 84 34 94 83 68 80 100 0 130
162 50 48 60 94 61 26 90 85 90 84 0 162
149 69 75 28 89 52 26 35 41 77 94 0 149
136 69 23 68 67 70 28 43 57 86 72 0 136
161 77 65 85 75 72 56 65 92 22 50 0 161
180 26 91 89 86 43 79 43 95 97 92 0 180
105 45 76 32 52 56 67 21 75 35 71 0 105
163 36 75 24 70 36 41 23 27 27 45 0 163
188 80 53 27 88 30 60 50 32 74 62 0 188
116 38 97 82 22 42 27 67 35 85 29 0 116
153 60 81 42 80 62 96 84 61 98 60 0 153
139 85 88 32 34 46 27 72 56 77 86 0 139
107 37 80 84 21 35 57 47 68 73 51 0 107
122 92 36 90 88 58 82 48 57 65 52 0 122
200 56 41 44 84 26 31 53 62 82 78 0 200
100 68 52 43 40 23 48 48 20 79 77 0 100
194 77 76 22 100 32 60 37 80 71 92 0 194
107 91 99 55 63 52 95 98 26 100 30 0 107
195 100 63 22 53 35 72 90 33 34 48 0 195
171 35 72 33 79 77 55 96 99 46 21 0 171
119 49 37 67 71 62 82 69 52 84 31 0 119
173 96 85 96 26 57 59 100 42 21 47 0 173
196 60 71 67 48 48 46 50 62 99 77 0 196
183 33 92 30 73 44 57 72 44 20 22 0 183
143 86 26 24 51 24 87 44 50 24 82 0 143
189 47 43 47 35 63 57 48 37 48 79 0 189
197 94 25 23 49 81 64 25 97 53 41 0 197
119 79 39 21 49 48 100 53 76 68 36 0 119
157 40 23 59 98 25 56 88 85 69 70 0 157
192 41 50 58 47 21 64 70 26 24 47 0 192
168 96 83 63 89 83 38 80 34 69 101 0 168
190 41 28 32 36 76 91 88 44 29 79 0 190
173 97 71 42 71 100 87 51 92 64 61 0 173
149 54 92 83 88 70 49 34 28 48 45 0 149
161 38 95 73 91 84 72 88 35 46 86 0 161
185 29 40 64 97 89 38 77 52 93 88 0 185
142 88 37 37 48 39 58 68 62 55 87 0 142
169 89 77 66 21 68 54 67 25 98 58 0 169
142 33 39 69 64 95 50 69 42 43 50 0 142
187 68 81 28 79 86 74 49 60 92 52 0 187
106 33 84 88 39 61 46 44 88 74 30 0 106
124 82 57 39 31 39 86 95 43 43 40 0 124
147 81 87 67 67 61 94 25 20 67 87 0 147
141 52 88 89 82 68 39 74 24 48 39 0 141
160 31 91 88 69 23 48 90 56 21 98 0 160
154 28 76 98 70 36 98 93 37 31 42 0 154
158 99 69 20 87 38 95 70 64 29 55 0 158
172 80 46 82 46 68 73 47 45 87 80 0 172
167 40 57 43 34 60 88 78 83 53 91 0 167
152 31 68 35 26 78 57 68 63 60 62 0 152
116 36 90 37 67 101 69 60 92 31 29 0 116
131 61 48 36 51 62 70 28 28 93 77 0 131
198 63 20 28 83 29 59 47 31 72 86 0 198
187 72 76 43 91 33 88 36 30 80 31 0 187
139 57 26 81 99 73 46 84 79 46 42 0 139
143 65 40 65 65 57 79 30 29 61 44 0 143
179 39 64 84 54 24 63 89 88 99 24 0 179
171 66 41 75 47 43 77 35 51 37 36 0 171
184 83 90 74 100 79 32 52 61 66 50 0 184
177 40 62 39 72 84 47 71 33 50 100 0 177
171 88 66 51 69 88 61 50 30 51 33 0 171
196 90 58 35 23 30 36 80 86 77 32 0 196
145 72 23 26 95 64 69 81 67 39 36 0 145
177 75 44 68 55 69 29 92 51 74 55 0 177
111 90 65 64 94 32 34 39 62 98 79 0 111
189 68 62 85 69 57 89 38 59 52 39 0 189
155 96 66 33 55 81 72 58 95 70 72 0 155
190 54 25 29 31 58 82 81 94 52 58 0 190
152 76 87 98 79 79 37 23 100 95 72 0 152
120 89 25 28 73 100 43 89 35 24 63 0 120
199 38 28 34 70 62 32 54 43 51 93 0 199
85 84 117 117 68 99 119 81 111 120
112 134 147 176 184 202 240 255 265 288
108 120 155 168 200 220 237 257 277 297
114 125 140 174 194 210 229 252 268 297
105 129 149 172 194 206 227 257 265 295
110 139 157 180 199 219 231 243 260 281
120 121 147 174 185 208 230 250 260 293
119 127 140 160 200 206 225 256 272 290
105 128 140 174 183 217 227 240 272 287
115 124 160 160 180 202 225 244 271 294
106 120 144 163 193 213 227 255 262 280
104 121 146 176 180 204 236 250 277 295
102 131 159 167 196 202 240 256 271 289
115 120 150 170 188 207 232 256 268 288
108 121 156 162 197 213 229 256 271 282
113 140 154 175 188 218 233 252 276 286
116 138 142 161 197 218 224 256 272 289
113 134 159 162 185 207 239 248 272 284
116 140 146 163 198 212 240 253 266 288
111 131 153 177 200 200 228 244 276 296
103 127 152 169 200 209 221 249 276 282
120 135 153 160 184 209 234 249 261 297
102 131 145 170 198 220 230 255 268 297
107 135 148 179 196 205 240 256 267 299
116 132 160 174 190 212 231 251 279 291
107 137 142 167 188 202 222 251 260 286
109 130 157 173 194 213 227 256 276 289
106 122 146 177 187 212 224 259 273 282
119 139 145 179 186 219 224 251 261 298
116 137 156 161 189 205 223 250 276 292
102 124 157 170 198 207 237 256 262 296
106 130 149 160 187 201 228 244 273 287
117 131 155 168 198 218 226 258 270 299
119 135 156 164 188 203 236 250 280 291
102 134 153 180 181 204 235 257 277 282
117 140 160 166 196 211 227 259 263 280
104 120 152 174 190 201 226 252 279 294
113 124 154 160 182 215 228 251 272 299
108 126 147 161 195 201 226 259 276 293
117 134 150 167 187 217 237 246 260 285
108 122 141 169 200 204 220 259 268 283
105 134 144 162 193 201 237 246 274 281
113 131 160 160 184 210 229 253 272 285
105 121 148 165 180 203 230 242 262 283
104 128 145 174 187 215 227 255 268 289
105 126 149 163 183 220 224 254 270 286
115 123 149 161 194 218 220 258 266 287
106 133 157 166 198 210 220 244 260 289
114 123 149 163 184 217 230 246 279 295
113 130 150 173 189 203 227 246 276 283
103 120 140 176 183 200 228 255 273 291
103 137 147 161 191 205 221 259 267 298
118 123 159 161 184 218 233 241 266 292
113 136 146 174 187 215 229 242 280 281
118 120 149 169 200 213 223 247 280 294
105 124 142 170 191 204 237 243 268 300
106 124 148 164 185 212 234 252 270 294
102 121 154 174 185 204 220 240 275 295
116 136 145 171 187 219 220 252 267 283
117 129 158 174 198 205 238 259 271 288
117 126 147 176 185 209 236 249 277 282
115 120 145 163 188 220 223 255 264 290
101 134 149 177 181 201 233 254 277 281
102 139 159 162 192 219 234 242 279 291
119 137 143 161 182 201 240 241 276 295
116 120 147 165 183 216 229 256 268 300
114 126 147 165 191 217 220 255 276 285
118 133 155 169 195 216 239 260 266 283
114 122 152 179 196 202 228 259 280 280
116 136 153 162 199 220 229 253 265 283
103 138 141 176 192 213 237 254 261 282
119 125 149 162 189 219 220 260 274 296
113 132 155 163 197 203 222 248 273 295
118 128 151 162 182 203 229 259 276 291
111 128 147 165 183 212 226 253 275 282
110 128 145 160 198 203 235 250 267 293
100 139 149 180 185 212 221 241 263 284
118 140 153 167 200 210 237 257 267 282
101 134 157 168 184 210 224 251 276 292
117 122 160 164 192 219 235 253 263 300
113 140 143 179 194 203 234 244 260 283
100 120 158 172 191 202 228 243 268 285
106 125 151 168 185 218 236 249 279 298
116 122 158 169 197 215 228 242 261 293
107 129 154 162 190 201 223 248 262 290
112 127 154 164 186 213 227 241 264 299
114 140 154 164 200 219 221 245 269 283
105 121 154 180 198 205 220 251 276 293
115 128 151 174 199 206 223 251 280 296
102 133 152 172 183 215 220 243 279 296
107 123 140 168 182 218 237 246 267 297
107 138 153 164 199 218 232 250 263 291
105 132 149 165 196 218 231 260 276 290
110 135 143 170 194 209 221 256 272 300
117 131 140 174 184 214 228 247 277 295
105 125 151 160 185 202 232 250 271 290
100 134 160 174 189 211 229 240 271 296
118 123 159 174 191 215 228 244 268 291
118 123 141 177 191 203 227 247 272 294
118 134 154 168 196 218 221 258 262 297
101 121 157 180 182 210 226 250 260 292
114 124 150 172 196 212 238 257 277 282
103 136 160 161 197 207 222 242 265 280
114 134 151 173 188 203 235 244 277 287
114 134 146 176 195 209 220 254 269 299
117 120 154 171 188 212 224 257 264 296
115 127 145 165 199 203 220 248 260 286
112 132 148 178 182 203 234 252 262 284
114 138 160 180 184 217 235 253 269 287
104 131 157 169 181 206 223 249 268 298
120 140 151 170 193 202 225 251 274 295
101 133 152 172 193 204 232 240 278 286
118 123 154 171 192 219 232 249 278 291
119 134 151 160 196 212 233 251 271 297
114 122 141 178 183 216 230 256 260 283
116 136 154 167 181 219 224 253 271 297
110 122 141 167 191 201 231 252 273 298
107 138 150 161 194 218 220 242 265 292
109 126 159 170 190 209 220 259 271 300
112 125 154 165 188 201 229 240 278 295
104 132 156 177 183 203 229 253 266 284
111 137 157 176 189 218 238 258 278 295
107 120 146 169 196 207 227 245 266 288
117 123 157 176 196 201 235 241 263 297
117 122 156 178 200 220 234 248 273 297
113 124 151 160 182 213 223 241 276 294
104 130 150 172 193 217 228 244 278 290
117 131 140 161 194 203 228 248 279 280
100 138 150 179 184 203 220 254 279 291
113 133 141 171 185 217 227 247 265 297
102 132 154 178 183 202 226 241 260 291
107 131 149 170 191 212 228 256 269 280
106 127 140 161 200 214 223 257 270 284
116 125 155 180 181 200 240 254 267 284
119 133 153 164 192 213 233 247 265 290
112 123 148 160 197 210 228 253 268 283
108 135 147 164 183 202 239 259 275 286
119 137 156 171 189 218 231 254 277 287
110 120 140 171 197 218 221 257 274 292
112 130 151 174 180 209 237 240 263 281
109 135 149 166 197 202 231 242 280 296
101 133 146 164 191 202 235 246 278 290
107 138 153 180 188 219 226 259 278 283
111 137 150 166 191 212 226 260 277 282
114 122 159 160 192 209 240 241 275 286
116 136 150 167 182 216 221 254 262 294
104 120 155 171 187 214 229 253 264 286
118 132 148 163 193 209 239 258 266 287
118 124 151 178 180 202 233 242 269 300
113 139 156 178 181 200 224 259 273 294
117 127 153 160 191 215 224 246 268 281
109 124 156 177 185 212 235 240 269 280
110 122 149 161 195 201 240 258 279 299
110 136 150 161 184 216 239 249 275 296
110 138 150 161 182 205 232 255 277 280
120 133 145 163 198 205 221 254 280 292
105 135 155 161 196 210 230 250 277 299
108 127 152 172 189 217 231 252 262 296
114 126 146 160 189 212 237 253 276 288
119 122 156 175 184 208 222 252 279 285
105 122 146 161 183 213 234 252 265 291
113 130 149 175 188 210 230 258 262 281
104 122 151 163 183 210 236 256 273 290
100 139 157 174 193 219 231 247 271 291
103 135 159 162 198 205 230 256 273 280
115 128 156 167 200 209 225 244 263 293
100 125 140 162 198 218 220 245 266 285
115 132 151 163 181 213 236 243 266 292
110 120 143 175 186 211 231 245 269 288
117 140 158 174 194 201 239 255 269 287
116 120 150 172 192 211 232 242 267 284
116 122 142 176 191 212 240 256 265 284
119 123 153 173 198 217 235 249 268 281
117 133 152 175 187 210 237 257 273 286
103 137 156 164 182 206 223 247 262 288
120 131 144 160 189 220 237 243 279 283
102 137 145 177 198 205 225 253 270 282
119 140 148 175 182 208 223 251 268 295
104 139 159 160 189 203 234 244 267 295
108 137 145 174 188 209 226 249 276 283
116 131 158 165 180 204 238 241 267 291
110 121 148 161 186 200 229 256 273 292
103 127 146 174 180 218 221 244 266 294
113 127 147 169 185 216 230 245 274 290
101 129 153 165 191 219 232 258 276 287
102 132 148 161 195 202 220 240 264 288
116 125 140 162 196 209 227 241 261 283
114 129 151 169 190 219 231 252 270 285
117 134 146 173 181 200 234 241 265 281
109 138 148 177 189 203 231 250 261 298
100 123 144 173 194 200 228 258 268 296
114 120 142 175 199 208 237 248 273 287
111 135 152 165 188 204 229 240 263 297
115 137 147 172 197 207 230 260 263 286
107 137 154 167 195 213 223 253 272 293
120 129 153 172 183 219 226 256 280 281
114 130 143 168 180 209 232 258 280 288
109 129 145 180 181 220 239 253 272 288
116 124 158 180 188 201 232 248 264 283
103 122 154 169 180 203 220 248 267 285
117 137 146 162 184 211 221 257 278 298
102 127 147 165 180 213 234 241 260 289
113 124 147 168 198 216 233 242 267 300
111 139 144 163 187 207 233 244 272 295
109 138 144 180 197 218 227 247 266 295
111 122 149 178 181 207 233 247 266 299
100 130 149 163 189 220 227 254 265 296
118 131 151 178 193 201 225 246 274 282
119 128 155 162 188 205 233 251 276 292
115 134 141 163 192 202 235 259 267 288
118 133 151 177 182 212 240 252 263 284
105 121 148 172 181 215 233 243 276 292
106 134 150 165 184 219 222 250 268 299
111 135 142 175 188 208 238 255 280 291
118 125 141 161 195 204 233 259 265 282
104 131 151 167 199 207 231 250 273 284
112 130 160 162 200 208 221 248 280 292
116 123 156 166 198 217 232 255 262 280
106 130 142 173 197 200 220 248 261 282
107 126 149 160 186 215 222 258 263 294
113 133 140 167 199 218 237 255 274 282
105 122 148 162 183 220 234 249 260 291
108 129 148 162 192 216 234 253 268 296
112 125 144 177 198 203 239 245 262 285
109 132 157 178 186 213 234 249 263 285
114 120 143 179 180 214 236 240 268 298
107 139 148 161 191 213 231 254 280 282
118 140 149 166 185 218 222 251 270 299
106 136 149 160 181 204 228 241 262 288
118 131 140 170 197 214 237 253 264 290
113 136 142 169 196 205 226 242 266 282
116 130 146 177 198 209 230 256 279 299
112 132 160 163 191 201 220 260 279 295
119 121 148 175 196 208 230 257 262 287
112 136 151 173 187 200 235 254 275 295
104 127 155 164 200 215 221 249 263 299
107 125 153 175 196 205 232 259 276 296
108 125 150 174 186 217 221 245 280 284
108 127 146 162 195 207 226 253 262 295
104 140 142 164 186 200 227 242 269 291
100 127 143 170 197 207 233 245 264 292
102 137 155 167 193 202 225 249 280 283
119 124 157 177 189 206 222 248 271 281
107 129 159 179 199 216 236 254 278 282
108 133 156 174 195 202 237 243 267 286
116 133 156 161 196 209 220 248 267 280
104 120 143 160 186 210 225 255 263 293
117 131 143 169 182 210 229 240 273 285
106 123 146 160 183 210 228 252 265 298
104 126 150 176 192 202 236 256 278 290
103 139 150 162 195 219 226 240 265 297
120 121 142 163 197 201 229 241 269 297
101 129 159 171 191 201 237 250 278 288
110 128 149 173 198 211 233 246 260 280
117 139 157 171 183 212 223 251 268 281
103 131 144 167 192 215 228 247 279 294
114 128 157 160 196 218 220 249 278 288
106 133 144 163 190 206 220 254 279 292
119 136 148 166 183 200 232 241 270 293
115 122 158 179 195 210 240 250 280 280
108 124 152 177 181 212 221 258 265 292
120 134 155 168 198 211 229 248 269 295
105 124 160 165 184 219 220 260 276 295
106 120 146 174 195 208 229 249 276 283
110 136 158 170 193 209 227 248 272 282
111 128 148 177 187 200 230 253 273 284
112 120 158 173 187 205 240 241 280 294
101 134 146 169 190 219 225 241 275 286
120 132 153 173 182 212 225 246 263 298
118 124 158 163 184 202 222 245 279 283
114 124 158 160 188 200 222 245 279 288
107 138 151 163 199 210 233 250 270 298
117 134 152 168 200 205 235 242 272 284
117 132 149 167 191 203 223 255 270 285
103 120 154 173 192 206 235 252 274 281
120 137 143 179 193 219 240 257 262 298
117 122 148 169 188 211 237 255 275 295
118 130 146 165 200 208 238 246 266 298
120 129 143 160 190 208 237 247 276 280
106 138 157 179 185 216 238 242 276 290
111 132 148 174 191 209 236 260 274 300
119 135 156 178 188 211 221 253 278 300
100 130 153 171 188 220 226 247 268 280
112 125 160 165 200 217 233 260 273 291
116 130 145 160 192 206 233 244 261 291
102 132 156 174 180 209 238 249 270 300
104 136 158 165 197 209 221 258 275 299
116 129 148 173 199 202 220 256 274 299
105 122 152 170 194 206 235 260 261 281
115 139 143 178 184 214 231 255 261 288
116 140 153 171 195 209 237 248 270 283
108 134 149 175 186 217 228 248 269 285
101 136 146 165 196 213 220 255 260 296
120 122 141 178 181 212 228 252 274 292
115 134 144 175 199 206 220 259 271 284
100 128 146 174 199 206 228 254 274 284
118 126 156 177 191 219 233 250 261 299
117 128 141 161 183 217 228 260 269 280
112 122 149 167 188 214 230 250 271 293
101 126 145 169 192 201 237 260 280 281
113 129 160 166 186 206 228 240 272 293
120 132 144 165 188 210 238 256 277 280
104 140 152 166 200 207 221 259 267 291
110 123 151 174 187 205 224 243 277 295
119 125 156 171 190 201 235 255 275 292
118 126 145 177 196 216 230 248 277 281
106 121 153 161 194 212 223 260 276 284
106 133 152 162 181 213 226 255 275 291
119 122 148 168 193 206 228 254 273 284
115 130 159 161 193 205 239 252 261 291
115 134 141 170 191 218 225 246 280 296
112 130 142 171 196 216 232 247 275 290
115 124 158 180 189 217 239 256 261 281
111 135 148 171 198 214 238 255 266 298
118 138 152 160 200 208 233 254 277 288
117 136 143 165 197 207 234 249 276 284
105 129 159 162 187 218 230 243 275 295
106 128 151 169 194 211 240 258 268 282
100 136 144 168 190 215 225 260 276 296
101 128 150 173 183 212 229 260 260 295
116 132 142 177 200 219 238 256 261 292
111 128 159 176 187 209 227 259 262 292
110 123 143 177 198 210 223 257 270 292
112 131 147 176 187 202 223 251 266 288
119 135 148 163 180 219 228 247 266 296
112 134 153 164 195 208 220 258 264 288
120 132 145 164 198 201 238 249 268 293
106 139 147 164 193 208 228 246 276 290
108 138 152 161 190 201 225 242 265 280
113 140 145 174 199 200 239 250 280 281
104 131 151 166 197 207 229 250 275 280
104 125 157 174 182 205 234 254 276 297
110 121 158 162 189 204 237 240 268 281
107 121 141 162 185 214 227 256 273 284
113 128 148 174 186 210 227 245 260 288
100 134 151 160 200 204 228 242 269 288
118 131 158 177 183 207 240 250 273 285
115 137 159 179 191 217 231 240 272 282
109 135 157 160 195 205 220 242 273 281
105 124 159 176 200 219 237 252 264 299
107 138 140 163 183 206 238 250 263 281
110 139 144 161 198 203 227 248 274 296
111 123 151 167 195 216 232 252 273 295
105 120 152 161 181 204 228 259 269 300
119 129 142 170 188 209 234 247 265 284
109 124 148 170 199 207 231 256 274 290
117 139 140 178 185 217 223 241 266 298
101 135 143 168 181 214 234 243 268 282
110 137 146 180 197 202 233 245 278 295
104 134 152 168 196 216 221 249 266 294
116 137 156 171 188 209 224 253 262 282
107 129 144 176 197 213 227 257 276 291
108 132 145 169 193 208 232 256 266 285
111 135 159 165 200 201 227 241 273 288
117 127 154 179 200 211 231 260 270 282
108 129 153 172 190 210 227 241 268 286
114 139 149 166 191 215 239 245 274 294
100 135 160 171 182 201 232 250 266 294
111 132 148 167 184 210 233 258 272 298
108 122 146 170 188 220 229 247 276 281
111 139 145 173 192 219 239 256 267 292
105 126 156 169 194 212 220 255 265 288
102 126 147 179 186 201 240 250 277 280
115 125 159 164 182 213 222 248 261 287
102 132 150 164 180 206 240 251 272 280
114 120 149 175 198 214 222 252 270 288
117 140 143 167 200 204 232 244 272 294
120 127 147 170 198 215 239 256 275 289
108 120 144 173 198 203 227 241 262 284
110 138 149 178 200 220 226 247 263 281
111 133 159 177 193 213 234 244 276 297
120 121 149 161 199 219 235 253 270 299
106 132 155 175 189 211 221 250 260 290
104 137 157 178 197 213 239 244 270 292
118 120 141 176 193 217 238 242 261 293
100 127 151 171 184 211 226 255 270 292
120 124 147 165 195 219 229 241 279 290
114 132 147 166 191 212 230 243 267 296
119 139 143 175 194 200 239 240 280 286
103 134 156 166 200 217 231 255 277 299
111 138 148 164 190 213 220 256 262 289
120 130 159 166 186 209 231 260 268 291
120 134 143 174 182 202 237 245 279 286
108 134 141 166 196 200 225 258 264 299
117 121 160 169 183 215 231 254 273 292
109 122 157 165 196 217 232 255 267 296
111 136 150 177 182 220 237 254 262 287
104 140 151 178 186 215 223 252 270 282
105 125 145 164 189 208 221 254 278 285
107 125 142 176 189 211 222 244 267 289
115 140 149 177 182 217 225 254 278 299
108 123 158 165 180 219 233 259 279 287
110 133 154 169 187 216 230 252 266 280
107 128 156 174 197 220 227 244 278 296
115 126 153 174 192 201 234 259 268 293
110 127 156 177 193 213 236 259 279 288
118 133 152 171 195 213 238 243 262 285
119 134 152 179 191 213 235 253 273 293
106 121 144 175 188 213 240 241 276 297
112 125 145 173 183 210 221 252 273 292
118 127 154 173 190 213 220 250 275 288
120 129 160 164 189 214 238 252 274 298
116 130 148 168 197 205 238 254 276 291
106 131 147 179 183 215 222 253 277 289
117 134 144 180 180 214 223 245 262 283
106 129 159 165 191 208 223 254 271 287
109 135 154 164 185 204 235 257 265 290
111 129 146 169 191 209 233 243 262 292
118 123 143 180 180 210 226 246 277 297
118 133 155 178 186 218 228 246 269 293
117 132 157 170 199 212 222 247 267 283
105 123 155 165 188 208 238 246 276 291
112 139 160 160 198 202 223 254 278 288
112 131 154 180 191 205 225 256 271 292
112 129 153 172 200 205 221 247 274 282
115 124 140 162 197 201 231 256 277 284
105 132 143 161 191 218 222 240 277 285
104 135 152 175 186 208 240 245 264 284
113 123 143 179 183 216 238 247 267 299
105 121 148 160 188 208 231 256 280 293
112 136 158 166 187 219 236 250 267 289
111 128 148 160 194 210 230 248 270 283
112 131 145 170 187 215 226 250 263 286
101 137 143 175 195 203 237 240 265 284
116 140 157 180 190 205 224 242 269 289
120 129 155 163 193 215 234 251 267 285
117 136 142 165 192 202 229 255 264 295
101 123 152 161 181 212 224 246 266 283
107 126 147 178 200 200 224 250 272 280
120 124 142 166 192 206 237 245 277 283
106 132 154 164 180 203 232 248 274 280
118 129 159 176 183 201 236 247 261 282
115 123 158 173 189 213 230 243 272 284
115 131 142 169 190 212 227 254 267 292
119 130 149 174 180 210 235 257 269 293
100 139 149 166 192 207 227 240 269 288
109 133 150 165 185 208 228 259 264 284
107 120 155 161 199 213 235 245 262 297
114 135 146 166 198 204 222 242 270 293
119 137 142 161 198 202 225 258 274 297
118 130 148 164 190 212 230 254 267 294
106 138 145 175 181 202 220 245 278 297
118 128 158 164 199 213 221 258 275 294
107 132 156 180 184 217 223 241 265 282
114 125 144 167 196 207 238 252 266 299
110 127 141 177 189 213 234 246 272 299
116 128 155 177 196 204 239 260 269 281
117 140 158 168 195 215 223 251 266 280
100 138 160 169 191 211 230 242 267 289
120 121 150 179 191 200 223 244 274 292
110 132 145 175 189 200 226 245 273 289
106 121 146 165 184 217 220 253 279 288
107 132 153 170 200 207 222 256 278 286
107 138 145 165 181 212 237 251 260 290
103 136 152 172 191 203 229 246 277 295
101 128 144 166 200 213 233 252 280 295
116 120 145 163 193 213 228 260 268 293
112 132 158 165 200 207 230 259 269 291
113 135 157 166 200 211 235 248 266 298
120 126 140 172 199 204 233 257 280 284
103 132 157 171 189 215 224 240 262 292
111 133 142 164 200 216 237 258 260 295
118 129 156 170 199 210 227 254 263 286
100 125 159 164 185 220 237 254 280 293
101 134 141 173 198 202 226 255 269 281
119 138 141 180 199 203 220 247 267 297
107 125 158 172 187 202 234 244 264 298
110 123 156 173 188 214 232 249 275 299
105 138 145 170 189 204 224 254 273 281
103 133 150 177 196 201 224 248 272 282
102 128 156 179 180 207 232 244 272 285
114 125 154 172 200 207 232 246 275 286
108 139 159 164 195 211 239 255 264 290
104 138 155 172 193 206 222 258 271 299
103 140 157 176 198 206 226 256 273 285
108 124 140 165 184 216 234 247 271 298
111 122 150 168 183 210 222 249 265 281
114 132 144 166 189 210 240 247 271 287
100 128 152 161 187 204 228 255 264 287
109 130 145 169 182 210 240 252 276 282
120 127 140 165 199 213 223 260 260 285
116 129 155 173 182 210 223 253 266 296
110 133 160 164 189 209 224 251 273 296
112 127 157 170 196 219 239 258 265 296
115 130 155 177 193 214 237 247 271 293
113 127 144 177 187 204 226 260 273 290
119 126 159 178 191 211 232 255 265 286
102 131 158 162 184 205 240 249 273 295
107 123 140 161 182 219 240 260 274 291
106 130 150 161 190 206 239 260 278 280
103 124 160 167 198 210 227 255 272 293
104 127 146 175 188 215 220 245 264 287
115 135 147 171 193 217 231 246 279 297
105 123 157 163 183 201 225 258 265 288
117 127 154 175 189 202 221 247 280 287
112 120 152 169 198 206 227 260 276 289
118 134 154 162 198 214 230 248 266 287
107 120 156 168 196 214 240 242 271 288
102 140 140 177 197 215 223 248 273 280
119 138 144 161 194 200 237 243 274 282
104 135 142 161 194 204 222 258 260 294
105 120 144 163 191 203 231 243 261 282
100 130 146 175 182 219 234 256 276 292
112 129 149 168 193 219 222 243 260 282
105 137 143 165 182 202 235 244 274 297
109 131 155 161 191 202 222 241 266 288
117 133 154 179 185 200 223 248 267 295
105 129 150 179 195 210 239 248 271 295
101 139 143 169 200 213 228 252 279 283
111 132 148 167 188 220 223 247 261 291
103 139 147 163 185 219 239 245 277 285
107 138 141 169 181 202 234 241 272 295
116 120 160 160 197 211 220 254 266 290
100 125 151 168 182 213 227 257 280 286
114 126 140 165 181 206 224 253 272 294
117 137 154 161 186 200 223 251 275 290
120 128 140 171 187 211 227 260 264 280
106 136 151 163 200 203 222 247 267 293
104 130 154 174 181 209 226 244 261 294
103 120 152 180 182 209 239 240 262 294
114 139 147 180 185 208 230 258 278 290
111 135 147 170 191 211 226 256 266 299
111 129 155 166 191 211 226 259 269 283
120 137 151 175 185 210 222 241 262 281
110 123 159 176 181 208 237 244 261 292
115 139 149 179 184 209 238 257 277 300
111 132 160 178 192 217 233 252 277 287
100 123 147 162 192 207 232 249 277 284
107 138 149 166 196 204 235 259 263 293
120 122 141 161 199 215 225 246 261 289
115 121 154 165 184 209 228 240 263 296
114 128 155 160 185 203 226 256 261 288
115 124 144 161 188 219 230 257 276 293
102 122 149 170 189 218 235 247 278 285
118 126 148 180 197 216 239 255 267 293
112 123 148 171 195 213 235 255 272 300
109 126 141 172 180 207 235 243 280 281
110 123 141 170 200 200 226 248 262 286
110 123 145 180 199 205 222 244 267 285
109 128 150 164 185 216 228 256 266 292
102 137 151 170 191 208 235 246 278 292
117 134 153 160 199 213 232 259 263 284
116 135 146 180 191 208 237 241 263 289
118 130 155 172 198 220 233 256 279 282
107 125 154 179 194 212 231 241 266 299
115 120 141 167 186 211 240 244 260 285
111 132 150 174 197 200 230 260 271 296
118 136 154 171 180 205 233 248 274 281
106 120 150 161 198 214 220 245 269 291
104 129 147 165 199 207 229 247 272 290
114 124 158 164 198 216 224 243 270 290
101 121 143 167 184 218 229 242 275 300
113 140 140 162 187 206 232 240 271 290
111 121 160 162 184 204 232 259 260 295
102 120 147 168 182 219 227 246 275 287
118 138 156 178 198 212 235 241 261 280
109 130 156 180 182 200 229 252 260 282
115 133 146 179 193 202 221 256 260 291
103 128 156 161 193 209 222 260 270 280
110 128 146 161 190 217 234 251 277 282
116 139 157 179 200 204 230 252 260 295
112 125 141 173 185 203 235 258 262 287
111 123 152 162 197 216 225 255 268 298
112 122 148 160 190 204 236 244 280 297
115 123 154 178 183 208 231 245 273 293
112 121 145 173 191 217 236 240 269 284
100 135 148 164 193 208 227 250 277 284
100 129 159 171 188 220 220 240 273 299
111 121 151 162 185 215 222 256 261 286
108 122 154 174 191 215 235 256 280 280
111 139 147 172 187 218 223 241 262 281
106 121 153 179 186 202 223 242 278 289
105 133 149 177 198 206 222 253 268 283
116 132 148 168 180 217 229 259 278 290
112 127 157 168 189 220 240 254 262 294
100 131 149 177 191 218 237 244 264 293
113 140 146 178 192 219 228 242 273 298
106 138 145 177 186 210 222 252 268 299
114 129 148 178 195 202 220 241 277 295
106 133 154 174 187 209 233 251 271 288
117 123 142 163 195 218 234 244 261 289
105 122 156 174 185 210 223 258 275 282
115 127 151 162 197 215 233 250 260 288
111 133 156 165 195 219 223 244 260 282
120 139 146 165 200 218 237 248 264 295
114 134 159 160 188 212 237 242 280 290
119 138 159 180 196 204 225 256 275 286
118 133 147 173 189 204 231 255 274 281
104 125 149 163 195 202 235 257 277 299
110 120 141 176 185 200 225 249 269 282
107 132 140 168 193 216 232 252 260 280
103 131 152 175 196 218 222 256 262 290
114 121 150 168 189 219 231 253 279 281
114 124 157 175 191 203 232 259 269 299
103 137 144 160 180 202 240 258 275 287
114 127 153 167 195 218 220 248 270 280
118 134 142 163 200 219 220 241 275 287
112 138 142 173 187 215 233 259 263 293
118 131 148 168 200 216 228 245 270 294
119 136 155 175 200 203 227 254 271 280
103 132 150 171 192 213 229 259 278 288
111 128 144 173 198 208 230 240 263 284
103 136 158 169 183 207 227 258 277 289
101 122 150 169 190 211 235 242 280 287
112 126 144 168 191 212 237 246 265 285
117 124 147 161 197 209 226 250 266 287
116 124 150 176 191 210 235 259 270 284
111 138 140 179 195 206 229 250 264 296
107 126 153 172 191 202 225 241 272 280
117 126 151 176 192 214 231 242 268 299
102 137 153 160 182 205 234 251 280 283
120 129 160 168 196 201 235 250 280 299
108 128 148 160 186 210 225 252 275 286
103 120 147 168 181 209 229 240 261 295
101 133 152 167 199 218 239 250 276 288
108 140 154 174 181 211 224 256 264 285
105 137 141 167 190 201 236 246 277 293
118 123 158 167 186 204 237 246 277 290
103 139 157 171 180 220 225 250 278 299
117 127 151 179 189 200 221 257 269 290
107 125 151 176 188 218 227 240 276 286
103 135 159 161 185 211 233 243 270 300
100 126 148 166 196 200 227 260 264 289
101 124 147 180 196 217 236 259 268 282
119 123 153 163 200 201 227 249 271 300
112 121 151 163 195 212 229 256 271 289
111 138 149 164 197 216 238 252 261 297
105 138 158 161 187 209 237 254 272 289
109 121 156 171 183 200 229 248 279 282
110 121 146 174 191 220 224 253 266 294
117 132 143 175 200 220 234 252 275 294
105 125 143 171 197 216 232 248 261 285
102 137 160 180 194 208 229 242 266 285
109 120 151 173 200 214 234 256 262 282
116 137 157 165 193 204 237 240 267 300
109 133 151 164 198 202 239 244 271 290
104 130 147 171 181 209 240 251 262 285
105 131 159 169 181 200 240 251 263 299
101 140 147 169 196 220 222 253 267 298
105 131 157 171 189 215 225 247 271 294
109 130 160 178 199 210 236 260 277 281
117 131 159 175 186 212 238 248 279 282
113 134 158 178 200 213 228 251 266 293
118 130 149 179 199 206 223 246 267 293
105 126 142 160 182 206 226 242 270 289
120 135 147 175 184 204 237 244 274 292
114 127 158 167 199 206 231 241 278 296
117 135 159 160 192 220 223 254 275 297
108 124 153 180 197 218 233 248 280 290
101 137 143 164 181 217 220 243 275 287
111 122 144 176 189 218 225 242 262 286
111 129 154 165 189 216 233 254 265 296
113 123 143 168 198 212 227 241 264 300
117 134 157 166 193 206 227 248 273 299
110 131 142 165 195 207 224 249 261 282
100 130 141 161 196 204 238 242 274 296
115 133 153 161 190 208 232 245 275 292
120 130 158 163 191 201 234 244 273 296
117 140 149 164 188 203 229 250 268 295
102 133 153 164 193 204 225 260 274 287
116 125 142 171 193 216 227 249 262 285
114 136 140 172 190 217 232 242 277 280
117 140 158 171 191 203 223 252 261 298
116 127 140 167 180 211 232 257 262 296
100 123 140 168 198 208 239 251 260 292
102 128 155 176 191 217 225 244 276 280
105 137 160 164 189 212 222 246 270 287
116 136 140 168 197 218 220 255 263 297
112 129 142 166 191 204 233 254 268 281
108 121 157 161 188 219 224 255 277 288
105 133 148 165 192 201 233 240 262 293
100 139 156 179 186 210 236 257 267 293
110 136 145 180 191 219 239 260 261 281
111 134 147 165 183 212 229 251 268 291
120 133 146 174 186 213 230 249 277 288
119 137 150 164 197 220 220 252 270 282
117 140 141 176 182 211 227 259 273 300
115 129 151 165 191 214 229 246 264 291
110 121 157 179 188 218 220 244 263 289
116 136 153 175 199 219 238 247 262 283
101 136 140 176 187 208 227 260 262 296
112 122 156 171 185 217 226 249 272 283
100 127 152 174 190 204 221 243 261 284
105 128 160 161 196 209 226 251 275 284
104 126 156 175 184 220 222 242 270 290
116 130 148 160 192 220 234 260 263 294
109 139 144 162 195 214 235 245 278 296
115 135 152 162 180 212 234 240 276 283
105 123 158 173 190 208 228 241 276 291
106 137 144 178 191 216 229 250 275 298
107 139 149 162 186 211 220 251 262 292
102 128 150 178 198 212 240 256 279 291
101 138 145 172 199 211 237 256 265 287
115 123 157 171 185 214 232 249 275 292
111 128 151 171 189 215 222 252 271 298
109 123 150 161 186 206 236 255 271 293
104 124 156 160 191 207 226 246 261 289
114 133 150 177 182 201 229 248 269 281
117 129 151 161 193 217 226 255 271 288
113 121 144 174 191 219 225 252 270 282
113 123 140 168 200 209 228 240 279 283
112 121 143 178 184 203 233 260 273 297
101 128 149 171 185 205 236 246 265 289
104 139 144 173 194 217 223 251 262 297
120 130 153 168 195 218 223 252 277 288
119 130 152 174 189 212 231 256 260 287
110 124 149 168 197 204 228 248 272 281
112 136 146 166 180 211 225 254 268 297
106 134 145 174 190 210 236 252 270 280
119 123 153 179 200 214 234 247 271 296
119 124 142 168 186 206 225 244 269 291
105 124 142 174 190 215 233 252 260 290
104 125 157 166 186 202 225 249 264 297
100 128 150 167 197 209 234 260 270 291
102 126 157 180 186 220 228 260 270 298
104 129 160 177 189 211 228 240 274 281
109 132 154 174 182 214 240 246 266 292
110 127 148 166 187 200 237 250 268 285
111 135 144 173 200 215 239 247 273 293
100 137 145 169 184 207 221 255 279 282
104 132 154 163 187 216 225 246 265 284
110 121 147 160 187 211 239 253 275 299
120 130 147 175 182 203 226 248 279 281
100 138 152 171 187 211 239 251 280 280
115 131 153 175 187 211 232 253 266 297
104 129 155 165 200 200 226 249 265 291
100 120 155 162 183 218 240 258 275 300
109 133 142 170 190 220 231 244 264 296
115 139 147 180 184 200 220 255 280 281
102 134 148 177 200 201 239 247 273 289
102 120 144 161 186 215 230 250 273 291
107 127 150 175 190 218 238 258 266 290
103 137 153 170 187 218 230 240 277 289
110 131 147 178 182 212 232 258 278 295
114 123 149 168 191 201 220 249 274 294
108 138 158 178 185 202 221 256 262 291
115 129 144 176 183 202 237 246 276 294
119 128 146 178 185 215 229 259 274 284
114 134 151 163 199 212 234 244 278 285
117 125 160 180 182 220 240 254 260 289
103 125 153 170 182 202 240 251 272 294
109 140 157 164 190 204 221 243 262 295
112 131 143 165 195 208 230 258 279 283
106 122 159 176 192 200 235 259 265 283
113 132 144 167 200 206 234 253 272 288
120 137 151 164 195 202 234 247 275 286
103 123 141 162 189 213 235 256 270 282
103 137 152 176 183 201 224 250 269 284
116 136 159 171 197 216 236 252 277 285
115 135 156 163 189 202 235 254 266 284
117 138 154 172 188 205 228 259 264 281
105 138 153 176 181 216 226 251 264 291
120 134 146 163 181 216 237 260 263 284
111 120 158 177 192 215 224 260 267 294
118 137 156 161 180 209 231 258 278 286
108 136 157 162 194 204 226 247 270 293
102 138 143 169 190 208 220 253 266 292
104 125 149 175 185 204 232 247 266 287
101 140 145 179 199 216 236 250 262 280
108 134 152 180 187 213 229 242 276 289
113 121 158 173 195 210 228 258 274 291
100 132 151 161 187 211 232 256 261 298
109 130 154 174 190 202 222 252 274 291
105 121 157 175 194 203 236 252 273 297
117 122 152 173 200 209 221 246 267 297
118 126 142 168 181 204 238 249 270 293
100 125 153 171 199 214 221 247 271 298
116 121 150 161 187 219 239 260 267 282
112 140 156 164 194 200 229 248 270 286
106 126 144 163 185 209 220 256 278 299
108 139 154 167 194 211 227 244 273 285
103 128 149 174 188 210 227 242 272 294
105 124 158 162 200 204 233 258 267 289
103 136 142 161 192 211 239 260 273 284
109 138 160 173 184 207 237 245 273 283
111 122 151 180 180 217 227 243 274 283
118 130 147 173 185 211 237 242 266 294
112 134 154 170 180 204 229 250 275 299
105 135 155 169 190 210 224 260 279 285
106 124 150 172 198 220 222 251 269 287
107 136 160 175 200 219 240 253 260 286
106 140 142 167 184 219 229 255 275 298
116 133 143 167 182 204 238 242 280 296
119 139 143 169 193 205 240 258 276 280
103 139 156 161 185 214 231 245 280 285
105 133 154 178 189 201 232 253 277 289
110 137 160 180 193 200 230 242 268 285
117 120 155 162 185 218 231 248 272 295
112 126 159 175 197 206 226 240 280 289
105 138 142 171 198 208 231 244 271 285
104 126 146 170 187 204 238 259 270 295
102 134 160 177 199 218 240 243 274 284
108 126 150 161 190 211 224 241 270 291
117 120 146 163 186 210 229 242 267 290
108 128 140 162 200 214 225 240 267 300
115 121 158 172 189 216 221 250 268 292
119 140 150 179 199 218 221 241 265 283
105 123 151 169 181 217 231 240 269 282
103 121 157 172 181 215 234 260 265 287
107 134 156 170 196 213 233 257 262 281
110 134 154 171 183 205 222 259 266 287
116 128 142 173 190 210 228 257 260 288
111 127 153 178 181 217 232 255 267 286
118 130 153 161 198 207 239 241 262 285
110 128 158 175 190 214 239 241 271 298
104 131 155 170 186 219 225 240 264 299
109 129 147 166 193 212 233 248 264 286
111 124 141 165 199 217 223 240 268 298
104 140 148 166 182 220 235 254 270 286
114 130 160 161 191 216 221 246 276 280
120 139 145 164 199 200 234 247 268 292
104 130 151 177 183 219 226 252 271 292
102 122 148 163 187 201 221 260 260 296
112 139 151 170 183 207 234 246 277 294
112 121 154 169 200 202 222 240 280 298
114 136 152 164 194 214 227 253 262 298
117 134 143 167 180 208 220 252 271 299
119 137 148 164 187 202 223 242 278 295
102 140 158 179 182 212 232 257 279 284
100 128 153 164 185 202 229 245 270 285
108 137 142 174 200 217 221 246 260 280
101 136 158 165 182 206 238 253 268 291
107 126 150 164 193 215 226 256 266 288
108 133 151 176 181 215 232 247 262 283
102 130 160 175 193 204 233 247 277 283
107 138 145 174 180 201 229 241 276 291
111 121 153 173 197 205 235 255 262 281
105 134 152 177 199 200 237 257 272 297
108 135 154 175 189 216 224 253 278 296
120 134 147 168 181 208 231 250 266 283
100 138 140 162 192 210 228 247 274 285
118 128 153 179 182 203 237 245 271 294
101 130 160 165 192 217 235 242 273 286
113 134 153 173 194 202 238 246 266 291
105 123 159 179 183 211 221 256 262 283
118 132 150 165 183 220 227 253 267 296
119 137 157 178 190 204 237 254 276 284
100 120 150 166 197 210 236 253 276 287
116 127 150 176 180 213 223 249 269 282
105 136 156 173 193 200 221 249 265 282
106 137 147 168 181 212 233 256 280 287
117 130 155 172 193 207 239 251 278 294
104 131 146 160 200 205 221 257 276 294
104 126 157 170 190 208 228 253 265 297
110 139 157 176 194 217 236 244 280 291
120 137 157 165 182 216 237 257 277 294
117 134 144 168 196 207 230 247 269 286
118 134 160 161 186 202 229 253 260 288
100 140 148 162 191 220 240 244 263 283
107 130 154 164 190 212 236 241 272 289
102 131 148 175 190 216 227 259 260 287
111 138 143 168 198 213 221 245 271 298
110 137 153 171 189 212 221 257 262 295
118 125 147 164 196 216 220 243 269 292
106 123 143 171 181 211 221 256 264 281
103 139 148 168 195 209 228 246 274 280
101 134 146 172 200 201 222 241 272 289
119 129 148 171 192 214 229 247 274 296
110 131 151 161 182 206 226 241 260 299
120 132 144 169 192 207 240 258 272 298
109 131 149 178 189 213 220 259 269 282
100 125 152 175 183 220 228 259 264 289
107 135 145 175 199 208 224 253 262 286
106 131 148 165 186 214 220 242 274 291
104 125 158 177 198 207 235 253 269 290
103 126 153 170 196 200 238 243 261 284
102 138 159 177 184 218 230 241 277 295
111 133 145 178 185 214 228 255 279 291
115 131 160 168 194 219 238 240 277 289
114 126 150 160 189 200 240 241 266 282
100 138 153 173 193 219 236 258 276 300
114 129 155 172 198 219 237 257 268 281
103 133 158 160 195 201 220 244 264 295
115 135 148 174 196 204 238 257 267 292
109 122 152 166 183 217 240 243 261 286
104 137 156 175 180 203 223 245 278 296
120 120 154 170 186 206 220 251 272 293
111 131 158 166 189 212 237 260 260 289
119 121 155 176 181 207 222 252 272 281
104 120 144 175 189 204 238 250 268 294
108 128 140 171 199 209 236 255 263 289
102 127 156 179 190 219 226 260 270 291
103 131 157 173 200 206 234 240 275 294
118 136 140 168 195 212 235 258 263 283
116 129 155 167 191 217 225 247 275 284
107 136 157 164 195 204 222 252 271 287
117 140 156 167 182 210 220 255 273 282
102 130 144 166 196 211 229 254 270 285
115 126 147 167 192 219 237 251 268 283
119 132 154 175 197 214 233 253 273 287
115 137 158 162 198 209 224 255 272 295
112 124 141 165 199 204 237 248 265 289
109 130 144 179 191 215 236 259 276 285
113 130 148 176 200 210 236 240 262 295
119 137 152 167 200 201 233 255 280 285
120 127 156 179 181 214 234 243 261 295
109 121 153 170 197 213 232 244 271 297
115 132 142 177 191 216 225 242 271 281
112 121 149 179 184 218 225 240 271 288
107 133 150 171 182 200 223 253 277 282
112 138 152 180 183 208 224 242 280 296
113 138 148 164 194 210 239 245 271 296
108 139 158 172 199 218 224 253 265 299
104 124 150 176 194 202 221 253 270 288
113 132 145 173 188 212 235 240 262 289
111 138 148 169 187 204 231 255 271 287
115 125 148 179 196 211 231 240 268 284
104 135 150 169 188 220 228 245 277 299
104 131 143 177 196 211 231 253 262 297
108 123 155 176 195 206 222 256 264 286
120 126 157 160 183 210 234 242 271 285
116 123 152 172 195 206 230 248 268 298
110 135 145 168 192 202 237 260 280 286
102 132 144 170 192 212 234 240 277 289
106 121 149 179 192 205 235 253 265 289
103 133 146 166 196 202 235 250 277 298
100 124 143 169 181 214 227 248 265 285
104 128 156 165 190 215 237 244 261 297
103 135 151 168 180 214 230 240 260 292
105 137 156 166 196 208 240 253 271 289
107 138 150 173 185 200 233 259 269 286
117 131 158 168 191 220 226 240 274 299
106 129 145 163 181 207 232 255 274 285
120 132 154 172 184 205 228 253 265 293
119 126 153 169 200 218 237 242 278 281
112 140 157 170 195 212 240 249 267 290
113 123 141 160 186 206 220 241 280 286
105 131 146 179 181 204 220 240 279 295
103 133 153 180 200 202 226 256 271 288
100 124 153 165 196 219 224 252 279 296
110 140 160 170 180 201 226 251 278 296
110 124 160 163 192 220 237 257 265 300
118 138 155 176 199 213 224 255 269 289
115 135 145 168 191 218 230 256 279 295
116 133 160 176 197 213 222 245 275 299
118 137 145 177 188 200 231 252 271 281
109 123 151 170 193 205 225 255 271 299
106 121 155 172 198 214 221 247 264 281
120 121 152 180 187 213 228 259 269 289
116 122 158 178 186 208 224 258 275 286
108 123 150 160 194 201 220 252 267 283
108 121 144 167 200 216 226 241 276 280
120 121 148 166 187 212 234 251 267 298
103 136 157 172 183 218 223 253 262 285
110 130 145 177 196 213 228 250 268 293
119 135 160 161 182 214 240 260 266 284
107 129 157 170 181 212 222 252 275 289
103 137 149 180 184 210 226 260 262 287
100 124 157 165 185 201 237 241 274 282
115 123 149 179 200 217 233 253 268 294
104 134 155 167 181 220 232 260 264 300
102 136 141 169 189 215 221 253 262 290
103 128 158 176 195 215 227 249 261 280
119 135 154 180 183 213 221 247 280 298
113 138 153 171 190 213 233 247 277 293
115 135 149 167 188 217 234 255 271 287
111 126 149 180 180 214 233 253 264 289
118 137 155 163 187 201 223 242 272 294
117 126 148 177 184 210 224 254 260 300
119 132 145 172 183 207 238 240 265 283
103 120 146 177 196 211 231 252 270 284
104 140 159 167 185 204 227 252 261 281
119 132 140 161 189 203 231 260 268 286
103 123 146 174 200 212 238 252 262 288
116 120 147 171 198 207 228 249 266 297
105 120 141 179 196 204 229 251 268 281
113 136 145 163 180 215 230 254 276 294
106 123 145 169 184 211 224 244 268 292
107 125 160 174 184 220 227 252 265 290
111 132 150 170 191 214 234 242 265 280
105 126 141 179 182 205 232 249 261 298
115 121 146 160 183 208 230 258 274 287
111 126 142 174 182 207 229 245 260 286
109 129 140 167 190 203 237 260 265 300
120 128 146 170 191 218 240 258 261 293
100 134 140 161 181 215 234 246 277 291
102 128 145 170 200 213 226 246 260 287
110 123 155 164 180 208 223 246 262 283
108 127 160 180 188 202 238 244 275 287
109 138 151 179 181 218 221 244 270 296
119 127 149 161 199 205 236 249 273 286
101 128 143 175 200 216 234 248 261 291
111 127 148 178 190 220 233 246 267 297
113 128 146 174 195 219 230 243 273 288
117 131 155 165 189 214 237 255 260 291
115 134 151 161 198 206 233 257 268 298
110 137 154 178 195 203 227 256 266 298
117 132 154 176 200 205 230 251 279 294
108 137 150 161 189 208 224 254 265 287
104 128 155 161 182 208 238 250 274 280
110 124 156 164 187 201 229 247 272 280
112 123 152 162 193 218 226 253 270 288
100 121 143 180 187 217 235 246 269 288
108 123 144 174 192 204 232 251 262 283
101 120 152 166 189 206 226 251 275 297
109 130 142 171 194 206 234 244 267 280
120 131 148 180 190 204 231 241 260 294
118 120 143 171 194 217 232 246 279 288
113 135 147 174 199 203 237 245 273 286
110 122 160 163 198 211 224 253 263 298
116 133 147 179 189 218 226 256 272 286
18827 22524 24708 29581 30926 33950 40336 42856 44536 48401
16966 18851 24347 26389 31414 34555 37224 40365 43505 46646
14831 16261 18212 22633 25234 27315 29785 32776 34856 38627
13870 17040 19680 22717 25622 27207 29979 33940 34996 38957
18161 22947 25918 29713 32849 36150 38130 40111 42916 46382
18971 19129 23238 27505 29244 32879 36355 39516 41096 46311
16314 17411 19192 21933 27414 28237 30840 35088 37281 39747
11036 13452 14712 18284 19229 22800 23850 25216 28577 30152
15076 16255 20973 20973 23594 26477 29490 31980 35518 38531
12413 14051 16860 19084 22595 24936 26574 29851 30671 32777
13426 15620 18846 22718 23234 26331 30460 32266 35750 38072
16738 21496 26089 27401 32158 33142 39376 42000 44460 47413
12316 12851 16062 18203 20130 22164 24839 27408 28693 30833
17075 19129 24661 25609 31140 33669 36197 40464 42835 44573
21029 26052 28656 32563 34982 40563 43353 46888 51352 53213
21703 25818 26566 30120 36853 40781 41903 47888 50880 54060
21481 25472 30223 30793 35164 39345 45426 47136 51697 53977
14743 17792 18554 20714 25160 26939 30495 32147 33798 36593
19991 23592 27552 31873 36014 36014 41055 43936 49697 53297
14636 18046 21597 24011 28414 29693 31397 35374 39209 40061
15731 17697 20056 20973 24118 27394 30669 32635 34207 38924
13474 17304 19152 22453 26150 29055 30375 33676 35392 39221
18842 23772 26060 31517 34510 36094 42255 45072 47008 52641
16483 18756 22733 24721 26994 30118 32817 35658 39634 41339
14991 19192 19892 23393 26334 28295 31095 35156 36417 40057
13636 16261 19638 21638 24264 26640 28390 32016 34517 36142
19939 22947 27460 33290 35170 39871 42127 48708 51341 53033
14648 17109 17847 22030 22892 26952 27567 30889 32119 36671
22515 26590 30277 31247 36680 39784 43277 48516 53561 56665
17758 21587 27331 29593 34466 36032 41253 44560 45604 51521
16017 19642 22512 24173 28251 30366 34443 36860 41240 43354
14636 16386 19387 21013 24764 27265 28265 32266 33766 37392
20360 23097 26689 28057 32162 34727 40371 42766 47897 49778
15004 19710 22504 26474 26621 30002 34560 37795 40736 41471
11711 14012 16013 16613 19614 21115 22715 25916 26316 28017
20186 23291 29501 33769 36874 39008 43859 48904 54143 57053
19221 21091 26193 27213 30954 36565 38775 42686 46257 50847
15671 18281 21327 23358 28289 29159 32785 37571 40037 42502
12647 14484 16212 18049 20210 23451 25612 26584 28096 30797
15563 17579 20316 24349 28814 29391 31695 37312 38609 40769
18491 23596 25356 28525 33982 35390 41728 43312 48241 49473
13232 15339 18733 18733 21542 24585 26808 29617 31841 33362
20906 24091 29465 32848 35834 40412 45786 48174 52155 56334
14778 18188 20602 24721 26568 30545 32249 36226 38073 41055
11036 13242 15658 17128 19229 23115 23535 26686 28367 30047
15536 16616 20127 21748 26204 29445 29715 34846 35926 38762
16335 20494 24191 25577 30506 32355 33895 37592 40056 44523
18137 19568 23703 25930 29270 34518 36585 39130 44378 46922
19673 22632 26113 30115 32900 35336 39513 42820 48041 49259
15667 18251 21292 26766 27830 30415 34671 38776 41513 44249
11237 14945 16035 17562 20833 22360 24104 28247 29120 32499
12755 13295 17185 17401 19886 23559 25179 26044 28744 31553
17413 20956 22496 26809 28812 33125 35281 37284 43137 43291
12047 12251 15210 17251 20414 21741 22761 25210 28577 30005
16916 19975 22874 27383 30765 32859 38173 39139 43165 48318
20893 24439 29168 32321 36459 41779 46113 49660 53207 57935
15310 18161 23113 26114 27764 30615 33015 36016 41267 44268
16367 19188 20457 24124 26381 30894 31035 35548 37663 39920
16976 18716 22923 25243 28724 29739 34525 37571 39311 41777
13583 14627 17064 20429 21474 24259 27391 28900 32149 32729
14731 15371 18572 20877 24078 28175 28559 32656 33808 37137
17685 23462 26087 30989 31689 35189 40790 44466 48492 49192
12046 16414 18775 19129 22670 25857 27627 28572 32939 34355
17385 20014 20890 23519 26586 29360 35056 35202 40313 43087
15091 15611 19122 21463 23804 28095 29785 33296 34856 39017
21215 23447 27354 30703 35540 40377 40935 47446 51353 53027
12165 13711 15977 17420 20099 22263 24632 26796 27414 29166
22583 24167 30108 35455 38822 40010 45159 51298 55457 55457
16367 19188 21585 22855 28073 31035 32304 35689 37381 39920
19374 25956 26520 33101 36110 40059 44572 47768 49084 53033
19527 20511 24448 26581 31010 35931 36095 42656 44953 48561
11763 13740 16133 16965 20502 21126 23103 25808 28409 30697
16885 18316 21605 23179 26040 29043 32762 37053 39485 41630
11555 13324 15300 17173 19046 22063 23519 26328 28617 29345
12881 14988 16977 18733 23180 23765 27511 29266 31256 34298
16310 22669 24300 29354 30169 34571 36038 39299 42886 46309
23139 27452 30000 32745 39214 41174 46467 50388 52348 55289
14049 18638 21836 23365 25590 29205 31151 34905 38381 40605
14870 15505 20333 20841 24398 27828 29860 32147 33417 38117
17413 21572 22034 27580 29890 31276 36051 37592 40056 43599
10510 12611 16603 18074 20069 21225 23955 25531 28157 29942
17924 21136 25531 28405 31279 36857 39899 42097 47168 50379
15439 16237 21027 22490 26215 28610 30339 32202 34729 38986
14777 17814 21265 22369 26234 27753 30789 34240 36173 40037
15243 17284 20957 22317 25310 28983 30887 32792 35920 40681
16541 20312 22343 23793 29014 31770 32060 35541 39021 41052
11035 12716 16183 18914 20804 21539 23115 26371 28997 30782
15881 17675 20850 24025 27476 28442 30789 34654 38657 40865
20410 26612 30413 34413 36614 43015 44015 48616 55817 59217
20555 23627 26892 32269 34958 41871 45520 47248 51281 57041
19592 25266 28011 30025 36431 39909 42471 45766 48145 53270
19225 24168 27279 30208 35882 39909 42288 47596 50525 53087
15961 19587 20747 24663 28144 30320 32060 37136 39457 43517
12296 13767 14712 18283 19334 22485 23955 25951 29102 30992
19436 23137 27948 29613 34239 37385 42936 46266 50152 53667
12110 16226 19373 21067 22883 25546 27724 29056 32808 35833
18537 19322 24976 27331 30001 33770 35811 38324 42092 45704
20307 21167 24264 30458 32866 34930 39059 42500 46801 50585
13581 15422 17722 19333 22554 25085 25430 29686 30146 34172
15362 18403 23877 27374 27678 31935 34367 38016 39536 44401
22583 24563 29712 34069 38822 41991 47139 50902 54863 55853
19478 25716 30253 30442 37247 39138 41973 45754 50102 52937
14033 16494 18585 21292 23138 24983 28920 30028 34088 35318
13007 15288 16656 20077 22244 23840 25095 28972 30682 34103
17093 17531 22497 24979 27462 30967 32719 37538 38560 43233
20136 22237 25387 28888 34839 35540 38515 43416 45516 50067
18043 21264 23840 28672 29316 32697 37690 40588 42198 45741
18821 22782 26413 29713 30373 35820 38790 41761 44401 47372
14259 17959 21522 23166 24811 28237 30566 34129 36733 40843
22571 26332 28400 31973 36298 37990 42315 47204 51528 55477
10817 14243 16277 18417 20665 21842 24839 25696 29763 30619
17829 18584 23266 25834 29006 33084 35047 37615 41995 43958
22383 25204 28400 30093 36862 39871 43819 47204 50964 55853
20873 22337 25815 32588 33503 39543 42105 46864 47596 51806
15091 17692 20032 21723 23544 28485 29135 32906 35246 38627
17721 19653 22713 26900 30765 32375 37206 40588 43970 47995
18629 24024 26113 28027 33770 37947 38295 42124 46126 50825
13091 15131 19093 20413 22814 25095 26415 31096 32536 36017
20619 23011 28349 30373 34606 36998 42151 44176 51169 54297
15715 19944 23569 26741 27647 30667 34594 38219 40183 42901
19213 23713 27173 30461 32711 37728 41189 44650 48110 51052
13921 15611 18992 21983 25494 26925 29525 31866 34597 37457
19667 20675 26389 29581 32942 33782 39495 40504 44200 49913
21890 22825 29184 33299 37414 41155 43773 46392 51067 55556
20238 22207 27042 28653 32592 38142 39932 43155 49421 52643
10514 13142 15162 17385 19507 21932 23043 24660 28095 29307
17093 19138 20452 23519 28338 29653 33303 36224 40751 40897
13310 18366 19962 23821 24486 27013 29275 33798 37124 38720
20238 23819 25251 30622 33129 38858 40648 44229 47451 53180
19085 24696 28811 33300 34235 37789 42277 45083 48636 54434
11674 14291 16253 18543 20833 23123 24867 27920 29338 30537
17183 20586 22692 26095 32414 34683 36141 41650 43757 46025
15903 17136 21248 24674 24811 27414 32896 34814 36595 38925
16671 18632 21433 22973 26894 29835 32635 34596 37116 40617
17595 19322 23248 25133 30943 32985 35811 39737 42093 44448
18155 22692 24708 27565 30758 33950 40168 43528 46217 48065
16671 19192 21852 23953 26474 30535 32355 35576 38796 40197
16291 17771 20732 25321 29170 32279 32723 38052 40569 43233
19947 23152 26891 30986 32054 37217 42202 42736 46830 50035
15598 19317 21319 23751 28185 28900 33048 34622 40057 42345
15968 21026 23080 25925 30192 31930 37146 38884 43941 45837
13599 17538 19443 22873 23890 27828 28717 32909 35323 35958
21878 27001 29562 32715 37641 41779 44537 51236 54586 55571
15173 16237 21160 21293 25550 27812 31936 32069 36592 38055
12887 15108 16662 18550 20216 23991 24546 28210 29098 32651
13531 15611 20163 22243 24324 27835 29785 32906 34336 37197
21369 23904 26800 29516 34947 37844 43274 46714 48162 51964
21959 23075 28098 33122 33494 37586 43353 45028 50051 55817
16396 20167 22633 25823 26259 29014 32495 37571 39601 42647
21539 23380 28165 29453 35158 39575 41231 45280 49329 51721
20394 23199 29185 33113 34609 39659 43961 44896 50320 52377
15411 17091 20872 22553 27314 28154 33615 36136 39077 41877
20031 24764 27312 29315 33502 39327 43513 45334 50067 53889
11671 14640 15913 17079 19306 21745 24607 27046 29379 29697
21491 23819 25967 29190 35456 36709 39574 45482 50137 52285
14710 18912 21713 22553 27454 29415 32215 35016 38797 41877
21179 24903 29804 33725 37058 42547 45291 49408 51368 58033
12779 14123 16364 17933 21182 23759 26560 28352 30929 32273
21074 21605 27625 30988 32582 36831 39309 44620 49400 50462
15131 17579 21036 23197 26366 30687 33712 36304 38177 41921
14927 17172 19680 23113 24830 27735 30375 34072 34600 37109
17171 20141 24928 26908 30209 34665 38956 42256 45062 47867
11710 16275 18382 20371 22595 25638 27042 28915 31723 34064
16078 21072 24817 25285 30902 31994 35895 39952 42605 43697
19791 22028 26845 28737 34414 35963 38715 41984 45252 50413
16910 21137 23672 27391 33477 36857 37195 41421 44971 48182
20596 23640 27042 29190 32413 38142 42260 43513 47630 52285
20691 22571 26896 32914 34982 39683 43443 46076 50589 54161
20252 24232 27347 30115 33576 34787 41362 44131 46553 49668
15903 16451 20563 23577 26318 28922 31799 33170 36596 38925
12655 13309 15490 19197 20833 23123 26176 27920 28901 30973
13101 13541 16842 19043 21794 23885 25865 27406 29496 30927
15806 17967 20532 23638 25259 28364 32010 34711 36871 38627
16079 21384 24349 25597 28406 32151 34803 38548 40889 44945
12611 13767 15132 16813 19859 23115 24900 25531 29312 29732
13780 18507 19587 23909 26744 27690 30390 34171 36467 38087
14172 16672 17624 20838 21672 24766 26552 29885 31908 35122
12906 17248 19729 19853 23450 25186 29031 30272 33124 36597
12431 15767 16687 20023 21634 24050 26005 28651 31757 32562
17875 20186 24345 25423 27734 31430 36668 37130 41135 44831
20251 22275 27245 29637 34238 36814 42151 47120 50249 53745
12783 15760 18116 21590 22334 27047 27419 30272 33001 36473
14136 15887 18387 21138 23139 27015 28765 30641 34267 36267
12332 15750 18678 20143 23316 26733 28319 31492 33689 35031
16637 21528 24137 26256 31799 32941 35875 39136 43049 46961
12191 13137 14712 17023 20594 21960 23850 25321 27422 29732
19961 22587 26437 29588 33264 38340 40440 44116 47266 49892
20486 23462 25562 30289 31689 35014 40966 42191 46392 49192
18105 22920 24580 29395 31388 33712 38361 41516 43342 49485
15110 18584 21756 26136 29308 30214 34443 38974 40485 44713
15743 16571 19608 24163 27476 28719 32721 34240 37691 39623
20324 24717 27829 30208 34418 37347 41922 43936 48145 54368
17606 20973 22503 26329 30155 31685 35205 39796 40255 43775
11888 15219 17107 18550 21659 23658 24768 28099 30208 32540
19091 20522 24339 27361 29111 34836 35949 40720 44537 44696
19277 21982 24179 28405 30434 35336 39223 43618 47337 48689
15489 18329 20602 25573 25716 31255 33953 35942 38640 40913
14163 15139 19289 21974 22950 24536 28319 30272 32224 34543
19272 22826 28811 31616 33674 37976 41155 46392 49946 53312
20954 24535 26146 29011 32950 37784 39574 46019 49779 53359
17555 21856 25297 28393 30974 36651 40264 41468 44737 49725
12441 13651 16182 18493 21794 23775 25645 26636 29386 33017
15218 19055 19740 22344 25633 28374 31936 33444 37281 40432
17778 22506 23484 29353 32125 35549 37016 40277 43374 48102
17549 19287 23554 28138 28612 32721 36829 39042 42044 47259
10010 13012 14912 16313 18914 22015 22715 25416 26516 29617
23375 25950 29910 35258 38228 39812 44565 48724 54269 55853
13339 14347 17373 18157 21070 22974 26111 28128 30929 32721
13121 15288 16086 18595 21902 23042 26805 29542 30454 32849
20779 23420 26588 31165 32046 37327 42256 44368 46304 50001
15131 17435 21324 24781 26078 30975 33567 35008 39761 42065
14957 18906 21162 23278 25958 30894 31317 35266 37804 42176
18659 22692 23868 29413 31598 34958 39999 42856 47057 48905
17239 18261 20598 23519 28484 29799 34034 37830 38707 41189
15194 19138 22058 24395 29068 30237 33741 36516 39875 41481
18267 21202 26093 26419 32614 33918 36038 40440 45657 47613
21703 23012 29185 31055 37040 40594 43399 47701 49010 52377
20681 25362 27702 33749 38429 39015 42915 48376 50912 55007
12209 14376 16999 18253 21218 24525 25323 29428 29998 33533
17639 20760 21852 26065 31058 34023 36987 39796 42760 44009
14396 16725 20289 22207 25085 30155 32074 34129 35636 39884
16967 20265 23248 25447 30158 33927 36753 39737 42092 46489
12891 14386 16572 20369 22784 23359 27501 28191 30146 32792
13963 16908 20109 22797 23822 27279 29967 31888 33680 36497
14717 15491 18459 23105 23234 27621 30460 30976 34589 38459
20555 26700 28428 30925 36686 40911 44367 48784 53777 54161
14407 17092 18190 20265 22584 26611 27099 30638 32956 36495
13685 17556 19234 20653 23363 26331 29428 31105 33815 37169
16885 18745 20032 24323 28185 30617 33906 36195 37768 41487
20012 24084 25146 29926 34706 36300 40017 42850 47099 49931
13351 14961 16802 20368 22784 24049 26465 29456 32101 34402
15467 18228 22093 22507 26372 27752 30375 35896 38519 40727
12030 12232 14960 17688 19810 21023 23245 25973 26478 29004
18379 22316 24776 28385 30682 32814 38555 41672 45117 48397
19874 24269 29618 31337 38214 41080 42226 47575 50249 57126
13492 15761 19290 22063 24710 25844 29247 32650 34793 37313
19883 23011 27613 32029 34238 39943 40679 45096 51537 52273
18911 22237 25562 28363 34139 36240 39565 44291 45866 51642
11035 14852 15064 17397 19730 21215 24077 25668 28531 30863
12710 16141 18173 21603 25033 26304 29607 31131 33545 37101
17350 23302 26363 28403 32824 34354 38265 42346 47617 48127
15957 16627 21051 23732 25340 27619 29763 33248 36331 37671
16060 19361 23863 26863 29864 32415 35415 38116 41716 42317
14807 18233 21385 23851 26729 27688 32485 33307 36595 39199
12075 13844 16237 16757 20398 21751 22895 25808 27785 29137
14675 16931 20175 22573 26240 29625 31740 35971 37100 41331
14168 15863 17315 20462 22036 25425 27724 29056 33050 34502
12201 14156 16802 18413 21059 24165 26235 28996 30492 34288
16650 20171 24012 28173 30734 32334 37775 40976 44497 46417
11340 15302 16512 17833 21464 24105 24875 26416 29166 32687
15851 15983 18756 21529 26018 26546 30243 31828 35525 39221
16271 20781 25612 27544 30765 32375 38172 40266 44775 46385
18821 21900 25491 29596 33872 36096 39858 42082 44476 47897
18146 21557 24348 26518 28379 32875 34580 38921 41556 43572
14018 17828 19596 22725 26126 29255 31023 33608 37961 40001
13691 15371 18853 19213 23534 26175 26415 29896 33377 34577
17819 22356 24204 27397 31934 34623 36975 42688 46889 49073
18932 21636 23544 26407 29111 31814 36903 38335 42947 46604
18641 19775 25609 29011 31604 34034 38895 40516 45377 45377
16103 18487 22661 26387 26983 31603 32944 38458 39501 43525
19211 21452 24812 26893 31694 33774 36655 39696 43056 47217
17230 20347 26253 27073 30190 35931 36095 42656 45281 48397
20257 22931 27898 33247 37259 39743 43754 47575 52733 54070
11341 14020 16287 17523 19893 21542 23396 25560 28033 29063
13886 16012 18512 22139 23389 25014 28765 31641 34142 35517
15579 16691 21975 24060 26007 28509 33376 33515 38937 40883
10918 14484 15780 18265 20534 23667 24315 26044 29717 30905
12371 13608 15772 17832 18760 21851 23190 25354 27105 30711
22313 23447 29875 30820 34790 38193 41973 46321 52748 53504
20189 21959 27979 28333 33290 35414 39309 43381 49400 50993
17879 23058 25229 27234 33247 35084 38926 41766 45106 49783
14870 17030 19316 21349 25414 26049 29860 30750 34561 36085
15572 17568 19829 22224 25417 27013 29674 33931 35927 37922
11649 13571 17415 19562 21710 23293 26571 28492 30979 31770
24011 27412 28612 35813 38614 43815 48015 51416 52416 59617
21890 22825 27688 31616 35170 39472 44334 47701 51442 55182
21015 23152 26000 29383 35614 37038 42379 43804 47364 53061
20531 22071 24465 27373 32504 35583 40543 42253 47213 47897
10822 14088 16027 18271 18884 22047 24291 24699 28168 29597
11333 13476 15108 17761 19496 21332 24087 26536 27964 30617
12387 14052 16236 18525 19566 21958 22999 26328 28928 31217
15510 20162 23728 26518 29154 34115 35045 38301 41557 43417
18939 21136 27053 27898 33814 36688 39392 43956 46153 49196
19615 21982 24517 27053 32462 34829 39393 41252 44125 49196
12760 16512 19513 21763 22514 26140 29765 31141 33766 37517
11346 14836 17235 17998 21487 22795 24104 28138 29991 32608
21123 23489 26948 31499 36232 36778 40055 46608 49885 54435
17966 20873 26005 29083 33188 35241 40201 44476 44647 48068
20941 25310 26038 32409 33502 38963 42057 46426 47518 52433
18107 21852 23880 26689 30434 32618 36987 38704 42136 44165
18911 23462 26087 30638 32564 37990 39915 43416 47091 49892
19200 25852 27752 31363 37254 40485 41815 48466 49416 56257
14411 14651 16932 21374 21734 25455 27375 30256 32897 35057
20711 24132 25932 31513 35834 37094 39615 46636 48796 51137
18310 23436 26730 31855 36431 37713 41739 46498 50159 51989
20661 22061 27312 30988 33439 38340 40790 43766 45691 52342
14051 15372 16932 19333 21974 26055 27375 31216 32297 33617
21627 23557 28769 32244 36298 41317 44405 48266 52320 56566
16271 20297 23357 27222 30926 32375 38173 41876 45097 45258
15153 17298 21453 22257 24938 27619 30567 32176 36465 39279
21971 24168 26364 30208 34418 38445 43569 46864 50708 51257
18626 25072 27220 29727 35814 37067 39574 46377 47809 52106
13981 15632 19190 22111 23763 26050 28463 30877 35196 37482
21907 23011 28717 31477 34974 36998 43255 46936 50617 53745
18773 20045 23067 28156 31178 34359 36585 39448 44060 44696
14533 16588 20974 22070 26592 29059 30566 35636 37829 38925
12943 16238 18557 19777 22096 26001 27587 31126 33567 35519
15957 16359 19844 22525 25876 27619 30567 34052 36599 38073
21056 23802 29110 29476 35333 37529 43753 46132 47779 53270
15651 18236 19188 23133 25990 29663 30615 33472 38097 40273
13563 15742 17194 20704 23730 26151 28087 29903 33292 35107
11971 12907 16445 18733 19670 22583 24871 26640 27160 29241
13331 16212 17772 20533 23774 25695 28575 30616 31936 35777
16531 19332 21292 22413 28014 29134 32635 35576 38797 40337
17093 19868 20890 24103 28776 30236 34179 36370 40313 41481
18700 22974 28315 28849 33300 38819 40955 43270 48967 52527
13897 16779 19793 22152 25428 27656 31456 33814 35124 36959
18310 24900 26364 30757 34784 39360 41190 47596 50525 54185
16170 20492 24012 27693 29294 33935 36655 41616 41616 47217
13003 14796 15916 19837 22414 24543 26671 28688 29248 32721
16439 18955 23545 26061 27690 30947 33611 38348 38792 43233
21461 23996 27897 34528 38624 40965 43500 50131 52666 56957
18827 22020 24708 29582 31430 33950 37479 42184 44705 48401
18337 20802 22804 25115 27734 33741 35127 38054 40980 45601
12443 14886 16996 18217 21659 23103 24435 28654 29320 31985
20291 22320 24517 27729 33476 33983 40237 42097 45308 49534
13579 17804 18828 21005 24718 26639 29199 31504 35345 37137
12971 16572 18253 19333 22814 24135 27015 29056 31817 33617
14814 18352 19007 22807 26083 26214 31324 32766 36697 36828
11762 14815 17076 18771 22275 23406 25892 28266 31092 31657
13634 16386 20580 22807 23856 26869 30669 33290 36173 38924
14861 16346 21343 21883 25529 27555 32011 32416 36197 37952
20020 22638 26379 30307 34609 40033 42464 47888 51068 53125
18995 21516 24876 29245 31262 35295 38151 41176 43696 48401
16010 21452 24173 25613 32014 32655 36495 38736 43057 46097
12755 14160 17077 19129 19778 22370 25935 27016 29500 30797
15306 18233 21160 23820 25417 28876 30738 31935 36192 37523
12546 15537 18068 18413 22439 23590 25315 27846 31412 32332
11980 14147 18139 20077 22814 24981 27033 28744 30112 34103
19485 25128 25492 29679 33320 37507 43332 45516 47883 51159
15411 19472 20172 22553 27734 28434 31795 34736 38377 41457
13553 15017 18434 20387 23804 26367 28319 30760 33322 36007
19541 22331 28285 29959 33680 37959 42423 48190 50051 55818
12625 13686 15064 18033 19942 22169 24820 26198 28106 30121
14181 16131 19252 22113 25884 26924 30045 33296 35637 37717
19901 23642 23812 30273 31464 36905 37925 40986 45236 50677
18089 24177 25609 30085 32413 38321 41902 43513 47989 50495
12661 15767 16802 20713 22669 23244 26810 28191 31987 33942
18730 24132 27373 30253 35294 38895 39795 44836 47896 52937
17411 20562 23413 25663 28214 31365 33615 37966 39316 42317
13493 16265 18156 22189 24836 26853 28617 32398 34793 36683
18047 22056 24227 28236 32245 34751 38759 42768 44438 47612
18326 22287 26248 27238 33014 33179 37470 39781 45062 47537
12764 13854 16798 19524 21814 23013 25194 28356 29446 30755
20855 24909 29542 33209 36684 40545 43826 46529 51741 55215
18935 23086 24746 27569 31720 35705 39689 40686 45500 48821
15210 20532 24333 26005 27678 30566 35279 38016 40448 44705
18326 21792 24432 27568 30374 34665 38460 42586 44896 49187
18911 21361 25562 29763 32914 38515 40090 43241 48317 49192
13331 16692 17412 20773 23054 26295 28695 30736 32056 35057
17861 21431 26533 28743 32994 36055 37415 43366 45066 48977
13474 16644 19416 23642 24566 26546 31696 33016 36581 36977
22206 24137 30700 31665 35140 41124 42861 47880 50389 55408
18574 24036 27313 29861 32774 37507 43696 45698 49521 50977
13919 14651 18190 21363 24170 26123 27099 30760 32957 35153
16157 19332 19746 23059 27614 28166 32031 33688 37552 40589
15011 15886 18387 21263 24764 26890 29890 32016 34391 36142
19559 21731 26076 31327 35852 36758 41102 43637 47439 51421
14091 17676 19084 22797 25614 28175 28943 31632 33680 35985
20435 24484 29269 32581 35526 39206 43071 44911 50800 54665
14771 14894 18339 19816 24491 26952 28920 31135 33226 36794
12837 15984 18768 21188 22883 25546 26756 30266 31476 35107
14570 19192 21993 24933 27594 29835 33475 34175 37816 40897
21369 21731 25533 31869 34947 39292 43094 43818 47257 53050
10210 12966 15415 17455 18782 21537 23067 26026 27557 29801
21851 22579 26766 30043 35504 39873 41693 43878 50795 52797
21671 25092 27942 31553 36304 40295 43715 46186 50746 56257
20241 23642 24322 29763 32994 34014 40645 40815 47617 48637
11134 14484 16860 17941 21614 23451 24963 27556 29932 32309
12554 15606 16736 18545 21484 24084 24875 28944 29622 32674
17651 19122 23386 24415 27356 30737 33972 38236 39412 42794
17171 19174 20461 24895 26040 28900 33906 35051 39914 40915
16751 20782 21867 25743 30394 31014 34890 40006 40936 46362
19901 20581 27213 28743 31124 36565 39285 43196 46426 49657
18432 20629 26546 27898 33138 36688 39223 43111 45139 50041
19214 23540 25962 30634 31500 38075 41016 43958 45342 49668
13010 17512 18887 22264 23264 26890 27890 31516 33767 35267
13031 15512 17992 20349 23450 25807 27419 31512 34489 35357
18629 21762 24720 30638 32900 36729 38643 42472 46475 50303
20941 25492 27130 32227 33137 39509 40965 46244 50612 54435
17291 19691 25293 26413 28814 35055 37295 41456 44657 45937
18931 22888 26501 29081 32178 37167 39575 43360 45768 48177
21196 25355 30901 34465 39020 43575 44961 48328 55061 58625
17721 19415 23574 26809 29582 30968 36051 39902 41288 45139
21681 25030 30744 34882 38035 41975 46507 51039 54979 56753
13109 14775 16884 18994 21659 23658 26433 26989 29098 31652
12030 13546 15364 18092 19305 21527 23750 25569 27589 29610
12731 14531 17292 21013 22574 25575 28816 28936 33137 35657
11211 12511 14512 17313 18314 21015 22115 25216 27317 29217
22549 24268 29427 33056 36304 40698 42035 47766 52542 55025
13691 14717 18253 18709 21560 24410 27147 28744 31252 33989
20311 22761 25912 29413 34489 35889 41665 44466 48317 50942
12095 14946 16770 20420 20876 24525 25323 28858 31595 32963
13934 15958 17148 21434 21434 25481 26552 29171 31194 33694
18773 22845 28156 29218 33821 36831 39486 44974 47984 50816
15925 19722 22497 23957 27024 29798 34325 37538 38706 42357
14885 17298 19576 22659 25608 28021 31237 32578 35124 39145
22077 23012 26753 33674 33674 39285 42277 46018 51816 55556
18183 20494 23882 27425 28658 33587 35127 37900 41442 45139
17678 19944 23720 25683 30063 32027 33537 37313 40333 42750
15341 17969 22643 24103 27462 30383 34764 35932 40313 42503
21067 26144 30093 30093 37238 37990 41939 47768 52281 54161
11995 14029 16490 19273 20451 21949 24090 27408 29013 31261
20395 23490 27859 31317 36414 37324 40237 44970 49885 51341
11741 12659 14292 16537 20108 20516 23577 26128 28271 28985
17336 21792 23607 26578 31529 35985 36645 39616 45722 47042
14778 19182 21597 24863 26426 29551 34096 34806 37504 40345
18995 20675 24036 30085 30758 36303 39999 41512 44872 50249
13136 15136 18512 20013 23514 26015 28890 32016 35017 36642
17819 21636 25135 26407 29747 34836 37539 39766 42469 45968
12665 14604 16884 18253 22130 23955 26235 28288 30797 32279
17147 20055 22197 26023 28625 32910 34593 38266 40255 43775
18796 25494 26610 32564 36284 37773 44098 44656 49307 52841
20427 24652 27645 31694 33454 36094 39439 42608 47360 50881
16691 17943 21558 22670 26841 29900 32541 34905 37129 39632
21890 25444 26566 30868 35918 37788 42838 47701 49384 55182
10111 12312 15213 16113 18114 21215 22415 24616 26617 28317
12530 14754 17211 20840 23414 23414 26223 29266 31841 32777
20411 21091 24152 28233 32654 35035 40306 41666 47107 48127
20999 26148 30505 32485 35654 40209 45952 49120 54269 55457
19717 21555 26566 29405 30575 33581 39428 41265 43603 47111
21861 23381 30033 32883 35924 40485 43715 46186 51697 53977
21286 24247 26282 31278 35164 39235 42010 47006 49411 54037
14053 15352 17594 20545 21253 24795 27745 30342 31758 34591
12810 17804 19085 21261 24590 26511 29071 30736 34449 36881
20721 25282 28513 31363 35164 39535 43335 49226 50176 53977
20769 23291 30083 31247 38620 41337 45605 47546 50844 57635
19163 22692 24540 27901 33278 34286 37311 40672 45377 49241
20717 23850 24720 28027 34466 35162 39165 44908 47693 51695
13817 15222 17328 19201 22244 24819 26925 29734 31255 34415
11035 14364 15092 18213 18838 21022 22895 25496 28929 30905
16059 17419 21501 22317 27078 28983 30071 35104 37416 40001
16275 20076 23725 27374 27982 32999 33911 36648 40296 42881
19619 21511 24780 28737 33726 35618 40951 43360 45768 51445
16951 19569 21726 27271 29120 32817 36051 37900 41905 46063
21471 23691 28687 32758 36274 37754 44230 48116 49781 52002
18263 21852 24661 26221 30434 33555 34803 39172 41512 43697
17410 24024 27853 29419 33248 36729 40035 42124 46474 50303
15251 15378 19062 22747 24271 25414 28336 31004 34815 37101
13871 16644 18282 22064 23828 25214 28491 30886 34415 36431
16865 19250 23226 26248 29270 34518 34995 40243 44378 45809
18843 23244 26940 29933 35214 36446 39087 45072 48945 50353
18201 23472 24662 28063 30784 36055 40306 42686 44216 49317
16799 22180 24788 28049 31147 33103 37342 40114 45168 48102
12736 16139 18156 20929 25214 26853 29373 31768 35297 37187
22747 23531 28432 31961 37842 41763 44703 50976 52544 57445
11211 13212 15813 16513 20014 20714 23015 25916 26916 29117
17413 20802 24191 25577 30814 32508 36205 38208 40980 45909
16091 16895 18772 23061 26680 27350 31237 34454 37537 38073
15357 19680 23406 25492 28175 32050 33391 35776 39054 43525
15773 18898 20176 23301 28414 30687 33669 36652 36936 41907
18537 20265 24505 26703 31257 32985 35654 39894 41307 44919
19710 24636 31336 32321 36459 43355 46704 50054 55177 57738
12736 16896 17778 21811 24962 25466 28491 32146 33911 35423
12506 14502 14817 18914 20909 21329 23115 25951 28051 31202
15633 18261 23081 25125 27316 29506 34179 35640 38560 43525
16951 18953 24037 26655 28966 32971 35743 38362 42367 46063
16391 21540 22632 26533 29498 31839 34959 39640 42605 43853
12164 15706 17713 20900 23142 23732 26447 29280 32113 33293
10210 12812 15613 17914 18014 20715 23215 24416 27217 28517
18137 19886 24499 27361 31814 32927 36903 39130 43742 45491
14483 18638 21319 21989 26144 28288 32041 34186 35392 38877
19458 25818 28998 32177 36105 38536 41529 48262 50693 55930
20610 28012 31413 35213 39614 41214 45215 51216 54616 57017
15239 17495 19752 23278 25958 30471 33010 34843 38228 42035
15218 16725 20563 23029 25085 28785 30429 34129 36322 38514
21785 25224 27516 31719 36113 40125 45856 47193 51778 54834
13510 17292 20533 21748 25259 27555 30795 34441 35657 38762
13200 15742 17557 20462 22036 25425 29056 30508 33413 34139
14771 15633 17232 20308 24491 26214 27444 31996 31996 35072
11959 13299 15978 17832 18760 21645 22984 26075 27414 30505
13541 16371 19693 20185 23261 25722 27567 30889 33596 36425
19051 21601 26702 28913 33334 37245 40645 43876 45066 50337
16916 19121 22797 26032 28385 31473 34854 36325 39853 43088
22385 25157 28524 35059 37040 40406 44763 51496 54071 57437
22621 23951 30223 33833 36304 40105 44095 48466 50366 54357
13270 17042 20553 21073 23934 26664 31216 32386 35507 38367
11674 13418 15272 17562 19852 23886 26176 28356 29883 31736
17925 21982 25362 27222 32124 34828 40407 43956 46999 47337
15254 18363 23693 24729 29318 31095 33611 37756 40273 43381
17275 21094 24248 29064 31222 35705 36535 40686 43841 47659
18411 21612 23532 27373 30894 34735 36975 39376 44657 47537
14081 16493 21051 21855 24536 26949 30165 34588 35527 38609
22709 24649 29889 33963 36680 39202 42889 47934 54337 55695
19051 20411 25852 28743 33674 35034 38605 44216 46937 49147
13935 15824 18185 19129 23378 25267 27155 29280 31404 33883
19592 21971 28561 30757 35882 39177 43936 44302 49610 52721
10720 14712 14712 18599 20699 22590 23430 26056 28682 29417
14291 16572 17292 19333 23294 24014 28456 29176 32897 33857
17171 22287 23442 26578 32024 33675 36645 42586 42916 48527
20171 23051 27661 31309 36686 38991 44368 46672 50129 54161
18810 24452 27460 32913 34230 41187 44007 48144 51905 54913
16251 18717 21618 24373 27999 31770 32205 35251 37716 40907
12296 16041 16743 19318 21308 23648 27511 28564 32075 34766
16361 19662 23263 24163 28664 30315 33315 36166 39917 43217
18965 21558 24961 29012 29984 32414 36141 40192 43270 47807
20800 25553 29712 35455 38624 41594 47337 49120 53674 58427
11120 15302 15742 18603 22014 23445 25095 27736 30707 31147
20213 24036 26948 30407 34230 40055 40601 44970 47518 52979
18859 25449 26913 29842 33869 40092 43753 44851 50708 52172
11139 14364 14676 17589 18838 21022 24352 25080 28305 30697
16019 16571 22093 22093 27200 29133 30375 35068 36724 40037
11610 14511 17529 19501 21126 24723 26347 29828 32497 33193
18479 20424 22692 26743 29336 33387 36303 41002 44081 47645
20486 23987 26963 28188 32564 35014 39040 43941 48142 50767
19931 21260 23252 28399 31056 35041 37697 43176 43840 46497
18561 23812 26438 28538 35014 35539 38865 43241 46742 51292
13635 17042 20187 22808 23725 27394 29621 31980 34207 38531
15151 17651 22357 26474 26768 30738 35149 35296 38530 43235
16313 19889 21033 25753 26469 29758 32905 36910 39771 41487
21989 26742 29118 33673 37832 41793 44763 50704 52684 59219
20657 24006 28843 30889 35540 39261 42051 48190 50050 52655
21611 24672 27193 31514 33314 37815 39975 43396 47176 50597
11671 13049 16867 18669 19200 22063 25138 25880 27682 30969
18066 21835 23405 28116 28901 32827 37381 40365 43505 47117
18659 22187 26893 29917 32270 36471 39159 42352 46552 48233
18410 22643 27060 29821 35342 38103 42704 45832 50985 52273
19699 25404 27428 30557 36078 37550 43255 47672 48408 53929
13331 13553 15663 17884 22103 23880 24990 27322 28987 32096
11511 12111 15413 16513 18414 20915 22815 24016 26317 29617
21329 23948 28998 29933 34609 37976 42277 47888 48823 53873
18986 20471 23772 26578 31034 36150 37965 42421 45557 48362
13474 16115 19680 22453 24962 28791 31035 32620 36713 37637
18183 19415 22804 27733 30352 33279 36821 39286 41134 45139
16027 17600 21176 24466 27899 30474 33620 36481 38912 42917
19958 23070 25815 31489 32954 37896 43021 44485 51257 51440
13761 15387 17637 21263 25015 25015 28265 31016 32767 35767
16181 18092 21327 26474 29267 30150 32649 35884 39266 41912
11783 13836 16212 17725 19994 23343 24639 27664 28744 31553
14596 19603 21605 24323 27327 29758 33620 35194 39771 41773
12764 14618 16689 17453 21705 23232 25303 28247 28683 30973
17991 20937 22642 27914 29619 32255 36750 37371 40781 44812
18537 20421 24347 27017 31100 34555 36596 40208 43819 44291
18201 21261 26193 30443 32994 36055 39285 40986 45236 50847
19331 20171 23700 28069 31262 35463 40336 41008 43696 47897
13886 16512 18762 21763 24639 25014 28765 32516 33891 37017
17593 20276 22959 25492 26834 30559 34732 36968 40843 41886
11247 12731 15913 17079 21002 22699 23335 25986 28531 30863
17066 21168 24120 27073 32650 33963 37571 40524 44625 47577
12893 14023 17867 18545 22388 24423 25327 27475 30527 32787
15665 18766 22177 25898 28534 33805 35510 37526 42642 46518
20577 25492 25492 29497 34048 37507 42239 43696 49339 52797
15107 16467 21773 22045 25038 27759 31567 35240 35376 40137
12454 14651 17946 20509 22218 26733 27709 30028 33567 35031
15587 18228 20605 23509 26150 27999 31035 31828 34468 36977
17233 20552 24661 28454 28770 31614 36197 39832 41096 44573
16456 19031 20890 25611 27613 28900 31618 36624 37196 41630
12885 16012 19513 20138 24139 26140 27765 32516 33767 35017
20471 23820 27168 29959 35354 40377 43539 46702 51539 52469
20311 24337 27488 31338 35014 35714 40265 44116 45516 51642
18603 20762 23418 28731 30724 33713 39026 42844 43508 47659
21878 24242 29956 31927 38823 42567 44340 50251 52812 58723
14683 15993 19400 20973 24904 26738 30932 31980 36697 38924
17606 18830 23575 27247 28013 31839 35358 37501 41786 44846
13451 14531 17412 20773 22934 26055 28336 28816 32297 34097
11410 15402 16884 18709 22016 23727 25893 28516 31595 32393
19910 25683 31654 34042 37426 43795 43795 47776 54344 59518
16661 18161 22663 24313 27764 32265 33315 38416 39166 42917
19127 21605 27271 30811 33821 38070 41610 45328 49577 49577
19658 24615 26031 30457 33113 38601 39486 42673 46390 49754
21105 24090 30460 35635 37028 40213 44392 48174 55339 57528
17021 21558 24150 28688 32090 33387 35979 41002 43433 45863
17179 19548 21916 24877 26653 32131 33907 38348 41161 42937
12667 14362 17754 18997 21371 24875 27135 28718 29622 33239
11410 14946 16998 20191 21788 24867 27033 27832 30112 33419
12102 14992 15634 19059 20558 23448 24411 25909 29227 31903
14321 18642 19587 23908 25124 28365 29985 34036 36196 40382
16427 18588 21324 25646 28094 29102 31695 34720 39905 42497
15487 19430 22497 25417 27316 30529 34033 36662 39583 42065
18029 18953 21880 25115 30044 33587 36052 37592 40210 44523
15971 18555 23725 26461 28134 31935 33911 39232 41817 42881
17836 19696 23417 25123 30549 33340 36130 38766 40316 44657
21656 25947 30433 32188 38039 42720 43500 47596 50716 55007
15371 17804 18700 21133 25614 27919 30351 31760 33808 37777
22355 26276 31177 31373 36862 41567 46467 47448 54897 56857
19170 22230 25612 28993 31570 32858 36240 41232 44291 46063
14643 16504 18240 21465 23450 25310 28659 31636 33993 34861
12386 14886 17743 19410 23219 24052 27980 30599 32980 35598
22011 24011 28212 35214 37014 40015 45015 49816 53817 56417
12744 15720 16672 20005 22981 25719 27624 30004 30956 33337
19683 25033 29044 33438 37450 41653 42417 48912 50058 55407
22013 23364 28962 32437 36491 42282 44598 48845 53864 54250
16313 17743 22464 25038 27327 29043 33191 37053 38483 42774
19992 26590 27948 31053 34934 39202 46576 50068 53367 55695
13121 14617 17608 19218 22439 25085 25315 28536 31067 32217
23021 26142 27702 31798 39014 42720 42915 47011 53642 55982
21739 26784 27560 33575 36292 41725 45217 50262 51038 56859
19127 21234 23988 27229 32414 35007 36951 39706 43756 47645
14529 16604 18923 21363 24414 24780 27709 31004 33078 34177
11855 15192 17262 19678 22094 24510 26350 29801 31987 33137
12332 14220 15996 19216 21992 23103 25545 26656 29209 31541
19683 25988 30191 32292 34967 39551 43372 49294 52924 55216
18190 21971 27013 30433 34214 37995 42316 43576 50417 51677
22411 25212 28812 33613 38214 42415 47416 49216 53016 57017
20252 21463 25443 27866 34095 36172 39113 43266 46035 49668
13931 14891 18012 21133 22934 25215 28215 31096 32416 34097
12665 15744 15972 20419 22244 23498 26121 28516 30112 33761
18415 21684 26329 29597 32866 34759 38715 41468 46801 48177
22124 23825 28551 33277 36302 40461 43674 45754 50668 56528
15616 20973 23422 24493 27860 31380 35818 38419 42857 43316
18851 20264 25133 26389 30786 31571 36910 39266 43977 46960
15239 18060 20880 22573 26240 29625 31740 35548 38792 40343
12474 14531 17800 20341 21915 25304 27725 29056 31598 35713
14958 19696 22508 24729 29466 32279 35387 37016 40865 42641
13835 17932 19725 22285 23182 27023 28687 32784 33808 36497
16286 21247 21867 25898 29464 31169 36596 38146 42952 45432
13581 14156 18183 19218 21404 23474 27270 28306 31872 33367
11546 15580 17597 19165 20173 24655 25215 28016 31153 33505
18614 20204 24021 28475 30065 31814 35154 40879 42787 46127
20555 24011 29005 33805 36110 41871 43599 46096 53009 54929
10928 14322 16867 17079 19624 22381 24713 25774 28637 31817
13010 16392 19253 21593 25494 26014 29525 33816 34337 37587
15362 18859 22356 27374 29806 32999 35887 39384 40752 42881
20717 21413 26635 28375 34814 34988 39513 43342 47171 52217
13003 14047 17528 18921 22634 24607 26579 29712 31453 33541
11333 14088 15210 16741 20108 22047 24291 25720 26638 30311
16810 22092 25293 25773 29934 33455 37935 40656 43537 46257
17451 19371 24973 27373 29294 32014 36655 39696 44657 45137
14531 15983 19284 22981 25226 29055 29583 33412 35128 38825
13583 15323 16600 20313 23214 25535 27159 29248 31916 34121
20906 24886 28469 34042 39217 42999 46183 49368 51955 56732
13168 17685 20653 23234 25040 26847 29556 31234 34330 36782
20612 22691 28551 32710 37814 40461 44241 48400 49534 53315
13119 15493 17754 18658 21823 23066 26796 27135 30187 33917
14617 17834 20246 21989 26546 27082 32042 32712 36331 38877
18731 23412 26472 30793 32594 37635 43216 45196 47176 51317
13766 17173 20842 22152 23725 26214 31456 32897 34469 39186
19200 26612 27942 32123 37254 41815 42195 48086 50746 56637
16495 20579 24662 26860 29687 33770 35340 38795 42564 46175
13308 15871 19533 21729 24292 25634 28807 31736 33810 34299
18965 21234 25771 28363 30146 34359 38571 40192 45215 45701
15605 18504 21817 24577 27614 29408 31479 34654 36724 40451
23257 25622 29365 35276 39217 40596 43946 48478 52615 57738
11666 13998 15774 17773 20216 22881 25102 26878 29987 32097
15731 17697 19269 22938 24118 26738 31062 31980 35911 38269
13805 15378 19131 20220 24093 24940 27966 29177 33655 35833
21188 24447 28792 28973 34766 39835 40378 45990 49791 53774
17074 19603 24186 28453 31140 34459 36829 39200 44257 45837
18493 25083 26181 30025 33137 39726 40275 44485 50342 52538
16994 18677 22044 26942 28931 33369 34440 37042 40102 43775
16106 18717 22343 23938 27419 31335 33800 36846 38441 42937
21029 22889 26610 31261 36842 39447 42237 44842 49120 55817
16976 19442 22778 24083 27999 29884 32930 35976 39601 43372
13321 15863 17194 19978 23609 25062 27119 30145 31598 34139
14910 19382 21021 24002 29218 30411 35478 36074 40843 44121
16226 18765 21586 22714 26804 29343 32727 34561 38792 41189
22091 23932 29085 30005 35158 36998 43071 44912 50249 54481
19316 23112 24597 27073 31034 33509 37800 41266 44236 48692
18370 23952 27553 29533 34754 36734 40515 46816 49337 51677
12307 13261 15064 18139 20472 22911 24077 26410 27788 30227
11753 14020 14432 17729 19584 22366 23911 24942 28548 28857
12413 14852 16761 18139 20260 21532 23653 26728 27682 31605
12655 13855 15272 18216 19634 23014 25303 28029 28574 32281
16110 19814 22552 27061 31892 33503 38495 40427 41876 47029
17044 21388 25898 29405 31911 36254 37590 40764 46109 46777
17756 23165 27053 27729 31955 35843 37533 41590 45647 48520
13583 15924 16392 19669 23063 25521 25755 29851 30787 34766
13003 14976 16484 19269 22170 23679 27044 29480 31105 32613
17939 20097 26075 26739 31222 36369 37199 42346 45999 47825
13136 16637 18513 20638 24014 25140 29141 30016 32767 36642
10510 14607 16393 18808 19544 22064 24795 27001 28051 30782
18821 23268 24807 30793 32675 37464 40884 44476 44647 48068
14774 17834 19563 21958 24353 28211 30472 33399 35661 38720
14651 16238 17824 21241 22706 26001 28075 30394 33811 35153
22145 25494 27912 30517 36656 40935 40935 46888 50236 52469
12998 15552 15663 19549 20215 23435 25212 28765 30319 33317
16801 18846 22059 24103 27900 31259 33449 35932 38560 42503
20471 22517 29215 33308 34982 40563 40935 45400 48934 53771
21007 24628 27705 31688 36033 39654 43093 44723 47438 51240
10110 13612 14012 17613 18714 20815 22715 26016 26216 29617
18043 19653 25129 27544 29799 34952 36401 40105 43809 45580
10910 13855 16581 18980 20724 22251 24104 26503 28466 30973
18596 22668 28333 28510 34706 37008 40017 44443 48692 50285
17586 21306 26377 29588 31110 37195 37533 40914 45647 49027
13931 15612 17772 19213 23054 26415 28095 31216 31576 35297
14072 17943 18588 20911 25169 27621 30330 31621 35879 38201
18986 22287 25093 26743 29714 34995 38625 39616 45557 46712
17756 20798 26715 29250 32124 35167 38547 40745 46661 49196
20892 27001 28380 35079 37641 42567 45128 49266 54191 58723
16810 21835 23406 25447 29216 33142 34555 39423 41150 45861
10720 13451 15762 18703 20804 22274 25215 26896 29312 30572
11120 15192 15962 18933 21904 23225 26085 28176 29166 31587
18411 19691 25133 27373 29614 34255 37135 39856 44017 46737
16994 19595 23115 26176 28931 32910 33981 38572 41479 45611
11565 13049 15913 17079 19730 21851 25032 27046 28743 31075
17275 20596 25909 26573 31720 34377 37531 40852 43343 47991
19961 23287 26263 30989 31864 35189 40090 43416 47092 49192
14285 15750 18434 19655 23560 26489 27587 31126 33078 35153
17074 18282 21756 26287 28855 33084 33990 38068 40787 42599
20012 21782 24792 29749 35414 37008 40371 42496 49400 50108
14907 16104 19031 23687 24486 27013 31004 34596 36326 39518
14554 18444 21469 24637 26654 29535 34000 35440 38177 41633
12074 16136 16716 20081 22518 25187 25883 29132 30408 34469
19691 21331 25104 27565 31994 35767 36587 41344 45445 47249
18694 20422 23876 27331 29687 33299 36282 40208 40836 45076
18491 20843 25045 28237 33110 34287 38319 41680 45713 47225
12219 14836 15926 18107 19634 23014 24540 27702 29229 32390
12307 15556 16832 20197 22054 24375 27392 29248 31337 32497
18575 19199 23880 27937 31214 33399 36519 38548 42292 46193
15481 16132 18472 21853 24194 26795 29265 31736 34987 37847
17651 20843 23868 29245 31934 36135 39159 42352 43696 48737
16859 20262 25447 26905 30146 32739 36465 40354 42785 48132
13510 17291 20262 22558 26609 28230 31605 35116 36466 39302
12148 15005 18696 21433 22148 26195 27147 30956 32146 35479
19354 24006 29773 32936 35168 39261 42423 44656 50981 52283
13527 16380 19109 21589 22582 26551 29776 30520 33000 36225
14531 16776 19548 21925 24698 26414 31300 33016 35393 37637
11111 13512 14412 17313 20014 21515 23915 24716 27316 29317
18910 25905 27417 31954 34790 39138 41784 48211 52748 53315
19147 24300 28349 30005 34422 39759 41415 45280 48777 52273
12661 13926 16917 18413 21519 24280 27501 29111 31642 34402
13211 14312 16182 19263 20034 22344 24875 27296 30707 30927
19510 26922 29652 33358 36479 41160 46621 48961 54617 54617
11741 13374 15618 17863 19088 21537 23679 25822 27148 30311
16651 20652 24813 26413 32014 32014 36175 39856 42416 46577
15110 18131 23418 24475 27647 32933 36256 38974 41542 45317
15489 18898 20176 24153 26994 31255 32817 34664 37504 42049
21516 26005 27501 33674 34422 37414 41155 47701 52377 52564
16432 21586 23840 28510 32214 32375 38494 39783 43970 46546
20308 23891 28668 32052 37028 42800 45785 49766 54344 57926
19270 22871 27012 31513 34214 39255 42855 46456 47896 52217
19374 25768 28777 31973 35170 40999 43255 45136 52093 54349
14091 16780 18828 22797 23310 27151 29711 33040 35601 37777
22013 23750 28770 32437 36877 38807 42475 48073 52899 56759
19235 24576 28137 31698 32944 35970 39353 45584 46652 51815
17836 20007 22332 27293 28379 31324 36750 38146 42797 45587
15719 16907 19284 23509 24434 28395 30243 34204 36185 37505
19847 23328 26286 28375 34640 36903 40731 42472 48389 49607
18497 19761 25293 28453 28769 34775 37935 40148 41096 45679
11546 14011 17149 19053 20398 22638 26896 28128 30481 32945
16252 20872 23406 24449 28324 30411 32944 36223 39054 43972
13563 15863 17315 19978 23609 25183 27845 31234 33776 34260
15169 17457 22750 25181 27470 28614 33620 37053 37911 40486
12554 14664 15996 18550 22214 22880 25989 28099 30209 31985
16811 19192 21152 22973 27314 28294 32775 34596 38517 40057
11135 13295 15240 17509 20426 23019 25396 27664 29177 30473
16903 22480 24941 28878 30026 32978 36751 41016 44133 46593
19499 22860 26725 28741 33110 36303 39663 42352 46552 47897
11511 13512 15613 16313 18914 20214 23515 25416 26616 28417
20837 24576 27425 30629 33478 36504 40599 46118 47008 50035
12505 16434 18220 20957 21553 25719 26909 29885 31432 34646
16811 18772 20452 22833 25354 30255 33195 36416 36836 39777
15440 16691 21975 24616 26702 29900 31151 36156 37129 40883
19009 22069 25129 25934 28993 33663 37206 41554 44775 46063
18371 23132 26703 27553 32994 34694 38435 42006 45917 49827
19390 26232 27182 32123 36114 39535 41815 48086 50557 55497
15819 19012 22661 26614 28134 31023 35280 37560 40449 43641
10918 15132 15672 19345 21506 23343 25503 27016 28312 30257
17939 22256 25244 29894 31056 35373 38029 40188 45833 47991
13571 14531 18973 20773 23414 25214 27375 30976 32896 34937
10510 13872 15868 16918 19649 22170 24375 26896 27421 31307
11674 13922 16491 18631 20344 21628 23769 26980 29335 31154
12715 14652 19010 21188 23488 24577 28571 30508 33050 35954
17912 18677 23268 26482 30614 31992 33828 37654 40867 45458
14643 15636 17620 20845 22458 25311 29528 30892 33497 36349
12510 15636 19138 21388 24889 26765 27640 30891 33892 37267
14975 15620 19362 20782 24137 28266 30847 33556 34459 36395
18043 22552 25129 26417 31248 32214 36884 39944 43487 46063
15805 18786 21468 24300 27579 31156 32795 38160 41439 44568
17507 22530 24961 27067 31442 34197 36789 39544 44243 46187
20198 25100 29216 34117 36862 41175 44507 47448 53329 57641
18490 21835 27821 28525 35214 35918 41023 45424 47008 50881
20610 27212 28412 32213 38414 42215 47816 52016 54617 56817
13745 17400 20173 21811 23198 26096 29877 30886 34415 35675
11444 12577 15566 18554 18554 22366 23396 25045 28239 29166
19481 21462 24267 28558 30539 34830 39120 39946 43906 48527
15131 18102 20803 22963 24314 27554 30930 33766 37142 40382
16810 21612 24813 27053 30414 33615 35855 41616 44657 45617
17289 20223 24462 28049 32288 35875 36201 40929 43863 46798
19805 25172 29613 32388 37014 40530 44415 46821 48116 52927
18878 24932 25288 29739 32766 38997 40777 45406 48967 53061
20775 23819 25609 29906 32592 36530 42618 43334 50137 53001
21193 24754 25466 30095 34368 36504 42735 45940 49145 49857
14739 19889 22321 23036 26469 30617 33048 35051 40057 40772
13975 17701 20495 23687 25151 26747 30871 33665 36858 38454
17831 22206 25933 29174 31280 32414 37275 39220 43432 46187
22475 23051 29773 31117 35534 41871 44367 47632 52241 56657
15019 16895 21319 23463 26412 27618 30299 32176 37537 38743
14816 19470 20034 24124 27932 29343 32586 34420 38228 40202
16130 19541 22642 26363 28999 31634 36906 40161 41867 45742
10312 13546 16173 17890 20113 22033 24255 24558 27690 28701
19235 22440 26713 28671 33834 37573 39887 42914 48077 51815
17327 17771 21620 24137 27542 31095 33907 35832 39533 42937
12107 14348 15692 18157 22414 23983 25215 26896 29921 33618
16916 17798 23239 25297 27797 31767 32502 36766 39412 42941
12863 15132 16212 19345 21506 23559 23883 26044 28636 30581
20591 24119 29609 33137 35490 42547 45292 47056 52741 55289
11855 13926 18068 19793 20829 24740 26925 29916 30491 33022
21090 26410 30745 33503 38626 41976 45916 50645 51630 55374
11121 13546 15567 17284 18497 20720 22437 26175 26882 29004
21355 23564 26140 31845 34974 38655 41967 47304 47856 53009
19325 22109 26635 30985 31508 37773 40383 44386 46474 49781
21369 23542 27706 29154 35852 37482 43275 43637 47438 51602
12551 14603 18025 19963 21674 24411 27261 27489 30910 33989
10514 13243 15668 17183 18800 22134 22740 24256 26680 30216
18105 21426 24414 27569 32052 35207 38693 41184 43840 47493
17327 19355 22008 25753 31058 33867 34803 37456 41825 46505
14362 19332 20436 22921 25130 30375 32445 35068 37276 39485
22469 25622 31533 31730 37641 42567 43552 48478 54389 55177
18491 21418 22342 25269 30660 30814 36051 38054 41288 44985
18730 23412 27192 31873 32954 39435 40695 45376 48797 52577
12761 15261 18513 20388 23389 25140 27640 32517 32517 37018
18827 23364 25380 28573 30758 34790 39327 41344 46553 49409
20171 21791 27733 30433 36014 36374 39975 43216 50417 53657
16541 19732 22052 23793 28144 31045 32930 36701 38006 43227
15572 17834 19031 22224 23954 27679 29275 33532 36060 39784
20360 23439 25320 28057 31991 34556 38148 41398 47555 50462
15514 21292 24029 27221 27677 32239 35279 39080 42425 43185
17610 22540 26941 28877 32574 35567 40320 43136 47537 50177
14483 18370 19040 23329 26814 29093 29629 32980 34856 37537
15968 21500 24977 26083 28770 32563 37620 39990 42360 45995
11567 13619 16212 17725 20858 23235 24423 27664 28744 31121
16103 19829 22512 26238 26983 32050 34583 36819 39054 42184
14596 18602 22893 25038 27613 29186 33334 35337 39628 40486
15526 20022 21037 25243 26114 29159 33220 34961 40037 42212
11222 12232 15466 17486 19911 20720 23750 25771 26478 28398
17335 22122 25092 29218 32849 33014 39120 42421 44896 49022
20638 25797 29426 33438 36113 41271 42799 48339 53115 56553
19451 21720 23826 27229 29336 33711 37437 40516 43108 45863
15310 21126 21432 24799 29390 32145 34899 37807 41939 43622
16767 18187 21739 25431 25858 28840 33669 34806 38498 41765
12938 16652 20493 21133 24590 27791 30095 30992 34961 36625
20012 23730 27094 30634 34352 35768 42141 43558 47098 51524
17966 21044 27202 30623 31307 36096 37806 43792 44818 48410
14997 16776 19062 20968 23255 27955 28844 32147 33925 37609
15362 17685 20266 22975 24524 26330 30588 32782 35620 36653
15910 19091 23862 26407 31337 33405 37540 40243 43901 45650
23211 25412 30013 35214 36014 42615 44615 49816 53817 56417
20066 25988 29809 33056 36877 38214 42226 47575 50632 53879
11565 14945 16035 18325 19743 23123 25412 27920 30537 31300
12179 13531 16132 17901 20086 21542 24871 26120 28928 30593
16858 21234 23664 25933 32414 33225 35817 41650 44729 47645
14674 17777 22150 23983 26804 29343 32163 35689 37381 41894
15631 19750 22306 25005 27562 30829 33527 34663 39776 41339
12611 14397 16497 17338 19123 22695 24900 27001 29101 30887
17210 19710 21180 24709 28826 30444 33825 36325 39560 42059
17947 20380 24333 24485 28286 30718 34823 38472 39536 43793
13810 19332 20436 22369 26372 30375 33136 33688 36310 39071
13707 16652 19725 21005 24334 27151 30224 30864 34833 37009
16432 21103 23840 28188 30604 34791 36562 41715 41876 46224
15329 19056 19746 23197 27338 29409 30513 33826 37415 41141
18711 23302 26023 29083 32144 36055 37585 43706 44556 50167
14171 15011 17652 19693 23534 25935 26415 29176 32297 35057
11353 13173 15313 18311 19381 22592 23662 27408 28265 30084
16902 22808 24284 27565 31994 34291 37407 40360 44953 45937
15867 21050 22934 27017 31414 31571 34869 37853 42721 45390
12268 13298 15256 17626 19790 22057 23602 25457 28238 30505
20471 24378 28099 29959 33866 38331 42051 44842 48376 55632
19211 21132 23052 27053 30734 33134 38415 41296 43536 47697
18977 22806 25938 30986 32900 37077 38295 45082 46822 49085
19910 24886 30261 34838 36431 43795 45387 51557 52552 57528
15419 19452 20892 25213 28670 29967 32271 36448 37744 41201
15169 18745 21176 23608 26612 30617 31475 34622 39199 41630
17794 21386 27031 30280 33872 35411 40200 43279 46015 49607
12474 15258 18526 20583 23730 24214 28814 29419 31597 34381
14800 20022 23068 25678 26694 31625 33365 34960 40182 42792
11999 14376 15672 19237 19994 23127 24639 27556 30149 31445
21746 24770 30253 31765 36680 41406 44997 45375 52369 54638
11753 12990 15463 16493 19481 20615 24736 24839 27415 29063
16310 22506 24951 28212 31473 35712 38483 42070 45004 48917
12893 14588 17527 19449 22388 24762 26796 29057 30300 31770
13607 17568 20869 21133 25754 26547 29055 32224 34865 38957
12201 14322 15700 18457 20790 21638 25243 27258 28318 30969
21811 24411 30413 33213 36614 43415 48016 48616 52216 57217
17066 22480 25597 28713 29534 33306 36587 40196 45609 48561
13691 13691 17569 19393 21218 23499 25095 28630 31025 33419
20768 24509 29559 31055 35357 39659 44334 48636 48636 54060
17623 17919 22953 26062 26802 30651 32871 37312 40273 41605
15091 17411 20892 25388 27419 29595 34526 36266 38877 42647
13511 16012 17512 21388 24889 26140 29515 31891 32891 36142
11638 14489 17797 20419 21674 24981 25779 29656 30796 33191
16902 21496 25761 28385 32814 33798 38391 39376 45117 48233
17829 20548 21152 25381 29459 32027 35500 38974 39729 42750
16483 18330 22023 23727 27136 30829 31965 35090 39067 40345
16382 20820 24034 25105 29849 31226 33981 38572 41480 43928
21656 25912 28873 30908 33684 38865 40715 47191 50522 52187
19084 24322 26940 31055 36666 39472 42838 47514 50507 53312
19331 21179 24708 28069 32270 36807 39831 42184 45040 47561
19051 21131 24652 28013 31534 34255 37295 40496 43696 45937
19446 23165 26715 27391 33476 35335 37871 43111 45984 49872
20955 23199 26379 30868 37227 38163 44335 46392 49571 54060
17669 21071 23340 29011 30956 34845 38247 41974 44729 46187
19560 22502 25616 30461 34614 36345 40843 41536 45342 51052
12744 14671 16276 17882 21414 21521 24946 27301 29977 30512
14411 15251 18733 21493 21734 25695 28095 29176 31336 35417
20285 22517 28471 31633 36656 39633 43167 45400 50422 55259
20941 24036 25856 32228 34776 39327 40965 44060 49339 51159
14011 15136 18637 22389 23014 27265 28140 30016 33892 36017
14456 17967 20263 23098 24584 27014 30120 34171 37412 38087
16699 20574 22660 26833 27281 31006 33391 36074 41737 44121
16057 19608 21028 23301 27562 29835 33953 34806 38498 42049
15022 19333 21975 23921 27675 30317 31151 35183 36851 41578
15923 18983 22963 26942 29696 30920 33828 38725 41327 44081
20238 23640 25967 30980 33666 37963 42081 42976 46914 51748
17549 21816 23396 26715 29560 32246 36513 40306 42835 45363
18411 20011 23692 28654 31374 33775 36975 38416 42896 45457
19458 25257 28062 31616 35170 41155 42651 45831 51816 55930
14882 18745 20461 25324 28042 30188 33048 36195 37482 42488
18479 21044 26518 30109 33359 35241 37977 43792 45160 48923
20651 21684 27017 27533 31490 36135 40264 41640 46629 49037
19383 20552 25396 28737 32579 34416 38425 41432 44772 49783
11451 14052 15092 17485 19982 21022 24663 27056 29137 29761
10618 13740 14988 17693 19982 22063 24351 24976 28825 30073
19727 22517 27726 33308 35726 38145 43725 47074 49306 53771
14224 18366 20160 22921 27062 27890 32445 34516 38243 41141
15810 19604 22606 26715 28612 33827 35882 39200 41887 45047
16026 19724 24037 25423 29274 33125 36514 37592 40210 45755
19581 25662 28703 31933 34214 40675 43715 45616 49416 55497
16390 21384 24349 25909 30590 32462 37455 39484 42292 45101
12637 16296 17712 20427 21844 23614 27509 30578 31758 33765
16274 18221 21975 23365 26563 30595 31429 33375 38102 41578
13897 16911 19007 21366 23725 27132 30408 33421 35911 37352
15491 17040 19879 22201 23750 26459 29427 32653 34201 37814
15600 16517 20055 22152 26214 28573 31062 31717 36435 36828
14347 17932 20109 21773 24974 27150 30735 31888 34192 37137
15379 16740 19188 21773 25310 28031 29935 32792 38097 38913
19856 24771 27606 33845 34223 38571 41595 45376 52748 55772
20198 26080 30000 35294 39214 39606 44311 50192 53132 56465
19210 23819 29389 31693 37646 42063 43023 48400 53585 56849
14311 18212 20813 22113 23414 26144 29395 32646 36157 38497
17831 20099 25933 26419 31118 35655 38409 41650 42946 48617
17593 20574 23107 26237 29665 31751 33391 38011 40097 43078
15651 18372 19732 22861 25990 29663 31295 34832 37961 40137
18687 21425 25773 28349 31731 34307 35757 39460 44291 48156
21251 24672 26112 31873 33854 36014 41595 45376 48797 50597
11456 12926 15867 17863 20279 21539 23640 26791 28472 31412
17289 19734 25278 28049 32288 34897 36038 40277 43049 45820
22571 22759 28588 33853 35170 40059 42879 48708 50588 54349
13467 14163 18341 20661 21590 24142 25999 29944 31917 33193
16535 18831 22963 24493 29696 30768 33675 38572 40868 43316
15023 16830 20028 23226 27814 30039 31429 33515 38381 38937
12851 12958 15848 17775 20023 22699 25053 26873 28585 31903
12576 16604 19167 20997 22340 26611 27221 30882 31980 34787
22011 26012 29012 35413 39214 42615 45615 50016 53616 58617
11911 13512 16013 16113 18214 21415 24015 26016 26616 28417
20769 25038 30471 32993 35128 41143 43083 48904 53367 56083
11031 14671 15955 19274 19702 22485 24197 27836 28050 30726
19510 24192 30628 32188 36089 39210 46231 47011 53447 55007
19676 21044 25491 30622 34214 37122 39858 43279 45844 50291
12386 15958 18458 19886 21553 26195 27623 30956 31432 35717
17656 23540 24405 29250 32711 37210 38248 43785 45342 50187
20198 25100 30981 34509 38234 42155 44507 48820 51172 54897
21788 24717 28194 32953 33502 38994 40458 45217 51257 54551
16170 19746 21891 24466 27184 30474 33334 35337 39628 41916
21746 25527 28173 31576 35546 41028 44241 48211 51235 54260
21878 24833 29365 35474 35474 42173 45916 49857 52024 56950
14053 16315 18458 19410 22267 23933 26552 28814 32385 35003
18380 19793 23248 27802 28902 32985 35183 39894 40836 47117
22859 25356 27852 33037 35150 39759 45712 46096 50896 54353
17314 20171 24540 29750 32942 35463 38823 42352 45377 47729
19771 26612 30223 31743 35164 38775 43145 47896 49606 53407
20598 22848 24232 27866 32711 35133 39978 44996 46381 49495
15357 18338 21766 25939 29814 31603 35478 37564 39054 42929
18687 19331 23679 27544 31892 33342 36723 40105 42842 47834
19436 22211 26097 33129 36274 37755 42380 46451 49597 52002
16057 19324 20602 23159 25574 30545 32675 36084 39209 41765
17925 20799 24517 28574 31110 35674 37871 41252 45309 49365
15205 17761 22733 24721 26142 31255 32249 35800 37646 41197
20768 24696 28063 31803 35731 40033 43773 45270 49571 52377
11141 13368 14958 18988 19306 21745 24608 26410 27682 31606
14271 15015 18116 19853 22706 25807 28535 32008 33993 35605
16328 18534 20886 25592 26768 30444 33679 36031 38237 42059
15380 18201 19752 23560 26804 28637 33433 36676 37381 42317
19211 20491 23372 27213 30574 34895 38415 41296 41776 46897
15410 20648 21572 24807 27888 33125 36052 37900 42675 44831
16126 20236 22922 26873 31614 33669 35723 38884 41096 45363
18931 21168 26673 28221 30974 35791 38371 42328 45081 48693
18047 21220 26733 30074 31410 33748 39761 40764 45942 47946
16579 20988 22964 27221 27526 33151 33607 37104 41056 45009
13815 14743 17296 18689 23098 23794 27391 28900 31685 33193
13241 16780 18745 22938 26214 28311 30669 32504 34207 38138
21989 25157 29316 35257 37634 43575 46149 48724 52882 58823
21142 23947 27314 32551 36479 40968 43025 45457 51068 53873
16274 18221 21558 22948 26285 29761 32958 35461 36156 40466
16456 19174 21605 23036 28328 29472 33334 36767 38340 42631
19701 24535 27578 31875 34919 36351 40648 45840 47630 53359
20018 22583 26346 30109 34214 35069 39345 42937 47725 50291
19883 25220 27613 29637 34790 38287 41231 46752 48777 52825
18419 22668 27448 28510 32228 36831 42142 44266 48515 49577
18821 21216 26689 28057 31991 34386 39174 42253 46529 47897
21963 24119 29805 31765 37842 42743 44311 49604 52937 56465
14510 17556 20747 26114 27129 31480 34091 35686 39022 41777
19127 21782 25500 30812 33998 36123 41080 44443 46390 50108
11221 13331 16885 18439 20993 22881 25101 27877 30542 32984
20612 24582 26850 32332 36680 38949 44242 46132 50480 52937
18611 20317 22952 27914 29464 31634 35820 37371 40316 45587
22431 22811 27182 32503 36874 41245 44095 46756 53027 54737
17187 20532 22356 26461 30262 30870 36039 37256 41513 43489
13211 14651 19213 19573 23774 25335 26895 30376 31576 35777
23095 26479 29265 35634 37625 43397 44989 50960 54144 56931
