1000 10 10
120 55 35 72 50 53 76 49 28 68 41 0 120
182 81 21 60 65 66 69 28 39 60 58 0 182
125 27 70 83 26 51 32 39 41 91 88 0 125
147 46 38 65 78 53 34 77 72 22 81 0 147
150 52 84 47 49 32 62 28 23 75 24 0 150
106 20 67 50 25 58 58 92 42 42 71 0 106
116 63 31 89 38 90 30 84 50 63 34 0 116
199 72 41 49 98 70 79 72 88 74 100 0 199
122 79 97 45 40 34 92 72 75 25 40 0 122
144 36 44 25 73 99 100 60 21 82 99 0 144
156 72 37 51 63 47 35 69 86 87 87 0 156
164 72 29 78 95 92 46 71 37 56 76 0 164
185 43 64 34 29 32 91 89 31 61 45 0 185
141 69 90 34 63 45 46 97 25 75 51 0 141
124 86 38 41 58 71 41 76 49 60 45 0 124
134 95 83 71 36 43 50 54 93 33 30 0 134
166 87 67 20 91 20 39 85 82 57 86 0 166
170 34 75 28 93 28 43 67 62 48 97 0 170
134 86 30 28 91 55 94 66 53 86 39 0 134
116 21 92 59 21 22 70 43 83 62 27 0 116
112 33 57 36 77 72 67 24 58 64 94 0 112
120 54 25 59 31 29 60 48 28 64 85 0 120
161 74 80 48 25 67 92 78 81 26 68 0 161
159 96 20 28 87 48 30 35 74 93 97 0 159
198 92 60 85 26 51 82 97 91 56 93 0 198
182 26 97 51 42 75 55 37 51 31 69 0 182
169 41 56 68 35 55 62 58 60 97 22 0 169
158 63 57 77 89 56 48 30 50 23 23 0 158
120 77 27 94 35 72 69 69 26 67 96 0 120
154 96 52 43 39 91 66 58 78 39 88 0 154
177 83 90 26 63 42 62 52 62 50 58 0 177
100 20 91 24 38 80 91 94 88 90 57 0 100
181 21 37 97 64 77 96 60 32 93 76 0 181
153 88 81 39 63 23 85 44 45 42 100 0 153
198 89 32 32 97 73 34 22 26 25 84 0 198
166 92 43 27 56 91 81 52 23 78 51 0 166
137 69 71 24 21 52 99 56 77 53 74 0 137
189 66 95 100 55 29 25 67 79 24 75 0 189
143 57 75 50 97 73 39 30 72 28 86 0 143
105 88 57 72 73 91 30 55 67 34 58 0 105
124 46 41 54 70 71 38 51 86 50 34 0 124
106 48 70 53 99 93 100 66 60 22 37 0 106
157 73 53 50 25 100 74 47 81 58 65 0 157
150 98 95 44 21 77 82 89 75 70 85 0 150
183 31 98 48 100 89 45 57 24 68 64 0 183
163 78 64 35 63 66 54 33 32 33 53 0 163
174 87 79 32 27 90 43 75 36 91 71 0 174
106 26 68 98 75 25 48 61 26 66 86 0 106
136 74 50 87 64 82 26 85 94 61 80 0 136
139 29 71 83 78 48 94 64 36 52 84 0 139
137 57 63 59 39 52 23 32 97 94 27 0 137
192 94 98 27 84 74 91 88 23 31 34 0 192
139 24 61 44 71 91 49 95 44 81 84 0 139
100 52 46 41 36 34 93 96 34 75 44 0 100
166 85 88 76 31 76 66 94 93 23 23 0 166
176 25 82 52 56 80 27 59 71 79 30 0 176
130 75 67 67 89 96 25 35 27 50 63 0 130
192 72 50 61 69 68 29 37 89 26 42 0 192
148 99 25 42 48 81 64 23 41 81 99 0 148
162 37 60 71 82 48 62 40 58 54 71 0 162
108 44 90 37 90 50 79 84 75 77 51 0 108
180 48 52 52 83 38 42 45 82 52 47 0 180
184 92 84 96 82 50 92 22 28 72 23 0 184
175 35 54 79 43 23 82 62 73 41 91 0 175
174 25 36 74 64 29 61 33 36 83 30 0 174
136 28 55 71 96 89 55 65 54 27 26 0 136
182 39 49 83 41 65 32 86 33 79 95 0 182
117 25 60 100 57 23 89 98 38 79 25 0 117
101 59 33 66 68 38 47 70 30 94 80 0 101
103 55 88 58 52 80 41 37 73 85 86 0 103
187 41 66 76 30 95 68 49 66 28 92 0 187
137 24 49 74 77 51 27 33 65 45 34 0 137
173 67 69 32 25 88 63 41 23 85 28 0 173
122 89 51 42 54 49 25 61 27 79 38 0 122
195 31 59 84 24 78 41 61 63 66 66 0 195
110 30 91 65 60 66 70 69 76 72 25 0 110
170 67 23 50 24 29 87 35 90 88 37 0 170
181 32 46 82 91 83 23 42 64 45 70 0 181
142 21 26 44 80 63 75 25 58 89 54 0 142
182 31 57 84 41 31 39 63 62 73 96 0 182
114 44 99 41 69 84 98 47 92 80 57 0 114
200 47 54 96 48 92 65 45 96 34 77 0 200
131 69 63 58 64 79 52 86 46 33 66 0 131
153 23 96 52 83 95 35 22 73 52 39 0 153
173 33 51 80 89 85 82 45 56 37 29 0 173
119 96 24 61 70 47 93 87 40 92 79 0 119
168 49 72 48 37 30 93 27 100 52 52 0 168
143 44 32 46 75 33 48 31 70 46 83 0 143
187 41 88 52 62 28 38 76 47 97 25 0 187
123 22 94 28 81 80 97 93 61 71 54 0 123
145 56 40 51 21 78 61 32 28 69 99 0 145
131 97 54 67 84 64 29 48 91 29 83 0 131
142 99 96 53 29 82 90 23 38 95 30 0 142
119 99 70 53 24 57 37 88 86 77 80 0 119
185 69 63 95 92 77 23 26 51 30 61 0 185
163 73 73 50 82 87 83 66 95 40 31 0 163
167 90 43 35 52 52 32 99 30 68 71 0 167
100 94 69 45 34 72 63 62 95 73 42 0 100
171 99 94 42 41 37 20 39 76 80 53 0 171
109 90 35 73 63 63 53 48 61 93 71 0 109
132 55 53 100 64 23 43 96 76 54 39 0 132
115 38 82 70 66 78 22 34 42 41 96 0 115
177 89 26 62 92 63 97 93 79 78 34 0 177
133 99 69 43 64 47 21 36 50 37 39 0 133
153 91 70 79 97 29 79 74 39 51 61 0 153
146 35 55 53 63 85 33 93 45 57 82 0 146
145 99 79 45 34 23 29 67 23 53 46 0 145
116 87 74 64 37 25 24 80 37 53 70 0 116
198 75 86 77 27 69 60 43 33 98 62 0 198
100 87 30 93 49 34 81 71 56 55 21 0 100
115 74 80 43 37 44 29 96 32 52 87 0 115
185 65 21 60 56 47 93 36 66 52 97 0 185
129 52 75 90 97 59 58 45 36 47 88 0 129
123 76 88 40 68 30 95 34 87 92 93 0 123
176 86 39 74 85 51 21 34 84 52 60 0 176
108 76 66 57 90 54 45 40 68 35 49 0 108
147 74 58 73 46 85 99 97 64 43 41 0 147
103 93 48 40 67 91 77 92 44 63 81 0 103
165 82 55 57 54 89 44 98 52 100 54 0 165
132 29 65 67 39 61 40 56 38 83 38 0 132
191 87 68 99 65 35 35 75 35 30 80 0 191
128 36 33 95 100 78 64 70 46 100 34 0 128
102 93 65 42 24 49 95 80 90 100 87 0 102
171 55 54 30 64 78 42 67 94 79 79 0 171
181 32 88 43 32 65 97 45 24 29 70 0 181
142 70 75 82 64 61 56 77 88 49 32 0 142
197 69 92 82 29 50 61 45 59 22 83 0 197
168 75 25 92 94 76 21 73 28 40 92 0 168
194 59 33 66 81 62 37 69 76 77 30 0 194
179 33 38 84 51 58 59 22 53 93 69 0 179
144 34 38 23 55 59 20 59 92 24 47 0 144
160 80 36 83 58 25 28 86 21 37 23 0 160
147 43 89 27 58 72 88 57 36 94 44 0 147
130 52 96 74 32 56 84 57 24 22 45 0 130
131 68 42 28 47 50 72 77 72 85 71 0 131
195 24 95 64 54 90 63 23 79 40 37 0 195
162 85 73 38 100 70 60 32 42 58 75 0 162
151 99 64 39 81 57 76 72 38 93 63 0 151
196 66 25 75 24 83 98 75 86 40 73 0 196
185 46 33 52 73 34 25 71 44 32 50 0 185
162 33 25 76 40 78 71 85 42 85 72 0 162
133 69 25 22 54 50 24 35 90 93 86 0 133
115 96 65 74 56 44 71 64 42 71 49 0 115
144 81 60 52 50 59 60 26 57 56 82 0 144
130 50 59 29 80 88 42 81 50 24 42 0 130
142 100 30 66 49 86 55 75 36 50 98 0 142
150 46 25 21 52 32 61 52 54 95 61 0 150
124 95 50 74 75 35 48 73 81 69 96 0 124
143 87 47 38 96 23 66 36 80 80 46 0 143
136 88 50 56 30 73 95 93 85 49 86 0 136
183 98 99 44 39 93 59 44 87 56 89 0 183
162 38 82 91 68 69 24 62 35 86 55 0 162
110 92 77 64 68 88 93 53 30 62 93 0 110
108 48 92 94 60 55 36 84 45 36 90 0 108
182 80 100 68 65 54 40 79 77 60 79 0 182
161 44 87 62 94 39 95 32 92 28 67 0 161
124 40 80 96 89 64 25 97 29 38 38 0 124
200 22 39 76 91 48 33 32 62 49 75 0 200
180 50 100 43 71 26 72 65 53 89 62 0 180
121 42 52 76 37 22 69 84 59 94 99 0 121
195 67 83 30 88 95 90 61 91 98 92 0 195
177 89 96 99 33 54 69 74 38 43 73 0 177
148 22 22 22 60 22 38 66 63 77 24 0 148
168 99 57 47 24 24 39 39 51 31 93 0 168
176 36 47 36 33 80 71 90 63 50 63 0 176
175 22 21 74 63 25 22 44 37 72 62 0 175
168 73 76 27 98 43 47 42 34 41 26 0 168
188 73 89 55 25 33 90 53 30 41 73 0 188
102 43 56 50 49 46 99 41 66 45 74 0 102
188 86 31 77 70 29 51 58 46 49 81 0 188
138 22 41 92 77 50 22 30 81 89 57 0 138
174 62 96 85 43 29 25 96 70 75 25 0 174
188 79 92 54 69 76 25 38 82 47 28 0 188
152 86 38 88 58 32 69 48 83 30 36 0 152
168 72 73 69 94 36 30 64 52 82 38 0 168
163 48 44 78 31 63 76 78 21 79 97 0 163
180 34 58 43 97 45 79 50 21 21 61 0 180
132 53 98 77 47 77 88 67 98 99 27 0 132
177 46 79 95 82 72 65 93 67 80 91 0 177
129 66 49 36 87 96 36 44 60 57 29 0 129
122 45 89 31 90 35 34 86 83 52 91 0 122
171 51 92 74 93 70 33 64 81 93 50 0 171
184 96 73 98 25 89 68 39 74 58 95 0 184
159 24 49 85 69 95 54 89 22 26 83 0 159
194 24 36 87 69 50 42 42 40 79 28 0 194
147 27 46 77 41 83 38 39 99 43 91 0 147
182 58 66 95 27 72 45 55 99 96 47 0 182
116 22 38 68 58 100 47 64 84 23 49 0 116
118 89 33 89 77 79 61 82 67 80 59 0 118
141 85 23 90 35 49 95 83 81 57 76 0 141
134 32 93 27 83 54 81 86 60 57 100 0 134
132 87 71 92 39 39 57 87 80 92 41 0 132
101 27 91 46 94 88 64 28 33 72 62 0 101
180 74 37 87 88 93 91 83 48 91 80 0 180
197 40 91 65 97 84 23 78 75 85 85 0 197
146 68 40 25 20 77 31 57 31 86 61 0 146
194 73 78 23 93 71 61 25 48 27 52 0 194
134 75 33 46 42 42 62 59 65 32 68 0 134
184 41 85 40 36 39 22 41 86 78 82 0 184
196 42 78 61 59 75 91 74 39 80 79 0 196
125 79 98 65 56 36 37 79 57 22 89 0 125
195 81 67 77 49 69 31 26 55 90 22 0 195
170 95 47 27 49 53 58 68 20 38 54 0 170
160 47 50 42 24 89 81 67 43 26 55 0 160
139 26 97 90 59 88 54 56 31 36 34 0 139
116 36 35 25 95 95 95 42 94 69 78 0 116
149 65 36 69 67 44 70 95 49 74 91 0 149
144 99 50 44 78 35 29 44 23 63 87 0 144
182 100 53 97 90 89 74 89 86 47 43 0 182
109 99 28 21 74 93 39 35 47 48 99 0 109
118 52 56 96 40 47 30 94 48 53 67 0 118
188 57 74 81 88 88 75 77 31 45 42 0 188
157 86 57 26 93 30 97 91 54 27 27 0 157
110 71 56 91 72 55 21 71 74 78 90 0 110
123 90 96 76 62 99 69 62 53 96 77 0 123
105 80 57 36 34 59 89 90 56 28 37 0 105
185 45 55 99 78 50 26 84 73 50 28 0 185
112 94 59 81 50 89 74 43 98 91 95 0 112
159 68 89 80 72 72 52 76 26 35 24 0 159
149 67 73 85 31 45 64 54 76 40 98 0 149
137 83 74 49 58 63 55 89 47 62 87 0 137
158 51 92 34 58 46 38 80 94 21 32 0 158
124 44 89 50 51 54 96 91 69 27 35 0 124
191 65 47 38 92 85 88 50 32 42 50 0 191
172 77 45 34 47 51 37 38 81 77 29 0 172
153 86 50 40 85 25 49 78 95 63 35 0 153
114 73 65 61 52 48 68 49 95 62 31 0 114
108 38 41 67 95 93 40 25 33 99 24 0 108
187 94 85 100 86 61 41 96 96 94 47 0 187
128 31 89 75 78 32 32 36 60 30 68 0 128
101 55 88 47 71 83 38 24 30 79 22 0 101
174 75 21 69 52 93 52 44 86 46 60 0 174
149 34 38 31 85 47 24 67 46 67 84 0 149
121 84 74 98 46 58 57 29 96 68 76 0 121
152 42 89 30 44 68 93 41 44 93 36 0 152
120 47 93 21 41 93 23 100 48 60 78 0 120
113 27 30 35 36 39 79 62 82 48 52 0 113
143 50 94 25 27 29 93 68 66 86 24 0 143
149 53 35 40 89 30 69 89 93 80 90 0 149
196 23 98 28 46 41 57 84 48 23 51 0 196
145 73 27 88 31 69 43 63 82 84 44 0 145
109 49 39 91 78 22 80 28 86 95 53 0 109
141 47 68 98 55 49 29 77 67 92 37 0 141
185 63 21 60 87 59 68 82 32 30 24 0 185
166 68 72 56 55 87 92 72 72 76 61 0 166
159 28 79 54 55 35 27 50 97 73 45 0 159
128 74 58 49 22 70 36 85 21 32 24 0 128
196 30 44 40 41 63 74 28 42 95 61 0 196
108 84 68 49 62 68 96 87 58 99 73 0 108
173 38 53 39 87 68 99 37 96 22 43 0 173
184 90 68 84 95 43 79 96 32 80 42 0 184
177 96 90 81 53 28 79 99 51 66 21 0 177
109 61 73 46 26 89 83 50 98 33 20 0 109
177 52 56 91 88 91 62 40 63 87 81 0 177
136 48 43 96 43 100 86 73 86 84 83 0 136
119 51 99 80 67 48 90 52 61 52 38 0 119
142 34 20 93 28 24 94 84 51 53 95 0 142
145 80 49 27 56 21 71 22 37 55 92 0 145
130 62 35 31 78 31 68 85 81 95 59 0 130
200 28 58 96 87 59 34 78 55 93 43 0 200
122 42 93 21 21 64 52 38 75 72 40 0 122
115 48 85 50 63 67 77 21 44 22 29 0 115
113 71 57 32 37 32 39 58 49 69 46 0 113
180 50 37 59 97 88 58 33 21 30 59 0 180
169 40 50 29 35 59 99 30 83 41 86 0 169
189 40 46 59 79 99 33 54 28 64 40 0 189
129 85 25 98 59 37 76 24 49 66 85 0 129
159 24 42 86 71 97 54 89 55 86 78 0 159
137 24 85 80 51 57 22 27 37 67 27 0 137
105 94 40 71 44 66 52 78 65 53 83 0 105
110 70 42 28 43 77 67 86 22 84 45 0 110
166 55 34 29 25 34 86 25 34 92 52 0 166
157 79 55 51 95 66 98 67 70 85 69 0 157
172 63 64 82 79 74 89 77 76 83 51 0 172
111 22 36 75 44 36 77 88 49 41 39 0 111
125 90 54 23 76 23 68 67 33 57 78 0 125
131 67 33 73 86 76 88 55 99 88 42 0 131
115 73 34 93 85 64 45 65 39 60 38 0 115
117 85 66 84 84 82 70 68 85 36 71 0 117
184 57 49 65 74 37 60 100 44 49 30 0 184
194 43 79 73 78 93 49 98 45 79 37 0 194
162 22 33 75 42 94 60 57 56 53 83 0 162
158 41 94 52 67 66 42 90 26 71 51 0 158
113 35 92 72 59 98 27 71 95 70 94 0 113
146 32 69 20 89 83 100 57 62 96 99 0 146
124 51 79 50 91 26 28 31 66 81 97 0 124
106 32 88 69 68 77 29 53 32 80 80 0 106
110 97 50 97 37 34 43 26 56 63 94 0 110
101 71 80 66 97 82 60 92 42 46 87 0 101
128 66 32 57 70 26 93 65 65 38 93 0 128
173 74 80 86 77 26 79 57 24 63 78 0 173
179 77 69 35 91 91 36 97 64 35 83 0 179
153 64 36 29 64 97 75 96 88 30 45 0 153
164 58 100 26 67 22 30 23 86 56 28 0 164
157 31 30 75 83 41 91 69 98 69 69 0 157
198 31 82 26 31 46 32 34 77 91 49 0 198
199 83 75 38 38 56 51 30 96 22 82 0 199
152 72 65 36 57 92 35 20 59 28 44 0 152
148 73 95 30 54 59 71 96 35 20 28 0 148
181 48 99 28 47 66 98 71 93 54 100 0 181
153 98 56 37 65 84 31 84 82 97 71 0 153
102 87 66 48 41 44 37 81 70 43 37 0 102
136 33 44 86 56 95 55 68 31 82 60 0 136
130 69 24 23 35 27 59 32 89 56 83 0 130
169 85 47 56 80 81 100 82 69 83 49 0 169
157 62 51 83 40 60 63 84 77 44 28 0 157
108 66 65 52 82 34 58 40 80 87 50 0 108
101 43 75 34 49 56 81 49 53 89 22 0 101
164 58 89 72 34 46 65 99 34 58 36 0 164
110 49 84 60 81 86 28 74 99 86 70 0 110
138 61 66 94 47 91 86 71 57 98 33 0 138
135 47 97 72 85 76 52 28 44 33 49 0 135
111 96 80 81 79 70 83 52 80 67 37 0 111
109 52 100 90 90 76 54 98 88 42 74 0 109
171 83 65 87 54 46 20 33 75 56 46 0 171
183 65 20 64 57 24 23 60 22 69 21 0 183
124 87 89 97 31 85 88 90 47 23 40 0 124
195 37 54 58 58 44 70 74 96 48 65 0 195
118 52 55 53 44 21 69 24 35 90 42 0 118
185 77 39 60 97 33 36 58 71 38 88 0 185
154 26 30 69 93 23 87 42 71 66 71 0 154
146 26 54 30 95 62 65 34 40 76 42 0 146
130 98 68 65 46 83 33 72 87 39 27 0 130
185 30 22 63 40 78 28 63 45 75 50 0 185
174 30 67 49 57 87 41 52 25 85 34 0 174
175 98 74 78 49 44 84 56 84 77 100 0 175
139 37 88 58 49 25 80 84 91 72 73 0 139
197 72 68 84 67 36 36 91 82 51 57 0 197
183 98 78 32 90 45 30 48 45 78 34 0 183
194 34 76 51 56 30 77 88 90 82 51 0 194
124 87 97 45 50 70 49 55 39 32 61 0 124
166 36 57 78 38 55 36 90 52 81 48 0 166
192 63 61 47 21 51 81 85 23 22 77 0 192
148 45 74 98 21 70 20 74 38 48 28 0 148
136 96 34 66 78 57 22 29 39 60 34 0 136
100 42 88 39 64 58 79 50 91 72 59 0 100
183 32 48 46 82 56 48 28 79 72 35 0 183
108 52 93 73 44 88 31 25 95 62 40 0 108
180 48 41 36 89 80 85 23 49 36 85 0 180
190 51 32 62 98 93 20 47 38 93 40 0 190
151 52 89 25 76 98 62 99 70 38 43 0 151
167 71 97 88 89 24 26 29 83 99 53 0 167
175 57 55 30 61 58 99 28 40 80 44 0 175
148 62 76 63 99 100 76 31 31 47 64 0 148
122 82 27 80 85 89 60 85 29 40 60 0 122
100 51 32 76 91 61 41 49 30 58 23 0 100
118 35 47 76 30 76 26 78 55 73 31 0 118
184 69 70 71 90 21 26 98 99 37 71 0 184
115 44 55 69 39 86 84 57 24 51 84 0 115
184 25 24 43 89 97 93 42 99 64 55 0 184
123 85 67 22 53 24 55 65 45 43 45 0 123
200 65 89 21 29 75 71 43 82 46 55 0 200
135 69 93 44 85 86 57 58 41 68 26 0 135
185 23 25 69 73 40 45 47 100 24 41 0 185
115 43 90 42 46 89 62 47 56 43 49 0 115
135 78 58 99 44 85 77 83 30 33 27 0 135
191 99 97 20 49 27 90 25 24 92 41 0 191
145 72 57 44 99 33 50 36 98 99 91 0 145
154 38 68 80 86 37 71 48 72 42 66 0 154
102 39 60 43 24 91 70 81 34 31 67 0 102
150 60 58 61 63 32 58 31 65 88 92 0 150
161 93 65 37 94 80 30 75 99 33 75 0 161
160 92 88 72 47 54 92 95 61 27 33 0 160
108 68 71 76 86 35 22 28 69 90 26 0 108
184 30 72 30 32 36 43 42 39 78 64 0 184
114 48 66 93 38 53 20 55 29 57 56 0 114
163 31 45 66 46 88 68 91 60 62 56 0 163
136 57 23 33 76 27 64 36 47 72 40 0 136
190 88 50 53 22 65 76 96 26 22 70 0 190
141 36 80 22 88 57 69 91 64 66 57 0 141
194 75 89 29 86 73 34 87 43 81 37 0 194
107 97 50 78 47 45 43 99 93 87 71 0 107
187 76 67 43 61 65 23 38 31 76 81 0 187
172 54 83 24 26 39 40 48 42 52 32 0 172
180 26 49 65 56 46 66 89 21 57 77 0 180
171 97 51 75 53 90 38 87 26 75 88 0 171
181 57 87 59 72 87 26 25 36 84 52 0 181
190 42 62 89 44 31 98 55 96 26 59 0 190
146 21 75 48 76 41 59 23 42 68 100 0 146
146 68 77 94 68 80 99 21 68 30 67 0 146
135 59 79 42 96 57 27 81 60 31 29 0 135
168 34 61 59 22 94 82 31 48 59 62 0 168
164 23 63 30 67 31 60 87 41 52 64 0 164
190 69 33 88 69 84 48 49 27 42 49 0 190
100 42 35 22 62 38 45 30 51 53 66 0 100
136 48 93 93 53 49 33 81 56 56 45 0 136
172 79 70 87 94 67 39 65 87 30 52 0 172
161 65 74 41 82 73 32 54 90 89 21 0 161
181 27 28 26 24 46 95 84 25 30 67 0 181
184 43 25 51 68 62 52 97 78 69 26 0 184
150 65 23 57 74 72 79 38 51 51 82 0 150
107 73 28 50 62 84 56 60 87 64 77 0 107
171 42 66 86 88 62 63 56 89 86 85 0 171
173 38 54 91 96 56 60 63 76 54 57 0 173
137 51 62 82 28 54 36 66 40 38 62 0 137
125 93 96 82 58 86 73 75 49 22 55 0 125
125 44 98 83 100 59 69 60 23 92 42 0 125
124 49 75 66 45 24 51 39 61 20 33 0 124
110 29 25 27 20 29 45 37 50 38 83 0 110
152 73 33 57 78 36 99 68 21 90 25 0 152
102 23 57 54 42 53 56 65 51 51 22 0 102
155 48 80 34 95 43 41 84 84 82 81 0 155
101 54 31 49 99 40 37 23 68 38 55 0 101
181 88 43 35 23 23 23 40 50 31 22 0 181
155 69 52 28 24 70 34 82 69 99 63 0 155
131 26 25 21 55 52 84 90 61 36 89 0 131
196 49 28 23 57 62 37 82 83 65 53 0 196
176 67 82 32 80 20 55 61 87 87 56 0 176
182 57 74 86 57 21 36 39 49 81 36 0 182
144 73 93 52 64 51 70 95 48 21 29 0 144
143 73 35 72 81 92 22 72 45 69 70 0 143
149 87 57 27 44 53 40 34 45 73 26 0 149
134 53 61 74 29 46 45 92 69 72 68 0 134
103 99 22 39 59 35 48 65 75 76 82 0 103
137 62 42 54 73 45 49 53 56 36 84 0 137
119 82 90 37 30 65 40 85 98 21 94 0 119
115 71 72 29 74 58 98 42 66 38 71 0 115
199 92 90 43 68 97 23 69 63 92 28 0 199
104 97 28 68 34 94 31 81 98 42 49 0 104
190 67 21 100 57 87 71 37 70 71 65 0 190
113 24 93 26 79 78 53 75 84 71 66 0 113
162 92 35 56 90 89 98 48 20 43 38 0 162
103 37 61 64 51 53 42 97 26 61 68 0 103
184 82 44 99 62 41 67 79 51 94 62 0 184
147 39 20 65 72 29 64 77 87 66 22 0 147
159 33 32 74 84 99 80 74 31 53 44 0 159
121 51 26 50 56 78 67 79 77 65 53 0 121
127 79 35 57 54 49 46 98 20 29 49 0 127
112 92 52 32 43 25 40 87 35 35 76 0 112
166 60 34 35 56 28 34 71 35 58 95 0 166
117 85 33 25 84 29 69 70 46 62 62 0 117
195 82 65 38 45 96 26 93 91 80 26 0 195
166 45 47 84 43 28 22 58 94 51 89 0 166
135 21 92 58 58 62 71 22 23 46 76 0 135
133 25 82 51 58 78 78 41 27 75 88 0 133
131 50 69 28 23 84 39 33 30 62 60 0 131
110 96 35 85 76 85 81 100 26 74 60 0 110
110 33 66 97 70 37 95 69 78 84 76 0 110
112 45 38 59 72 22 23 94 70 25 58 0 112
141 40 38 43 63 73 71 66 76 26 86 0 141
183 90 67 48 70 71 92 67 30 57 26 0 183
149 32 27 25 72 47 44 54 65 81 94 0 149
113 53 95 51 56 79 49 54 72 40 33 0 113
116 57 90 40 36 62 97 72 59 60 35 0 116
179 52 25 26 66 89 82 81 98 91 69 0 179
183 24 95 73 63 84 74 80 28 86 53 0 183
140 98 88 43 40 69 31 55 35 22 60 0 140
170 82 27 44 46 44 74 97 38 41 83 0 170
147 22 57 85 30 98 24 68 47 81 60 0 147
135 53 23 26 21 46 75 80 99 26 65 0 135
129 34 93 25 88 40 44 94 67 85 72 0 129
139 74 25 71 57 83 22 69 96 54 30 0 139
145 60 88 82 21 80 46 31 94 37 48 0 145
109 86 76 85 24 38 91 61 28 93 88 0 109
116 29 68 81 54 78 29 70 90 57 94 0 116
199 24 22 85 82 39 26 52 79 44 99 0 199
143 50 27 27 96 85 57 52 33 86 86 0 143
131 48 88 90 71 77 57 40 42 97 44 0 131
191 26 24 71 30 85 88 43 51 50 74 0 191
174 62 68 74 94 38 82 48 62 86 93 0 174
111 84 63 52 63 64 73 77 29 60 47 0 111
126 34 34 85 69 61 97 28 65 70 20 0 126
148 40 47 27 43 70 89 49 65 74 90 0 148
136 90 62 84 79 21 24 87 46 41 90 0 136
159 86 65 70 28 88 62 81 24 81 35 0 159
130 62 46 32 32 93 68 52 37 83 64 0 130
184 55 60 98 46 53 65 96 67 77 28 0 184
115 69 81 77 61 26 85 44 43 82 91 0 115
104 93 80 73 96 48 99 25 86 98 22 0 104
103 24 85 24 32 39 77 66 31 38 53 0 103
184 55 24 50 97 83 39 50 95 24 41 0 184
123 42 78 70 66 25 83 90 38 21 38 0 123
130 48 38 97 35 80 48 60 45 73 66 0 130
136 35 41 32 38 66 61 54 28 39 77 0 136
139 93 68 42 60 87 39 44 71 46 42 0 139
200 34 53 61 97 52 98 28 85 74 46 0 200
136 88 36 23 53 21 66 96 29 78 85 0 136
133 40 100 25 71 34 37 72 69 76 30 0 133
194 47 68 64 38 57 33 29 60 46 59 0 194
127 41 70 95 64 46 74 38 25 67 20 0 127
173 79 71 95 90 84 68 70 52 93 89 0 173
141 52 99 48 22 42 59 76 85 20 72 0 141
157 44 73 67 64 69 25 46 22 27 38 0 157
147 26 74 87 79 63 73 99 91 26 98 0 147
148 79 56 44 68 23 85 75 94 93 21 0 148
108 57 36 56 25 32 67 44 67 86 69 0 108
158 72 99 88 81 35 29 77 66 50 64 0 158
181 41 86 24 61 29 34 69 91 97 51 0 181
141 95 79 55 63 31 90 21 75 54 50 0 141
189 44 86 67 22 77 92 93 53 32 56 0 189
126 56 29 87 32 93 67 88 62 88 83 0 126
127 46 97 74 68 53 48 97 83 61 72 0 127
130 22 37 90 89 36 28 40 81 69 34 0 130
198 41 69 26 38 59 96 95 62 27 61 0 198
196 77 93 68 94 76 33 94 88 86 76 0 196
159 86 95 48 20 66 42 25 81 68 57 0 159
155 61 20 78 94 100 41 93 80 31 23 0 155
171 27 99 94 77 88 47 95 69 77 51 0 171
162 52 59 91 65 68 71 80 79 34 54 0 162
187 67 53 22 99 98 26 62 49 64 80 0 187
155 91 43 68 72 54 40 79 93 39 50 0 155
135 99 23 80 60 43 38 23 71 52 93 0 135
120 94 24 84 21 24 91 20 59 98 57 0 120
196 59 87 75 52 98 77 52 40 32 76 0 196
101 85 20 36 56 95 48 48 66 69 94 0 101
153 22 60 83 46 77 72 46 45 69 77 0 153
150 86 43 60 73 71 78 91 25 26 30 0 150
112 58 38 60 51 54 53 26 48 23 52 0 112
120 58 46 45 63 71 60 31 28 93 27 0 120
175 61 57 65 68 73 77 71 36 98 32 0 175
120 85 98 23 82 20 93 53 98 46 76 0 120
146 56 97 53 79 45 81 50 54 25 92 0 146
115 66 36 94 66 31 59 85 64 71 64 0 115
200 21 100 35 41 27 54 76 98 41 69 0 200
138 20 84 53 36 91 25 71 78 91 21 0 138
146 87 90 59 79 83 75 28 52 35 24 0 146
104 89 60 37 60 37 100 95 68 61 59 0 104
137 41 96 90 61 28 22 93 39 22 58 0 137
167 87 34 47 88 90 25 42 43 98 83 0 167
165 24 38 46 86 28 88 44 48 34 48 0 165
178 78 79 23 75 73 39 40 65 43 45 0 178
111 78 99 74 69 65 82 64 92 47 93 0 111
183 42 90 54 54 40 23 66 56 52 38 0 183
119 46 57 21 61 37 30 42 85 35 44 0 119
172 66 26 100 89 33 33 39 52 96 41 0 172
106 99 31 64 87 21 47 47 51 27 75 0 106
125 43 65 57 43 92 68 61 58 41 33 0 125
159 97 87 30 95 77 57 73 54 88 52 0 159
190 53 74 34 91 38 49 92 57 85 24 0 190
157 79 99 91 46 90 51 25 96 22 94 0 157
123 81 99 57 67 46 93 35 69 67 92 0 123
144 79 99 39 27 86 27 38 75 62 97 0 144
151 80 63 34 55 36 86 26 48 92 85 0 151
102 32 78 29 73 44 37 83 43 42 85 0 102
173 32 30 21 27 43 46 73 58 67 96 0 173
130 97 74 40 58 97 76 96 35 76 33 0 130
111 89 100 59 41 75 77 55 38 42 78 0 111
122 68 74 33 89 43 22 89 42 60 62 0 122
171 22 56 37 44 49 40 27 100 95 94 0 171
130 76 36 83 91 56 58 57 40 87 29 0 130
196 86 67 99 42 37 44 32 86 71 40 0 196
128 39 94 50 69 97 65 33 93 69 39 0 128
101 89 64 39 88 92 92 21 41 20 41 0 101
118 38 23 72 64 54 60 32 57 24 62 0 118
159 98 31 50 60 24 92 43 65 81 41 0 159
168 42 57 49 36 30 83 67 99 43 56 0 168
151 90 37 94 81 27 50 81 45 28 86 0 151
152 44 34 40 51 96 51 62 30 77 57 0 152
132 78 46 86 83 22 27 100 31 46 45 0 132
107 50 47 36 20 99 93 47 32 50 87 0 107
130 27 60 85 96 88 68 74 97 93 89 0 130
104 71 83 46 91 73 80 27 25 22 38 0 104
157 100 82 78 22 26 36 40 96 35 31 0 157
130 69 54 38 99 40 71 50 68 36 52 0 130
122 61 50 80 72 46 62 20 92 36 46 0 122
164 34 23 55 71 32 68 48 57 65 60 0 164
146 52 29 57 90 46 39 22 27 28 21 0 146
135 24 76 50 52 64 28 70 74 97 36 0 135
164 38 43 50 56 90 23 89 21 88 92 0 164
147 73 32 34 50 29 37 42 61 86 51 0 147
136 61 41 84 53 95 75 32 70 95 91 0 136
164 89 28 33 52 93 58 87 28 39 65 0 164
155 80 23 88 32 36 92 69 66 75 21 0 155
105 28 54 49 40 89 68 69 96 32 60 0 105
113 52 69 56 55 50 51 55 79 41 59 0 113
116 23 53 91 39 96 48 22 68 64 86 0 116
124 96 98 84 96 79 63 60 56 75 96 0 124
194 89 40 82 28 42 79 85 28 31 60 0 194
119 36 21 27 71 83 69 54 56 88 31 0 119
140 56 24 29 32 49 95 74 78 38 47 0 140
107 58 39 55 76 63 37 73 22 87 95 0 107
137 33 64 78 56 89 69 22 42 58 93 0 137
186 23 34 53 45 30 73 80 70 68 96 0 186
166 89 59 53 58 28 69 21 85 91 70 0 166
122 88 40 59 65 23 92 55 68 24 66 0 122
197 54 78 47 47 97 79 29 53 82 83 0 197
133 50 67 22 37 47 96 28 29 74 47 0 133
175 73 20 56 44 61 50 96 96 27 65 0 175
126 66 50 21 57 41 80 42 60 32 45 0 126
139 49 40 21 55 54 49 42 57 44 36 0 139
195 85 91 42 37 87 68 68 76 86 53 0 195
160 23 93 26 53 41 36 88 35 50 90 0 160
128 79 47 61 81 51 46 61 49 99 24 0 128
190 26 53 75 67 46 71 73 34 27 60 0 190
114 98 67 75 53 67 93 51 31 72 86 0 114
120 77 95 84 84 27 70 21 81 68 81 0 120
116 79 81 26 77 45 90 74 36 96 59 0 116
176 65 59 96 34 95 65 84 47 60 58 0 176
196 50 52 54 35 40 55 79 33 68 22 0 196
194 23 98 83 80 23 72 85 67 94 23 0 194
136 78 27 38 20 69 20 33 76 64 22 0 136
181 97 82 26 37 72 89 43 28 85 24 0 181
135 54 46 26 40 23 63 61 89 60 86 0 135
128 27 23 50 62 68 43 28 69 47 22 0 128
198 90 92 30 97 21 96 22 64 93 43 0 198
103 54 26 89 81 66 54 82 99 54 23 0 103
158 45 37 92 54 74 64 96 62 37 99 0 158
184 95 90 95 64 57 27 42 51 73 23 0 184
171 58 64 40 45 32 81 91 55 73 23 0 171
142 29 73 76 49 56 82 50 38 87 62 0 142
100 51 33 99 23 77 57 48 72 49 70 0 100
126 29 86 46 52 82 63 80 74 80 91 0 126
116 50 100 76 57 55 66 79 60 35 67 0 116
148 79 98 54 41 88 35 25 52 30 98 0 148
130 47 29 41 44 56 89 85 57 98 35 0 130
108 32 80 57 74 28 53 96 84 82 88 0 108
179 48 24 71 65 20 85 30 99 55 39 0 179
114 86 31 36 60 88 59 22 32 53 70 0 114
133 33 44 37 83 29 53 82 93 64 85 0 133
148 100 69 44 87 62 66 89 59 27 65 0 148
138 93 24 48 63 37 35 75 77 93 43 0 138
157 93 32 60 41 30 23 42 70 64 68 0 157
199 46 61 30 43 87 58 88 30 47 28 0 199
181 81 39 59 34 87 58 45 64 56 89 0 181
114 73 29 65 34 39 80 82 21 68 42 0 114
179 45 66 97 92 35 36 25 89 66 29 0 179
142 95 69 28 66 92 80 35 90 94 77 0 142
181 73 55 25 21 64 72 20 97 21 72 0 181
134 88 74 94 51 93 49 71 98 70 84 0 134
184 58 83 100 86 64 69 86 77 78 61 0 184
101 72 49 56 71 68 62 68 64 66 55 0 101
147 29 95 67 31 52 65 76 40 97 85 0 147
181 61 91 29 84 90 89 30 45 94 65 0 181
140 63 36 32 26 78 27 52 75 51 96 0 140
168 68 78 69 92 32 66 46 52 92 27 0 168
141 56 43 92 56 22 71 73 64 62 60 0 141
127 27 82 40 53 77 79 41 66 86 32 0 127
118 87 67 26 50 84 70 60 24 81 61 0 118
196 71 86 72 25 66 51 55 92 52 33 0 196
164 53 99 47 89 34 51 33 60 62 67 0 164
200 84 90 87 84 22 36 37 29 92 85 0 200
131 90 81 91 67 64 99 31 97 53 52 0 131
144 76 75 46 57 75 42 55 70 68 30 0 144
184 78 90 96 44 55 33 52 68 96 26 0 184
143 31 27 93 72 81 61 55 52 98 81 0 143
155 32 60 26 55 95 54 100 39 59 91 0 155
180 82 46 96 93 66 100 95 26 51 95 0 180
119 59 30 75 31 35 43 31 59 91 62 0 119
154 56 95 78 86 35 71 25 97 62 32 0 154
120 49 61 85 61 91 39 52 29 78 97 0 120
193 71 25 82 42 49 22 35 44 37 76 0 193
193 100 48 88 43 67 93 95 92 48 73 0 193
184 28 31 28 41 48 88 25 90 74 91 0 184
113 71 59 23 99 70 44 52 42 26 98 0 113
112 35 93 34 70 72 30 23 83 89 42 0 112
183 91 94 34 63 31 58 34 66 46 39 0 183
147 52 20 78 31 98 74 26 58 64 39 0 147
197 55 44 87 82 90 56 96 79 63 46 0 197
165 37 24 65 92 53 83 28 47 46 23 0 165
111 36 82 62 38 80 54 38 56 96 60 0 111
141 85 76 99 55 67 25 29 88 92 20 0 141
166 50 47 31 27 79 81 89 96 86 34 0 166
175 35 91 59 84 46 57 38 72 72 83 0 175
144 33 38 27 33 37 87 30 45 71 20 0 144
107 73 27 47 48 68 49 64 70 38 92 0 107
165 59 50 59 31 55 68 52 83 57 26 0 165
102 43 75 66 49 76 39 99 51 34 93 0 102
177 26 40 49 37 30 55 22 80 25 90 0 177
166 87 93 45 86 38 71 33 99 81 85 0 166
108 69 58 58 29 52 78 40 99 20 67 0 108
173 93 71 85 97 41 73 25 30 67 100 0 173
122 45 22 73 49 66 20 66 20 61 67 0 122
129 93 87 90 33 81 74 61 85 24 20 0 129
134 83 67 86 32 43 61 32 50 58 67 0 134
125 29 39 83 25 61 62 58 87 72 24 0 125
101 90 47 40 49 54 91 36 54 88 85 0 101
185 42 96 41 79 87 55 57 82 61 25 0 185
140 43 57 95 41 20 95 26 92 67 65 0 140
185 60 51 91 65 40 94 53 65 48 64 0 185
159 94 99 66 46 59 40 77 60 95 80 0 159
105 85 96 52 35 25 75 84 96 90 58 0 105
153 26 29 65 68 49 48 92 38 89 46 0 153
156 77 85 92 47 84 26 48 95 76 43 0 156
183 89 23 28 97 82 57 97 38 52 93 0 183
195 83 47 77 82 27 92 80 96 20 98 0 195
101 43 97 27 45 85 83 83 26 27 77 0 101
182 95 70 88 39 62 57 78 60 72 52 0 182
166 40 82 32 34 95 91 85 41 30 35 0 166
166 70 65 67 32 38 39 99 91 58 35 0 166
149 29 70 81 65 28 25 54 68 70 86 0 149
144 59 39 50 32 31 72 49 92 83 30 0 144
154 78 53 85 76 45 36 55 100 47 85 0 154
184 98 74 94 52 77 42 79 64 94 20 0 184
134 50 37 73 32 28 52 28 32 59 65 0 134
115 53 44 55 82 94 43 31 27 80 46 0 115
103 65 78 91 82 83 44 48 58 63 58 0 103
103 23 92 45 77 57 76 81 46 53 68 0 103
118 37 46 86 70 37 77 31 62 93 30 0 118
104 69 42 46 45 46 61 34 46 97 43 0 104
131 82 32 47 91 29 87 96 53 54 65 0 131
131 52 73 33 73 23 44 31 73 71 98 0 131
100 25 51 44 43 59 76 97 48 77 52 0 100
143 84 53 73 26 91 57 41 77 52 91 0 143
163 83 83 48 21 71 71 98 94 57 96 0 163
144 35 49 79 92 58 59 21 25 92 96 0 144
173 43 36 71 33 73 53 22 88 74 33 0 173
140 98 38 51 69 38 34 80 88 49 22 0 140
139 41 42 39 92 74 36 72 87 81 77 0 139
122 52 48 87 96 37 43 55 61 69 68 0 122
122 45 34 29 89 93 55 56 49 89 43 0 122
129 93 38 70 26 40 60 64 88 46 30 0 129
147 55 51 41 56 55 64 85 60 100 44 0 147
109 80 78 27 86 32 43 50 31 47 63 0 109
187 24 90 100 41 72 53 45 49 56 91 0 187
190 46 30 95 90 83 96 56 92 36 25 0 190
180 69 70 38 97 44 84 23 95 76 48 0 180
140 41 92 25 29 27 53 50 91 43 77 0 140
101 68 93 44 92 90 55 53 81 48 39 0 101
133 62 73 87 60 79 90 92 79 86 24 0 133
190 29 33 53 57 49 57 90 30 28 94 0 190
158 75 96 37 31 78 32 92 92 61 92 0 158
142 46 82 57 38 91 57 79 82 50 66 0 142
109 84 67 45 75 37 70 88 54 83 33 0 109
167 97 24 71 59 48 83 98 92 35 47 0 167
179 50 64 79 75 29 83 51 88 97 74 0 179
119 98 26 57 53 56 92 85 92 21 33 0 119
160 80 43 47 51 50 83 24 63 91 47 0 160
136 89 94 38 45 88 70 26 97 23 44 0 136
177 92 41 38 69 56 87 56 98 79 77 0 177
148 87 64 60 59 36 74 51 98 59 37 0 148
107 37 56 54 87 29 85 58 26 42 86 0 107
168 57 99 30 60 53 74 75 80 75 21 0 168
175 26 89 77 38 35 23 72 87 64 89 0 175
174 66 34 52 22 40 46 80 38 71 35 0 174
150 23 73 24 40 92 99 82 39 86 80 0 150
156 74 41 80 91 66 95 91 41 49 51 0 156
179 48 87 49 99 66 68 60 59 39 91 0 179
191 86 59 36 83 60 23 96 53 31 63 0 191
191 25 89 68 69 20 50 23 76 83 89 0 191
159 41 62 75 97 57 84 68 99 62 37 0 159
135 71 44 82 92 81 74 21 21 24 40 0 135
135 40 68 77 79 48 98 80 83 46 26 0 135
130 98 77 99 87 27 89 36 37 66 52 0 130
170 86 20 97 62 74 60 71 70 98 43 0 170
190 64 22 51 89 94 32 91 99 76 67 0 190
175 33 30 21 97 52 79 70 33 56 32 0 175
167 79 45 28 46 64 62 85 61 26 90 0 167
121 39 94 64 53 46 34 62 72 31 50 0 121
125 69 33 43 52 31 92 64 74 45 71 0 125
115 78 86 59 77 32 86 67 75 54 69 0 115
144 70 79 93 51 93 83 57 53 29 41 0 144
164 73 44 51 34 27 22 58 90 54 29 0 164
142 36 29 57 84 84 24 68 90 80 87 0 142
152 24 80 88 80 88 75 81 49 96 81 0 152
135 98 88 81 56 78 49 77 63 45 35 0 135
165 49 68 72 90 96 22 58 96 44 86 0 165
186 54 43 84 24 95 27 35 81 79 36 0 186
187 92 42 48 97 97 26 84 80 61 52 0 187
198 100 71 26 55 57 37 90 41 31 61 0 198
173 57 48 97 48 49 60 47 49 65 84 0 173
122 44 49 88 99 95 21 87 82 44 67 0 122
105 69 61 24 24 67 59 57 86 51 66 0 105
189 90 32 68 73 21 35 50 47 23 71 0 189
159 62 79 55 36 23 99 64 71 53 45 0 159
168 39 75 68 50 58 70 42 70 91 93 0 168
183 53 36 92 95 42 30 27 21 22 57 0 183
148 34 82 53 38 77 50 62 36 48 47 0 148
184 61 23 84 61 63 76 68 24 51 91 0 184
177 89 86 80 24 22 92 21 69 35 97 0 177
175 45 57 86 76 82 99 86 35 92 48 0 175
147 60 25 21 84 78 22 83 60 88 93 0 147
174 77 60 31 90 30 79 58 58 50 68 0 174
102 35 87 75 84 82 66 76 58 96 86 0 102
192 69 36 76 61 65 61 84 42 73 91 0 192
113 44 28 24 81 64 70 51 93 96 62 0 113
151 64 72 65 42 59 26 87 75 92 62 0 151
186 72 35 95 60 57 23 65 92 31 31 0 186
146 30 27 51 95 81 40 32 48 92 98 0 146
188 62 77 26 99 72 75 46 40 39 30 0 188
129 94 48 93 62 22 46 21 77 49 51 0 129
177 40 41 66 34 91 75 91 50 29 97 0 177
118 39 40 93 98 72 59 89 93 94 35 0 118
136 36 83 95 66 47 55 89 51 28 91 0 136
134 69 70 32 60 72 64 54 29 33 51 0 134
140 67 96 72 40 96 83 69 60 72 24 0 140
105 73 50 73 22 69 95 43 93 41 83 0 105
153 53 93 95 89 78 64 46 52 69 40 0 153
115 27 56 65 41 24 84 32 37 73 72 0 115
189 37 73 78 33 32 45 93 40 56 88 0 189
106 83 91 51 41 88 65 69 58 20 33 0 106
159 29 85 92 73 42 22 65 91 48 87 0 159
149 45 36 78 37 49 39 21 50 70 34 0 149
141 28 52 52 25 61 41 82 39 32 35 0 141
143 97 65 61 68 41 69 85 79 55 67 0 143
150 78 89 37 76 96 88 38 85 44 57 0 150
151 90 68 69 78 74 95 92 59 83 80 0 151
107 82 94 38 58 31 67 63 85 33 64 0 107
125 91 81 65 25 90 21 65 73 81 70 0 125
183 97 53 20 30 42 37 90 48 63 82 0 183
140 76 74 21 59 39 41 64 61 71 81 0 140
193 94 92 58 29 67 33 48 65 86 87 0 193
188 62 64 87 59 98 34 41 82 26 91 0 188
124 79 67 48 53 86 27 45 54 32 69 0 124
185 23 34 73 85 100 53 34 25 79 50 0 185
170 35 44 74 98 49 73 66 60 74 31 0 170
177 90 39 95 89 94 72 80 97 63 71 0 177
105 69 81 74 69 95 98 40 35 77 100 0 105
131 59 68 66 44 91 26 26 53 39 22 0 131
150 88 69 23 93 31 40 29 82 46 26 0 150
110 64 51 61 75 39 29 55 91 75 84 0 110
165 87 91 49 27 93 89 39 91 31 21 0 165
183 92 79 85 54 62 69 31 86 29 78 0 183
200 37 100 86 37 43 29 85 47 47 83 0 200
147 62 25 89 66 47 82 77 59 75 36 0 147
146 69 42 26 78 38 24 37 39 92 98 0 146
104 23 61 50 52 71 75 38 89 61 48 0 104
104 53 80 92 41 60 38 98 71 31 28 0 104
142 77 28 79 26 70 26 75 84 35 80 0 142
174 26 72 47 34 76 53 23 65 94 50 0 174
158 32 52 23 39 71 44 51 91 95 21 0 158
104 74 24 70 51 44 82 20 94 21 87 0 104
164 63 51 96 50 92 83 98 90 42 49 0 164
171 80 22 100 87 45 54 65 75 78 98 0 171
173 98 88 94 81 78 57 49 25 53 85 0 173
157 89 36 33 20 20 80 64 65 28 34 0 157
193 28 67 98 67 53 48 83 80 67 22 0 193
148 69 72 85 30 21 40 96 82 55 36 0 148
181 84 55 22 30 58 97 62 94 40 89 0 181
138 84 37 89 37 97 24 72 85 53 34 0 138
184 21 25 42 30 52 60 79 70 71 75 0 184
100 98 51 99 34 70 37 54 71 96 58 0 100
113 40 37 72 22 76 28 98 45 72 99 0 113
113 58 67 31 20 71 34 95 78 97 87 0 113
191 94 87 75 56 43 70 81 51 51 95 0 191
190 87 88 59 26 68 32 43 47 67 33 0 190
107 82 69 26 20 31 51 20 44 69 62 0 107
194 48 92 68 34 48 92 65 26 39 30 0 194
115 99 67 48 40 45 52 59 31 96 45 0 115
182 31 31 66 81 70 69 100 90 23 79 0 182
149 59 62 31 67 98 57 56 79 83 62 0 149
156 41 48 35 95 26 49 48 100 71 27 0 156
162 21 61 36 51 46 49 49 67 73 82 0 162
127 56 77 82 95 24 57 49 78 86 23 0 127
157 39 67 85 86 91 28 65 85 83 25 0 157
172 20 49 48 72 31 83 44 94 20 56 0 172
159 28 27 65 23 43 96 49 27 81 88 0 159
198 90 86 72 49 40 26 39 34 62 53 0 198
105 62 24 75 65 70 88 81 51 33 91 0 105
100 60 63 51 20 90 25 83 53 82 37 0 100
140 96 65 68 86 77 31 56 88 95 49 0 140
189 82 56 45 78 90 57 74 68 71 42 0 189
176 91 31 91 43 72 67 87 99 72 20 0 176
117 85 53 60 87 29 43 51 53 60 69 0 117
190 75 35 52 21 89 44 30 27 58 93 0 190
159 83 77 52 37 80 55 37 87 99 68 0 159
141 95 27 63 26 22 30 91 51 36 89 0 141
166 41 66 79 53 27 74 62 85 41 69 0 166
161 51 28 47 20 44 48 61 36 78 84 0 161
143 70 29 42 51 93 55 54 85 53 61 0 143
146 65 87 91 95 80 67 69 35 62 82 0 146
192 51 31 94 45 57 34 73 82 77 98 0 192
123 45 45 26 39 77 77 98 30 82 42 0 123
172 38 36 86 100 79 57 88 89 73 68 0 172
150 76 99 44 93 31 58 94 73 54 25 0 150
119 62 33 83 38 86 37 74 64 50 67 0 119
183 38 51 59 74 93 34 97 97 93 79 0 183
127 86 54 89 22 64 29 100 48 81 24 0 127
115 98 82 29 60 85 58 94 66 22 90 0 115
106 79 34 91 23 43 26 51 66 67 95 0 106
122 73 73 21 76 83 69 95 65 23 64 0 122
169 22 96 75 62 45 85 90 83 95 36 0 169
195 70 48 97 68 84 96 20 75 81 54 0 195
121 49 87 91 83 76 23 87 39 46 36 0 121
181 78 46 37 93 61 49 37 92 26 21 0 181
117 45 74 64 79 61 75 69 68 55 56 0 117
148 46 39 93 75 56 58 35 96 80 42 0 148
186 93 87 93 69 29 81 61 32 38 39 0 186
127 30 100 59 95 68 84 47 97 31 91 0 127
126 32 96 48 69 93 85 52 63 57 44 0 126
101 53 76 92 72 62 36 99 99 39 38 0 101
129 35 25 30 33 81 22 23 51 71 29 0 129
171 92 35 47 26 90 96 85 30 36 49 0 171
184 74 31 76 40 43 22 41 70 86 78 0 184
100 57 42 40 97 74 34 61 28 23 36 0 100
171 89 56 23 26 24 22 98 51 94 50 0 171
119 91 85 71 80 80 88 47 34 41 46 0 119
102 73 85 88 98 41 54 74 40 39 33 0 102
161 78 96 58 43 67 88 66 92 76 26 0 161
149 72 36 34 64 84 80 84 89 53 81 0 149
184 58 64 35 26 20 59 28 90 21 71 0 184
130 27 91 50 88 74 98 25 74 33 28 0 130
131 92 73 80 31 27 44 66 87 83 60 0 131
185 39 49 50 44 96 55 63 64 33 50 0 185
118 61 26 46 80 91 33 52 52 73 48 0 118
145 89 52 59 47 22 44 54 69 32 47 0 145
125 53 45 76 97 58 61 34 44 32 76 0 125
174 26 68 92 100 82 66 89 60 84 25 0 174
185 34 43 75 32 55 71 38 78 64 32 0 185
143 45 75 65 39 74 39 74 83 34 66 0 143
157 23 74 69 51 44 47 92 79 78 86 0 157
148 71 72 84 82 55 40 66 42 41 35 0 148
141 38 88 69 60 40 54 58 75 75 91 0 141
173 49 96 39 77 55 55 83 80 39 55 0 173
102 98 66 62 29 52 28 32 96 26 100 0 102
188 56 43 61 24 68 37 43 36 40 40 0 188
118 60 73 23 81 49 72 53 28 73 78 0 118
171 61 50 53 74 27 94 80 46 27 79 0 171
194 42 34 40 25 38 44 24 77 71 83 0 194
123 20 30 34 61 68 53 45 66 70 70 0 123
128 88 71 52 36 59 85 91 49 66 30 0 128
143 73 76 44 59 95 30 62 32 43 26 0 143
140 54 38 26 67 78 36 70 32 87 70 0 140
159 43 57 26 79 95 42 57 45 71 27 0 159
189 54 60 38 69 78 95 48 22 34 34 0 189
113 65 89 69 57 73 69 100 87 29 90 0 113
116 45 50 60 37 53 59 46 77 89 21 0 116
116 94 92 32 89 49 91 23 49 99 100 0 116
153 83 46 64 51 60 24 39 43 100 83 0 153
167 82 27 88 35 100 34 78 34 92 37 0 167
160 50 20 42 42 76 79 40 77 58 65 0 160
125 24 60 57 85 96 30 80 34 58 89 0 125
200 34 52 95 33 76 58 97 81 84 95 0 200
159 55 23 88 41 26 100 89 25 65 64 0 159
181 45 20 62 44 29 87 82 74 27 22 0 181
130 99 21 80 35 84 72 48 86 89 85 0 130
100 62 29 20 91 40 31 53 51 27 60 0 100
195 37 94 60 91 47 93 64 25 96 83 0 195
128 79 36 67 34 48 85 35 30 50 87 0 128
160 72 84 87 27 26 23 92 33 38 33 0 160
152 49 43 86 23 71 78 84 59 57 27 0 152
122 33 20 87 99 51 79 89 64 47 84 0 122
189 93 27 54 21 85 91 60 53 83 36 0 189
166 84 93 74 45 100 81 21 42 64 58 0 166
127 82 45 24 93 68 63 49 42 65 51 0 127
155 96 41 44 55 35 51 56 53 82 24 0 155
116 79 95 52 28 94 21 34 37 87 57 0 116
195 89 56 79 78 96 56 20 54 40 67 0 195
128 37 61 85 66 80 49 72 47 94 65 0 128
197 62 86 95 21 52 93 93 26 38 34 0 197
127 45 33 66 47 66 26 98 60 59 75 0 127
193 57 32 38 71 73 42 96 34 45 98 0 193
163 21 45 80 52 59 37 65 93 34 47 0 163
132 22 47 32 46 25 72 31 85 50 77 0 132
184 78 52 69 90 97 87 71 87 24 84 0 184
112 59 82 98 84 53 86 86 24 49 76 0 112
196 24 58 24 66 58 82 98 82 29 41 0 196
129 30 37 46 93 71 72 98 41 83 57 0 129
188 46 33 86 70 20 89 92 25 34 22 0 188
151 68 99 84 89 45 51 78 67 65 81 0 151
180 26 78 67 74 37 95 60 33 88 48 0 180
121 94 88 70 74 68 69 81 71 74 54 0 121
194 58 32 100 67 91 44 42 58 62 31 0 194
164 46 74 43 59 41 47 36 72 61 75 0 164
108 39 35 91 52 92 99 73 100 63 38 0 108
131 34 63 78 32 32 79 23 51 46 94 0 131
139 98 94 61 51 49 62 73 36 75 79 0 139
148 34 37 23 22 34 49 85 80 93 39 0 148
130 61 57 39 50 46 31 63 70 35 25 0 130
146 33 80 58 42 88 62 35 94 41 86 0 146
155 44 62 35 96 56 75 42 82 36 24 0 155
158 24 79 40 55 71 74 58 23 65 47 0 158
180 88 61 83 95 34 28 37 46 63 95 0 180
137 78 22 83 43 65 57 78 57 98 39 0 137
145 47 26 52 65 60 66 39 88 84 77 0 145
116 45 96 39 46 45 68 85 94 30 41 0 116
144 99 27 41 21 30 70 61 78 47 25 0 144
129 71 50 35 61 42 48 64 62 25 79 0 129
110 29 78 96 50 68 27 69 95 29 71 0 110
135 37 90 74 39 22 42 68 80 90 69 0 135
161 65 92 72 38 31 21 54 27 28 24 0 161
182 44 28 28 21 61 46 82 86 80 80 0 182
142 74 40 43 82 84 70 30 33 51 75 0 142
147 88 71 66 82 54 91 96 35 58 57 0 147
115 49 24 59 56 82 56 47 83 58 74 0 115
183 64 32 61 37 98 53 76 36 41 30 0 183
143 72 94 27 39 39 85 25 98 81 72 0 143
171 21 26 84 98 36 58 90 92 64 79 0 171
147 91 96 75 74 36 58 55 34 79 95 0 147
172 38 32 78 85 29 100 98 28 67 56 0 172
136 35 43 71 21 90 67 79 93 79 58 0 136
194 27 47 41 85 96 37 89 81 84 79 0 194
141 22 51 99 86 68 64 28 63 22 91 0 141
138 77 84 62 48 71 58 62 94 60 40 0 138
120 89 37 57 38 41 31 65 95 46 58 0 120
166 67 24 94 54 64 74 66 71 88 48 0 166
100 77 48 46 21 44 88 35 56 49 77 0 100
155 32 77 50 24 43 88 76 32 100 48 0 155
102 86 75 57 32 89 27 99 24 62 90 0 102
117 51 47 42 79 43 37 80 34 54 29 0 117
188 77 29 33 69 48 69 52 54 33 76 0 188
190 69 57 27 61 66 32 78 36 85 56 0 190
126 79 20 54 69 48 97 62 78 29 57 0 126
142 65 94 27 70 66 55 26 48 71 83 0 142
158 71 26 74 28 34 29 55 97 74 72 0 158
195 89 42 56 72 26 94 26 27 99 68 0 195
174 93 61 53 32 36 74 33 47 68 66 0 174
134 83 50 73 48 97 52 92 23 40 60 0 134
159 57 25 49 29 96 92 49 87 36 91 0 159
134 43 96 50 95 55 42 81 95 79 72 0 134
187 44 34 37 79 91 66 27 54 80 52 0 187
185 29 44 84 44 22 69 83 37 96 29 0 185
107 58 42 23 79 82 65 71 63 64 96 0 107
116 83 91 90 61 31 97 36 52 82 50 0 116
176 78 49 22 69 46 91 81 50 68 93 0 176
179 100 50 55 69 89 25 58 33 69 89 0 179
185 75 68 83 59 53 40 84 54 70 67 0 185
148 38 89 26 60 82 46 46 70 21 50 0 148
192 86 34 73 39 68 52 27 31 59 71 0 192
188 58 53 66 100 24 33 36 92 99 87 0 188
137 94 66 45 26 35 36 35 65 21 82 0 137
86 108 101 127 96 105 118 76 92 92
104 123 140 163 199 215 239 251 273 292
109 133 142 163 187 210 234 248 269 286
104 125 152 169 192 205 233 243 271 287
104 138 145 167 182 216 224 243 268 281
102 124 151 161 198 211 240 258 280 296
117 140 155 163 185 219 220 249 272 288
111 128 155 162 182 217 226 250 268 287
119 128 143 173 181 202 228 253 277 282
113 140 148 176 191 220 234 250 260 281
118 130 150 176 193 200 226 259 269 290
112 135 145 180 188 219 223 249 277 290
114 121 157 176 194 215 227 249 275 285
119 140 158 179 187 208 234 250 266 286
111 140 157 164 187 201 224 250 275 293
105 140 147 164 185 204 237 250 274 289
110 127 146 164 182 201 228 258 279 297
115 140 153 162 185 220 237 246 274 298
110 137 160 174 195 220 234 250 279 292
115 123 156 167 186 207 220 247 278 287
103 130 147 177 186 214 226 248 266 286
117 129 154 180 188 220 239 258 271 283
114 132 160 177 193 219 223 259 276 282
101 126 150 170 189 206 236 240 275 289
106 125 159 161 181 210 226 260 274 296
108 127 153 163 196 203 221 250 271 289
108 120 148 175 181 200 221 241 274 286
111 140 150 164 185 203 226 249 278 294
111 120 158 160 191 206 237 240 265 287
120 123 151 167 195 210 230 246 265 300
107 139 152 172 188 214 234 240 274 283
117 127 151 174 199 217 229 249 280 297
120 125 143 165 187 207 225 257 270 294
105 139 159 177 190 212 232 244 264 296
114 123 149 168 187 217 231 245 261 296
106 137 155 174 200 218 226 255 260 293
102 129 158 166 192 219 232 244 271 288
108 124 140 168 185 201 231 242 265 299
115 139 156 170 200 219 230 254 270 300
108 131 146 160 192 211 232 246 275 286
105 135 147 169 193 207 231 244 278 284
112 122 153 177 182 206 239 256 280 297
107 134 143 167 198 204 229 252 276 289
103 140 146 177 197 217 224 251 270 285
106 122 149 163 180 215 222 240 265 294
101 123 154 163 198 207 221 253 279 296
104 139 151 175 200 208 225 251 271 284
102 125 142 178 191 217 233 258 265 295
110 123 149 165 200 203 228 241 274 286
100 133 144 163 190 206 223 257 270 284
115 126 142 178 188 216 224 244 280 280
107 136 156 161 180 200 231 260 272 290
106 140 144 178 187 218 236 241 262 284
118 136 145 175 196 220 223 247 268 283
106 135 142 172 190 208 237 251 260 292
100 123 150 180 191 207 240 245 264 293
114 123 142 171 189 217 232 249 265 293
105 131 155 165 190 220 237 244 271 297
110 132 159 172 182 218 226 253 265 286
100 120 158 168 187 205 221 252 268 284
109 130 156 176 196 214 228 245 273 296
104 140 144 166 194 205 228 258 269 287
102 124 152 174 184 215 228 250 276 294
115 133 150 171 194 203 229 248 262 284
107 136 158 179 196 219 232 241 264 291
120 136 141 178 192 220 237 259 280 288
107 121 146 173 198 213 240 246 261 287
102 121 157 160 192 203 220 241 269 289
103 136 151 178 186 216 238 255 279 286
104 129 152 166 198 209 240 254 280 288
120 128 144 170 199 209 233 253 264 282
107 120 160 174 185 206 234 243 280 287
100 133 155 177 182 210 223 252 273 298
116 120 153 169 198 202 227 259 271 287
100 120 145 178 195 201 228 245 271 299
120 140 157 174 180 210 229 244 267 280
115 121 153 177 198 200 225 243 261 292
105 137 153 180 181 215 233 257 260 287
102 125 160 165 182 218 221 245 266 294
105 137 155 166 192 215 221 243 273 300
109 132 146 172 200 204 227 256 263 288
118 128 141 170 185 220 220 252 263 282
108 122 146 175 186 217 226 248 264 290
102 132 145 175 194 201 220 240 271 294
103 140 160 174 184 209 223 252 267 287
106 138 155 174 183 220 227 246 272 290
108 132 151 178 182 205 234 240 261 280
106 132 158 161 197 211 233 242 276 286
108 134 145 161 180 207 227 242 262 288
106 121 153 175 196 204 237 241 271 290
112 140 159 179 185 202 236 248 266 295
102 139 155 174 197 217 227 247 261 280
102 134 144 165 187 204 220 241 261 289
120 134 158 172 197 207 234 259 275 288
115 127 148 175 186 204 239 242 272 300
102 124 155 162 195 204 234 245 264 286
103 123 155 171 199 213 228 241 269 297
104 136 150 177 192 220 224 256 269 287
107 123 154 161 197 202 237 242 267 300
100 137 150 169 181 211 234 243 262 282
108 139 145 173 185 217 220 240 270 296
103 129 156 173 195 217 221 258 268 297
116 130 141 175 197 203 226 251 266 300
112 132 141 163 199 215 240 245 277 300
120 130 157 176 197 215 238 248 264 283
116 133 156 169 184 208 223 243 279 300
100 133 144 168 183 202 233 245 266 288
120 129 147 173 194 209 220 242 278 294
102 136 159 168 194 210 240 245 277 281
117 126 148 168 188 207 233 248 276 292
104 131 156 177 184 203 238 256 275 289
118 138 144 165 183 210 228 256 260 297
107 130 150 179 184 220 227 260 276 282
109 132 160 174 198 214 234 253 265 300
104 129 158 170 198 207 225 242 274 291
110 122 157 172 196 217 222 241 264 282
108 125 159 171 182 209 231 260 262 298
111 137 157 163 187 213 222 260 280 288
103 120 145 161 180 201 233 256 270 285
109 124 147 174 197 215 236 251 263 296
107 129 147 172 182 215 224 241 274 297
116 131 145 176 185 205 239 245 267 286
120 120 160 161 197 216 232 250 263 283
119 138 143 164 194 219 225 252 261 282
103 125 152 180 190 206 228 246 273 284
109 139 150 172 185 204 233 249 265 292
100 121 146 164 189 207 231 249 260 289
115 134 144 165 190 203 234 260 279 294
114 120 144 173 199 215 235 243 263 291
120 129 140 179 186 216 231 252 276 281
103 124 153 167 189 205 226 252 270 298
113 126 158 177 181 214 229 251 261 299
120 127 150 170 196 217 224 253 261 290
110 127 150 168 191 220 231 247 267 281
112 136 156 174 192 207 234 258 263 286
115 121 158 171 184 207 232 259 279 295
118 138 144 179 183 202 222 256 277 283
110 136 152 172 192 208 230 249 264 292
105 121 155 168 184 217 237 241 271 288
111 134 150 178 194 217 220 248 279 297
100 138 157 168 195 203 235 247 270 281
116 125 140 172 184 208 229 259 272 281
114 138 157 166 193 214 222 250 278 295
115 133 151 179 183 206 225 254 270 290
102 135 156 161 194 200 237 253 280 283
105 129 149 160 194 217 234 255 266 285
101 125 152 163 191 213 231 259 272 286
117 127 147 175 183 220 235 243 266 298
112 134 154 179 195 211 234 251 273 299
105 124 157 162 180 211 220 243 270 281
119 126 158 178 189 215 230 251 276 291
111 136 155 163 183 205 240 246 275 284
101 122 152 167 187 220 222 248 280 299
118 131 153 162 197 211 220 243 272 292
103 122 155 176 188 202 230 255 273 290
105 121 142 170 191 203 234 240 276 281
109 125 145 174 193 216 222 246 260 285
112 135 146 172 181 209 228 257 278 294
102 139 145 161 194 213 240 246 266 287
112 124 148 165 187 216 227 247 266 299
116 135 151 171 194 204 222 257 273 296
117 121 153 168 191 208 221 248 265 292
120 122 154 177 190 216 234 248 270 287
104 123 159 173 199 209 236 252 266 290
118 140 153 161 198 208 222 243 270 292
106 138 149 175 183 201 225 259 280 285
101 133 145 172 193 217 220 251 266 299
111 133 141 176 192 216 220 241 273 287
118 128 160 175 198 211 230 243 266 299
105 123 150 171 189 214 232 248 279 283
118 138 156 179 198 220 225 259 264 286
116 127 142 162 194 212 237 251 273 282
111 129 159 178 193 203 233 250 260 300
114 139 155 165 196 215 233 241 270 285
101 125 157 176 193 220 239 251 280 286
113 123 160 168 180 220 235 245 274 287
119 133 140 162 184 202 232 256 268 287
116 139 151 180 197 218 234 243 275 297
109 132 151 161 195 201 228 258 264 294
117 130 152 162 199 217 226 258 267 285
120 123 146 179 200 208 225 248 273 299
103 132 158 178 185 206 220 259 263 282
102 127 143 165 193 211 234 254 269 283
115 126 154 170 191 219 224 256 276 300
118 127 160 169 180 218 227 255 264 294
119 120 144 160 196 206 229 258 273 296
104 127 141 164 183 213 221 249 272 293
107 123 158 178 196 200 234 257 264 283
118 140 148 162 186 205 229 249 269 291
117 122 156 177 186 209 238 255 265 299
120 122 156 162 187 207 235 246 267 293
105 133 158 178 190 203 229 258 267 293
119 139 160 166 183 210 223 252 260 290
108 136 148 170 184 215 228 245 276 294
106 127 155 163 195 204 239 249 279 280
117 133 151 178 196 215 230 249 277 292
112 139 143 160 184 203 230 245 270 288
103 129 152 172 194 200 234 259 269 295
118 140 158 164 198 218 234 257 270 289
119 126 147 165 198 206 220 254 272 283
104 121 160 165 194 209 238 253 260 300
104 130 156 173 197 219 235 251 276 293
120 135 160 176 190 207 223 257 262 290
101 120 146 167 183 202 223 248 276 296
101 125 155 166 199 215 239 254 261 289
117 129 159 162 197 201 233 254 268 292
111 130 153 175 181 204 228 250 273 286
111 139 153 163 180 216 240 243 265 282
105 125 144 163 192 214 227 248 261 291
100 121 154 161 196 212 233 257 261 292
105 136 147 160 194 217 224 259 265 292
102 136 153 171 182 211 234 259 276 294
101 126 154 161 186 208 240 249 264 282
113 123 141 168 190 219 228 245 276 283
110 134 160 177 196 209 225 240 273 296
107 132 156 173 196 218 230 251 270 281
112 127 158 166 194 215 237 255 278 287
102 129 160 180 184 207 239 255 263 294
101 122 149 162 180 204 224 246 268 284
108 126 142 169 195 220 239 242 268 284
112 127 147 172 188 206 225 241 277 289
103 137 145 168 184 201 224 255 264 298
119 135 151 161 181 218 220 246 269 280
108 124 146 165 196 205 240 246 264 286
102 125 143 168 190 206 239 245 268 290
108 121 142 178 191 204 234 256 277 298
102 132 156 163 186 212 225 259 280 296
115 137 148 164 188 208 225 252 264 282
120 128 141 165 186 204 238 256 271 300
120 125 147 168 190 212 234 241 266 281
105 133 141 163 180 206 222 253 268 283
116 120 144 161 194 200 224 245 275 290
117 138 159 176 200 204 230 256 261 296
108 136 145 161 187 210 230 240 266 293
113 138 149 167 180 201 226 250 261 293
102 124 155 166 188 219 238 258 271 299
118 122 152 165 185 216 240 258 280 282
113 129 147 176 198 218 239 253 269 280
104 140 157 171 180 215 238 247 276 295
108 136 157 166 181 216 222 255 268 287
107 135 152 180 188 219 227 252 264 290
113 128 157 174 182 200 227 246 278 288
114 135 150 170 190 207 238 242 269 300
107 137 147 168 181 206 222 242 275 291
106 121 142 162 180 217 240 240 260 300
116 138 149 164 192 214 229 240 265 295
102 130 153 172 191 204 236 242 261 297
100 123 147 172 192 200 236 244 269 298
105 138 140 162 195 218 228 246 260 292
113 132 152 167 197 205 232 240 275 294
119 128 158 179 187 220 227 257 269 295
108 128 144 180 192 219 235 258 266 280
115 132 152 169 183 200 231 244 277 300
103 136 144 177 191 213 236 256 260 283
105 120 152 177 186 212 221 254 262 296
109 135 145 170 180 205 222 258 261 289
100 121 141 169 180 200 227 244 276 297
105 140 157 166 200 204 228 244 268 284
110 126 152 170 198 215 234 256 278 283
101 137 156 161 186 207 233 240 270 296
110 120 140 180 191 206 240 250 264 293
109 136 142 175 199 217 225 258 263 288
101 138 140 166 196 213 221 260 274 294
108 124 155 172 193 209 221 252 265 300
107 125 153 171 180 200 239 255 262 287
102 139 154 177 200 213 227 249 263 299
106 136 153 160 192 219 223 253 267 291
118 128 151 167 184 208 234 249 278 284
109 130 153 175 194 205 237 249 278 300
102 135 143 169 184 211 236 245 273 294
100 124 146 161 183 211 227 244 274 287
107 136 146 163 189 219 236 250 274 300
102 126 143 175 198 200 220 244 275 298
111 125 159 160 188 214 226 255 268 287
108 129 140 167 182 211 233 246 272 290
111 132 141 178 184 213 239 257 263 289
114 127 141 162 188 210 234 252 266 289
111 131 159 171 199 218 223 259 268 282
117 131 158 160 184 207 239 252 264 293
108 128 143 177 199 200 233 247 271 281
113 138 144 165 196 209 228 259 266 281
104 132 140 160 181 207 226 246 265 300
105 136 153 171 198 205 234 251 279 289
113 139 143 160 196 210 234 245 263 284
116 121 148 162 192 204 240 252 265 288
102 135 141 179 180 216 237 256 276 283
109 135 153 165 198 207 224 254 265 292
112 123 155 179 199 208 234 256 268 293
107 138 142 165 198 201 220 256 262 292
110 137 149 179 180 215 237 254 262 288
113 131 153 172 184 219 228 259 276 297
101 129 155 177 180 216 227 257 273 294
119 134 159 177 182 220 226 260 267 286
113 126 143 160 185 207 227 247 276 283
101 126 143 162 188 216 231 258 262 297
116 122 156 167 199 217 220 249 260 287
117 140 155 172 197 214 230 243 275 298
101 139 148 173 184 207 222 240 280 281
116 129 156 162 195 210 233 241 265 298
100 130 153 167 181 204 230 242 260 294
108 121 144 167 194 218 232 245 271 284
105 139 151 166 200 218 223 245 274 298
103 138 157 165 197 202 227 244 269 295
114 133 158 178 196 211 227 247 270 299
108 130 142 174 189 210 236 246 280 291
104 120 155 173 186 208 220 244 260 281
112 134 144 161 193 217 236 258 278 299
107 122 145 172 198 211 229 248 261 289
106 123 140 180 192 219 240 260 275 280
111 129 143 162 190 213 221 258 271 298
114 138 141 168 187 208 226 252 263 296
120 138 149 168 183 210 232 247 272 300
109 125 151 177 200 219 233 259 269 283
102 137 142 163 200 209 237 244 266 288
111 139 149 180 194 208 237 248 278 284
112 131 152 173 194 200 236 246 273 297
103 139 149 167 187 200 231 259 274 295
107 132 141 170 185 203 234 244 269 290
120 121 142 173 182 215 231 259 269 292
119 136 145 176 190 214 231 242 268 299
109 121 151 162 184 208 224 241 260 281
119 128 147 168 194 204 239 256 260 282
116 129 160 168 185 203 237 252 261 282
105 133 158 169 200 200 227 258 261 288
112 135 145 166 194 201 228 248 260 294
104 139 149 160 182 207 234 246 280 295
117 130 147 168 184 209 228 245 276 288
106 129 148 161 191 202 222 258 264 287
102 122 155 180 184 206 234 243 268 299
113 134 156 162 182 201 222 247 269 284
118 127 140 170 180 203 236 244 277 286
100 136 152 177 182 214 234 245 278 291
112 134 155 177 185 212 221 247 279 296
106 140 142 170 185 212 233 241 270 283
111 132 140 172 181 204 224 249 278 297
115 138 147 169 181 219 223 249 280 299
101 134 154 164 182 216 234 254 269 300
107 127 144 171 182 203 233 252 266 285
114 122 146 174 183 214 234 247 278 290
112 129 140 162 188 204 225 244 276 291
106 130 157 163 180 200 223 250 261 290
107 137 152 162 192 207 220 244 267 287
105 137 152 168 198 215 222 243 262 300
110 139 157 166 192 202 239 249 270 289
112 140 154 165 189 202 232 259 273 282
119 132 145 163 194 216 232 256 275 293
119 129 147 174 198 210 230 243 261 288
112 129 154 161 193 214 234 254 269 287
102 123 146 164 187 204 231 250 275 290
107 124 153 168 196 209 224 243 271 297
101 124 155 161 196 215 230 254 277 293
104 121 152 167 190 213 225 249 280 300
117 122 151 163 200 208 232 259 269 286
102 125 158 180 185 215 227 248 277 297
117 131 155 161 199 208 232 257 268 296
118 140 144 177 191 219 240 244 262 280
109 130 157 178 180 205 220 246 265 280
106 135 153 164 192 200 240 251 265 300
120 129 154 178 186 215 237 245 268 294
116 126 149 160 190 217 223 251 270 287
110 138 144 161 200 219 231 250 263 297
111 134 155 175 197 201 230 251 270 285
119 130 144 170 184 216 230 259 276 299
110 122 157 175 189 203 220 247 276 283
106 139 145 179 183 203 231 241 267 297
102 137 141 175 180 201 238 245 276 297
105 138 152 179 196 215 236 244 266 295
106 126 141 179 189 212 228 259 275 287
119 137 151 173 180 212 240 249 277 282
105 124 157 175 195 201 229 259 280 287
110 140 154 174 181 207 235 259 264 297
117 137 146 172 183 211 225 251 278 294
104 136 151 172 198 213 223 255 272 292
113 135 151 163 187 201 229 257 271 299
111 125 143 170 197 216 236 256 274 294
114 122 153 173 200 216 240 251 275 282
106 128 150 171 199 209 224 260 270 299
103 133 157 177 187 217 237 255 264 283
118 131 141 162 191 209 239 254 261 293
108 134 148 178 187 218 227 251 261 293
109 125 152 172 189 218 225 252 275 299
103 137 146 168 191 200 230 247 274 282
103 135 160 176 193 210 234 248 267 285
104 123 156 176 193 220 234 248 269 287
113 123 158 169 192 206 240 257 273 299
107 120 149 172 198 205 239 246 277 282
117 124 140 180 184 218 221 256 279 299
107 129 144 172 193 208 239 256 277 287
104 129 150 163 200 211 226 241 264 288
119 136 158 166 182 218 225 240 263 286
117 125 146 180 187 212 221 252 276 283
107 133 146 177 199 217 230 246 273 284
114 140 150 175 185 208 236 256 266 289
120 127 153 178 181 201 231 255 273 294
105 134 160 164 187 214 222 252 277 296
118 135 160 175 189 206 233 241 268 291
101 130 155 173 200 213 229 260 262 290
119 132 148 177 193 217 240 243 262 289
120 121 147 173 195 202 229 260 269 283
106 128 154 177 180 211 227 246 263 282
100 124 142 178 187 217 230 252 270 291
104 136 152 177 199 214 221 253 266 282
102 132 144 168 198 217 232 244 264 291
104 134 144 168 198 202 234 257 264 284
104 134 159 173 192 200 220 255 269 300
116 128 157 180 189 204 224 260 274 296
112 139 152 161 193 220 227 246 260 280
119 136 160 161 189 219 240 246 269 300
114 127 159 162 190 217 233 258 278 283
116 124 145 174 190 207 221 249 277 290
103 127 157 167 200 218 238 246 268 282
101 122 147 170 186 208 230 247 262 281
116 136 150 173 197 211 229 255 278 281
120 129 148 164 187 201 227 242 271 280
116 127 149 173 195 203 234 259 274 290
119 138 157 165 186 201 231 245 277 281
116 135 147 179 191 216 220 257 267 295
104 124 150 162 190 204 232 243 271 282
110 122 141 177 182 216 231 256 272 296
105 133 157 165 181 212 234 258 265 288
103 127 147 166 181 205 231 250 273 289
103 138 155 161 191 220 236 244 274 298
100 122 141 161 184 212 240 249 275 281
113 127 152 170 195 200 239 251 270 281
111 123 147 171 200 217 225 254 276 286
117 136 160 170 192 213 235 259 266 287
108 127 143 164 194 211 239 249 273 282
104 138 150 178 192 202 230 260 267 280
104 127 159 167 192 213 238 254 280 293
114 123 154 179 184 215 228 249 269 297
119 120 149 160 180 200 220 240 276 295
113 135 148 175 199 207 231 250 263 289
108 124 152 167 199 217 235 242 265 295
115 129 155 167 188 216 233 248 273 295
111 127 151 160 197 201 235 252 278 297
111 126 152 161 195 207 238 241 275 296
104 129 146 178 196 208 234 240 274 292
108 136 144 170 189 207 223 244 276 288
108 127 160 180 187 203 225 253 273 295
115 128 145 164 187 201 224 240 272 290
119 125 144 169 182 211 233 241 278 284
110 133 152 165 199 206 221 257 266 297
120 120 143 179 190 218 228 253 264 288
112 123 154 162 181 220 232 248 272 281
102 127 156 164 192 218 226 255 273 298
118 133 159 162 183 209 235 256 276 281
111 122 156 170 193 207 221 244 262 292
105 125 159 170 184 214 226 259 265 296
107 120 158 173 188 203 240 257 278 282
120 124 149 168 198 217 223 256 276 287
109 120 146 174 192 205 224 251 264 281
101 132 153 172 185 218 223 246 274 298
120 123 141 175 182 219 239 256 261 293
109 121 148 172 192 218 231 259 279 299
119 125 153 161 184 201 224 246 273 287
109 139 152 161 194 215 237 260 263 293
111 132 158 166 189 214 220 240 272 281
105 129 143 172 196 215 230 247 275 282
119 122 141 172 196 217 230 245 266 292
118 123 142 179 183 201 229 244 279 298
120 137 144 170 190 211 223 254 264 297
109 134 157 160 186 207 236 258 268 291
100 129 142 165 187 217 223 251 277 286
100 137 156 166 196 212 225 240 261 282
102 123 156 168 193 206 225 251 271 283
103 134 142 170 191 207 231 249 264 282
114 140 149 180 186 207 224 240 277 293
110 123 148 178 189 207 240 260 276 282
115 130 156 179 193 201 234 258 263 282
101 128 155 172 188 204 229 244 263 292
107 139 149 175 200 215 221 257 273 287
109 122 159 166 192 220 226 251 274 291
100 139 155 165 180 203 239 250 269 298
117 140 156 172 193 201 221 240 262 292
114 139 150 167 198 202 239 247 266 292
108 136 153 165 187 201 236 240 275 293
102 135 150 168 194 213 223 245 262 280
111 134 157 173 185 220 231 258 269 292
115 133 152 180 199 210 222 243 278 289
102 138 144 168 199 217 231 244 278 299
112 133 146 167 191 204 222 245 263 294
109 132 154 180 193 203 232 258 280 291
109 136 159 175 189 201 223 250 263 290
106 124 156 177 186 214 228 248 280 288
109 139 153 160 192 218 223 248 273 285
120 124 149 163 196 220 235 246 268 282
110 123 146 166 180 213 229 242 265 283
100 126 145 179 198 200 223 252 264 281
119 126 155 178 180 212 224 249 262 300
111 124 144 177 189 205 236 245 275 282
118 123 153 180 198 210 238 256 275 286
120 129 152 170 185 207 236 256 269 295
102 129 143 173 189 216 239 257 277 289
103 125 153 170 185 213 238 251 275 295
103 126 159 162 197 208 221 256 262 298
110 131 149 167 182 210 222 250 262 287
113 126 153 161 181 206 230 240 276 284
100 125 160 178 186 210 237 258 270 298
115 136 152 169 189 219 226 257 276 299
100 127 147 175 188 210 234 241 278 290
112 136 152 174 192 214 225 258 260 295
118 131 149 173 183 205 238 253 280 284
100 127 147 178 181 219 234 245 273 299
113 136 153 168 188 210 230 260 276 294
102 128 160 163 182 213 226 253 277 299
120 127 141 173 187 219 236 251 270 280
120 136 144 180 185 211 236 248 277 294
105 139 148 167 189 211 234 251 267 296
115 136 142 169 184 214 236 257 280 297
103 132 153 168 196 201 225 253 265 284
117 121 143 177 182 209 232 255 261 299
110 140 149 164 197 208 235 245 268 280
108 130 160 172 199 203 226 253 273 298
112 122 156 169 192 200 238 243 277 287
107 130 150 170 200 217 236 245 260 297
106 122 146 165 200 210 239 242 263 281
111 134 149 167 192 214 222 242 262 285
113 135 144 180 189 218 237 241 265 280
118 140 146 170 183 202 231 249 267 300
120 135 140 163 181 208 237 249 271 281
120 138 145 169 198 220 222 246 280 283
101 134 149 162 183 201 227 243 271 296
101 120 153 167 185 206 236 255 279 299
105 134 145 163 196 208 229 241 277 293
103 120 153 177 192 202 237 244 268 289
120 133 159 169 189 216 230 251 278 282
103 129 152 161 187 211 223 259 265 287
116 124 142 170 188 209 226 252 272 287
108 131 147 164 181 213 226 249 268 284
111 131 146 165 199 206 224 243 279 285
110 129 140 165 190 202 230 244 276 281
100 126 155 169 183 219 222 245 260 291
115 131 159 175 188 204 227 241 263 292
115 134 158 174 195 220 221 252 273 286
110 132 156 160 188 217 235 253 272 290
119 132 154 165 185 216 223 243 278 282
100 130 153 177 189 201 223 250 268 295
114 129 143 167 180 220 231 242 268 300
116 129 142 176 198 211 235 255 273 296
109 138 152 162 181 219 226 259 263 298
100 134 159 175 199 214 230 251 268 286
105 140 141 164 197 220 221 257 272 283
114 126 153 167 193 212 236 249 274 280
119 121 148 168 196 219 230 251 268 285
112 140 142 167 185 218 232 243 267 287
119 140 159 164 195 213 235 250 271 300
111 120 156 180 193 210 236 257 261 282
120 124 141 169 197 213 235 244 264 293
106 125 157 161 187 205 226 252 276 297
112 133 156 161 186 213 222 247 273 294
119 135 144 177 195 216 237 251 273 296
112 129 157 160 185 216 222 242 264 288
100 137 157 178 200 201 230 259 280 282
113 124 152 180 187 211 240 260 260 282
104 137 147 180 196 210 223 247 265 296
105 140 155 170 196 220 229 252 262 285
114 133 141 160 180 220 240 249 263 285
119 121 151 167 193 213 237 256 269 283
106 129 153 167 185 208 236 240 271 292
106 123 153 176 180 219 220 247 271 286
117 126 154 172 194 216 225 251 264 293
114 140 152 170 180 218 232 252 265 292
105 132 160 168 192 212 228 254 276 287
111 120 160 168 197 208 228 243 279 282
115 137 143 178 182 209 226 244 276 293
119 131 155 169 185 216 240 254 264 281
105 132 153 177 188 204 225 259 277 293
118 131 159 175 196 203 221 257 278 290
106 126 154 174 196 218 226 242 265 300
114 139 148 172 192 220 237 245 266 300
107 125 154 174 198 219 220 258 268 295
104 124 154 162 189 201 228 241 271 280
105 130 156 180 190 212 239 246 261 280
111 139 155 175 195 212 238 246 272 298
113 137 158 160 183 202 238 242 272 281
111 122 147 180 194 209 221 252 275 298
107 131 144 164 197 218 229 250 273 298
105 133 149 168 189 210 232 258 270 292
104 138 146 161 198 203 240 256 272 295
105 135 148 163 193 206 226 241 260 288
120 124 153 162 200 209 221 250 260 294
115 136 150 161 184 217 228 245 265 291
111 121 148 180 200 208 225 242 264 297
109 132 142 164 185 201 230 260 271 299
106 133 146 170 191 207 234 242 278 286
103 121 149 166 190 217 220 259 276 287
118 129 160 174 180 215 237 258 263 282
103 139 151 173 188 213 230 260 274 284
118 140 151 168 188 220 233 250 276 291
107 123 141 180 190 200 225 252 276 291
116 140 156 167 191 201 225 256 271 296
101 138 148 179 182 210 238 259 274 300
104 133 154 162 190 220 227 249 280 293
116 125 155 164 196 219 223 260 278 291
116 132 151 173 198 209 238 244 272 299
109 132 155 172 188 216 232 258 270 291
118 130 152 173 194 212 223 240 267 289
106 126 140 169 187 219 234 242 280 289
110 134 157 160 198 200 226 259 261 289
111 133 141 166 194 214 223 251 268 293
110 122 159 160 183 216 231 242 277 287
106 125 140 177 194 200 228 249 278 285
111 134 147 180 187 216 233 243 267 289
100 138 148 175 188 202 226 243 278 292
107 120 151 170 182 204 225 247 266 300
119 126 146 180 187 215 225 255 269 288
104 130 144 167 193 207 221 245 280 285
102 137 149 170 195 216 225 243 268 299
116 124 140 174 194 202 229 256 273 293
102 129 142 171 198 207 221 251 268 296
102 122 152 166 198 200 229 256 265 300
118 126 144 164 180 214 240 241 279 293
111 124 143 160 198 201 228 250 269 283
115 123 146 166 190 207 240 257 270 292
111 140 147 176 197 215 236 257 266 299
113 129 143 174 184 200 231 240 264 300
100 127 150 175 192 212 225 260 265 283
117 124 149 163 183 200 227 252 268 295
111 138 153 174 196 203 228 247 280 288
109 137 143 162 181 218 221 248 266 298
118 130 157 176 193 220 233 246 279 290
118 128 145 167 180 200 227 249 265 280
119 138 142 174 195 220 239 240 279 281
119 121 148 160 198 220 220 243 261 285
105 131 145 169 196 206 224 244 261 292
120 130 145 171 195 202 226 259 267 284
119 135 155 166 197 217 230 255 261 280
119 128 142 169 183 219 224 257 264 284
106 128 143 165 199 205 236 250 272 290
101 138 153 168 197 200 230 242 261 287
115 134 143 170 189 205 238 253 261 298
104 121 157 169 182 201 235 253 264 292
115 124 146 163 187 206 222 258 271 297
107 132 140 161 192 201 230 248 278 283
105 132 153 180 182 214 220 249 275 296
102 140 155 164 189 210 231 257 270 289
120 125 145 177 197 208 224 257 269 293
116 126 154 176 198 212 221 251 279 292
118 138 158 175 182 216 233 243 272 282
117 121 143 178 181 202 236 242 263 293
109 122 145 165 185 220 220 257 266 282
113 140 147 178 192 216 220 240 266 293
117 128 155 171 192 211 234 241 266 284
113 121 147 176 192 212 240 244 265 284
119 127 152 162 184 203 223 254 274 292
112 122 141 162 190 215 220 247 267 282
100 138 143 178 196 212 226 255 268 295
118 139 142 162 198 206 235 249 278 280
107 122 150 177 193 201 230 252 263 288
107 137 153 166 195 201 224 252 268 281
107 139 143 178 199 218 237 254 274 284
104 129 148 172 188 206 228 249 274 285
117 133 157 172 199 220 240 260 260 285
104 129 155 160 183 201 236 245 267 288
116 122 152 168 200 219 231 257 260 289
100 130 159 180 181 207 226 260 279 290
112 131 160 162 182 219 235 248 279 282
101 136 150 176 198 217 237 248 263 284
104 139 150 164 186 215 233 247 260 288
112 136 144 169 193 215 240 250 273 299
104 131 142 177 183 207 235 257 261 298
109 124 149 161 195 202 240 243 270 290
100 137 145 172 189 219 238 243 267 294
112 138 148 172 185 211 221 240 270 294
101 130 153 174 192 216 229 254 279 288
102 140 154 164 193 208 237 250 260 282
110 127 149 163 184 212 223 260 268 289
111 125 141 168 194 212 236 250 270 283
118 135 143 178 196 220 220 254 265 289
116 139 157 175 199 202 234 259 262 292
106 135 158 168 184 208 229 244 271 299
111 129 143 174 194 219 230 250 278 292
112 138 153 161 192 202 233 242 271 292
111 138 145 173 188 202 240 246 279 300
108 139 143 165 193 212 240 251 262 290
118 129 150 167 183 213 234 255 260 297
118 138 158 178 183 211 230 240 269 296
115 136 159 177 191 210 238 254 262 281
108 131 140 169 181 218 234 252 264 280
118 132 140 173 200 211 235 244 270 300
108 127 143 177 195 216 223 258 275 286
100 127 142 173 184 207 237 242 272 284
118 124 157 171 199 200 221 240 261 299
104 139 141 174 186 218 220 253 275 285
102 134 151 173 197 211 227 243 271 281
110 135 142 161 184 202 223 243 265 296
120 138 143 177 186 204 228 256 271 286
115 120 154 180 180 202 237 260 277 286
105 134 140 174 180 203 234 241 267 290
105 138 148 180 188 203 238 245 260 295
113 128 153 160 191 218 236 244 280 281
120 140 157 172 189 210 228 248 267 282
118 120 140 162 190 215 228 243 268 299
106 134 158 170 185 217 225 246 280 293
106 133 148 164 196 208 222 245 260 299
105 122 150 178 189 218 233 252 269 291
103 120 159 177 200 216 226 250 265 287
111 140 160 172 181 211 224 251 280 291
102 126 143 168 186 219 227 255 274 296
113 130 141 174 199 219 239 244 261 281
116 139 142 168 198 209 223 249 278 288
109 134 154 180 180 207 235 254 277 299
114 127 160 176 180 201 225 257 272 280
110 126 157 174 189 217 226 249 270 287
115 124 145 180 196 209 226 256 271 283
102 135 154 163 199 210 237 255 276 282
118 140 159 170 198 204 240 241 267 295
113 121 149 176 194 204 227 244 264 284
117 133 159 163 199 200 223 258 264 288
101 132 148 162 186 204 229 244 264 282
103 133 158 163 198 207 228 256 266 297
115 128 144 167 180 216 233 257 260 281
111 124 149 165 190 213 238 249 263 294
100 131 156 177 197 213 226 247 273 292
115 132 149 167 200 220 231 247 268 293
109 122 145 172 182 211 225 250 273 289
102 137 140 175 186 209 234 243 276 297
106 129 145 166 198 215 235 241 267 300
120 140 154 160 188 205 227 250 272 290
111 140 159 180 199 208 239 260 268 283
112 122 155 180 191 215 221 257 277 293
114 127 140 172 195 204 221 241 271 294
116 133 148 164 182 217 237 244 271 287
104 127 141 179 199 218 239 250 280 290
111 140 146 171 195 213 226 246 274 290
113 126 140 161 196 209 228 249 271 300
118 123 142 172 192 220 233 250 264 287
103 139 142 173 183 208 221 249 275 292
105 137 152 172 196 203 236 244 265 282
100 125 142 171 187 206 237 254 278 287
119 127 148 178 200 213 227 251 278 282
105 132 141 163 185 200 234 249 263 294
101 138 155 161 183 218 236 254 274 284
112 124 143 178 187 206 226 260 279 281
106 129 142 169 189 205 223 240 272 295
102 120 144 161 187 216 222 259 280 299
111 122 155 168 190 200 220 240 264 285
105 121 146 169 183 203 231 254 266 291
117 124 150 178 191 215 235 243 261 286
109 137 150 177 181 205 232 250 262 285
120 130 151 178 184 220 232 257 278 284
100 120 145 172 195 209 226 255 276 295
105 124 156 173 186 210 228 251 280 290
102 122 149 170 182 204 222 252 280 283
114 130 152 163 188 207 232 250 266 282
111 121 142 169 186 217 228 248 274 295
109 125 148 176 187 208 231 240 280 300
115 138 154 167 196 208 236 248 273 293
104 120 145 168 192 206 240 250 276 281
107 140 155 179 180 213 220 253 271 295
100 140 154 175 187 213 229 248 268 281
100 131 158 175 186 201 220 259 272 289
117 136 156 172 194 204 221 241 272 286
104 135 157 167 193 208 238 246 280 290
106 133 156 178 188 200 236 252 265 290
114 126 154 167 192 201 236 255 272 286
104 129 145 171 180 201 228 253 268 281
120 124 152 171 188 210 222 258 265 284
108 137 146 177 188 212 224 242 276 283
110 120 158 178 185 217 227 257 279 286
107 137 149 178 181 218 235 259 268 300
118 139 156 170 200 207 222 258 274 297
115 125 157 169 186 218 222 242 263 287
115 124 153 172 190 218 237 246 266 287
113 138 150 179 182 204 229 251 269 288
113 140 149 163 188 201 229 251 260 280
115 126 141 176 199 201 235 259 268 282
120 135 153 179 195 212 239 240 267 286
110 140 140 173 200 215 233 253 261 291
111 137 156 167 184 203 235 244 268 284
108 136 156 163 181 203 223 258 261 291
103 124 147 165 180 204 236 246 261 298
106 128 145 172 195 209 227 247 264 287
110 128 142 163 200 208 234 243 274 286
120 128 141 179 195 210 237 249 260 286
107 140 159 171 189 208 222 259 275 289
118 133 140 162 182 215 230 245 274 296
112 122 141 164 186 213 235 256 275 283
111 138 145 174 192 204 220 243 278 287
102 122 143 165 181 201 220 251 277 296
115 125 151 165 191 218 237 256 278 291
107 127 159 178 183 215 231 244 278 280
102 127 145 166 180 201 235 252 261 286
106 130 149 176 191 204 237 260 263 288
111 120 158 170 186 201 226 246 275 300
108 120 153 180 186 215 224 243 267 291
113 124 156 167 183 202 221 244 261 285
108 128 156 168 183 219 228 258 279 294
110 129 141 173 182 205 232 260 266 297
102 133 154 180 194 206 220 245 276 291
110 134 149 175 196 216 239 244 275 295
108 138 160 164 200 215 222 243 276 297
109 126 157 176 199 216 224 243 275 300
108 137 152 161 186 219 233 247 274 293
114 137 152 173 199 204 221 254 265 287
114 135 160 165 188 210 224 247 260 297
120 136 141 170 185 212 224 246 260 298
100 139 144 167 181 218 236 244 266 287
115 123 143 178 197 200 237 254 267 300
100 136 145 165 199 212 222 243 278 280
115 138 159 163 182 202 228 242 275 292
115 124 143 178 200 213 226 241 272 289
102 124 150 163 188 202 222 250 274 282
118 139 148 163 193 200 226 252 260 289
119 121 159 180 181 203 239 260 268 290
114 130 149 177 199 202 238 241 262 280
118 123 146 168 186 219 223 240 277 282
108 136 147 161 189 205 230 243 271 285
107 131 160 174 195 203 234 245 262 295
102 139 158 167 193 212 232 255 260 289
108 130 152 171 197 206 234 248 264 280
114 139 141 162 187 214 227 256 279 292
102 138 152 162 195 201 220 255 262 297
114 130 151 165 196 206 228 253 270 298
113 136 145 170 181 212 224 251 270 282
118 139 142 177 188 220 230 259 279 280
110 122 145 163 194 201 238 247 265 291
101 130 143 171 183 202 230 256 277 294
106 140 142 169 183 213 237 256 270 285
120 140 151 164 195 205 228 259 271 300
116 136 141 161 197 220 231 249 268 280
104 123 154 168 188 201 231 250 272 291
111 124 148 176 200 209 240 248 272 280
101 135 148 167 194 218 229 252 280 288
118 140 142 171 200 212 224 241 263 283
113 137 151 173 192 201 231 255 278 290
100 129 147 171 194 207 225 249 266 283
106 133 143 176 194 210 233 244 261 280
100 140 140 165 181 205 229 254 274 294
104 139 157 180 196 215 227 244 277 296
109 127 158 177 189 204 240 252 278 282
116 137 150 161 194 202 220 249 262 300
114 129 157 169 186 200 229 252 276 300
110 127 146 174 192 215 223 252 267 299
113 133 156 177 196 205 220 253 278 288
115 134 150 173 191 216 240 249 264 300
105 122 151 177 199 201 239 240 262 280
119 133 140 179 187 215 238 256 272 283
116 124 144 160 189 220 237 245 269 281
101 133 140 180 191 204 229 256 261 293
109 140 149 175 182 214 231 241 270 281
115 127 144 169 184 210 221 255 271 293
118 129 160 160 193 210 234 240 261 291
119 129 151 165 185 219 228 257 280 297
103 137 152 163 180 200 230 240 278 298
106 134 140 170 200 202 238 248 278 300
115 126 155 176 188 207 237 251 280 283
107 129 148 177 183 207 238 247 267 282
118 132 159 168 180 203 235 240 270 291
113 128 155 170 194 213 221 240 278 284
120 121 154 173 195 211 221 243 261 292
112 125 142 174 182 213 236 257 277 296
109 130 159 170 182 211 234 257 264 284
108 128 155 167 200 212 223 253 280 299
112 130 151 168 182 203 222 258 272 292
115 127 143 169 199 220 226 248 268 289
109 128 147 160 185 212 226 254 264 296
114 129 141 164 193 218 236 251 280 282
116 133 155 180 182 220 231 248 269 294
102 134 155 160 185 201 223 258 264 283
113 140 155 162 180 202 232 247 275 281
100 124 148 161 180 213 237 246 270 300
112 129 156 164 188 200 235 242 262 282
103 138 141 172 187 210 221 256 265 284
112 139 149 172 196 202 233 258 261 292
111 127 146 171 186 210 221 249 270 284
100 124 140 165 187 206 228 251 276 281
109 133 158 167 185 219 234 253 272 295
106 123 145 163 194 205 223 242 277 300
115 124 141 177 189 206 234 241 267 293
115 132 155 174 194 205 240 241 264 280
112 140 146 177 190 208 228 258 263 296
100 135 159 171 183 215 229 260 265 287
103 137 149 176 198 203 230 259 275 299
114 137 153 175 190 210 236 246 274 300
105 133 141 167 193 217 229 258 262 295
104 120 153 176 187 212 224 251 267 283
117 127 149 162 182 215 220 245 268 295
104 129 155 167 189 203 237 246 278 290
120 139 141 178 185 218 223 255 274 297
105 130 148 161 188 203 229 242 276 282
115 134 160 163 180 215 234 256 269 292
119 130 143 176 184 219 236 252 262 297
102 133 154 178 181 209 229 254 274 287
111 131 158 172 195 214 223 247 270 289
108 127 157 171 182 216 223 253 265 295
109 121 144 170 183 220 234 243 260 292
103 128 152 176 199 204 230 249 262 286
111 140 147 180 193 206 240 254 271 294
119 128 159 165 195 212 239 254 276 300
102 134 151 167 188 209 227 252 277 283
107 139 156 167 183 216 228 250 276 292
110 126 150 162 188 218 230 260 275 286
113 134 153 179 193 211 221 255 279 299
104 140 143 178 180 214 235 252 273 288
111 121 155 172 181 207 236 249 264 280
100 138 140 173 193 207 238 249 274 282
101 134 158 164 200 215 231 257 264 289
112 128 143 172 190 218 222 245 278 298
116 129 156 171 185 207 226 241 270 298
120 122 150 174 195 205 238 253 263 298
110 120 141 178 184 210 227 246 279 291
120 134 141 160 197 200 236 253 267 290
111 129 140 161 182 210 229 253 265 293
106 126 147 179 198 219 220 245 266 291
103 126 151 170 197 207 234 241 271 289
100 130 149 176 180 211 223 248 269 296
119 140 145 164 190 201 225 248 262 300
102 124 157 166 187 202 235 260 267 291
107 122 144 179 181 219 232 246 271 290
117 134 154 169 187 209 234 260 275 292
109 139 155 166 189 216 230 259 270 283
105 124 149 173 193 206 231 257 265 298
119 125 148 162 198 215 222 254 265 297
111 122 140 180 196 200 236 253 263 298
111 129 159 174 185 214 231 247 266 280
115 134 140 176 198 210 230 251 262 296
107 122 156 171 190 206 232 246 275 290
107 130 154 168 197 218 220 253 276 295
108 125 142 169 183 204 230 260 266 297
113 126 141 179 180 201 233 260 268 292
119 121 148 168 186 219 231 254 269 286
119 127 156 174 184 212 238 241 277 283
110 125 158 163 197 208 222 256 274 300
109 139 141 161 185 200 233 240 265 287
111 129 144 174 191 211 236 240 277 281
111 135 158 166 195 209 239 259 280 296
120 133 144 179 196 217 237 251 269 283
116 122 146 176 188 213 233 259 265 284
106 123 154 179 186 203 232 260 262 297
113 126 146 161 185 207 237 247 271 283
103 130 157 163 191 216 232 259 262 280
103 128 140 161 191 218 226 244 266 293
105 132 156 171 182 213 240 248 264 295
110 132 144 180 199 210 229 255 260 296
117 131 142 174 190 217 224 255 260 284
105 136 149 169 188 204 227 243 274 291
115 140 155 161 194 201 224 253 271 290
118 131 149 162 183 213 231 257 280 289
115 139 156 179 190 207 229 245 279 285
117 123 158 160 181 215 230 241 273 294
102 140 140 162 187 213 229 260 265 287
104 133 160 176 190 217 225 259 262 289
107 125 144 162 181 202 222 242 271 293
114 131 141 174 183 203 236 246 279 298
113 127 152 175 195 220 239 251 275 295
112 120 156 172 184 219 237 244 266 280
119 125 140 163 182 205 236 256 267 295
105 127 141 171 186 201 231 240 264 292
117 125 159 163 200 212 230 241 263 292
114 125 157 177 199 217 224 246 262 283
105 137 144 167 199 218 223 246 279 282
101 134 156 169 193 202 230 254 279 298
109 122 147 175 192 219 239 240 275 293
116 129 140 170 186 200 228 260 275 286
104 133 159 161 183 203 224 258 262 293
110 125 157 179 182 201 221 244 261 287
113 136 157 168 186 202 229 244 278 287
100 128 144 175 183 220 231 258 279 299
100 130 146 172 196 213 229 258 267 291
114 133 149 167 187 212 220 250 277 290
104 127 151 176 188 215 227 254 276 292
114 122 159 170 185 219 234 245 264 291
110 125 144 162 186 210 232 259 267 289
114 132 152 180 193 210 234 258 263 286
102 138 140 161 185 201 239 253 276 299
100 130 144 172 192 201 228 249 268 291
110 128 148 172 180 202 232 245 260 282
108 124 155 164 188 205 231 255 273 290
117 130 153 160 189 213 233 257 272 300
116 122 153 167 190 208 234 244 278 287
109 137 144 179 183 217 237 256 273 280
108 133 153 180 186 207 227 247 280 283
113 127 158 175 198 210 238 248 264 299
114 128 155 163 193 204 221 242 269 282
100 140 149 173 184 200 222 257 274 280
105 131 155 177 195 207 233 243 272 293
111 124 143 160 190 209 233 253 277 291
120 136 153 162 200 219 235 258 262 283
119 124 144 165 189 200 220 254 264 292
103 126 151 165 182 205 224 241 267 292
100 125 160 171 198 201 233 246 280 285
109 132 148 175 182 202 223 258 267 280
116 129 154 162 185 208 232 259 264 291
117 131 156 176 189 203 233 260 273 297
105 128 140 167 189 206 222 242 262 286
104 129 145 160 190 204 224 252 277 299
114 136 159 165 195 215 232 256 265 288
102 120 155 176 187 200 234 248 278 294
117 134 144 179 193 203 239 256 261 288
117 125 156 164 200 200 236 243 273 288
101 133 156 175 194 218 237 248 264 285
117 135 150 161 185 220 223 247 272 284
113 124 152 178 186 209 232 243 278 283
115 134 150 167 199 219 224 255 273 294
103 130 153 179 186 201 238 255 272 290
108 140 143 174 186 204 228 246 277 280
115 131 155 170 189 207 238 256 270 280
110 138 150 177 187 207 223 250 280 286
110 130 153 175 188 200 224 255 273 299
116 131 157 161 197 216 236 241 272 294
12489 14770 16810 19571 23892 25813 28693 30134 32774 35055
19847 24216 25855 29677 34046 38233 42601 45150 48972 52067
13009 15635 19011 21137 24012 25638 29138 30389 33889 35890
15297 20297 21326 24561 26766 31765 32941 35735 39410 41322
15309 18610 22661 24161 29712 31663 36013 38714 42014 44415
12412 14850 16441 17289 19622 23227 23333 26408 28846 30543
12885 14858 17991 18803 21124 25185 26229 29014 31102 33307
23691 25482 28468 34439 36031 40211 45385 50361 55138 56133
13795 17090 18067 21484 23314 26853 28561 30514 31734 34296
17002 18730 21611 25356 27804 28812 32557 37310 38750 41775
17481 21070 22631 28092 29340 34177 34801 38858 43226 45255
18705 19854 25759 28876 31828 35273 37241 40850 45114 46755
22025 25910 29241 33127 34607 38492 43303 46264 49224 52925
15660 19750 22148 23135 26379 28353 31597 35264 38789 41328
13029 17370 18239 20347 22952 25309 29401 31014 33990 35851
14749 17028 19575 21987 24400 26946 30565 34586 37401 39813
19099 23250 25409 26903 30722 36533 39355 40849 45498 49483
18709 23300 27211 29591 33162 37413 39793 42513 47444 49654
15420 16492 20915 22389 24936 27751 29493 33112 37267 38473
11957 15090 17063 20544 21588 24837 26229 28782 30870 33191
13113 14458 17259 20172 21068 24653 26781 28910 30366 31710
13689 15850 19211 21251 23172 26293 26773 31094 33134 33854
16270 20296 24161 27382 30441 33179 38010 38654 44290 46544
16863 19885 25292 25610 28791 33403 35947 41354 43580 47079
21393 25156 30305 32285 38820 40207 43771 49514 53672 57237
19665 21850 26947 31862 32954 36413 40235 43876 49883 52067
18768 23670 25361 27727 31277 34319 38207 42095 46997 49701
17547 18970 24975 25291 30190 32561 37460 37934 41884 45361
14410 14770 18131 20051 23412 25213 27613 29534 31814 36015
16487 21416 23419 26499 28964 32969 36049 36973 42210 43597
20718 22489 26738 30809 35235 38422 40546 44086 49574 52584
12010 12510 14311 16511 18712 20713 22513 25714 27014 29415
19014 25169 28790 32049 34402 38385 42005 44178 47798 53591
17452 18829 22808 25715 28623 33214 35356 37499 39947 45303
20997 27136 30701 34463 39612 43177 44761 50504 51494 58029
16941 21424 26239 27567 31884 36367 38525 40518 45000 47823
14805 16998 19191 23028 25357 27550 31661 33168 36319 40978
21744 26281 29495 32141 37812 41404 43483 48020 51044 56715
15453 18743 20889 22891 27468 30186 33189 35192 39340 40913
11034 14185 15446 17756 20277 21748 24268 25634 29205 29835
13897 15138 18983 21960 22580 25556 29649 31758 34734 36843
11351 14214 15169 17713 21000 21637 24287 26726 29270 30649
16180 21990 22933 27801 30941 34082 35181 39421 42404 44760
15909 18310 22361 24461 27012 32263 33313 36014 39764 44115
18492 22519 28193 29840 36246 37894 40456 46313 51072 54183
16961 22667 24624 28537 32612 33917 36688 40927 44187 46307
17757 21760 24718 30984 33246 37771 40555 44906 46124 51345
11669 13048 15805 17501 21213 21531 24181 25560 29059 30331
13609 18098 19595 22179 25852 28029 30341 34966 36735 38639
15995 17524 19749 24754 26144 30037 31149 33930 38935 38935
14668 18642 21383 22068 24672 27412 31660 35634 37278 39745
20361 26890 27659 34188 35916 41869 45325 46286 50318 54543
16412 18914 20166 24337 27256 30593 31010 34347 37266 39352
10609 13510 14211 17212 19012 20813 23713 25114 26014 29215
16609 20428 24911 29892 31718 34375 39854 40684 43838 48653
20073 21658 25003 30108 33276 38205 40845 43838 46654 51583
13659 17040 20161 21461 24712 28613 30823 31734 35244 38625
21129 25354 30539 33035 34956 41869 43405 48590 50894 54927
14809 17770 23395 24876 27688 30353 32721 37310 39679 42047
17667 21070 25283 28524 31764 34681 36949 39703 44240 47967
11241 15130 15563 17939 20964 22153 24637 27878 29066 31011
18369 22330 27371 31332 33132 38713 41053 45014 49694 52935
21170 24482 27611 31476 35708 37365 42149 45646 48222 52271
18734 23810 27661 31337 34312 38338 40613 42188 46214 50940
20889 23674 24544 30983 33420 38293 41251 45080 48734 50126
14561 16466 19867 23540 26940 28981 32654 33470 35510 39047
18573 22032 28585 29131 34956 36959 40053 43876 48973 52613
12060 15922 17678 20838 21774 25285 27859 29849 32657 33477
10513 13039 15363 16777 20010 21122 24253 25668 28294 29103
12370 13194 14843 17521 20509 21540 24012 26073 27206 29061
20018 22450 29931 32550 34607 38535 43771 45455 52375 53684
13709 18231 21246 24261 24946 28783 30564 34538 37415 40841
20078 20770 26480 29248 34266 34958 39284 44821 46897 49666
12209 14650 17701 21728 23802 24535 27829 29904 33076 36493
23410 27310 30626 33942 35112 40963 44668 47594 52079 54615
12660 13320 16841 19482 21792 22012 24763 26744 28724 32135
17859 23300 26021 30612 30782 36563 39623 43704 44214 48805
18471 22635 28971 29876 32954 39471 40014 44359 48160 53229
14919 19464 22021 23583 27276 30543 31395 34520 38780 42615
19847 24034 26583 31316 36412 37141 41327 46606 47880 52431
13462 14602 16085 19392 21102 25093 25093 28742 29996 32163
21609 24410 29211 35012 37212 43413 45213 49614 52814 58015
13371 17302 19006 22937 25426 26344 28833 31454 35516 38529
15768 21430 24491 26634 28164 31990 34132 38570 40865 43926
18347 23884 26826 30114 31671 38073 39284 42572 47070 50185
12861 15718 17980 21194 21670 24408 27860 28574 31073 33335
17817 22186 26555 27059 33108 35461 39157 40670 46382 48063
15453 19172 20746 23034 25752 29614 32474 34620 37480 41199
19831 22637 28622 32737 36664 38161 44332 45081 50691 54245
13785 17230 19568 22029 22767 24858 29041 30518 32732 36300
14799 20165 22486 25242 28577 31478 32928 35829 37859 40615
13371 17564 18875 21627 24509 26737 28833 31585 34205 37874
17050 19038 22447 24435 27986 29406 33241 36792 39064 40910
13694 15123 17623 20837 22146 24288 28454 28812 32382 35715
18879 22950 28686 29981 36087 37753 43304 45339 48854 52925
16798 20059 25276 27884 32449 34732 37177 39297 43861 48426
17377 22722 25061 29571 32076 36753 37421 42766 44937 47944
10709 12310 15411 16111 19712 20212 23713 24214 26714 30015
17109 23437 25661 28911 30963 36094 40028 41567 44816 48237
11781 15161 15816 18869 20177 23666 23993 26174 29444 32279
13605 17038 20603 22847 25752 28657 29185 34070 35390 39219
13350 14960 16225 20137 22667 23357 26003 28879 30604 34515
19833 23374 24967 28862 35235 38068 42493 43378 49043 53115
15970 17300 20892 23419 26213 28608 31667 32998 35126 37653
17757 20359 23879 25868 28164 31837 34132 37193 42701 45915
14609 19428 21035 24540 26730 29505 34032 35784 38850 42063
17410 18715 21326 25097 28142 30318 31913 35104 40324 42645
11841 15786 18455 19499 22516 24373 27853 28434 32146 32610
23176 24958 29315 33275 37236 40999 46147 49118 54662 57831
10409 13110 15611 17712 18412 20312 23813 25614 27514 28915
13580 15880 16571 18986 21057 24163 26233 29454 29914 34170
19804 24060 27761 33127 34052 40713 42008 48114 51074 52185
14070 17038 20651 22457 25554 27619 30199 32651 34199 38715
12801 15877 19445 20921 24366 25474 27688 29780 33716 35808
19369 21482 27643 30284 34508 38205 39085 42430 46478 49647
11673 13510 17183 18479 19668 22585 24961 28094 28310 32199
16326 20149 23090 23972 27501 31324 32647 38234 41174 42351
10618 12370 14946 16594 18552 20716 24013 26382 27825 29370
17994 20470 24266 28722 32517 35488 38953 41429 43409 48855
14133 17038 19415 22716 24036 28393 29581 31826 36182 39219
22166 25031 27706 33628 35347 39168 45663 46809 51011 54641
15370 15370 20491 20619 25228 27661 29709 32014 33678 36239
12148 14086 14597 16739 19800 22351 22963 25718 26636 28779
17622 21385 26003 30792 32502 35239 39001 42080 46697 48579
19738 25169 27161 31144 33497 36937 42186 45083 47979 52867
14209 17192 20743 23299 26850 29407 32816 35372 36934 41053
22664 26408 28378 32516 37442 40003 46111 51234 54977 57933
19161 20170 24203 29076 33444 36133 39493 40838 44198 48903
23290 25036 27170 34738 36096 41917 44827 48902 53558 54529
18446 22206 27398 29904 33843 36708 40467 45122 48344 53357
16281 18154 22763 25500 26076 30829 32989 36158 37598 43071
19210 20330 24011 27211 31372 34733 35853 40494 41774 46415
16179 18679 22061 24707 28089 32353 33970 36323 39263 41322
14569 17690 20291 22631 24972 26922 30433 33554 34204 37195
15074 15861 20709 22412 24116 27129 30405 33943 36563 38660
23020 26920 28091 34917 35697 39402 43303 49934 54029 55200
17829 22042 24635 27875 31116 33709 37273 40352 42782 47319
15864 18281 23416 25379 27796 32780 35801 36405 40935 43503
21765 26274 29411 34900 38036 42545 43133 48622 54698 58227
18509 25540 29056 31091 36087 37568 43488 45709 49964 52000
18802 20260 22691 27876 29820 33709 37111 41972 44078 45537
15171 18364 20892 22089 25681 28475 29539 33264 36988 39250
13234 15305 17376 20597 21057 23703 25888 29224 31064 33365
14697 19450 22475 23195 27948 28812 34141 36446 40335 40767
13659 16780 19381 20811 25232 28223 30433 33164 34594 37065
14351 17760 21595 23157 27134 30259 32815 36792 38638 40627
17560 19060 22061 26262 27462 33013 35263 36464 39914 44715
13897 16626 19107 22208 24192 26176 29029 31138 33866 37091
15024 17742 22462 23177 25752 30186 31473 34763 38625 40198
16194 17146 21499 24220 25716 29253 31293 34150 37550 39591
20322 24898 28376 29840 33501 37528 43934 45032 50339 51987
16371 19774 24635 27065 30306 35653 35977 40190 45375 48453
12990 14420 16841 17831 21682 23223 24213 26744 29934 32135
11133 13186 16751 19020 20316 21828 24853 27554 29498 31335
19119 22032 25855 30952 34774 36959 42602 43694 50247 51157
17558 20135 23356 28026 31085 34789 35755 39620 41874 45900
13897 16750 18115 21339 22456 25929 28285 31882 34486 36471
20409 27810 29011 32211 38812 42613 48014 49214 53214 57415
20169 22330 26651 29711 33672 38893 40873 44474 47894 53835
14045 16345 18282 20702 23486 24696 26875 31111 33047 35831
22825 23605 29846 32771 37257 40573 43108 48374 51689 56955
21250 21604 27269 31341 33642 38245 41431 43910 47804 50814
15401 18214 23543 25615 29464 30945 34941 37310 39382 42935
19834 23530 25715 27059 33276 34957 37309 40838 45374 49071
18665 24298 26235 30812 32220 35388 39613 45598 49295 50175
17684 23285 25386 30112 33787 37988 38513 43939 46564 52340
18657 22354 23699 29580 32268 36301 36973 40502 45878 48231
22193 24074 30091 32911 37236 39681 43253 45697 50022 56227
10719 12556 15311 17454 19290 21841 23677 25310 28473 28881
22193 25954 29339 33664 37236 41373 42313 48706 49646 53782
16018 17536 19607 22367 26784 29269 32719 34652 37688 38931
19323 22456 27677 30984 33594 35334 40555 43514 45254 52215
21441 26142 29151 31031 36860 40433 43817 45321 50774 53595
15361 19010 23875 26763 29348 33453 36341 38166 42574 43487
18993 20674 26891 28235 30252 36973 39493 41174 46046 48231
19407 21689 22831 26417 30004 32939 37829 41742 43698 46796
20889 25030 27191 32411 35472 39253 42133 43753 49514 53475
14397 17434 19943 21263 25752 26544 30109 34070 34862 38823
20719 23020 26915 28685 35235 38422 40015 45680 47273 50460
15490 15877 18845 23103 25812 26844 29038 32006 35231 38586
12575 16114 19287 21728 22582 25145 26853 31612 32100 34419
17451 21727 24464 28226 33015 36094 40027 43448 46013 48408
21169 23194 28347 31291 35156 40309 41229 47118 50798 55215
18772 20203 25451 26882 28632 34675 36106 40559 41990 46761
23096 23290 27947 31051 38036 39977 44439 50066 52976 57439
15297 18679 20738 24119 26913 31324 32500 36617 39999 43086
19483 22396 28767 32408 35684 36412 42601 46788 48062 51521
13698 16250 17179 18803 21588 23793 26577 28898 31218 33771
13815 14406 18419 20898 21960 24674 28097 30104 31284 35297
16930 17212 22007 22853 26379 29200 33148 34700 37661 41328
14079 17832 21183 23864 25472 27214 30699 34586 35792 39277
15718 18358 21131 21923 24168 27733 29449 33278 34334 38295
10917 13746 14959 17181 18596 21728 23041 24759 27890 29709
19089 22870 27911 29351 35112 36733 43034 44834 50235 50415
23058 26211 29758 35077 38624 42368 45323 49067 54583 57539
16362 20305 20889 23371 26876 29651 33593 35784 39434 42063
19991 25036 29499 33379 37648 38812 45409 50260 52200 57245
15821 18770 21183 21987 26544 29225 31369 34452 36194 38740
21906 23194 27059 30371 36444 37917 40493 46750 50062 52087
20393 23726 31371 32351 38036 40977 46661 49602 50974 58815
13009 16260 19511 21636 24637 27388 29388 31389 34514 36640
23410 26335 31211 34332 37062 40377 43498 50129 51104 56565
17179 20410 24831 28402 31122 34353 37923 42174 46935 50335
16169 20010 24811 26571 31852 34413 38253 40654 41774 46255
16273 17941 22112 22529 27395 27951 32400 35320 37266 40603
12885 15090 17759 20312 21008 23677 26461 29014 31682 33191
16548 20721 22808 24298 26832 32197 35774 36221 39499 42033
15129 18010 20747 23483 27660 30829 32701 35726 37598 41919
18209 22032 28039 29313 35684 38597 42419 46788 47516 53159
11454 14834 16034 17451 21158 23666 24429 28245 28899 31843
12045 16058 18065 20189 21488 24911 27625 30576 32582 34707
18997 23698 28963 30279 34980 39117 45134 46826 49646 53031
17750 19321 22148 26387 29842 34396 35809 38479 43347 44446
12109 14750 17611 19482 21572 23003 24763 26413 30044 32575
13170 16246 19199 21290 24120 26827 28303 30887 33224 34577
11769 13345 16601 17441 20382 22588 24898 26789 29204 30150
18879 23875 29611 33312 34052 38308 44228 47189 48669 54405
11321 13674 16699 18156 20172 22861 25101 27566 30031 31823
17181 20044 22589 26882 31017 34993 38015 38492 42626 45171
16697 18933 21914 25640 28024 30707 33538 35923 41288 43076
14120 18779 19876 23028 25220 27550 30701 34949 36182 40841
18812 21340 23869 25449 28610 34457 34773 38882 42516 44255
13401 15386 18115 20471 24316 25433 29774 30518 32750 35479
19491 23885 27324 32100 36302 39359 45663 46809 51202 55405
18585 20822 24434 30628 32864 35100 40261 44046 47658 51271
15615 20206 23879 24950 28470 32449 34438 39641 42854 45303
13120 15628 16883 18707 21444 23725 25663 28742 30110 32163
12970 13834 15238 17831 20100 22044 25717 27662 29282 32415
22450 23385 27500 31427 35542 39657 43771 45081 49756 52562
13449 17034 18059 20875 23052 26381 28429 32398 34319 36239
11726 12130 14555 16272 19606 20213 22637 24759 27790 29305
20367 24022 27677 30635 34812 35508 40033 44558 45428 51519
16101 20274 21616 24000 27875 31303 34283 35774 39648 43672
13683 16708 18040 20218 21792 24334 27359 30264 31595 35468
15513 18858 23571 25243 28588 33301 36189 39230 41206 45463
14170 14650 18251 19811 22212 25933 28813 30974 33614 33854
12778 14587 16622 19900 22386 24647 27020 28603 30411 31654
14881 20030 22462 24464 25752 30758 34047 35335 39482 42200
16101 20274 23404 24745 26981 32197 33091 38009 39946 42778
20981 26470 29803 35292 36860 42937 44505 49406 51758 56855
16394 18570 22776 25242 26402 29012 32928 35684 40325 41775
12435 14725 16361 18541 20722 22575 25955 26391 29335 32715
15096 19327 20738 23700 25533 29059 31315 34136 38790 41046
19619 22395 26281 29981 33312 40158 44414 44414 48114 55515
19266 22918 24745 27235 31884 35537 38027 39854 44004 48985
16227 20680 24338 27360 30381 32449 37537 38492 41513 47238
12809 15754 18827 22028 24588 25612 30222 31246 34446 38159
20589 27058 27451 31763 38232 42741 44701 48230 50974 57247
12213 14266 16427 18047 21288 22152 25069 25933 29714 31767
20596 22154 27345 30979 32363 38073 39284 44475 46551 51050
19881 23562 26507 33132 35340 40309 43253 47486 48958 51534
20364 23374 26915 29924 32403 35412 40900 43202 49043 53115
11236 14834 15707 19305 20831 23230 25737 27918 28354 30862
18594 21250 26915 31341 32934 37537 39130 44972 46388 52407
14833 18370 19731 23132 24492 27893 30205 35102 35510 39319
11909 14409 16790 20123 21432 23813 27026 29050 32859 35358
14919 19890 22305 23583 28412 28981 32389 34662 38070 40343
15959 18280 22051 24661 28722 31188 33943 37134 40324 41049
13139 17820 20291 20941 24192 26923 30303 31214 35114 38495
22009 24010 28010 36012 38212 41213 48014 50014 52814 58615
13307 16602 17334 21362 24290 26487 27463 31490 32100 35151
11624 15880 16110 19101 22552 24508 25428 29914 31524 33825
12213 14022 17526 19448 21821 23630 24986 28490 29959 33915
19269 22510 27551 30792 32412 36013 43034 45914 47174 51675
17247 23501 26037 29925 33812 36010 38376 42095 44461 50546
20043 25714 28928 30251 36300 41404 42160 47831 50477 55014
15232 16522 19490 21554 23748 26845 30199 32135 35876 36651
17340 20680 24338 27836 30858 32607 37696 39605 44216 47715
13983 18505 19602 23164 25220 28920 32345 33579 37415 40293
10509 13030 15341 16916 19227 22168 23848 25634 28785 30150
11779 14970 16071 17941 20802 24103 25973 27514 30154 33015
16941 20926 23749 29062 32880 33212 36533 40518 45665 49483
17436 19635 24974 25131 29528 33611 35495 40049 42090 45074
18585 22198 24091 28735 31316 36305 40089 42326 46799 49895
12330 14662 15661 19770 20436 23656 26542 28541 29207 32094
14260 15885 17636 20261 23512 26263 29263 31514 33264 36140
14550 17171 20840 22412 26081 28571 29226 33943 35122 36956
13465 15075 18181 18411 21172 23818 27498 28994 30374 33710
12645 14986 16742 20721 23295 23412 27274 28913 31721 32892
20801 25402 26507 30371 36076 38469 41965 47670 48958 51719
20185 25618 27171 31051 35126 40171 43857 47738 51424 58215
17019 22042 24797 27713 32088 33222 37921 40676 45212 46833
17863 21972 22605 25291 30980 33193 36985 38724 41568 44887
13118 13683 16735 18317 21708 23065 27134 28490 29959 32559
14901 19720 20596 26146 26292 31549 34615 37390 40310 41333
13525 16750 18983 20471 24564 25681 27789 31510 32874 36223
11881 13048 16441 18986 21106 22060 24817 27150 28422 31073
11779 15190 15631 18161 21792 22123 24213 28174 28834 32135
11119 13847 15060 18091 18192 21728 23950 25668 26476 29103
14473 16778 19595 22027 23564 28045 29197 33166 35342 38031
17482 22327 26826 30633 31152 37381 39284 44475 47243 50877
21311 23996 28472 31695 32590 39393 40467 46554 47807 51208
17299 19288 21890 24491 28317 31684 34744 37805 42243 43314
16573 20674 23463 26579 30844 35437 37897 42326 42982 48723
18222 19164 24503 26230 31255 34082 34553 39107 40834 45074
23175 27730 30701 34067 39018 42385 45553 48127 54464 59019
20108 27672 29463 34439 36628 41206 44191 47774 55735 55934
17642 19618 23723 24635 29652 31933 35429 36646 40294 45311
14809 19250 22655 24728 26800 30205 34053 35830 38494 43527
19557 21911 26075 30238 35126 39471 42005 44359 49065 51419
16074 21277 23114 25409 30612 33367 34132 37499 41936 45609
10515 14086 16025 16841 20106 20616 23167 24902 27452 30105
15513 18098 21499 24220 26668 28709 30885 33605 36734 40679
14049 16910 18470 22632 24582 27313 30693 31994 36415 37845
17585 20290 26206 29249 31446 35165 37193 41250 43954 47504
17593 21048 22618 25288 30313 34082 37065 40520 43660 46958
11565 13186 15671 18588 21396 22801 24745 26798 28202 31227
10715 12433 14150 18192 19404 22132 24253 26274 27789 28294
18213 21166 23463 26579 31172 34945 36257 42326 44458 48887
12550 15190 15521 18491 20582 22893 24873 27734 28944 32575
16570 19054 20573 23195 25266 28993 32029 34100 37550 41415
14724 16885 20396 23907 27012 29578 31468 34979 36329 38219
11331 15217 15773 18104 22212 23212 26321 27098 29540 31983
12108 15161 16252 19632 21158 22684 25846 27046 30316 30970
19161 22411 26003 29594 33186 34212 40369 42080 46697 50802
18858 25447 27278 30572 34233 36612 42286 47411 50156 54000
13277 16378 17495 21092 22952 25185 29030 30270 33370 35975
23410 23605 27700 33747 35502 41938 45058 50519 52469 56955
14052 16058 17121 20780 22432 25265 27271 28569 31638 35297
20175 22395 27946 29982 34052 38493 41453 44599 48114 52000
18336 19722 22649 25883 29888 31429 36820 39438 40054 43443
16946 18844 23371 24539 27022 29651 34615 36806 38120 41187
13659 17300 20551 21981 26012 26012 29523 33554 33944 37455
20729 24985 26836 30721 35902 37198 42193 45894 48114 54405
18105 24196 25937 27851 31680 36031 40729 42818 48735 51345
20485 22760 25736 29411 32212 36588 39913 42889 48315 50415
14743 17941 20583 22390 26561 28091 30871 35876 36710 39908
20103 24044 30546 35472 36260 40595 46111 47885 52810 58918
20689 24532 28559 29657 33318 36796 40639 45215 49241 51987
22902 24648 27171 32992 34932 39395 45798 47350 53753 55499
12409 16874 18859 21960 22580 26549 29029 30394 34486 36099
18601 22254 25741 29394 30722 35205 36699 41016 46328 49151
20361 26891 27275 32652 35532 40717 44749 46286 51854 54351
16437 19546 20730 25468 26800 30205 33165 36866 41159 43971
15649 18778 20003 22995 24628 29797 30341 33878 38094 40679
10109 13410 15411 16411 18212 21613 23413 25414 26914 30015
19590 23251 26363 31305 33318 37162 42653 46130 48692 52170
12321 13186 15779 18804 19776 23125 25285 26690 30038 31335
20170 23230 25211 29171 33852 36733 40513 43934 49695 52395
20149 24710 29841 30981 34212 38013 42383 47514 49604 55115
16166 20697 22963 24473 29004 31270 33233 36858 40331 43352
17544 22889 25395 28067 33078 35918 37087 40595 43768 50115
19259 24335 27486 29061 33612 35362 41838 43589 47264 50590
16585 20730 22803 24431 27984 29908 34349 38346 40418 41751
14528 16114 17700 19897 23680 26365 28317 31246 33564 35761
11910 12910 14711 17412 19812 21013 23013 24314 26114 28815
13225 15232 18183 19009 22786 25265 27625 29986 31756 33881
18777 22642 26875 30187 34420 37549 42517 46014 50615 53375
12314 14270 17606 19331 22552 24048 25773 27959 31179 34170
18593 22826 28531 29635 36076 39573 42333 46750 50982 53927
12801 14893 18707 20552 23382 26212 27688 30641 34455 36915
23410 24410 30211 32611 40012 41613 46413 51814 53814 57215
13779 16885 21341 24312 24987 29038 30658 33494 37409 40110
21654 24245 28686 29796 36827 38492 42933 47559 49594 54775
13580 16110 16571 20367 21977 25198 27613 28074 30144 32214
14724 17560 21206 24042 24312 27688 29713 33224 35789 37815
20255 25795 29234 31335 36684 38212 45853 47955 50629 57315
17410 18715 22341 25822 26982 31188 34378 35538 38874 42645
17874 19414 22957 24651 29272 33431 34355 38668 41594 44213
11229 14086 14699 16433 20412 22351 23575 25514 26840 30309
16659 20110 23261 26262 29562 30162 34513 37664 40514 42765
19169 20940 23194 27381 29636 34789 37043 41713 44450 48154
17609 19530 25131 28012 30252 32493 35213 39534 44175 45295
11457 15022 15671 19344 19776 21937 24961 26042 28850 32091
18777 25218 25955 32212 33132 36996 43806 45094 50799 54663
11979 15742 17339 20418 22356 24523 26917 27829 30338 33645
17287 20548 22993 29189 30819 34569 37177 42231 44839 46796
16194 18642 20547 23539 24492 28845 32653 33878 37686 38366
19959 23570 29841 33262 37062 38202 43523 49224 53214 54545
15519 19750 21725 24545 25533 29199 33148 36533 37238 41892
22708 26588 28335 33379 35514 40947 43663 48708 53946 57051
11137 14562 16168 18415 21198 22804 23874 27299 29118 31259
21140 25255 28248 30492 34981 37599 42836 48073 50691 55928
19101 21510 24606 29251 33896 37165 40605 44046 47142 50583
20529 21970 27551 31151 36012 38893 43213 45194 49514 50774
18135 21898 25661 29252 34041 35752 38317 44474 46184 51144
18652 24083 28428 32049 33859 39290 42910 46169 47798 51238
22430 24900 26800 30791 36302 39723 45423 48274 49604 55685
15777 19574 21619 26000 27314 31841 33155 36660 38120 42793
15923 18260 22203 25123 27606 31841 32863 36806 40164 43669
13914 18505 19721 22692 25797 27013 31063 33359 37005 38085
17313 22690 26891 29580 32436 35293 39325 41678 44870 47895
17065 20182 25595 28876 31664 36093 38389 40686 44130 47083
21479 23380 30031 32121 36492 39152 45613 48844 51884 56825
10709 12010 14911 17212 19812 20513 23914 24614 27715 28215
15922 16874 19050 24492 25036 29661 30069 34830 37958 40679
18413 22198 24779 29595 33208 35789 41121 44046 47658 49379
16753 20779 24161 26254 32213 33984 36399 38815 42518 46383
21549 24626 28609 30057 32954 39471 40738 43454 47617 51781
21538 23010 26875 33132 34420 39021 40677 46382 50798 52087
16059 19960 21911 26562 29862 32563 34513 36914 40964 42615
12207 14990 16061 18737 19807 22269 25265 27406 28476 30938
20530 21727 26174 30450 30963 34383 39514 43619 46697 50289
18174 23192 27691 28383 32363 37035 38419 43610 47935 51223
16176 18505 21931 23987 25905 28234 31934 33030 36730 39882
12634 16260 19386 21636 25012 26638 28638 32514 32764 36265
14885 16510 18511 22137 24137 27138 30013 30388 32764 36140
14890 15014 18239 21464 24192 25060 28409 32254 33370 35107
11669 14090 16951 19482 19812 23223 24983 27074 28944 31035
15209 18858 21595 27068 28436 32997 34973 38318 41054 44247
10617 13882 15515 18066 20310 21841 22555 25820 27146 28779
15819 20470 22331 26051 30702 33648 35973 37834 40934 45120
10513 13544 14555 16979 20010 20415 23647 25971 26678 28699
18833 24264 28790 31325 34764 36212 39833 46169 48703 54315
17989 19850 24346 27912 29307 31632 34733 40314 42484 45895
14681 18219 19923 21102 25295 28833 29750 32240 34074 36695
23333 26666 31371 31567 37056 42937 47053 48229 52738 58815
20073 22362 27995 28523 33452 38205 41021 45422 48942 49822
21122 22578 26401 31680 34592 37687 40235 45332 50429 52795
14841 18298 22619 24059 28812 31405 34285 35438 38606 40623
14452 17456 21032 24322 26610 29757 32904 35335 37480 40198
17293 20274 22361 25788 29365 31452 34134 38009 41436 41883
16090 17296 19843 21987 25070 26947 30431 32442 36329 37535
11957 13091 15358 17830 20097 20921 24115 26691 28236 29885
16313 18916 21520 22616 25494 27549 31660 33579 37963 38512
13813 16075 17504 21313 22741 25717 26193 30597 31787 35120
11969 14270 17261 18641 21862 23473 26694 27959 31180 32445
21899 24288 28069 35235 36230 42997 45982 50958 54142 58919
10929 13842 16339 17171 18836 22061 24349 26846 27574 29967
19579 24140 27941 31551 34402 38963 43903 47514 51885 54925
11648 15604 17526 18204 21595 24873 26681 27585 30976 33689
16209 19774 22853 26093 29820 34357 38894 40352 44565 45537
11648 13091 15667 17521 20097 20612 24630 25867 27824 28958
20433 22642 27059 31475 36812 39941 41413 46750 50798 52639
17208 20002 23531 25001 28236 31324 34558 38087 39116 42203
17181 20203 22748 26087 30858 33562 38015 39605 43421 44853
12593 16708 18161 21550 23244 24454 27843 31474 32321 33895
13217 16139 20204 21220 24396 27064 30239 32272 35574 37226
12777 13786 17259 20060 20620 24093 25549 27902 30142 33279
19764 19930 24745 26571 29892 33213 36533 39854 45831 48985
13230 15805 17327 20487 23295 24232 27040 29264 30785 33828
21069 24190 29651 32576 38817 42328 45838 47204 51689 57540
19099 21424 25741 27733 31220 35869 38691 41182 45332 48985
14994 17155 20396 21611 26607 27147 31738 34034 37544 40110
14772 16768 20227 21424 25947 27544 31667 32067 36589 39383
13633 16909 19137 23330 25688 27261 30667 31454 35908 38267
11889 14970 15851 18712 20802 22783 24543 26854 30375 31695
11889 13980 17611 19812 20582 22342 24763 27844 30044 32465
12890 14346 16251 18379 20956 22525 25101 26894 30479 32495
16789 17635 20315 23840 25674 29764 32866 33995 39213 40059
20139 24349 27827 30206 36429 37711 40456 47045 48692 54366
17890 17890 21318 26683 28322 32495 33985 37711 39350 42927
12665 13909 17413 18317 20465 24873 26229 28038 30750 31768
11841 14742 18107 19035 22284 25301 26229 29594 31682 34583
21132 23817 28472 29009 32769 37424 42078 45838 49418 50313
20322 22336 28559 31122 35331 37894 40456 44666 47960 53451
14709 17510 22271 23811 25772 29973 31653 36274 37114 41455
18199 20410 26871 29422 31972 34522 40813 43704 47274 47955
17650 18238 21914 24707 29118 31912 32794 37646 40586 42204
14724 16210 19721 23502 25932 27688 30253 33899 35654 37950
13038 17038 19748 22200 23877 28135 28780 31748 35360 38457
16690 17107 19609 24337 25310 30454 33234 35598 36293 40742
15814 17555 21471 24951 27852 31623 33508 37569 40469 43370
12981 13635 16688 17560 20068 21922 24429 26828 29772 31298
12653 16134 17643 18687 22516 24953 27505 30174 30522 34003
22098 26278 31453 33045 37623 42599 43793 47774 54142 55934
15024 18457 20460 24608 28040 30758 32903 35335 39339 40341
15599 15992 18481 22544 25688 28440 30143 32109 34860 38267
22548 23503 27133 34201 34965 38403 43752 46618 53304 56933
20890 23848 25067 29591 33072 36727 38815 44210 45950 51693
12108 14884 17438 17771 20658 22990 26209 28652 29762 32316
12609 16264 17903 20801 23574 27355 28111 31640 34917 36051
14809 20286 23099 24579 29020 31389 33313 35534 38642 41751
13881 16738 21227 22860 26260 28029 30613 34150 36870 38503
16386 21316 22589 27042 30381 32926 36742 39605 41990 44853
14829 18210 19381 23412 24192 26923 29133 31213 36024 38105
20249 22642 27243 32764 34788 38101 44173 47854 50798 51903
13234 14960 17951 20597 22207 23127 26923 29684 30259 32445
10513 13322 16131 17900 19564 21229 23829 25390 27366 30383
11030 14327 15358 18036 20612 22158 22776 26485 28133 29576
20065 22458 29267 30555 35340 40493 41597 46198 50430 53559
12309 17107 19076 20306 22152 24981 29410 30764 33101 36669
15220 18210 20291 22372 25102 26142 28743 31214 34074 37975
15513 18914 20411 22723 26940 27484 32517 33606 36190 39727
15021 18914 21278 22946 26005 27951 32817 33374 38239 40742
20409 27010 30011 33612 38812 42613 44613 49014 52414 56015
15105 18234 21363 23539 25172 29933 31429 35102 36598 39727
15304 17699 20227 23952 26479 27943 29539 32332 36988 38452
19797 26782 27946 32603 38618 42111 44827 47349 53946 58021
14233 16901 18553 21220 24269 25921 28207 31129 33415 37353
18866 22846 26653 31152 33401 35131 40149 44648 48454 50358
15378 19186 22430 24687 26661 28353 31456 35264 37097 40905
16651 19478 24503 27801 29214 33611 35809 38950 43975 45231
16032 20443 22502 23531 28236 32059 32794 36470 40145 41910
17770 18362 22063 24135 29020 32573 34793 36422 39678 41751
11890 13294 15779 17940 19452 23017 24745 26150 28634 30579
15809 19918 22921 28294 31297 31613 35247 39830 41726 44413
21549 22816 28066 32230 32592 38385 40557 45083 47436 54315
15660 17494 20315 24969 26661 28918 33289 34559 38790 39777
22311 23257 28928 34032 37434 39702 44995 48398 51989 54068
15130 16264 19163 21431 23322 26094 29749 32270 33908 37185
12963 16393 18171 21982 24015 27445 30366 32653 35193 36718
13399 16260 19901 22111 24062 27703 30953 32644 35764 38365
20403 24958 31493 32087 39018 41197 43771 50702 51890 59019
21569 25686 29215 32744 35684 41173 43525 49014 51366 56267
17977 20044 24338 25610 28791 32767 36583 38174 43899 45171
15509 19385 24811 27602 28842 32563 36748 40004 41864 46205
19674 23266 26003 28910 32331 37462 38659 43961 47210 51144
16209 20584 23825 28362 30468 34033 37921 39056 45051 46995
20953 25442 28435 32549 35916 40031 42088 48260 48634 55180
18300 20315 23106 26826 28377 31787 36903 39229 43414 44035
13509 17155 19856 24042 24447 29578 31603 33089 36869 40380
13569 16330 18371 20171 22572 25213 27613 31214 33134 35295
20001 25098 31371 31959 35684 41761 44309 49602 54306 58619
12130 12837 14251 17485 18899 22132 23849 25365 27284 28295
18370 20818 22042 27552 28317 32296 36121 37958 42395 44997
15759 20860 22211 25061 28362 31663 35113 37664 40064 44415
12889 15242 15914 18939 20620 23981 26445 28798 31374 33279
12369 15850 18371 20171 23532 24133 27013 30374 31814 34095
20485 21185 25036 30987 31862 36588 40613 44639 45689 52340
13209 16810 17891 19691 23652 24973 28213 29414 32174 33615
15777 18990 23371 25123 29066 29650 33009 36952 39872 43523
12889 14040 17951 19446 22092 23012 27383 27959 31870 33020
21409 26010 30011 34011 40012 43413 47213 49014 52014 59415
14637 16846 20159 22781 27613 28993 32996 33410 36308 38793
16215 19574 21765 24393 28044 31257 32425 35346 38266 41625
11761 14050 14987 18732 19668 22685 24661 25078 27574 29135
16176 19190 20013 23301 25083 27686 31660 34127 36593 41115
20050 22555 23391 27232 30239 34749 39593 41597 45271 46942
19810 22780 23936 27896 32682 36313 36643 40604 46214 46709
17987 23862 26533 28847 32586 35791 40419 43268 48253 52703
11220 13330 16994 18548 20547 22879 26209 28319 30984 33204
19224 24532 26546 29840 35880 38077 41920 44117 50706 53634
12266 14290 18218 21075 22860 24051 28217 29050 31906 34406
20650 22886 27359 29079 32520 37165 39573 43186 47830 48518
10927 13684 16123 17077 19834 22379 23651 27468 28104 30437
14510 15510 17761 21262 23512 26138 28263 31514 34014 35890
17181 20839 23384 26087 28791 33880 35947 39605 42626 45171
21099 24900 27751 31361 37822 39153 42573 46184 53025 54165
17279 20263 21991 25916 29842 31727 36123 38322 43347 44132
12309 15508 19076 20799 22521 26950 27319 30149 31994 35808
16570 18874 22907 25212 27084 29389 32701 34718 37886 42063
17374 20244 23869 26285 29457 33233 33384 38066 41237 43201
11229 13474 15923 16331 19188 22147 23983 25820 27758 29595
20597 22846 26653 28556 32017 37381 38592 42053 48109 48801
13009 16910 19901 23022 24582 26142 29003 32514 34854 38365
12663 14329 15884 18548 19992 24433 25654 26876 29762 33315
14161 15748 17334 21483 24168 25755 28683 31124 33320 36127
18648 23608 26003 27713 30963 37462 38659 44303 44987 50973
13009 17430 20681 22762 25882 27833 29913 32644 34854 37195
20589 27450 27646 32155 38624 43133 43329 50386 53326 55483
14601 16138 19595 21387 24716 27149 30221 31886 35086 35855
12029 12231 14959 16979 19808 22132 23243 25365 27082 28800
13225 16530 16767 19717 21842 25737 27389 28688 31520 33881
18930 22270 25292 26087 31017 33879 37378 39763 43103 47715
18657 20170 26219 30252 32436 35293 39661 43190 43862 47391
18130 18734 21301 25530 29759 32176 35498 36858 39878 44258
16121 19010 23875 24483 28436 31173 34365 38318 41967 45159
14793 17566 20603 21263 24564 28129 29317 32618 36050 38823
12742 14455 15418 18950 20877 23125 25372 26871 29225 31687
14570 16780 20421 20811 24062 28093 28873 31474 34334 37455
10409 14258 16339 18524 20812 20916 23933 26950 29134 29342
17750 19478 23875 28272 29371 33140 37693 40834 40834 44289
13529 17820 19121 23412 25492 27313 29003 32124 34464 38495
12819 17090 18921 20751 23924 26853 27951 30758 31978 34785
18706 21822 23135 26251 29532 36093 39374 40850 43146 46755
17384 17676 22057 24393 28190 31111 34615 37390 39288 41333
14319 17425 20666 22556 24987 28093 31873 32414 36599 39435
17393 20182 25103 28876 29532 35929 36093 40522 44458 46919
17209 18532 22649 25295 28530 31765 33088 36911 38822 43086
15513 19050 20683 23131 24492 29661 31565 34286 36054 39727
17229 21658 26251 27563 31500 34781 37405 41670 45278 47083
17214 18610 24811 26051 30547 32253 35353 37679 43260 43725
12084 14395 15026 18702 19122 21958 23743 25634 28994 30780
13457 14813 17526 19108 20917 24421 27133 28716 29846 31767
12189 15322 17759 20544 21820 23676 26113 30058 32146 34003
14641 16254 19727 21711 24316 25184 27417 31882 34486 35975
20573 24454 29887 33768 38036 42305 43857 46962 51424 58215
13575 16551 17623 20479 22860 26193 28216 29168 31668 35715
14989 17510 21571 24371 27732 30673 30813 36134 37534 41315
11137 13278 16489 17345 20235 21520 24409 25801 29012 29975
14394 17820 21383 24672 26042 29057 32756 33716 35771 38375
20655 25864 28841 32561 36282 39444 44281 45769 50606 55443
18767 22752 26239 26571 30390 33545 39522 40186 45166 46661
13551 14894 17945 21972 23680 25511 26975 30758 33564 36371
21088 25817 28379 32319 38821 42959 45126 49264 53795 58721
13974 17699 19828 22355 25149 27943 30869 34328 35924 38851
18209 24160 25561 28186 34662 35537 42013 44814 47614 51640
13239 17020 18659 20549 24330 25969 28489 30380 32774 36303
16690 17246 21278 22529 27812 29064 30732 34764 36154 40881
22435 26530 29261 31406 35892 42328 44473 47789 51689 56760
17769 19370 23691 28812 32012 33293 36013 38734 42254 47535
13961 16906 18187 21003 23692 25740 29453 33294 34702 38287
20149 25280 27751 32311 36302 39343 44473 45994 52835 54355
11751 13804 16997 18935 21672 24751 25093 29540 31479 32733
14170 15490 19211 20891 21612 25813 28453 30974 31574 33854
11957 16134 17527 20079 21820 24721 26693 30174 31798 32959
20777 24650 26587 29579 33100 38733 41021 44014 48590 51231
20981 24118 27647 35292 37252 39212 44113 49406 54111 57051
22513 27170 30275 32409 37066 39006 43663 49678 52588 57439
13745 18778 20139 24356 24764 28572 32381 35238 37278 40815
18833 24083 27885 29333 34402 39833 41100 45083 50694 53048
15669 16885 20936 22151 26472 29578 30118 35114 37544 39300
14857 16906 19339 22155 25356 26764 30477 31245 34830 38287
21591 26146 30701 34067 37236 42781 45949 51098 53474 57633
12164 13400 15667 17831 19994 21849 22982 24734 27515 29782
16757 19918 22130 26713 29558 34615 36985 38250 44255 45677
20249 24666 28899 29451 36444 36812 41597 47670 48038 53191
18990 22753 24122 28397 33186 36607 38146 42935 45842 50118
15629 17334 22589 22731 25998 30685 32815 34378 39349 40769
10609 12510 14011 17712 19412 20012 22813 24914 27815 28515
13995 16894 18533 22692 23574 27229 29371 30632 33656 36429
11609 16018 17179 20312 21820 23444 26229 28202 32263 33887
15845 17770 22359 25172 26948 30205 33313 36570 39382 44415
15480 16390 18991 23412 24322 27963 29263 33164 34984 37455
11241 14050 15563 18047 20856 22369 23881 26474 30255 30795
18267 24533 26682 30441 34917 38677 40288 43511 47986 53536
13234 14146 15970 19848 22128 23040 26119 29198 31136 33417
13575 17167 18897 22755 26346 27544 29406 33397 35658 39383
15105 18066 22507 24579 29316 29612 33905 37902 39234 44415
16294 17398 19883 22643 24852 29545 33134 33272 38517 40449
17436 19478 22462 25131 31099 31570 35809 39264 42248 44446
22894 24487 29065 33045 37822 41206 47773 51157 53744 58123
20100 25350 26617 31867 35669 38928 42729 46531 48160 54134
12892 14716 16313 19848 20988 22813 26347 27374 30110 34215
17909 22743 26861 31337 34380 37961 40288 46554 47449 50672
16624 17618 21169 23157 25998 28413 32247 35798 38070 41905
20100 24988 27704 31505 35488 36755 41281 44721 50694 52143
14615 18368 19173 21719 24266 29225 29627 33246 35658 39947
21721 23930 28899 32395 35524 40493 42885 45277 51350 53375
11928 12938 14656 16879 18192 20213 22940 25163 26779 28295
17503 20296 20884 25589 28677 32353 35146 35293 41027 41321
21549 21911 26799 28971 35850 39833 39833 43997 47255 51600
14709 18350 20311 23672 27452 28853 31373 34174 36554 40895
20170 21850 24371 28739 32772 33948 37981 43526 44870 47727
16789 19045 21866 23417 27789 30610 32443 35969 36815 39494
15123 16266 18045 21474 23253 27826 28461 32653 33542 36083
12517 15114 16885 19481 23494 24203 27861 29514 32110 34235
19805 27058 29999 32940 38624 39213 45093 47446 51170 56267
18869 21986 23463 27891 31008 33632 39045 41506 42818 48887
20809 24210 31411 33812 36412 40213 47014 50614 52814 58415
15075 16254 19137 21364 24509 26999 29095 33812 35515 38922
15417 19018 20171 23195 27660 28957 33133 35726 40047 40767
19329 24298 28163 33132 33500 39389 40493 45830 50614 54479
14595 20030 22176 23463 27039 30043 33046 36765 38624 41342
18610 19385 22486 27447 30547 32253 34733 39849 41709 45430
20889 22690 27731 31692 35652 38173 39793 45194 50234 52575
14052 16432 18813 20837 21670 25717 27740 28930 32382 33572
18028 18644 22033 27424 27886 31121 36358 37282 40516 45137
13089 14650 17411 19811 22212 26413 26413 30854 31934 33855
21818 27030 28382 34366 37068 41701 42473 46333 51352 56564
22591 24714 29926 33014 37068 40736 45175 46527 51352 54827
20801 22274 27059 32396 35340 39021 44174 44910 48774 52271
13457 14361 17187 18317 20804 22952 25212 28716 30976 33011
12554 13674 15803 18155 21292 24093 24653 27678 29919 31599
18309 25264 26179 32586 35880 38809 41371 46679 49058 54000
17356 20443 20884 23825 29118 30295 34558 36617 40880 41175
21088 24044 29561 34881 38033 39610 45323 49658 51825 56751
17664 22615 25256 27401 32187 33178 36973 41594 44234 46380
11886 15439 15883 19770 22101 24211 26320 28208 30428 31538
14673 18199 20879 24264 26520 29059 32161 35123 38649 40200
19431 22088 26073 28563 33046 36533 39853 43174 43174 47324
18209 22585 27136 28011 32037 35188 41314 42889 46739 50415
16713 17578 21899 24203 28812 31549 33277 37022 37454 41631
10709 13920 17024 19272 19379 22162 24195 27834 29867 31045
18489 21625 26411 26741 30042 36148 38788 40934 46049 46545
10311 13882 15311 17964 20208 22147 24187 25310 26840 28983
18417 24613 26561 29039 32934 38068 41254 43733 46034 50991
18601 22586 23914 28065 32050 35703 39853 41514 45332 49649
11241 14158 15347 19128 19776 22369 25393 27770 28202 32199
18866 21462 25788 27864 33747 34959 41534 42053 46724 50185
12209 16724 17701 20995 23070 26731 29049 29660 32588 35883
14457 17812 19103 22200 23877 27232 28522 30974 34844 37941
13543 17430 20513 23327 25740 28957 30699 34050 37400 38607
12759 17510 19261 20511 24137 26013 29638 31264 32514 35265
11119 12837 15060 16474 18596 21425 22536 26274 27082 29204
20544 23135 26096 31091 35902 39233 43673 46264 49964 52370
16530 18910 20030 24932 27452 30813 30813 35574 37114 40475
21469 25725 29056 32386 36827 37382 43303 47929 48484 54035
16863 21475 25133 26723 29268 33085 36424 38810 43103 47556
11664 13555 15025 18281 20382 23008 24163 26264 29204 30675
17145 21124 23420 24644 29388 30918 35662 37040 41477 44691
17325 21538 22631 26999 29340 31524 37453 38390 43538 46815
19773 25447 26180 30206 35331 38809 43933 45947 47960 53085
23020 25165 29261 32576 35697 41548 45643 49739 50714 57930
11928 13948 15969 17990 18495 21324 23243 24253 27183 29911
20939 24762 28949 32226 34774 38233 43329 46242 47698 51156
17937 21756 23251 28066 30058 36201 38857 41846 43838 46495
19598 21922 23250 28729 33212 35039 39023 40517 44834 49815
16101 18933 21318 26385 29067 32197 33240 38456 40989 42629
14409 18298 20459 24924 26508 29821 34142 34862 39183 40911
18182 19106 24189 26346 30658 30812 34047 36974 40208 46061
19145 25586 25954 32028 34236 40125 40493 46566 50614 52455
13677 17966 20245 23194 26410 28287 30431 32576 36328 37669
12659 15535 16341 18526 21172 23243 25658 27959 30489 34055
12370 14224 14739 18243 19170 21024 23497 26382 27927 29473
11854 12370 15873 18552 18552 20818 24424 26794 28545 29473
12399 15822 16531 20544 21252 23967 27626 28452 31520 34235
10929 14362 15403 18732 19564 21124 24765 25494 27054 30695
14812 16778 20054 20971 25033 28571 30929 31978 36695 36826
15730 18350 20578 22543 24771 27523 29881 32502 34991 36957
11810 12010 14011 16211 19012 21513 22813 24314 26814 29915
15167 19172 22605 24321 26467 31044 32188 35192 40054 41914
17287 21689 24135 26743 31960 33917 36199 39949 42394 48752
15129 17578 21611 25644 27228 31405 33565 36302 38750 41919
17828 20770 27518 30633 34612 37381 39111 43264 45859 49666
15549 19610 22411 24091 25352 29553 31373 35154 39214 40755
14187 17524 19888 23363 25866 30454 31566 35459 38100 41159
13795 15870 17212 21240 24290 26731 29171 29782 31856 34297
14162 16968 17334 20507 24168 25511 27219 30392 33930 35151
14070 17296 19877 23232 23232 26715 30328 32780 35747 38586
16768 18679 23531 25884 26472 29559 33088 37793 39998 41175
11999 13744 17124 18978 20613 23666 24647 27155 29444 31298
21514 23198 27126 33672 36664 39096 42275 47886 50691 52936
19389 25660 29271 30981 37822 39913 45043 48464 52454 53595
21249 25210 28631 30611 35652 36732 43213 43393 48074 53115
15830 16950 20871 24652 27172 28573 31793 34174 36974 39775
11827 13443 16070 16474 20111 20212 22536 26072 26678 29103
13442 17566 19695 21557 24750 27145 30471 32466 35126 37521
19579 25280 30031 30981 37632 39343 43333 48654 50554 56445
18180 20234 22763 26397 28452 34141 36827 40620 41094 44413
15771 17618 21169 23441 26992 30259 33809 35372 37360 41763
10909 14289 17015 19305 21485 23230 24647 26937 29771 31843
19214 22054 24894 27900 33412 36753 38590 41263 44770 48946
19520 21848 25966 30800 32590 37782 40288 44764 48882 51746
12147 16313 16670 20837 22146 24884 27859 28931 32858 35358
16969 20650 23211 26571 31692 34413 37613 38574 42734 48015
16330 19050 20955 21771 25580 27892 30885 34014 37006 39455
19656 24790 28154 31872 35235 36828 42316 46034 47450 50105
16585 18066 22951 26652 28280 31833 32721 38050 41010 43379
12208 13599 14991 18416 20877 21841 23660 25801 29011 31473
19498 22354 24875 27563 30588 36469 39829 41006 45542 48231
18209 22235 24685 31337 34837 38163 41838 43764 49014 50765
19323 24370 25415 29765 33942 37075 39337 42818 47690 50475
16959 18910 21010 24161 29412 31363 34213 37364 40664 45015
18418 19198 22163 26844 29964 34333 36361 39014 41198 44787
18446 24891 25429 30979 32769 37245 39572 44585 49240 52283
20064 26177 29043 32864 37448 38786 45089 46618 50629 53877
19109 23885 27133 32673 35729 39359 45281 48528 53113 54832
18931 20203 23543 28314 31812 33880 36106 39923 44216 44852
14184 17830 19046 22016 24987 27013 31604 33629 35519 39705
13644 18640 20936 21746 24717 29443 31873 34304 37004 38355
14569 16130 18601 23152 24322 26793 29393 33814 36285 36545
18029 21940 24151 28742 32142 34863 37923 40814 46255 50165
19389 22810 27371 30601 35542 41053 42193 49224 53215 56825
19435 21360 27136 29412 33262 35013 38513 42014 46214 49890
17544 20217 24393 28235 30573 33914 38590 42432 44436 48612
14167 15014 18161 21550 23123 26028 28448 29417 31595 34621
13634 17135 18761 22137 22637 25638 29013 31264 32764 35640
13810 14960 17376 20482 21172 25313 26693 29569 31984 32674
14409 17290 20891 24780 28092 30109 32557 36734 39759 42495
17229 20346 25595 28384 30516 34453 37405 41178 45935 47575
14493 17334 21169 24152 25856 28981 31537 35798 39775 40201
17338 19770 23115 24787 28588 31477 35277 38014 40446 42879
14994 16345 19181 22826 25122 29308 30793 33494 37004 39840
17994 20635 24431 29052 30867 34333 38128 39613 46215 49515
21399 25678 28655 31073 36468 38700 43909 46142 50792 54513
19457 22450 27126 31427 35916 38535 44894 46764 51627 52562
21195 27730 30701 35454 35652 42187 43573 50108 53672 58425
17309 24230 26653 30287 32363 36862 39630 42918 46378 48628
12209 15992 19287 21362 22704 24534 26853 31612 33198 35273
12295 14290 16391 18072 20382 21433 23218 25319 28574 30045
19665 25525 29684 31574 36489 39325 44995 46508 52934 54825
16863 21157 24815 28314 29904 31812 37537 40082 42149 46125
19161 21178 25883 28067 32268 33780 39661 42854 45710 48063
19041 23617 26546 31305 32952 36796 41737 46313 49059 51438
17770 18362 22507 25320 27836 31093 32869 38198 39234 42047
19881 25218 26875 32580 34604 39021 41229 44542 50799 52087
19479 21250 27977 31518 32757 38422 40192 45503 49397 50637
18734 23985 26086 31162 31687 38163 41138 45339 46914 52515
17355 20443 22943 25001 29412 30441 32647 37940 40292 43674
20020 21760 27329 29418 32376 37945 38641 42122 45776 49953
11739 12658 15617 17555 19392 22249 24187 25106 27146 29289
21705 26506 28811 34380 34956 39180 43981 48206 51662 55311
12779 15831 16848 18430 21256 22726 25890 28377 29394 31655
17374 19036 21301 26588 30061 30363 35498 39123 40482 42597
22330 25120 28469 33306 36282 39445 44467 44653 49676 53211
16069 20450 20450 25269 29212 31403 34031 36952 38120 42501
20877 25766 29339 31407 34604 38177 44193 45886 50398 53407
13941 17554 20135 21038 23361 26200 28780 33296 33683 37554
18240 21958 26030 29216 31872 36121 41786 43556 46211 52761
12517 15114 17121 20308 23022 24675 26799 29160 31166 33881
14969 17418 19323 22179 27212 28301 31837 33062 37278 38911
16090 17162 18904 23998 26142 28153 31771 33380 34854 38339
14989 19610 22271 23951 26472 29133 31093 36274 38514 40475
12400 13975 14710 17021 19122 22588 24163 25739 28784 31095
17145 18676 21584 25103 28470 32602 35968 39182 42090 43314
12774 15880 16686 20022 22092 23473 25313 27959 31985 33020
19287 23068 27038 31197 34221 38002 41593 47453 52368 55959
12199 13260 16017 17501 20258 23121 25135 27150 29482 30861
17022 20203 25292 28314 29109 34198 36742 38810 44216 44535
15207 18933 21616 24746 26832 29962 35029 37562 38903 42629
14955 18340 21020 24828 26943 28776 33430 36674 37097 40623
15882 17170 22605 24321 26610 28755 32331 35192 39339 42915
16209 18010 22961 27012 27912 32263 33613 36464 40064 43665
17073 18734 23567 25229 27645 30515 33384 36858 39425 43050
11565 13706 16703 17987 19593 23446 24409 27620 29867 31473
13759 16135 17635 21637 22762 25638 29013 32514 33264 37140
18675 24349 28193 32952 35514 37711 40273 44849 50522 53268
15409 18770 20871 24511 27452 30253 33473 34173 38514 41315
20853 26644 30891 31663 38612 41508 42859 46912 53282 57336
20501 23698 29527 33100 37424 40621 42125 45697 51714 56415
13401 16998 18859 19975 23076 27169 28905 30642 33990 36347
21099 25355 28131 32017 36827 37752 40898 47004 49039 53110
19389 22960 27211 28061 31972 35713 38093 42004 44214 50505
21250 24082 24968 30101 32757 37537 39661 43556 46034 52761
10509 14605 15131 17546 19017 22903 24794 25634 27944 30150
15074 16123 18743 23330 25819 26212 31060 33288 34991 39315
15009 20410 21761 24761 29862 31813 33313 36464 41715 42015
12660 15190 17501 17941 20032 22232 25093 26634 30264 32135
18985 20470 23606 29382 33012 35158 37303 39779 44894 47700
18675 22702 27461 29840 34416 36979 40639 45764 50157 51621
23610 27810 29611 32611 38612 40012 45213 50414 52014 57815
17503 17797 23384 26472 26619 29853 35146 38234 39410 42645
16654 18990 21765 25854 29066 29504 34762 35200 38266 40895
12282 12802 15195 17483 19356 22789 23205 24974 28823 29343
11241 14154 15299 16755 19668 21333 23933 25286 28199 29655
15203 18612 22731 24720 27702 28838 33241 34804 37218 41905
17757 24196 27503 29069 33594 36901 40381 44384 45254 50301
17073 20550 24027 27030 31138 32561 36985 39198 41726 44255
11865 14466 14674 16859 19460 22269 23621 26638 29030 30383
16737 22642 24939 26579 31992 32977 36093 41834 42982 48723
19503 22240 25832 28226 33528 35238 39001 43277 46184 50973
19559 23538 25096 29422 31325 36689 38765 43437 46724 48801
18535 21833 22304 27800 29528 34553 36123 40677 43817 43974
21239 23556 27996 31470 37454 38806 45948 47685 51159 56178
14957 19250 21175 25320 27096 29909 34053 37902 41011 43527
19195 25350 25713 30600 33135 38566 42910 46350 48884 51600
16570 19330 20849 22643 26922 28302 31477 35756 37412 41415
21354 25034 25954 29635 36260 40493 42517 45830 49326 51535
10409 12310 15411 16811 18812 20113 23113 25014 27214 29115
12552 14022 16735 19900 22612 23630 27133 28038 30750 31654
11422 15265 16735 18882 21934 24647 25890 28490 31654 32559
22548 26750 27133 32673 38212 40505 42797 46045 50247 54068
21479 26040 28701 32881 36492 38202 43903 48464 52834 55115
10709 13813 15740 18309 20770 22162 24088 26657 28476 30296
20573 25812 27753 34156 37648 40753 45215 47350 50648 54335
11509 16111 16111 18986 20827 23588 26348 29224 31525 33825
18937 25308 28585 32772 35684 39143 41327 44421 50428 53887
16250 18933 23553 26385 28173 30408 35773 37562 41436 42032
18106 21382 23411 25127 30276 31524 34333 38858 40886 46815
18477 20908 25445 27389 30144 32412 37111 40838 44726 48615
13979 16139 18553 22110 24396 27318 28334 32018 33923 37988
17750 20891 24503 27801 30784 32197 34553 39735 43660 45231
19789 23058 25811 29767 32864 37165 41293 42842 45422 51615
16704 19408 24020 28155 31653 31972 38015 38174 41672 44535
23572 26344 27730 35454 37038 42583 47137 50702 53870 56048
12190 13030 15131 16811 19857 23113 24899 25739 28259 29520
10109 13310 14010 18012 19112 20413 22913 25614 26114 29315
15269 19610 20871 24512 25492 29973 32353 33754 37814 39355
21745 24013 27227 31952 34788 39703 41782 48209 51233 55392
20778 22714 28171 28171 33980 36973 41197 42254 45950 51231
13933 15103 17678 19316 21657 25636 26689 30083 32774 34764
19579 26040 28891 30981 34212 38012 43713 45614 52835 56635
16863 21316 22270 27041 31812 32130 37855 39446 44216 47715
16224 17776 21866 24828 26520 29199 33430 35405 39494 39918
17771 21424 24579 29394 30390 34375 39522 41016 44336 46827
19008 21262 25610 27059 28992 32695 37848 38654 43484 46866
16168 18314 22176 24321 27754 30472 31616 34334 39769 40627
17530 17676 22495 25270 28482 30819 32279 35492 38120 42647
21513 24010 27274 33420 34956 40909 45325 49358 53198 56847
13416 16000 19568 20921 22398 25966 28795 31625 32486 34947
18585 22026 26671 28735 34412 36477 38369 43530 48174 51443
16809 19510 22661 25211 27312 30463 33313 38714 40814 43815
13694 15123 17028 20122 23693 26193 26907 29526 31906 34406
19956 23434 26912 29291 33867 38809 41371 46496 48326 54183
14487 16393 17917 20839 24523 27699 29985 31891 35574 35829
13349 15305 17836 20712 20942 25313 26578 28534 30949 33825
10821 14214 16441 16971 19622 21319 23651 27362 27998 30013
13795 17091 18921 19775 21972 24657 28317 30148 33565 34297
16909 20966 25023 27220 30432 36010 40067 41588 45644 50715
21850 25165 30431 31991 36672 39013 45839 47204 51104 55005
12472 16708 17072 20824 22639 25423 26754 30990 32079 34379
20281 25169 26980 31143 35488 36574 42186 46712 47255 52867
12996 14869 17093 20019 21774 24583 25870 29147 31604 33243
14809 18362 20731 24432 27688 30501 33757 37162 40863 41603
20283 24748 29399 31073 34422 40747 43537 47072 50606 54885
13471 15631 18426 20712 24650 26048 28334 30748 35194 38115
14500 15634 17777 22314 23826 25969 29497 30380 33656 36933
11625 13342 15666 17586 19606 20718 24254 24355 26678 28295
14457 18070 18845 22845 24522 26845 29425 33296 33941 38199
17109 23095 27200 29252 31305 36778 39172 44474 45329 49092
18961 25218 27427 32395 36444 37364 42333 47670 50614 55031
11409 13710 15311 17511 19012 21012 23613 24613 27414 30015
17964 22753 24121 28568 33015 37120 39172 44132 44816 50460
12385 14290 18218 20956 22265 25241 26669 29883 31787 33692
11944 12964 15209 16535 18576 21943 22453 25004 27350 30105
16753 20779 24966 26898 30441 32695 38170 39620 44773 46705
17890 20721 21019 26534 27577 32495 33240 38009 40840 44268
19329 23930 27243 29635 34604 37365 42149 44542 50799 51903
14959 17430 20811 21201 23412 27963 30433 33294 34984 37975
15599 17040 18743 23068 24116 28702 30929 33026 34336 38922
18879 24615 28501 32942 33497 38678 42378 47004 50704 53110
13107 15468 18655 20307 23022 25265 26327 29160 31874 34117
15669 18425 22776 24807 26402 31333 32348 36699 38439 42790
13634 15135 18011 21262 22887 27513 29264 30389 32514 36515
17931 22282 26459 30636 34638 35509 40033 43340 45602 49779
20544 25910 27206 33312 35717 38122 44413 47004 50149 54405
17026 18314 22748 23606 27897 30328 34190 36336 39482 42915
16023 21048 23718 26230 29528 32826 35652 39578 43504 44446
15845 20582 23099 24727 27096 31981 33757 37014 40862 43231
15519 17776 21161 22853 26520 30751 32443 36674 38789 40341
19558 23192 26480 30979 33401 36515 38246 44129 48281 51742
10617 14290 14597 18168 18372 21841 23983 25718 27860 29391
20877 22758 29151 32348 34040 38929 44382 46826 49646 52655
11809 16294 16530 20426 22786 24439 28097 29396 32346 33291
17280 22924 27029 28055 34212 36778 39514 43961 45158 49434
21737 24842 27753 33379 36872 42305 43081 47544 53946 57827
14278 15877 19199 21044 22767 25474 27811 29657 33224 36669
15370 15626 19211 22283 24972 26252 30477 32398 33678 38159
15739 17170 20174 25466 26324 30043 32474 35192 39912 41628
16810 18770 19750 22411 27592 28012 33053 35434 37394 40615
17658 20521 22271 25610 28950 33403 36424 40241 42149 46602
20043 23824 27794 33843 37434 41404 41593 46319 50288 55014
11648 14248 17074 19222 22273 23404 26455 27247 30637 32672
11609 15090 17295 20428 20892 24489 25881 28782 31218 34351
13814 16250 16831 19035 22052 23328 26113 28782 30406 34815
15615 18982 24032 25409 28623 30918 35968 39794 40865 44538
17878 20384 24059 29905 30239 36586 38757 41096 45271 48445
18729 21450 24651 27051 29932 33452 37453 41614 44014 46735
13634 17385 19386 20761 23637 27013 28763 32389 33764 35390
21009 24810 29811 34612 38612 41213 46213 51414 53014 59615
18931 19885 23543 25769 31494 34198 35311 40400 42149 47238
20100 22092 25350 32592 35488 36212 42729 45807 47617 53953
14439 16780 20681 22632 24062 27833 30043 32124 34594 36415
11509 13410 14010 17612 19812 21013 23013 25114 26214 29615
20874 23800 30431 33357 37062 40183 45253 47984 53639 56565
13705 16650 19723 21515 25228 27917 28173 32398 35342 37775
17289 20010 22731 27052 29292 32653 36813 41614 42574 47535
17185 19162 21443 27220 27372 30564 35429 39534 40750 44399
14528 14772 18067 20507 22704 26731 28195 31002 32832 34907
22501 24013 29495 32898 34788 40081 44995 45562 52367 53502
18269 20760 26239 27069 32714 34541 36865 42510 45498 49815
13852 17664 17918 20458 23507 25413 29605 30494 33669 36464
17214 20005 22331 26982 29617 32718 36593 37214 42950 43570
12885 15670 18339 19267 22632 24256 27737 30058 32494 34351
23410 25945 28090 34917 38232 42328 46228 48959 52469 55199
14858 15626 18699 22540 24076 27277 29837 33166 33934 36367
20891 24241 30349 35275 36654 40003 45717 51234 51628 58524
14361 16012 18553 20458 23507 26302 30113 31383 34431 35956
19888 25100 30312 31470 36875 41701 44789 50001 50580 54055
16798 20874 22831 26254 31145 35547 36851 39786 43372 47774
13869 17434 20603 22583 24036 28129 31693 32750 34862 38955
20249 24298 26507 33132 36628 38653 42149 46934 47854 54479
13114 14682 15915 19500 21292 24317 25101 28574 29134 31823
20589 26666 29215 33135 36860 39997 44505 47642 53719 57051
14844 18070 20006 20780 25038 25941 28909 32651 34973 37425
22194 24638 28023 30467 34416 40057 43441 48330 52654 54347
17374 20999 23567 27041 28702 31269 34592 37008 42143 43050
21070 22150 28451 28811 32592 38713 41413 43394 49154 52935
12351 16951 16951 19613 22639 25786 27722 31474 32079 34742
20185 25812 31051 34156 36872 42111 43663 50260 50842 56081
17557 20510 23627 26579 29696 33141 36421 39702 44459 48067
12321 14158 15238 18804 19776 21936 25501 26582 30146 32199
14812 16647 19923 22936 25557 28833 31322 32895 36039 38660
15577 16690 21695 23920 25588 30454 32956 33930 36988 38935
17622 18510 20730 24135 26948 30353 34941 37902 39530 43675
13659 16520 18341 22242 24192 26143 30044 31214 34334 37975
17092 18260 23225 23809 29212 30965 33593 35200 38412 42647
17679 19385 24346 27447 30857 33648 34733 38144 40624 43880
16599 21656 22763 26397 31454 34457 35247 38882 44097 44571
18189 24130 28091 30431 34752 36372 41413 45734 50234 53655
14942 16724 20150 23987 26316 30016 32756 32893 37689 40156
16830 18715 20310 24662 26982 29012 33073 37714 39889 41485
12073 15438 18455 18687 21240 23561 25997 29942 30406 34003
15849 18010 22619 25788 26220 28957 31837 35150 37598 41343
14586 17554 20264 21683 24006 26070 29554 31490 35877 37038
11009 14090 15850 19262 20142 24213 25423 28394 30704 32905
13509 17560 19721 23232 26472 28768 30928 34844 36059 39300
18363 21423 24000 26898 30119 34145 35433 40264 44611 46705
18937 23124 27493 32044 34228 39143 41327 46242 50246 53159
16197 17334 22589 24151 26282 31111 33241 34804 37502 41337
16179 18385 21179 23825 27354 30883 34117 38087 39263 42498
13119 15190 17491 20712 22207 24163 26923 29684 30259 32905
18675 25264 25630 29474 33867 36795 43751 46313 50522 54732
14309 18600 20603 24608 27468 28756 32617 35621 38338 41628
18819 21898 25319 29424 30792 34555 39686 41909 44474 48237
15885 18238 22796 24119 27648 30148 33970 37499 40145 42645
20133 22370 26327 27531 32520 36649 40089 44218 46798 51615
15786 16602 20819 22723 25852 28301 31837 33198 37823 39047
21155 26588 27947 34738 35514 42111 45991 49678 52976 54334
15237 18763 21584 25392 26238 29200 32020 34841 39495 39918
15603 17536 21815 24161 27336 28992 32857 34238 36446 41277
13690 15370 18611 19571 23172 24493 26533 29054 32294 33855
16609 23251 24745 28730 30556 33213 36865 42676 45499 46495
10509 13110 15511 17712 19512 20713 23313 24314 27214 29315
17214 19230 22176 24811 29462 32408 36128 39229 42950 45120
12250 13882 15617 16535 20412 22351 23983 26330 26738 28880
13933 14518 16859 19316 22125 23413 25753 29732 30902 34179
19373 23698 28399 31032 34228 38553 42125 45322 50211 54911
19009 23760 30411 32501 37632 38202 44283 46754 53215 54165
13743 16642 18659 22062 22944 25465 28111 32522 33656 35295
16482 18328 21879 23015 26282 29549 32957 36792 37502 41337
18495 20708 24659 27819 29874 32086 36827 41094 43148 46941
20484 24970 27311 32577 36867 40183 43303 47204 51104 55785
18105 22456 25241 27851 33072 35509 38989 43862 48213 52041
15285 18234 21317 22121 26142 28823 31101 34318 35524 38607
16227 19090 24656 27996 29745 31812 37219 39446 44217 46761
15688 17966 19307 23998 25874 27214 32039 34318 34988 38607
21889 23385 29183 30679 37412 37412 44145 45455 51065 53871
18694 24615 28871 32387 35902 40343 43858 45894 48854 52740
12529 14455 16061 17238 19807 23553 23874 26443 29118 30403
13117 14394 17643 20660 21588 24257 26925 28202 32263 32843
20249 23594 26411 29403 35036 38557 39437 44894 48062 51759
18446 23280 27398 32053 33306 35991 42615 45659 48702 51925
19989 25911 26466 32202 34422 37753 42193 45524 51260 51815
17029 19398 22951 25171 27984 30649 35237 37902 39974 41454
21129 26506 28811 33996 35916 39757 42829 48014 53774 54927
20689 24450 28775 32912 35356 37612 42125 47954 51338 56227
15901 17957 21520 22068 27001 29605 32345 33030 37278 40293
