1000 10 10
3 33 21 18 30 14 27 28 28 21 17 0 12
5 11 17 31 27 8 17 9 14 13 28 0 22
7 28 11 17 30 16 29 15 14 22 18 0 31
6 15 18 28 32 14 33 9 20 16 26 0 29
6 9 14 16 26 16 14 19 29 24 23 0 30
10 19 33 19 19 26 32 11 29 25 29 0 46
10 31 21 15 14 17 24 30 19 12 14 0 48
9 8 19 15 20 30 15 32 16 26 22 0 43
3 12 23 16 16 15 24 15 23 14 14 0 14
8 23 19 29 9 21 33 27 27 16 29 0 36
9 13 17 27 9 26 11 8 12 18 8 0 41
7 27 9 22 19 30 26 28 23 24 14 0 35
5 29 8 7 13 16 12 12 14 24 13 0 21
4 15 22 12 11 25 19 28 25 15 10 0 19
7 26 13 15 16 21 19 25 29 10 24 0 34
10 19 8 19 28 15 19 27 32 29 12 0 49
9 15 13 14 29 30 16 29 32 15 12 0 41
4 18 29 18 19 32 7 10 13 11 23 0 20
6 20 14 15 21 27 22 23 18 28 10 0 29
9 26 30 26 19 23 12 26 26 9 17 0 43
9 19 26 25 17 26 14 10 8 16 18 0 42
5 31 12 27 28 30 24 29 9 27 10 0 23
3 29 25 26 18 31 15 30 16 17 13 0 14
9 29 33 18 24 14 11 29 9 21 23 0 45
10 15 8 25 17 21 19 9 11 25 15 0 48
8 25 17 18 9 33 28 12 23 25 15 0 37
4 28 28 18 13 16 21 25 16 30 18 0 16
5 22 8 31 9 30 25 14 32 33 27 0 21
9 12 25 32 30 32 14 12 31 29 22 0 45
5 21 24 9 19 19 8 19 24 25 30 0 23
6 23 32 25 29 33 20 9 25 25 9 0 27
6 16 12 28 28 30 12 15 21 9 13 0 26
9 26 8 19 29 20 7 25 25 21 30 0 42
9 27 13 9 30 19 23 14 22 13 16 0 41
3 11 32 31 13 29 16 21 14 11 30 0 11
8 27 8 26 23 10 12 17 18 19 30 0 37
6 31 7 14 30 22 30 25 28 27 21 0 26
9 18 25 15 15 23 16 17 20 22 15 0 45
4 11 11 18 11 27 13 21 18 16 18 0 18
6 31 14 19 22 33 14 13 29 28 31 0 30
4 30 23 16 19 10 26 24 17 29 7 0 17
9 10 9 18 14 11 19 11 7 11 25 0 41
6 14 10 28 10 11 25 28 18 12 19 0 30
8 10 21 31 18 27 15 7 7 23 23 0 37
4 21 12 25 32 26 20 12 19 28 25 0 16
9 21 23 28 26 22 22 16 26 18 20 0 41
3 22 11 10 17 28 11 8 19 20 11 0 13
8 12 29 22 32 24 27 14 32 14 20 0 36
3 9 20 27 7 11 10 20 8 19 14 0 13
5 10 16 23 26 12 8 19 30 9 8 0 22
9 14 12 9 18 11 14 18 27 28 29 0 45
3 26 16 15 18 32 10 7 29 25 17 0 14
9 29 15 17 20 19 31 25 17 26 29 0 42
4 27 24 28 15 28 31 8 22 17 10 0 19
3 8 21 26 21 22 22 33 18 23 28 0 11
9 29 22 32 7 26 12 14 26 9 19 0 42
5 9 21 11 22 23 16 21 32 30 24 0 25
8 17 28 7 15 29 18 29 26 22 26 0 40
5 15 16 7 8 18 33 15 14 28 29 0 23
9 7 20 9 9 20 25 32 28 28 29 0 41
3 7 30 19 7 22 28 19 7 17 25 0 15
9 33 17 15 9 11 14 27 8 22 11 0 45
6 9 9 30 27 31 19 22 27 29 7 0 29
4 17 26 25 30 10 12 12 18 17 10 0 19
5 18 26 20 9 16 24 26 11 15 15 0 21
7 14 8 12 10 7 28 25 8 26 19 0 35
3 23 13 9 21 20 12 25 33 18 8 0 11
6 19 16 27 26 31 12 32 9 29 11 0 29
6 15 7 32 22 11 10 13 32 28 12 0 26
5 30 21 19 24 33 10 15 30 15 27 0 23
10 24 29 15 17 32 27 25 12 13 9 0 46
10 27 24 22 19 14 10 10 15 24 21 0 46
7 32 12 17 11 23 29 9 18 9 23 0 33
9 18 23 15 20 30 18 31 29 14 32 0 43
4 25 7 26 14 24 25 10 31 21 26 0 16
3 22 12 31 32 19 7 23 26 28 21 0 14
5 33 26 26 16 31 24 19 14 33 22 0 25
5 22 15 29 11 24 7 21 16 19 29 0 24
7 32 24 15 14 21 21 14 21 8 31 0 35
6 9 21 16 14 19 14 14 24 33 15 0 29
6 29 15 10 23 17 8 32 33 13 30 0 27
6 7 8 11 30 24 20 21 28 29 26 0 28
8 19 10 29 17 22 20 19 31 27 7 0 38
5 12 33 9 28 21 20 12 19 32 16 0 23
7 29 25 29 9 32 22 24 27 12 14 0 31
6 13 18 31 20 23 14 11 16 25 25 0 30
3 19 15 32 26 11 15 25 22 31 12 0 15
2 21 12 22 15 20 12 24 28 24 22 0 10
7 11 10 10 27 18 13 24 24 27 12 0 32
4 32 26 21 31 12 33 27 24 21 24 0 17
8 21 9 14 16 10 31 31 20 10 7 0 37
3 22 32 10 15 22 31 24 23 19 33 0 15
6 16 24 11 23 26 10 23 22 12 25 0 27
5 16 31 7 13 19 28 12 7 14 9 0 21
10 17 11 32 8 13 7 30 14 19 15 0 46
8 27 17 15 27 8 33 26 8 10 27 0 36
8 14 17 31 8 10 21 29 28 32 29 0 39
3 23 15 24 10 20 20 28 18 32 24 0 15
7 17 28 14 14 16 26 26 20 22 13 0 31
7 27 27 33 11 18 14 15 9 8 12 0 34
8 22 11 19 28 8 12 11 15 31 24 0 39
4 21 20 27 27 32 21 26 30 7 25 0 20
7 19 8 26 8 20 33 7 29 30 10 0 31
8 28 18 16 11 27 16 15 12 29 23 0 39
3 14 21 29 22 20 20 17 14 17 18 0 11
3 26 32 20 17 16 14 25 31 19 30 0 15
5 14 32 11 15 29 14 22 33 10 21 0 24
3 18 14 23 13 16 32 27 22 17 31 0 15
3 31 22 15 31 8 28 33 15 13 29 0 12
6 9 19 10 33 28 20 16 22 32 13 0 27
7 12 28 14 19 17 26 10 9 26 31 0 32
5 32 12 19 16 29 10 17 27 18 25 0 21
6 31 14 11 7 19 26 26 29 10 29 0 26
7 32 29 30 16 18 24 19 15 22 12 0 32
7 10 9 32 18 13 16 19 12 19 33 0 31
10 20 20 16 20 32 21 11 15 9 22 0 50
5 13 22 9 29 21 13 22 9 17 26 0 25
6 12 11 23 15 30 10 12 25 18 21 0 27
4 18 31 13 28 9 23 29 28 31 12 0 20
5 27 21 11 26 8 30 15 24 11 16 0 21
8 13 29 15 27 19 13 15 27 29 21 0 37
4 21 26 23 33 9 23 20 22 16 14 0 16
4 27 31 11 24 10 7 12 20 20 15 0 17
10 8 33 21 12 24 32 14 28 14 12 0 49
9 20 18 11 14 16 15 10 18 23 20 0 43
8 19 29 14 18 20 11 30 9 32 22 0 40
8 21 19 19 25 13 12 33 9 21 30 0 39
6 28 21 26 11 31 7 22 32 30 23 0 30
8 18 10 10 11 24 17 10 8 19 19 0 39
5 23 22 13 11 9 9 9 32 28 20 0 24
6 10 18 10 20 30 15 20 9 33 25 0 29
8 17 33 9 24 10 12 7 11 19 8 0 38
5 26 20 18 25 11 28 28 27 29 21 0 23
7 9 11 20 10 24 11 29 28 28 18 0 32
9 11 21 10 25 21 19 12 24 28 17 0 41
10 20 10 19 8 32 24 27 12 7 16 0 50
5 31 29 22 25 12 18 25 25 11 18 0 25
8 32 28 10 9 8 22 19 28 22 14 0 37
9 7 12 28 29 9 15 22 9 21 21 0 43
5 12 27 23 21 29 28 9 16 32 12 0 22
4 7 8 13 21 29 14 31 20 30 22 0 18
3 32 31 22 25 9 16 31 32 16 17 0 11
4 28 20 13 25 32 19 15 7 21 29 0 18
4 28 16 8 30 24 10 11 8 33 27 0 19
4 25 33 31 9 33 22 16 14 25 17 0 18
8 18 12 12 15 16 20 29 22 14 28 0 39
7 16 24 12 31 18 10 32 13 31 8 0 32
9 13 19 12 8 18 32 20 8 25 19 0 43
10 7 23 32 10 22 25 26 14 9 24 0 46
8 29 31 13 33 10 10 19 20 28 17 0 40
6 22 23 24 17 22 21 11 32 18 29 0 27
6 10 11 25 12 18 30 24 18 9 14 0 28
4 32 10 24 32 33 17 29 10 8 23 0 18
6 18 16 19 27 10 33 30 17 25 22 0 29
5 19 23 9 30 12 23 12 24 10 7 0 22
8 17 31 25 24 25 11 18 8 32 7 0 38
7 9 15 9 29 9 14 29 10 14 13 0 34
7 20 19 8 10 12 8 11 8 11 29 0 33
8 19 26 11 7 25 15 15 22 12 12 0 38
7 8 14 29 26 16 24 10 19 11 31 0 31
10 23 27 33 16 9 11 22 15 31 27 0 46
5 21 13 23 15 23 17 14 18 28 28 0 23
7 10 17 18 11 29 21 20 10 18 31 0 33
9 22 9 13 8 21 8 20 18 30 31 0 43
9 11 29 25 7 7 15 17 25 14 15 0 41
10 15 14 15 20 9 30 32 20 27 23 0 46
9 17 30 11 26 10 30 29 16 13 11 0 44
5 11 24 20 7 31 32 25 13 10 23 0 22
5 20 9 13 15 16 9 22 31 8 33 0 23
3 33 27 18 16 26 16 26 17 17 26 0 12
10 13 27 22 27 27 21 32 21 18 8 0 50
10 19 9 33 24 27 30 18 17 23 7 0 49
7 9 30 15 33 14 14 32 26 30 31 0 34
5 23 11 15 15 15 8 23 13 27 28 0 22
4 22 29 13 29 26 21 21 15 27 25 0 18
9 11 9 28 18 7 26 19 16 31 14 0 41
8 11 20 19 8 18 31 9 26 14 15 0 39
7 9 15 29 9 26 28 21 33 19 8 0 32
3 22 23 9 12 33 29 29 30 23 7 0 13
6 24 19 9 32 19 19 24 9 11 20 0 28
4 9 13 22 22 25 26 22 24 26 30 0 17
5 33 11 10 20 30 29 30 14 18 21 0 25
5 31 12 9 12 26 15 22 22 24 32 0 24
6 32 33 32 23 30 20 20 31 25 28 0 26
6 29 29 23 24 9 13 21 29 25 20 0 27
3 23 8 20 29 31 15 30 26 32 31 0 12
10 15 18 18 10 18 10 18 18 29 14 0 50
2 25 23 11 29 24 7 8 12 27 18 0 10
5 9 18 12 23 28 15 11 22 11 29 0 23
8 23 20 25 33 32 31 7 9 29 20 0 40
4 11 7 8 17 11 29 23 13 13 27 0 17
3 19 19 26 11 30 8 20 9 22 15 0 14
9 31 22 33 8 33 27 18 14 22 14 0 43
9 30 17 22 20 20 18 16 27 22 8 0 45
3 26 29 26 9 8 19 28 12 32 9 0 15
5 16 21 12 25 32 32 32 23 31 13 0 22
6 8 12 22 30 19 32 32 15 9 28 0 27
3 30 26 18 20 28 12 26 19 13 7 0 14
8 31 16 27 27 7 15 18 19 15 16 0 40
3 16 21 19 7 15 32 21 33 32 29 0 12
2 28 24 9 8 26 11 9 29 28 14 0 10
10 7 30 33 24 11 14 17 13 28 9 0 49
6 32 23 10 16 31 25 25 26 22 28 0 27
8 32 14 19 13 14 26 15 33 8 22 0 39
4 31 15 8 11 15 31 31 25 17 17 0 18
6 21 22 22 7 25 30 24 30 16 27 0 29
4 31 32 19 8 19 10 16 23 14 33 0 18
9 7 14 9 16 23 16 28 31 26 27 0 42
4 23 15 16 22 30 15 14 22 22 24 0 19
9 31 8 16 12 33 32 8 16 9 24 0 45
10 12 33 25 21 20 20 31 10 22 23 0 49
5 16 27 16 32 30 7 27 33 32 22 0 22
3 20 11 11 12 12 18 18 18 24 30 0 11
6 24 20 8 33 16 25 11 10 11 22 0 28
8 8 14 24 15 12 13 9 17 20 14 0 40
5 21 25 25 28 12 31 25 13 30 10 0 22
3 7 26 24 11 19 10 9 32 21 31 0 15
8 29 14 31 15 21 19 23 21 26 27 0 36
10 15 17 27 21 14 23 22 16 7 9 0 47
4 16 7 20 7 8 27 20 13 14 23 0 19
7 16 15 30 22 27 21 11 7 20 19 0 34
6 15 29 27 30 33 23 29 21 28 29 0 28
6 11 32 7 10 30 24 28 14 17 17 0 30
9 24 29 8 22 32 7 33 33 20 16 0 44
7 8 25 30 25 26 33 33 28 28 19 0 33
10 22 30 18 8 8 22 8 31 21 9 0 50
9 23 10 23 17 17 16 13 23 11 13 0 42
6 20 24 15 20 26 27 32 7 32 16 0 29
10 27 19 9 16 26 20 9 25 24 24 0 48
5 18 22 22 9 9 32 9 30 19 9 0 24
10 14 10 11 27 25 23 16 32 12 30 0 47
9 15 13 10 15 32 24 17 33 10 18 0 43
4 7 23 10 16 32 27 15 32 24 20 0 18
5 20 31 19 30 23 21 14 8 13 16 0 24
2 9 27 16 33 30 17 9 23 17 28 0 10
8 25 26 26 9 33 18 32 17 16 22 0 40
6 13 29 15 19 24 26 28 28 29 28 0 30
8 12 27 25 18 17 22 13 32 31 28 0 37
7 18 9 22 21 27 26 26 26 14 15 0 34
4 15 8 24 30 24 11 32 32 13 13 0 19
7 23 26 28 33 23 8 16 22 26 20 0 34
5 26 12 20 29 23 23 12 18 27 27 0 22
6 13 11 32 7 11 8 25 27 33 32 0 29
10 13 18 15 26 27 23 22 17 19 10 0 50
4 23 17 31 25 8 23 11 8 11 22 0 19
9 10 23 21 14 10 18 31 10 8 23 0 43
7 11 19 29 22 24 21 22 10 27 11 0 32
7 27 27 24 17 9 26 27 28 29 24 0 35
3 7 24 32 25 20 33 31 33 11 10 0 14
6 33 26 20 19 21 33 33 28 17 31 0 29
5 8 23 19 10 31 13 27 17 21 9 0 25
3 31 9 28 13 10 31 28 20 27 15 0 15
3 24 15 8 30 17 30 18 28 29 23 0 12
6 9 33 9 10 22 12 22 25 12 15 0 26
7 21 29 7 14 30 22 23 27 26 10 0 35
6 9 25 25 23 16 25 23 14 20 28 0 27
6 18 10 30 23 18 26 31 19 13 14 0 26
9 10 23 32 9 33 24 18 24 21 18 0 44
8 20 16 7 7 9 17 31 11 25 18 0 39
5 31 28 7 15 28 20 30 18 21 18 0 21
7 23 11 22 17 11 21 22 29 31 20 0 35
8 30 13 29 32 30 28 13 10 30 15 0 40
8 12 30 15 17 31 22 29 13 7 11 0 39
10 14 11 18 10 28 20 25 27 26 15 0 50
7 14 27 13 33 27 28 29 9 28 14 0 34
9 28 10 25 20 12 18 32 31 33 29 0 43
4 7 15 20 7 28 20 10 8 9 32 0 16
5 30 21 19 32 11 30 31 11 27 31 0 21
4 31 20 33 11 32 18 15 10 13 17 0 19
5 19 28 13 10 26 8 24 25 29 32 0 23
7 24 32 12 26 16 13 14 28 30 32 0 31
6 19 7 28 10 16 33 20 14 16 30 0 30
8 11 29 19 27 15 19 18 30 22 31 0 40
6 11 28 18 14 11 22 26 22 25 25 0 27
9 21 8 26 14 33 30 25 14 30 30 0 43
5 29 18 29 20 10 21 33 9 17 29 0 21
3 33 15 20 10 16 31 23 30 27 22 0 12
9 9 14 12 29 33 16 30 19 24 10 0 42
4 25 12 11 26 18 30 25 20 16 22 0 17
4 29 33 28 16 19 21 29 29 17 24 0 18
6 24 20 26 11 9 23 21 7 11 29 0 26
5 22 15 24 29 32 33 8 16 33 29 0 24
8 33 24 27 23 21 26 15 8 13 24 0 40
10 32 29 12 28 24 9 8 31 30 31 0 46
7 20 9 22 31 22 12 14 29 32 23 0 33
9 27 27 16 27 17 25 28 32 19 18 0 44
2 21 14 14 32 31 23 9 26 13 10 0 10
10 29 15 20 14 14 30 19 8 18 27 0 50
6 20 31 17 29 13 8 7 14 30 20 0 27
7 21 11 22 24 26 10 17 19 25 17 0 32
8 18 33 22 15 27 27 13 29 22 27 0 40
8 12 8 23 16 32 31 21 24 13 29 0 39
10 31 25 25 33 28 17 11 18 33 17 0 50
7 20 17 29 14 31 24 26 9 16 30 0 33
4 21 16 20 19 10 22 20 31 13 25 0 17
10 25 31 17 8 9 23 32 16 14 18 0 49
4 27 12 24 20 15 26 10 10 30 13 0 20
4 19 27 29 12 10 22 23 18 14 24 0 17
9 13 15 11 16 25 7 31 12 15 15 0 43
10 15 31 25 29 30 14 32 28 21 31 0 46
6 22 13 27 28 22 24 15 28 30 8 0 27
8 21 28 29 24 21 21 27 30 19 22 0 39
4 16 13 29 7 18 12 11 28 29 11 0 17
4 15 8 21 26 26 16 22 9 20 15 0 18
7 21 23 19 27 33 24 20 12 31 29 0 33
7 30 25 23 11 16 20 21 10 14 21 0 35
2 7 31 28 31 31 9 19 31 29 21 0 10
7 11 16 9 18 7 16 28 18 11 26 0 31
7 8 18 25 27 30 16 23 28 21 24 0 34
9 27 18 10 25 33 15 12 18 26 9 0 43
9 20 20 27 10 24 15 28 17 8 18 0 45
5 14 23 15 14 15 7 29 28 27 32 0 24
4 12 8 20 16 24 31 30 32 8 18 0 19
7 17 11 18 13 18 16 12 30 17 21 0 32
9 19 9 10 22 28 14 29 31 14 25 0 43
3 33 15 21 31 33 12 13 28 19 32 0 15
3 25 17 18 21 22 29 30 17 22 16 0 11
10 14 30 20 20 12 32 10 33 13 28 0 48
10 30 32 27 11 26 25 29 19 15 21 0 48
10 25 30 7 31 25 30 13 18 15 17 0 50
8 17 15 13 21 23 8 16 15 20 16 0 38
5 11 15 25 20 23 12 30 24 8 19 0 21
4 16 21 11 26 10 8 8 22 7 29 0 16
6 31 18 22 11 29 19 32 31 7 28 0 30
5 18 31 31 17 16 12 24 19 25 23 0 21
8 12 26 19 24 23 30 21 27 29 14 0 36
7 18 9 31 24 27 18 27 30 8 29 0 33
9 32 9 15 11 24 21 32 26 20 28 0 43
8 11 14 31 29 32 27 32 24 24 20 0 40
3 23 8 26 7 13 24 21 22 14 26 0 12
8 12 14 20 21 9 22 11 12 17 9 0 38
3 27 8 21 12 14 13 21 22 30 18 0 14
5 25 27 19 18 14 22 15 22 29 30 0 23
6 14 19 9 18 16 33 9 27 13 25 0 27
4 29 29 25 7 22 32 18 19 30 10 0 19
4 13 8 15 10 32 19 32 17 16 13 0 16
8 12 12 31 32 20 19 22 20 12 24 0 40
8 28 18 16 11 23 8 26 25 11 32 0 38
3 28 7 17 23 13 27 32 14 16 7 0 15
3 21 31 26 22 24 17 32 10 11 13 0 15
8 12 30 9 28 30 14 26 13 20 26 0 38
7 10 8 30 10 23 26 30 9 18 24 0 35
6 23 20 30 17 23 17 15 27 14 15 0 30
7 32 17 23 13 22 33 25 31 30 29 0 31
7 26 8 20 10 17 22 21 26 18 7 0 31
9 21 8 18 9 14 27 9 11 21 33 0 45
7 25 7 16 31 17 12 23 15 21 23 0 33
7 30 33 16 26 29 18 9 26 18 30 0 33
6 10 8 9 28 28 11 19 17 30 15 0 27
5 27 27 18 20 21 7 20 31 13 21 0 21
3 9 9 23 23 28 22 17 16 10 29 0 15
7 14 19 23 11 16 10 14 32 28 28 0 35
8 22 11 32 10 27 16 14 21 22 8 0 37
9 9 14 29 8 21 29 26 8 8 29 0 43
7 25 24 33 12 15 19 33 12 10 32 0 35
4 11 14 16 19 32 14 31 33 30 7 0 20
10 32 15 19 8 23 29 10 10 17 7 0 48
3 30 18 26 14 15 26 33 32 7 15 0 14
9 7 20 9 8 31 23 15 14 27 32 0 44
7 22 12 24 29 31 31 28 16 21 8 0 32
3 14 16 25 21 26 31 14 18 27 8 0 15
4 17 17 23 29 10 26 31 28 27 28 0 18
8 27 24 27 9 21 32 33 23 19 30 0 39
5 19 24 8 16 18 23 9 7 24 19 0 24
9 9 29 10 9 18 27 26 19 7 7 0 41
6 31 20 24 15 8 27 27 25 18 27 0 26
9 11 14 32 12 17 19 8 31 8 14 0 43
3 13 19 22 30 30 26 26 25 8 26 0 15
6 13 11 22 24 16 9 26 16 27 28 0 27
6 30 12 26 20 8 15 16 7 10 17 0 29
5 28 16 20 20 12 20 19 26 30 16 0 22
5 30 24 14 31 32 17 15 9 21 20 0 21
4 23 11 26 20 17 19 8 28 8 18 0 17
8 19 28 15 22 11 12 9 9 22 16 0 37
4 28 20 26 14 32 21 8 21 18 21 0 19
6 33 18 24 16 23 18 23 16 30 31 0 27
7 7 29 23 23 26 16 18 19 26 23 0 35
6 31 17 27 9 13 28 32 19 18 23 0 26
4 20 20 12 10 12 17 33 20 33 27 0 20
3 9 12 12 16 31 28 21 26 13 21 0 11
7 25 29 15 11 7 17 10 20 30 11 0 32
3 25 23 30 27 10 10 12 24 31 8 0 11
8 29 22 10 33 25 20 16 30 8 19 0 39
3 33 27 22 24 12 33 7 9 32 28 0 15
2 32 15 10 26 25 11 28 9 10 28 0 10
8 13 29 12 19 9 12 22 18 23 15 0 39
3 32 8 22 26 12 25 12 19 31 20 0 14
8 13 23 24 10 19 14 27 23 10 26 0 36
3 20 24 8 23 14 26 22 18 24 11 0 15
9 30 15 27 15 29 17 20 31 16 27 0 41
7 19 9 8 33 24 25 19 17 22 23 0 35
7 28 21 28 25 27 29 24 20 32 31 0 32
7 33 33 20 33 19 13 22 10 22 7 0 33
3 8 17 21 26 30 29 33 23 10 10 0 12
5 33 11 19 8 33 16 12 27 14 11 0 24
9 17 19 18 21 32 30 33 17 16 23 0 42
7 21 20 8 15 22 18 30 23 18 22 0 32
5 30 16 7 32 25 18 25 7 28 30 0 24
5 9 29 10 21 12 16 25 18 27 9 0 24
7 18 30 7 25 11 30 26 9 19 16 0 35
10 28 24 23 16 27 23 29 33 30 16 0 50
8 26 16 29 14 25 24 25 23 17 9 0 39
7 8 18 12 14 20 26 26 27 31 29 0 34
6 32 19 23 21 15 9 31 11 19 16 0 26
3 29 29 10 26 33 10 13 9 22 7 0 13
9 22 30 13 30 25 15 13 16 20 15 0 41
10 25 12 19 13 14 19 9 8 20 27 0 46
7 32 18 33 12 24 25 31 18 8 18 0 35
7 18 24 14 32 33 24 14 25 13 19 0 31
7 14 18 33 16 26 12 33 11 31 24 0 33
6 20 32 12 29 13 16 32 24 25 17 0 26
9 11 16 13 18 31 21 11 29 8 20 0 41
10 16 28 20 24 15 28 25 8 24 7 0 50
3 23 17 21 8 21 29 26 15 33 24 0 12
10 30 19 30 23 26 20 10 25 7 23 0 49
8 28 32 32 18 30 9 25 20 14 25 0 40
4 33 30 24 21 13 27 12 20 23 20 0 17
2 22 27 32 8 12 23 23 16 14 14 0 10
5 29 17 13 18 21 16 25 19 32 19 0 22
7 33 11 16 10 28 13 12 30 27 14 0 35
10 22 23 25 31 27 23 21 16 29 25 0 46
3 28 30 28 32 21 12 31 16 11 18 0 11
4 24 31 22 11 19 16 12 11 11 21 0 16
5 31 29 11 22 16 18 9 9 29 17 0 24
9 14 24 18 26 7 29 17 30 11 24 0 43
9 29 24 26 24 10 12 27 9 27 13 0 44
5 18 31 7 33 20 24 21 9 7 19 0 23
9 33 29 18 32 7 29 11 8 33 27 0 45
7 16 22 32 9 30 23 11 13 23 28 0 35
8 8 14 23 31 27 31 23 14 30 15 0 37
6 9 7 21 8 14 10 9 24 9 9 0 26
10 28 10 18 22 13 28 21 22 21 29 0 49
4 12 7 16 29 16 31 12 21 20 18 0 19
3 18 8 27 8 15 7 11 25 23 11 0 13
4 18 21 19 23 14 8 30 18 18 28 0 19
9 11 28 7 25 30 22 13 28 29 31 0 45
6 10 13 20 10 10 24 7 13 7 23 0 29
3 9 18 28 25 17 25 27 11 30 32 0 12
3 21 13 12 23 33 18 31 19 9 13 0 14
7 21 30 30 23 19 7 25 8 26 12 0 32
9 27 20 28 17 27 10 13 26 11 15 0 45
10 7 9 14 15 20 24 9 9 17 26 0 47
4 13 17 29 29 8 13 24 24 17 29 0 16
5 23 22 33 32 27 16 27 12 29 14 0 25
6 12 25 13 7 20 24 22 14 10 11 0 29
8 21 11 19 15 30 30 9 30 15 12 0 40
9 10 33 24 15 12 23 32 28 24 31 0 44
5 7 15 17 32 8 20 18 27 20 20 0 22
4 21 24 12 31 9 25 19 18 11 24 0 16
6 20 16 8 8 13 19 11 30 29 23 0 27
4 30 25 17 31 29 23 12 16 18 30 0 18
10 10 30 17 18 21 19 20 13 27 21 0 47
3 10 29 10 9 12 18 8 29 8 17 0 12
4 24 20 30 17 11 14 28 27 22 9 0 19
6 13 17 31 17 26 32 9 12 7 20 0 26
10 20 30 11 17 28 27 11 24 18 32 0 49
9 12 31 29 10 30 18 9 26 19 12 0 45
5 17 7 25 10 27 10 28 28 11 7 0 22
3 30 20 22 28 29 19 32 10 12 30 0 15
4 16 25 12 10 26 33 28 29 19 25 0 17
7 17 24 13 33 33 24 19 7 26 27 0 33
6 20 29 16 26 16 10 7 7 24 13 0 27
2 7 9 7 26 13 21 31 23 15 23 0 10
8 26 7 29 13 18 17 20 31 32 19 0 38
2 20 25 19 25 31 15 15 22 27 7 0 10
10 14 27 31 31 18 17 30 12 24 28 0 47
5 29 11 23 18 13 15 22 19 18 25 0 24
6 24 9 14 14 17 20 19 27 7 18 0 28
10 28 14 18 13 14 18 12 25 13 15 0 48
4 14 29 18 25 16 10 11 8 15 22 0 16
8 24 7 11 23 10 8 7 25 10 18 0 38
8 8 24 14 23 29 32 13 27 26 30 0 37
6 16 10 11 8 24 30 13 8 17 18 0 29
7 22 30 26 27 23 25 31 10 28 23 0 33
9 8 21 13 13 32 19 30 28 15 10 0 43
4 32 33 24 10 24 21 31 30 29 17 0 19
9 10 22 31 26 17 15 27 10 14 7 0 45
8 21 22 33 31 32 17 29 17 23 23 0 36
6 15 15 21 13 27 23 21 11 20 16 0 29
3 30 32 8 14 17 27 26 15 7 31 0 11
7 13 15 7 21 12 16 13 12 9 33 0 31
9 12 16 32 20 7 11 21 29 33 21 0 42
4 20 7 32 30 7 32 27 26 23 10 0 20
6 14 13 31 31 28 7 14 27 8 30 0 27
6 32 8 9 14 19 18 18 33 17 18 0 27
9 20 14 15 7 18 28 9 25 32 22 0 42
3 19 10 16 28 21 12 13 10 13 32 0 14
3 8 23 18 27 19 9 21 8 23 27 0 14
7 32 20 8 27 27 31 23 22 32 15 0 35
4 13 29 32 17 10 19 30 12 14 29 0 18
8 29 22 23 14 18 23 30 23 16 15 0 39
7 10 31 22 23 11 27 12 14 26 11 0 32
6 20 11 14 8 23 28 26 28 30 24 0 30
10 27 30 31 18 9 28 20 31 12 7 0 48
7 19 32 30 18 29 26 28 16 25 9 0 33
5 21 9 31 11 8 24 27 10 30 28 0 23
3 13 22 7 29 31 31 32 27 10 25 0 15
6 29 8 24 28 33 30 11 26 26 23 0 28
5 25 33 18 16 8 12 10 18 9 17 0 24
9 21 16 17 9 31 26 21 28 19 13 0 44
9 31 11 14 18 30 29 18 30 8 16 0 43
5 32 24 33 8 32 13 16 32 19 10 0 23
7 8 13 16 12 26 17 31 24 19 8 0 35
4 17 27 33 18 30 29 19 25 12 10 0 19
5 21 13 9 15 32 30 7 10 14 7 0 23
7 22 10 12 31 26 11 21 22 20 19 0 33
8 16 13 15 28 20 8 28 33 13 9 0 38
5 13 11 17 29 20 25 24 17 14 30 0 23
8 18 11 15 29 20 22 33 28 20 30 0 39
9 23 28 29 11 23 13 10 21 16 33 0 42
2 33 14 10 15 33 14 18 32 8 31 0 10
5 26 32 7 28 30 11 32 14 9 24 0 25
4 14 25 28 10 25 7 26 13 25 19 0 19
5 7 16 22 16 30 27 25 23 8 32 0 24
10 26 23 32 29 16 19 27 28 10 31 0 49
9 33 29 28 30 23 22 14 21 28 26 0 45
9 12 18 8 17 14 25 32 10 27 27 0 42
5 32 22 12 28 12 30 30 24 29 16 0 21
4 25 8 8 14 11 7 33 31 27 26 0 19
5 13 25 15 7 7 27 27 31 19 10 0 25
9 28 22 17 11 8 28 11 32 27 27 0 44
10 17 7 30 15 20 27 27 17 24 15 0 46
4 18 33 16 11 13 14 29 26 13 13 0 20
3 7 10 8 8 23 33 24 16 17 14 0 13
3 12 22 21 15 7 19 11 9 29 19 0 14
9 13 17 30 7 24 20 32 29 18 25 0 44
10 28 31 22 7 9 7 30 26 8 28 0 49
8 26 7 19 26 12 33 11 27 14 15 0 40
5 13 29 23 11 33 7 32 25 33 11 0 21
5 10 11 14 17 32 31 22 15 20 13 0 22
8 28 20 30 20 27 13 28 16 13 19 0 38
9 27 21 28 33 7 26 19 21 11 11 0 43
5 27 12 8 27 11 30 25 24 18 33 0 22
7 18 12 30 12 13 8 32 27 19 23 0 32
6 8 32 22 25 29 32 9 26 23 16 0 29
5 32 20 16 19 9 14 28 29 31 11 0 25
8 21 28 15 31 21 19 26 17 30 22 0 36
10 22 14 7 16 18 32 15 11 13 21 0 50
9 14 7 9 14 8 9 29 15 7 27 0 43
10 31 27 8 33 12 28 13 20 30 31 0 46
4 21 32 19 15 33 23 18 15 18 17 0 17
3 32 24 21 7 25 15 15 19 26 18 0 15
4 14 21 28 10 19 22 17 27 16 27 0 16
5 9 20 13 32 27 10 19 11 14 8 0 21
10 28 12 23 9 27 9 32 13 26 32 0 50
7 31 29 11 25 9 11 17 17 9 13 0 32
6 28 9 20 14 29 24 14 20 33 22 0 28
4 14 22 32 30 9 16 33 18 31 24 0 19
7 32 10 22 26 27 16 8 9 17 9 0 33
5 33 18 24 26 31 25 28 24 8 25 0 23
6 15 13 13 11 21 20 13 12 31 7 0 29
6 31 13 33 32 21 22 30 23 16 8 0 28
4 9 11 8 10 30 15 13 15 27 30 0 20
7 15 9 10 33 27 23 12 28 13 29 0 34
3 27 12 16 17 13 17 14 25 9 26 0 11
10 25 31 7 33 11 14 14 13 30 25 0 47
9 15 23 32 24 28 17 14 25 24 17 0 41
4 25 9 29 13 17 14 28 27 11 16 0 16
6 15 32 9 27 31 20 15 12 7 30 0 26
8 21 20 19 28 29 18 30 12 27 12 0 40
6 16 23 17 22 11 19 19 18 10 17 0 27
6 7 28 27 15 8 26 33 18 9 28 0 30
3 10 10 8 13 12 14 13 15 11 16 0 11
6 17 9 11 18 10 14 17 16 30 15 0 28
4 8 31 31 33 28 25 14 16 20 20 0 20
7 30 14 13 11 23 17 20 25 10 28 0 34
7 22 14 21 8 23 9 13 9 13 32 0 31
7 22 8 29 14 23 27 31 14 30 18 0 31
5 9 11 23 32 7 25 12 23 14 32 0 24
9 9 26 11 16 9 21 14 23 10 23 0 43
10 31 15 18 11 20 13 21 33 8 21 0 49
3 8 28 32 10 28 27 32 11 12 30 0 11
8 22 10 23 16 12 25 15 32 19 16 0 37
7 29 16 12 7 9 15 19 18 11 29 0 32
6 11 15 32 31 16 11 8 31 12 18 0 26
6 19 9 16 15 27 20 24 8 31 15 0 30
10 14 18 7 15 28 15 17 20 15 23 0 50
3 24 33 31 14 27 26 28 16 30 32 0 11
4 12 15 7 23 27 15 24 31 12 26 0 20
6 12 33 24 10 19 31 24 7 7 25 0 30
6 27 11 25 26 30 11 31 13 14 9 0 29
9 20 21 25 26 10 18 33 28 13 15 0 41
10 28 19 9 24 23 16 13 7 33 20 0 50
3 9 24 31 29 17 21 33 33 28 12 0 12
4 10 20 27 25 27 23 33 33 31 27 0 20
7 11 22 7 8 27 7 27 14 12 28 0 35
10 29 12 21 32 23 32 11 9 31 12 0 46
8 7 15 8 33 15 21 20 15 26 20 0 36
10 30 17 22 15 26 25 9 13 18 12 0 46
4 33 17 11 32 10 23 8 28 21 24 0 19
4 17 13 33 26 15 28 20 27 27 7 0 18
4 11 13 27 22 17 10 14 29 26 19 0 20
8 21 14 14 30 15 26 27 12 7 19 0 36
5 33 11 15 25 16 11 21 29 12 28 0 25
9 12 24 8 18 22 33 12 9 8 9 0 45
9 22 33 22 17 13 19 15 22 18 19 0 45
10 19 10 14 18 26 29 32 19 19 26 0 47
5 16 15 29 26 16 13 23 27 28 8 0 25
6 7 28 12 29 13 8 11 31 22 25 0 29
10 31 11 29 19 16 24 8 33 28 15 0 49
10 24 32 16 26 30 13 13 29 30 25 0 46
8 10 20 15 32 10 14 31 27 10 12 0 40
9 18 9 19 32 14 20 7 17 25 30 0 43
8 12 11 28 10 25 17 27 22 16 18 0 40
9 8 14 31 22 22 22 13 25 20 17 0 45
10 11 29 10 17 14 28 32 19 25 16 0 48
9 9 29 10 19 13 10 20 15 15 13 0 45
6 9 8 10 7 21 25 10 21 28 18 0 30
8 7 15 27 11 31 25 27 11 27 32 0 36
10 23 27 25 31 12 17 32 9 29 18 0 46
3 26 24 26 26 33 10 31 15 7 15 0 13
3 19 27 9 19 17 19 15 13 27 17 0 14
2 20 24 31 24 31 15 23 23 23 33 0 10
8 27 23 13 17 31 7 19 12 29 16 0 36
9 18 10 8 33 15 18 15 17 15 15 0 43
4 29 31 8 14 10 29 7 24 15 20 0 16
9 28 30 12 31 18 30 26 28 26 14 0 44
9 33 10 14 22 23 11 13 27 8 12 0 41
9 28 17 31 17 27 18 18 29 20 27 0 44
10 13 28 11 27 15 32 16 26 29 19 0 49
3 23 25 16 13 26 32 25 27 27 22 0 11
7 13 21 12 29 11 29 31 12 27 28 0 35
6 14 17 19 11 18 9 20 27 8 25 0 30
10 9 24 9 12 33 31 14 17 27 14 0 50
5 10 27 28 12 14 21 33 29 10 32 0 23
8 8 31 20 20 23 26 24 9 11 9 0 40
4 13 19 28 25 32 7 8 25 18 20 0 17
7 27 16 29 18 31 13 25 11 23 31 0 32
4 27 22 11 30 8 8 15 20 22 23 0 20
10 24 25 20 13 19 21 11 20 25 19 0 46
5 28 22 19 27 26 27 29 9 29 23 0 25
4 32 25 33 19 10 18 28 11 29 10 0 20
4 33 21 11 9 16 17 15 10 19 26 0 19
10 17 19 13 26 10 26 27 9 17 16 0 47
7 13 20 18 21 18 31 26 14 28 19 0 35
3 24 23 10 8 16 24 22 31 21 19 0 11
4 23 9 21 10 21 21 30 23 30 20 0 19
5 23 29 15 7 14 23 27 8 25 16 0 22
7 16 9 13 14 23 31 30 26 29 10 0 34
9 9 13 21 11 25 15 10 12 21 31 0 43
9 31 13 30 14 18 25 10 27 9 25 0 41
6 12 7 11 13 13 11 28 13 22 19 0 26
3 7 24 24 11 15 27 25 8 11 25 0 14
9 13 25 24 14 11 29 10 10 30 25 0 41
10 17 14 18 7 15 18 32 16 17 9 0 50
3 26 16 25 8 10 24 22 11 16 33 0 13
5 11 11 18 18 16 33 26 16 9 21 0 24
10 25 10 29 11 15 14 10 28 11 22 0 46
10 11 19 22 11 10 22 27 33 13 12 0 50
7 15 15 32 23 32 15 22 12 19 33 0 33
5 27 31 20 13 11 20 24 31 14 24 0 23
3 26 20 12 31 32 7 21 27 21 22 0 15
9 17 29 31 9 31 32 31 18 25 14 0 42
4 25 32 18 30 18 21 11 15 13 17 0 17
3 31 27 10 31 18 16 19 32 28 23 0 11
3 24 15 22 27 25 29 9 19 9 9 0 15
5 31 14 16 9 8 28 22 27 28 29 0 23
8 19 27 23 33 8 32 15 14 14 18 0 38
6 17 22 31 22 28 26 19 19 9 33 0 27
3 25 31 9 14 28 8 19 26 32 11 0 12
10 7 17 12 19 21 26 21 9 23 21 0 50
8 25 21 14 16 8 12 31 32 10 27 0 40
6 31 18 13 18 29 31 22 11 20 20 0 27
9 29 19 31 8 28 19 24 26 32 22 0 44
6 29 17 16 21 10 18 9 8 31 28 0 28
5 28 30 25 11 23 25 10 18 19 15 0 25
8 21 7 8 25 20 32 9 27 17 20 0 38
9 17 25 26 19 27 23 12 12 18 18 0 45
10 33 11 19 11 13 22 29 28 27 15 0 47
4 18 32 11 7 25 26 32 9 15 32 0 19
8 22 25 25 16 30 10 15 19 20 21 0 36
5 11 31 16 12 25 28 11 19 28 31 0 25
8 16 16 7 7 8 8 33 20 18 11 0 39
9 7 22 28 31 33 25 27 26 22 26 0 42
10 23 19 24 18 7 33 31 26 30 15 0 48
3 8 23 15 18 31 13 9 11 32 20 0 12
6 20 19 18 33 21 28 9 29 10 25 0 29
7 7 16 29 31 32 16 17 32 17 19 0 34
4 13 28 21 17 25 11 7 18 18 24 0 17
4 18 7 11 9 20 7 21 25 24 12 0 20
7 33 12 20 23 10 25 30 18 16 28 0 31
6 18 32 18 13 17 8 18 30 15 30 0 26
3 29 29 10 18 25 20 31 10 30 23 0 15
2 15 16 9 24 7 16 27 31 9 14 0 10
7 26 19 22 9 17 20 31 16 22 32 0 35
4 12 16 19 7 17 7 27 18 30 23 0 18
7 33 26 19 26 7 7 10 11 22 22 0 32
9 24 31 13 22 12 16 26 33 10 9 0 44
5 18 18 16 31 28 7 16 29 7 11 0 24
7 20 17 29 18 18 12 13 14 33 30 0 33
3 16 16 26 20 17 31 28 13 21 15 0 15
6 23 29 12 31 31 20 18 23 29 31 0 26
10 8 32 19 16 31 10 30 18 12 33 0 46
4 28 20 31 17 23 27 21 31 19 28 0 16
9 8 28 33 10 19 15 18 31 17 7 0 45
7 15 28 24 12 14 28 13 12 8 13 0 33
4 19 16 15 26 15 32 24 7 23 15 0 16
4 8 30 18 19 28 22 24 14 12 22 0 18
2 12 16 16 20 33 22 13 17 7 31 0 10
6 22 20 22 29 7 28 18 32 29 11 0 30
6 24 21 20 25 28 15 28 13 31 26 0 26
7 14 11 28 23 32 33 8 15 26 33 0 31
10 13 22 17 12 30 21 19 14 21 25 0 49
3 14 16 30 10 14 14 19 13 7 13 0 11
4 29 13 21 8 20 12 7 11 25 21 0 19
8 20 26 7 7 32 30 8 22 15 28 0 38
10 13 19 14 16 18 20 10 20 30 20 0 46
8 22 10 30 17 32 26 27 21 15 16 0 38
4 25 8 7 20 23 9 7 16 27 10 0 17
9 23 23 16 27 27 21 31 31 33 25 0 42
9 28 30 11 26 24 12 12 17 13 8 0 41
4 16 13 33 14 22 9 9 15 29 20 0 19
8 15 31 19 15 25 9 8 28 26 11 0 40
7 17 25 28 14 31 28 7 24 12 10 0 33
5 20 30 30 24 10 31 14 13 27 11 0 24
8 13 22 12 10 23 29 27 28 12 9 0 39
6 26 30 28 29 7 25 30 14 14 33 0 30
10 12 16 21 33 28 21 8 17 11 26 0 49
5 7 11 31 16 15 16 14 18 32 16 0 23
7 23 25 11 7 26 30 12 27 24 10 0 35
6 25 20 30 21 32 30 10 14 12 20 0 30
9 30 31 23 7 26 21 13 22 32 27 0 44
7 12 16 28 19 11 33 14 27 30 16 0 34
5 10 23 17 28 11 28 10 32 31 31 0 25
7 28 9 10 7 27 18 19 23 19 31 0 33
7 18 19 30 18 25 22 33 32 23 21 0 31
10 25 16 18 17 9 23 28 24 24 24 0 48
4 13 21 24 18 26 22 18 15 12 30 0 17
6 28 20 24 12 23 15 8 14 26 20 0 26
6 28 25 30 19 24 15 12 16 20 31 0 29
7 27 32 9 12 29 14 32 10 12 20 0 34
6 23 23 32 7 32 31 27 18 30 21 0 26
6 23 14 19 7 23 8 22 27 16 27 0 29
6 30 11 13 18 11 17 14 27 18 17 0 29
8 29 26 17 25 13 29 18 24 20 26 0 40
5 18 19 17 33 27 14 7 23 25 11 0 22
9 9 19 31 17 24 25 13 23 13 7 0 41
3 14 13 11 23 19 27 14 27 22 32 0 15
7 9 29 30 23 27 20 20 9 27 16 0 35
9 23 27 17 27 26 15 8 16 20 9 0 43
5 32 24 29 31 32 22 19 31 22 26 0 23
2 28 29 21 21 20 24 18 20 16 29 0 10
10 12 25 11 12 16 10 21 31 30 12 0 47
8 30 7 21 14 18 16 20 15 19 29 0 39
6 17 9 17 27 33 23 10 33 31 32 0 27
7 16 18 18 26 24 25 25 28 25 23 0 31
5 22 20 30 25 14 15 33 33 10 13 0 25
6 27 25 10 7 33 21 7 22 21 20 0 26
5 21 27 11 21 29 25 23 13 23 21 0 25
5 9 11 27 27 27 20 17 9 15 18 0 21
5 23 15 19 9 19 11 18 16 11 18 0 22
3 17 20 7 27 13 30 23 25 18 22 0 13
4 19 33 20 27 26 25 27 18 24 32 0 17
4 16 25 12 19 29 31 10 14 26 32 0 19
6 20 7 24 19 15 31 23 22 11 8 0 28
7 10 9 15 21 23 17 19 17 20 18 0 35
9 7 29 22 23 20 7 17 21 16 10 0 44
7 9 17 20 23 33 14 28 33 19 21 0 34
9 19 18 22 20 21 25 32 33 20 30 0 41
6 17 30 22 13 21 29 19 7 22 13 0 28
4 33 15 11 14 17 33 27 33 8 32 0 18
8 8 30 27 14 28 31 27 14 22 20 0 36
6 10 26 25 22 27 32 23 32 31 18 0 29
7 20 33 18 11 23 32 8 8 11 23 0 34
7 9 32 20 11 23 14 27 27 12 13 0 34
4 13 21 23 22 29 23 8 26 27 10 0 19
9 18 19 33 9 11 12 25 21 27 14 0 44
5 29 9 21 13 33 21 18 16 27 14 0 22
3 7 14 16 11 18 33 15 15 13 10 0 12
8 26 25 20 8 30 28 31 28 21 17 0 37
4 16 24 11 7 26 25 24 9 25 20 0 18
4 9 21 23 13 22 18 11 17 28 15 0 16
6 19 20 20 24 18 19 17 17 17 31 0 26
8 16 32 32 13 25 12 17 7 19 7 0 36
9 24 19 19 30 11 27 25 14 31 30 0 41
9 32 13 24 15 22 18 14 18 32 28 0 44
10 17 19 30 7 9 7 28 32 11 26 0 47
10 31 11 23 18 31 23 32 25 26 19 0 50
5 28 24 19 15 19 22 15 22 10 11 0 24
9 9 13 20 25 27 31 16 32 12 30 0 41
4 28 31 29 21 10 16 9 23 15 24 0 17
5 13 22 12 17 10 8 20 29 22 8 0 22
7 17 27 9 31 8 19 17 21 14 29 0 31
10 13 11 24 17 15 19 28 22 9 31 0 49
5 9 32 22 18 8 13 26 28 31 12 0 25
7 8 24 28 28 7 33 7 21 22 8 0 31
8 31 12 8 26 7 19 13 22 16 17 0 37
3 27 13 23 17 10 21 22 25 32 25 0 11
6 18 31 18 19 15 32 25 22 31 10 0 27
5 21 28 7 8 32 16 29 13 18 7 0 24
6 31 9 23 14 25 26 33 7 28 25 0 27
10 23 7 30 16 12 15 10 21 19 28 0 50
3 11 18 10 7 32 27 21 7 11 25 0 11
9 11 15 28 32 10 11 13 33 14 25 0 42
4 24 28 27 11 29 12 7 17 8 7 0 17
5 24 23 23 8 11 32 19 23 29 29 0 25
8 31 16 10 22 22 8 20 14 22 15 0 39
3 13 27 15 8 13 33 19 7 17 32 0 15
4 18 27 30 19 12 33 27 25 24 25 0 16
6 19 33 29 16 29 11 16 23 19 33 0 30
5 32 16 15 20 22 20 29 14 33 20 0 22
9 16 8 28 25 27 32 10 14 11 28 0 43
6 32 30 31 19 16 29 22 26 19 8 0 27
10 10 8 8 13 17 23 31 12 12 9 0 47
7 33 20 30 13 32 17 13 24 10 20 0 34
9 32 18 17 13 26 32 19 8 8 27 0 43
8 30 11 24 25 28 12 8 30 19 29 0 38
4 23 9 27 22 13 29 33 27 16 17 0 17
8 29 17 22 31 17 23 27 14 28 22 0 38
5 10 32 26 19 33 24 8 9 9 26 0 24
8 7 27 25 13 11 10 15 33 12 21 0 40
3 25 22 25 9 20 8 28 22 22 22 0 13
8 28 26 8 7 28 7 7 21 15 12 0 40
9 21 30 10 11 18 11 25 20 25 10 0 45
5 12 9 12 29 16 8 33 32 27 24 0 23
4 28 22 29 28 8 22 25 17 24 10 0 19
5 16 24 14 14 19 19 18 23 30 13 0 22
8 33 11 26 10 32 18 10 21 10 16 0 37
6 26 10 29 22 18 7 22 16 26 19 0 29
7 9 25 18 21 13 26 18 33 31 10 0 35
10 18 31 29 12 7 7 27 11 24 27 0 49
10 15 13 32 15 25 12 7 29 33 17 0 46
10 15 10 12 11 22 23 16 29 30 18 0 48
7 11 29 26 32 25 12 24 17 9 25 0 34
2 20 30 21 12 16 11 8 7 29 7 0 10
9 15 10 25 9 32 25 11 16 16 17 0 45
5 19 27 29 26 13 32 33 12 28 7 0 24
8 12 11 24 14 24 19 26 12 28 15 0 37
7 9 25 20 28 25 27 18 19 17 18 0 32
5 24 24 12 15 21 17 19 17 25 18 0 25
7 22 8 27 31 23 25 18 29 10 31 0 33
4 21 20 13 10 29 14 21 8 15 9 0 17
3 20 16 15 7 13 15 17 19 19 13 0 12
6 16 9 10 29 31 12 17 8 20 33 0 26
7 17 11 32 24 11 29 8 26 32 30 0 32
3 7 29 32 13 28 12 32 10 12 28 0 14
3 15 23 21 20 8 23 7 30 15 20 0 13
4 12 7 30 8 24 12 21 29 13 15 0 17
9 12 20 32 30 9 8 21 9 10 27 0 45
3 18 14 11 26 25 10 7 33 30 23 0 15
7 19 7 25 24 24 23 17 29 29 15 0 33
3 12 33 21 10 17 29 25 29 21 29 0 15
10 21 27 25 25 25 12 20 16 17 22 0 48
3 16 16 11 22 9 11 32 26 9 26 0 14
8 15 14 15 16 26 14 25 26 18 14 0 40
10 14 27 10 20 21 32 29 33 19 9 0 50
6 16 20 9 10 13 19 31 13 18 32 0 29
7 26 20 17 33 22 17 21 30 33 7 0 34
10 11 22 33 22 29 20 12 8 22 33 0 47
10 31 26 28 26 16 15 22 17 12 32 0 48
3 11 15 22 13 20 8 31 31 7 15 0 11
7 24 32 24 11 32 10 20 28 27 15 0 33
6 32 19 13 16 7 20 19 12 16 9 0 29
8 17 18 17 21 31 27 10 31 25 27 0 37
3 29 27 24 19 18 29 9 25 33 13 0 15
7 32 19 22 12 8 7 15 8 30 10 0 31
6 19 13 19 23 24 28 20 17 17 23 0 29
6 14 22 22 16 15 21 23 16 25 26 0 29
10 14 25 19 8 31 26 20 9 13 14 0 47
3 11 27 28 10 19 8 30 21 30 15 0 11
4 27 29 23 16 22 25 23 25 32 21 0 20
10 7 27 8 16 9 21 29 28 8 13 0 48
5 9 15 22 9 24 15 30 11 13 14 0 23
10 18 27 12 17 26 13 18 9 24 31 0 46
6 29 9 32 9 23 19 27 14 8 10 0 28
3 21 17 7 18 20 20 26 21 9 18 0 11
5 17 11 7 15 21 16 9 14 11 14 0 23
6 21 13 20 28 7 30 31 25 27 30 0 29
5 32 19 25 20 13 25 28 7 15 11 0 25
4 16 10 26 12 31 9 27 30 28 11 0 20
5 16 15 30 20 23 11 19 16 8 33 0 25
3 8 32 11 23 32 30 31 8 9 29 0 15
10 27 23 18 14 32 22 20 19 30 15 0 49
7 33 20 30 19 33 10 29 9 24 9 0 34
4 33 10 26 8 13 25 23 18 27 22 0 20
8 24 13 23 32 14 10 33 24 18 10 0 36
7 16 11 23 11 18 21 12 21 9 32 0 31
9 28 11 9 12 27 25 31 23 9 17 0 42
3 14 8 14 28 27 30 18 18 24 32 0 14
10 31 23 30 33 14 27 9 8 29 25 0 46
6 33 19 31 11 18 33 25 24 21 33 0 30
9 8 24 10 30 15 16 32 7 18 14 0 41
6 14 28 24 20 26 14 13 22 25 14 0 28
4 7 18 21 18 31 21 17 27 32 14 0 16
10 9 12 28 9 30 18 30 9 17 18 0 47
4 15 24 33 23 14 18 8 33 32 7 0 16
4 26 16 27 25 17 18 20 16 16 20 0 17
2 22 15 19 23 12 21 29 14 32 15 0 10
7 19 9 30 16 24 31 24 27 30 32 0 32
10 10 14 23 19 8 32 13 10 17 15 0 47
5 29 25 11 17 32 7 9 29 32 21 0 23
6 18 27 29 7 15 22 12 24 23 26 0 30
9 25 19 29 12 12 32 20 25 17 12 0 45
6 15 13 10 26 8 27 21 8 30 12 0 28
3 23 31 31 18 15 25 19 7 30 33 0 15
9 15 14 31 7 8 33 28 16 29 28 0 45
6 12 21 12 15 16 15 16 32 14 15 0 26
6 28 20 19 27 30 22 14 13 31 29 0 27
7 22 29 13 13 9 16 33 10 22 25 0 35
5 11 9 27 28 26 22 23 29 23 18 0 22
5 8 13 19 7 21 28 22 33 19 20 0 24
7 28 25 26 31 17 21 12 24 8 16 0 32
7 31 33 10 27 17 25 27 7 15 8 0 31
3 29 7 7 31 22 12 21 14 33 24 0 15
6 24 31 31 14 28 32 19 10 8 26 0 26
3 32 22 23 15 30 10 23 25 21 26 0 14
7 8 20 10 16 13 25 22 23 14 33 0 33
7 32 21 17 24 31 10 24 17 25 29 0 31
6 30 26 15 28 13 9 30 16 26 15 0 29
3 29 31 15 21 21 18 11 10 22 21 0 14
5 26 14 14 12 31 21 20 10 15 10 0 21
6 7 24 9 8 28 25 22 20 18 25 0 28
3 15 21 26 28 33 24 9 25 17 16 0 11
8 16 12 31 14 25 13 20 30 24 30 0 39
9 28 30 27 19 8 19 23 9 8 10 0 43
3 11 32 11 25 29 24 19 23 31 14 0 13
4 24 22 26 20 17 28 33 12 33 11 0 18
10 21 25 28 7 28 13 8 23 18 11 0 48
5 13 29 15 22 9 22 9 29 27 13 0 21
4 27 32 16 27 29 20 22 7 9 8 0 17
4 8 30 30 19 32 8 25 10 20 21 0 20
8 22 20 25 8 12 24 11 25 32 23 0 39
6 8 15 17 10 21 22 27 17 31 18 0 29
2 10 9 14 20 18 14 13 16 10 21 0 10
9 24 30 11 28 12 10 29 24 9 12 0 41
5 31 17 32 25 26 32 33 14 16 17 0 22
6 16 28 16 18 28 26 9 10 21 18 0 27
3 31 30 13 14 22 28 25 26 22 19 0 15
10 13 18 26 31 20 26 29 28 22 26 0 50
10 28 9 15 17 25 12 13 9 19 27 0 46
4 24 29 16 32 17 27 16 14 33 16 0 16
7 13 18 25 14 21 23 19 13 18 11 0 34
7 20 23 13 27 15 30 14 29 27 32 0 34
8 20 21 21 13 13 28 11 31 20 27 0 37
4 14 25 32 8 19 11 7 14 21 19 0 18
6 33 17 21 21 17 12 18 14 18 11 0 29
10 13 15 20 25 30 28 33 23 30 18 0 48
7 10 17 32 29 25 20 12 17 18 28 0 35
8 8 32 32 21 18 27 11 21 28 29 0 38
8 14 31 22 11 31 25 12 29 11 32 0 38
7 23 10 8 12 28 32 7 17 25 25 0 31
10 27 31 13 23 15 31 8 23 24 19 0 46
6 21 20 25 19 23 25 12 25 17 22 0 27
10 33 28 28 28 21 14 24 28 28 19 0 48
4 13 9 19 12 18 8 26 10 17 26 0 19
7 13 18 20 24 14 14 24 29 10 30 0 35
2 24 30 14 7 30 31 26 27 14 20 0 10
4 12 18 29 14 25 17 26 33 16 27 0 16
7 17 14 16 18 21 27 24 33 20 29 0 33
9 29 29 33 7 17 13 27 14 9 20 0 44
5 17 16 12 17 33 8 29 19 19 29 0 22
8 24 23 14 13 16 9 28 16 19 11 0 39
8 25 21 9 25 32 28 13 13 12 24 0 39
5 24 32 12 22 10 9 25 15 10 32 0 24
6 32 20 9 24 7 12 25 10 11 26 0 26
6 7 10 17 21 27 25 27 29 24 22 0 28
10 9 13 32 19 24 16 19 8 24 32 0 49
6 25 9 27 21 12 32 8 23 32 24 0 30
10 17 29 10 12 13 17 30 31 12 23 0 48
10 15 8 11 30 7 9 16 10 13 23 0 46
10 25 32 33 29 31 10 21 10 30 26 0 46
9 28 12 7 26 28 29 23 23 16 28 0 43
4 12 21 24 11 32 20 26 25 20 10 0 18
4 12 33 32 28 17 11 32 30 17 32 0 18
4 14 19 20 8 23 27 7 13 26 10 0 17
5 9 8 23 20 33 7 18 7 24 15 0 25
4 31 16 8 14 27 23 19 7 28 22 0 18
3 24 11 23 31 25 19 27 8 30 32 0 13
5 17 16 13 11 18 12 7 26 30 32 0 25
5 24 14 25 28 17 11 19 14 32 23 0 24
6 33 32 9 10 13 10 28 12 25 23 0 28
10 8 24 23 17 7 11 16 10 21 30 0 49
6 17 23 14 26 7 20 14 8 10 13 0 30
5 15 23 15 12 10 29 26 28 12 14 0 25
8 7 17 10 16 26 16 29 7 23 15 0 38
9 33 15 19 12 8 8 23 14 24 13 0 45
9 8 9 24 23 13 25 18 8 31 25 0 43
5 24 30 14 23 19 20 19 30 29 9 0 23
8 15 32 23 7 12 20 31 30 12 28 0 36
3 23 16 7 15 29 12 24 27 18 26 0 11
8 12 23 23 23 18 31 16 11 17 23 0 36
6 31 22 33 27 30 18 32 14 22 27 0 26
6 31 17 17 17 14 33 26 29 20 15 0 29
8 15 27 15 11 23 30 18 32 16 33 0 39
3 8 12 20 10 24 13 27 30 24 21 0 12
8 19 18 29 16 30 23 12 14 24 24 0 38
10 7 22 28 26 18 28 17 32 10 12 0 47
8 10 32 12 28 14 9 9 25 31 19 0 39
2 18 24 32 23 17 13 16 10 15 7 0 10
3 14 33 11 22 27 20 24 25 14 11 0 14
5 26 27 14 31 16 9 32 10 18 31 0 21
9 13 32 20 32 22 17 32 18 22 25 0 42
9 26 21 12 33 9 29 14 21 30 24 0 43
10 27 25 29 29 21 11 23 30 28 14 0 47
8 20 10 28 33 19 26 13 14 28 12 0 37
8 19 29 28 19 12 19 30 20 14 26 0 38
7 20 30 7 28 11 22 15 9 26 24 0 31
4 29 23 15 11 13 17 11 31 22 11 0 16
4 18 16 30 16 12 15 20 14 14 12 0 20
4 31 27 12 17 9 20 20 29 29 22 0 17
121 86 91 103 111 85 97 88 97 121
108 126 157 161 196 212 234 259 273 284
119 126 159 174 196 202 232 260 276 295
119 125 147 175 181 200 232 241 271 290
115 139 145 164 183 220 227 246 272 300
107 139 140 161 195 218 240 253 265 292
113 136 140 174 192 200 225 243 274 285
105 135 157 178 183 211 232 245 275 288
106 124 143 163 196 207 230 249 278 291
103 121 142 164 197 218 235 250 276 300
114 134 157 165 194 210 227 254 272 287
105 123 156 161 199 220 226 245 268 286
101 125 146 163 181 206 239 242 274 286
111 128 158 161 190 215 233 241 275 294
102 120 145 169 197 218 229 259 280 298
112 123 146 164 197 205 234 245 278 290
103 126 150 176 190 217 224 245 273 292
105 129 153 169 193 216 231 258 266 293
110 126 148 162 191 205 227 249 265 286
118 123 148 160 180 218 237 253 262 290
102 135 158 166 197 208 226 253 261 292
108 129 160 171 185 202 239 259 276 287
104 137 155 171 192 214 224 245 273 288
108 128 145 172 186 214 224 254 272 286
102 121 157 166 181 219 233 248 260 284
107 136 141 160 183 209 237 255 261 293
116 130 142 167 187 200 229 254 263 297
104 128 143 169 186 210 232 247 265 283
110 124 146 175 192 201 225 255 260 293
111 135 151 164 190 206 238 256 271 285
118 129 140 170 181 218 226 245 263 296
100 134 150 165 189 207 224 260 269 284
109 136 145 174 186 206 227 252 266 282
107 125 140 180 192 210 228 254 270 293
115 135 141 167 197 217 226 249 268 284
120 122 143 173 197 200 238 241 261 295
108 129 148 176 195 216 231 253 265 294
114 126 154 163 193 218 239 253 274 289
100 127 148 171 190 212 238 254 277 287
108 137 140 178 194 213 230 250 277 300
117 125 145 167 181 209 235 242 275 281
116 121 144 165 187 203 240 260 278 289
104 123 152 160 185 217 231 255 274 290
120 125 144 166 196 201 230 252 278 299
101 125 145 172 182 211 237 257 274 292
110 127 160 164 185 201 229 253 265 292
107 139 144 173 188 213 233 247 261 289
102 135 158 163 196 206 236 245 271 281
111 134 141 163 180 216 240 246 271 293
115 132 159 169 187 206 220 244 261 293
111 127 147 164 196 204 223 242 277 296
111 137 140 172 192 214 236 249 267 284
105 139 141 174 187 205 237 256 273 285
113 132 156 164 181 200 237 253 277 295
120 137 159 180 189 212 233 241 266 298
100 130 142 161 184 201 233 246 276 285
116 132 160 179 198 213 239 257 278 285
111 131 160 170 181 219 226 241 278 295
102 139 154 171 196 203 226 245 270 300
112 131 157 171 197 220 231 240 262 299
119 126 143 171 186 220 240 241 276 295
101 140 141 169 189 201 237 257 263 281
115 123 142 167 194 202 237 247 275 291
102 128 148 172 199 217 230 258 279 294
106 133 146 160 187 203 229 249 268 285
116 135 140 171 197 208 225 253 275 293
108 129 158 175 198 219 236 250 280 300
109 128 151 165 183 204 238 254 270 283
108 137 144 165 198 205 229 259 262 281
115 130 159 175 186 210 224 241 278 291
106 130 140 172 190 212 224 247 272 296
116 138 155 175 185 211 235 253 260 298
116 124 147 162 184 218 237 247 269 282
103 124 140 172 181 220 231 248 264 289
110 128 145 170 196 214 236 240 272 282
110 130 156 177 189 218 234 240 269 291
113 132 151 180 187 215 238 258 263 284
120 134 145 164 200 212 220 251 264 295
111 137 154 173 185 200 227 254 266 280
115 122 145 170 191 200 232 241 264 291
100 139 151 161 185 201 238 249 278 296
117 120 147 165 187 218 236 243 269 296
102 131 151 175 195 211 228 253 260 291
100 132 159 179 184 206 234 259 276 285
116 124 141 179 186 212 239 246 275 299
116 125 147 179 182 218 225 248 260 294
115 129 153 168 200 210 229 248 269 280
115 127 152 174 194 219 227 253 273 295
114 129 151 174 186 218 239 253 266 290
105 133 155 165 192 217 229 255 265 281
117 120 150 163 187 201 221 249 271 285
118 130 155 173 189 214 236 249 277 291
116 129 144 174 186 200 235 255 275 283
117 125 141 178 190 210 226 249 262 296
101 138 143 165 186 219 220 249 268 285
100 121 153 174 198 205 234 240 272 281
117 125 144 179 189 212 231 247 264 287
105 128 147 166 199 205 220 242 264 289
101 131 147 177 198 219 234 241 275 298
104 131 144 177 182 205 239 258 270 290
116 137 153 168 182 213 234 241 278 291
103 137 160 173 186 203 235 246 262 291
100 128 154 173 198 202 224 242 280 294
111 132 140 166 182 205 220 254 269 299
112 137 143 171 189 202 238 243 271 282
104 139 158 171 184 210 236 246 274 292
117 122 149 178 180 211 228 256 261 281
105 131 141 170 198 208 235 258 264 293
105 122 145 180 199 200 236 252 274 299
107 124 143 178 190 206 239 257 263 294
119 125 153 175 190 214 229 257 273 300
113 136 159 177 189 210 240 250 261 284
114 139 160 175 187 207 226 256 266 291
100 127 157 168 180 202 228 240 280 299
111 139 140 168 197 216 226 245 271 293
111 131 159 162 196 212 221 259 268 293
107 124 160 166 190 200 224 246 268 288
103 125 144 179 194 201 236 258 270 282
112 125 142 169 189 214 229 258 273 290
108 121 144 171 181 204 221 247 261 295
110 130 153 172 200 208 222 243 263 283
101 122 151 160 197 220 227 260 278 292
103 127 142 178 196 210 236 248 267 280
108 122 143 174 194 217 237 250 273 291
105 125 159 165 181 204 230 240 261 298
110 126 145 174 200 217 227 251 269 297
115 135 155 169 199 202 230 259 277 284
118 134 152 176 197 210 229 253 272 290
113 123 141 172 186 209 221 256 272 281
107 129 144 163 200 216 237 252 274 298
114 122 150 176 196 210 226 257 278 293
120 120 150 164 191 203 221 253 280 289
111 135 157 170 193 203 223 260 268 281
113 125 159 166 186 201 227 240 261 290
116 139 144 160 197 206 224 249 272 298
109 128 142 163 199 205 221 257 280 292
111 128 146 172 196 209 224 256 278 286
110 135 143 178 187 208 225 248 273 296
107 120 151 164 180 217 238 260 262 295
120 137 160 160 191 206 226 251 279 287
116 131 151 172 183 212 240 243 262 281
105 125 146 176 190 204 239 255 265 295
114 121 145 172 182 209 233 257 270 295
110 139 144 160 194 202 238 250 268 285
114 133 146 179 190 220 231 250 280 299
104 126 146 179 183 207 224 258 276 290
119 136 142 164 184 201 235 247 267 299
106 132 147 165 186 208 238 246 270 282
108 128 147 161 180 203 229 245 275 287
120 136 156 169 194 207 224 246 266 294
109 138 151 173 180 205 223 253 264 295
115 131 142 166 191 211 230 247 262 281
108 121 147 178 193 217 233 254 269 297
100 139 142 162 183 202 229 243 269 285
102 140 142 179 180 220 230 250 267 284
120 128 153 163 193 212 228 248 264 295
100 130 159 173 196 206 228 259 268 288
114 132 150 169 190 218 220 243 271 286
120 122 141 176 182 208 227 244 266 293
103 130 140 170 197 201 235 246 267 290
104 129 152 163 193 204 230 259 274 286
100 125 148 171 189 209 230 245 274 293
117 130 149 175 195 219 225 255 263 284
120 130 150 179 192 206 226 249 269 286
100 129 148 161 185 218 221 253 262 286
103 139 153 177 188 200 224 249 279 282
111 121 159 161 189 204 231 253 280 286
104 133 160 165 185 203 231 257 277 287
108 140 154 170 184 205 240 259 271 292
118 136 148 169 194 219 234 241 268 292
101 140 152 160 181 203 226 257 266 297
100 120 147 162 184 209 227 259 265 294
116 130 160 178 191 215 234 249 267 299
114 139 143 170 183 218 229 257 266 300
105 134 153 175 196 216 236 241 275 299
116 132 143 172 183 214 222 240 266 288
117 133 155 161 197 203 228 243 276 292
109 135 160 164 184 216 227 249 260 288
117 130 157 170 186 206 235 248 261 284
106 136 145 168 180 216 228 259 262 290
102 121 156 163 183 205 237 244 262 292
120 125 156 167 185 217 234 249 268 292
101 122 155 161 186 203 231 243 273 300
101 124 156 169 190 213 221 247 275 280
100 140 155 177 181 203 232 241 279 281
100 123 141 171 185 219 227 248 279 292
107 121 155 174 197 212 238 244 277 293
118 121 159 177 198 204 225 260 277 287
118 128 142 178 195 206 223 246 272 295
107 122 150 167 190 207 225 244 269 281
110 121 143 168 184 219 223 253 268 288
102 130 146 179 187 217 222 241 262 288
116 121 154 161 189 211 240 256 274 290
114 128 147 176 185 211 222 260 270 287
107 134 155 170 187 208 224 254 262 295
115 124 142 180 188 211 239 254 267 294
120 139 151 180 197 220 230 253 265 297
119 129 141 166 195 214 231 241 270 282
106 128 159 166 190 201 224 260 268 283
108 125 156 175 197 210 232 247 265 288
103 136 144 174 192 212 234 257 268 299
116 129 145 171 197 214 224 240 268 287
109 123 157 166 190 201 220 243 278 288
112 120 145 179 182 202 227 253 265 287
108 130 147 177 180 219 229 258 267 284
114 120 143 164 188 208 235 251 278 285
113 124 149 173 181 219 230 251 277 280
114 134 145 176 187 219 222 258 266 300
117 126 155 161 185 206 230 255 267 287
106 120 154 167 191 219 228 258 264 286
113 140 150 167 193 204 223 250 279 298
111 123 155 165 184 203 234 255 269 296
105 134 146 165 195 216 233 246 268 285
118 129 144 173 195 211 221 247 265 284
106 121 159 162 197 208 220 260 275 287
109 133 160 176 200 202 223 256 275 287
102 123 159 178 195 201 229 260 273 289
110 126 160 177 181 201 231 246 272 290
108 129 150 172 188 204 240 241 265 290
120 140 149 168 199 207 238 244 263 292
112 138 157 170 186 200 223 255 270 286
113 132 148 175 195 200 229 250 268 295
100 135 142 174 183 216 221 254 271 283
105 121 141 168 187 215 233 245 264 285
102 137 142 160 183 207 239 247 261 295
109 125 154 169 191 217 226 244 275 299
114 138 146 180 200 201 221 257 278 280
104 126 141 180 190 213 234 242 273 298
104 140 147 176 185 210 240 255 269 299
103 137 160 174 184 213 234 248 271 297
111 135 149 180 187 212 235 247 278 295
118 125 151 169 198 216 220 256 263 298
101 128 148 178 194 213 232 242 274 283
103 126 155 171 186 211 236 248 267 300
110 139 151 173 198 201 238 240 262 282
107 120 142 160 195 204 230 256 277 291
120 139 151 165 198 200 231 250 263 284
100 121 160 174 199 209 227 250 261 289
112 122 151 171 188 216 224 246 273 285
117 140 148 168 183 216 235 251 267 282
114 139 160 163 197 213 222 240 273 296
109 133 158 160 187 216 240 257 263 293
105 124 150 172 194 203 234 244 280 298
119 131 146 164 190 212 223 246 271 285
115 123 146 169 183 204 226 244 272 281
111 126 154 168 197 208 224 245 267 288
115 122 149 167 188 215 233 240 262 282
117 130 156 168 195 201 231 257 272 295
120 129 146 167 183 200 231 255 271 295
116 128 151 172 185 214 231 259 274 299
116 138 155 169 191 209 240 241 276 289
108 122 152 171 192 211 224 258 278 299
109 127 158 166 184 214 222 260 275 297
116 124 144 167 193 200 237 242 267 299
109 124 155 172 196 207 230 251 270 288
117 131 154 174 182 215 232 252 266 292
113 122 144 163 185 201 237 257 263 290
118 123 154 162 193 217 236 255 262 299
114 139 156 174 193 208 232 243 277 298
110 121 140 169 189 203 223 247 278 299
109 140 153 165 193 215 232 250 271 283
107 123 146 162 188 208 225 260 268 292
101 136 143 168 199 215 222 257 272 287
116 135 141 167 198 220 220 246 260 280
115 123 152 165 185 208 238 247 276 300
106 125 152 174 197 219 231 260 276 285
115 137 149 169 186 200 221 241 264 283
108 126 159 174 192 215 237 247 272 298
114 137 151 176 183 201 225 253 273 285
115 133 140 166 197 219 227 241 270 283
109 134 140 178 182 200 225 259 273 282
120 123 158 176 198 211 221 258 272 294
113 134 153 180 193 202 223 243 265 297
104 131 160 177 193 204 226 259 278 280
100 135 157 173 183 205 235 258 264 286
112 139 158 165 191 214 232 259 267 299
116 129 155 170 190 214 232 255 264 298
104 125 152 164 193 200 229 254 271 291
102 137 160 170 198 211 230 254 278 297
101 133 144 178 183 218 223 252 261 295
100 120 154 174 193 212 227 248 262 297
120 128 152 172 198 202 222 258 261 295
100 138 158 174 181 204 234 249 265 289
115 140 154 170 200 211 223 251 280 298
104 123 149 165 180 208 222 249 275 298
113 135 157 166 185 210 222 246 280 293
114 140 145 178 184 204 237 252 276 285
112 126 145 174 189 217 226 253 267 287
119 138 156 174 189 219 239 249 263 282
113 124 155 171 180 214 224 249 261 289
108 127 146 165 193 208 235 250 274 283
112 133 146 160 188 207 232 241 265 296
105 126 150 174 196 205 237 248 261 300
102 138 142 164 186 215 239 255 263 297
108 132 157 172 193 201 224 241 274 281
118 123 156 178 187 214 236 258 272 291
120 123 156 174 184 220 230 255 274 293
117 128 143 164 196 211 235 258 262 296
115 129 155 177 197 205 232 251 269 286
114 140 156 175 189 206 226 254 262 295
105 138 143 165 191 217 232 246 280 290
105 129 148 170 197 203 224 240 264 290
120 137 150 178 194 218 238 252 268 281
110 127 158 168 191 212 240 255 271 287
120 136 144 162 186 203 225 252 279 283
113 125 146 174 185 219 221 257 265 293
113 125 142 174 189 202 221 240 273 300
106 127 156 177 181 215 226 254 279 290
107 123 159 168 197 212 223 242 274 288
117 126 149 176 191 215 230 252 260 298
117 120 143 165 194 211 233 244 273 290
112 120 148 168 180 207 221 257 277 289
120 129 154 161 195 208 221 246 273 289
116 122 154 165 195 214 224 250 265 284
105 129 142 179 184 205 225 243 274 287
119 122 150 160 183 205 227 243 276 286
118 133 151 160 182 202 233 245 265 299
114 131 155 166 196 213 227 251 280 294
106 134 150 161 185 207 223 251 271 291
117 130 158 160 190 202 225 241 276 298
120 135 150 161 193 204 233 256 272 286
118 137 141 163 186 219 236 247 272 284
109 130 144 175 185 208 234 243 273 300
115 137 156 168 196 202 239 240 277 285
110 135 140 160 196 220 221 250 280 292
113 127 159 177 193 217 225 246 268 298
116 134 151 177 180 217 238 246 268 293
104 127 158 161 190 208 236 242 265 299
110 131 148 169 187 203 224 258 263 289
120 126 155 168 180 212 230 257 278 288
106 124 151 160 194 200 234 245 268 282
105 122 147 173 188 205 234 249 260 285
120 128 155 163 197 206 224 247 270 293
118 140 152 168 185 204 234 256 275 299
104 132 151 174 195 203 226 250 260 292
116 122 152 173 182 214 226 249 269 291
107 124 158 170 197 217 230 241 263 280
110 135 144 177 193 200 235 254 264 280
106 121 146 168 191 202 237 247 280 291
103 133 155 178 195 214 233 242 269 291
107 120 146 164 180 215 236 257 271 290
117 134 145 175 182 208 232 242 275 283
109 120 141 175 199 219 222 260 264 298
110 125 155 169 183 213 226 250 280 284
113 127 156 167 194 215 226 248 278 282
101 124 150 164 192 215 238 240 263 286
106 129 142 163 196 207 221 254 260 288
115 130 153 160 192 217 229 248 272 284
114 123 149 173 193 205 240 245 272 282
102 139 148 171 190 213 232 260 280 283
107 136 160 162 180 214 221 252 268 282
115 129 143 177 195 215 229 249 263 296
106 120 145 177 189 203 231 240 280 297
105 122 142 168 192 218 225 251 277 300
119 134 154 179 196 213 226 255 264 281
110 129 144 160 199 204 223 260 272 289
100 134 140 162 184 214 233 259 277 287
118 133 146 162 196 213 223 249 277 287
107 124 151 169 200 215 224 251 262 298
116 138 157 180 200 214 229 240 260 293
105 120 145 175 184 213 237 254 272 286
112 135 141 171 187 213 236 247 263 299
109 133 155 161 196 207 224 246 267 288
107 136 152 178 181 213 235 241 263 293
100 128 154 171 180 208 233 256 273 291
100 140 146 177 200 218 220 249 280 299
119 126 147 163 182 200 220 260 277 284
102 137 146 167 199 209 229 257 278 285
104 130 144 176 188 212 224 260 280 293
100 137 141 160 185 207 223 251 264 290
117 128 146 165 183 201 224 258 268 290
108 127 158 173 181 206 234 244 273 297
112 125 154 176 195 216 230 248 264 299
118 139 145 173 186 215 238 240 262 293
120 121 145 173 186 203 234 254 277 283
116 131 159 170 200 212 223 259 270 283
108 130 148 169 189 208 234 246 261 286
112 139 147 165 187 217 222 253 260 290
104 125 156 174 182 215 228 247 269 287
107 123 144 168 195 210 239 248 269 300
102 136 157 160 200 220 232 254 267 298
110 126 151 177 190 207 229 257 277 291
117 126 160 170 184 212 238 254 272 291
109 138 153 169 185 212 222 240 280 292
101 139 151 178 182 212 239 240 265 293
106 133 158 161 200 220 230 249 264 282
106 139 144 169 192 204 223 241 278 297
117 126 154 162 186 218 236 256 263 291
118 140 154 179 194 201 221 251 267 288
110 132 159 172 189 220 238 253 268 296
119 125 150 170 196 200 226 259 268 290
112 137 141 160 193 208 239 260 268 280
105 126 154 177 198 211 231 251 260 291
114 140 146 163 195 203 240 255 279 297
113 134 153 164 195 218 220 251 265 291
112 129 157 174 180 201 231 245 279 291
114 126 154 160 181 211 226 240 265 286
118 137 142 168 194 214 238 254 271 297
120 126 154 171 200 208 231 244 273 294
119 120 143 160 193 207 227 254 262 294
101 121 159 162 181 208 221 243 261 292
119 130 149 163 193 216 233 247 267 285
106 123 141 166 190 215 234 258 261 286
104 136 158 170 191 206 231 256 273 293
119 123 152 175 188 207 228 253 267 287
120 124 142 173 183 214 226 249 277 296
100 128 156 167 194 220 221 256 260 295
112 137 155 162 185 204 239 253 271 297
114 129 159 166 196 201 226 258 277 296
103 123 158 177 190 203 238 249 265 300
103 139 158 166 184 210 224 259 263 297
117 123 149 177 184 210 226 243 263 282
113 130 158 173 190 200 220 240 269 295
119 126 157 165 184 209 220 241 264 281
115 126 141 176 187 218 238 241 271 294
116 132 153 176 200 208 236 246 264 298
100 124 151 177 200 216 227 251 277 300
119 137 144 176 194 202 225 245 262 288
102 139 160 171 184 208 239 241 272 281
108 133 152 177 193 217 228 240 270 284
100 123 152 166 182 208 230 254 279 293
106 132 149 163 190 215 228 258 279 285
111 127 150 176 193 218 235 249 272 287
101 125 142 163 188 209 220 247 260 290
102 136 152 180 191 213 231 259 267 291
101 139 147 178 191 207 224 241 278 286
117 124 156 177 188 214 240 256 268 286
105 129 150 163 189 203 224 248 268 296
111 132 149 164 182 219 235 249 266 295
115 122 155 164 195 201 235 240 271 281
109 135 150 179 197 220 229 255 277 292
106 130 143 180 185 208 238 240 276 294
119 122 151 168 195 213 232 253 274 287
103 124 146 167 200 210 220 259 269 280
118 121 155 178 200 207 240 241 273 299
116 124 143 179 186 220 234 250 274 297
108 139 142 175 184 214 232 247 268 294
112 131 145 174 196 207 220 258 267 299
112 120 148 172 185 211 236 253 278 291
101 137 142 177 181 211 239 245 262 300
120 121 145 167 193 212 232 253 280 300
104 122 155 161 180 201 222 259 265 298
117 126 141 169 191 214 222 243 275 286
118 120 144 173 195 204 228 260 269 283
109 129 149 163 186 214 221 240 280 289
100 126 142 173 187 216 229 258 279 296
108 121 144 176 191 210 240 251 279 284
107 125 159 179 183 206 225 244 277 293
118 125 141 176 188 205 236 244 272 290
100 124 154 165 200 213 231 241 261 299
119 126 154 179 200 207 232 256 263 289
102 139 141 160 198 218 220 253 273 280
116 135 152 173 186 215 230 250 273 284
117 127 154 176 182 208 226 254 271 281
118 127 160 178 182 216 235 248 270 286
111 132 145 165 190 205 220 245 280 286
118 120 152 172 188 201 240 256 278 287
112 124 160 175 191 204 234 242 265 295
119 140 148 168 195 208 231 252 269 294
107 120 143 169 191 220 239 248 280 293
113 134 150 172 194 204 230 243 265 287
115 139 156 176 190 209 220 259 271 299
107 127 146 168 193 214 240 248 269 296
101 136 150 161 186 209 224 253 264 300
113 127 144 161 180 211 238 243 272 286
102 136 160 170 193 208 235 260 279 282
118 130 154 171 189 204 225 259 271 283
105 130 153 162 188 214 226 244 275 290
120 121 154 169 189 213 238 255 262 293
108 120 157 165 186 208 225 245 274 285
120 140 147 167 199 211 240 241 271 286
101 138 148 179 192 211 238 256 276 282
102 127 140 160 195 215 224 250 277 298
108 137 151 167 188 214 221 253 260 280
117 130 151 176 185 205 221 246 277 281
109 125 146 164 184 200 223 246 276 294
119 132 156 175 194 210 233 242 274 294
112 127 144 172 187 212 231 242 277 289
103 137 145 172 182 213 239 246 266 283
104 124 153 173 181 220 225 249 270 293
112 131 149 178 192 218 231 248 266 295
106 125 160 161 190 210 236 244 273 280
110 123 153 169 194 212 235 254 279 280
111 140 158 171 198 200 238 242 274 300
115 128 157 164 199 214 238 248 277 282
120 140 148 170 195 213 237 260 277 292
105 132 147 161 185 209 232 241 262 298
110 123 158 172 193 213 229 255 277 296
100 124 148 178 186 215 234 260 265 294
112 124 153 177 199 214 233 260 270 292
116 130 158 166 182 204 220 241 262 290
111 124 146 174 182 206 233 258 276 284
105 135 153 173 188 208 233 260 268 284
115 125 148 160 182 209 223 248 272 286
105 127 160 173 194 207 227 257 272 280
112 131 144 178 197 203 222 254 268 284
117 122 155 180 194 210 234 255 266 284
112 140 153 177 185 210 233 248 271 282
117 140 141 175 183 218 236 259 266 300
118 125 149 170 185 203 234 240 265 292
119 131 141 166 200 202 238 240 272 283
109 128 149 161 194 203 230 260 276 299
102 137 157 175 199 201 225 250 268 285
108 133 158 164 182 206 221 240 279 288
111 136 158 174 182 205 236 253 276 294
111 124 156 167 194 210 226 242 278 285
100 124 149 160 191 220 238 257 275 282
115 130 149 177 193 217 232 249 261 286
113 127 153 178 191 212 220 259 277 290
117 140 155 170 195 216 229 255 262 285
107 138 142 168 194 214 234 244 279 297
110 121 149 165 196 206 240 245 280 299
115 124 160 173 184 215 236 245 262 285
101 129 158 174 183 210 240 260 274 282
115 122 151 169 191 207 240 259 274 284
102 129 141 165 184 208 231 242 271 291
106 134 155 168 188 211 237 241 267 280
119 139 149 175 183 212 232 256 267 281
101 137 140 160 186 216 236 245 275 295
108 136 157 178 180 210 225 254 266 296
104 129 150 173 197 217 233 250 270 290
113 124 143 165 194 210 238 250 272 288
112 137 158 165 180 201 236 240 275 282
102 127 151 176 195 207 234 246 277 284
118 127 149 168 195 200 239 241 265 291
119 131 159 168 181 214 231 248 279 288
113 135 159 176 184 200 240 256 278 289
107 127 145 169 185 220 225 249 274 297
116 131 146 175 189 203 226 259 266 293
107 124 159 168 190 202 225 255 265 280
114 124 158 164 192 215 225 248 279 299
119 135 144 165 196 201 220 252 271 284
110 130 143 165 192 200 236 260 273 291
118 134 154 171 195 211 238 260 267 289
120 140 147 169 196 207 235 257 276 299
106 140 140 166 186 206 237 244 263 292
120 138 157 173 181 214 230 249 275 299
114 136 143 174 193 217 223 257 268 284
110 120 150 174 200 208 240 252 279 293
102 129 159 165 184 216 236 249 268 286
108 124 148 172 195 219 233 243 276 298
112 131 144 179 188 220 231 259 273 282
101 136 150 160 194 204 232 242 268 299
107 131 141 173 196 213 228 247 265 297
106 130 152 180 192 215 234 248 271 280
115 122 148 162 185 216 239 251 265 299
109 129 153 166 191 201 234 246 279 288
119 137 141 165 188 204 233 248 278 283
108 136 150 164 197 209 228 256 261 285
115 121 145 169 182 205 224 257 277 300
110 130 159 163 187 207 235 251 263 295
119 134 160 166 194 220 232 242 272 294
104 124 159 160 185 220 236 252 266 291
117 126 151 166 186 208 240 241 267 282
110 124 157 168 182 213 238 246 260 285
111 135 153 169 186 207 236 246 275 293
114 129 159 180 199 211 226 257 271 288
111 130 151 173 199 214 220 243 280 296
101 131 160 164 197 217 225 249 264 283
112 120 159 162 196 217 238 255 273 300
107 132 151 169 200 205 235 253 275 294
102 140 156 174 186 214 229 250 267 295
108 133 160 169 190 215 239 251 271 297
111 125 147 174 184 201 239 242 263 295
101 128 149 163 181 200 220 254 269 281
115 140 158 173 181 204 229 244 274 289
102 134 146 173 196 210 226 251 278 298
119 129 158 175 190 208 226 255 273 295
104 124 158 169 183 216 233 243 276 281
105 133 144 171 182 200 221 250 280 282
103 122 140 178 198 215 239 253 280 290
108 133 144 180 184 202 223 251 278 281
108 122 159 173 192 218 237 243 265 288
120 137 150 161 199 205 229 249 269 288
106 120 149 170 180 207 226 241 269 282
106 129 142 176 200 201 227 258 270 283
117 124 141 163 184 218 236 260 265 292
117 132 152 173 180 214 222 252 260 285
111 121 150 165 181 213 221 249 275 297
117 131 154 162 199 211 232 257 264 284
105 140 151 164 195 216 230 255 274 290
113 125 148 175 198 214 237 240 265 296
110 126 152 179 184 205 224 243 270 295
104 130 145 179 198 203 223 260 270 293
117 139 153 172 196 214 220 242 267 292
117 140 140 179 184 216 234 240 273 289
104 132 149 172 186 219 233 260 279 297
102 133 153 176 186 200 228 260 279 299
111 130 140 160 194 210 234 256 271 284
117 122 160 179 192 203 234 241 262 293
111 122 151 168 195 203 230 259 270 281
103 126 152 178 196 213 234 259 264 281
102 135 159 177 199 211 231 254 268 293
116 123 140 167 200 200 231 259 274 286
111 130 151 173 180 204 233 258 266 298
107 139 159 175 182 211 238 246 277 293
119 134 145 172 190 214 238 250 260 282
116 136 148 178 196 218 227 251 264 289
114 135 149 161 180 212 234 240 279 290
106 132 143 173 190 213 234 243 275 292
120 139 156 180 198 201 220 245 266 287
111 124 142 166 188 207 223 249 279 293
105 126 141 171 182 212 235 243 264 288
109 128 144 173 188 210 235 241 280 300
100 140 145 180 188 213 226 257 269 292
100 121 158 160 195 217 231 249 264 292
114 134 142 170 183 203 233 242 274 289
103 120 150 180 199 204 227 251 271 289
109 138 148 174 186 205 228 251 277 298
102 133 151 165 183 211 225 258 271 283
108 133 144 166 185 216 226 258 269 289
116 124 146 175 200 219 240 251 274 281
120 123 157 169 187 206 236 259 273 300
115 121 157 168 191 220 221 253 263 282
114 126 148 165 192 213 222 248 275 287
117 138 146 162 192 220 228 244 273 294
120 132 142 161 189 211 228 252 267 292
116 130 153 180 193 215 228 254 275 294
102 138 150 176 200 212 230 249 274 297
102 135 145 162 180 220 229 254 269 287
100 138 153 165 196 216 231 252 268 283
110 136 146 174 196 216 228 240 261 287
117 124 159 179 196 216 225 250 279 295
108 135 150 169 188 200 240 240 260 294
120 124 156 161 198 202 240 247 267 300
100 139 141 166 181 205 227 254 278 293
105 127 154 178 195 216 223 244 266 298
113 140 160 166 182 209 226 252 262 281
106 124 152 168 197 201 229 245 267 295
112 123 153 175 192 205 233 240 267 289
109 137 160 177 195 208 236 248 270 290
112 133 155 171 185 220 227 260 267 296
106 135 152 165 198 205 222 254 262 285
109 130 154 169 196 200 227 246 271 281
101 140 156 170 193 215 233 253 274 293
116 124 143 171 182 219 224 241 276 282
118 133 153 176 186 201 233 256 276 287
114 132 143 178 186 211 223 254 266 299
117 122 159 165 196 220 222 240 276 296
107 123 152 180 186 203 240 255 267 297
105 126 157 180 196 211 232 247 266 286
106 123 140 167 190 207 238 256 271 288
119 130 147 161 191 218 229 246 275 284
100 134 140 171 189 207 225 256 269 281
105 122 153 168 192 220 232 246 269 287
112 123 144 166 199 207 231 249 272 294
119 128 150 171 197 214 226 256 278 294
103 128 153 163 192 216 231 257 271 281
115 138 158 164 197 214 235 256 276 285
112 134 147 178 187 205 226 249 277 285
107 134 144 164 199 200 238 258 260 289
118 131 152 176 180 206 234 245 267 296
115 130 143 177 199 217 222 240 260 294
100 138 155 163 190 208 237 246 276 291
101 130 155 171 181 204 225 247 265 285
100 140 151 173 193 204 233 243 266 283
114 134 145 178 186 203 225 254 263 292
109 128 157 160 187 203 224 243 279 299
107 133 141 176 183 201 221 260 270 281
112 122 150 161 189 219 228 247 278 298
104 133 148 169 200 203 227 240 265 292
111 132 141 166 186 207 239 252 276 284
120 129 160 168 187 212 233 250 276 282
103 127 144 176 189 207 232 246 274 286
113 130 147 174 181 203 239 249 262 284
105 137 152 161 199 200 233 254 278 286
105 127 141 178 196 203 238 245 269 287
105 122 159 166 198 212 221 241 267 285
104 127 141 169 192 218 240 247 274 292
119 139 143 173 187 216 237 254 271 291
118 126 154 160 198 217 227 252 260 291
112 137 149 164 184 220 239 258 276 280
120 136 142 172 194 216 239 247 267 298
110 140 148 176 192 204 222 251 268 286
118 134 158 164 200 215 235 241 280 296
118 125 145 167 200 210 225 242 262 283
110 121 148 161 197 214 227 259 270 293
111 135 158 164 185 204 220 243 261 298
112 120 152 175 181 203 233 254 260 296
102 126 143 166 183 205 227 248 272 296
111 121 149 180 197 213 225 240 278 291
111 133 142 172 193 202 225 258 280 291
113 138 155 160 186 215 229 241 273 285
117 138 143 179 185 201 230 242 271 299
116 135 160 171 183 205 222 256 270 286
119 129 160 163 190 216 232 257 279 290
108 130 158 170 186 209 223 253 265 300
106 134 156 177 183 211 222 246 276 284
116 137 149 171 191 212 231 243 273 283
104 132 149 165 187 212 225 244 260 291
116 129 153 168 183 211 231 253 277 299
112 120 159 170 193 200 231 250 278 296
116 125 141 161 191 218 224 250 276 293
100 124 150 164 198 207 239 260 263 285
103 125 156 175 200 203 235 246 272 288
119 123 152 179 198 202 234 254 280 283
105 139 147 164 185 206 234 254 278 295
105 123 149 177 196 208 231 254 277 285
102 131 159 169 199 210 238 249 270 296
118 132 146 161 184 219 235 244 271 293
102 137 143 178 191 218 227 254 269 290
101 140 145 174 193 219 228 255 273 284
108 129 159 178 192 219 222 246 276 280
105 140 156 164 181 212 237 252 274 297
119 137 151 173 194 219 220 254 274 282
115 130 146 175 186 209 229 253 264 290
100 137 141 168 180 217 237 241 272 290
116 130 146 179 197 215 220 242 260 287
110 132 141 176 200 215 227 255 278 283
107 126 142 175 191 201 235 240 278 300
106 138 149 177 190 217 238 255 265 285
104 135 145 166 191 214 238 260 260 292
118 123 153 169 185 218 228 259 269 281
104 126 143 164 186 207 223 249 264 284
120 127 158 180 200 204 224 243 264 294
110 138 140 175 198 217 228 251 274 287
107 123 160 171 191 216 226 250 267 291
119 140 142 163 183 207 220 241 262 299
111 126 147 180 182 200 226 250 263 289
118 134 146 160 188 214 233 257 268 286
100 129 144 162 189 215 223 255 262 294
106 130 157 174 191 202 237 249 272 280
101 129 144 177 197 213 224 259 266 286
120 133 156 180 184 211 228 256 260 300
108 132 151 170 190 200 234 260 267 294
105 130 155 173 185 216 240 257 266 300
102 132 140 176 192 200 220 259 280 284
110 122 148 174 191 201 227 258 263 297
117 139 145 175 191 204 220 256 271 289
101 135 143 166 194 213 226 248 268 295
116 134 155 172 192 208 226 252 275 294
120 133 141 161 199 207 226 252 265 290
104 136 144 164 180 210 227 243 270 298
103 130 141 173 188 206 221 242 266 288
101 134 146 166 180 204 234 254 278 291
108 122 149 165 182 211 239 253 269 296
111 132 156 173 195 201 232 249 272 296
115 133 145 167 184 217 239 253 279 289
112 130 148 171 196 211 222 246 267 292
111 135 145 177 180 214 229 251 275 280
104 125 153 174 180 215 230 240 267 293
119 128 156 164 184 217 233 244 276 300
113 124 140 174 192 216 226 240 262 298
108 135 152 167 200 220 222 253 274 297
120 128 151 168 198 218 234 257 277 284
101 120 154 165 189 203 229 246 265 284
115 133 155 177 191 218 225 259 268 292
103 137 141 169 192 218 229 257 280 287
107 138 148 163 199 205 234 242 263 286
108 129 146 164 194 212 222 258 276 280
101 140 160 169 194 211 230 242 266 298
120 131 158 177 180 211 236 248 276 300
117 122 152 162 182 207 222 243 280 285
117 126 154 171 188 209 232 259 275 291
112 131 141 163 186 211 239 245 276 290
114 131 153 168 184 211 234 260 277 294
105 129 155 171 189 210 231 250 270 287
108 139 147 177 189 214 233 240 275 288
112 128 141 174 181 200 238 243 261 284
101 122 149 168 198 212 225 260 278 282
111 126 150 172 187 200 239 242 279 298
105 128 157 168 197 219 224 260 264 293
101 123 153 160 199 210 235 254 279 297
110 133 155 168 181 205 230 251 269 296
120 126 142 166 195 205 223 244 263 292
100 134 158 168 189 206 230 248 265 283
107 123 146 160 196 201 226 253 265 294
113 125 140 164 193 218 234 259 277 293
116 134 147 161 198 216 232 243 269 280
104 124 141 177 191 214 229 248 280 293
109 121 150 172 198 204 227 248 274 300
115 120 152 170 196 218 229 247 275 300
103 125 152 178 188 208 225 260 275 290
114 132 156 170 183 202 230 260 277 297
103 129 154 161 191 200 223 252 266 295
116 128 152 162 183 203 222 250 267 287
114 122 141 169 197 217 237 246 264 286
111 138 150 174 196 205 234 255 276 296
107 136 160 172 183 206 228 241 271 280
103 125 150 171 200 212 228 250 275 282
114 138 145 173 198 209 223 244 275 293
112 127 150 179 199 211 228 247 274 291
105 131 147 171 199 217 224 259 266 295
102 122 159 168 183 204 233 243 262 300
106 130 143 163 188 219 238 247 274 288
107 132 146 170 192 212 240 254 270 294
102 131 141 163 189 202 232 244 272 290
111 132 160 175 196 208 236 242 272 283
103 137 143 179 198 219 238 259 270 293
114 130 158 178 189 211 225 257 275 287
108 132 149 177 199 213 225 240 277 296
100 120 142 180 191 203 226 250 279 296
110 121 156 180 197 217 239 242 270 283
120 126 140 177 189 211 230 244 278 280
109 140 150 171 198 204 234 240 273 294
105 129 144 174 198 213 239 240 269 293
115 138 145 178 194 214 221 253 271 296
117 139 145 170 185 204 225 242 270 297
112 136 147 165 199 206 238 246 275 283
107 121 157 180 199 211 227 246 263 293
120 135 159 179 189 209 237 259 265 292
112 129 153 161 182 202 239 244 272 280
120 125 156 173 183 218 225 260 271 282
112 123 156 179 191 207 229 240 267 284
117 120 157 161 180 204 234 255 264 286
120 126 157 179 190 217 240 244 261 282
100 133 145 180 186 215 229 246 277 287
120 122 160 172 197 200 223 251 273 281
115 136 146 174 184 200 239 249 268 291
110 140 160 165 191 212 236 244 275 298
114 130 141 170 186 200 240 246 269 288
111 132 156 173 194 207 221 252 264 287
104 126 154 177 193 213 238 242 267 292
120 136 146 166 193 206 222 258 271 288
103 125 150 177 195 213 224 247 262 297
116 133 143 164 191 202 235 245 273 297
105 126 140 180 191 202 236 241 266 298
100 137 156 163 191 201 220 253 280 289
114 138 149 168 197 202 225 244 273 284
116 122 142 172 183 200 224 255 275 282
114 122 146 167 198 200 229 254 270 285
111 132 158 178 192 207 228 254 261 290
112 124 152 173 184 216 221 248 280 286
108 135 153 168 183 214 229 247 274 281
111 133 148 169 195 201 221 259 272 287
103 134 143 180 193 201 223 245 265 292
114 135 143 170 188 209 229 253 274 285
113 136 156 163 197 208 228 245 270 281
115 139 140 165 193 215 240 253 260 296
100 138 158 180 197 204 225 251 270 290
108 134 156 173 191 219 222 254 278 293
109 138 144 168 180 206 239 243 270 285
118 137 151 169 197 217 221 242 276 298
102 136 151 174 190 216 240 247 266 295
106 133 159 178 187 203 225 241 277 291
103 122 156 177 191 204 225 258 264 290
119 129 159 175 193 200 236 260 275 296
102 139 157 172 186 217 223 257 265 298
109 120 158 176 192 200 240 253 268 286
113 126 153 166 187 220 233 242 261 295
109 138 157 173 188 202 232 250 277 286
114 121 155 166 182 201 231 243 274 299
103 132 159 167 182 217 220 252 268 289
105 130 143 180 187 216 233 248 265 280
102 135 150 178 187 206 226 252 262 298
120 124 150 170 187 204 227 250 268 293
116 137 140 172 185 219 230 258 269 300
110 136 143 165 197 212 226 253 275 287
119 129 155 176 195 200 234 258 266 281
110 138 141 177 187 201 238 247 265 282
112 128 150 172 180 204 221 245 267 280
116 139 157 164 185 200 229 246 276 281
113 120 147 163 185 209 225 254 272 283
107 132 150 168 181 207 224 256 272 283
110 129 154 170 183 213 225 243 260 290
105 139 155 173 186 217 238 252 272 288
110 134 153 171 184 209 223 245 274 290
104 126 151 170 192 206 224 255 274 281
109 121 143 167 191 215 227 247 260 299
106 131 160 166 200 219 236 250 276 285
108 133 160 168 194 204 238 256 261 292
103 131 144 175 200 207 222 245 269 292
104 125 151 178 190 216 232 257 262 280
118 131 143 169 192 210 232 248 270 291
107 126 150 177 188 215 222 240 261 299
104 135 146 172 184 201 233 244 274 280
114 128 146 173 182 204 240 250 262 290
113 131 153 180 195 205 225 243 267 284
113 122 141 160 196 214 236 257 271 297
110 132 159 176 197 208 234 241 263 281
113 138 143 173 199 211 224 256 269 284
118 130 160 175 192 218 239 243 274 288
118 133 143 177 199 212 227 241 270 291
108 132 150 172 197 202 240 246 276 286
120 131 146 167 189 215 226 252 266 291
100 126 155 170 189 218 233 256 264 284
106 120 160 161 182 208 239 250 277 296
118 137 160 166 193 204 240 257 268 281
108 127 158 167 189 202 233 250 267 298
114 132 155 174 185 211 236 252 280 284
120 122 159 175 186 202 225 256 275 294
113 133 143 176 197 211 235 250 260 291
109 138 158 175 187 212 232 240 272 281
100 123 148 165 199 217 236 252 265 290
107 126 149 164 186 204 229 254 264 291
103 134 141 165 194 207 231 251 264 288
120 135 159 180 184 220 236 260 274 288
120 123 148 172 198 201 236 256 260 284
103 128 158 165 199 208 231 249 260 282
111 128 153 169 180 215 221 243 267 294
114 134 146 169 183 217 238 249 275 292
104 131 158 171 194 217 224 245 268 293
120 120 159 171 195 220 232 245 280 296
120 134 153 173 200 216 225 258 277 289
102 134 151 163 184 205 238 251 279 295
118 125 148 179 189 207 228 246 272 280
108 140 140 169 196 212 233 256 272 286
110 120 148 172 182 202 233 258 260 291
112 133 152 171 199 209 233 246 278 289
114 130 158 165 196 200 226 247 271 298
105 123 154 166 196 219 229 254 271 295
108 123 158 168 185 204 232 244 278 291
113 131 146 180 183 209 234 257 264 288
101 138 160 173 186 218 239 247 262 280
113 138 148 161 194 217 225 258 268 295
114 122 160 175 193 218 228 242 268 291
109 134 141 168 199 211 231 248 274 287
111 133 146 164 200 218 222 251 273 294
107 123 143 160 199 205 238 255 267 289
118 130 149 169 186 206 220 256 260 300
108 121 145 162 200 216 224 250 274 293
102 126 156 170 194 204 229 256 267 296
117 124 159 180 200 220 222 257 275 289
116 130 143 164 199 211 240 257 274 298
100 121 140 161 193 202 228 257 267 292
109 139 141 167 194 217 226 246 280 294
114 137 148 162 197 204 221 251 262 283
109 131 148 166 197 200 225 258 272 285
109 123 143 171 195 203 223 259 261 298
110 130 147 170 189 205 239 249 276 293
110 126 154 171 194 208 222 245 267 290
102 127 158 169 184 219 231 258 268 300
117 135 149 175 199 205 234 257 280 294
104 122 159 175 195 213 229 260 272 290
107 131 143 174 186 220 220 254 273 281
101 140 152 176 193 218 229 258 267 292
107 137 150 178 199 209 237 258 269 296
111 135 147 180 187 214 237 243 269 289
100 123 157 180 193 220 236 240 278 292
113 129 144 163 197 216 228 241 264 294
116 133 152 173 183 206 222 249 265 285
109 138 140 173 181 208 232 245 263 280
103 129 158 180 180 217 228 247 266 294
109 127 152 163 186 209 233 245 277 282
109 135 151 169 199 201 224 260 280 291
105 123 151 172 187 208 238 246 260 291
115 129 146 160 186 219 227 246 263 281
117 124 144 175 198 219 222 251 272 294
102 129 145 170 186 200 220 240 272 286
119 123 144 174 195 209 235 254 266 296
103 138 148 165 189 214 223 251 263 285
107 139 154 173 187 212 222 245 263 288
104 135 153 177 188 205 238 254 269 296
103 127 156 170 180 201 229 259 273 299
118 140 140 179 186 220 223 257 267 281
104 129 157 160 189 215 229 254 261 290
103 137 149 178 196 216 230 248 279 298
110 124 152 170 197 208 233 260 277 280
113 140 140 166 185 216 239 258 260 281
120 135 156 174 182 216 220 249 276 286
103 140 150 169 186 202 226 256 265 283
116 133 146 170 194 218 220 253 270 284
117 122 154 177 193 217 229 252 277 292
119 129 140 173 193 200 227 240 276 282
120 126 149 163 188 218 225 243 270 300
103 121 140 160 200 206 222 245 274 290
101 127 158 167 198 212 225 251 274 297
110 134 140 162 189 209 220 242 274 280
109 121 148 172 193 201 221 258 279 299
119 139 145 178 182 216 221 253 272 299
100 125 156 174 200 201 233 246 263 280
112 140 146 160 192 200 221 245 274 286
107 137 157 163 186 220 227 253 265 296
100 136 145 169 185 219 229 254 274 295
116 124 149 167 191 208 238 254 278 280
101 139 160 162 192 204 225 243 271 288
102 120 151 179 180 216 239 257 276 298
104 126 150 168 193 200 238 250 265 292
113 131 143 180 198 206 224 250 271 288
102 139 143 168 181 207 233 249 260 280
107 125 145 177 180 219 228 243 278 296
111 121 154 161 197 203 240 244 264 291
103 138 155 163 194 209 234 258 277 291
113 122 142 171 194 211 225 257 263 291
113 139 152 179 193 204 235 249 269 295
117 137 157 170 193 211 223 257 263 297
113 138 147 171 200 219 222 256 279 298
102 138 152 180 187 219 238 241 268 299
109 121 147 173 182 211 223 252 265 285
119 129 157 170 189 210 235 248 261 286
119 131 140 175 183 211 223 254 274 283
117 128 153 160 188 215 237 256 279 289
107 123 152 166 196 212 238 260 277 295
106 137 160 170 189 212 239 255 260 294
120 122 155 163 192 211 233 246 273 282
117 137 152 180 189 208 230 240 272 293
114 136 147 168 189 214 237 260 263 281
101 133 160 164 196 208 224 247 260 288
120 130 152 167 191 204 221 255 279 293
105 139 153 175 193 208 228 249 267 298
100 125 149 163 181 213 234 258 260 299
108 128 153 176 182 217 236 256 268 294
118 125 153 170 191 219 225 254 268 298
107 137 153 166 183 216 227 245 276 292
112 139 147 175 195 203 228 243 273 284
104 137 146 180 182 206 236 240 265 280
104 140 148 175 193 216 237 241 263 292
102 124 148 179 187 201 229 243 275 293
110 128 150 165 193 205 236 246 261 299
100 140 158 176 198 207 233 255 272 295
118 138 159 166 196 213 224 254 279 286
1303 1520 1892 1941 2361 2554 2818 3119 3287 3419
2625 2780 3506 3837 4321 4453 5114 5731 6083 6501
3697 3883 4565 5434 5620 6210 7202 7482 8412 9002
3342 4039 4213 4765 5316 6390 6593 7144 7899 8712
3217 4178 4208 4839 5859 6550 7210 7601 7961 8771
5205 6264 6448 8013 8841 9210 10360 11189 12615 13121
5047 6488 7544 8553 8793 10138 11146 11770 13211 13835
4565 5340 6157 7018 8438 8911 9900 10718 11965 12524
1449 1702 1996 2305 2767 3062 3300 3511 3875 4212
4111 4832 5660 5949 6993 7570 8182 9155 9803 10343
4312 5051 6405 6610 8169 9030 9276 10056 10999 11737
3542 4383 5118 5714 6344 7220 8376 8481 9601 10022
2338 2696 3327 3390 3999 4525 4903 5071 5786 6185
1945 2287 2763 3220 3752 4152 4361 4932 5331 5673
3815 4190 4972 5585 6708 6980 7966 8341 9463 9871
5054 6182 7358 8633 9319 10643 10986 12016 13388 14319
4312 5297 6281 6938 7922 8866 9481 10589 10917 12024
2207 2528 2968 3249 3829 4110 4550 4991 5311 5731
3429 3575 4300 4649 5229 6332 6883 7348 7609 8421
4393 5813 6803 7147 8480 8954 9728 10890 11234 12567
4543 5426 6729 7191 7779 8494 10048 10889 11603 12065
2399 3159 3573 3942 4425 4932 5162 5646 6290 6635
1519 1800 2038 2417 2613 3006 3146 3567 3819 4015
4597 5453 7074 7479 8154 9865 10495 11171 11711 12791
5143 6536 6776 7689 8793 10042 11386 12251 12539 14076
4299 4818 5262 6188 6928 7410 8483 9409 9742 11001
1671 2056 2296 2713 2985 3370 3722 3963 4251 4539
2317 2612 3074 3684 4041 4231 4735 5366 5471 6165
5002 6083 6803 7389 8559 9280 10720 11531 12206 12836
2722 2975 3228 3919 4172 5024 5208 5646 6060 6820
2707 3626 4058 4464 5112 5599 6058 7031 7274 7679
2841 3544 3778 4533 4845 5366 5912 6563 6927 7343
4501 5258 5888 7569 8073 8830 9586 10679 11351 12317
4722 5543 5789 6856 8086 8907 9276 10220 10999 11655
1328 1350 1581 1912 2177 2210 2628 2661 2882 3257
4003 4781 5484 6521 7224 8002 8557 9372 9816 10889
2971 3284 4012 4247 5027 5678 6224 6589 7135 7525
4507 5723 6668 7704 8559 9550 10720 11441 12476 12926
1951 2474 2528 3213 3501 3844 4150 4510 4997 5411
3518 3758 4358 5019 5439 6280 7060 7271 8261 8441
1979 2065 2456 2814 3188 3461 4090 4431 4737 4924
4271 5051 6240 6569 7594 8907 9481 10466 11245 11901
3607 3758 4328 4989 5889 6040 6910 7571 8351 8982
3744 4633 5373 6373 6743 7817 8779 9520 10149 10815
1767 2040 2569 2633 2969 3226 3674 4059 4251 4684
4394 5707 5912 7102 7717 8743 9563 10138 10712 11860
1333 1763 2063 2128 2557 2688 3078 3196 3534 3664
4003 4832 5084 5877 6489 7786 8650 8867 9767 10559
1502 1724 2076 2206 2440 2688 2870 3183 3404 3821
2449 2802 3242 3617 4322 4498 4916 5335 6105 6524
5002 6173 6308 7749 8649 9640 10630 11216 12026 12791
1477 1954 1982 2445 2627 2880 3328 3595 3833 4001
4753 5552 6560 6897 7611 8410 9964 10637 11645 12401
2287 2611 3029 3429 3600 4038 4437 4589 5065 5673
1107 1438 1570 1780 2033 2221 2573 2717 3047 3147
4879 5552 6728 7527 8325 8956 10048 10804 11687 11981
2782 3283 4009 4259 4534 5485 5660 6035 6961 7386
4087 5568 6168 6849 7849 8130 9050 9810 10811 12012
2583 3021 3619 3942 4540 5070 5323 5530 6037 6888
4886 5174 5871 7020 7635 9030 9850 9891 11327 12106
1522 2108 2123 2544 2844 3025 3565 3866 3956 4226
5182 5543 6398 7524 8739 9100 10675 11126 12386 13106
2965 3720 4300 4997 5780 6303 6680 7493 8102 8537
2021 2535 2782 3049 3562 3867 4361 4742 5103 5426
2443 2843 2948 3600 4146 4378 4735 5324 5786 6164
3787 4523 5538 6134 6939 7675 8270 8760 9811 10511
1206 1416 1669 1824 2022 2254 2628 2805 2981 3124
3139 3981 4184 4794 5752 5955 6651 7522 7609 8160
2997 3388 4143 4559 4845 5470 5834 6276 7239 7577
2445 2998 3228 3965 4379 4886 5162 5692 6267 6820
5343 6356 7138 8059 8519 9716 10820 11649 11971 13719
5343 5712 6770 7461 8473 10038 10912 11373 12385 12983
3406 4100 4628 5685 5982 7270 7633 8195 8723 9549
4737 5512 6243 7319 8437 9212 10158 10330 11707 12137
1767 2088 2504 2841 3033 3498 3754 3850 4315 4667
1589 1856 2122 2529 2627 3020 3342 3623 3693 3987
3007 3358 3633 4109 5010 5310 5510 6286 6611 7386
2671 3296 3704 4161 4449 4810 5458 6107 6395 6731
4032 4278 5083 5959 6694 7010 8130 8446 9251 10197
2907 4039 4387 4678 5374 5839 6912 7232 8073 8596
3166 3248 3977 4464 5058 5896 6382 6571 7274 8004
2863 3676 4236 4909 5469 5918 6394 7095 7291 8159
3807 5024 6051 6811 7001 7838 8902 9853 10499 10841
2675 2860 3251 4126 4287 4886 5507 5668 6336 6888
3603 3883 4565 5558 5651 6768 6985 7699 8071 9126
3457 3878 4598 5049 6010 6310 6880 7451 8081 8411
1732 1913 2288 2619 2919 3295 3415 3806 4106 4436
1147 1298 1518 1749 1869 2190 2400 2541 2671 2911
3367 4264 4968 5289 6153 6954 7338 8171 8491 9003
1997 2048 2558 2780 3188 3427 3767 4244 4618 4857
4373 4818 5743 6410 7002 7928 8742 9223 10260 10778
1747 1943 2168 2619 2799 3010 3535 3836 4136 4256
3166 3383 3815 4815 5139 5680 6112 6734 7085 8004
2128 2906 3011 3474 3915 4609 4630 5240 5639 5996
4607 5574 7047 8013 9118 9440 10774 11051 12523 12937
4219 4508 5192 6453 6813 7642 8326 8903 9515 10343
4102 5000 5741 6483 7771 8005 8590 9449 10307 11283
1522 1973 2213 2664 2979 3295 3520 3625 4136 4481
3231 4069 4472 5496 5651 6365 7419 8009 8381 9001
3951 4666 5210 5721 6197 7252 7966 8204 9463 9905
4024 5351 6249 6756 7263 7927 9175 9605 10229 11360
2007 2568 3088 3469 3970 4050 4490 4850 5611 5892
3448 4100 4348 5155 5651 6365 6830 7885 8350 9281
4375 5351 5585 6678 7380 7888 9292 9488 10580 11009
1151 1537 1746 1890 2033 2320 2606 2716 3025 3223
1762 1838 2243 2679 2709 3175 3430 3851 3926 4226
2527 3152 3392 4089 4761 5002 5650 6203 6347 7043
1582 1838 2183 2709 2994 3009 3550 3791 4121 4497
1291 1496 1724 2145 2289 2482 2878 3095 3167 3539
3220 3383 4139 4734 5139 5788 6193 6950 7382 8111
3623 4360 5096 5673 6057 6730 7690 8011 8363 9099
2401 2927 3369 3684 3936 4357 4756 5387 5597 6122
2607 3310 4091 4377 4689 5262 5938 6251 7291 7786
3559 4456 4488 5385 6313 6922 7242 7850 8683 9387
3448 4069 4938 5031 6085 6582 6861 8040 8319 9094
5357 6208 8009 8309 9509 10010 11210 12311 13411 14412
2582 3133 3608 4484 4859 5035 5910 6461 6761 7061
3031 3383 3842 4572 5112 5788 6193 6977 7382 7841
2167 2428 2888 3429 3629 4090 4430 4951 5231 5912
2317 2738 3221 3621 4210 4378 4672 5114 5534 5954
3744 4522 5595 5929 7298 8150 8409 9631 10297 10815
1655 2040 2280 2857 3146 3370 3786 3979 4283 4491
1843 2082 2439 2967 3307 3699 4039 4261 4652 4958
5152 6133 7800 8094 8878 10006 11280 11771 12800 14614
4737 5426 6243 7491 8609 9341 9771 10804 11578 12782
4607 5408 6208 6769 7969 8089 9210 10371 11091 11371
4609 5234 5936 6873 7692 8200 8941 9878 10619 11321
3397 3698 4238 5169 5589 6280 6640 7691 8171 8441
4180 5039 5624 6366 7809 8434 9253 9839 10697 11633
2743 2935 3608 4233 4713 5050 5434 6179 6683 7043
3488 3488 4358 4765 5548 5897 6419 7348 8131 8392
4225 5138 5975 6469 7343 7724 8484 9891 10195 10689
2606 2883 3666 3827 4287 4633 5231 5531 6014 6682
3719 4456 4616 5129 6313 6602 7178 7979 8715 9548
4476 5256 5830 6692 8169 8415 9071 10548 11491 11983
5557 6408 7308 8609 9809 10460 11210 12811 13911 14311
2757 3383 3583 4459 4684 5210 5635 6211 6836 7411
3966 4448 5595 6077 6669 8039 8816 9631 9705 10927
5167 5899 6889 6889 8222 8868 9728 10804 12008 12352
2559 2890 3330 3793 4035 4674 5290 5357 5775 6193
1897 2258 2636 3177 3429 3682 4312 4601 4781 5321
1261 1339 1603 1901 2011 2309 2573 2838 2981 3257
1987 2510 2600 2889 3501 3646 4294 4511 4835 5141
2173 2535 2782 3410 3619 4190 4399 4760 5331 5692
1879 2276 2636 3231 3303 3736 4042 4655 4979 5231
4649 5312 5546 6405 7185 7849 9175 9644 10424 11673
3399 4232 4712 5289 5961 6666 7626 7883 8651 9035
4651 5512 6329 6932 7749 8739 9857 10546 11836 12353
5527 6264 7184 7783 8933 9532 10314 11326 12247 13535
4367 5528 6048 6929 7209 8210 8930 10131 10571 11812
3112 3545 3842 4491 5166 5707 6220 6680 7085 7598
3031 3395 4124 4993 5413 6086 6534 7123 7543 8327
1807 2510 2564 2925 3303 3646 4132 4385 4853 5142
2965 4068 4126 5200 5229 6390 6680 7261 7754 8247
2647 2824 3374 3595 4255 4674 5026 5467 5819 6501
3807 4948 6051 6583 7457 7838 8674 9853 10195 10955
3883 4496 5108 5755 6469 7422 7490 8273 9225 9735
3968 4034 4661 5817 6015 6874 7501 8063 8789 9681
3921 4948 5328 6469 7496 7648 8940 9359 10157 11032
3231 4007 4720 5062 5992 6334 7140 8040 8505 8877
4607 5758 6816 7875 8703 9624 10590 11281 12615 13490
2698 2998 3435 4034 4494 5047 5185 5876 6060 6543
3967 4298 4958 5916 6345 6808 7468 8228 8888 9449
4307 5555 6372 6932 7964 9384 9513 10890 11277 12310
4230 5707 6281 7266 7717 8210 9194 10220 11450 11573
5113 5574 7323 7415 8703 9394 10636 11649 12891 13167
4583 5860 7049 7269 8149 8942 10174 11319 12199 12639
2383 3088 3396 3749 4057 4520 5290 5709 5973 6435
2721 3136 3412 3896 4471 5047 5392 5553 6175 6727
1219 1688 1832 1929 2181 2446 2722 3095 3203 3576
5007 6008 7358 8109 9209 10460 11360 12961 13261 14712
5691 6378 7848 8731 9368 10545 11476 12211 13094 14662
3883 4734 4870 5789 6231 7422 7796 8749 9055 10211
2317 2956 3374 3859 4321 4762 5202 5312 6061 6589
2095 2384 2582 3105 3303 3862 4006 4331 4799 5195
4804 5461 6363 6610 8086 8333 9358 9973 11327 11983
4258 5273 6249 6405 7185 8434 8863 9722 10151 11243
3751 4168 5033 5449 5961 6602 7530 7947 8363 9099
1385 1776 1893 2193 2349 2818 2974 3378 3417 3781
2863 3396 4377 4573 5133 5750 6647 6843 7347 8188
2047 2133 2660 2848 3154 3699 3988 4244 4567 4975
2532 3058 3884 4034 4659 5085 5785 6086 6836 7512
2431 2984 3753 4065 4569 5122 5314 5939 6611 6731
2607 3648 4039 4611 4715 5288 6042 6276 7265 7317
2707 3329 3815 4626 5004 5923 6139 6707 7544 7896
1291 1459 1868 2097 2373 2554 2866 2938 3335 3527
5907 6057 7958 8859 9909 10210 11260 13011 13861 14361
1187 1288 1428 1789 1959 2070 2240 2471 2731 2961
2468 2814 3458 3850 4379 4771 5185 5623 6198 6474
4407 4848 5728 6729 7369 8770 8930 10131 10731 11531
1741 2218 2490 3052 3188 3699 3784 4108 4465 4908
1631 1701 2164 2263 2655 2964 3370 3595 3847 4071
4909 5512 6329 7577 7964 9083 9556 11191 11621 12352
4822 6038 6983 7659 8424 9370 10090 11441 11801 13287
1732 1868 2138 2709 2829 3175 3595 3821 4016 4421
2647 3066 3330 3969 4343 4850 5070 5576 5841 6545
3221 3491 3815 4491 5274 5788 6247 6517 7301 7625
1491 1800 2235 2333 2669 2824 3146 3651 3763 3973
4327 5008 6248 7009 7889 8410 9290 9891 10611 11531
1243 1640 1736 2097 2313 2554 2818 3095 3227 3599
1167 1298 1458 1719 1980 2150 2250 2410 2691 2881
5348 6035 7702 8143 9319 9859 10790 11918 13633 14123
3031 3248 3923 4842 4923 5464 6139 6842 7166 7760
4219 5078 5741 6912 7029 8551 8941 10073 10424 11087
2059 2168 2582 2961 3393 3754 4240 4529 5015 5141
3284 3604 4329 5026 5258 6361 6680 7290 8044 8131
2059 2420 2618 3177 3375 3952 4006 4655 4799 5411
4921 5300 6519 6771 7779 8662 9670 10721 11225 12065
2021 2288 2934 3182 3638 4171 4342 4913 5027 5445
5092 6308 6758 7524 8694 9190 10045 11261 12566 13421
5446 6035 7603 8094 9025 9957 11476 12506 13192 14516
2317 2956 3220 3639 4299 4762 5136 5423 5907 6281
1305 1427 1592 1912 2154 2331 2441 2728 2926 3135
2975 3396 4461 4545 5526 5834 6170 7291 7711 8047
4367 5328 6409 7049 8009 8090 8930 10251 11011 11491
2251 2714 3507 3925 4299 4432 5048 5731 6017 6369
1657 1898 2409 2664 2724 3025 3475 3701 4091 4361
3895 4652 5408 6201 6777 7354 8650 8687 9551 10451
5647 6588 7011 7905 9362 9739 11196 11478 12372 13735
2135 2630 2992 3239 3543 3810 4247 4856 5141 5445
3849 4496 5040 5959 6639 6810 7796 8511 9123 10041
2807 3788 3984 4881 5133 6058 6198 7123 7599 7935
3157 3638 4238 5049 5619 6460 7000 7361 7931 8562
4495 6036 6256 7049 8061 9118 10527 10879 11495 12992
3604 4133 5090 5586 6312 7171 7468 8062 9086 9879
5707 6908 7308 9009 10009 10060 11060 12861 13911 14011
4375 5300 5930 7569 7989 8956 9838 10174 11477 12528
3023 4068 4271 5113 5374 6100 6970 7406 7812 8682
4951 6584 7689 8361 8841 10234 11242 11914 13019 14267
2671 3248 3584 4329 4497 5098 5650 5938 6683 7091
5553 5883 7105 7952 9315 10162 10350 12043 12372 14017
4350 5512 6372 7663 8351 9169 9986 10416 11793 12180
1861 2276 2798 3087 3357 3808 4258 4475 4817 5412
2647 3344 3632 4161 4762 4834 5722 5770 6299 6779
1077 1208 1428 1609 1960 2050 2310 2571 2781 2922
4808 5568 6048 6609 7930 8010 9250 10011 10531 11371
3007 3638 4809 5229 5980 6280 6820 7511 7841 8681
4151 4522 5595 6336 6965 8002 8298 9113 10112 10556
3985 4768 5040 5721 6231 7354 8000 8545 9089 9599
2173 2649 3049 3106 3752 4057 4228 4570 5198 5635
3713 4530 5380 5449 6367 7354 8170 8749 8953 9973
2317 2736 3308 3793 4277 4476 5158 5378 6171 6568
3459 3807 4242 4765 5519 6158 6477 7145 7870 8276
5757 6158 7308 8459 9159 10210 11310 12211 13611 14061
2116 2402 2934 3201 3753 3962 4266 4666 5084 5483
4952 5254 6415 7190 8093 9255 10029 10331 11277 12137
3751 4168 5000 5385 6249 6441 7402 8235 8715 9451
4208 4523 5118 5854 6414 7010 8095 8936 9496 10337
1631 1800 2122 2417 2599 3006 3244 3637 3847 4197
3371 4010 4503 4910 5548 6071 6970 6999 8015 8392
2707 3058 3808 4284 4809 5285 5610 6461 6961 7486
1642 1913 2378 2499 2769 3220 3340 3911 4136 4466
1399 1496 1736 2013 2325 2410 2854 2915 3215 3600
2841 3232 4038 4481 5105 5392 5990 6537 7031 7499
4102 4593 5398 6099 6379 7535 8130 8831 9321 10231
3058 3302 3896 4410 5004 5437 6409 6950 7112 7842
3075 3206 4012 4221 5027 5652 6146 6641 6823 7785
5023 6124 6872 7665 8501 9162 10218 10702 12199 13123
4297 4727 5468 6600 7380 7927 8707 9644 10853 11673
2296 2948 3221 3474 4062 4525 4882 5261 5702 5954
3752 4313 5118 5679 6589 7290 7885 9111 9391 10232
4047 5448 5728 6729 7970 8610 8890 10291 10891 11491
4531 5273 5507 6522 7732 8590 8590 9605 10151 10931
5757 6158 7608 8259 9259 10410 11910 12361 13811 15012
3611 4258 5176 5925 6707 7456 7864 8851 9395 9701
4952 5899 6415 7276 8007 8610 9513 10374 11363 12180
1735 2024 2552 2793 3081 3450 3802 3962 4363 4779
2401 2885 3179 3705 3852 4231 4735 5324 5744 5996
2192 2535 2668 3163 3753 4171 4323 4589 5141 5388
2514 3090 3228 4103 4195 4610 5185 5968 6290 6497
3727 3820 4906 5465 6147 6551 6861 8009 8443 9125
3397 4028 4598 5409 5799 6070 6700 7300 7961 8922
4167 5248 6409 7089 7729 8170 9050 10371 11131 11211
2707 3653 4248 4680 4950 5545 6355 6977 7139 7733
4823 5985 6802 7104 8222 9212 9986 11148 11492 12868
2443 2717 3263 3579 3999 4504 4882 5366 5555 6269
1255 1508 1832 1977 2325 2410 2758 3059 3263 3504
4291 5762 6728 7149 8325 8872 9670 10679 11687 12485
1724 2269 2456 3035 3120 3716 3801 4295 4448 5027
1807 2168 2780 3141 3483 3826 4096 4475 4727 5358
3127 3336 3960 4481 5157 5262 5782 6719 6797 7681
2407 3320 3801 4185 4353 4906 5626 5987 6371 6947
4607 5608 6168 6809 8009 8450 8930 10050 11211 11931
4791 5666 6862 7599 8289 9578 10222 11465 12661 13720
3736 4463 5189 5487 6114 6940 7336 8129 9251 9680
5023 6168 6388 7841 8105 8986 10438 11099 12155 12551
1127 1268 1458 1749 1899 2180 2270 2541 2681 2881
5957 6908 7808 8709 9459 10960 11960 12460 13161 14111
3058 3356 4194 4626 4869 5788 6058 6734 7058 7814
3463 4072 4680 5289 6185 6666 7530 8011 8779 9067
4487 5328 5848 6409 7529 8290 9290 9651 10611 11852
4102 4922 5858 6795 7653 8005 9253 9683 10190 11712
5107 6908 7108 8209 9309 10760 11960 12761 13161 14862
3571 4364 5190 5685 6378 6643 7402 7964 9053 9284
2013 2098 2660 3035 3188 3648 4022 4397 4635 4958
5887 6034 7652 8535 9025 10790 11280 12506 13437 14368
2347 2568 2868 3289 3929 4230 4710 5171 5251 5931
1962 2201 2643 3018 3358 3495 3954 4278 4584 4873
4909 6028 6716 7534 8136 8868 9728 10933 11277 12696
4837 6356 6586 7599 8795 9992 10682 11327 12891 13351
2842 3491 4004 4599 5329 5491 6058 6491 7139 7842
4687 5351 5858 6951 7575 8512 9292 9838 10463 10970
1877 2167 2694 2865 3256 3614 4090 4346 4618 4890
2168 2456 2600 2925 3357 3664 4060 4547 5033 5105
3736 4133 4826 5751 6114 7237 7303 8492 8756 9680
3962 4383 4978 6099 6624 7080 7745 8411 9566 10512
1067 1278 1568 1779 1819 2160 2270 2551 2801 2911
3324 3821 4938 5217 6117 6582 6923 7512 8505 8939
3985 4292 5074 5993 6503 7320 7830 8579 8851 10143
5038 5168 6157 7104 8351 9083 10029 10503 11750 12481
5047 5408 6668 7569 8109 9325 9955 11576 12476 13016
2888 3104 3704 3873 4689 5002 5314 5915 6563 6947
2211 2326 2934 3144 3714 4076 4266 4761 5046 5407
3367 4136 4552 5737 5897 6570 7210 7787 8779 9195
5125 5254 6458 6889 7878 8825 9771 10460 11879 12309
1777 2003 2273 2409 2739 3040 3505 3686 3986 4497
1261 1449 1713 1835 2165 2353 2507 2772 3091 3245
5095 6440 7208 7737 8889 9946 10714 12059 13019 13980
5623 6248 7593 7689 9129 9706 10810 11578 13259 14316
6007 6758 7508 8059 9659 10210 11660 12811 13611 14311
4491 5214 5366 6203 7077 8332 8978 9397 10347 10803
2296 2738 3032 3684 3894 4378 4924 5113 5744 6312
1847 2200 2504 2697 3145 3242 3834 3850 4443 4571
3307 4058 4208 4809 5889 6610 6640 7511 8411 8771
2380 2675 3347 3726 4062 4567 4735 5176 5639 6269
4183 4832 5444 6381 6489 7822 8578 8866 9659 10559
3439 4199 5223 5322 6279 6874 7798 7997 8756 9879
4737 5641 6372 7276 8050 8739 9642 11105 11320 12438
4807 5048 6208 6729 7209 8490 9210 10291 11131 11531
1279 1496 1821 1929 2338 2410 2818 2951 3227 3395
3997 4644 5594 6583 7153 7800 8902 9473 9891 10841
1688 1800 2178 2291 2767 2894 3146 3469 3791 4113
2721 3228 3504 3873 4264 4702 5392 5899 6336 6888
2815 3572 4085 4707 5274 5491 6112 6761 7031 7896
2211 2326 2896 3296 3467 4076 4304 4742 5122 5540
1719 1992 2537 2729 3162 3482 3690 3867 4219 4491
4407 5408 5768 7089 7729 8010 9410 10171 10571 11211
4035 4606 5556 6393 7267 7686 9016 9397 10651 11069
1552 2003 2333 2679 2934 3220 3505 3640 4046 4376
1612 1808 2198 2469 2709 3235 3550 3866 4076 4361
4453 5100 5518 6659 6925 7914 8826 9206 10461 10765
3822 4207 4943 6134 6974 7675 7780 9111 9251 10442
3307 3758 4658 5079 5499 6400 6790 7511 8411 8531
3510 3945 4844 5186 6023 6675 7016 7699 8629 8753
3138 3852 4658 5093 5961 6675 7389 7451 8164 8877
4777 5813 6398 7344 8830 9325 9955 11441 11711 12972
3802 4298 5057 5289 6345 7171 7567 8195 8987 9383
3769 4067 4925 5718 6378 6775 7930 8096 8987 9317
2761 3761 4004 4626 5139 5761 6274 7031 7571 7652
2254 2864 3369 3411 3789 4504 4651 5303 5639 5933
1732 1943 2153 2664 2934 3235 3445 3746 3956 4451
3717 4208 5083 6204 6624 7115 8095 8410 9811 10407
3892 4522 5262 6225 7113 8076 8335 9298 10260 11112
5124 5770 6630 7706 8437 9169 9728 10976 11363 12094
3857 4523 5048 5609 6975 7150 7815 9111 9531 10126
2007 2688 2808 3249 3689 4290 4670 5191 5551 5751
5671 6392 7016 7785 9417 10234 10714 11963 13307 13787
1505 1744 2122 2375 2810 3020 3146 3525 3679 4184
5111 6080 6916 7929 8809 9426 10086 10570 11451 12903
3367 3848 4648 5609 5897 6826 7594 8139 8715 9163
1687 2033 2123 2574 2814 3205 3550 3716 3956 4497
1969 2402 2799 2907 3538 3736 4042 4439 4817 5195
4180 5312 5936 6951 7068 8317 9175 9409 10268 11438
2407 3080 3704 4113 4329 5002 5602 6155 6563 6995
4107 5748 5994 7266 8209 8948 9030 10219 11491 12270
3102 3284 3830 4247 4741 5210 5730 6771 7213 7395
4393 5899 6286 7190 8566 8997 9857 11062 11965 12266
1567 1958 2168 2649 2829 3190 3370 3911 4211 4406
2707 3707 3815 4329 5004 5599 6031 6788 7139 7842
3400 3720 4242 4794 5316 5839 6506 7493 7783 8422
2383 2802 3485 3815 3991 4542 5158 5378 6017 6546
2359 2633 3242 3705 4104 4546 4840 5218 5555 6290
2013 2371 2473 2950 3171 3665 4056 4090 4465 4992
4448 4485 5373 6410 6891 7521 8668 9409 10260 10482
2211 2497 3029 3239 3809 4038 4247 4932 5141 5388
2923 3518 4004 4572 5112 5626 6328 6653 7058 7733
3927 4873 5153 5784 6554 7605 7780 8866 9111 10161
2711 3258 4065 4533 4741 5600 5938 6433 7005 7473
2147 2468 2888 3369 3909 4210 4790 4971 5391 6012
1129 1504 1735 1768 2209 2430 2562 2805 2948 3289
3527 4040 4840 5673 6089 6634 7338 8235 8875 9323
1294 1394 1768 1879 2033 2342 2628 2805 3003 3212
4258 5390 5975 6600 7224 8278 8668 9370 10931 11399
1522 2093 2273 2679 2739 3190 3595 3610 3986 4406
1067 1338 1589 1619 2010 2210 2310 2501 2651 2831
4141 5429 5624 6600 7497 7966 8707 9409 10853 11595
1645 1772 2164 2277 2613 3062 3314 3595 3693 4085
4255 5048 5552 6453 6993 7246 7966 9047 9623 10379
1657 1988 2393 2589 2844 3310 3580 3805 4031 4451
4886 5133 6158 6979 8045 8210 9276 10630 10999 11901
3927 4803 4943 5609 6764 7290 8375 9111 9391 9811
3367 4040 4936 5673 6345 6762 7402 8043 8331 9323
3769 4628 4826 5388 6444 6708 7930 8426 9218 9812
1363 1616 1844 1977 2349 2626 2650 3023 3191 3503
2695 3104 3777 4185 4329 4834 5554 5891 6707 6995
4795 5300 6477 6729 7611 8872 9502 10091 11141 12024
3783 4392 4552 5385 6217 6858 7626 8139 8683 9515
2887 3032 3704 4113 4809 5002 5554 5866 6563 7067
2864 2888 3440 3849 4641 4978 5458 6107 6299 7068
3542 4243 5574 5679 6344 7290 7745 8516 9146 10232
5957 6508 7458 8159 9659 10810 11660 12361 13361 14261
4141 4805 5507 6483 7419 8395 9136 10073 10190 11165
3543 4632 5380 5789 6503 7014 7864 8715 9293 9973
3101 3206 3960 4559 4897 5392 5938 6589 6953 7473
1567 1620 1854 2258 2388 2792 2948 3248 3612 3859
4107 5256 6405 6856 7963 9030 9071 10507 10671 12107
5159 6310 7138 7461 8519 9394 11004 11649 12477 13673
3997 4523 5573 5819 6869 7044 7920 9041 9706 10371
3200 3821 4907 5496 5899 6303 7388 7730 8226 9312
3406 4595 5223 5487 6081 6940 7402 8558 8690 9813
3050 3206 3882 4611 4793 5470 5886 6329 6849 7343
4640 5338 6487 7102 7799 8210 9030 9850 11040 12107
5958 6308 7859 8259 9209 10460 11010 12061 13211 14061
1387 1520 1700 2121 2253 2626 2866 2902 3263 3539
5691 6476 7505 8633 9809 10202 11574 12064 12947 14613
4007 4968 6048 7089 8009 8650 9090 10051 11091 12011
2031 2337 2456 3001 3307 3444 3835 4176 4465 4907
1027 1398 1609 1719 1849 2090 2400 2420 2731 2821
2383 2934 3352 3903 4255 4784 5026 5290 5951 6259
3507 4313 5328 5819 6379 7290 8060 8901 9776 10267
4883 6080 6862 7507 8749 9900 10498 11879 12845 13121
1228 1405 1658 1945 2132 2408 2595 2750 3003 3168
1623 2008 2280 2617 3018 3354 3530 3963 4171 4652
2455 3272 3656 4329 4593 5122 5554 6227 6419 6995
4350 5985 6329 7663 8222 8911 9642 10373 11965 12309
5155 5464 6872 7797 8281 9426 10570 11275 11803 12595
2422 2975 3458 3758 4356 4679 5162 5715 6175 6820
5002 5948 6713 7389 8199 9865 10585 11216 11981 13286
4032 4278 5434 5749 6835 7045 8235 8411 9496 9846
4040 5003 5558 6632 7298 8150 8483 9446 10260 10815
2763 3388 3726 4689 4819 5418 6198 6250 7187 7655
5838 5986 7407 8241 9564 10447 11378 12408 13437 14074
1964 2364 2782 3182 3810 4000 4190 4932 5122 5331
1541 1580 2023 2323 2609 2701 3130 3143 3560 3898
2211 2364 2725 3410 3543 4190 4456 4761 5217 5654
4867 6263 6398 7884 8289 9640 10450 11126 12071 13241
3255 3807 4213 5055 5693 6013 6390 7493 7754 8683
1351 1447 1784 2073 2229 2542 2842 3047 3347 3503
1421 1926 1996 2487 2543 2964 3356 3441 3679 4212
3847 3879 4648 5353 6185 6794 7434 8107 8971 9611
4687 5498 6984 7254 8109 9055 10000 11666 11936 13422
5506 5930 6635 7952 8986 10068 10444 11432 12936 13453
1895 1928 2312 2777 3129 3274 3658 4171 4315 4539
2732 3233 3733 4084 4659 5360 5535 6011 7011 7236
2907 3662 4126 5026 5432 6274 6651 7493 8102 8595
4327 4848 5768 7049 7649 8410 9610 10051 11171 11371
4715 5508 7005 7885 8061 9074 9910 10747 12199 12903
2603 2758 3110 3881 4145 4520 5202 5379 5995 6391
1607 1992 2472 2649 3210 3418 3706 3866 4187 4796
3220 3410 4166 4842 5409 5599 6274 6923 7112 7814
1843 2510 2546 2889 3574 3934 3970 4565 4925 5051
5459 6353 7152 8140 8751 10115 10820 11761 12842 13359
1411 1532 1856 2121 2193 2506 2722 3059 3263 3383
2249 2421 3049 3391 3467 4114 4475 4722 5141 5445
2893 3440 3778 4299 4949 5340 5730 6381 7291 7447
5789 5887 7456 8437 9221 9859 11770 12555 13633 14074
5047 5588 7209 7884 8604 9190 10540 10900 11936 13286
2625 3088 3264 3705 4299 4586 5092 5555 5929 6479
1612 1807 2153 2544 2874 3310 3595 3731 4211 4406
1928 2286 2558 2933 3307 3478 3920 4142 4516 4890
3802 4595 5156 5817 6279 6907 7270 8558 8954 9878
2896 3437 3950 4545 5220 5788 6490 6707 7274 8003
1017 1368 1508 1619 1869 2100 2250 2541 2651 3012
4301 4834 5480 6127 6849 8028 9054 9245 10347 10879
1027 1368 1608 1709 1939 2090 2360 2611 2801 2831
5553 6118 7246 8046 8892 9598 10585 12184 12748 13312
2527 3128 3680 3897 4521 5146 5434 5867 6611 6971
3367 3395 4320 4741 5301 5974 6674 7151 7347 8215
5191 5768 7545 7929 8937 9994 10810 11771 13163 13691
1927 2248 2360 2681 3193 3386 3850 3866 4347 4587
3845 5252 5632 6811 7305 8028 9054 9739 10499 10727
3781 4707 5188 5929 7224 7965 8298 9261 10260 11038
3139 3981 4387 4852 5461 6216 6419 7348 7551 8131
3868 4298 4991 5817 6114 6775 7303 8129 9152 9284
4694 5383 6286 7061 7921 8610 9599 10589 11879 12654
2268 2516 2972 3334 3695 4000 4437 4608 5217 5597
5047 5723 6488 7749 8424 9550 10405 10900 12476 13016
3715 4940 5228 6201 6561 7678 8614 8867 9587 10199
3023 3604 4445 5026 5258 6390 6535 7232 7841 8508
1239 1449 1647 1967 2121 2408 2551 2738 2937 3256
3293 3883 4969 5000 5899 6520 7326 7575 8474 8691
4627 5174 6434 7107 8157 8914 9880 10679 11729 11771
2227 2808 3168 3429 3969 4009 4770 4850 5491 6011
3112 3464 4247 4437 5382 5788 6436 6706 7490 7625
3247 3788 4004 4599 5274 5761 6409 7031 7490 7895
4417 5552 6182 6771 7779 8788 9754 10133 11015 12528
1547 1730 2220 2417 2711 2992 3216 3581 3889 4155
1407 1744 2080 2501 2613 3020 3286 3651 3721 4127
3927 4348 5363 6204 6974 7500 8165 9111 9461 10231
2096 2348 2853 2997 3285 3682 3970 4349 4727 5232
4336 4844 5702 6795 7107 8044 9097 10073 10775 11087
3367 4328 4904 5545 6025 6666 7466 8331 8587 9099
3457 3758 4448 4809 5469 6280 6700 7451 8171 8591
5047 6104 7689 8313 9321 9946 10906 12347 13067 13451
3703 4331 4760 5883 6511 6709 7336 8393 8855 9383
2698 2814 3573 4149 4471 4840 5392 5876 6129 6543
1687 2108 2303 2664 2784 3160 3505 3731 4076 4241
3283 3928 3956 4909 5133 6114 6618 7263 7459 8411
2840 3008 3584 4089 4449 4882 5626 5771 6371 7020
5244 5772 6212 7313 8810 8898 10482 10570 11979 12463
4694 5512 6415 6932 8351 8739 9900 11191 11879 12869
2353 3159 3620 4034 4587 4633 5185 5761 6175 6566
3787 4663 5539 5749 6379 7220 7745 8411 9776 10091
2116 2592 3010 3315 3467 3905 4494 4818 5255 5597
2560 2860 3597 3850 4471 4840 5208 5576 6405 6566
3307 4100 4925 5289 6312 7270 7864 8492 9086 9317
4377 4948 5670 6735 7343 8256 8826 9473 9929 10879
2606 2929 3527 4103 4402 4886 5070 5968 6382 6681
4570 5468 6053 6639 7614 8434 8941 9956 10229 11126
4501 5804 5972 7065 8157 8998 9838 10258 11729 12485
1107 1218 1498 1659 1969 2070 2410 2460 2811 3002
2882 3108 4009 4334 4609 5385 5910 6136 6561 7136
1926 2459 3011 3315 3486 4000 4570 4951 5217 5369
2767 2936 3632 4065 4593 4978 5770 6227 6587 6827
5005 6329 6917 8094 9025 10202 11329 11869 13290 14271
4777 6038 6984 7569 8469 9505 10675 10856 12026 12611
5005 5846 6266 7359 7695 8914 9754 10763 11225 11813
2128 2885 2948 3369 3915 4546 4966 5156 5786 6207
2059 2592 2991 3391 3429 4000 4285 4837 5065 5635
2607 3233 3758 4334 4934 5435 5835 6261 6761 7261
4979 5464 6300 7269 8545 9250 10482 11011 11979 12683
5159 6310 7277 7599 8289 9256 10866 11050 12661 12983
2047 2548 3028 3529 3909 4150 4690 4931 5551 5691
1541 1659 1945 2193 2544 2610 3117 3143 3456 3794
1673 1842 2234 2361 2543 3006 3244 3482 3917 4043
4979 5948 7004 7753 8105 8809 10570 11275 12243 12727
5250 6231 7113 8290 9074 10790 11035 12212 13437 14565
4647 5248 5848 7009 7569 8130 9050 10371 10651 11731
2254 2612 3348 3537 3999 4252 4735 5366 5576 5891
2515 2736 3484 3617 4233 4740 4960 5466 6149 6589
4530 5138 5480 6279 7458 7648 8370 9587 10309 10803
4737 5598 6157 7104 8265 8610 10158 11191 11750 12524
2603 2956 3396 3771 4299 4652 5246 5731 5885 6369
3847 4488 4712 5417 6281 6634 7530 8235 8843 9579
3081 4068 4068 4823 5403 5984 6883 7087 7638 8480
3007 3458 3933 4334 4534 5360 5760 6235 6886 7486
4111 4904 5156 6273 6957 7822 8038 9263 9659 10235
5507 6007 7508 8709 10009 10410 12010 12611 13961 14661
4393 5555 6846 7104 7921 9298 10158 10718 11535 12309
4975 5712 6816 7921 8979 10084 10728 11188 12707 13719
1911 2235 2456 3052 3205 3750 3937 4414 4652 4805
1522 2048 2258 2409 2919 3070 3490 3641 4031 4497
1719 2104 2264 2777 3145 3418 3658 3963 4251 4764
2233 2738 3200 3789 4041 4525 4924 5219 5702 5891
5757 6108 7408 8109 9259 10810 11960 12561 13261 14962
3495 4136 4904 5321 6121 6442 7498 7883 8939 9227
3339 3844 3956 4629 5273 5722 6534 6955 7795 7935
2059 2592 2858 3125 3753 3981 4342 4875 4970 5426
3802 4001 4793 5586 6015 6775 7402 8492 9152 9912
2537 2998 3666 3758 4310 4771 5415 5784 6060 6796
3458 3894 4648 4823 5635 6390 6738 7028 7899 8537
2919 3480 4461 4489 5189 6170 6618 7067 7459 8159
2347 2528 3028 3329 3729 4170 4810 4831 5351 5651
3747 4224 5347 5721 6197 7252 8102 8375 8851 9701
1228 1493 1691 1868 2055 2287 2606 2716 3036 3234
5365 6071 7481 8469 9362 9927 10632 12090 12748 13547
4558 5338 6199 7102 8168 8784 9030 9973 11491 12147
1623 2104 2569 2633 3162 3482 3610 3995 4235 4539
2919 3127 4142 4221 5105 5652 6198 6641 7109 7811
4287 5288 6048 6769 8009 8210 9410 10131 11011 11771
2761 3788 4220 4707 5031 5788 6193 6761 7220 7976
3247 3998 4808 5079 5709 6460 7180 7540 8141 8921
1228 1383 1625 1923 2033 2221 2639 2673 2904 3257
2835 3592 4181 4573 5077 5610 6170 7123 7543 7880
2307 2808 3169 3469 3629 4090 4590 4890 5491 5791
3475 4564 4972 5891 6673 7150 7694 8545 9463 10143
3696 4007 4906 5434 5899 6458 7016 7916 8474 9156
3231 3852 4907 5248 5682 6706 7233 7544 8567 8722
2527 3200 3464 4113 4377 4810 5314 6011 6731 6779
4436 5254 6028 7663 8523 9255 10287 10890 12051 12481
5299 6525 7064 8829 9025 9908 10937 12310 13633 13780
1195 1350 1758 1912 2121 2408 2617 2683 2926 3179
4447 5077 5558 5966 7372 7595 8483 9224 9964 10667
3399 3848 4777 5449 5769 6634 7242 7723 8619 9036
2763 3362 3700 4585 5210 5236 5912 6719 7031 7369
3517 3728 4238 4899 5529 6550 7090 7811 7961 8771
5857 6608 7608 8659 9009 10710 11110 12611 13011 14261
1228 1339 1658 1824 2000 2353 2441 2750 3036 3279
2347 2628 3088 3249 3989 4230 4650 5151 5291 5691
3157 4208 4538 4929 5859 6490 6910 7661 8231 8711
3284 3633 4300 5084 5751 6216 6883 6970 7696 8595
4517 5174 6240 7348 7553 8415 9194 9974 11081 12107
5207 6508 7258 8959 9909 10160 11160 13011 13511 14661
1411 1676 1844 2073 2361 2578 2650 2914 3215 3515
2347 2808 2808 3589 3689 4330 4690 4810 5471 5791
3647 4628 5223 6029 6519 7675 8165 9111 9776 10406
4699 6126 7046 8105 8565 9209 10498 11971 12845 13765
4003 4688 5048 5769 6993 7570 8434 9227 9767 10235
5389 5620 7369 8243 8841 9348 10774 11096 12063 13489
2116 2326 2877 3201 3714 3867 4380 4932 5141 5350
1861 2276 2744 3213 3537 3844 4222 4673 4763 5069
2047 2708 3188 3549 3989 4230 4630 5091 5371 5871
4183 4436 5048 6021 7210 7210 8326 9335 9875 10307
2782 3258 3783 4334 4509 5110 5835 6461 6661 7462
4822 6263 7163 7884 8199 9505 10720 11080 12476 13196
5362 6038 6533 7749 8559 9640 10720 11261 11711 12701
5459 6400 6964 8375 9221 10256 10679 11808 12419 13594
2857 3383 3733 4034 4509 5310 5860 6010 6986 7261
3081 3836 4155 5026 5519 6187 6796 7057 7986 8479
5887 6819 7652 8829 9711 9859 10790 12015 13045 14074
5113 5712 6540 7645 8657 9532 10268 11465 12845 13490
4207 5048 5648 6849 7289 8490 9410 9731 10571 11532
4694 5512 6200 7448 8093 9040 10115 10373 12051 12912
4007 5608 5808 7209 7529 8530 9050 10291 10771 11691
4507 5453 7119 7209 8784 9775 10405 11216 11891 13152
5479 6440 6824 8169 8793 9754 11194 11627 13163 13883
4642 5408 6758 8109 8965 9190 10225 11306 12206 13016
3277 4148 4448 5229 5589 6160 6850 7541 8321 8951
3679 4796 5444 5949 6597 7606 8110 9299 9767 10199
4975 6126 6632 7645 8519 9946 10406 11879 12385 13305
1515 1620 1906 2284 2609 2857 3130 3274 3573 3664
1687 1729 2206 2375 2627 2894 3314 3637 3833 4211
1157 1218 1579 1689 1919 2210 2220 2541 2641 2831
4111 4544 5336 5949 6921 7678 8002 8939 9911 10343
5038 5942 6286 6975 8265 9470 9814 10502 11750 12653
1928 2120 2280 2585 3033 3386 3658 4043 4283 4683
5111 5728 6740 7929 8501 9470 10042 11187 12111 12947
4189 5666 6158 7225 8209 8702 9440 10219 11245 12188
4495 5948 6388 7137 7929 9690 10086 11187 11847 12639
4907 6770 7505 8094 9613 10594 11329 12359 13143 13878
1217 1504 1614 1923 2165 2386 2518 2650 2882 3168
4102 4347 5573 6274 6869 7570 7885 8760 9776 10336
3247 4058 4508 5079 5649 6010 7210 7210 7811 8832
6007 6208 7808 8059 9909 10110 12010 12360 13361 15012
2307 3205 3251 3827 4172 4725 5231 5853 6405 6751
4207 5088 6168 7129 7809 8650 8930 9770 10651 11932
1928 2388 2729 2831 3103 3563 3852 4295 4465 4788
3399 3976 4872 5385 6314 6442 7338 7851 8555 9452
2247 2468 3068 3509 3849 4110 4670 4810 5351 5791
5021 6310 7368 8151 8979 9578 10866 11418 12431 13351
2807 3333 3883 4284 4634 5510 5685 6511 6686 7411
2127 2708 3048 3309 3970 4110 4450 5091 5251 5711
2078 2478 2935 3220 3734 3810 4323 4685 5160 5350
4754 6588 7340 7999 9080 10115 10961 11902 12889 13782
4067 4348 5013 5994 6379 7675 7850 8446 9671 9881
1305 1471 1691 1945 2055 2220 2573 2827 3047 3168
2173 2516 2725 3391 3543 4019 4247 4837 5065 5693
2581 2692 3507 3639 4321 4850 4894 5290 6083 6523
3645 4190 5176 6129 6333 6912 8170 8681 9089 10109
4522 5426 6759 7749 8437 9083 9986 10632 11449 12309
4353 5051 5748 6856 7799 8497 9768 10507 11122 11819
3101 3388 3830 4195 4975 5678 5964 6407 7161 7395
1407 1884 1968 2403 2655 2908 3160 3595 3777 3945
4312 5010 6281 6897 7881 9030 9522 10097 11040 11778
5607 6158 7208 8309 9960 10360 11560 12461 13611 14711
1554 1672 1958 2232 2570 2792 2948 3339 3625 3833
2479 3080 3680 3921 4617 5194 5554 6179 6515 6755
5297 6356 7276 7553 9071 9854 10820 11787 12707 13121
5607 6708 7358 8909 9359 10260 11310 12461 13861 14261
3538 4430 4760 5421 6577 6610 7864 8525 8591 9548
2721 3021 3504 4057 4149 4748 5392 5645 6152 6819
1732 1958 2153 2664 2995 3265 3340 3610 3911 4421
4207 5804 6518 6855 7989 8746 9964 10343 11603 12233
1724 2218 2644 2916 3086 3478 3835 4210 4516 4857
1107 1548 1669 1912 2132 2254 2573 2684 2937 3124
1717 2018 2183 2679 2799 3055 3385 3821 3956 4391
2514 2952 3620 3689 4310 4679 5162 5600 6428 6889
4073 5062 5366 6697 6963 7648 8408 9891 10271 10689
3031 3302 4058 4356 5112 5923 6166 6680 7517 8058
1255 1604 1784 2037 2410 2446 2734 2891 3191 3516
5557 6608 7058 8309 9309 10360 11960 12611 13811 14211
4807 5168 6409 6729 7489 8490 9330 10011 11051 11291
2788 3437 3896 4761 5112 5599 6274 6653 7409 7733
4979 5728 6476 7665 7973 8942 10526 10967 11539 12507
2947 3844 4264 4517 5582 5610 6534 7123 7795 8019
2632 3183 3533 4459 4910 5085 5960 6136 6736 7186
3997 4644 6051 6317 7534 8066 8408 9169 10157 10841
4687 5723 6353 7614 8649 9820 10810 11126 12341 13151
5600 6541 6729 8140 8798 10162 11149 11949 12748 13688
2249 2402 2934 3049 3771 4133 4323 4799 4951 5540
4039 4940 5372 5913 6633 7930 8614 9299 9947 10091
3007 3408 3558 4309 4859 5410 5985 6185 6686 7461
4297 5468 5780 6873 7497 7966 8668 9800 10463 11165
4963 5636 6644 6897 8409 9040 9880 10132 11771 12443
5672 6008 6968 8025 9610 10090 10810 11627 12587 13595
1327 1460 1784 1941 2373 2578 2734 3119 3251 3527
3226 3923 4591 4765 5374 5926 6390 7058 7580 8654
3815 4088 5176 5959 6163 6912 7932 8647 8851 10076
1741 2150 2439 2831 3120 3495 3869 4227 4635 5044
2227 2428 2988 3609 3949 4270 4510 4810 5571 5831
3448 4131 4410 5341 5992 6272 6985 8009 8691 9032
2945 3596 4038 4169 4845 5600 5964 6276 7109 7421
1762 2078 2153 2694 2784 3025 3460 3640 4076 4497
1167 1358 1609 1719 1839 2060 2230 2571 2711 2871
4172 4523 5608 5714 6659 7570 8130 9006 9776 10161
1951 2348 2853 3069 3357 3772 4024 4565 4781 5412
3399 4296 5001 5673 5865 6762 7114 7883 8843 9099
5111 6036 6564 7533 8413 9338 10174 10702 12023 12463
2503 3176 3584 3969 4497 5098 5410 5867 6251 6996
3835 4265 5057 5553 6048 6973 7633 8360 9152 9878
1687 1807 2394 2559 2904 3010 3475 3761 4181 4451
3023 3258 3674 4195 4975 5678 5834 6511 7187 7629
4607 5712 6908 7553 9118 9532 11004 11971 12109 13121
1655 2008 2504 2809 3210 3258 3770 3947 4363 4619
5362 5543 6848 8064 8919 9099 10540 11441 12611 12746
3472 4595 4859 5421 6114 6808 7732 8393 9185 9746
1687 1976 2392 2841 3145 3338 3706 4075 4443 4571
1843 2366 2870 3051 3591 3790 4294 4492 4871 5339
1187 1328 1468 1619 1849 2200 2360 2450 2721 2941
3067 4118 4298 5349 5739 6550 6820 7631 8081 8711
2633 3648 3778 4533 5027 5704 5938 6641 7109 7395
3355 4007 4938 5527 5961 6799 6892 7636 8567 8691
5152 6868 7652 8045 8878 10398 11623 12359 13437 14564
1316 1515 1669 1912 2143 2419 2430 2805 3025 3113
2192 2478 2782 3334 3543 3981 4361 4818 5027 5521
3807 5214 5366 6393 6849 8256 9016 9169 10347 11031
5343 5988 6724 8243 9072 9900 10130 11142 11971 13213
4187 5024 5366 6697 7609 8180 8636 9701 10575 10765
1826 2150 2422 2984 3256 3427 4005 4090 4737 5112
4459 5804 6266 7443 7989 9124 10006 10721 11141 11981
4271 5543 5953 6815 7840 8784 9768 10671 10671 11983
2249 2345 2915 3220 3524 4152 4342 4932 5122 5350
4167 5048 5728 6569 7449 8290 8930 9971 10571 11372
3967 4199 5222 5949 6609 6742 7402 8029 8723 9713
2647 3320 3368 4209 4761 5218 5482 6035 6587 6899
4180 4805 6249 6678 7458 8434 8824 9761 10424 11360
3578 4208 4268 4899 5499 6220 6610 7241 7871 8982
5446 6182 7211 8829 8927 9810 11084 12261 12898 14173
2721 3090 3366 3689 4333 4932 5369 5922 6175 6589
3507 4523 5048 5679 6624 7535 7815 8936 9181 10302
3187 3908 4719 5229 5739 6070 7120 7481 8171 8411
4451 5684 6344 7797 8678 9382 9866 11407 11715 12595
4087 4530 5312 6129 6265 7184 7762 8715 8851 10211
2707 3308 3783 4259 4759 5010 5860 6511 6686 7361
3472 4298 5123 5718 6114 7138 7930 8492 8789 9911
3169 4100 4348 5465 5961 6210 6830 8040 8691 8815
5287 5864 7112 8361 9177 9658 10906 12395 12635 14268
1996 2371 2473 2984 3256 3478 3750 4363 4618 4924
2633 3518 3726 4325 5053 5548 5886 6459 6979 7682
3371 3894 4503 4997 5577 6042 6564 7319 7986 8537
4088 4530 4802 5483 6776 7048 7694 8579 9021 9871
2711 3544 3752 4273 4689 5470 5912 6329 7031 7760
2994 3778 4097 5026 5461 5984 6419 7029 7725 8364
2936 3894 4242 4823 5229 5926 6796 7377 8073 8450
4327 4888 5968 6609 7289 8450 9570 10131 10771 11852
2449 2912 3440 3815 4299 4431 5114 5489 5995 6523
4722 5461 5953 6856 7553 8907 9809 10384 11450 11860
1687 1958 2228 2574 2949 3175 3340 3701 4016 4391
3892 4733 5083 6204 6309 7500 8025 8796 9636 9811
4479 5383 6587 7491 7749 9255 9900 10331 11492 12611
2744 2952 3596 3781 4241 5001 5369 5622 6359 6911
1137 1248 1408 1749 1929 2170 2270 2410 2631 2992
5083 6353 7152 7858 9409 10350 10444 11902 12889 13970
4687 5000 5897 6561 7731 8512 9136 10034 10814 11087
2734 3248 4167 4464 5112 5491 6193 6653 7166 7680
3572 4131 4813 5496 5930 6768 6985 8040 8319 9063
2582 3433 3533 4234 4809 5460 5735 6436 7011 7186
2789 3596 3856 4247 5184 5340 6094 6303 6849 7447
2707 3233 3658 4109 4859 5310 5560 6461 6911 7011
2128 2948 3369 3558 4083 4441 4840 5092 5597 6269
2647 2890 3484 3903 3969 4652 5202 5466 6083 6611
1529 1594 1985 2115 2375 2701 2896 3170 3651 3716
1996 2150 2626 2916 3205 3563 3954 4414 4686 4958
2135 2497 2687 3106 3543 4019 4551 4666 5255 5521
3199 3676 4292 4713 5161 5918 6562 7291 7767 8243
3682 4523 5433 5994 6624 7360 8095 8761 9461 10056
4759 6124 6476 7797 8325 9426 10262 10570 12111 12683
3815 4360 4802 5925 6163 6810 8103 8273 8885 9667
4148 5010 6117 6897 8128 8702 9235 10671 11409 11573
3115 3536 4208 4825 5245 5610 6702 6786 7823 8356
1897 2312 2834 3033 3555 3952 4042 4691 4763 5285
3643 4436 5516 5769 7173 7570 8470 9155 10055 10703
3197 3865 4503 4881 5258 5955 6680 7290 7812 8596
4088 4292 4836 5653 6640 6980 7592 8307 8953 9940
3407 4564 5381 5721 6435 7014 7830 8443 9021 9633
2040 2345 2782 3049 3734 3829 4304 4818 5046 5598
4979 5508 6168 7225 8501 9602 10306 11407 12199 12903
2559 2956 3242 3551 4366 4762 5114 5356 5929 6171
1255 1496 1700 2133 2301 2578 2758 2987 3371 3527
4040 4485 5558 6373 7335 7558 8409 9187 10149 11112
2077 2167 2744 3069 3537 3934 4132 4456 4961 5411
1655 2008 2440 2857 3017 3338 3610 4171 4411 4651
2971 3440 4064 4429 4767 5262 5990 6771 7213 7733
3715 4652 5553 5805 6885 7210 8038 9083 9587 10632
4763 5256 6241 6651 7512 8333 9112 10261 10958 11779
5023 5376 6212 7445 8678 9558 10438 10835 11627 12595
5224 6494 7058 8187 9221 9645 11008 11996 12983 13923
5357 6808 8009 8609 9159 10310 11410 12061 13561 14011
2479 3008 3608 4113 4810 5098 5482 6011 6611 6779
4681 5666 5953 7102 8127 8579 9153 10014 11286 12024
1911 2167 2558 3052 3392 3597 3886 4209 4669 4958
2317 2890 3242 3771 4387 4784 4938 5709 5863 6501
3169 3790 4938 5217 5682 6334 7233 7544 8133 9312
5201 6378 7015 7996 9221 10741 11672 12114 13437 14123
2682 3308 3658 4259 4809 5310 6010 6361 6761 7361
3169 4069 4379 5062 5868 6272 7202 7575 8443 9002
4114 4892 5929 6484 7261 7706 8742 8964 10075 10482
1140 1515 1581 1978 2187 2419 2628 2860 2981 3234
3085 3518 4274 4815 5112 5707 6085 6950 7436 7760
2599 3176 3584 4257 4785 5122 5410 5770 6659 7115
2707 3248 3842 4869 5166 5491 6112 6761 7544 8004
5507 6057 7808 9009 9859 10860 11960 12110 13511 14161
1328 1394 1548 1956 2088 2331 2540 2695 3069 3091
4585 5888 6308 7191 8325 8578 9838 10090 11477 12359
1792 2201 2456 2967 3375 3631 4073 4090 4584 4992
2882 3458 3633 4459 4859 5360 5535 6336 6786 7411
4570 5429 5663 6639 7224 7966 8785 9448 10541 11595
1687 2048 2213 2484 2994 3100 3580 3701 4136 4256
1719 1944 2521 2889 3194 3386 3642 3947 4219 4699
3607 4058 4778 5379 5679 6280 7120 7781 7961 8771
2471 2846 3375 3551 4013 4454 5269 5379 5995 6171
5167 5383 6716 7448 7878 9384 9685 11191 11664 12137
3031 3329 4221 4842 5166 5599 6193 6490 7220 7679
5506 5648 7388 7576 8469 9598 11008 11996 12419 13453
4087 4292 5346 6095 6469 7388 8170 8306 8885 9599
4307 5727 6243 7749 8007 9255 9857 10589 11922 12352
4568 4644 6089 6545 7495 7610 8484 9549 10385 10689
1962 2320 2490 2967 3137 3410 4073 4244 4567 4958
4187 5328 6088 6279 7267 8066 8978 9282 10461 11335
2743 3128 3392 4089 4473 4810 5770 5915 6467 6923
4447 5288 6249 6929 7769 8290 8850 10091 10571 11491
1359 1646 2010 2310 2518 2779 3104 3156 3482 3807
4807 5448 5848 6649 7729 8250 8890 10331 10851 11531
4642 5633 6758 7974 8784 9595 10090 11126 11801 13377
2675 3067 3297 3781 4402 4656 5415 5646 6290 6843
2002 2402 2668 3429 3638 3848 4494 4590 5065 5674
2207 3022 3441 3595 4211 4432 4850 5577 6171 6369
4225 5114 5521 6225 7299 7484 8335 9039 10112 10519
3371 3546 4126 4997 5316 5810 6506 7406 7986 8189
3997 4278 5118 5854 6940 7010 8025 8901 9461 9986
5446 6476 7751 8731 9417 10153 11182 12457 12800 14221
5159 5712 7000 7967 8473 9946 10176 11419 12891 13167
5191 6488 7352 8073 8793 10282 11002 11867 13163 13499
3781 4530 5040 5755 6639 6844 7524 8817 9259 9769
1037 1348 1438 1809 1939 2020 2240 2461 2661 2932
5137 6083 6443 7659 8469 9415 10315 11396 12341 12836
2719 3272 3753 3921 4737 5002 5482 5891 6491 6755
4262 5151 5188 6114 7150 7965 8890 9372 9631 10963
3207 4424 5064 5769 6313 6538 7210 8043 8651 9291
2707 3358 3908 4334 4784 5485 5560 6361 6961 7336
3604 4562 4760 5553 5949 6808 7897 8030 8921 9416
2013 2337 2575 2882 3358 3699 3767 4124 4703 5077
1231 1640 1820 2097 2289 2602 2890 2974 3203 3551
2763 3466 4143 4637 4871 5288 5860 6276 7213 7577
3303 3912 5001 5673 6121 6538 7210 8267 8459 9291
1673 1814 2234 2459 2711 2809 3314 3651 3861 4155
1333 1815 2049 2245 2427 2831 2909 3352 3456 3885
1860 2048 2695 3001 3273 3410 4090 4312 4567 4873
5092 5678 6893 7479 8424 9910 10495 10900 11756 13287
1642 2078 2363 2604 2829 3040 3490 3761 4166 4301
3769 4001 5124 5487 6015 6643 7633 8030 9053 9879
1552 1988 2394 2514 2739 3265 3310 3791 4031 4346
5047 6248 6872 8649 8985 10378 11194 11915 12731 13451
1435 1898 2108 2501 2627 2894 3174 3539 3679 4184
4808 4968 6008 6809 7489 8170 9090 10011 10731 11731
5807 6858 7008 8609 9259 10960 11510 12911 13461 15011
3197 3952 4155 4794 5722 6158 6564 7348 7986 8334
4053 4394 5278 5993 6639 6809 7966 8783 9055 9565
5177 6494 6635 8328 8798 9457 11196 11620 12466 13265
5383 6152 7209 8265 8649 9802 10618 11771 12827 13451
1283 1537 1736 1813 2044 2210 2529 2717 3047 3102
3736 3968 4859 5388 6114 6907 7435 8393 8987 9350
3110 3836 4358 4881 5258 6013 6506 7435 7899 8218
4077 4781 5707 6299 6780 7891 8335 9002 9631 10742
1582 2093 2333 2604 2799 3265 3580 3791 4091 4331
3417 4162 4751 5310 5713 6489 6923 7606 8505 9001
3023 3662 4387 4939 5577 5984 6506 7406 7957 8160
3168 3517 4155 4852 5548 6245 6593 7174 7551 8683
4989 6165 7528 7811 9409 10303 11102 11760 12983 13406
1195 1471 1769 1857 2143 2254 2628 2827 2882 3223
2067 2628 2888 3509 4010 4150 4450 4911 5391 5852
4999 6008 7256 8553 9129 10378 11146 12347 12587 13451
2721 3021 3297 3896 4425 4840 5346 5715 6221 6704
4929 5804 6908 8151 8657 9900 10222 11050 12017 13766
2919 3788 4096 4825 5161 5638 6534 6843 7683 7851
1261 1416 1614 1912 2011 2254 2650 2761 2893 3201
2606 3021 3527 4149 4494 4725 5185 5599 6152 6543
3284 3546 4097 4649 5693 6216 6854 7464 7870 8624
2757 3308 3984 4409 4934 5210 5860 6035 6586 7036
2267 2768 2868 3469 3989 4230 4490 5131 5391 5691
2957 3258 4008 4384 4809 5460 5985 6085 6861 7211
1777 2003 2153 2664 2994 3190 3415 3625 4061 4376
5299 6476 7358 8437 9662 9908 11770 12064 13535 14025
4088 4462 4972 5687 6435 7320 7694 8579 9055 9905
2007 2528 3108 3409 3789 4370 4670 5131 5291 5691
3823 4328 5769 5805 6561 7498 8614 9011 9983 10668
3665 4255 4968 5155 5992 6334 7450 7978 8319 8722
4543 5342 6645 7023 7947 8494 9796 10511 11225 12528
1603 1856 2178 2445 2599 2964 3314 3539 3931 3987
5527 5620 7323 8059 8565 9302 10360 11787 12661 13535
3397 3998 4298 5289 5919 6340 7060 7511 7811 8741
4476 5666 6487 7184 7676 8702 9522 9850 11163 11532
2807 3452 4152 4629 5582 6086 6618 7067 7431 8131
1719 2024 2392 2633 2985 3274 3674 4075 4235 4668
4848 6306 6635 7764 9128 9739 10867 11808 12419 13547
1927 2168 2552 2889 2953 3530 3786 4171 4395 4619
2048 2099 2524 2933 3376 3427 4022 4363 4431 4839
1037 1288 1589 1659 2000 2090 2320 2501 2611 2831
3559 4104 4904 5417 5769 6890 7082 7787 8555 9420
5365 6306 6870 7952 8610 10209 11196 11714 12936 13735
2399 3021 3643 3942 4471 5001 5162 5645 6175 6750
3607 3607 4778 5139 5859 6610 6970 7360 8411 8891
5407 6038 6893 7794 9009 9730 10135 11621 12476 13016
2863 3760 4236 4573 5161 5750 6674 7039 7823 8271
1777 1883 2228 2694 2844 3115 3430 3701 4091 4211
4867 6308 6308 7614 8829 9550 10495 11531 12251 12881
2867 3128 3856 4481 4741 5262 6068 6719 6771 7578
3031 3599 4112 4626 5382 5653 6301 6652 7517 7814
3997 4558 5539 5784 6869 7010 7920 8656 9496 10442
2317 2714 3396 3661 4321 4828 5048 5599 5973 6501
2599 2960 3801 4041 4449 4906 5578 5867 6683 6995
3623 4200 4680 5769 5865 6698 7498 8235 8459 9227
3138 4286 4969 5372 5775 6768 7419 7668 8133 8691
1702 2078 2228 2424 2919 3265 3385 3881 4031 4436
2971 3180 4169 4559 5027 5678 5938 6302 6979 7577
1533 1884 1982 2361 2796 2964 3244 3483 3847 4029
3670 4397 4826 5421 6609 7204 7336 8294 9020 9713
3324 3821 4441 4969 6179 6365 7388 7916 8288 8970
3429 3778 4329 4910 5403 5984 6390 7435 7551 8712
1519 1702 2038 2277 2810 3034 3146 3511 3847 4113
2149 2654 3284 3579 4083 4294 4819 5387 5618 6228
3283 3479 4460 5049 5609 6170 6226 7207 7711 8103
1283 1438 1581 1813 2198 2331 2650 2838 3025 3289
3907 4727 5468 6288 7537 7888 8902 10034 10424 11400
4694 5985 6071 7190 8351 9341 9728 10588 12051 12653
1489 1789 1932 2115 2571 2662 2883 3274 3417 3690
1969 2366 2672 2997 3556 3610 4060 4655 4907 5141
5239 5912 6872 8217 9370 9754 10714 12443 12539 14316
2317 2738 3095 3579 3978 4315 5029 5240 5807 6164
1877 2150 2626 2916 3307 3546 3784 4176 4550 4941
2047 2548 3168 3389 3689 4390 4630 5171 5371 6011
4570 5273 5819 6834 7770 8004 9136 10034 10931 11477
3023 3546 4619 5084 5664 6187 6651 7551 7899 8421
1077 1318 1438 1749 1869 2210 2210 2551 2741 2821
4148 5748 6240 7225 7922 8948 9399 10589 10958 11983
2361 3022 3308 3925 4387 4608 5224 5687 5929 6523
3004 3653 3977 4869 5058 5788 6409 6571 7274 7814
1507 1853 2363 2709 2904 3310 3550 3610 4181 4391
5657 6458 7208 8159 9860 10810 11410 12060 13211 14712
5343 6126 7000 7967 8427 9486 10222 11465 12201 13121
1751 2216 2248 2777 2905 3338 3722 3931 4219 4491
3509 4394 5381 6129 6129 7388 7762 8409 9055 10007
3713 4326 5176 5551 6333 7116 7932 8341 9429 9599
4040 5003 5595 6262 7372 7446 8298 9631 10371 10778
1897 2222 2726 3105 3375 3754 4294 4439 4691 5250
3342 3749 4242 4649 5403 6361 6593 7145 7638 8160
5623 5960 6920 8409 9513 10522 10666 12059 13067 14123
3577 4523 5083 5959 6519 7010 7710 8411 9531 10022
4529 4682 5480 6621 7419 7952 8940 9663 10119 11259
3921 5252 5632 6279 7191 8142 8484 9549 10005 10841
3324 4317 4782 5372 5806 6582 6892 7606 8164 8939
4791 6218 7046 8151 8657 9440 10958 11695 12385 13627
2788 3437 4221 4599 4869 5437 6193 7004 7382 8085
5671 6728 6728 8601 8937 10570 10714 12347 12827 13499
1983 2459 2992 3049 3600 4095 4361 4837 4970 5521
3612 4803 5223 6239 6869 7570 8060 8690 9776 10441
1107 1248 1528 1709 1979 2090 2340 2611 2781 2811
1815 2248 2248 2665 2969 3466 3834 4139 4171 4507
3967 4463 5156 5751 6015 7138 7270 8228 9119 9449
4539 6168 6608 7445 8193 8898 9954 11275 11671 12463
2559 2934 3220 3749 4277 4806 4850 5577 5951 6259
4570 4765 6014 6912 7536 8473 8941 9839 10814 11399
4649 5039 5468 6756 7536 7810 8863 9371 10775 11009
2888 3032 3584 3921 4521 5242 5410 5842 6491 7212
2685 3154 3648 4169 5210 5366 5782 6381 7135 7552
2835 3564 4433 4685 5553 5946 6310 7039 7683 8327
5397 6574 6868 7947 9270 10251 10790 11869 13437 13731
3277 3638 4448 5169 5799 6040 6640 7751 8381 8982
5719 6680 6968 8553 8745 10378 10618 12155 13067 14363
4607 5758 7185 8013 9210 9256 10728 11327 12109 12891
5159 6448 6724 7369 8841 9210 10176 11281 12615 13167
4608 5899 6759 7018 8007 9470 9771 10890 11406 12739
1807 2456 2618 3051 3339 3952 4132 4583 4943 5321
2095 2240 2690 3015 3447 3754 4294 4583 5015 5051
1724 2371 2729 2763 3273 3478 3835 4142 4618 4907
2557 3007 3783 4484 4509 5410 5985 6436 6911 7461
1879 2276 2708 3033 3483 3610 4294 4511 4781 5268
1476 1711 1867 2349 2583 2688 2922 3261 3534 3755
2557 3483 3583 4209 4534 5185 5835 6236 6511 7011
2575 3008 3488 4257 4329 5266 5482 5842 6683 7116
3115 3396 4320 4517 5526 5694 6730 6843 7403 8159
5054 6770 7603 7996 9515 10251 11476 12653 13584 14270
3397 3668 4268 5139 5829 6340 6760 7721 7901 8741
2832 3483 3808 4484 4834 5110 5885 6235 6736 7386
4453 5214 5974 6469 7343 8028 8484 9777 10005 11297
5092 6218 6623 7704 9009 9865 10000 11531 12566 13421
4393 5942 6544 7749 8050 9427 10244 10373 11535 12868
2514 2791 3389 3988 4195 4863 5139 5807 6106 6566
4291 4652 5661 6129 6813 7570 8470 8939 9407 10307
1317 1449 1548 1934 2022 2331 2463 2805 3025 3124
4219 4616 5516 5769 6777 7750 8542 9227 10055 10415
2789 3206 3960 4325 5105 5522 6198 6771 7213 7681
3081 3981 4649 4939 5490 6158 6941 7406 7551 8537
4688 4766 6053 6366 7497 8239 9097 9605 10658 11009
1411 1652 1832 2169 2277 2506 2770 2890 3275 3527
4339 5176 5594 6393 7191 8142 9016 9891 10005 10689
4754 6259 7529 7717 9222 9786 10538 11620 12231 13547
4687 5078 5936 6522 7458 7966 8629 9956 10892 11438
1057 1398 1538 1759 1939 2090 2290 2501 2681 2991
1407 1758 2094 2291 2543 2992 3286 3623 3651 4198
2275 2696 3221 3705 3831 4567 4966 5387 5639 6185
4963 5258 6434 7149 8031 9208 9460 10679 11267 12527
4608 5899 6587 7147 7878 9298 9771 10546 11879 12567
5271 6541 6917 8234 9174 9551 10726 11431 12842 13359
3855 5077 5410 6669 6743 7632 8742 8891 9816 10371
3959 5328 5632 6659 7343 8218 9016 9168 10005 11107
3169 3852 4596 5558 5806 6241 7109 7544 8536 9095
1767 2056 2408 2649 3097 3290 3786 3947 4187 4796
2007 2808 3168 3529 3969 4150 4670 5111 5451 5911
2013 2354 2711 2831 3341 3631 3818 4329 4754 4873
