1000 10 10
7 33 70 93 51 96 45 71 82 21 66 0 35
4 36 70 62 72 23 66 75 46 52 51 0 19
4 36 96 74 65 22 46 75 100 73 55 0 16
7 62 26 32 55 43 47 72 72 87 35 0 32
2 80 35 57 42 79 48 65 21 40 76 0 10
3 40 95 32 22 33 85 58 24 73 96 0 15
4 80 50 88 43 38 89 64 74 60 44 0 16
7 86 89 36 50 73 98 34 66 22 88 0 32
8 90 54 25 64 84 96 83 92 45 92 0 36
3 23 48 77 37 95 55 45 75 36 23 0 12
8 92 57 56 89 20 89 88 51 33 77 0 39
4 25 92 27 72 56 78 96 44 99 83 0 17
4 98 44 33 94 81 60 35 68 97 34 0 16
4 41 95 54 59 73 93 27 67 61 53 0 18
5 70 38 33 74 67 29 81 99 22 96 0 25
5 55 74 88 91 71 40 61 49 59 85 0 24
3 98 68 39 74 99 54 84 33 33 71 0 11
7 66 77 33 89 36 36 22 61 95 94 0 32
9 63 32 82 56 60 72 48 85 75 80 0 41
7 54 68 20 51 24 45 34 65 39 62 0 31
8 88 24 97 70 70 82 70 37 83 34 0 39
8 76 44 98 57 50 94 46 35 56 48 0 39
8 72 67 36 74 49 44 47 93 78 91 0 37
10 62 64 84 87 28 30 36 82 50 59 0 46
4 53 29 83 62 37 51 57 31 96 59 0 16
7 98 57 91 79 75 72 79 47 68 51 0 32
8 23 44 70 41 36 60 66 83 60 78 0 39
8 32 26 65 30 44 43 27 73 66 44 0 36
4 88 28 24 47 45 24 26 42 36 47 0 17
10 84 63 53 60 64 79 45 86 70 52 0 49
10 23 76 72 23 89 58 95 62 28 93 0 50
6 69 64 86 71 90 89 96 34 52 37 0 30
8 51 90 51 59 27 82 66 97 53 20 0 39
8 33 78 62 78 73 97 70 51 67 51 0 39
5 75 54 62 93 21 89 24 42 82 99 0 25
3 41 53 25 43 48 24 97 69 28 37 0 12
3 68 79 44 72 55 48 55 72 32 22 0 14
8 39 26 99 29 54 79 93 53 94 71 0 37
4 34 66 29 49 65 71 78 58 39 81 0 17
3 92 48 52 51 22 74 42 99 66 29 0 11
3 40 21 32 63 48 92 68 26 27 62 0 11
8 50 55 94 38 92 100 47 64 43 41 0 36
2 61 39 66 81 69 89 30 54 58 86 0 10
6 49 24 54 50 54 69 50 92 55 40 0 30
6 95 65 32 38 71 26 22 46 81 84 0 30
4 23 36 30 24 91 25 92 77 28 49 0 18
9 48 92 63 35 21 29 30 61 30 85 0 41
6 46 27 41 67 24 88 82 61 56 27 0 27
7 64 80 75 43 53 78 98 87 67 29 0 34
9 30 25 39 41 34 59 95 85 87 42 0 41
7 95 83 91 93 38 44 94 63 41 63 0 32
8 24 30 71 28 26 61 32 32 67 31 0 38
6 86 67 64 58 71 58 63 28 74 55 0 29
6 89 82 79 88 65 36 89 97 93 97 0 28
6 21 78 50 86 22 50 85 40 34 83 0 27
8 31 32 60 70 84 76 39 42 51 96 0 39
5 29 42 26 39 94 92 47 67 24 97 0 21
9 92 80 79 32 65 21 87 20 35 55 0 43
6 65 97 92 93 91 51 60 57 34 81 0 28
8 22 30 88 48 70 96 34 23 88 64 0 39
5 66 31 30 54 21 70 65 50 44 29 0 23
5 93 29 25 46 89 40 27 32 76 94 0 23
8 35 72 75 55 73 85 30 73 80 39 0 36
9 24 69 81 44 99 47 58 71 71 29 0 41
4 98 55 42 83 95 37 28 97 74 70 0 16
4 50 72 81 53 74 74 31 67 89 33 0 19
9 61 48 65 57 61 86 94 33 33 53 0 44
10 31 26 80 87 94 37 86 71 84 27 0 46
9 100 50 48 95 86 87 50 27 37 81 0 44
7 38 24 64 82 75 77 69 20 77 99 0 31
7 72 23 51 79 86 88 45 96 27 57 0 32
2 90 60 76 96 92 44 70 37 52 58 0 10
4 31 84 33 74 49 53 95 70 48 88 0 18
7 79 58 43 84 79 93 73 38 53 27 0 32
7 47 43 23 78 80 43 81 43 100 58 0 31
5 27 94 29 62 40 79 26 52 76 68 0 21
6 70 92 95 69 65 89 54 80 82 37 0 27
5 59 31 25 78 24 85 98 84 93 67 0 22
7 75 35 31 74 29 45 28 77 100 77 0 35
7 32 87 25 29 76 36 62 58 72 94 0 31
6 72 81 80 26 42 78 61 86 34 96 0 26
5 39 49 92 81 76 28 61 30 41 56 0 25
3 49 38 61 57 69 49 21 81 91 45 0 12
8 40 86 30 36 91 62 48 50 93 44 0 39
10 28 60 89 97 50 43 86 81 46 49 0 48
8 80 31 42 54 90 92 52 68 20 42 0 38
8 83 65 40 65 48 75 68 42 70 45 0 37
3 88 31 36 65 75 87 21 26 30 35 0 12
10 84 65 44 58 34 86 45 45 33 23 0 48
7 58 34 29 46 26 71 60 37 33 45 0 33
7 74 26 21 39 97 24 94 89 98 62 0 35
10 57 30 56 39 83 22 36 71 72 75 0 48
3 42 76 50 57 79 82 56 96 51 51 0 11
7 45 65 30 38 41 89 66 99 90 86 0 34
6 63 31 98 48 38 78 93 58 58 42 0 27
4 61 31 91 34 47 97 68 68 22 53 0 18
10 89 24 25 97 48 64 71 52 22 65 0 49
4 63 52 92 23 91 38 72 43 76 42 0 19
10 44 53 78 70 57 74 22 30 53 45 0 50
9 68 98 99 64 95 87 54 57 76 32 0 42
8 73 47 98 33 37 28 43 22 42 93 0 39
7 29 63 43 46 46 94 57 22 40 20 0 34
9 89 33 27 48 45 98 77 26 100 54 0 44
8 55 46 70 28 40 61 92 32 95 29 0 37
8 34 41 39 98 33 22 27 42 55 88 0 36
4 88 20 21 73 24 99 88 63 24 74 0 18
7 88 52 24 40 44 57 92 50 69 60 0 33
4 32 58 91 26 98 96 35 94 91 99 0 19
8 71 62 55 53 80 84 37 75 79 28 0 39
4 99 68 64 35 41 28 69 82 47 58 0 17
4 33 37 55 65 88 53 89 40 75 81 0 17
3 61 58 29 26 70 26 22 69 24 83 0 13
10 83 83 50 95 77 79 76 69 33 96 0 46
3 57 58 50 57 26 51 85 92 53 41 0 13
8 94 50 53 45 100 69 80 84 61 94 0 36
7 29 33 79 24 73 88 37 85 28 99 0 35
7 88 35 28 50 78 45 93 82 63 70 0 34
6 91 26 72 97 42 66 62 67 29 59 0 29
9 67 44 89 94 50 77 41 49 59 43 0 42
9 28 92 45 48 48 21 98 54 57 23 0 42
4 27 81 62 62 85 69 44 26 44 80 0 18
8 21 33 31 31 69 87 78 90 43 34 0 39
3 43 75 91 98 70 100 86 59 58 65 0 13
4 72 50 62 41 32 43 88 36 40 68 0 19
8 88 75 35 69 85 40 26 66 87 60 0 39
8 28 75 27 39 54 32 58 39 23 98 0 37
9 81 34 96 64 80 79 53 78 80 63 0 42
6 51 59 64 38 32 97 57 55 31 33 0 29
5 29 90 57 88 89 51 31 94 45 80 0 25
10 94 86 76 59 87 82 93 29 93 47 0 47
9 91 91 36 90 22 65 78 49 80 95 0 43
5 63 85 27 20 89 74 93 96 53 95 0 21
6 84 25 25 44 26 70 96 70 42 37 0 26
3 27 41 35 53 31 41 72 27 24 27 0 15
8 88 42 80 92 31 83 24 24 64 64 0 37
5 82 39 71 97 31 84 90 82 78 34 0 21
5 24 43 66 35 61 27 62 38 94 70 0 21
9 94 70 100 64 52 93 23 37 77 57 0 42
4 88 56 26 26 68 43 29 37 45 85 0 19
7 87 55 72 78 77 31 58 89 63 38 0 31
8 21 61 53 95 37 85 51 87 62 96 0 37
2 78 50 64 49 30 85 64 77 73 99 0 10
10 46 86 85 82 54 45 24 59 29 66 0 48
7 29 90 40 30 55 98 54 93 66 28 0 35
9 95 61 73 55 40 37 91 83 45 33 0 42
5 36 51 62 41 57 70 76 39 97 38 0 23
10 35 43 35 24 74 98 63 76 83 30 0 49
3 34 70 52 35 92 57 68 76 83 36 0 12
9 50 42 71 77 59 50 96 71 61 91 0 45
10 63 48 22 43 69 79 77 67 26 22 0 46
5 55 75 56 53 96 72 54 73 39 25 0 24
2 36 41 55 24 46 86 53 76 42 40 0 10
8 34 41 41 73 72 41 98 25 72 31 0 38
6 30 24 42 33 26 100 69 46 91 52 0 27
3 35 41 88 23 63 81 52 48 35 51 0 11
9 68 84 92 65 39 76 98 46 40 21 0 41
8 23 75 89 36 70 42 72 21 85 66 0 38
4 98 51 28 96 43 41 86 25 75 62 0 18
9 97 84 34 34 49 27 78 97 34 96 0 43
10 27 49 56 47 42 67 89 85 42 43 0 49
5 34 21 55 45 65 43 65 21 29 73 0 24
3 50 26 82 49 27 49 41 50 50 44 0 12
9 29 47 86 75 36 80 39 66 43 88 0 42
8 87 74 55 91 51 47 59 79 34 38 0 37
10 25 79 27 50 95 86 41 55 51 99 0 49
5 43 32 74 76 51 72 92 33 40 36 0 23
3 38 39 61 63 33 44 94 57 29 94 0 13
6 71 59 48 98 71 69 33 100 23 97 0 30
4 74 54 26 81 82 31 92 46 75 62 0 17
5 56 65 43 59 72 74 36 25 98 37 0 21
6 88 82 92 90 54 80 22 93 41 29 0 26
6 21 75 38 38 55 59 38 20 92 87 0 29
7 24 31 61 85 33 70 32 31 33 61 0 32
9 63 62 76 68 32 28 57 97 62 42 0 42
9 39 71 59 98 71 52 67 32 72 91 0 42
3 66 67 62 57 72 34 82 85 22 50 0 12
3 23 73 42 40 47 86 82 45 40 90 0 13
6 20 61 87 22 53 91 45 77 43 50 0 29
10 37 63 50 80 85 21 82 88 68 47 0 47
4 26 43 21 26 84 46 44 63 46 76 0 19
7 46 22 53 46 99 43 86 88 28 91 0 34
6 79 21 36 98 24 70 50 76 37 63 0 29
5 77 27 50 28 31 94 69 51 91 44 0 23
10 30 74 84 80 47 21 29 93 49 89 0 47
8 75 86 55 28 99 89 61 78 27 44 0 36
8 61 97 44 98 37 33 48 86 37 93 0 40
4 68 30 26 38 70 20 96 70 26 67 0 18
9 24 55 79 27 96 39 36 48 78 59 0 41
10 22 53 92 84 56 71 85 35 66 20 0 49
10 81 100 32 46 73 74 69 37 77 58 0 47
9 81 68 85 61 98 21 35 63 45 62 0 43
10 83 38 61 42 58 58 25 60 88 34 0 47
10 22 47 60 76 46 70 41 73 80 40 0 48
5 38 57 64 45 60 73 60 98 65 59 0 25
6 30 44 59 79 81 68 45 24 100 79 0 27
3 71 47 24 94 46 100 38 99 64 34 0 12
5 37 41 43 88 62 89 34 41 73 52 0 21
8 78 42 57 46 54 57 87 70 36 58 0 37
3 68 83 54 79 30 88 39 91 70 79 0 11
6 26 28 22 86 52 80 60 61 84 99 0 26
10 57 27 70 58 25 52 31 52 35 31 0 46
5 33 24 58 26 29 84 77 59 55 61 0 22
9 79 63 73 55 92 75 85 60 98 79 0 43
4 93 34 57 85 75 20 98 43 83 28 0 17
7 32 93 62 51 90 65 98 67 77 90 0 32
4 41 78 86 71 34 78 56 73 27 95 0 16
9 48 49 30 54 21 99 63 84 47 25 0 45
3 37 39 31 88 51 72 89 32 80 50 0 14
7 20 32 99 23 92 47 98 92 44 62 0 32
3 94 35 57 84 86 47 27 88 49 24 0 11
10 97 76 44 50 31 76 50 91 27 66 0 49
5 77 85 74 50 41 26 47 30 52 60 0 23
10 88 34 53 26 89 71 73 82 57 90 0 47
4 89 99 93 63 75 45 66 28 35 63 0 17
5 44 25 95 71 38 82 96 78 82 42 0 23
8 37 31 26 40 44 43 85 52 67 30 0 38
9 48 32 67 90 22 73 35 88 36 35 0 43
8 52 88 89 33 20 64 35 68 54 92 0 37
9 93 31 80 90 99 35 77 41 56 61 0 41
3 92 44 38 53 23 50 99 64 68 40 0 11
7 42 45 62 80 36 95 38 26 26 84 0 32
8 79 34 63 49 73 63 51 33 41 59 0 39
5 71 28 42 100 65 95 44 77 95 20 0 21
7 57 32 99 73 55 87 78 40 65 46 0 33
3 56 35 73 87 60 57 46 33 23 79 0 12
8 94 88 40 71 98 93 96 26 33 47 0 40
5 93 43 48 22 45 51 49 72 48 90 0 25
4 86 32 40 88 68 45 64 73 50 59 0 17
10 39 68 37 51 59 22 79 91 88 24 0 48
5 75 58 33 26 87 39 24 74 58 41 0 23
9 39 72 35 67 40 79 44 21 44 77 0 44
4 69 46 95 26 38 43 88 42 29 81 0 18
10 64 83 98 54 83 25 84 85 31 48 0 46
9 29 97 56 21 64 65 60 51 97 32 0 41
6 96 68 34 69 56 92 44 95 95 53 0 26
5 23 37 85 86 53 21 62 35 58 98 0 24
5 34 23 58 76 24 70 97 37 43 63 0 24
10 41 80 96 73 30 33 89 66 63 53 0 49
6 57 38 83 63 44 71 36 85 27 23 0 30
10 25 86 58 81 62 58 98 36 27 38 0 46
6 30 33 80 42 75 21 63 58 55 39 0 28
8 83 25 46 87 76 77 92 38 91 72 0 38
4 97 89 57 29 43 32 45 65 29 38 0 18
9 22 53 46 41 39 43 40 48 54 87 0 42
6 95 83 69 29 33 53 54 25 65 53 0 26
4 95 47 90 69 91 59 82 62 62 41 0 17
6 93 57 81 27 88 58 61 83 48 61 0 29
8 94 25 38 33 56 57 72 22 43 91 0 39
8 47 76 21 41 21 33 84 76 86 67 0 39
9 99 54 27 90 80 91 35 24 90 73 0 43
7 60 64 75 98 42 32 93 66 21 48 0 34
10 70 77 75 75 34 75 39 90 28 76 0 49
4 33 88 79 92 33 56 42 34 73 91 0 18
10 74 64 92 64 46 20 54 69 66 41 0 50
10 99 43 24 85 62 70 58 60 67 25 0 49
4 46 77 70 60 57 81 68 71 72 27 0 17
5 95 62 25 38 48 80 47 56 59 99 0 24
5 30 40 47 76 50 39 84 64 42 53 0 22
9 75 56 68 59 80 24 57 48 86 81 0 43
10 49 77 78 72 27 96 63 46 38 67 0 47
8 66 92 98 84 36 83 43 30 43 79 0 36
10 58 34 48 45 27 72 24 75 56 87 0 48
4 32 100 64 64 64 69 23 65 47 34 0 20
8 47 51 28 44 90 33 64 58 64 65 0 40
7 78 32 22 40 79 94 37 67 68 78 0 32
8 84 48 40 94 68 37 97 75 79 48 0 36
8 28 61 99 37 63 57 75 98 34 26 0 37
5 43 35 43 70 64 57 97 57 99 35 0 25
8 23 85 78 78 29 76 68 100 96 32 0 37
9 76 51 88 61 96 70 31 78 56 64 0 42
7 89 49 24 27 74 60 28 74 27 48 0 35
4 97 89 31 24 86 70 61 59 22 24 0 19
8 73 91 24 62 86 90 80 95 81 100 0 39
4 82 26 86 56 40 46 44 73 71 50 0 17
7 52 87 54 39 42 28 65 55 78 93 0 33
9 67 84 41 89 25 40 40 60 77 79 0 45
10 49 75 49 95 73 85 71 96 82 49 0 46
3 90 48 22 55 35 68 94 47 62 47 0 13
5 86 52 71 74 100 24 32 83 52 32 0 22
8 23 37 34 32 24 73 98 47 36 83 0 39
7 78 54 32 97 96 70 58 72 40 70 0 33
3 89 66 82 65 56 66 30 31 90 75 0 12
5 56 89 49 51 90 29 67 92 44 90 0 21
9 78 22 99 42 77 59 49 70 80 55 0 45
4 85 31 49 66 48 93 51 100 49 87 0 18
10 86 26 41 21 61 97 66 73 31 21 0 47
10 69 48 89 73 92 83 72 98 61 82 0 48
5 56 25 93 30 76 22 89 33 44 49 0 23
3 47 33 22 81 89 57 44 31 61 29 0 14
10 73 47 88 79 64 50 38 65 50 32 0 49
2 91 99 41 34 37 39 36 99 96 81 0 10
7 96 64 57 82 74 21 28 85 61 64 0 35
9 82 40 24 97 77 99 37 64 60 61 0 42
8 82 60 82 86 70 93 37 48 64 25 0 40
4 46 47 36 61 46 50 79 88 25 27 0 18
9 84 97 32 65 92 81 74 61 90 62 0 42
3 60 79 53 83 78 26 28 83 25 52 0 15
2 100 72 25 56 65 83 58 70 41 83 0 10
6 26 39 62 58 40 74 80 25 50 68 0 30
5 28 63 62 24 69 86 96 22 91 95 0 22
4 28 99 62 67 26 63 57 47 95 82 0 20
10 88 98 72 36 34 46 89 77 27 85 0 48
7 80 23 68 63 39 74 73 79 47 56 0 33
8 79 75 86 46 49 45 64 36 80 40 0 36
5 45 98 68 93 80 56 89 85 71 29 0 25
5 95 40 65 25 61 49 35 88 26 86 0 21
4 79 62 78 58 69 45 42 53 63 80 0 19
7 64 87 29 98 67 80 41 40 82 56 0 34
4 57 21 98 85 46 21 45 40 52 99 0 19
3 36 45 41 30 75 65 88 28 83 88 0 14
4 33 68 22 70 71 82 33 58 47 94 0 20
8 71 96 82 48 23 43 50 53 73 67 0 40
7 76 80 70 75 33 68 82 31 76 55 0 33
6 23 81 73 50 40 68 39 23 62 50 0 29
7 91 29 31 25 96 26 36 99 42 47 0 31
9 33 75 67 30 93 48 48 97 62 74 0 42
9 70 23 24 95 38 76 83 41 33 36 0 41
5 56 22 59 83 69 54 21 95 67 81 0 22
10 76 40 67 72 60 31 65 72 34 54 0 49
3 53 56 31 87 55 46 65 49 95 27 0 11
9 64 89 63 61 25 89 34 99 20 77 0 45
7 76 71 56 80 95 57 49 68 56 58 0 34
5 34 85 22 93 90 80 30 86 65 45 0 23
8 70 65 36 39 96 39 56 26 80 91 0 39
6 56 91 25 70 71 84 53 46 40 94 0 28
3 28 25 21 90 94 58 91 62 42 72 0 12
7 55 49 74 52 34 35 96 80 54 33 0 31
3 92 68 78 71 57 53 55 63 22 64 0 14
8 87 28 21 24 55 76 33 100 91 29 0 37
9 80 52 96 72 56 67 55 78 79 68 0 41
9 62 86 91 24 88 88 91 48 24 98 0 45
7 36 51 72 98 25 49 24 30 58 92 0 31
3 91 93 86 46 84 61 38 70 88 74 0 14
7 47 32 70 76 81 27 75 100 83 73 0 35
10 81 69 100 62 73 89 22 91 80 61 0 50
10 91 66 35 87 93 64 42 58 78 59 0 48
6 34 79 47 34 72 43 93 60 33 41 0 28
10 51 90 65 91 60 47 59 60 79 64 0 47
2 91 34 27 42 94 27 28 74 89 54 0 10
4 81 26 61 92 98 27 47 59 56 68 0 16
8 47 65 60 24 35 32 78 36 64 78 0 37
5 41 79 38 31 77 94 23 49 25 86 0 25
4 28 73 42 64 26 98 83 44 31 69 0 18
4 85 83 86 70 35 37 35 55 92 98 0 18
6 71 62 27 66 47 96 51 98 88 90 0 30
4 61 24 40 38 72 66 34 43 57 58 0 16
10 56 24 51 46 44 47 70 98 45 33 0 48
4 46 73 70 33 37 99 85 40 79 54 0 18
5 98 100 86 29 40 71 55 32 71 25 0 23
4 59 99 51 73 84 66 58 47 32 56 0 16
4 97 69 63 79 92 79 82 43 88 85 0 16
4 42 65 44 51 98 42 51 77 81 54 0 16
4 70 59 58 59 92 91 27 36 84 47 0 20
10 80 45 98 69 69 35 40 34 25 41 0 50
8 40 31 88 81 42 59 54 94 46 81 0 37
9 71 49 22 57 42 56 46 90 94 72 0 41
7 80 23 36 26 68 41 46 81 67 25 0 34
7 93 98 37 82 52 90 45 35 54 88 0 34
5 58 35 56 46 46 83 72 60 36 44 0 21
6 60 73 67 88 43 92 86 85 28 52 0 29
5 87 33 22 45 57 94 76 34 49 55 0 23
10 27 49 68 92 30 86 55 43 87 59 0 49
4 55 76 69 49 88 33 74 73 88 89 0 19
5 34 52 38 58 65 31 55 25 100 32 0 24
6 83 97 26 68 86 57 86 39 23 48 0 26
10 26 55 78 77 76 27 70 95 89 56 0 49
6 54 91 48 68 90 24 79 87 49 97 0 30
8 50 45 66 89 96 47 45 38 47 92 0 39
5 52 33 87 66 42 21 70 95 24 32 0 24
3 64 80 96 25 60 64 79 57 60 28 0 15
6 79 83 80 37 35 69 62 47 79 26 0 29
10 31 32 32 28 59 29 56 20 28 35 0 47
9 67 97 88 23 63 26 24 90 33 78 0 45
9 90 50 76 75 94 86 73 63 60 20 0 41
9 76 72 77 49 53 42 58 76 29 85 0 45
7 97 53 23 63 53 83 98 40 96 71 0 32
4 20 49 75 69 34 76 24 89 53 37 0 19
8 80 60 89 67 95 43 47 59 27 52 0 39
5 83 87 89 27 54 34 56 60 92 89 0 25
8 50 82 88 66 76 45 97 47 80 70 0 36
4 63 60 76 35 26 66 82 74 35 27 0 18
4 49 83 74 51 35 38 31 26 40 27 0 18
3 29 60 100 97 71 87 56 41 78 54 0 15
3 24 83 96 69 50 98 85 66 39 78 0 15
7 86 35 28 55 57 100 77 81 48 48 0 32
2 22 51 90 83 28 83 33 39 30 57 0 10
3 29 45 62 37 25 52 41 83 72 47 0 15
7 38 68 49 43 95 100 44 46 96 87 0 31
6 21 86 80 25 69 38 95 82 90 57 0 29
5 50 84 67 64 73 90 37 24 71 86 0 21
7 83 37 31 91 69 89 20 62 95 23 0 35
3 47 59 45 87 98 28 40 80 83 96 0 11
4 92 32 35 78 48 73 96 42 28 94 0 20
3 36 80 84 69 63 45 36 29 70 42 0 12
6 62 59 69 53 68 82 46 41 23 79 0 29
9 93 51 46 56 89 78 86 37 23 88 0 42
3 59 82 84 94 50 96 41 54 83 77 0 14
4 21 62 93 54 34 43 27 54 69 25 0 17
7 86 55 74 51 86 81 38 95 31 81 0 35
7 44 85 49 21 37 52 92 23 71 73 0 33
5 74 55 48 57 85 50 26 73 24 46 0 24
10 50 30 39 81 56 70 44 58 95 57 0 47
3 42 45 33 36 62 45 37 27 25 71 0 13
10 51 73 99 79 80 91 40 40 63 32 0 46
9 56 59 72 90 30 69 92 33 38 88 0 43
9 80 58 77 42 73 25 95 28 73 61 0 41
3 99 43 24 77 43 46 46 97 81 99 0 11
5 46 83 92 27 56 54 85 47 73 43 0 22
4 81 68 25 74 46 95 58 63 45 70 0 19
6 54 21 98 35 23 90 65 39 35 38 0 28
8 77 90 86 25 64 77 47 81 41 50 0 40
6 43 47 23 56 33 93 40 50 98 66 0 28
6 99 59 82 45 88 78 37 71 92 98 0 28
9 32 76 75 67 43 70 32 86 38 31 0 45
7 73 68 75 80 46 54 75 52 42 36 0 33
8 41 71 94 78 70 79 100 29 80 58 0 38
3 60 29 44 91 85 34 47 91 86 48 0 11
4 50 50 38 80 100 25 35 35 20 52 0 17
3 45 59 77 76 62 72 23 83 64 73 0 13
7 81 94 82 35 67 23 63 69 98 25 0 32
4 51 89 64 35 95 90 96 96 41 44 0 17
8 66 63 87 36 24 49 97 50 30 23 0 39
10 90 94 46 23 56 85 59 22 22 22 0 47
7 58 62 22 98 25 32 58 25 89 87 0 34
8 62 92 38 42 23 99 52 53 91 52 0 40
7 68 95 81 74 24 78 21 52 33 23 0 35
7 89 33 41 68 55 64 36 46 25 89 0 34
5 48 74 67 44 66 88 84 33 35 87 0 24
6 49 41 72 22 81 76 88 35 59 95 0 29
4 27 69 54 81 29 54 40 81 25 100 0 19
8 27 51 36 49 53 72 41 27 32 28 0 40
10 72 49 75 58 80 22 61 59 52 59 0 49
6 87 98 39 58 86 21 92 78 78 78 0 26
7 23 69 41 48 91 71 32 61 35 38 0 32
4 46 80 59 68 46 29 59 90 58 34 0 20
3 45 91 82 78 33 79 64 44 91 79 0 15
4 63 65 47 45 48 81 42 47 47 21 0 17
10 92 66 95 28 22 30 92 58 61 28 0 46
5 22 83 66 63 28 31 45 22 28 43 0 21
7 95 26 29 20 48 88 78 22 66 30 0 34
5 32 66 82 61 62 94 93 23 92 94 0 23
5 70 87 36 26 62 51 26 96 86 86 0 25
10 40 78 66 55 31 62 41 33 87 87 0 47
9 98 66 30 58 40 80 59 100 95 99 0 43
9 77 84 38 38 53 86 32 84 31 47 0 43
7 59 85 75 58 35 85 69 59 100 60 0 32
5 88 89 91 97 70 64 85 33 32 34 0 22
8 28 46 34 63 50 49 29 41 66 82 0 36
9 69 42 48 34 71 57 46 92 73 57 0 45
3 40 39 38 49 74 73 27 55 41 93 0 11
7 59 39 22 58 74 21 57 80 86 53 0 32
10 50 79 90 54 72 67 57 65 100 75 0 47
8 100 74 90 29 46 46 87 67 91 41 0 38
6 95 69 93 37 45 30 71 24 52 40 0 30
3 57 37 38 99 96 100 57 58 63 65 0 14
3 50 76 94 97 58 22 53 33 56 49 0 13
6 35 22 94 50 89 58 31 96 91 56 0 29
7 96 65 56 56 71 84 66 43 52 43 0 34
9 64 81 27 99 83 57 64 20 100 34 0 45
3 29 32 28 58 99 26 79 36 59 52 0 14
9 67 83 48 32 51 97 51 49 24 54 0 41
8 97 25 77 55 78 74 54 84 86 77 0 36
10 52 84 82 78 72 39 68 62 22 80 0 47
9 93 89 22 50 80 77 45 85 93 75 0 42
8 87 44 51 59 26 42 48 36 74 70 0 40
2 26 87 95 24 82 36 63 84 70 54 0 10
7 32 45 23 20 90 60 67 71 41 29 0 34
8 41 60 75 21 28 84 33 31 50 37 0 36
3 89 93 24 85 67 42 28 51 55 34 0 11
10 90 58 100 82 72 24 67 43 33 57 0 49
10 61 39 92 67 55 40 21 41 95 88 0 49
5 28 85 53 55 68 80 42 27 22 62 0 24
4 91 96 94 89 48 59 92 30 97 43 0 16
6 64 25 69 99 88 27 54 78 97 37 0 28
6 56 52 32 80 80 64 53 50 34 59 0 30
6 32 44 61 36 99 22 45 31 50 85 0 26
4 34 40 92 53 56 96 83 20 58 39 0 16
6 66 85 45 99 40 80 52 72 58 45 0 27
8 61 78 88 44 59 94 45 66 48 71 0 37
7 41 82 91 35 33 37 50 83 71 97 0 33
3 33 28 60 35 100 74 55 97 93 84 0 11
9 67 79 72 45 66 20 80 92 81 26 0 42
7 26 28 80 95 92 32 47 93 63 82 0 35
8 95 98 75 67 58 24 64 51 50 65 0 40
3 44 46 35 26 61 72 100 57 85 26 0 15
5 47 57 28 38 55 97 70 81 82 46 0 23
4 78 79 98 52 34 39 52 85 23 68 0 20
8 43 39 96 86 39 50 90 76 76 41 0 37
3 22 85 99 30 53 35 32 79 81 78 0 12
10 94 66 51 97 49 35 65 52 82 60 0 50
3 50 89 91 37 70 89 36 78 99 45 0 14
8 23 58 89 30 75 23 70 81 48 51 0 38
10 73 51 54 76 86 55 70 62 54 94 0 48
7 71 31 56 88 52 89 42 90 32 83 0 34
6 85 25 97 100 35 28 77 35 40 88 0 29
9 50 32 29 68 38 29 61 28 92 59 0 42
7 72 51 44 28 88 52 30 86 57 26 0 31
6 76 94 68 34 38 58 39 69 99 72 0 30
3 98 92 80 87 61 48 60 99 74 27 0 15
5 82 36 67 99 22 27 31 59 93 48 0 21
6 48 37 36 71 22 66 28 52 88 33 0 27
5 27 52 97 59 98 34 52 36 53 47 0 25
10 31 59 83 70 41 49 61 32 48 57 0 47
4 98 63 60 49 84 70 70 67 30 24 0 20
3 91 31 58 79 40 70 26 94 82 23 0 15
9 71 65 26 81 64 54 46 62 53 67 0 44
5 74 79 56 74 86 98 51 62 70 92 0 24
5 50 32 52 99 62 28 37 27 53 58 0 22
6 26 21 93 25 31 76 64 96 69 47 0 28
7 38 93 35 86 79 60 44 40 80 67 0 32
8 67 76 44 21 28 38 22 84 40 37 0 39
7 62 23 33 83 50 99 82 61 93 95 0 35
4 52 44 57 71 56 42 75 36 75 56 0 17
7 74 49 63 56 63 52 73 89 73 73 0 35
3 99 76 82 90 26 35 66 85 91 46 0 11
10 91 67 37 47 64 80 77 51 64 91 0 48
4 21 23 22 31 43 84 28 54 72 80 0 19
9 92 37 50 27 55 51 93 38 51 81 0 42
5 49 20 41 23 22 51 78 49 94 92 0 22
7 73 95 47 96 67 66 29 72 81 81 0 32
9 50 81 21 51 41 84 30 74 37 22 0 41
7 25 42 27 94 41 98 85 61 91 98 0 34
9 22 23 22 100 59 61 88 54 26 55 0 42
9 26 63 64 50 66 34 76 27 54 23 0 42
10 71 36 65 89 65 63 43 25 83 44 0 50
3 23 32 85 87 96 61 75 51 46 85 0 15
7 97 67 38 41 97 73 66 85 82 97 0 31
8 72 32 87 40 68 84 45 64 82 49 0 39
7 53 34 54 36 20 98 44 81 74 34 0 35
7 90 41 52 43 76 86 87 38 63 22 0 35
3 25 67 66 82 56 62 55 68 80 64 0 11
5 31 35 93 87 44 80 65 79 96 67 0 25
10 74 100 77 60 67 34 67 92 79 55 0 50
9 22 68 45 32 36 98 65 20 24 32 0 42
6 29 93 37 79 43 61 84 78 98 40 0 29
4 20 67 25 43 73 24 73 28 94 96 0 18
4 22 27 60 77 64 88 98 76 49 60 0 20
2 69 99 37 62 72 76 85 95 48 58 0 10
4 95 73 56 76 38 35 85 27 92 79 0 20
4 73 92 79 61 52 90 86 77 62 65 0 19
10 65 29 25 22 58 43 33 53 75 70 0 49
8 31 20 94 83 88 58 80 73 54 92 0 36
10 29 46 94 63 93 40 74 44 81 58 0 49
9 82 70 33 57 55 22 55 88 85 60 0 44
4 86 58 89 86 27 81 63 55 84 83 0 16
6 92 60 92 94 40 80 50 47 40 63 0 29
4 61 55 59 42 77 82 59 75 34 86 0 18
10 91 84 34 27 72 53 51 95 50 98 0 46
4 25 62 36 39 22 69 43 55 63 66 0 16
4 72 98 23 61 83 53 82 93 64 38 0 20
10 40 34 61 58 31 77 85 40 94 57 0 47
2 51 78 43 62 98 42 28 78 64 69 0 10
10 51 91 34 31 80 84 24 88 87 55 0 48
3 38 90 36 77 93 89 43 47 59 53 0 11
4 36 71 51 62 73 46 76 40 67 40 0 16
7 20 29 71 68 87 40 40 27 83 88 0 31
4 52 37 92 24 34 68 58 98 98 46 0 16
7 96 43 22 81 22 32 27 30 51 47 0 31
10 67 34 86 89 74 94 53 54 23 74 0 47
4 41 30 74 93 39 77 35 50 49 21 0 20
7 36 70 56 98 94 44 87 79 70 71 0 33
7 95 49 48 98 28 99 43 56 38 95 0 33
3 100 54 87 58 24 89 63 79 81 27 0 14
10 81 54 22 87 66 87 90 39 37 68 0 46
2 27 64 68 86 74 81 44 64 62 98 0 10
10 86 100 41 61 49 29 81 82 61 100 0 49
3 32 96 61 64 53 26 43 94 30 25 0 13
5 70 64 89 28 22 76 46 52 21 49 0 25
10 37 95 21 87 44 26 92 83 23 29 0 46
5 77 99 67 25 69 45 69 79 68 83 0 25
5 67 48 89 25 32 84 68 24 77 27 0 25
4 70 76 94 69 59 58 29 20 25 85 0 20
7 57 97 45 72 42 38 24 71 42 79 0 33
6 57 69 97 97 56 65 64 71 84 64 0 30
7 25 58 84 96 93 21 92 82 91 96 0 35
9 78 86 60 69 70 47 27 30 67 52 0 45
5 42 95 71 65 33 81 89 78 57 90 0 25
5 25 97 79 85 25 67 54 21 35 38 0 22
6 98 20 88 68 70 38 78 70 50 85 0 26
8 45 22 33 97 98 92 29 29 40 21 0 37
5 21 91 55 78 32 86 80 72 46 81 0 24
4 59 80 73 32 77 79 41 68 64 87 0 17
3 35 97 100 45 67 97 80 43 92 20 0 11
10 59 46 42 24 60 98 37 67 53 52 0 50
6 97 78 74 86 88 33 32 33 57 29 0 27
3 45 71 65 80 43 33 23 70 32 63 0 12
5 66 65 34 33 93 41 24 95 46 27 0 24
9 72 84 90 26 78 52 30 51 96 94 0 45
4 68 61 49 31 78 91 82 53 95 22 0 18
5 70 72 74 92 77 48 90 91 53 60 0 25
9 92 77 66 44 30 80 58 98 58 53 0 42
5 50 26 84 53 86 26 84 37 62 46 0 23
3 49 71 46 30 36 44 66 91 57 91 0 13
9 30 86 71 81 80 39 52 58 23 77 0 44
4 54 25 51 21 87 84 27 37 88 58 0 17
4 51 37 90 70 36 36 83 54 92 61 0 16
5 57 50 42 52 25 69 51 91 31 33 0 21
9 37 91 23 22 35 85 76 93 38 27 0 45
4 59 27 85 37 90 47 75 59 73 94 0 18
4 35 68 42 21 69 22 97 89 40 49 0 17
4 93 38 53 54 48 62 68 42 46 34 0 17
7 62 84 50 31 77 39 42 24 94 77 0 35
8 81 28 59 42 46 30 53 37 92 50 0 40
5 48 69 100 61 81 68 99 93 62 31 0 22
6 63 20 71 93 37 93 100 20 38 23 0 26
5 35 67 98 71 45 85 31 34 63 39 0 22
5 30 49 42 75 86 91 67 26 90 95 0 24
8 78 76 74 62 73 55 79 95 91 49 0 38
5 52 22 35 85 52 88 31 35 25 91 0 23
3 45 59 61 91 50 63 46 65 25 33 0 15
3 32 32 44 62 79 94 73 76 98 80 0 11
9 56 82 68 54 82 93 72 94 38 43 0 41
8 75 92 99 55 66 34 24 71 96 52 0 39
6 99 79 47 65 36 81 52 63 39 69 0 28
7 68 45 60 90 61 95 28 26 29 64 0 31
3 77 59 43 58 95 59 42 35 98 87 0 13
6 69 23 44 52 34 48 46 89 26 88 0 27
6 57 45 52 30 87 33 69 77 43 94 0 27
8 72 62 59 64 79 77 81 84 32 35 0 38
10 90 50 21 33 86 37 40 65 65 28 0 48
5 52 69 33 30 100 49 22 36 37 85 0 23
6 89 22 98 89 79 86 65 92 79 92 0 27
6 26 82 84 20 79 94 45 66 88 74 0 30
7 38 27 58 44 92 99 46 46 65 26 0 33
5 29 88 61 52 81 27 89 92 71 84 0 21
4 47 74 38 72 54 82 74 78 98 88 0 17
8 66 70 58 58 70 60 34 70 89 54 0 38
3 94 66 23 79 99 96 64 72 94 75 0 15
9 47 99 74 80 20 80 64 80 89 94 0 42
6 78 73 97 43 80 78 74 24 62 98 0 30
4 73 98 47 36 74 78 33 91 57 61 0 17
6 90 32 72 66 99 28 68 81 27 70 0 29
8 33 68 41 30 40 41 65 96 74 20 0 36
8 85 75 41 41 29 62 31 62 74 99 0 40
3 42 38 54 68 24 39 79 92 32 97 0 15
9 37 29 75 97 64 75 99 83 55 46 0 45
6 41 75 55 76 62 28 90 68 97 56 0 30
6 95 76 30 53 24 58 58 88 23 58 0 30
5 87 23 51 27 82 34 50 41 23 46 0 21
5 63 48 49 50 34 24 61 97 99 64 0 23
4 30 69 33 23 41 81 87 95 20 37 0 16
9 85 72 38 85 59 86 51 93 70 58 0 41
8 34 61 90 38 89 91 24 55 54 34 0 38
10 23 68 92 82 60 30 78 90 93 54 0 50
6 99 87 57 48 59 59 62 62 41 79 0 30
4 95 77 38 97 88 96 31 56 49 96 0 16
10 27 32 72 53 64 33 51 30 40 79 0 46
4 99 87 89 49 99 37 81 82 84 79 0 16
8 22 90 25 85 79 68 60 60 36 72 0 38
8 35 55 40 37 89 43 80 45 48 87 0 36
7 61 64 62 70 22 44 70 99 58 26 0 32
6 95 49 64 50 22 94 35 56 82 86 0 27
5 49 62 80 38 41 25 47 68 31 61 0 25
5 43 59 56 74 81 30 91 39 93 76 0 22
3 27 60 93 81 52 21 38 89 49 71 0 12
4 87 33 35 45 31 82 50 38 43 81 0 16
8 70 49 60 96 98 91 40 79 70 29 0 38
4 55 51 97 79 86 45 54 44 72 85 0 18
3 29 64 100 56 74 85 37 49 63 71 0 12
4 33 95 48 81 94 33 22 50 77 83 0 18
7 91 64 21 50 42 68 72 55 71 50 0 31
8 77 60 73 64 29 81 24 60 99 65 0 36
5 55 94 33 26 85 51 72 54 63 88 0 22
9 76 28 82 72 39 22 52 93 44 88 0 42
10 81 46 54 75 78 54 80 39 79 94 0 46
6 99 57 65 32 78 71 96 57 35 46 0 29
3 63 65 59 75 61 48 97 53 21 43 0 12
9 48 94 47 98 83 33 47 27 40 60 0 41
6 87 41 35 77 54 26 39 90 44 64 0 30
4 68 97 35 93 36 52 46 37 20 41 0 17
8 20 44 79 98 27 24 76 25 78 64 0 38
6 90 91 68 41 80 30 76 68 51 49 0 28
2 65 21 31 40 54 54 23 73 64 99 0 10
4 78 58 97 25 79 49 44 98 81 54 0 18
10 91 85 44 96 77 62 32 50 63 47 0 48
4 39 79 62 41 96 38 46 97 64 26 0 16
8 73 84 96 39 46 29 30 44 75 65 0 40
10 52 75 61 23 74 75 79 78 99 23 0 48
7 90 39 88 44 70 93 62 75 29 92 0 31
3 44 67 23 65 98 33 31 53 57 76 0 15
9 86 59 85 25 49 100 67 55 45 39 0 45
7 76 80 48 39 45 77 86 40 77 27 0 33
9 62 66 55 75 62 42 95 32 70 31 0 41
5 92 50 56 30 34 93 21 27 50 34 0 23
7 68 93 32 57 62 22 25 63 27 26 0 35
7 78 93 42 27 97 77 26 67 66 79 0 35
3 70 77 23 51 27 24 59 28 95 30 0 11
9 91 65 49 42 86 87 56 80 49 23 0 41
7 47 47 79 73 88 82 46 55 32 51 0 35
10 57 69 90 46 68 73 29 39 37 94 0 50
10 32 72 84 40 58 93 80 36 27 74 0 47
4 77 28 43 92 72 62 24 23 57 24 0 18
3 29 34 90 62 75 57 99 86 44 39 0 11
8 45 31 61 23 60 23 26 77 37 99 0 39
5 37 98 66 40 48 38 88 42 21 43 0 22
7 71 88 66 21 79 91 42 50 99 91 0 35
9 70 44 71 93 26 45 63 97 52 71 0 45
5 96 75 31 60 76 79 41 36 55 64 0 25
6 72 65 44 76 75 35 73 78 61 32 0 26
3 22 97 55 77 47 41 38 92 78 93 0 11
5 55 28 89 50 21 74 26 34 31 61 0 25
5 46 51 60 79 75 77 55 67 46 36 0 24
3 63 71 88 20 22 31 46 30 93 58 0 12
7 85 49 39 58 60 84 96 38 83 59 0 35
7 71 57 21 61 90 31 89 85 86 54 0 34
3 37 37 89 74 23 43 69 48 53 35 0 14
4 75 22 72 21 86 27 26 98 87 94 0 17
3 60 30 44 38 51 20 21 75 60 65 0 12
3 25 83 90 66 61 72 64 48 54 59 0 14
5 49 50 46 100 57 70 99 49 22 89 0 21
5 99 58 61 34 53 93 28 92 90 35 0 24
10 27 72 29 90 58 55 95 64 81 52 0 47
5 47 90 100 73 85 31 71 40 22 98 0 24
9 42 84 63 87 43 98 67 53 71 26 0 43
8 24 29 86 52 83 73 21 86 77 94 0 36
6 44 82 94 74 26 98 67 64 27 30 0 29
8 48 24 97 68 39 56 61 41 62 61 0 37
8 23 84 65 37 46 27 93 25 54 72 0 39
7 94 41 88 29 59 59 50 83 49 82 0 35
3 24 55 91 57 47 49 98 40 52 32 0 13
8 93 67 56 33 44 91 68 58 33 89 0 39
3 54 92 38 86 72 78 41 41 24 36 0 13
5 68 69 42 58 58 49 45 86 52 83 0 22
5 29 100 99 90 97 82 65 70 65 65 0 23
10 87 29 54 69 51 75 43 59 85 34 0 50
6 33 23 58 91 23 58 24 23 46 56 0 28
3 64 41 28 89 39 82 44 44 45 43 0 11
6 82 29 73 27 42 100 66 80 78 99 0 27
7 88 36 87 85 69 67 53 33 89 28 0 34
4 40 59 89 88 72 45 70 89 96 88 0 19
7 34 34 61 40 49 92 27 45 89 84 0 33
4 21 29 87 76 43 76 43 91 62 43 0 19
7 89 49 36 38 42 93 24 56 45 23 0 35
8 82 88 54 66 66 73 35 46 29 42 0 40
4 91 84 72 25 59 52 54 82 51 45 0 19
10 80 86 89 85 79 61 77 42 55 77 0 46
3 46 27 62 37 29 86 67 88 46 43 0 12
7 26 37 45 72 66 96 25 50 32 54 0 32
8 57 22 81 57 96 64 64 93 75 89 0 38
6 44 49 73 55 52 89 75 81 29 48 0 27
9 56 58 84 97 86 88 81 31 83 49 0 41
3 83 86 66 71 60 86 47 92 84 59 0 15
8 27 82 97 85 89 20 22 81 80 84 0 38
10 94 87 55 27 53 67 79 66 99 82 0 48
9 88 48 60 66 23 25 95 55 98 81 0 44
10 34 60 58 81 47 90 23 42 47 34 0 50
3 85 25 46 99 57 66 49 51 60 31 0 13
6 32 33 49 73 71 91 49 76 52 94 0 27
2 43 48 74 50 78 70 53 77 63 64 0 10
5 58 37 76 49 67 37 85 88 92 46 0 25
6 75 62 77 26 57 60 76 94 56 77 0 27
2 28 49 93 25 72 28 64 21 46 75 0 10
6 76 57 35 56 86 86 30 80 98 94 0 26
9 86 98 53 67 86 65 69 61 80 59 0 45
6 25 80 20 40 22 47 92 50 40 81 0 26
10 96 32 35 46 58 73 90 90 83 46 0 46
4 80 89 81 86 38 73 48 90 86 62 0 16
6 55 53 76 89 73 77 20 78 38 44 0 30
8 23 64 34 65 77 64 35 81 64 49 0 36
3 69 33 83 40 84 39 69 62 23 89 0 14
5 21 82 76 48 78 71 63 25 80 23 0 24
4 62 89 69 55 76 40 98 81 50 25 0 17
3 63 24 30 96 40 29 33 63 41 63 0 15
5 44 28 55 60 71 98 49 73 94 80 0 24
7 58 74 37 34 71 41 26 30 28 23 0 32
5 65 96 23 95 23 29 38 35 27 91 0 24
3 51 36 49 90 78 66 35 21 51 62 0 11
5 54 71 88 57 95 72 99 44 41 60 0 25
9 57 39 42 24 27 74 26 87 93 82 0 44
9 26 88 47 86 23 39 58 87 48 34 0 43
10 24 55 22 29 100 47 40 74 65 56 0 50
8 93 100 67 66 34 96 27 75 38 41 0 38
6 87 26 67 61 100 55 86 93 67 30 0 28
10 61 63 63 23 93 46 40 51 60 52 0 48
3 33 54 81 23 89 44 20 81 73 35 0 14
4 30 67 73 89 73 62 29 67 34 86 0 17
6 81 81 81 81 60 38 58 73 26 23 0 30
8 32 23 73 38 39 63 22 35 67 82 0 36
8 40 91 31 40 80 94 33 66 56 85 0 37
10 87 98 32 84 90 26 77 36 53 90 0 47
10 73 54 42 86 38 49 27 21 70 48 0 50
7 24 53 88 36 31 100 58 65 22 24 0 34
10 88 77 93 90 31 50 26 32 36 54 0 48
6 72 50 83 79 97 81 78 80 44 44 0 27
8 92 73 90 54 72 72 23 60 80 42 0 40
9 23 98 61 84 46 69 22 87 29 86 0 44
10 71 65 96 93 32 93 40 48 39 69 0 46
3 66 97 75 74 25 38 50 91 27 61 0 12
5 69 83 44 52 30 73 30 41 96 88 0 23
10 81 44 26 44 76 23 38 74 60 65 0 47
4 24 87 39 49 60 25 86 35 27 58 0 20
6 68 63 51 38 37 97 32 34 33 98 0 30
5 54 80 54 24 39 48 89 96 51 88 0 22
8 62 89 65 57 80 44 83 51 94 72 0 39
7 73 98 45 54 59 25 65 56 79 27 0 31
5 70 35 84 47 98 77 23 61 74 54 0 24
6 79 86 72 75 90 64 44 90 75 85 0 30
6 22 95 26 81 29 40 89 64 79 87 0 28
8 68 97 56 57 80 21 47 69 87 28 0 36
2 69 27 20 45 52 68 42 83 43 92 0 10
10 61 37 20 72 83 38 47 63 49 87 0 46
4 91 60 76 49 88 56 80 68 21 59 0 16
4 27 84 27 50 37 71 71 35 52 73 0 20
8 73 86 66 98 23 38 70 74 60 67 0 39
5 88 93 53 63 30 71 81 38 43 70 0 22
10 64 56 49 97 27 83 29 68 20 44 0 48
8 37 67 25 37 51 58 28 81 52 82 0 38
4 50 35 44 95 29 33 23 25 67 87 0 16
8 65 63 24 26 80 39 30 98 25 84 0 38
9 45 89 35 85 23 50 21 22 36 74 0 45
7 100 32 27 51 39 35 41 75 65 39 0 34
10 99 84 43 56 72 73 70 44 55 93 0 49
3 85 51 24 82 64 65 94 45 27 35 0 14
10 29 20 20 57 20 46 24 74 96 90 0 48
7 38 97 50 38 35 40 95 60 23 73 0 31
10 79 28 35 45 82 52 41 22 89 54 0 47
3 62 81 64 84 56 77 25 46 35 44 0 14
2 90 48 60 49 25 87 58 22 29 58 0 10
9 28 94 81 55 45 96 80 24 70 56 0 43
6 52 32 70 62 70 44 24 27 50 97 0 30
3 23 38 92 76 98 81 36 60 29 50 0 15
5 57 63 41 74 86 51 94 59 37 66 0 24
4 98 81 29 37 38 33 49 29 81 52 0 16
3 85 30 96 53 96 58 100 92 65 57 0 14
7 99 38 25 81 34 74 44 23 91 38 0 35
7 72 60 23 51 31 71 37 99 63 52 0 32
7 66 30 35 38 70 50 25 80 86 59 0 33
4 73 55 92 89 31 61 37 94 26 96 0 20
10 20 37 68 81 98 82 29 83 47 70 0 49
10 68 81 87 90 23 40 27 52 60 27 0 46
4 79 80 27 63 86 27 78 95 43 81 0 16
4 47 95 24 58 85 59 59 90 61 80 0 17
7 95 87 29 78 58 38 82 32 59 78 0 33
10 34 69 64 91 79 76 95 74 87 21 0 50
4 56 57 53 88 94 80 41 70 21 35 0 20
6 95 77 97 35 39 84 20 62 74 22 0 26
7 78 92 76 68 28 82 52 57 79 49 0 32
3 29 35 85 91 37 54 41 93 25 23 0 12
6 68 32 80 77 80 78 65 51 65 86 0 30
4 77 97 44 80 98 100 48 25 82 30 0 19
7 51 96 87 62 88 45 68 27 90 81 0 32
3 37 25 90 42 48 36 40 78 99 20 0 14
4 85 41 100 63 52 34 64 70 22 85 0 17
7 81 50 88 60 45 88 51 29 82 62 0 31
6 78 90 21 88 89 93 95 80 64 25 0 27
9 76 29 93 56 51 35 40 93 68 72 0 43
7 84 39 59 75 34 69 77 100 51 79 0 34
8 34 21 57 21 26 89 58 20 47 88 0 36
6 84 65 30 20 56 58 48 61 90 83 0 30
3 27 24 45 100 99 90 30 77 48 39 0 12
5 56 90 29 24 29 72 54 80 41 28 0 24
6 23 56 50 35 55 57 96 48 91 54 0 29
7 96 68 43 39 39 42 56 27 87 79 0 34
9 96 89 35 86 72 88 46 40 75 43 0 41
5 56 75 81 73 85 39 59 39 46 34 0 22
4 20 71 73 79 30 72 43 31 23 62 0 16
4 59 84 86 41 88 93 88 63 89 33 0 16
5 52 55 42 37 61 93 77 97 41 34 0 23
3 60 70 74 91 54 72 84 48 54 52 0 13
7 33 57 51 77 29 56 86 39 95 47 0 33
9 61 30 51 82 97 44 64 53 61 57 0 41
4 52 50 85 93 99 97 74 56 51 43 0 16
10 78 54 72 53 43 55 76 97 38 82 0 48
7 64 79 58 37 65 46 39 94 99 22 0 35
4 54 47 45 53 99 96 89 46 62 51 0 16
3 84 62 57 93 59 100 66 52 31 69 0 13
9 35 94 61 99 81 59 29 59 21 94 0 44
9 31 49 33 64 91 97 26 65 83 51 0 45
7 95 69 22 23 86 47 30 42 80 60 0 33
3 48 68 64 43 90 55 36 58 83 61 0 12
6 46 47 77 32 59 63 46 21 87 26 0 30
10 77 39 35 40 54 55 85 66 89 81 0 47
5 30 51 31 97 85 69 63 38 86 97 0 22
7 74 33 71 46 85 73 83 60 73 21 0 34
8 56 27 78 26 68 54 33 41 41 33 0 39
3 48 60 20 79 59 75 49 42 64 37 0 14
7 37 72 35 74 52 29 90 29 77 92 0 32
8 47 55 81 39 76 77 59 84 47 98 0 36
9 58 39 57 75 57 56 39 52 46 85 0 44
8 55 57 91 42 44 84 98 87 86 25 0 37
7 57 31 48 85 47 56 83 46 22 26 0 34
3 96 72 85 60 65 55 63 74 64 65 0 13
7 34 25 83 27 22 41 76 42 88 63 0 33
8 26 50 81 83 23 46 68 72 23 72 0 38
6 48 79 32 62 52 58 41 35 23 25 0 27
8 86 81 54 79 90 75 39 65 36 58 0 37
6 59 55 38 96 98 87 60 50 53 38 0 26
3 77 63 88 86 38 97 100 91 55 100 0 11
8 40 95 65 54 100 49 95 85 35 62 0 40
10 28 77 66 95 34 86 55 34 38 98 0 48
5 63 79 98 50 26 96 100 89 62 57 0 25
6 57 49 27 94 37 91 57 79 40 29 0 30
10 74 77 71 45 81 87 53 69 96 70 0 50
6 55 52 99 69 51 89 88 74 92 91 0 29
4 54 44 48 21 69 32 47 58 59 70 0 17
5 93 80 25 31 52 92 50 24 68 83 0 24
4 34 32 47 48 60 83 53 26 98 51 0 16
8 59 29 80 78 76 26 57 94 63 77 0 39
6 99 88 24 24 25 96 79 62 96 83 0 26
7 55 27 85 73 45 39 88 99 68 93 0 31
5 34 49 79 27 85 43 47 83 77 27 0 24
6 65 38 25 63 77 40 75 75 83 83 0 28
8 55 58 86 69 72 56 33 25 44 37 0 36
4 85 73 100 98 53 84 54 27 27 51 0 16
3 100 95 99 49 69 91 90 60 54 55 0 14
4 98 80 74 73 52 90 75 92 41 75 0 16
9 61 80 85 97 48 24 34 76 46 69 0 45
4 30 53 38 94 96 92 89 36 89 81 0 19
8 92 65 29 96 58 82 41 70 87 48 0 38
6 85 81 27 61 93 79 31 34 48 63 0 27
6 100 48 67 28 94 63 80 65 44 72 0 27
7 81 34 61 36 87 54 97 64 93 21 0 35
6 43 69 48 91 86 22 65 91 20 55 0 30
4 81 54 97 94 36 45 59 98 46 99 0 17
10 51 45 95 93 40 26 45 88 75 51 0 47
2 37 81 82 68 98 52 28 31 82 94 0 10
8 62 33 24 82 29 42 32 91 91 85 0 37
10 93 65 25 40 77 98 22 54 78 33 0 46
4 43 22 41 44 25 46 29 43 60 38 0 19
9 25 72 90 45 90 73 50 42 48 73 0 44
8 38 23 64 58 37 74 82 40 48 66 0 39
10 48 84 39 22 56 88 98 86 48 88 0 47
5 28 93 87 99 60 92 57 20 48 93 0 23
8 43 74 91 35 49 92 92 33 53 64 0 38
5 36 55 61 67 62 85 58 84 64 21 0 21
8 66 23 34 88 62 25 84 41 30 85 0 36
10 66 66 95 58 58 62 79 52 29 100 0 48
9 96 47 98 89 85 38 50 65 43 65 0 44
10 60 60 21 69 77 99 69 47 48 44 0 49
9 65 90 99 36 40 67 50 94 87 88 0 42
3 36 52 60 79 87 85 44 97 63 61 0 12
4 21 49 28 45 54 66 54 21 91 23 0 19
7 83 90 44 63 77 61 44 26 93 83 0 33
7 30 92 87 32 68 90 77 73 73 34 0 34
7 67 75 94 72 57 30 80 33 35 69 0 31
10 92 86 72 89 29 26 80 98 64 39 0 48
3 44 55 91 52 41 100 27 48 84 37 0 12
3 31 34 100 80 39 87 91 91 69 22 0 15
10 75 34 24 75 79 38 27 66 62 65 0 50
5 99 92 58 26 21 67 48 59 93 64 0 24
5 94 31 85 29 56 81 38 92 36 46 0 22
4 30 91 20 82 40 20 39 46 84 76 0 17
9 96 49 26 36 53 91 94 60 96 80 0 41
7 94 88 82 36 59 59 91 35 44 40 0 34
10 22 87 59 76 55 50 75 47 38 30 0 50
4 91 29 99 70 93 68 45 64 81 65 0 18
9 91 88 80 40 46 59 36 84 59 50 0 45
6 53 70 55 36 49 100 51 68 36 100 0 27
8 32 55 65 58 89 86 54 47 52 32 0 38
7 80 89 64 36 26 75 53 46 45 33 0 33
7 44 92 82 46 97 59 35 28 95 53 0 35
3 56 69 49 33 76 68 43 93 63 28 0 11
5 53 23 25 38 52 66 32 43 80 76 0 24
3 87 33 79 44 54 40 74 42 39 64 0 15
2 39 33 75 100 71 77 88 37 80 78 0 10
5 57 100 23 32 97 41 91 74 74 39 0 21
10 48 79 43 97 50 47 40 57 49 42 0 48
6 40 100 37 42 66 42 46 63 74 98 0 29
7 44 58 78 22 54 63 91 57 62 33 0 32
6 39 30 24 43 23 57 74 40 50 43 0 26
5 62 57 82 97 26 23 28 62 86 85 0 22
9 46 58 84 50 85 45 28 93 67 39 0 41
7 58 74 71 91 34 50 69 80 70 60 0 32
5 32 61 89 89 89 91 61 35 50 69 0 21
8 78 40 36 71 86 27 44 62 61 54 0 40
10 34 91 68 32 64 52 58 78 36 22 0 46
9 50 91 33 96 55 64 75 92 64 51 0 45
4 66 66 47 74 77 33 73 51 75 76 0 16
9 63 38 68 39 21 42 66 57 24 83 0 42
3 82 88 25 80 92 23 31 95 60 92 0 12
6 82 65 38 65 49 68 61 98 86 69 0 28
10 27 47 30 57 54 41 34 95 26 40 0 46
2 44 26 64 41 82 42 35 51 88 49 0 10
4 90 81 60 78 57 20 64 23 30 23 0 18
10 69 91 91 61 42 21 72 89 58 60 0 47
3 56 89 60 82 43 89 30 74 90 100 0 11
8 48 94 62 38 33 32 56 38 55 66 0 39
4 91 46 42 21 86 62 74 31 49 91 0 19
5 32 76 52 35 42 65 83 66 96 91 0 21
3 86 30 50 35 74 80 91 82 38 83 0 13
6 48 84 52 75 93 87 97 68 58 40 0 28
3 48 59 74 56 67 36 54 55 92 42 0 13
7 94 57 58 99 70 85 30 60 53 45 0 34
10 51 29 27 66 40 52 42 68 25 79 0 49
10 59 58 89 32 84 63 43 46 20 80 0 48
4 96 82 34 25 75 44 71 33 22 84 0 20
10 56 88 51 54 61 42 73 90 48 50 0 49
4 38 75 22 57 66 78 49 85 31 44 0 19
5 96 41 67 49 27 90 32 93 54 69 0 24
5 26 90 38 82 78 86 94 97 80 24 0 22
5 94 71 95 37 35 30 72 92 25 56 0 24
5 33 94 90 57 81 32 36 73 73 80 0 23
6 68 78 80 39 61 26 84 67 86 47 0 26
4 82 41 82 74 23 37 30 82 46 91 0 20
6 45 74 46 77 72 66 81 81 90 40 0 29
6 52 64 40 40 83 96 82 39 68 33 0 28
9 45 94 48 69 92 60 59 70 83 58 0 43
6 42 37 26 78 93 26 85 95 77 43 0 29
8 44 37 66 37 22 26 67 37 85 75 0 38
7 52 89 59 23 97 91 72 72 48 77 0 31
99 82 87 101 127 90 75 115 118 107
104 129 158 174 185 214 232 252 277 300
108 120 154 175 196 210 220 256 274 293
104 131 158 167 191 216 238 256 264 300
117 121 156 164 192 218 239 248 280 285
118 140 155 180 195 217 237 246 263 295
108 135 155 166 191 217 237 254 272 298
104 131 154 174 198 204 228 253 275 292
103 136 160 177 195 200 239 247 279 297
105 125 154 172 186 205 220 247 273 298
117 121 151 173 197 219 232 257 260 290
113 134 155 163 184 213 234 251 265 287
110 120 149 178 197 219 222 250 266 283
111 122 153 169 189 201 235 240 267 283
118 122 148 168 180 210 233 256 274 297
100 130 143 161 198 209 240 252 269 281
102 137 153 177 198 215 231 240 271 292
103 134 157 176 181 213 231 250 271 286
104 127 149 160 200 204 227 253 262 284
100 120 142 162 185 209 229 241 271 280
100 120 147 163 190 218 225 244 267 296
103 140 159 179 195 220 220 245 278 297
108 128 145 172 183 206 235 241 277 300
111 134 153 178 180 206 229 260 262 293
103 134 159 162 183 206 236 258 266 286
112 123 151 163 185 208 236 250 272 298
100 129 147 164 190 206 231 260 276 281
100 139 159 169 190 218 237 254 267 290
104 120 159 163 187 203 225 257 278 285
117 132 149 175 194 200 222 245 273 297
117 122 149 165 200 211 230 249 273 284
119 123 143 176 197 216 223 243 260 290
111 133 160 179 197 218 233 253 270 300
104 139 152 170 182 220 234 244 276 290
102 140 155 174 197 209 228 255 277 298
119 137 141 162 187 209 233 254 263 290
108 128 154 179 199 210 234 259 260 298
117 132 147 171 194 207 226 242 266 287
114 123 155 179 186 206 233 249 274 282
109 122 144 176 194 210 229 260 263 292
103 135 160 164 195 205 231 260 264 292
117 123 152 169 185 201 229 260 272 299
103 124 152 175 198 208 233 240 272 292
118 123 148 160 187 219 237 255 261 290
110 126 147 180 182 214 237 249 270 299
109 129 158 174 184 218 236 245 270 300
102 123 150 169 186 206 237 253 277 289
104 120 157 176 195 212 224 240 274 287
111 129 144 166 193 219 234 259 269 297
102 126 143 164 193 218 240 258 271 298
110 125 155 170 185 202 224 251 265 292
106 135 140 180 180 216 232 241 273 285
120 126 147 168 193 220 224 244 262 293
103 124 149 161 200 203 221 250 273 294
109 122 154 161 194 211 232 258 272 297
103 121 141 167 191 203 230 244 271 281
108 137 147 160 180 208 240 242 278 281
116 129 143 164 198 207 228 246 260 297
118 139 140 176 200 218 237 251 270 281
115 121 142 165 197 212 235 246 260 280
101 121 145 173 200 203 233 249 269 298
113 132 148 176 194 211 232 252 262 292
107 125 158 161 197 207 223 246 263 295
117 134 152 176 195 215 235 256 280 281
105 120 160 176 183 219 225 252 272 285
112 128 140 178 188 211 232 252 277 292
104 132 152 179 190 201 233 259 274 299
114 137 157 160 195 204 224 249 265 286
107 131 149 165 190 200 240 244 268 300
105 125 158 175 195 217 227 253 271 294
112 140 144 166 184 207 234 252 274 285
103 137 144 176 183 216 223 242 263 298
108 121 159 174 197 214 229 254 278 280
117 123 157 161 195 204 237 249 278 292
111 136 144 171 196 220 227 250 267 291
111 131 141 165 195 202 232 253 280 291
116 122 149 176 187 214 233 245 262 297
118 122 158 162 188 204 225 249 273 290
115 134 157 175 181 212 229 256 275 283
116 130 154 172 191 209 220 250 273 288
110 125 149 171 197 215 235 253 275 300
109 129 146 178 187 213 233 245 274 284
109 133 144 168 196 213 234 252 278 284
114 133 159 178 187 217 235 256 274 299
114 137 140 171 199 200 238 253 269 297
103 139 146 160 191 202 224 240 278 298
111 121 142 161 190 212 232 252 278 284
118 138 150 168 197 215 222 254 263 296
111 131 149 179 180 212 235 246 265 297
110 138 140 175 199 206 230 256 260 288
105 135 149 177 186 201 239 258 260 280
112 127 154 175 182 210 239 250 271 290
106 140 150 178 183 211 225 245 276 290
112 126 148 170 195 214 224 260 269 291
116 131 157 171 188 208 235 258 275 299
103 120 156 175 194 218 228 258 264 285
114 135 155 178 195 219 240 241 269 295
107 128 156 167 199 202 226 246 276 290
100 136 140 163 182 214 237 249 279 285
107 126 157 164 188 211 221 244 261 298
114 132 141 173 191 202 231 243 264 298
105 127 147 169 199 218 220 250 261 288
112 123 146 174 186 215 220 251 264 300
116 128 144 174 200 217 221 253 278 294
118 129 154 172 197 215 237 245 270 291
116 122 144 177 180 201 221 245 267 292
104 131 158 162 200 204 227 241 279 281
106 129 150 178 186 206 231 257 280 283
108 129 142 174 180 206 234 260 267 294
102 139 144 179 195 208 222 259 275 280
103 125 154 180 194 219 227 256 271 281
116 138 160 162 190 218 221 243 271 291
116 129 148 163 185 219 222 246 264 281
108 120 143 162 200 208 222 250 274 300
107 130 160 169 184 201 230 257 269 287
105 121 150 170 192 217 220 260 276 299
111 131 140 161 199 210 227 247 266 281
117 134 140 170 195 215 231 242 267 286
116 140 159 173 193 204 224 256 262 299
105 121 153 163 186 215 237 259 262 281
111 140 146 169 197 212 231 245 261 286
119 124 153 179 188 207 235 256 277 300
101 133 146 166 189 208 238 260 280 291
101 132 150 176 184 217 234 246 278 288
115 131 151 177 188 203 234 260 274 285
118 133 153 174 180 213 229 250 262 285
118 136 146 178 194 208 238 250 278 300
102 124 154 170 197 212 238 257 274 285
106 130 150 173 188 220 235 241 277 280
118 140 157 174 189 215 234 250 276 284
109 126 148 176 184 212 238 242 260 286
113 123 152 174 195 215 224 253 263 284
113 123 148 164 187 216 227 260 269 294
110 140 143 173 200 219 227 259 276 288
105 128 144 169 186 216 239 249 273 284
113 136 154 168 183 216 238 252 278 291
110 127 143 180 185 217 225 251 277 300
102 120 145 173 192 208 238 243 268 295
100 139 157 163 183 205 236 254 263 298
111 129 148 175 190 209 229 256 263 281
109 124 144 162 184 215 238 256 260 293
105 134 156 179 200 204 227 253 262 299
108 127 141 169 198 213 227 251 264 280
108 129 152 165 198 218 226 260 260 296
119 139 146 164 186 211 225 242 265 284
103 134 154 174 184 200 234 247 263 296
100 122 154 169 191 211 230 248 261 297
101 121 144 175 193 214 240 247 271 293
106 128 160 170 199 217 235 252 267 284
118 131 150 164 186 210 222 257 276 291
119 131 143 172 183 207 222 257 278 299
102 140 146 179 196 207 222 260 269 290
100 121 155 160 190 200 224 246 268 292
118 133 150 177 197 211 233 240 274 285
118 129 154 162 197 202 231 244 276 300
110 122 145 168 191 203 228 257 264 299
118 135 160 163 183 217 239 260 265 299
110 130 142 170 192 201 228 256 273 280
118 137 142 170 181 211 232 243 270 281
117 131 147 171 182 216 220 247 271 280
117 135 145 163 197 213 228 251 276 284
110 132 152 174 185 207 239 251 269 289
110 126 146 173 180 201 235 257 268 294
100 135 145 162 192 206 237 248 268 295
110 124 142 169 193 213 237 254 266 282
112 122 145 169 186 209 224 255 265 281
111 122 152 160 194 210 229 260 269 286
107 121 149 173 191 206 228 254 270 296
101 125 158 177 180 212 225 243 266 296
108 137 145 167 200 208 235 241 263 296
110 120 153 172 197 201 235 256 277 287
103 137 142 172 185 211 233 258 275 299
102 131 146 175 198 200 225 258 280 289
114 123 158 177 188 209 221 256 279 299
114 133 156 169 187 209 235 245 269 299
109 123 152 164 200 220 222 253 271 295
116 122 150 169 182 215 236 246 270 286
110 136 146 160 187 203 234 247 267 290
103 135 142 164 193 220 240 256 265 293
118 138 145 172 191 201 235 242 280 291
105 134 141 164 186 202 232 260 265 287
109 125 151 174 199 200 226 257 266 282
105 128 155 160 190 210 229 259 260 295
117 131 156 179 187 220 227 245 274 288
117 130 156 164 183 200 239 243 267 287
100 129 151 169 191 207 227 260 272 289
104 138 149 166 199 211 228 259 260 286
104 132 150 174 194 220 238 251 261 285
116 137 160 170 189 209 225 252 274 290
106 126 145 176 196 204 231 260 275 283
100 137 140 180 198 216 239 246 261 285
102 124 140 167 200 220 226 259 273 295
102 129 149 169 195 213 222 257 263 300
120 126 155 169 198 218 226 256 263 283
106 138 149 168 193 211 239 246 267 285
105 135 159 171 197 217 236 256 279 288
102 140 143 165 200 219 234 253 275 296
116 135 159 175 184 220 221 251 275 294
111 136 156 166 189 204 232 248 278 286
107 120 159 166 193 209 226 243 276 297
110 131 140 166 197 208 235 254 272 281
106 126 149 163 186 216 227 245 280 287
116 121 155 170 192 213 234 259 273 300
112 122 156 168 181 218 232 259 273 298
116 132 155 167 185 219 232 260 261 296
120 140 156 174 186 211 239 251 260 300
101 120 145 175 187 209 224 241 269 282
116 134 145 172 186 210 225 240 268 296
105 138 147 175 190 202 225 260 264 284
116 137 151 174 184 211 220 249 273 284
107 123 155 168 180 216 236 247 269 298
118 139 145 172 197 205 240 247 265 293
113 127 140 161 196 202 223 251 267 283
100 122 145 161 191 217 229 256 269 281
114 130 147 171 196 204 225 258 264 286
117 124 157 163 198 201 225 247 265 299
109 133 146 171 193 220 236 241 277 290
107 132 157 173 198 207 239 250 278 287
105 136 144 164 194 208 235 251 275 280
109 127 147 161 192 200 228 255 280 292
108 120 143 180 182 208 224 258 277 289
102 127 151 175 180 212 230 252 263 299
100 134 151 160 181 213 231 250 275 287
120 122 158 161 189 204 225 260 273 295
111 133 153 166 194 212 230 258 262 290
112 136 144 165 187 209 231 256 272 298
107 120 143 163 200 207 237 241 278 284
108 128 158 176 186 216 227 249 265 290
118 132 147 178 184 208 232 251 280 290
118 129 156 165 193 216 235 257 260 296
101 134 144 164 183 210 237 244 267 297
116 135 143 178 183 203 224 246 276 294
107 129 145 179 193 206 230 256 278 293
118 138 146 167 190 213 230 241 272 287
111 130 150 173 187 211 226 240 271 284
110 136 140 165 186 201 236 241 261 283
102 133 151 176 182 201 227 258 272 286
120 132 150 167 181 206 225 250 271 284
118 137 158 174 193 218 227 248 271 286
109 134 144 161 187 215 233 249 270 294
118 135 145 160 180 201 223 252 277 294
100 138 146 160 188 200 224 259 276 284
109 130 148 170 192 217 221 246 279 298
105 138 159 175 199 206 238 256 264 286
111 130 144 178 191 213 236 246 266 283
118 122 160 166 188 209 223 247 276 283
111 134 154 160 198 218 220 240 274 299
111 127 148 160 184 217 233 244 269 285
102 121 144 175 197 219 233 254 261 300
119 139 141 160 184 214 228 254 272 288
101 122 147 163 199 206 220 244 266 285
106 136 155 173 200 218 233 256 274 283
109 138 157 163 189 206 237 247 279 280
107 138 147 170 200 217 230 240 277 291
113 137 155 180 181 206 236 251 264 292
106 122 156 172 186 201 235 241 271 299
115 120 157 175 185 208 236 257 263 300
110 138 160 165 191 200 228 256 271 290
106 136 151 174 198 209 238 240 274 292
104 136 143 163 192 209 220 241 271 300
109 126 154 180 198 213 237 260 263 292
110 136 150 168 184 219 227 252 278 291
106 137 156 168 193 204 232 243 279 285
115 136 150 169 180 210 233 252 260 291
100 130 159 172 199 215 224 250 261 281
111 133 147 163 199 211 240 247 267 292
102 120 148 177 189 202 226 254 262 289
114 127 150 165 199 211 223 240 267 284
109 130 160 161 190 201 227 254 270 295
107 132 143 180 189 214 234 246 276 285
115 123 148 169 181 203 235 245 265 283
118 130 145 170 199 209 230 256 263 290
107 126 154 170 193 210 226 241 270 294
103 122 142 170 195 207 222 260 272 292
100 137 153 167 198 218 223 254 273 286
116 137 142 177 194 202 230 240 260 295
104 139 149 175 184 211 224 243 270 284
114 140 156 168 192 203 226 241 278 297
101 125 146 161 191 204 235 242 264 285
109 135 156 174 197 204 225 248 275 294
104 127 160 174 182 220 223 254 266 285
109 140 145 174 198 205 222 254 280 289
108 140 153 177 180 209 238 240 263 299
120 127 152 169 193 201 223 245 272 289
118 129 148 164 182 220 220 251 272 284
110 124 147 173 181 212 235 250 279 293
109 121 140 180 199 217 229 257 270 287
107 137 146 179 181 215 236 242 275 281
117 128 151 165 198 205 224 255 276 282
116 128 160 178 196 213 229 251 279 288
105 133 144 162 193 208 227 258 272 281
102 132 154 174 182 205 228 246 265 299
102 128 141 165 180 206 227 256 260 293
117 136 141 162 187 201 240 249 268 293
106 140 143 180 195 218 220 243 265 287
101 121 143 173 180 200 234 257 279 288
120 133 149 179 193 214 236 251 266 297
115 123 157 166 200 205 237 251 264 282
110 140 146 169 198 211 233 256 262 289
110 137 146 173 193 211 223 255 280 287
115 138 153 177 188 213 224 253 278 280
100 134 159 162 199 208 237 251 267 292
112 132 156 174 180 205 231 249 277 283
101 132 154 179 195 203 234 241 266 295
113 131 143 170 189 213 236 245 270 292
117 138 150 175 196 207 237 260 261 300
119 133 147 167 182 216 234 253 280 281
108 139 144 173 188 216 228 246 263 283
103 132 145 174 186 217 232 251 260 285
117 134 156 171 187 210 234 240 280 291
114 134 143 175 186 207 235 254 262 287
105 121 155 180 189 215 220 259 267 281
105 128 155 164 186 215 220 242 280 297
116 121 151 162 191 216 224 253 274 285
118 121 151 160 194 200 227 250 263 283
106 131 148 162 187 216 226 242 264 281
120 128 155 177 194 203 222 247 267 294
109 134 147 180 200 210 229 243 276 288
118 138 152 161 189 206 224 243 265 291
104 124 144 180 184 214 226 254 264 297
103 136 142 164 193 210 222 243 269 300
107 128 142 167 200 200 222 253 270 287
101 136 148 163 194 217 228 260 270 294
108 130 147 177 192 206 238 254 267 280
116 129 143 173 193 211 231 257 265 292
101 128 154 168 196 219 220 243 266 285
115 134 150 163 197 218 237 256 266 296
103 129 142 173 185 209 232 259 260 281
110 133 152 160 194 207 230 260 261 288
120 126 149 162 196 219 226 249 275 300
109 120 142 179 189 215 222 242 268 292
107 121 155 177 189 206 221 250 277 293
108 127 148 169 193 217 239 246 261 280
112 125 142 169 188 215 235 248 269 281
115 136 159 160 191 216 237 247 268 288
109 136 157 180 196 217 238 252 265 284
116 122 148 169 181 211 232 244 263 281
102 133 160 163 180 216 227 255 278 300
106 137 148 173 191 209 221 258 271 284
110 121 154 165 186 207 234 252 272 292
106 126 148 161 184 214 231 240 280 280
120 139 155 166 190 212 228 241 275 280
118 133 152 174 192 220 229 248 267 295
108 127 140 177 189 208 232 242 261 300
108 136 148 164 192 200 223 241 279 284
112 125 146 180 199 210 234 247 272 289
116 129 142 177 187 203 220 260 272 282
100 125 148 160 200 213 225 256 271 289
106 138 153 180 193 215 221 246 272 294
116 140 148 180 182 205 236 251 274 296
118 133 143 165 188 217 225 251 273 295
109 140 160 176 185 205 225 260 278 295
104 134 160 180 185 217 233 259 279 284
119 140 155 167 191 203 224 250 273 282
117 127 150 176 183 201 220 257 272 280
117 131 142 167 197 216 239 244 277 299
107 135 144 173 185 218 225 249 263 295
111 123 156 179 193 209 220 259 278 284
119 130 144 176 200 220 224 249 264 283
101 126 141 160 197 200 220 247 277 296
111 132 151 180 199 217 225 250 268 300
107 126 142 166 194 212 232 242 280 298
116 131 157 165 200 201 234 241 280 284
117 120 147 166 182 201 222 243 269 289
107 139 144 170 197 220 237 258 270 293
118 125 148 179 197 215 236 244 271 281
118 135 148 162 190 212 236 240 277 286
101 140 155 169 183 214 230 241 269 283
120 128 141 163 187 200 224 241 271 297
106 127 141 174 199 220 220 260 278 284
107 121 141 164 195 213 237 257 264 288
106 126 156 160 186 216 231 252 273 284
118 125 141 168 181 212 221 249 274 281
112 127 148 178 190 202 220 254 261 298
117 121 143 175 194 206 227 246 279 280
103 129 140 175 184 204 231 258 269 283
116 125 151 167 191 214 240 256 277 280
117 131 156 173 196 219 225 251 267 300
107 140 153 180 182 208 239 248 278 286
117 136 155 171 189 219 234 260 267 280
104 140 147 172 200 217 227 247 278 298
109 127 159 174 182 211 228 246 263 281
101 135 150 176 186 218 224 257 261 285
100 133 159 165 197 211 234 248 279 280
105 130 157 170 197 206 225 257 270 298
101 133 157 165 187 212 238 252 278 288
112 120 140 160 185 204 223 251 269 295
102 138 157 169 182 204 235 259 280 282
109 125 146 169 188 215 224 240 268 286
117 136 148 169 180 208 226 255 265 300
107 134 157 168 193 220 240 255 262 291
119 126 153 166 193 211 238 252 274 281
100 140 151 180 200 216 235 259 274 292
104 134 142 165 195 201 222 241 272 295
111 130 155 178 198 214 235 259 279 291
114 135 159 179 198 218 232 243 279 291
120 129 148 164 196 210 232 245 262 298
110 130 157 164 181 219 222 253 279 280
101 139 157 167 199 211 236 240 272 291
103 121 148 160 184 205 227 249 264 295
107 126 146 160 185 208 238 249 271 297
120 138 141 168 184 220 237 251 262 297
107 124 158 178 194 207 225 259 276 299
101 125 145 168 186 206 232 240 274 300
101 130 149 172 189 216 229 244 274 282
105 122 158 169 186 219 223 248 264 289
119 140 144 165 188 209 222 247 274 284
100 128 157 160 196 220 237 259 269 296
116 134 140 169 200 216 234 241 272 291
111 140 143 166 186 213 240 252 265 296
120 136 144 160 192 214 235 241 270 294
109 139 149 169 195 212 220 244 261 296
113 132 153 171 181 217 233 243 273 280
117 126 153 168 191 210 232 254 270 296
106 126 152 169 200 203 225 252 276 280
109 138 151 170 183 202 235 249 267 300
101 121 155 168 186 211 232 253 263 286
100 121 158 177 195 203 234 257 277 289
120 129 154 161 189 208 227 252 264 293
117 128 155 180 200 213 222 247 270 287
109 138 144 168 186 202 230 243 268 289
104 128 153 174 188 211 221 250 268 300
103 136 145 166 200 210 226 241 279 294
107 139 153 178 194 211 228 247 270 293
105 120 160 173 187 217 240 251 269 281
101 121 160 170 188 200 226 256 271 299
116 124 152 166 180 209 227 254 260 287
118 132 158 168 183 208 226 258 268 288
118 133 157 169 197 211 224 244 274 282
116 128 147 165 184 217 224 247 278 280
107 137 155 170 190 216 236 260 262 296
102 137 151 171 192 203 234 253 264 299
106 127 150 171 180 218 225 241 263 287
115 135 143 175 198 217 227 245 260 285
118 130 148 170 186 217 224 258 277 292
108 136 147 170 182 201 237 252 266 281
112 135 141 173 198 202 229 252 275 291
119 123 145 161 196 217 235 240 273 283
108 127 140 162 182 216 222 258 279 285
103 132 159 174 186 211 229 256 262 282
106 122 141 166 199 203 231 240 270 288
100 120 159 171 199 217 226 244 267 289
106 122 145 163 197 207 232 256 260 280
107 127 141 180 182 205 226 241 277 283
110 122 143 160 186 210 236 245 279 299
113 136 143 161 182 213 224 243 263 280
108 136 148 166 189 200 238 253 275 298
114 140 144 166 189 217 240 241 277 289
113 131 150 165 196 217 220 254 266 296
107 137 157 178 188 201 240 252 265 292
102 120 159 172 188 200 223 259 273 294
117 127 144 163 200 214 239 242 265 296
104 128 150 169 199 220 222 253 262 287
113 121 159 174 196 203 227 258 265 296
106 132 149 174 192 202 237 257 279 291
119 132 154 167 183 213 223 260 274 292
101 132 143 165 194 208 236 254 266 296
118 123 160 163 189 216 224 251 273 293
106 134 156 178 194 211 236 257 280 297
107 133 144 162 181 220 222 249 275 285
113 122 151 172 180 219 231 255 280 282
119 134 148 172 195 207 230 248 264 293
102 137 155 175 182 201 239 260 270 299
120 138 146 174 197 220 220 250 274 299
105 136 150 170 181 220 235 244 273 282
103 123 145 160 181 204 237 257 280 298
103 128 159 167 188 219 228 254 280 298
111 126 147 163 191 216 229 253 276 288
111 128 145 173 181 205 226 255 266 285
100 138 157 171 190 218 227 243 277 300
119 127 157 173 199 211 236 249 260 294
107 138 148 169 200 207 223 242 276 288
104 137 143 175 196 216 236 259 271 292
101 140 159 171 185 215 233 241 270 298
106 131 145 161 195 209 238 251 270 298
120 132 148 169 187 214 224 241 275 290
117 125 157 170 183 202 223 260 272 283
113 124 159 172 187 202 221 257 266 282
110 130 158 171 188 213 236 241 268 281
111 139 142 174 187 209 231 248 271 290
118 137 148 168 198 215 224 256 271 282
113 129 151 179 194 215 224 254 266 298
119 137 156 161 190 211 232 256 272 295
117 121 144 170 182 215 236 247 277 291
119 132 150 180 181 203 230 251 279 294
115 134 142 162 188 210 234 246 268 280
112 134 149 170 186 214 229 256 274 293
101 130 147 163 180 201 224 245 267 293
117 139 149 164 194 215 224 247 261 286
107 125 159 178 186 219 223 252 280 294
109 122 153 172 196 207 230 254 264 282
105 120 147 170 191 207 235 245 263 293
107 130 142 172 192 200 221 251 263 298
119 133 150 170 184 202 229 242 263 290
104 127 157 171 198 216 223 257 275 290
101 134 152 161 199 219 226 251 263 288
108 127 155 175 181 215 220 241 280 294
114 133 142 178 188 211 220 241 261 288
104 134 140 166 185 206 228 258 264 286
118 123 147 166 185 210 220 256 263 292
102 130 158 176 193 207 232 259 276 290
105 133 141 180 193 210 237 259 279 289
103 122 157 170 195 212 226 246 261 300
101 138 141 175 193 213 234 250 273 295
115 138 140 162 192 215 226 254 260 284
117 136 158 164 191 216 229 254 279 280
113 140 145 168 194 205 224 244 263 297
100 130 150 168 183 201 231 247 267 299
119 120 159 166 197 215 221 260 278 280
115 120 147 170 187 204 235 241 261 284
104 138 159 164 197 218 225 243 274 287
115 124 150 166 195 215 227 246 271 288
100 140 155 161 184 202 230 255 270 297
116 138 144 167 197 220 228 259 272 293
118 137 155 175 196 210 224 255 266 294
103 121 149 169 200 216 223 254 260 286
103 135 142 162 186 205 240 241 277 300
113 123 146 165 183 203 237 258 276 287
106 120 157 167 189 206 226 248 272 292
111 125 146 174 183 211 223 241 277 292
109 127 144 173 192 215 237 257 260 291
111 140 149 175 197 202 238 245 273 282
111 137 158 178 182 214 234 249 267 295
104 128 153 163 181 208 222 240 270 290
105 121 145 171 188 212 230 259 276 293
111 126 156 169 182 208 228 256 265 280
108 126 141 165 192 200 228 251 277 286
118 127 147 166 200 214 226 246 266 289
106 134 159 166 195 214 239 259 261 299
106 132 143 163 182 200 234 241 276 284
112 122 156 162 196 218 238 244 267 289
120 125 154 175 183 217 230 253 272 285
103 138 156 165 183 209 222 256 272 295
120 128 155 169 194 218 232 247 266 295
110 122 142 166 187 202 232 252 266 296
116 122 160 173 190 202 226 245 264 287
113 120 145 173 181 217 231 258 277 286
111 133 148 163 192 211 231 260 280 298
120 136 157 171 200 203 231 249 271 284
118 125 158 178 185 204 236 258 262 286
110 137 159 161 195 213 224 240 274 294
105 137 153 172 193 204 236 247 267 296
103 120 159 160 200 201 221 244 279 283
105 140 157 160 191 207 226 241 268 290
113 120 141 163 194 214 236 245 276 300
102 131 146 177 199 203 240 252 263 292
117 130 151 163 189 213 220 246 268 291
120 134 160 161 195 200 240 244 274 289
111 135 154 175 191 216 226 248 265 292
115 122 154 171 197 207 234 260 262 286
104 136 143 179 194 208 239 258 274 291
113 130 142 173 200 219 231 257 273 288
110 127 155 178 196 211 236 253 265 293
117 120 157 161 191 218 233 254 261 289
116 134 157 160 186 218 220 242 275 287
113 135 143 179 189 215 234 242 270 285
105 138 146 176 197 219 230 256 277 297
117 128 140 174 181 202 221 241 280 290
112 131 154 167 183 220 224 253 278 282
113 120 143 171 195 204 231 242 268 284
105 129 146 169 180 207 232 246 279 282
114 139 144 178 182 209 224 252 277 300
119 120 158 178 195 213 240 257 276 296
105 136 150 162 197 208 233 260 271 282
107 122 144 166 192 211 233 255 265 280
110 137 158 174 182 207 221 250 263 295
102 120 157 177 197 205 227 242 277 288
117 124 159 163 184 202 224 256 274 292
119 127 152 177 195 211 228 259 271 288
116 124 152 165 183 210 224 242 276 280
117 121 152 175 189 205 231 253 270 287
101 126 158 161 181 210 233 240 273 289
114 129 145 167 188 207 229 240 260 289
106 140 157 165 194 217 236 256 279 300
112 126 140 180 198 212 227 246 266 285
113 120 141 163 198 205 220 255 262 300
111 126 155 172 195 216 227 255 262 286
119 129 152 177 185 218 235 260 274 297
116 132 158 165 198 216 224 246 279 286
118 136 143 169 186 203 223 250 260 289
114 124 151 169 191 217 220 248 266 286
119 125 146 177 187 201 233 257 277 296
109 121 160 169 200 211 227 242 270 289
114 133 149 179 190 216 224 246 264 298
111 139 156 167 183 203 240 245 277 282
107 127 145 176 191 209 234 241 262 288
110 135 150 180 181 207 232 240 277 290
100 120 146 180 192 202 221 257 262 292
118 124 145 162 198 203 234 249 279 283
119 120 156 178 182 203 231 256 268 287
118 127 152 178 183 219 231 246 276 290
115 124 154 176 188 200 223 259 279 285
106 130 158 165 184 218 230 244 276 289
102 130 145 175 198 211 229 240 271 291
101 131 151 165 195 214 235 257 277 282
100 128 154 176 192 200 232 251 261 298
110 134 149 174 190 220 231 257 268 290
112 122 145 161 184 206 232 253 263 285
117 132 148 171 199 217 237 244 262 293
112 124 154 164 190 213 232 252 262 284
106 130 148 174 185 203 238 241 280 280
103 125 155 166 189 206 228 260 275 299
111 122 148 176 191 205 230 257 273 283
107 126 152 179 190 201 234 251 267 285
106 125 142 160 193 209 231 257 268 289
104 140 148 164 200 217 228 252 280 300
108 129 140 174 197 201 239 260 278 294
119 131 145 167 188 216 227 251 277 293
119 132 148 175 194 202 231 247 279 286
113 127 141 175 194 206 238 244 261 289
114 136 146 170 191 201 240 253 272 280
111 129 150 176 199 215 234 256 276 295
104 138 146 171 185 216 220 258 279 281
103 121 160 165 180 208 240 249 270 286
119 136 156 173 197 218 231 252 279 293
100 128 159 172 198 207 240 244 262 289
106 133 158 168 198 218 231 240 277 280
106 126 154 164 181 210 230 252 263 296
119 138 147 172 181 208 234 248 273 288
109 138 159 173 190 208 236 244 279 295
118 121 140 177 200 212 227 256 280 285
115 131 142 175 190 204 224 247 275 286
112 127 157 175 199 219 239 247 275 292
104 139 149 177 198 207 234 244 270 281
110 127 152 169 185 209 240 250 261 300
104 124 144 172 191 217 223 260 265 286
101 135 145 173 198 218 236 251 261 289
109 129 152 168 187 213 228 260 265 299
117 135 144 164 200 201 220 247 273 296
102 125 143 177 197 213 231 255 262 292
115 140 144 180 198 212 233 245 279 295
103 120 151 168 183 213 237 246 264 283
110 123 148 160 195 200 235 252 266 281
101 123 157 176 196 206 230 242 267 297
116 129 152 161 189 203 231 244 262 286
110 130 151 176 194 204 233 253 279 286
109 128 158 166 199 217 221 241 260 290
103 139 158 164 196 220 240 259 276 287
112 138 160 175 182 211 235 257 270 294
103 133 151 179 184 210 230 241 272 294
119 136 142 180 181 210 221 252 268 292
106 132 153 174 188 217 223 260 261 289
105 123 142 177 184 203 226 257 265 298
116 139 149 177 200 217 225 255 274 283
118 123 155 162 185 204 228 247 276 280
117 121 154 173 184 214 224 260 272 296
118 132 140 162 191 219 240 242 261 298
111 127 147 177 187 211 227 255 277 288
112 122 143 164 182 212 221 244 261 284
110 132 146 180 186 204 232 241 267 288
110 121 157 174 185 212 231 255 277 293
113 130 148 173 196 209 237 250 260 284
101 132 148 169 182 220 227 241 265 300
109 133 141 176 197 200 240 255 269 290
115 121 155 162 198 212 240 260 271 284
109 128 140 163 197 218 234 253 262 293
116 130 140 161 194 214 224 248 279 289
119 138 153 177 195 212 236 258 274 294
105 135 141 173 187 209 235 244 261 287
103 132 160 168 191 204 239 247 276 289
102 132 144 174 182 218 227 252 276 287
106 129 143 169 185 206 230 256 277 283
115 122 156 169 193 218 235 250 280 300
104 129 145 163 196 203 224 247 269 293
112 133 147 179 183 212 229 247 278 283
111 136 160 166 187 219 227 240 280 289
115 124 158 168 182 205 226 240 275 300
108 136 148 180 183 210 220 260 272 288
106 130 152 165 196 219 233 245 261 300
114 121 156 163 189 203 220 252 262 280
102 124 147 173 194 217 239 242 274 289
103 134 153 161 182 219 228 252 269 286
101 133 147 163 181 212 230 257 270 296
118 121 142 180 184 217 228 246 278 299
118 139 146 163 194 214 226 257 269 292
112 130 143 175 189 207 229 241 274 295
100 134 151 174 198 211 239 248 270 287
103 139 153 165 188 207 233 258 272 296
116 123 141 168 200 214 229 248 262 283
100 132 157 180 180 219 229 255 265 293
114 135 152 163 195 210 239 253 261 286
106 131 152 164 186 220 225 257 263 289
100 138 149 163 189 202 234 249 278 292
107 135 140 177 195 203 232 253 270 286
107 124 140 171 188 211 233 254 261 298
111 127 160 169 195 220 226 242 269 289
108 127 149 165 185 218 227 255 260 282
115 128 160 170 193 205 234 244 276 288
107 128 151 177 198 204 225 251 267 284
116 129 156 174 181 205 235 251 265 290
112 128 147 162 200 204 224 254 261 300
119 120 154 171 180 200 229 245 277 290
116 121 152 179 183 207 231 252 266 292
106 133 148 169 184 205 225 241 272 287
101 124 151 172 199 203 239 255 265 289
118 136 144 166 199 203 221 248 267 296
103 125 148 171 198 214 223 252 277 297
109 139 147 178 191 211 226 246 276 280
115 123 156 178 180 215 231 246 272 289
101 132 155 164 196 217 238 250 277 296
114 127 142 175 195 217 225 253 279 289
107 126 152 166 181 208 239 240 268 296
115 124 153 160 192 214 225 253 268 286
104 137 151 160 181 213 238 253 273 300
105 127 144 176 197 203 239 247 277 280
119 129 142 170 191 205 228 241 274 290
109 129 149 169 183 215 231 250 277 290
110 135 151 165 196 215 234 244 263 290
104 139 142 179 187 202 223 257 273 287
102 120 150 162 185 220 231 241 260 289
110 126 143 166 190 204 235 252 265 292
109 127 151 162 187 212 234 249 261 285
112 123 146 175 180 214 233 242 260 288
107 120 150 167 191 202 232 258 261 295
111 140 156 165 184 215 221 258 269 288
119 123 150 171 186 214 228 253 261 286
114 124 144 179 189 210 237 260 274 284
107 130 144 162 195 206 232 242 268 282
103 128 149 165 185 200 221 252 271 285
102 139 144 166 199 200 220 254 275 284
105 128 148 164 192 213 228 254 266 297
109 126 160 171 193 200 223 246 273 288
109 120 160 162 189 206 228 250 269 284
100 130 150 179 195 214 228 255 262 292
113 136 153 164 194 202 237 256 272 288
120 121 142 176 189 218 239 260 275 298
105 134 143 169 199 216 232 246 272 298
103 135 147 177 183 214 229 252 273 283
112 137 157 166 190 203 231 251 274 294
118 131 159 167 190 214 223 260 277 291
104 129 147 169 196 200 223 243 262 284
107 132 144 178 195 205 228 256 268 287
103 137 143 161 186 202 230 252 275 285
114 128 154 160 196 220 234 242 261 298
105 127 160 161 187 206 226 240 268 286
107 133 141 165 193 202 232 260 261 283
106 140 151 165 196 216 235 241 271 282
113 134 140 178 199 214 230 254 275 281
114 125 157 168 198 201 221 258 279 298
112 124 160 174 187 217 234 257 261 297
119 122 160 180 184 216 234 260 276 281
107 135 156 179 183 205 233 248 275 285
113 127 151 162 193 203 223 249 273 280
114 139 157 163 195 209 224 249 277 300
120 139 157 171 180 210 240 253 261 299
119 134 155 176 200 212 238 240 270 285
101 128 154 161 191 219 236 248 272 285
112 124 144 174 197 203 223 257 268 282
120 134 142 171 181 214 220 252 267 287
115 123 158 161 183 212 237 256 268 281
107 140 148 177 187 216 223 253 280 281
120 135 159 176 197 219 222 245 262 291
109 122 157 163 192 219 232 249 276 291
108 135 150 180 184 204 230 256 267 299
112 120 140 169 200 214 231 245 272 288
110 131 158 165 191 209 222 250 274 283
115 132 146 169 191 219 231 240 275 284
116 138 146 164 198 212 230 246 278 289
117 128 148 169 197 206 228 252 269 300
113 139 156 172 196 207 223 258 266 296
112 132 158 174 188 206 227 243 272 283
107 131 150 179 200 210 227 243 269 295
113 135 145 170 193 212 238 241 265 283
119 131 145 165 200 209 226 242 276 295
116 120 150 180 180 218 227 253 265 300
107 140 146 170 192 201 233 254 280 297
115 120 153 164 183 214 233 252 268 285
115 133 144 177 186 215 224 252 265 298
118 134 146 174 198 203 220 244 265 299
103 126 154 176 186 206 221 243 265 297
108 139 148 171 199 219 230 245 261 284
108 137 148 167 189 215 240 255 275 290
115 139 154 168 191 219 229 240 274 283
115 126 147 167 189 213 224 249 277 287
100 133 152 175 180 201 224 253 263 291
103 134 149 167 187 212 232 242 272 294
106 135 143 171 199 213 237 241 276 288
110 135 156 160 183 203 239 246 262 284
111 128 159 180 189 218 221 246 274 287
115 139 153 160 186 207 238 251 279 290
104 140 142 180 182 209 224 251 270 297
100 139 152 168 180 217 226 245 269 296
118 137 155 163 185 201 221 256 260 284
114 121 145 172 180 218 221 245 260 299
118 128 145 179 186 208 233 254 272 282
106 131 146 179 180 220 238 246 271 296
105 136 141 161 196 212 222 251 269 287
118 125 151 173 196 217 222 243 266 297
111 130 144 167 195 213 236 245 270 284
113 125 156 163 187 214 227 242 279 284
120 130 143 171 189 210 220 245 278 289
110 133 152 164 195 213 221 248 268 298
119 135 144 171 199 205 224 248 265 281
109 122 160 175 197 208 234 240 275 291
103 122 144 171 184 212 223 259 272 297
110 120 151 167 183 202 226 247 263 298
109 128 151 162 197 211 234 250 263 295
119 134 159 165 182 215 240 241 275 293
105 131 146 180 197 219 225 246 271 289
101 137 154 178 191 216 227 254 263 287
100 134 155 176 189 212 224 250 273 283
120 125 147 165 186 201 237 260 262 291
100 132 150 164 180 208 237 242 262 290
116 122 157 167 200 215 238 257 264 293
111 126 155 170 181 203 221 250 279 294
102 123 152 164 187 201 224 241 279 280
119 135 147 178 188 202 238 240 279 299
114 136 148 168 199 206 227 259 268 292
106 135 152 164 192 219 239 249 267 282
117 134 148 166 187 200 227 250 268 292
115 135 158 164 195 207 226 255 273 294
119 128 150 176 181 202 236 242 280 294
103 128 159 172 182 200 237 251 264 294
105 134 147 162 188 203 224 251 261 284
111 122 151 169 192 212 233 243 275 294
115 140 155 168 193 218 223 249 265 299
101 128 150 177 185 215 239 246 274 291
113 131 160 161 190 218 229 247 265 295
110 126 155 167 199 201 230 249 266 293
118 133 150 174 184 203 223 254 268 284
107 138 143 176 197 218 226 246 280 292
116 123 152 165 194 203 225 248 271 291
106 128 159 168 180 203 224 244 273 293
108 125 145 167 186 214 229 245 279 297
108 138 153 160 193 201 222 257 276 292
103 140 150 162 190 213 225 243 263 289
116 120 144 168 194 211 231 259 276 284
116 139 147 160 191 206 228 250 267 290
108 130 153 169 197 218 221 253 270 280
112 130 143 172 186 215 221 243 267 299
118 128 145 168 192 206 223 260 260 298
119 136 146 164 180 202 226 258 260 300
100 133 144 170 182 210 239 253 263 286
117 131 151 171 196 218 220 259 273 283
102 137 142 163 183 220 222 260 264 295
109 131 144 174 182 218 237 246 262 296
115 122 148 172 196 207 229 240 266 294
105 139 158 170 190 200 235 249 267 283
112 139 142 164 184 203 222 245 276 282
109 140 160 164 185 210 240 240 271 295
106 136 157 161 199 209 232 244 268 284
106 122 155 175 196 208 231 246 280 285
116 130 156 161 182 217 227 247 271 298
114 129 158 177 191 207 237 254 274 287
100 130 148 165 186 220 225 244 267 285
114 134 149 162 192 216 228 250 276 292
100 137 148 162 196 207 222 254 273 281
113 124 152 178 200 217 228 258 279 291
102 133 144 170 194 217 231 248 273 297
109 127 141 166 180 210 223 249 271 290
113 121 154 164 195 208 223 258 275 285
115 133 140 174 198 202 238 259 279 297
120 134 140 166 180 216 240 256 278 289
103 140 160 169 187 206 234 245 268 291
108 129 152 174 197 212 236 253 280 297
112 124 154 179 191 220 227 247 269 295
106 127 142 180 196 202 225 246 271 288
118 127 150 180 186 218 227 245 278 292
120 132 144 164 198 214 220 255 262 286
102 137 142 170 198 208 225 253 261 285
102 121 152 171 184 204 236 245 276 285
106 126 141 180 194 210 238 258 271 283
110 140 148 165 199 215 225 254 263 295
116 126 154 161 181 204 235 240 278 280
115 138 141 173 188 211 238 252 276 294
102 135 145 168 180 212 223 245 274 293
105 123 145 178 182 204 240 253 275 295
112 137 150 179 200 220 223 245 263 287
119 131 145 174 197 211 229 259 265 298
108 137 146 171 197 219 223 249 276 300
101 134 151 173 191 200 239 255 278 299
111 137 146 178 184 215 225 245 261 287
114 136 141 165 199 204 229 249 264 293
109 132 150 165 192 207 234 243 264 287
103 120 158 160 190 201 234 248 267 286
120 125 155 167 196 211 236 244 271 297
114 125 158 179 185 214 230 257 280 300
110 122 155 175 186 217 230 242 261 287
114 124 157 162 194 220 239 252 271 294
109 128 156 173 195 219 221 255 263 291
112 128 149 174 200 218 240 258 272 285
117 124 155 173 182 204 226 249 271 293
100 122 149 173 199 204 231 244 265 300
111 123 157 177 191 201 236 251 280 297
101 137 145 180 190 213 232 250 271 288
110 126 155 167 190 206 230 241 263 281
100 135 157 170 185 209 229 254 267 293
101 136 146 170 193 210 237 241 270 296
116 139 149 167 182 210 230 259 270 295
107 125 159 166 198 203 235 258 262 285
111 124 160 179 183 211 232 249 280 293
102 125 154 168 186 219 222 246 264 300
104 136 152 176 196 205 222 256 277 293
110 139 159 180 200 216 239 241 274 286
105 138 151 178 188 212 237 259 265 280
113 127 152 180 196 215 228 247 264 293
109 124 150 171 186 213 233 247 264 284
106 120 158 165 198 208 222 254 275 293
107 121 143 166 191 202 230 250 267 287
112 125 151 167 197 201 236 246 262 300
120 125 140 180 183 200 236 253 268 295
119 127 155 180 187 200 235 251 279 297
100 135 145 162 200 205 220 244 264 286
100 137 147 179 190 205 238 250 278 292
116 123 160 162 191 205 234 259 271 282
119 124 152 160 193 201 223 246 271 281
108 140 149 164 187 217 239 251 269 293
114 124 147 167 181 204 228 257 268 283
119 123 145 160 184 200 232 253 279 300
111 133 141 160 188 205 224 256 263 297
104 124 140 166 184 206 236 255 267 291
111 132 155 167 199 200 220 246 262 292
112 139 141 167 188 220 232 254 277 280
101 133 141 180 193 220 231 246 276 283
108 132 142 179 191 201 235 259 277 281
113 131 142 168 200 204 228 256 269 287
102 136 146 177 200 207 237 247 261 286
105 124 144 169 180 209 228 251 262 289
116 126 160 172 186 203 220 240 263 287
111 134 153 162 182 204 229 251 268 297
116 135 144 167 180 220 234 253 274 298
117 129 150 164 194 216 226 246 266 292
118 120 150 173 194 211 221 256 265 288
101 135 154 173 185 212 231 242 268 286
116 124 148 161 199 217 223 240 263 292
107 137 153 175 187 206 232 260 268 286
100 126 142 172 193 217 229 255 268 295
120 123 141 165 199 208 230 254 275 286
104 129 153 169 196 217 227 248 267 286
110 125 145 170 182 201 227 255 260 299
116 122 142 177 184 202 236 256 276 287
115 138 143 164 192 216 237 253 280 285
110 137 142 161 188 207 229 248 260 298
106 135 160 169 199 203 226 259 274 288
117 124 159 176 189 209 223 240 273 297
120 132 160 179 186 207 225 260 260 286
100 124 141 176 180 214 224 243 277 285
100 132 153 167 200 207 223 246 272 293
101 132 142 172 187 211 236 252 265 295
108 121 157 180 195 220 225 243 264 289
113 130 143 173 186 209 236 240 276 287
119 125 143 166 190 220 229 245 272 285
120 127 154 163 192 216 236 251 275 291
105 139 149 178 196 212 220 245 274 296
115 124 147 167 181 218 233 253 269 281
104 135 149 177 189 210 233 252 277 300
109 125 148 176 185 200 230 242 270 287
102 129 144 162 184 214 226 253 268 283
115 138 153 174 190 205 231 260 270 282
116 121 146 168 186 211 223 249 264 293
107 133 152 162 194 203 234 260 279 298
106 128 142 167 193 207 234 260 280 288
108 132 152 160 182 200 236 258 263 300
118 128 153 166 183 206 221 251 266 287
111 121 140 180 195 215 230 245 264 285
108 121 147 180 198 201 232 255 270 284
102 127 152 164 191 209 237 250 276 281
104 133 149 175 180 220 229 245 260 290
117 124 151 174 185 218 239 253 279 297
113 140 152 169 183 220 240 254 264 298
109 128 148 164 183 207 238 258 276 294
114 139 157 179 184 217 221 251 266 294
109 134 153 173 198 202 238 245 277 284
117 122 156 179 185 206 223 245 280 285
108 121 144 160 198 218 239 247 277 294
107 130 149 171 193 213 224 240 277 293
116 132 160 165 194 201 236 241 280 289
120 128 143 174 193 220 239 241 264 290
112 137 159 168 180 217 234 240 261 284
103 135 142 179 189 214 238 242 273 288
102 120 146 169 196 203 235 256 260 293
101 140 159 171 187 213 224 254 274 289
114 120 144 169 186 207 235 258 273 287
110 136 156 167 188 220 232 250 278 296
110 135 157 165 186 206 235 255 269 280
115 130 145 170 186 218 231 259 264 289
119 127 151 178 182 219 234 241 266 295
114 139 148 180 193 215 228 259 274 285
114 133 143 173 192 209 228 250 266 290
120 132 150 164 188 220 239 241 279 286
111 123 140 171 186 217 223 252 279 298
110 138 141 171 181 216 231 260 264 285
117 131 157 177 182 204 233 242 272 288
111 131 149 172 185 211 235 243 273 280
120 126 140 165 188 207 240 251 264 282
110 140 148 165 186 218 230 256 272 280
103 120 142 167 186 201 234 245 272 292
100 137 146 179 190 216 225 254 269 288
101 122 145 161 191 200 227 245 274 283
102 130 158 164 191 214 230 251 278 295
110 121 145 176 194 202 234 244 273 283
109 127 156 163 183 211 228 252 273 288
100 133 160 171 196 211 237 252 275 296
101 129 141 161 192 210 237 243 260 283
114 125 151 164 182 215 222 243 275 298
111 125 156 176 194 209 222 253 277 299
115 128 149 178 197 207 224 245 261 293
111 131 160 170 185 219 231 244 268 288
103 122 142 171 180 202 226 256 265 298
103 133 151 172 187 213 221 253 276 294
110 140 146 166 182 210 238 240 276 287
3649 4525 5541 6101 6486 7502 8133 8833 9709 10514
2061 2289 2937 3336 3736 4002 4192 4877 5220 5581
1673 2106 2539 2683 3068 3468 3821 4109 4237 4814
3753 3881 5003 5259 6156 6988 7661 7949 8974 9134
1189 1410 1560 1811 1962 2182 2383 2473 2643 2964
1629 2035 2335 2501 2877 3267 3568 3823 4094 4484
1673 2106 2474 2795 3180 3276 3661 4061 4414 4686
3305 4362 5131 5675 6252 6412 7661 7917 8942 9518
3789 4510 5555 6203 6708 7392 7933 8905 9842 10743
1413 1461 1822 2087 2376 2640 2797 3097 3133 3494
4416 5236 6056 6368 7187 8319 9139 9802 10349 11207
1879 2049 2543 3037 3361 3736 3787 4263 4536 4825
1785 1962 2459 2715 3036 3228 3773 3853 4286 4542
2133 2205 2674 3035 3251 3792 4207 4621 4946 5360
2509 3260 3585 4036 4962 5237 6013 6313 6739 7039
2457 3298 3682 4259 4764 5172 5557 5773 6518 7022
1142 1484 1738 1947 2002 2355 2554 2763 2995 3160
3337 4074 4779 5131 6412 6540 7277 8110 8398 9102
4109 4930 5832 6653 7597 8582 9402 9894 11125 11494
3109 3730 4567 5064 5902 6771 6988 7577 8291 9191
4026 5470 6212 6992 7617 8592 8592 9568 10856 11597
4221 5002 5665 6719 7148 8046 9178 9412 10817 11715
4116 4968 5671 6597 6671 7634 8486 9634 9708 10855
4747 6174 7325 7463 8429 9488 10869 11882 12250 13170
1801 1977 2426 2619 2972 3340 3789 4013 4366 4782
3209 4138 4714 5259 6092 6604 7405 8334 8846 9006
3909 5431 6212 6602 7422 8514 9256 9919 10427 11324
3753 4329 5735 5879 6744 7320 8113 9266 10022 10274
1998 2254 2543 2986 3310 3412 3787 4178 4655 5063
5742 5987 7311 8096 9812 10351 11283 12214 13391 13930
5959 6160 7160 8811 9862 10812 11163 12163 13014 14514
3339 4000 4810 5381 5922 6552 7003 7603 8113 9014
4065 5431 5938 6641 7109 8592 9139 9529 10778 11324
3987 5470 6055 6797 7695 8163 8905 9958 10817 11636
2984 3435 3535 4061 4687 5237 5838 6363 6589 7264
1305 1546 1858 2159 2400 2532 2821 3121 3133 3590
1647 1858 2068 2405 2728 2910 3177 3401 3738 4032
4227 4560 5746 6634 6894 7634 8634 9226 10152 10448
1862 2083 2458 3003 3310 3582 3906 4434 4485 4978
1142 1495 1771 1815 2157 2267 2554 2874 2918 3226
1296 1362 1682 1870 2046 2223 2532 2874 3006 3303
3717 4474 5483 6311 7140 7500 8401 8653 9806 10526
1189 1239 1490 1611 1882 2202 2383 2563 2624 2914
3309 3790 4420 5411 5471 6432 7123 7483 8114 8984
3279 3880 4751 5231 5531 6552 7093 7363 8114 9014
1845 2224 2710 3053 3360 3720 4279 4567 5000 5216
4273 4929 6448 7227 8007 8704 9197 9853 11248 11781
3006 3493 3898 4493 5223 5925 6331 7006 7277 8033
3477 4294 4872 5587 6574 7424 8173 8785 9228 10146
4519 5135 6366 6981 7597 8294 9197 10304 10879 11986
3401 4330 4490 5771 5771 6924 7437 7725 8750 9134
4569 4798 5596 6395 7346 8373 8525 9285 9970 11148
2996 3606 4331 4680 5812 5899 6422 7263 7931 8541
3061 3425 4323 4519 5444 5920 6509 7237 7630 8330
2790 3277 3817 4520 5169 5493 6223 6601 7331 7601
4221 5353 5743 6251 7031 8124 9373 9451 10856 10973
2445 2719 3013 3455 4170 4359 4801 5179 5474 6252
5083 5987 6030 7579 8612 9386 10204 10806 11624 12097
3229 3398 3986 4631 5528 5948 6593 6901 7294 7854
3948 4728 5665 6758 7812 7929 9100 9724 10505 11637
2608 3046 3414 4059 4474 4865 5349 5809 6040 6730
2470 2885 3645 3714 4543 4773 5142 5671 6063 6800
4221 4834 5482 6347 7032 7752 8473 9229 10094 10130
4314 4929 6571 7227 7514 8992 9238 10345 11166 11699
1801 2058 2250 2859 3020 3388 3725 4045 4446 4686
1985 2518 2898 3412 3622 3831 4440 4934 5220 5695
5025 6038 6919 7051 8592 8988 9869 10969 11674 12598
4931 6036 6864 7601 8752 9212 11053 11237 12342 13815
4629 5509 6963 7711 8592 9560 10001 11145 11938 12950
3481 4350 4474 5157 5715 6429 7267 7825 8508 8849
3305 4394 4618 5643 5868 6924 7149 7757 8430 9551
1089 1219 1601 1751 1982 2152 2303 2553 2794 2814
2115 2223 2837 2909 3522 3684 4279 4495 5018 5270
3561 4362 4618 5483 6284 7052 7277 8013 8558 9326
3450 4071 4381 5126 6057 6274 7205 7856 8694 9035
2445 2571 3139 3707 3939 4506 4906 5158 5516 6251
3195 3303 4277 4385 5088 5520 6088 6736 7385 7844
2539 2958 3465 3861 3993 4676 5051 5645 6064 6240
4069 4560 5401 6031 6697 7327 7712 8763 9569 10094
3419 3884 4629 5312 6119 6677 7298 7856 8539 9314
2843 3364 3806 4639 4874 5550 6071 6383 7138 7398
2734 3335 3610 4211 4912 5337 5863 6313 6964 7114
1377 1606 1918 2147 2255 2616 2833 3085 3302 3602
4455 5353 5470 6680 7773 7812 9295 9880 10505 11597
4953 6682 7018 7691 9180 9708 10765 11533 13358 14319
4227 4607 5406 6129 7232 8068 8829 9589 10578 10806
4375 5116 5560 6227 7301 7967 8226 9411 9744 10966
1341 1582 1798 2159 2171 2556 2833 2965 3194 3578
5289 6634 6730 8411 9564 9900 11053 12301 12494 13838
3474 4465 4927 5852 6150 6645 7900 8528 8594 9254
3929 4455 5401 6136 6381 7362 8378 8763 9499 10164
5097 6730 7210 8555 8795 10140 10813 11773 13262 13934
1241 1396 1638 1881 2157 2366 2477 2874 2973 3215
3953 4464 5348 5825 6403 7084 8003 8785 9364 10180
2790 3249 4223 4736 5250 5898 6169 6980 7142 7709
2061 2440 2800 3215 3522 3954 4333 4351 4856 5324
5252 6282 7655 8194 9763 9910 11087 12067 13538 14224
1909 2594 2670 3108 3470 4078 4516 4744 5315 5429
5359 6310 7861 8211 9412 10562 11063 12213 13064 14915
4797 5554 5932 7277 8034 8496 9715 10219 11102 12531
4104 4963 5743 6602 7773 8515 8593 9763 10193 11246
3817 4192 4974 5927 6336 7322 7493 8547 8990 10215
5113 5642 6346 7667 8812 9560 9736 11145 12246 12950
4375 4783 5708 6375 7301 7967 8782 9078 10004 10781
4185 4402 5194 6383 6492 7248 7969 8833 9626 10527
1881 2368 2855 2927 3612 3684 4099 4351 5036 5072
3507 4267 4960 5885 6150 6810 7636 8494 9254 9353
2061 2461 2708 3317 3431 3926 4459 4954 5087 5600
3987 5431 5626 6992 7617 8124 8671 10115 10739 10934
1760 2135 2629 3071 3310 3735 3872 4365 4621 4791
1981 2356 2731 2765 3242 3718 3769 4144 4621 4961
1517 1687 1934 2130 2417 2860 2899 3211 3446 3667
4977 5529 6588 7463 9212 9580 10225 11513 12618 13815
1400 1700 2091 2208 2404 2625 3003 3355 3511 3745
3789 4365 5410 6131 6924 7824 7932 9373 9950 10778
3894 4595 4910 5646 6977 7362 7958 8658 9324 9849
3987 4566 4770 5791 6642 7322 7867 8241 9092 9738
3373 4070 4622 5028 5609 5928 6508 7437 7611 8685
4419 5091 6437 6857 7824 9042 9967 10892 11018 11816
4671 5890 6142 7109 8286 8916 9715 10303 10976 12026
2151 2241 2764 3233 3395 3738 4243 4621 5000 5414
3948 5197 5704 6485 7383 8124 9295 10153 10934 11363
1322 1726 1960 2299 2403 2833 3055 3211 3628 3758
2194 2499 2879 3374 3584 3869 4459 4953 5220 5429
4611 5197 5978 6797 7031 8319 8944 9763 10232 11129
4375 5042 5412 6597 7190 7708 8819 9263 10300 11114
4293 5217 6478 7151 8286 8916 10009 10807 11522 11984
3083 3780 4360 5028 5464 6393 6828 7002 8047 8134
2959 3510 3935 4361 4736 5387 5863 6263 6914 7114
5132 5932 6966 8283 8660 9976 11199 11387 12234 13456
4868 5299 6547 7493 8397 9257 9645 10892 11323 12226
2382 2592 3118 3455 3939 4548 4780 5474 5663 6188
2869 3650 3728 4509 5212 5706 5914 6747 7190 7502
1584 1930 2170 2546 2802 3252 3598 3748 4109 4274
4190 5042 5708 6227 6782 8004 8819 9337 10300 10781
2319 2677 3013 3791 3896 4569 4738 5284 5831 6314
2151 2529 3055 3644 4044 4380 5011 5116 5642 6210
4209 5848 6605 6857 7697 8622 9925 10681 11060 12530
2118 2461 2822 3336 3622 3983 4364 4878 5011 5353
3388 3854 4474 5033 5716 6677 7391 7950 8074 9097
3894 4968 5783 6634 7412 7560 8412 9374 9707 11077
1089 1280 1420 1701 1992 2142 2283 2523 2654 2814
5193 6202 7306 7931 9516 10476 10861 12493 12493 14222
4174 4875 5120 5751 6522 7397 7888 8483 9289 9954
4335 5638 6479 7319 7740 8412 9841 10387 11060 12447
2309 2816 3553 3898 4405 4865 5303 5717 6017 6846
4958 5938 7066 8586 9469 10498 11773 12116 13293 14371
1281 1546 1931 2051 2400 2616 2833 3037 3218 3422
5319 5905 6760 7391 8382 9462 10003 11578 12434 13109
5483 6036 6588 7923 8429 9534 10225 11835 12802 13768
2457 3370 3514 4307 4716 4980 5341 6253 6470 6974
1009 1220 1561 1611 1912 2012 2253 2473 2694 2935
4493 5064 5710 6737 7498 8030 8867 9133 10426 10844
3195 3493 4168 4385 5331 5466 6250 6601 7466 8114
1219 1352 1605 1859 2113 2245 2521 2841 2918 3304
4847 5545 6571 6694 7514 8909 9812 10673 10878 12273
4189 4950 5406 6471 7308 7650 8677 9742 10388 10654
2133 2476 2566 3071 3269 3810 4189 4387 4874 5072
5040 5643 6331 7364 7838 9301 9473 10634 11667 12054
5742 6625 7115 7998 9665 10449 11185 12312 13538 13930
2649 3178 3658 4187 4451 4980 5749 6037 6470 6950
1329 1522 1762 2087 2171 2424 2833 3098 3230 3542
4209 5680 6100 6815 8076 8664 9967 10429 11270 12404
4079 4598 5264 6264 7153 7893 8782 9411 9856 10448
5497 5988 7115 8292 9126 10253 10989 12509 12999 13783
2562 2815 3507 3691 4474 4842 5280 5994 6201 6592
1400 1582 1947 2260 2495 2690 2977 3315 3524 3862
3039 3760 4751 5321 5411 6372 6763 7303 7994 8895
1845 2339 2475 2850 3412 3548 4008 4110 4485 5046
2319 2529 3223 3623 4149 4233 4948 5389 5831 6041
2687 3572 3702 4483 4821 5498 6071 6721 7164 7788
2967 3809 4244 5086 5754 5812 6538 7495 8134 8395
3657 3945 5067 5675 6027 6700 7084 8205 8942 9582
4797 5596 6563 7109 7865 8790 9883 10303 11312 12572
4587 5175 6394 6899 8412 9252 9337 10639 11396 12404
1401 1473 1810 2039 2195 2592 2845 2965 3254 3446
1439 1778 1908 2091 2443 2651 3055 3224 3485 3784
2996 3925 4128 4767 5609 6392 6973 7437 7699 8511
5555 6496 6825 8095 8989 9459 11058 11387 13174 13691
2004 2556 2689 3127 3546 3850 4421 4954 5049 5467
3715 4260 5145 5927 6778 6812 7697 8752 9058 9602
3054 3722 4506 4651 5522 6102 6654 7525 7554 8569
2700 3023 3598 4128 4312 5072 5234 5648 6316 6638
5508 6120 7343 7719 8613 9412 11246 11434 12563 13503
3609 4654 5446 6095 6888 7464 8185 9374 9806 10418
4169 5530 5970 6651 7972 8452 9133 10374 10414 11454
1881 2386 2710 3143 3504 3972 4297 4531 4712 5144
4765 5627 6571 6981 7761 8581 9238 10345 11248 11904
5203 6184 7115 8635 9616 10008 11332 12754 13489 13881
4709 6449 6590 8471 9318 10164 11246 11575 12281 13409
4395 5341 6030 7192 8612 9472 9731 11150 11753 12699
4803 6073 7013 7954 9177 10023 10447 12092 12375 14115
5769 6058 7451 8123 9516 10476 10861 12301 12638 13598
2659 3460 3735 4211 4837 5287 5988 6163 6689 7139
2844 3655 4303 4628 5331 5871 6385 6925 7547 7790
1233 1690 1726 1991 2412 2640 2821 3049 3314 3566
2445 2845 3350 3686 3875 4632 4653 5284 5789 6188
4116 5042 5783 6153 7005 7560 8597 9189 10300 10596
1186 1329 1760 1837 2135 2311 2499 2686 3050 3281
2869 3416 3650 4327 5134 5420 6123 6617 7086 7320
4885 5806 6864 7509 8568 9948 10455 11283 12894 13216
2561 2671 3420 3751 4236 4698 5161 5711 6020 6614
4825 5255 6719 7235 7794 9386 9989 11150 11753 12828
1981 2254 2645 2850 3156 3735 3957 4433 4450 5046
3849 4490 5002 5579 5963 6764 7661 8045 8333 9614
1625 1930 2330 2811 3004 3356 3597 3869 4318 4526
5229 6040 6535 7751 8382 9462 10138 10813 12074 13334
1479 1942 2068 2461 2672 2840 3163 3654 3710 3990
3721 4394 4842 5579 5899 6764 7053 7981 8750 9102
1186 1362 1716 1859 1991 2388 2609 2730 2973 3292
5791 6821 7115 8439 9665 10057 11773 12116 12999 14371
2608 2931 3230 3714 4520 4658 5142 5787 6155 6523
4709 5744 6825 7578 8989 10212 10776 12046 12657 13221
1947 2220 2509 2918 3344 3480 3838 4400 4502 4876
2700 2862 3622 3760 4566 4635 5188 5694 6109 6892
4151 5064 5558 6509 7346 8372 8981 9171 10540 11034
4610 5686 6762 7450 8526 8913 10290 10763 11968 12355
3894 5042 5338 6079 7190 7708 8708 9300 10189 10374
4478 5217 6037 6612 7884 8212 9361 10468 11494 11986
1197 1329 1583 1991 2013 2300 2477 2852 3061 3193
3273 4074 4842 5611 5771 6796 7373 8077 8430 9583
3909 5236 5900 6251 7070 8319 9022 9763 10739 11207
2529 2571 3329 3392 3981 4296 4738 5474 5747 6209
3672 4399 5059 5489 6414 7008 7603 8527 8660 9584
1353 1642 1738 1991 2256 2520 2785 3085 3278 3590
4289 4809 5730 6531 8012 8292 9493 9653 11134 11374
2709 3210 3961 4411 4662 5412 5688 6238 6639 7264
2015 2254 2509 3037 3139 3548 3957 4280 4774 4944
5673 6202 7498 7931 9276 10380 11293 12349 12493 14222
2332 3092 3322 3783 4221 4842 5464 5625 6155 6846
5113 5950 6302 7843 8063 8944 9869 10837 12158 12950
1935 2332 2620 3233 3486 3720 4153 4621 5018 5288
5437 6358 6726 7693 8752 9810 10593 11099 12526 13216
4560 5340 6161 7104 7679 8663 9279 9853 11125 11658
2869 3546 3650 4301 4848 5238 6149 6279 6800 7372
2457 3202 3635 4235 4379 4836 5461 6206 6542 6878
2889 3178 3610 4019 4355 4956 5413 6013 6518 6830
5791 6723 7753 8537 9469 10694 11136 12165 13293 14028
3279 4030 4330 4841 5622 6462 7003 7483 8114 8834
5437 6220 6680 7371 8291 9258 10271 11605 12756 13538
2809 3874 4098 4491 5276 5612 6285 7266 7742 7966
4151 4950 5634 6471 7308 8258 8410 9361 10616 11338
1899 2494 2873 3161 3594 3720 4297 4621 4765 5162
4671 5470 6058 7487 8034 8958 9925 10345 11186 11900
3077 3181 4171 4327 4900 5446 5811 6435 7190 7372
1896 2288 2629 2731 3378 3718 3752 4093 4672 5097
3228 3693 4302 4651 5348 6306 6770 7089 7815 8279
3987 4728 5626 6836 7695 8553 9100 9919 10193 11714
4650 5431 5509 6251 7187 8358 8905 9919 10622 11246
4352 5256 6332 7020 8569 8870 9473 10505 11452 12270
3613 4634 5280 5893 6812 7424 7935 8717 9330 9636
5350 6772 7704 7998 9273 10106 11626 12116 13685 13734
1935 2494 2656 3071 3612 3918 4153 4333 5000 5252
5659 6860 7761 9011 9061 10312 11813 12563 13214 14614
5203 5987 7655 8439 9126 9861 11528 11822 13293 14666
1964 2049 2680 2986 3156 3548 4025 4382 4485 5114
2649 3322 3851 3971 4596 4812 5485 6157 6518 6974
2341 3002 3332 3839 4368 4610 5249 5293 6042 6438
4481 5858 6159 7020 8268 8999 9473 10376 11667 12915
5132 5931 7248 8471 9318 10023 11152 12233 12374 13738
3969 4906 5410 6059 6635 7896 8185 9085 10022 10490
5097 6586 7499 8075 9276 9804 11149 11677 13406 13694
2309 2730 3010 3391 3611 4212 4673 5053 5214 5834
4009 5210 6371 6891 7972 8612 8973 10013 10454 11254
3561 4266 4714 5227 6380 6764 7693 7917 8558 9358
3681 4330 5339 6383 6816 7284 8149 9158 9446 10418
4227 4709 5561 6116 7375 7819 8264 8893 9893 10522
2734 3260 4011 4036 4762 5037 5688 6363 6764 7389
3968 4894 5301 6671 7005 7930 8671 9115 10226 10559
4839 5176 6227 7109 7614 8538 9883 10303 11144 11900
4139 4560 5085 5961 6977 7327 8063 8973 9219 10164
2042 2404 2937 3241 3679 4002 4307 4592 5144 5600
4026 4768 5548 6641 7617 8085 8671 10154 10622 11402
1709 2339 2611 2850 3378 3718 3804 4331 4655 4876
3837 4531 4696 5852 6414 6678 7603 7933 8594 9749
4689 6265 6715 7886 8292 9507 10093 10948 12164 12794
5253 6450 7187 7739 8844 9350 10409 11099 12802 13676
1322 1635 1909 2104 2495 2664 3068 3159 3446 3719
2407 2980 3443 3839 4346 4500 4963 5469 6064 6482
4065 4963 6251 6797 7109 8593 8710 9919 10388 11129
3606 4630 4795 5753 6546 6777 7338 8395 9254 9551
1305 1690 1846 2135 2171 2520 2869 2893 3170 3602
2529 2677 3203 3560 4065 4233 4696 5158 5726 6083
5319 5815 6670 7391 8201 9913 9913 11308 12254 12794
1989 2242 2656 3125 3269 3828 4243 4513 5036 5288
5132 5696 6590 8471 9365 10211 10776 12092 12704 13503
5145 6586 7018 8603 8699 10332 11341 11629 13214 13502
2700 2954 3483 3806 4566 4727 5165 5878 6362 6500
1633 1801 2251 2503 2756 2994 3219 3527 3920 4046
5154 6527 7066 7949 9469 10204 11136 12656 13342 13783
1029 1330 1551 1751 1831 2062 2293 2473 2664 3005
3579 4490 4945 5786 6312 7222 7958 8974 9114 10270
4923 5722 5932 6815 7866 8454 10093 10471 11270 12320
4249 5610 5730 7211 7812 8732 8813 9733 10614 11494
1827 2188 2584 3125 3251 3612 4225 4640 5036 5198
5049 5596 6268 7529 8118 9000 9925 10555 11185 12488
1734 1854 2366 2501 3012 3087 3568 3778 3974 4244
1109 1410 1470 1701 1992 2122 2343 2573 2634 2904
3309 4120 4390 5201 5802 6342 6703 7663 8414 8624
2539 3046 3376 3905 4148 4698 4941 5579 6130 6174
2009 2690 3191 3251 3992 4172 4753 5033 5354 5854
5385 6346 7499 8363 8651 9852 11101 11965 13310 13598
3342 4366 5093 5918 6447 6711 7735 7966 8792 9749
4077 4726 5158 6131 6816 7680 8509 8833 9734 10526
2934 3460 3760 4386 4912 5187 5938 6513 6538 7514
2508 2803 3097 3518 3833 4548 4927 5326 5894 5915
2061 2651 2746 3298 3584 4116 4345 4687 5011 5391
3511 4498 4940 5927 6336 7391 7901 8547 8854 9704
2232 2556 2975 3260 3564 4002 4459 4573 5334 5543
1605 1886 2012 2461 2616 2910 3303 3569 3682 4032
2109 2429 3111 3611 3792 4312 4413 5194 5354 5634
4209 5130 6211 6571 7452 8612 8813 9693 11214 11895
3837 4002 4993 5357 6315 7140 7405 8362 9056 9419
3431 3519 4390 4651 5638 5812 6596 7264 7641 8221
3295 4071 4599 5033 5809 6709 7019 7515 8198 8725
5049 5386 6521 7445 8160 8538 9337 10387 11228 12362
4478 5504 6037 7391 8212 8622 9402 9976 11330 11822
2605 3046 3355 3553 4170 4544 4941 5359 5844 6416
5105 6086 7066 8831 9028 10498 11087 12459 12950 14568
1142 1506 1572 1815 2135 2322 2455 2686 2973 3315
4824 5770 6400 7526 9012 9012 10003 11399 12164 12929
3443 4634 5042 5553 6608 7390 7765 8853 9194 10010
2493 3000 3391 4082 4428 4750 5487 5855 6155 6454
4533 5041 5587 6758 7539 8241 9022 10036 10349 11402
2837 3594 4323 4715 5500 6145 6173 6817 7462 7994
1389 1618 1810 1967 2376 2628 2857 3085 3206 3566
3202 4009 4412 5374 5747 6491 7205 8043 8074 8725
1549 1872 2139 2251 2728 2910 3233 3654 3668 4046
4449 4671 5523 6005 7264 8115 8375 9226 10189 11114
4478 4929 5832 7350 7761 8828 9115 9935 11002 11986
4824 5454 6986 7976 8517 9282 9958 11263 12479 13199
3357 3947 4598 5250 5995 6740 7422 7639 8105 8694
1577 1760 1998 2377 2644 3022 3303 3485 3780 3948
4034 4770 5576 5611 6697 7572 8308 8658 9394 10094
5459 6810 7860 9011 9812 10862 11913 12613 13263 14214
5577 5866 7115 8123 8700 10140 11149 11725 12638 13502
2865 3734 4491 4575 5051 6060 6369 7153 7798 8414
4991 6449 6966 8142 8989 9835 10400 12140 12751 13362
1109 1219 1551 1661 1872 2082 2353 2533 2734 2934
1705 2026 2379 2587 2956 3437 3709 3853 4494 4494
4449 5153 5746 6153 7042 7856 8449 8930 10189 10374
2959 3335 3810 4361 4812 5512 5738 6213 6689 7389
1953 2296 2530 3197 3414 3756 4189 4369 4712 5415
1953 2458 2674 2963 3468 3612 4027 4351 5036 5126
3369 3759 4390 5411 5982 6312 7033 7423 8174 8684
1865 2074 2282 2843 3004 3260 3533 4174 4366 4526
4809 6010 7114 7691 9612 10236 10813 12302 13022 13886
1917 2494 2764 3251 3486 3882 3990 4441 4910 5306
2677 3230 3414 4151 4197 4727 5441 5786 6316 6822
1897 2138 2298 2651 3020 3484 3613 4029 4382 4734
1753 2250 2571 2827 2971 3292 3612 4173 4462 4734
1673 2154 2571 2891 2971 3484 3741 4157 4478 4558
2389 2810 3111 3351 3832 4072 4493 5013 5474 5654
5859 6360 7511 8811 9162 10062 11013 12864 13614 14014
4338 4857 5264 6190 7301 8004 8856 9041 10263 11077
4396 5545 5914 7104 7597 8950 9238 10222 10797 12109
3783 4191 5315 6097 6574 7118 7492 8819 9466 9670
4055 4430 4906 5995 6812 7492 7629 8479 8990 9636
2130 2656 2971 3371 4149 4212 4633 5200 5831 6231
3228 3838 4389 5231 5783 6305 6537 7263 7786 8714
2470 2908 3276 3829 4474 4888 5349 5579 6454 6868
5693 6429 7704 8096 9812 9861 11479 11822 13734 13930
2232 2290 2804 3165 3470 3831 4231 4630 5125 5506
2577 3346 3466 4091 4740 5292 5701 6205 6494 7046
3077 3259 3858 4665 5134 5602 6149 6357 7060 7320
5791 6625 7262 7949 9322 10400 11577 11773 13587 14028
3039 4210 4661 5081 5502 6432 6913 7243 8084 8504
4689 5002 5509 6368 7305 7812 8749 9412 10583 11598
2553 3058 3394 4187 4788 5292 5292 6254 6686 6830
1614 1824 2125 2471 2937 3207 3568 3869 3974 4334
3083 3664 4535 4651 5406 6276 6712 7321 7931 8250
5555 5885 6637 7907 8519 9976 10400 11716 12892 13221
5049 5725 6670 8021 8562 9102 9913 11443 11759 13425
4806 4970 5873 7186 7966 8458 9320 10099 11453 11494
4644 5815 6310 7886 8292 9192 10408 11624 12119 12749
3721 4009 4842 5355 6124 6860 7693 8205 8878 8974
2232 2499 2974 3298 3736 4173 4287 4782 5087 5714
4182 5470 5977 7031 7109 8124 9334 9685 10856 11168
2934 3410 3885 4286 4736 5487 5863 6513 6689 7014
3753 5050 5302 6203 7212 7824 8185 8905 10022 10742
1971 2296 2873 3143 3288 3810 4117 4441 4748 5072
1827 2440 2710 3179 3360 3937 4045 4640 4712 5144
1509 2005 2396 2486 2967 3177 3523 3733 4199 4214
1584 1960 2366 2561 2967 3102 3388 3868 4064 4484
3241 4266 5035 5291 5996 6796 7629 8077 8910 9230
1129 1210 1410 1611 1862 2052 2243 2524 2704 2965
1539 2080 2366 2546 2741 3072 3538 3898 4214 4244
3388 3885 4536 5250 5840 6678 6957 7453 8322 8880
3402 3954 4302 4912 5231 6044 6567 7408 7699 8715
2256 2824 3308 3539 4065 4632 5053 5368 5515 6125
4174 4420 5365 5821 6767 7397 8343 8833 9604 9849
1108 1550 1671 1991 2212 2388 2598 2862 3028 3226
2089 2690 2850 3311 3912 4032 4453 4833 5454 5915
1341 1570 1870 2147 2388 2580 2833 3121 3362 3506
3315 3925 4621 5202 5754 6334 6741 7060 8105 8453
5049 5428 6226 6899 8244 8832 9757 10303 11018 12530
1549 1830 2209 2307 2545 3079 3121 3555 3920 3934
1726 2373 2680 2850 3395 3599 4025 4093 4638 4961
3614 4245 5191 5611 6452 7187 7958 8729 9254 10340
3540 4168 4828 5291 6117 6876 7867 8230 8957 9816
2889 3322 3394 4043 4427 5292 5701 6037 6301 7142
5038 5837 7437 8377 9130 9741 10587 12186 12986 14067
1322 1635 1895 2195 2430 2690 3029 3133 3576 3915
4655 5990 6864 7923 8706 9948 10547 11237 12618 12986
4524 5256 6805 7278 8010 9430 9602 10677 11366 12441
4888 5750 5914 6776 7720 8581 9115 10140 11248 11658
1109 1418 1738 1771 2168 2432 2620 2862 2973 3270
2561 2958 3090 3729 4412 4764 5161 5315 5998 6416
2118 2670 2727 3165 3545 4059 4573 4801 5049 5638
3369 3818 4042 4491 5388 6004 6593 6761 7574 8246
4369 5570 5970 6771 7812 8492 8813 9773 10454 11854
3173 3706 4295 4799 5079 6088 6537 6817 7658 7854
3285 3538 4294 4715 5360 5892 6509 7125 7574 8302
4779 5680 6851 7616 9012 9147 10138 11353 12434 12614
3606 4564 4993 5621 6050 6678 7768 8230 8825 9915
3847 4608 5901 6395 7080 8030 8829 9628 10008 10882
1109 1340 1749 1958 2157 2245 2587 2840 3061 3193
2049 2203 2629 2748 3225 3548 3872 4297 4502 4995
1530 1674 2025 2351 2612 2781 2898 3224 3524 3745
3497 4426 4618 5387 5964 6476 7373 7789 8590 9262
1777 2186 2612 2969 3208 3599 3770 4263 4570 5115
4026 5314 5665 6485 7812 8202 8827 9412 10895 11480
5038 6543 7201 8377 9130 9929 10729 11622 12704 13785
3579 4089 5451 5893 6370 7390 8173 8547 9160 9568
4049 4849 6411 6811 7532 8012 9053 10254 10854 11975
4069 4350 5331 5821 6312 7327 7958 8904 9114 10059
4021 4498 5383 5723 6233 7084 7697 8785 9126 9806
2841 3202 3779 4067 4740 5076 5389 5869 6590 6782
3373 3722 4273 4796 5348 6306 6509 7176 8076 8134
2042 2613 2955 3241 3622 4116 4497 4953 4991 5638
4089 5490 6050 6851 7692 8132 9373 10133 10574 11974
5203 6233 7361 8390 8832 10695 11038 11822 12901 14077
2999 3520 3728 4561 5160 5654 5915 6383 6774 7424
3785 4170 4746 5451 5963 6956 7181 8269 8878 9358
2169 2730 2950 3411 3652 4032 4753 5053 5334 5634
1689 2035 2125 2606 2982 3042 3448 3793 4139 4379
2032 2101 2475 2748 3344 3701 4008 4093 4655 4825
4977 5852 6450 7463 8384 9949 10225 11882 12848 13124
2172 2782 3350 3665 3918 4443 4822 5389 5516 5936
3613 4158 4804 5655 6778 6914 7867 8173 9194 9806
2309 2769 3668 3944 4589 5003 5211 5625 6155 6661
2659 3060 3635 4086 4937 5187 5813 6414 6514 7014
5038 5979 6637 8472 8566 9647 10635 11340 13033 13315
4739 5255 6159 6891 8010 9042 10161 10548 12011 12872
4868 5858 6159 6934 7838 9172 9645 10462 11323 12054
3465 4362 4746 5323 6060 6412 7629 8109 8814 9550
2517 3090 3178 3663 4170 4786 5293 5315 6108 6372
4077 4726 5410 5951 7068 7824 7932 9157 9590 10670
4824 6175 7076 8021 8472 9057 10813 11353 11939 13154
1131 1329 1760 1903 2080 2212 2466 2863 3017 3248
3753 4074 4618 5227 6412 6860 7661 7757 8494 9486
4897 6026 7060 7954 9365 10353 10447 11904 12328 13503
4303 4607 6053 6623 7460 7726 8639 9817 10084 11262
3189 3970 4480 5231 5772 6072 7123 7723 8384 8744
1675 1858 2166 2349 2573 2994 3134 3653 3850 4102
1322 1726 1869 2156 2534 2716 3081 3315 3472 3862
3431 3576 4651 4738 5493 6276 6509 7292 7931 8511
3613 4566 5314 6063 6608 7186 8037 8751 9534 10112
4824 5995 6490 7301 8157 9913 10003 11218 12389 12839
1591 1717 2124 2419 2531 3078 3247 3583 3934 3962
4888 5504 6078 7063 8007 8499 9443 10181 10838 12027
3681 4942 5590 6311 6563 7248 8617 9373 9734 10778
5649 6496 6872 8189 9271 10352 10352 11763 12892 14067
4419 5722 6310 7151 7613 9253 9883 10261 11480 11858
4129 4930 5810 6411 7251 8172 9493 10294 11214 11935
1039 1290 1601 1681 1891 2202 2293 2553 2814 2994
3783 4294 5008 5553 6506 7356 7799 8615 9398 9806
4005 4618 5230 6239 6528 7392 8149 9194 9590 10274
1109 1528 1738 1892 2102 2410 2510 2686 3061 3314
5840 6233 7704 8488 9763 10351 11577 12214 12753 14420
5252 6772 7262 8292 9812 10155 10940 11871 13538 14126
2505 3298 3442 4211 4716 5196 5677 6229 6518 7022
1625 2250 2555 2747 2971 3452 3741 3869 4334 4782
2977 3678 4070 4519 5472 5864 6677 7041 7574 8358
3609 3970 4450 5081 5622 6432 6733 7243 8264 8714
3051 3260 4093 4431 4770 5264 5811 6774 7086 7372
1817 1994 2555 2763 3004 3244 3549 4126 4270 4526
2979 3520 4277 4628 5088 5763 6385 6520 7250 7601
4116 5153 5264 6449 6931 7745 8560 9189 10041 10744
3903 4531 4894 5555 6546 7107 7405 8461 8957 9320
1252 1429 1671 1980 2146 2377 2476 2807 2940 3292
5007 5764 6562 6773 7992 8874 9757 10765 11438 12404
4104 4244 5050 5961 6381 7537 8273 8658 9709 10199
4769 5290 6010 7211 7251 8132 9213 10053 11174 11774
1734 2020 2140 2441 2832 3162 3523 3703 4034 4214
2585 3092 3437 3921 4289 4934 5280 5901 6316 6753
2029 2610 2951 3271 3612 4032 4493 4913 5354 5875
4338 5153 5523 6079 7190 7967 8301 9152 9671 10596
1293 1509 1919 2147 2243 2640 2688 3037 3374 3542
5459 6109 7661 8611 9812 10362 11513 12713 13214 14114
1479 1689 2068 2391 2686 2910 3303 3443 3696 4117
4075 4950 5406 6547 7308 7612 8411 9551 10008 11339
5721 6394 7211 8171 8844 9708 11005 11629 12638 13934
3545 4328 5349 5825 6744 7356 7594 8751 9364 9874
2938 3896 4419 4680 5783 6364 6567 7292 7641 8366
4545 5344 6521 7361 7613 9042 9253 10135 11774 12362
3543 4133 4412 5529 5840 6553 6833 7484 8105 8942
3129 4030 4210 4991 5562 6192 6853 7754 7934 8594
1779 1855 2215 2501 2787 3162 3313 3854 3959 4394
2151 2740 3329 3707 4065 4359 4885 5452 5810 6104
2844 3601 3817 4871 5223 5682 6412 7006 7547 7817
2584 3059 3936 4261 4887 5312 5663 6163 6539 7515
4756 6496 6637 8236 9083 10023 11011 11763 12845 13879
2309 2770 2810 3251 3852 4312 4533 5094 5214 5694
1764 2050 2381 2471 2877 3252 3448 3823 4199 4214
4981 6170 6390 7403 8548 9032 9869 10749 11586 13083
2409 3130 3611 4043 4404 4836 5557 5941 6422 7191
2627 2649 3509 3663 4346 4742 4874 5733 6130 6174
3229 3370 4127 4771 5248 5724 6593 6761 7322 7966
3337 4426 5099 5259 6316 6988 7213 7789 8782 9198
4494 4846 5860 6485 7617 8397 8866 9607 10583 11246
3509 4910 5436 5646 6452 7082 8063 8938 9464 10410
1981 2356 2458 2850 3361 3752 3889 4416 4638 4995
4139 4805 5435 6136 6872 7362 7852 8938 9324 10304
1142 1340 1649 1870 2212 2389 2466 2808 2874 3160
4953 6490 6826 7787 8940 9852 11533 11581 13310 14415
2156 2347 2784 3146 3489 3869 4516 4916 5258 5467
4461 5049 6605 7025 7950 8664 9505 10429 11438 12278
2451 2760 3222 3839 4038 4654 4919 5315 6108 6438
3497 4074 4618 5547 6156 6892 7597 8237 8334 9326
4560 5750 6119 7186 8089 8294 9771 10058 11207 11576
3783 4668 5383 6063 6199 7288 7969 8479 9092 10044
4377 5386 6437 6857 7614 8748 9337 10093 11354 12195
4419 5091 6100 7193 7908 8916 9673 10892 11606 12320
5559 6310 7811 8461 9112 10412 11413 12814 13264 14014
1629 1900 2125 2486 2892 3012 3433 3779 4169 4304
3667 3947 4567 5157 6212 6646 7019 7639 8260 8973
4143 5236 6212 6485 7617 8358 9334 10114 10192 11675
3719 4630 5015 5716 6382 7012 8203 8448 9674 9954
3929 4279 5471 5681 6872 7642 8343 8553 9359 10129
1329 1384 1704 1936 2024 2399 2543 2796 3006 3149
2584 3460 3911 4136 4586 5237 5563 6413 6814 7389
6009 6410 7760 8461 9712 10912 11613 12363 13314 14764
4629 5134 5974 6983 7866 8496 9757 10598 11186 12447
3373 3548 4651 5028 5522 5870 6567 7118 7670 8337
2043 2169 2620 3125 3269 3918 4171 4658 5000 5162
2229 2670 2970 3271 3852 4232 4633 5213 5614 5974
1209 1370 1581 1721 2012 2042 2323 2503 2724 2854
2369 2510 3171 3571 3711 4092 4733 5173 5254 5734
2099 2613 3032 3070 3717 4059 4269 4573 5220 5600
5154 6723 7507 8439 9469 10008 11577 12116 13097 14518
3717 4330 5735 5771 7212 7248 7969 8797 10058 10202
5154 6870 7704 7851 9371 10155 11087 11822 13146 14224
4981 5289 6214 7183 8548 9428 10397 10793 12158 13215
1641 2106 2346 2843 3196 3260 3853 4045 4222 4686
3402 3780 4390 4738 5493 6189 6393 7147 7786 8453
2169 2422 2891 2909 3522 3612 4333 4405 4946 5216
5115 6220 7094 8061 8798 9948 10409 11421 12204 13446
1849 1961 2475 2747 3164 3324 3757 4174 4206 4590
2089 2730 2870 3591 3892 4172 4793 5173 5494 5834
5320 6120 6684 8142 9412 10305 10870 12092 12845 13550
1109 1280 1560 1791 1972 2122 2373 2543 2664 2944
5625 5769 7547 7739 9180 10476 11197 12205 12542 13886
1285 1484 1738 1771 2058 2410 2433 2675 3039 3171
1817 2170 2298 2875 3036 3452 3757 3885 4334 4574
3264 4288 4536 5467 6119 6801 7143 7949 8601 9221
1881 2058 2250 2795 2908 3244 3549 3869 4494 4654
3481 4071 4785 5188 5684 6832 6957 7856 8632 8756
5320 5650 6731 8048 9177 9600 10870 11387 12610 13362
2109 2590 2930 3391 3612 4152 4653 4933 5594 5654
3771 4597 4762 5885 6017 6909 7405 8329 9155 9914
3936 3969 5224 5885 6447 7041 7933 8494 9122 9782
1479 1914 2110 2279 2770 2924 3275 3654 3808 3962
4931 5622 6634 7647 8844 9718 10731 11744 12204 12894
1109 1380 1591 1751 1831 2082 2223 2513 2644 2964
5007 5889 7704 8684 9665 10057 11136 11871 13587 14126
1530 1622 2078 2130 2404 2638 2925 3341 3576 3810
2984 3185 3810 4436 4887 5287 5713 6488 6789 7214
5345 5714 7003 7601 8430 9672 10317 11145 12710 12894
2934 3034 3810 4386 4737 5137 5788 6338 6764 7189
2534 3160 3961 4036 4537 5262 5838 6013 6839 7239
2289 2590 2910 3351 3772 4152 4593 4813 5214 5794
3507 4630 5191 5456 6414 7173 7801 8461 9221 9914
3369 3790 4210 5411 5952 6372 6823 7393 7994 8564
3964 4209 4945 5716 6942 7187 7713 8939 9184 10515
5004 5680 6986 7751 8787 9732 10228 11488 11804 12884
2984 3234 3810 4436 4636 5462 5888 6513 6864 7439
2561 2914 3487 3641 4368 4764 4941 5425 6152 6306
3077 3546 3728 4405 4848 5290 5811 6513 6774 7528
4227 4598 5598 6264 7079 8042 8153 9189 9856 10596
2865 3009 3514 4259 4499 4836 5605 6181 6662 7118
1862 2066 2731 2884 3412 3599 3872 4127 4604 4927
1263 1473 1649 1980 2102 2388 2477 2719 2918 3292
5559 6960 7811 8361 9161 10162 12013 12263 13864 14114
2898 3439 3925 4763 5169 5655 6331 6520 7088 7790
1329 1630 1810 2171 2183 2496 2797 2893 3338 3494
2409 2889 3514 4332 4620 4860 5317 6182 6302 7023
5319 5590 6535 7301 8922 9147 10543 11218 12569 12749
2151 2169 2819 3215 3287 3666 4171 4621 4838 5180
2959 3185 3810 4461 4586 5487 5788 6163 6914 7264
4839 5218 6479 7403 7908 8412 9379 10892 11732 11984
2447 3000 3645 3806 4243 5026 5303 5625 6362 6661
1335 1700 1895 2286 2586 2755 2990 3133 3537 3797
4453 5774 6654 7271 8592 9428 10353 11321 12202 12422
1709 2186 2629 3003 3276 3412 3957 4280 4451 5081
1769 2154 2394 2795 3052 3532 3709 4125 4302 4654
2361 2572 3055 3392 3876 4338 4885 5327 5537 5999
5274 5950 6670 7706 8967 9777 10678 10993 11803 13199
2025 2242 2783 2963 3432 3846 4189 4549 4730 5126
1811 2220 2526 2969 3157 3463 4059 4110 4774 4774
1760 2135 2646 2833 3225 3514 3889 4434 4689 5097
3894 4279 5190 6171 6697 7187 8063 9009 9569 9919
4289 5050 6091 7171 7612 8052 9373 10053 10694 11414
2341 2760 3134 3531 4258 4610 5095 5668 5910 6372
2713 3650 3858 4275 5212 5654 5941 6565 7294 7814
2385 2848 3090 3839 4346 4434 5271 5733 6130 6482
2865 3154 3490 4019 4524 5196 5461 6037 6662 7046
4531 5026 5634 6661 7384 7688 8791 9399 10616 10882
2608 2931 3253 4036 4474 4750 5487 5625 6017 6661
1719 2050 2200 2561 2877 3027 3613 3808 4094 4214
1230 1429 1660 1947 2201 2377 2587 2829 3050 3259
4273 5668 5996 7022 7597 8868 9033 10592 11453 11535
4026 4728 6251 6446 7031 8124 9373 9724 10544 11168
3341 3818 4378 4855 5528 6116 6480 7069 7826 8218
3109 3978 4940 5343 6150 6429 7453 7577 8136 8973
1387 1739 2065 2195 2586 2846 3016 3133 3615 3654
2871 3412 4169 4439 4898 5682 6223 6817 7115 8007
3222 3736 3979 4655 4898 5628 6331 6709 7385 7790
4151 5254 6053 6585 7231 7916 8981 9285 10616 11224
5673 5817 6730 8507 9612 10188 10909 12301 13454 13694
2654 3023 3276 4036 4382 4704 5165 5694 6339 6592
3033 3438 4249 4736 5385 5925 6466 6682 7439 7898
3129 4180 4480 5321 5952 6222 7033 7333 8114 8444
3639 4201 5026 5588 6117 6909 7933 8263 8627 9915
2193 2614 3034 3623 4023 4570 4696 5474 5579 6020
1726 2305 2475 2952 3378 3718 4025 4280 4451 4927
4151 4912 5786 6395 7118 8106 8677 9893 10084 11376
1764 2035 2170 2471 3012 3027 3313 3718 4109 4454
4293 5260 6016 7445 8286 8958 9715 10723 11018 12278
3459 4210 4330 5411 5952 6372 7003 7363 8384 8864
1760 2050 2578 2867 3123 3634 4042 4195 4502 4825
3199 3577 4303 4651 5667 5812 6828 7322 7728 8163
3645 4438 5663 6347 7068 7428 8293 8725 9626 10706
4649 5170 6091 6451 7572 8132 9253 9773 10494 11454
1659 1960 2275 2651 2922 3072 3508 3808 4199 4304
4914 5770 7121 7481 8967 9777 9958 10858 11714 13064
3099 4180 4750 4931 5892 6612 7213 7783 8294 8624
3369 4150 4811 5261 5471 6342 7063 7723 8114 8834
2172 2803 3181 3770 3876 4422 4843 5074 5726 6188
2746 3138 3276 4151 4174 4842 5096 5809 6178 6730
1705 2122 2459 2795 3020 3484 3581 4174 4190 4638
4314 5053 5832 7268 7556 8335 9279 10551 10879 12233
4417 5292 5672 6737 7612 8258 8562 9703 10426 10768
5909 6160 7761 8111 9262 10212 11413 12363 13814 14014
3519 3639 4630 5201 5531 6432 6733 7813 8174 8894
1897 2122 2250 2603 3068 3516 3853 3885 4190 4782
5115 5852 6772 8153 8614 9718 10455 11743 12756 13262
1801 1962 2298 2635 2924 3405 3549 3918 4190 4559
4189 5026 5558 6851 7080 7764 8829 9171 10160 10958
3969 4365 5663 6275 6671 7644 8329 9193 9986 10562
3625 4170 4746 5547 6284 6700 7597 8013 8334 9102
2736 3574 4006 4574 4926 5953 6142 6520 7169 8115
2734 3335 3535 4411 4937 5012 6013 6388 6739 7264
2539 2671 3420 3575 4368 4676 5293 5733 5976 6262
1317 1546 1690 1967 2376 2628 2821 3049 3158 3530
1865 2090 2250 2587 3116 3436 3597 3981 4478 4638
4531 5254 5824 6737 7422 8068 8981 9817 10426 11186
1899 2440 2548 3125 3378 3774 4243 4405 4712 5180
1245 1594 1931 2027 2304 2460 2881 2977 3326 3482
1845 2386 2602 3143 3287 3936 4099 4549 4982 5180
3295 4009 4443 5250 5747 6398 7143 7950 8601 8787
4149 4401 5626 6095 6960 7860 8473 9013 10094 10814
2297 2848 3200 3597 4324 4478 4941 5447 5932 6461
4713 5596 6184 7529 7697 8916 9631 10387 11690 11900
5115 6266 7371 7647 8613 10086 10455 11053 12894 13308
3344 3606 4593 4883 5289 5957 6567 6973 7989 8715
1305 1642 1786 2171 2207 2532 2652 3134 3278 3470
4355 5340 6242 6776 8048 8991 9566 10058 10715 12314
3429 3640 4691 4901 5682 6102 6613 7574 7874 8414
1743 2118 2509 2952 3310 3701 4076 4127 4672 4927
3923 5102 5825 6129 6927 8335 8677 9589 10236 10882
2837 3734 4126 4575 5079 5948 6453 7210 7574 8303
1189 1219 1430 1811 1851 2182 2293 2473 2794 3004
2133 2512 2638 2945 3504 3864 4081 4639 4856 5270
5385 6250 6874 8411 9084 9948 11005 11581 13166 14174
1609 2154 2426 2795 3180 3388 3837 3981 4334 4606
4129 5570 6130 6611 7532 8292 9333 10333 10894 11854
5577 5914 6778 8075 9612 10284 11005 11917 12590 13598
3109 4102 4878 5591 5591 6801 7112 7918 8229 9097
1719 2035 2290 2456 2937 3162 3598 3808 3929 4304
4779 5905 6851 7391 8382 9913 10138 11579 11849 13019
3309 4564 4927 5390 6249 6678 7735 8230 9188 9650
4396 5545 5750 7268 8007 8335 9525 10386 11084 11740
2470 2862 3230 3944 4336 4865 5372 5855 6017 6869
3894 4455 5611 5926 6837 7712 7923 8483 9429 10129
3789 4455 5226 5786 6487 7643 7958 8939 9114 9884
1274 1418 1771 1881 2135 2267 2587 2697 3050 3182
4396 5258 6201 7268 8130 8376 9238 10304 10961 11658
4069 4525 5471 6101 6346 7187 8238 8798 9289 10164
5609 6410 7360 8111 10012 10212 11213 12713 13064 15015
5602 5649 7249 8048 8471 9412 10776 11528 13033 13644
2097 2187 2746 3233 3305 3738 4171 4549 4802 5270
1175 1473 1639 1870 2036 2267 2488 2664 3006 3171
3948 4846 5899 6719 7773 7929 9334 9958 10349 11285
2605 3002 3178 3663 4390 4478 4875 5469 5888 6526
3614 4385 5190 5996 6942 7502 7818 8833 9709 10409
4914 6265 6625 8021 8607 9507 10183 11083 12434 12614
2884 3084 3911 4461 4511 5387 5788 6163 6814 7239
2635 3442 4040 4275 5108 5654 6201 6513 7216 7710
1263 1407 1572 1936 2157 2399 2488 2796 3083 3193
2684 3160 3811 4161 4536 5212 5988 6013 6714 7415
2769 2986 3683 3851 4620 5148 5413 6085 6446 6878
1257 1654 1822 1931 2183 2568 2869 3049 3290 3614
3684 4455 5050 6171 6907 7117 8378 8658 9709 9814
4055 4396 4838 5791 6506 6982 7765 8207 9330 9874
1535 1816 2096 2377 2573 3022 3247 3513 3892 4074
1879 2305 2577 2816 3344 3667 3991 4161 4485 4944
1257 1678 1714 2159 2256 2436 2689 3098 3290 3458
1437 1690 2111 2279 2602 3093 3247 3387 3654 4061
2319 2656 3013 3497 4002 4296 4948 5305 5579 6146
2625 3058 3635 3899 4500 5100 5629 5989 6278 6854
5273 5791 6872 8236 8472 10071 10964 11387 12234 13550
2577 2889 3611 4019 4596 4860 5581 6206 6278 7095
4782 6030 6719 7106 7923 9257 9515 11107 11581 12398
4293 4438 5410 6167 6708 7716 8221 9121 9410 10310
3315 3605 4186 5202 5493 6102 6886 7553 7960 8250
3968 4820 5338 6005 7227 7634 8597 8967 9930 10448
4026 5002 5822 6446 7227 7812 8632 9842 10583 11129
3579 4875 5050 5821 6977 7012 7713 8904 9639 9954
1374 1674 1934 2143 2508 2781 2977 3315 3472 3875
4260 4924 6251 6680 7539 7812 8710 9607 10661 11246
1426 1569 2091 2117 2469 2690 2977 3263 3511 3706
2209 2870 3310 3949 4302 4720 5029 5623 5778 6438
2608 3138 3529 3783 4474 4658 5464 5901 6270 6638
6009 6059 7110 8811 9461 10912 11963 13013 13764 14914
2949 3762 4014 4743 5584 6060 6509 6901 7630 8358
1142 1495 1627 1958 2024 2366 2532 2785 3017 3127
3033 3709 4250 4493 5142 5493 6250 6790 7412 7952
4021 4464 5417 5689 6472 7288 7594 8853 9432 9908
1985 2461 2804 3222 3736 3812 4250 4630 4992 5410
3540 4366 4762 5885 6447 6777 7537 8461 8858 9485
1966 2613 2727 3070 3546 3850 4383 4802 5239 5429
3999 4490 5401 5611 6872 7712 8203 8483 9149 10444
4209 5090 6411 6451 7492 8252 9053 9613 10734 11454
2042 2537 2689 3146 3679 3850 4421 4954 4973 5391
4885 6450 6956 7601 9028 9948 10823 11099 12480 12986
1365 1618 1690 2147 2400 2580 2773 3061 3314 3386
3657 4009 5035 5387 6348 6444 7084 8269 8942 9550
4265 4721 6091 6623 7117 8258 8905 9779 9931 11300
3222 3303 4331 4871 4979 5844 6331 7033 7466 7601
4396 5545 6407 7350 7514 8417 9566 10181 11289 11699
1704 1915 2276 2441 2907 3057 3358 3748 4109 4214
4341 5292 5977 6205 7422 7954 8524 9475 10540 11414
5769 6682 7546 8219 8651 10092 11533 12157 12541 14366
5245 5906 6830 7755 8812 9340 10485 10573 11894 12554
5059 6410 7711 8061 9562 10963 11813 12413 13614 14264
1465 1622 1882 2273 2573 2651 2912 3355 3498 3680
3249 3628 3844 4628 4898 5790 5953 6817 7223 7763
1159 1240 1591 1621 1841 2132 2383 2573 2694 2824
2684 3510 3710 4436 4687 5412 5588 6338 7014 7039
3249 3655 4304 4763 5331 5925 6006 6628 7087 7871
1099 1229 1581 1641 1932 2202 2333 2503 2774 2924
2817 3520 3910 4691 4795 5316 5993 6669 6956 7788
5049 5409 6310 7616 9012 9642 10408 11038 12254 12974
2869 3416 4119 4301 4978 5446 5785 6513 7138 7372
5299 6082 6726 7785 8798 10086 10639 11053 12664 13078
1865 2218 2346 2635 3180 3404 3693 3949 4462 4638
3519 3850 4450 5081 5922 6192 6853 7573 8084 9014
4077 5014 5626 6203 7068 7464 8040 9301 9590 10670
1577 1858 2223 2447 2644 2896 3191 3415 3822 3976
2577 3154 3610 4307 4812 5052 5461 5845 6470 7094
1930 2305 2475 2901 3293 3616 4059 4110 4519 4825
1794 1975 2185 2486 3012 3147 3403 3643 4154 4439
2793 2889 3610 4331 4331 5244 5461 6085 6374 7214
3433 4490 4682 5451 6156 6444 7469 8141 8974 9518
2769 2889 3683 3947 4404 5148 5605 6061 6446 6854
1274 1473 1594 1958 2057 2377 2477 2785 2929 3292
2959 3360 3660 4361 4962 5087 5513 6113 6639 7489
4541 5554 6787 7755 8196 9076 9737 10705 11674 13083
4653 5987 6374 7364 8569 9429 9903 10548 11237 12226
5409 6860 7410 8361 9462 10762 12013 12763 13764 14514
4379 5292 5862 6395 7270 8334 8715 9133 10426 10768
3229 3538 4126 4687 5304 5976 6285 6985 7770 8050
4809 6394 7307 8411 8652 9660 10765 12158 12638 13983
1451 1886 2096 2349 2630 2980 3261 3401 3822 4130
1811 2305 2441 2918 3395 3633 4042 4110 4706 4910
3309 4060 4691 4811 5502 6102 7183 7393 7874 8534
4005 4618 5735 6491 6816 7860 7968 8869 9878 10346
4264 5153 5671 5931 6893 7671 8819 9300 10337 10744
4897 6590 6684 8471 8565 9835 10541 11810 12704 13973
5009 6960 7611 8411 9011 10862 11313 12263 13464 14814
4021 4668 5281 5553 6302 6846 7527 8718 8854 9670
5481 5818 6970 8267 8652 10477 10621 11773 12494 14367
3195 3466 3925 4844 5034 5628 6304 6871 7358 7628
4249 5250 5850 7171 7211 8812 9533 9853 10854 11854
4629 5994 6214 7095 8636 9340 9781 11057 11850 12642
5437 5760 6956 7969 9028 9994 10225 11191 12250 13676
1341 1570 1738 2015 2352 2568 2845 2953 3254 3422
2608 2885 3599 3760 4313 4934 5234 5579 6431 6546
5649 6120 6731 8048 8895 9882 10353 11528 13080 13597
2209 2670 3050 3291 3912 4272 4433 4973 5374 5974
3579 4060 4330 5141 5982 6162 6733 7453 7964 8444
2407 2693 3531 3861 4346 4588 5161 5293 6064 6416
4026 4768 5626 6680 7188 8280 8710 10115 10622 11598
3419 3730 4692 5188 5685 6274 7019 7670 8167 9253
2625 3082 3634 3899 4740 5076 5629 6013 6326 7094
3579 4030 4781 4961 5471 6462 7213 7243 8264 8804
2949 3678 4098 5051 5528 6144 6313 6901 7602 8106
3645 4942 5555 6419 6888 7788 8185 9157 9482 10346
1009 1350 1561 1771 1902 2132 2253 2513 2744 2844
5529 5760 6772 7601 8568 9258 10915 11974 12066 13400
1609 2122 2411 2635 2892 3340 3805 3885 4206 4655
2329 2449 3151 3351 4012 4312 4773 5153 5293 5874
4338 4924 6056 6641 7070 7929 8632 9763 10895 11480
2253 2716 3355 3619 4126 4434 4941 5315 6152 6174
5721 6490 7066 8555 9035 9708 11437 11533 13406 14366
4341 5178 5634 6395 7574 7840 8639 9855 10198 11110
1705 2170 2442 2635 3084 3516 3837 3997 4286 4526
4455 5102 5634 6319 7118 7612 8639 9513 10198 11110
5184 6085 7121 7391 8787 9327 10183 11488 12299 13244
4055 4362 5110 5995 6165 6880 8037 8241 9534 10010
5056 6282 7802 8439 8929 9812 11626 12312 12950 14420
1479 1886 2069 2279 2644 2854 3149 3528 3668 3990
5337 5865 7258 8123 9228 10188 11197 11677 13214 14126
3574 4350 4815 5219 5995 6770 6925 7732 8229 9283
4756 6026 7060 8330 8706 10117 11246 11575 12892 13691
1591 1844 2251 2265 2672 3064 3219 3471 3724 4144
1109 1270 1561 1681 2002 2022 2313 2503 2674 2944
5083 5729 6460 7493 7924 8741 9602 10935 11538 12226
3219 4150 4300 5291 5922 6552 6793 7393 8414 8774
1749 1855 2291 2486 2922 3057 3388 3733 4079 4379
2553 3082 3827 4043 4331 4884 5389 5869 6566 7047
1737 2010 2330 2683 2988 3436 3677 3933 4478 4766
1521 1942 2153 2251 2714 2826 3121 3611 3878 4102
3614 4910 5261 5681 6662 7467 7888 8518 9219 10129
3721 3849 4618 5387 6220 6764 7405 8302 8846 9102
3837 4597 4861 5291 6315 6810 7537 8263 8825 9584
2169 2610 3071 3391 3952 4372 4433 5073 5414 5614
5497 6380 7017 8439 9126 10547 10842 11920 13097 14666
5437 5898 6680 7739 8844 9488 10271 11974 11974 13722
1913 2186 2346 2635 2891 3244 3629 4142 4174 4815
1709 2271 2458 2901 3106 3582 4076 4315 4485 4876
3870 4333 4993 5654 6480 7206 7272 8560 9023 9353
5109 6860 7110 8161 9162 11013 11113 13014 13214 14764
2189 2630 2890 3491 3651 4372 4753 4933 5254 5934
2999 3181 3858 4483 5108 5394 5967 6253 6930 7658
3369 4458 5067 5451 6092 6412 7533 7981 8558 9070
1353 1678 1714 1979 2220 2448 2677 2953 3326 3398
3279 4210 4811 4931 5561 6312 7213 7213 8144 8864
2023 2594 2994 3070 3793 3983 4421 4649 5106 5410
3401 3913 4971 5611 6284 6668 7405 7885 8974 9134
1633 1830 2195 2265 2559 3050 3191 3471 3808 4186
1947 2203 2697 3020 3259 3531 4042 4331 4672 4893
3109 4040 4599 5126 5778 6833 6988 7577 8291 8849
3087 3628 4033 4385 5196 5844 6169 6763 7466 7898
4309 5901 6374 6977 8440 8913 9559 10936 11753 12097
3851 4225 5178 6063 6812 7390 7764 8785 9500 9908
3681 4798 5194 6131 6996 7824 8329 8941 9842 10706
3279 3820 4240 4991 5412 6312 6703 7484 8144 8715
1365 1461 1859 1979 2352 2508 2689 3110 3314 3434
2769 3202 3370 4187 4764 4860 5725 6229 6710 7142
3489 3896 4070 4825 5231 6276 6973 7437 8076 8395
3511 4770 5451 5757 6370 7016 7969 8343 9126 9908
4437 5299 6242 7145 8089 8704 9689 10386 11494 12191
2473 2737 3398 3949 4214 4852 5007 5447 5932 6504
1705 2042 2282 2891 3148 3244 3613 3949 4350 4622
1897 2042 2410 2891 2987 3500 3645 3933 4462 4686
2769 3046 3322 3783 4566 4934 5073 5878 6040 6592
1335 1791 1856 2221 2586 2716 2938 3303 3407 3719
3375 4003 5027 5654 6084 6744 7801 8098 9122 9419
4355 5176 5791 7391 7966 8622 9771 10591 11125 11617
1769 2250 2378 2651 3196 3452 3613 4077 4222 4734
5577 6058 7403 7739 8700 9804 11293 11533 13358 13454
4034 4840 4945 6066 6591 7397 8343 8833 9674 10304
1641 2170 2330 2699 2891 3404 3581 3933 4398 4703
1374 1608 1895 2325 2377 2664 3133 3302 3589 3849
4937 6038 6610 7887 8812 9692 9824 10793 11586 12642
5364 5905 6535 7841 8877 9507 10318 11668 11939 13424
3573 4531 4828 5654 6513 7239 7371 8230 9122 9914
1221 1618 1822 2087 2304 2412 2881 3073 3350 3602
3339 4120 4390 5351 5532 6462 6763 7363 7844 8624
5367 6402 6637 7766 9365 9600 10776 11716 12422 13785
2407 2914 3311 3641 4236 4566 5161 5359 5822 6328
3511 4090 5383 5451 6472 6846 7969 8445 9092 9738
4689 4884 6055 6524 7656 8241 9217 9529 10583 11597
1605 1759 2222 2517 2601 3008 3233 3611 3934 4214
3529 3914 4971 5611 5964 6957 7373 7757 8366 9198
4113 4473 5663 5843 6996 7932 8617 9085 9770 10598
4805 5642 6875 7623 8592 9648 9736 11233 11586 12818
4153 4746 5523 6449 7412 8078 8893 9559 10078 10559
3987 4226 5281 5893 6199 6948 7697 8479 9228 9976
1309 1596 1947 2260 2599 2664 3016 3185 3459 3915
3672 4068 5192 5852 6315 6645 7801 8296 9254 9815
3847 5216 5520 6851 7232 8106 8829 9513 10312 10958
2979 3412 4196 4520 5142 5574 6223 6520 7115 7601
3709 5005 5820 6301 6857 7745 8486 9411 9893 10855
2635 3546 3806 4431 5030 5472 6175 6279 7034 7710
1285 1539 1649 1848 2013 2322 2543 2862 2984 3259
4289 5010 6371 6651 7932 8132 9413 10334 10494 11414
5337 5961 7691 8603 8795 10140 11149 11965 13454 14078
2559 3135 3861 4211 4662 5488 5563 6163 6614 7515
3129 4090 4570 5291 5892 6162 6672 7693 8324 8804
5509 6960 7960 9011 10012 10812 11963 12063 13714 14314
3054 4012 4389 5173 5464 6160 6886 7524 7699 8134
1930 2169 2594 3071 3344 3667 3889 4212 4502 4995
2625 2986 3611 4115 4476 5124 5605 5941 6350 6830
1705 1929 2539 2651 3180 3340 3565 4077 4414 4702
4182 4729 5587 6485 7461 7890 8983 9764 10427 11207
2921 3260 3936 4353 5134 5238 6149 6409 6826 7815
3729 3885 4350 5591 5684 6212 7329 7856 8322 9159
2865 3057 3730 4331 4499 4812 5653 6037 6710 7142
2809 3790 4070 4547 5612 5752 6173 6845 7406 8022
3609 4942 5302 6455 6852 7392 8581 9013 10022 10526
1865 1977 2571 2603 3068 3292 3757 4158 4350 4526
1675 1746 2139 2251 2714 2826 3135 3457 3808 3948
1737 2250 2394 2635 3003 3484 3837 4029 4318 4702
5139 5590 6625 7526 8157 9192 10273 11579 12074 12749
2270 2347 2765 3051 3508 3812 4421 4820 5315 5715
4227 5064 5368 6091 7156 7802 8525 9742 10008 11301
2817 3358 3790 4493 4980 5574 6385 6899 7223 7872
3006 3574 4196 4520 5385 5412 5953 6655 7088 7898
3929 4875 4945 5856 6592 7712 8133 8903 9709 9814
3039 4000 4240 5411 5802 6612 6943 7393 8294 8504
1845 2254 2424 3054 3259 3429 4008 4417 4723 4791
5320 6167 6684 7907 9412 9600 10729 12045 12657 13503
1029 1370 1470 1781 2012 2082 2383 2483 2624 2874
3894 4598 5338 6264 6672 7745 8449 9301 9708 10708
5345 5806 7371 7923 8568 9350 10133 11053 12112 13216
2118 2556 2918 3089 3469 3888 4364 4782 5106 5658
5113 5950 6346 7359 7931 9692 10309 11145 12070 13126
4572 5041 5860 6407 7578 8436 8827 9607 10388 11402
5555 5649 7060 8142 9130 9929 10400 12045 12469 13550
2332 3115 3553 3990 4267 4888 5326 5579 6178 6592
4417 4722 5634 6129 7574 8259 8487 9133 10008 11110
2256 2887 3223 3686 3939 4338 4885 5473 5642 6020
3609 4546 5122 6203 6960 7824 8257 9193 9662 10634
5769 5913 6778 7931 9564 9996 11053 12205 13214 13742
4585 5686 6743 7447 8636 9560 10001 10925 11762 12598
5399 6135 7115 8341 8930 9861 11136 12509 12754 14666
4881 5133 5974 7445 7739 8496 9925 10765 11606 12068
1389 1666 1726 1979 2316 2604 2857 3049 3374 3434
2099 2613 2708 3070 3584 3945 4364 4725 4954 5677
3507 4465 5291 5588 6579 6711 7471 8560 9056 9518
3987 4225 5417 5995 6438 7118 7595 8173 9296 10112
3729 4102 4971 5560 5777 6429 6988 8073 8073 8880
4809 5962 6778 8459 8652 10285 10765 11677 13310 13694
1209 1594 1847 2015 2412 2496 2689 2965 3278 3530
1524 1990 2140 2591 2817 3177 3553 3793 3989 4439
5409 6059 7861 9011 9762 11013 11263 12163 13214 14464
2721 3130 3442 4163 4476 5028 5677 5773 6638 6902
2627 2760 3156 3663 4192 4853 5051 5403 5998 6284
2049 2169 2628 2782 3276 3684 4025 4280 4689 4961
4314 5709 6119 7309 8048 8704 9032 10058 11248 12150
3919 4226 5008 5689 6165 7425 7935 8615 9160 9568
5209 6760 7460 8861 9461 10512 11663 12613 13864 15014
1971 2260 2674 3179 3342 3612 4153 4369 4874 5180
4599 5815 6490 7301 8292 9643 10183 11399 12074 12749
3114 3736 4141 4709 5142 5547 6250 7033 7304 7628
4417 4608 5558 6395 7080 8030 8487 9475 10046 11149
3540 4399 5026 5357 6414 6711 7735 8593 9221 9848
3719 4490 4980 5856 6767 7257 8203 9114 9814 10094
1197 1462 1683 1771 2013 2212 2609 2852 2907 3315
2841 3082 3683 3995 4404 4956 5317 6037 6398 6902
1674 1824 2110 2711 2937 3237 3463 3688 3974 4289
1089 1219 1480 1811 1992 2022 2333 2563 2714 2854
2151 2677 3203 3455 4023 4401 4990 5263 5810 5915
5001 6394 7162 8411 8651 10573 11005 11773 12494 13934
3402 3605 4389 5057 5376 6334 6944 7350 8105 8627
3625 4490 4874 5419 5867 7052 7693 8141 8461 9550
2843 3338 3858 4275 4769 5394 6201 6721 7190 7658
2517 3068 3465 3949 4059 4786 4874 5535 5866 6482
4478 5504 6283 7104 8130 8294 9771 10058 11371 11658
3753 3913 5003 5739 5932 6604 7149 7853 8974 9134
2277 2550 3034 3371 4170 4590 5032 5200 5831 6188
4289 5210 5970 6851 7732 8532 8973 9613 11094 11734
5345 6082 7371 7601 8936 9258 10869 11099 12894 13308
5409 5770 6445 7841 8697 9912 10768 10858 11894 13064
1801 2202 2555 2699 2891 3484 3757 3853 4190 4558
4335 5680 5974 7529 7950 9000 10009 10177 11480 12110
1233 1449 1762 2039 2364 2448 2833 3086 3134 3531
2837 3930 4463 4799 5248 5976 6285 7125 7686 8106
5253 5529 6634 7785 8568 9534 10823 11882 12572 13216
1109 1370 1570 1681 1891 2212 2333 2513 2794 2974
1989 2440 2837 2981 3360 3720 4243 4603 4856 5054
5414 6120 6825 8001 8754 10258 10870 12186 12422 13597
1318 1407 1671 1969 2013 2421 2587 2664 2940 3259
4455 5431 5782 7031 7539 8397 8905 10114 10700 11129
2175 2537 2727 3298 3660 3983 4345 4763 5068 5524
2529 2782 3160 3455 3960 4632 5032 5074 5873 6020
1452 1608 1830 2234 2430 2833 2912 3289 3641 3888
3089 3874 3958 4799 5079 6060 6481 7294 7406 7994
1530 1713 2052 2312 2377 2664 3042 3159 3550 3758
3783 4464 5076 5859 6302 7186 8003 8275 9296 9534
5889 6184 6870 8096 9224 10155 11773 12312 12950 13832
5289 6730 7114 7931 8940 10476 11053 12301 13070 13454
2069 2410 2850 3351 3732 4032 4693 4913 5454 5855
4909 6723 7164 8782 9322 10596 11038 12459 13195 14126
1928 2328 2766 3070 3641 3812 4326 4669 5220 5391
2457 3130 3803 3947 4596 5148 5533 6037 6686 7094
2429 2671 3200 3883 4280 4456 5161 5381 6020 6240
2625 3058 3755 3923 4404 5076 5485 6061 6566 6926
2308 3069 3691 3944 4520 4865 5464 5809 6339 6822
2635 3364 3676 4197 5004 5472 6175 6331 6774 7372
2289 2510 3031 3291 3651 4312 4453 4873 5514 5975
3228 3634 4535 5115 5638 6073 6450 7350 8047 8685
3229 3594 4182 4995 5528 5808 6285 6873 7322 8218
4782 5643 6891 7321 7966 9429 9946 10505 11538 12398
2996 3548 4128 4970 5232 5870 6567 7438 7699 8657
3923 5064 5748 6547 7118 8106 8411 9627 10502 11186
3419 4350 4536 5157 5653 6522 7391 7453 8570 8911
