1000 10 10
7 32 60 57 25 32 26 55 77 73 99 0 31
4 37 70 43 96 71 46 35 77 42 91 0 20
10 95 44 36 67 86 100 36 59 33 96 0 46
10 49 38 73 92 63 76 63 45 35 99 0 46
9 51 72 79 62 27 97 77 30 90 88 0 43
10 66 47 59 90 33 86 52 82 25 54 0 49
6 72 53 49 73 53 33 61 20 76 72 0 27
10 49 50 76 84 64 39 23 78 54 42 0 46
5 81 35 89 81 44 76 79 94 94 89 0 21
10 40 59 54 23 72 55 22 98 76 28 0 50
5 58 53 21 75 45 31 28 76 75 89 0 24
8 21 30 52 52 60 43 38 74 40 54 0 37
9 24 70 51 75 91 32 99 38 54 31 0 45
2 69 45 79 59 75 38 79 81 33 85 0 10
8 87 90 78 58 65 53 99 71 23 30 0 38
9 63 98 41 84 53 38 69 82 88 35 0 41
6 27 25 72 70 21 75 97 44 51 77 0 26
10 76 64 71 23 43 42 84 53 54 41 0 46
7 40 30 84 69 21 63 99 86 31 90 0 35
3 31 42 43 94 27 60 80 65 94 55 0 13
6 68 60 43 69 85 89 44 80 68 27 0 28
4 73 28 62 92 61 100 38 75 54 21 0 20
9 27 54 93 55 28 27 97 49 86 87 0 44
3 64 62 91 29 85 59 37 55 97 73 0 11
10 97 45 46 74 66 99 56 95 38 85 0 46
8 48 59 67 26 94 87 20 36 81 94 0 37
9 94 82 25 98 65 52 30 40 40 48 0 41
7 28 55 65 75 52 85 66 88 58 30 0 33
10 35 76 82 38 93 81 79 88 92 33 0 49
3 50 30 57 46 50 30 22 63 53 68 0 14
9 95 92 21 71 44 82 44 36 88 66 0 43
6 34 72 100 83 49 41 22 36 27 69 0 28
5 70 36 39 22 28 92 65 29 46 68 0 25
4 42 88 78 95 40 33 49 29 101 57 0 17
3 100 71 95 94 45 49 78 45 30 21 0 13
5 37 37 27 33 51 36 89 86 99 72 0 21
9 78 24 85 44 81 21 24 35 52 64 0 44
7 87 93 42 81 66 56 30 29 78 48 0 34
4 28 45 72 81 61 54 85 43 86 48 0 16
4 99 95 55 68 39 88 59 55 63 28 0 19
10 70 64 46 97 54 63 65 84 52 32 0 49
5 86 75 67 41 55 62 49 35 61 59 0 25
9 55 96 51 90 30 51 28 64 21 32 0 41
8 75 37 79 66 59 34 87 40 77 61 0 36
10 84 100 22 29 86 80 53 68 92 61 0 47
5 63 26 87 41 97 52 80 60 84 80 0 23
3 53 93 39 82 38 43 48 40 54 82 0 15
6 77 67 39 61 75 45 99 45 33 67 0 26
10 90 96 37 64 81 55 44 22 82 27 0 49
7 64 57 77 23 68 44 57 34 94 76 0 31
9 32 90 71 88 75 39 62 43 100 34 0 44
8 36 94 99 93 86 46 77 35 51 22 0 39
4 56 87 78 23 34 100 77 33 85 83 0 17
6 59 48 45 76 52 36 77 58 23 50 0 29
7 68 84 93 59 48 28 99 48 82 61 0 32
4 46 65 98 67 99 37 69 22 96 83 0 18
6 93 61 74 56 90 93 64 92 35 44 0 26
9 43 20 88 20 42 41 75 96 65 99 0 42
6 30 95 48 41 62 98 99 57 80 40 0 27
3 22 52 68 85 59 46 25 78 24 90 0 13
6 43 20 63 34 46 76 33 98 30 83 0 27
9 74 60 48 66 58 44 97 74 34 53 0 41
4 73 30 72 50 94 48 38 78 86 50 0 16
5 56 55 56 32 74 74 85 86 33 60 0 25
9 80 92 22 75 81 88 59 50 40 24 0 41
6 72 87 44 93 66 25 66 88 88 30 0 30
5 43 28 37 39 84 70 59 35 56 49 0 21
7 92 44 92 49 25 31 85 79 93 81 0 34
9 69 57 83 89 88 22 63 30 96 82 0 43
4 61 26 31 70 20 54 47 95 99 63 0 19
8 90 75 65 45 93 90 30 48 62 70 0 37
7 24 91 81 39 63 31 63 99 88 81 0 35
3 67 100 81 29 95 36 50 29 66 92 0 15
7 73 57 47 69 21 68 28 23 33 72 0 35
5 53 26 33 55 22 83 100 61 63 61 0 21
2 95 32 30 51 68 73 70 38 53 28 0 10
7 37 41 69 36 66 70 70 70 93 84 0 35
10 60 36 37 61 94 51 28 50 83 80 0 47
10 36 69 21 48 100 72 25 63 98 38 0 50
5 71 40 59 68 99 51 59 98 68 25 0 21
2 60 25 100 74 98 56 66 53 89 57 0 10
5 37 97 35 59 72 93 32 94 59 62 0 23
10 51 66 70 100 57 70 56 90 25 65 0 47
3 82 21 84 61 70 23 27 27 82 31 0 14
8 37 53 49 30 65 90 32 28 91 27 0 38
6 94 75 67 72 72 96 97 37 32 21 0 27
7 38 84 72 77 32 62 70 28 42 27 0 34
8 54 97 82 91 90 31 31 30 41 49 0 36
10 34 86 40 22 87 38 30 43 84 64 0 47
7 23 61 59 67 76 71 88 78 52 42 0 35
3 24 69 88 75 82 25 72 53 73 89 0 13
5 29 98 27 34 60 41 67 88 94 45 0 23
7 53 48 73 55 26 46 37 84 90 53 0 34
3 73 22 48 25 31 75 62 81 69 51 0 13
10 42 84 47 26 86 95 78 100 64 32 0 47
6 64 65 85 83 62 83 52 74 46 86 0 29
5 56 81 41 25 77 27 77 58 84 61 0 23
10 49 45 23 64 74 31 98 49 91 86 0 49
6 38 97 56 74 54 27 76 98 49 96 0 29
8 24 25 94 93 96 64 55 83 98 35 0 39
9 87 50 88 100 36 90 79 94 42 44 0 42
8 87 57 73 71 40 55 28 78 32 33 0 40
7 85 53 52 30 100 26 36 56 64 45 0 34
7 64 48 77 53 70 71 59 80 43 20 0 34
9 59 84 42 72 60 93 40 77 87 43 0 41
6 84 40 30 23 21 48 52 33 38 96 0 29
7 97 52 29 80 47 31 90 79 23 79 0 35
9 38 98 57 58 21 22 26 68 48 26 0 42
6 83 35 49 97 42 97 68 68 95 60 0 27
7 50 94 42 74 46 101 87 60 34 89 0 35
5 79 98 56 89 20 79 42 67 75 58 0 25
6 78 94 89 90 41 51 63 48 95 73 0 30
10 29 47 46 52 66 41 49 32 38 36 0 49
4 39 35 98 95 99 66 45 95 21 94 0 16
5 38 65 42 38 87 63 39 52 57 62 0 22
9 98 88 80 86 52 88 57 60 66 59 0 45
3 45 99 81 45 77 51 72 74 43 80 0 11
4 71 86 45 43 23 30 75 87 71 81 0 17
7 52 34 57 69 20 90 37 83 87 37 0 31
5 85 82 51 60 52 92 99 31 100 76 0 25
10 30 67 45 46 20 76 95 93 78 60 0 47
3 87 37 35 97 20 68 97 75 97 91 0 12
10 97 85 90 85 30 76 76 92 36 47 0 47
8 40 43 81 96 40 41 83 94 90 51 0 37
8 66 52 53 40 21 67 21 98 92 31 0 37
3 93 22 41 54 88 92 53 93 37 36 0 14
5 84 82 45 52 45 57 75 91 43 80 0 23
4 59 84 65 40 62 79 59 43 21 62 0 16
7 34 51 70 52 38 97 25 34 44 59 0 34
9 73 64 85 66 31 39 26 52 80 68 0 45
6 53 74 58 30 74 63 38 79 53 36 0 26
7 38 77 87 25 54 70 24 76 74 37 0 33
8 33 74 26 98 59 71 50 40 44 37 0 39
3 99 29 71 74 47 49 25 91 23 52 0 13
7 31 58 97 76 98 87 83 94 23 55 0 35
3 54 95 77 86 27 97 48 77 95 50 0 14
8 30 55 54 95 53 55 58 34 37 40 0 38
3 57 29 24 46 24 62 73 28 74 25 0 13
9 77 40 26 70 43 75 29 88 29 22 0 44
3 68 97 48 87 77 44 75 100 34 95 0 12
5 39 89 94 36 77 39 58 28 52 73 0 24
5 86 64 48 100 61 42 69 51 36 73 0 24
5 26 77 79 95 100 34 96 35 86 36 0 25
9 53 53 50 67 60 91 24 90 44 78 0 44
7 63 88 51 96 74 37 51 47 67 34 0 35
10 27 74 60 25 98 78 36 52 92 91 0 46
4 72 63 43 78 77 45 67 85 93 86 0 19
8 79 57 68 71 57 59 29 69 33 77 0 38
9 35 100 61 64 46 54 23 75 37 87 0 43
7 69 25 85 81 31 26 33 57 63 34 0 31
7 84 33 64 32 89 91 87 74 93 29 0 35
10 86 83 84 74 56 67 92 22 27 52 0 50
5 90 78 49 42 86 76 78 49 55 28 0 22
9 25 69 57 91 83 21 63 35 34 24 0 44
9 67 69 52 41 47 34 45 21 50 40 0 42
8 34 99 37 31 84 43 99 91 81 50 0 36
9 78 54 63 39 36 82 71 84 37 36 0 41
5 41 30 66 72 24 83 100 76 92 96 0 21
5 42 83 85 54 25 49 67 25 61 99 0 24
9 24 62 95 43 52 79 22 24 35 28 0 44
5 42 34 22 99 76 88 56 57 58 47 0 25
10 23 31 99 74 45 75 75 49 88 56 0 48
6 63 22 35 64 67 75 52 57 96 65 0 28
7 52 33 85 55 43 27 55 70 80 22 0 31
6 50 99 82 41 23 80 29 37 93 23 0 30
9 55 96 91 46 48 87 52 37 59 87 0 44
6 26 77 68 28 75 44 42 24 36 89 0 29
3 42 27 23 71 28 47 21 45 70 97 0 11
6 48 28 69 92 91 44 56 60 35 63 0 28
4 66 78 88 84 96 33 51 78 74 91 0 16
9 77 84 87 60 50 48 64 38 35 54 0 43
9 35 73 57 35 31 49 84 88 98 24 0 44
7 33 74 87 62 30 31 83 60 47 69 0 33
3 38 86 64 29 98 32 70 32 94 70 0 11
6 37 51 73 97 36 72 86 30 99 38 0 30
8 100 83 99 65 59 44 78 44 86 33 0 36
8 87 62 56 65 68 72 27 59 56 50 0 39
9 74 75 46 59 78 35 65 67 49 39 0 42
7 36 43 54 71 34 66 20 34 39 52 0 33
3 53 43 33 42 38 23 63 23 93 67 0 12
6 46 41 49 33 61 26 99 53 36 94 0 27
9 52 57 75 65 98 33 21 25 95 21 0 44
7 68 85 29 74 93 100 61 64 85 38 0 33
6 50 28 82 22 70 35 23 23 50 75 0 26
3 70 82 43 53 76 75 31 65 60 91 0 13
5 54 62 21 95 32 69 59 85 76 43 0 24
10 69 46 36 80 81 34 34 47 38 50 0 50
10 85 49 22 22 40 63 27 49 46 96 0 46
4 88 95 79 97 90 95 83 24 31 23 0 20
6 20 32 78 65 47 38 91 55 64 85 0 28
9 30 85 45 53 53 62 90 59 60 66 0 41
4 60 70 93 25 49 21 97 92 55 52 0 16
9 80 70 73 97 65 56 78 31 97 86 0 44
10 78 87 40 88 70 92 25 96 22 93 0 50
2 34 30 35 95 31 81 67 73 94 24 0 10
8 31 94 41 74 59 37 50 89 77 89 0 40
9 63 87 76 60 88 84 83 90 40 27 0 43
8 77 40 73 64 81 35 31 45 65 83 0 40
6 24 22 73 97 88 68 54 99 81 32 0 30
4 80 74 85 55 96 31 60 28 48 23 0 19
7 95 57 77 93 24 76 26 94 82 67 0 31
6 34 100 42 86 81 100 72 77 86 44 0 29
5 72 22 57 76 42 77 35 96 56 87 0 24
10 31 99 95 22 84 35 77 38 46 54 0 49
7 40 36 94 65 51 55 33 35 87 80 0 35
4 52 34 40 52 90 21 87 57 82 26 0 20
3 23 53 21 36 50 39 68 28 46 32 0 12
7 89 28 45 53 30 43 31 81 101 89 0 35
10 70 21 99 30 34 50 84 88 29 50 0 47
8 48 31 22 98 41 95 74 52 28 82 0 36
10 48 68 83 22 32 89 23 22 47 24 0 48
7 61 88 50 98 95 29 88 80 64 64 0 33
8 85 72 61 92 59 90 59 87 43 74 0 39
7 73 50 97 68 21 87 87 98 39 26 0 33
5 66 62 70 77 81 40 94 81 65 57 0 23
10 80 29 88 56 63 66 72 76 57 58 0 46
3 96 25 48 69 58 54 98 46 91 40 0 13
9 34 33 23 49 45 76 80 71 88 31 0 45
8 65 71 35 71 87 59 90 73 98 91 0 39
7 52 61 74 45 21 68 66 31 70 90 0 34
4 78 29 92 79 63 97 85 70 49 39 0 17
3 47 99 35 54 28 60 65 47 48 58 0 12
7 30 28 67 45 48 61 34 63 70 34 0 35
8 64 40 25 87 62 29 96 83 46 71 0 36
7 75 96 88 29 38 58 82 39 71 81 0 31
5 72 29 87 85 48 28 97 91 81 62 0 25
5 63 42 51 78 93 93 70 60 75 89 0 25
7 57 63 85 72 92 74 39 92 28 34 0 33
8 36 55 99 75 46 29 25 61 41 87 0 36
6 96 67 89 41 90 99 79 59 81 81 0 27
8 64 33 68 62 88 64 36 72 41 29 0 36
4 82 76 33 51 99 51 52 92 37 61 0 18
6 75 59 85 75 29 36 21 67 48 20 0 29
3 25 24 82 71 92 31 53 64 99 23 0 13
6 36 22 25 45 47 87 58 61 84 65 0 28
10 88 95 78 39 43 62 90 89 100 44 0 49
7 47 68 75 89 30 72 74 52 28 83 0 35
4 30 68 22 70 30 55 50 46 77 71 0 20
9 88 50 72 73 67 78 68 88 72 61 0 45
5 60 74 54 49 44 51 23 40 66 66 0 23
4 46 55 53 95 67 37 60 45 71 47 0 17
7 79 81 26 24 64 44 74 92 95 63 0 33
7 86 80 26 36 47 31 72 52 65 75 0 35
6 39 36 63 31 34 60 76 49 59 72 0 27
3 81 46 47 77 95 54 61 79 73 44 0 14
9 99 86 49 62 97 37 44 73 72 82 0 44
6 101 59 35 90 51 31 93 44 98 86 0 28
5 96 77 30 92 26 43 84 20 49 79 0 25
8 43 34 82 54 73 73 39 58 25 88 0 37
4 71 63 41 53 20 63 98 53 23 55 0 19
6 96 22 21 100 100 65 27 72 30 60 0 26
8 78 37 20 22 87 84 52 91 82 64 0 36
8 90 40 72 75 70 35 26 36 96 22 0 38
9 74 75 71 65 58 80 45 90 81 67 0 41
8 27 38 68 88 60 94 45 81 31 88 0 40
5 40 39 56 53 96 58 93 71 44 53 0 23
7 98 21 31 53 45 60 28 97 33 52 0 32
4 63 25 68 79 60 56 94 58 99 93 0 17
8 97 77 101 56 52 86 75 21 32 71 0 39
10 25 34 24 38 25 74 84 96 90 38 0 50
5 73 36 26 80 75 25 63 54 63 76 0 24
10 56 45 78 73 24 39 97 28 83 63 0 49
8 56 39 94 30 32 33 56 39 80 89 0 36
5 90 73 43 51 55 74 99 62 36 41 0 25
10 22 31 20 36 40 101 60 71 61 95 0 46
3 74 87 89 70 100 27 61 96 47 98 0 11
9 49 43 68 81 61 49 65 22 97 31 0 43
8 40 81 57 72 95 97 65 75 72 76 0 36
9 54 93 57 96 52 35 66 32 62 26 0 45
6 61 98 38 78 91 43 55 92 91 73 0 27
9 65 71 63 84 92 57 35 95 30 98 0 45
6 81 28 81 20 73 81 29 67 20 83 0 30
6 67 92 63 33 25 69 73 57 36 95 0 29
9 79 73 90 92 80 99 45 41 89 89 0 42
8 37 92 87 36 49 56 29 21 88 82 0 37
7 47 27 21 76 48 85 92 35 78 99 0 32
4 56 34 20 100 100 43 67 29 60 42 0 16
4 42 70 67 36 48 32 76 82 60 70 0 20
4 22 84 45 95 82 65 84 62 96 22 0 20
3 63 95 65 59 45 86 82 36 53 48 0 11
3 24 40 74 75 37 34 74 46 40 27 0 11
8 96 42 76 65 79 54 63 100 76 91 0 37
2 74 73 73 21 57 88 99 50 68 31 0 10
10 44 29 49 98 64 52 48 39 76 53 0 46
7 53 84 54 29 53 75 97 66 27 90 0 34
7 47 42 39 54 63 71 62 32 42 91 0 31
8 50 54 37 58 59 39 94 88 79 76 0 39
10 44 57 72 62 96 93 33 55 78 64 0 48
10 67 40 30 98 72 39 57 65 100 74 0 47
4 77 82 87 67 72 48 50 39 56 85 0 17
10 35 22 91 85 68 35 62 21 43 73 0 46
5 40 69 41 50 85 95 56 45 85 86 0 21
4 99 45 52 97 41 28 38 40 94 60 0 19
3 66 85 63 65 66 50 26 25 58 39 0 11
6 72 96 37 36 38 73 85 41 35 88 0 28
3 86 36 47 84 28 21 62 50 65 47 0 11
6 73 72 23 94 89 98 28 74 77 41 0 30
5 42 45 96 99 39 53 48 60 26 67 0 25
7 80 76 30 76 56 53 45 34 94 27 0 35
10 78 55 91 50 30 89 41 39 38 25 0 50
7 30 71 74 82 87 64 32 46 65 51 0 31
7 86 68 58 88 72 20 36 56 35 26 0 34
3 42 31 74 79 95 92 40 78 84 53 0 11
9 45 29 72 69 21 62 70 96 49 33 0 41
6 56 43 42 77 46 36 33 77 93 45 0 26
6 75 50 60 51 24 88 25 26 54 24 0 27
4 52 54 30 43 44 100 21 79 59 81 0 19
4 89 70 21 53 92 66 60 29 58 86 0 18
8 26 26 35 53 41 44 21 62 55 28 0 36
6 26 61 55 54 39 67 29 59 70 80 0 27
10 71 42 38 21 89 46 27 63 69 87 0 50
10 64 70 67 97 22 24 98 64 100 43 0 46
7 39 26 45 36 51 50 33 21 34 23 0 32
10 96 97 85 22 75 89 20 28 67 64 0 50
5 59 84 62 71 63 67 47 62 61 59 0 24
10 26 40 52 67 67 56 71 98 50 45 0 48
5 64 59 88 24 20 100 25 64 71 64 0 23
6 36 47 83 81 54 92 35 69 85 68 0 29
2 23 100 89 40 100 80 77 33 86 88 0 10
10 77 39 76 60 41 27 57 93 95 23 0 48
10 61 39 38 41 84 83 29 78 91 75 0 50
4 83 93 68 47 61 65 48 56 52 84 0 17
3 72 94 66 85 60 31 76 79 88 95 0 11
7 49 76 48 65 73 64 94 99 79 81 0 35
5 53 88 39 36 65 100 45 45 37 72 0 24
9 53 51 84 56 49 76 87 68 82 76 0 45
10 86 41 80 91 39 82 98 85 87 98 0 46
7 86 35 71 89 57 99 41 43 93 66 0 35
8 49 54 44 41 38 55 77 43 76 99 0 39
10 46 30 100 60 31 45 28 32 46 97 0 48
7 28 64 43 48 78 98 94 66 37 41 0 31
9 20 99 30 42 76 55 39 60 70 35 0 43
10 58 95 21 67 88 49 92 43 52 82 0 49
5 55 67 25 62 44 32 29 35 21 93 0 22
10 98 92 47 87 92 40 94 81 47 96 0 48
10 51 54 83 73 84 55 31 27 84 93 0 47
9 50 51 28 21 29 92 56 80 59 76 0 43
10 73 56 58 45 67 25 91 66 43 83 0 46
7 42 53 72 77 35 79 20 95 72 54 0 33
6 62 97 76 97 43 84 92 36 55 51 0 27
9 71 98 38 41 25 101 87 36 71 21 0 43
8 34 58 44 96 35 50 57 88 93 70 0 37
10 29 92 31 90 80 74 49 34 26 80 0 50
10 22 84 40 24 89 41 34 70 88 31 0 49
7 84 98 40 53 56 49 54 31 64 23 0 31
9 52 24 78 26 31 37 99 50 52 39 0 44
8 49 59 23 60 81 75 91 89 91 57 0 37
7 94 90 74 91 92 94 93 60 57 57 0 31
6 67 79 77 36 51 74 43 22 87 28 0 26
5 27 98 85 85 72 57 68 42 95 93 0 24
5 91 82 77 52 65 72 50 95 58 65 0 25
8 46 77 87 77 22 90 23 94 42 55 0 38
7 94 82 30 75 40 40 21 38 88 56 0 33
5 78 76 52 25 47 68 26 21 87 73 0 21
7 58 93 43 30 49 26 29 29 90 84 0 33
3 96 36 77 54 23 48 27 26 82 88 0 12
5 35 93 72 21 60 57 69 44 92 55 0 25
7 74 59 43 46 89 79 59 85 80 58 0 32
10 32 36 50 48 60 26 66 87 95 55 0 47
10 89 85 45 81 67 93 66 69 32 92 0 48
6 25 48 48 56 49 91 63 94 39 31 0 26
4 41 59 98 58 66 82 96 66 91 53 0 17
5 75 99 31 56 91 93 98 68 48 68 0 23
3 89 25 41 29 34 27 66 67 67 45 0 14
7 61 83 94 50 93 57 64 60 39 97 0 35
3 68 29 85 28 88 57 74 31 48 60 0 14
5 52 97 52 28 39 48 77 46 49 48 0 22
5 100 48 65 95 25 26 60 73 23 64 0 21
3 77 68 85 92 94 30 30 70 30 43 0 15
2 92 22 57 51 68 40 45 89 33 34 0 10
6 77 81 65 57 44 95 95 21 38 53 0 29
8 82 76 36 95 85 33 36 70 96 26 0 38
10 90 52 50 43 27 76 36 60 45 68 0 47
3 20 25 82 59 34 39 52 83 74 61 0 14
5 83 44 34 49 31 69 71 81 67 101 0 21
8 92 87 48 22 38 84 94 42 89 95 0 40
9 76 81 81 92 88 60 68 43 76 29 0 44
6 31 36 38 77 99 38 86 54 62 95 0 27
9 50 85 34 50 86 50 29 92 74 71 0 45
9 82 69 92 20 69 85 47 76 29 90 0 44
10 58 38 63 82 24 99 47 28 27 29 0 48
5 50 76 29 59 48 34 24 21 75 20 0 22
4 30 93 24 27 76 40 55 76 75 24 0 20
3 48 97 39 23 58 49 73 20 95 25 0 12
6 28 43 69 90 28 34 78 57 49 83 0 29
5 44 84 24 87 36 93 98 35 41 75 0 24
4 40 46 56 49 22 93 61 69 47 81 0 18
4 28 89 60 101 93 68 33 92 64 34 0 19
8 58 22 20 42 53 47 56 38 73 39 0 39
10 41 53 66 27 38 22 35 59 34 60 0 48
8 64 64 24 93 54 32 100 79 25 66 0 38
7 57 55 33 98 24 20 83 50 39 46 0 34
4 22 91 83 25 78 83 80 43 97 31 0 16
5 51 74 41 75 67 31 50 22 89 50 0 25
3 37 46 42 55 82 81 32 68 33 70 0 11
6 75 41 56 85 93 58 60 30 96 80 0 29
4 24 77 85 81 32 66 32 86 24 88 0 17
8 94 84 26 21 21 38 37 30 71 65 0 39
5 23 28 75 85 88 59 20 93 40 29 0 21
9 56 86 41 78 96 64 24 80 94 63 0 42
5 25 33 67 85 74 46 79 41 21 58 0 23
7 50 49 36 99 81 49 92 20 31 35 0 35
4 39 93 66 52 24 62 54 99 32 41 0 19
10 84 43 96 52 69 30 53 51 37 71 0 48
4 26 67 23 62 61 35 48 59 40 87 0 19
5 72 76 57 25 87 93 63 57 45 59 0 23
7 43 40 52 63 56 38 58 52 62 73 0 35
9 95 57 98 85 34 80 64 49 80 91 0 44
10 40 47 72 79 26 55 80 80 42 49 0 46
5 82 50 74 72 22 50 100 57 99 83 0 22
7 32 37 84 37 44 86 45 95 31 26 0 32
3 50 91 65 23 76 27 24 48 23 30 0 11
3 40 38 52 71 86 51 30 88 78 83 0 12
8 86 94 49 28 68 89 55 44 37 33 0 37
9 81 82 60 69 56 90 30 25 49 91 0 45
8 66 81 36 95 73 95 73 90 63 88 0 37
4 69 100 95 72 51 67 84 65 35 65 0 16
9 25 80 80 31 84 41 83 45 23 34 0 44
8 48 81 96 37 93 27 91 22 95 58 0 36
5 34 82 76 69 55 48 66 67 38 53 0 23
10 41 34 49 62 77 23 85 42 42 62 0 48
5 78 29 23 90 41 71 43 67 28 99 0 22
7 27 45 73 28 82 29 91 85 95 93 0 31
5 65 24 42 83 52 88 65 45 50 99 0 24
3 63 42 90 40 32 35 27 78 33 61 0 15
5 66 83 24 74 20 65 95 52 37 30 0 23
4 80 30 27 91 46 53 90 49 52 43 0 20
7 70 95 44 64 69 36 31 30 40 79 0 31
10 96 57 90 86 83 41 87 63 24 90 0 50
4 22 71 67 69 41 85 28 23 83 36 0 17
10 46 90 83 88 74 55 29 91 90 53 0 49
7 30 51 62 53 78 75 44 23 85 55 0 33
3 38 40 23 62 84 66 82 91 59 99 0 15
9 99 27 87 50 52 96 88 32 58 81 0 43
7 34 30 71 60 46 62 33 21 21 64 0 33
4 25 60 63 40 54 48 64 40 90 39 0 16
8 25 24 43 89 65 26 78 89 91 33 0 37
5 48 75 21 56 29 62 74 49 50 85 0 25
8 94 81 89 84 52 36 49 79 24 74 0 39
6 94 67 100 75 84 79 53 21 52 101 0 28
10 50 73 62 95 84 35 97 50 29 55 0 47
6 84 60 55 78 80 48 84 23 57 44 0 29
4 72 54 98 85 62 95 37 61 33 40 0 17
10 97 26 80 21 22 95 40 23 54 39 0 46
5 72 80 44 31 20 46 25 72 58 90 0 25
8 61 40 75 45 31 45 58 96 93 73 0 36
3 52 35 29 79 23 38 38 37 44 88 0 13
4 70 23 30 97 86 53 77 84 59 23 0 19
7 57 69 79 85 32 37 74 59 66 88 0 34
7 31 22 57 77 55 36 33 64 88 59 0 32
3 67 93 20 52 32 69 40 39 33 52 0 15
9 28 60 93 78 72 45 42 30 83 61 0 42
5 53 83 61 92 91 55 85 100 68 36 0 25
10 34 63 70 81 51 78 25 76 94 35 0 47
6 36 42 53 97 61 20 78 35 38 85 0 26
8 23 49 45 80 83 55 96 60 85 54 0 39
5 78 91 60 74 50 24 48 34 41 97 0 24
3 21 54 38 34 70 76 27 43 26 29 0 11
7 68 88 52 49 33 87 81 64 81 59 0 31
7 78 64 49 69 53 56 64 30 65 93 0 32
2 59 93 87 65 62 37 62 69 47 28 0 10
3 26 53 62 84 34 92 75 78 99 70 0 11
10 21 62 41 33 50 100 64 86 35 100 0 46
10 90 40 74 64 59 75 21 42 72 58 0 50
5 45 24 74 88 26 75 91 69 44 77 0 25
4 93 45 70 47 100 90 58 48 34 42 0 18
9 82 25 93 51 27 21 52 99 90 56 0 41
10 37 23 40 87 52 94 21 73 88 43 0 46
6 80 37 37 83 94 21 80 90 59 67 0 28
7 62 25 27 39 70 22 41 55 38 58 0 33
10 21 86 93 54 49 93 75 39 30 27 0 46
10 22 51 98 80 43 37 61 76 27 41 0 50
5 32 27 57 98 30 79 46 71 73 64 0 22
6 79 79 100 84 31 42 45 29 87 66 0 30
3 43 32 75 72 66 48 51 60 29 88 0 15
7 95 98 27 64 71 25 86 38 31 25 0 35
4 94 23 64 30 85 31 42 82 55 51 0 16
9 99 99 26 23 35 85 37 35 54 88 0 42
10 89 49 63 67 40 93 89 21 63 93 0 46
3 56 32 77 79 61 91 25 96 37 33 0 14
8 58 96 46 77 78 51 25 46 74 73 0 38
6 66 27 53 97 43 62 60 90 93 84 0 27
8 97 47 86 85 64 82 41 35 56 29 0 39
9 54 77 54 26 31 91 43 42 57 22 0 45
3 28 61 80 57 25 93 79 33 100 89 0 14
9 34 59 49 95 73 34 25 31 43 47 0 45
4 56 72 63 65 26 47 33 98 70 74 0 18
10 21 90 93 68 67 67 33 66 95 59 0 47
6 29 71 98 30 42 100 90 37 29 48 0 29
10 20 56 70 85 77 35 96 28 100 83 0 46
6 44 80 66 75 88 96 78 45 33 76 0 26
3 99 56 46 44 97 38 97 42 35 47 0 12
3 39 41 70 58 44 89 43 36 26 72 0 14
8 99 33 78 31 80 36 45 25 90 29 0 38
3 62 77 33 99 43 95 83 64 77 88 0 13
3 58 49 41 57 81 44 66 92 94 79 0 11
5 37 83 85 40 97 63 91 87 82 24 0 22
10 30 32 97 92 34 90 85 39 43 45 0 49
2 47 28 69 76 34 61 61 63 94 97 0 10
10 71 91 61 44 83 63 101 26 43 53 0 48
8 63 21 94 46 37 31 94 88 55 75 0 38
3 25 56 31 27 24 24 94 65 90 66 0 14
5 51 67 91 57 84 48 99 85 53 58 0 23
7 34 86 21 28 61 66 84 32 61 89 0 35
3 92 59 55 59 72 70 81 73 73 71 0 12
4 89 38 58 33 69 84 42 39 93 54 0 20
7 84 75 68 33 30 32 39 90 96 23 0 32
6 87 84 45 62 66 90 80 74 24 44 0 28
10 87 73 30 39 25 58 49 22 78 78 0 47
3 65 50 57 66 62 33 84 54 21 25 0 15
8 92 89 77 21 54 41 60 71 71 45 0 40
4 30 77 86 21 37 65 44 63 76 99 0 20
3 27 74 23 30 35 22 62 86 83 61 0 14
10 90 99 26 59 57 37 27 47 89 46 0 50
7 67 95 59 98 81 26 80 61 99 58 0 32
7 56 60 33 68 69 84 71 55 26 83 0 31
3 75 32 30 64 79 40 80 34 54 88 0 11
10 90 80 42 91 21 23 79 47 100 71 0 46
6 60 30 97 67 86 74 96 26 48 51 0 28
4 85 60 99 66 64 50 92 45 48 97 0 18
7 49 59 51 101 96 80 62 92 85 96 0 31
4 21 60 96 43 94 62 49 92 35 79 0 19
10 43 26 75 87 69 37 65 27 52 65 0 50
10 55 42 44 92 30 36 55 70 24 32 0 49
6 96 52 71 91 61 97 88 93 47 79 0 27
9 73 23 77 44 36 85 84 21 25 78 0 45
8 40 23 33 54 54 75 74 38 35 51 0 38
6 61 97 24 31 63 29 52 59 34 60 0 27
10 68 89 35 61 58 46 79 31 90 58 0 47
10 89 67 93 89 87 42 23 90 33 40 0 47
9 25 27 37 31 45 44 82 57 55 49 0 44
9 29 30 88 42 77 84 37 22 44 84 0 42
9 80 73 89 70 65 38 56 82 46 94 0 44
2 54 46 89 98 35 84 48 35 24 84 0 10
7 79 21 32 45 33 92 54 87 33 94 0 31
4 62 40 75 78 100 68 69 22 36 39 0 20
7 42 96 29 50 79 91 55 72 78 31 0 35
9 42 30 38 66 33 97 74 31 44 88 0 41
10 74 75 24 55 83 57 67 69 61 71 0 46
5 41 76 78 57 43 61 82 56 74 58 0 22
6 31 30 25 43 46 87 95 35 31 72 0 30
6 75 31 59 22 99 50 28 34 75 68 0 27
9 87 32 20 20 28 29 73 53 35 69 0 43
7 87 87 80 62 43 29 86 23 70 75 0 33
7 56 80 77 82 56 59 20 36 45 50 0 32
5 77 100 52 44 101 61 91 48 88 51 0 21
2 40 46 74 69 97 49 73 35 69 51 0 10
3 64 100 73 87 55 66 70 23 63 86 0 12
4 38 93 66 72 86 30 26 50 62 31 0 18
5 54 24 74 81 74 23 97 88 37 59 0 25
9 96 83 94 56 57 91 23 32 33 61 0 44
4 25 30 51 25 58 65 48 95 37 96 0 17
9 36 70 24 76 21 77 43 39 63 57 0 43
8 67 42 88 48 76 57 60 30 37 50 0 37
9 40 36 31 76 46 70 52 57 84 46 0 41
2 41 86 61 72 91 94 29 72 75 100 0 10
10 46 88 24 86 33 59 83 24 38 98 0 50
9 95 68 90 71 90 72 77 58 55 89 0 45
10 88 90 80 32 26 78 99 78 52 68 0 46
4 99 82 61 26 49 33 72 71 31 31 0 18
5 75 57 67 78 32 48 40 34 73 78 0 25
3 82 61 46 88 41 52 88 97 96 73 0 12
4 90 20 57 27 56 77 49 59 32 31 0 20
5 34 37 40 91 35 53 86 100 57 34 0 25
3 56 50 96 51 37 77 21 48 26 61 0 13
6 56 44 93 31 78 22 36 64 21 101 0 29
7 21 39 24 24 86 74 93 63 35 37 0 35
7 69 68 96 40 55 36 28 81 28 81 0 31
4 100 80 80 97 35 41 51 98 96 72 0 16
4 75 35 25 76 100 83 63 70 26 44 0 17
3 72 45 83 51 73 46 79 39 69 78 0 13
3 42 70 34 42 57 63 40 90 100 42 0 14
8 32 65 63 32 45 78 99 89 36 85 0 40
8 25 64 66 49 85 48 101 25 48 61 0 39
3 98 40 21 75 82 53 70 34 37 41 0 11
8 73 37 91 73 77 56 93 93 100 22 0 40
2 55 25 62 32 75 58 63 62 89 39 0 10
3 41 59 33 42 38 71 99 77 25 35 0 11
4 96 95 21 35 81 91 32 92 57 77 0 16
10 54 53 56 65 98 21 59 80 32 84 0 49
5 74 76 48 95 49 73 100 92 94 53 0 22
5 34 79 27 97 59 63 73 40 21 21 0 21
8 79 68 74 29 96 79 72 85 99 71 0 40
9 89 36 96 78 80 99 39 48 25 31 0 44
3 27 38 45 31 59 74 98 27 34 65 0 13
7 48 49 42 74 53 89 26 35 85 88 0 33
7 98 85 47 95 78 52 78 28 57 60 0 35
5 59 52 95 93 97 91 52 91 69 42 0 25
10 47 41 73 81 92 41 58 63 95 92 0 48
5 82 51 92 40 47 63 59 48 66 99 0 22
9 83 88 33 27 35 95 97 67 44 93 0 41
10 40 89 72 36 82 80 43 88 88 92 0 48
7 92 61 33 24 31 20 46 65 75 24 0 32
8 78 79 83 74 75 97 78 54 54 23 0 38
6 84 38 23 69 63 28 29 87 21 21 0 26
6 93 45 79 73 64 22 39 51 57 38 0 27
8 79 52 28 84 21 56 33 98 96 60 0 36
8 101 42 39 68 48 90 100 65 41 58 0 36
6 72 65 93 24 98 94 99 64 87 52 0 28
6 50 93 48 49 72 53 63 100 20 71 0 28
8 55 75 23 67 95 97 36 71 93 93 0 37
6 23 39 23 36 46 96 91 100 96 93 0 28
4 40 68 74 84 49 73 44 35 39 65 0 19
4 32 34 62 43 34 86 45 69 78 95 0 18
4 69 85 84 52 41 54 53 101 67 94 0 19
7 51 45 84 37 96 84 40 65 28 50 0 31
4 44 31 99 47 98 52 99 89 48 29 0 16
5 42 23 31 40 78 37 73 43 96 43 0 21
2 33 83 89 35 69 29 61 66 72 97 0 10
5 66 65 82 96 97 21 71 84 61 41 0 24
6 56 90 32 92 82 76 36 75 33 56 0 28
3 40 71 94 65 51 54 83 65 29 98 0 11
4 52 82 89 49 95 45 48 68 35 23 0 16
7 50 83 98 67 26 33 88 90 47 92 0 35
9 52 88 77 32 33 70 87 54 22 72 0 45
9 76 93 43 21 47 29 76 77 98 60 0 45
4 46 28 98 59 71 34 57 53 80 46 0 17
4 29 99 91 70 27 96 43 53 88 90 0 17
7 66 23 100 45 83 56 47 47 57 60 0 32
6 29 27 38 27 91 64 90 63 95 85 0 27
10 70 40 59 38 93 69 57 82 68 28 0 49
7 74 89 88 98 25 92 80 44 92 78 0 34
9 45 86 45 93 64 89 87 97 20 37 0 44
4 61 35 95 83 63 56 38 46 57 44 0 18
4 30 84 68 22 77 25 31 40 84 42 0 17
7 48 45 48 35 54 40 60 64 26 97 0 31
5 78 83 98 42 52 78 38 53 81 88 0 25
6 20 98 39 75 25 41 87 85 90 88 0 29
5 55 80 46 21 39 31 40 79 90 32 0 22
5 39 24 41 36 27 48 27 21 28 60 0 25
8 36 31 50 43 57 95 35 55 86 39 0 37
4 31 56 91 61 43 42 68 26 84 25 0 20
7 97 96 74 58 24 96 56 56 20 55 0 33
6 96 41 44 41 21 46 50 89 33 31 0 29
4 38 45 28 36 39 88 40 82 41 55 0 17
4 94 80 88 50 62 58 74 49 39 70 0 19
7 50 43 37 32 30 82 35 81 24 41 0 35
4 62 21 28 51 47 27 48 82 82 30 0 19
5 39 78 41 31 73 78 98 70 58 79 0 25
10 33 35 81 29 96 62 71 99 33 58 0 48
8 32 27 30 60 21 71 50 58 28 40 0 38
9 43 32 90 96 66 86 52 29 87 97 0 43
2 80 46 57 44 96 60 58 52 91 61 0 10
8 57 67 43 75 64 77 76 21 41 27 0 37
8 37 24 50 31 43 83 92 40 96 65 0 39
4 36 38 68 30 44 65 99 46 79 60 0 17
6 68 43 62 43 55 37 51 76 36 77 0 26
4 48 81 61 33 37 98 49 80 96 79 0 17
2 35 77 92 93 47 52 73 45 48 38 0 10
8 26 63 95 59 70 94 96 40 27 50 0 39
6 40 81 43 38 41 39 98 59 28 76 0 27
5 33 67 44 22 76 83 85 26 42 86 0 25
4 68 47 34 79 21 89 27 52 36 66 0 16
7 49 21 78 37 98 89 88 49 76 36 0 34
8 28 26 29 71 77 40 94 67 84 80 0 39
6 59 36 61 31 62 20 83 71 29 53 0 30
5 70 23 87 53 75 99 40 95 41 93 0 23
9 58 83 22 91 56 78 23 27 57 43 0 45
3 48 85 87 36 38 60 66 92 34 50 0 11
5 37 94 95 85 60 87 22 75 89 91 0 24
5 84 66 48 54 100 84 26 71 98 61 0 21
10 98 78 82 78 67 90 54 31 35 101 0 50
9 73 71 44 39 41 21 86 88 96 52 0 45
6 87 89 28 78 49 34 29 93 88 36 0 28
2 92 70 93 65 68 23 53 76 60 71 0 10
10 20 59 52 54 72 28 82 80 78 39 0 47
4 41 44 57 90 96 100 40 94 49 93 0 16
9 99 42 38 75 62 38 81 80 43 83 0 41
9 97 61 48 29 51 87 53 37 22 48 0 41
4 90 76 53 22 24 46 68 82 33 72 0 16
6 69 66 29 43 96 55 76 76 83 58 0 28
4 32 98 28 21 97 68 77 99 89 38 0 20
6 68 82 57 91 58 89 69 44 90 59 0 28
6 33 73 45 34 23 83 73 100 78 86 0 27
4 93 82 55 89 64 26 40 83 74 48 0 19
10 64 26 27 70 21 31 56 36 91 29 0 46
7 99 61 31 52 50 49 83 21 82 66 0 35
8 75 56 53 68 76 75 95 39 21 38 0 37
7 57 39 23 99 30 27 98 71 26 30 0 35
5 86 81 32 30 64 46 59 73 89 26 0 23
7 22 29 70 48 99 27 54 69 44 70 0 33
2 82 53 35 95 41 72 69 69 64 37 0 10
3 26 57 83 70 88 58 100 92 99 30 0 15
10 62 98 93 76 64 54 39 32 36 23 0 48
9 57 32 40 44 49 89 54 98 64 96 0 43
10 64 44 36 44 73 56 49 62 81 87 0 49
8 25 46 92 95 79 31 85 21 51 88 0 36
9 79 38 72 86 71 46 23 37 36 73 0 42
8 66 55 86 64 37 37 97 25 51 91 0 39
4 98 28 34 42 91 32 100 51 89 38 0 19
4 69 68 30 75 59 73 25 37 37 62 0 20
2 39 34 44 48 91 61 45 94 51 91 0 10
9 34 78 95 65 21 80 92 44 92 73 0 44
6 64 36 92 35 54 80 35 93 69 60 0 28
6 63 94 82 56 22 69 75 78 79 94 0 27
3 27 50 51 66 66 36 88 39 74 67 0 13
5 90 44 70 90 101 36 78 60 89 27 0 21
10 81 52 41 56 76 64 68 88 31 92 0 46
4 96 69 53 90 28 26 99 31 69 73 0 17
9 51 82 67 92 30 69 63 50 85 28 0 41
7 51 21 24 73 56 48 81 26 45 24 0 35
8 69 55 99 59 74 82 33 35 22 21 0 36
6 95 42 100 29 38 65 77 32 40 39 0 26
10 89 50 97 90 31 40 87 68 61 85 0 50
3 28 48 89 74 63 75 49 99 59 48 0 15
10 50 96 92 72 21 90 37 93 90 40 0 46
10 89 33 81 31 48 22 23 28 64 70 0 46
9 41 50 66 54 86 66 40 89 56 96 0 41
3 65 48 36 101 72 78 97 45 40 27 0 13
4 28 85 50 67 72 29 51 29 49 59 0 17
4 66 24 74 51 79 57 63 34 36 85 0 17
6 90 54 49 38 44 78 88 38 67 75 0 28
6 96 40 30 67 32 70 47 33 37 23 0 30
4 63 99 56 87 66 22 65 64 56 71 0 18
3 37 29 76 65 52 99 45 65 90 73 0 14
9 71 100 46 33 37 80 79 86 81 90 0 41
8 50 55 62 50 66 85 30 53 35 50 0 39
3 99 79 43 23 70 52 75 52 90 31 0 12
6 50 53 91 29 48 26 68 37 90 45 0 27
9 59 37 69 69 27 53 90 47 97 95 0 44
7 88 92 90 78 73 51 47 81 46 67 0 33
9 26 58 79 66 74 44 37 34 83 41 0 44
10 49 52 99 78 96 83 25 54 62 90 0 47
9 98 72 58 23 85 42 49 62 76 30 0 44
3 98 96 58 46 75 74 67 52 58 60 0 11
7 94 43 33 91 36 66 31 22 29 32 0 32
6 60 21 27 82 67 77 37 22 66 25 0 29
4 49 52 33 54 54 40 24 88 75 38 0 19
8 88 21 87 40 83 60 40 67 64 39 0 39
4 72 78 52 30 72 97 95 32 67 23 0 16
10 49 51 91 61 58 35 95 62 35 71 0 48
6 22 97 31 22 45 81 78 75 30 62 0 29
7 60 44 50 57 64 42 41 52 28 78 0 34
5 92 83 92 37 31 62 48 29 78 78 0 24
3 56 46 55 30 48 30 77 91 90 55 0 14
8 60 86 22 51 43 60 41 62 22 42 0 39
6 69 54 41 63 73 38 74 90 93 96 0 26
10 68 45 87 22 68 91 77 22 31 85 0 48
7 57 40 76 44 34 82 94 56 37 41 0 32
7 46 52 48 31 85 66 38 26 70 56 0 31
7 69 26 92 59 92 41 21 88 36 57 0 35
3 24 32 67 69 74 27 84 64 83 99 0 14
7 22 72 27 62 48 22 86 71 84 35 0 31
3 88 41 86 32 93 28 88 48 75 28 0 11
5 89 73 77 82 68 22 66 54 70 88 0 22
7 75 39 85 90 49 38 46 91 41 93 0 34
5 33 33 81 22 52 71 73 98 79 52 0 25
5 21 28 78 73 61 86 40 86 39 62 0 25
10 56 39 36 31 29 54 93 37 56 71 0 47
8 96 94 68 84 44 64 34 44 56 92 0 36
6 66 23 82 28 51 84 86 74 89 72 0 27
6 71 95 86 79 46 90 76 83 76 39 0 30
10 20 47 91 81 22 38 26 91 71 51 0 46
9 41 56 23 91 70 96 76 61 48 44 0 44
8 37 82 42 76 93 29 36 67 89 42 0 37
5 29 74 56 71 27 54 51 25 24 77 0 25
7 39 84 76 74 97 91 79 78 51 70 0 33
8 56 44 30 91 75 54 75 26 86 63 0 39
4 85 73 37 33 42 100 101 86 62 30 0 19
2 88 57 54 92 74 100 28 41 71 42 0 10
8 82 34 73 34 82 32 24 21 81 61 0 38
9 92 54 50 86 22 64 57 29 39 38 0 44
8 34 31 100 65 63 96 62 84 53 52 0 39
9 26 24 59 56 81 99 48 68 29 75 0 44
3 67 82 36 34 40 83 63 30 100 53 0 14
7 98 72 64 41 93 62 61 80 70 78 0 32
7 92 95 95 92 26 45 74 27 32 28 0 32
6 45 25 50 75 42 30 87 89 23 29 0 28
5 37 43 29 33 99 83 49 74 35 36 0 24
9 41 47 66 98 91 78 56 76 28 31 0 44
7 77 94 83 55 63 93 51 51 98 39 0 31
10 69 74 90 68 61 46 90 48 62 73 0 50
8 43 49 92 86 24 62 41 84 89 89 0 39
8 87 37 25 35 33 56 47 62 85 45 0 40
3 93 78 75 44 86 99 53 31 59 78 0 13
2 43 35 63 39 53 89 46 35 66 97 0 10
7 27 99 53 70 23 62 90 58 27 68 0 31
5 96 78 66 29 85 68 37 20 94 46 0 22
3 30 63 49 88 39 61 72 23 98 85 0 11
7 54 47 98 84 70 45 73 56 67 97 0 31
8 96 57 85 73 38 21 68 36 82 62 0 37
6 52 33 72 29 94 47 89 41 54 65 0 27
10 26 94 76 57 73 55 92 72 37 43 0 47
7 58 66 36 45 61 32 63 90 86 82 0 33
7 22 90 23 99 41 56 82 88 50 33 0 35
7 22 74 22 50 59 54 29 28 83 76 0 35
6 78 43 74 40 60 37 86 37 80 48 0 29
4 30 70 81 74 79 82 87 80 35 26 0 16
9 44 88 75 49 63 33 70 69 41 88 0 45
3 90 51 29 66 40 66 55 36 87 80 0 13
6 40 51 48 77 28 98 80 24 53 53 0 30
4 95 83 84 70 32 63 59 39 36 50 0 20
9 39 56 35 62 88 32 30 41 65 25 0 44
8 44 53 60 70 89 29 78 23 65 43 0 38
3 92 85 93 74 81 26 52 29 84 96 0 11
8 41 62 66 67 37 99 28 81 40 80 0 36
9 51 93 29 26 77 58 45 27 69 60 0 45
5 50 86 60 42 25 37 54 87 77 53 0 21
8 50 45 28 20 35 86 91 71 85 84 0 40
7 44 23 75 40 68 81 60 44 78 81 0 32
10 78 56 59 30 63 83 33 90 29 99 0 50
10 39 39 99 84 26 40 67 97 42 37 0 50
5 81 25 93 38 69 56 56 88 89 84 0 25
8 62 60 75 34 71 69 68 98 44 50 0 38
5 59 46 67 98 96 70 41 77 91 68 0 25
8 53 83 76 28 69 65 69 91 44 101 0 37
5 66 86 38 54 22 82 65 96 64 78 0 23
4 23 45 76 97 89 24 27 27 73 84 0 17
6 91 60 41 92 34 63 86 100 52 41 0 30
4 74 71 35 65 63 72 45 47 33 82 0 20
8 56 97 63 57 28 70 72 56 28 25 0 38
7 99 29 27 66 80 78 98 99 47 71 0 32
10 79 59 38 99 39 70 21 100 58 24 0 46
10 34 67 33 94 51 52 42 77 46 59 0 50
10 46 59 49 99 82 79 33 68 77 44 0 47
8 86 96 67 82 60 27 87 74 76 37 0 37
10 53 24 38 66 78 51 90 50 47 33 0 48
8 51 87 84 67 31 74 22 56 22 84 0 38
5 93 85 62 46 61 54 44 90 99 25 0 23
10 72 73 39 93 52 23 100 87 34 90 0 48
5 93 52 95 79 59 25 62 69 61 38 0 25
4 24 75 98 88 75 61 20 73 59 90 0 16
10 77 60 73 34 23 25 27 44 66 69 0 46
6 45 90 42 28 32 37 97 91 21 59 0 29
7 24 70 55 61 68 99 87 76 23 85 0 35
7 44 52 39 76 77 57 24 30 61 90 0 35
9 71 68 49 49 55 55 96 29 98 55 0 42
6 46 42 42 76 85 63 27 56 71 53 0 30
8 33 48 39 43 65 51 70 27 73 31 0 38
10 46 71 99 43 41 85 51 56 42 65 0 47
3 31 95 64 80 45 20 78 26 62 73 0 11
8 85 73 78 39 93 58 46 38 90 40 0 38
7 36 81 53 98 38 100 91 91 99 69 0 33
5 76 30 30 86 49 55 87 85 65 47 0 22
6 21 51 59 87 100 96 53 54 97 100 0 29
4 82 78 45 84 80 39 69 74 58 79 0 20
6 46 40 71 73 91 49 95 96 87 90 0 28
10 40 75 83 70 101 66 44 68 88 67 0 49
4 26 52 87 100 48 85 77 89 30 77 0 16
6 27 58 22 85 67 69 58 59 70 43 0 30
5 53 35 98 45 94 83 84 79 46 38 0 25
8 67 35 36 60 49 95 77 92 98 41 0 39
4 82 22 100 73 33 72 30 68 61 95 0 17
3 85 28 35 81 39 27 27 67 52 85 0 15
6 22 91 83 90 21 25 44 34 82 62 0 30
10 69 73 95 30 96 82 83 38 70 49 0 50
9 37 68 20 91 92 33 47 54 30 25 0 44
4 71 92 86 56 74 44 69 26 95 40 0 18
7 32 60 47 64 36 48 28 90 69 50 0 32
3 89 99 59 24 99 82 22 45 78 23 0 12
5 47 24 70 42 70 94 35 77 40 66 0 21
4 24 32 46 84 28 67 72 62 58 56 0 18
4 37 41 73 25 44 83 25 69 49 31 0 18
4 39 26 76 75 48 32 67 62 56 39 0 19
9 98 89 39 37 69 35 20 72 72 26 0 43
5 38 26 82 75 54 40 26 92 60 26 0 23
8 66 50 58 97 59 90 42 81 78 47 0 36
8 80 45 46 26 85 91 21 61 67 47 0 37
7 27 54 64 69 90 58 75 93 86 81 0 31
3 22 78 81 30 48 70 21 72 95 59 0 14
9 59 93 28 62 60 28 91 89 56 65 0 42
6 97 27 101 72 65 73 44 37 94 32 0 30
6 32 51 37 73 88 64 22 80 66 61 0 28
8 31 72 22 61 55 41 67 75 21 33 0 40
6 66 23 28 29 55 91 66 41 100 95 0 26
7 22 95 37 87 61 40 83 38 34 78 0 31
8 32 65 98 81 44 89 59 84 95 76 0 37
3 74 40 55 75 65 65 72 26 80 25 0 14
5 59 41 54 64 22 27 80 40 72 83 0 23
10 34 83 46 40 44 69 85 57 88 92 0 48
5 70 73 30 77 67 46 82 43 43 35 0 23
8 65 92 78 75 22 84 67 60 23 26 0 39
3 94 22 40 90 31 87 83 50 34 39 0 14
3 63 27 30 72 61 48 91 44 94 84 0 15
4 74 42 23 85 20 52 68 52 57 83 0 18
6 75 53 72 70 100 39 28 22 78 42 0 29
6 89 89 44 59 47 87 32 31 64 40 0 28
10 74 60 46 32 92 44 47 68 59 29 0 46
9 21 99 59 29 95 59 28 29 40 93 0 44
5 57 90 87 72 70 62 22 42 73 68 0 23
7 94 82 41 34 67 70 72 71 67 82 0 32
10 54 91 41 86 96 89 25 95 49 66 0 46
9 37 63 90 44 81 48 96 98 69 43 0 41
7 74 50 64 71 46 60 47 73 51 94 0 34
9 58 70 76 66 76 27 95 78 92 58 0 41
3 80 35 50 49 72 62 77 21 62 95 0 14
4 54 49 61 53 72 32 78 73 94 69 0 17
4 43 37 53 100 51 92 29 100 26 94 0 17
9 32 40 83 52 68 22 91 60 73 81 0 41
8 54 31 25 31 42 38 68 25 63 63 0 38
4 68 40 42 42 60 99 56 82 90 72 0 16
10 66 73 48 57 36 90 27 87 36 73 0 50
9 79 57 68 77 74 23 47 44 69 28 0 43
5 85 70 33 62 82 76 24 33 86 29 0 21
4 41 51 28 100 93 20 55 69 21 22 0 16
7 45 54 33 31 88 39 41 91 97 74 0 33
4 47 88 77 85 82 34 69 28 63 96 0 17
9 36 67 47 56 51 67 32 47 41 99 0 42
7 74 42 28 47 34 92 71 47 84 22 0 32
10 60 36 60 100 45 29 60 81 24 42 0 48
9 94 46 100 42 53 64 83 48 33 52 0 43
10 31 84 68 60 87 79 22 84 66 75 0 47
10 35 87 52 26 79 68 42 54 39 75 0 46
7 36 21 91 61 45 38 94 100 93 49 0 35
9 73 53 26 99 41 89 88 100 37 44 0 42
4 42 32 65 59 60 55 46 98 86 69 0 20
10 44 76 87 25 23 81 42 55 98 95 0 48
3 61 98 73 82 41 86 56 63 89 46 0 14
5 31 22 34 22 97 28 56 87 73 51 0 23
3 85 30 67 49 95 42 20 88 53 92 0 14
9 74 85 82 31 49 42 23 21 74 30 0 43
8 64 46 51 97 24 63 77 48 27 84 0 38
8 38 97 56 38 82 55 46 35 39 88 0 38
5 86 33 25 49 34 70 98 41 62 41 0 23
9 71 50 51 34 21 93 57 45 89 43 0 45
10 50 47 38 67 42 30 53 26 24 89 0 46
8 29 50 50 63 45 94 84 22 28 24 0 40
9 59 38 86 23 40 27 80 89 52 71 0 43
7 86 20 76 63 75 73 60 31 27 60 0 35
9 42 36 98 33 42 39 22 27 89 71 0 41
10 37 37 24 21 69 31 47 22 96 65 0 48
6 27 75 56 57 86 25 68 71 63 40 0 30
5 39 87 85 60 83 56 57 55 83 32 0 22
5 38 65 31 46 70 93 56 33 28 30 0 21
10 38 92 67 59 64 70 59 81 28 94 0 50
4 22 59 75 58 98 64 39 57 91 42 0 16
7 52 46 84 83 50 70 43 95 95 93 0 34
8 28 41 47 63 23 41 99 65 39 37 0 39
7 75 22 64 30 30 89 38 44 40 100 0 32
3 98 58 43 95 31 61 96 42 90 51 0 15
3 44 83 54 31 100 23 34 77 21 49 0 11
10 89 26 43 45 91 70 69 71 93 78 0 50
4 26 44 69 55 92 84 21 83 84 73 0 17
9 29 77 87 77 74 57 90 58 54 83 0 41
3 40 94 53 33 96 71 38 40 84 24 0 12
10 27 50 82 66 26 90 98 48 73 62 0 49
5 23 86 50 87 87 66 37 74 57 39 0 25
3 95 88 64 48 53 26 99 21 76 28 0 15
4 27 83 35 61 53 76 55 42 31 63 0 16
3 28 23 68 53 50 50 38 50 76 51 0 11
8 66 52 34 38 80 46 65 42 89 77 0 40
4 66 62 26 28 89 64 22 57 93 87 0 20
4 100 64 50 48 90 76 57 29 84 68 0 18
8 90 65 78 32 73 56 80 25 62 35 0 40
6 27 44 59 99 33 95 40 59 21 73 0 28
10 36 90 42 36 60 95 37 95 61 89 0 46
3 58 41 69 99 49 82 44 76 68 31 0 15
5 52 57 28 62 50 66 62 39 89 91 0 24
2 83 26 49 62 22 71 33 91 67 43 0 10
2 66 73 42 45 73 88 90 44 56 57 0 10
5 86 41 28 72 82 93 27 52 62 96 0 25
7 24 96 59 55 97 30 21 30 61 58 0 34
9 71 35 68 35 94 30 59 78 78 51 0 43
9 85 44 52 55 57 44 59 58 61 31 0 43
9 87 52 65 85 72 64 48 61 81 64 0 42
6 50 98 96 34 64 57 24 58 34 54 0 27
5 44 100 27 42 74 68 34 51 20 27 0 21
3 92 93 47 69 68 52 64 45 66 88 0 14
9 59 21 67 58 91 56 76 29 75 51 0 42
3 48 33 52 45 32 76 54 28 48 51 0 14
8 45 75 47 43 43 65 88 69 57 71 0 37
4 48 74 23 97 92 57 20 60 34 75 0 20
7 88 51 64 88 67 52 48 41 38 39 0 33
3 72 44 46 26 93 68 38 43 34 47 0 14
3 90 59 33 75 50 66 72 23 21 47 0 11
5 30 81 43 54 96 29 39 84 96 30 0 21
3 75 100 93 25 96 33 61 85 82 98 0 13
8 82 31 21 76 47 30 35 56 73 77 0 36
3 60 87 63 76 24 86 65 83 22 43 0 13
6 55 55 73 82 33 47 78 83 29 84 0 28
9 35 90 64 65 42 41 51 49 69 30 0 44
5 50 81 48 85 83 57 54 72 37 42 0 24
9 38 22 87 71 86 98 32 100 37 63 0 42
9 23 49 40 51 53 70 98 82 25 75 0 41
10 21 66 100 90 36 84 55 52 33 62 0 48
8 45 42 54 97 60 21 31 97 69 35 0 39
8 45 40 83 71 72 21 27 24 65 91 0 38
4 39 91 87 50 37 54 26 33 26 64 0 16
5 29 98 96 24 61 48 99 90 71 99 0 25
2 58 67 91 74 46 27 44 77 40 98 0 10
9 57 50 23 50 58 83 35 25 52 92 0 45
7 27 34 68 21 95 22 89 20 84 60 0 34
4 74 76 27 27 48 99 67 100 38 96 0 20
10 59 38 39 89 28 78 67 59 57 50 0 48
7 84 98 46 67 31 85 24 34 78 83 0 32
6 57 51 61 78 73 21 83 47 56 70 0 30
3 41 53 31 79 100 41 91 98 69 63 0 13
3 59 33 73 96 82 43 75 93 58 37 0 12
7 47 57 85 21 34 38 56 42 48 62 0 31
7 50 67 84 77 54 91 34 82 61 99 0 31
8 22 56 57 83 59 72 86 51 24 23 0 40
8 21 80 29 31 53 37 74 51 94 88 0 39
8 58 47 75 97 69 36 60 95 89 43 0 38
5 89 54 34 62 44 65 90 78 90 58 0 21
9 20 87 31 32 64 87 78 41 36 46 0 45
4 48 86 67 87 48 52 36 53 25 70 0 17
5 23 86 70 95 94 93 97 45 80 96 0 22
8 41 36 57 77 91 84 42 80 69 94 0 36
4 92 67 54 47 61 44 84 64 91 28 0 18
7 95 69 50 92 52 22 86 45 58 45 0 35
124 70 81 82 114 119 121 82 86 122
101 128 146 167 184 217 229 248 267 283
109 128 157 178 198 200 231 253 271 291
114 136 154 177 186 215 220 252 278 289
107 133 151 175 193 213 221 256 269 295
101 125 159 161 186 208 220 245 268 299
109 132 143 168 184 220 235 251 275 283
117 130 160 177 185 210 238 241 277 281
113 133 141 177 195 212 232 242 260 297
102 138 146 161 194 218 223 249 274 283
102 136 147 168 191 220 224 244 267 296
103 135 158 171 189 204 235 251 277 284
102 128 160 173 188 207 225 254 266 300
109 136 158 165 185 210 231 254 266 281
115 138 148 178 190 215 237 250 274 290
111 123 142 163 185 204 225 244 264 296
113 120 143 167 180 214 232 246 264 298
120 131 143 170 184 211 225 245 263 290
116 131 157 169 189 203 226 244 261 291
101 124 151 166 190 208 239 245 260 290
113 121 145 162 187 207 224 247 271 294
107 130 147 174 193 211 228 246 273 283
103 124 150 166 198 202 235 253 260 297
104 137 160 162 181 203 233 241 269 285
113 133 146 161 195 211 232 260 271 282
114 122 159 164 194 206 240 247 263 289
104 125 154 175 184 220 238 250 261 283
117 130 150 177 186 200 235 255 276 282
106 124 146 163 183 210 235 252 269 293
108 126 142 180 186 220 231 245 274 300
107 135 151 174 193 200 220 247 272 293
106 121 142 175 189 218 230 251 267 283
103 135 140 174 181 218 223 248 263 282
101 138 152 165 192 207 222 252 270 286
101 136 144 178 188 215 237 249 270 281
101 131 140 173 200 202 231 254 267 290
106 137 152 169 194 215 223 242 276 300
114 125 150 173 183 214 224 257 264 280
116 137 152 177 194 210 224 252 262 293
107 140 156 166 187 208 226 250 276 296
110 129 157 162 181 204 226 248 274 295
103 127 141 161 183 212 227 251 277 298
119 136 154 161 195 210 229 258 269 294
118 126 157 165 180 206 236 251 263 291
120 132 141 171 197 202 240 241 268 286
119 132 143 168 191 216 239 249 268 291
112 130 143 175 195 213 228 245 271 300
102 131 151 164 194 220 233 246 270 289
100 127 152 160 188 216 238 241 276 298
103 125 150 179 199 217 232 248 269 291
110 137 144 166 197 210 229 242 262 289
114 140 143 161 181 214 238 246 269 288
101 140 143 162 194 213 234 250 264 300
108 129 141 163 183 217 225 258 267 298
112 122 148 173 180 209 234 250 261 287
107 120 141 161 191 210 238 250 280 294
115 139 152 169 192 210 239 248 275 286
107 125 155 178 196 201 226 247 274 291
104 121 148 167 189 208 227 247 266 296
118 121 156 165 180 213 224 248 269 296
104 126 143 166 198 209 234 259 279 283
106 140 143 163 200 216 234 252 275 288
115 120 144 162 188 207 228 240 268 300
107 132 154 172 187 216 232 252 263 292
100 121 160 169 195 204 236 251 277 290
117 127 144 175 196 203 220 260 280 287
118 133 160 174 188 219 239 240 265 280
100 128 142 178 197 214 236 246 266 286
114 140 155 169 191 205 229 246 267 288
110 122 156 168 192 211 232 255 271 295
119 126 150 172 182 205 222 256 277 285
115 121 140 161 194 217 228 259 277 287
102 124 159 163 197 215 239 256 267 298
115 125 153 161 184 200 238 257 275 288
103 128 157 165 191 203 224 241 274 283
111 133 158 168 188 211 230 256 274 281
120 128 144 164 190 203 228 245 268 285
112 130 145 170 195 203 234 257 267 296
112 138 160 166 196 218 238 243 275 293
110 136 144 172 193 208 223 256 261 287
113 137 154 167 181 204 230 248 264 295
117 138 149 167 181 211 233 244 262 281
115 125 144 162 198 214 222 249 272 292
111 127 154 168 182 211 227 260 265 293
111 132 148 168 199 218 236 251 277 298
111 131 156 170 187 206 228 253 270 293
102 129 160 176 188 219 237 254 260 281
106 123 145 162 180 204 230 240 264 280
115 131 148 172 190 205 229 248 265 287
100 134 142 178 188 217 237 250 276 297
120 120 157 168 182 205 220 260 268 292
102 133 147 173 198 215 226 252 260 300
100 125 155 165 182 211 225 248 264 286
101 121 149 175 190 208 240 260 269 282
104 127 145 172 194 206 225 250 268 285
101 124 144 175 180 208 229 249 261 299
115 136 155 163 196 217 238 245 265 293
104 139 152 178 187 219 225 256 272 295
101 121 147 163 197 200 239 249 266 284
120 132 143 174 194 217 239 252 265 291
103 138 144 162 197 210 232 248 263 281
120 128 143 180 188 209 225 247 275 297
100 137 148 164 180 210 235 240 277 293
103 126 153 169 188 214 229 244 279 292
118 140 140 174 186 207 221 256 269 293
112 139 142 160 189 202 230 250 265 283
118 120 149 174 199 218 228 258 273 298
109 123 150 163 183 207 237 253 267 281
113 137 158 160 194 202 228 254 265 291
116 130 142 161 180 200 230 245 267 281
101 139 142 172 199 203 224 249 262 296
118 122 155 165 180 209 234 259 266 283
118 124 159 174 185 217 231 245 269 291
107 134 160 171 181 207 237 240 268 287
110 125 145 180 180 204 233 252 268 293
107 123 153 171 182 211 232 246 278 284
103 128 154 169 186 203 231 246 266 293
111 133 156 169 183 217 240 253 276 293
116 128 155 169 193 215 240 240 272 299
116 133 146 169 198 205 232 252 267 290
117 140 151 177 195 212 238 252 263 297
103 122 160 175 190 202 236 260 267 288
119 123 154 166 200 211 226 254 265 295
104 124 144 160 191 205 220 257 278 287
115 130 148 160 197 211 230 258 260 299
108 122 140 161 180 201 240 258 270 292
116 127 155 168 196 212 238 254 280 296
119 123 144 179 197 205 230 241 273 286
114 128 153 175 182 202 226 246 265 298
115 136 141 179 194 213 235 256 276 292
114 139 155 171 197 214 237 254 265 293
104 138 151 178 186 206 234 242 272 299
110 131 145 162 200 212 231 247 267 298
113 140 141 178 197 204 226 256 275 293
115 120 156 163 184 216 233 245 278 298
101 127 149 172 198 207 220 247 262 288
115 129 140 167 186 217 224 248 273 285
117 135 140 175 184 209 232 240 268 285
110 127 154 160 185 217 229 248 279 286
115 139 141 177 188 214 225 260 263 295
100 131 159 179 184 211 239 242 260 290
105 132 144 160 189 206 222 257 262 288
109 131 140 170 195 200 237 258 270 298
118 137 145 160 197 214 223 242 260 294
114 123 149 165 195 210 222 258 265 300
117 125 160 164 198 203 220 257 264 295
119 137 146 170 183 219 228 251 264 295
101 126 153 172 186 215 222 247 280 285
107 120 148 162 200 212 230 241 270 290
101 128 156 168 182 202 225 242 279 283
113 123 140 165 196 218 228 240 275 296
101 127 142 178 181 218 220 246 270 283
112 134 147 161 188 220 228 254 263 291
100 133 160 163 188 206 229 241 272 294
105 136 141 170 189 206 237 252 280 281
105 126 158 168 196 204 230 257 261 281
119 122 159 166 191 204 224 257 270 283
117 126 157 173 186 208 230 243 273 286
108 123 153 166 192 210 222 245 268 299
111 135 158 161 195 213 239 257 275 296
100 133 153 178 196 213 225 246 262 287
111 135 148 161 180 205 225 242 280 287
102 136 142 161 181 211 237 240 274 294
113 129 140 161 188 212 236 243 279 293
104 124 152 179 187 208 237 256 262 299
108 122 144 171 196 219 234 247 276 287
119 130 146 175 197 218 232 254 260 290
104 120 158 160 185 210 227 246 275 293
117 136 159 175 188 200 222 258 265 280
103 130 141 167 190 218 239 246 273 284
108 125 159 175 200 206 237 249 265 283
118 127 142 176 193 217 225 245 267 300
117 132 141 178 183 213 238 241 262 280
117 136 160 179 188 210 227 249 268 293
117 140 142 174 196 211 230 258 266 289
116 129 147 168 196 202 220 257 270 296
105 136 154 164 194 206 229 255 264 296
119 140 155 160 192 211 220 259 273 286
114 133 144 163 199 209 221 241 272 286
107 132 149 162 200 219 224 257 274 281
106 124 158 169 199 206 232 243 275 289
102 121 159 170 197 203 226 251 277 297
102 130 149 167 183 210 220 256 278 295
112 140 155 165 199 205 225 244 275 282
104 122 140 178 188 219 228 260 272 288
113 140 151 161 193 208 228 259 264 280
118 136 153 160 197 206 227 244 276 286
104 121 150 168 182 216 221 260 273 287
115 128 155 177 189 204 221 254 270 284
101 120 158 172 183 216 233 252 271 282
115 138 142 164 190 211 231 246 268 291
116 137 154 165 186 201 233 257 262 294
111 131 151 177 192 217 223 244 262 290
115 120 160 171 187 212 235 260 280 292
101 122 156 164 195 207 233 242 273 281
120 126 146 172 197 209 234 240 276 289
100 135 152 173 198 205 230 246 278 285
113 128 144 178 195 215 234 254 279 291
100 135 154 180 183 206 230 248 280 289
104 128 156 163 181 211 226 240 263 288
119 139 158 162 194 216 233 252 268 287
104 131 140 178 190 213 240 250 267 297
120 127 143 160 180 203 229 248 277 289
108 122 151 160 200 205 221 251 267 291
101 120 156 178 181 202 227 248 260 282
120 135 158 172 191 213 226 259 271 293
116 121 160 179 199 202 233 259 273 281
114 130 155 173 189 203 231 253 277 300
120 126 150 177 191 219 237 240 273 292
109 134 142 174 188 214 220 241 268 289
108 139 152 160 180 220 232 254 264 296
106 129 150 165 191 203 225 252 262 281
119 127 140 170 180 207 227 242 264 298
103 130 157 172 181 207 221 249 260 296
100 134 156 177 193 200 239 260 264 288
112 131 155 170 182 219 235 246 277 285
105 123 156 166 197 214 235 257 272 298
102 137 150 177 194 217 234 258 266 286
111 129 146 172 180 219 238 252 267 291
108 124 142 161 183 212 239 255 266 300
104 125 140 169 181 218 240 248 270 284
112 125 155 170 181 212 221 253 265 300
104 135 140 176 185 205 220 244 279 287
104 129 156 176 190 209 226 257 272 294
105 132 153 170 198 202 236 255 262 285
107 124 156 164 180 204 230 246 273 294
100 134 157 177 193 202 230 241 262 299
104 126 145 176 185 220 238 243 277 297
110 133 153 167 196 212 229 244 273 299
110 124 149 161 195 211 238 255 275 293
114 125 157 173 190 200 234 250 265 297
115 129 153 180 182 204 234 245 277 299
115 135 149 169 188 218 229 257 262 299
118 136 159 176 187 201 240 253 273 297
105 130 140 163 183 220 230 251 264 283
109 128 156 178 180 207 236 256 268 294
105 129 141 177 182 219 227 250 268 288
102 135 153 167 200 219 234 249 277 295
116 135 144 163 197 214 227 242 268 295
100 122 151 171 195 215 236 255 266 299
120 122 157 180 196 202 222 251 269 293
119 124 158 179 183 220 224 240 262 281
112 127 151 164 198 201 231 257 264 292
112 128 155 179 180 216 225 257 264 287
105 134 160 169 195 201 228 244 271 288
103 139 143 176 196 213 235 257 280 293
116 124 158 160 186 203 235 250 266 296
103 135 147 164 198 208 220 245 278 299
117 131 160 167 193 213 238 241 265 280
119 128 146 171 197 200 239 252 261 282
111 134 144 179 197 214 238 256 277 289
106 132 160 178 185 214 234 247 270 294
102 134 159 169 198 208 238 246 274 289
103 138 150 171 182 218 228 256 264 280
109 127 145 166 193 204 220 249 275 291
109 133 153 166 190 203 226 248 271 299
105 124 158 178 194 211 236 257 263 297
111 132 156 168 183 216 223 249 267 293
119 135 142 168 195 203 232 252 276 297
105 123 148 176 197 220 237 245 271 289
120 129 142 180 192 220 237 240 261 281
114 131 144 168 180 212 233 258 266 299
103 125 159 174 190 217 230 254 262 280
114 130 147 169 183 213 231 251 273 293
102 125 153 170 200 212 231 249 260 280
106 134 152 162 181 201 228 257 261 296
112 120 146 162 183 212 230 254 274 291
115 139 148 178 195 206 237 256 260 300
106 129 140 179 195 207 230 257 278 292
113 140 160 170 190 214 221 241 261 280
116 122 140 174 185 209 237 254 264 299
120 134 142 174 198 206 231 257 264 291
106 124 140 165 187 202 225 242 280 288
100 129 159 164 195 216 233 241 262 287
118 135 150 164 198 204 237 240 280 280
103 137 149 173 186 212 235 244 264 299
117 133 152 170 198 207 224 257 265 295
110 124 144 165 195 202 237 254 262 292
103 131 155 170 199 200 230 255 262 297
105 139 158 161 180 208 221 248 264 283
102 138 151 178 193 204 239 241 277 285
103 131 159 164 195 209 228 241 277 280
110 136 150 177 197 201 221 257 272 293
117 126 152 171 186 213 220 248 277 295
112 134 156 180 186 209 227 257 261 296
110 131 142 168 199 205 227 240 270 282
114 127 154 177 186 206 229 244 275 280
104 126 158 173 187 210 232 250 273 285
107 135 153 168 186 206 233 241 274 281
115 134 152 171 182 210 234 243 260 294
107 126 152 170 196 202 220 259 272 291
116 135 152 165 182 210 235 260 265 289
118 130 144 164 186 201 238 252 261 281
104 124 140 178 184 202 228 251 271 294
111 120 154 171 190 205 225 240 273 285
108 138 140 164 187 218 225 245 279 292
118 134 152 174 194 215 228 248 269 280
109 129 140 165 182 210 239 241 278 280
109 138 150 176 188 202 223 259 260 292
103 133 158 178 183 211 228 249 272 289
101 124 150 169 188 206 238 258 266 287
111 137 145 171 185 213 236 241 263 287
104 130 154 175 200 208 224 241 266 281
116 134 150 172 198 207 234 260 273 285
114 134 153 161 193 205 234 240 266 298
118 124 140 167 187 213 238 247 272 282
113 130 152 164 192 220 239 251 277 292
119 136 154 160 196 214 240 252 261 291
112 136 144 172 196 211 223 256 263 280
104 131 152 164 185 207 237 246 266 288
113 138 157 180 198 211 231 250 275 294
107 136 147 164 199 211 220 248 269 294
116 132 150 172 191 220 232 249 274 296
112 134 160 167 188 209 224 242 277 297
113 135 159 168 199 211 236 249 263 280
112 126 142 174 181 205 228 260 276 288
108 132 140 164 190 207 230 240 272 294
108 129 147 171 184 216 229 252 274 285
118 121 159 163 181 207 227 240 274 291
107 120 147 172 195 218 238 250 260 297
107 124 153 174 191 211 240 255 279 283
105 139 150 176 192 206 232 240 270 289
110 129 153 163 186 217 225 255 270 282
117 139 153 163 181 203 230 255 265 299
104 131 156 172 186 217 220 258 269 286
109 123 158 178 197 216 221 252 266 288
118 137 144 176 182 210 222 259 275 287
109 134 148 161 197 208 234 258 275 296
107 122 143 166 191 211 233 244 260 295
119 131 153 171 191 213 223 255 268 291
118 129 144 169 198 203 239 254 273 293
111 129 143 169 190 201 236 260 269 280
104 133 150 167 199 206 234 256 260 297
119 128 143 178 200 200 226 243 280 297
105 125 144 175 196 207 226 254 271 299
114 139 144 166 190 220 227 254 273 291
111 135 140 172 184 202 234 247 272 282
112 139 153 171 198 201 224 243 276 284
104 137 153 174 199 209 237 242 262 299
103 136 151 166 197 218 238 240 278 285
113 137 155 170 186 207 222 245 264 288
120 129 142 170 196 200 230 249 261 290
118 135 151 170 193 207 233 243 267 290
112 133 158 167 194 218 222 257 269 283
118 128 160 160 186 216 225 244 277 298
110 127 159 173 189 210 229 257 265 284
114 133 152 177 188 214 239 258 271 284
104 132 144 177 180 205 236 254 277 290
109 123 154 175 185 206 224 259 265 286
116 138 155 165 197 214 236 252 261 292
118 122 150 166 183 216 234 257 277 299
108 128 140 175 189 204 232 258 267 282
117 140 153 167 198 207 221 251 270 299
100 136 160 169 197 200 229 240 261 298
115 136 158 160 197 208 240 258 275 299
114 120 155 178 192 211 240 244 277 298
108 134 150 168 182 212 224 259 273 291
106 126 152 178 193 217 232 248 263 298
120 131 147 160 183 219 240 247 267 283
114 136 148 171 180 217 226 249 264 287
105 124 141 179 200 203 228 260 266 294
105 134 144 173 186 215 228 252 274 300
112 138 149 163 183 205 235 251 278 285
119 124 144 169 196 205 236 249 268 289
116 125 141 166 181 203 239 251 262 290
105 122 159 180 185 206 226 241 261 300
111 130 143 176 189 208 220 250 269 284
113 128 151 170 192 208 234 248 267 293
118 136 149 174 189 203 229 241 263 285
114 122 144 180 184 212 224 252 280 286
119 140 143 179 181 205 229 257 263 295
107 138 150 164 190 209 240 248 260 287
112 137 157 160 188 208 239 241 278 288
100 139 142 168 180 215 232 249 263 299
101 125 159 176 181 216 230 248 270 289
109 130 158 179 193 209 221 259 280 299
109 138 144 170 180 207 230 248 266 295
118 127 154 177 184 213 227 251 274 298
106 129 157 165 196 209 225 243 273 282
115 123 154 173 188 210 220 258 279 296
109 132 155 167 188 220 234 254 268 283
106 123 158 179 189 209 224 256 279 284
105 136 142 168 197 201 238 259 263 297
101 134 142 171 182 216 220 245 277 281
112 135 143 161 189 204 220 242 273 292
117 121 155 161 197 215 235 243 272 295
120 138 147 180 183 212 228 255 275 283
115 129 146 176 200 217 222 243 265 286
111 125 143 163 187 209 224 240 278 288
114 122 159 169 188 211 234 244 273 285
119 132 159 178 181 209 230 249 271 285
114 133 144 173 197 200 237 260 269 284
102 125 147 160 191 217 223 251 275 283
104 135 145 168 199 205 223 256 274 297
100 129 157 174 184 202 226 248 280 287
100 128 151 163 191 219 238 253 272 284
115 122 156 180 196 211 239 254 268 291
111 130 140 162 196 217 230 244 264 281
102 134 149 160 199 212 229 240 280 283
112 127 155 173 187 208 220 253 269 282
104 128 150 173 182 216 230 257 271 290
106 125 149 177 190 218 223 255 275 287
110 132 148 170 185 200 236 255 269 294
117 140 144 173 196 213 221 260 272 292
116 138 154 163 195 217 236 245 261 296
104 120 140 177 190 215 237 246 280 285
114 126 156 170 197 209 224 250 261 297
112 139 146 165 197 210 228 251 260 281
113 126 146 160 194 208 235 244 280 282
106 139 158 178 198 209 234 259 266 296
113 124 150 172 186 208 226 245 264 300
111 135 143 176 183 212 227 248 275 282
116 132 150 165 192 219 225 241 265 281
105 130 154 171 183 217 229 240 272 297
112 137 151 171 187 214 230 241 278 289
103 123 159 168 195 213 228 247 273 282
103 122 140 178 180 202 227 247 270 299
110 140 155 180 196 218 230 254 270 299
105 123 144 166 182 216 238 257 263 296
105 135 143 163 185 207 239 241 271 296
108 122 156 171 186 212 229 252 262 300
110 132 159 177 196 213 228 260 277 295
120 130 153 169 184 220 230 260 274 284
105 128 145 179 197 200 230 245 267 296
108 137 158 175 192 212 227 247 263 298
105 140 156 161 188 214 227 244 280 288
107 122 146 162 189 201 233 247 275 290
110 134 151 172 198 215 240 259 271 297
116 127 151 177 191 200 239 259 278 288
118 133 160 170 184 215 238 257 262 285
108 124 155 180 199 208 225 255 273 296
113 127 151 165 190 212 220 252 275 282
108 140 146 165 186 205 226 250 266 291
115 122 140 164 190 211 226 244 267 299
114 133 159 180 190 219 238 247 277 283
115 133 145 165 183 204 228 248 264 294
117 125 154 172 196 220 234 253 274 294
118 139 141 169 184 216 225 258 275 281
116 124 145 169 197 203 224 254 273 287
120 135 157 180 196 217 229 258 274 282
108 135 157 168 197 202 232 257 267 295
120 126 158 169 194 205 238 247 270 293
107 136 150 177 198 218 237 244 273 296
116 133 154 165 193 213 223 260 275 291
117 123 142 179 200 208 230 258 262 297
102 138 145 173 183 206 239 246 275 289
104 124 157 163 195 202 236 248 270 286
119 120 157 176 199 205 220 247 280 298
111 133 148 166 190 204 221 260 264 293
112 138 150 160 194 201 240 254 264 295
118 120 150 160 200 214 231 260 267 291
104 132 146 175 185 218 232 258 271 281
111 133 153 175 195 203 230 250 275 280
117 124 147 165 189 218 237 259 269 287
110 133 142 162 180 209 238 248 268 288
108 138 148 178 186 220 221 252 268 284
114 136 144 160 193 203 232 253 262 290
104 131 159 170 200 212 230 240 272 283
103 139 155 175 188 219 240 250 277 295
106 127 158 164 184 214 231 257 269 284
115 129 153 160 180 209 236 245 276 281
106 132 142 175 184 204 234 244 263 286
110 125 142 179 198 210 234 245 271 287
110 124 153 175 186 216 232 259 279 294
103 128 148 163 180 212 236 242 278 287
116 128 160 179 185 214 228 246 260 285
105 134 148 164 193 214 235 256 278 281
116 139 152 167 199 200 231 244 262 287
116 120 150 176 182 212 228 256 279 291
117 126 158 175 193 205 220 246 280 285
102 130 141 170 182 205 229 243 271 297
112 124 153 172 198 204 238 248 271 299
108 134 152 176 180 206 237 256 273 290
106 140 155 163 190 201 221 241 265 280
111 135 159 165 194 201 234 256 271 281
114 133 150 165 200 200 220 244 263 282
108 140 148 179 187 220 240 241 264 287
120 120 153 161 184 205 239 256 274 283
119 140 160 164 193 204 230 260 277 280
117 140 146 180 191 217 226 258 273 292
105 124 153 176 187 208 229 253 269 294
107 121 140 172 197 219 223 253 280 296
119 137 153 179 186 211 235 242 279 297
103 120 156 178 194 216 240 257 279 293
108 128 148 179 180 212 221 245 273 290
108 121 140 161 182 200 233 257 274 295
120 139 159 176 192 204 229 244 262 300
118 131 141 180 184 210 224 241 264 297
110 124 152 176 186 206 222 240 263 282
106 130 142 164 181 212 229 244 270 291
113 136 151 160 182 212 229 259 277 284
115 133 149 174 193 205 223 250 276 282
111 137 160 165 191 206 240 241 263 285
111 134 156 167 200 201 237 240 280 283
120 121 157 162 196 206 240 240 268 296
116 123 145 162 188 219 236 253 268 291
101 128 160 160 187 218 224 255 277 299
118 121 157 178 192 218 226 249 262 300
117 120 149 168 191 212 232 252 268 282
105 123 157 173 193 200 220 260 277 282
103 127 147 172 197 214 237 260 277 300
100 137 142 169 185 219 239 255 267 300
120 137 149 174 199 205 227 255 263 280
113 133 146 177 182 211 234 252 277 285
116 138 154 179 184 211 239 257 275 288
104 136 147 174 182 202 225 250 274 280
119 139 153 175 197 210 223 257 269 281
109 135 151 170 192 205 238 241 280 285
107 123 154 163 191 210 220 254 277 281
114 131 142 177 189 220 221 251 264 281
106 125 144 176 180 214 229 244 269 285
113 134 157 175 194 212 225 244 270 295
117 125 159 163 185 212 230 248 261 285
108 129 147 170 180 212 235 256 268 281
120 135 156 176 197 200 228 240 274 288
102 135 155 161 180 210 220 244 264 295
114 122 152 167 194 215 223 260 278 298
105 133 142 166 182 211 229 244 275 293
113 122 149 176 190 216 230 248 260 289
114 125 151 165 180 208 221 249 263 298
118 129 151 171 196 217 221 251 263 287
108 122 154 163 187 214 223 248 278 293
107 133 156 177 192 206 238 250 264 292
101 128 159 171 193 217 236 253 272 288
103 126 153 173 200 217 234 254 272 280
102 138 159 162 194 214 226 254 274 280
116 136 145 167 192 208 232 243 264 300
118 136 145 162 182 202 237 250 279 289
107 132 154 167 188 219 228 240 265 282
119 139 148 161 190 204 223 251 269 291
109 134 141 177 199 204 237 247 261 285
115 140 157 176 184 208 228 257 265 281
112 123 152 171 190 210 232 244 274 298
118 129 146 178 189 207 221 250 270 289
104 136 150 174 187 203 240 258 262 297
108 126 144 177 194 210 229 257 271 298
119 128 151 165 183 201 239 246 264 281
109 138 159 173 200 216 235 240 274 291
103 127 144 170 195 200 234 259 275 292
105 126 150 178 195 208 226 255 262 289
114 136 159 178 184 209 239 258 275 289
112 123 155 175 194 217 240 243 268 290
108 130 154 163 200 217 232 247 262 289
113 136 159 180 198 200 231 258 267 286
106 128 146 162 196 210 229 250 279 288
110 129 144 173 183 207 221 250 267 287
104 134 146 173 180 216 228 247 271 282
106 122 146 175 195 216 236 241 279 285
120 132 152 160 195 205 234 255 263 281
109 131 146 161 195 218 220 260 274 289
113 128 159 166 185 217 236 250 270 281
105 122 142 169 194 220 230 246 261 296
111 132 159 163 186 207 234 255 275 295
111 137 159 165 190 207 238 249 267 286
116 132 141 172 182 209 236 242 267 294
116 121 155 171 199 201 234 260 276 294
107 130 142 166 189 217 224 255 267 289
106 123 143 178 192 203 234 245 277 281
109 135 158 161 185 213 240 245 264 291
113 122 160 165 185 218 238 245 276 284
116 135 147 179 198 217 221 258 266 289
108 130 159 173 196 219 224 241 269 287
102 123 147 174 184 215 221 245 261 294
109 128 141 162 198 208 221 248 280 293
114 139 145 177 194 201 232 244 275 287
107 125 142 172 188 206 226 259 278 300
101 125 159 170 194 211 240 254 278 287
104 124 150 172 183 215 225 255 271 300
119 135 157 177 193 211 234 257 278 291
118 120 151 171 193 218 229 256 276 289
117 140 160 161 198 217 220 255 271 284
120 140 142 163 192 203 236 251 263 291
100 134 147 172 191 210 225 255 263 280
111 131 148 164 199 203 221 257 270 288
106 137 141 175 190 213 233 245 271 280
111 120 141 171 195 210 230 248 260 290
108 128 151 176 192 216 229 257 275 300
102 120 159 177 180 207 239 257 276 288
105 127 152 175 180 206 236 243 262 300
119 123 156 180 181 219 240 241 263 292
119 138 143 179 190 220 228 259 274 287
112 137 148 165 200 219 240 245 265 300
104 133 148 169 194 220 237 241 266 283
106 126 140 166 181 203 233 243 272 290
119 131 150 165 193 210 238 250 274 289
106 137 156 179 189 208 233 256 261 295
104 132 157 163 187 213 233 245 280 297
109 128 146 173 187 214 226 242 272 295
115 134 147 170 195 202 240 242 262 286
104 128 152 160 187 214 233 255 278 289
102 140 146 168 196 209 224 257 274 296
115 128 155 160 190 202 231 243 278 293
112 132 141 176 193 217 226 255 269 294
102 127 154 174 196 216 234 259 277 294
112 140 158 173 185 214 220 258 264 293
108 132 142 163 200 207 233 247 269 292
111 131 148 173 183 202 224 244 267 286
112 126 151 165 192 215 228 253 279 285
105 128 151 163 197 220 221 256 263 280
106 128 143 177 200 210 227 240 268 286
118 123 145 170 185 220 224 249 278 287
120 132 150 165 182 206 237 256 273 289
109 137 150 173 192 213 230 251 278 285
120 134 145 172 184 205 231 255 277 285
105 128 153 177 194 220 234 253 270 289
109 133 143 168 187 213 224 244 278 284
113 131 149 161 194 203 240 244 280 281
118 137 159 171 187 213 225 246 262 296
100 140 149 161 200 206 223 244 266 298
114 133 148 162 185 200 222 250 279 287
114 134 143 177 191 209 224 253 278 293
104 123 146 160 189 211 221 256 280 290
118 138 159 177 200 220 236 250 275 287
104 121 152 179 185 201 236 249 271 295
104 137 143 180 196 207 231 250 276 286
118 122 146 176 188 217 236 242 264 294
107 140 151 162 197 201 223 254 264 299
109 140 146 164 181 217 221 242 278 297
106 123 146 179 199 201 223 260 262 296
104 121 143 171 192 216 239 257 276 290
116 124 144 176 186 203 240 245 269 289
110 134 143 167 193 206 229 257 268 281
104 126 154 176 182 204 227 254 275 284
112 137 153 172 182 208 221 252 278 282
120 136 145 180 188 213 230 253 268 283
100 136 144 164 188 202 230 251 263 295
114 138 143 163 193 220 222 246 260 297
120 131 157 172 188 209 236 240 260 288
108 127 146 160 185 204 230 242 273 291
113 137 141 172 190 203 225 259 270 296
113 130 154 176 189 207 225 251 279 293
119 131 144 162 196 206 232 250 273 288
114 136 140 178 188 215 227 249 278 294
115 139 148 161 195 210 238 245 280 300
116 136 156 171 199 214 239 256 268 282
115 123 140 180 190 209 231 253 265 290
113 125 145 163 199 216 232 245 273 296
116 124 146 179 186 200 237 241 262 290
120 132 148 165 193 218 225 243 260 288
108 120 156 167 196 212 239 254 263 289
106 124 150 169 183 216 223 242 271 289
100 138 144 164 186 208 224 254 280 296
119 138 153 174 181 203 235 259 271 291
109 140 159 161 192 209 233 256 276 287
117 137 158 177 195 201 226 257 264 287
117 136 145 178 192 203 224 250 261 291
113 125 156 166 185 217 230 252 267 281
108 129 143 167 182 219 226 240 266 300
100 134 159 160 183 220 223 248 275 282
120 139 147 178 186 212 240 245 270 280
102 130 154 161 196 211 235 257 268 295
104 130 158 166 198 212 234 244 265 282
105 137 150 165 187 201 233 256 264 295
106 120 141 173 198 200 222 257 268 296
116 131 160 162 183 206 231 248 263 288
101 122 158 178 195 203 233 248 267 295
120 132 148 174 184 203 235 255 261 288
115 135 140 167 183 200 236 254 274 284
100 133 142 176 185 208 236 246 266 297
118 122 159 174 191 218 238 251 260 281
112 135 142 175 190 200 225 255 271 299
117 138 140 173 191 208 223 253 276 295
102 126 142 178 189 218 227 256 262 289
113 130 147 175 181 203 227 256 273 290
113 123 147 177 181 207 221 248 279 281
102 140 157 164 185 207 220 260 271 291
112 130 149 176 194 213 233 258 272 281
114 134 140 161 190 204 235 249 270 288
101 133 142 167 185 209 222 259 263 286
120 132 145 176 185 216 227 258 261 292
105 135 140 172 187 207 236 258 267 297
117 120 160 169 186 202 226 244 268 280
114 132 144 179 183 200 239 256 273 296
120 127 141 173 188 217 227 260 272 287
120 130 158 169 186 215 225 251 264 287
120 129 148 174 182 219 223 245 277 300
120 128 151 169 194 219 238 249 269 283
111 130 140 176 181 207 221 255 269 295
118 129 152 171 197 206 240 247 279 297
101 130 144 167 193 211 233 240 271 283
113 137 152 165 187 210 220 256 267 292
109 137 142 164 199 209 230 254 267 290
120 133 153 175 196 211 224 245 273 292
116 136 155 174 193 203 220 244 276 288
105 130 150 171 191 220 230 243 262 288
100 120 144 173 190 208 227 256 272 281
119 136 141 169 194 200 235 254 270 294
115 131 157 165 200 213 226 251 275 289
103 135 146 167 195 210 235 246 275 298
119 128 148 169 187 207 234 256 270 295
102 134 154 177 198 208 231 260 277 286
107 136 150 165 180 208 235 249 272 284
104 139 143 180 180 218 237 257 269 285
103 135 142 168 182 215 236 260 267 292
119 125 157 168 187 203 225 247 272 283
120 133 150 171 200 200 230 257 273 288
112 126 156 163 187 211 224 245 267 285
110 124 156 177 192 204 232 247 277 290
118 121 158 178 186 220 233 243 261 285
103 139 146 171 200 209 237 248 275 281
102 120 143 171 185 212 237 257 268 281
120 140 153 177 200 219 222 247 280 289
117 135 160 165 192 209 221 257 276 280
108 126 158 177 199 205 230 250 278 295
106 136 158 167 183 215 235 240 275 292
100 126 150 165 188 215 227 248 265 283
114 135 159 161 189 216 228 241 268 292
120 140 143 170 185 208 236 253 276 287
115 133 143 178 185 206 231 250 271 283
120 123 154 179 193 212 223 245 278 281
113 138 149 177 192 216 229 241 270 293
108 140 143 163 188 218 226 242 266 295
107 128 152 161 180 210 230 260 279 296
106 125 157 171 181 208 232 251 279 297
107 130 143 170 182 204 229 248 274 300
100 134 155 170 195 214 232 245 270 296
105 131 151 161 193 204 240 253 268 285
113 132 150 178 198 205 237 257 260 297
109 125 158 160 198 208 224 256 280 281
119 126 141 162 195 203 236 254 275 293
117 129 140 168 187 214 231 251 273 283
117 132 143 160 196 215 220 256 268 287
103 138 154 175 194 202 221 254 276 289
117 122 148 165 200 217 229 249 265 298
109 131 158 175 186 204 232 242 264 283
116 132 143 179 190 216 228 257 268 281
107 138 160 175 181 208 221 249 263 294
105 129 143 168 187 200 237 247 269 283
104 135 158 165 182 220 221 260 269 282
102 133 143 169 200 212 223 254 272 281
115 139 155 179 197 213 236 249 280 290
120 130 150 179 184 212 225 254 276 295
113 135 146 180 187 204 239 250 261 288
100 125 143 160 192 201 220 253 272 296
111 130 143 163 197 211 239 258 264 280
114 130 160 169 196 217 220 258 279 294
107 131 143 180 195 220 237 247 274 294
111 132 143 169 186 211 228 252 267 299
110 130 159 177 195 205 231 244 273 297
117 121 146 180 187 217 227 241 271 298
111 136 145 162 181 219 226 244 272 281
105 140 142 160 189 204 231 259 262 288
113 135 148 176 187 211 229 242 280 288
115 124 140 179 182 211 235 244 265 297
102 138 156 174 186 211 226 245 263 282
108 128 155 168 200 216 224 256 260 294
120 126 151 179 193 206 239 256 277 290
113 126 153 178 193 209 237 255 268 290
106 133 157 171 197 220 232 241 272 300
102 128 155 165 191 208 234 255 280 284
105 126 148 172 182 203 227 252 275 294
119 140 156 171 187 202 237 251 272 291
115 128 155 168 186 215 228 242 269 296
120 121 155 160 185 210 236 259 266 294
109 140 148 175 195 215 240 246 265 298
111 140 158 168 198 200 236 246 270 287
105 121 144 171 180 209 224 242 272 290
112 127 156 160 184 211 232 260 271 292
101 120 148 164 196 211 228 246 270 297
119 136 146 163 196 200 232 241 280 285
100 138 146 163 180 208 226 242 262 299
102 138 158 170 183 215 228 240 266 289
119 131 157 166 180 215 239 241 266 299
105 129 141 160 195 214 226 247 277 281
115 136 144 170 198 217 223 240 260 298
116 124 141 160 198 208 235 254 272 297
100 125 148 160 181 209 232 243 260 293
104 120 154 171 191 213 228 246 262 282
114 132 157 167 185 218 231 255 276 298
116 130 152 179 185 205 229 250 275 283
107 136 143 161 197 204 228 260 277 300
107 129 140 161 192 219 221 247 265 291
105 139 151 176 182 216 224 249 270 281
111 128 158 171 185 212 229 253 262 280
112 124 141 171 187 214 222 260 280 289
118 139 147 179 193 220 228 245 260 292
102 139 148 164 182 210 236 252 262 293
102 130 157 176 180 212 230 242 279 283
116 125 153 176 199 216 235 255 272 297
103 130 150 169 194 218 226 245 262 296
117 132 150 177 193 211 220 259 279 288
115 131 160 168 200 211 228 249 265 284
104 122 157 160 198 211 236 255 262 286
108 124 155 160 196 211 234 243 270 298
100 122 151 172 184 205 225 256 262 282
108 133 140 175 180 206 223 245 270 291
103 135 143 180 200 214 227 259 270 288
106 121 141 163 193 215 228 243 262 294
111 120 141 160 192 216 227 249 264 286
112 123 152 178 198 201 222 243 279 299
119 126 150 173 199 214 235 242 271 281
106 130 157 167 193 207 227 244 276 296
108 134 142 168 186 208 237 248 277 280
113 124 153 176 185 217 227 251 266 294
116 128 140 176 191 211 227 258 277 286
100 130 141 161 196 217 236 255 270 282
119 124 150 165 190 210 226 248 277 290
107 131 150 164 187 215 224 248 260 289
106 123 143 168 180 202 227 258 278 284
112 122 157 180 186 212 231 248 267 296
110 122 157 173 192 205 220 258 262 293
116 128 156 165 180 213 236 254 280 282
110 136 160 162 180 214 237 244 270 296
116 129 156 174 183 217 226 248 279 286
118 133 153 162 184 219 220 256 266 289
118 135 159 164 188 211 235 257 262 289
117 140 146 172 180 209 232 243 262 280
116 132 142 166 190 200 239 242 264 283
109 121 156 166 190 219 240 259 280 292
111 136 153 163 192 217 220 259 272 282
110 140 159 173 182 211 234 259 269 298
101 138 148 164 184 210 238 242 267 282
110 123 160 163 186 214 223 257 279 300
105 131 141 168 182 212 237 241 273 292
104 124 159 174 193 205 235 242 262 281
111 133 148 164 186 204 231 240 261 283
117 133 140 178 189 209 235 248 261 291
107 126 158 172 187 211 227 252 272 298
115 131 142 166 184 207 235 254 270 287
101 140 143 166 199 212 238 256 267 299
114 137 145 178 193 213 232 253 280 293
120 126 149 160 182 220 226 252 278 289
114 132 144 166 199 204 238 251 266 282
101 126 148 161 195 214 236 248 260 300
110 138 142 172 187 205 225 258 273 284
104 122 159 176 198 202 223 240 266 282
101 126 149 176 199 204 227 253 271 296
108 126 144 160 181 214 239 247 280 299
113 126 143 175 183 215 223 250 277 294
112 136 152 164 195 205 230 260 267 292
100 127 160 179 187 214 236 241 267 286
108 138 152 177 185 218 233 249 272 289
107 128 152 173 199 202 222 243 265 295
109 136 151 163 199 210 226 254 275 296
108 125 145 179 186 201 220 260 271 286
100 126 149 180 196 212 233 257 266 294
113 130 145 160 189 212 231 249 267 282
104 134 154 175 197 201 231 260 278 287
104 134 150 175 182 204 238 258 276 291
104 140 140 175 198 220 224 253 271 300
101 123 140 179 199 213 238 245 280 292
118 128 149 166 184 211 235 247 268 295
103 136 153 178 194 211 227 257 271 295
115 127 157 173 198 206 234 248 280 299
113 128 143 164 188 211 221 260 265 297
103 120 146 179 195 216 238 243 275 290
115 125 140 176 183 206 231 242 270 290
114 128 159 172 199 216 235 241 265 280
104 129 151 179 192 209 223 250 278 280
100 123 144 168 186 209 222 244 275 280
113 120 150 178 180 204 225 252 270 292
119 132 157 172 191 218 238 247 277 288
102 130 157 160 187 208 239 240 270 282
107 124 159 168 190 217 240 257 276 295
112 125 153 171 194 210 221 243 275 289
105 137 157 170 199 213 227 244 267 293
114 123 154 164 181 202 234 252 266 294
102 122 159 179 200 200 234 246 265 300
119 136 147 180 195 208 232 249 261 290
105 128 158 172 182 207 222 240 277 284
106 125 143 172 183 210 229 240 267 290
101 137 154 161 200 212 234 254 276 281
109 124 156 174 181 214 239 257 267 296
117 134 152 165 191 208 231 257 265 283
113 127 159 172 191 202 235 260 276 299
115 134 148 175 195 207 233 245 272 289
114 138 153 169 191 216 229 241 276 287
117 132 153 179 185 203 223 241 264 298
108 120 160 172 193 203 239 255 275 284
106 139 159 166 198 201 240 250 260 293
107 120 151 176 183 216 238 245 263 285
116 133 143 167 184 211 226 240 275 292
106 139 144 166 188 205 228 251 280 285
102 121 145 166 196 202 224 245 265 290
116 134 147 176 187 218 220 244 271 298
102 135 151 175 180 210 236 249 278 281
105 132 160 160 183 219 222 258 269 293
117 140 145 175 185 206 238 248 264 293
116 123 140 160 183 212 229 255 270 282
110 133 150 179 193 215 238 244 270 300
119 128 160 163 200 204 237 242 272 297
111 135 152 167 184 220 225 260 275 283
110 128 155 176 188 211 236 256 266 298
111 130 142 176 185 200 229 251 276 292
119 125 149 164 200 209 221 241 267 296
117 122 155 172 190 203 229 249 260 292
108 120 159 166 185 218 225 248 267 289
105 135 150 163 190 216 224 247 273 284
106 123 155 178 190 215 232 242 277 285
108 130 160 178 187 220 233 252 274 280
115 123 157 179 200 200 221 254 272 288
103 126 154 169 188 207 233 257 272 281
108 123 147 171 198 206 238 253 277 297
114 135 142 177 182 202 237 254 276 290
113 132 141 166 196 209 233 247 260 281
118 128 158 160 193 204 226 257 276 289
114 136 143 175 188 201 220 258 270 295
108 128 140 177 195 217 220 248 270 296
107 120 146 180 199 215 235 247 265 280
101 132 142 161 180 206 239 241 267 289
100 133 155 177 189 220 227 244 280 282
106 135 153 166 181 207 236 244 264 281
113 120 145 168 193 213 224 253 271 280
109 136 145 177 196 203 238 243 272 294
105 140 150 174 185 209 224 249 265 288
115 120 142 167 198 219 221 257 267 296
118 137 142 178 182 212 234 245 275 284
116 129 152 173 192 203 236 256 260 289
108 131 155 161 197 209 227 259 268 282
101 121 155 178 186 209 235 249 268 289
106 131 153 161 192 217 231 253 280 300
118 122 145 163 195 213 226 249 266 288
117 125 140 167 182 210 225 254 276 281
108 131 143 179 187 214 231 258 272 293
100 139 144 162 181 215 223 246 261 292
115 140 143 176 191 208 221 251 260 298
115 131 160 171 192 211 232 256 260 294
117 134 159 178 199 209 232 259 275 283
114 126 149 164 182 219 226 250 269 290
106 130 155 165 181 206 228 260 269 298
118 139 147 166 199 214 224 258 265 286
114 126 146 177 197 203 225 257 263 290
119 137 154 178 196 200 240 249 280 280
105 125 141 171 181 213 222 250 262 294
112 140 146 176 191 210 234 257 278 299
117 126 145 169 196 212 239 240 271 293
104 123 158 160 195 205 221 258 276 299
105 125 142 167 187 215 228 241 266 294
103 121 141 164 197 203 222 259 268 281
104 135 147 162 180 203 220 248 269 284
108 134 140 174 184 220 237 248 263 292
106 129 144 171 194 216 231 254 272 299
111 139 151 160 191 202 230 247 280 295
113 123 145 174 193 220 227 252 277 292
111 135 154 161 190 210 227 243 262 288
110 132 152 171 188 211 224 257 262 298
114 130 156 177 185 219 235 243 261 295
120 131 142 173 193 216 229 249 261 293
101 135 146 166 194 201 227 249 265 295
115 139 160 164 197 210 233 258 274 287
111 135 156 165 184 220 232 255 280 297
105 122 146 164 185 202 226 249 266 294
109 126 154 174 189 217 223 258 260 284
111 120 149 177 182 216 240 254 268 298
112 129 140 178 189 208 236 240 275 291
101 123 158 165 185 205 222 259 266 297
110 137 146 163 192 212 226 260 268 294
117 137 150 160 200 203 236 247 265 283
108 135 149 180 196 202 237 252 268 299
108 123 149 162 200 214 226 257 280 287
118 124 145 172 199 207 228 253 269 285
116 124 155 164 191 219 231 250 277 293
113 127 158 174 200 212 225 259 260 294
120 127 146 165 182 203 221 251 264 299
101 138 149 170 188 207 222 246 274 294
119 125 152 167 188 207 235 240 272 284
109 126 141 175 187 217 229 258 278 283
101 138 160 174 187 202 228 257 263 283
117 120 145 171 184 212 227 252 261 299
102 128 156 164 187 213 239 255 264 280
118 135 146 168 192 217 225 254 260 291
112 124 149 176 191 216 228 255 265 294
110 122 151 172 181 209 221 260 269 298
101 126 159 174 195 208 234 258 268 297
113 125 152 173 196 217 240 245 277 300
117 128 153 169 183 200 220 249 271 287
104 130 154 175 192 200 231 257 270 298
119 120 158 174 192 219 231 248 270 298
102 124 156 166 190 209 230 241 260 281
113 121 140 169 191 210 228 242 260 295
107 131 151 161 182 208 222 246 278 295
100 128 159 173 192 216 223 256 269 284
105 139 158 180 195 212 237 254 266 283
113 130 142 164 190 212 222 254 272 299
119 130 154 178 185 220 221 260 260 285
100 130 156 169 183 209 227 256 277 281
105 131 151 161 180 218 228 242 262 280
105 127 147 164 194 212 233 245 278 286
112 126 148 180 191 206 237 245 264 294
120 128 157 178 182 203 223 259 280 291
102 129 148 161 188 210 226 253 272 281
101 124 145 173 184 214 238 257 272 283
106 135 140 176 197 202 236 240 263 286
108 130 156 169 181 213 231 240 278 282
107 137 146 162 198 209 224 251 266 294
109 135 148 175 198 218 229 243 279 287
116 135 150 169 195 217 228 248 269 292
117 121 153 178 190 218 237 245 280 297
106 139 158 180 185 211 234 244 271 288
106 130 141 164 183 216 240 256 267 299
109 134 143 169 185 213 238 259 273 285
119 137 158 176 187 214 238 252 266 290
108 126 156 167 197 201 236 258 267 295
120 137 155 168 197 200 237 257 270 282
120 125 157 173 189 220 236 255 267 289
103 132 154 172 182 215 220 256 269 287
112 127 154 178 196 215 237 247 268 291
120 127 152 176 185 204 239 258 269 295
113 131 151 175 184 220 228 253 277 291
114 130 154 168 200 201 232 249 262 299
100 138 155 163 182 219 233 243 274 283
3140 3978 4537 5188 5716 6740 7112 7702 8291 8788
2189 2570 3151 3571 3972 4012 4633 5074 5434 5835
5253 6266 7095 8153 8568 9903 10133 11606 12802 13308
4931 6128 6957 8061 8890 9811 10179 11790 12388 13585
4352 5385 6848 6934 8010 8957 9473 10549 11538 12872
5350 6478 7017 8243 9028 10793 11528 12313 13489 13881
3168 3520 4331 4790 5007 5682 6439 6520 7493 7601
5207 6128 6496 8154 8982 9765 10685 11145 11974 13677
2151 2908 3077 3392 4086 4591 4696 5243 5768 5958
5109 6810 7361 8411 9562 11013 11213 12213 13364 14815
2481 3250 3803 4115 4548 4908 5653 6038 6662 6830
3783 4746 5931 6412 6968 7671 8338 9412 9856 11115
4914 6130 7121 7436 8337 9463 10408 11444 11984 12659
1159 1390 1490 1791 1912 2162 2383 2513 2754 2914
4227 4684 5407 6205 7042 7765 8563 9286 10046 11263
4642 4930 5874 6858 7392 8787 9525 10100 10838 12233
3130 3416 3729 4431 4796 5499 5863 6384 6852 7555
5345 6036 7233 7785 8706 9350 10409 11238 12020 13401
3544 4350 5296 5821 6662 7293 8379 8589 9114 10165
1478 1583 1896 2117 2443 2704 2925 3225 3537 3837
3005 3650 4127 4883 5416 5921 6397 6902 7658 7939
2069 2490 3011 3331 3972 4052 4713 5074 5214 5955
4585 6038 7051 7139 7976 8944 10265 10618 11850 12555
1252 1473 1617 1782 2157 2334 2565 2874 2995 3116
5253 5622 7325 7555 8936 9488 11053 11376 12112 13309
3857 4635 5709 6487 6820 8153 8819 9264 9671 10486
4806 5340 6161 7268 7638 8212 9648 10469 11330 11576
3507 4102 4829 5390 6051 6943 7768 8330 8891 9684
5301 6184 6968 8832 9126 10793 11332 12018 13440 14715
1507 1900 2125 2447 2714 2812 3093 3472 3822 4117
4567 5213 6116 7537 8139 9387 9903 10807 11495 12184
2893 3790 3930 4884 5080 6117 6257 6958 7378 7911
2534 3460 3811 4136 4812 5188 5563 6314 6764 7165
1726 2322 2458 3038 3208 3668 4042 4247 4604 4791
1322 1713 1830 2260 2612 2638 3016 3316 3485 3785
2235 2887 3203 3560 4086 4528 4696 5095 5810 6315
5025 5510 6611 7624 8064 9429 9869 11322 11630 12335
3953 4668 5179 6029 6608 7152 7629 8582 8922 9977
1721 2250 2507 2667 3004 3340 3629 4014 4430 4751
2099 2461 2994 3089 3451 3888 4307 4726 5220 5620
5056 6233 6919 7900 8979 10401 11136 12313 13587 14617
2984 3410 3861 4036 4887 5262 5738 6464 6739 7365
4848 5176 6448 6776 7392 8458 9689 10305 10797 11946
4330 4762 5086 6167 7104 7284 8653 8689 9662 10311
5602 6214 6731 7907 8989 10165 11246 11716 12610 13692
2585 3000 3299 4036 4497 4912 5257 5648 6247 6915
1539 1975 2276 2471 2922 3313 3508 3704 4064 4350
2609 3312 3963 4171 4900 5629 6201 6279 7190 7763
5056 6135 7361 8783 9763 10646 11381 12165 13195 14274
3419 4257 4475 5157 6119 6523 7112 7516 8136 8974
5025 6170 6302 7095 7976 9429 10485 10838 11850 12687
3948 5470 5587 6329 7578 8320 9139 9764 10310 11715
1845 2203 2407 2782 3123 3702 3838 4400 4553 5081
3257 3548 4303 5029 5232 6074 6799 7264 7583 8338
3433 3850 4522 5163 6124 6733 7629 8014 8974 9423
2079 2512 2747 3053 3468 3792 4315 4477 4964 5162
2791 3260 4041 4640 5108 5238 5889 6436 7138 7581
4377 5092 6227 7025 7950 8749 9547 10388 11186 12447
3196 3277 4223 4466 4872 5764 6061 6710 7277 8007
1361 1648 1869 2169 2586 2729 3055 3381 3641 3693
2871 3790 3871 4412 5412 5845 6331 6818 7439 7790
4725 4930 5915 6653 7720 8500 9361 9854 11002 12315
1721 2122 2475 2763 3004 3469 3725 4046 4222 4687
2509 3035 4011 4236 4887 5112 5913 6289 6939 7265
4806 5217 5914 7186 8048 8335 9033 10674 11494 11781
3549 4000 4811 5231 5652 6583 7183 7213 7964 8414
2109 2698 2992 3750 4149 4507 4969 5180 5600 6021
3885 4770 5281 5757 6506 6982 7799 8377 9092 9807
4739 5256 6719 7235 8268 9085 9989 10979 11667 12700
2271 2404 2861 3279 3470 3907 4231 4878 5277 5430
4264 4487 5190 5968 7190 8042 8449 9597 10263 10634
3579 4350 5576 5716 6907 7538 8378 8974 9359 10445
1734 1885 2306 2426 2772 3012 3583 3869 4139 4335
3614 4490 5506 5786 6697 7118 7853 8449 9604 9920
2340 2803 3329 3539 3960 4443 4843 5390 5768 5915
1210 1290 1451 1651 1912 2042 2293 2464 2694 2865
3929 4560 5085 5961 6837 7117 8203 9009 9359 10375
5273 6496 7531 7813 9224 10259 11199 11434 12939 13785
5509 6810 7211 8611 9662 10413 11163 12814 13064 14365
2382 2887 3245 3518 3813 4296 4843 5222 5558 6210
1180 1390 1501 1681 1822 2123 2343 2454 2634 2825
2654 2885 3322 3737 4566 4935 5119 5741 6270 6731
5226 5979 7249 7907 8566 9930 10682 12234 12469 13786
1563 1858 2082 2363 2798 3065 3317 3527 3892 4187
4227 4988 5939 6471 7118 7840 8677 9628 10274 11149
2763 3493 4331 4763 5088 5926 6412 6872 7034 7601
3613 4192 4941 5519 6132 6949 7834 8174 8990 9535
4149 4726 5339 6203 6852 7392 8257 8942 9554 10347
4709 6308 6684 8377 8848 10212 11152 11763 12986 13974
4210 4210 5506 5891 6382 7187 7713 9114 9394 10235
1335 1739 1922 2260 2586 2808 2951 3290 3394 3915
2309 2885 3576 3806 4198 4866 5188 5718 6086 6593
3443 4124 5077 5962 6472 7085 8173 8854 9160 9602
1361 1661 1896 2248 2534 2691 2938 3264 3498 3720
4756 5838 6779 8237 8472 9789 10776 11717 12281 14068
3344 3954 4506 4738 5696 6306 6915 7118 7699 8512
2401 3207 3507 4105 4313 5050 5188 5902 6270 6800
4958 5939 7214 7998 9665 9812 11725 12215 13048 13931
3489 3838 4157 5057 5638 6306 6944 7322 7699 8453
4026 5392 5627 6329 7695 8203 9061 9686 10271 10974
5050 5386 6016 7572 7908 8790 9463 10387 11564 12489
4009 5490 5931 6571 7212 8413 9413 9613 11094 11735
3511 4294 5213 5757 6404 7289 7799 8309 9500 9943
4021 4770 4770 5927 6336 7050 7527 8718 9160 9977
4601 5709 5833 6571 7761 8294 9443 10264 10879 11618
3431 3489 4331 5057 5783 6335 6625 7496 7931 8657
3824 4315 5261 5716 6417 7258 8308 8869 9359 9850
4755 5764 6647 6731 8160 8496 9589 10682 11144 12237
3142 3520 3845 4358 4872 5413 6223 6629 7223 7602
3544 4875 4980 6031 6977 7117 7853 8729 9184 10375
2960 3060 3886 4136 4512 5238 5863 6489 6664 7090
3549 3730 4781 5231 5562 6523 6943 7363 8084 8745
5252 6576 7851 8390 8881 10155 11626 11773 13146 14078
1769 2010 2331 2892 2892 3276 3741 4046 4302 4703
2363 2716 3377 3773 4016 4655 5117 5426 6130 6263
4644 5770 6941 7616 8382 9147 10408 11084 11984 13200
1230 1473 1727 1870 2025 2400 2653 2797 3050 3237
1981 2186 2646 2884 3293 3668 4093 4093 4638 5098
3605 4133 4536 5250 6150 6367 7205 7826 8291 9005
2934 3510 3785 4436 4887 5312 5963 6313 6589 7440
4850 5744 7531 8236 8942 9506 11105 12234 12563 13551
1437 1486 1859 2003 2412 2544 2725 3062 3194 3555
4897 5838 6779 7531 8989 9648 10353 12093 13081 13504
4264 4820 5487 5931 7301 7820 8523 9560 9634 11078
4005 4524 5190 5968 6672 7449 8894 9560 10004 10819
1633 1788 2181 2363 2756 2980 3345 3569 3934 4158
2747 2839 3322 4129 4543 4727 5303 5556 6293 6593
1833 2058 2459 2812 2924 3244 3629 3950 4254 4783
3919 4634 4804 6097 6608 7254 8003 8718 9398 9942
5139 6265 6986 7706 8877 9642 10678 11443 11939 13199
2713 3598 3937 4640 4848 5368 6097 6305 7086 7789
3639 4333 4795 5357 6612 7009 7636 8165 8825 9849
4416 5470 5509 6953 7695 7968 8827 9998 10739 11442
1504 1570 2039 2130 2404 2821 3042 3198 3628 3889
3544 4455 5226 6032 6942 7258 7713 8659 9184 10095
1619 1816 1970 2349 2616 3051 3149 3486 3836 4005
4456 5140 5330 6662 7004 7955 8829 9133 10198 10845
1439 1661 2013 2091 2417 2834 2990 3238 3641 3733
5069 6126 6214 7799 8284 9429 9913 11454 11586 12995
1209 1582 1919 2160 2220 2545 2881 2917 3134 3495
2529 3178 3467 3851 4548 4957 5341 6182 6302 6927
2625 3154 3370 4091 4692 4812 5701 6206 6494 7167
2960 3435 3636 4011 4937 5363 5588 6063 6514 7365
5025 5422 6567 7271 8592 9253 9781 11366 11674 13215
4104 4385 5611 5751 6942 7117 7713 9009 9254 10340
5484 6312 6726 7831 8430 10087 10501 11560 12158 13585
1928 2404 2918 3279 3546 4098 4231 4707 5334 5430
4075 4570 5635 6167 7612 8069 8753 9172 10274 11035
4352 5514 6719 7235 7838 8699 9688 10420 12012 12184
3512 3823 4350 5126 6088 6771 7081 7453 8539 9191
3544 4455 4981 6242 6347 7643 7713 8624 9464 9920
5609 6710 7361 8061 9412 11013 11413 12714 13164 14565
2209 2936 3531 3597 4148 4544 5051 5315 5998 6483
4629 5994 6214 7491 8328 9076 10441 11102 12334 12378
4419 5302 6647 7067 8244 8580 9673 10808 10976 11817
4294 4402 5735 5987 6888 7356 8077 9266 9734 10202
4806 5176 6448 7104 7638 8540 9443 9976 11207 11741
2277 2593 3224 3497 4044 4423 4675 5159 5642 6294
2673 3250 3803 3875 4692 5124 5749 6182 6614 7118
4409 5862 6743 7844 8636 9385 9913 10838 11542 12643
2784 3385 3711 4036 4512 5138 5638 6064 7015 7190
4905 6538 6827 7739 8700 10141 11389 11534 13166 14127
3173 3622 3930 4519 5276 5949 6621 6817 7826 8219
3233 3854 4723 5561 5809 6460 7360 7950 8136 9284
3249 3670 4330 5141 5892 6583 7033 7424 8294 8625
5245 5730 6434 7711 8680 9605 10221 11190 11454 12774
3025 3490 4593 4651 5377 6103 6596 7148 7989 8512
1296 1506 1760 1936 2080 2212 2455 2852 2929 3094
2893 3650 3958 4687 5332 6117 6705 6902 7658 7967
1737 2010 2555 2811 3212 3308 3805 3998 4254 4542
5083 5471 6116 7579 8311 9344 9688 10548 11495 12915
5158 5818 6214 7844 8064 9385 10485 10617 11542 12334
3870 4498 5291 5918 6216 6942 7504 8230 8858 9684
1296 1550 1572 1925 2168 2333 2543 2852 2940 3193
3489 3880 4421 5051 5892 6072 6613 7724 8114 8895
3789 4906 5555 5915 6996 7428 8257 9194 9518 10671
4650 5470 6056 6251 7500 8241 8593 10115 10661 11168
4797 5596 6059 6857 8370 8791 9295 10136 11438 12027
3540 4366 4928 5357 6612 7240 7405 8495 9056 9287
1281 1498 1907 2039 2400 2484 2797 2929 3314 3483
2763 3277 4304 4601 5331 5493 6115 6791 7493 8034
4497 5730 6567 7359 8064 9253 9693 11278 12246 12995
3705 4630 5126 5456 6579 6777 7438 8065 9089 9320
2713 3182 3650 4640 4900 5707 5941 6774 7086 7503
1478 1830 1974 2104 2521 2716 2977 3381 3446 3654
2842 3274 3683 3851 4740 4956 5461 5869 6638 6879
5209 6060 7511 8411 9112 10813 11063 13014 13664 14365
5299 5898 7141 8154 8706 9396 10179 11698 12434 13079
2029 2410 3171 3451 3672 4333 4673 5054 5434 5655
3229 3874 3986 4603 5332 5921 6481 6902 7518 8163
4765 5627 6325 6776 7638 8253 9566 10551 10756 12069
1785 2106 2427 2844 3084 3485 3581 3917 4206 4655
5069 5289 7051 7535 8240 9340 10353 11454 12334 12862
5059 6110 7811 8211 9762 10363 11663 12114 13664 14065
1210 1270 1470 1731 1982 2102 2353 2413 2774 2905
4009 5410 6091 6931 7932 8212 9213 9854 11134 11414
4868 5514 6202 7665 8397 9257 10075 10936 12011 12527
4009 5410 6171 7212 7332 8252 9213 9934 11214 11575
3129 3850 4691 4901 5442 6343 6793 7214 7904 8655
2270 2651 3013 3089 3698 4117 4440 4801 5106 5467
3233 4071 4350 5530 5902 6616 7453 7764 8291 9222
3490 3693 4158 4651 5232 5899 6654 7206 8047 8396
2601 2938 3635 3851 4812 4933 5317 6038 6422 6999
4958 5890 7655 8734 8881 9911 11136 12166 12754 13833
4209 4735 5541 6031 6697 7467 7923 9079 9499 10269
2329 2430 3211 3591 3992 4052 4673 5194 5474 5634
1377 1570 1871 2087 2280 2448 2785 3050 3338 3615
4209 4420 5261 6206 6697 7678 8308 8413 9569 10235
5132 6308 6684 8190 8848 10071 10353 11341 12610 13598
3897 5014 5483 5771 6492 7933 8365 9158 9518 10671
5097 6202 7211 7931 9180 9757 10813 12110 12590 13503
3937 4201 4630 5621 5952 6844 7504 8000 8726 9849
4026 5080 6134 6720 7071 8086 8632 9725 10154 11559
3309 4432 5159 5852 6381 6612 7900 8594 8726 9519
2585 3023 3576 3921 4198 5050 5418 5671 6385 6569
4839 5668 7187 7647 9074 9857 10823 11836 12526 13723
1335 1791 1961 2312 2534 2834 3055 3368 3472 3732
5004 5815 6581 7751 8112 9868 10723 11354 12029 13110
4221 4846 5548 6290 7149 8281 9334 9959 10388 11715
3545 4260 4770 5757 6166 7425 8173 8446 9194 9671
1913 2135 2646 2901 3089 3617 3770 4315 4519 5115
1257 1630 1690 2124 2232 2473 2653 2942 3363 3459
3649 4525 5471 6171 6662 7327 7923 9009 9534 10305
3789 4762 5519 6131 7140 7284 8509 9194 9446 10275
3326 3854 4847 5095 5592 6336 7143 7640 8477 9129
2509 3360 3936 4437 4837 5062 5763 6038 6564 7490
2609 3160 3635 4411 4637 5513 5963 6088 6939 7440
3639 4399 5060 5522 6480 7008 7570 8065 9023 9882
3969 4474 5375 5807 7032 7608 8581 9194 9914 10563
3087 3385 4250 4682 5142 5412 6331 6764 7169 8034
4149 4654 5519 6492 6564 7356 8437 8833 9986 10779
2079 2440 2693 3053 3396 3937 4135 4640 4730 5397
3431 3954 4622 5115 5435 5841 6973 7350 7931 8628
1374 1700 1830 2130 2391 2873 3003 3277 3446 3694
3061 3594 4379 4996 5052 5808 6621 7182 7518 8247
5154 6331 6919 8685 8930 10744 11136 12264 13146 14127
3579 4735 5366 5856 7012 7678 8203 8728 9709 10340
2329 2710 2890 3271 3952 4293 4553 4853 5374 5915
4509 5500 6806 7706 8787 9688 10633 11489 11984 13470
2770 2816 3622 4152 4520 4658 5119 5787 6201 6754
2033 2118 2697 3055 3123 3753 3821 4093 4468 4791
3705 4201 4994 5423 6546 6645 7636 8495 8726 9651
3929 4490 5436 6277 6312 7573 7888 9009 9254 10060
2844 3628 4331 4574 5277 5439 6169 6601 7331 7791
1451 1956 2012 2475 2756 2994 3303 3612 3934 4116
5113 5466 6963 7051 8196 8944 10353 11014 11718 13039
2893 3790 4127 4603 5556 5836 6173 6874 7798 8387
2934 3285 4011 4186 4837 5338 5963 6038 6639 7014
4413 4746 5413 6338 7301 7412 8856 9338 9671 10448
2118 2556 2746 3412 3755 4078 4535 4878 5277 5505
2765 3442 4171 4639 4822 5577 6097 6435 7034 7659
3681 4834 5735 6095 7140 7500 8581 8869 9878 10418
3923 5254 5711 6509 6928 8297 8677 9742 10046 10654
4478 5217 5956 6817 7925 8376 9033 10223 11289 11946
4369 5330 6131 6651 7612 8132 9053 9934 10854 11975
2424 2862 3645 4105 4474 4865 5441 5925 6063 6846
3561 4234 5003 5387 5868 6925 7149 7982 8558 9391
2032 2305 2424 2867 3327 3463 3957 4298 4706 5064
4104 4807 5783 6875 7695 8593 9256 9568 10583 11286
6010 6460 7110 9012 9612 11013 11863 12013 13064 14064
2745 3154 3466 4043 4332 5101 5605 6206 6398 7191
5056 6135 7802 8537 9322 10646 11283 12460 12852 13734
4113 4690 5303 6095 6600 7681 8329 9050 9842 10563
2559 3135 3836 4261 5012 5313 5788 6239 6514 7015
4885 6174 7003 7463 8338 9258 10501 11836 12020 13631
1241 1330 1617 1793 2025 2345 2543 2808 3028 3216
4954 5987 6374 7665 8397 8870 10204 11022 11194 12915
3825 4654 5050 6456 7032 7464 8293 9266 10022 10527
5094 6310 7211 7661 8562 9643 9958 10858 11759 12614
3141 3304 3790 4709 5007 5655 6412 6872 7142 8088
5410 6040 6400 7841 8922 9282 10408 11579 11894 13110
3189 3730 4211 4961 5622 6073 6763 7274 8415 8655
2909 3751 4622 4767 5667 6277 6770 7002 7612 8338
4965 5680 6311 6899 8328 8580 9967 10093 11774 11774
3820 5079 5524 6412 6894 7857 8708 9041 9782 11078
3753 4266 4875 5451 6348 6636 7181 8238 8494 9455
1769 1994 2315 2651 3132 3244 3805 4078 4206 4687
2069 2630 3111 3411 3992 4012 4613 5114 5254 5955
2109 2790 3171 3231 3612 4173 4433 4974 5294 5675
1131 1528 1672 1970 2135 2256 2642 2664 3061 3149
1142 1451 1760 1815 2157 2312 2521 2664 3061 3094
4079 5042 5561 6560 7301 7449 8190 9523 10078 10856
1179 1270 1531 1721 1872 2143 2213 2494 2784 2965
5161 6174 7187 8292 8568 9626 10455 11836 12020 13631
3749 4464 4839 5723 6778 6983 7731 8174 9194 9603
3543 3947 4785 5499 5778 6398 7112 7578 8539 8694
4065 4924 6173 6758 7305 8203 9061 9764 10661 11130
5145 6490 7355 8075 8940 9901 11197 11581 13166 13503
5414 6308 7155 8048 8566 9883 11011 11434 12234 13833
1828 2152 2595 2901 3344 3446 3753 4417 4638 4962
5345 6220 7003 7601 8384 9672 10823 11974 12204 13309
2488 2740 3035 3455 3918 4233 5011 5306 5495 5916
1985 2366 2670 3394 3508 3850 4345 4783 5163 5601
1230 1330 1705 1892 2102 2268 2488 2654 3017 3150
3033 3874 3930 4603 5248 6117 6313 6874 7826 8191
1307 1484 1683 1925 2146 2378 2521 2741 2973 3094
3279 3880 4210 4961 5472 6313 7184 7244 8355 8415
2734 3460 3761 4412 4712 5062 5588 6489 6514 7315
3614 4665 5541 6242 6417 7398 7993 8729 9534 10130
5059 6210 7511 8461 9412 10312 11913 12914 13314 14365
3450 4257 4506 5312 5747 6616 7329 7484 8167 8912
3545 4430 5247 5962 6812 7085 7629 8207 9058 9569
1285 1484 1661 1903 2190 2289 2587 2874 3017 3149
4683 5504 6284 6612 7925 8417 9607 9853 10920 12233
3078 3234 3650 4353 4874 5551 6201 6436 7086 7347
3060 3520 4115 4439 5196 5953 6466 6790 7493 7898
2270 2594 2937 3051 3736 4079 4573 4802 4973 5543
2025 2458 2602 3107 3540 3811 4027 4622 4748 5054
3753 4726 5483 5915 6672 7465 8545 8870 9590 10383
3060 3736 4250 4871 5358 5709 6250 6763 7439 7952
5359 6810 7361 8211 9962 10563 11013 12414 13464 14715
5345 6082 6911 7923 8798 10133 10685 11467 12618 13631
3593 4298 5131 5355 6028 6700 7181 7757 8878 9519
5659 6760 7961 8411 9962 10562 11813 12464 13164 14014
2697 3034 3418 4187 4356 4932 5485 6254 6638 6927
5193 6346 6730 7883 9132 9949 11053 11534 13070 14127
2493 2977 3392 3944 4244 4981 5280 5810 6316 6570
3432 3519 4622 4738 5261 6016 6596 6973 7960 8454
1079 1210 1481 1731 1962 2193 2393 2514 2614 2985
5145 5962 7355 8363 9180 10140 11533 12254 13406 13598
5259 6960 7511 8812 9612 10312 11613 12013 13514 14465
1879 2203 2612 2782 3174 3702 3838 4349 4604 4809
1296 1539 1694 1804 2003 2245 2543 2819 2929 3304
3649 4595 5471 6031 6522 7608 7713 9044 9429 10025
2625 2962 3803 4284 4740 5197 5317 6062 6398 6927
5319 6175 6490 7931 8202 9462 10003 11669 12389 12929
5023 6174 6818 7417 9074 9580 10777 11882 12664 13631
3754 4280 5016 5821 6697 7398 8168 8554 9114 10340
4650 5119 5978 6680 7461 8320 8710 9959 10466 11364
5673 6202 6922 8123 9516 9756 11485 12206 13118 14079
3450 4009 4443 5250 5902 6243 7329 8074 8353 8694
4481 5729 6461 7192 8569 8870 10075 11022 11194 12786
5840 6282 7017 8733 9812 9812 11087 11920 13734 14568
2319 2760 3178 3861 4324 4566 4985 5602 5976 6593
5481 6682 6922 7979 9132 10573 10909 12206 13118 13983
5226 6355 6590 8096 8660 9506 11011 11623 12798 13269
4825 5987 6590 7364 8526 8655 9645 10462 11882 12226
4793 6312 7049 8015 9166 9626 10915 11145 12066 13769
3408 4498 4994 5489 6513 7207 7867 7933 9188 9419
3060 3709 4196 4601 5034 5602 6007 6629 7142 7791
5170 5557 6116 7321 8440 8612 9903 10721 11237 12485
4375 5005 5598 6301 7153 7671 8634 9004 9893 10745
5609 6660 7911 8361 9712 10913 11113 12864 13464 14164
5791 6282 7851 7851 9126 10597 11038 11969 13587 14617
3419 3947 4940 5374 5871 6523 7112 7981 8229 8818
5025 5862 6699 7799 8284 9428 10529 11366 11938 12510
3857 4894 5338 6561 6672 7597 8745 9412 10263 10745
3388 3823 4785 5437 5747 6398 6957 8043 8229 8881
3025 3598 4041 4301 5134 5576 6149 6566 6800 7607
2841 2938 3611 3995 4404 5197 5629 6182 6662 7191
2709 3210 3510 4387 4737 5112 5813 6464 6689 7065
4455 5330 5825 6357 7536 7878 8411 9552 10274 11377
3309 4498 5291 5588 6513 6612 7570 7933 8627 9849
2424 2866 3329 3371 4149 4380 5053 5432 5789 6294
3771 3969 5126 5885 6348 6975 7933 8065 9155 9849
1305 1618 1811 2027 2196 2557 2701 3122 3290 3507
2659 3160 3811 4462 4837 5438 5813 6213 6589 7465
3850 4202 4715 5131 5868 7021 7693 7918 8558 9070
5367 6402 6967 8048 8472 10212 10635 11717 12422 13504
5049 5962 6778 8604 9612 9756 10957 12494 12782 14127
2739 3494 3754 4509 4848 5603 5941 6566 7138 7815
1913 2356 2544 2782 3123 3497 4008 4281 4740 4860
2747 2862 3322 3898 4520 4727 5441 5741 6178 6662
1634 1760 1984 2335 2546 2854 3360 3528 3682 4075
3684 4280 5576 6312 6487 7223 7923 8448 9149 10515
1563 1830 2013 2476 2658 2925 3093 3514 3780 3991
2495 2826 3333 3751 4236 4588 5161 5470 5888 6461
2488 2866 3140 3666 3981 4275 4822 5074 5537 6000
1719 1840 2170 2712 2772 3193 3373 3794 4214 4305
1200 1410 1440 1802 1822 2062 2303 2584 2644 2965
3112 4012 4361 4767 5522 6074 6973 7206 7554 8338
4265 5216 5977 6091 7156 7916 9095 9171 10578 10959
4709 6543 6684 7907 8472 10118 10917 11717 12375 14068
1423 1760 2237 2476 2546 3037 3233 3486 3794 4061
2298 2740 3329 3770 4065 4401 4654 5453 5894 6294
4369 5530 5771 6811 7212 8293 9213 9934 10654 11815
5201 5598 6787 7799 8108 9384 10001 11058 12070 13127
2871 3493 4250 4466 5304 5656 6088 6575 7385 7629
5184 5545 6941 7796 8472 9462 9913 11624 12569 13335
4805 5818 6831 7359 8284 9693 10309 11190 11806 12466
5097 5914 7595 8604 9084 10044 10765 12302 13406 13646
2319 3002 3134 3707 4346 4434 5249 5712 5800 6549
2029 2690 2851 3432 3652 4333 4413 4914 5555 5635
1353 1630 1727 1943 2280 2461 2653 2918 3290 3519
3402 3519 4506 4680 5725 6248 6828 7060 7902 8570
2889 3322 3538 4332 4404 5100 5485 6134 6614 6806
2079 2332 2639 3180 3612 3919 4009 4387 4784 5163
2118 2385 2728 3108 3565 3984 4269 4574 5297 5487
4455 4768 6212 6602 7344 8242 9139 9529 10661 11130
5721 6346 7643 8556 8700 10044 11053 11966 13022 13694
4341 5064 5482 6585 7498 7612 9019 9894 10236 10806
3477 4260 5009 5451 6506 7391 7595 8548 9364 9637
1673 2170 2330 2699 3196 3292 3581 4110 4398 4767
2509 3235 3936 4362 4612 5062 5663 6214 7014 7190
1109 1418 1672 1804 2113 2422 2631 2797 3006 3138
3344 3548 4535 5231 5696 6131 6944 7380 7786 8453
1896 2220 2390 2765 3344 3702 3923 4162 4502 4792
3987 5236 5822 6251 7773 8281 8944 9373 10934 11052
2361 2677 3266 3644 3939 4381 4633 5327 5663 5937
4377 5386 6311 7277 7656 9085 9673 10808 11396 12195
2447 2885 3438 4083 4382 5027 5142 5879 6339 6616
3859 4630 5191 5961 6487 7012 8273 8939 9429 10305
2232 2670 2746 3298 3736 4059 4212 4954 5182 5562
5577 6634 7403 7835 9372 10429 11341 11773 12542 14223
1985 2290 2670 3375 3622 4098 4516 4688 5334 5430
2631 2908 3599 3921 4543 4819 5165 5764 6017 6846
3929 4875 5121 5786 6907 7363 7993 8799 9114 9849
4981 5554 6435 7051 8548 9165 10353 10750 12334 12423
4885 6404 7279 8199 9120 9626 10777 11928 12250 13630
2495 2738 3311 3795 4104 4589 4985 5404 5822 6615
3561 4330 4586 5644 5868 6797 7277 7950 8814 9038
1286 1462 1661 1826 2124 2422 2488 2664 2929 3106
1269 1570 1859 2063 2208 2617 2761 2893 3278 3579
4153 5079 5598 6338 6931 7931 8523 8930 10300 10708
4644 5545 7166 7571 8787 9598 10273 11129 12299 12705
3820 4524 5190 6598 6672 7486 8412 9153 10004 11078
1769 2250 2491 2891 3148 3500 3693 4077 4334 4798
4629 5422 6347 7315 8020 9517 10485 11322 11586 13039
3789 4870 5159 5879 6672 7465 8617 8689 9770 10671
2493 2816 3599 3944 4290 4889 5280 5810 6040 6915
5289 6346 7643 8507 9420 10236 10957 12494 13310 14174
2649 2870 3377 3729 4060 4853 5073 5734 6042 6262
3264 3978 4506 5561 6119 6212 7143 7609 8291 9191
2601 3298 3803 4211 4620 5100 5461 5941 6326 7167
1584 2110 2351 2426 2832 3223 3418 3673 4214 4335
2470 2816 3369 3737 4359 4635 5372 5695 6339 6685
2209 2690 3030 3451 3972 4312 4813 5194 5434 5954
3605 3947 4692 5498 5933 6212 7422 8043 8632 8942
5909 6660 8011 8511 9212 10763 11913 12864 13114 14264
1845 2118 2646 3072 3395 3548 3838 4349 4655 5047
5546 6233 7410 8096 9322 10401 10793 12362 13489 13833
3573 4630 4829 5456 6150 6777 7471 8264 8792 9618
1734 1840 2110 2471 2862 3178 3403 3674 4019 4500
4911 5729 6848 7751 8182 9430 10247 10634 11925 12183
3804 4399 4796 5456 6051 6744 7537 8198 8726 9717
1881 2010 2475 2763 3148 3533 3757 4061 4398 4718
4375 5153 5227 6264 6820 8005 8338 9560 10189 10411
2909 3110 3636 4236 4937 5087 5613 6364 6839 7190
4689 5275 6134 7031 7656 8475 8944 10076 10700 11012
3033 3790 4407 4715 5528 5668 6509 7210 7490 8275
5650 5932 7437 7954 9130 9647 11199 11622 12704 13786
3112 3954 4360 5144 5754 6335 6886 7089 7931 8599
1981 2271 2629 2816 3293 3633 3804 4434 4689 4961
5391 5668 6542 8246 9212 9580 10593 11882 12066 13677
2559 3460 3636 4336 4587 5162 5988 6164 6889 7240
3753 4474 5663 5879 7032 7284 8509 8942 9734 10311
1556 1569 2052 2299 2599 2677 2873 3224 3654 3889
2118 2537 2823 3165 3622 3888 4212 4954 5030 5582
3817 4702 5111 5451 6608 6846 8173 8650 8990 10045
3785 3850 4811 5131 6412 6861 7405 8334 8558 9327
1569 1990 2201 2636 2787 3283 3493 3884 4079 4229
4671 5596 6437 7361 8202 8538 9673 10514 11564 11774
2934 3110 3686 4136 4737 5463 5938 6489 6739 7189
5179 6261 6685 7625 8472 9836 11199 11670 12610 13551
2817 3598 3859 4640 4848 5733 5759 6566 6982 7398
4455 5314 5627 6251 7539 7929 9061 9881 10232 11325
2505 3154 3827 4091 4812 5101 5533 5773 6542 6806
1142 1539 1716 1936 2080 2422 2653 2763 3061 3259
3295 3947 4909 5095 5716 6647 7174 7981 8353 8819
3689 4138 4907 5131 5772 6701 7565 7854 8846 9007
1069 1330 1431 1762 1852 2053 2353 2454 2644 2875
1219 1385 1572 1981 2190 2323 2587 2708 2995 3172
5069 5714 7049 8061 8568 9949 10685 11928 12848 13539
5159 6410 7411 8161 9012 10613 11813 12114 13914 14365
2909 3210 4011 4487 4637 5363 5713 6164 6514 7140
1899 2422 2675 2963 3486 3865 4243 4622 5018 5072
4765 5709 6243 6858 8171 8212 9484 10017 10756 11782
5345 5530 6911 8107 8384 9765 10501 11790 12848 13401
3285 3538 4435 4911 5416 5752 6173 6901 7854 7994
3375 4300 4664 5621 6018 6778 7570 8033 8957 9816
5161 5714 7049 7923 9120 9396 10961 11421 12480 13769
5409 6710 7611 8811 9012 10312 11863 12814 13664 14515
2341 3091 3421 3597 4192 4434 4875 5316 5844 6175
3339 4060 4781 4961 5832 6042 7033 7694 8144 8444
1719 2005 2261 2486 3012 3012 3313 3674 3959 4245
3789 4910 5191 6277 6557 7713 8413 8448 9254 10059
1930 1930 2459 2587 2956 3292 3837 4110 4398 4542
5007 5890 6731 6899 8118 8580 9673 10934 11648 11774
5391 6450 6726 8291 8798 9994 10409 11882 12572 13446
1479 1746 2153 2476 2630 2924 3219 3556 3780 4131
4075 4608 5330 6547 7498 8335 8487 9628 10654 11263
3222 3709 4142 4844 5034 5709 6358 6547 7547 8034
4026 4689 6095 6953 7578 8436 9373 10037 10895 11441
4869 5770 6671 8067 8112 9553 9958 11039 12299 13065
1521 1704 1970 2265 2560 2812 3275 3612 3850 4145
5409 6265 7166 7931 8652 9192 10318 10993 11804 13515
2134 2368 2548 3252 3324 3793 4045 4351 4766 5361
5179 5838 7155 8284 8754 9695 10447 11294 12375 13269
3083 3780 4129 4767 5261 6161 6654 7090 7844 8454
5207 6266 6957 7371 8384 9765 10547 11928 12756 13078
2999 3468 3885 4535 5030 5342 5811 6514 7190 7346
1341 1654 1931 1991 2304 2484 2893 2905 3170 3435
1563 1886 2195 2349 2812 2826 3331 3373 3934 3976
4570 4608 5977 6167 7460 7840 9133 9133 10198 11263
1517 1609 1895 2117 2456 2860 3081 3303 3498 3798
1120 1418 1771 1771 2069 2411 2477 2819 3061 3304
2605 2672 3465 3927 4236 4809 4985 5491 5778 6615
5743 5890 7312 8243 9371 10401 11381 12362 13146 13833
1059 1240 1581 1741 1942 2012 2213 2614 2784 2835
4953 6106 7066 8267 9468 10284 11389 12494 13310 14415
3809 5216 5406 6433 7042 8335 9095 9704 10160 11415
1690 1928 2097 2447 2798 2882 3191 3584 3696 3934
2608 3069 3368 4082 4198 4865 5395 5810 6385 6569
4069 4840 5401 6276 6452 7397 8378 9009 9639 10094
1257 1642 1775 2100 2196 2436 2713 3014 3302 3375
2389 2790 3071 3511 3952 4212 4473 5154 5394 5634
3497 4330 4843 5451 6156 6572 7629 7725 8974 9134
3005 3454 4323 4575 5360 5893 6173 7126 7770 7883
5367 6167 6684 8331 8895 10353 10400 11811 12422 13221
1599 1885 2171 2652 2712 3223 3448 3674 4049 4290
4529 5370 6291 7011 7772 8492 9013 9773 10814 11815
2350 2510 3191 3271 3712 4253 4613 4974 5234 5715
1521 1816 2069 2391 2532 2981 3303 3598 3766 3949
6010 6760 7811 8811 9862 10012 11413 12013 13714 14414
3273 4330 4971 5163 5772 6733 7053 7822 8462 9455
3543 3792 4723 5188 6026 6678 6926 8074 8632 9253
1164 1473 1572 1837 2014 2334 2532 2698 3039 3238
5207 5622 6865 8108 8752 9949 10593 11422 11974 13309
3201 3510 4239 4631 5052 5837 6201 6986 7378 8359
2133 2332 2729 3089 3540 3919 3991 4532 4748 5181
3357 3792 4785 5064 5809 6647 6926 7702 8632 9098
2042 2537 2975 3374 3660 3926 4535 4764 5030 5563
5059 6410 7961 8561 9662 10863 11813 12664 13614 14414
5056 6184 7508 8488 9812 10646 11479 12460 13342 13734
2763 3736 4304 4385 5250 5791 6115 6872 7412 7574
5229 6130 6535 7526 8652 9372 10453 10948 11894 13515
4494 5178 5520 6167 6928 7688 9019 9514 10616 10997
2898 3574 4169 4520 5088 5926 6169 6493 7169 7629
5603 6543 6967 7578 8942 9600 10494 11811 12657 13692
5132 6308 6637 8331 9365 9600 11152 11623 12281 13410
5069 6170 6919 7755 8108 9164 10045 11322 11674 12378
4713 5176 6395 7193 7992 8832 9757 10261 11522 12531
5202 5686 6435 7844 8328 9120 9737 11014 11894 12731
1049 1370 1511 1751 1882 2042 2413 2594 2634 2985
3357 3916 4474 5498 6026 6522 7112 7981 8415 9253
2390 2570 3031 3311 3672 4032 4793 4934 5294 5635
3824 4840 5576 6066 7012 7572 8238 8413 9604 10199
4232 5217 5914 6981 8007 8212 9607 10633 11289 11987
4839 5806 6911 8200 8982 9581 10409 11744 12066 13309
2517 3002 3509 3927 4060 4610 5271 5690 6064 6372
3369 3700 4661 5261 5832 6523 7213 7303 8054 8715
2925 3520 4169 4412 5412 5872 6277 6683 7088 7818
4868 5858 6848 7751 8526 8612 9946 11108 11495 12312
3507 4234 4829 5357 6480 6943 7570 8264 9221 9519
3529 4138 4619 5548 5868 6637 7085 8014 8558 9199
2193 2824 3077 3645 3792 4549 4801 5201 5705 5937
1069 1230 1471 1761 1962 2173 2373 2423 2804 2865
1450 1594 1835 1931 2352 2472 2821 3074 3170 3386
1971 2368 2639 2909 3522 3937 3973 4694 4946 5217
2834 3210 3986 4161 4637 5438 5913 6264 6764 7039
4629 5378 6258 7447 8548 9693 10133 10838 11498 13039
1896 2254 2714 2782 3174 3531 3991 4349 4689 5030
4782 5901 6848 7106 8182 8913 10247 10721 11495 12312
4301 4894 5227 6375 6746 7746 8745 8967 9893 10893
4765 4971 6366 7022 8171 8253 9607 10674 11330 12069
1079 1310 1430 1671 1902 2183 2253 2564 2684 2905
5309 6160 7161 8912 9612 10162 11713 12264 13864 14065
4914 6085 7121 7256 8337 9598 10813 11038 11894 13110
5207 5622 7371 7601 8522 10041 10961 11283 12710 13078
2097 2440 2656 3233 3576 3919 3991 4658 4802 5216
2709 3260 3986 4336 4912 5488 5613 6038 6739 7190
1233 1486 1775 2100 2220 2593 2665 2954 3146 3543
2189 2570 2830 3251 3972 4173 4433 4974 5614 5875
2859 3485 3635 4436 4862 5037 5813 6113 6889 7190
1400 1635 1856 2247 2456 2690 2951 3381 3628 3915
2938 3635 4622 4941 5638 6131 6973 7380 8076 8337
3649 4350 5261 6031 6417 7538 7888 8939 9499 10515
3698 4195 4878 5498 5995 6553 7267 7980 8632 9035
1897 1929 2427 2747 3100 3501 3677 4110 4430 4638
1998 2390 2731 2748 3378 3702 3753 4349 4621 4842
1570 1830 1856 2130 2508 2651 3081 3277 3433 3798
1409 1886 2069 2420 2686 2953 3163 3584 3696 3935
4449 5250 5931 6571 7972 8132 8853 10294 10814 11535
4143 5353 5509 6837 7422 8320 9100 9569 10583 10934
1230 1330 1561 1892 2157 2323 2543 2742 2874 3205
4329 5130 6051 7051 7692 8653 9173 10294 11014 12015
1029 1210 1601 1782 1812 2082 2403 2584 2774 2895
1164 1407 1683 1937 1992 2278 2609 2687 2896 3315
1913 1978 2507 2892 2908 3517 3853 3869 4222 4687
5840 6772 7017 8782 9322 10793 11185 12705 13440 14077
2473 3024 3266 3641 4412 4831 5293 5403 5844 6615
2193 2803 3119 3560 4086 4633 4990 5074 5600 5957
4249 5050 5611 6651 7252 8133 9333 9734 10894 11615
5245 5774 6611 7271 8504 9252 10485 11013 12070 12730
1387 1791 2039 2338 2469 2716 3042 3342 3407 3850
3441 4366 5192 5390 6183 7042 7702 8098 9254 9816
3824 4490 5121 6066 6557 7503 7923 8483 9534 10340
2884 3360 3686 4261 4887 5062 6013 6063 6564 7165
5001 6154 7307 7691 8988 10285 11197 12254 13358 13887
2253 3090 3222 3707 4324 4610 4941 5668 6042 6527
4724 5258 6366 6571 7802 8294 9484 9976 11412 12028
5385 6346 6778 8459 9276 10429 10861 12254 12926 14127
3273 4074 4939 5579 6284 6925 7501 8302 8878 9423
4265 5330 6015 6585 7042 8145 8373 9818 10046 11149
2817 3442 3702 4249 5212 5394 6071 6436 7008 7607
3006 3547 4007 4683 4953 5466 6061 6602 7223 7737
4041 4546 5447 5951 6924 7753 8221 9122 10058 10274
3789 4618 5447 5879 7104 7933 7969 9230 9482 10095
2977 3594 4015 4968 5612 5893 6369 6733 7518 8023
3314 3454 4070 4771 5192 6173 6285 6986 7798 8051
4450 4894 5561 6116 6746 7634 8782 9486 10115 10708
3061 3846 4211 4855 5388 5977 6453 7042 7798 7994
2290 2556 2765 3279 3508 3907 4402 4859 5277 5429
1899 2314 2765 3197 3504 3973 4225 4568 4874 5216
2080 2537 2728 3203 3565 4060 4269 4650 5296 5411
3512 4071 4630 5002 6026 6305 7453 7577 8694 8725
1897 2202 2555 2747 3004 3421 3613 3949 4206 4751
2109 2950 3140 3392 4212 4338 4696 5138 5600 6273
1149 1340 1491 1631 1862 2012 2233 2514 2805 2885
2745 3226 3442 4259 4596 5028 5389 6086 6686 7047
2921 3454 4099 4491 5304 5921 6201 7182 7855 8135
1307 1528 1760 1958 2212 2432 2609 2763 3039 3171
1673 1946 2443 2876 2972 3228 3789 3998 4350 4735
3649 4805 5015 6312 6872 7257 8098 8764 9674 10024
5320 5500 6581 7931 8472 9778 10633 10903 11894 13245
4824 6310 6806 7301 8877 9057 10048 11444 11894 13470
1862 2390 2493 2799 3089 3702 3770 4127 4740 5064
1811 2101 2493 3055 3395 3429 3804 4434 4468 5047
3337 3882 4586 5483 6156 6925 7661 8238 8846 9295
3141 3358 3898 4764 5034 5493 6493 6629 7277 7818
5399 6576 7017 8194 9469 10106 11234 12607 13146 13783
3545 4294 5247 5996 6200 6948 7731 8650 9364 9671
4937 6038 6743 7579 8020 9164 9737 11102 12246 12422
2170 2458 2620 3252 3396 3847 4153 4568 4838 5108
1709 2322 2459 2799 3208 3446 3923 4281 4485 5030
3543 4288 4443 5064 5995 6833 6895 7640 8074 9222
3010 3285 3936 4311 4712 5237 5913 6013 6514 7215
3141 3693 4245 4651 5377 5929 6683 7032 7931 8454
2495 3024 3112 3795 4192 4478 4963 5712 5954 6527
2834 3260 3861 4411 4737 5187 5638 6289 6989 7340
4413 4857 5338 6005 7264 7634 8597 9264 10115 10671
2289 2730 2810 3571 3772 4313 4553 4993 5574 5895
3804 4597 4894 5324 6447 6942 7867 8098 9254 9915
3373 3954 4535 4970 5783 6218 6944 7438 7786 8192
1964 2101 2390 3072 3242 3566 3940 4315 4519 4945
2156 2385 2765 3108 3793 4117 4421 4668 5201 5639
4070 4350 5121 6277 6522 7012 8308 8449 9184 10165
2290 2518 2823 3146 3679 4155 4288 4630 4954 5487
2709 3010 3911 4186 4912 5313 5988 6364 6589 7240
5097 5962 7211 8123 8796 10381 10717 11630 13022 13887
3809 5254 5482 6243 7080 7917 8525 9666 10654 11263
5126 5944 6590 7493 7795 8741 10118 11151 11667 12527
1099 1410 1601 1621 1932 2102 2343 2574 2774 2884
4338 5079 5857 6560 7227 7449 8375 9523 9782 10633
4572 5314 5666 6954 7500 7929 8749 9764 10193 11364
1930 2135 2663 2833 3157 3702 3923 4298 4553 4791
2817 3364 3729 4353 4744 5707 5889 6253 6930 7815
1709 2288 2714 2731 3123 3753 3804 4230 4689 4809
1210 1400 1480 1791 1872 2132 2413 2463 2714 2814
3987 5080 6017 6290 7656 8242 9178 10037 10466 11520
2817 3520 4277 4493 5358 5737 6331 6602 7169 7628
2634 3435 3761 4136 4687 5037 5838 6414 6614 7390
1705 1930 2266 2780 3180 3212 3565 4126 4302 4751
3953 4464 5451 5519 6234 7016 7867 8446 8956 9807
3948 4768 6173 6954 7617 7929 9100 9686 10427 11520
3610 3970 4451 5231 5532 6102 7063 7664 7844 8655
2654 3115 3230 3852 4221 4612 5441 5856 6316 6547
4509 5995 6400 7932 8337 9373 10633 11084 11984 13380
1307 1352 1760 1925 2113 2411 2631 2775 2874 3105
2697 3250 3418 4211 4572 4812 5413 6134 6518 7191
2466 2908 2950 3644 4023 4380 4696 5327 5810 6210
5109 6310 7110 8912 9462 10913 11363 12814 13114 14465
5094 5860 6626 7887 8157 9147 10228 11534 12299 13065
3173 3454 4127 4968 5080 5809 6201 6958 7827 7883
1029 1410 1581 1651 1862 2082 2213 2614 2724 2925
5273 6120 7014 8283 9130 10024 10964 12140 12798 13221
1833 2154 2250 2587 3052 3276 3773 3998 4334 4623
4150 5463 5833 6858 7597 8582 9115 10633 10797 11741
4930 5422 5955 7227 7597 8869 9320 10592 10715 11987
1689 2170 2250 2763 3004 3324 3789 4142 4286 4767
3286 3370 4491 4743 5220 5668 6341 6846 7518 7855
2289 2650 2890 3592 3672 4012 4793 5134 5474 5935
3370 3566 3958 4855 5276 6089 6369 7294 7630 8050
3250 3520 4277 4574 5034 5818 6088 6791 7142 7764
2290 2461 2823 3317 3470 4174 4250 4668 5277 5715
5530 5898 6957 7785 8936 10087 10961 11467 12388 13032
3894 4560 4910 6172 6347 7258 7748 8939 9429 10340
4375 4783 5635 6338 7301 7634 8893 9152 10337 11004
3544 4560 5051 5856 6767 7398 8168 8414 9499 9920
2608 3161 3507 3806 4313 4843 5073 5902 6155 6731
3606 4531 4696 5423 6579 6909 7603 8396 8825 9585
1209 1340 1541 1761 1972 2122 2253 2463 2744 2935
1749 2050 2336 2621 2907 3057 3313 3673 4154 4335
5049 6250 7211 8219 9180 10573 11053 11678 12590 13839
4309 5170 6203 7451 8182 8957 9774 11022 11710 12098
5841 6674 6919 8292 9518 9812 11528 12460 13244 14421
4149 4726 5663 5951 7212 7680 8149 9050 9914 10418
4335 5680 6142 7025 8202 8832 9883 10345 11564 12531
4650 5002 5783 6602 7305 8085 9139 9998 10544 11520
1947 2556 2937 3374 3774 3964 4402 4954 5277 5448
2149 2730 3011 3311 3612 4173 4713 4994 5454 5695
1049 1400 1440 1812 1812 2193 2383 2584 2704 2864
4541 5950 6258 7403 8020 9473 10397 11454 11762 12863
3342 3510 4407 4715 5248 5696 6313 6930 7630 7939
3249 3601 4061 4628 5412 5412 6223 6953 7385 7790
1465 1648 2039 2130 2443 2756 2925 3199 3485 3720
2319 2614 3287 3728 4044 4296 4885 5200 5831 6105
5438 5576 7279 8200 8568 10133 10731 11191 12020 13124
1760 2373 2492 2918 3412 3565 4042 4230 4689 4791
4191 4930 5874 7022 7597 8705 9730 10551 11002 11536
4209 4910 5366 6206 7012 7678 7783 8658 9814 10129
4221 4870 5771 5951 6924 7536 7969 9266 9950 10094
2817 3286 4119 4613 5186 5342 5993 6513 7242 7685
5309 6810 7911 8361 9162 10763 11763 12013 13764 14615
1509 1900 2261 2486 2832 3238 3418 3734 3989 4260
5253 6220 7325 7417 8706 9949 10501 11099 12342 13447
5530 6450 6588 7831 8522 9580 10869 11652 12710 13216
4724 5463 5873 7310 7597 8458 9484 10264 11125 11617
1570 1609 2013 2339 2521 2769 2912 3198 3628 3667
1930 2356 2544 3020 3276 3685 3906 4110 4604 4996
1845 2390 2441 2782 3208 3719 3855 4127 4536 5030
3005 3594 4267 4519 5052 5893 6453 7294 7826 8303
3189 3760 4721 5141 5442 6252 6973 7544 8384 8925
1935 2350 2584 3071 3288 3684 4135 4478 4946 5415
1409 1886 2181 2391 2742 3009 3261 3443 3794 4159
4314 5381 6202 6612 7925 8376 9853 10387 11002 11700
4416 5158 5861 6953 7734 8007 9256 10037 10154 11598
1317 1510 1907 1931 2388 2508 2701 3086 3374 3386
3223 3412 3817 4385 5277 5493 6385 6872 7439 7926
5158 5686 6170 7403 8240 9429 10177 11058 12026 12467
3871 4366 4729 5291 6480 7108 7273 8462 8858 9486
4541 6082 6787 7711 8548 8900 9737 11190 12158 12731
5508 5744 6967 7766 9412 10212 10776 11717 12469 14021
4805 5774 6963 7712 8196 8988 10221 10662 11630 12467
1285 1462 1583 1981 2102 2389 2521 2841 2962 3105
3433 4426 5131 5612 5804 6668 7085 7982 8430 9423
3054 3751 4158 4883 5435 5812 6886 7177 7815 8222
1985 2575 3013 3146 3470 4193 4212 4954 5125 5372
3987 5197 5587 6602 7812 8281 8710 9920 10622 10973
1849 2234 2491 2875 3164 3420 3789 3997 4494 4654
5769 6250 7211 8603 8844 10188 10813 12206 13262 14175
3286 3925 4245 5232 5435 5928 6944 7264 7583 8367
3409 4260 4873 5451 6540 6846 7493 8616 9262 10079
2673 3130 3442 3923 4740 5077 5749 6206 6350 6734
1605 1830 2251 2377 2756 3051 3093 3626 3920 4130
4182 5119 5587 7031 7617 8593 9256 9646 10700 11481
2895 3442 3728 4405 4848 5499 5941 6566 6956 7789
5289 6250 7643 8507 9372 9852 11101 11725 13118 14271
3753 3882 4683 5772 5996 6957 7277 7725 8686 9551
3450 4226 4506 5033 5623 6802 7019 7578 8446 8726
3684 4910 4980 5611 6627 7152 8098 9079 9184 10095
1591 1900 2083 2475 2630 2967 3219 3401 3934 4047
3574 3854 4350 5561 5654 6554 7298 7578 8229 9222
1131 1528 1727 1926 2058 2334 2499 2709 2907 3117
2385 2826 3421 3707 4412 4765 4941 5646 5734 6483
4089 4294 5145 6097 6574 7016 8139 8718 9432 9874
2834 3160 3836 4461 4837 5237 5938 6389 6714 7264
2659 3335 3936 4286 4937 5513 5813 6038 6814 7515
4803 6026 7296 7766 8989 9788 11011 11999 13174 13362
3789 4546 5339 6203 6564 7320 8185 9086 9914 10599
3222 3790 4223 4628 5061 5466 6412 6790 7358 7871
3459 3850 4661 5051 5592 6463 6853 7273 8084 8895
5530 5576 7141 7371 8522 9672 10869 11928 12250 13539
4805 6170 6522 7711 8592 9472 10573 10837 11674 13127
4116 5190 5857 6227 7338 7412 8745 9115 10004 10633
2634 3035 3611 4287 4512 5238 5613 6064 6814 7265
3705 4201 5159 5291 6084 6976 7669 8594 8957 9651
3948 4690 5783 6407 7656 8242 8905 9608 10544 11598
2271 2594 2785 3108 3736 3812 4421 4592 5334 5430
1009 1390 1471 1641 1812 2093 2273 2434 2634 3005
3885 5254 6015 6471 6966 8183 8677 9133 10122 10997
5245 5774 6919 7315 7932 9473 10529 10617 11718 13171
4104 5041 5509 6251 7617 8359 8827 9647 10817 10974
5069 5994 6346 7491 8724 9561 9825 10573 11454 13127
1633 1746 1984 2251 2784 2924 3303 3570 3822 4173
3209 4010 4747 5131 5804 6701 7437 7790 8334 9391
3337 3850 4939 5484 6124 6829 7309 7886 8398 9039
3201 3706 4407 4687 5192 6117 6481 7154 7742 8359
2793 3130 3659 4308 4452 4932 5509 6014 6614 6806
4717 5994 6302 7095 8680 8988 10045 11454 12202 13215
3326 4009 4350 5002 5964 6802 6864 7671 8229 9036
5259 6960 7561 8812 9112 10813 11213 12464 13514 14064
4338 5002 6173 6680 7227 8281 8944 9881 10232 10934
4489 4970 5650 6851 7492 8573 8893 10414 11214 11575
1543 1817 1921 2338 2521 2873 2977 3198 3394 3811
1029 1400 1491 1651 1832 2113 2373 2534 2634 2945
3171 4040 4878 5468 5592 6585 7143 7515 8663 8788
2561 2760 3377 3883 4390 4764 5183 5623 5998 6548
1142 1440 1661 1870 2146 2411 2499 2709 2896 3271
3636 4102 4661 5498 5995 6553 6833 8043 8663 8942
4264 4857 5931 6227 7412 7819 8449 9227 9819 10522
2817 3304 4250 4331 5358 5710 6385 6899 7088 7737
5085 5838 7296 7531 9224 9930 11011 11434 12704 14021
3309 4036 4994 5688 6084 6778 7438 8462 8660 9321
3789 4665 4910 6137 6312 7223 7818 8589 9464 10200
3614 4735 5015 6312 7012 7503 7958 9079 9464 10094
3083 3519 4100 4738 5609 6248 6625 7061 7612 8541
1785 1930 2267 2571 3084 3469 3645 3998 4238 4591
5049 5545 6851 8022 8922 9057 10003 10948 12569 13470
1557 1648 1961 2260 2599 2795 3068 3159 3537 3667
3189 3910 4721 5021 5802 6222 6823 7333 8294 8895
2169 2690 2850 3371 3732 4173 4753 4974 5554 5614
4981 5466 6743 7755 8152 9561 10001 11058 11718 12951
4417 4874 5330 6699 7270 8030 8639 9818 10540 10882
1109 1440 1561 1782 2168 2400 2609 2819 2984 3117
4294 4474 5411 5951 6852 7573 8149 8942 9986 10455
4824 5905 6761 7391 8427 9688 10093 11174 11714 13020
2235 2593 3014 3539 3792 4254 4780 5432 5853 5979
4489 4890 6291 7212 7452 8493 9253 9933 10694 11855
3529 3914 5035 5547 6156 6572 7053 8270 8398 9391
5809 6410 7811 8261 9012 10663 11813 12714 14014 14114
5509 6810 8011 8111 9012 10713 11863 12213 13514 14815
2909 3235 3911 4361 4587 5438 5663 6213 6989 7164
4494 5064 5825 6167 7004 8335 8373 9742 10122 10997
2959 3385 3986 4111 4712 5287 5888 6439 6564 7239
4339 5190 5413 6375 6672 7746 8597 9005 9708 10375
2678 3046 3277 3829 4382 4612 5511 5580 6086 6524
1862 2066 2663 2833 3242 3736 4093 4417 4774 4978
3339 4090 4601 4901 5772 6523 6613 7784 8174 8474
2209 2810 3191 3471 3652 4232 4693 5194 5394 5975
3847 5254 5635 6243 7004 7993 9057 9210 10160 10731
3529 3946 5131 5227 5964 6861 7149 8238 8942 9615
4839 6036 6496 7739 8384 9765 10915 11100 12572 13447
5209 6210 7961 8712 9662 10263 11763 12114 13114 14065
5226 6261 6967 7719 8754 9601 10870 11294 12281 13316
4338 4931 5190 6598 7005 7745 8708 9190 9671 10782
5145 6058 7595 8267 8988 10140 10909 12110 13070 14319
4379 4988 5406 6319 7004 7878 8943 9666 10274 10921
2332 3230 3299 3829 4589 4888 5487 5902 6155 6892
5481 6586 6970 8555 9276 10236 11149 12157 13454 14078
3010 3160 3736 4011 4562 5513 5663 6314 6964 7240
1833 2122 2314 2667 3196 3276 3821 4030 4270 4526
4655 5806 6819 7417 8982 9857 10869 11422 11974 13815
3199 4012 4128 4999 5435 5957 6538 7496 7931 8251
3649 4280 5576 6172 6942 7082 7818 8414 9324 9885
3544 4420 5226 6172 6977 7152 7958 8869 9499 10375
4545 5302 6058 6731 7614 9001 10051 10388 11774 12573
3399 3790 4300 5261 5502 6463 6703 7514 8324 8835
4265 5178 5787 6243 7422 7802 8753 9894 10160 11111
4709 5979 7531 8425 8801 10071 11105 11340 12563 13457
1197 1528 1683 1958 2047 2411 2576 2752 3006 3193
4075 4874 5787 6585 7574 7688 8449 9248 10084 11225
3606 4498 4994 5390 6579 6942 7471 8396 9089 9783
2385 2760 3201 3950 4104 4434 4853 5734 5976 6307
2909 3664 4332 5232 5696 6161 6770 7467 7728 8541
2269 2610 2911 3211 3792 4253 4633 4994 5354 5655
2921 3762 4323 4911 5528 5640 6481 7294 7798 8050
5105 6576 7361 8586 8930 10008 11675 12656 13538 14274
1673 2250 2250 2811 3180 3533 3597 4062 4350 4815
3039 3700 4210 5382 5982 6403 7153 7363 8414 8775
2960 3210 3736 4161 4612 5288 5888 6189 6714 7390
4026 5314 5978 6953 7578 8241 8866 10037 10583 11520
1964 2169 2680 2952 3378 3514 3991 4229 4774 5098
1704 1930 2155 2471 2832 3178 3328 3914 3989 4470
3099 3610 4391 5382 5862 6493 7153 7303 8264 8715
5759 6260 7010 8812 9162 10313 11563 12114 13514 14515
5025 5642 7007 7579 8768 9517 10353 10617 11674 12334
1881 2332 2729 3234 3468 3775 4027 4514 5018 5054
3209 3946 4619 5388 5964 6701 7117 7822 8815 8975
1365 1450 1811 2148 2172 2460 2713 3038 3254 3519
2508 2782 3308 3623 4023 4591 5011 5200 5831 6062
1845 2350 2837 2891 3378 3757 4315 4334 4874 5091
1935 2242 2873 3035 3432 3919 4333 4640 4982 5325
2137 2385 2918 3260 3698 4003 4212 4630 5239 5506
4524 5901 6762 7321 8569 9172 9774 10505 11495 12614
2631 2839 3553 3783 4175 4658 5395 5810 6132 6777
3681 4402 5735 6456 7212 7212 8437 8869 9554 10815
4412 5042 5449 6672 7227 7708 8597 9226 9671 10745
3264 3978 4909 5344 5654 6430 6895 7454 8601 8819
1493 1760 2013 2420 2574 2953 3219 3374 3752 4075
4251 5764 6479 6773 8412 8917 9841 10682 11606 11816
3279 3730 4691 5231 5442 6433 7183 7724 8024 8895
3285 3762 4267 4631 5360 5836 6481 7210 7434 7938
4529 5090 6371 6891 7652 8092 9413 10414 11054 11975
2999 3494 3859 4561 5082 5394 6071 6383 7086 7529
3543 4288 4754 5250 5933 6709 7112 7484 8570 8911
4339 4894 5672 6635 6857 7523 8264 8930 9782 11041
1521 1690 2251 2419 2714 2854 3359 3584 3864 3990
2447 3207 3668 3829 4566 4635 5533 5764 5994 6754
5145 5770 7259 8460 8796 10381 11437 11774 12638 13695
2677 3069 3299 3852 4244 4866 5211 5533 6339 6731
4143 5431 5626 6485 7344 8007 8905 9803 10934 11130
1437 1704 2041 2335 2756 2841 3149 3444 3724 4075
1749 2020 2216 2651 2817 3283 3313 3673 4079 4485
1845 2440 2729 3161 3252 3793 4261 4496 5018 5072
3054 3838 4651 4651 5319 6364 6451 7496 7815 8512
3285 3930 4070 4911 5192 5780 6677 6957 7406 8219
5346 5668 6450 7371 8430 9765 10547 11744 12434 12987
4849 5862 6611 7887 8504 9472 10485 10749 11894 13215
2746 2954 3691 3760 4612 4704 5464 5579 6270 6846
3561 4330 4875 5355 5900 7053 7213 8334 8814 9070
5069 5898 7141 8107 8660 9718 10869 11790 12250 13723
4560 5340 5832 7228 7597 8212 9402 10305 11330 11987
4056 4260 5077 5587 6812 7119 7527 8207 9092 10079
4807 5012 6366 7063 7802 8335 9402 10223 10674 11987
1521 1690 2237 2335 2602 3065 3163 3486 3752 4061
1794 2305 2561 2782 3242 3685 3821 4213 4655 4843
1811 2101 2646 3038 3242 3668 3957 4127 4723 4859
4437 5340 6571 7309 7679 9033 9566 10346 11248 11494
4379 4684 5977 6814 7612 7612 8411 9666 10350 10959
1657 2026 2475 2715 3020 3325 3741 4126 4366 4510
5409 6160 7360 8561 9912 10312 11913 12664 13864 14865
4911 5815 6116 7622 7838 8698 10204 10936 11882 12485
2382 2782 2971 3497 4128 4402 4906 5201 5474 5916
1897 2058 2539 2571 3100 3276 3629 4126 4430 4639
3771 4498 4729 5786 6216 6645 7273 8528 8924 9750
1845 2186 2390 3021 3327 3702 3753 4230 4604 5047
4503 5050 6143 7572 8370 9043 9883 10388 11144 11774
3241 4234 4555 5163 5772 6605 7662 7726 8558 9263
4809 6394 7451 8508 9084 10573 10909 11725 13454 13550
4567 5815 6590 7149 7795 8914 10161 10506 11366 12098
5320 5650 6826 7907 9083 10024 10541 11905 12751 13175
5023 6266 6680 8153 9028 9350 10961 11191 12526 13539
3684 4910 5261 6102 6487 7328 7853 8729 9289 10095
4839 5050 5974 7025 8328 9211 9295 10808 11228 12447
2369 2750 2850 3572 3652 4253 4693 4913 5514 5694
5577 6202 7307 8315 9228 9756 11341 12302 12494 13887
1521 1844 2181 2265 2770 2939 3191 3640 3766 3962
2332 2793 3576 4106 4290 4820 5418 5741 6178 6662
1493 1844 2153 2265 2700 3051 3247 3556 3934 4215
5084 5256 6246 7020 8397 9172 9731 10721 11452 12399
4456 4760 5330 6357 6928 7993 8563 9666 10502 10693
4113 4988 5444 6814 7118 8145 8791 9818 10350 11149
2309 3207 3323 3737 4175 4958 5142 5672 6017 6731
5184 6310 6445 7931 8607 9372 9958 11309 11714 13425
5299 6036 7371 7877 8844 9718 10685 11790 11974 13539
4689 5370 6371 7131 7972 8372 9293 10374 11014 11334
4911 5428 6418 7063 7838 9430 9731 10764 11581 12485
3719 4560 5436 5786 6347 7222 7993 9114 9429 10445
4847 5709 6037 6817 8171 8787 9197 10592 10879 11740
5481 6058 7019 8508 9468 9756 10813 12350 12638 13935
3579 4120 4631 5351 5892 6012 7213 7483 8414 8414
2319 2760 3113 3774 3994 4699 4897 5514 5778 6483
2361 2950 3076 3707 4023 4422 4927 5411 5852 6294
5859 6310 7260 8461 9812 10613 11963 12013 13564 14665
1673 1978 2539 2571 3132 3292 3549 4142 4430 4799
3579 4260 4839 5689 6370 7323 7765 8208 9058 10011
4026 4729 5510 6407 7695 7930 8671 10115 10466 10974
3337 4330 4715 5195 5772 6509 7053 7950 8622 9103
1629 2020 2110 2621 2772 3313 3568 3734 3959 4395
1175 1429 1594 1892 2146 2389 2554 2808 3006 3304
5559 6960 7561 8011 9562 10112 11513 12364 14014 14765
1930 2101 2475 2969 3293 3753 3872 4298 4723 4979
4560 5545 6325 6612 7802 8623 9320 9977 10756 11823
1329 1594 1835 2063 2268 2545 2701 3098 3158 3591
5595 6380 7655 8684 9077 10744 11528 11920 12803 14470
3010 3285 3560 4336 4837 5413 5738 6239 6539 7340
1524 2035 2201 2501 2922 3027 3418 3749 3989 4440
1849 2234 2571 2635 3164 3372 3741 4142 4398 4606
1230 1495 1727 1826 2036 2433 2565 2819 3094 3282
4209 4890 5851 6571 7412 8093 9053 9974 10654 11775
2189 2530 3091 3491 3792 4353 4473 5174 5214 5695
2007 2170 2693 3197 3288 3901 4333 4586 4838 5379
4489 5170 5610 7132 7572 8332 9453 9613 11014 11655
2837 3454 4435 4631 5192 5752 6229 7266 7462 8331
5069 6312 6726 7509 8844 9765 10409 11974 12342 13539
1764 2065 2261 2411 3012 3057 3553 3719 3989 4259
2601 3250 3587 4331 4716 4860 5701 6062 6446 7191
1089 1240 1501 1631 2012 2153 2273 2584 2814 2885
1190 1250 1460 1731 2002 2082 2293 2544 2704 2865
2909 3110 3886 4111 4787 5488 5788 6263 6939 7340
3851 4328 5383 5927 6812 7220 7663 8820 8854 10011
5170 5471 6289 7106 7838 8741 9516 10807 11366 12872
4352 5944 6418 7321 8096 8914 9559 10592 11796 12657
5008 5260 6395 7025 7908 8707 9883 10093 11438 11943
2952 3412 3817 4736 5061 5872 6196 6980 7520 7655
2130 2908 3371 3665 3939 4254 4801 5411 5537 5958
1648 1690 2041 2405 2588 2981 3191 3542 3668 4201
4293 5386 6563 6899 7866 8959 10051 10724 11102 11774
1661 1900 2054 2363 2700 3051 3163 3570 3654 4089
4153 4598 5524 6523 7079 8005 8449 9449 9819 10893
2209 2450 3031 3451 3632 4193 4433 5214 5394 5975
3342 4168 5258 5753 6447 6876 7735 8528 8858 9816
1591 1760 2139 2433 2756 3050 3373 3443 3892 4215
1297 1418 1694 1870 2025 2212 2433 2753 2995 3172
2193 2740 3245 3686 4044 4212 4864 5411 5684 6273
1556 1569 2065 2273 2508 2860 3016 3237 3524 3889
3681 4474 5627 5987 6852 7537 8293 8690 9374 10131
1478 1583 1830 2208 2495 2743 2977 3160 3394 3850
3005 3678 4239 4519 5108 5837 6229 6902 7798 8275
4409 5642 7007 7623 8460 9517 9825 11278 11850 12510
2529 3346 3803 4331 4692 5100 5701 6110 6398 6806
4755 5470 5974 6899 7992 8917 9337 10682 11438 12573
4889 5340 6325 7310 7597 9033 9074 10674 10674 11699
4809 6250 7499 8123 8796 10045 10909 12302 13310 13502
4104 5119 5900 6290 7032 8515 8905 9452 10232 10935
3999 4836 5597 6243 7384 8069 8867 9324 10578 10883
1801 2026 2379 2892 3068 3308 3805 3933 4238 4719
3009 3210 3936 4461 4562 5087 5588 6489 7014 7290
1029 1300 1491 1621 1892 2113 2273 2544 2734 2825
4554 5590 6536 7796 8292 9643 10723 11579 12254 12750
3613 4600 4770 5996 6710 6880 8037 8173 8956 9739
2169 2610 3131 3391 3632 4273 4633 4813 5574 5655
5145 6586 7019 7787 9516 10045 10765 12062 12782 14127
3497 4330 4746 5611 6348 6989 7341 7789 8942 9198
3489 4060 4511 5081 5862 6523 6853 7453 8084 8775
1530 1582 2000 2325 2482 2847 3094 3198 3654 3876
1281 1678 1907 2172 2232 2544 2821 2941 3266 3470
3295 4040 4381 5095 5685 6709 7453 7950 8291 9284
3388 4164 4443 5250 5747 6616 7391 8043 8477 8849
4769 5490 6331 7051 7492 8572 9533 10093 10654 11614
4221 4924 6095 6524 7695 7851 9217 10076 10427 11520
4569 5216 5901 6395 7498 7612 9019 9780 10274 10730
2529 2635 3308 3644 3981 4633 4969 5369 5621 6083
4644 5950 6941 7751 8202 9688 9913 11534 12119 12930
1913 2169 2629 3037 3344 3668 4042 4212 4570 4961
2649 2804 3355 3883 4082 4500 5271 5690 5932 6505
4077 4726 5447 6311 6636 7933 8221 9122 9986 10490
2061 2350 2783 3035 3612 3630 4189 4496 4730 5397
3509 4840 5436 5716 6382 7678 8168 8519 9604 9920
