1000 10 10
7 89 48 95 24 63 61 97 36 78 69 0 34
9 76 48 44 61 92 29 72 73 31 22 0 43
10 35 63 23 95 55 51 66 90 35 68 0 49
6 37 54 70 48 32 20 75 24 88 30 0 29
3 41 63 33 74 29 58 35 44 21 31 0 11
7 100 38 35 50 22 47 78 68 40 63 0 34
4 93 61 47 80 93 54 24 84 95 84 0 18
10 93 43 27 41 67 76 23 95 26 86 0 47
5 42 43 39 49 82 39 34 96 70 99 0 22
5 79 76 86 41 27 33 70 88 65 67 0 22
10 20 73 100 94 76 94 77 50 25 83 0 46
10 32 38 83 41 81 26 65 75 68 85 0 46
9 45 60 96 53 41 25 28 32 73 72 0 45
3 58 97 91 67 49 38 70 68 47 85 0 13
2 71 30 39 97 85 53 49 77 24 67 0 10
10 95 20 77 59 24 43 89 74 73 94 0 48
5 57 65 88 78 97 31 64 27 75 28 0 22
3 29 53 82 57 82 86 99 85 97 65 0 13
9 20 94 85 33 35 82 36 62 39 59 0 43
10 89 62 36 28 62 56 29 23 76 80 0 48
9 60 86 100 47 98 74 67 54 82 82 0 44
10 71 60 64 20 47 34 79 66 35 53 0 46
5 45 44 37 97 70 65 81 99 70 60 0 24
5 34 60 89 70 34 65 92 31 64 35 0 25
6 39 44 81 96 72 39 40 23 52 89 0 27
8 79 92 99 48 60 22 65 30 23 28 0 39
10 70 59 70 65 66 85 85 23 65 76 0 48
7 89 40 48 50 95 79 41 67 42 85 0 35
7 25 72 77 97 66 41 83 37 89 73 0 32
6 97 96 32 38 84 44 85 81 99 29 0 27
5 40 69 41 67 76 26 43 54 60 34 0 22
5 68 20 22 92 39 68 95 66 34 37 0 24
5 73 44 48 50 27 85 73 75 93 89 0 24
4 30 39 40 29 98 89 28 74 93 24 0 18
3 98 21 54 77 67 91 94 98 44 97 0 14
9 40 93 58 77 63 44 59 56 55 28 0 45
8 66 69 74 38 96 53 74 65 71 86 0 36
10 25 97 37 81 66 59 79 21 45 85 0 48
10 94 27 31 90 24 36 82 31 62 53 0 46
6 53 48 74 63 26 56 70 44 39 57 0 30
3 60 36 85 32 70 85 74 100 84 50 0 11
4 43 76 41 39 76 60 79 31 95 73 0 17
6 21 61 98 37 53 20 65 53 42 35 0 26
3 90 86 75 93 38 37 25 77 38 72 0 11
9 62 47 20 86 77 63 64 29 76 76 0 42
9 49 47 45 28 92 88 92 89 61 32 0 45
3 76 66 52 32 39 97 75 49 32 98 0 11
10 39 29 57 58 62 63 41 27 47 56 0 49
3 99 59 74 50 53 81 46 87 60 87 0 12
7 54 59 80 89 29 84 45 69 74 38 0 32
9 84 75 79 96 36 83 93 31 76 78 0 41
9 41 96 69 30 69 33 50 24 49 44 0 44
5 20 75 70 82 23 38 38 42 69 27 0 21
7 43 75 30 36 64 77 30 78 84 21 0 32
10 97 91 63 29 93 47 33 54 72 51 0 46
10 43 67 63 51 97 33 54 86 66 63 0 49
4 88 25 89 27 38 92 72 53 25 93 0 19
9 36 48 89 59 53 31 68 21 43 54 0 43
4 42 69 75 70 84 46 58 82 31 32 0 18
3 79 63 77 79 70 25 47 98 60 39 0 14
6 54 28 43 77 39 61 94 95 26 82 0 29
10 45 57 85 96 58 42 51 69 33 52 0 46
6 90 25 22 96 25 71 46 67 31 47 0 30
2 35 73 98 40 83 95 61 20 50 86 0 10
3 21 59 96 33 95 82 69 77 63 65 0 15
9 98 41 84 68 63 67 83 53 56 67 0 42
3 61 74 90 53 22 40 35 43 75 32 0 14
9 89 65 55 59 27 52 58 84 73 47 0 43
3 71 49 58 30 49 83 76 46 70 31 0 13
4 67 30 78 50 48 61 65 68 82 51 0 16
5 78 66 25 58 55 96 80 64 81 63 0 24
7 98 70 49 66 85 58 50 68 68 68 0 32
7 74 91 94 57 95 26 65 91 78 84 0 32
10 28 38 34 78 53 56 48 59 56 33 0 47
7 41 48 100 33 57 68 46 28 44 68 0 33
4 43 33 35 37 70 39 96 61 28 88 0 19
3 62 79 40 49 55 60 27 98 28 33 0 12
10 73 23 61 96 90 37 95 63 92 93 0 50
9 90 59 23 69 35 31 86 21 51 33 0 44
2 83 59 37 52 74 64 86 67 55 71 0 10
3 76 76 86 24 95 62 88 33 74 21 0 15
6 75 77 42 86 48 28 48 77 88 34 0 29
9 41 77 62 74 49 82 68 60 72 97 0 41
5 35 35 78 69 98 62 41 40 49 31 0 22
9 77 88 33 90 77 78 69 45 52 28 0 41
3 95 33 30 30 28 88 68 24 88 91 0 13
7 60 70 54 34 33 97 41 42 57 38 0 35
7 33 69 51 44 90 35 51 86 59 48 0 34
5 36 69 58 64 57 40 93 63 47 60 0 23
4 50 61 38 78 75 43 69 91 32 31 0 18
9 91 95 88 86 28 78 83 64 40 75 0 43
3 90 38 87 31 41 29 78 84 31 22 0 12
8 85 25 69 50 96 29 88 98 27 64 0 39
7 83 26 44 44 29 31 24 79 45 68 0 31
10 66 69 95 46 96 20 99 25 23 97 0 46
7 31 52 45 23 98 88 72 73 89 53 0 33
9 24 67 79 86 74 41 98 23 52 71 0 45
5 54 53 35 97 47 90 31 70 37 31 0 25
10 69 47 97 95 64 58 49 73 73 87 0 46
8 82 98 83 63 99 75 92 94 57 92 0 39
8 38 71 69 23 95 61 87 71 91 52 0 39
3 80 50 52 62 75 43 87 84 24 93 0 11
3 58 91 50 25 67 54 66 73 41 35 0 13
4 99 53 59 43 28 47 59 60 55 56 0 18
10 64 97 58 56 56 43 25 55 99 65 0 48
10 51 28 23 27 84 97 90 56 26 64 0 47
5 93 25 70 32 54 29 49 91 33 28 0 25
3 26 54 97 26 34 87 93 83 97 92 0 11
2 54 36 97 22 27 56 91 44 81 69 0 10
7 96 76 61 81 57 90 56 91 51 61 0 31
6 47 49 38 77 90 73 47 71 96 32 0 26
10 47 26 88 49 34 29 97 34 29 83 0 48
7 39 46 76 42 45 55 49 35 37 78 0 32
9 49 92 49 32 23 82 54 83 89 33 0 41
6 37 83 98 84 78 79 95 25 42 26 0 30
2 27 39 31 54 48 78 73 58 38 22 0 10
8 78 96 79 66 36 43 72 98 61 76 0 36
10 47 77 48 35 55 91 77 89 75 64 0 48
4 34 25 85 55 24 94 50 88 50 53 0 16
9 94 79 79 80 79 79 54 45 75 62 0 41
10 96 51 55 87 82 89 83 26 25 48 0 49
9 79 89 38 91 50 40 49 53 44 81 0 45
4 72 63 34 59 86 93 30 22 83 23 0 20
7 80 46 73 74 89 59 79 37 69 86 0 35
5 29 34 86 59 86 68 83 36 49 32 0 25
5 73 62 45 51 23 28 90 76 33 35 0 22
4 91 34 91 21 80 21 75 73 52 31 0 17
3 96 89 77 63 96 89 54 84 25 23 0 13
6 98 24 61 42 20 53 52 51 93 23 0 26
9 97 85 47 86 95 90 98 100 40 90 0 44
7 53 99 53 58 31 97 95 71 85 65 0 35
9 83 99 45 43 71 40 69 65 44 20 0 45
7 84 97 62 33 63 23 94 85 78 22 0 33
6 98 65 87 24 98 34 47 83 81 38 0 30
5 48 22 98 48 60 82 74 78 84 74 0 24
7 31 51 77 89 55 78 55 38 92 82 0 31
9 20 85 28 21 43 21 45 21 45 98 0 44
6 78 84 69 55 79 84 53 73 42 58 0 28
9 70 77 48 44 80 39 23 31 64 57 0 45
6 76 52 64 39 57 91 54 21 23 89 0 28
4 25 96 88 24 57 94 76 37 90 54 0 19
10 60 68 32 76 29 94 65 78 81 58 0 49
10 37 84 97 93 99 74 91 48 33 68 0 48
7 36 44 61 62 87 79 81 23 88 99 0 32
3 45 43 30 29 79 64 51 66 52 21 0 14
6 79 63 80 73 32 69 38 55 51 44 0 26
9 46 57 95 68 26 97 53 56 53 95 0 44
9 95 88 69 62 34 74 36 82 35 50 0 43
3 49 66 89 39 40 58 82 33 79 36 0 12
7 39 53 28 52 51 47 80 33 64 61 0 34
5 39 26 43 85 58 59 92 97 22 45 0 21
9 51 38 31 80 45 41 51 73 61 87 0 43
4 40 92 43 66 95 50 91 69 52 78 0 17
4 91 87 45 32 86 50 95 28 85 93 0 19
5 65 95 85 41 66 49 95 26 24 91 0 23
6 25 34 91 56 79 27 62 35 59 37 0 29
8 92 93 95 57 63 77 81 46 40 98 0 38
8 50 94 97 82 62 45 48 80 96 75 0 38
4 76 62 96 37 32 68 28 58 84 56 0 20
8 98 33 96 35 56 100 27 29 46 50 0 36
6 30 92 87 48 80 76 75 58 22 46 0 29
4 59 93 41 51 82 90 86 89 99 60 0 17
3 60 58 29 97 65 72 64 91 81 54 0 14
6 38 46 27 69 76 89 61 63 73 59 0 28
4 39 74 73 32 60 60 77 84 65 45 0 18
7 33 76 37 67 22 75 34 21 28 87 0 35
10 40 37 93 52 38 30 37 58 23 64 0 49
9 34 90 48 60 90 61 38 63 36 30 0 44
5 67 76 26 27 42 78 20 27 84 90 0 24
10 64 33 38 96 62 60 98 76 95 58 0 48
4 47 71 38 98 78 67 67 45 81 50 0 16
7 86 49 86 95 71 94 89 88 97 44 0 32
10 50 88 95 24 87 57 52 22 21 35 0 46
3 39 38 25 42 71 88 94 34 85 44 0 11
7 34 63 90 20 74 65 88 77 81 66 0 31
3 90 35 89 93 95 86 94 52 72 39 0 14
5 74 100 86 42 56 79 78 67 66 32 0 21
9 50 39 53 86 97 63 35 25 75 60 0 43
9 26 93 90 73 93 56 84 63 25 91 0 41
6 25 46 63 88 56 89 59 37 89 97 0 26
10 75 36 25 38 91 48 85 58 84 38 0 46
3 68 47 70 43 31 70 49 28 22 50 0 11
3 41 48 94 60 88 85 30 66 96 76 0 14
3 85 29 53 24 43 56 23 63 42 33 0 11
5 37 55 79 97 68 88 61 30 96 28 0 22
3 37 56 20 33 80 46 31 52 24 50 0 15
3 29 92 67 95 93 75 51 85 83 94 0 15
6 62 42 31 63 69 53 26 38 63 94 0 30
7 77 37 53 64 92 93 38 58 76 65 0 31
10 93 67 57 21 74 89 48 75 68 66 0 48
4 77 23 22 21 62 22 65 95 81 54 0 20
8 78 52 65 22 95 20 39 55 80 25 0 36
8 30 39 39 31 33 33 98 85 75 53 0 39
3 76 69 69 83 79 23 44 99 81 31 0 14
5 76 53 54 96 63 88 78 25 82 31 0 23
9 53 45 93 77 56 73 34 94 34 35 0 44
10 41 38 30 48 22 34 64 89 44 88 0 50
10 55 84 24 26 81 88 82 68 32 25 0 46
3 51 62 45 67 47 27 63 98 62 91 0 14
8 73 28 73 88 26 56 52 79 27 96 0 37
7 79 77 41 52 81 67 59 31 23 24 0 31
5 90 27 50 75 71 37 27 98 35 85 0 23
6 73 75 26 67 39 71 36 37 76 67 0 29
9 86 43 62 61 46 93 49 48 68 20 0 41
7 33 90 56 54 84 63 92 85 42 75 0 35
7 66 71 78 49 63 51 24 73 45 91 0 33
10 53 65 25 87 83 41 48 73 85 65 0 47
9 45 72 43 33 23 84 72 89 42 94 0 42
9 87 81 33 43 72 56 30 52 47 87 0 43
6 21 30 48 51 42 30 72 95 64 56 0 28
3 57 37 96 60 96 25 26 73 34 87 0 13
6 99 71 23 37 40 33 60 25 39 51 0 28
4 32 81 20 77 68 64 87 35 62 70 0 19
6 39 89 41 93 88 25 46 86 74 60 0 27
6 99 49 51 57 40 49 41 26 20 26 0 26
9 30 25 31 87 41 56 89 91 71 54 0 41
9 40 90 95 20 44 71 64 27 76 43 0 44
9 95 66 66 24 65 33 84 72 82 90 0 44
8 80 46 63 21 65 57 83 94 26 70 0 39
6 27 25 29 40 46 95 67 30 77 81 0 28
9 39 56 64 70 70 72 40 59 75 83 0 41
5 23 77 82 64 41 54 72 33 68 64 0 25
7 91 31 61 78 89 99 24 20 31 85 0 35
9 53 79 51 32 82 55 28 34 42 59 0 45
8 64 38 66 88 28 38 74 88 72 51 0 38
5 32 23 42 23 85 48 65 54 33 64 0 23
3 34 89 46 40 65 36 23 22 38 86 0 11
10 57 61 67 45 94 32 77 34 58 37 0 46
7 80 98 74 42 68 45 87 81 23 53 0 33
5 45 88 90 35 66 52 26 41 31 95 0 23
8 99 46 22 23 87 53 93 69 88 94 0 40
10 78 75 60 28 74 86 45 68 86 94 0 48
5 85 60 55 32 41 79 82 33 62 89 0 22
7 30 72 25 75 26 85 68 95 94 30 0 32
10 36 96 25 83 28 69 44 57 41 91 0 49
7 87 78 48 40 48 23 81 93 70 61 0 32
10 75 68 46 61 52 58 73 83 75 44 0 50
5 35 64 61 87 73 69 93 57 59 99 0 24
7 88 90 91 75 57 29 96 28 20 95 0 35
7 26 72 75 24 97 78 33 91 85 82 0 35
2 36 44 77 66 91 89 87 59 52 68 0 10
4 63 60 77 73 29 57 68 54 89 94 0 16
9 47 94 37 88 35 69 81 90 94 74 0 44
8 46 68 30 56 53 88 36 98 40 92 0 39
6 33 22 62 92 63 40 44 89 72 22 0 30
8 47 90 55 76 38 99 70 48 32 35 0 38
3 45 96 47 55 81 69 49 79 69 96 0 14
4 24 78 64 58 67 85 45 22 62 97 0 18
3 53 20 34 91 33 66 44 58 82 84 0 15
5 66 54 64 80 56 56 92 45 69 37 0 23
6 95 35 32 21 35 99 31 24 98 26 0 26
10 52 57 57 100 90 54 35 93 25 96 0 49
8 91 67 64 78 27 70 61 39 42 25 0 40
5 72 67 68 49 30 71 75 79 54 49 0 22
7 91 82 76 66 89 64 34 71 34 43 0 33
5 23 94 78 29 91 70 96 36 60 41 0 22
6 48 58 44 60 31 56 93 65 78 27 0 27
10 25 94 50 36 59 32 87 69 68 90 0 46
6 61 39 43 27 60 69 95 98 80 86 0 30
5 42 37 87 98 96 99 23 33 43 95 0 23
10 90 90 27 27 88 48 65 34 89 23 0 50
9 51 86 93 40 40 28 72 53 55 54 0 43
3 67 35 23 45 68 60 89 52 39 51 0 13
8 50 31 23 77 96 87 66 55 85 21 0 38
10 28 84 81 82 47 38 62 51 89 98 0 49
9 45 40 97 56 40 59 82 65 44 94 0 44
9 38 95 87 67 88 71 68 28 56 98 0 42
2 84 46 92 57 21 70 60 35 22 50 0 10
8 43 38 90 24 79 27 46 49 70 88 0 39
6 69 64 88 56 82 24 60 59 94 45 0 29
9 29 93 74 83 24 57 93 30 57 87 0 45
8 28 33 25 99 50 91 71 69 64 97 0 37
7 98 74 91 30 48 80 81 90 71 51 0 32
6 55 61 95 74 45 38 72 39 75 65 0 28
5 51 83 54 73 59 52 69 48 85 99 0 25
7 68 85 27 44 87 82 35 62 42 35 0 32
10 22 48 74 23 30 89 54 40 51 97 0 49
7 29 50 52 92 53 44 64 40 30 37 0 35
5 96 90 95 42 40 22 94 83 27 26 0 25
10 58 50 59 72 50 99 99 82 31 58 0 48
9 56 76 31 67 34 47 72 69 71 61 0 45
4 52 81 63 55 90 20 82 73 38 91 0 19
6 26 69 43 38 70 37 62 47 99 58 0 26
7 66 76 87 72 86 69 55 83 27 60 0 32
9 39 85 31 46 58 77 39 40 98 27 0 43
10 54 46 56 33 29 95 98 80 68 25 0 48
7 78 59 21 50 75 92 91 33 68 35 0 32
5 59 36 41 27 42 65 96 95 50 28 0 22
7 38 93 22 64 86 22 26 22 40 30 0 35
5 94 23 86 48 54 68 71 98 27 36 0 25
10 78 70 98 41 81 34 30 71 59 26 0 50
5 41 50 61 80 49 92 65 39 29 34 0 24
4 87 84 25 21 80 26 50 30 46 31 0 16
5 73 84 77 52 69 36 28 28 81 34 0 22
3 63 53 80 31 36 86 98 25 45 26 0 11
8 50 58 68 53 78 37 75 32 76 40 0 39
5 67 74 35 92 80 47 39 74 23 53 0 22
8 43 38 98 45 73 53 36 59 98 61 0 39
9 45 80 25 94 23 83 51 56 53 57 0 44
5 26 79 99 63 45 43 50 39 61 29 0 22
5 80 60 48 28 72 75 84 88 25 81 0 25
4 68 79 37 48 33 21 90 33 97 35 0 17
3 24 22 83 64 73 30 50 56 69 62 0 14
9 39 43 54 72 89 94 36 57 52 21 0 41
9 71 68 38 49 46 80 56 35 36 60 0 42
7 32 63 62 56 40 61 40 41 95 26 0 32
6 59 91 30 94 37 39 76 92 91 48 0 26
3 24 54 41 38 38 70 48 77 62 78 0 13
5 67 43 93 31 35 32 48 76 25 86 0 24
7 51 45 79 63 23 47 47 41 89 75 0 32
7 66 83 91 50 39 41 84 59 93 66 0 31
8 23 81 97 50 93 67 33 32 69 90 0 37
8 33 62 78 71 49 32 71 56 56 52 0 37
8 37 77 46 62 99 30 63 82 58 73 0 40
10 69 72 63 23 42 90 76 80 98 31 0 48
4 79 38 46 45 73 75 32 83 56 68 0 17
3 96 74 51 31 54 68 89 52 25 72 0 12
10 70 64 83 90 42 96 28 97 31 60 0 50
8 81 64 71 36 49 52 42 67 52 43 0 39
6 97 94 36 49 87 83 62 37 36 51 0 28
5 56 94 61 40 66 33 46 28 24 23 0 24
5 71 35 40 66 56 51 34 32 53 27 0 22
9 88 68 92 60 68 58 64 61 80 60 0 41
8 44 80 24 22 94 53 33 43 72 82 0 40
9 45 97 92 68 67 91 64 65 95 25 0 42
6 29 31 25 36 66 66 58 61 41 20 0 26
3 72 77 74 89 60 78 84 55 76 96 0 14
5 27 99 64 99 84 77 59 43 64 57 0 22
4 78 46 59 34 90 33 89 79 32 76 0 17
9 31 57 97 68 89 55 55 33 74 79 0 44
9 78 49 75 23 59 42 30 97 31 67 0 43
8 61 71 59 91 75 85 73 71 98 81 0 39
5 100 70 30 24 57 79 89 34 25 54 0 24
7 44 37 40 87 68 40 89 72 54 59 0 35
7 63 82 85 65 49 40 100 64 48 54 0 35
7 49 99 21 62 98 78 88 42 48 78 0 33
3 40 77 76 40 52 36 24 35 78 32 0 12
6 23 97 35 20 61 37 42 37 31 72 0 30
5 77 72 59 81 74 95 44 65 80 51 0 21
6 21 81 58 42 43 42 99 70 60 25 0 30
7 81 43 82 87 84 78 87 78 84 34 0 35
10 60 67 95 47 59 26 46 92 35 69 0 49
9 71 44 90 58 90 40 44 86 91 22 0 44
4 32 86 74 35 69 59 50 42 96 38 0 16
7 50 43 20 20 50 66 33 43 42 65 0 31
6 38 90 31 23 85 88 34 99 20 91 0 29
5 61 80 67 23 55 34 89 67 20 23 0 21
3 93 25 40 54 34 93 25 86 68 21 0 13
4 98 69 52 34 39 85 97 70 51 40 0 19
10 59 92 48 95 99 50 51 38 63 68 0 46
9 53 67 52 35 45 23 21 94 33 73 0 43
4 41 95 27 22 70 37 76 34 82 49 0 20
9 97 64 48 23 68 62 70 43 55 31 0 44
6 29 60 82 48 85 43 91 52 97 71 0 30
4 55 81 27 81 49 70 24 32 44 41 0 16
3 33 22 99 84 28 21 94 88 21 93 0 14
5 24 64 96 43 24 29 32 78 31 34 0 24
6 25 77 94 55 25 22 51 42 69 79 0 27
6 23 59 35 27 76 38 41 75 61 84 0 29
6 30 85 72 22 61 94 62 27 61 84 0 26
10 69 97 20 74 48 53 73 71 33 25 0 47
3 46 93 37 51 32 77 46 85 93 67 0 12
8 23 88 98 65 91 27 43 42 71 95 0 37
3 94 57 60 58 88 43 98 44 50 45 0 15
7 42 89 78 23 65 81 93 53 51 57 0 35
3 44 61 93 99 39 50 90 45 38 82 0 14
3 47 23 37 33 68 25 73 82 47 71 0 13
5 26 99 95 42 89 29 56 74 84 70 0 22
3 77 23 89 60 30 26 88 72 20 68 0 12
10 56 92 66 27 54 61 52 37 98 70 0 49
9 20 62 52 42 51 39 79 58 53 70 0 44
9 88 40 98 39 82 71 85 34 68 88 0 44
7 40 68 51 49 35 43 35 29 88 91 0 32
7 45 42 83 72 38 35 40 60 52 22 0 31
9 31 90 94 49 73 21 53 81 37 81 0 43
10 82 72 43 36 69 28 46 83 55 82 0 50
5 28 45 51 61 40 84 62 98 55 50 0 21
4 73 75 59 33 65 87 86 43 59 93 0 18
6 82 52 92 82 60 75 85 76 66 39 0 28
8 35 49 37 53 64 59 71 95 95 20 0 36
6 38 64 44 92 76 87 48 93 51 29 0 26
9 87 24 65 75 22 71 42 36 80 41 0 44
10 39 75 50 66 69 35 46 22 80 89 0 50
6 76 97 50 71 95 71 43 25 30 87 0 26
6 45 82 78 33 82 56 22 90 42 44 0 26
10 49 96 23 38 90 26 65 29 21 25 0 46
8 25 30 26 66 39 58 94 78 81 31 0 39
10 71 59 87 49 74 50 82 53 83 36 0 50
8 74 38 55 86 37 71 81 27 22 81 0 40
7 82 40 48 72 72 45 30 81 31 87 0 34
10 66 93 90 44 86 95 37 78 94 45 0 46
4 55 73 95 22 58 26 64 64 30 93 0 19
6 77 57 96 98 42 25 93 59 35 26 0 30
7 63 48 35 36 40 88 81 69 50 87 0 34
9 28 94 32 77 41 39 76 22 77 98 0 45
4 24 22 39 48 75 33 88 37 66 39 0 19
4 64 97 55 25 77 59 69 95 55 87 0 18
10 26 100 82 98 81 63 21 24 59 79 0 46
7 96 49 33 31 31 53 65 47 63 90 0 34
7 68 89 94 56 23 86 51 32 75 97 0 32
4 47 56 96 86 66 66 51 77 32 57 0 20
2 21 45 85 42 63 79 79 36 63 44 0 10
3 24 94 61 86 55 68 98 74 75 99 0 11
10 58 32 39 40 55 69 35 45 96 34 0 50
10 36 74 62 98 70 89 58 22 50 58 0 46
10 33 75 90 63 25 49 33 48 50 75 0 48
4 59 21 39 83 53 83 58 47 69 67 0 19
9 96 37 75 20 46 30 30 66 80 90 0 42
9 49 98 53 89 33 83 98 89 51 83 0 45
8 78 94 32 75 45 73 30 35 63 60 0 37
2 59 23 32 28 93 95 34 43 64 51 0 10
3 85 40 53 58 36 73 41 54 61 74 0 11
8 67 92 62 68 55 35 37 82 94 61 0 37
2 80 74 68 99 33 63 29 86 92 80 0 10
3 96 51 57 89 37 86 81 39 96 49 0 15
3 40 90 79 21 29 80 55 39 60 65 0 12
9 52 84 79 61 99 22 95 29 34 57 0 45
10 42 89 58 74 47 38 38 96 25 75 0 49
8 32 83 61 36 74 57 26 37 20 30 0 39
8 28 55 98 67 74 87 63 24 45 96 0 36
10 42 47 90 78 40 73 38 97 64 79 0 48
10 54 79 51 62 85 74 79 24 37 66 0 48
4 22 63 71 27 78 48 20 40 29 53 0 18
4 21 46 39 51 54 21 64 36 65 91 0 18
6 53 44 49 81 82 75 48 44 31 90 0 30
3 73 73 43 34 84 39 29 59 61 41 0 15
10 32 55 56 66 79 78 74 63 42 96 0 47
10 54 95 78 79 72 43 61 73 98 47 0 49
4 22 45 38 86 49 84 26 83 71 67 0 19
9 40 85 39 72 28 84 32 68 34 91 0 43
7 87 73 58 80 35 38 58 36 22 31 0 33
7 50 51 61 56 22 53 62 63 63 92 0 31
3 49 58 42 52 82 53 70 90 54 70 0 12
4 96 94 82 64 37 28 55 98 43 91 0 17
4 31 47 59 34 21 27 28 73 31 59 0 16
6 62 96 84 83 78 62 36 86 46 94 0 30
7 80 92 92 59 25 79 35 85 96 32 0 33
7 38 60 97 31 30 62 66 35 41 84 0 35
6 56 94 81 43 86 33 25 76 89 82 0 26
8 53 81 78 95 76 84 67 75 37 22 0 40
8 72 72 38 90 27 50 81 69 37 82 0 36
4 41 74 22 21 88 59 87 95 39 99 0 17
8 82 94 82 36 74 58 66 83 93 78 0 37
5 66 50 96 62 27 37 74 56 52 97 0 24
9 36 21 86 64 68 62 81 74 58 69 0 45
8 84 53 50 30 33 71 24 67 44 57 0 37
8 77 45 59 78 54 90 66 55 86 88 0 40
6 24 58 59 77 62 62 34 63 33 53 0 30
4 24 35 66 88 91 91 61 68 30 41 0 18
4 44 26 61 85 27 89 83 29 29 46 0 16
7 64 68 59 89 65 72 57 57 74 74 0 32
8 95 77 62 28 61 74 63 82 35 95 0 37
4 63 77 51 32 47 72 76 21 47 28 0 17
8 42 21 52 23 58 37 73 76 34 31 0 37
10 68 53 25 33 21 29 45 95 62 78 0 46
4 42 32 90 22 56 55 56 34 72 30 0 19
8 29 32 46 65 51 38 33 26 90 32 0 38
10 35 87 83 60 57 51 100 99 54 85 0 46
8 87 41 83 98 69 88 41 71 50 94 0 40
4 59 31 91 43 36 22 89 75 98 48 0 20
4 42 92 75 35 84 89 21 85 91 36 0 17
9 47 77 36 99 57 40 72 26 36 88 0 44
5 52 41 25 82 65 41 22 53 51 32 0 23
4 75 60 30 36 52 97 57 53 94 92 0 18
7 36 30 68 87 54 92 97 26 61 84 0 34
6 27 44 54 55 24 58 91 60 55 81 0 29
10 39 63 76 95 38 59 67 55 27 98 0 48
10 45 28 64 48 70 45 62 22 35 85 0 50
9 79 48 34 35 72 34 22 63 55 63 0 43
7 68 45 22 47 56 61 75 84 56 32 0 32
3 90 74 44 60 95 91 79 96 29 78 0 12
7 92 91 33 32 96 36 40 70 47 23 0 31
5 23 27 26 91 99 48 26 21 34 100 0 23
7 62 82 55 53 90 33 81 79 88 32 0 35
5 92 93 87 59 53 78 41 70 67 86 0 24
6 89 92 77 32 31 41 74 49 26 53 0 26
8 82 94 98 23 53 90 34 58 99 37 0 36
10 60 52 52 67 34 66 29 100 88 24 0 46
3 87 50 66 43 74 45 85 32 70 31 0 11
3 97 49 67 42 56 48 48 48 84 58 0 13
4 73 76 45 29 24 63 39 74 71 85 0 16
10 39 67 91 89 51 60 43 73 84 49 0 50
4 55 78 57 41 96 76 64 79 84 28 0 19
6 67 64 53 86 37 81 51 25 75 35 0 28
4 68 21 72 29 31 42 43 37 58 64 0 20
10 32 74 32 79 48 86 60 88 67 81 0 47
8 67 84 64 35 49 20 50 29 88 87 0 39
5 30 87 30 84 54 89 56 51 65 57 0 23
7 53 89 35 93 92 28 67 99 42 95 0 33
8 87 98 51 80 44 75 44 72 84 22 0 36
4 82 21 36 28 35 46 97 87 47 27 0 18
3 72 73 83 43 46 49 30 21 49 60 0 13
8 88 85 66 87 78 65 88 22 50 30 0 36
3 99 30 100 73 72 98 89 38 49 64 0 12
7 39 71 57 85 35 20 52 34 55 91 0 33
3 77 44 49 84 40 44 72 33 83 68 0 13
10 65 70 94 23 72 25 65 55 76 84 0 47
6 86 82 37 95 25 88 62 27 60 48 0 29
9 84 48 22 47 26 40 98 56 94 78 0 45
9 70 53 48 97 87 62 50 87 86 80 0 43
9 69 46 66 60 52 45 92 65 29 97 0 43
3 93 61 92 70 84 40 55 66 98 34 0 14
3 96 72 56 63 23 81 55 64 64 44 0 15
7 84 42 36 54 37 68 26 85 27 92 0 32
7 25 72 40 94 75 48 61 90 87 39 0 31
6 56 71 78 41 59 38 25 94 63 27 0 27
7 21 50 64 60 64 70 48 44 62 36 0 32
10 54 48 95 76 38 66 61 65 90 60 0 47
10 82 37 94 58 69 25 75 79 40 78 0 48
10 57 31 61 83 79 77 32 40 48 41 0 48
9 57 82 28 59 77 48 35 94 84 79 0 41
8 70 93 55 70 48 56 83 42 57 68 0 39
6 38 94 99 33 65 21 33 94 49 35 0 27
7 64 97 35 63 74 82 44 99 53 51 0 31
9 96 21 36 24 25 49 82 20 97 58 0 42
9 50 62 51 74 28 92 85 61 62 88 0 43
4 88 31 88 63 68 39 40 51 80 47 0 17
10 77 96 84 35 86 83 71 47 29 69 0 49
8 34 25 23 35 86 44 21 63 23 38 0 38
8 88 77 41 60 38 20 52 49 50 73 0 39
2 49 65 93 86 47 22 25 95 34 71 0 10
4 89 38 91 32 86 64 97 45 97 52 0 19
9 96 88 69 63 51 28 84 68 78 79 0 42
8 56 71 59 41 41 21 72 24 97 69 0 38
7 85 41 62 71 90 66 48 54 21 50 0 31
10 98 68 87 43 24 63 37 99 95 41 0 46
9 81 59 50 72 87 72 36 57 42 88 0 43
9 89 87 84 81 30 29 24 82 83 73 0 41
9 26 60 90 78 89 43 34 41 99 37 0 43
9 66 55 55 47 65 58 35 97 73 53 0 45
5 99 73 98 72 46 69 46 94 31 78 0 23
4 44 37 43 80 90 99 97 88 34 32 0 16
4 26 78 69 50 31 53 47 62 46 96 0 17
6 25 98 99 78 74 76 77 30 58 72 0 30
10 90 94 79 78 68 45 46 23 88 56 0 50
6 31 22 23 84 79 52 63 34 65 28 0 26
7 32 60 45 93 32 74 62 85 85 57 0 35
7 88 29 69 35 63 44 62 25 59 69 0 32
10 98 72 23 74 87 27 28 53 58 46 0 46
10 75 88 51 68 71 51 93 51 68 40 0 49
7 70 38 29 98 32 78 26 99 81 91 0 33
6 82 47 92 83 94 82 72 58 40 20 0 30
4 47 44 53 33 72 76 96 86 83 78 0 16
7 75 37 66 51 75 57 35 95 58 93 0 35
10 93 85 64 92 75 34 85 76 62 64 0 48
8 92 74 63 97 94 30 24 74 70 36 0 37
7 60 58 87 56 92 71 38 70 89 93 0 34
8 41 71 75 24 46 67 72 64 57 24 0 37
8 75 33 53 73 93 57 72 71 60 75 0 40
4 99 26 22 83 68 50 84 71 99 32 0 20
4 25 36 60 43 80 58 94 81 24 52 0 20
5 37 35 97 56 92 30 63 76 25 29 0 25
5 57 51 92 92 47 61 35 70 46 63 0 21
10 70 81 96 42 47 70 71 67 50 42 0 47
5 32 39 27 23 61 26 85 55 25 32 0 23
8 50 55 21 74 80 29 54 89 36 95 0 37
10 52 93 78 32 20 93 97 75 73 65 0 50
7 64 39 56 98 80 93 88 82 93 98 0 35
3 27 93 91 93 75 56 42 32 63 79 0 15
4 55 66 98 93 54 57 55 79 30 77 0 19
10 41 31 51 77 87 65 68 99 34 81 0 48
8 61 99 29 98 52 72 68 62 28 67 0 36
9 68 54 66 30 93 77 31 81 43 72 0 44
5 99 71 94 99 35 38 25 93 82 98 0 23
9 99 87 69 87 90 52 41 50 92 82 0 45
7 81 85 70 88 62 93 98 60 71 77 0 33
3 63 83 34 30 42 61 46 92 93 92 0 14
9 97 60 87 66 81 93 32 66 34 67 0 43
4 75 88 45 57 69 78 91 63 48 94 0 18
6 95 52 97 76 75 73 75 28 56 52 0 30
5 78 67 81 56 42 58 74 58 45 74 0 21
5 96 71 88 27 46 71 50 50 72 24 0 25
9 28 76 36 83 97 21 68 98 82 43 0 43
5 72 20 37 41 59 53 99 91 38 95 0 25
5 27 46 49 66 67 60 59 29 68 20 0 23
10 35 53 44 98 44 96 33 70 61 72 0 47
4 97 79 22 60 40 39 76 37 60 75 0 19
3 93 66 86 76 64 67 78 65 79 87 0 13
8 24 95 82 20 47 85 98 93 25 90 0 36
6 24 28 57 36 23 85 51 31 57 68 0 28
6 53 76 84 43 65 80 78 45 60 21 0 27
8 84 47 44 44 87 32 58 77 54 75 0 39
9 39 91 80 47 92 49 89 63 87 95 0 42
2 99 29 24 41 27 50 40 22 68 98 0 10
8 86 88 35 92 35 90 73 83 78 63 0 36
4 22 53 75 76 23 71 63 89 46 22 0 20
9 77 76 95 33 49 42 65 83 92 26 0 44
3 34 92 98 53 54 29 37 51 75 95 0 14
5 45 47 83 92 97 40 81 69 23 80 0 23
9 75 88 37 81 42 86 31 94 99 89 0 41
3 73 85 40 49 47 73 72 52 25 51 0 15
6 85 93 64 58 99 83 86 25 55 68 0 29
5 43 23 53 53 70 79 45 56 64 38 0 25
8 25 90 73 38 72 20 32 75 53 55 0 40
8 97 87 33 90 25 44 94 53 30 29 0 38
7 38 66 46 73 82 21 81 79 85 55 0 34
6 62 38 42 86 79 44 41 52 65 68 0 26
2 93 93 84 68 95 32 36 65 22 69 0 10
3 25 55 99 97 75 51 33 37 85 28 0 14
9 85 95 84 65 35 41 80 39 94 99 0 44
5 68 32 67 86 33 30 79 83 52 98 0 22
3 91 92 62 34 66 96 90 34 50 63 0 14
8 32 25 78 85 99 99 94 29 79 23 0 40
7 43 49 40 39 23 65 21 39 26 83 0 33
9 41 44 38 25 46 98 32 90 84 44 0 41
8 52 82 95 45 42 32 69 55 50 32 0 38
4 85 46 62 44 72 99 82 82 95 92 0 16
4 66 24 81 51 29 74 64 22 22 89 0 18
3 66 87 65 63 49 62 71 83 46 83 0 12
8 75 97 91 37 99 31 66 26 85 37 0 37
5 50 70 65 34 76 71 50 55 34 46 0 24
7 42 69 32 47 45 61 99 70 30 73 0 35
6 25 26 63 50 28 58 28 95 57 48 0 29
7 58 39 88 23 99 89 28 31 63 70 0 35
4 58 27 84 91 87 78 35 27 60 51 0 20
10 32 60 88 30 42 70 76 26 48 76 0 48
6 87 46 30 69 31 69 27 61 72 71 0 27
9 41 37 66 92 84 71 82 37 64 43 0 42
3 82 93 31 83 36 43 58 63 34 97 0 12
2 72 59 73 91 71 92 75 70 71 37 0 10
8 95 100 21 40 65 76 63 27 88 72 0 36
3 52 96 96 65 65 99 85 74 74 26 0 14
6 68 42 46 91 89 67 50 35 99 81 0 27
4 21 63 69 24 77 35 98 60 29 68 0 20
5 36 28 60 96 53 59 91 86 100 75 0 24
4 86 27 39 97 61 27 75 71 76 98 0 18
9 42 45 41 43 93 52 89 21 87 21 0 41
3 44 29 38 86 26 67 49 82 20 74 0 12
8 70 55 67 89 24 92 92 30 92 63 0 39
3 92 50 85 47 73 98 96 39 32 25 0 14
5 82 50 82 53 61 53 90 22 49 38 0 24
9 20 75 49 71 24 69 23 30 86 81 0 45
9 67 84 31 80 68 61 54 63 95 74 0 41
4 35 30 66 57 75 41 81 61 27 46 0 18
7 21 96 63 70 61 32 59 89 34 75 0 31
6 71 60 80 79 47 95 90 47 86 22 0 30
10 92 89 51 91 75 64 25 35 52 71 0 47
5 89 84 77 77 73 72 67 45 29 72 0 23
10 73 27 93 32 75 86 37 57 71 54 0 46
9 52 34 97 80 61 82 43 43 55 77 0 42
7 79 51 93 65 38 49 56 48 78 34 0 34
7 49 44 20 50 50 63 79 33 40 47 0 33
8 27 78 30 85 46 64 92 94 50 36 0 40
3 62 68 75 59 93 65 97 81 48 94 0 12
6 38 68 58 31 24 26 36 47 56 63 0 30
6 91 52 71 31 42 40 86 85 82 83 0 28
8 78 23 30 59 44 92 92 70 89 79 0 38
6 91 55 21 73 68 96 89 71 69 31 0 29
4 50 93 64 44 70 29 34 66 45 96 0 17
7 61 48 41 38 34 33 87 90 46 99 0 31
3 75 88 24 76 41 38 92 34 23 34 0 14
8 75 75 29 50 90 47 26 74 96 85 0 39
4 47 76 76 51 43 34 91 30 20 32 0 17
5 38 62 34 69 78 59 98 79 94 54 0 22
4 85 73 65 45 68 47 41 47 37 56 0 18
9 33 97 75 20 46 24 64 37 39 78 0 42
4 31 39 83 68 79 92 66 85 90 41 0 19
10 40 97 94 78 72 29 57 56 25 43 0 46
3 92 36 99 23 62 58 46 51 48 79 0 12
10 55 46 61 24 34 98 87 30 66 80 0 49
7 52 94 22 25 87 70 71 36 66 98 0 34
3 43 95 60 49 75 80 26 33 63 41 0 11
4 40 37 35 23 39 62 60 91 50 36 0 20
5 33 57 94 49 59 44 44 59 65 33 0 25
4 50 51 78 39 64 43 46 28 29 93 0 20
4 70 27 66 60 85 37 40 84 69 81 0 20
4 43 21 83 79 21 48 75 97 92 50 0 16
10 78 41 99 89 72 60 69 77 78 62 0 49
7 59 89 38 29 91 29 28 58 40 92 0 31
4 29 72 25 24 52 96 51 49 55 91 0 16
6 33 20 31 21 91 34 21 74 32 49 0 28
10 72 57 87 36 59 51 64 48 66 79 0 50
2 54 97 92 48 39 47 75 77 37 85 0 10
6 68 68 97 56 26 60 57 93 57 84 0 30
2 51 62 55 87 64 22 45 92 26 52 0 10
4 46 70 71 63 29 58 34 42 82 36 0 20
6 99 43 40 67 25 94 43 50 48 57 0 29
6 85 66 97 58 86 33 47 82 20 93 0 30
4 43 94 89 90 20 52 68 69 62 55 0 16
10 73 65 81 86 89 32 70 52 59 73 0 47
4 60 70 26 58 72 85 70 34 71 62 0 18
6 74 80 72 45 24 64 21 20 60 21 0 29
4 72 88 48 99 92 49 68 29 81 44 0 17
4 21 38 89 54 92 26 48 67 74 99 0 18
3 65 87 40 65 83 83 50 94 76 80 0 13
7 21 65 56 46 91 99 83 62 82 25 0 35
8 75 52 44 64 66 30 91 53 82 44 0 37
10 31 58 67 48 46 87 75 97 84 56 0 48
5 26 35 55 24 51 31 89 49 64 31 0 24
7 25 46 69 60 75 36 37 69 30 81 0 31
10 24 22 87 35 34 59 39 43 50 34 0 46
9 70 22 27 41 39 47 86 47 22 66 0 41
4 82 93 91 76 35 48 78 21 90 85 0 20
4 54 90 21 80 99 84 91 98 94 95 0 19
9 50 64 77 48 87 56 94 71 60 36 0 41
10 82 36 52 33 65 64 38 97 98 25 0 46
10 33 50 40 41 37 58 46 22 64 71 0 47
5 32 52 50 62 35 75 63 72 63 58 0 24
7 30 70 93 92 97 20 44 50 76 29 0 35
5 63 44 89 43 29 40 75 82 80 64 0 21
7 42 53 44 39 61 81 82 88 81 71 0 33
6 40 44 83 82 64 71 58 60 31 93 0 26
7 83 30 46 48 76 83 31 28 81 53 0 35
7 79 22 75 45 72 49 43 50 26 78 0 33
8 63 73 23 47 33 20 79 45 47 82 0 36
10 88 95 50 93 24 33 83 43 60 96 0 48
3 55 38 90 88 90 70 75 34 35 73 0 14
8 63 49 50 37 71 46 92 44 68 49 0 37
6 94 82 50 42 48 88 79 98 69 90 0 30
10 60 27 72 43 92 24 25 60 89 41 0 48
4 88 80 36 88 23 37 23 21 69 34 0 17
6 68 23 23 68 29 56 38 78 46 47 0 30
9 48 44 96 82 91 74 37 47 76 50 0 42
5 56 88 87 41 59 45 81 53 31 27 0 24
10 35 21 70 30 87 96 87 56 32 37 0 49
9 57 48 23 46 23 66 67 85 61 20 0 44
7 29 73 29 91 57 93 60 33 27 55 0 34
3 25 44 27 93 99 40 76 50 62 24 0 12
10 35 89 34 74 85 68 37 94 32 26 0 46
4 64 47 82 73 41 35 64 91 50 34 0 16
6 55 36 52 63 24 22 62 89 96 91 0 30
4 26 92 44 47 21 70 59 33 59 43 0 16
7 82 93 21 34 87 27 31 84 61 38 0 32
6 31 50 40 43 99 83 41 42 50 65 0 29
7 45 94 94 24 80 51 90 77 90 53 0 35
9 92 25 52 71 94 82 79 91 38 32 0 45
3 99 32 50 56 73 67 88 23 47 49 0 15
4 91 38 89 95 48 87 38 75 80 59 0 16
6 71 20 84 62 98 43 20 96 46 26 0 29
8 64 41 77 53 62 70 67 81 24 20 0 38
3 31 40 24 27 94 47 90 33 92 69 0 14
9 69 25 95 93 21 77 91 21 99 65 0 43
5 26 97 23 29 27 23 63 99 50 64 0 24
3 25 51 69 30 93 55 77 97 22 47 0 13
5 78 59 75 70 23 79 65 45 85 80 0 24
6 73 40 57 69 37 30 30 28 30 68 0 29
6 57 98 82 49 30 76 67 56 36 27 0 30
7 91 84 70 97 22 40 26 55 44 65 0 34
8 57 24 89 94 89 20 21 61 31 38 0 40
3 93 61 30 33 42 35 73 88 41 81 0 15
3 95 64 78 87 34 78 77 25 90 59 0 12
4 22 76 42 38 61 94 44 26 45 45 0 16
4 34 78 24 22 61 93 46 96 33 86 0 19
4 85 96 38 82 50 58 63 88 23 35 0 16
4 89 40 71 36 38 59 64 36 29 23 0 17
7 27 47 21 69 48 69 87 52 71 82 0 33
7 63 29 20 100 56 64 45 24 60 39 0 35
4 57 98 91 26 44 97 40 78 93 70 0 20
8 50 74 91 64 46 82 81 54 35 43 0 40
8 83 84 80 77 69 52 90 98 40 44 0 37
8 73 60 98 46 89 83 36 70 99 48 0 36
9 39 21 48 55 67 93 20 91 92 84 0 45
10 92 47 41 98 53 34 93 39 96 34 0 46
6 89 73 74 35 47 31 33 81 83 62 0 29
9 73 28 53 86 77 86 54 40 61 93 0 43
5 75 90 43 22 61 51 67 70 77 24 0 25
4 33 52 56 54 25 91 79 31 81 76 0 18
7 75 93 80 90 31 44 47 52 48 48 0 35
6 80 51 37 75 87 96 80 69 36 28 0 30
9 44 63 64 85 22 46 79 90 94 84 0 45
3 40 98 80 52 73 88 23 29 22 83 0 11
4 50 71 87 20 38 30 86 33 26 76 0 17
10 48 98 72 87 47 24 47 85 28 28 0 47
6 91 59 99 63 92 45 87 89 71 62 0 28
4 59 30 57 45 75 31 96 89 25 69 0 17
10 76 66 70 41 88 43 46 53 70 35 0 46
5 44 59 89 62 39 61 38 28 24 57 0 22
8 23 32 81 41 28 49 51 62 95 49 0 40
3 63 71 71 79 36 56 61 22 29 42 0 11
8 54 73 95 78 32 66 69 38 56 91 0 39
9 31 97 49 97 77 53 78 58 22 71 0 44
7 23 26 54 60 53 53 21 45 78 90 0 34
7 78 31 78 34 52 96 59 40 58 26 0 34
7 98 37 21 41 60 23 28 90 45 29 0 35
3 25 99 41 30 30 56 66 63 40 63 0 11
3 69 50 68 75 38 77 69 33 57 86 0 13
8 85 31 43 82 49 89 30 94 89 98 0 36
5 71 63 45 97 94 75 81 98 27 22 0 25
4 92 75 46 56 29 76 77 54 44 68 0 19
8 31 25 80 58 66 52 75 21 65 56 0 39
6 82 92 75 95 76 46 55 58 89 31 0 29
6 52 95 55 64 97 86 86 83 32 90 0 26
7 55 60 88 44 77 99 50 67 39 86 0 33
4 38 33 89 66 66 86 28 52 42 23 0 17
6 97 93 31 35 22 78 30 90 91 73 0 27
7 38 83 53 72 33 89 96 20 84 89 0 31
8 27 58 96 50 58 72 100 25 44 68 0 37
4 23 44 44 31 77 27 98 26 61 31 0 17
9 34 31 27 38 32 98 44 86 38 85 0 44
4 98 65 85 88 96 73 55 95 95 36 0 17
3 27 97 87 24 47 95 52 24 32 73 0 14
3 75 89 36 35 81 81 41 75 87 42 0 15
8 79 58 70 43 74 40 88 81 62 26 0 38
7 71 77 56 34 61 54 61 42 32 31 0 33
4 42 86 25 23 51 93 70 93 76 58 0 17
10 79 56 28 68 28 75 46 34 37 73 0 46
4 40 87 22 78 58 52 82 96 48 41 0 17
3 45 43 37 87 62 85 55 92 22 82 0 12
3 87 80 39 81 49 100 20 78 56 50 0 12
9 40 62 87 31 35 96 59 64 38 64 0 45
9 95 28 98 46 40 81 30 63 93 35 0 45
4 42 76 84 97 64 95 39 85 38 20 0 20
4 77 46 79 59 74 26 69 81 50 25 0 20
3 70 29 31 70 54 44 38 92 67 86 0 13
6 81 95 81 87 100 43 59 25 32 92 0 28
10 23 85 70 36 37 98 49 77 44 46 0 47
4 42 50 57 91 86 91 53 45 39 61 0 18
8 48 72 70 33 74 69 62 94 75 41 0 40
7 76 84 82 40 29 30 73 96 49 93 0 31
6 22 24 90 78 60 59 37 40 91 52 0 28
3 77 60 64 78 96 93 50 80 38 41 0 13
6 41 76 32 95 86 62 37 76 47 73 0 30
6 82 68 42 56 63 35 84 87 29 70 0 30
3 48 33 90 45 87 64 65 24 20 49 0 12
4 87 56 75 50 82 39 97 36 74 93 0 20
5 64 75 59 41 48 64 26 44 98 30 0 24
7 75 87 55 76 90 33 32 72 71 88 0 35
10 62 70 92 34 24 38 56 32 35 79 0 46
6 86 70 42 84 96 55 89 77 28 43 0 30
5 63 44 57 69 61 36 45 35 88 82 0 25
5 98 31 38 72 65 48 77 94 22 75 0 22
3 23 76 26 90 66 26 48 29 99 73 0 12
5 74 31 52 39 91 86 21 65 58 20 0 25
3 41 73 28 88 63 94 58 21 63 81 0 13
7 79 96 52 91 57 84 24 21 47 26 0 33
6 95 58 68 60 65 70 48 96 31 59 0 29
10 42 41 39 54 51 54 45 63 99 66 0 49
7 62 23 47 38 91 40 61 48 98 82 0 35
7 60 99 31 54 44 89 30 29 77 52 0 33
8 68 34 79 27 69 91 34 61 68 44 0 39
7 90 99 63 62 81 84 56 53 93 68 0 35
7 62 56 82 97 33 59 49 97 68 67 0 34
7 41 44 45 57 91 78 76 32 98 81 0 34
8 49 70 39 43 29 40 79 39 53 95 0 39
3 75 65 21 28 56 25 78 73 50 71 0 15
10 92 59 42 99 56 33 85 98 70 91 0 47
3 51 88 47 42 97 94 41 58 43 65 0 13
8 33 94 36 81 33 97 74 38 93 66 0 40
7 27 23 70 40 64 63 82 24 72 29 0 35
10 37 48 63 67 98 76 92 71 82 59 0 50
5 57 96 25 69 65 20 88 28 28 50 0 21
4 87 90 26 73 49 50 28 42 67 85 0 18
7 39 63 67 75 92 61 92 63 26 59 0 33
4 78 21 61 36 91 57 58 90 96 28 0 19
8 83 43 51 42 26 21 65 92 46 91 0 40
3 62 90 21 60 79 73 64 29 88 28 0 11
5 68 75 55 45 34 79 63 89 54 45 0 25
9 33 63 98 49 44 93 29 31 65 67 0 41
9 39 70 55 58 75 56 31 99 66 75 0 44
6 70 24 81 55 23 27 99 56 78 86 0 30
6 65 41 85 27 93 36 60 71 21 38 0 26
6 58 51 27 26 87 49 80 37 70 21 0 26
3 85 30 39 52 75 80 28 47 83 92 0 14
6 57 55 98 35 100 34 89 34 52 57 0 30
4 43 26 83 89 91 60 41 86 83 58 0 20
10 29 56 33 36 93 82 50 94 57 42 0 48
3 92 54 97 84 52 75 71 52 76 21 0 14
10 88 96 55 46 98 82 56 51 31 64 0 47
10 41 52 90 70 50 50 64 55 35 88 0 48
7 87 73 53 24 21 58 39 85 33 31 0 31
9 25 43 47 97 93 48 80 99 70 84 0 42
9 68 24 35 47 87 41 30 53 98 81 0 43
8 59 22 66 85 60 39 93 89 59 42 0 37
4 87 37 99 28 88 76 34 88 38 37 0 18
6 63 63 40 45 97 28 46 96 86 95 0 28
7 92 61 83 71 22 50 31 50 32 76 0 32
8 80 28 91 99 72 56 61 39 68 29 0 36
3 59 35 37 63 48 32 31 45 70 90 0 13
3 46 39 47 21 76 87 83 79 43 52 0 12
10 61 27 85 38 25 51 89 49 70 41 0 47
7 60 84 83 63 40 82 51 61 34 95 0 32
5 22 54 32 41 88 77 70 42 49 24 0 24
6 58 99 88 69 95 63 29 33 41 82 0 26
10 22 88 99 24 33 64 67 36 31 91 0 49
8 72 87 98 63 22 47 37 92 59 38 0 39
9 81 21 30 24 74 43 43 89 22 64 0 43
10 29 57 51 68 35 53 28 29 79 90 0 46
6 85 86 32 74 86 76 74 51 67 61 0 27
5 22 89 37 74 55 65 63 48 25 31 0 23
5 80 53 51 64 22 53 67 27 84 97 0 23
4 68 88 71 76 87 28 67 82 32 30 0 18
7 35 92 84 79 44 46 41 44 56 66 0 35
9 51 95 69 62 20 97 46 76 69 48 0 45
8 37 91 24 55 33 38 26 32 34 95 0 38
10 83 20 62 35 41 41 27 74 88 76 0 50
7 50 37 60 49 90 90 36 43 88 24 0 33
6 71 57 41 24 71 67 75 86 86 36 0 27
8 39 72 85 24 89 95 27 96 51 54 0 39
6 46 68 58 74 26 81 39 66 38 57 0 26
7 91 30 63 98 39 30 63 64 93 55 0 31
4 21 30 59 69 77 50 59 46 62 20 0 18
5 96 71 23 32 82 50 81 80 79 82 0 21
10 25 32 41 24 88 68 35 80 80 39 0 46
7 34 75 41 89 97 59 53 27 53 98 0 33
3 85 90 80 49 91 45 47 45 98 47 0 11
10 58 64 78 62 60 34 31 74 42 58 0 49
8 94 99 43 53 67 23 40 57 43 40 0 38
8 80 89 45 26 73 85 67 36 54 34 0 40
4 45 65 54 93 93 25 43 58 26 86 0 20
10 54 72 79 28 98 55 34 21 49 90 0 47
3 77 65 48 91 47 26 75 86 32 80 0 11
10 64 24 25 61 75 40 59 89 94 88 0 47
3 53 74 25 21 43 68 91 93 69 37 0 12
5 52 47 42 33 43 53 74 50 27 87 0 23
3 25 82 67 41 27 92 82 22 35 75 0 15
6 39 26 71 35 58 39 39 83 43 46 0 27
9 99 65 77 28 94 27 44 58 75 80 0 41
4 96 26 38 49 29 64 74 67 80 86 0 19
7 37 91 20 72 73 30 99 65 95 50 0 32
3 55 93 24 27 82 53 29 77 96 48 0 13
4 97 88 86 93 92 39 61 24 39 49 0 18
8 72 76 73 67 40 29 93 48 63 70 0 40
4 95 89 55 89 86 36 62 34 99 55 0 19
6 68 68 24 30 52 85 73 58 53 85 0 28
4 52 79 25 36 65 97 80 61 75 36 0 20
8 23 23 53 99 24 95 91 46 95 25 0 36
9 81 42 22 21 37 87 71 81 68 30 0 44
8 42 98 95 60 83 25 93 56 66 25 0 40
8 29 75 75 80 62 77 37 74 69 68 0 39
8 24 99 92 88 35 26 36 46 43 97 0 38
8 26 23 75 60 43 70 37 57 30 99 0 36
10 35 88 82 58 75 38 37 61 70 52 0 47
5 82 69 35 33 76 38 94 69 67 54 0 22
10 36 63 77 31 21 52 55 23 55 47 0 46
5 63 29 45 85 94 29 24 86 72 39 0 24
6 61 66 29 24 37 89 95 78 23 74 0 29
7 39 51 80 87 88 80 87 57 28 94 0 31
3 37 29 65 44 63 44 79 65 86 31 0 14
9 56 42 77 92 47 70 78 75 73 80 0 44
7 55 57 51 51 69 65 94 81 63 88 0 34
3 89 94 97 38 65 65 42 43 79 54 0 13
10 48 30 64 51 48 30 57 72 59 22 0 50
3 86 81 47 99 64 56 60 45 94 53 0 13
7 29 71 37 81 93 54 63 49 81 50 0 35
6 86 66 71 89 83 92 41 63 96 64 0 26
9 96 63 79 66 68 86 59 24 84 72 0 44
4 38 66 82 89 98 25 91 99 62 55 0 16
3 42 97 98 91 88 69 66 59 50 22 0 11
6 70 78 53 37 48 58 30 21 78 67 0 26
8 27 59 44 46 69 31 25 69 98 23 0 36
8 69 74 83 92 78 33 33 46 99 86 0 39
3 77 66 34 45 26 66 29 32 51 37 0 11
10 52 42 40 46 92 82 97 46 23 89 0 48
3 76 35 23 41 45 25 69 28 61 86 0 13
5 97 96 70 65 21 84 41 28 86 45 0 21
4 88 52 88 46 80 97 64 88 54 48 0 17
2 39 46 77 95 58 52 95 35 90 93 0 10
8 90 91 67 28 43 40 47 28 40 43 0 36
5 89 61 65 27 64 76 26 83 21 54 0 25
3 86 86 50 99 27 67 66 49 36 31 0 13
3 79 96 52 89 28 86 66 93 94 82 0 13
5 56 55 70 74 77 35 53 84 51 63 0 23
9 60 47 100 29 87 78 54 53 72 86 0 44
10 43 85 25 29 91 32 67 63 39 70 0 50
9 84 79 53 77 58 80 62 84 73 97 0 45
5 60 62 52 75 30 21 64 63 90 65 0 24
9 24 39 78 92 43 91 80 84 75 20 0 41
5 32 88 86 69 92 57 49 49 75 33 0 24
9 52 70 43 24 57 50 79 63 54 27 0 43
8 69 28 66 91 50 86 96 56 49 97 0 37
6 45 36 34 52 32 67 34 53 41 98 0 30
7 23 28 59 54 23 21 72 64 56 39 0 35
3 50 97 21 52 39 37 58 55 22 32 0 15
9 30 30 57 78 52 22 56 42 54 32 0 45
8 73 34 39 71 71 71 81 73 72 62 0 39
5 82 81 28 91 89 77 26 63 92 87 0 22
7 31 46 100 21 60 31 82 39 37 44 0 34
3 51 52 75 82 66 74 60 85 22 30 0 12
7 56 99 33 38 52 59 88 69 46 33 0 33
8 79 21 63 31 36 48 43 75 24 78 0 40
4 67 65 59 81 32 56 55 90 55 97 0 20
3 24 45 93 37 92 24 44 95 34 37 0 11
6 26 56 86 86 87 33 43 43 51 96 0 26
5 83 26 23 74 63 61 94 65 99 33 0 21
9 21 37 99 30 75 87 92 41 72 67 0 41
7 95 43 81 59 90 34 65 29 74 36 0 33
9 20 60 68 40 32 53 61 31 36 42 0 43
5 83 22 90 35 95 57 41 99 68 68 0 22
5 26 70 26 76 78 53 64 68 99 48 0 25
8 83 52 50 70 31 94 82 83 85 65 0 38
5 67 21 28 38 57 32 22 28 52 43 0 22
7 61 32 85 67 20 80 43 86 47 75 0 31
10 71 88 58 85 40 35 39 33 47 36 0 49
9 53 23 67 25 100 68 60 61 40 82 0 45
9 36 77 22 62 93 96 59 61 31 38 0 43
6 28 31 50 68 30 43 61 45 88 60 0 26
8 50 57 43 53 42 52 85 55 77 69 0 40
3 71 48 77 35 63 88 33 94 88 52 0 14
10 72 48 52 21 93 74 99 36 92 74 0 49
9 46 59 20 46 37 91 23 78 24 52 0 45
6 80 71 93 34 23 51 34 54 76 61 0 26
9 88 60 92 52 38 46 34 47 99 49 0 44
9 20 35 90 74 34 59 70 27 52 53 0 41
3 71 64 65 46 95 84 32 91 73 26 0 12
3 57 25 58 94 69 84 57 84 80 88 0 12
8 93 79 38 39 70 78 38 79 67 63 0 39
10 88 52 88 84 41 89 23 74 48 88 0 49
10 94 96 78 64 86 45 32 25 79 39 0 49
6 93 22 75 44 23 30 75 56 57 60 0 27
10 98 45 22 55 57 69 51 25 35 44 0 46
120 128 109 115 76 79 82 80 91 121
116 120 157 160 196 203 229 248 275 290
114 129 141 162 180 214 231 259 280 285
117 133 157 160 187 217 230 253 280 281
114 130 144 160 183 200 224 241 279 288
115 121 150 172 198 218 230 241 263 297
116 136 144 168 186 210 222 249 265 296
113 121 141 162 189 216 238 259 274 289
109 137 148 169 199 207 221 257 275 294
101 120 159 163 195 202 228 254 264 284
101 134 160 176 184 201 228 244 277 291
117 128 160 167 194 203 224 254 264 282
110 129 158 175 184 220 228 245 266 293
116 134 145 162 195 210 239 259 271 297
114 135 156 162 184 209 223 247 262 298
115 131 155 167 188 204 224 255 265 286
119 137 158 176 194 213 230 242 278 300
101 136 157 177 198 214 222 244 264 298
100 127 142 178 198 218 225 249 266 292
119 140 147 169 181 217 220 255 279 292
103 129 153 180 198 202 227 251 274 289
110 140 151 176 186 204 227 253 273 284
118 126 152 172 182 201 221 252 265 289
109 120 141 161 194 210 237 240 265 282
102 140 142 178 187 200 229 254 260 291
106 127 150 170 196 215 222 255 262 297
115 138 153 176 192 208 234 253 266 290
109 122 140 177 185 202 239 251 274 285
118 139 142 170 197 218 231 260 269 284
117 138 155 171 187 217 220 242 264 286
110 138 145 176 190 220 222 254 271 284
112 139 145 166 180 205 226 240 277 291
117 132 148 164 188 201 233 249 277 288
116 126 142 167 181 210 224 241 261 285
101 137 147 174 200 208 231 240 279 291
100 128 141 170 187 216 240 253 270 292
114 135 141 168 189 200 228 257 264 289
107 123 151 166 196 215 237 252 267 281
112 121 143 160 193 201 232 259 262 285
120 135 146 170 181 216 220 259 266 290
110 124 149 172 181 220 229 248 280 283
119 129 141 161 189 220 232 245 277 280
120 140 160 176 192 211 228 252 268 284
101 134 144 168 184 201 226 245 269 300
104 132 143 166 194 213 239 253 261 295
103 126 157 168 183 208 221 248 277 284
111 133 140 165 198 218 239 250 261 289
110 134 156 170 200 200 220 241 274 283
114 129 142 180 185 209 223 244 261 296
106 131 144 167 196 217 220 253 273 282
101 124 153 172 200 208 222 255 265 288
118 121 140 179 197 205 233 242 266 284
105 137 149 176 183 209 238 243 278 284
111 140 156 175 182 212 222 254 268 291
117 130 156 170 198 219 231 259 267 286
117 134 158 171 192 208 230 249 260 286
120 130 141 176 189 217 229 249 270 298
108 130 148 171 192 202 231 255 267 292
118 136 143 160 183 203 229 258 261 287
119 137 160 175 186 204 235 242 274 290
117 121 142 170 197 204 227 258 279 300
120 126 160 166 195 207 232 255 271 293
109 121 150 161 180 204 234 255 279 292
100 124 152 165 189 200 231 250 268 297
114 120 147 170 182 206 227 252 272 291
103 123 149 179 187 208 239 259 265 297
102 123 154 179 197 217 231 259 270 281
110 139 153 179 195 207 231 258 274 291
104 128 153 166 193 207 230 256 270 300
111 131 159 173 189 204 228 257 271 284
102 140 153 176 180 216 225 255 276 296
118 122 148 173 197 214 228 242 260 286
111 135 153 164 184 200 223 241 273 299
118 125 154 173 184 216 240 251 280 290
108 130 148 164 195 203 238 248 280 287
109 121 156 164 198 220 237 249 277 293
113 140 151 169 193 210 227 254 263 288
113 122 156 170 181 205 220 259 269 294
102 129 144 173 189 216 235 255 261 299
120 133 158 178 181 215 221 250 280 290
120 131 141 179 191 206 221 244 265 297
116 138 142 179 195 218 236 242 277 299
109 134 157 169 182 215 223 250 276 285
108 123 156 167 186 206 240 259 278 289
116 121 140 176 182 216 235 249 265 285
102 127 146 169 200 207 238 254 270 299
113 124 159 170 181 205 229 257 270 280
114 120 141 178 196 202 221 241 272 298
101 125 152 172 181 209 229 255 278 285
119 125 144 177 189 209 220 252 264 281
118 135 147 166 182 209 226 259 273 292
114 122 156 163 197 202 236 260 265 287
106 127 146 172 198 203 228 247 261 296
104 139 143 177 194 213 232 254 277 282
101 130 141 167 186 214 234 251 264 291
119 123 152 163 200 203 233 259 266 288
113 130 152 172 197 209 232 250 261 300
117 120 146 179 197 203 222 250 274 300
118 122 154 179 199 218 238 248 265 283
116 135 154 173 187 216 227 254 260 298
102 130 154 174 188 217 235 257 268 282
113 132 152 175 180 212 220 243 274 300
102 136 145 160 182 211 228 252 271 288
112 123 158 178 191 203 237 249 263 289
105 134 142 161 198 205 238 253 272 280
119 130 145 171 190 220 229 242 279 283
111 130 150 171 190 202 228 254 264 297
109 126 152 172 185 218 233 260 277 288
118 126 155 171 194 218 222 259 266 285
102 128 155 171 191 206 237 254 272 283
108 135 158 173 186 215 233 258 262 290
100 132 156 178 181 218 240 243 277 280
108 138 141 171 191 215 236 240 260 280
106 131 154 162 193 206 232 253 261 292
116 122 154 173 196 204 235 260 265 281
120 137 144 180 194 207 240 251 276 285
117 120 144 179 200 206 224 256 277 292
118 120 141 168 190 206 224 248 270 289
107 122 149 164 192 205 233 244 263 289
113 128 146 161 195 204 222 249 269 299
105 128 153 169 185 213 233 241 271 294
113 126 153 168 200 203 238 258 263 297
117 140 140 166 182 207 239 244 262 290
107 124 145 169 187 210 235 251 260 295
117 126 159 177 197 214 237 245 274 298
119 128 144 169 190 200 232 248 262 283
102 136 155 174 198 203 224 248 263 284
120 133 140 178 190 219 238 260 276 290
101 128 154 177 188 214 232 240 269 290
113 139 147 178 189 204 233 251 268 295
102 139 144 170 181 215 237 258 265 284
103 126 140 170 185 206 222 259 278 284
119 121 148 172 186 200 234 253 277 284
116 131 160 177 183 213 221 242 277 293
110 125 150 163 190 206 227 255 270 284
116 120 154 169 183 201 233 240 278 292
100 134 142 172 198 213 238 249 278 282
107 137 156 160 181 210 222 247 270 280
120 125 157 165 182 217 233 243 274 286
102 120 153 180 180 217 233 257 263 288
104 128 152 174 181 212 238 244 260 288
108 132 151 164 189 205 231 246 270 298
112 140 147 160 181 205 237 254 270 295
102 130 159 175 200 219 230 250 278 291
114 137 150 177 180 218 225 243 264 299
118 133 159 161 197 215 232 250 277 287
101 125 145 173 181 213 228 241 273 290
105 140 153 179 186 207 233 247 273 300
105 122 160 169 185 202 240 242 260 300
118 140 156 162 180 210 230 258 268 283
111 138 158 163 196 203 220 247 263 285
105 140 149 171 192 215 221 243 270 289
100 134 140 168 180 214 220 258 279 280
111 125 143 175 191 204 222 251 265 292
112 131 149 178 200 212 221 258 261 286
111 128 146 160 182 207 237 258 262 282
113 137 144 171 197 207 233 254 262 283
117 124 145 166 200 210 239 260 260 296
106 138 142 176 194 212 229 260 272 287
113 127 145 166 198 217 230 253 261 288
105 125 155 177 181 202 225 250 264 295
110 133 160 167 182 209 225 258 263 299
120 129 144 170 191 207 228 258 267 286
108 138 157 162 186 213 224 252 277 281
117 129 157 162 187 219 220 251 270 284
119 131 146 179 182 200 238 240 262 293
115 131 145 166 197 205 225 259 270 282
108 130 143 169 194 204 225 246 270 292
112 121 150 162 193 214 231 244 275 287
110 138 149 161 192 212 234 246 264 292
115 124 156 172 186 220 225 253 265 290
101 140 140 166 199 215 236 253 264 295
115 126 152 166 185 220 227 248 267 283
100 126 147 169 194 202 234 244 270 282
107 130 151 175 184 214 240 248 280 295
103 132 149 160 199 216 221 248 268 284
112 135 157 179 194 203 224 242 265 300
107 130 157 160 185 204 238 240 262 288
100 125 158 169 192 204 224 250 274 296
118 124 154 162 181 209 222 255 270 283
105 138 151 178 197 210 236 245 271 284
114 131 140 168 192 200 234 256 269 289
103 126 160 163 193 219 228 240 267 284
113 123 141 171 191 204 233 253 267 285
101 120 146 170 197 203 237 251 268 300
104 132 142 164 194 217 226 253 279 287
104 131 151 177 186 204 240 242 268 293
101 125 151 176 199 213 226 257 275 286
113 130 147 164 184 218 230 253 269 281
103 135 155 176 184 216 236 251 273 296
119 126 144 162 199 220 222 251 269 288
100 135 148 166 191 205 233 250 271 289
109 126 156 164 198 211 231 243 272 296
114 124 157 180 197 209 235 245 267 299
103 124 156 164 181 220 227 254 269 289
103 121 146 173 194 211 228 247 268 297
101 128 145 180 192 202 229 252 279 296
104 122 152 163 192 207 229 243 270 281
118 128 157 177 180 205 231 251 272 281
102 137 152 172 198 205 233 254 272 296
105 133 144 180 188 211 238 256 267 288
117 137 154 173 186 212 240 240 261 290
101 139 146 166 186 218 229 242 270 282
103 124 157 179 187 216 240 252 274 293
108 125 156 172 199 209 222 240 271 288
106 122 151 168 186 205 227 242 277 298
103 136 156 173 182 216 236 241 262 293
109 139 150 160 189 214 237 253 273 288
104 120 157 162 181 208 235 240 280 299
109 136 155 166 191 211 237 250 266 296
113 137 146 179 196 212 240 246 269 280
114 137 157 176 200 201 234 245 261 280
120 131 148 176 185 203 231 255 280 280
116 140 159 175 199 219 227 248 267 297
117 130 141 166 195 219 227 245 261 284
106 135 159 162 197 211 224 244 267 291
113 133 157 177 185 208 226 240 263 299
119 137 146 178 181 219 234 247 261 280
101 135 160 177 180 208 228 254 266 299
105 129 147 168 197 218 230 252 277 291
107 124 158 174 186 201 231 245 273 291
116 133 150 163 180 219 239 244 272 299
120 123 140 169 181 214 232 248 260 293
113 128 143 170 198 209 229 244 272 299
118 132 140 177 192 209 221 254 268 287
117 122 141 172 192 211 239 257 261 299
118 131 155 165 193 218 221 260 271 293
100 130 140 177 191 201 233 248 279 291
103 121 141 171 180 205 229 247 277 295
102 127 141 175 183 211 223 256 262 296
108 122 144 174 180 214 237 257 280 289
119 137 156 166 197 213 224 247 273 288
115 123 151 166 186 215 223 260 275 284
111 137 142 179 197 210 237 249 279 297
117 130 151 180 194 219 229 249 262 291
103 136 158 164 183 210 228 246 272 285
109 136 153 177 188 205 236 255 268 296
115 135 144 175 188 209 235 242 280 298
101 133 151 162 186 215 232 244 276 299
113 125 159 163 185 217 236 257 269 294
107 130 148 178 185 211 236 254 271 298
100 125 158 178 188 214 234 242 276 281
103 130 152 167 182 204 239 253 274 282
118 127 154 179 180 219 226 260 277 300
111 131 147 163 192 215 224 253 280 282
113 123 151 176 192 207 231 242 261 293
113 134 142 165 186 203 238 241 265 299
117 136 155 160 180 213 229 240 262 295
107 125 155 179 194 215 240 257 276 294
111 139 142 178 184 220 223 256 269 294
116 129 154 162 185 207 222 256 268 291
103 136 154 168 197 203 239 259 261 298
104 124 158 164 187 217 239 256 270 287
107 132 149 178 184 208 224 259 271 290
116 137 154 175 182 210 236 256 266 299
108 128 145 180 192 206 237 245 273 281
107 127 157 175 191 216 234 244 278 297
105 126 158 173 196 204 221 245 273 297
110 123 156 180 185 217 238 245 269 287
115 139 144 175 198 203 224 244 279 290
114 126 160 165 191 200 230 249 279 291
105 134 158 170 198 213 231 248 275 291
120 121 151 167 191 213 226 260 265 288
105 120 156 168 182 217 238 260 274 284
116 138 158 164 182 204 230 250 261 299
100 127 150 162 195 214 229 247 263 288
101 122 144 174 193 209 222 248 261 286
115 125 140 173 196 220 222 240 274 297
120 132 147 179 195 204 227 241 280 283
107 130 143 169 191 209 233 249 280 282
111 138 150 162 198 211 230 241 280 291
101 123 149 162 198 209 233 247 266 298
109 121 159 171 183 202 233 248 279 300
112 128 153 161 195 215 222 247 276 298
120 140 157 160 193 214 235 244 263 299
107 128 150 170 189 205 228 254 280 296
111 127 140 174 195 210 224 255 278 282
111 138 150 177 188 219 234 245 269 281
115 120 158 170 182 219 228 260 271 291
114 121 159 171 193 203 228 241 268 289
102 137 153 172 194 209 227 240 266 280
101 120 143 161 199 204 240 259 270 295
111 121 154 166 193 213 231 249 269 283
111 127 154 168 197 204 234 252 272 294
103 137 159 174 182 220 222 260 278 291
103 126 160 172 188 219 234 249 262 285
102 128 140 172 199 217 236 243 270 291
109 136 147 166 190 220 229 255 269 282
119 120 154 164 195 213 224 248 277 298
108 124 144 163 184 201 233 254 264 288
106 129 149 167 188 202 236 257 270 281
105 124 145 178 197 203 233 245 260 295
103 138 155 166 195 200 221 245 277 280
108 121 157 165 186 208 230 244 267 296
117 127 152 178 198 202 234 248 268 292
114 123 160 169 183 220 222 254 265 286
109 140 159 179 181 215 224 255 263 290
104 131 159 160 180 210 235 246 270 286
118 136 150 162 184 220 228 255 279 297
113 125 157 168 195 219 230 253 273 293
101 137 151 167 182 205 223 240 264 294
113 125 144 170 184 208 224 249 279 286
106 139 152 160 187 210 225 257 268 298
112 124 158 160 194 217 238 248 263 297
117 132 141 171 194 217 226 256 277 283
106 123 147 180 192 210 229 257 266 289
100 137 147 162 180 200 237 241 267 283
101 123 141 166 180 200 233 242 260 294
113 120 144 178 199 203 230 254 261 298
113 128 158 169 196 201 226 255 262 285
110 140 142 177 189 219 232 253 266 281
100 140 153 165 182 208 227 246 275 294
120 122 157 163 198 209 233 255 274 298
109 130 143 165 180 214 237 254 261 294
107 134 156 179 185 218 238 259 280 300
119 139 158 177 200 208 235 253 272 284
105 133 151 173 182 205 227 249 273 292
119 134 150 165 188 208 237 257 279 297
116 131 151 169 186 208 238 251 278 280
101 129 158 172 197 216 226 253 269 283
100 124 155 179 181 200 232 240 269 293
113 120 149 166 181 204 230 244 273 291
104 136 155 163 199 209 228 260 273 284
100 135 159 170 195 210 228 254 262 280
119 140 148 167 183 206 235 242 278 288
102 127 154 166 193 203 230 256 280 300
118 123 142 177 186 212 228 244 263 298
110 129 155 180 191 203 240 250 264 281
114 140 145 176 184 216 220 258 269 283
118 128 150 167 184 203 226 240 265 290
105 138 160 176 190 202 222 257 271 300
115 130 149 160 183 216 234 251 260 280
110 129 157 164 187 219 237 251 270 296
114 127 141 175 184 220 238 260 277 288
116 133 147 173 185 210 229 244 266 291
109 137 154 180 187 208 236 248 274 297
105 140 152 173 181 206 234 254 272 285
111 132 148 169 189 211 234 254 264 281
119 120 156 171 192 208 226 259 279 290
111 121 154 174 198 202 236 245 273 292
120 124 141 176 193 212 223 251 275 296
108 134 142 179 192 212 237 246 277 298
107 124 147 174 188 217 225 253 263 286
110 122 155 177 194 206 220 259 267 296
113 121 140 176 192 203 235 259 275 283
114 140 141 180 184 202 223 246 268 293
120 122 141 178 196 220 220 251 263 284
120 134 159 174 185 214 237 260 272 281
104 122 151 166 182 211 234 247 276 283
103 132 141 161 183 201 240 248 280 282
119 131 143 177 185 217 230 249 263 296
112 140 140 178 191 201 239 250 269 294
107 134 151 179 183 219 221 254 276 287
101 134 155 172 195 205 237 259 272 288
105 126 143 178 195 210 230 241 278 293
102 134 149 160 196 210 240 252 267 298
106 126 142 164 192 211 221 258 277 286
102 139 142 165 196 208 228 260 260 286
112 125 150 180 180 213 228 251 270 293
110 132 141 163 185 217 225 248 270 297
117 121 151 167 190 205 233 243 272 294
112 139 143 164 191 208 233 253 260 281
120 139 146 173 183 203 236 251 277 291
109 134 140 171 182 206 229 243 271 297
108 133 158 164 198 216 236 259 275 285
106 139 152 173 182 212 239 249 273 281
111 125 156 164 197 201 225 244 261 281
112 134 140 179 195 211 237 251 268 296
113 134 155 161 187 206 239 253 278 282
110 140 140 170 197 213 229 250 280 294
102 121 140 174 190 220 227 252 262 285
110 130 145 180 196 202 232 260 270 280
101 136 151 172 192 203 223 257 263 288
108 137 154 176 183 206 239 251 274 282
101 134 146 170 184 202 234 256 262 290
111 133 149 176 187 200 236 249 271 287
111 121 156 168 192 208 223 247 279 297
110 126 160 168 196 216 233 248 265 299
107 134 156 162 200 218 239 247 275 298
103 137 146 176 180 201 226 259 279 297
101 132 141 177 190 211 229 253 280 287
105 132 156 170 192 200 236 256 273 282
120 140 154 171 197 209 221 248 279 287
100 138 146 172 187 210 223 257 265 294
100 127 143 163 196 215 229 255 266 287
111 135 140 173 181 205 225 248 262 295
103 120 157 175 192 200 235 251 276 280
112 127 147 168 200 213 226 256 274 294
107 127 143 176 182 203 220 258 267 280
108 120 141 169 181 208 221 252 273 298
116 128 149 163 181 200 221 251 275 289
120 134 157 171 195 210 233 249 261 291
105 123 149 168 194 210 221 245 279 284
120 139 146 171 188 217 238 248 261 298
118 126 147 177 200 219 228 259 260 282
119 122 140 164 199 202 229 258 275 290
103 129 160 165 198 206 227 257 261 299
115 129 145 162 198 217 221 258 278 284
119 128 153 163 194 207 239 257 275 295
115 120 158 165 182 219 237 250 262 296
100 138 143 166 187 212 221 248 261 289
103 137 144 162 183 205 228 254 264 296
107 120 154 178 187 217 239 248 260 300
117 124 154 179 187 213 236 244 275 296
102 120 150 165 183 202 229 243 261 295
115 120 160 179 185 210 236 258 266 300
113 135 147 174 186 218 223 240 263 282
101 131 154 173 195 200 220 257 263 289
120 124 145 164 181 201 224 241 267 300
114 127 146 179 182 214 229 244 262 284
100 137 140 161 192 220 231 256 262 284
108 124 142 168 189 218 228 240 261 293
119 125 140 164 196 201 236 247 276 300
107 120 156 170 181 201 233 258 272 286
102 120 156 168 192 201 228 259 270 285
109 124 151 180 195 217 236 258 275 290
114 129 159 170 196 215 236 240 274 289
104 126 157 175 192 212 231 252 274 282
116 133 146 175 191 205 225 253 270 282
108 137 154 166 192 202 227 260 266 295
112 130 152 180 187 200 232 249 273 291
106 132 154 163 182 220 238 253 269 289
115 134 153 160 182 204 236 245 265 280
106 121 141 161 198 214 222 254 269 292
115 139 148 171 192 204 239 260 268 288
116 133 158 168 180 208 221 252 275 299
117 132 159 175 192 201 240 257 276 291
116 136 154 176 182 203 234 259 270 297
107 125 149 165 182 204 221 240 262 298
111 125 160 179 196 216 234 253 262 297
109 136 140 167 183 211 234 242 266 296
116 137 145 165 187 218 235 247 261 282
112 129 143 165 186 207 225 259 279 297
103 132 148 161 189 206 221 258 261 287
108 139 140 161 182 217 238 241 277 290
101 125 145 161 180 214 240 260 279 300
117 127 152 165 195 218 223 257 268 292
103 135 155 170 187 210 225 246 266 283
118 124 153 166 194 216 233 258 271 286
111 126 146 170 187 218 232 248 271 287
103 124 140 176 191 205 232 245 261 286
108 120 141 169 193 217 234 251 271 300
111 134 156 163 196 216 233 247 278 299
119 122 158 165 198 217 238 252 260 300
117 132 148 160 184 204 231 260 269 286
119 134 151 170 189 207 230 259 268 285
116 137 155 178 200 216 238 260 278 294
110 138 147 177 189 201 231 258 280 300
114 137 151 177 197 204 229 257 267 289
105 125 149 167 190 218 225 253 265 280
115 128 143 179 192 214 223 256 273 282
101 124 140 180 185 200 224 248 271 293
107 123 152 173 183 219 220 244 279 297
101 121 144 180 187 214 222 243 278 300
120 133 152 169 185 202 230 257 265 295
104 126 154 167 182 218 229 241 280 293
110 139 160 161 183 213 228 252 272 280
108 132 147 175 189 216 225 250 270 280
112 124 147 161 198 209 221 253 270 282
117 120 149 177 182 218 227 253 267 294
103 134 141 178 194 207 236 253 274 284
108 138 156 171 190 207 237 260 270 289
114 126 148 168 193 201 223 249 271 287
111 137 143 169 188 201 232 252 278 283
113 136 145 168 200 205 229 240 276 280
112 121 143 177 183 219 238 251 275 291
101 135 141 173 199 214 229 251 269 300
117 138 151 170 196 214 236 246 261 285
107 140 143 161 196 217 225 248 273 281
101 130 150 161 182 220 239 241 273 286
106 120 145 167 191 201 226 255 261 288
104 121 150 177 200 207 234 255 263 281
120 129 141 170 196 201 222 241 276 296
106 126 145 163 183 212 225 244 272 294
101 127 147 161 193 207 222 247 279 280
100 121 159 171 190 215 222 256 279 295
112 129 158 164 185 200 235 258 277 300
100 140 142 175 191 208 226 256 279 287
111 139 151 176 197 210 234 253 262 296
101 140 143 179 196 219 234 246 263 295
108 120 160 170 182 200 233 258 273 297
106 128 149 176 180 203 227 258 267 295
111 127 160 164 193 207 229 248 266 291
116 123 151 162 184 206 223 240 264 297
101 125 151 160 194 204 239 243 280 288
104 137 145 174 197 200 233 251 264 293
119 138 157 164 184 214 221 244 262 294
108 127 159 178 197 217 231 241 265 282
107 126 155 170 197 215 235 249 263 291
103 133 146 176 191 200 239 240 265 281
118 134 141 164 194 210 231 241 268 289
102 134 142 172 198 218 224 257 261 283
102 128 148 177 186 219 230 248 263 297
119 126 152 165 197 209 239 259 277 299
113 124 150 178 193 201 227 245 268 300
102 128 146 172 188 208 226 254 266 292
108 130 159 164 196 210 220 248 269 283
116 129 151 175 181 218 220 256 260 297
104 132 145 175 198 209 235 243 279 291
102 127 157 170 187 202 237 241 279 295
115 124 153 176 182 214 230 240 279 291
115 124 143 176 183 218 229 243 272 281
116 127 144 168 198 209 228 254 260 290
112 120 159 172 200 209 235 245 260 286
112 127 143 172 183 201 236 246 263 296
119 135 156 180 191 217 239 240 275 280
105 140 146 167 184 202 238 241 268 299
117 122 147 178 194 217 227 247 262 291
101 132 145 169 191 209 226 245 265 280
120 128 149 171 199 200 238 250 265 291
110 120 159 161 180 215 229 253 269 297
114 133 148 170 196 210 236 257 267 292
114 123 142 176 186 201 228 243 278 298
119 140 159 176 200 211 231 257 264 292
109 121 151 177 189 200 223 244 278 283
106 139 160 180 200 211 223 249 264 285
110 139 140 180 191 218 235 259 277 295
101 135 149 173 193 213 229 250 262 291
115 134 144 180 188 216 238 244 274 299
108 126 145 168 182 207 220 242 278 291
104 124 142 179 200 213 237 248 280 282
104 127 145 180 180 202 221 240 274 281
113 127 149 163 189 211 225 250 265 299
102 130 148 161 182 210 238 254 276 294
109 120 152 164 182 209 223 240 273 296
115 137 154 163 192 220 229 254 270 290
113 138 142 173 195 204 226 246 271 283
107 121 140 174 198 216 236 252 269 295
107 121 159 169 180 205 228 249 271 300
115 128 149 170 187 217 223 248 263 293
105 127 153 166 185 206 235 254 268 293
106 140 149 160 196 217 236 240 276 292
106 138 141 179 180 213 222 243 261 282
107 126 159 166 181 217 220 258 263 293
112 139 145 171 181 207 234 256 266 287
105 123 141 180 200 200 236 246 264 287
104 126 141 172 188 209 239 241 260 295
110 137 145 169 200 201 224 259 261 292
106 122 145 166 189 212 238 253 274 297
105 133 152 161 184 218 237 247 265 299
117 140 153 169 191 219 228 257 262 289
111 135 158 160 189 207 234 258 269 280
105 137 149 175 200 210 234 250 278 285
110 135 143 170 192 211 231 252 263 281
102 128 145 177 198 200 235 253 266 280
104 138 153 166 195 209 225 245 273 280
105 126 151 164 180 204 221 248 266 282
101 130 150 166 186 206 231 246 273 287
101 123 145 177 200 200 233 256 280 298
102 133 158 165 189 206 227 255 275 297
120 127 148 179 187 217 231 240 271 300
106 134 158 172 184 214 231 247 273 289
117 139 143 164 184 200 230 240 261 283
112 121 146 169 191 203 234 248 272 283
100 139 157 179 200 208 221 250 267 294
104 127 152 173 190 213 232 251 273 293
105 136 154 170 181 202 228 243 277 283
111 132 142 170 181 210 232 245 269 299
102 139 148 162 184 200 221 260 268 292
105 128 144 167 192 207 240 243 277 287
102 120 160 165 186 210 239 248 278 300
100 124 158 176 191 214 220 246 269 290
102 130 160 178 182 205 233 243 272 295
106 122 144 177 186 208 224 257 276 281
112 135 143 169 185 209 233 249 262 281
116 130 141 170 198 201 235 244 280 290
110 133 157 164 200 215 239 247 271 297
102 134 152 165 191 211 228 249 279 295
103 125 147 169 197 207 239 253 266 294
101 122 159 171 199 205 223 247 278 299
102 121 160 169 196 207 240 255 280 293
107 130 149 177 184 210 231 244 277 287
106 129 146 168 182 207 226 251 272 288
118 124 147 163 195 210 220 250 266 285
106 126 157 169 188 212 236 243 268 299
101 126 149 178 194 215 238 253 273 285
106 135 146 176 194 206 227 246 264 294
100 128 149 180 190 208 237 260 265 281
116 129 155 166 181 201 227 257 270 291
119 132 157 174 198 213 226 249 261 300
108 129 157 176 193 209 230 242 279 283
108 131 158 179 195 212 234 244 267 290
111 136 143 166 190 210 220 245 278 300
105 140 157 176 185 219 233 247 273 291
102 124 148 172 187 201 226 241 278 293
119 129 144 167 189 206 236 240 276 295
115 121 149 160 198 211 239 248 272 286
109 138 140 160 192 201 232 248 260 281
119 137 146 171 181 214 231 244 275 290
100 126 157 171 198 202 235 258 266 286
102 122 150 173 190 215 221 244 272 296
119 136 148 178 193 204 236 242 270 287
106 122 153 172 189 219 222 251 278 285
101 124 154 169 190 211 230 255 260 289
112 130 153 161 183 220 229 244 271 295
107 132 144 180 180 210 236 242 263 296
107 135 148 163 193 202 240 249 269 292
109 120 142 174 188 220 232 256 268 291
106 131 142 165 189 208 236 253 275 282
117 140 148 163 184 218 233 258 266 296
104 136 142 162 200 217 231 241 266 284
105 125 143 180 192 208 239 259 263 290
106 137 148 178 200 212 231 252 271 284
100 127 152 169 181 220 231 253 263 291
111 131 156 175 195 212 220 246 260 288
118 135 148 173 192 220 231 258 266 294
113 137 153 160 190 205 235 245 274 294
108 131 160 172 186 214 222 257 269 290
118 123 160 170 191 205 229 244 272 287
110 127 151 178 195 216 235 244 270 294
105 133 143 172 192 209 225 247 277 295
115 133 154 177 192 205 227 260 276 287
111 134 153 162 184 200 231 244 263 282
105 133 155 165 194 208 231 257 264 294
120 127 157 177 195 210 230 248 275 287
106 132 156 179 200 200 238 245 268 285
119 124 146 174 188 215 221 256 262 293
116 131 150 169 197 205 234 242 273 295
114 125 142 161 185 211 227 251 270 298
118 130 146 164 199 211 235 256 264 295
102 138 146 164 181 201 224 256 274 284
111 134 152 179 183 208 232 246 267 292
102 120 143 178 185 202 222 252 265 287
110 138 160 180 190 200 230 256 267 292
115 127 141 165 180 201 240 258 273 296
101 125 150 168 200 207 239 256 276 280
114 133 144 173 186 212 230 243 270 293
103 137 144 179 198 217 233 242 271 284
101 138 157 179 181 211 224 254 276 293
119 123 143 174 183 218 224 253 280 281
106 138 149 177 182 211 235 247 266 300
105 124 143 165 189 218 229 247 267 295
105 128 140 177 182 203 222 243 268 296
114 135 143 166 191 209 221 245 268 281
102 140 142 165 193 218 237 242 267 298
118 128 143 160 200 212 234 260 260 292
104 120 140 165 198 212 226 242 268 289
108 126 151 168 187 209 236 256 262 300
106 134 157 169 196 200 234 246 265 283
113 139 159 168 184 210 237 243 265 281
107 130 155 179 197 214 233 257 270 289
109 134 141 168 197 210 230 252 267 287
112 133 155 178 193 201 232 251 277 298
108 122 152 171 198 215 234 247 274 286
119 132 148 178 183 216 231 251 280 280
117 137 160 173 188 219 222 260 277 289
104 127 160 166 189 219 224 240 261 296
117 132 160 179 188 218 228 242 263 284
108 122 148 161 180 203 238 245 271 281
108 126 149 168 199 213 239 258 276 280
100 130 158 161 191 203 223 247 270 298
110 121 147 165 184 207 240 260 262 283
115 129 143 166 192 200 234 246 279 293
119 122 141 165 200 212 232 248 275 292
113 135 142 179 188 213 226 242 273 285
108 126 154 162 194 202 225 249 270 285
103 125 146 176 199 206 224 241 267 296
117 121 159 173 196 219 220 253 272 300
115 121 147 179 195 202 227 255 273 283
104 122 140 167 197 207 239 248 261 291
110 138 156 180 192 207 232 254 270 294
105 134 146 164 198 205 239 259 262 289
103 132 151 177 197 202 227 252 279 295
106 133 147 180 186 212 234 257 279 299
102 126 154 162 191 210 226 241 280 288
108 124 155 174 189 218 223 259 271 286
119 126 147 177 186 218 224 243 262 289
114 123 145 161 186 208 228 256 279 288
109 135 144 176 188 204 231 249 263 291
108 131 159 161 182 207 234 254 277 299
101 121 157 165 180 214 239 250 272 292
100 130 147 177 198 214 238 244 263 298
113 127 153 174 180 218 224 245 276 297
110 120 146 175 182 216 230 249 278 283
113 127 151 177 199 212 223 248 264 295
104 126 152 171 193 217 234 252 261 282
113 129 146 175 186 220 228 259 276 285
104 139 155 160 199 205 234 258 266 287
112 120 156 174 184 206 239 255 264 293
120 131 158 160 190 205 229 245 274 286
113 140 158 176 186 205 234 249 271 289
119 122 155 179 198 217 224 242 277 288
102 131 140 162 184 213 233 242 279 281
109 130 149 176 180 220 223 250 261 296
101 140 144 178 196 213 227 241 272 296
107 140 160 173 189 207 227 255 275 296
115 124 158 170 188 209 233 257 260 299
107 121 150 176 189 218 234 256 266 293
116 130 143 169 195 211 239 250 265 291
119 128 146 172 197 206 220 240 275 290
120 127 149 162 181 204 224 242 264 297
119 120 160 162 192 208 228 256 280 295
103 122 148 177 196 206 228 247 274 298
114 136 140 167 182 207 231 260 277 282
103 133 155 165 188 213 224 252 279 286
117 130 159 169 183 210 233 250 269 296
100 128 144 166 181 215 224 243 262 298
111 125 147 167 191 219 234 252 273 284
110 125 149 160 197 201 238 258 265 300
115 133 148 166 187 214 238 253 263 296
119 120 155 160 191 203 229 255 271 280
113 131 153 162 190 210 238 249 267 300
116 130 142 178 185 211 234 247 263 290
120 123 155 163 196 204 240 249 271 293
112 133 151 162 186 211 236 245 270 281
119 126 145 176 191 202 240 240 261 294
103 130 155 179 193 216 225 248 270 293
100 125 154 179 185 202 224 243 260 298
103 129 144 179 192 211 237 241 278 280
102 133 150 170 185 213 227 254 279 297
113 126 159 171 196 206 240 258 266 288
116 123 141 176 186 206 232 258 266 289
117 136 152 164 195 213 236 253 278 297
107 140 149 163 184 204 232 242 273 296
110 121 158 172 181 213 237 251 273 292
117 123 144 175 188 214 224 253 265 300
120 138 141 166 189 203 232 240 280 297
102 134 149 174 188 216 235 251 275 294
117 136 148 162 189 200 224 259 262 294
108 127 146 164 199 205 230 244 277 296
108 125 156 175 185 219 220 251 267 288
119 134 148 163 181 214 226 252 260 298
104 135 145 180 195 211 239 260 273 296
102 131 143 170 196 208 237 254 279 294
107 135 144 169 192 209 227 242 269 283
103 128 157 171 186 219 234 244 276 288
101 134 142 165 195 201 231 242 277 295
107 136 159 160 198 207 235 254 269 300
118 123 146 178 184 202 221 259 272 300
105 133 145 179 194 215 227 245 273 298
107 120 159 176 192 205 227 244 280 286
108 120 148 162 187 215 240 251 278 291
118 128 153 177 189 218 234 253 276 289
112 126 142 179 181 206 235 258 272 292
120 125 156 164 182 220 234 250 264 282
120 130 150 166 183 205 236 253 270 290
107 134 159 170 189 202 240 241 266 295
102 137 159 179 192 208 224 260 272 282
108 121 146 174 184 202 238 242 278 294
109 137 148 169 193 205 224 250 280 281
106 120 157 180 185 203 233 256 269 284
100 132 143 167 180 209 239 260 260 294
110 128 160 174 191 209 234 254 271 289
120 129 154 166 188 201 238 241 265 284
105 132 160 164 194 214 224 244 272 299
111 129 150 166 200 201 229 246 276 286
101 128 159 174 198 202 239 242 278 296
102 121 141 178 190 209 234 247 263 299
107 132 146 169 193 209 227 251 262 282
117 131 147 175 195 211 228 252 269 283
101 130 150 166 187 215 226 245 275 280
119 131 150 160 198 219 221 256 270 295
113 135 140 176 190 205 238 244 272 290
116 129 141 180 196 212 230 245 263 300
101 120 146 177 189 209 225 241 260 292
111 132 151 166 181 207 237 243 279 284
118 130 156 177 189 206 221 254 278 283
116 120 140 161 182 210 224 243 271 300
113 136 150 169 180 220 236 241 277 299
104 131 159 176 194 220 227 246 268 297
105 133 142 172 194 219 236 248 279 283
119 135 151 177 182 204 227 244 279 288
119 129 143 170 194 217 232 260 275 287
107 128 150 162 184 207 237 244 273 293
113 137 143 168 193 205 232 247 280 291
114 134 154 170 192 202 237 245 267 299
108 140 148 171 193 216 229 255 265 287
113 132 141 167 180 213 220 250 265 288
115 137 141 180 189 212 232 256 278 298
112 125 146 173 182 202 228 247 280 300
120 136 149 164 193 217 225 244 273 298
108 134 143 165 194 213 227 259 274 289
107 129 141 180 196 211 234 253 260 291
117 132 140 177 195 217 237 249 265 292
102 125 159 168 181 205 237 260 276 294
107 134 148 171 188 205 232 251 270 298
111 130 143 170 200 205 227 243 278 291
112 124 142 164 184 209 226 241 278 298
118 128 154 175 191 215 232 254 280 288
101 131 157 180 188 200 228 253 266 290
115 127 143 171 181 209 225 248 280 287
103 120 149 171 193 213 230 259 279 291
105 140 155 161 183 208 231 248 272 297
118 138 158 174 195 204 239 247 266 288
104 128 143 180 195 218 231 240 277 296
102 138 149 173 188 217 239 253 279 299
101 136 143 169 182 215 240 249 264 295
120 132 153 164 197 216 223 248 276 287
106 127 146 168 180 214 230 259 279 281
114 123 155 179 186 216 221 249 274 298
111 134 150 172 200 213 234 249 274 290
105 135 147 165 192 211 232 241 262 291
113 128 141 162 188 200 236 255 271 295
100 130 147 165 188 203 230 250 265 298
116 128 155 164 189 202 235 254 268 300
105 124 157 180 189 205 230 245 260 286
107 120 154 160 190 212 236 250 263 283
117 122 148 169 190 209 238 252 263 281
119 125 156 170 200 200 222 244 263 298
117 135 149 172 199 220 237 249 274 285
100 135 140 164 180 216 232 251 264 288
113 126 159 168 198 202 236 258 272 283
116 132 146 160 189 207 232 249 278 293
116 135 144 161 186 220 232 259 262 295
111 130 143 178 183 216 229 256 275 293
114 140 157 177 199 206 227 256 267 281
106 137 145 161 194 217 221 246 277 292
101 136 148 177 194 202 239 251 271 282
112 139 155 177 193 200 238 243 267 295
112 133 141 172 186 217 221 243 269 294
105 122 143 176 200 215 226 249 277 281
112 123 154 175 181 212 225 255 277 287
112 120 143 172 188 218 231 259 262 280
113 135 150 161 181 205 220 250 264 288
102 131 150 166 200 204 227 259 268 287
100 129 148 178 186 200 223 240 279 294
115 120 147 164 198 203 222 251 267 291
120 133 146 163 189 216 221 241 273 280
111 129 158 179 198 218 221 244 269 286
113 135 152 165 184 217 220 259 276 294
110 139 143 175 200 202 232 248 271 297
117 123 141 161 186 208 238 247 260 293
113 127 157 170 180 209 223 256 264 288
106 129 160 166 200 209 221 241 267 292
120 125 159 168 194 204 234 251 270 296
101 133 156 176 191 201 238 247 267 290
108 122 154 160 199 208 227 247 280 296
109 130 159 174 180 206 225 244 272 282
113 133 143 169 190 203 226 246 265 291
111 130 146 173 182 206 230 250 261 288
114 121 156 164 196 211 227 243 270 293
103 136 140 174 193 209 225 258 274 289
113 139 156 168 192 210 240 245 261 290
116 130 154 169 181 218 239 252 277 295
118 139 156 161 190 212 228 252 261 292
101 133 141 161 197 220 233 248 278 291
119 120 150 172 199 217 237 241 265 283
112 130 142 170 187 213 238 240 273 282
111 134 157 174 192 209 236 240 269 281
116 127 151 179 187 209 234 258 268 282
120 128 140 176 194 215 230 240 269 289
105 135 146 177 195 200 227 240 261 299
116 136 147 160 186 220 229 255 270 298
109 126 155 170 200 216 228 253 277 300
105 125 142 176 192 216 238 257 265 281
118 128 143 164 192 208 224 255 264 286
108 125 140 173 182 209 235 242 278 285
100 132 157 177 182 220 237 242 274 293
108 131 153 166 198 216 231 255 274 299
116 130 158 164 192 210 227 242 278 288
116 120 144 161 183 218 233 258 275 280
102 130 141 169 191 202 230 260 275 286
103 121 159 160 194 212 227 241 264 290
109 120 159 166 184 211 237 240 267 292
101 123 142 172 184 202 223 251 261 284
101 127 160 167 194 220 227 250 270 286
113 121 153 164 191 210 222 249 263 293
106 121 153 173 183 213 239 248 261 289
111 120 142 178 186 209 233 250 270 282
119 120 153 167 190 200 236 255 267 296
115 140 150 180 190 218 225 247 270 295
111 125 157 168 198 202 240 258 275 300
106 124 147 165 197 215 221 257 272 284
103 125 159 176 183 205 235 250 270 285
103 138 140 160 180 214 238 260 278 282
102 131 140 165 199 206 220 243 276 286
105 140 158 170 186 213 227 254 263 299
116 128 157 170 186 203 230 250 272 290
118 136 156 163 198 216 225 245 273 291
116 136 151 167 185 210 225 259 278 287
101 140 159 172 197 209 221 258 273 288
118 125 146 169 197 216 221 257 265 282
103 124 150 172 186 219 238 252 277 290
113 123 155 179 197 215 240 249 263 284
114 132 148 169 189 206 226 255 271 296
100 134 148 177 189 211 220 254 276 298
111 132 156 170 194 200 223 243 262 283
101 136 160 168 192 218 221 259 279 283
112 137 154 180 185 220 240 245 269 280
105 127 141 179 194 207 229 242 262 296
108 138 141 160 196 217 226 243 267 291
106 137 143 175 200 200 232 242 266 293
108 136 143 173 194 208 229 243 275 297
113 133 140 169 182 212 234 256 262 285
120 134 158 175 191 217 238 243 280 300
111 131 159 179 195 219 233 252 277 293
110 133 147 174 181 216 226 259 280 284
115 127 160 165 199 201 234 251 264 296
118 132 143 172 192 200 240 260 264 285
110 125 149 171 186 208 224 243 262 281
120 127 140 160 185 210 220 244 276 289
116 133 156 164 196 204 221 240 268 296
106 140 157 161 183 210 221 255 278 290
114 132 146 161 183 204 230 242 267 292
101 126 148 176 190 208 226 260 271 293
103 123 159 163 196 208 227 258 263 296
104 125 157 178 194 206 224 247 275 290
113 127 160 173 199 203 231 243 264 286
107 120 158 166 181 213 237 259 272 288
104 129 159 168 200 218 220 243 273 295
103 136 156 173 194 203 231 240 262 281
107 133 149 170 187 214 226 248 280 287
112 125 159 160 196 219 228 250 275 284
107 130 156 171 185 206 235 253 276 300
114 123 160 174 192 209 235 256 273 298
106 127 140 180 200 200 224 244 272 292
102 139 149 165 195 204 227 250 279 282
101 133 141 162 181 220 231 249 262 290
117 134 143 166 184 204 235 240 280 286
115 134 150 166 187 214 220 251 277 284
105 122 155 175 191 206 237 241 280 280
106 121 143 161 182 205 229 248 268 287
118 136 159 170 182 200 225 246 265 287
115 133 148 168 189 201 233 257 268 300
118 121 150 161 188 220 229 252 264 280
118 127 159 178 190 209 237 257 271 283
111 135 152 161 191 213 220 245 267 281
120 126 150 163 181 205 234 250 263 295
107 121 141 161 187 200 223 255 280 298
118 129 154 169 190 210 221 258 261 280
114 133 151 170 198 219 222 242 274 291
103 136 158 173 181 205 238 258 279 286
109 126 148 172 186 219 235 257 267 285
113 124 148 165 188 220 237 241 276 293
112 135 160 175 186 211 232 244 268 298
103 136 155 175 186 205 233 260 275 291
105 133 147 165 186 202 227 240 267 290
120 139 144 179 197 201 220 247 276 291
116 131 154 162 198 218 240 253 266 287
102 130 152 173 194 216 234 252 280 283
106 138 159 173 193 219 228 242 262 283
102 127 160 179 196 212 220 258 261 289
120 127 144 168 193 212 235 245 266 291
110 140 147 171 192 203 231 258 278 281
101 140 150 167 191 214 236 249 275 284
116 133 141 165 191 217 230 245 277 285
119 124 159 161 182 216 226 256 269 285
108 138 158 179 182 214 224 250 273 296
112 137 153 170 200 211 223 257 277 290
100 123 154 164 197 217 233 256 267 281
110 130 143 173 188 202 224 243 278 299
119 132 150 163 186 217 234 253 270 295
105 130 145 167 184 220 230 246 277 289
116 124 141 173 186 206 227 260 262 293
107 120 142 161 189 201 233 260 270 297
113 123 159 172 189 211 234 255 273 292
118 127 156 169 192 203 227 245 260 281
109 121 155 164 190 216 238 246 276 289
104 131 146 161 184 220 223 242 275 299
120 121 143 179 190 214 233 243 266 286
103 130 146 166 200 212 238 257 280 299
101 121 152 168 184 202 223 246 264 289
120 130 160 178 180 214 221 257 262 290
105 123 141 176 188 203 228 259 274 294
109 129 140 180 193 210 236 256 277 292
104 122 140 163 190 218 226 248 265 280
103 134 159 170 181 210 225 252 262 294
113 139 140 166 186 208 236 241 262 298
118 131 158 167 191 202 226 242 267 283
115 121 159 165 190 217 236 246 280 281
110 123 158 161 197 219 240 252 275 283
107 135 149 166 185 207 223 240 272 289
108 128 146 173 191 217 238 247 262 297
106 130 148 178 192 204 229 254 275 297
111 130 149 180 184 218 223 245 273 292
107 131 149 177 191 205 224 243 275 299
117 139 157 168 193 206 221 260 280 282
113 123 144 163 192 215 231 252 276 292
106 136 160 179 181 203 239 245 276 290
107 124 150 168 198 213 240 255 276 294
102 132 148 173 189 205 227 251 267 293
115 135 140 177 183 201 226 260 270 296
119 136 140 176 182 200 225 251 262 280
116 125 140 176 187 205 225 255 262 284
103 133 140 161 194 220 234 252 268 280
116 120 140 166 190 205 240 241 280 286
107 134 140 166 193 211 223 242 267 282
102 139 152 172 180 205 224 253 260 287
102 121 152 179 189 217 235 255 262 299
112 133 142 174 192 213 223 256 277 284
107 133 155 177 200 210 231 241 279 284
108 129 160 171 199 212 238 252 268 282
106 134 160 178 193 205 228 255 278 292
107 129 150 169 188 219 239 258 273 297
114 135 157 171 191 203 222 242 261 294
115 138 142 178 196 211 221 242 280 291
119 137 143 179 180 213 228 248 267 289
115 130 146 170 192 214 233 246 272 288
108 128 158 169 197 209 233 244 269 293
101 120 149 161 190 202 222 252 275 287
110 135 153 175 189 203 220 258 265 289
109 124 160 176 191 207 231 241 280 288
111 131 154 173 182 212 220 258 261 287
112 134 145 176 198 217 231 255 264 287
114 133 149 179 182 208 226 249 276 280
103 122 146 178 190 211 237 252 261 282
103 125 158 173 194 219 222 250 274 293
106 129 147 178 189 205 235 241 267 300
101 126 153 176 196 218 238 244 276 286
108 127 145 164 183 217 230 259 261 297
106 137 154 174 193 200 230 245 268 295
3945 4081 5339 5441 6665 6903 7788 8434 9352 9862
4903 5548 6064 6967 7741 9204 9935 11139 12042 12257
5734 6518 7694 7841 9164 10634 11272 12399 13722 13771
3307 3771 4177 4641 5309 5802 6498 6991 8093 8354
1266 1332 1651 1893 2179 2399 2532 2653 2895 3269
3945 4625 4897 5713 6325 7142 7550 8468 9012 10066
2035 2179 2539 2917 3403 3890 4286 4664 4934 5204
5124 6440 6957 7944 9354 9730 10388 12081 12927 13820
2223 2641 3499 3587 4292 4446 5018 5590 5810 6250
2223 2949 3521 3873 4049 4423 5018 5370 6096 6404
5383 5889 7361 7683 8925 9339 10306 11686 12146 12974
5061 5935 7269 8051 8465 10121 10490 11272 12238 13480
5221 6031 6526 7291 8776 9451 10756 11657 12197 13367
1483 1756 2029 2107 2393 2719 2901 3213 3408 3876
1151 1311 1551 1671 1881 2042 2242 2552 2652 2862
5713 6577 7585 8449 9313 10225 11041 11617 13346 14402
2223 2993 3455 3895 4357 4709 4885 5370 5810 6558
1301 1652 1847 2315 2575 2836 2927 3239 3460 3798
5118 6021 6322 7268 7784 9332 9461 10967 11999 12558
4945 6193 7345 8641 9505 9697 10898 12050 13154 13874
4841 6161 6645 7745 8185 8977 9990 11134 12014 12498
5429 5797 6993 7913 8373 9248 10168 11594 12192 13296
2617 2881 3385 3865 4658 5042 5690 5762 6362 6770
2551 3501 3551 4451 4676 5002 5727 6352 6502 7277
2863 3430 4051 4591 5293 5807 5996 6887 7076 8021
4486 5383 5968 6865 7489 8113 9127 9869 10376 11312
5233 5857 6721 8497 8881 9698 11474 12050 13154 13682
4131 4866 4971 5951 6896 7631 8086 9102 9417 9942
3745 4417 4961 5473 5985 6946 7042 7746 8450 9154
2971 3727 3916 4753 5131 5941 5995 6860 7319 7670
2465 3059 3191 3653 3961 4512 4974 5282 6096 6404
2809 3169 3553 3937 4513 4825 5594 5978 6650 6914
2785 3025 3409 4009 4346 5042 5378 5786 6266 6842
1819 2467 2647 3133 3601 3745 4160 4322 5024 5240
1401 1793 1975 2381 2619 3026 3362 3544 3782 4090
5131 6076 6346 7561 8506 9002 10262 11567 11882 13007
3853 4429 5437 5977 7057 7742 8534 9074 9614 10118
5377 5809 6865 7681 9266 9650 11138 12434 12578 13682
5521 6211 6717 7821 8327 9937 10122 11916 12238 13342
3301 3721 4471 5161 5431 6602 6872 7442 8402 8492
1310 1420 1552 1772 2080 2422 2554 2697 3049 3082
2041 2381 2721 2993 3265 3588 3877 4286 4558 4830
2627 3485 3745 4369 4785 5228 5878 6372 6996 7802
1145 1453 1574 1827 2135 2344 2631 2785 2873 3247
4327 5293 6595 7057 7687 8738 9284 10418 11636 11930
4996 5986 6301 7426 8911 9812 10757 11252 11747 13007
1211 1475 1717 1871 2201 2201 2422 2653 3016 3115
5587 6322 6959 8821 9066 10243 10929 11958 12791 14506
1273 1573 1729 2005 2353 2606 2642 3038 3278 3386
3233 3969 4897 5505 6401 6658 7106 8162 8482 9218
4839 4962 5741 7340 8078 8407 9555 9924 10908 11646
4621 6029 6557 7745 8053 9197 10474 10694 12234 12498
2332 2941 3277 3676 3823 4453 4663 5336 5630 6113
3745 4161 4993 5441 6337 7009 7393 8290 8546 9154
5383 6165 7269 7867 8833 9569 10582 11456 11962 13158
5881 6371 6910 8625 9262 10634 11222 12203 13232 14604
2053 2471 2813 3250 3649 3839 4391 4847 5075 5550
5075 5849 6150 6881 7870 8731 9849 11096 11225 12343
2143 2467 2881 3151 3349 3673 4231 4358 4934 5222
1639 1695 1989 2381 2759 2857 3179 3614 3908 4202
3481 3655 4641 4815 5656 6004 6729 7397 7861 8499
5015 5567 6901 7407 8281 9386 10766 11732 12836 13434
3001 3721 4561 4951 5672 6002 6932 7502 8042 8912
1141 1201 1471 1701 1821 2062 2272 2522 2722 2912
1546 1846 2236 2686 2806 3121 3587 3887 3977 4457
4285 5167 6469 7519 8275 9115 9704 10880 11342 11804
1541 1947 2143 2507 2731 2899 3235 3614 3838 4076
4473 5505 6580 7139 8300 8902 9892 11010 11612 12902
1444 1704 2068 2250 2458 2653 2966 3343 3525 3694
1633 2241 2449 2817 2881 3457 3601 4082 4418 4738
2833 2929 3553 4153 4729 5138 5474 5810 6242 6866
3553 4321 4897 5249 5889 6402 7138 7714 8738 9570
3777 4001 4929 5537 5889 6913 7681 8034 8962 9282
5077 6111 6957 7709 9166 9542 11188 11658 13162 13491
3598 3994 5149 5413 6535 7261 7822 8219 9143 9671
2148 2661 2870 3212 3668 3991 4315 4828 4999 5474
1357 1465 1873 2041 2173 2462 2642 3110 3230 3530
5101 6451 7201 8651 9451 10801 11752 12752 13052 14952
5281 5853 6953 7833 7965 9461 9725 11002 12322 12762
1201 1311 1411 1791 1911 2061 2212 2442 2652 2972
1741 2071 2131 2686 2926 3271 3541 3631 4157 4487
3162 3887 4554 4902 5279 6237 6469 7252 8006 8267
4429 5044 6397 6848 7627 8447 9842 10621 11400 11851
2553 2663 3081 3873 4005 4754 5172 5480 5832 6272
4183 5208 5987 6930 8201 8488 9760 10416 11072 12261
1470 1613 2068 2211 2354 2667 2979 3343 3512 3642
3991 4201 4936 6231 6862 7072 7737 8437 9522 10432
3435 4251 5169 5849 6155 7108 7788 8672 9454 9692
2738 2876 3313 4072 4348 4809 5062 5798 6074 6465
2125 2431 2647 2989 3277 3763 4070 4664 4916 5258
4903 5247 6709 7010 8472 8687 10150 11182 11397 12343
1273 1525 1753 2065 2378 2438 2738 2966 3134 3554
4057 5422 5578 6904 7567 8308 9050 9908 10805 11000
3132 4031 4372 5178 5767 6636 7256 7783 8186 9023
5475 5659 6993 7499 9201 9339 10720 11916 12238 13250
3730 4291 5017 5677 6502 6898 7658 8252 8615 9902
5266 5401 6571 8056 8866 9136 9992 11252 12332 13502
2951 3051 3851 4476 4976 5451 5951 6202 6627 7077
5337 6211 7085 7959 8603 9937 10443 11686 11962 13710
3979 5071 6007 6787 7333 8464 9167 10025 10454 11000
4408 5149 5929 6826 7021 8269 8582 9479 10688 11702
1123 1497 1596 1761 2003 2323 2510 2774 2983 3170
1457 1600 2055 2315 2484 2640 3083 3239 3421 3759
1891 2413 2557 2899 3565 3692 4286 4556 4898 5042
5713 6241 6961 8209 9121 10561 10994 11618 13394 13586
5218 6111 7051 8038 8931 9495 10718 11940 12410 13961
2726 3151 3801 4301 4626 5451 5826 6502 6927 7202
1299 1387 1706 1882 2135 2399 2443 2851 2928 3137
1021 1281 1551 1711 1911 2061 2372 2542 2722 2832
3349 4186 4899 5364 5767 6666 7225 8000 8124 8992
2601 3433 4057 4629 4707 5669 6242 6320 7204 7282
5185 6625 6769 8209 9169 10322 11330 11522 12482 13442
3393 4193 4929 5185 6177 6594 7426 8098 8354 9346
4757 5003 6315 7094 8037 8365 9637 10662 10867 11523
3601 4111 4321 5401 5821 6211 7201 7531 8282 8552
1171 1201 1441 1791 2001 2061 2241 2562 2772 2922
4249 4321 5077 6049 6842 7418 8066 8930 9722 10406
5137 5857 7153 7873 9218 9842 11186 11714 12626 13874
1809 2049 2337 2577 3121 3266 3554 3986 4306 4786
4306 5249 6274 6930 7586 8735 9555 9883 11113 12056
5538 6175 7498 8233 9801 9948 11664 12644 12889 14555
5266 6301 6301 7471 8191 9317 10757 10982 11792 13052
2141 2481 2901 3381 3741 4202 4702 5022 5202 5902
4096 4411 5566 6196 6896 7491 8296 8576 9592 10432
2976 3201 3601 4226 4752 5002 5802 6202 6552 7077
2245 2993 3411 3829 4357 4468 4930 5458 5788 6250
2041 2262 2381 3027 3231 3724 4047 4421 4694 4932
1314 1665 2003 2302 2445 2784 3018 3122 3499 3772
2939 3615 3823 4629 4915 5305 6060 6528 6970 7672
4489 6117 6337 7481 7965 9462 10430 11354 11662 12498
3606 4411 4901 5951 6476 7212 7772 9067 9732 9942
5356 5446 6661 7741 8371 9001 10532 11387 12467 12782
3829 4324 5281 5842 6040 7030 7294 7988 9143 9671
3301 3751 4501 4891 5701 6182 6812 7652 8102 8522
2785 2881 3697 4057 4393 4826 5594 5762 6674 7010
3101 4155 4403 5333 6139 6604 7380 7721 8620 8744
4709 6029 6865 7041 7965 9242 9770 10870 11882 12322
3361 3501 4397 4621 5097 6078 6526 6806 7674 8010
4591 5401 6886 8101 8101 9767 10487 11567 11837 12962
2913 3585 4257 4873 5069 5938 6666 6834 7282 8066
2053 2509 2870 3117 3592 3896 4391 4676 5132 5664
5489 6861 7204 7841 8870 10046 11615 12448 13232 14457
4897 6241 7633 8401 9601 10513 11041 12001 13346 13970
3649 4385 4801 5665 5761 6977 7202 7778 8450 9570
1653 1863 2227 2255 2759 3011 3249 3502 3880 4020
2627 3251 3771 4499 4707 5540 5930 6268 7100 7542
4621 6161 6733 7877 8185 9109 10253 10870 12014 13202
4516 5247 6881 7268 7956 8688 10322 10408 11182 12902
1417 1681 1873 1945 2161 2521 2762 3098 3218 3398
3775 4693 5373 5543 6665 6904 7482 8400 8944 9692
2206 2941 3130 3592 4033 4517 4643 5105 5672 6071
4301 5763 6021 7225 7741 9204 9462 11096 11999 12042
1888 2126 2432 2976 3248 3470 3776 4269 4507 4966
2129 2490 2832 3383 3801 4029 4200 4904 4961 5436
2554 2945 3359 3681 4187 4763 5453 5936 6028 6488
3278 3974 4177 4960 5714 6004 6759 7368 7600 8209
4447 4713 5511 6309 7601 7981 9084 9882 9882 11250
4029 5245 5397 6689 7373 8057 8703 9882 10338 10908
2261 2541 2901 3321 3961 4342 4602 5062 5222 5762
3781 4501 5581 6373 6517 7274 8102 9002 9506 10622
3191 3858 4641 4844 5279 6062 6527 7484 7629 8673
2041 2194 2449 2891 3248 3520 3878 4388 4541 4864
1513 1933 2199 2269 2605 2984 3138 3530 3880 3936
3277 3613 4397 4537 5237 6134 6162 7030 7562 7954
2143 2359 2629 3223 3277 3601 4286 4322 4718 5276
4026 4586 5076 5811 6896 7176 7877 9067 9452 9872
5293 6371 7008 8282 9508 9998 11027 12056 13232 14310
4929 5325 6601 7129 8493 9418 10166 10738 12102 12630
2641 3313 3577 3865 4609 5090 5618 5906 6338 7010
5521 5953 7489 8257 8929 10562 10802 12146 12722 13922
1617 2241 2241 2657 3185 3441 3778 4050 4226 4722
3681 4033 4865 5313 5921 7042 7266 7938 8546 9058
4601 5797 6763 7775 8926 9294 10766 11226 12422 12974
1178 1431 1662 1926 2025 2355 2641 2730 3082 3247
3194 4093 4620 4961 6171 6698 6853 7690 8310 8806
1569 1891 2199 2507 2717 2843 3137 3390 3712 4202
2248 2731 3298 3361 3887 4286 5000 5042 5504 6050
4301 5376 6795 7268 8257 8773 9634 10752 11784 12730
4839 5085 6315 6643 7422 8571 9104 10457 11072 11605
2731 3589 3927 4629 5123 5461 6138 6372 7048 7386
5245 6027 6441 7729 8833 9201 10766 11778 12376 13296
1134 1387 1761 1794 2124 2411 2510 2642 2939 3126
1583 1723 1975 2395 2675 2858 3264 3544 3740 3992
1112 1321 1607 1871 2168 2234 2609 2763 2950 3302
2289 2905 3125 3609 4269 4776 4974 5568 6140 6316
1561 1966 2266 2656 2791 3061 3602 3632 4022 4397
1516 1876 2266 2641 2986 3196 3392 3857 4127 4292
3391 3901 4411 4921 5521 6542 6902 7592 8072 8432
3194 4186 4806 5457 5705 6697 7317 7783 8465 9178
5713 6049 6913 7777 9553 10562 10658 12050 12914 13826
2001 2701 2961 3321 3821 4102 4662 5002 5422 5782
3925 4537 5617 5905 7129 7597 8318 8750 9794 10658
4447 4837 6124 7021 7684 8152 9166 9557 10415 11663
1443 1737 2185 2297 2535 3082 3180 3558 3768 4048
2370 2784 3359 3980 4463 4855 5246 5683 6166 6833
4445 5633 6381 7921 8449 8889 10078 11090 12278 13026
5201 6101 7601 8151 9602 10352 11452 12152 13502 14052
5429 5889 7223 8143 8281 9431 10628 11548 12514 12928
1429 1919 2129 2409 2773 2871 3263 3558 3810 4146
3886 4922 5329 6661 6957 7808 8808 9474 9881 10658
3628 4248 4775 5364 5767 6573 7442 7442 8093 8992
2324 3198 3359 3819 4279 5016 5269 5568 6212 6488
2988 3597 4554 5192 5424 6265 6961 7310 7948 8499
4429 5126 6397 7053 8160 8571 9104 9842 11113 11810
3711 4271 5286 5881 6511 7177 7947 8472 9697 10432
3400 4489 5149 5710 6007 7130 7790 7955 8648 9671
5124 6534 7051 7521 8884 10059 11141 11893 12833 13538
4369 5041 6595 6805 7603 8738 9872 10082 11762 12560
4688 5849 6666 7139 8214 9074 10193 10752 11440 12730
3165 3837 4089 5013 5489 5937 6722 6890 7534 7842
1483 1782 2042 2289 2601 2614 3044 3187 3395 3642
3361 3669 4145 4929 5181 5685 6470 7142 7842 7842
2205 2661 3022 3326 3782 4162 4314 4713 5074 5645
3160 3511 3808 4483 5266 5915 6131 6617 7049 7670
2757 3511 4135 4213 5123 5488 5826 6346 6944 7568
4634 5454 6438 7258 7586 8529 9268 9842 10785 12261
5237 6029 6425 7833 7965 9638 10298 10870 11486 12322
4445 5941 7041 7789 7921 9153 10034 11178 11706 13158
4096 5032 5734 6553 7684 8503 8972 9830 10805 11351
2997 3473 4425 4873 5209 5629 6470 6862 7646 8150
4757 5454 6151 6684 7381 8980 9801 10006 11154 12261
3001 3076 3501 4226 4526 5352 5802 6202 6502 7327
3956 4481 5006 5951 6931 7316 8017 8542 9522 10467
5311 5941 6301 7966 8641 9406 9947 11432 12062 12917
4447 4637 5359 6537 7297 8019 9084 9768 9920 11364
2715 3014 3566 3796 4440 5015 5084 5982 6235 6741
1101 1431 1541 1948 2102 2212 2565 2730 3071 3203
4739 5567 6487 7867 8281 9432 10536 11364 12744 13572
3367 4192 4654 5776 6040 6965 7361 8450 8648 9770
2485 2807 3313 4003 4141 4923 5453 5913 6442 6649
4761 5481 6241 6641 7881 8521 8961 9882 10922 11522
5521 5905 7249 7969 8929 10322 10706 12482 13202 13634
2443 3015 3125 3939 4335 4621 5215 5479 6140 6536
3745 4161 4833 5761 6209 7009 7329 7970 8386 9314
5048 6665 7743 8037 8968 10292 11174 12056 13330 13967
3489 4353 4897 5665 6017 6561 7553 8162 8578 9474
5751 6751 7201 8751 9401 10451 11751 12102 14002 14902
2425 3193 3625 3889 4465 5162 5570 5858 6626 7178
3956 4376 5566 5706 6476 7596 8262 8997 9417 10292
3746 4551 5181 6231 6476 7386 8262 8892 9487 10432
1001 1251 1581 1781 1881 2142 2342 2422 2762 2812
1649 2081 2433 2673 2913 3266 3826 4050 4386 4514
5193 5589 6777 7877 7921 9637 9945 11442 12190 13202
4330 5110 5734 6358 7489 8387 8738 9869 10922 11000
3391 3691 4531 5281 5761 6212 6932 7262 7832 8792
4295 5093 5397 6271 7069 7716 9046 9160 10072 11364
1639 1905 2171 2241 2521 2984 3208 3362 3670 4132
1927 2251 2791 3223 3493 3871 4321 4627 4970 5294
1666 2086 2131 2671 2761 3301 3346 3842 4037 4412
2669 2968 3543 3727 4256 4763 5108 5890 6166 6695
2679 3537 4005 4369 5123 5279 6216 6736 6788 7750
5097 6077 7743 8037 9164 10634 11713 12546 13232 14065
4281 5281 5961 7121 7361 8321 8962 10362 10842 11602
2553 3015 3389 3851 4005 4621 5193 5634 5854 6580
3565 4225 4786 5941 6337 6799 7823 8087 9011 9275
2355 2795 3455 3851 4203 4753 5149 5370 6118 6536
2836 3403 4267 4672 5293 5509 5969 6617 7373 8021
5061 5659 7177 8281 8511 9983 10950 11272 12376 13204
3451 4171 4321 5251 5941 6091 6721 7322 8372 8702
2623 2899 3681 3796 4394 4601 5292 5729 6419 6695
5251 6701 7901 8501 9901 10651 11551 12402 13752 14552
5161 5204 6494 7182 8214 9160 9720 11182 11397 12386
1366 1561 2029 2185 2367 2822 3096 3382 3564 3694
4409 5245 6005 6233 6917 7753 8742 9502 9920 11364
4901 6224 7351 7939 9557 10488 11223 12105 12889 14114
4445 5369 6337 7657 8494 9198 9770 10914 11486 12586
4831 5251 5881 7267 8233 9242 9326 10082 11510 12476
1201 1321 1471 1791 1951 2041 2272 2412 2802 2832
4174 5071 5578 6592 7450 8153 9089 9713 10922 11000
3220 4003 4351 4699 5743 6120 6672 6991 8122 8441
4546 5536 6706 7291 8911 9407 10487 11117 11972 13412
4034 4478 5884 6328 6772 7475 8623 9178 10325 11102
3585 4097 4897 5153 6241 6881 7106 7906 8834 9538
3361 3921 4397 4481 5405 5993 6581 6834 7366 8374
2676 3201 3751 4251 4726 5126 5702 6352 7002 7402
3553 4065 4481 5569 6241 6722 7170 8162 8898 9026
5440 6763 7351 8674 9213 10732 11468 12007 13183 13771
4026 4201 5531 5951 6371 7666 7981 9102 9487 10187
2851 3026 3976 4276 4826 5077 5702 6027 6702 7227
4897 6577 7345 8257 9314 10034 10898 11522 12770 13442
4546 5401 6436 7246 8956 9181 10802 11657 12152 13277
2110 2300 2927 3155 3668 4049 4391 4733 5113 5379
2887 3303 4005 4369 5123 5305 6086 6554 7074 7646
3297 4385 5089 5569 5825 7041 7105 8322 8898 9314
4430 5419 6881 7397 8085 9419 10064 10709 11268 12257
4897 6145 6721 8257 9553 10418 11330 11666 12962 13970
3489 4353 4705 5313 6081 7042 7330 8162 8610 9026
2619 2641 3389 3609 4291 4687 4929 5458 6096 6558
3781 4341 5041 5706 6442 7037 8157 8892 9242 10082
2651 3226 3726 4176 4701 5052 5902 6427 6752 7027
5251 6201 7251 8901 9851 10152 11652 12252 13002 14752
2473 3313 3721 3985 4682 4802 5306 5882 6650 6722
1729 1937 2513 2641 2977 3330 3682 3906 4274 4738
2575 2795 3345 3917 4357 4445 5150 5458 5898 6426
1255 1354 1761 1860 2014 2422 2444 2796 2917 3148
4252 5461 6202 6982 7060 8386 8737 9947 10259 11312
2289 2883 3499 3521 3961 4622 5172 5414 5942 6294
4603 5305 5851 6319 7177 8581 8893 9947 10883 11585
4973 5501 6909 7393 8581 9637 10121 11134 12014 12894
2223 3015 3323 3675 4006 4512 4908 5282 5810 6470
2826 3126 3601 4251 4601 5202 5602 6227 6977 7152
1803 2364 2585 2721 3180 3571 3827 4371 4558 5068
1569 1737 2213 2241 2717 3039 3334 3474 3684 4160
4798 5413 5782 7012 7955 8898 9267 10498 11359 11605
4453 5167 6175 7561 8065 8821 9620 10796 11174 12140
3201 4385 4705 5185 5762 6402 7586 7714 8546 9058
2627 3199 3667 4318 4682 5202 6060 6294 6762 7646
1470 1561 1873 2315 2588 2640 2992 3304 3395 3876
2713 3073 3793 4057 4705 4825 5426 6122 6290 6842
3521 4481 4545 5665 6049 7009 7426 8098 8514 8994
3101 4341 4744 5116 5643 6450 7039 7628 8527 9116
4441 4515 5810 6032 7327 7734 8622 9437 10140 11028
4034 4811 5292 6106 6661 7920 8771 9400 9659 10880
4281 5361 6241 7161 7401 8721 9521 10361 11201 12002
5713 6673 7585 8497 9601 9985 11281 12145 13058 13634
1786 2262 2568 2942 3095 3487 3861 4235 4643 4966
1429 1609 1801 1981 2257 2497 2845 3086 3350 3566
5801 6551 7551 8451 9301 10401 11902 12552 13902 14002
3940 5032 6163 6709 7684 8425 8816 9869 10493 11039
2801 3473 4341 5013 5069 5602 6498 6722 7534 8206
2713 2881 3577 3985 4345 4898 5522 5858 6554 6986
2289 2993 3411 3587 4379 4599 5018 5722 6008 6250
4101 5536 6520 6971 7996 8612 9350 10416 10744 11482
4761 5601 5921 6681 7321 8241 9402 9682 11122 11522
4285 5335 6469 6973 8107 8527 9662 10754 11762 12602
3069 3199 3693 4603 4837 5514 5930 6346 6840 7750
1541 1807 2171 2521 2675 2843 3362 3502 3698 3936
2509 3081 3191 3873 4049 4753 4842 5678 5920 6228
2007 2177 2551 2840 3129 3453 3844 4082 4507 4932
4621 6073 7041 7745 8361 8889 9769 11310 11926 13202
4946 5591 6408 6881 7870 9290 10064 10795 11182 12042
4291 5032 6124 6397 7294 8542 9245 9791 10532 11546
2737 3049 3385 4201 4417 5281 5713 6242 6650 6914
4061 4656 5146 6056 6476 7352 8017 8542 9312 10187
3816 4796 5391 6301 6546 7281 8261 8682 9592 10397
3466 4621 5017 5710 5974 6799 7724 8384 8978 9407
1333 1585 1777 2029 2269 2534 2810 3050 3170 3374
3571 3601 4681 5131 5761 6241 6781 7772 8372 8702
2332 2542 3235 3655 4159 4243 4958 5147 5735 6134
3601 3721 4231 5281 5791 6361 6691 7532 8252 8882
3781 4691 4971 6266 6721 7421 8296 8612 9697 10432
5244 6077 7204 8527 9213 10635 11027 12399 12889 14016
4841 5369 6821 7789 8537 9065 9682 11398 11750 13026
1809 1937 2241 2817 3073 3249 3762 4146 4402 4530
3535 4341 4372 5581 5705 6263 6915 7628 8310 9085
3481 3539 4090 5163 5685 6382 6382 7281 7629 8238
2521 2815 3340 3655 3886 4495 4978 5462 5714 5903
1353 1587 1964 2159 2367 2745 3044 3213 3590 3681
1958 2509 2680 3060 3478 3821 4562 4714 5322 5360
5475 6027 6579 8143 8511 9983 10582 11456 12100 13618
4817 6021 6021 7655 8214 8644 10279 10752 11569 12644
2141 2681 3021 3581 3661 4381 4421 5082 5522 5742
4445 5897 6821 7569 8581 9021 10430 11398 11970 12674
3151 3781 4291 5341 5851 6301 6902 7232 8342 8792
1633 2145 2385 2561 3137 3361 3842 4034 4274 4770
1485 1765 1989 2297 2689 2956 3096 3614 3880 4006
2449 3337 3409 3961 4705 4994 5474 6242 6242 6866
3025 3376 4051 4861 4861 5752 6158 6779 7292 7913
3191 3829 4090 4728 5366 6295 6527 7194 7832 8615
3043 3147 3927 4343 4941 5331 6060 6320 7074 7646
5265 6534 6722 7709 8978 9778 10953 11893 12222 13209
1441 1669 1753 2077 2197 2437 2834 3014 3326 3494
4034 4959 5181 6328 6735 7624 8475 8993 10029 10991
1621 1996 2371 2461 2971 3241 3541 3887 4127 4277
3711 4866 5321 6056 6371 7421 8367 8717 9557 9837
1555 1751 2185 2297 2760 2816 3152 3418 3656 3936
1457 1743 1821 2328 2536 2744 3082 3265 3486 3850
2487 2949 3411 3543 4115 4533 5260 5568 6118 6206
1321 1681 1681 2041 2365 2557 2749 3002 3362 3530
4999 5930 6861 8527 9312 10782 11125 12350 12840 13967
4841 5721 6381 7921 8625 8889 10210 11442 11882 12322
4445 5985 6645 7569 8449 8934 9814 11310 11574 12674
3457 4385 4929 5633 5857 6593 7650 8034 8770 9026
3132 4155 4527 5271 5705 6264 7256 7938 8124 8992
4774 5720 6408 7569 8042 8601 10150 10709 11655 12343
5551 6051 7801 8401 9601 10401 11152 12352 13952 14852
2311 2647 3361 3529 4117 4537 4894 5210 5567 6281
1927 2413 2809 2917 3601 3925 4303 4447 4952 5366
2885 3837 4089 4929 5041 5629 6330 7254 7814 8318
3637 4753 5077 6373 6841 7597 8246 9110 10082 10334
2731 3433 4057 4421 4993 5201 6138 6658 7100 7334
5281 6161 6777 7525 8669 9197 9725 10914 12278 12630
5001 6901 7301 8601 9351 10502 11152 12852 13252 14702
2601 3303 3719 4239 5098 5592 5956 6632 6918 7464
2887 3511 3641 4499 4707 5332 5852 6450 6814 7672
4739 5521 7223 8051 8833 9201 10812 11548 12698 12882
4369 4954 5734 6553 7801 8308 8815 9986 10688 11468
5351 6351 7151 8801 9102 10152 11002 12902 13352 14002
4321 4801 5641 6761 7241 8322 8842 10082 10922 11922
3945 4353 5067 5543 6155 6802 7516 8536 9352 9828
5521 6165 7223 7867 8971 9661 10719 11456 12008 13388
1996 2338 2832 3193 3688 3992 4201 4657 5303 5398
3601 4171 4381 5131 5641 6511 7141 7442 7832 8942
4013 4285 4999 6019 6801 7447 7753 8808 8842 9590
5356 5491 6301 7381 8956 9091 10307 11612 12377 13052
1958 2452 3041 3136 3763 3915 4315 4885 4961 5683
2071 2323 2611 2917 3565 3907 3980 4646 5006 5114
5475 5889 7039 7499 8925 9523 10995 11824 12652 13572
3911 4081 5373 5611 6189 7448 8060 8502 8910 10066
3201 4417 4577 5313 5986 6786 7074 7938 8354 9250
2061 2741 2881 3241 3661 4102 4562 5082 5282 5922
1071 1201 1541 1781 1871 2171 2392 2482 2602 3002
1288 1365 1695 1970 2058 2344 2597 2686 3027 3258
5101 6001 7501 8251 9152 10102 11452 12152 13052 14752
5291 5521 7361 8235 8511 9661 10857 11870 12238 13802
5425 6481 7057 8353 8929 10466 10706 11522 12626 13538
1920 2490 2927 3288 3706 3802 4182 4885 4999 5493
5041 5209 6091 6889 7604 8444 9410 10124 11216 12602
5131 5716 6571 8056 8191 9632 10307 10982 11792 12782
3701 5070 5181 5958 7105 8142 8549 9474 9696 10510
1081 1241 1421 1681 1892 2182 2282 2402 2612 2932
1310 1376 1541 1805 2157 2212 2598 2719 3038 3302
3960 4441 5773 6291 6698 7439 8623 9548 10066 10584
1021 1201 1561 1681 1921 2012 2282 2592 2702 2852
1636 1861 2266 2701 2926 3256 3541 3872 4127 4352
1369 1549 1909 2041 2353 2581 2833 2882 3290 3470
4681 5671 7066 7876 8641 9541 10397 11342 12332 12692
5685 6518 7155 8576 9360 10046 11027 12399 13232 13820
4213 5344 6007 6475 7489 7879 8855 10142 10376 11507
4033 4681 5473 6481 6733 7201 8354 8966 9830 10478
5089 6337 7393 7825 8737 10562 11426 12146 12914 13874
5521 6433 7345 7681 8737 9794 11330 11762 12722 13442
1909 2179 2539 2899 3566 3854 3998 4574 4844 5258
2071 2503 2665 3079 3457 3673 4303 4682 4826 5186
3481 3991 4741 5041 5401 6241 6631 7562 8252 8972
1756 1981 2386 2626 2881 3016 3601 3856 4142 4367
5453 6393 7239 8273 8555 9542 10999 12175 12692 13961
5244 6126 7302 8086 8920 9998 10831 11762 12840 14604
2110 2376 3041 3402 3725 4105 4447 4809 4980 5645
4688 5849 6021 7182 7870 9075 10064 10408 11440 12730
3829 4522 4786 5446 6172 7196 7757 8153 8615 9308
3473 4000 4434 5116 5767 6418 6977 8031 8651 9209
1237 1585 1777 1933 2270 2474 2654 3098 3134 3446
1837 2364 2381 2738 3095 3691 4048 4099 4711 4932
1617 2001 2321 2577 2881 3425 3842 4162 4466 4802
3511 3811 4561 4951 5851 6541 6691 7712 8042 8762
3400 4456 5116 5611 6172 6932 7427 8120 8780 9341
4131 4341 5356 5811 6791 7561 8156 9032 9487 10012
2887 3277 3797 4421 4863 5670 6034 6450 7048 7464
4121 4961 5601 7041 7642 8202 9282 9802 10442 11442
3889 4321 5077 6085 6949 7813 8426 9038 9758 10802
1888 2279 2653 2772 3333 3673 3962 4200 4728 5085
4404 4515 5847 6106 7327 8030 8807 9326 9622 11102
2809 3169 3553 3841 4417 4898 5546 6242 6458 6866
5356 6031 6796 7651 8506 9316 10352 11657 12062 12827
4293 5070 5736 6587 7401 7993 8807 9621 10287 10879
4401 5521 5881 7081 7561 8041 9241 10322 11202 12002
3421 4111 4531 5311 5911 6121 6871 7712 8012 8672
1891 2251 2683 3007 3422 3926 4052 4556 4772 5042
1841 2049 2289 2865 3073 3425 3570 4098 4370 4514
3233 3969 4481 5762 5922 6402 7170 7938 8674 9378
3960 4552 5625 6402 6772 8105 8142 9030 10325 10991
1718 2058 2449 3061 3180 3640 3776 4133 4728 5102
4441 4922 5625 6254 6846 7475 8512 9511 9807 10917
4785 5797 7085 7683 8373 10030 10536 11088 12882 13480
2091 2642 3041 3060 3478 4049 4334 4790 5170 5322
4105 5017 5587 6651 7183 8210 8552 9502 10262 10642
5153 5705 6763 7407 9110 9616 10168 11640 12422 12974
4681 4801 5961 7081 7281 8722 9082 10122 10682 11762
2061 2681 2821 3561 3881 4141 4722 5062 5482 5682
1837 2347 2653 2908 3231 3520 4030 4422 4592 4915
5017 5545 6513 7393 8494 8846 9814 10958 11926 12630
2554 3152 3290 3888 4325 4624 5338 5798 6396 6511
2035 2449 2611 3025 3601 3692 4124 4322 4970 5042
3809 4115 4863 6019 6223 7447 8094 8536 9352 9896
2930 3916 4090 5018 5772 6207 6643 7281 7803 8702
5617 6625 7249 8161 9409 10273 11330 11810 12530 13682
5351 7001 7151 8051 9801 10852 11252 12402 13652 14052
4344 5591 6451 6924 7827 9462 10279 10365 11741 12300
3393 3841 4641 5345 6114 6434 7234 8162 8354 9218
1249 1453 1801 2125 2401 2486 2810 3062 3158 3374
3721 4000 4372 5271 6077 6232 6884 7473 8558 9178
2439 2899 3336 3750 4210 4878 5177 5614 6258 6764
3536 4446 5146 5636 6757 7247 7772 8647 9767 9802
2401 2905 3817 4105 4561 5161 5330 6146 6698 7082
2913 3355 4109 4265 4811 5201 6112 6710 7204 7802
3601 5041 5113 6301 6877 7489 8138 9218 10046 10334
5107 6395 6947 8097 9063 9661 10765 11640 12054 13618
1112 1541 1574 1970 2157 2410 2576 2708 2895 3247
1405 1561 2081 2211 2367 2601 3031 3356 3551 3863
1697 2049 2385 2817 2881 3250 3634 4130 4274 4722
5551 6351 8001 8201 9651 10351 11452 12402 13302 14552
2205 2338 2870 3079 3498 3916 4239 4562 5018 5645
2829 3501 4229 4481 5433 5714 6694 6806 7842 8066
2081 2741 2901 3481 3941 4001 4662 5022 5282 5862
5594 6487 7380 7709 8649 10060 10389 11470 12316 13820
4213 4954 6202 6943 7684 8464 9011 9401 10337 11000
2462 2899 3566 3911 4532 4946 5407 5729 6051 6695
3400 4390 4819 5809 6305 6602 7889 7922 8747 9275
4249 4825 5077 5905 6985 7562 8318 8678 9650 10406
1837 2413 2557 3097 3565 3926 4034 4628 4700 5096
1327 1665 1925 2302 2419 2849 2992 3226 3421 3863
4285 4537 5473 5941 7093 7525 8605 9325 9974 10766
1357 1489 1801 2137 2317 2413 2726 2942 3218 3602
3367 4225 4819 5677 6205 6866 7460 8384 8780 9638
1405 1691 2068 2133 2549 2732 2862 3226 3499 3681
5453 6064 7098 8226 8508 10248 10342 12034 12222 13961
3017 3829 4206 5076 5743 6062 6817 7049 8093 8441
4591 5716 7066 7651 8416 9091 10667 10847 12557 13277
4946 5333 6580 7569 7827 9203 9892 10322 11999 12515
4946 5333 6150 7569 7870 9376 9849 10451 11698 12085
1625 1779 2017 2353 2773 2928 3194 3558 3642 4062
1681 1801 2386 2581 3001 3136 3527 3677 3902 4292
3585 4065 4577 5505 5857 6434 7554 7874 8418 9474
3690 4186 4837 5581 5922 6728 7410 7441 8527 8682
2836 3781 3943 4510 4969 5455 6428 6509 7238 8075
3745 3905 4705 5697 6209 6946 7266 7906 8386 9314
4748 6205 6816 7944 8979 9825 10624 11517 12457 13162
5761 6145 7153 8209 9553 9601 11426 12002 12722 13970
5281 5761 7633 7729 8641 10322 10994 12146 12914 14258
4675 5454 6069 6971 8037 8611 9677 10539 10949 11974
4447 4798 5539 6865 7255 7840 8894 9479 10844 11624
3214 3781 4294 4753 5401 5698 6238 6940 7129 7886
3380 3752 4682 5488 5861 6202 6915 7566 8620 8775
4453 5839 6721 7561 8401 8863 9367 10460 11090 11972
4731 5978 6021 7741 8214 9375 10106 11138 11913 12687
1718 2296 2534 2942 3282 3623 3895 4252 4456 4949
5636 6567 7057 8821 9213 10585 11663 11957 13428 14653
4105 4789 5511 6385 6918 7868 8362 9198 10566 11060
4057 4837 5539 6982 7801 8308 9245 9674 10922 11000
1041 1271 1451 1802 1802 2022 2212 2402 2742 2812
2148 2414 2832 3098 3592 4011 4277 4752 5037 5683
4285 5461 6217 6763 7645 8822 9998 10670 11594 12350
4143 4561 5777 6233 6918 7944 8476 9122 10376 11250
3566 4248 4775 5054 5953 6821 7100 7876 8372 8992
5199 6349 6533 7959 8971 9386 10398 11318 12468 13020
4602 5204 6021 7483 8515 9289 10150 10838 11569 12687
4388 4962 6520 6930 7381 8407 9350 10211 11113 12302
4946 5505 6408 7311 8042 9333 9591 10666 11311 12601
4726 5716 6886 7471 8326 9272 10577 11432 12062 13187
2439 3221 3428 3681 4509 4992 5430 5522 6350 6718
1697 2209 2257 2866 2882 3410 3554 3890 4178 4514
1820 2143 2704 2823 3078 3691 3742 4388 4473 4983
3361 4171 4351 5131 5431 6211 7022 7682 7982 8612
5251 6151 7051 9001 10002 10002 11802 12302 13202 14352
2705 3277 3667 4473 4890 5436 6216 6268 6762 7672
3851 4796 5076 5916 7001 7036 7842 9067 9137 10222
3393 3905 4641 5313 6049 6785 7618 8098 8770 9506
4831 6119 6993 7407 8465 10030 10904 11364 12192 13756
5734 6861 7498 8282 9360 10732 11173 12595 12840 14163
3664 4456 5215 5281 6238 6832 7724 8516 8879 9242
3151 4111 4471 5251 6001 6301 7021 7502 8342 8552
1761 2161 2289 2721 3073 3378 3698 4034 4210 4498
3571 4481 5076 6196 6932 7002 8227 8857 9312 9802
4993 6625 7345 7969 9361 10034 10802 11762 13106 13442
3886 4663 5588 6070 6662 7550 8179 9178 9844 10436
3435 4421 5101 5645 6325 7006 7856 8366 9284 9760
3738 4552 5366 6550 7401 7401 8623 9474 10362 11028
4081 5321 6321 6601 7561 8241 9082 10202 11002 11882
2401 2541 2961 3581 3741 4341 4621 4802 5422 6002
2121 2681 3161 3441 3681 4281 4622 4942 5462 5782
2926 3476 3576 4101 4602 5002 5752 6002 6527 7077
2353 2542 3067 3550 4012 4265 4916 5210 5714 5945
4701 6534 7380 8414 9401 9777 10388 11752 12551 13820
2393 2922 3497 3980 4371 4900 5338 5775 6281 6741
3886 5033 5699 6291 6698 7476 8438 8993 10251 10473
5551 6601 7101 8501 9051 10502 11602 12252 13452 14952
3571 4866 5181 5671 6441 7002 7737 9102 9382 10222
1576 1921 2161 2506 2881 3107 3602 3647 4157 4307
1939 2281 3041 3136 3535 3991 4543 4714 5284 5702
4801 5953 7585 8449 9169 10274 10562 11810 12914 13922
3673 4681 5761 6409 6553 7381 8390 8750 9794 10622
4665 5369 6337 7789 8185 9154 9858 11310 12146 12366
2577 3106 3290 3888 4256 4809 5361 5729 6028 6465
5221 5851 6346 7651 8911 9046 10577 10982 12602 13052
3631 4390 5182 5413 6601 7096 7888 8152 8945 9803
1429 1877 2129 2311 2675 2955 3194 3488 3908 4132
4430 5376 6322 7268 8472 8902 10279 10881 11440 12644
1819 2197 2863 3079 3583 3691 4016 4448 5006 5384
3061 3631 4801 5071 5881 6211 7202 7652 8402 8792
2248 2731 3130 3718 3865 4412 4853 5126 5819 6029
2651 3226 3651 4201 4551 5177 5652 6277 6802 7202
5075 5333 6322 7010 8387 9032 9462 10752 11440 12257
2651 3151 3926 4226 4701 5301 5902 6077 6702 7477
2324 2899 3428 4095 4463 4946 5476 5821 6281 6557
4983 6346 6863 8273 9119 9683 10671 11564 12410 13820
1901 2433 2832 3421 3611 3953 4505 4942 5037 5341
1509 1678 2016 2159 2354 2614 2953 3343 3512 3785
4285 4753 5653 6265 7129 7669 8137 8966 9398 10802
3025 3613 4397 4929 5405 5853 6442 6778 7814 7926
2917 3538 4267 4834 5266 5725 6320 6590 7211 7832
4330 5305 5578 6475 7411 8191 8582 9557 10844 11702
4411 5881 6595 7393 7771 9199 9787 10376 11468 12224
1021 1241 1481 1721 1872 2012 2262 2412 2782 2932
4285 4645 5185 6013 6805 7417 8498 8642 9938 10622
2301 2421 2981 3201 3961 4221 4782 4962 5442 5722
4797 6073 6161 7041 8450 8846 10210 10914 11442 12366
1667 1919 2045 2395 2535 2997 3236 3418 3852 4062
2301 2899 3612 3934 4555 4647 5407 5936 6120 6580
4183 5003 6151 7094 7791 8817 9063 10006 11154 12138
1786 2041 2221 2671 2896 3061 3542 3632 4052 4307
3075 3539 4438 4989 5482 6353 6440 7281 8064 8267
2526 3101 3851 4226 4751 5277 5752 6377 6502 7227
4481 5201 6121 6441 7321 8802 9162 9762 10842 11802
4067 5017 5473 6841 6841 7982 8970 9198 9996 11250
3639 4591 5033 5543 6563 6869 8162 8468 9148 9930
2835 3121 3693 4525 4889 5722 6034 6658 6970 7568
1061 1311 1421 1651 1891 2082 2362 2532 2752 2822
1639 1961 2073 2283 2577 3053 3263 3614 3726 4146
4577 5985 6249 7129 8802 9550 10166 10606 11706 12498
2311 2751 3147 3961 4225 4577 5260 5700 5788 6382
1485 1919 2073 2493 2801 2969 3235 3530 3796 3978
4001 5081 6081 6761 7241 8802 9242 10122 10522 11642
3664 4324 5149 5776 6436 6998 7262 8120 8582 9506
4839 5536 6069 7094 7873 9021 9472 10580 10908 12056
4295 5207 5815 6081 7221 7791 8932 9312 10414 11174
1729 2097 2561 2753 2977 3425 3553 4114 4306 4642
2125 2215 2881 3061 3439 3691 4124 4394 4898 5168
1321 1525 1813 2137 2341 2593 2821 2930 3242 3530
3886 4922 5292 6365 7105 7734 8327 9141 10251 10917
2761 3193 3697 4249 4609 4921 5449 6242 6626 6890
3886 4691 5356 5671 6442 7002 8087 8542 9207 9872
3046 3858 4496 4786 5627 6033 6701 7455 7658 8528
4201 4446 5496 6196 6826 7351 8051 8682 9627 10047
2121 2641 3121 3581 4001 4001 4762 4902 5362 5702
5713 5953 7009 8353 9025 10322 10610 12290 12578 14066
3133 3538 4051 4564 5320 5536 6320 6536 7373 7967
4789 5251 5965 6763 7771 8864 9536 10544 11342 12518
1417 1561 1753 1969 2389 2533 2822 3074 3170 3542
1021 1381 1461 1641 1811 2012 2242 2562 2742 2842
3997 4825 5473 6445 6589 7489 8354 8858 9614 10514
1429 1681 2003 2494 2592 2830 3110 3530 3712 4020
2971 3727 4321 4861 5131 5401 6211 6914 7211 7886
2301 2541 2821 3301 3601 4021 4802 5162 5462 5922
2425 3001 3601 4033 4801 4969 5738 6146 6626 6722
2053 2395 2593 3115 3349 3818 4142 4376 4862 5276
4224 5618 5905 7340 8119 8898 9555 9924 11113 11646
1213 1657 1885 2149 2173 2533 2689 3050 3314 3518
4642 4798 5578 6787 7138 8504 8738 9869 10922 10961
1485 1933 2087 2479 2549 2955 3292 3460 3726 4202
2521 2977 3433 3961 4537 5234 5498 5930 6410 7082
4726 5761 6301 7966 8192 9137 9992 10937 12062 13322
4675 5536 5864 6807 7833 8571 9063 10047 10990 11523
1837 2521 2557 2971 3475 3926 4268 4358 4808 5366
3659 3969 4434 4961 6201 6573 7256 8062 8062 9054
3121 3601 4201 4951 5942 6362 6782 7262 8042 8672
5077 5923 7098 7897 8790 9824 11094 12034 12316 14102
2439 3083 3612 3888 4509 4601 5384 5660 6097 6511
5199 6395 7315 7729 8465 9661 10904 11180 12192 12928
4495 5461 6511 7519 8275 8989 9787 10796 11342 12140
3707 4557 4795 5713 6699 7142 7822 8570 9080 9760
3697 4390 5116 5875 6370 6634 7657 8285 9143 9836
4321 4881 6081 6841 7921 8601 9362 9882 10962 11442
1429 1585 1777 2137 2197 2593 2773 3014 3362 3362
3511 4111 4801 5191 5641 6571 6661 7801 8312 8672
2913 3557 4481 4649 5293 6134 6274 6722 7310 8290
4447 5017 6081 6803 7145 8285 8666 9198 9996 10794
3133 3539 4293 4670 5222 5889 6904 7107 7861 8151
1837 2143 2534 2857 3384 3622 4065 4388 4694 4762
3101 4031 4899 4992 5922 6295 6915 7659 8372 9240
1541 1695 2059 2311 2577 2900 3362 3642 3670 3964
4486 5032 5578 6475 7489 7801 9128 9596 10883 11429
2024 2075 2398 2806 3401 3605 3946 4218 4677 4966
2487 2971 3125 3939 4137 4688 4974 5326 6008 6272
1945 2269 2773 2917 3494 3638 4052 4484 4862 5132
4327 5251 6133 7393 8360 8654 9410 10124 11216 12434
2224 2300 3022 3288 3725 4162 4181 4809 5170 5702
5291 5567 6763 8235 8971 9293 10444 11732 12560 13020
1249 1465 1681 2005 2366 2486 2870 2978 3134 3494
5391 6763 7645 8821 9409 10144 11369 12448 13232 14408
3571 4557 4965 5577 6733 6971 8128 8808 8910 9828
1134 1453 1662 1948 2168 2223 2498 2774 3071 3247
2121 2661 2941 3601 3721 4241 4681 5142 5582 5982
2551 3151 3851 4051 4776 5252 5652 6027 7002 7202
2161 2481 3101 3481 3781 4361 4462 5182 5422 5722
2381 2521 2941 3541 3721 4362 4482 4862 5242 5782
1825 1969 2321 2577 2977 3330 3650 4098 4466 4610
5342 6616 7057 8625 9213 9998 11321 12203 12889 14261
3349 4062 4930 4992 5643 6418 7256 7876 8589 9271
1617 1937 2513 2641 2881 3426 3826 4002 4354 4674
2801 3641 4117 4957 5545 5993 6666 6834 7366 8346
5651 6351 7651 8701 9001 10901 11202 12252 13802 14852
1101 1201 1461 1751 1821 2162 2302 2492 2782 2832
3391 3811 4531 5311 5971 6361 6692 7442 7922 8852
1041 1261 1521 1711 1931 2172 2342 2522 2612 2822
2261 2581 2921 3501 3721 4401 4561 5182 5522 5702
3017 4032 4496 4641 5772 5946 6788 7484 7716 8325
3361 3601 4681 5221 5521 6181 7172 7652 7922 8792
1921 2097 2529 2561 3041 3281 3666 3922 4386 4578
5312 6581 7427 8273 8743 9636 10999 11705 12739 13585
2143 2197 2791 3223 3565 3907 4033 4358 4988 5186
2959 3800 4061 4699 5338 6179 6759 7020 8093 8151
1854 2211 2534 2993 3061 3742 3793 4252 4439 5034
1819 2521 2593 3205 3529 3835 4088 4340 4898 5330
1392 1821 2081 2250 2458 2692 2952 3317 3577 3850
4026 4341 5531 5951 6581 7316 8157 8997 9102 10467
3960 4478 5551 6513 6994 8067 8660 9474 9844 10843
5569 6241 6865 8113 9361 10129 11474 12002 12722 13970
2857 3073 3505 4129 4729 4946 5282 5762 6602 6962
3721 3938 4620 5023 5612 6326 6946 7504 8186 9209
5475 5521 7361 7453 8833 9569 10489 11778 12882 13572
4224 5003 6069 7258 8037 8447 9350 10129 11236 12220
2281 2721 2801 3341 3641 4141 4622 5202 5542 5642
1958 2528 2946 3136 3573 4049 4258 4790 5303 5436
4798 5331 6520 6930 7504 8611 9555 10252 11031 12138
4601 5889 6625 7637 8328 9892 10306 11180 12054 13710
5218 5876 6910 7850 8978 10295 11000 11846 12833 13350
2641 3001 3577 3841 4729 4825 5714 6194 6362 7202
4026 4656 5181 5811 6546 7491 8332 8857 9207 10362
2500 2521 3256 3361 4012 4265 4811 5357 5693 5882
3730 4324 5050 5347 6271 6931 7856 8219 8813 9902
3017 3381 3693 4629 4811 5488 6086 6424 6840 7542
4201 4306 5426 5706 6861 7141 8402 8717 9487 10257
3697 4390 4984 5347 6139 6965 7790 8087 8912 9275
4285 4537 5221 6337 6877 7273 8642 8642 9398 10586
4945 6241 7441 8593 9265 10369 10801 11906 12962 14066
1401 1751 2157 2507 2592 2830 3138 3404 3642 4174
3812 4774 5329 6624 7105 7809 8771 8919 10288 10362
3061 3991 4501 5101 5551 6391 6812 7622 8372 8912
5425 6049 7633 8209 9409 9889 11522 12386 12770 13826
1973 2092 2398 2993 3163 3504 3946 4388 4524 4915
3511 4081 4561 4921 5851 6391 7081 7591 8342 8912
4495 5881 6259 6847 7729 8570 9746 10166 11468 12434
2641 2905 3793 4129 4345 5113 5690 6026 6554 7010
5734 6028 7057 8576 9213 10487 10978 12399 12987 14702
5281 6073 6205 7305 8317 8933 10210 10562 12322 13070
3469 4557 5067 5917 6393 7345 7992 8536 9352 9998
1405 1633 1777 1945 2269 2401 2690 3110 3146 3530
4969 5843 6717 7545 9155 9431 10582 11226 12744 13618
1729 2001 2497 2801 2961 3506 3522 4018 4274 4610
3571 4021 4441 4891 5431 6422 6782 7562 7802 8942
1665 2161 2321 2881 3121 3377 3825 4162 4370 4738
3265 4193 4577 5441 6273 6657 7586 8130 8930 9410
3104 3916 4177 4902 5570 6063 6585 7020 7803 8209
3606 4481 5496 5986 6511 7666 8192 8542 9662 10082
4546 6031 6391 7426 8776 9047 10397 10892 12467 13277
1606 2041 2386 2401 2971 3106 3526 3812 4037 4502
1889 1969 2337 2849 2945 3233 3538 4146 4354 4802
3046 3858 4206 5192 5627 6236 6584 7107 7919 8644
4067 4561 6043 6689 7297 7791 8628 9274 10642 10870
1513 1681 2073 2269 2619 3012 3362 3516 3894 4076
5075 5505 6580 7612 8128 9375 10063 10880 11870 12429
2689 3025 3409 4297 4345 4945 5642 6194 6530 7010
1561 1626 2029 2133 2367 2862 3044 3252 3434 3668
2881 3121 3601 3985 4393 4921 5666 6074 6482 6962
3104 3887 4612 4931 5482 5859 6962 6991 7716 8557
3061 4111 4771 5371 5761 6241 6721 7802 8162 8462
3673 4115 4965 5917 6257 6870 8094 8230 9454 9998
4361 5481 5921 6761 7721 8201 8962 10002 11202 11242
1591 1801 2356 2701 2776 3046 3497 3842 4037 4262
1201 1585 1717 2005 2161 2510 2870 3122 3122 3530
1761 2049 2561 2785 3057 3345 3745 4066 4338 4626
2281 2452 2927 3155 3573 3821 4524 4581 5037 5398
1681 2113 2561 2625 3105 3425 3586 3906 4354 4786
1888 2194 2551 2823 3401 3418 3895 4184 4694 4864
3334 4225 5248 5743 6535 6667 7889 7988 9176 9770
3571 4236 4936 6231 6651 7317 8192 8647 9207 10467
2141 2641 2921 3381 3862 4182 4542 5022 5242 5642
4681 5241 5881 7001 7801 8441 9122 10082 10762 11322
3738 4811 5551 6143 6920 7957 8364 9067 10177 10362
4285 4717 5401 5761 7129 7885 7957 9218 9722 10622
5086 6076 6301 7921 8551 9226 10712 10982 12242 13052
5337 5935 6487 8281 9017 9753 10582 11272 12100 13802
2930 3481 4235 5135 5483 6063 6527 6991 7542 8470
4774 5677 6494 7139 7784 8903 10193 10451 11999 12214
2951 3251 3901 4426 4726 5151 5526 6352 6952 7077
2089 2161 2521 2899 3278 3782 4034 4376 4880 5402
3956 4761 5251 5916 6301 7701 8261 8437 9697 10467
3121 3931 4771 5281 5821 6601 6811 7382 8042 8912
4726 5986 6391 7741 8731 9856 10622 11162 12557 12737
1310 1486 1662 1948 2003 2245 2499 2686 3071 3170
2024 2194 2432 2891 3299 3690 3945 4422 4677 4881
5030 6017 7051 7615 8649 9731 11141 11470 12833 13773
3165 3837 4005 4705 5405 5741 6498 6918 7842 8150
1939 2279 2619 2891 3265 3435 4031 4167 4541 5085
4969 6441 6809 7867 8879 9937 10536 11732 12192 13204
2487 2905 3103 3675 3961 4688 4842 5502 5832 6338
4601 5481 5641 7201 7561 8481 9281 10241 11122 11922
1233 1376 1607 1904 2003 2223 2510 2719 3082 3302
4681 5305 5812 6397 7528 8464 8776 9518 10649 11624
4753 5897 6293 7261 8537 9373 9990 11398 12058 12718
3639 4387 4795 6121 6665 7175 7958 8604 8842 9896
3979 4489 4761 6019 6631 7379 8060 8468 9012 9930
3571 4376 5566 5881 6336 7176 8297 9102 9662 10292
1178 1475 1629 1882 2069 2256 2554 2763 2972 3280
1444 1691 1860 2211 2601 2666 2953 3161 3616 3785
4033 4465 5113 5905 6625 7526 8138 8678 10010 10730
2951 3201 3851 4376 4776 5376 5801 6352 7002 7202
1920 2490 2984 3421 3573 3801 4334 4809 5056 5512
4486 4954 5578 6670 7060 8153 8777 9674 10922 11195
2988 3481 4322 4960 5598 6178 6672 7513 8093 8441
2731 3641 4031 4187 4759 5409 6008 6450 7074 7724
3895 4555 5215 5743 6436 6733 7888 8153 8780 9506
1769 2177 2432 3061 3316 3707 3929 4082 4711 5034
2755 3727 4024 4672 5077 5860 6454 6832 7535 8075
3132 4217 4434 5240 5643 6667 7442 7721 8186 9147
4441 4885 5662 6069 7290 7993 8252 9178 10214 10621
1803 2160 2483 2857 3061 3640 3912 4405 4745 4779
5017 5413 6821 7877 8185 9505 9725 10958 12058 13114
1888 2279 2551 2925 3401 3622 3979 4235 4660 4932
1471 1891 2059 2311 2689 2956 3250 3376 3670 4076
1696 1921 2116 2431 2821 3001 3542 3827 4067 4427
3801 4941 5587 6271 7145 7716 8742 9502 10072 11326
3829 4225 5116 5413 6238 6667 7757 8384 8846 9902
1786 2109 2670 3061 3214 3487 3912 4167 4422 4864
4923 5521 7085 7361 8742 9754 10858 11502 12100 13020
1990 2075 2517 2874 3231 3555 4048 4286 4473 4779
1429 1501 1873 2041 2401 2401 2666 2930 3158 3578
1405 1621 1789 2065 2389 2641 2845 2989 3290 3422
4501 6076 6301 7381 8101 9722 10442 11297 11882 12962
5086 5671 7156 7561 8911 9091 10622 11612 12242 12737
2321 2641 2921 3201 3781 4141 4642 4982 5562 5862
2321 2701 2881 3221 3721 4401 4642 5182 5242 5902
1444 1691 1860 2315 2380 2809 2979 3330 3577 3811
3193 3921 4397 4957 5573 5769 6357 7170 7478 7870
4983 6440 6816 7568 9119 10201 10389 11564 13021 13726
1819 2449 2665 3187 3493 3637 4304 4520 4880 5078
4481 5561 6201 7081 7721 8001 9522 9722 10682 11802
3473 4124 4372 5333 5767 6729 6853 7535 8341 9116
2941 3417 4005 4929 5601 6022 6330 6974 7758 7870
1457 1600 2003 2276 2354 2757 2927 3317 3603 3733
3361 3601 4291 5161 5641 6542 6932 7772 7862 8402
3391 4051 4501 4831 5432 6152 6602 7502 7922 8642
1225 1573 1801 1993 2401 2449 2726 3110 3218 3446
2001 2581 2961 3561 3721 4002 4462 4802 5582 5882
2761 2881 3529 3937 4754 4874 5330 6026 6410 6986
4201 4656 5111 5706 6616 7562 7737 8437 9557 9802
5107 5935 7269 8235 9109 10029 10167 11226 12376 13158
3391 4051 4561 4951 5521 6511 6601 7772 8282 8822
2751 3476 3576 4376 5001 5051 5802 6202 6777 7427
2575 2707 3103 3543 4093 4578 5238 5436 5722 6448
1357 1525 1885 2041 2161 2510 2678 3074 3170 3458
2651 3226 4001 4151 5001 5227 5527 6027 6677 7302
1561 1626 2068 2185 2523 2653 3043 3265 3512 3850
3334 4390 5149 5809 6304 6634 7856 8153 8813 9572
3133 3539 4467 4641 5772 6033 6585 7165 8122 8586
5342 6371 7792 8527 8821 10096 11027 11958 13330 13820
3956 4656 5006 5916 6651 7107 7912 8612 9277 10187
3664 4291 4819 5710 6007 6800 7592 8252 8615 9506
4447 4720 6085 6397 7645 8231 8855 9479 10532 11429
3606 4761 4901 6091 6756 7316 7877 9032 9592 10117
3843 4727 5305 5713 6529 7141 8162 8332 8876 9862
3945 4421 5237 5747 6155 7413 8127 8570 9420 10032
4603 5422 6085 6280 7411 8269 8894 9830 10181 11390
1516 1996 2116 2416 2956 3302 3497 3722 4172 4367
5594 5641 7051 8085 9354 10201 11141 11329 12457 13303
1457 1691 1847 2211 2432 2771 3096 3122 3551 3668
4441 5361 6281 6961 7681 8361 9442 9602 10762 11242
4061 4446 5286 6266 6546 7316 8192 9032 9382 9872
6001 6401 7001 8801 9701 10752 11502 12002 13452 14452
2206 2836 3067 3718 4096 4202 4769 5042 5483 6281
2089 2449 2647 2881 3349 3961 4123 4592 4862 5366
3598 4159 5116 5611 6601 7129 7525 8351 9143 9902
1996 2376 2699 3345 3649 4106 4524 4885 5037 5341
4721 5121 5721 6561 7681 8322 8962 10202 10562 11442
1189 1376 1541 1904 2003 2301 2587 2664 3060 3137
2501 3301 3926 4426 4551 5501 5927 6052 6852 7327
4429 5372 6274 6807 8119 8857 9472 10457 11236 12261
5105 5721 6953 7217 8449 9241 9990 10650 12234 12674
3481 3601 4321 4831 5491 6542 6992 7742 8252 8402
2653 3381 3667 4395 4967 5254 5982 6762 7152 7438
2679 3147 4135 4161 5046 5514 5904 6268 6866 7542
1527 1681 2227 2325 2577 2956 3320 3362 3740 4090
3031 3691 4261 5162 5522 6062 6692 7532 7832 8522
2021 2541 3201 3341 3881 4402 4542 5002 5402 5722
5425 5809 7345 7873 9169 10082 10658 11954 12626 14066
1485 1695 2143 2423 2563 2984 3348 3474 3656 4048
5218 5641 6675 8367 8743 9825 10953 11752 12692 13256
5713 5761 7345 8017 9121 9601 11330 12242 12818 14210
3566 4341 4651 5581 5891 6759 6976 7658 8372 9147
4663 5251 6595 7057 8317 8485 10081 10838 11552 12602
4559 5333 6322 7096 8472 9247 9505 11053 11698 12214
3812 4626 5884 6513 6772 7587 8697 9252 9992 10547
1855 2485 2521 2881 3241 3854 4286 4682 5006 5078
2857 3669 3921 4621 5574 5770 6162 6806 7730 8010
3361 4481 5057 5441 5953 6817 7265 8130 8418 9570
4177 4609 5653 6121 6697 7309 8282 9002 9794 10442
1535 1769 2029 2120 2575 2809 2926 3187 3551 3785
1393 1633 1813 2005 2221 2521 2701 3110 3338 3446
4748 6581 7474 8085 9260 9824 10388 12128 12833 13538
3777 4001 4673 5409 6305 6914 7074 8226 8482 9026
2473 2977 3601 4129 4465 5257 5714 6050 6650 6962
2939 3199 4031 4655 5123 5591 6242 6476 6840 7386
5587 6469 7253 8282 9262 10095 11076 12497 13281 14506
3901 5227 5773 6904 7372 8230 8581 9908 10766 11624
4774 5677 6709 7311 8344 8602 9591 10451 11268 12171
4647 6257 7361 7729 8833 10029 10167 11916 12836 13020
3025 3700 4159 4861 4996 5941 6482 6617 7265 7562
2416 2922 3244 4118 4463 4763 5269 5568 6028 6810
2485 3175 3244 3681 4509 4993 5200 5591 6143 6695
1909 2467 2575 3151 3601 3601 4178 4358 4790 5276
3781 4761 5006 6056 6791 7281 8017 8507 9627 10397
5086 5986 6301 7606 8191 9542 10532 11522 11792 12827
4561 5093 6005 6651 7259 8247 9045 9235 10641 11402
5551 6551 7951 8951 9751 10951 11651 12601 13852 14652
3631 4390 4852 5743 5974 7129 7460 8549 9242 9374
3106 3430 4321 4456 5374 5428 6320 6779 7130 7994
4603 5149 5578 6709 7489 7801 9362 10142 10298 11117
2861 3251 3875 4447 4838 5410 5826 6320 6814 7308
3721 3938 4341 4961 5737 6512 6822 7566 8558 8961
2089 2395 2809 2953 3529 3673 3980 4322 4826 5330
2227 2941 3298 3382 3844 4411 4643 5357 5840 6092
5245 6073 6717 7407 8419 9386 10582 11134 12284 13434
3334 4159 4885 5809 6271 6865 7460 8582 8945 9671
1134 1354 1750 1794 2157 2289 2499 2840 2895 3258
5097 6126 7694 8723 9507 10095 10978 12105 13477 14212
4295 4827 6081 6575 7563 7715 8780 9236 10034 10870
4281 4801 6321 6641 7241 8521 9482 10362 10882 11522
2081 2581 3181 3361 4001 4361 4401 4862 5462 5902
4842 6393 7333 8132 9120 9543 10859 11282 12316 13209
1178 1464 1640 1871 2058 2355 2488 2730 3082 3159
5265 5876 7474 7521 9213 10294 10718 11752 12927 13350
1285 1561 1873 2053 2221 2473 2822 3038 3314 3602
2623 2830 3681 4003 4417 4808 5406 5890 6281 6856
1591 1906 2101 2701 3002 3002 3362 3662 4082 4382
2755 3754 4024 4456 5266 5509 6131 6752 7535 7616
4142 5454 5782 6643 7422 9022 9473 10211 10744 11892
2224 2547 2718 3155 3497 3878 4467 4562 5322 5436
3681 4289 4801 5313 5985 6850 7042 8034 8866 9090
1366 1587 2016 2276 2484 2680 3083 3135 3642 3642
1909 2179 2575 2899 3278 3692 4124 4466 4826 5168
4721 5441 6361 6801 7281 8001 9002 9842 10602 11482
2186 2528 2813 3193 3592 3820 4429 4885 5094 5702
3305 3389 4201 4509 5265 6162 6414 7058 7394 7842
2361 2541 3181 3561 3801 4181 4741 5142 5422 5662
3997 4861 5473 5797 6878 7670 7922 8822 9614 10118
5281 5545 6601 7173 7965 9022 10298 11002 11574 12982
4281 4841 5641 6441 7482 8002 8922 10202 11202 11922
4603 5032 6007 6592 7411 8192 8621 10064 10181 10922
4333 5055 5739 6461 7525 8323 8437 9198 10414 11060
3709 4897 5689 6229 6517 7381 8570 9290 10046 10298
5124 5923 6957 8085 8743 10295 11047 12081 12551 13397
2487 2729 3257 3631 4137 4842 5216 5304 6074 6448
5153 6211 7361 8051 8557 9707 10673 11226 12330 13710
2473 3265 3721 4201 4465 4921 5593 6242 6602 6986
3046 3858 4264 4786 5396 5860 6585 6962 7745 8412
3721 4310 4465 5550 6108 6232 6821 7659 8558 9023
1625 1835 2157 2269 2773 3053 3361 3544 3726 4020
4489 5721 6689 7613 8537 9505 10298 11090 12322 12454
3605 4693 5407 5883 6563 7448 7754 8230 8910 9624
1327 1652 2081 2328 2549 2757 2862 3356 3395 3759
6001 6351 7201 8401 9651 10601 11752 12252 13302 14552
1431 1821 1912 2224 2497 2640 3005 3356 3616 3655
3536 4901 5251 5846 6686 7491 8262 8717 9627 9942
3017 3459 3667 4291 4967 5644 5982 6372 7204 7412
5237 5457 6997 7085 8009 9506 9946 11266 11838 12542
1729 2209 2529 2865 2913 3425 3585 4002 4370 4738
1233 1508 1684 1871 2201 2322 2454 2829 3049 3192
2601 3199 4005 4265 5123 5644 6060 6658 6944 7308
3961 4681 5149 6229 6769 7273 8066 8750 10010 10766
4642 5149 5851 6358 7255 8464 9127 9869 10532 11507
1156 1431 1596 1838 2025 2422 2532 2708 3049 3181
5569 5953 6769 8305 8929 9890 10898 12482 12578 14066
1392 1561 1847 2094 2458 2615 3031 3382 3512 3863
2374 2584 3340 3613 3970 4432 4915 5357 5735 6134
2007 2160 2653 2874 3266 3453 3861 4167 4422 4779
1091 1211 1551 1641 1901 2161 2382 2462 2762 2892
3745 4717 5257 5797 6625 7922 8030 8714 9902 10766
3001 3026 3576 4476 4751 5352 5827 6077 6652 7152
1340 1691 1899 2159 2601 2757 3095 3343 3642 3889
1314 1574 1977 2186 2394 2628 2901 3200 3434 3759
2761 2991 3681 4095 4141 4923 5084 5913 6028 6672
4621 5413 6205 7745 8273 8933 10034 11398 12058 12938
5451 6451 7001 9001 9651 10501 11801 12802 13852 14602
4681 5491 6301 7336 8552 9812 10172 11162 11927 12602
2473 3217 3817 4081 4345 5042 5402 6050 6290 7058
4634 5700 5741 6807 7627 8530 9678 9883 10744 12220
2833 3145 3793 4009 4585 4850 5426 5810 6410 6794
4946 5204 6838 7096 8171 9332 10150 10580 12042 12085
4071 4552 5847 5958 7290 8104 8882 9326 10177 10473
3211 4051 4471 4981 5551 6212 6692 7202 8162 8672
3781 4481 5111 6056 6686 7596 8332 8647 9172 10397
1591 1951 2221 2671 2881 3061 3437 3812 4127 4457
4996 5851 6706 8101 8281 9811 10037 11027 12287 13142
4174 5110 5812 6904 7450 7996 8738 9479 10727 11663
2575 3059 3455 3697 4247 4533 4863 5722 6162 6206
3843 4183 4897 5543 6529 7312 7856 8570 9386 9930
1273 1633 1921 2149 2173 2437 2870 2942 3314 3482
3532 4093 4951 5545 6535 7030 7921 8417 9110 9704
4081 5281 5921 6921 7561 8202 9082 10042 10682 11722
2301 2701 2801 3541 3661 4021 4522 5202 5402 5922
1310 1497 1541 1937 2003 2202 2477 2763 2884 3082
3017 3251 3641 4577 4863 5332 5852 6632 6814 7386
2164 2794 2941 3382 4075 4622 4916 5294 5630 5882
4757 4921 5741 6807 7791 8407 9842 9883 11482 11728
3532 4423 4621 5479 6371 6965 7361 7988 8813 9308
4387 5978 6537 7397 7741 8817 9634 10881 11182 12343
2245 2663 3345 3939 4159 4775 5172 5612 5766 6580
2801 3326 3551 4351 4801 5326 5577 6402 6927 7102
4067 5055 5891 6727 7601 7981 8779 9160 10604 10794
2377 2839 3521 3763 4379 4665 5238 5546 5898 6206
3287 4155 4961 5519 5984 6356 7069 7907 8620 9054
5244 6322 7351 8282 9213 10732 11712 12644 13379 14555
5131 6076 7066 7696 8596 9137 9992 10892 11747 13232
4946 5935 6107 7655 8429 9074 9504 10408 12042 12515
3095 3563 3719 4655 4681 5539 5930 6450 6944 7516
4601 5201 5841 6801 7681 8561 9322 9842 10882 11522
1513 1793 2213 2367 2759 2927 3264 3418 3768 4104
4950 5881 7302 7890 9312 9900 10880 12350 13477 14065
4951 6076 6886 7876 8506 9136 9902 11612 11927 13007
2835 3225 4161 4577 4967 5383 6008 6268 7282 7490
4885 5765 6777 7613 8009 9330 9682 11354 11486 12630
4593 5495 5946 7217 8119 8898 9472 10457 10826 11769
1369 1597 1789 2149 2185 2497 2714 2990 3314 3362
1237 1465 1753 2137 2281 2534 2846 3026 3134 3386
4018 4876 6163 6748 7567 8542 8659 9752 10688 11429
5195 6322 7204 8723 9262 10046 11517 11811 13085 14702
4950 6175 7498 8625 9605 10683 11664 11958 13526 14016
2917 3430 3916 4429 4942 5861 6212 6995 7049 8021
4877 6303 7085 8005 8879 9201 10582 11272 12330 13572
