1000 10 10
10 15 17 32 8 22 23 16 24 21 22 0 47
7 29 31 14 19 7 28 27 24 14 15 0 35
7 25 18 24 30 26 22 14 27 12 7 0 34
3 18 32 24 16 13 27 20 32 15 23 0 11
6 25 18 18 10 19 25 31 22 30 28 0 26
3 19 20 28 14 8 32 13 18 29 14 0 13
8 21 32 8 30 8 13 17 7 24 12 0 36
8 27 18 11 24 12 17 28 27 20 10 0 38
3 19 16 13 27 33 23 10 16 24 28 0 12
4 10 16 19 31 12 26 7 28 9 25 0 18
5 13 32 16 14 19 14 14 21 20 31 0 23
8 23 8 21 19 32 27 19 30 7 15 0 39
8 10 18 25 29 21 22 28 12 7 9 0 36
7 9 30 8 18 29 26 24 24 17 11 0 34
3 25 30 17 29 19 24 22 29 18 30 0 11
8 24 16 29 32 33 24 24 27 9 31 0 37
10 21 19 13 17 19 30 18 28 21 16 0 48
5 28 14 10 17 26 13 11 33 15 32 0 25
9 12 31 25 29 22 17 20 26 23 7 0 44
3 14 15 28 14 20 7 22 19 21 8 0 13
5 31 24 17 17 20 16 13 9 33 28 0 25
5 10 12 13 9 19 25 29 9 8 29 0 23
5 26 30 28 15 29 19 24 13 26 32 0 23
4 27 28 29 33 32 32 22 16 22 21 0 18
3 14 7 12 8 8 20 33 18 17 9 0 11
10 23 30 18 33 10 23 16 24 21 29 0 48
9 8 33 14 27 27 12 29 31 33 12 0 42
3 12 28 11 25 9 13 16 21 13 20 0 11
10 29 23 30 22 21 13 11 20 18 9 0 47
4 23 8 17 27 30 15 29 33 13 8 0 16
3 24 15 14 24 29 29 22 19 26 33 0 14
7 29 9 14 33 20 17 9 33 21 12 0 33
9 31 30 23 19 23 24 22 27 17 16 0 41
7 18 27 8 29 22 12 8 17 28 10 0 34
10 20 9 12 8 24 22 18 28 13 7 0 48
5 18 20 26 14 32 19 18 31 21 19 0 24
7 15 30 33 12 31 27 18 21 23 30 0 32
10 25 32 18 20 12 32 28 11 30 12 0 46
10 8 31 17 10 17 19 13 9 24 29 0 46
5 28 13 8 16 28 21 23 23 10 16 0 22
5 12 27 30 27 19 8 16 26 30 16 0 21
4 15 30 21 7 33 19 8 9 17 33 0 17
9 30 14 22 22 29 18 14 23 28 29 0 41
10 16 22 26 23 19 13 23 11 12 27 0 48
6 28 10 26 21 29 8 26 33 10 17 0 30
7 8 13 19 16 16 32 25 7 12 11 0 35
6 32 24 10 31 28 25 8 18 17 18 0 26
8 24 23 23 20 28 17 33 12 13 32 0 36
8 13 14 15 12 30 9 30 12 26 26 0 38
8 16 9 23 15 23 9 9 10 30 28 0 37
6 13 9 23 16 30 32 15 29 29 10 0 30
8 30 16 32 22 28 26 28 17 32 15 0 40
5 33 18 25 12 14 9 15 17 21 15 0 23
9 29 21 28 16 12 19 33 15 26 27 0 44
3 13 26 9 11 23 25 11 30 9 22 0 12
7 15 13 18 16 14 12 26 30 8 15 0 32
10 25 7 25 13 17 30 22 20 30 12 0 48
10 15 24 8 26 30 23 32 22 24 9 0 49
5 23 19 24 27 12 23 18 11 8 32 0 24
8 29 26 21 13 11 12 16 18 14 28 0 37
9 30 14 28 23 29 31 33 11 24 28 0 42
5 30 27 25 11 12 14 20 15 24 15 0 24
3 26 20 11 16 27 29 21 21 19 20 0 11
5 21 31 29 15 31 23 11 17 10 12 0 25
4 12 29 28 16 14 24 22 27 27 11 0 16
7 15 28 8 25 25 29 29 23 30 20 0 31
3 17 16 28 7 11 27 25 17 33 30 0 14
3 18 8 23 32 13 23 33 14 12 22 0 14
9 21 14 17 23 18 11 13 18 33 15 0 41
7 13 16 14 28 30 14 18 9 24 8 0 33
8 12 25 24 23 19 24 22 10 10 28 0 40
10 21 14 17 31 17 29 31 14 24 25 0 47
8 15 20 18 7 31 14 15 11 13 23 0 39
4 24 16 10 18 27 19 8 12 10 19 0 20
5 13 32 19 21 11 29 31 7 10 30 0 22
9 23 12 15 31 18 26 28 23 8 14 0 42
4 27 26 14 10 14 21 28 25 12 20 0 20
5 28 14 14 27 23 27 22 30 26 10 0 24
3 11 20 33 15 22 19 16 11 17 28 0 11
10 7 30 21 30 14 25 16 11 11 16 0 49
9 13 12 33 15 29 15 19 13 10 10 0 42
4 23 19 15 17 20 11 7 29 19 29 0 17
4 14 32 14 25 17 20 26 7 30 20 0 20
7 9 17 7 9 30 29 27 17 18 18 0 35
4 12 16 27 11 17 32 21 19 23 21 0 17
5 16 24 18 8 7 7 8 32 25 31 0 22
3 19 23 17 13 11 13 25 32 29 30 0 14
10 11 15 9 15 17 8 33 24 18 30 0 49
4 33 26 7 32 30 22 23 9 13 19 0 16
4 15 28 25 12 24 16 25 7 23 21 0 17
8 32 15 24 31 32 17 18 9 27 12 0 38
6 25 15 17 20 32 23 8 30 32 23 0 28
7 30 26 7 14 12 31 24 26 26 19 0 35
5 20 32 16 32 13 25 25 8 18 28 0 22
4 9 16 21 29 31 8 13 7 11 27 0 18
8 32 26 15 28 14 14 28 33 16 16 0 39
4 13 28 23 13 28 22 12 23 29 21 0 20
6 24 21 32 20 18 14 24 14 26 32 0 27
4 22 26 13 24 32 19 23 31 7 30 0 17
7 21 24 19 13 12 23 17 16 31 8 0 35
7 7 15 22 26 27 23 32 32 30 19 0 35
3 9 29 8 11 23 17 13 19 8 10 0 12
8 28 29 30 12 28 21 9 20 23 28 0 40
9 12 15 10 10 32 20 27 18 13 11 0 45
6 16 10 13 25 20 30 20 24 15 23 0 28
7 17 11 9 14 19 16 13 22 8 25 0 35
8 19 33 33 22 28 16 18 28 10 14 0 39
3 8 9 13 31 32 23 25 11 7 16 0 15
6 7 31 33 19 23 21 29 13 20 27 0 30
3 9 18 27 20 27 31 27 16 31 31 0 13
8 30 12 22 10 20 32 23 26 19 31 0 40
7 25 28 17 17 11 7 17 7 10 15 0 35
3 30 19 29 9 13 15 11 12 15 16 0 13
4 15 12 29 31 29 27 16 33 18 21 0 19
6 29 8 26 24 9 23 19 21 28 12 0 27
10 27 8 24 29 10 29 21 27 16 29 0 48
10 32 25 14 11 30 9 31 31 30 17 0 47
5 26 25 32 25 21 32 11 18 13 23 0 21
4 15 17 9 31 24 32 24 26 8 9 0 16
7 12 24 26 27 14 9 19 9 16 8 0 35
10 33 7 26 13 29 15 28 14 21 22 0 48
8 21 25 20 15 10 32 24 7 7 27 0 36
6 29 8 24 13 31 32 13 18 10 8 0 28
8 19 8 25 16 25 26 28 26 32 23 0 37
8 22 30 22 11 16 9 18 24 21 33 0 39
9 16 17 11 11 26 31 21 13 24 16 0 41
9 12 32 17 22 33 10 27 25 17 10 0 42
9 21 10 13 14 20 22 16 24 8 11 0 43
4 9 30 20 24 30 9 7 23 23 17 0 18
8 10 26 12 24 17 13 19 11 23 8 0 40
7 31 32 10 15 19 32 32 19 32 16 0 35
9 15 8 20 10 24 25 22 28 28 28 0 41
6 28 16 27 20 11 15 18 7 21 24 0 29
7 27 32 32 18 26 19 31 31 21 10 0 31
10 33 13 18 25 27 17 15 19 17 7 0 46
7 13 25 21 26 28 25 23 21 10 13 0 32
5 9 24 16 28 8 30 19 18 18 25 0 24
9 17 20 25 22 24 7 12 18 22 18 0 43
5 17 21 32 16 7 10 24 10 23 26 0 21
7 16 11 28 30 22 9 28 11 25 33 0 32
6 9 32 31 21 15 29 26 20 30 21 0 30
9 8 21 7 12 29 25 29 31 8 26 0 43
9 22 19 21 18 31 7 33 12 16 31 0 43
9 11 11 18 31 22 31 28 21 29 7 0 44
9 7 17 30 13 24 8 9 13 31 29 0 42
6 23 19 24 30 10 13 31 28 29 22 0 26
9 24 28 13 23 28 16 28 31 29 15 0 42
8 8 10 22 24 23 26 15 32 22 11 0 39
10 10 28 20 10 16 7 25 14 8 17 0 47
6 22 20 9 13 17 24 15 18 11 24 0 29
4 9 29 19 31 17 13 20 20 25 25 0 19
8 9 22 22 28 21 17 30 31 14 13 0 36
9 21 20 16 14 16 12 18 16 15 9 0 43
10 13 14 28 16 23 27 31 18 16 17 0 50
7 25 20 20 23 33 23 8 22 11 28 0 33
3 20 21 23 20 8 11 10 12 7 23 0 12
2 10 29 16 13 22 16 24 18 7 30 0 10
9 26 13 15 8 12 11 31 32 26 16 0 44
9 22 18 13 14 17 32 16 13 14 20 0 43
8 31 20 20 22 30 26 20 23 22 12 0 38
4 27 33 9 26 30 20 7 17 23 11 0 20
6 10 20 26 7 21 19 28 24 31 22 0 28
9 19 12 27 21 13 22 26 11 31 23 0 45
7 19 13 18 30 26 12 32 32 14 11 0 33
7 30 30 23 11 9 28 29 29 16 31 0 32
8 22 24 24 15 31 14 26 13 14 22 0 36
6 21 13 10 13 30 28 22 20 10 14 0 27
10 26 20 26 32 11 30 20 20 24 10 0 49
6 19 21 33 9 24 15 29 24 19 10 0 29
8 21 16 24 19 12 11 16 30 25 10 0 40
6 29 7 27 8 19 22 26 23 31 18 0 29
8 33 25 31 18 30 21 19 9 14 29 0 37
7 14 15 13 20 27 29 15 14 23 11 0 34
9 29 16 16 25 9 32 8 25 31 29 0 42
3 7 13 18 10 21 11 9 29 19 13 0 14
3 32 16 20 27 16 7 31 26 16 14 0 15
9 27 15 27 28 23 24 14 28 7 20 0 41
9 9 33 22 25 11 22 8 15 26 7 0 42
5 19 20 25 17 8 11 22 16 11 24 0 23
9 26 14 29 11 12 12 11 20 18 15 0 42
3 23 29 7 8 10 31 8 24 9 20 0 12
4 14 8 24 26 8 30 22 21 11 9 0 19
8 22 13 27 10 23 31 16 21 15 30 0 38
4 7 33 26 15 31 24 7 33 18 16 0 20
3 26 33 24 28 28 17 10 24 28 24 0 15
5 12 11 29 26 21 30 26 20 23 9 0 22
4 32 24 23 13 25 30 26 32 28 25 0 17
9 26 16 8 26 30 13 17 8 29 19 0 44
7 24 10 14 19 31 26 25 8 10 10 0 33
4 8 10 31 27 26 20 12 23 8 30 0 17
5 14 9 24 17 20 18 28 20 15 16 0 22
6 15 20 8 16 29 19 26 11 19 22 0 29
7 14 32 19 19 20 25 28 32 20 19 0 34
6 21 18 14 32 31 14 8 31 30 9 0 26
4 22 28 23 27 21 7 17 16 19 14 0 16
9 27 25 23 17 9 26 26 19 32 31 0 42
4 31 32 13 14 27 29 19 33 21 17 0 20
9 19 33 22 19 29 22 20 7 10 8 0 45
9 16 33 33 24 16 9 32 11 32 12 0 41
8 20 14 12 25 32 15 33 20 14 17 0 39
3 23 30 15 20 8 15 27 14 9 27 0 12
9 13 7 14 15 22 23 18 15 24 7 0 42
7 20 16 17 20 22 14 23 14 26 31 0 31
4 30 26 17 10 33 25 16 33 19 28 0 16
8 20 14 28 28 24 15 20 7 29 25 0 36
5 14 8 26 12 13 22 17 10 21 12 0 22
4 30 14 13 10 16 9 31 26 8 19 0 16
3 29 12 23 15 32 24 13 20 21 28 0 11
5 12 29 21 28 9 31 15 9 7 16 0 23
4 20 21 31 23 22 23 11 28 11 21 0 17
6 14 24 9 24 21 13 19 25 17 22 0 30
3 17 9 33 24 9 23 16 29 18 28 0 12
3 10 10 14 19 7 30 11 17 22 18 0 12
3 10 26 8 25 16 7 19 15 31 18 0 13
5 14 11 11 14 16 19 11 18 23 30 0 23
5 15 25 25 23 18 20 8 11 21 25 0 21
10 9 30 10 15 8 25 27 16 22 26 0 46
3 15 9 29 7 19 13 29 24 27 17 0 11
7 31 31 13 32 22 7 27 30 17 27 0 35
4 25 20 30 25 32 12 20 29 11 22 0 16
5 8 23 12 11 15 9 32 28 11 24 0 23
5 7 24 11 7 28 28 31 19 15 29 0 25
3 18 25 22 16 22 14 24 28 26 29 0 15
5 7 22 30 27 23 30 12 11 30 8 0 25
7 8 19 19 11 15 17 32 15 23 9 0 34
7 13 8 33 14 18 19 16 24 21 15 0 33
6 13 26 27 9 10 27 27 8 23 9 0 30
9 14 31 12 31 25 22 20 25 23 16 0 43
3 14 29 32 29 10 15 22 8 29 28 0 13
2 9 25 31 9 21 26 9 27 11 18 0 10
8 16 33 10 32 18 29 30 20 12 15 0 37
5 9 21 29 23 24 29 32 21 22 32 0 21
8 7 7 8 19 26 7 13 23 13 27 0 40
4 12 29 10 23 17 10 9 16 29 23 0 17
10 25 13 26 32 31 21 33 7 23 33 0 47
7 7 21 12 14 29 14 10 9 15 14 0 32
9 11 32 19 31 13 19 25 30 10 16 0 43
4 13 14 11 25 15 9 27 21 26 33 0 16
6 17 22 16 10 12 22 16 33 29 7 0 27
6 8 29 17 31 7 28 22 14 28 31 0 27
6 25 24 29 8 20 8 29 30 33 25 0 26
8 31 14 25 12 31 19 27 30 9 32 0 38
10 13 32 25 26 14 28 7 21 26 16 0 50
10 23 25 13 27 26 11 7 22 32 33 0 46
6 22 20 11 30 7 10 14 25 25 28 0 28
7 17 9 29 22 29 16 21 30 23 24 0 31
10 25 10 31 15 28 27 8 26 21 31 0 46
3 18 15 11 26 21 22 9 9 29 15 0 12
6 29 27 31 13 9 20 20 32 10 13 0 30
5 20 33 23 16 10 11 30 33 22 16 0 23
8 16 8 30 21 31 12 19 27 17 16 0 39
5 10 32 28 25 8 9 10 7 15 26 0 24
6 30 29 27 29 24 31 16 27 21 23 0 26
6 17 27 10 30 18 28 21 11 20 30 0 27
4 22 18 29 14 30 16 28 20 25 29 0 19
5 27 10 26 29 30 31 29 19 8 9 0 21
6 22 16 16 24 20 30 29 13 22 20 0 26
8 18 25 13 25 26 10 32 16 30 12 0 39
8 31 7 29 28 21 24 13 26 22 10 0 36
9 9 29 21 22 29 12 12 21 25 11 0 41
9 14 24 15 12 18 30 23 23 17 10 0 41
6 12 11 15 17 32 16 16 28 9 29 0 26
8 9 19 13 27 15 20 24 8 30 21 0 39
4 9 26 8 26 29 14 31 25 30 17 0 17
3 25 28 24 26 7 8 20 23 19 13 0 11
10 24 15 17 26 17 14 20 33 33 20 0 49
4 32 7 28 24 22 8 9 27 31 20 0 20
9 26 19 17 31 22 19 21 9 20 17 0 41
3 15 33 23 20 26 25 22 22 32 32 0 12
4 17 12 16 33 12 29 7 10 28 24 0 20
5 27 23 17 24 17 13 13 25 23 9 0 22
3 14 24 29 11 16 32 28 32 33 7 0 15
3 22 8 18 8 10 33 26 21 27 10 0 12
3 19 10 23 13 7 30 31 14 9 28 0 14
10 17 25 30 18 22 26 28 16 18 25 0 49
6 11 16 24 10 15 14 16 22 26 9 0 30
9 16 30 27 20 10 12 29 12 15 31 0 44
5 30 16 32 9 11 17 22 25 18 20 0 24
8 24 7 30 22 20 31 13 24 31 9 0 38
10 25 23 8 13 12 25 32 33 24 25 0 50
4 32 19 28 21 19 17 23 27 24 17 0 16
8 31 22 20 11 8 12 24 21 25 19 0 37
6 22 8 17 23 23 19 17 23 23 15 0 30
10 32 29 13 18 20 23 26 27 31 29 0 46
6 21 17 19 14 19 19 9 16 31 8 0 30
9 28 17 28 13 31 19 32 16 23 30 0 43
9 23 10 19 8 9 28 30 12 23 10 0 43
6 21 29 31 24 11 29 24 19 17 8 0 28
7 29 23 31 33 21 16 14 23 18 15 0 33
3 25 19 33 20 17 19 21 17 20 12 0 15
9 30 14 31 31 13 23 8 10 33 10 0 45
5 15 28 12 12 21 28 21 24 31 28 0 22
3 20 16 31 33 10 13 31 22 9 19 0 13
7 19 24 24 12 14 18 8 20 13 23 0 31
4 25 17 26 18 19 12 12 21 30 11 0 17
3 18 13 20 19 15 30 18 13 32 21 0 15
5 20 29 12 17 9 27 9 13 18 18 0 24
4 23 29 15 10 31 19 12 27 32 31 0 19
4 8 13 12 30 24 24 7 14 14 14 0 19
10 15 15 17 16 23 21 16 19 27 28 0 47
6 16 11 24 17 29 12 32 32 8 29 0 26
7 22 13 26 24 24 26 16 32 21 10 0 33
6 14 15 29 8 22 33 29 24 20 20 0 27
8 27 31 10 9 23 11 30 7 15 30 0 38
9 12 11 12 25 25 17 8 15 15 17 0 44
6 26 19 28 23 17 13 18 31 21 18 0 29
8 12 20 9 25 20 11 32 11 30 11 0 40
6 32 33 30 31 29 10 33 31 33 15 0 26
5 15 11 32 25 18 10 10 32 19 10 0 24
9 23 11 12 13 20 8 24 9 24 13 0 42
5 13 20 17 29 11 30 19 20 13 26 0 22
8 25 9 11 24 14 29 15 33 11 19 0 39
9 31 31 10 12 17 10 21 20 9 16 0 44
9 29 9 18 13 15 10 21 29 22 33 0 41
10 28 24 19 9 31 8 11 13 21 26 0 50
5 8 23 8 23 19 27 31 17 19 21 0 21
5 25 9 7 33 7 13 7 30 14 22 0 23
2 28 18 21 33 31 20 10 32 24 25 0 10
5 11 18 33 9 10 24 17 26 16 18 0 22
4 32 22 17 24 25 25 17 7 27 11 0 17
3 10 32 29 7 11 8 16 15 17 11 0 11
3 19 25 31 25 26 32 17 11 21 28 0 14
8 23 27 9 19 8 18 16 20 12 23 0 37
5 29 28 33 13 13 22 7 13 15 18 0 24
10 16 9 14 11 25 27 26 20 19 31 0 48
5 21 8 10 31 18 25 16 16 16 31 0 21
5 30 8 30 16 12 28 10 23 28 29 0 21
6 24 15 10 14 24 16 12 14 24 29 0 27
3 7 14 23 15 21 29 7 21 27 33 0 14
10 11 8 11 25 7 9 28 30 30 31 0 49
5 31 13 25 18 18 30 18 25 21 32 0 23
10 33 18 23 26 11 9 15 8 25 20 0 47
5 19 20 19 19 24 14 30 31 16 28 0 21
4 27 7 9 32 10 28 12 18 10 14 0 17
10 30 19 29 13 27 28 27 19 26 15 0 48
5 24 11 16 25 29 24 14 15 12 24 0 22
7 9 20 28 27 25 9 27 30 16 15 0 33
9 11 29 25 30 13 21 19 8 17 19 0 41
10 13 10 22 8 14 31 10 27 19 15 0 48
4 8 11 30 11 22 19 10 31 15 10 0 18
2 26 24 7 25 25 25 12 28 29 18 0 10
5 20 33 19 22 29 9 21 30 13 20 0 25
5 20 19 32 9 16 8 25 31 12 28 0 24
5 12 7 31 8 10 33 15 32 20 14 0 25
9 8 14 24 32 13 15 17 8 32 31 0 41
3 16 20 16 8 29 12 15 22 29 12 0 13
5 22 15 7 25 11 22 16 26 26 32 0 22
9 14 20 33 24 10 12 28 30 8 14 0 41
2 22 8 10 23 17 19 32 19 26 30 0 10
8 20 26 30 15 33 23 24 7 26 13 0 40
8 29 14 23 29 8 18 8 22 25 31 0 37
5 27 13 7 22 17 25 28 10 25 25 0 21
10 20 25 19 11 13 14 17 19 29 11 0 46
10 27 13 14 13 14 9 9 24 30 18 0 46
4 7 16 9 17 13 26 16 32 20 21 0 18
4 32 28 26 17 23 29 11 22 14 8 0 17
3 27 10 26 16 31 31 11 33 21 32 0 14
6 32 27 10 25 19 26 13 7 16 24 0 29
7 32 23 10 14 9 30 21 17 31 13 0 35
6 7 11 8 17 27 10 10 23 23 29 0 27
6 8 30 31 18 9 12 7 27 31 23 0 29
3 30 33 12 17 20 8 14 13 27 24 0 11
5 26 18 7 9 29 12 12 9 24 13 0 21
9 32 24 21 21 29 27 32 23 10 20 0 44
5 31 26 13 14 19 30 22 23 20 25 0 21
4 14 9 17 20 10 21 11 13 15 9 0 18
5 18 7 32 29 13 21 27 13 17 23 0 21
8 10 25 24 32 18 25 19 8 28 24 0 39
4 21 9 18 21 16 10 27 27 18 12 0 17
5 14 31 32 27 11 11 26 13 33 15 0 21
4 9 24 14 25 27 14 21 27 11 15 0 17
5 11 32 27 8 13 10 26 26 30 18 0 22
8 23 16 29 10 18 27 25 29 31 7 0 37
6 20 14 15 17 26 21 22 12 11 19 0 27
9 12 12 9 12 28 7 8 32 16 26 0 45
6 23 9 28 25 7 15 31 28 12 23 0 28
3 20 21 23 16 31 10 22 12 31 31 0 15
4 19 8 22 22 14 33 12 14 23 23 0 17
7 11 18 23 26 32 11 27 29 22 13 0 34
6 9 25 30 23 30 11 8 21 32 22 0 27
3 25 15 8 8 19 18 11 22 10 31 0 11
9 14 11 26 13 28 14 15 27 12 7 0 41
3 13 29 29 20 13 28 9 29 8 21 0 12
8 28 24 25 31 14 9 16 33 31 31 0 36
6 18 12 15 24 28 25 33 14 26 11 0 28
10 28 30 31 17 19 13 14 31 17 14 0 47
10 7 25 10 11 7 9 20 14 17 29 0 46
3 27 16 26 11 21 23 10 23 22 23 0 12
5 9 24 9 33 10 23 30 11 24 14 0 25
4 25 27 29 8 24 8 31 21 20 13 0 20
9 23 25 26 19 9 17 9 8 15 28 0 43
7 32 27 9 30 26 16 27 33 9 30 0 33
6 7 29 33 25 10 9 9 17 25 23 0 30
5 31 12 27 33 24 13 28 12 21 17 0 23
8 16 13 20 20 16 24 19 15 28 12 0 37
3 31 19 15 12 7 30 28 12 7 7 0 12
4 13 16 28 10 9 13 8 31 33 21 0 19
4 32 10 13 26 12 30 20 30 24 10 0 16
5 19 11 20 13 28 23 22 20 30 14 0 24
6 32 22 20 10 8 11 20 31 7 33 0 30
3 15 9 14 31 19 27 32 28 30 12 0 14
3 7 18 22 16 11 14 27 31 32 14 0 14
10 28 9 15 21 19 10 18 19 15 23 0 48
4 17 20 9 28 32 14 19 26 22 31 0 17
3 23 23 32 26 31 30 26 27 31 13 0 11
7 16 26 12 31 32 22 19 13 13 32 0 33
5 23 9 13 27 12 7 31 31 7 16 0 22
9 30 7 31 19 29 18 19 14 25 31 0 41
7 16 15 23 28 28 27 18 26 29 7 0 32
6 16 10 28 26 25 15 19 8 10 17 0 26
10 16 29 18 13 15 24 24 10 30 12 0 50
8 30 28 11 15 19 11 15 32 23 22 0 37
10 27 28 23 27 25 18 20 28 28 30 0 50
6 23 20 29 16 30 18 31 24 22 26 0 29
8 20 15 14 27 23 32 13 28 24 29 0 36
8 27 12 12 27 7 12 17 23 19 31 0 38
4 11 11 10 24 11 10 32 28 27 26 0 18
8 16 19 19 14 14 23 8 15 32 23 0 39
2 26 7 21 31 22 12 12 32 9 33 0 10
5 13 25 27 30 22 25 24 8 22 10 0 22
9 26 13 13 15 16 20 15 21 15 17 0 45
7 23 20 21 32 14 13 9 9 9 16 0 34
6 16 28 29 7 25 22 8 22 23 26 0 27
4 22 32 21 28 27 19 32 32 19 15 0 19
3 15 28 23 7 7 22 17 26 9 11 0 11
3 21 9 22 7 9 20 29 16 28 18 0 14
3 14 12 28 24 32 25 23 9 18 10 0 13
10 9 8 18 20 12 20 31 7 25 28 0 48
9 29 15 28 13 15 31 9 8 18 16 0 45
7 30 27 11 18 18 30 28 13 14 25 0 32
4 33 29 27 9 25 7 9 26 31 30 0 17
2 23 16 10 22 16 15 14 25 7 30 0 10
9 12 20 29 12 32 18 7 32 9 23 0 41
3 11 20 28 17 25 19 30 11 18 30 0 12
8 13 11 21 26 17 10 31 13 11 18 0 37
6 29 8 9 19 26 21 29 26 16 30 0 26
10 25 22 28 27 16 31 33 12 17 8 0 47
4 25 31 18 24 8 8 19 25 32 26 0 16
5 8 17 14 17 12 19 33 11 17 12 0 25
8 13 31 21 18 11 28 16 10 20 16 0 37
6 7 13 22 29 23 9 19 31 30 22 0 27
9 14 26 31 22 22 9 23 16 7 8 0 43
7 12 17 21 14 32 29 20 27 8 25 0 31
5 26 9 22 23 19 15 14 11 28 10 0 22
5 14 10 22 24 10 11 11 21 18 20 0 23
5 29 22 14 29 26 20 26 15 9 25 0 22
8 25 30 27 24 32 32 23 14 25 13 0 36
3 32 14 22 31 29 25 14 20 29 25 0 14
10 21 12 25 24 31 22 27 29 19 27 0 50
6 11 19 31 31 29 32 16 30 18 13 0 30
5 13 32 33 11 13 19 9 18 29 32 0 25
6 32 31 23 27 30 12 31 21 29 32 0 26
9 9 28 32 19 28 27 12 8 26 29 0 44
10 24 19 7 13 11 22 15 19 30 32 0 49
7 30 12 11 14 14 11 19 22 23 23 0 32
3 7 12 18 25 15 33 19 23 23 26 0 12
3 33 11 24 18 33 7 24 30 9 8 0 13
3 30 12 22 29 31 10 24 15 28 31 0 13
4 12 23 30 24 13 18 9 8 29 11 0 16
4 21 22 24 10 27 13 33 12 14 12 0 17
10 22 32 11 11 18 14 18 19 8 25 0 48
4 8 27 18 17 18 26 14 26 9 29 0 20
7 22 26 31 13 20 19 17 19 11 30 0 32
4 32 21 12 20 20 33 21 21 26 17 0 18
10 27 26 16 32 12 13 32 26 9 18 0 48
8 19 14 31 21 19 27 28 27 14 20 0 36
5 18 16 21 13 29 12 27 16 9 17 0 24
10 33 10 20 27 10 24 12 24 30 20 0 47
4 8 25 15 29 11 28 7 32 14 28 0 17
4 7 30 18 25 13 14 14 26 22 10 0 18
5 23 24 13 11 32 11 27 19 24 27 0 25
4 18 20 20 13 28 12 23 25 18 7 0 17
7 7 18 14 22 12 29 16 17 22 14 0 33
4 13 31 13 29 30 13 29 8 17 25 0 20
7 12 14 20 14 24 17 7 24 22 26 0 33
3 24 17 29 33 29 20 10 25 16 31 0 12
5 15 28 7 21 24 11 33 18 12 12 0 23
5 30 32 7 16 26 29 28 32 11 30 0 23
8 29 11 30 13 26 33 10 10 10 10 0 37
3 30 8 15 27 30 31 11 31 14 18 0 12
9 31 30 29 13 23 29 14 8 11 22 0 44
6 28 9 17 14 29 29 30 14 16 13 0 29
4 9 16 10 21 9 30 23 28 31 19 0 18
8 8 25 29 21 19 17 21 7 18 9 0 38
4 33 11 22 13 16 15 29 32 11 28 0 18
5 7 24 32 27 14 28 24 21 23 32 0 23
7 22 30 18 12 10 12 28 14 28 7 0 32
8 27 13 16 26 13 12 24 7 8 27 0 37
9 28 22 25 19 22 9 31 26 27 24 0 45
7 32 15 20 24 21 15 21 21 7 26 0 35
7 33 16 13 14 7 22 23 8 24 13 0 33
9 8 15 28 13 29 9 22 11 11 24 0 45
10 12 18 18 21 23 29 15 19 12 11 0 50
8 31 32 32 18 22 18 21 27 15 22 0 40
9 17 8 19 25 26 24 30 26 33 26 0 43
3 22 11 16 9 26 8 16 32 8 18 0 13
4 28 11 11 31 26 18 27 27 20 29 0 17
5 15 8 32 13 13 21 30 19 25 21 0 25
7 8 21 29 10 19 13 26 31 23 32 0 34
6 28 30 28 10 12 12 30 29 32 24 0 26
6 15 28 7 23 27 26 9 27 18 13 0 28
5 17 19 21 11 21 10 31 11 33 11 0 24
10 27 16 8 9 26 11 10 14 18 7 0 46
9 23 32 18 7 22 14 28 28 28 22 0 44
7 12 9 26 27 14 19 24 32 18 10 0 32
7 28 21 28 19 13 17 13 20 30 16 0 34
8 18 24 21 33 10 28 30 9 28 20 0 37
8 12 11 8 23 26 8 8 9 26 25 0 36
5 25 14 22 32 7 17 10 20 8 12 0 24
7 20 26 28 20 33 14 24 30 16 15 0 31
6 32 19 15 31 30 29 32 22 22 15 0 27
9 12 33 29 27 24 12 22 22 24 26 0 45
10 11 33 10 14 33 24 11 20 32 8 0 47
9 32 25 18 8 30 33 18 12 31 16 0 43
6 32 9 31 12 23 17 11 26 26 12 0 29
8 28 16 13 7 15 17 22 32 7 15 0 39
9 15 16 29 9 23 21 18 31 24 9 0 41
4 20 13 13 17 11 25 11 20 22 17 0 20
10 8 15 28 26 29 18 25 22 8 10 0 46
5 29 20 27 8 24 14 28 21 25 13 0 25
10 28 19 25 15 7 9 19 23 27 24 0 48
4 24 14 9 31 21 7 24 9 18 22 0 17
8 7 29 32 20 31 10 18 32 18 22 0 38
4 25 22 17 19 12 32 30 21 7 22 0 17
6 13 27 12 14 29 25 15 26 26 27 0 27
5 14 7 15 7 20 21 18 31 13 19 0 21
5 12 32 24 21 8 24 16 25 22 8 0 25
9 14 13 26 30 13 15 25 16 23 9 0 43
6 18 23 18 13 31 28 13 15 27 14 0 26
3 12 9 25 9 27 15 11 27 31 22 0 14
9 15 20 13 15 9 25 33 12 12 13 0 45
4 9 21 26 26 24 27 28 20 20 26 0 18
9 21 26 10 19 7 7 18 23 10 15 0 44
3 16 21 16 29 14 16 27 13 17 20 0 13
10 19 13 29 22 27 15 9 9 11 9 0 46
6 31 30 18 20 32 30 17 26 22 17 0 28
5 10 27 19 18 33 24 24 22 7 29 0 23
9 29 31 11 21 27 9 32 27 29 31 0 43
5 17 12 22 24 14 21 18 21 16 21 0 23
6 27 22 19 28 23 9 29 22 7 9 0 30
4 14 30 27 14 14 32 26 24 26 9 0 16
4 32 10 30 20 9 20 28 13 16 31 0 19
4 18 32 17 24 20 24 21 24 21 8 0 20
8 22 31 29 22 16 25 19 24 15 9 0 37
3 29 21 22 20 30 25 12 28 32 16 0 12
10 18 24 22 33 27 17 16 23 20 11 0 48
6 17 23 24 23 24 10 27 30 25 15 0 30
8 31 29 7 21 9 17 7 25 21 22 0 36
10 14 32 24 24 8 32 13 22 8 7 0 49
9 29 11 11 28 27 27 17 11 18 25 0 43
6 26 20 24 8 21 24 17 21 28 9 0 26
10 31 14 22 8 12 31 13 15 33 25 0 47
7 14 13 31 18 10 25 13 24 18 24 0 33
5 27 30 18 13 28 29 22 30 12 7 0 21
8 17 14 30 25 28 13 11 22 29 25 0 40
10 12 23 29 16 16 28 31 15 27 9 0 48
4 11 17 8 26 17 15 11 20 14 10 0 18
4 27 13 14 7 20 22 17 27 18 15 0 17
9 29 23 18 23 9 20 25 28 33 14 0 41
7 10 31 25 21 29 31 16 22 32 11 0 32
5 32 11 10 17 17 11 26 13 13 7 0 25
8 19 16 24 11 28 21 19 20 31 31 0 36
5 15 15 32 14 13 9 16 19 11 9 0 25
7 8 20 26 16 16 16 20 25 8 13 0 33
10 31 30 24 9 26 31 16 26 25 25 0 47
4 17 29 11 18 22 27 17 32 16 7 0 17
8 21 32 22 17 29 23 32 29 7 33 0 38
3 26 17 21 29 26 27 14 29 15 22 0 14
6 9 10 7 16 32 26 20 19 16 32 0 27
3 10 14 26 27 29 28 18 18 30 17 0 13
7 12 18 27 23 18 27 27 13 26 17 0 31
3 10 25 9 9 18 16 21 7 18 27 0 11
8 28 25 31 21 27 12 26 26 27 10 0 36
4 26 13 27 11 25 12 27 7 29 25 0 18
6 7 32 25 8 16 8 13 14 8 12 0 26
3 17 30 18 12 7 10 16 32 10 27 0 12
5 32 10 18 16 9 25 23 20 23 26 0 25
7 12 31 30 32 33 14 7 13 16 24 0 35
7 8 20 13 12 9 7 12 25 10 31 0 31
6 16 29 11 21 24 32 15 30 24 14 0 28
10 9 30 10 22 12 17 26 13 33 11 0 46
10 18 30 10 27 12 25 16 11 7 7 0 48
10 15 31 20 19 25 18 23 10 17 24 0 49
5 9 33 25 18 7 21 10 31 12 17 0 22
5 24 13 23 32 12 20 33 28 26 26 0 24
9 31 10 9 12 17 7 19 9 11 15 0 44
6 11 20 12 25 28 32 11 21 32 9 0 28
5 20 20 28 25 14 29 17 11 25 24 0 25
10 31 24 15 16 8 9 29 24 30 32 0 47
8 13 19 15 7 19 27 17 12 22 32 0 37
7 19 29 21 29 28 21 24 24 16 16 0 33
6 13 31 31 22 27 17 7 31 8 26 0 26
4 29 8 24 9 30 9 16 11 17 11 0 20
9 13 24 8 14 24 27 20 11 11 10 0 42
4 26 20 9 20 8 30 32 17 27 30 0 18
4 29 9 9 14 25 24 24 13 33 26 0 16
9 27 21 29 26 22 15 13 17 17 10 0 45
7 11 10 14 22 20 32 33 7 8 13 0 35
5 8 7 30 33 9 8 32 22 12 14 0 25
6 20 30 10 12 21 23 22 13 27 9 0 30
5 10 7 30 30 14 17 16 32 24 7 0 24
4 21 28 22 24 32 19 11 21 27 12 0 16
7 22 20 10 29 25 29 31 18 27 24 0 35
3 14 24 13 14 14 32 9 8 30 29 0 14
7 9 21 13 8 27 24 17 9 13 28 0 34
9 28 28 21 20 31 33 23 20 9 7 0 41
6 14 28 27 24 7 12 18 9 22 12 0 29
8 8 17 22 32 15 7 10 7 19 13 0 39
10 20 18 17 23 10 13 16 26 17 32 0 46
8 32 16 24 28 9 13 32 9 21 27 0 38
5 28 32 14 29 12 9 33 9 7 18 0 24
5 31 23 18 28 23 13 27 19 24 16 0 21
5 25 33 13 17 28 25 9 33 24 27 0 24
5 27 32 14 15 16 8 10 28 28 29 0 23
6 25 11 30 25 26 10 13 22 27 21 0 29
9 21 8 10 22 8 24 31 29 31 7 0 41
5 9 31 8 24 20 26 28 23 28 18 0 21
7 24 28 25 11 16 31 23 27 28 18 0 32
10 33 15 14 8 32 7 13 28 10 26 0 50
3 24 26 32 25 17 32 10 26 16 7 0 15
4 32 9 29 30 8 25 9 26 17 12 0 18
6 26 29 7 32 7 25 18 20 19 9 0 29
6 17 10 28 8 14 23 13 15 10 14 0 27
3 22 9 21 13 13 31 13 15 15 11 0 12
9 20 8 31 10 29 16 15 17 14 7 0 43
7 25 22 19 18 17 25 16 26 13 11 0 34
4 17 17 31 22 10 10 28 23 30 12 0 18
10 30 28 13 30 24 25 31 19 25 10 0 49
9 25 29 13 20 32 23 9 15 21 17 0 45
6 27 31 10 29 11 25 12 31 11 10 0 28
3 8 30 28 16 18 8 30 8 24 32 0 14
4 27 22 32 13 8 30 19 15 20 19 0 17
5 22 13 29 21 29 28 32 10 23 12 0 23
4 31 30 32 15 14 18 9 19 26 28 0 17
4 9 16 17 8 28 9 19 27 8 31 0 17
4 17 31 22 25 33 17 18 30 12 15 0 16
7 7 32 33 9 32 8 24 19 10 24 0 33
3 16 22 30 11 11 31 25 20 18 19 0 13
10 23 11 8 17 13 31 31 24 31 18 0 48
3 28 15 25 16 13 30 16 23 28 33 0 15
7 24 21 26 12 14 30 8 19 22 27 0 34
2 17 25 33 9 9 8 19 31 25 22 0 10
4 14 10 19 23 22 21 11 17 12 12 0 17
8 24 21 9 29 11 29 18 16 8 8 0 36
8 14 27 28 11 10 24 20 19 11 23 0 37
4 21 33 20 7 26 18 20 17 8 10 0 18
6 26 24 13 33 27 11 13 24 15 13 0 28
4 19 14 11 31 18 31 15 29 15 25 0 18
6 33 30 17 12 22 26 25 15 25 27 0 30
6 11 19 21 9 28 27 19 15 26 15 0 28
5 23 27 11 10 22 28 21 9 8 27 0 24
6 12 24 25 11 24 22 29 20 25 22 0 27
8 8 30 26 13 18 23 22 20 28 33 0 39
10 12 15 25 22 23 25 7 26 29 24 0 50
6 31 16 16 21 17 10 32 21 19 25 0 27
6 26 31 27 22 24 14 28 24 21 12 0 30
8 8 15 15 17 27 28 25 30 28 10 0 38
5 32 18 31 21 22 15 21 10 11 19 0 22
4 27 9 22 11 24 16 29 24 18 27 0 18
10 21 11 32 25 12 27 32 27 30 19 0 46
10 10 24 31 23 11 27 32 20 32 9 0 49
6 12 33 8 18 9 19 20 14 19 18 0 30
5 9 29 11 17 23 26 26 16 32 25 0 22
8 8 26 17 8 28 32 31 8 24 16 0 40
5 25 17 23 31 12 20 22 22 8 11 0 21
7 22 16 31 12 21 9 29 12 25 30 0 35
5 27 9 32 26 11 32 25 13 32 9 0 24
10 12 8 16 28 28 19 22 14 9 20 0 48
10 25 10 27 24 12 13 19 29 24 30 0 50
9 8 33 12 14 9 28 12 33 29 27 0 45
4 27 11 11 31 29 24 19 31 12 13 0 16
5 32 23 24 20 22 12 23 24 7 18 0 21
5 17 7 29 16 12 10 9 11 22 12 0 25
2 32 8 31 10 28 17 24 32 7 27 0 10
9 7 14 9 26 26 11 8 33 25 11 0 43
5 23 22 22 16 17 11 13 13 9 29 0 25
8 14 31 10 22 17 23 30 33 16 11 0 37
8 20 15 28 17 22 23 11 21 17 8 0 40
9 21 16 15 26 29 32 8 25 20 18 0 44
6 21 17 17 32 13 27 12 31 26 28 0 29
8 14 29 30 30 30 16 14 18 24 26 0 39
6 30 16 33 28 13 18 7 12 17 18 0 27
5 20 17 20 20 23 14 12 32 7 7 0 25
4 11 29 21 9 16 26 30 8 33 29 0 19
4 30 8 33 21 26 9 16 13 18 16 0 19
4 21 25 9 16 31 18 21 30 22 29 0 20
5 27 28 22 7 7 9 17 29 14 16 0 25
4 15 16 25 28 30 27 12 21 19 9 0 20
3 24 11 8 16 33 27 15 33 27 31 0 15
9 8 9 8 21 24 33 26 9 10 13 0 41
9 12 11 26 29 30 12 18 32 26 14 0 43
3 24 8 21 18 21 29 19 13 27 26 0 11
2 24 22 19 26 14 16 24 17 7 29 0 10
9 25 33 9 29 15 11 27 27 31 15 0 43
5 15 24 19 12 26 30 19 32 11 13 0 22
10 16 11 24 15 14 7 32 25 26 32 0 50
6 17 24 27 10 29 27 15 21 12 9 0 30
4 9 28 11 30 22 14 29 30 20 17 0 20
4 9 12 20 25 19 12 28 31 32 18 0 20
4 27 12 15 28 9 12 28 18 26 10 0 19
9 18 12 22 15 26 33 9 10 12 29 0 45
2 8 19 15 25 18 24 25 32 30 33 0 10
7 17 19 19 25 7 11 10 8 32 18 0 32
6 31 18 28 22 8 25 27 26 28 26 0 27
9 25 21 32 14 24 26 9 25 20 9 0 45
5 18 10 22 21 19 14 15 17 25 14 0 24
10 33 8 33 29 20 23 17 32 33 31 0 46
4 16 10 12 32 26 33 28 26 7 30 0 18
5 22 15 33 12 26 19 15 10 9 13 0 22
5 23 25 21 33 24 25 8 8 10 24 0 22
9 14 14 32 10 7 8 12 18 27 31 0 45
3 30 8 19 16 8 21 22 25 16 9 0 15
6 33 14 28 12 20 17 10 33 21 32 0 28
5 24 20 11 18 33 10 30 10 25 25 0 24
6 23 10 15 32 18 7 27 20 18 13 0 29
5 12 13 19 7 18 24 19 22 25 20 0 22
9 21 26 8 26 21 33 14 29 20 10 0 45
3 10 29 7 17 26 8 20 32 14 21 0 14
4 29 16 31 22 7 24 19 20 24 24 0 19
10 32 30 22 14 19 9 30 8 32 7 0 48
5 27 8 17 25 7 18 7 16 12 9 0 25
2 9 22 17 17 16 14 20 9 12 14 0 10
7 8 17 25 26 14 33 28 29 29 7 0 32
3 26 21 8 29 21 13 15 22 10 30 0 12
7 19 9 19 20 9 21 24 28 25 11 0 34
3 13 22 29 8 8 29 10 12 16 23 0 15
10 10 33 16 8 11 25 16 28 9 23 0 49
5 32 12 19 19 12 26 20 30 9 13 0 24
5 29 28 18 10 15 15 10 30 8 21 0 23
4 11 30 29 19 31 20 23 32 9 31 0 17
7 30 26 13 22 10 28 25 30 20 16 0 33
6 20 21 18 19 30 20 18 18 17 11 0 27
3 24 32 22 31 16 21 30 33 27 28 0 11
5 16 23 19 30 17 12 23 28 31 7 0 24
6 19 25 20 14 19 29 25 24 28 30 0 30
5 18 8 20 22 23 28 18 15 26 8 0 24
7 11 23 15 33 32 31 27 16 29 9 0 35
5 21 14 29 12 15 9 21 19 25 33 0 24
10 22 12 14 30 11 15 29 14 27 27 0 47
4 31 26 21 24 31 18 8 27 19 10 0 17
5 33 31 8 11 27 18 18 26 22 33 0 24
4 10 22 29 32 13 28 31 10 32 12 0 17
6 32 16 11 25 17 16 16 31 8 8 0 28
2 28 28 9 18 20 31 9 20 12 20 0 10
4 20 10 28 29 20 20 13 9 20 17 0 19
3 16 32 27 23 24 20 32 14 17 23 0 14
10 24 29 12 8 23 8 27 9 31 19 0 48
10 11 23 17 29 7 26 33 15 16 15 0 48
7 19 16 18 10 27 18 20 17 15 10 0 34
8 24 20 9 33 18 28 25 26 10 13 0 38
10 22 25 23 11 13 32 9 20 16 21 0 46
9 29 11 11 31 33 7 22 20 7 14 0 43
3 17 19 8 16 20 21 23 27 16 29 0 14
9 20 32 12 23 14 16 26 10 11 30 0 42
9 24 8 19 18 12 7 18 25 28 16 0 42
7 24 10 25 12 28 26 30 18 20 14 0 35
8 15 23 25 9 12 20 12 14 33 27 0 39
8 18 18 15 14 29 20 28 22 28 27 0 39
10 11 33 22 13 31 29 16 24 24 15 0 49
5 29 12 10 29 11 16 24 10 25 18 0 22
6 12 22 15 22 33 13 30 10 10 20 0 27
5 11 33 14 30 11 32 22 14 30 16 0 24
7 8 26 27 23 7 24 22 11 28 20 0 33
3 18 10 26 23 16 24 9 7 31 7 0 13
3 24 14 25 14 15 25 33 22 24 18 0 12
6 30 31 19 11 14 19 10 8 16 30 0 30
3 9 9 22 14 22 30 24 8 19 23 0 15
4 8 16 10 33 12 32 31 32 28 27 0 16
8 17 18 16 13 30 24 13 22 18 23 0 37
5 31 22 25 17 32 16 28 7 14 25 0 25
4 14 9 11 7 23 29 21 17 29 10 0 20
3 20 30 26 25 26 19 32 20 17 21 0 14
4 30 9 9 26 25 8 20 13 21 21 0 18
7 26 20 12 15 12 18 17 24 23 30 0 31
8 7 30 22 30 24 11 27 24 8 23 0 39
9 12 26 26 19 21 15 7 28 14 25 0 43
9 22 17 21 10 14 32 18 12 16 12 0 41
5 30 16 29 24 25 8 25 25 11 27 0 25
5 9 18 22 26 10 27 19 8 29 21 0 24
5 28 31 32 15 15 10 7 9 12 16 0 22
5 33 19 29 12 10 15 30 31 33 26 0 21
6 13 9 14 14 24 22 23 31 12 22 0 27
8 17 24 17 11 12 26 31 16 21 21 0 38
4 10 12 27 17 25 29 21 9 24 14 0 16
3 14 19 8 18 24 25 14 13 19 11 0 14
10 31 7 26 16 9 27 31 13 24 29 0 48
5 24 20 14 12 18 31 12 27 17 32 0 25
6 30 9 7 30 17 23 31 25 12 17 0 26
5 30 32 28 22 12 32 10 32 9 16 0 21
7 19 21 9 9 7 29 30 18 24 11 0 35
5 13 25 18 18 10 20 22 28 29 13 0 25
9 22 20 25 23 27 30 29 22 24 9 0 41
7 32 26 9 17 17 30 18 29 7 25 0 34
8 29 12 27 8 28 15 8 19 26 17 0 38
7 24 27 12 10 7 13 20 18 9 21 0 34
10 11 21 8 28 19 20 23 19 25 12 0 47
10 18 10 9 9 25 33 13 31 15 29 0 50
7 10 12 15 8 14 21 24 20 21 29 0 31
6 29 16 18 9 13 32 30 13 16 31 0 30
2 24 16 17 7 28 17 11 31 24 21 0 10
10 15 29 22 20 9 24 27 11 13 24 0 46
9 15 7 14 15 17 10 16 31 23 24 0 42
10 33 12 14 7 22 16 29 21 26 27 0 50
4 30 29 8 20 20 21 20 14 9 22 0 17
5 30 18 12 11 17 20 19 33 12 10 0 21
5 23 17 11 32 20 16 28 17 13 17 0 23
9 12 29 21 24 13 9 26 31 10 29 0 41
6 26 15 33 19 7 31 31 10 18 25 0 26
7 9 19 33 32 25 22 7 15 13 13 0 33
5 33 33 21 9 30 18 33 13 29 16 0 21
5 33 27 17 10 14 11 24 24 23 22 0 24
5 23 7 19 17 11 13 24 25 8 15 0 21
7 22 19 7 20 21 25 33 29 30 22 0 35
5 26 29 25 16 14 21 20 31 24 30 0 24
2 26 28 16 28 30 17 32 18 27 27 0 10
7 10 32 14 20 8 25 8 19 19 32 0 35
5 26 29 28 17 7 12 31 18 24 10 0 22
4 10 26 25 32 11 15 15 13 30 19 0 17
9 15 23 29 19 31 32 11 31 10 28 0 41
6 24 11 16 22 26 30 11 20 27 31 0 27
4 17 14 10 15 18 32 20 25 21 20 0 19
3 8 25 29 28 25 22 11 9 19 21 0 15
9 30 13 12 30 33 26 20 25 9 17 0 41
9 26 21 19 27 16 31 19 11 29 26 0 45
5 10 13 23 12 28 15 21 25 7 7 0 22
5 26 25 17 20 13 26 24 13 28 19 0 21
7 18 21 13 12 32 23 16 21 20 9 0 33
5 13 20 10 29 27 8 19 32 10 14 0 23
4 23 18 13 17 18 20 29 23 8 29 0 16
5 33 31 31 26 22 31 9 29 20 22 0 23
3 27 32 7 32 22 16 23 27 16 9 0 13
8 11 12 14 8 25 32 29 10 10 8 0 36
10 19 25 29 13 21 12 9 23 30 13 0 46
6 18 11 19 12 10 25 22 13 7 23 0 30
8 8 25 27 16 15 25 31 31 10 18 0 38
8 10 26 24 8 17 9 13 10 30 23 0 38
4 27 29 14 11 14 31 27 10 12 21 0 18
6 17 11 33 24 21 14 12 30 22 26 0 30
3 19 29 13 14 32 9 32 28 31 33 0 13
5 10 20 12 32 16 30 17 24 7 30 0 24
4 17 27 11 17 25 19 18 23 33 9 0 17
4 22 16 14 24 27 9 12 29 14 20 0 20
6 23 12 23 13 20 18 23 14 9 18 0 30
6 18 15 31 11 17 28 27 22 28 29 0 27
6 12 18 18 17 14 15 31 10 8 10 0 27
6 7 26 30 26 14 8 18 27 7 32 0 26
7 7 22 29 30 12 11 23 31 21 8 0 32
5 32 29 15 10 28 20 22 29 12 16 0 23
4 20 18 29 20 16 17 25 17 8 11 0 19
3 18 19 14 21 28 25 7 11 21 19 0 13
10 31 19 26 20 27 15 10 29 10 29 0 48
2 18 33 12 16 8 11 29 23 23 27 0 10
4 25 11 33 31 24 26 8 17 14 24 0 20
3 21 20 29 25 31 13 23 12 15 28 0 14
7 28 15 30 22 21 28 13 29 31 22 0 31
8 9 12 11 32 9 7 16 30 24 20 0 39
4 28 9 19 21 9 20 26 17 24 17 0 20
6 28 20 23 11 21 15 13 25 25 18 0 26
3 15 17 17 26 13 11 22 16 30 13 0 14
6 31 16 11 27 7 10 15 27 26 28 0 29
5 14 29 19 15 16 24 25 22 14 14 0 25
7 29 17 25 23 29 29 18 7 25 12 0 34
7 31 26 22 11 21 12 18 20 18 8 0 35
10 23 33 19 9 8 32 11 14 9 28 0 48
3 23 33 8 31 9 29 11 22 28 12 0 13
8 32 25 25 14 33 30 26 24 19 14 0 36
4 33 13 27 28 28 7 29 28 21 30 0 18
8 8 19 11 17 28 28 18 31 26 32 0 40
5 21 25 28 13 26 15 18 27 7 21 0 21
8 21 28 24 27 7 30 28 10 10 23 0 36
5 26 24 25 17 31 16 30 13 14 30 0 21
6 16 21 31 11 28 23 26 21 28 15 0 27
4 25 7 12 18 21 7 12 26 30 28 0 16
8 11 15 21 20 15 24 24 22 24 27 0 38
10 32 25 7 27 22 9 9 23 14 27 0 48
9 27 9 29 33 19 15 8 20 13 29 0 45
7 11 21 27 13 16 11 25 15 24 25 0 33
8 28 19 17 29 31 27 19 29 7 18 0 37
4 33 17 12 21 22 32 30 20 33 13 0 16
3 29 19 16 15 23 25 16 19 20 14 0 12
10 21 33 15 18 30 32 18 33 31 10 0 50
7 22 14 21 18 8 33 33 14 14 14 0 33
8 30 29 29 17 18 28 29 23 15 17 0 37
8 23 9 26 30 27 27 21 27 27 16 0 39
8 31 11 21 10 28 32 29 16 12 28 0 39
8 24 27 25 17 16 12 16 27 13 25 0 39
9 8 7 24 25 26 16 13 23 32 31 0 42
3 19 31 14 26 16 24 10 28 23 14 0 13
10 28 8 20 24 22 18 23 26 23 23 0 49
7 19 30 31 22 17 26 27 21 27 31 0 35
4 28 21 13 10 11 10 17 33 27 28 0 18
4 27 16 17 25 11 33 30 15 9 19 0 16
8 24 23 29 30 33 16 29 21 28 20 0 40
3 26 21 11 29 13 24 28 10 25 11 0 15
2 17 30 12 17 9 10 17 24 25 29 0 10
3 28 30 14 20 8 7 29 15 23 21 0 12
6 11 13 20 24 14 23 12 12 22 7 0 27
10 29 11 26 19 25 16 20 7 19 17 0 47
8 21 22 22 26 25 25 18 26 22 30 0 39
5 24 8 13 18 33 28 15 11 19 13 0 25
4 27 26 30 22 16 24 15 20 10 16 0 17
10 8 22 16 19 27 31 23 16 9 16 0 46
4 10 18 15 18 19 8 21 21 22 7 0 18
8 21 13 27 28 18 25 11 24 26 19 0 40
7 14 33 13 30 21 11 27 9 10 21 0 31
8 14 29 15 23 31 24 10 14 28 30 0 39
3 23 25 33 10 19 32 14 31 30 15 0 12
4 29 8 10 9 23 27 14 27 25 13 0 16
8 18 19 24 17 31 13 24 16 17 22 0 38
4 19 26 30 31 19 20 9 28 28 24 0 16
5 16 28 28 31 21 19 14 11 18 28 0 24
8 12 24 16 15 10 30 27 17 19 29 0 40
9 23 15 20 14 30 10 13 19 17 24 0 41
4 27 21 32 7 17 14 33 30 26 10 0 16
9 16 19 32 28 12 28 20 27 30 33 0 45
6 23 26 26 18 23 16 19 32 8 12 0 29
5 18 31 9 9 33 23 26 28 21 14 0 23
9 7 31 22 32 20 8 21 16 25 9 0 41
10 16 11 7 12 16 32 20 14 8 10 0 50
7 10 21 23 8 12 27 23 32 12 8 0 32
7 30 28 16 17 31 32 21 25 22 14 0 35
7 33 18 30 11 11 21 13 29 21 19 0 31
7 33 21 7 31 24 27 27 26 27 24 0 33
4 8 9 27 29 14 11 24 22 7 23 0 17
8 9 24 20 27 16 20 21 26 29 11 0 38
3 7 31 12 29 7 30 17 8 15 31 0 14
3 15 14 21 32 21 30 21 33 27 33 0 14
6 8 9 22 25 21 12 32 32 13 17 0 29
2 7 33 7 24 26 16 15 11 28 11 0 10
9 13 33 14 16 19 14 24 19 12 16 0 45
3 28 31 19 8 12 10 14 17 22 27 0 11
8 19 13 32 26 27 16 9 18 13 21 0 36
7 29 13 28 32 11 25 12 24 26 8 0 31
5 26 17 9 17 22 14 32 21 33 28 0 25
5 21 9 19 14 25 28 20 21 21 17 0 23
5 15 9 15 22 30 20 11 29 29 22 0 21
6 23 23 9 23 12 31 14 7 19 24 0 27
9 20 10 28 22 8 22 32 32 26 27 0 41
9 32 30 10 13 16 12 33 20 24 19 0 44
8 18 16 11 28 9 19 11 10 8 22 0 39
3 24 15 21 16 23 29 10 14 32 31 0 11
10 10 7 22 27 29 13 16 26 18 10 0 49
10 31 19 12 15 13 30 23 18 28 22 0 49
9 23 23 17 11 7 33 7 29 17 10 0 41
8 25 20 16 11 31 21 14 19 11 19 0 39
3 32 13 25 15 28 13 26 7 32 9 0 12
9 31 32 21 11 12 20 7 20 33 19 0 43
6 24 32 31 20 26 33 22 13 23 25 0 27
7 8 7 29 20 16 10 30 27 8 10 0 34
9 19 25 30 10 11 16 13 26 33 15 0 41
5 12 32 12 26 27 11 30 9 25 11 0 25
10 17 20 26 24 10 13 27 12 28 15 0 47
6 31 13 31 25 27 9 28 15 16 33 0 28
7 18 28 16 9 13 13 30 11 18 13 0 35
10 21 11 14 20 26 14 18 27 25 17 0 49
4 19 17 32 14 9 15 23 27 21 14 0 16
5 12 16 29 12 21 9 26 14 9 15 0 24
7 26 26 13 8 27 29 15 33 32 32 0 33
3 16 27 17 28 25 10 33 29 13 27 0 14
7 28 21 26 20 27 18 24 19 25 14 0 33
9 14 8 22 31 33 20 29 30 13 27 0 43
5 16 7 16 14 27 28 12 25 19 25 0 24
4 7 11 28 27 12 17 14 10 29 22 0 20
5 11 9 32 28 24 30 8 11 19 32 0 22
6 19 33 13 20 10 9 11 31 17 12 0 27
8 12 32 17 7 21 31 9 31 20 10 0 38
9 32 9 7 20 23 15 7 24 29 13 0 41
8 21 26 23 23 17 33 14 14 28 24 0 38
6 14 25 29 12 12 17 31 20 17 33 0 28
8 8 23 15 20 21 31 9 23 26 29 0 37
4 10 25 12 27 32 33 25 14 24 21 0 20
5 26 12 18 27 26 8 18 15 11 24 0 25
2 20 8 16 22 29 8 26 26 26 9 0 10
10 28 15 31 29 16 33 11 31 15 19 0 47
3 29 25 13 26 10 9 25 28 7 27 0 11
10 9 8 13 32 7 32 29 21 26 29 0 50
8 12 8 30 17 14 13 7 11 29 15 0 40
5 21 29 27 17 17 23 12 8 17 23 0 21
9 33 15 16 11 28 28 28 21 33 9 0 45
8 24 16 14 28 12 10 31 32 26 24 0 36
7 25 11 25 30 23 21 22 26 24 10 0 31
9 32 12 16 11 16 18 31 17 9 27 0 41
6 8 15 21 27 24 9 29 23 33 13 0 26
4 7 30 32 22 17 7 10 22 10 20 0 18
10 21 28 30 16 21 14 32 7 13 20 0 49
4 21 9 22 23 13 33 7 25 8 31 0 17
8 11 26 28 28 9 31 31 14 27 29 0 36
7 13 32 22 24 9 30 14 15 22 9 0 34
6 27 28 33 27 15 11 28 9 16 16 0 26
5 9 28 11 13 15 12 29 20 12 29 0 23
6 20 9 23 19 26 32 28 25 18 11 0 28
2 12 20 7 29 16 20 24 7 20 18 0 10
3 22 24 11 26 33 25 32 23 33 7 0 11
9 24 13 16 17 17 7 14 19 24 23 0 44
4 33 29 13 31 22 29 13 33 25 33 0 19
5 9 13 8 7 10 15 19 11 30 19 0 24
9 31 19 15 32 12 24 13 22 11 21 0 45
2 14 21 17 17 30 23 11 23 32 25 0 10
6 7 15 11 14 16 30 27 9 27 7 0 29
5 11 31 24 9 23 30 12 14 25 15 0 23
113 101 111 108 102 86 93 104 76 106
106 125 143 164 195 220 235 260 263 285
111 139 140 176 193 201 231 247 260 290
115 138 143 163 184 203 232 245 269 282
107 127 142 174 200 216 230 244 262 283
104 136 149 162 185 206 220 242 267 295
105 121 154 176 196 202 229 256 261 282
106 139 150 180 185 202 237 243 271 297
110 130 143 172 183 209 240 252 275 298
102 128 140 165 183 212 224 252 280 285
118 125 148 164 190 202 239 254 274 298
103 120 147 180 196 205 226 252 260 293
114 129 156 163 185 201 220 250 267 283
101 123 142 172 198 209 236 251 273 296
104 123 145 178 197 203 234 253 275 285
119 131 154 175 186 213 234 246 272 281
111 135 142 175 189 213 233 241 280 295
116 132 146 171 191 202 224 251 267 289
119 129 148 165 197 205 225 244 276 294
113 138 158 180 184 214 227 251 280 300
110 122 142 176 193 209 221 252 268 297
106 125 149 163 184 206 230 242 265 296
105 128 145 174 200 201 237 256 280 294
119 127 141 163 196 217 227 248 270 288
110 122 154 166 193 212 234 247 263 292
105 125 151 169 197 204 233 245 265 295
113 122 154 171 199 216 227 241 261 297
113 138 141 166 192 207 237 244 276 287
114 121 149 175 181 213 235 241 267 293
112 139 145 161 182 208 233 253 275 287
112 130 157 176 196 209 226 241 280 295
111 131 141 166 189 205 223 250 270 283
100 129 148 160 187 211 236 245 274 284
101 124 149 161 187 210 224 243 279 283
120 125 157 172 187 219 225 258 262 280
106 124 150 176 200 203 234 245 275 286
107 121 152 171 183 205 237 260 267 296
115 135 155 179 186 209 231 255 268 289
109 120 150 167 187 208 230 243 261 290
109 139 140 163 195 217 227 259 275 285
120 122 153 169 197 206 232 255 260 286
106 121 154 171 199 216 228 250 271 286
107 138 157 177 199 210 235 258 275 295
103 134 142 172 200 215 230 259 262 280
107 138 146 175 188 215 220 250 260 292
114 136 155 180 180 209 239 244 265 297
119 127 148 180 188 219 227 240 262 293
111 137 155 167 187 206 231 248 266 289
111 120 160 169 200 213 223 251 262 281
114 138 144 163 200 218 229 252 263 281
106 121 154 180 188 218 231 253 262 280
101 128 141 160 196 212 221 242 277 293
104 131 144 177 186 208 236 241 271 290
102 135 156 174 199 208 221 246 269 296
112 122 142 179 193 218 234 246 265 295
117 128 143 175 185 208 226 243 267 296
109 130 155 167 189 201 227 246 260 297
112 131 152 161 182 214 222 249 262 289
113 140 157 180 191 212 235 247 267 300
102 131 160 177 185 209 229 256 261 285
100 135 156 163 191 210 237 248 260 299
103 137 148 174 191 216 239 245 260 296
117 132 146 174 189 220 240 241 269 289
113 132 148 175 187 212 236 260 269 291
116 130 153 176 199 219 235 251 265 300
111 123 148 177 200 208 237 252 267 281
116 126 152 169 197 219 222 249 263 297
109 121 160 168 190 200 238 246 277 293
114 128 140 168 197 209 228 258 262 298
102 129 149 164 181 219 226 256 279 281
104 129 145 173 199 213 223 251 277 290
112 140 147 161 187 205 225 254 260 290
109 139 146 164 189 201 220 248 280 283
116 137 150 173 200 200 227 249 279 283
110 130 154 171 185 210 240 253 264 300
118 138 153 164 187 210 231 251 274 295
107 122 149 180 198 217 233 248 280 283
110 134 146 172 190 213 222 240 280 298
109 124 148 179 180 208 221 253 266 293
110 120 151 168 194 218 232 260 272 295
115 139 158 163 189 205 238 260 270 284
117 138 160 168 187 211 227 241 269 288
116 123 145 176 182 218 228 240 275 296
109 134 143 179 180 209 233 255 278 299
100 120 157 170 181 200 240 248 265 280
118 121 155 163 197 203 234 243 276 281
115 132 150 174 195 211 235 258 267 295
104 129 140 163 186 211 237 243 270 298
108 138 141 174 194 217 227 245 275 292
119 120 144 173 185 215 225 250 277 296
114 137 145 179 188 219 224 256 265 290
110 132 154 172 181 215 227 260 269 290
120 123 156 175 191 207 232 246 261 300
108 132 160 161 190 200 237 243 264 299
117 129 147 174 182 218 221 242 269 288
101 124 156 179 197 219 224 250 278 291
111 121 158 171 188 216 238 244 274 287
106 121 143 176 190 207 232 254 267 290
101 122 154 173 190 218 237 253 269 293
108 122 152 169 187 212 238 241 264 281
115 136 148 162 200 209 236 240 280 286
103 128 148 175 190 200 222 260 278 296
113 123 147 165 195 218 237 245 263 300
117 137 159 176 181 206 223 245 273 294
118 131 142 175 180 207 222 242 280 291
107 123 141 177 195 219 238 244 260 282
120 128 155 167 181 211 223 260 272 291
101 125 140 168 183 209 223 248 267 280
120 136 144 167 182 213 232 245 270 282
100 129 141 164 183 207 237 256 268 286
101 122 142 164 185 213 220 258 260 282
116 137 160 171 200 217 226 241 271 297
107 139 144 174 182 210 233 240 268 293
103 140 141 176 199 204 220 246 276 289
120 131 149 171 194 203 226 251 278 294
109 132 154 176 197 212 229 241 260 281
120 128 140 174 184 219 226 249 267 290
107 124 145 161 184 209 225 250 271 284
108 133 159 172 190 201 225 248 268 293
119 135 140 167 184 209 225 259 277 295
116 121 149 180 185 202 237 248 267 284
107 134 158 177 184 200 240 252 268 299
111 132 140 169 198 207 223 260 276 297
114 137 157 175 195 216 221 245 278 287
113 123 145 167 183 200 240 243 274 295
120 129 155 169 181 209 222 240 266 282
118 125 141 165 184 201 238 254 277 293
110 130 155 177 194 200 227 256 270 295
100 132 150 175 200 203 226 244 263 285
102 140 158 167 180 204 223 257 268 289
103 123 156 180 195 204 234 248 274 295
107 140 155 175 195 209 237 241 269 295
119 132 150 167 193 215 232 246 263 284
118 140 145 165 197 214 227 241 278 297
100 139 141 177 196 205 239 259 260 288
103 121 152 164 188 208 233 242 267 285
113 127 143 168 191 203 221 250 273 288
112 135 140 170 194 205 239 246 269 297
116 136 158 161 194 201 230 259 269 300
120 135 158 176 194 210 238 249 270 289
112 129 159 178 189 214 233 256 269 288
112 136 155 179 194 202 239 249 276 295
111 121 144 166 183 211 229 253 262 287
115 133 144 169 193 206 240 246 279 280
103 130 140 166 196 215 233 257 262 282
118 123 151 165 200 220 232 251 274 299
114 128 152 163 197 213 225 251 280 300
119 134 143 164 198 207 233 246 261 290
114 123 156 160 182 211 226 254 264 285
101 129 155 169 188 220 232 255 270 280
105 139 141 160 200 209 239 253 278 297
111 122 159 170 200 214 222 253 275 284
115 124 151 165 188 217 227 258 260 290
117 136 148 170 198 211 222 245 271 300
113 133 140 176 189 214 228 248 260 292
105 138 141 172 194 214 236 255 262 288
102 122 142 164 200 202 220 244 260 294
100 124 147 161 193 210 237 252 260 294
112 131 154 178 186 206 230 257 266 290
111 126 160 163 188 218 236 240 265 293
117 133 156 171 186 201 235 253 264 285
117 129 157 180 197 215 223 255 274 288
101 121 151 174 191 207 223 253 270 293
101 133 156 178 180 203 236 253 276 299
114 123 152 170 187 207 234 254 275 282
118 130 157 178 195 204 239 253 267 280
102 124 144 178 181 215 231 246 260 284
109 126 143 171 186 217 222 251 266 293
119 139 145 160 192 216 235 259 274 285
105 124 152 161 198 215 220 240 273 287
118 128 151 174 194 218 225 246 277 297
114 138 156 166 189 202 235 258 275 290
106 131 148 175 190 202 237 257 264 297
112 120 160 177 189 211 224 247 267 285
117 132 142 166 184 204 225 244 271 287
105 131 158 176 197 206 235 245 277 289
101 139 140 178 183 204 225 242 277 287
101 134 156 177 196 204 226 256 271 286
119 128 160 169 193 203 227 249 265 293
104 130 148 165 197 217 240 247 279 281
102 136 142 162 191 203 230 242 264 285
103 120 152 172 190 217 232 249 265 295
119 138 144 162 196 215 237 247 272 298
120 138 144 167 184 211 232 257 270 299
103 134 153 176 189 217 235 247 272 283
119 135 158 169 193 206 231 242 263 284
107 137 150 160 187 217 237 246 270 296
110 128 159 171 182 211 221 260 275 291
105 125 151 164 186 206 220 259 273 285
111 120 158 160 195 208 236 250 262 282
107 135 157 168 184 205 220 247 272 296
102 136 152 176 186 204 222 255 278 293
105 135 148 176 180 212 229 245 267 286
111 127 141 168 193 208 229 243 278 293
108 137 142 169 195 202 230 257 279 283
115 126 149 164 195 201 230 240 276 282
112 138 148 172 192 210 230 246 267 294
119 124 143 173 183 216 239 246 260 286
108 123 145 178 192 212 232 246 275 287
100 127 158 167 180 220 236 247 265 286
102 125 140 179 195 206 231 240 272 285
101 133 154 175 180 208 220 249 276 294
109 134 160 162 180 216 234 251 275 299
107 128 147 160 191 212 228 248 279 291
117 140 145 176 190 218 220 252 277 281
115 126 147 161 200 205 221 252 262 284
116 121 159 164 192 216 224 254 263 292
109 128 140 168 183 200 222 251 265 291
105 139 146 178 195 202 232 244 277 280
102 138 147 172 191 209 236 248 273 294
112 120 152 171 197 209 228 258 279 294
102 136 153 177 200 212 223 241 275 284
112 139 148 178 195 200 222 253 270 282
113 140 153 165 190 217 231 258 276 290
114 136 151 160 188 205 231 245 262 294
118 130 148 169 200 213 230 254 278 294
117 130 147 168 183 216 234 242 275 290
100 121 146 180 193 213 236 241 266 296
118 125 146 170 184 218 234 245 279 290
110 132 148 176 195 203 234 252 265 299
112 131 141 170 190 218 222 244 277 294
102 127 146 175 187 209 229 245 276 292
103 131 142 177 194 220 240 257 263 297
120 123 140 161 195 217 222 255 268 286
118 139 143 167 184 218 228 245 272 293
116 137 155 167 200 220 225 255 273 283
118 121 152 169 188 209 227 244 263 298
107 139 156 179 200 213 235 257 261 290
115 134 144 176 186 200 225 254 272 289
106 126 159 174 197 211 230 245 279 282
104 127 150 164 182 202 230 248 268 297
100 128 150 160 192 213 223 243 263 280
115 138 155 166 190 212 224 240 264 298
120 126 160 171 197 200 227 247 279 291
110 131 142 177 200 217 228 245 278 298
113 136 153 168 192 200 237 241 272 287
112 134 144 176 182 203 221 245 267 294
117 134 144 172 180 218 225 240 277 280
118 122 144 178 186 206 233 258 268 288
100 129 151 176 188 205 240 255 261 299
100 127 155 178 195 214 229 243 278 296
105 128 158 176 200 201 235 255 260 289
104 138 143 179 181 209 223 250 264 281
104 131 152 170 180 212 237 257 263 294
114 134 157 163 185 202 230 240 278 291
110 137 147 164 193 202 236 255 279 288
118 132 153 179 199 218 236 260 272 291
117 136 157 177 185 210 238 243 273 298
102 139 160 160 180 202 239 256 270 284
108 123 145 179 195 201 231 245 280 293
106 140 157 163 193 200 233 248 279 293
114 129 156 165 197 205 231 253 274 297
101 129 140 173 190 203 220 260 274 297
105 136 141 162 185 213 230 257 263 289
116 130 156 160 182 215 220 260 265 286
113 121 140 161 198 213 220 241 266 283
118 132 150 162 200 204 236 259 269 290
115 133 157 165 195 220 240 258 275 295
111 139 140 175 189 201 239 251 278 284
120 122 158 166 182 212 229 253 263 288
118 124 152 176 188 210 238 244 274 284
113 131 154 173 197 210 234 253 260 299
114 136 149 164 192 211 230 240 279 284
104 127 142 177 198 211 234 257 269 286
113 134 140 165 183 200 234 250 266 295
118 124 151 167 186 200 228 245 268 295
100 138 159 180 191 204 231 240 279 280
109 136 146 160 197 201 223 250 280 292
115 129 141 163 192 211 230 245 270 288
116 134 152 174 193 210 222 255 262 290
120 133 144 165 197 205 238 241 270 296
109 123 158 163 180 218 223 241 274 299
120 129 148 170 190 202 233 254 273 298
114 130 150 163 183 205 234 253 278 294
108 120 147 172 186 211 237 248 268 295
107 139 153 167 187 211 220 259 263 285
115 135 145 163 180 204 231 256 266 285
111 137 144 178 188 217 220 260 267 285
118 123 145 163 192 208 228 253 270 281
104 134 148 176 187 218 234 248 260 297
111 138 148 165 184 203 236 243 276 289
104 128 155 179 186 207 224 243 262 285
104 139 157 168 186 209 225 252 266 281
103 124 145 173 192 203 223 259 273 287
109 125 160 164 183 208 236 241 278 293
102 127 153 161 189 217 221 240 264 300
103 125 140 161 188 201 229 253 267 292
110 138 140 176 188 207 235 254 279 280
105 138 154 173 188 206 238 247 273 280
100 126 148 166 195 213 227 257 262 288
105 131 150 161 192 212 232 248 263 291
109 136 151 174 195 204 240 258 262 289
100 125 142 170 200 208 239 258 264 284
106 126 154 171 184 208 224 251 265 300
100 127 157 180 192 217 240 260 264 283
107 136 144 175 190 213 229 249 266 298
110 126 158 170 188 201 233 246 268 284
113 134 159 167 187 219 231 255 262 281
106 134 160 163 194 206 230 240 279 296
107 122 140 177 186 218 223 244 273 283
119 128 149 177 200 206 224 252 273 295
114 131 142 177 197 205 235 243 266 294
111 140 150 169 180 202 223 240 263 300
112 128 155 172 187 213 240 257 268 283
103 135 143 169 188 210 236 259 268 285
106 135 151 169 189 203 239 259 278 295
110 133 151 174 180 211 225 248 279 298
103 127 152 173 184 217 223 247 280 280
103 126 159 180 191 203 226 242 275 298
113 127 140 172 192 203 227 250 270 286
118 130 155 160 200 200 227 253 266 282
115 140 159 161 194 210 230 250 269 284
106 127 142 165 182 218 230 256 260 299
111 123 141 162 195 205 237 255 278 296
113 133 158 166 198 215 233 249 274 297
105 132 159 165 192 212 231 260 267 300
117 130 154 174 198 215 233 248 272 297
120 133 144 163 192 220 229 241 277 283
118 123 149 171 200 216 223 251 269 281
110 134 141 162 188 210 220 260 262 287
101 128 145 174 190 204 238 249 263 282
107 122 152 173 200 200 238 255 265 297
109 132 144 169 187 216 220 243 279 296
105 131 144 166 189 204 228 242 279 284
117 120 149 164 189 220 227 253 276 289
114 137 155 177 190 212 231 245 278 282
106 122 147 165 196 212 227 240 270 297
103 135 147 160 189 210 225 255 265 299
111 128 158 175 184 207 239 260 263 286
120 137 143 173 195 210 233 247 264 287
104 132 146 170 197 200 228 241 265 287
106 136 144 173 186 206 228 258 267 300
115 136 153 170 190 209 220 245 270 300
112 132 148 176 180 204 237 257 269 295
119 121 158 173 181 212 226 245 261 296
110 138 152 169 197 205 232 255 280 295
113 133 158 161 191 212 230 248 264 283
108 136 145 163 189 211 233 249 274 284
103 140 159 169 194 220 225 245 277 287
109 128 149 172 181 218 237 257 278 285
119 121 145 161 185 210 223 246 268 289
112 135 156 171 180 211 225 243 263 283
101 127 150 167 180 200 231 252 268 294
104 140 143 160 186 211 240 258 264 289
109 120 146 179 185 216 237 256 261 285
102 136 150 163 198 209 229 260 264 288
114 140 146 176 180 213 232 243 264 280
102 126 149 179 185 210 226 241 264 298
108 121 153 173 182 200 226 260 277 299
119 132 142 171 189 209 233 240 272 292
113 132 144 169 190 208 233 248 261 288
100 134 155 160 180 215 232 248 263 282
106 140 154 165 199 206 221 258 269 293
106 125 159 177 184 209 226 241 274 287
112 124 159 178 196 201 237 256 272 288
115 132 141 177 199 204 224 246 271 289
110 127 153 164 180 220 237 260 280 287
104 138 151 161 182 215 232 254 270 289
112 140 149 179 192 213 232 247 261 290
116 129 151 166 193 209 225 241 270 286
106 120 145 168 187 204 226 242 280 283
116 126 141 180 187 219 229 260 275 281
110 135 147 162 198 218 229 242 266 299
108 120 156 170 198 215 235 260 275 292
107 132 147 165 180 210 223 251 279 286
105 123 159 177 184 206 235 253 265 289
116 133 149 160 192 212 220 251 265 291
119 136 152 167 180 218 232 258 275 296
104 139 159 179 184 216 225 241 271 299
110 123 150 178 191 210 224 245 272 287
113 120 148 180 184 212 234 240 267 292
115 121 145 171 199 205 228 250 264 293
113 138 146 162 198 214 225 260 278 280
114 139 148 168 197 210 223 247 270 286
103 129 156 180 192 203 230 250 267 300
118 130 140 179 196 217 238 251 264 284
105 131 160 178 194 217 223 240 273 294
119 136 154 172 193 219 235 243 260 288
100 133 160 176 196 218 234 255 267 294
114 137 160 173 199 206 221 259 268 289
106 122 150 168 198 209 224 260 280 283
104 123 160 168 182 204 220 255 279 299
105 129 142 170 195 217 231 243 264 298
102 126 140 179 190 208 237 247 275 292
103 135 155 161 187 209 235 245 275 285
100 124 144 164 187 203 238 247 272 297
118 137 144 161 182 218 235 243 280 300
120 132 160 177 180 203 233 260 276 291
113 133 157 176 187 219 223 243 261 296
111 129 142 177 194 205 232 256 278 298
112 132 160 176 193 215 224 243 278 281
111 140 158 179 189 213 240 254 264 287
106 131 151 177 186 204 221 255 278 289
119 129 158 171 189 214 221 250 277 281
101 134 151 176 190 216 240 240 280 286
114 123 147 173 184 215 240 241 266 282
120 125 150 164 182 210 228 245 261 280
119 121 146 175 187 211 224 260 277 299
110 140 149 178 181 216 237 246 264 296
105 137 156 165 190 216 226 254 278 292
117 127 150 178 200 208 226 259 275 300
104 129 143 160 187 205 220 248 268 284
115 125 146 176 183 210 227 251 271 293
104 130 146 172 196 207 233 249 265 290
105 133 147 179 191 207 236 259 263 284
116 121 151 177 188 205 235 254 260 283
103 125 149 169 200 218 226 259 271 285
119 136 148 164 189 214 236 246 275 280
109 123 160 164 190 204 221 244 280 282
113 120 156 168 180 206 220 254 263 280
114 133 157 162 185 201 233 257 266 292
116 132 148 178 196 219 225 252 266 290
115 132 150 172 189 219 238 252 260 284
111 125 147 164 188 205 240 248 278 282
106 137 141 166 186 200 231 249 265 284
114 120 155 171 180 204 238 260 265 289
115 129 154 178 186 215 237 252 275 297
120 121 155 169 199 205 225 249 268 296
109 139 145 172 180 214 233 240 265 295
120 131 155 160 182 211 229 251 278 286
103 122 159 173 181 219 235 247 272 285
120 132 141 165 180 216 233 242 278 283
120 135 158 162 190 206 222 242 260 293
104 127 147 161 182 215 222 256 264 284
116 123 146 172 194 200 234 259 260 298
107 128 150 164 192 218 239 251 272 284
118 134 157 177 182 210 221 254 279 293
112 120 146 162 199 214 229 246 280 291
117 130 157 169 183 219 240 243 267 291
108 130 157 162 195 209 236 260 270 283
106 133 152 162 192 205 228 255 271 285
101 127 148 170 183 220 222 242 273 292
112 120 158 179 185 214 238 254 271 282
114 132 155 171 198 200 230 241 280 298
115 128 146 161 185 214 232 256 266 286
108 139 160 170 182 216 240 255 271 298
101 129 142 172 190 200 226 251 279 292
106 120 143 171 186 219 228 253 280 283
110 123 146 171 192 215 236 257 261 289
119 138 159 166 186 218 221 255 265 289
119 132 148 161 190 214 235 257 278 294
106 139 142 171 193 216 236 248 260 299
108 131 159 168 192 202 226 249 265 290
112 135 160 167 200 206 230 252 279 282
101 132 140 161 183 213 224 251 273 291
101 132 159 162 191 201 239 245 267 295
105 132 156 172 187 217 221 240 263 285
105 130 145 170 200 210 232 252 265 292
103 128 159 166 193 204 229 254 260 288
115 123 157 162 180 201 232 254 270 283
105 131 146 165 197 202 228 244 278 280
102 137 155 178 197 209 236 256 272 288
120 134 149 178 183 210 224 249 270 283
103 123 160 172 182 217 226 251 275 298
118 136 147 179 198 205 223 241 262 294
116 124 145 165 193 215 240 241 267 284
116 123 152 176 191 208 240 254 270 290
110 132 147 168 195 219 226 248 270 300
113 139 141 169 200 214 240 248 265 293
110 138 150 160 197 202 222 253 261 283
117 134 140 179 199 203 220 242 272 284
118 127 141 179 187 208 226 251 264 283
120 129 150 171 199 219 227 260 261 281
108 139 159 165 200 214 231 253 271 299
117 133 142 165 183 210 225 251 266 281
110 125 157 170 182 218 223 253 279 297
111 132 143 180 183 215 226 243 272 295
114 137 148 173 196 209 226 258 262 299
105 131 157 164 182 207 230 257 273 285
104 134 144 166 184 217 233 245 262 293
106 130 159 179 194 219 235 255 268 299
112 140 155 174 183 208 229 250 279 289
102 138 140 164 180 215 227 257 279 294
109 137 150 164 191 207 228 250 269 296
101 132 156 168 186 216 238 256 273 284
117 127 142 165 192 203 238 254 278 291
115 135 140 180 192 202 221 240 276 296
101 132 151 167 193 206 224 256 266 297
120 129 155 174 182 213 220 253 271 292
120 123 157 160 192 206 222 247 280 282
104 139 142 161 193 206 231 243 279 295
105 134 158 162 193 217 224 243 280 290
100 123 156 179 184 201 237 259 280 287
107 120 156 173 198 201 222 257 279 282
100 136 149 180 181 206 230 244 262 286
113 126 156 174 191 206 237 256 266 280
119 129 145 180 197 200 228 255 264 297
118 132 150 175 182 202 223 259 269 282
120 121 160 178 194 206 239 259 277 288
109 125 155 160 186 220 239 260 262 288
119 135 149 177 191 204 232 258 275 281
118 127 142 179 194 219 233 259 280 294
107 136 156 171 199 220 239 254 280 297
100 124 141 172 186 216 232 250 274 290
104 121 142 174 199 204 236 243 261 281
117 127 143 179 199 207 223 252 279 292
119 135 142 169 180 203 220 245 275 283
101 122 140 178 191 200 233 242 278 298
112 131 154 175 185 208 239 257 268 298
107 130 140 180 192 206 228 240 279 291
107 135 157 166 182 219 220 250 262 296
100 136 145 160 181 203 240 256 272 299
100 134 154 170 192 219 224 245 261 292
108 137 146 176 183 209 225 254 276 297
106 136 147 174 194 207 229 256 271 289
107 125 142 165 194 208 237 260 279 282
117 134 142 167 198 206 232 247 278 285
105 139 142 168 186 215 235 243 269 298
107 136 147 169 187 200 226 252 269 295
114 122 149 163 189 215 220 248 264 299
117 140 155 175 184 209 230 251 269 291
115 124 157 173 183 216 240 254 275 297
107 126 146 165 197 213 223 260 263 286
105 125 154 178 194 217 223 257 271 293
105 136 158 170 185 201 232 252 261 297
100 140 150 161 196 202 224 240 273 298
101 123 157 174 199 209 230 256 270 298
102 135 159 176 197 217 226 251 267 285
106 120 147 170 184 203 229 259 265 294
111 132 141 162 184 203 227 252 275 284
114 137 158 163 180 201 238 245 269 288
120 138 149 167 198 212 221 251 280 298
108 127 155 163 191 210 220 251 271 280
114 127 149 167 188 210 237 254 272 290
116 122 145 163 199 214 228 245 276 287
112 140 147 165 194 209 225 246 266 297
109 131 145 180 182 209 233 255 269 283
110 121 148 170 191 219 231 253 280 281
101 123 157 170 192 211 222 254 270 284
105 132 156 170 188 202 226 241 279 297
103 135 148 177 191 208 232 254 276 290
108 131 142 163 186 202 239 253 269 286
115 134 153 176 192 202 230 251 276 280
104 122 160 177 198 220 235 241 270 297
106 130 147 172 180 219 229 259 274 286
107 129 150 167 187 220 240 257 260 291
111 129 153 171 181 210 234 240 280 280
110 121 147 164 193 204 235 248 271 284
114 140 156 176 184 217 227 254 261 281
115 127 145 176 192 219 229 248 274 294
105 137 143 164 198 200 225 252 267 286
110 135 142 167 191 215 240 252 272 288
116 135 143 173 192 212 226 240 271 287
106 139 148 172 193 204 222 248 276 285
100 139 153 163 194 205 230 244 268 299
113 132 159 162 180 220 239 245 270 295
107 136 160 174 180 209 231 253 276 297
118 134 144 168 195 204 234 256 278 281
106 131 150 162 181 220 235 251 266 289
112 133 149 162 199 203 221 260 261 287
109 126 142 170 200 208 234 248 269 283
102 139 152 162 182 207 220 256 261 285
106 131 153 172 197 207 240 253 276 286
119 121 149 163 181 209 237 252 267 280
116 122 143 169 200 202 225 249 264 282
112 121 145 174 183 220 228 258 274 292
116 124 150 173 189 206 222 255 268 298
111 120 147 175 200 220 228 257 270 282
101 140 152 177 197 217 226 244 267 296
101 137 160 180 181 205 235 240 273 293
100 129 149 171 185 216 226 252 271 297
106 121 145 179 191 202 227 260 272 291
120 129 145 180 194 205 239 255 266 295
115 131 147 175 198 213 231 258 265 295
108 123 157 166 200 214 226 243 269 299
118 127 159 171 187 201 236 244 272 295
110 125 160 160 195 205 226 243 280 287
109 130 151 180 182 201 240 247 262 294
110 128 154 161 188 219 225 256 269 296
110 124 144 171 196 204 220 242 279 297
105 133 151 165 198 210 231 244 275 296
110 139 153 170 192 203 234 255 280 283
113 137 156 162 186 215 234 245 263 291
114 132 157 170 198 217 237 255 262 292
107 135 145 174 199 201 229 248 269 300
120 133 151 162 181 201 231 259 268 286
113 123 149 165 187 218 229 249 278 290
110 133 158 170 183 210 239 257 262 286
107 123 146 168 180 206 220 244 276 285
120 134 147 165 186 202 220 254 269 282
114 136 159 180 194 216 222 256 268 292
111 127 154 176 183 216 228 256 279 280
111 131 152 173 189 216 223 254 276 283
119 122 152 160 190 218 236 248 272 295
100 137 140 173 185 216 240 257 270 283
108 140 140 172 195 215 231 242 263 295
108 126 147 179 190 203 240 243 269 297
106 130 144 163 198 220 220 251 261 286
100 132 151 178 196 205 238 247 270 294
104 126 156 180 197 205 239 255 264 293
119 126 151 172 195 218 230 243 267 286
105 136 151 164 184 207 229 245 276 299
101 138 142 165 185 218 226 254 273 288
103 128 154 164 198 219 238 243 276 296
105 122 145 161 180 204 237 246 276 299
103 136 151 160 194 205 221 259 272 292
108 130 144 179 195 217 223 246 268 299
106 124 145 166 198 205 224 257 264 298
113 136 156 163 182 200 220 241 264 281
110 138 149 171 186 208 233 243 280 289
102 122 152 165 191 200 233 248 260 282
114 140 143 168 198 218 221 255 271 280
107 129 141 178 196 216 236 259 266 292
103 138 142 172 182 206 221 248 271 294
112 134 156 176 197 219 229 246 272 282
111 126 144 174 187 214 232 240 268 288
120 122 141 166 191 205 238 241 263 284
113 124 151 166 183 212 230 243 269 284
114 132 142 164 188 220 233 244 280 295
105 125 155 164 185 213 235 259 266 293
102 131 156 162 200 216 229 259 262 299
116 121 157 178 197 205 234 259 263 291
109 130 141 180 194 201 234 260 269 283
109 131 141 166 192 203 237 259 262 300
100 129 157 165 186 202 239 249 270 287
104 128 160 172 190 213 223 249 271 300
112 120 142 174 194 218 235 243 275 289
103 138 154 167 190 216 232 247 276 297
114 136 160 161 198 219 227 246 262 299
100 131 151 176 183 218 230 260 268 282
119 129 147 175 193 220 227 252 268 288
108 132 146 176 195 218 224 248 279 288
111 128 144 180 181 208 221 244 263 292
120 128 145 167 193 209 231 247 278 284
110 126 155 163 200 201 239 248 280 297
112 137 149 164 199 202 227 251 262 284
103 140 148 166 186 205 228 255 262 287
117 126 143 160 195 212 222 260 280 280
111 126 160 173 180 201 222 242 280 291
106 126 156 174 187 201 236 258 273 291
103 139 159 167 195 200 224 259 276 280
113 134 142 172 194 215 233 247 272 289
113 123 146 165 185 201 225 257 274 297
107 121 144 174 193 217 230 250 262 298
117 139 156 163 199 206 232 249 279 282
101 125 147 177 187 205 231 240 263 289
113 126 145 170 182 216 226 242 264 285
102 125 145 162 187 206 239 260 261 296
104 140 152 165 193 213 232 240 268 295
115 131 143 164 185 200 238 256 273 281
116 132 158 174 196 219 233 256 261 295
114 135 142 180 190 213 240 241 261 288
103 136 151 163 186 206 221 260 260 288
112 126 146 162 182 202 223 259 280 282
110 121 141 171 187 217 227 259 278 295
105 128 140 168 197 211 229 249 280 284
118 139 146 175 191 217 240 250 277 290
111 128 140 167 194 218 226 240 260 291
120 123 157 160 183 200 233 251 279 294
114 121 140 174 182 214 237 246 274 287
118 133 148 175 196 210 234 245 267 297
106 130 155 172 181 201 227 253 264 288
109 121 156 161 199 216 232 256 261 290
108 131 155 179 184 215 239 249 269 287
106 127 147 164 187 218 237 254 269 280
101 135 143 167 197 201 239 253 260 296
113 126 145 164 195 200 220 241 278 281
103 123 140 176 180 208 225 240 260 286
109 128 157 174 191 210 239 241 268 289
100 140 160 175 196 201 238 257 260 288
102 137 150 174 191 211 235 243 272 298
107 137 156 179 194 213 240 240 277 287
115 137 152 179 198 215 237 244 276 300
113 122 160 160 195 201 224 257 272 295
102 134 145 161 191 203 230 258 276 291
107 125 155 164 197 218 240 251 264 300
119 129 151 168 190 203 234 241 275 293
112 122 158 160 194 217 234 247 271 282
118 126 142 171 192 220 221 243 262 297
111 137 146 174 196 201 220 260 274 291
118 123 147 162 192 217 231 248 274 284
117 120 156 174 200 204 235 242 279 290
114 132 154 179 187 209 238 258 270 284
107 132 157 166 194 211 224 245 260 299
114 120 145 163 187 207 234 253 275 299
106 131 146 174 183 200 236 249 279 293
113 123 152 178 182 219 225 255 260 290
107 129 159 179 197 211 222 242 272 280
120 123 158 171 196 212 224 253 278 297
110 140 140 178 190 205 237 240 279 292
115 125 150 173 180 207 229 248 263 295
117 121 159 166 184 207 227 246 275 291
107 131 155 172 192 213 235 244 274 287
119 131 149 175 190 217 229 257 273 300
119 122 141 174 182 202 226 243 265 300
118 140 159 168 181 218 228 244 275 300
110 136 143 168 195 203 224 252 279 284
118 136 153 166 188 204 226 255 278 292
113 121 160 173 190 204 230 251 262 285
117 137 160 180 186 217 230 242 260 281
110 127 150 173 199 212 221 256 269 283
120 140 140 173 195 219 231 246 265 299
104 122 143 163 196 211 231 244 275 298
112 125 144 180 200 217 224 257 267 296
113 120 147 169 180 203 240 258 261 287
110 122 156 173 200 216 234 252 274 295
105 140 154 175 189 213 237 247 271 297
119 126 155 171 198 212 224 256 264 291
116 129 149 178 182 212 222 244 262 282
117 131 140 166 181 206 236 258 261 283
112 126 146 170 182 220 238 242 266 298
114 122 156 176 187 213 234 246 279 296
106 128 157 180 188 202 231 243 273 281
113 128 159 161 192 206 224 247 279 285
112 121 158 180 198 215 238 240 267 297
118 135 142 167 200 211 224 260 270 293
106 121 152 164 185 204 234 258 275 288
108 124 143 162 188 201 233 249 275 284
108 126 147 171 183 206 229 251 272 283
105 139 158 167 195 215 237 244 277 288
116 129 153 176 199 211 238 250 278 300
117 124 153 160 180 210 227 254 260 284
115 125 157 165 184 208 238 241 268 289
104 124 142 168 194 201 231 259 276 297
107 124 153 179 190 216 232 248 275 288
107 130 160 168 185 219 234 257 279 300
100 120 148 163 187 205 236 251 261 298
113 124 149 168 193 201 232 242 267 290
110 139 146 161 189 219 231 243 266 292
112 138 153 168 180 216 234 260 264 296
104 120 147 178 181 210 232 253 270 299
109 126 153 176 200 218 233 258 265 286
106 126 156 165 198 214 236 257 265 293
120 129 159 161 196 218 223 240 278 288
116 125 155 174 200 216 239 251 274 280
118 127 149 167 188 202 222 243 279 283
120 130 141 170 186 210 222 252 273 294
112 129 158 160 200 217 225 242 272 296
116 134 158 163 197 216 233 246 274 291
105 122 146 172 187 219 223 257 260 296
110 121 151 173 191 218 240 244 260 289
120 123 148 178 197 214 235 240 266 285
118 133 143 176 191 206 220 257 263 299
104 127 142 166 192 201 237 252 267 286
118 124 143 170 180 213 231 249 266 283
115 130 152 173 186 205 231 244 275 280
119 129 154 163 191 212 238 246 273 291
107 138 147 160 190 202 240 241 267 288
105 127 156 179 192 211 220 252 264 293
104 137 155 161 199 208 220 243 270 286
110 137 140 165 191 210 222 254 265 289
116 131 140 169 183 216 223 257 272 281
117 130 159 172 188 208 239 252 263 287
117 139 152 174 180 202 240 250 279 300
113 138 150 163 185 208 236 256 272 295
120 140 147 174 195 214 221 240 278 284
116 129 144 172 192 218 234 256 264 294
114 136 148 177 188 208 222 255 265 291
103 120 153 175 196 201 231 260 272 289
105 133 156 165 189 214 239 250 265 295
107 125 159 162 198 201 231 250 277 280
120 123 158 173 183 212 238 245 269 280
108 137 141 164 180 210 231 244 262 295
118 127 155 163 182 200 230 246 271 282
109 128 145 180 190 220 229 256 261 287
115 139 152 176 185 210 239 242 264 292
112 137 141 160 188 215 240 241 263 286
108 132 148 163 180 220 238 258 262 284
105 124 148 170 194 212 240 258 268 285
120 124 147 174 183 200 236 254 263 292
109 127 158 180 184 212 220 255 267 295
110 139 143 170 180 218 233 250 263 283
109 135 141 165 193 211 240 240 260 291
117 139 154 167 185 210 233 248 260 285
103 120 146 172 200 203 238 244 271 280
116 135 152 172 181 220 232 244 270 281
116 122 143 175 181 219 239 251 265 298
111 131 144 172 184 203 240 256 260 294
102 121 142 167 183 201 223 250 276 294
107 129 143 164 188 214 220 251 263 286
115 121 159 175 192 214 225 259 263 295
111 138 141 172 189 207 229 243 278 294
119 127 142 179 180 204 235 255 276 286
119 133 153 176 196 217 228 258 271 297
100 136 160 171 198 207 239 248 269 299
108 132 148 178 196 214 224 259 277 297
108 125 141 174 181 200 225 259 274 288
116 130 148 168 199 219 220 244 264 291
100 135 145 160 190 212 220 249 280 292
117 128 145 179 187 205 240 248 269 281
119 121 153 169 182 215 234 260 272 281
113 137 146 160 184 211 221 256 272 299
108 125 146 166 189 220 233 242 277 294
113 135 157 165 190 214 224 241 266 297
113 121 156 160 196 208 233 248 266 291
113 130 143 172 189 220 221 253 261 299
120 128 143 170 187 207 220 241 261 294
105 130 149 166 188 204 220 248 273 286
110 126 140 178 189 216 220 244 279 300
120 134 155 177 191 211 240 240 276 285
115 136 140 160 192 209 239 248 261 297
108 130 147 175 200 220 231 243 264 282
105 129 146 177 199 203 237 247 275 293
115 136 149 165 182 209 240 245 264 293
101 128 160 161 180 214 236 246 263 297
116 128 141 179 183 215 235 244 263 287
116 129 143 169 186 203 226 254 267 281
116 127 153 163 180 208 230 254 267 286
114 125 159 168 196 206 225 249 272 297
108 139 143 171 200 218 237 240 269 286
103 129 152 173 184 200 229 260 260 290
107 135 156 162 194 206 232 253 267 290
116 132 158 172 181 211 232 260 273 299
114 132 156 169 181 208 235 260 278 291
106 133 141 176 187 214 223 252 265 289
111 127 144 173 190 203 224 240 263 288
102 122 149 161 188 220 227 247 276 292
108 125 141 174 180 200 223 247 266 297
112 134 140 165 196 216 240 244 274 284
107 122 150 175 193 210 222 248 262 295
113 137 153 166 193 218 229 241 270 294
100 131 157 161 194 203 231 241 262 288
109 125 143 180 189 212 230 243 261 293
115 139 150 178 199 220 233 246 274 290
113 140 145 171 187 203 230 249 264 288
115 120 160 164 184 211 221 259 274 299
115 127 154 161 189 207 226 244 264 284
119 132 156 167 188 219 233 256 267 300
114 129 146 167 189 217 232 256 269 292
101 131 151 177 186 204 222 248 273 284
101 123 143 173 190 213 220 250 275 284
104 132 157 172 191 204 223 249 275 293
117 140 144 175 182 212 223 257 277 282
103 120 151 168 193 211 220 241 266 282
109 136 148 176 188 214 234 248 260 286
119 125 151 175 196 215 230 257 279 299
115 120 149 179 186 201 228 243 262 285
110 138 148 161 189 206 234 255 273 297
103 130 150 162 200 201 231 260 277 294
102 120 144 177 196 208 221 240 273 292
106 124 154 170 188 215 229 246 264 283
111 132 152 164 192 208 236 257 261 291
110 138 142 164 193 208 232 247 264 296
120 138 157 172 183 201 235 241 265 282
114 123 141 172 193 204 231 258 265 296
112 127 153 163 196 213 236 243 267 281
114 123 151 178 180 202 224 249 275 300
109 137 154 167 187 210 238 242 262 294
106 131 148 166 196 209 234 240 263 295
107 134 160 176 198 202 220 253 279 281
101 132 155 169 187 215 221 245 279 284
108 134 144 173 194 208 237 258 269 299
115 132 143 172 197 216 224 253 271 287
114 139 150 177 200 205 233 260 261 280
102 138 160 171 200 211 223 256 264 298
100 139 144 167 191 203 227 257 262 291
108 131 158 169 190 206 240 255 269 295
115 136 159 166 192 204 221 249 265 292
114 131 157 163 184 210 232 246 274 295
104 133 154 180 183 211 225 255 274 281
103 128 156 172 190 216 223 245 277 292
107 124 156 169 184 214 230 254 275 297
110 131 149 176 186 201 231 247 263 297
117 123 153 167 198 203 238 255 260 299
100 128 158 165 193 205 232 247 266 299
101 132 158 171 198 207 223 250 271 286
110 131 147 163 181 215 223 257 267 300
102 135 154 174 200 201 230 246 273 285
112 130 146 172 195 201 238 249 273 283
101 121 143 171 185 200 226 241 277 299
109 124 146 170 188 203 235 253 279 296
100 123 158 168 195 212 236 242 263 291
115 120 156 173 193 212 231 259 272 290
102 140 155 178 193 215 230 256 275 289
100 140 148 170 182 213 237 255 262 297
106 121 153 168 184 201 228 251 270 288
102 120 145 161 199 207 223 247 280 286
109 138 154 179 199 206 226 244 263 281
105 137 144 172 180 206 238 240 261 287
101 137 153 167 182 206 230 247 279 282
114 132 155 165 197 210 238 243 278 281
104 138 149 166 198 208 224 241 272 300
113 121 142 160 196 205 234 256 266 284
109 139 152 163 192 220 240 246 270 289
116 137 146 170 181 207 223 245 276 294
102 123 145 162 199 219 234 251 273 286
118 140 142 176 199 204 232 248 276 284
115 126 142 163 197 205 222 258 260 281
104 129 147 180 198 212 221 247 263 287
116 131 151 167 199 201 231 248 262 285
101 138 146 169 192 207 229 257 272 297
105 134 145 168 189 205 238 254 279 299
104 130 152 161 187 208 240 255 260 283
113 138 154 178 191 220 233 240 274 297
102 136 152 160 180 220 221 258 261 281
102 124 157 168 198 214 239 244 276 296
109 138 150 168 200 213 222 257 271 293
118 120 156 169 194 203 233 241 277 292
109 134 157 160 182 216 234 249 268 280
107 128 159 167 188 203 232 251 270 295
117 129 151 161 182 216 228 243 268 292
104 134 140 164 197 200 220 257 267 288
109 136 158 160 182 203 223 241 275 288
120 128 141 178 197 215 227 240 270 292
115 121 149 179 196 200 240 243 262 286
111 128 152 178 200 215 234 256 265 292
109 122 149 178 191 204 231 254 262 293
112 120 155 161 197 219 223 256 264 299
120 134 158 180 195 220 220 248 280 291
113 129 143 170 189 206 227 255 275 287
105 126 140 170 192 210 232 256 274 287
116 131 157 161 193 203 226 248 262 296
112 133 151 164 182 206 232 258 267 291
117 128 160 163 183 208 223 248 278 284
118 123 156 170 195 210 237 248 263 280
105 133 154 170 198 213 231 245 264 286
107 123 152 178 198 202 223 260 280 286
102 135 147 178 195 202 237 243 262 294
112 130 146 173 190 210 233 258 269 290
119 129 145 169 188 212 222 244 279 289
104 127 159 171 180 204 223 259 272 282
115 139 148 175 196 215 232 242 266 283
105 129 152 180 182 218 224 240 270 281
115 122 144 167 188 213 228 249 274 297
104 120 153 177 200 213 233 247 274 299
114 122 152 168 184 211 236 254 265 288
114 128 148 161 187 206 227 247 276 281
109 126 153 177 183 206 233 246 275 287
120 132 148 175 199 205 220 258 268 287
115 126 153 179 190 209 225 244 260 297
113 122 144 177 190 208 223 240 268 293
115 120 143 168 181 219 227 257 280 293
105 125 156 179 183 214 227 259 266 286
108 138 155 170 200 219 227 244 273 300
115 130 140 173 195 218 228 260 270 285
118 124 147 170 184 210 227 258 276 290
101 123 140 163 187 210 222 253 263 286
107 126 149 162 193 217 229 253 265 296
117 120 145 165 191 219 240 256 273 298
118 138 156 176 187 211 238 260 268 290
105 122 141 162 191 200 225 254 272 297
108 129 148 164 182 214 235 251 266 284
101 122 143 177 198 202 223 243 270 290
117 140 157 166 190 220 236 258 277 292
115 134 148 179 194 209 231 243 278 280
107 120 141 176 190 201 235 241 272 289
107 132 142 166 189 210 233 245 266 295
103 130 154 168 198 210 224 252 277 298
106 123 146 177 195 214 240 248 271 299
107 126 142 173 189 216 230 247 265 283
109 121 144 164 192 213 233 245 263 291
118 124 140 174 192 216 235 240 279 289
114 140 142 171 194 213 225 260 280 294
112 135 151 166 195 206 227 245 266 288
111 128 149 173 194 205 233 249 268 295
115 131 141 176 181 216 224 244 278 285
105 121 149 174 184 216 238 243 264 295
115 139 151 171 200 209 237 255 267 298
115 140 155 163 186 201 223 247 270 282
104 137 150 175 186 218 229 242 273 290
111 125 144 166 196 203 236 252 270 294
119 122 148 171 195 205 231 259 262 295
106 134 149 179 200 215 235 256 269 296
119 127 145 165 191 217 225 259 277 300
109 129 145 168 197 209 228 245 271 297
107 120 143 169 191 217 237 259 276 300
113 129 155 165 180 217 235 250 276 293
103 123 153 173 197 202 225 249 260 289
104 137 158 179 194 203 232 251 276 291
105 124 159 171 191 216 226 252 268 282
116 137 151 160 185 202 234 246 270 288
118 139 150 178 185 218 228 240 269 286
119 139 153 172 187 202 228 258 270 295
118 136 142 172 182 210 221 255 268 299
119 128 144 173 189 209 220 248 275 282
107 125 153 161 192 205 239 242 265 288
116 130 149 180 183 219 230 242 265 282
111 128 155 173 184 215 221 257 276 287
119 135 160 178 181 200 232 241 277 295
107 124 148 165 191 220 222 257 277 288
102 138 147 177 195 204 230 250 272 282
118 122 153 168 185 207 220 241 272 291
102 123 158 166 200 200 234 255 278 300
109 133 156 175 195 202 228 259 270 294
115 134 142 180 186 203 227 250 272 283
108 140 153 174 197 216 221 248 263 280
113 124 146 173 188 217 240 248 260 288
100 135 158 172 193 216 236 260 263 297
110 132 142 167 186 205 229 247 267 281
117 133 160 178 181 215 240 250 280 300
113 129 159 162 190 203 230 242 271 284
115 125 146 170 185 209 226 255 261 297
103 131 151 177 185 200 230 252 265 296
100 126 150 170 183 202 236 256 272 283
109 128 157 177 181 215 240 260 264 300
101 121 140 178 187 207 228 253 261 285
105 127 158 169 187 219 225 250 275 290
109 121 158 175 194 214 229 250 280 298
114 120 142 173 189 218 237 244 268 294
112 121 156 169 189 213 236 254 268 281
104 139 145 171 186 206 224 252 277 284
118 122 151 164 198 211 239 241 272 282
112 123 155 173 183 215 224 259 261 280
101 123 150 162 196 217 226 252 272 284
109 136 155 172 185 204 225 242 280 285
102 126 153 167 187 203 229 245 279 288
106 130 159 177 186 220 224 242 270 291
111 120 152 170 189 204 220 250 264 283
117 135 151 161 180 218 224 254 277 286
105 127 144 172 192 220 229 249 266 287
104 123 150 171 195 202 234 256 271 292
4989 5883 6730 7717 9175 10350 11056 12231 12372 13407
3893 4873 4908 6169 6765 7045 8096 8656 9111 10162
3918 4700 4871 5551 6266 6912 7899 8341 9158 9600
1184 1405 1571 1923 2210 2386 2541 2695 2893 3125
2711 3544 3883 4221 4820 5366 5731 6303 6954 7682
1372 1581 2011 2297 2558 2636 2988 3339 3404 3678
3823 5012 5409 6489 6670 7282 8543 8759 9767 10704
4187 4948 5442 6545 6964 7952 9131 9587 10462 11336
1231 1544 1689 1989 2206 2554 2699 3035 3372 3432
2132 2258 2673 2961 3430 3646 4313 4583 4944 5376
2376 2768 3390 4150 4518 4725 5209 5807 5991 6751
4454 5039 6093 6366 7225 7849 8591 9761 10425 11049
3643 4436 5120 6201 7138 7534 8507 9047 9840 10668
3543 4190 4939 6061 6708 6912 7967 8613 9362 9702
1317 1449 1703 1934 2056 2353 2585 2717 3003 3103
4115 5003 5262 6484 7003 7891 8632 8928 10372 10927
5576 6344 7017 8217 9178 9706 10763 12059 12828 13884
2983 3233 3709 4134 4935 5135 5636 6111 6912 7362
4979 6080 6961 7929 8105 9426 9998 11055 12331 13212
1438 1594 1855 2297 2519 2727 2884 3287 3496 3873
2658 3133 3734 4084 4610 5160 5761 6061 6637 7412
2422 2952 3343 4011 4610 4633 5462 5899 6452 6774
2745 2929 3251 3758 4518 5001 5232 5715 6222 6636
1988 2204 2781 2997 3484 3826 4223 4457 4745 5268
1162 1383 1670 1868 2177 2254 2574 2706 2926 3257
5432 5864 7401 8217 9562 10378 10907 11579 12539 14268
4754 5804 5930 6981 8074 8704 9965 10259 11604 12066
1262 1339 1648 1934 2001 2353 2596 2662 2949 3235
5272 6541 6824 7576 8564 9786 10962 11902 12937 13501
1800 2088 2521 2825 3146 3354 3626 3867 4492 4732
1562 1842 1983 2333 2656 2880 3133 3511 3792 3974
3307 4265 4893 5289 6181 6973 7799 8096 9054 9384
4148 5092 6118 6610 7677 8620 9195 9974 11451 11615
4088 4258 5347 5857 6368 7456 7661 8783 8919 9532
5095 5960 7209 8457 9610 9754 11243 11771 13212 13740
2575 2912 3657 4113 4402 4930 5699 6251 6419 7116
3688 4328 4969 5737 5962 6698 7403 8171 8587 9260
5022 5528 6909 7691 8612 9578 10591 11189 12018 13352
5021 6402 6448 7507 8980 9992 10453 11925 12662 13122
2648 2692 3375 3727 4344 4542 5115 5621 5731 6304
2233 2549 3243 3600 4189 4546 4799 5261 5703 6018
1826 2354 2678 3018 3393 3580 4006 4397 4686 5027
4230 5502 5830 7061 8210 8825 9441 10630 10753 11492
5143 6632 7017 8409 9034 10330 10570 12011 12491 14028
3428 4088 4659 5409 5409 6280 7181 7331 7961 8922
4173 4453 5189 6309 6590 7675 7956 8411 9181 10267
2894 3570 4039 4351 4872 5366 6017 6459 6927 7526
4004 4328 5769 6093 7210 7678 8039 9047 9443 10128
4340 5252 5481 6203 7610 8294 8713 9587 10005 10690
3929 4485 5707 6670 6966 8076 8558 9372 9705 10372
3037 3848 4239 4809 5890 6370 6641 7271 8322 8802
4167 5248 5769 7089 7450 8330 9451 9651 10852 11612
2353 3113 3597 4011 4587 4794 5093 5669 6198 6820
4936 5376 6256 7885 8502 9602 10307 10835 11671 12992
1412 1544 1725 2109 2230 2506 2723 2927 3216 3564
3496 4168 4969 5353 6058 6442 7275 7883 8331 9516
5384 6296 7305 7737 8746 10282 10667 11963 12587 13884
5544 6868 7702 8829 9369 10398 11526 12114 13094 14712
2455 3152 3849 4257 4450 5026 5507 6155 6275 6852
3707 5003 5781 6040 7077 7780 8780 9187 9631 11075
4333 5762 6225 7317 8032 9082 10049 10301 10931 12444
2816 3176 3513 4185 4546 5290 5771 5795 6467 6948
1251 1460 1637 1934 2067 2342 2607 2871 2970 3213
2908 3258 3834 4409 4985 5485 5886 6286 6636 7512
1784 1976 2377 2841 3210 3338 3803 4043 4283 4508
3604 3914 4721 5248 6117 6799 6892 7730 8164 9219
1533 1702 2249 2361 2670 2810 3343 3455 3890 4114
1604 1800 1968 2361 2768 2936 3203 3623 3679 4184
4189 5297 6118 6733 7431 8989 9277 10507 11451 11533
3439 4265 4794 5718 6577 7039 7369 8294 9153 9582
4488 5609 5889 6449 7490 8210 9011 10171 10411 11612
5131 6541 6871 7717 8893 9457 10351 11667 13172 13313
4532 5351 5859 6756 7810 7810 8864 9722 10893 11049
2207 2608 3089 3429 3710 4210 4811 5071 5291 6012
2604 3044 3375 3617 4124 4630 5093 5533 6039 6502
4501 5132 6267 7569 8326 9124 9797 10427 11772 11898
2208 2688 2929 3449 3810 4270 4450 4811 5612 5972
2624 2984 3561 4306 4330 5002 5315 6083 6396 7044
1217 1328 1670 1857 2144 2408 2563 2871 3003 3257
5643 6819 7751 7996 9271 10055 11673 12751 13241 13928
4922 5804 6729 7065 7864 8872 9545 10133 11309 12108
1980 2099 2474 3001 3104 3716 3887 4091 4687 5044
2187 2688 2868 3589 3609 4190 4671 5111 5572 5992
3507 4208 5504 5959 6345 7010 8411 8691 9287 9812
2014 2065 2644 2780 3359 3461 3989 4142 4704 4789
2538 2912 3309 3837 4300 4652 5181 5687 5885 6502
1463 1814 1969 2291 2614 2964 3329 3413 3792 4184
5299 6770 6917 8535 9516 10643 11134 12016 13487 14320
1912 1928 2313 2777 2970 3450 3611 4011 4444 4748
1946 2337 2473 3052 3206 3733 3818 4363 4516 4942
4187 5024 5861 6545 6887 8180 8637 9891 10233 11032
3368 3452 4377 4909 5358 5806 6507 6899 7319 8412
3787 4628 5609 5644 6660 7010 8306 8516 9251 10477
2582 2846 3243 3837 4014 4806 4873 5335 5930 6348
1825 2240 2817 3231 3556 3952 4042 4511 5016 5250
4337 4727 6171 6678 7342 8434 9293 9527 10698 11205
2127 2428 2869 3529 3810 4150 4651 5091 5352 5812
2734 3302 4167 4680 5140 5896 6410 6842 7274 7923
1844 2082 2593 2882 3189 3614 4057 4108 4500 4789
4033 4768 5189 5679 7010 7325 8271 8411 9812 10022
3612 4488 5189 6134 6660 7010 7780 9111 9742 10372
1364 1484 1773 1989 2350 2626 2855 2951 3167 3612
4688 5488 6369 7049 7249 8250 8930 9811 10932 11772
5318 5903 6399 7884 8110 9325 10001 10901 12612 13107
3003 3452 3957 4965 5470 6142 6675 6843 7291 7908
4208 4488 5434 5854 6344 7395 7815 9111 9532 10197
3946 4883 5469 6561 7147 8161 8708 9683 10425 10932
1808 2048 2169 2514 2740 3205 3491 3686 4062 4242
3007 3878 4239 4929 5500 6220 7121 7691 8052 8592
1320 1594 1855 2141 2415 2780 2871 3366 3392 3678
4648 5488 6409 6849 8010 8690 9050 9651 10851 11892
3752 4873 5049 6099 6380 7360 8166 8411 9392 10267
1346 1828 1841 2297 2597 2662 2870 3209 3600 3769
2288 2497 2840 3258 3696 3867 4304 4780 5294 5598
2951 3572 4167 4761 5329 5734 6194 6518 7031 7599
5768 6152 6728 8361 8842 10522 10859 11963 12827 13932
5037 5836 6824 7576 8658 9833 10586 11761 12749 13360
2275 2801 3348 3621 4000 4231 4736 5219 5639 6165
1912 2168 2248 2681 2954 3354 3610 4155 4444 4732
4068 4243 5224 6310 6485 7080 8306 8691 9357 9952
5143 6440 7593 8505 8842 9610 11531 12107 12875 14364
4004 4760 5048 6093 7138 7462 8038 9371 9948 10704
3200 3844 4405 4909 5470 6058 6198 6871 7796 8048
4189 4559 5374 6188 6781 7410 8891 9002 10150 10927
4688 5039 6054 6600 7069 8161 8669 9371 10386 11010
4846 5133 5789 6774 7554 8251 9769 10425 11369 12025
4627 5468 6519 7443 8158 8410 9545 10763 11351 12402
4307 5684 6459 7534 8610 8739 9729 10503 11320 12267
1843 2528 2853 3015 3250 3682 4025 4637 4836 5214
4127 4928 6249 7209 7810 8170 9371 9931 10972 11812
3752 4908 5434 6134 6835 7325 8306 8446 9426 10337
4887 5420 6159 6856 7923 8825 9523 10097 10794 11656
3430 4068 4213 4794 5723 6216 6593 7000 8074 8625
3107 4317 4379 5496 6086 6365 7420 8040 8071 8940
4745 5574 7001 7553 8658 9578 10729 11143 12294 13122
3624 4072 4585 5385 6122 6506 7083 8011 8748 9228
2696 3248 3368 4089 4666 4930 5747 5915 6467 7140
4996 5856 6803 6932 8352 8653 9901 11148 11578 12912
2528 2843 3327 3705 4084 4420 5009 5240 5681 6081
3591 4136 5097 5705 6058 6858 7467 8203 8619 9228
3367 4088 4659 5379 5830 6070 7181 7481 8291 8862
4781 5211 6201 7147 7879 9083 9858 10890 11278 12353
4953 5727 6201 7276 8309 8868 10331 10589 12009 12052
4539 5728 6168 7313 8634 9470 10263 11319 11539 12420
4964 5174 6351 6939 8410 9250 9755 10553 11519 12570
2972 3336 3961 4247 5132 5548 5860 6537 7292 7812
5006 5636 6015 6897 8326 8704 9797 10343 10973 12192
4454 4805 6093 6249 7108 8239 8825 9917 10308 11127
4754 6071 7294 7952 8846 10350 10915 11996 12702 13172
3052 4039 4097 4649 5810 6071 6942 7348 8074 8625
2117 2326 3030 3239 3810 4076 4228 4818 5237 5408
4148 4472 5445 5949 6778 7822 8183 9299 9371 10452
5039 5856 6373 7319 8524 9083 9556 10546 11664 12912
5658 6658 7008 8809 9460 10710 11411 12411 13011 14612
3472 4562 4661 5685 6412 7072 7799 8426 8657 9516
1231 1472 1713 1977 2410 2434 2651 2939 3132 3540
1007 1248 1479 1619 1940 2110 2381 2531 2611 2952
4936 5772 6785 7841 8194 9074 10131 11319 11715 12772
4781 5426 6889 7018 8094 9384 10159 10331 11406 12611
4454 5062 5937 6507 7078 7648 8941 9625 10043 10842
2348 2588 3149 3609 3950 4310 4470 5111 5491 5772
2835 3396 4237 4881 5358 5806 6255 7095 7572 8216
4552 5993 7029 8019 8109 9145 10631 11396 12432 13467
3770 4067 5025 5619 6181 6841 7733 8393 9087 9318
3784 4168 5033 5705 6250 6538 7659 8107 8555 8972
3679 4472 5193 6418 6526 7750 8327 8867 9371 10236
2951 3410 3870 4626 5032 5869 6005 6788 7194 7923
5839 6819 7113 7849 9418 10594 11526 12702 13437 13977
3052 3604 4417 4678 5752 6245 6391 6971 7929 8335
4728 5128 6049 6969 7770 8730 9010 9851 11091 11892
3314 4010 4533 4823 5491 5868 6826 7493 7986 8422
3929 4855 5485 6484 7040 7484 8780 9520 9779 11001
3816 4088 5449 6027 6436 7184 7627 8409 9089 9702
4922 5552 5973 6981 7738 8578 9461 10259 11394 12066
1477 1842 2221 2473 2768 2894 3301 3441 3890 4058
1522 2093 2109 2680 2755 3070 3386 3641 4167 4317
4148 5502 6405 7266 8046 8374 9277 10507 11122 11738
5006 5384 6729 7107 8116 8536 9545 10469 11141 12318
2399 2998 3413 3804 4541 5001 5531 5692 6429 6475
4291 5720 5973 6813 8032 8536 9671 10175 11100 11982
1243 1448 1833 2073 2290 2614 2795 2999 3191 3552
2269 2630 2744 3087 3734 4095 4514 4704 5179 5674
4568 5252 5480 6355 7001 8028 8827 9777 10271 11374
2067 2688 3069 3529 3790 4350 4711 4951 5452 5672
1793 2033 2379 2544 2905 3100 3476 3641 3956 4272
2361 3022 3309 3529 4124 4784 5225 5423 5951 6524
1877 2184 2712 2916 3104 3597 3767 4431 4687 4959
4627 5508 6653 7225 8194 9074 9691 11407 12024 12552
3671 3968 5223 5289 6445 6874 7799 8261 8657 9318
1826 2303 2678 2865 3138 3495 3750 4210 4636 5044
2251 3000 3353 3881 4102 4498 4894 5621 6128 6458
3052 3923 4301 5113 5230 6158 6652 7116 7755 8306
3782 4326 4802 5721 6572 7082 7797 8273 9464 9974
2815 3570 3700 4403 5080 5262 5991 6693 7266 7370
1848 2024 2393 2633 3130 3226 3691 3851 4428 4524
4712 5804 6225 7233 8074 8830 9671 10343 11225 12360
2388 2488 2869 3469 3670 4330 4791 4931 5211 5732
4867 5543 6534 8019 8650 9550 10451 11081 12387 12927
4107 5215 6487 6856 7390 9031 9687 10138 10876 11738
3985 4883 5469 6991 7615 8044 9020 9371 10620 11127
1219 1604 1857 2109 2170 2506 2650 2999 3324 3540
4585 5636 6729 6813 7569 9082 9839 10553 11562 12570
3324 3976 4566 4969 5931 6582 7079 7699 8661 9033
1880 2248 2329 2825 3050 3498 3530 4043 4444 4508
4148 4544 5301 5805 7210 7390 7967 9083 9443 10236
2560 2670 3507 3617 4234 4762 4939 5599 5797 6436
1752 2056 2249 2697 2938 3210 3563 4027 4252 4668
1162 1537 1615 1967 2155 2232 2563 2695 3059 3092
2353 3182 3390 3965 4403 4817 5439 5715 6291 6774
1912 2048 2593 2916 3359 3563 3887 4397 4755 5010
3067 4088 4599 5319 6010 6370 6700 7241 8262 8532
1352 1676 1785 2145 2350 2410 2674 3047 3252 3396
1364 1688 1845 1989 2290 2614 2783 3107 3323 3492
1490 1776 1972 2089 2454 2675 3014 3196 3417 3834
2722 2998 3413 3896 4610 4909 5300 5853 6405 6774
2465 2738 3096 3537 3853 4546 4925 5093 5787 6102
4607 5574 6725 8290 8888 9808 10867 11097 12247 13628
1306 1383 1615 1879 2034 2408 2585 2706 3081 3202
3857 4628 5189 6169 6835 7115 8201 8831 9286 10477
1800 2104 2264 2729 3050 3498 3562 3915 4444 4716
2353 2929 3367 4034 4311 4817 5278 5646 6360 6728
2582 3283 3558 4434 4860 5510 6011 6436 6586 7437
1808 1853 2108 2424 2935 3265 3341 3836 4032 4302
2958 3483 3583 4184 4610 5460 5711 6136 6812 7337
3952 4666 5279 5687 6810 7490 7660 8681 9293 9634
3902 4001 5025 5586 6214 6907 7502 8063 8690 9846
3217 4178 4689 5379 6010 6400 7061 7721 7841 8712
4953 5770 6201 7577 8008 8610 9686 10933 11708 12439
1385 1646 2076 2271 2571 2753 3001 3196 3639 3678
1047 1278 1509 1649 1830 2030 2311 2491 2692 2982
3707 4744 5559 5929 7114 7892 8262 9002 9743 10372
2423 2906 3264 3495 4000 4462 4715 5051 5555 6270
4808 5048 6409 6849 7890 8010 9091 9891 11172 11652
1877 2235 2422 3018 3410 3699 3886 4176 4738 5078
5319 6400 7200 7905 9034 9410 11150 11338 12796 13501
3592 4296 4617 5641 5834 6506 7083 7851 8556 9420
5039 5770 6201 7405 7750 9384 9686 10331 11923 12052
1896 1960 2313 2857 2986 3306 3739 4139 4299 4620
2707 3491 4086 4761 5086 5545 6491 6896 7058 8085
2707 3437 4194 4815 5275 5788 6194 6572 7518 8004
2737 3336 4117 4585 5210 5236 6121 6641 6771 7526
3959 5252 5443 6812 6888 7952 8485 9511 10044 10690
5207 6558 7609 8509 9009 10610 11861 12861 13161 14712
5252 6172 7231 7507 8520 9302 10591 11051 12800 13398
3087 3844 4125 4601 5414 5666 6619 7151 7824 8076
3666 4100 4752 5558 6179 6768 7327 8071 8443 9033
5390 6264 7231 8151 8519 9670 10959 11189 12569 13720
1231 1676 1929 1929 2170 2434 2879 3083 3252 3420
3247 3698 4359 5379 5860 6040 6941 7361 8412 8802
2445 3228 3620 3758 4449 4610 5370 5715 6429 6751
4454 5039 6093 6444 7693 8005 9020 9878 10697 11595
2431 3104 3368 4161 4570 4882 5291 6251 6588 7140
2737 3544 3675 4221 4820 5548 5991 6693 6849 7526
3140 3518 4221 4329 4924 5815 5950 7031 7166 7734
2155 2307 2669 3068 3772 4057 4191 4590 5066 5389
2486 2780 3159 3411 4210 4294 4967 5450 5660 6102
2997 3466 4091 4299 5080 5730 6251 6719 7161 7682
4337 5429 5468 6834 7381 7849 9332 9800 10854 11088
4328 4400 5697 5985 6562 7642 8255 9119 9479 10380
4846 5092 6241 7225 7718 8620 9769 10015 11246 11656
4641 5379 6323 7102 8087 8620 9605 10384 10671 12271
2972 3544 3883 4273 5002 5496 5991 6251 7266 7396
4063 4961 5546 6912 7732 8239 9137 10034 10502 11166
1929 2286 2389 2814 3121 3410 3989 4261 4534 5027
1306 1372 1670 1846 2056 2210 2519 2706 2960 3257
4907 6770 7800 8829 9369 10006 11330 11771 13683 13732
2188 2728 2929 3209 3950 4030 4471 5011 5612 5852
4723 5297 5790 6692 7882 8661 9441 10056 11082 11820
1400 1616 1833 2097 2326 2530 2674 3071 3155 3492
2408 2668 2889 3309 3950 4110 4771 4831 5411 5932
2406 2714 3485 3595 3970 4806 4917 5313 6040 6590
1808 1943 2229 2559 2860 3040 3506 3821 4106 4482
1376 1568 1809 1965 2206 2470 2819 3047 3348 3540
1519 1688 2067 2417 2614 2964 3329 3483 3764 4142
5250 6819 7506 8192 9173 10349 10790 12702 12898 13977
3458 4058 4359 4899 5410 6130 6941 7691 7992 8562
4892 6036 6345 7841 8282 9558 9690 11451 11759 12552
2840 2960 3489 3921 4618 5002 5483 6083 6492 6756
3959 5100 5633 6697 7116 8294 8903 9435 9891 11298
5558 6908 7409 8259 9210 10160 11811 12161 13812 14462
1671 2056 2489 2874 2986 3322 3595 3899 4203 4572
3855 5151 5818 6225 6892 7743 8336 9335 9853 10409
3097 3728 4359 5199 5770 6100 6701 7781 8202 8622
5022 5758 7369 7553 8428 9578 10867 11097 12800 13490
3067 3818 4599 4839 5680 6520 6641 7211 7932 9012
4436 5383 6029 6932 8094 8653 9858 10890 11493 12568
4738 5942 6028 7577 8094 8911 10116 10933 12009 12052
2947 3872 4321 4853 5274 5778 6675 6927 7656 7852
3307 4166 4893 5487 6445 7039 7502 8492 8657 9516
1582 1973 2259 2424 2890 3190 3491 3731 3956 4377
4912 6128 6804 7839 8785 9190 10811 11621 11801 13017
2207 2758 3133 3749 4410 4586 5269 5687 5819 6260
1385 1646 2011 2232 2402 2714 2923 3274 3456 3912
3107 3945 4876 5589 5962 6737 7451 8071 8195 8785
1826 2320 2457 2984 3240 3631 3904 4244 4533 5078
1658 1898 2379 2559 2830 3025 3506 3701 4032 4272
2720 3224 3825 4017 4498 5266 5555 6131 6299 6756
2021 2554 3049 3106 3696 3924 4381 4571 5313 5636
2041 2326 2669 3373 3544 4153 4248 4647 5199 5389
5601 6024 7012 8328 9410 9692 10538 11855 12842 13877
2972 3414 3700 4611 5132 5340 6121 6329 6927 7656
3671 4629 4959 5586 5950 6676 7370 7931 8690 9912
3032 3464 4194 4653 5059 5761 6491 6950 7247 7653
3921 5138 5443 6431 7154 7990 8979 9853 10195 10842
4671 5948 6653 7445 8326 8942 10527 11407 12244 12992
3197 3865 4388 5055 5229 6129 6536 7203 8103 8654
4127 5088 6089 6929 7370 8690 8931 9891 11212 11212
2685 3284 4143 4689 4976 5288 5887 6303 7162 7760
2720 3056 3369 4137 4618 4882 5459 6011 6492 6876
4964 5468 6519 6729 8410 8410 9545 10637 11183 11856
2538 3088 3507 3551 4278 4630 5071 5511 5929 6260
4141 4961 5547 6444 7108 8512 8981 9995 10151 11673
4892 5420 6212 7137 8590 9030 10439 11231 12244 13036
4640 5461 6487 6815 8128 8825 9564 10220 11245 12189
5257 6608 7959 8259 9610 10610 11561 13011 13361 15012
2465 2738 3243 3663 4168 4525 4904 5219 5723 6249
2768 3067 3321 3758 4426 5070 5278 5554 6383 6521
1188 1238 1499 1719 2010 2170 2241 2521 2701 2822
2428 2956 3111 3573 4146 4630 4851 5731 5775 6326
1724 2184 2474 2967 3240 3478 4057 4244 4483 4806
1184 1350 1681 1912 2210 2210 2629 2816 2926 3279
1534 1856 2025 2375 2628 3034 3090 3413 3918 4156
3892 4855 5337 6151 7003 7558 8447 8965 10335 10520
2816 2888 3585 3945 4546 5290 5459 6083 6636 6948
5480 6584 7449 8505 9130 10186 11099 11771 13356 13548
2233 2570 3096 3474 4126 4462 4778 5051 5682 6249
2170 2843 3096 3369 3979 4420 4736 5366 5576 6291
3005 3464 4275 4734 4978 5599 6464 7031 7112 7734
1688 1926 2010 2431 2740 2950 3273 3469 3707 4030
5103 6476 7163 8339 9663 9810 11183 11820 12997 14075
2445 3136 3321 3988 4288 4748 5255 5945 6152 6912
5413 6400 7200 7999 8940 9833 10350 11526 12701 14112
2360 2780 3117 3705 3789 4294 4988 5408 5660 6207
2031 2065 2695 2950 3087 3614 3853 4176 4448 5044
5287 6632 7305 8121 9466 9850 11147 12251 13452 14172
2494 2934 3485 3551 4212 4674 5071 5467 5819 6238
3571 4496 4794 5388 6247 6973 7700 8228 9054 9384
4230 5748 6528 6938 7964 9030 9235 10056 11369 11779
5239 6152 7161 8265 8697 10474 11387 12347 13356 13692
2150 2186 2619 2907 3340 3790 4025 4439 4836 5214
1128 1358 1569 1719 1810 2120 2261 2441 2641 2842
2532 3183 3759 4184 4510 5010 5786 6311 6712 7362
2503 3368 3441 3849 4474 5074 5771 6203 6347 6948
2733 3008 3659 4484 4635 5410 5936 6411 6536 7137
4189 5584 6159 6692 8128 8579 9400 10671 10835 11820
1490 1828 1907 2297 2350 2779 3027 3170 3443 3652
2251 2780 3287 3948 4080 4630 4983 5313 5819 6568
4435 4969 6282 7102 7472 8210 9277 10671 11369 12271
1198 1328 1428 1719 1900 2100 2341 2411 2732 2932
4528 5288 5769 6769 7610 8330 9331 9931 10451 11532
3707 4966 5744 5929 6670 7965 8595 9187 9743 10446
2233 2948 3243 3474 4189 4336 4651 5429 5660 6165
4883 5758 7323 8151 8474 9624 10407 11097 12616 13214
5160 5712 7323 8197 9026 9256 10913 11787 12523 13260
2078 2384 2546 3195 3592 3682 4043 4439 4890 5214
1877 2167 2610 2797 3069 3750 4040 4431 4772 4891
1463 1940 2123 2263 2558 3020 3259 3567 3792 4058
3256 4068 4330 5200 5578 6187 6739 7174 7580 8422
4068 4523 5294 5819 6765 7325 7886 8446 9462 10022
2870 3248 3924 4545 5059 5518 6113 6545 7572 7653
3372 3662 4097 5229 5433 6361 6652 7551 7987 8161
1218 1493 1626 1791 2188 2408 2530 2673 2937 3301
2275 2528 3285 3579 4168 4525 4946 5471 5786 6144
4716 5816 6477 7269 7930 9250 9823 11055 12288 12596
2212 2591 3348 3726 3874 4336 4946 5324 5576 6081
2096 2402 2691 2889 3466 3826 3970 4529 4781 5250
2507 2864 3201 3516 3789 4588 4883 5429 5786 6228
4063 5429 6210 6990 7186 8434 8785 9410 10580 11673
1878 2099 2559 3035 3257 3580 3819 4176 4636 4891
2381 2528 3117 3790 3874 4462 4925 5051 5619 6144
1963 2065 2474 2916 3393 3495 3887 4261 4499 4993
2494 3044 3221 3573 4366 4718 4960 5731 6128 6172
4226 5151 5485 6225 7299 7780 8261 9150 10001 10594
2788 3491 4221 4869 5194 5491 6221 6761 7220 8112
5318 5858 6308 8064 8830 9775 10721 11306 11891 12792
2947 3676 4489 4993 5442 6086 6254 6731 7655 8244
1793 2048 2319 2589 2905 3295 3536 3656 3911 4332
1707 2269 2729 3001 3342 3716 3989 4346 4550 5010
3884 4666 5449 5891 6776 7014 7524 8817 9123 9838
2869 3302 4059 4545 5356 5653 6059 7031 7572 7653
1151 1361 1769 1857 2012 2254 2430 2816 3081 3301
4312 5297 5831 6979 8005 8907 9482 9974 10835 12230
1231 1520 1688 2157 2290 2506 2855 2975 3312 3516
3715 4868 5589 5805 6742 7534 8471 8831 9912 10272
2807 3480 4041 4601 5246 5694 6675 6927 7628 8328
5554 6447 6776 7576 8563 10256 11056 11432 13172 14112
5528 6080 7369 8151 8289 9348 10729 11971 12707 13398
1364 1604 1893 2121 2254 2638 2686 2927 3143 3564
2782 3233 3558 4434 4860 5135 5811 6411 6962 7462
2248 2648 3209 3529 3870 4310 4490 4871 5572 5632
4780 6028 6803 7706 8137 9169 10331 10933 11363 12353
3505 4331 4992 5850 6148 6742 7303 8426 9186 9549
3578 3878 4749 5139 5680 6430 6640 7511 8322 8442
2330 3090 3482 4057 4380 4978 5531 5531 6452 6590
4226 4559 5448 6410 6818 7965 8891 8928 9854 10446
1448 1508 1809 1977 2194 2530 2747 2951 3144 3372
2269 2307 2783 3334 3563 4019 4266 4951 5275 5693
1767 2248 2393 2857 2905 3466 3803 3947 4235 4748
2527 3296 3753 3969 4570 5194 5434 6107 6684 7020
3518 3818 4509 5349 6010 6250 6790 7781 8261 9012
1464 1814 2011 2249 2628 2880 3091 3483 3764 3988
1618 1758 2053 2473 2572 2950 3189 3525 3806 4114
4999 6248 7017 8265 9418 9946 11195 11963 12731 13932
1792 2269 2508 3052 3257 3529 4023 4414 4482 4840
1284 1339 1670 1956 2078 2265 2596 2805 2871 3125
3406 4133 4926 5586 6610 7204 7469 8558 8955 9417
2626 3000 3265 3617 4168 4718 5203 5423 6062 6172
4477 5051 6569 6733 7800 8374 9072 10015 11492 11574
3624 3848 5001 5385 5770 6602 7051 8139 8428 8972
2972 3466 4091 4221 4820 5236 6069 6693 6927 7604
5808 6608 7409 8909 9810 10960 11260 12611 13311 14512
4263 4892 5559 6373 7003 8113 8817 9335 9631 10520
5558 6258 7359 8209 9410 10260 12011 12411 13912 14112
3082 3981 4098 4823 5404 5810 6710 7232 7697 8248
4112 4328 5589 6165 6490 7354 8579 9371 9551 10416
4378 4910 5861 6773 7077 8180 9017 9587 10461 11298
2168 2186 2799 3051 3592 3700 4061 4493 4835 5340
4259 5429 5664 6717 7030 8356 9098 9371 10346 11517
1208 1318 1559 1609 1830 2120 2301 2521 2792 2872
2273 2692 3507 3815 3992 4828 5181 5445 5996 6282
5408 5948 6353 7434 8110 9730 10496 10901 12522 12747
4088 4598 5381 5517 6470 7014 7559 8239 8851 9974
2815 3437 3978 4356 4924 5816 6005 6923 7140 7680
2212 2345 2783 3277 3696 3810 4457 4932 4951 5674
1184 1416 1659 1813 2122 2408 2640 2772 3004 3136
1660 1884 2207 2487 2557 2950 3104 3567 3918 4114
1464 1568 1907 2115 2597 2792 2988 3209 3652 3795
5624 6248 7545 8121 8793 10522 11531 11675 12827 13980
4867 5858 7074 7299 8785 9415 10631 11711 12161 12747
3399 4264 4873 5193 6154 6570 7307 8171 8684 9132
1724 2167 2525 2899 3121 3751 3785 4125 4653 4976
1128 1208 1589 1799 1860 2150 2391 2551 2721 2832
4682 5420 6364 7020 8128 8210 9441 9892 11492 12230
1388 1544 1761 1941 2230 2578 2795 3083 3203 3444
4003 5151 5929 6299 6743 8002 8891 9446 10038 11038
2633 3362 3701 4481 4950 5210 5887 6537 7266 7604
4989 5648 6730 8046 8752 10303 10727 11902 13172 13313
1768 1976 2345 2745 3082 3450 3787 4123 4187 4636
2983 3458 3984 4159 4660 5460 5535 6386 6636 7237
4411 4892 5485 5966 7040 7928 8706 9520 10298 10890
2869 3761 3842 4626 5221 5842 6383 6707 7031 8085
4651 5641 6846 7233 8266 8696 9729 10718 11406 12482
3480 4193 4969 5186 6210 6396 7141 7823 8661 8754
2229 2912 3089 3551 4036 4696 4939 5533 6018 6414
2330 3044 3666 3735 4403 4633 5508 5646 6152 6797
2317 2912 3441 3793 4124 4784 4873 5291 5797 6282
3787 4688 5229 6129 7210 7570 8363 9083 9551 10524
1449 1800 2235 2333 2712 2866 3217 3567 3651 4044
5758 6158 7859 8109 9010 10060 11611 12711 13512 14162
3157 3938 4389 4959 5920 6070 6851 7331 8352 8412
2557 3433 3884 4459 4935 5235 5911 6411 6811 7212
3128 3492 3883 4637 4768 5470 5835 6485 7032 7370
4539 5420 7049 7577 8018 9558 9955 11055 12112 13124
5790 6672 7212 8780 9712 10055 10937 11820 12849 14418
3720 3976 4649 5289 6186 6890 7691 7723 8556 9100
1400 1484 1833 2121 2302 2506 2891 3059 3251 3492
1437 1724 1920 2193 2545 2857 2948 3235 3521 3912
1477 1815 1841 2206 2610 2792 3131 3235 3456 3821
1768 2216 2409 2569 3162 3242 3563 4059 4187 4540
1997 2286 2388 3053 3393 3461 3750 4125 4636 4840
5672 6104 6777 8602 8986 9994 10859 12059 12683 13596
2408 2588 3009 3429 3990 4390 4551 5211 5231 5632
3463 4456 5097 5289 6410 6858 7402 8107 8683 9580
2114 2402 2565 2979 3304 3790 4061 4529 4800 5070
5287 6008 7545 8169 8745 10474 10714 12155 13404 14268
4004 4760 5157 6489 6598 7750 8147 8759 9804 10632
2744 3296 3561 4161 4714 5026 5434 6203 6299 7188
4942 6165 7388 7717 8564 9739 10821 12090 12843 13407
1775 2286 2457 2831 3138 3699 3972 4176 4465 4993
1915 2348 2871 3231 3502 3952 4241 4601 4835 5394
2808 3508 3884 4359 4584 5210 5736 6261 6987 7237
1741 2354 2388 2797 3070 3665 3870 4380 4755 5010
3604 4529 4959 5421 6313 6841 7535 8261 8888 9780
2027 2648 3129 3369 3730 4330 4771 5131 5472 5692
3869 4199 4694 5454 6346 6709 7865 8393 9186 9615
1388 1628 1688 2170 2314 2434 2662 2891 3324 3564
2330 3044 3482 3850 4449 4748 5163 5899 6129 6843
2768 2975 3574 4011 4195 4909 5070 5830 6244 6728
4448 4559 5818 5929 7114 7632 8225 9150 10372 10446
1255 1676 1713 1941 2326 2482 2783 2927 3360 3552
4627 5904 6961 7137 8502 9558 9866 10703 12332 12772
2907 3575 4533 5200 5346 5839 6884 7522 8132 8335
1933 2168 2817 3123 3574 3628 4007 4637 5034 5088
3807 5176 5671 6850 6888 7838 8751 9283 9967 10880
2042 2276 2817 3141 3448 3718 4277 4619 4799 5052
2745 2975 3344 4149 4541 4610 5255 5876 6083 6843
3784 4232 4809 5609 5834 6474 7147 8299 8620 9036
4448 4485 5929 6595 7188 7632 8854 9594 10260 10668
4912 5633 6984 7209 8380 9910 10766 11711 11801 12972
4173 4733 5224 6204 6695 7150 8131 9041 9636 9847
3902 4199 4694 5916 6412 7237 7700 8558 9251 9714
4822 6128 7029 7704 8965 9910 10766 11441 12611 13377
5007 6208 7059 8609 9310 10810 11611 12511 13712 14512
4167 4848 5689 6969 7970 8170 9451 9731 10452 11252
5039 5469 6157 7706 8567 8911 9599 10847 12009 12568
1555 1763 1855 2206 2350 2649 2871 3196 3587 3691
1724 2082 2388 3036 3257 3410 3972 4125 4738 5078
2807 3283 3859 4384 4634 5210 5986 6436 6711 7462
3645 4428 4768 6130 6538 7014 7763 8171 9498 9906
2789 3518 4091 4325 4742 5704 5730 6511 6823 7708
2807 3816 4069 4489 5078 5694 6731 7179 7628 8384
2407 3224 3705 4089 4618 5266 5387 5891 6275 7020
4975 6310 6725 8105 8428 9624 10360 11695 12708 13674
4671 5992 6477 7665 8546 9118 10087 11275 11935 12728
3431 4008 4552 5289 6218 6666 7595 8331 8940 9036
3986 4564 4836 5687 6742 7014 7899 8409 9464 9702
3892 5151 5262 6225 6892 7965 8706 9002 9964 11038
3859 4904 5301 6093 6742 7210 8147 9083 9696 10632
2744 2936 3585 3921 4546 5170 5291 5963 6347 7188
3635 4348 4814 5434 5713 6489 7141 7792 8350 9033
3113 3356 4248 4680 4950 5842 6491 6869 7436 8031
4822 5678 6579 7434 8875 9595 10046 11711 11846 12882
4942 5883 7247 8375 9128 10209 10491 12090 12748 13783
4522 5856 6803 7319 7965 8653 9987 10847 11234 12783
2907 4068 4359 4678 5694 5868 6507 6971 7929 8654
3946 4805 6132 6795 7771 8161 8981 9995 10541 11634
4189 5543 6528 7225 8087 8907 9276 10302 10958 11697
2127 2408 2949 3409 3690 4070 4591 5191 5312 5892
5114 6080 6495 7461 8474 9348 10453 11603 12662 13076
2858 3433 3959 4084 4510 5035 5961 6136 6737 7212
5768 6632 7161 8025 9514 10186 10618 12059 13452 14316
1844 2167 2644 2780 3257 3580 3751 4278 4619 4772
4340 4834 5671 6355 7154 7990 9017 9663 10348 11032
1980 2082 2474 2780 3393 3648 3887 4176 4704 4891
3032 3788 3978 4464 5248 5653 6086 6653 7193 8031
2297 2759 3054 3790 3832 4399 4904 5366 5661 5955
2758 3033 3709 4259 4785 5485 5786 6336 7012 7037
4350 5297 6760 7319 8266 9083 9557 10933 11622 12224
2737 3440 4065 4429 4898 5262 5887 6277 7266 7734
1449 1898 2081 2487 2684 2922 3259 3567 3876 4072
4868 5903 6399 7344 8380 9100 10766 11396 12117 12882
2078 2420 2763 3177 3466 3646 4151 4529 4980 5052
4583 5376 7049 7797 8722 9690 10351 10615 11891 13080
1385 1698 1920 2245 2349 2857 2988 3378 3574 3730
4929 5942 6909 7691 8612 10130 11051 11833 11971 13398
3116 3620 4293 4797 5078 5890 6563 6731 7852 7852
2538 2791 3390 3781 4449 4702 5416 5715 6245 6544
4910 6028 6717 7577 7922 9341 9772 10933 11234 12095
2653 2929 3343 4057 4426 5047 5278 5715 6313 6774
3157 4118 4299 4929 5950 6010 6761 7571 8022 8592
1767 2168 2280 2681 3066 3450 3851 4043 4363 4620
2212 2573 2726 3296 3658 4038 4305 4571 5161 5465
2127 2788 2969 3449 3870 4090 4451 4971 5532 5712
3707 5151 5670 6040 7188 7595 8521 9039 9927 11075
1364 1592 1917 1953 2169 2650 2879 2951 3251 3552
5143 6536 7689 8361 8649 10042 11099 12155 13260 14268
3548 4028 4328 5049 5860 6130 7031 7691 8352 8442
3823 4724 5409 5841 6526 7930 8471 9047 9587 10416
5496 6525 7310 7947 9761 9957 10840 12751 12800 14075
4695 5426 6115 7319 8610 8954 10073 10675 11579 12181
2659 3623 3961 4221 4742 5392 5731 6667 6798 7422
4989 6165 7200 8093 9269 9739 11291 11902 12984 13454
3935 4001 4926 5388 5983 6907 7832 8327 8823 9252
2444 2570 3012 3558 4210 4252 4736 5240 5556 5934
4488 4848 5809 6969 7330 8810 9131 10331 10972 11692
5576 5960 7209 8313 9082 9898 10666 12251 12875 14316
2006 2168 2655 3159 3610 3970 4115 4637 4871 5088
1724 2388 2593 3018 3359 3699 3852 4159 4550 5044
4148 5625 6569 7389 7430 8415 9646 9851 11205 12025
3207 4136 4777 5481 5930 6922 7243 8075 8684 9516
2657 3033 3634 4484 4785 5060 5686 6511 6812 7287
4328 4652 5228 6489 6994 7390 8615 9191 9587 10632
2883 3283 3684 4384 4960 5335 5786 6461 6636 7387
3571 4067 5190 5487 6610 7072 7469 8030 8888 9879
5554 5977 7482 8046 8799 9457 11103 11479 12795 13877
1878 2133 2729 2729 3325 3495 3853 4142 4772 4891
4150 4948 5747 6850 6926 7648 9131 9397 9967 11184
1548 1800 2165 2263 2642 3076 3161 3595 3777 4156
2978 3356 3897 4626 5302 5518 5951 6545 7545 8031
1372 1737 1972 2154 2584 2740 3014 3183 3587 3860
3417 4317 4752 5279 5962 6303 7265 7916 8692 8785
1251 1515 1725 1791 2056 2375 2585 2706 2904 3213
4112 4760 5661 6129 7138 7822 8543 9191 9443 10524
1933 2438 2619 3141 3592 3628 4133 4475 4853 5412
3128 3466 3935 4221 4716 5236 6017 6745 6980 7448
1364 1484 1797 1989 2254 2626 2759 2999 3348 3492
2757 3333 3959 4259 4585 5260 5986 6436 6561 7162
3753 4313 5119 5889 6310 7220 7711 8551 9672 9987
3728 4162 4566 5124 5776 6272 6831 7885 8351 8754
3200 3816 4461 5049 5442 6058 6226 7179 7515 8188
5114 5850 7093 8105 8428 9946 10499 11787 12846 12892
5336 6296 7305 8313 9082 10378 10714 12203 13260 13596
5839 5986 7457 7849 9320 10692 11575 12163 13339 14467
2207 3022 3088 3815 4080 4762 5291 5665 5952 6238
2599 3368 3368 4137 4690 5170 5555 5819 6323 7092
4759 5552 6477 7885 8370 8942 10571 10703 11847 13080
2975 3648 4041 4573 5554 6171 6171 7039 7319 8020
2507 3308 3784 4459 4910 5135 5961 6186 6761 7362
4895 5930 7341 8469 9269 9645 11244 11996 12419 13783
4411 4670 5596 6373 7225 8076 8521 9002 9890 10594
3472 4496 4992 5421 6082 6841 7568 8096 9120 9879
2633 3596 3701 4299 4820 5678 5887 6615 7110 7500
2067 2568 3089 3289 3970 4390 4771 4871 5532 5932
4417 5132 6099 6771 7570 8578 9965 10343 11604 12570
1861 2456 2727 2889 3502 3700 3988 4673 4908 5268
1735 2088 2313 2873 3130 3482 3578 3947 4299 4796
4777 5588 6534 7479 8920 9235 10091 11576 11891 13422
3963 4768 5469 5714 6380 7010 7711 8446 9252 9847
2758 3458 3734 4284 4660 5210 5836 6086 7012 7237
3067 3668 4569 4959 5740 6010 7001 7451 7812 8472
2744 3368 3440 4041 4762 5242 5314 6131 6515 6732
1719 2072 2264 2857 3146 3466 3787 4155 4267 4684
3612 4838 4979 6029 6380 7220 7746 8691 9497 10302
1576 1884 2193 2473 2768 3076 3217 3455 3819 3960
3782 4292 4905 5925 6368 7286 7899 8171 9124 9804
4928 5010 5790 6815 7841 8415 9769 9892 10795 11656
3285 3604 4388 4823 5317 6158 6681 7058 7813 8248
4454 5156 5546 6405 7342 8590 9098 9527 10932 11517
4837 5758 7139 7553 8520 9808 10821 11925 12247 13490
3883 4986 5937 6165 7610 8218 8713 9853 9967 11374
2792 2912 3777 4281 4738 4930 5627 6227 6323 6996
2296 2738 2969 3789 4084 4231 4925 5471 5660 5955
2623 3152 3392 3993 4618 4882 5699 6227 6299 7212
2307 2975 3620 3804 4288 4656 5508 5738 6222 6613
3023 3720 4649 4997 5520 6187 6477 7232 7870 8712
4600 4928 5830 7143 7964 8948 9646 9974 11287 11861
2170 2906 3243 3516 4000 4546 4883 5198 5808 6249
3656 4360 5129 5161 6346 7018 7274 7883 8395 9580
5007 6558 7559 8809 9160 10910 11511 13011 13411 14112
1793 1943 2214 2634 2905 3310 3416 3791 4031 4332
1951 2384 2637 3177 3520 3934 4042 4475 5034 5196
3227 3720 4185 5230 5259 6042 6420 7087 7639 8480
3248 3464 3924 4518 5221 5653 6248 6680 7518 7680
1327 1520 1869 1965 2410 2422 2879 2987 3372 3576
4824 5899 6416 7061 8567 8696 9772 10804 11277 12224
3509 4769 5041 5653 6334 6980 7763 8681 8919 9770
2114 2276 2583 2889 3520 3826 4007 4691 5052 5052
5447 6182 7849 8486 8830 9859 10889 11869 13732 14271
4777 5678 7029 7839 8425 9055 10631 11621 12297 13107
2891 3900 4461 4685 5470 5610 6283 7263 7740 7852
1590 1884 1996 2417 2726 3020 3273 3469 3819 4058
1929 2099 2491 2814 3155 3427 3836 4380 4670 5061
2468 2791 3321 4011 4449 5001 5301 5761 6037 6866
1997 2371 2661 2780 3393 3512 3955 4244 4755 4806
1724 2133 2508 3019 3189 3495 3938 4091 4483 4925
1816 2024 2329 2729 2922 3467 3627 3883 4236 4572
3373 4133 4794 5355 6181 6808 7898 8591 8624 9780
1359 1828 1985 2154 2519 2779 3027 3131 3495 3847
5528 6296 6873 7881 8890 9610 11435 12299 13116 13500
1748 1988 2379 2619 2950 3295 3506 3851 3926 4437
3884 4598 4836 6129 6470 7252 8171 8205 8885 9804
1037 1368 1519 1639 1870 2070 2221 2611 2611 2892
1912 2150 2491 2763 3104 3444 3802 4414 4772 4806
3968 4364 5084 6165 6742 7822 8183 9335 10020 10632
3892 4744 5188 6225 7299 7817 8484 9224 10372 10520
2132 2510 2636 3159 3448 3916 4331 4511 4997 5232
3116 3592 3929 4685 5442 6115 6339 6731 7291 8160
2168 2222 2835 2889 3304 3610 4205 4529 5034 5304
3428 3638 4208 5229 5470 6430 7121 7391 8232 8622
3312 3732 4153 4909 5498 5890 6563 6871 7487 8328
2551 3128 3729 4137 4354 4834 5459 6083 6348 6924
2950 3275 4221 4356 5383 5842 6275 6923 7058 7842
4219 5117 6054 6990 7186 8395 9332 9722 10502 11205
5307 6358 7359 8209 9360 10910 11861 12711 13462 14012
2734 3653 3870 4518 5329 5437 6464 6842 7031 8004
3398 3788 4359 4929 5860 6010 6611 7241 8352 8442
3922 4682 5329 6698 6850 7914 8561 9131 9892 10880
2405 2824 3463 3837 4212 4630 5269 5313 5907 6370
1807 2528 2889 3159 3538 3628 4295 4637 4691 5196
4699 6310 6909 8013 8796 9716 10821 11189 12523 13720
5250 6721 7653 8780 9516 10447 11771 11771 13584 14075
3457 4118 4569 5379 5950 6460 7121 7331 8291 9012
2494 2692 3529 3529 4300 4432 4939 5665 5996 6502
4087 5368 5809 6449 7650 8130 9211 10331 11052 11652
2254 2633 3264 3453 4147 4588 5051 5282 5555 6312
4173 4523 5294 5889 6660 7115 8201 8446 9637 10267
2696 2936 3801 3849 4666 5218 5627 5939 6516 6780
5672 6056 6825 8217 9226 10570 10619 11675 12587 14268
5558 6858 7309 8709 9810 10060 11010 13011 13712 14562
5318 5543 6624 7299 8650 9775 10406 11171 12342 12792
1880 1928 2505 2793 3210 3274 3771 3883 4476 4652
2402 2780 3243 3768 3937 4399 5009 5429 5681 5976
2682 3308 3934 4159 4860 5285 5611 6136 6511 7487
1148 1208 1459 1639 1880 2080 2351 2541 2762 3002
4565 5641 6287 7491 7879 8610 10159 10718 12009 12611
2833 3083 3809 4459 4560 5485 5636 6386 6511 7262
3966 4781 5892 6632 7299 7817 8224 8965 10076 10372
4808 4928 6329 6849 7850 8490 8970 10131 11131 11892
4847 6168 6168 7841 8370 9030 10439 10571 12288 12860
3343 3633 4359 5026 5230 6013 6652 7203 7638 8567
4571 4727 6210 6483 7186 8083 8864 9605 10737 11361
2896 3545 4194 4653 5194 5761 6356 6599 7410 7761
2983 3283 3734 4384 4760 5435 5735 6436 6836 7512
2269 2326 2688 3315 3468 3848 4305 4628 5047 5712
2250 2668 3030 3201 3448 4152 4342 4647 5236 5712
2208 2728 2869 3369 3910 4070 4491 5051 5592 5692
2958 3408 3834 4159 4710 5110 5660 6386 6962 7312
2268 2428 3209 3469 3810 4090 4611 5031 5251 5712
1763 2063 2409 2709 2800 3265 3461 3641 3911 4227
4518 5215 6159 7102 8169 8702 9071 10507 11040 11615
5168 6028 6028 7448 8395 9427 9944 10589 11406 12869
1151 1350 1582 1802 2166 2331 2552 2695 3037 3290
1128 1258 1448 1809 2010 2180 2250 2581 2681 2972
4867 5168 6330 7276 7750 8739 10331 11105 11234 12353
2427 2692 3441 3815 4410 4762 5159 5555 6039 6502
5257 7008 7709 8759 9460 10660 11861 12361 13561 14862
3578 3788 4659 5139 5950 6370 6730 7691 7931 8742
2328 2588 2989 3570 3650 4250 4451 4891 5251 5652
2348 2628 2809 3329 3630 4130 4731 5171 5231 5672
2136 2402 2783 3239 3468 4190 4533 4609 5065 5674
5138 5498 7029 7929 8425 9595 10541 11081 12567 13332
1067 1288 1579 1810 1890 2030 2321 2441 2742 2822
3624 4104 5097 5161 6154 6602 7179 7915 8940 9132
3031 3275 4275 4869 5356 5815 6437 6491 7220 8031
5318 6083 6398 7524 9010 9505 10090 11711 12161 13197
2551 2912 3657 3945 4450 4906 5627 6203 6612 6924
4976 5712 6587 7461 8658 9256 10729 11465 12662 13076
1952 2276 2655 3087 3304 3718 4133 4529 4908 5106
2317 3066 3485 3683 4300 4740 5225 5379 6106 6348
2560 2846 3375 3881 4388 4652 5247 5511 6127 6612
5273 5588 6894 7209 8110 9460 10226 11441 11711 12792
1733 1883 2364 2484 2770 3130 3581 3626 4032 4347
2919 3480 3984 4713 5442 5638 6479 7263 7740 8328
2575 2984 3681 4305 4570 5194 5579 5963 6612 6924
3110 3778 4649 4881 5374 6361 6797 7464 8102 8712
2207 2648 3265 3595 4124 4520 5203 5533 5753 6568
5093 5588 6714 7569 8695 9055 10451 10901 12027 13062
1548 1954 2053 2263 2656 3076 3245 3413 3735 4100
2136 2630 2916 3201 3429 4114 4457 4951 5027 5636
4999 5768 7065 8553 8698 10090 11147 12155 12972 14364
2732 3158 3834 4409 5010 5460 5836 6461 6636 7162
1067 1268 1569 1659 1990 2150 2371 2581 2661 2942
3848 4136 5097 5161 6282 6986 7146 7691 8908 9228
1400 1508 1869 2097 2410 2602 2879 3023 3299 3372
4020 4326 5075 5687 6402 6878 7559 8273 9498 9634
1808 1958 2123 2559 2800 3160 3340 3791 4107 4422
5496 6329 7751 7849 9810 10643 11035 11869 13339 14516
2792 3224 3801 3921 4738 5194 5603 5915 6587 6996
2422 2814 3367 3965 4311 5047 5140 5922 5991 6820
1878 2065 2576 2950 3257 3716 4091 4159 4431 4925
3968 4067 4893 5883 6511 7072 7766 7931 8789 9417
3194 3599 3869 4761 5167 5572 5950 6950 7112 8085
1151 1405 1571 1835 2122 2221 2618 2783 2949 3158
2840 2984 3441 4089 4330 5122 5555 5987 6396 6804
3458 3908 4569 5199 5590 6160 6941 7331 8262 8412
2864 3104 3705 3921 4594 5098 5723 5915 6563 6996
3753 4838 5154 5609 6660 7080 8411 8446 9357 10092
2527 3056 3753 4305 4618 5074 5290 6059 6347 7044
4895 6447 7294 7576 9363 9786 10351 11432 12702 13454
1878 2337 2388 2814 3257 3580 3785 4329 4517 4925
2792 3152 3368 4065 4402 5194 5363 6179 6540 6756
1997 2218 2712 2933 3206 3546 4074 4295 4482 4891
3284 3900 4265 4881 5049 5666 6731 7011 7824 8412
1138 1388 1509 1639 1860 2090 2371 2571 2731 2962
2288 2668 2802 3315 3715 4076 4209 4571 5294 5408
1632 1814 2024 2417 2698 3062 3287 3595 3707 4128
5480 6536 7113 8505 9034 9994 10666 12251 12731 13980
4951 5768 7353 8409 9418 9658 11099 12491 13068 13884
3577 4530 5313 5619 6436 7286 8137 8511 9021 10042
4073 4758 6051 6165 7534 7648 8789 9511 10538 10652
5528 5666 7277 7967 8428 9762 10959 11281 12385 12892
4652 5899 6072 7061 7750 9040 9944 10503 11277 12697
1660 1786 2179 2291 2558 2810 3231 3455 3806 3960
4585 5384 6099 7569 7990 9250 9629 10763 10973 12066
4838 5846 6393 7401 7780 8830 10049 10175 11099 12276
3928 4803 4944 5609 6590 7535 8411 8446 9216 10022
4219 5156 5781 6366 7030 8590 9293 10073 10229 11088
4102 4844 5781 6639 7576 8278 9371 10073 10463 11127
5888 6084 7212 8535 8977 9810 11575 12457 12898 14320
2405 2802 3485 3969 4058 4674 4850 5621 5885 6502
2978 3761 3870 4599 4870 5896 6302 6761 7112 7653
2624 3248 3393 3969 4642 5074 5771 5771 6251 6996
3869 4595 5091 5520 6115 6940 7700 8195 8591 9417
1346 1568 1907 2245 2610 2649 3105 3183 3535 3652
1400 1628 1833 2073 2182 2650 2795 2939 3251 3384
3488 3668 4298 5259 5439 6580 7181 7541 7961 8952
1673 1973 2169 2589 2770 3055 3611 3851 3911 4422
1639 1944 2281 2681 2938 3226 3579 4011 4428 4716
3967 4781 5300 6077 6966 7928 8151 9298 9743 10594
2883 3033 3984 4384 4810 5360 5635 6486 6586 7387
2228 2768 2828 3449 3790 4150 4591 4871 5572 5892
1674 1786 1996 2515 2529 2866 3301 3581 3876 4016
2150 2402 2763 3177 3538 3916 4114 4655 4889 5358
3107 4224 4969 5310 6148 6427 7420 7699 8350 9281
4219 5156 5781 6951 7654 8356 8746 10112 10814 11595
4652 5383 6072 7491 7793 8610 9686 11148 11794 12396
4764 5338 6077 6897 8169 8989 9030 10015 10835 11943
2507 3383 3634 4009 4760 5310 5511 6236 7012 7312
2816 3080 3489 4305 4498 4930 5771 5963 6467 6756
2626 2670 3375 3727 4014 4740 5159 5731 5996 6194
2381 2885 3075 3369 3874 4441 4651 5387 5724 6291
2923 3383 3951 4491 5113 5950 6302 6545 7491 7950
4302 5138 5975 6279 7230 8142 8523 9169 10119 11298
1816 1944 2505 2569 3146 3338 3739 3979 4267 4668
1590 1828 2011 2417 2656 3090 3104 3553 3665 4198
5768 6152 6873 8169 8986 9946 10571 11579 12539 14124
2632 3258 3734 4159 4710 5110 5511 6211 6837 7162
2868 3284 3648 4637 4924 5626 5730 6355 7266 7812
2528 2822 3264 3726 4021 4441 5051 5051 5807 5997
4033 4768 4908 5609 6730 7325 8376 8691 9146 10407
2707 3258 3684 4384 5010 5510 5786 6086 6611 7062
4312 5297 5995 7266 8169 8333 9728 10138 11287 12025
3918 4632 5075 5619 6198 7116 8171 8341 8987 9974
3845 4872 6089 6127 6850 8142 8979 9359 10005 11298
3952 4360 4802 6096 6232 7320 8001 8307 8953 9770
5460 6071 6730 7952 8752 9551 10633 11949 12561 13219
5808 6358 7659 8159 9010 10410 11511 12711 13362 14312
3542 3883 4938 5217 6086 6396 6985 7730 8443 9219
3247 4178 4298 5139 6010 6550 7121 7211 8081 8592
1037 1298 1529 1739 1850 2010 2301 2611 2611 2912
4929 6218 7185 7461 8934 9486 10683 11649 12293 13352
4880 5552 6645 7233 7611 8872 9755 10931 11477 12570
5708 6608 7809 8459 9059 10410 11761 13011 13912 14562
1809 2269 2406 3001 3189 3648 3802 4295 4516 4925
2339 2675 3033 3642 4000 4273 4715 5051 5535 6060
2353 2814 3436 3712 4334 5071 5232 5692 6360 6728
4436 5133 5790 7144 7390 8210 9154 10138 10918 12189
2920 3492 3648 4299 5106 5626 6251 6355 7136 7396
3538 4034 4959 5784 6379 6940 7337 8195 8657 9747
2381 2885 3222 3495 4063 4588 4820 5072 5681 6186
2407 3152 3777 3873 4666 4882 5555 5795 6300 6924
2297 2633 3012 3790 3979 4462 4841 5114 5492 6165
4033 4873 5259 6239 6975 7710 8166 8621 9601 10162
2720 3368 3489 4113 4498 4882 5531 5987 6347 6924
1158 1208 1609 1649 1850 2120 2220 2601 2752 3002
4033 4453 5399 5644 6625 7255 7921 8551 9252 9952
2626 2912 3441 3683 4146 4828 5137 5643 5885 6612
1946 2201 2491 2848 3223 3699 3955 4363 4584 4976
4148 5379 6200 7267 7636 8374 9113 10179 11205 11656
2734 3329 3870 4680 5140 5761 5951 6761 7437 7680
1983 2516 2992 3277 3639 3886 4248 4742 5237 5579
1763 2108 2169 2634 2739 3190 3355 3866 4167 4242
4230 4928 6200 6897 7923 8661 9031 9892 10918 11574
4912 6128 6669 7929 8470 9640 10541 11171 11711 12882
2626 2758 3331 3859 4322 4740 5070 5665 6149 6590
2423 2528 3138 3769 3916 4231 4799 5114 5514 5997
3637 4562 4893 5322 6247 6808 7733 8426 9021 9813
2376 2998 3459 3735 4610 4633 5324 5991 6383 6774
1639 1928 2313 2842 3146 3338 3547 3851 4380 4684
2445 2860 3551 3919 4334 4955 5278 5669 6084 6521
1451 1724 1985 2141 2506 2714 3079 3352 3404 3795
3968 4976 5121 5913 6958 7498 8363 8903 9515 10668
5528 6356 7231 7921 8428 9256 10821 11097 12201 12984
3428 3698 4238 5169 5800 6130 6941 7751 7961 8892
4264 4834 5823 6203 7458 8104 8979 9245 10157 10690
4340 4682 5747 6773 6850 7686 8523 9473 10462 11412
1969 2474 2781 3015 3376 3790 4295 4367 4727 5304
3187 3938 4449 4989 5890 6280 7031 7211 7901 8862
1398 1750 2089 2297 2584 2636 2870 3300 3639 3665
2431 3176 3729 4065 4498 5170 5315 5891 6708 6828
1843 2286 2456 2950 3308 3546 4040 4397 4584 5095
2308 2648 2868 3449 3950 4330 4490 5071 5431 5752
3428 4178 4509 5319 6010 6160 7001 7811 7841 8412
2761 3734 4329 4626 5410 5707 6031 6923 7139 8058
2707 3761 3897 4518 5167 5491 6140 6950 7085 7869
2815 3414 4117 4403 4950 5366 6251 6641 7005 7682
3688 4360 5097 5321 6154 6538 7082 7979 8491 9356
2630 3021 3620 3758 4242 4840 5347 5669 6314 6797
1983 2535 2935 3429 3487 4019 4286 4856 5218 5351
1346 1672 2037 2245 2480 2818 2909 3196 3613 3808
5143 5960 7497 8121 8842 10282 11051 12203 13212 14268
1108 1318 1499 1769 1870 2020 2321 2481 2641 2982
2348 2468 3069 3349 3970 4070 4771 5111 5211 5992
1407 1800 2221 2319 2712 2880 3259 3469 3735 4198
3138 4100 4907 5310 6148 6427 6924 7761 8413 8878
4298 5117 5742 6366 7069 8395 8708 10034 10424 11712
2047 2708 3089 3489 4010 4030 4611 4931 5472 5712
2920 3388 3805 4481 5080 5236 6199 6485 7110 7370
1421 1702 2011 2403 2600 2810 3175 3385 3890 4198
3168 3604 4243 4939 5462 5897 6826 7348 8103 8596
2507 3083 3959 4209 4885 5310 5911 6061 6586 7287
3918 4088 5313 5891 6572 7218 7865 8817 9259 9872
3577 4908 5434 6239 6765 7535 8060 8971 9636 10127
4807 6728 7113 8169 8746 10234 11387 12251 12587 14268
1386 1581 1998 2193 2402 2623 2975 3274 3522 3756
3679 4328 5229 5805 7174 7462 8039 8903 10092 10308
1969 2492 2781 3231 3592 3718 4079 4403 4745 5070
4207 5488 5769 6889 7210 8250 9531 9611 10451 11492
2128 2885 3222 3516 3832 4336 4841 5198 5871 5934
4112 4760 5589 5949 7102 7570 8579 8759 10020 10128
2191 2906 3138 3495 4168 4378 4715 5072 5724 6312
3059 3275 3843 4329 5302 5545 6329 6923 7194 7680
1751 2232 2441 2617 3082 3530 3851 3947 4331 4636
4416 5214 5557 6469 6888 7876 8485 9321 10500 11184
4903 5912 6969 7785 9562 10522 11243 12059 13116 13740
5318 6308 6398 7929 8965 9190 10451 11171 12432 12792
3803 4166 4695 5388 6511 6775 7337 8525 8591 9285
3855 4781 5448 6670 7336 7854 8188 9150 9742 10631
1864 2104 2425 2681 3194 3226 3707 3979 4203 4572
1219 1664 1761 2037 2314 2494 2759 3095 3276 3576
5257 6708 7259 8409 9460 10260 11911 12711 13962 14962
3439 4298 5025 5322 6181 6874 7931 8426 8591 9351
4188 5114 5707 6595 7077 8150 8632 8891 10149 11001
3985 5312 5937 6249 7030 8591 8630 10073 10190 10971
3985 4844 6132 6561 7732 8356 9332 9527 10776 11556
4258 5390 5859 6561 7810 8317 8668 10034 10580 11439
4964 5048 6561 7107 8158 8536 9797 10133 11646 12276
1425 1750 2050 2089 2376 2818 3053 3248 3496 3652
5250 6280 7800 8192 9222 9957 11379 12310 13242 14467
4103 4523 5294 5644 6380 7570 7991 8516 9392 10232
1879 2420 2529 2961 3556 3610 3971 4637 4818 5196
1752 2184 2537 2569 2922 3258 3579 3867 4412 4620
4808 5128 5648 7129 7890 8610 9091 9611 10811 11692
1733 1823 2244 2695 2950 3010 3611 3656 3941 4302
1117 1288 1529 1789 2010 2160 2351 2571 2661 2932
1316 1472 1797 2145 2302 2458 2783 3059 3155 3528
3032 3248 4194 4356 5329 5923 6031 6923 7139 8085
5648 6306 7435 8469 9175 10350 10350 11667 13171 13689
4415 5039 5586 6639 7381 8044 8864 9956 10737 11205
2632 3158 3508 4259 4810 5260 5811 6411 6862 7187
1980 2235 2678 2746 3291 3461 3853 4227 4465 5044
5160 6126 6955 7553 8382 9486 10683 11879 12293 13398
2114 2312 2889 2943 3304 3754 4025 4475 5016 5124
4728 4928 6249 6809 7810 8410 9491 9931 10531 11212
3262 4131 4783 5279 6148 6613 7172 7606 8195 8878
4180 4805 5937 6951 7732 7888 8707 10151 10932 11166
1231 1628 1773 2145 2350 2434 2855 2927 3155 3540
1800 2088 2345 2777 3050 3370 3739 4139 4315 4652
4530 4910 5519 6431 7154 8066 8447 9283 10614 10994
1671 2040 2553 2745 2890 3274 3579 4155 4364 4524
2768 3344 3561 4209 4714 5170 5579 5819 6395 6804
4207 5168 6089 7210 7290 8730 8971 9611 10812 11252
4723 5010 5913 6856 7718 8743 9359 10220 11246 12189
1671 1928 2457 2841 3210 3418 3739 3963 4395 4796
5138 5498 6849 7569 8290 9505 10631 11441 11936 12972
3314 3720 4301 4678 5433 5984 6594 7174 8016 8161
2515 2906 3528 4080 4219 4748 5370 5669 6337 6613
4928 5420 6077 7184 8169 8415 9030 10589 10999 11779
5758 6308 7659 8959 9510 10460 11261 12211 13011 14862
3624 3912 4617 5674 6090 6666 7147 7691 8588 9388
4033 4208 5014 5889 6345 7675 7956 9006 9812 10267
3262 3883 4845 5558 5683 6644 7048 8040 8257 8878
3571 4562 5124 5619 6610 7237 7501 8063 9020 9912
1963 2218 2388 2950 3325 3716 3887 4431 4601 4857
4492 4720 5595 6469 7002 7990 8637 9815 10500 11032
1421 1730 1969 2291 2628 2950 3119 3553 3694 4016
1505 1772 2095 2277 2712 3048 3217 3553 3721 4156
3401 3488 4213 4794 5549 6361 6971 7435 7928 8654
1188 1388 1569 1769 1879 2120 2391 2611 2691 2912
4732 5498 6354 7299 8605 9010 10136 11441 12252 13377
1196 1427 1637 1813 2012 2364 2596 2772 2938 3136
3643 4400 5157 6382 7138 7282 8039 8759 9732 10452
3635 4348 4876 5155 5899 6830 7327 8009 8598 9064
2883 3358 3709 4484 4860 5235 5786 6086 6962 7012
2469 2768 3252 4058 4380 4633 5416 5554 6268 6659
2254 2780 2991 3495 3979 4420 4904 5156 5598 6207
2788 3518 4167 4545 5356 5680 6058 6815 7491 8058
4353 5051 5995 7266 8005 8784 9851 10179 11122 12271
4716 5552 6257 7621 8326 9514 10131 10879 11672 12464
4259 4727 5625 6405 7498 8317 9098 9566 10269 11361
1306 1372 1548 1923 2122 2386 2596 2651 3081 3191
5594 6868 6966 8388 9516 10447 11035 12751 13732 14418
5496 6623 7408 8143 9565 10104 11134 12016 13045 14124
4559 5256 6118 7102 7964 8415 9564 10220 10999 12107
4493 5117 5507 6873 7069 8434 8747 9527 10854 11127
1267 1460 1797 2097 2218 2602 2867 2927 3179 3552
4953 5985 6502 7362 8610 8997 10202 10976 11492 12826
3113 3788 4194 4410 5032 5437 6032 6680 7302 7626
3543 4666 5109 5959 6334 7422 7797 8239 9294 9872
4559 5133 5913 6815 8046 8333 9687 10343 11082 12066
2983 3058 3709 4284 4885 5135 5786 6486 6561 7387
4989 6306 7012 8422 9410 10115 11056 12043 12654 13924
3340 3564 4068 4629 5358 6086 6310 7263 7768 8412
3823 4523 5084 5889 6905 7325 7991 8586 9497 10407
5250 5888 7015 8290 9369 10643 11624 12702 13536 14712
1816 2072 2489 2649 2889 3482 3771 4011 4428 4700
2479 2960 3681 4161 4738 4858 5411 5987 6251 6948
3439 4529 5223 5916 6412 6709 7667 8294 9119 9615
1477 1744 2235 2403 2684 3034 3175 3539 3764 3960
3836 4529 4992 5289 6115 6676 7733 8129 8922 9516
5082 5985 6459 7663 7965 9384 9815 10331 11578 12310
2864 3344 3681 4137 4498 4858 5483 6203 6491 7092
2368 2728 2848 3449 3650 4210 4430 5111 5371 5992
2626 2824 3177 3815 4168 4608 4851 5467 6062 6216
2897 3383 4140 4356 5194 5545 6464 6545 7167 7788
4416 4948 5671 6850 6964 8332 8751 9207 10081 10728
4559 5256 6364 7102 7554 8825 9071 10548 11328 11779
4530 5138 6089 6773 6887 7610 8827 9169 10538 11222
3003 3480 4153 4629 5358 6170 6226 7207 7768 8076
3781 5114 5448 6558 7225 7558 8521 9261 10076 10446
2368 2448 3069 3369 3710 4150 4411 4831 5452 5832
2557 3083 3959 4159 5010 5010 5861 6386 6962 7512
1097 1338 1569 1759 1960 2030 2291 2601 2711 2952
5413 6306 6683 8470 8752 9551 10680 11761 12796 13313
1195 1548 1692 1923 2177 2386 2441 2739 2904 3092
5658 6208 7309 8659 9410 10860 12011 12411 13011 14412
4007 5408 6329 6889 7730 8650 9451 10411 10531 11892
2318 2780 2991 3516 3916 4315 4820 5198 5619 5913
5273 5993 7209 8019 8154 9685 10811 11261 12611 13512
4076 4652 5733 5841 6850 7318 8291 8723 9768 10236
3573 3883 4535 5279 5745 6489 7017 7916 8102 9219
4230 5379 6200 7266 7595 8210 9441 10343 10876 12148
2607 3284 3909 4429 4768 5262 6147 6667 7084 7370
1969 2312 2835 3195 3267 3880 4331 4691 4763 5412
4956 5937 6869 8732 9173 10153 11183 12408 12801 13977
1792 2167 2695 2882 3189 3733 3836 4261 4687 4942
3931 4364 5697 6309 6994 7714 8254 9011 10092 10740
3884 4088 4836 5891 6436 7422 8069 8307 9123 10008
2920 3154 4065 4403 4924 5548 6147 6615 6979 7318
2399 3205 3344 3942 4288 4748 5163 5807 6383 6544
3312 3424 4237 4601 5554 5918 6703 6759 7628 7908
1128 1238 1559 1739 1840 2160 2251 2601 2621 2812
1118 1361 1659 1791 2166 2397 2497 2783 3004 3136
4804 5992 6829 7577 8150 8986 9911 10659 12332 12552
1945 2402 2916 3182 3563 3867 4362 4666 5313 5484
2551 3128 3825 4257 4474 5290 5387 5819 6491 6996
5003 5408 6849 7659 8515 9190 9911 11261 11892 12747
1178 1358 1519 1619 1809 2190 2251 2551 2782 2872
3052 3691 4185 4997 5578 6390 6652 7232 7725 8335
2399 2837 3459 3942 4495 4656 5393 5899 6245 6728
