1000 10 10
4 72 47 96 45 81 76 97 84 41 47 0 17
7 69 26 73 50 75 69 80 22 36 65 0 33
6 37 59 55 95 44 25 60 76 100 43 0 27
9 37 61 85 92 22 23 95 45 77 83 0 43
10 81 79 44 100 80 44 44 26 24 53 0 47
5 82 30 89 62 60 91 52 47 67 26 0 24
8 30 79 78 44 58 82 91 71 68 100 0 38
7 25 43 60 49 82 29 81 47 87 69 0 33
7 32 38 100 48 47 44 38 24 42 23 0 34
9 55 37 40 38 51 87 84 71 26 77 0 43
8 58 25 40 51 91 20 75 24 88 55 0 38
8 89 28 52 56 93 39 53 20 52 43 0 37
5 81 41 45 25 80 90 90 27 96 70 0 24
3 72 93 56 31 59 91 54 23 100 80 0 13
7 90 74 92 77 43 76 46 37 65 87 0 35
10 68 30 97 28 82 60 25 100 92 23 0 49
6 80 81 100 35 26 62 53 91 73 75 0 27
5 36 91 33 37 24 71 61 59 76 55 0 24
5 40 22 37 80 31 35 84 59 89 58 0 25
8 43 58 22 82 89 31 37 54 93 52 0 36
3 34 72 84 47 61 67 81 65 66 31 0 12
9 83 56 56 28 35 48 78 26 50 56 0 43
9 89 78 64 47 32 84 23 52 20 64 0 43
7 78 91 73 63 79 72 39 70 78 21 0 33
7 78 66 50 34 48 85 59 80 87 38 0 35
6 52 90 67 70 78 90 87 91 55 78 0 30
10 54 61 30 23 85 25 97 35 58 90 0 49
6 33 43 62 81 89 80 74 48 68 49 0 28
3 71 92 99 44 55 81 90 76 64 33 0 11
8 56 75 81 31 32 84 57 56 70 48 0 37
8 57 58 80 100 81 92 83 24 80 98 0 38
4 23 41 78 46 54 68 33 43 66 23 0 20
6 97 80 46 89 100 58 27 74 81 38 0 30
4 55 77 42 68 29 97 85 91 79 33 0 17
3 25 80 89 55 53 59 89 24 90 24 0 15
4 60 96 48 45 75 36 36 68 67 50 0 17
10 78 91 87 38 79 96 80 88 47 80 0 46
10 74 25 100 71 36 91 81 77 100 23 0 46
5 25 66 36 68 54 100 55 43 69 77 0 23
4 82 36 90 95 34 66 64 53 98 29 0 16
7 31 79 56 73 35 43 26 95 46 69 0 35
6 38 66 78 47 78 65 53 97 58 50 0 27
3 31 61 70 77 35 66 62 45 81 100 0 12
5 83 84 55 64 74 38 55 71 42 64 0 23
10 50 37 60 31 56 67 73 97 44 62 0 46
9 90 76 86 71 59 82 27 49 80 40 0 44
7 35 27 38 81 35 20 86 57 92 32 0 34
7 82 95 40 58 25 88 21 37 61 71 0 33
7 58 25 46 50 79 26 64 46 91 28 0 33
4 72 59 81 64 68 53 74 23 52 100 0 19
10 71 90 54 62 26 80 64 51 63 51 0 50
7 89 65 70 89 82 29 70 93 22 45 0 32
5 73 46 33 78 29 53 93 88 78 73 0 22
7 30 72 91 53 28 95 45 74 65 100 0 35
6 95 26 24 63 20 26 53 92 69 59 0 28
4 34 93 45 46 23 66 87 28 57 52 0 16
4 65 65 28 65 74 52 36 38 88 79 0 19
7 57 85 88 95 88 29 84 71 76 75 0 35
3 49 52 94 93 90 62 66 25 60 31 0 13
3 56 42 75 35 31 60 70 45 73 87 0 11
5 88 63 53 66 73 53 66 91 91 42 0 22
6 44 47 35 93 82 85 82 57 87 82 0 29
9 92 65 20 98 53 30 65 91 48 65 0 44
10 76 74 24 32 83 25 44 41 22 21 0 49
4 71 27 57 57 23 36 67 58 49 31 0 20
9 50 84 23 79 30 59 51 34 67 31 0 41
7 35 39 78 80 67 62 70 36 69 57 0 31
10 67 65 84 92 87 78 84 70 70 40 0 47
3 27 87 84 51 52 49 30 70 36 61 0 15
8 70 86 25 69 61 34 53 81 61 65 0 38
3 60 81 92 27 96 69 68 53 27 38 0 15
7 86 70 67 85 97 52 52 30 77 37 0 32
9 39 81 63 77 37 49 56 80 37 21 0 43
8 73 61 49 59 45 68 75 32 64 69 0 36
4 89 86 79 69 58 84 61 40 75 90 0 20
9 28 49 66 35 62 95 86 94 43 37 0 43
10 43 77 44 37 66 75 40 49 57 81 0 46
6 97 59 58 21 37 69 57 72 92 76 0 28
3 69 20 81 54 46 35 43 66 45 63 0 11
7 59 72 72 80 49 62 71 91 62 73 0 31
5 90 92 85 28 87 86 90 53 39 40 0 22
4 43 48 58 56 26 46 34 66 42 48 0 20
3 48 86 42 69 38 97 46 38 54 33 0 12
6 85 56 80 62 61 63 70 92 56 41 0 30
9 48 84 74 27 30 44 40 69 40 56 0 42
6 50 46 33 74 30 43 43 42 91 71 0 29
2 95 93 35 83 58 96 68 30 90 23 0 10
5 38 61 43 87 40 42 68 20 67 67 0 21
4 63 40 74 100 49 33 71 61 90 53 0 17
6 84 77 29 77 33 89 100 70 83 76 0 29
4 41 64 46 25 64 41 22 24 66 54 0 20
4 35 64 97 71 93 78 48 84 63 62 0 19
5 57 54 64 76 86 22 42 87 54 75 0 23
4 64 75 84 65 63 75 33 50 75 80 0 20
2 43 47 43 91 31 24 21 45 40 27 0 10
8 39 95 44 33 59 22 60 26 31 61 0 37
8 25 21 29 87 50 96 41 31 50 77 0 38
4 40 52 98 42 49 77 46 59 63 46 0 17
8 68 95 77 78 74 61 23 26 20 74 0 39
10 89 32 68 98 33 84 96 84 63 91 0 47
8 43 62 40 97 68 25 83 76 75 25 0 38
8 25 48 72 52 39 49 90 35 86 64 0 40
9 23 73 56 99 79 89 44 35 88 46 0 43
6 92 69 75 40 92 99 87 33 96 45 0 28
3 81 75 68 31 84 31 83 26 95 89 0 13
8 66 20 40 98 60 43 66 94 54 21 0 38
5 70 62 50 91 40 87 82 54 81 63 0 23
3 46 68 78 90 26 93 87 63 76 75 0 12
6 67 49 25 80 55 72 54 87 78 59 0 28
9 46 87 78 47 99 71 48 53 49 80 0 42
10 79 85 33 73 77 100 65 84 65 41 0 48
9 31 87 23 76 44 55 74 99 69 21 0 41
7 60 72 63 33 33 39 82 70 67 85 0 35
10 28 89 81 43 25 51 51 98 78 68 0 49
3 89 42 58 85 55 45 88 64 29 35 0 12
5 69 40 49 42 58 71 100 92 40 94 0 21
2 92 33 76 58 62 57 59 80 26 75 0 10
3 91 57 74 98 23 21 46 98 100 93 0 12
7 62 53 40 74 25 29 33 68 47 61 0 35
3 98 53 35 21 42 21 50 48 94 66 0 15
2 50 65 43 91 26 81 54 72 95 46 0 10
4 67 94 41 42 95 33 54 27 66 83 0 18
7 67 97 80 90 62 91 69 41 55 32 0 34
4 28 88 97 46 100 47 77 95 35 92 0 16
9 34 87 34 51 35 37 59 73 21 51 0 41
4 88 21 82 56 36 48 72 30 32 33 0 16
10 100 98 57 57 34 21 42 74 57 38 0 47
9 56 61 37 71 38 56 82 68 95 59 0 42
8 56 29 22 77 27 75 67 21 62 43 0 39
8 66 96 97 73 34 91 25 100 91 88 0 39
4 25 41 70 88 30 59 74 68 22 60 0 20
4 85 44 22 43 54 81 52 26 29 86 0 18
2 78 61 75 59 73 21 39 82 79 48 0 10
3 46 74 54 64 72 73 70 93 82 23 0 12
3 88 24 71 27 54 47 39 61 56 43 0 12
9 24 84 67 84 48 37 95 88 68 30 0 44
7 62 46 88 54 70 71 91 93 50 37 0 33
4 66 87 59 50 80 89 29 80 84 23 0 17
5 53 36 52 24 95 58 40 90 98 90 0 23
8 59 86 68 92 33 50 100 68 56 37 0 38
10 33 63 69 61 60 27 56 55 92 99 0 48
7 55 67 44 25 59 54 34 74 81 42 0 34
7 67 61 83 97 90 100 24 93 84 89 0 31
9 47 64 24 41 91 65 61 87 34 55 0 44
4 57 60 51 49 63 52 34 38 60 57 0 17
5 65 89 28 38 96 29 21 63 31 44 0 23
9 41 76 26 83 73 60 54 96 75 20 0 45
5 63 80 68 52 63 94 58 40 34 78 0 25
10 21 69 48 24 56 58 28 72 63 29 0 48
10 75 78 92 41 22 35 66 27 52 68 0 48
10 45 72 23 63 89 52 98 50 76 35 0 49
10 69 47 69 35 78 77 53 37 62 59 0 47
6 32 63 62 100 77 27 81 48 95 87 0 28
5 64 92 98 88 76 23 24 90 100 63 0 22
8 55 99 69 35 44 46 87 29 69 96 0 36
10 81 23 62 25 74 85 36 41 62 94 0 48
7 32 47 67 42 71 27 80 63 85 92 0 31
9 23 76 21 99 85 80 37 34 92 92 0 45
7 68 32 63 98 52 91 34 95 90 39 0 35
9 45 38 21 26 40 66 71 25 70 57 0 45
8 63 89 71 78 72 33 75 42 99 68 0 38
4 64 53 25 52 99 36 93 26 87 57 0 19
4 28 44 48 88 77 53 45 47 53 89 0 19
4 36 41 81 29 47 79 74 62 24 96 0 16
3 29 34 55 24 21 58 27 69 93 31 0 14
5 44 70 91 91 25 59 72 88 100 27 0 21
4 78 40 38 68 55 89 88 95 32 42 0 16
7 22 40 77 50 60 50 38 42 54 36 0 31
9 92 91 24 74 55 71 46 27 68 46 0 41
4 89 38 57 66 92 78 96 21 92 28 0 20
9 71 34 23 23 55 80 67 91 65 24 0 42
7 72 42 96 46 78 82 33 47 87 73 0 33
5 60 40 93 32 58 53 37 63 81 25 0 22
6 34 25 84 88 95 43 89 69 71 27 0 28
2 45 85 46 86 86 70 38 62 46 25 0 10
4 70 81 38 49 94 30 52 100 80 28 0 17
5 54 31 97 53 47 42 68 90 66 94 0 25
7 44 30 68 52 58 73 39 91 79 86 0 31
4 88 76 44 25 60 25 95 65 72 95 0 16
6 97 92 78 84 75 44 24 60 78 80 0 29
3 34 29 23 24 63 38 74 73 22 68 0 12
2 50 81 87 61 27 61 99 62 57 74 0 10
8 71 43 96 77 92 97 20 86 25 47 0 40
5 68 59 67 85 93 91 23 37 26 22 0 25
9 41 32 35 37 62 78 34 36 92 71 0 45
6 90 81 54 52 25 28 92 76 39 29 0 27
7 97 44 55 99 94 68 83 30 47 23 0 35
3 78 96 95 37 78 80 24 42 27 31 0 11
10 78 75 55 32 97 22 39 93 72 67 0 48
9 67 58 81 33 88 77 72 64 47 54 0 42
6 98 38 63 40 85 21 89 36 99 38 0 29
6 81 85 74 20 56 58 53 80 87 74 0 28
10 96 94 57 46 70 89 63 52 67 66 0 48
9 46 82 72 23 87 55 60 78 47 40 0 43
3 68 46 95 46 83 38 79 86 56 30 0 15
7 40 55 65 97 51 33 22 90 33 77 0 34
8 32 80 60 71 87 25 24 86 62 37 0 39
6 61 23 21 76 36 22 83 69 65 21 0 27
8 32 48 90 82 84 95 50 48 39 72 0 36
4 33 73 76 91 44 98 86 66 33 59 0 17
5 75 67 42 95 71 80 42 70 61 84 0 24
4 40 52 83 59 55 29 66 80 34 41 0 18
3 73 29 78 43 80 91 93 81 41 38 0 11
8 34 47 90 31 69 50 91 39 79 89 0 36
5 27 41 24 95 66 100 94 37 91 36 0 25
3 21 72 64 82 59 52 43 77 37 69 0 12
8 78 39 51 89 26 89 94 38 95 79 0 36
9 100 75 75 45 21 54 83 74 73 86 0 45
4 93 87 84 35 78 39 52 95 80 98 0 19
7 23 35 100 37 52 72 30 39 96 91 0 35
5 42 100 33 52 56 52 72 23 93 50 0 23
5 79 37 93 34 68 87 32 35 34 49 0 25
6 77 88 29 61 45 38 62 35 85 64 0 29
9 36 26 92 78 34 90 47 36 77 99 0 45
7 41 40 27 38 50 26 85 78 81 45 0 31
4 29 66 76 96 85 32 78 93 52 50 0 20
3 56 99 53 90 30 50 73 75 96 22 0 14
3 26 21 68 51 55 95 22 38 78 59 0 13
8 28 57 39 23 45 69 23 80 26 82 0 37
7 74 56 78 98 64 52 82 23 53 47 0 33
10 77 64 34 97 29 74 31 56 45 86 0 49
3 29 81 61 37 100 68 42 86 92 71 0 13
8 33 47 86 51 91 64 36 40 74 28 0 38
6 36 57 69 39 98 48 80 30 67 89 0 29
9 82 41 38 80 44 92 55 66 100 64 0 45
6 48 80 50 64 44 24 44 31 28 63 0 28
6 40 27 32 71 57 49 43 100 62 42 0 26
4 47 71 70 21 21 89 72 24 93 82 0 16
7 45 89 52 64 44 80 23 82 63 68 0 35
8 45 66 95 90 34 64 94 44 44 84 0 40
9 35 59 87 33 40 57 41 96 69 93 0 41
6 20 86 90 81 40 53 100 25 78 27 0 30
4 21 65 66 70 100 71 97 70 82 44 0 17
8 85 65 98 97 82 93 49 40 29 91 0 40
7 42 46 40 91 51 45 28 94 52 31 0 31
9 61 87 88 60 65 62 41 44 26 44 0 42
5 36 59 100 35 83 50 63 51 77 51 0 23
10 77 46 44 91 93 45 54 92 20 48 0 49
7 76 28 76 59 73 92 43 84 68 62 0 32
7 41 41 85 83 69 68 62 23 85 100 0 34
3 81 75 42 74 88 75 97 39 56 97 0 11
5 26 90 25 49 78 62 54 85 27 90 0 21
8 57 28 95 20 37 73 77 29 24 55 0 40
6 66 46 29 100 98 93 82 75 76 91 0 26
10 89 64 72 73 98 28 69 21 93 87 0 48
10 99 65 35 29 36 93 62 63 54 73 0 46
5 35 47 73 45 21 50 86 41 66 73 0 25
6 75 100 75 41 26 29 55 34 46 38 0 26
3 87 36 44 69 49 59 56 76 65 53 0 11
3 23 88 87 39 83 67 54 72 75 70 0 13
6 21 73 74 70 85 60 66 95 59 96 0 28
3 90 63 39 98 94 79 36 36 97 28 0 15
3 90 69 62 58 67 86 72 46 50 76 0 13
8 36 96 69 66 97 29 24 59 95 32 0 36
5 49 33 48 54 30 20 38 39 83 25 0 23
7 84 30 93 46 28 42 99 62 28 40 0 34
7 42 43 70 75 75 98 28 89 39 85 0 33
8 38 63 99 23 46 94 98 63 79 58 0 40
3 92 96 74 71 37 90 37 21 42 76 0 14
3 92 25 97 85 61 81 91 30 64 38 0 14
4 64 25 88 71 74 80 42 98 59 21 0 20
10 39 22 58 98 78 68 53 52 74 41 0 50
3 22 21 100 83 57 88 28 27 50 77 0 13
8 65 65 51 56 58 65 60 97 20 87 0 38
4 96 90 28 70 70 31 62 63 38 21 0 17
3 29 79 68 25 100 44 53 69 31 40 0 12
5 36 28 73 61 23 78 55 26 42 76 0 23
10 83 53 91 98 25 100 47 75 39 90 0 50
8 52 64 42 20 96 38 59 72 59 29 0 40
6 76 63 92 91 25 57 36 94 78 43 0 27
3 31 88 72 33 40 53 77 83 77 78 0 15
6 45 75 48 59 36 53 29 33 98 38 0 28
10 50 53 50 58 87 78 21 26 24 38 0 48
7 69 45 48 56 79 98 93 71 72 84 0 33
6 92 32 24 68 70 52 50 98 47 58 0 28
9 97 49 96 81 28 36 42 21 50 80 0 42
6 85 56 77 81 65 95 71 70 31 40 0 29
9 49 70 60 30 36 31 67 99 22 79 0 41
7 78 44 66 32 24 41 70 26 85 39 0 32
6 74 23 78 62 43 39 74 45 37 32 0 30
10 53 23 56 38 96 43 68 62 49 59 0 48
3 40 75 42 96 41 87 38 25 61 76 0 14
5 54 63 23 21 87 48 33 38 54 39 0 25
6 62 61 55 67 84 74 46 60 52 67 0 29
2 45 22 61 52 93 74 52 93 91 79 0 10
5 99 58 27 25 21 49 92 87 56 83 0 22
3 35 57 93 87 45 43 38 34 87 42 0 11
4 55 61 40 79 89 70 75 55 71 75 0 20
9 21 45 48 69 30 58 39 20 30 65 0 43
6 56 68 42 93 34 94 39 64 66 38 0 28
8 30 62 41 84 54 80 64 80 52 56 0 36
6 64 68 31 97 63 68 47 52 50 32 0 29
7 90 63 95 39 61 55 39 42 26 87 0 31
10 37 24 21 70 33 49 89 23 64 46 0 49
3 46 48 88 66 53 79 25 88 24 84 0 14
8 57 74 43 25 70 81 22 75 69 22 0 37
7 21 91 67 28 46 80 36 33 76 46 0 34
4 58 23 52 22 24 63 60 71 38 66 0 17
10 55 93 40 23 70 64 95 25 61 95 0 50
3 80 83 41 87 65 56 74 58 20 30 0 14
7 24 24 22 64 22 38 85 53 36 100 0 34
6 89 71 74 30 41 85 97 64 71 78 0 26
7 87 88 82 37 34 40 47 38 57 57 0 34
9 87 76 58 33 81 42 59 55 83 34 0 43
6 92 40 74 71 90 63 78 34 93 45 0 28
9 39 47 91 57 47 23 80 59 26 59 0 45
6 22 70 86 75 87 29 37 46 34 100 0 27
3 28 45 50 55 28 37 44 40 49 55 0 12
2 24 96 96 50 67 47 91 87 78 67 0 10
4 40 56 66 27 41 25 59 84 55 55 0 19
6 65 68 96 95 28 79 33 44 29 90 0 27
8 69 67 35 90 92 83 34 32 93 76 0 36
8 69 75 38 40 84 59 70 96 73 63 0 38
7 48 96 82 58 80 63 27 59 99 82 0 35
10 96 50 58 79 40 24 33 100 41 56 0 48
7 62 85 22 73 88 89 52 90 50 40 0 34
10 45 45 96 33 48 24 68 88 54 58 0 48
5 97 66 84 52 58 99 49 46 35 51 0 24
9 22 73 53 38 49 78 93 93 23 23 0 45
3 25 87 48 52 92 91 76 93 96 41 0 15
9 98 95 98 86 70 46 37 72 56 76 0 45
8 20 79 35 90 26 49 70 58 46 70 0 39
4 94 73 99 79 80 35 39 42 34 26 0 17
3 37 57 36 27 76 24 76 24 54 68 0 13
6 29 72 40 99 85 49 46 59 27 26 0 29
9 84 54 43 61 29 61 73 30 69 63 0 45
6 39 32 69 76 24 82 67 49 86 25 0 26
8 50 59 89 82 52 91 30 73 93 83 0 38
8 79 98 73 41 37 94 59 73 90 38 0 38
10 46 24 39 54 88 76 75 86 49 38 0 46
3 100 30 57 63 43 29 41 50 56 38 0 14
8 92 85 46 29 93 60 64 40 86 34 0 39
5 34 84 83 82 59 75 97 66 94 82 0 24
5 42 77 46 46 94 56 97 23 95 62 0 23
8 89 64 25 22 99 65 23 86 59 78 0 37
10 79 76 23 50 96 59 39 52 39 49 0 46
10 27 74 27 52 49 40 79 38 87 85 0 47
5 58 54 94 77 49 69 66 71 37 72 0 23
9 27 76 89 26 61 56 74 30 65 95 0 44
4 50 81 48 99 39 54 35 73 60 35 0 16
6 46 24 52 32 68 85 93 96 41 49 0 29
5 80 61 46 57 70 92 21 94 52 50 0 21
7 35 77 84 86 77 93 71 63 32 96 0 31
10 61 20 54 64 39 40 28 33 70 72 0 49
2 54 54 21 57 35 56 33 68 40 21 0 10
9 60 33 89 27 98 44 34 32 85 24 0 45
6 21 99 58 69 90 75 72 43 74 79 0 28
2 76 81 67 46 48 62 23 63 88 64 0 10
3 35 74 83 46 49 51 89 74 33 24 0 12
7 27 71 44 25 24 100 29 39 93 38 0 35
5 26 34 90 20 91 23 62 21 51 57 0 21
10 42 46 43 95 53 52 71 71 65 49 0 48
8 88 84 63 46 21 77 32 90 51 52 0 36
7 93 64 92 46 28 97 70 57 41 85 0 31
10 100 65 47 61 31 38 61 82 47 67 0 47
9 33 61 23 74 41 95 62 84 39 32 0 43
3 57 62 81 68 79 49 53 84 27 79 0 14
7 75 38 83 62 83 29 31 41 50 33 0 34
9 41 61 25 32 44 20 30 98 26 80 0 45
7 29 48 89 29 75 99 47 57 28 63 0 32
7 28 61 34 64 62 36 61 21 65 98 0 33
6 71 68 67 51 85 23 70 43 23 62 0 30
5 44 23 62 47 21 38 88 62 48 51 0 21
3 64 72 31 99 89 52 70 91 26 83 0 12
10 91 27 67 78 78 76 42 26 30 58 0 47
3 42 40 26 90 32 70 46 80 95 43 0 13
5 71 57 57 69 50 55 80 55 61 35 0 23
3 60 69 61 96 39 68 37 60 94 40 0 14
10 87 100 99 64 47 98 82 64 98 70 0 49
3 70 49 39 35 26 61 79 53 73 69 0 15
6 73 74 79 59 71 36 42 51 83 64 0 28
6 94 65 36 59 83 25 37 96 23 43 0 28
5 41 78 86 71 97 39 24 20 81 76 0 23
7 91 44 35 86 23 34 83 25 61 74 0 34
7 87 31 85 90 49 60 66 32 95 61 0 35
9 76 28 73 40 53 93 42 82 31 60 0 41
3 39 83 92 28 100 86 63 59 81 33 0 14
8 65 26 83 51 92 77 70 43 33 31 0 39
6 95 48 98 39 30 26 77 28 49 52 0 28
3 23 26 92 50 20 91 54 74 27 44 0 13
10 23 35 58 100 49 33 56 29 62 97 0 49
9 43 57 67 45 21 30 98 94 74 37 0 45
7 59 65 38 92 61 46 89 22 53 36 0 31
9 28 45 94 65 46 69 86 50 34 65 0 45
7 29 41 89 48 32 78 64 81 48 83 0 34
2 50 47 49 72 74 78 80 87 80 99 0 10
10 53 71 47 72 91 22 48 41 99 64 0 47
7 90 46 41 32 20 20 89 44 47 99 0 32
7 67 37 97 55 30 78 99 93 42 98 0 32
6 26 89 68 78 92 78 51 80 35 98 0 26
9 39 95 68 36 66 41 53 33 26 92 0 43
4 39 87 92 49 45 40 86 100 56 58 0 19
6 49 43 81 45 24 48 45 74 46 36 0 29
7 59 78 84 63 84 96 66 94 82 83 0 34
10 31 30 47 99 96 64 77 24 91 72 0 48
8 24 37 97 93 52 22 74 29 82 37 0 37
5 46 51 100 76 65 85 27 84 21 93 0 25
9 65 100 41 89 38 72 71 63 57 70 0 44
6 75 69 29 65 65 34 65 77 48 37 0 30
5 31 24 38 74 52 45 61 48 70 25 0 24
9 28 73 93 77 95 90 54 32 42 58 0 42
8 26 61 55 62 86 91 30 93 90 58 0 37
10 75 22 88 48 70 69 59 72 96 31 0 49
4 41 56 39 47 73 51 89 32 81 92 0 18
9 63 80 52 54 22 28 45 29 90 27 0 44
4 75 93 77 37 76 70 56 47 90 55 0 20
6 33 79 86 68 52 53 95 22 28 71 0 29
8 70 72 35 63 73 78 22 100 52 100 0 38
2 29 27 29 70 30 70 45 27 66 60 0 10
10 73 76 48 31 92 94 79 28 84 90 0 46
7 51 85 66 44 83 99 92 20 43 89 0 32
9 63 45 80 89 60 64 83 70 96 93 0 45
4 63 34 23 74 70 87 66 85 56 62 0 17
10 90 70 75 66 84 54 61 62 69 25 0 50
6 23 32 24 67 34 48 28 87 33 51 0 30
6 42 89 65 66 72 79 24 26 35 22 0 27
10 95 66 32 54 27 47 53 55 65 49 0 47
8 32 20 23 89 24 68 83 96 57 76 0 39
3 66 96 93 65 68 95 96 36 20 43 0 13
9 43 40 63 84 51 86 43 34 87 43 0 41
8 65 81 87 29 51 98 73 94 53 24 0 38
3 29 83 74 25 93 45 87 29 65 50 0 12
7 24 34 58 82 77 45 25 66 56 35 0 31
10 71 43 96 79 25 68 74 41 38 29 0 50
9 89 76 25 33 79 41 61 59 83 82 0 42
10 28 67 48 96 72 43 87 68 97 23 0 50
5 76 88 59 32 62 90 21 28 92 93 0 25
4 54 80 48 32 64 24 63 27 38 61 0 17
9 63 43 40 30 77 85 81 20 81 97 0 45
3 69 35 90 64 48 46 63 94 40 76 0 14
8 75 39 93 39 58 46 56 39 87 53 0 37
4 58 43 77 61 24 22 59 68 21 81 0 16
8 42 81 38 76 95 82 89 70 37 37 0 40
4 66 60 94 76 94 37 67 74 63 86 0 16
10 46 82 69 58 95 90 68 78 66 74 0 48
9 80 22 58 69 92 93 82 29 95 22 0 42
3 44 69 91 36 66 22 34 94 88 49 0 12
3 24 25 37 57 36 26 82 52 90 91 0 13
10 48 54 47 31 45 44 36 65 71 94 0 47
8 78 60 61 72 28 84 24 33 100 84 0 39
7 36 81 86 27 34 47 73 63 38 25 0 33
3 25 86 82 34 49 74 49 76 78 91 0 15
7 72 21 73 100 97 94 75 32 30 26 0 35
8 68 56 40 91 88 86 75 73 74 22 0 39
10 95 99 30 88 70 98 24 20 90 48 0 50
9 29 52 67 94 89 57 89 75 79 66 0 45
7 24 55 97 46 91 83 25 83 48 38 0 34
9 87 33 62 57 46 30 87 38 41 36 0 41
10 81 60 46 26 45 45 82 41 26 68 0 47
6 93 93 33 66 84 63 60 70 66 44 0 26
3 84 89 36 92 99 57 40 79 99 66 0 15
4 31 50 65 74 45 53 86 57 92 71 0 18
7 95 42 97 74 75 84 92 50 58 97 0 34
3 99 63 81 22 37 80 55 34 71 69 0 11
6 35 83 56 43 97 86 67 89 64 72 0 30
6 26 61 35 36 43 58 53 55 99 37 0 28
9 42 38 54 49 76 45 64 24 27 90 0 43
6 23 68 82 29 56 71 86 30 99 91 0 26
5 96 58 71 33 46 94 45 83 35 64 0 22
6 88 36 31 28 61 40 57 92 37 48 0 27
9 92 65 44 62 39 63 28 88 70 81 0 41
8 69 61 31 30 33 64 75 100 73 61 0 40
10 74 90 26 49 66 57 32 24 37 94 0 46
6 99 85 20 46 47 53 100 73 78 89 0 26
6 62 58 59 42 73 26 38 88 92 83 0 30
4 47 68 89 21 20 34 82 95 23 37 0 16
9 83 36 29 81 86 81 44 65 40 79 0 42
4 84 32 61 27 91 22 24 41 93 85 0 18
6 24 46 77 33 21 38 33 79 79 76 0 30
6 97 83 58 60 71 32 50 60 42 39 0 26
3 95 91 34 42 72 24 61 85 50 66 0 15
7 60 42 87 82 78 69 92 59 100 68 0 34
9 37 44 86 73 77 86 27 90 47 32 0 45
5 67 32 97 95 46 99 64 61 26 100 0 22
6 61 75 46 78 45 51 68 96 21 77 0 29
9 29 50 45 71 76 33 67 86 85 100 0 45
9 59 88 33 53 36 37 22 43 74 77 0 44
7 64 21 94 52 27 46 55 81 71 98 0 31
9 93 97 62 25 37 53 92 76 49 64 0 41
9 52 42 45 82 53 20 64 31 74 56 0 42
4 70 36 71 36 46 28 28 72 39 98 0 17
7 95 58 58 84 22 76 64 37 65 64 0 34
9 95 33 59 85 65 100 99 90 23 99 0 41
2 86 39 25 86 29 38 55 79 61 49 0 10
4 84 37 26 52 86 87 92 71 29 82 0 20
2 84 32 77 39 60 98 63 62 33 54 0 10
3 82 42 24 57 38 45 29 24 96 34 0 14
8 33 83 34 66 80 82 49 37 58 70 0 37
8 83 36 67 34 44 20 28 69 36 35 0 37
7 71 44 85 41 20 65 100 72 75 89 0 31
4 78 50 98 48 60 66 48 98 35 21 0 18
5 58 44 37 52 59 58 86 24 68 64 0 24
5 57 82 82 61 91 40 65 54 69 65 0 25
5 90 93 34 89 72 27 29 28 88 49 0 23
7 67 81 79 28 95 81 45 90 99 64 0 34
9 22 50 64 92 37 65 56 100 70 44 0 43
6 66 48 89 95 29 97 80 37 64 98 0 26
9 84 47 80 99 45 34 35 21 61 79 0 42
7 55 28 75 97 32 71 89 84 33 21 0 33
6 56 97 65 46 22 49 54 64 27 89 0 26
4 89 21 57 56 97 32 68 37 54 70 0 19
2 97 23 95 85 20 62 37 28 62 96 0 10
5 24 68 46 46 51 26 99 22 39 56 0 23
5 28 89 81 39 70 49 69 77 67 65 0 24
3 88 92 54 90 78 54 88 86 83 59 0 13
7 50 59 82 56 31 66 57 54 76 72 0 32
8 78 39 90 77 48 36 63 24 63 21 0 39
8 67 45 71 96 99 52 24 70 49 62 0 39
3 62 70 80 34 79 22 60 58 91 51 0 12
2 55 57 85 37 65 37 92 92 65 28 0 10
8 85 41 49 92 28 65 36 45 92 49 0 39
7 58 61 70 55 65 80 96 40 88 37 0 32
5 32 75 92 35 87 90 43 34 46 25 0 24
6 38 30 83 72 80 53 90 89 40 50 0 29
4 49 65 58 78 76 76 60 94 51 29 0 20
3 45 99 87 35 69 92 22 59 69 27 0 14
5 84 52 32 39 53 100 67 34 34 42 0 21
6 92 75 42 39 80 81 34 42 76 30 0 27
6 25 23 72 69 34 63 27 21 91 69 0 27
10 84 39 94 55 52 82 89 80 32 69 0 49
10 80 46 98 63 62 51 39 33 85 59 0 46
7 95 57 77 90 91 34 62 74 76 43 0 34
9 98 52 65 53 62 30 34 39 64 72 0 41
4 90 92 45 93 54 98 33 68 82 70 0 16
5 28 34 84 26 97 46 62 63 38 65 0 24
5 73 72 51 76 57 86 80 52 94 100 0 25
9 77 98 81 86 36 92 36 78 71 81 0 44
9 42 90 52 55 84 88 46 72 89 26 0 44
4 89 65 63 99 78 94 20 67 82 76 0 20
4 80 34 48 59 94 25 77 86 74 33 0 17
9 26 29 89 21 47 54 47 89 71 40 0 43
10 62 43 36 47 80 92 87 34 91 88 0 49
10 95 84 95 44 87 78 37 37 43 21 0 47
3 45 70 26 70 93 56 54 97 48 76 0 12
8 44 86 75 70 50 77 89 47 32 28 0 37
3 83 52 42 29 58 23 23 99 90 34 0 13
4 36 70 47 52 58 28 67 78 66 75 0 19
6 66 26 55 38 49 44 35 85 44 45 0 26
5 78 32 62 41 79 91 46 95 63 78 0 21
3 73 83 34 75 95 43 92 58 34 86 0 14
7 64 63 53 89 26 39 48 23 25 48 0 31
10 51 46 74 99 52 95 26 38 24 85 0 47
8 80 49 49 93 32 38 97 64 99 58 0 37
10 85 76 28 99 27 49 67 59 55 22 0 49
10 22 57 41 100 42 49 60 100 88 35 0 46
7 95 48 97 36 84 28 60 36 42 23 0 32
7 57 67 93 61 78 92 73 20 69 81 0 35
7 45 88 96 44 24 21 60 56 40 50 0 34
7 78 63 99 94 78 75 50 95 46 96 0 34
9 27 81 100 75 77 21 71 93 22 58 0 44
6 61 41 25 78 78 40 85 63 82 95 0 27
4 34 49 81 97 65 48 83 65 85 38 0 16
5 71 78 89 35 70 35 54 20 49 92 0 24
6 33 43 41 98 75 24 63 89 77 30 0 27
7 99 28 78 72 35 78 99 83 65 68 0 34
8 83 46 44 27 27 99 45 90 38 61 0 38
10 89 43 35 32 78 74 76 75 38 79 0 46
2 74 92 85 72 82 36 85 89 48 52 0 10
9 71 46 65 88 56 60 74 59 84 86 0 43
5 58 30 78 77 60 37 96 58 52 55 0 25
5 77 84 54 75 77 37 48 55 63 84 0 23
6 44 59 74 90 87 32 36 73 45 66 0 26
9 23 51 56 69 75 79 84 28 93 29 0 44
7 39 52 63 70 51 33 43 94 99 59 0 35
3 83 52 37 34 34 23 61 99 74 67 0 12
4 35 59 42 64 70 86 58 37 37 49 0 19
5 86 73 93 36 25 77 57 59 75 87 0 22
3 52 85 80 60 67 66 74 86 67 91 0 14
6 84 29 84 43 41 23 69 26 100 57 0 29
5 88 63 91 69 90 21 63 100 50 47 0 21
6 38 35 67 34 43 50 78 59 46 52 0 30
10 36 23 28 89 85 94 22 35 26 26 0 48
10 49 55 64 99 68 28 90 54 34 89 0 47
2 21 53 39 65 78 88 25 72 33 40 0 10
6 45 66 38 30 79 92 60 39 94 31 0 26
8 68 89 91 57 52 21 55 20 58 80 0 40
8 34 73 85 22 98 47 49 59 95 38 0 39
4 97 64 92 25 92 47 99 79 58 86 0 19
3 81 64 34 69 74 44 96 44 51 81 0 13
8 39 93 91 74 67 67 82 93 79 78 0 36
10 53 71 51 70 43 83 72 71 67 28 0 50
6 47 54 66 45 47 83 22 41 91 65 0 26
7 48 53 99 80 63 41 66 47 54 91 0 31
8 76 55 54 58 64 74 43 47 40 69 0 39
7 73 97 77 29 21 90 51 74 78 62 0 34
8 29 53 99 43 71 30 48 26 21 87 0 38
8 93 98 89 68 64 48 50 79 44 40 0 39
9 92 41 74 56 96 80 35 20 76 71 0 43
10 26 84 95 79 52 24 26 66 27 93 0 50
6 77 34 88 64 39 40 80 31 99 79 0 27
3 73 85 51 57 93 85 28 81 81 54 0 13
8 92 28 22 99 86 39 69 80 82 84 0 40
6 91 75 99 97 37 32 42 53 30 27 0 28
4 25 35 100 28 56 44 75 34 86 79 0 20
7 44 51 36 80 27 86 54 100 34 23 0 33
5 40 49 45 75 64 81 20 33 31 27 0 21
10 23 36 47 34 37 32 64 79 47 69 0 48
6 24 26 20 42 81 89 91 51 57 35 0 29
4 98 38 23 22 23 79 81 70 86 97 0 19
4 55 74 45 52 93 65 68 90 37 43 0 20
2 44 51 60 47 93 64 55 51 25 34 0 10
9 70 43 24 22 57 42 24 36 28 67 0 44
6 66 61 55 42 28 39 46 72 50 100 0 27
4 88 98 23 66 48 50 87 73 39 72 0 20
4 59 64 77 51 67 47 48 81 74 97 0 20
2 73 44 78 97 65 46 51 62 92 77 0 10
10 43 74 26 71 70 64 21 100 62 53 0 47
4 37 95 62 83 71 83 36 61 72 59 0 19
5 90 47 52 77 20 45 77 51 98 41 0 23
10 50 30 56 82 80 25 73 62 60 89 0 48
6 43 49 81 71 74 87 66 51 38 65 0 28
10 42 58 69 80 92 63 29 38 100 46 0 48
5 44 38 26 38 53 48 42 40 65 86 0 24
8 35 77 43 48 67 69 89 66 79 32 0 36
10 67 65 88 61 69 27 42 50 37 90 0 48
6 58 41 26 74 61 24 66 84 41 50 0 28
8 30 37 60 25 35 62 94 52 51 39 0 36
8 29 94 37 93 62 86 32 42 71 22 0 39
4 24 73 42 92 92 92 68 60 57 70 0 16
6 77 68 82 83 78 26 42 85 23 99 0 29
9 47 38 58 70 100 91 29 73 58 45 0 45
3 36 78 44 67 46 46 96 85 68 27 0 13
7 33 41 20 71 29 60 90 48 59 46 0 34
8 31 93 74 98 57 87 80 87 96 55 0 39
4 87 58 74 40 54 31 89 43 54 40 0 19
7 72 85 26 92 56 86 21 94 23 76 0 33
7 69 52 53 73 55 40 21 24 28 69 0 35
9 66 20 41 82 72 32 89 87 48 79 0 41
7 44 30 57 87 53 55 37 46 96 56 0 31
4 31 51 52 27 69 89 78 42 22 67 0 20
9 94 48 29 71 52 62 71 52 31 63 0 44
8 24 66 99 26 99 95 97 84 89 37 0 40
6 97 28 89 34 48 90 68 47 91 57 0 30
6 68 87 89 68 96 60 46 31 57 89 0 29
9 64 86 51 85 61 99 41 57 34 88 0 43
8 78 20 79 85 65 68 30 92 38 43 0 38
10 30 96 36 27 74 98 53 89 46 53 0 49
8 77 33 47 49 99 50 100 82 29 99 0 40
6 22 58 68 68 63 87 89 53 62 53 0 30
6 53 93 89 46 79 57 20 29 74 45 0 29
9 33 52 77 80 88 28 58 82 95 64 0 42
4 76 80 38 41 79 68 64 25 62 59 0 18
8 93 37 35 91 86 48 22 66 28 55 0 40
10 85 76 41 30 23 87 49 27 46 22 0 49
4 82 52 53 51 78 80 20 82 57 85 0 20
3 22 62 72 53 36 62 65 41 68 87 0 15
6 48 80 86 82 49 22 53 70 24 42 0 26
5 67 69 78 72 83 23 34 51 58 79 0 23
8 43 72 35 42 90 48 92 54 61 43 0 37
8 35 83 52 39 44 49 43 66 86 92 0 37
9 66 45 33 53 100 62 96 40 58 36 0 44
6 76 56 40 53 80 76 99 25 81 41 0 28
3 65 60 100 26 55 51 85 79 23 74 0 14
9 83 99 99 68 61 52 49 72 32 93 0 43
3 67 60 59 76 60 95 46 82 67 50 0 12
8 81 46 23 34 42 26 21 63 32 46 0 38
7 85 50 42 89 42 80 21 35 87 24 0 33
7 58 43 68 64 22 80 23 61 79 95 0 35
6 80 89 23 35 46 24 64 24 87 46 0 27
3 44 51 69 62 74 57 29 30 22 33 0 15
10 49 25 25 39 43 37 72 68 64 64 0 47
10 61 76 90 62 47 28 89 28 52 32 0 50
5 55 40 27 54 65 99 29 83 84 87 0 21
8 70 83 92 96 90 54 96 36 79 90 0 39
8 82 31 52 80 60 29 90 94 71 43 0 39
5 61 56 30 68 66 82 34 68 91 49 0 22
6 76 86 50 72 89 40 36 62 27 50 0 29
5 79 78 40 57 20 93 44 39 58 26 0 25
6 52 68 88 92 82 28 61 68 95 67 0 30
3 77 61 25 85 61 86 33 80 63 57 0 14
5 21 57 23 67 63 75 44 70 45 57 0 22
10 35 87 84 36 37 91 32 31 58 32 0 47
4 90 90 84 51 67 58 77 52 100 40 0 18
3 82 64 32 35 83 82 84 75 75 32 0 11
4 77 34 86 52 66 90 89 96 22 98 0 17
5 89 74 65 87 26 45 89 69 95 38 0 23
3 75 98 44 100 28 44 54 72 73 57 0 11
6 37 43 32 91 57 69 40 37 68 70 0 26
9 63 97 81 100 74 24 56 85 54 89 0 44
5 67 69 64 45 88 47 39 89 69 20 0 21
4 35 57 56 59 98 31 56 33 41 54 0 18
8 43 65 55 86 23 62 47 59 31 34 0 39
3 94 54 67 30 96 50 43 53 35 87 0 13
3 27 94 33 36 69 22 37 44 93 79 0 11
8 88 74 38 72 32 64 85 57 84 42 0 38
6 33 59 67 58 52 97 72 69 73 59 0 26
7 64 26 45 25 42 43 67 83 51 37 0 32
9 31 49 65 79 100 76 70 64 62 42 0 42
6 100 48 31 65 63 74 57 89 33 69 0 30
4 51 26 44 65 29 50 78 42 22 20 0 17
7 35 35 94 35 61 66 93 98 85 84 0 33
4 71 97 72 59 88 68 40 47 39 37 0 16
10 50 74 72 68 41 67 48 54 74 36 0 50
4 51 62 25 56 82 69 95 83 27 53 0 20
8 25 79 61 87 46 45 64 47 98 56 0 38
6 60 76 86 65 72 35 56 56 82 69 0 30
5 20 96 72 43 44 80 98 90 73 50 0 22
10 86 23 88 96 68 98 64 34 82 38 0 47
6 54 46 55 80 99 42 21 52 72 55 0 28
10 60 72 74 26 86 45 88 69 30 75 0 49
4 20 63 71 68 43 83 37 70 63 45 0 17
7 88 32 26 69 56 42 25 63 65 65 0 31
7 94 94 29 25 22 62 61 22 42 36 0 34
10 78 44 21 81 25 48 86 43 52 98 0 46
9 39 32 39 85 52 37 66 63 37 37 0 43
4 77 21 59 65 24 100 80 48 92 41 0 16
4 57 67 90 76 26 96 50 65 83 76 0 18
7 24 48 62 23 53 46 45 95 72 54 0 31
5 37 43 63 65 68 66 27 63 49 32 0 22
10 65 88 21 30 95 80 35 62 97 67 0 48
4 32 33 58 71 41 44 44 21 42 41 0 17
7 95 26 100 58 62 41 66 72 89 37 0 34
7 81 73 97 96 95 50 49 28 38 73 0 31
5 27 73 77 93 84 62 88 99 88 64 0 23
7 48 36 29 50 21 57 26 93 28 46 0 34
4 32 22 37 59 45 84 65 68 58 67 0 19
5 81 61 76 39 66 85 39 22 52 81 0 24
7 58 71 46 29 54 95 41 27 85 53 0 32
7 47 83 60 82 22 87 100 78 63 37 0 33
4 84 28 39 47 68 68 62 44 28 98 0 18
10 38 30 85 33 72 25 50 72 94 26 0 47
3 71 36 70 33 28 28 56 80 77 63 0 14
4 45 83 66 92 93 88 93 73 90 59 0 20
7 100 67 54 30 81 86 99 58 89 91 0 34
4 21 78 81 86 81 70 73 74 70 99 0 19
7 75 44 20 21 38 44 90 74 89 74 0 33
7 61 40 53 42 65 88 67 64 39 55 0 31
10 75 84 27 86 99 35 50 41 63 48 0 47
6 59 50 21 62 97 97 49 79 38 98 0 30
7 95 33 82 69 72 55 94 36 30 92 0 34
10 51 34 67 82 95 31 41 92 77 49 0 48
7 95 96 88 79 97 56 96 78 40 54 0 34
3 33 37 37 72 73 63 40 98 75 39 0 15
3 37 89 34 43 67 65 99 23 76 62 0 13
3 94 59 51 99 32 22 47 100 47 71 0 13
3 20 75 41 67 79 87 81 58 32 49 0 11
8 59 34 75 31 47 55 55 88 58 26 0 36
4 45 87 73 40 26 65 28 85 56 47 0 17
10 39 89 37 74 97 78 68 77 91 45 0 46
7 55 47 21 35 67 38 88 46 59 44 0 32
10 29 66 27 63 73 59 25 43 24 21 0 49
4 90 43 69 24 74 66 48 79 75 61 0 19
7 51 26 26 36 36 100 95 23 80 86 0 33
7 97 47 94 76 56 89 31 41 38 92 0 32
8 60 67 59 93 83 61 67 32 37 88 0 37
7 30 38 62 91 91 69 48 32 26 25 0 33
3 52 67 70 77 49 98 58 54 91 60 0 13
8 33 90 98 89 20 50 44 36 22 28 0 37
9 59 60 70 85 59 63 44 70 82 36 0 41
10 30 100 74 21 96 92 77 79 24 97 0 49
7 70 66 37 54 43 82 89 56 42 39 0 34
3 53 70 23 38 54 72 65 41 76 29 0 13
3 80 95 41 81 89 41 42 86 59 77 0 14
7 96 98 35 34 79 72 92 97 49 40 0 34
7 49 43 36 40 51 93 63 87 42 76 0 34
3 87 72 99 55 99 84 70 27 50 90 0 14
9 75 34 46 89 45 39 73 88 22 37 0 43
7 88 67 39 83 76 54 55 29 65 26 0 34
9 72 82 88 41 44 37 41 20 24 25 0 43
10 28 24 41 74 58 80 90 71 69 50 0 48
6 29 44 23 92 42 24 87 97 22 34 0 28
9 41 65 97 36 43 76 85 83 42 24 0 43
9 93 42 91 22 80 63 29 66 86 73 0 45
8 70 89 81 96 22 93 88 28 95 65 0 38
4 78 79 89 31 51 24 67 37 37 35 0 20
7 43 59 78 83 63 28 46 26 51 23 0 34
7 32 31 90 97 62 63 76 75 78 87 0 31
4 73 80 77 30 46 89 25 92 34 45 0 17
3 34 81 29 30 40 83 68 44 27 64 0 14
8 70 75 53 98 98 25 41 92 31 91 0 38
7 89 87 64 72 52 28 89 81 76 67 0 33
9 71 59 76 21 32 25 83 67 96 50 0 41
3 31 71 35 72 83 68 34 72 30 28 0 15
10 23 79 88 84 92 70 94 68 90 30 0 50
9 70 81 53 36 23 49 41 95 71 41 0 42
8 57 53 26 41 45 28 71 22 91 50 0 40
3 51 45 45 85 70 74 92 25 93 69 0 12
9 74 66 90 85 30 98 43 70 94 57 0 44
5 48 52 78 50 83 65 41 50 65 77 0 23
3 99 31 71 95 84 66 90 78 25 87 0 15
10 75 62 75 82 81 35 31 50 71 81 0 50
8 95 79 24 56 97 39 87 68 73 48 0 38
9 20 79 90 34 58 27 37 92 87 48 0 45
9 34 70 37 74 79 88 55 43 26 41 0 44
9 88 96 21 38 22 71 82 79 52 88 0 45
10 75 44 61 29 56 59 43 80 89 70 0 47
7 32 52 82 97 34 28 40 69 73 97 0 34
10 99 91 26 60 89 99 73 35 58 68 0 49
10 58 90 63 85 58 21 46 73 100 73 0 46
7 77 69 100 51 41 41 29 33 22 88 0 35
8 54 74 42 50 72 72 77 28 74 21 0 37
5 39 86 32 55 90 81 21 55 68 89 0 21
3 27 52 43 27 56 48 63 27 38 78 0 14
9 76 53 50 72 97 72 41 83 99 26 0 45
9 73 38 37 46 42 59 81 70 32 95 0 45
6 49 85 67 43 79 98 63 84 27 94 0 27
6 87 22 100 94 34 50 55 39 95 53 0 26
9 75 52 82 48 77 50 32 55 57 50 0 44
8 92 22 88 92 85 79 29 90 77 50 0 38
9 70 32 32 89 80 87 85 69 97 79 0 45
10 65 67 37 35 85 80 99 68 76 94 0 49
3 83 90 43 80 95 53 45 26 80 83 0 12
10 32 63 92 67 20 85 45 53 30 63 0 49
10 24 42 36 46 47 34 97 92 91 48 0 50
6 40 45 22 45 72 45 24 84 65 63 0 27
6 64 76 89 79 27 62 67 89 99 48 0 28
5 59 73 68 66 94 64 54 89 31 62 0 21
6 65 72 100 26 98 26 91 32 57 45 0 26
9 85 70 42 25 90 42 97 25 76 46 0 43
7 51 21 30 36 81 23 41 85 90 30 0 31
3 62 74 72 98 97 43 71 93 52 94 0 11
9 20 61 53 74 50 78 77 69 42 100 0 41
8 28 76 63 70 57 86 60 46 33 37 0 37
9 56 68 58 33 85 68 51 48 80 84 0 43
9 52 34 92 44 68 99 47 40 24 90 0 42
3 26 64 36 96 38 75 74 97 37 85 0 15
4 81 96 23 75 53 81 26 37 85 58 0 19
6 89 71 24 21 38 31 55 99 99 85 0 27
7 86 98 60 56 72 42 24 58 24 85 0 33
3 89 72 68 58 88 38 51 99 40 77 0 14
4 77 73 48 72 43 31 71 83 20 39 0 19
6 61 66 59 88 82 34 48 44 60 58 0 29
7 42 63 89 44 43 81 58 67 27 50 0 35
9 45 53 70 40 97 76 70 24 47 91 0 44
8 46 92 60 52 97 47 64 33 58 81 0 39
4 87 97 90 29 100 32 29 27 26 34 0 20
9 28 68 35 49 31 94 95 60 73 43 0 42
3 47 93 42 73 27 62 68 88 47 45 0 11
10 45 60 70 98 56 44 34 63 62 42 0 47
6 34 58 26 87 60 41 58 27 99 98 0 28
4 93 79 23 82 39 74 22 31 57 36 0 19
3 66 22 58 32 75 75 82 33 40 74 0 12
10 92 83 49 30 51 31 48 57 37 51 0 48
8 35 53 50 39 37 23 59 76 66 87 0 38
9 72 35 91 81 77 63 93 26 61 80 0 42
2 67 90 66 77 55 38 99 92 30 97 0 10
9 59 22 28 24 64 64 83 49 98 76 0 45
5 49 73 56 72 23 55 43 56 86 99 0 21
5 51 46 48 62 63 64 70 71 30 62 0 23
3 98 56 51 23 100 76 23 46 54 56 0 14
6 97 35 85 72 49 88 62 42 33 80 0 26
9 41 64 47 72 77 25 85 33 52 77 0 43
6 81 66 23 21 95 99 78 88 64 77 0 30
8 68 99 59 49 71 60 96 41 32 52 0 37
10 97 36 33 29 70 81 66 27 30 44 0 50
8 36 27 46 51 95 54 23 67 84 32 0 38
10 32 66 46 31 92 99 91 25 68 24 0 47
8 31 23 50 70 83 81 67 93 98 73 0 37
7 21 91 97 23 32 25 69 26 37 33 0 33
7 45 95 43 62 38 52 55 84 24 100 0 32
6 26 32 63 100 93 76 33 85 21 58 0 26
3 82 75 44 76 90 73 57 35 95 34 0 15
4 72 54 37 55 42 72 22 77 35 61 0 18
3 92 82 32 61 65 74 68 36 86 90 0 12
3 22 75 50 70 59 96 63 38 80 24 0 11
6 41 62 89 66 87 98 80 59 96 37 0 29
8 55 88 32 68 20 83 95 81 88 44 0 39
5 22 45 64 96 66 37 58 29 39 47 0 22
9 37 63 35 49 55 76 41 88 82 41 0 43
5 33 64 40 20 38 93 36 28 43 40 0 23
3 23 62 34 63 50 86 98 56 51 31 0 11
10 79 76 42 24 44 32 93 92 87 26 0 47
5 100 89 67 38 57 75 95 32 94 69 0 24
7 93 60 72 21 54 59 56 75 37 33 0 34
5 96 83 39 73 57 27 85 65 30 37 0 25
5 70 36 22 25 58 51 88 45 45 88 0 22
6 49 74 34 59 67 51 58 55 64 43 0 27
6 52 58 75 28 83 35 80 76 33 57 0 27
7 44 96 41 64 53 55 69 32 55 31 0 34
3 42 51 34 36 100 49 31 70 97 53 0 15
4 99 30 24 82 96 99 98 56 53 71 0 19
8 22 80 91 83 22 42 64 41 88 83 0 38
9 92 87 100 36 71 95 43 72 32 100 0 45
7 90 66 42 33 56 45 68 74 56 70 0 33
6 28 83 46 71 93 88 88 46 48 93 0 26
8 48 22 79 70 46 61 54 71 96 49 0 38
9 45 59 61 47 86 29 82 87 96 47 0 45
6 90 36 46 49 74 86 60 77 70 37 0 26
8 72 37 40 33 64 29 77 75 86 92 0 37
3 61 73 60 54 61 44 24 50 57 95 0 11
4 26 21 74 62 50 49 68 55 89 34 0 16
10 52 50 83 56 67 42 86 91 44 85 0 47
3 64 56 89 34 48 27 73 27 67 36 0 13
9 86 80 58 63 94 94 20 56 94 51 0 43
4 22 63 66 33 65 98 65 89 83 29 0 20
6 73 59 79 55 27 87 27 77 43 38 0 30
10 66 64 38 51 62 74 33 26 92 44 0 50
8 31 30 90 27 21 28 63 27 79 25 0 36
7 43 83 31 24 95 72 84 41 41 72 0 34
4 35 77 83 37 47 52 84 99 76 87 0 20
4 30 43 82 70 84 92 84 75 67 56 0 19
4 86 98 57 39 77 31 62 49 47 95 0 20
7 47 27 91 46 21 31 59 66 71 48 0 31
5 51 74 53 53 62 34 69 21 22 22 0 23
9 20 52 39 69 59 51 34 79 74 99 0 43
7 90 60 82 55 35 73 98 48 37 47 0 34
3 63 66 33 47 72 46 28 56 50 98 0 14
3 79 76 69 81 24 80 85 30 58 24 0 12
8 21 25 71 96 65 33 29 66 85 37 0 36
3 68 51 73 39 52 41 55 97 34 48 0 13
9 65 83 90 100 87 98 91 86 48 72 0 42
6 53 68 56 55 43 44 72 53 97 36 0 27
10 58 60 32 23 52 66 31 39 93 33 0 49
7 76 86 46 61 59 32 43 85 32 92 0 34
6 69 51 84 50 81 22 44 84 97 53 0 28
10 75 63 22 53 76 84 71 69 31 85 0 48
5 85 71 39 100 25 52 71 97 91 68 0 21
3 49 86 48 52 81 56 72 80 87 35 0 13
4 72 58 22 39 48 65 98 48 97 65 0 19
3 37 35 91 73 56 59 49 43 85 74 0 13
3 86 39 40 88 58 97 98 88 53 34 0 11
6 79 51 61 31 92 100 20 40 50 38 0 29
10 40 53 61 43 21 41 44 100 22 60 0 48
3 99 25 81 87 32 67 95 62 38 67 0 14
8 88 43 39 82 82 61 83 90 66 67 0 37
6 46 30 76 26 66 26 58 57 71 78 0 27
10 87 86 100 98 63 91 35 94 37 28 0 46
5 22 20 25 54 48 99 27 44 100 26 0 22
10 62 81 77 85 70 87 55 61 55 21 0 49
5 53 64 63 24 59 38 71 76 59 59 0 24
2 35 25 91 46 55 73 100 93 68 29 0 10
6 76 81 29 72 80 23 26 24 95 89 0 30
8 98 39 70 64 34 72 75 32 93 82 0 39
10 43 46 68 21 39 25 30 99 57 25 0 46
5 23 68 50 77 65 68 86 47 100 92 0 25
10 37 96 36 71 57 78 89 72 83 31 0 46
8 52 26 96 82 73 24 87 60 60 63 0 40
8 44 64 26 31 56 53 56 48 83 52 0 37
3 81 31 54 85 24 54 78 39 83 37 0 11
9 54 55 48 61 64 70 52 98 48 69 0 44
3 51 86 30 36 88 27 79 77 81 95 0 14
4 63 61 57 95 77 68 72 28 64 66 0 20
7 100 98 47 63 53 71 67 38 93 25 0 34
5 28 27 57 86 85 33 54 48 57 99 0 22
10 51 22 28 74 34 31 23 70 93 48 0 48
3 24 27 21 35 76 71 74 26 28 93 0 13
3 76 48 85 92 58 48 33 67 92 86 0 14
7 98 56 57 53 48 58 27 48 74 64 0 31
3 62 59 28 46 25 63 44 91 79 32 0 15
7 70 45 38 86 98 81 45 67 54 35 0 32
8 26 46 56 52 46 39 58 94 40 64 0 39
3 88 34 77 77 57 89 47 66 46 100 0 14
6 65 33 92 96 29 58 52 65 51 62 0 30
10 83 51 92 22 36 35 69 70 95 42 0 50
5 94 67 38 47 95 20 43 51 67 90 0 25
10 27 92 25 87 28 91 82 39 30 72 0 46
3 51 62 25 40 63 62 57 23 67 77 0 12
10 43 80 67 23 52 61 46 80 23 88 0 47
8 30 24 86 57 88 49 23 98 39 45 0 36
6 43 71 83 37 96 74 58 79 78 56 0 26
3 94 29 21 33 65 41 46 52 86 53 0 13
3 67 90 32 87 25 90 30 85 85 50 0 13
5 23 80 45 59 70 29 74 64 55 83 0 22
6 21 88 100 72 68 29 46 38 34 23 0 30
5 47 78 86 27 37 38 39 97 32 74 0 24
8 91 32 52 26 50 70 39 28 41 32 0 38
6 48 55 53 84 83 39 41 62 60 72 0 27
8 61 74 37 80 27 41 91 39 41 55 0 36
3 48 50 84 79 29 60 24 42 40 69 0 14
7 94 46 34 58 96 90 69 49 40 74 0 32
3 21 62 95 99 41 24 59 43 82 51 0 13
8 35 34 42 100 21 23 59 80 99 75 0 36
9 44 97 60 91 55 46 30 66 59 34 0 43
10 67 75 78 23 29 31 26 74 62 40 0 50
5 59 41 56 88 69 86 36 61 97 97 0 24
7 22 32 35 62 30 50 80 23 34 54 0 34
6 60 80 73 26 51 63 41 36 87 85 0 28
3 70 61 28 22 63 66 82 82 72 40 0 11
5 27 90 66 60 55 82 93 23 79 38 0 22
2 82 72 72 47 84 25 27 85 28 91 0 10
4 57 51 88 84 40 30 32 61 71 23 0 18
3 54 45 81 82 96 78 59 24 77 45 0 15
6 28 77 27 21 54 33 60 29 98 38 0 30
6 67 99 49 39 32 56 82 98 64 84 0 28
9 62 43 85 70 76 27 75 27 91 70 0 45
9 58 52 49 56 21 53 95 97 22 33 0 45
6 24 74 76 54 37 89 59 73 41 87 0 26
8 57 92 100 22 22 99 41 37 98 43 0 40
6 94 29 72 34 23 94 69 49 58 54 0 26
5 23 46 73 87 75 35 87 93 70 20 0 23
4 76 69 29 22 53 37 21 78 56 55 0 16
9 59 45 70 75 79 82 27 72 99 84 0 45
4 60 72 77 37 91 32 23 25 69 81 0 20
7 60 92 36 49 49 69 29 33 31 71 0 32
5 28 45 42 86 66 21 96 91 65 66 0 25
6 53 64 24 49 32 26 20 27 89 95 0 28
3 47 41 48 71 91 56 84 88 39 33 0 13
3 35 51 74 37 48 31 49 37 50 34 0 13
8 38 68 29 67 56 78 61 36 42 57 0 38
3 53 61 58 40 62 77 52 29 41 77 0 14
6 48 57 90 24 71 58 95 74 57 66 0 30
9 76 39 59 36 45 40 35 20 89 42 0 45
7 28 97 100 39 78 60 82 73 39 65 0 35
5 73 23 29 33 77 67 48 90 74 50 0 22
5 87 48 58 66 35 37 86 27 72 73 0 23
2 86 77 45 33 46 70 54 80 72 30 0 10
3 73 21 62 75 42 55 55 98 58 71 0 13
8 72 43 83 66 35 57 72 55 28 77 0 38
7 41 40 69 54 62 23 57 70 40 69 0 35
3 52 37 80 76 67 84 38 86 68 36 0 14
116 96 113 90 118 87 110 105 67 98
116 122 152 161 180 212 229 252 274 289
108 131 153 179 197 214 227 248 272 287
109 135 144 161 183 219 237 257 265 290
100 125 157 162 188 214 224 240 267 299
101 129 154 175 200 202 238 247 269 287
111 120 147 173 190 217 237 243 277 287
112 122 156 176 184 209 240 244 264 289
118 137 156 178 183 205 224 248 264 296
114 136 155 176 182 212 233 256 260 288
113 139 155 169 200 219 234 257 269 300
111 126 158 169 185 214 234 255 277 295
104 129 158 176 198 211 232 253 264 281
100 133 154 167 199 217 237 252 265 295
112 131 151 171 185 217 230 240 263 297
104 140 148 167 183 201 236 243 275 293
102 124 143 166 199 204 222 259 272 297
102 127 159 172 181 211 227 245 264 297
119 134 151 162 187 208 222 251 276 287
107 130 155 165 184 205 222 258 271 283
119 133 157 168 191 219 229 259 268 287
108 139 141 173 192 218 237 253 272 281
118 131 153 174 198 219 223 241 279 294
103 132 155 160 182 200 232 258 264 295
102 128 144 166 195 213 229 254 260 300
103 126 156 172 198 204 221 254 265 295
107 140 146 179 183 200 236 240 275 292
103 133 156 161 194 217 220 256 260 294
106 137 141 170 197 220 227 250 273 286
113 131 156 162 196 217 229 244 268 298
108 128 150 170 192 216 240 252 278 293
104 131 158 174 191 201 240 241 274 295
115 124 159 173 192 210 220 257 262 296
117 128 152 167 192 216 225 241 275 285
104 136 160 170 198 205 223 255 270 291
115 136 143 173 182 217 221 254 276 286
104 122 156 167 200 215 231 240 269 281
111 135 146 177 186 219 238 244 278 300
115 124 143 174 197 218 226 254 262 293
119 124 153 179 189 205 239 255 273 295
112 120 140 163 185 210 228 248 279 291
120 131 155 161 188 215 230 244 270 286
120 128 150 177 183 209 230 253 267 294
116 123 141 179 188 218 234 250 270 288
100 138 143 166 182 211 236 253 271 296
106 137 159 165 196 207 226 247 271 280
101 137 145 176 197 204 232 245 275 295
106 124 154 160 196 219 233 256 277 283
102 128 151 168 183 220 231 257 278 281
104 135 145 172 192 211 224 256 278 300
100 139 141 166 186 209 230 256 267 287
104 133 153 172 180 203 231 259 273 300
117 121 146 171 198 220 232 254 267 294
111 134 143 161 194 209 230 249 265 290
120 130 145 180 197 212 223 241 272 286
106 123 159 166 180 200 240 245 278 288
118 123 149 170 186 213 220 241 276 291
101 139 150 161 195 220 231 250 271 296
115 121 153 165 194 212 239 250 265 292
115 128 156 163 185 218 223 248 263 280
108 126 151 174 180 202 240 245 269 286
113 138 154 178 192 206 221 242 272 289
117 140 155 178 187 202 228 242 278 296
119 120 151 169 199 202 239 250 277 287
113 130 140 177 181 215 220 255 273 280
108 127 153 180 197 211 230 256 277 296
108 137 154 161 190 211 220 249 277 284
105 124 158 161 199 201 229 260 279 280
100 128 160 163 184 203 221 242 275 300
110 126 159 169 199 209 220 251 274 294
113 123 151 176 186 216 238 254 270 281
100 122 153 176 192 217 237 251 265 300
115 136 141 164 199 208 227 249 270 281
102 131 155 173 187 202 228 259 268 290
106 132 141 171 185 214 227 246 272 289
107 129 156 161 196 207 225 247 280 281
113 123 158 163 182 212 230 249 274 287
115 124 158 171 183 203 223 242 280 285
113 136 158 171 195 205 234 243 280 298
115 124 152 170 198 205 221 254 266 297
107 121 140 177 196 201 231 242 276 282
120 140 148 169 196 209 228 258 271 286
105 129 141 165 198 201 238 242 278 286
111 127 151 180 197 208 237 243 276 297
118 120 156 169 199 213 239 249 260 299
109 137 155 170 184 219 221 253 264 286
102 128 145 172 190 209 228 257 277 285
119 134 142 175 189 208 229 241 273 281
102 124 140 162 198 215 228 246 264 285
119 125 141 163 180 216 238 251 276 289
112 139 145 173 192 203 236 258 266 293
101 136 141 167 181 219 237 240 275 285
106 139 144 173 189 204 221 260 274 282
103 121 154 172 200 208 232 251 268 288
107 128 154 178 195 200 239 252 277 282
106 121 160 178 187 204 227 259 274 288
120 125 150 160 200 218 222 242 279 286
120 133 158 178 197 213 227 260 280 283
116 123 143 172 190 218 240 246 261 289
112 137 149 169 191 218 223 243 268 286
114 123 145 173 199 210 234 255 260 280
101 120 152 179 182 201 232 247 275 291
116 135 146 166 184 204 221 257 279 295
111 121 154 169 192 218 227 249 274 296
118 137 147 178 200 205 235 254 273 300
116 120 141 180 186 203 230 260 265 300
110 131 148 165 190 201 239 248 273 280
106 130 159 171 197 209 237 245 280 291
108 129 157 166 199 215 240 251 275 288
104 136 151 167 181 201 236 240 275 294
115 135 146 165 194 214 223 242 277 287
116 135 160 172 199 218 227 244 279 289
106 123 155 171 188 207 221 242 271 282
115 129 145 179 190 215 226 241 264 291
110 120 158 165 186 218 233 242 268 286
114 121 154 179 185 212 224 243 277 287
108 123 155 176 189 215 224 244 276 295
115 126 142 165 188 213 233 245 267 284
115 128 151 161 187 210 240 242 273 298
103 128 147 166 196 216 220 255 277 289
114 122 150 180 190 204 231 252 279 299
106 136 142 171 200 210 233 247 260 291
104 140 160 170 181 206 240 240 263 285
116 140 154 177 189 220 240 240 265 288
109 121 146 165 183 216 239 253 269 280
116 132 145 176 192 218 240 250 269 282
108 122 143 170 188 201 223 256 260 297
107 131 152 180 180 200 232 250 272 280
114 123 147 178 197 200 222 254 276 284
107 129 143 175 195 208 236 257 279 296
114 132 143 173 187 217 234 254 264 290
119 121 145 179 200 209 239 250 265 296
110 132 154 173 184 220 227 242 267 289
111 124 147 178 198 205 223 252 266 296
106 132 146 166 192 205 223 259 264 282
106 140 157 179 182 210 233 248 261 280
101 129 159 165 180 220 221 257 271 300
106 137 149 168 190 210 238 255 266 298
107 121 157 164 199 208 239 255 266 296
104 130 142 177 192 217 240 257 272 289
100 137 140 165 183 214 222 254 265 293
102 137 159 176 180 214 239 244 262 281
112 133 151 167 180 217 234 259 279 287
109 132 142 169 191 201 226 251 274 280
101 121 158 165 191 206 225 248 277 300
109 139 148 167 188 219 221 240 265 287
103 132 160 174 192 220 238 255 270 289
111 132 160 180 184 203 233 259 279 281
107 125 151 168 188 204 240 250 274 295
105 135 143 180 186 215 240 247 276 298
118 122 159 161 189 204 232 250 260 288
119 124 151 162 199 219 229 255 279 300
104 123 160 165 198 201 230 244 272 280
120 122 158 172 199 211 224 242 271 291
108 136 151 165 193 204 230 259 264 294
104 130 158 168 192 215 238 242 279 294
102 127 145 170 186 202 240 243 260 299
115 123 141 163 183 202 226 259 266 283
107 133 140 173 182 216 231 243 260 292
107 129 153 160 190 201 231 241 270 280
101 128 154 177 180 212 229 259 273 294
115 125 157 167 199 214 229 257 264 298
115 129 148 180 190 212 225 245 266 297
107 140 148 178 181 215 234 258 260 290
113 123 154 171 181 217 220 257 269 298
118 139 149 174 194 211 232 255 266 290
119 136 155 163 184 202 239 255 280 298
114 134 150 174 192 216 221 256 271 293
108 122 152 162 182 217 221 260 262 292
117 137 153 178 200 216 236 254 266 297
115 123 155 174 185 212 230 244 280 280
117 124 148 179 200 202 230 250 280 281
102 127 150 163 183 212 239 248 276 283
110 135 143 179 189 200 239 255 272 287
111 125 142 161 184 213 220 257 271 284
104 132 153 164 189 211 233 253 263 292
106 138 146 161 199 207 235 242 275 289
101 120 149 179 190 210 225 250 271 288
108 121 148 179 199 206 234 248 276 299
100 127 153 172 182 206 237 253 276 287
101 122 154 178 191 205 223 240 261 291
112 120 157 166 190 207 225 258 267 294
104 124 145 165 193 217 226 242 260 282
119 120 153 163 197 218 225 244 265 300
100 129 151 163 191 206 234 249 267 300
118 140 145 167 184 202 238 260 266 289
114 136 149 166 193 202 230 247 277 297
102 131 150 166 181 217 240 255 275 283
109 131 152 172 182 204 232 246 269 292
103 134 148 180 185 212 228 252 276 283
112 133 143 179 190 212 226 240 261 286
106 133 148 176 198 212 236 255 278 292
100 120 143 179 198 213 236 260 270 282
119 139 147 179 195 219 220 244 268 297
118 122 154 171 188 216 234 254 278 297
109 131 148 171 193 202 232 256 262 299
118 139 156 162 190 202 226 246 274 293
107 123 147 173 189 203 238 259 267 282
117 132 159 170 195 220 227 248 262 294
104 137 151 176 196 218 229 247 271 284
105 131 152 162 183 218 235 249 267 285
105 137 145 168 188 206 228 247 268 296
109 130 157 162 199 220 235 244 276 280
100 128 155 166 200 213 227 248 262 290
108 137 151 168 195 220 227 256 267 284
109 138 146 161 194 212 234 244 261 298
119 124 144 172 183 202 237 260 270 287
115 133 144 173 188 206 235 246 263 298
114 125 150 179 193 211 223 243 268 293
113 133 160 165 186 210 237 243 263 300
114 121 149 161 181 212 231 257 262 296
103 122 144 174 187 219 227 250 268 286
101 122 155 174 198 208 230 251 268 282
100 128 153 167 196 219 224 260 277 285
117 124 158 160 192 207 235 248 271 294
100 123 147 161 200 208 228 256 271 287
114 138 157 171 198 218 222 245 262 285
120 120 156 166 181 210 224 256 273 287
105 132 150 169 188 209 226 249 267 295
114 128 143 160 187 213 237 259 268 287
118 123 158 173 193 218 232 246 268 285
119 124 152 165 199 203 237 260 264 283
103 140 146 172 200 207 225 258 279 292
111 121 144 164 190 213 231 243 273 295
106 137 149 176 200 212 240 251 262 296
111 140 141 175 194 217 236 246 278 288
114 127 141 177 187 209 235 251 267 285
100 136 144 163 196 201 235 253 279 298
110 140 158 174 183 217 226 251 274 282
119 124 142 172 197 207 239 246 279 282
116 122 157 171 196 205 229 245 278 285
119 133 155 163 200 201 227 246 274 280
116 121 144 170 181 201 237 248 269 280
106 139 152 180 186 210 233 258 277 284
111 126 150 177 200 214 224 247 276 290
101 120 140 164 183 212 228 250 278 280
105 127 143 168 181 210 226 242 272 286
109 132 151 168 186 213 229 251 265 288
112 140 146 165 194 203 236 256 271 296
110 126 158 175 181 203 220 254 269 290
113 129 145 179 198 204 238 254 277 284
101 134 141 165 187 206 226 241 266 291
109 134 158 164 194 212 232 244 270 280
113 125 155 175 194 220 229 244 268 299
100 135 149 175 182 204 232 259 272 294
101 128 159 178 200 214 222 260 269 285
116 140 147 163 194 206 237 247 276 283
103 122 144 170 196 215 229 250 268 299
106 134 148 160 196 213 235 244 267 284
111 134 155 168 195 220 236 252 264 294
114 130 144 177 189 205 235 254 279 295
110 139 159 170 186 206 223 254 269 282
118 133 145 168 183 207 226 259 271 294
107 124 160 173 185 208 227 252 280 281
116 139 160 175 191 220 224 245 263 299
116 125 145 170 197 219 230 259 262 293
102 124 148 170 192 212 236 255 260 283
114 131 160 160 183 204 224 253 276 300
101 140 156 167 199 202 222 250 260 291
119 138 157 171 181 210 234 256 266 292
105 128 154 167 198 216 236 242 278 284
105 140 143 180 190 207 239 248 268 298
100 126 151 164 187 205 229 255 268 300
112 139 149 175 182 207 237 244 272 282
113 130 160 168 195 200 225 240 273 286
116 130 150 176 180 203 230 256 262 289
117 137 144 165 193 220 223 255 276 287
106 125 156 179 200 205 236 252 279 280
101 132 140 178 190 217 227 249 273 280
107 129 151 177 198 213 221 240 273 281
101 135 152 170 193 219 233 251 262 287
112 123 153 172 194 220 240 259 274 287
118 129 158 178 198 206 238 246 273 294
119 130 147 172 199 200 230 257 280 300
119 127 143 179 195 206 236 244 278 282
106 133 151 170 199 216 220 251 264 292
115 133 152 177 193 218 227 258 262 298
114 132 140 168 187 211 234 251 279 292
113 127 141 160 185 208 222 242 270 298
117 138 150 175 189 216 227 250 266 298
100 132 159 169 183 220 229 255 272 296
118 132 160 171 185 207 240 244 278 282
102 132 141 179 190 214 223 251 276 287
100 121 143 177 198 203 231 259 278 284
116 140 153 170 197 203 224 242 273 293
113 132 159 161 189 220 231 254 266 283
112 125 154 175 192 214 234 255 271 282
118 135 150 170 186 201 222 247 261 299
109 131 142 179 192 215 224 253 269 281
111 140 149 177 198 219 233 243 269 283
103 139 152 170 192 214 220 257 261 290
108 132 160 177 196 201 234 254 260 292
107 124 153 172 186 211 234 252 276 296
109 123 157 171 195 211 220 260 264 290
107 123 160 171 195 215 220 248 267 294
103 121 141 176 189 206 220 258 278 293
115 127 142 175 198 214 221 253 260 285
100 133 156 170 185 214 233 249 267 298
110 138 141 176 196 217 239 257 268 300
110 135 151 176 196 209 236 249 262 296
111 132 141 164 192 212 238 260 279 291
101 120 159 177 192 217 230 253 266 282
109 126 158 166 199 210 226 252 279 289
111 137 153 176 182 202 230 245 280 293
111 128 144 176 191 202 225 254 260 298
103 128 156 167 195 211 225 240 275 295
119 129 151 178 185 216 239 246 268 282
101 139 152 177 198 208 221 250 280 284
100 120 158 166 198 212 223 253 273 292
113 131 152 173 190 216 239 256 271 286
118 135 160 173 188 204 225 243 265 298
114 122 141 168 184 219 231 252 273 293
100 140 148 164 198 205 221 258 267 294
107 137 140 167 181 210 236 248 267 284
109 138 156 173 191 211 236 248 264 284
100 120 152 172 200 206 230 244 270 293
112 132 154 168 183 216 220 245 275 294
119 136 147 166 182 217 238 255 269 281
118 139 150 176 186 208 235 251 264 283
107 126 154 173 181 217 229 253 277 294
103 135 159 161 181 207 230 242 278 283
102 132 149 175 200 207 224 241 274 296
103 130 145 166 186 212 233 241 262 288
104 121 146 164 197 200 228 259 279 290
108 128 156 165 198 219 240 247 266 283
104 133 140 165 184 201 222 245 270 290
117 126 155 168 180 206 234 259 280 296
105 126 155 168 198 207 225 246 261 281
103 127 141 178 185 210 220 260 270 289
111 123 152 171 183 203 228 241 267 300
114 139 142 175 199 207 237 245 262 283
102 125 151 165 181 204 234 259 274 294
100 122 142 171 183 208 237 242 273 286
113 127 143 170 181 219 233 243 279 289
103 124 149 180 191 215 222 259 267 283
118 136 149 164 200 201 228 252 267 293
119 125 157 165 193 209 229 246 266 294
107 122 155 161 194 212 222 242 268 286
120 140 153 168 190 201 224 254 265 292
101 130 143 168 191 214 234 257 268 280
106 138 143 171 182 209 231 240 273 284
108 122 153 178 198 220 236 255 280 293
114 126 154 166 197 218 225 256 271 289
109 128 151 168 187 213 233 249 278 297
108 120 150 161 191 218 220 241 272 299
113 122 145 178 187 214 235 246 268 296
106 138 156 174 191 220 238 250 276 282
116 134 146 164 183 214 234 242 273 290
113 126 160 175 187 210 222 246 280 293
117 133 158 179 185 210 222 242 268 290
101 134 150 179 199 208 234 244 276 290
115 126 146 174 200 204 233 260 264 280
119 127 143 162 191 206 240 256 263 295
108 122 152 169 187 202 223 259 274 288
113 137 149 170 187 212 237 252 267 284
110 126 153 170 198 215 235 243 276 286
101 127 157 180 196 217 234 251 265 289
105 120 153 165 192 214 220 243 262 297
119 139 148 179 186 217 228 248 267 300
110 120 152 180 183 216 233 245 271 284
104 137 152 167 183 200 225 251 261 283
108 121 141 161 186 212 232 241 262 287
116 137 157 178 193 214 221 241 279 295
106 140 140 165 194 206 240 245 263 285
112 127 144 164 195 215 221 245 269 300
116 133 152 180 182 200 229 260 276 294
111 126 158 170 187 205 232 248 271 285
102 140 140 171 186 220 232 244 261 281
112 140 144 164 191 218 225 241 273 296
110 138 147 171 180 220 223 254 280 290
117 131 143 175 182 206 226 243 278 292
120 120 147 175 189 204 222 245 267 282
114 129 158 172 187 201 229 248 262 284
101 134 152 164 182 213 236 242 279 281
117 130 151 177 183 214 228 243 274 299
104 133 142 174 194 203 221 240 271 299
101 126 141 172 191 210 233 253 270 298
109 120 148 175 195 203 235 256 280 286
106 127 147 179 180 216 222 240 263 286
112 136 150 167 195 213 234 249 260 281
111 133 160 175 187 206 236 244 275 285
103 133 152 175 186 201 240 243 260 296
116 126 159 171 199 211 236 245 270 289
107 129 157 171 187 209 226 251 275 297
114 139 159 177 197 209 221 256 269 297
110 126 144 175 184 204 237 254 271 297
115 125 159 178 186 205 236 246 271 287
113 130 154 178 183 211 222 243 264 299
101 137 147 180 188 219 235 250 270 297
101 123 152 168 200 206 232 247 261 299
108 134 155 162 188 203 227 246 276 298
120 131 159 165 181 202 227 242 280 288
108 129 152 171 182 204 229 241 275 290
109 132 154 169 184 216 231 242 267 296
104 137 153 180 181 207 229 254 267 283
115 129 148 165 191 220 240 254 275 292
103 128 155 163 181 208 229 253 260 290
106 121 149 173 181 216 240 248 279 286
103 140 142 171 195 205 235 259 278 300
108 131 147 174 192 203 232 259 271 289
100 128 156 180 187 211 238 251 273 293
108 123 140 168 196 217 235 253 276 286
116 125 146 172 183 204 235 240 261 297
112 125 151 168 183 214 231 257 275 288
118 125 141 172 184 206 224 252 280 283
109 127 141 164 188 213 225 260 265 285
118 131 153 163 194 205 239 259 266 297
104 125 149 162 180 215 239 257 280 296
114 127 146 171 195 210 231 256 278 290
116 126 152 169 183 208 236 256 264 284
113 123 157 167 192 202 235 240 272 282
114 123 158 164 186 208 230 259 261 295
108 134 151 164 199 211 229 259 261 284
102 126 159 178 196 216 227 240 275 280
116 140 147 165 190 208 236 256 276 289
100 120 149 162 184 215 226 252 279 293
100 125 148 177 196 212 224 249 280 291
114 132 147 178 195 210 239 258 260 288
112 140 149 170 185 201 231 254 268 288
114 135 159 173 191 220 236 248 260 298
101 123 159 176 184 206 235 258 261 294
116 137 160 172 184 213 222 247 267 291
119 136 141 178 188 208 233 246 271 294
114 134 160 167 181 217 223 248 262 290
112 130 158 179 186 208 239 240 264 291
119 139 156 167 185 219 223 254 271 288
108 122 159 168 191 215 227 251 264 295
104 126 151 160 197 213 226 245 271 290
112 130 158 165 180 206 223 249 262 299
116 124 153 166 195 206 229 241 280 280
115 122 144 173 188 210 234 248 267 285
100 138 154 170 197 220 236 242 275 287
104 121 145 172 180 206 240 246 277 293
105 127 150 172 189 211 232 245 277 291
116 135 146 173 195 210 231 250 269 299
114 121 149 167 190 205 232 258 274 280
103 125 141 176 188 209 225 240 278 285
113 128 147 179 183 214 227 243 269 291
100 138 151 168 188 207 240 259 260 291
107 124 152 179 183 220 227 250 272 299
108 128 146 168 185 201 231 252 263 293
101 129 146 160 180 212 231 254 276 280
100 123 147 168 185 203 233 252 270 292
103 130 140 177 200 200 223 247 261 281
106 128 141 175 184 216 235 254 275 291
106 136 154 168 192 208 233 244 277 300
107 124 149 164 185 217 226 251 264 280
101 131 155 174 196 208 225 260 261 295
113 135 142 161 187 220 227 246 275 285
116 126 146 174 183 218 228 252 267 286
115 128 140 174 184 205 231 245 280 291
101 122 143 166 185 220 229 258 270 291
109 130 154 164 180 207 226 250 274 286
102 130 157 164 196 216 238 257 262 284
111 124 143 171 182 217 226 240 264 292
103 126 153 163 191 212 237 242 263 291
100 121 156 177 190 214 221 246 271 300
106 127 146 177 181 203 234 260 272 282
120 137 144 171 198 206 230 258 272 296
109 120 149 170 195 220 227 250 266 284
107 137 152 164 199 204 235 246 275 299
101 128 142 178 197 212 220 247 274 289
118 124 153 177 181 208 239 259 273 283
116 130 153 170 182 210 233 252 265 287
113 125 144 177 190 201 227 243 268 299
118 132 145 161 183 204 233 258 269 280
118 120 156 168 188 205 233 257 273 300
118 134 158 166 182 219 231 256 268 293
115 138 157 180 193 207 221 247 262 287
102 120 151 166 189 206 221 259 277 296
119 133 146 161 192 202 231 256 274 289
101 140 153 180 186 207 232 252 267 297
117 123 157 160 183 203 230 260 264 281
107 127 155 161 182 215 223 258 260 297
109 135 157 172 198 202 226 243 272 299
109 135 156 172 200 200 237 260 263 295
106 139 156 160 195 205 236 247 274 289
103 139 153 163 197 216 223 248 276 293
114 140 152 164 184 217 223 250 275 282
111 138 149 178 192 208 228 250 277 287
110 134 150 167 187 206 227 252 277 288
103 139 146 161 186 208 227 243 265 286
105 122 140 167 197 210 231 260 279 286
112 136 155 178 200 208 227 246 273 281
100 120 147 165 195 207 220 249 280 293
102 138 156 173 194 215 240 248 261 298
107 127 155 165 189 220 228 246 280 286
108 131 151 172 181 202 232 247 262 284
103 121 158 179 193 216 231 260 274 284
104 127 144 180 183 208 238 258 262 284
112 120 144 161 200 201 228 251 262 287
105 124 146 180 180 214 223 242 268 293
104 136 151 168 185 208 234 248 268 300
115 139 146 180 198 214 220 244 272 296
119 124 152 160 187 218 232 242 266 286
105 126 154 173 182 219 223 260 267 281
105 120 150 170 189 205 236 240 276 281
108 127 148 173 200 214 230 244 265 289
119 123 157 177 181 215 230 257 263 284
108 120 148 180 192 207 229 241 264 285
107 125 142 164 181 216 233 260 261 286
107 120 150 165 197 212 222 253 270 284
102 123 147 168 199 214 220 260 265 287
117 130 145 160 181 203 227 253 277 295
108 126 159 178 193 210 233 260 270 295
105 130 149 176 185 215 236 247 278 288
113 124 141 169 200 213 231 258 277 288
120 129 153 165 197 206 226 248 280 287
104 129 149 177 191 210 222 249 260 296
114 130 142 172 188 218 239 257 277 288
116 125 148 164 181 219 224 240 266 288
107 129 154 176 193 200 227 253 266 297
102 127 143 177 183 211 222 254 277 283
117 125 156 162 188 209 240 254 267 287
104 127 148 175 191 220 237 242 269 284
107 131 149 167 182 204 221 254 278 286
115 137 154 176 190 207 234 254 274 299
114 123 145 180 181 200 229 244 271 280
111 125 159 174 187 201 231 250 271 299
101 123 160 167 195 218 220 242 273 299
113 139 154 177 199 204 220 259 271 291
105 122 148 176 194 207 240 245 275 281
103 124 160 169 182 201 229 247 264 293
101 136 144 179 189 207 233 249 277 300
118 129 147 178 180 211 233 258 267 284
101 134 146 168 183 204 235 260 276 292
111 123 149 177 192 206 239 257 264 282
117 130 149 176 197 201 220 260 266 293
118 131 152 173 181 220 228 249 279 286
118 133 147 168 190 202 228 253 274 288
108 137 159 168 196 201 225 249 266 282
104 139 151 160 180 208 226 256 275 283
114 120 154 169 195 205 237 250 276 285
101 137 143 175 189 214 221 255 279 299
116 127 157 163 198 213 237 257 261 282
115 120 151 180 180 209 238 258 268 292
118 139 148 168 188 214 231 258 261 289
115 128 159 162 183 208 236 245 275 280
116 139 142 178 186 205 227 256 274 292
100 134 143 168 199 214 231 246 278 287
114 136 159 167 184 204 228 246 269 281
109 136 152 166 196 218 224 251 279 296
118 128 147 165 199 201 232 242 266 285
113 123 150 164 192 218 229 252 263 281
115 127 141 166 192 207 238 256 278 291
104 137 147 168 200 202 220 244 260 282
114 120 143 162 189 215 231 260 268 290
115 135 141 173 191 205 229 240 271 296
108 135 156 161 186 206 228 251 271 299
108 137 158 175 184 203 240 246 271 281
116 120 144 177 194 215 238 256 280 282
107 140 154 176 191 219 228 255 271 287
117 123 147 167 186 215 229 257 272 295
117 137 155 170 184 211 223 256 278 283
115 133 142 175 185 219 236 241 272 297
115 120 142 176 190 216 225 258 270 290
112 132 144 177 182 214 226 247 273 296
119 122 151 160 183 218 234 250 274 287
117 135 143 160 180 207 234 240 263 284
119 122 141 178 184 214 220 253 277 288
116 135 159 166 186 204 223 245 264 282
101 125 151 180 185 204 222 253 277 294
106 131 151 165 195 203 227 257 273 280
102 123 143 176 182 209 236 253 269 282
120 130 140 167 196 201 232 251 275 290
108 139 143 167 184 214 232 260 264 292
115 126 141 173 190 200 235 259 272 281
107 137 150 169 186 204 224 251 271 284
104 140 149 168 200 201 236 260 263 298
116 120 142 174 184 201 235 247 276 287
120 127 150 174 188 213 237 254 280 285
104 121 142 173 189 218 237 250 278 280
114 126 140 168 190 202 225 247 278 296
102 120 142 167 197 210 232 255 263 287
108 136 159 173 184 211 222 255 276 290
104 131 147 174 196 220 226 255 270 296
105 131 142 174 181 201 222 241 264 283
112 121 159 164 183 216 238 240 275 284
117 122 158 162 187 202 231 258 272 294
102 136 152 169 197 204 232 242 268 294
109 135 147 160 197 211 229 257 263 292
116 136 144 164 193 205 221 259 267 293
109 140 157 162 184 207 233 250 274 287
119 133 158 169 193 208 224 259 261 296
118 124 160 170 191 212 239 245 265 281
100 121 154 180 194 201 231 248 280 297
118 124 142 163 190 210 239 248 271 282
106 125 152 172 184 211 228 252 277 285
119 133 153 170 187 213 224 243 272 296
106 120 157 169 185 205 235 240 271 287
116 133 145 178 186 216 226 248 277 296
101 129 156 169 183 217 224 242 265 295
113 135 146 179 189 218 235 245 261 297
120 126 143 161 185 211 236 252 263 284
110 130 153 173 192 215 226 245 273 300
109 134 152 176 186 216 224 257 276 298
114 127 157 177 193 215 234 253 260 294
109 129 143 171 192 206 226 242 265 283
114 136 148 161 182 216 228 260 266 284
101 138 144 175 198 207 240 259 276 295
112 139 155 164 188 214 221 259 272 283
101 128 156 174 198 212 221 259 263 281
101 140 141 178 189 210 235 249 273 291
114 122 149 162 189 209 227 241 268 294
118 127 143 177 193 213 225 242 262 297
101 129 145 164 190 208 233 251 278 285
105 134 146 178 183 215 235 249 269 295
110 127 154 174 182 216 234 253 277 289
117 126 149 162 195 210 232 260 262 288
114 129 142 160 189 208 222 240 266 296
120 122 141 173 183 220 239 248 272 284
103 127 141 178 188 207 239 254 270 296
108 136 158 169 200 202 236 255 272 299
116 137 143 179 184 203 238 243 273 284
103 129 158 166 192 214 234 242 263 288
120 123 155 171 190 208 234 250 277 281
113 121 144 160 187 202 225 247 279 297
108 124 141 164 196 201 224 253 271 280
114 128 159 169 185 210 236 241 261 295
107 135 158 166 199 217 228 244 263 300
115 132 152 161 185 207 220 244 277 281
110 136 146 170 186 219 238 257 276 288
117 127 158 161 185 211 223 240 268 297
118 137 147 175 189 201 222 250 268 297
116 125 160 173 185 216 240 246 265 288
113 127 148 178 195 206 233 243 260 288
111 136 146 162 196 209 238 241 271 290
115 139 159 165 197 209 232 245 276 296
119 134 141 170 190 209 233 240 266 282
103 131 154 164 199 207 234 241 265 300
111 120 150 165 180 201 226 248 266 288
105 127 147 180 194 217 234 245 266 297
106 122 159 180 198 214 220 256 268 299
108 134 149 180 194 202 224 245 266 286
101 130 156 172 185 204 225 258 277 300
118 136 147 168 186 204 225 244 260 290
105 124 145 167 183 207 225 244 263 281
106 140 150 173 182 218 224 240 265 292
117 134 153 166 191 206 237 247 272 289
108 133 152 180 199 220 231 251 273 292
111 134 144 167 190 215 228 252 266 293
112 129 145 166 187 216 234 243 268 281
108 138 157 166 183 214 236 244 275 284
104 127 160 162 185 210 229 256 270 291
103 133 159 172 183 214 222 243 269 296
114 129 144 166 189 211 228 256 263 282
102 126 151 162 190 219 238 253 271 297
107 139 157 163 194 200 240 254 272 294
106 120 159 161 187 207 221 255 261 294
108 124 157 174 200 209 222 257 262 288
118 123 155 172 193 205 231 254 280 300
111 136 144 175 198 210 234 246 261 287
107 131 160 177 181 204 224 245 267 300
104 132 158 169 199 216 234 259 262 285
100 132 142 178 182 206 224 240 278 289
107 125 148 166 195 217 221 240 265 289
108 130 154 164 181 201 223 250 274 295
102 131 146 170 184 216 228 240 261 300
102 120 151 176 198 207 235 258 269 284
116 123 153 178 188 202 234 250 277 298
119 139 156 162 180 217 221 259 267 292
102 138 146 160 186 208 225 260 279 289
100 136 142 168 188 209 223 240 278 281
109 120 142 172 199 218 239 252 267 282
117 122 145 180 196 215 232 245 262 290
117 122 158 167 196 209 222 247 280 284
115 123 149 170 192 215 235 258 263 287
120 128 159 175 185 202 229 247 260 294
105 130 148 180 198 217 237 242 263 286
113 134 144 177 199 207 234 241 261 300
106 132 146 164 190 206 227 249 269 300
108 137 149 176 200 211 235 241 279 296
112 131 160 172 183 212 240 249 274 284
115 130 151 162 185 205 234 252 278 282
103 121 148 169 187 212 224 255 263 281
114 140 158 174 185 204 228 252 263 286
115 136 150 160 192 203 228 253 265 284
120 131 150 168 187 216 231 240 260 293
112 129 151 163 187 211 236 242 280 289
117 138 146 162 180 202 224 259 273 281
104 132 159 161 193 209 239 241 263 287
109 135 157 165 181 213 234 257 275 284
103 129 153 176 180 204 222 260 276 283
112 121 151 179 198 218 227 245 266 290
120 125 143 168 199 211 234 241 269 289
120 126 143 164 199 220 220 248 274 296
100 131 159 168 191 218 226 248 277 291
110 130 151 178 187 206 227 254 276 286
104 137 149 167 189 215 235 257 269 299
113 136 147 164 182 208 222 247 279 286
118 121 157 168 183 211 225 255 268 297
118 140 159 162 189 205 240 250 266 296
111 133 153 164 197 208 220 252 262 295
116 133 160 176 188 219 224 253 260 280
102 120 156 172 182 217 220 240 264 281
101 136 147 171 193 214 240 249 275 297
112 136 142 177 184 204 225 257 278 283
118 135 143 168 188 205 233 244 272 298
108 130 158 177 189 201 234 256 272 285
107 133 150 180 186 212 233 255 270 299
102 134 159 166 194 211 236 256 273 287
116 120 152 171 196 210 234 252 263 282
110 133 144 164 180 208 240 256 279 285
110 122 142 177 194 211 220 251 278 285
105 134 141 180 196 218 221 255 265 294
120 122 140 170 196 202 227 254 276 287
115 134 152 162 195 203 223 251 273 281
103 139 142 173 187 207 220 253 268 297
119 130 158 173 190 200 226 252 279 287
104 127 152 171 184 220 221 256 273 300
107 140 140 177 188 220 224 257 273 295
114 139 140 166 198 206 224 255 263 286
101 120 153 165 183 218 238 255 274 299
117 137 144 166 195 214 235 247 271 291
104 121 147 167 187 219 225 244 275 285
107 130 147 163 183 214 224 245 274 280
104 134 155 168 187 207 235 260 266 292
104 135 156 161 183 218 228 255 278 293
114 120 157 168 190 217 233 260 271 285
116 121 152 162 192 216 227 249 266 280
104 132 156 179 200 218 230 244 269 281
110 125 158 175 189 216 233 249 275 282
113 127 149 172 193 203 234 240 277 299
119 130 159 170 199 202 235 248 262 287
117 139 149 169 200 213 221 240 266 293
120 126 143 165 180 201 235 252 260 288
117 131 146 176 185 205 227 253 263 287
100 140 153 178 184 216 224 246 265 295
106 136 157 160 180 218 231 247 277 296
115 137 150 173 192 209 227 249 271 281
115 140 146 173 187 201 229 251 280 292
118 139 140 171 190 203 225 243 268 298
111 137 158 171 183 216 226 244 260 290
113 124 154 178 190 200 237 246 263 286
117 123 159 173 193 220 237 242 278 280
105 120 141 174 185 216 226 246 278 285
103 137 155 170 184 207 221 259 277 284
119 139 160 176 192 204 227 249 272 294
118 135 140 162 191 219 233 253 270 287
114 132 150 173 195 201 220 254 268 289
110 140 159 174 197 214 239 248 264 300
111 134 159 173 196 218 232 246 265 281
107 122 155 171 193 220 232 249 280 292
105 124 150 172 195 214 235 248 260 286
119 126 152 164 189 218 225 244 264 300
117 135 147 164 183 216 227 256 269 299
113 132 155 170 192 201 223 260 261 284
119 139 157 168 193 203 240 247 273 300
115 139 141 175 193 210 230 259 276 292
119 129 156 173 189 201 225 242 273 298
117 136 156 168 191 215 235 260 279 297
110 137 152 167 185 207 233 258 274 285
116 137 159 162 182 212 240 241 268 285
115 123 149 160 190 204 234 243 266 291
103 139 154 178 186 211 220 259 266 300
113 133 144 170 186 210 230 254 264 299
102 138 157 171 200 204 228 244 269 285
113 127 147 180 192 212 225 249 279 300
106 125 150 179 186 201 233 256 264 282
105 135 144 161 193 214 235 259 260 289
111 139 159 178 196 208 234 258 268 294
119 129 145 162 186 203 227 247 269 300
106 136 152 167 189 214 221 251 263 300
115 128 150 164 191 217 225 257 265 280
115 138 154 179 187 216 225 250 262 290
100 129 141 174 182 213 225 243 270 282
120 139 143 179 191 204 239 257 271 286
108 129 144 173 182 211 228 255 279 297
117 138 144 163 200 217 237 258 265 282
105 139 143 170 180 206 220 259 278 294
118 140 146 168 195 206 221 250 261 297
104 137 146 178 190 210 223 258 279 285
103 121 152 178 189 203 228 258 274 295
102 131 152 177 200 202 236 240 272 296
111 122 143 164 200 208 234 255 272 284
108 123 151 172 192 206 225 256 276 293
102 128 153 173 192 212 222 258 273 293
106 120 156 163 188 212 235 254 260 280
100 136 150 177 200 204 225 240 265 294
107 124 160 179 198 204 235 249 272 287
117 121 160 178 193 215 226 242 273 285
116 120 145 161 191 200 240 251 267 280
108 135 150 167 193 218 223 257 277 284
111 121 146 177 192 210 232 248 264 291
114 139 143 173 187 214 221 256 272 296
114 132 151 160 193 204 230 250 278 292
100 127 146 160 198 213 238 260 270 292
116 134 153 170 193 201 239 259 280 284
110 126 153 168 185 219 228 250 276 288
110 131 145 168 200 215 225 245 260 289
117 139 143 169 196 219 231 243 275 287
107 127 145 166 182 219 228 253 260 295
103 126 157 166 192 210 233 242 265 295
108 120 146 168 184 200 230 245 267 282
114 126 149 168 180 207 224 250 279 281
111 123 158 160 198 205 235 253 266 282
113 127 160 177 198 204 233 255 271 294
109 133 153 171 192 202 229 256 261 294
113 135 157 179 190 204 223 258 275 286
109 136 150 178 187 206 238 253 272 290
104 131 149 160 185 200 233 240 272 290
111 122 149 174 183 200 229 258 273 295
105 131 154 168 188 220 224 254 273 288
119 123 148 161 192 217 234 260 272 294
103 129 144 162 200 214 232 251 265 300
104 137 154 171 183 203 240 254 279 283
116 129 145 177 183 215 237 260 276 298
116 120 145 162 193 210 234 243 279 293
115 128 158 166 192 211 231 254 268 288
100 134 141 170 189 203 236 256 262 294
113 127 149 161 198 206 221 255 262 292
103 122 145 164 192 219 223 256 266 280
115 140 148 164 198 204 226 254 272 291
115 134 152 177 199 219 235 246 278 285
103 124 151 169 180 215 226 259 280 289
105 124 156 175 193 201 229 242 273 289
115 122 143 162 189 202 226 257 278 286
114 139 152 167 198 219 234 245 264 294
103 138 147 161 185 209 232 243 278 295
114 121 142 163 181 207 229 241 274 297
114 137 142 171 188 211 227 241 273 283
103 133 156 176 193 205 230 251 278 283
108 125 141 160 189 213 238 243 278 288
117 127 144 165 196 207 240 260 272 293
111 121 146 174 195 213 227 254 267 282
108 122 143 165 180 217 238 259 277 297
102 124 153 174 199 220 222 251 264 297
117 137 150 176 200 206 237 252 272 287
119 140 152 171 184 213 229 259 279 292
120 121 154 168 180 212 233 243 266 280
118 123 158 174 181 213 237 257 269 286
120 125 147 160 180 218 230 248 272 294
107 125 146 161 183 214 236 244 266 286
108 122 159 163 198 206 240 260 268 296
109 126 143 171 184 220 232 257 277 292
120 120 160 180 187 208 230 256 279 300
110 137 145 177 197 216 226 240 264 297
106 132 157 169 195 212 221 249 278 282
116 124 156 179 182 200 232 255 269 284
104 136 145 161 180 204 234 241 264 284
110 133 149 171 198 214 235 242 260 297
117 125 153 160 200 206 225 248 261 293
112 130 145 170 199 207 233 242 261 288
118 135 157 172 194 217 237 248 278 289
109 137 152 160 192 202 221 251 266 290
110 138 144 173 195 213 228 243 278 296
120 128 150 180 184 209 235 249 264 293
107 128 150 174 187 214 236 257 268 284
118 130 149 170 186 208 237 254 265 286
101 133 145 173 194 215 233 251 277 282
103 131 141 180 182 217 222 248 278 299
107 134 154 178 187 208 231 245 264 290
108 140 157 178 196 205 227 256 261 282
120 135 150 160 193 219 231 242 264 289
103 132 145 177 187 206 225 258 269 294
116 120 152 176 191 208 220 253 279 293
100 135 156 163 182 217 229 243 277 295
103 129 153 164 192 215 230 243 272 299
111 140 153 166 181 201 230 249 266 300
105 140 142 180 183 216 233 259 268 282
110 140 150 162 190 212 233 254 278 298
101 128 148 165 184 218 238 240 278 288
114 136 144 177 192 211 225 244 271 292
117 137 154 172 199 220 235 256 260 285
120 128 143 176 198 210 223 245 264 282
102 135 154 174 190 220 223 250 274 284
113 135 146 179 189 213 237 247 268 297
107 125 149 171 195 212 222 260 262 299
103 133 156 168 185 215 225 245 277 297
106 124 149 163 181 204 222 256 272 284
102 123 148 165 197 220 227 240 267 282
103 138 144 166 200 202 220 259 275 297
110 128 143 170 192 210 236 251 261 296
110 136 149 175 199 209 237 245 261 284
102 137 141 173 189 210 221 243 277 293
117 124 140 161 183 218 228 246 266 283
108 131 141 174 186 217 228 255 276 297
110 133 140 177 189 210 226 250 266 282
108 135 148 172 186 220 221 260 269 281
116 134 153 167 183 218 222 250 262 291
106 124 157 168 195 209 227 245 277 299
118 136 146 170 183 210 233 257 268 293
105 120 150 161 185 219 235 245 264 292
116 136 147 176 190 210 231 248 273 294
106 126 152 161 193 212 232 250 275 297
118 122 146 172 180 202 237 251 263 294
109 129 160 179 196 203 233 257 266 297
111 123 140 179 188 209 227 250 280 283
106 132 151 177 188 206 240 254 273 292
102 132 157 161 189 201 234 259 274 284
100 137 151 171 187 212 222 246 266 297
120 125 158 162 188 217 225 252 260 282
106 138 157 170 195 218 231 246 269 280
112 133 153 166 190 213 235 260 279 295
118 135 149 162 192 211 237 258 263 294
115 127 141 179 194 203 234 244 263 297
104 137 157 167 192 200 233 252 261 290
102 140 148 175 199 206 235 252 276 288
108 138 158 176 191 203 222 255 269 293
109 128 154 168 188 216 237 246 271 300
120 121 156 164 199 206 231 257 260 281
115 127 152 176 194 201 226 248 275 296
101 133 158 179 189 202 236 245 264 294
100 131 146 161 198 219 222 251 276 285
119 139 140 160 191 217 227 250 272 290
108 120 146 180 200 206 224 253 279 285
118 138 153 179 193 203 237 254 269 300
113 123 157 177 199 205 233 256 276 298
105 128 157 176 198 205 229 240 269 287
113 130 140 169 195 218 237 255 273 287
105 133 159 167 193 203 237 257 278 286
119 127 144 170 195 212 225 250 276 295
105 132 156 160 184 201 222 251 275 295
101 138 160 176 189 219 225 253 275 297
117 126 149 166 192 217 232 242 265 297
115 129 144 177 197 211 224 246 280 296
120 129 158 175 187 219 229 256 280 292
113 139 159 175 191 206 223 259 280 288
112 128 147 170 193 204 226 257 263 284
111 131 141 175 181 210 233 251 269 285
120 140 142 161 198 205 240 260 271 280
103 140 143 178 183 213 235 256 270 287
120 126 144 172 193 215 239 247 266 298
112 130 140 173 195 212 229 253 280 287
110 140 154 162 198 214 220 245 278 287
119 121 144 168 193 215 234 251 279 284
108 121 141 165 184 206 225 259 270 296
101 132 159 180 198 201 220 256 277 290
105 129 141 160 198 207 220 242 265 288
109 126 153 166 183 202 225 255 275 287
109 129 158 168 200 211 238 244 262 288
109 134 155 178 199 206 225 242 264 293
108 132 141 176 192 206 224 254 276 285
118 140 154 170 198 206 230 241 273 293
117 127 153 174 182 213 233 243 276 296
110 136 140 166 193 210 232 254 265 284
108 122 146 173 188 216 230 252 261 299
112 136 153 161 185 213 234 247 273 300
115 122 154 168 196 214 236 246 263 290
103 135 141 178 195 218 223 256 276 289
104 137 149 176 186 211 240 250 265 298
102 140 146 171 185 210 234 244 266 287
108 129 154 169 199 211 228 258 266 285
118 138 159 167 180 212 227 254 264 293
106 140 152 177 197 203 230 248 279 297
112 124 146 177 181 215 238 256 267 288
105 128 147 173 185 209 233 257 268 295
107 137 159 168 198 201 228 241 280 290
118 129 144 180 196 209 227 255 265 297
105 132 152 162 199 219 240 254 261 294
107 120 153 180 181 207 233 244 266 286
103 136 146 162 185 204 235 245 269 284
119 139 158 164 192 213 238 242 273 298
118 135 158 166 192 200 239 259 273 291
104 129 151 161 191 208 237 243 263 285
100 123 153 179 193 205 235 242 263 292
114 140 159 161 199 207 237 256 268 286
109 122 157 167 200 210 240 258 264 292
112 138 147 165 189 201 223 254 279 287
117 125 154 177 183 217 225 245 262 282
103 130 141 172 192 205 230 246 277 282
114 136 140 179 181 206 222 244 272 294
101 126 151 169 185 202 231 257 272 285
118 125 142 174 180 202 229 259 267 292
118 121 153 177 194 214 238 250 261 283
102 130 158 169 183 207 236 257 272 287
116 134 156 180 182 203 227 258 268 298
110 136 153 178 199 217 228 250 271 285
104 139 149 162 197 214 234 244 280 287
107 136 154 172 199 201 223 247 273 298
110 136 140 174 196 207 235 254 265 289
106 128 158 160 196 208 222 258 272 280
107 139 154 171 185 200 236 252 272 291
119 139 140 172 187 202 221 240 267 283
102 140 152 174 185 211 222 256 261 285
119 127 152 165 187 211 222 251 279 296
118 122 153 172 197 218 235 242 273 289
115 121 150 167 185 208 221 247 279 287
107 123 142 165 188 213 223 250 274 296
105 123 144 160 185 212 236 244 277 283
101 126 146 166 200 212 232 248 271 285
118 136 158 165 199 207 230 245 264 286
117 139 159 176 196 216 240 257 271 285
103 140 159 160 191 210 235 243 275 297
118 133 149 180 196 202 232 250 271 296
112 135 153 162 183 205 233 241 270 287
105 137 159 176 191 220 235 258 261 292
107 129 146 177 187 211 226 252 269 282
117 122 140 166 199 206 240 244 272 291
116 132 158 169 184 210 220 244 266 283
100 132 143 164 198 206 222 249 276 285
117 136 152 176 192 200 229 242 263 287
104 132 142 180 193 206 230 258 279 282
113 128 159 168 192 204 233 251 269 298
106 122 146 162 200 209 225 241 263 295
104 137 144 166 180 218 233 247 261 280
113 120 157 177 200 210 225 251 261 292
118 136 146 171 181 215 228 259 269 298
118 127 147 170 197 216 235 256 272 283
118 135 156 172 181 203 225 243 278 289
114 128 157 178 191 216 239 260 273 284
2060 2167 2699 2859 3196 3765 4066 4475 4865 5132
3645 4421 5163 6041 6648 7222 7660 8369 9179 9685
3025 3747 3996 4468 5079 6078 6577 7132 7354 8048
4376 5470 6871 7089 8227 9365 9803 10503 11684 13084
4823 6160 7354 8357 9550 9646 11365 11795 12845 13705
2748 2970 3639 4282 4703 5371 5866 6015 6856 7104
4341 4728 6046 6821 7131 8100 9301 9456 10231 11200
3983 4624 5265 6007 6176 6919 7560 8370 8910 9990
3961 4726 5386 6116 6324 7367 8096 8895 9034 10007
4942 6079 6779 7391 8746 9577 10233 11239 11764 13119
4301 4882 6122 6548 7168 8291 9066 9879 10732 11429
3926 4870 5965 6644 7475 7965 8758 9551 9966 10608
2475 3291 3811 4133 4924 5370 5865 6236 6557 7300
1541 1802 2077 2352 2544 2984 3163 3301 3617 4085
3719 5006 5292 5971 6543 7187 8438 8689 9833 10476
5075 6170 7115 8260 9902 10150 11046 12887 13534 14778
2832 3525 4414 4774 5024 5857 6301 6801 7328 8244
2946 3317 3738 4010 4629 5149 5495 6213 6832 7104
2757 3349 3993 4250 4740 5281 5719 6646 6981 7290
4372 4887 5769 6173 7018 8046 8414 9516 9847 10545
1377 1772 1798 2205 2447 2779 3021 3225 3467 3582
5162 5730 6693 7611 8661 9579 9754 10542 12204 12860
4507 5776 6783 7002 7964 8752 10152 11290 11552 12909
3443 4321 4861 5604 6582 7190 7730 8574 8776 10127
3683 4505 5578 6150 7079 7294 7902 9082 9475 10547
3291 4306 4490 5505 5628 6151 7258 7381 8457 8980
5125 6618 7762 8011 9652 10797 10946 12737 12936 14628
3048 3939 4054 4888 5664 6325 6526 7187 7849 8222
1328 1539 1833 1903 2302 2549 2690 2866 3148 3500
4076 4831 5662 6416 7247 8152 9058 9511 10492 11058
4030 5076 6122 6742 7401 7789 9300 9338 10617 11431
2386 2573 3299 3590 3984 4357 4565 5332 5436 6142
3598 3937 4675 5136 5905 6643 6919 7411 8457 8764
1846 2414 2840 3017 3514 3638 3958 4526 4792 5164
1812 2142 2253 2725 2867 3418 3481 4001 4347 4505
1847 2167 2770 2966 3552 3818 4102 4262 4777 4990
5188 6310 6824 8273 8694 10236 11124 11404 12994 14022
5376 5797 6685 8135 9210 10192 10565 11874 12248 13698
2825 2944 3632 4250 4487 4867 5674 6054 6481 7003
1878 2012 2347 2732 3101 3520 3822 4157 4676 4877
4290 4684 5542 5756 6721 7687 8223 8723 9653 10225
3330 3552 4162 4912 5078 5799 6382 7020 7409 8158
1479 1568 1798 2282 2397 2779 2983 3187 3442 3672
2376 3278 3397 3943 4323 5012 5606 6010 6437 7031
4956 6406 7434 7715 9164 9678 10567 11548 12670 13091
4520 6131 6489 7876 8816 9129 10382 10964 12306 13201
3684 4309 5352 5560 6811 7610 8097 8896 9625 9834
3443 4321 5097 5671 6177 7426 7797 8674 9383 9484
3510 4556 4893 5804 6479 7120 7559 8639 9381 10124
1976 2747 2786 3280 3675 4130 4545 5058 5276 5671
5278 6750 7765 8729 9135 10302 11723 13144 13854 15225
3831 3962 4781 5599 6484 7204 7597 8317 8743 9627
2526 3050 3255 3664 4415 4756 5234 5667 6031 6600
4290 4648 5184 6435 7043 7579 7972 8616 9724 10224
3049 3537 4573 4774 5177 5752 6902 7046 7995 8282
1978 2061 2497 2849 3117 3569 3687 4038 4625 4876
1995 2745 2962 3179 3851 4344 4562 4937 5351 5845
4111 4326 5470 5899 6936 7579 8544 8937 9474 10439
1583 1762 2147 2243 2546 3000 3069 3412 3619 3853
1270 1482 1776 2046 2117 2375 2822 2881 3163 3363
2571 3140 3504 4050 4368 4687 5028 5506 6188 6575
3480 4164 4610 5294 5562 6008 6782 7198 8269 8804
5325 5370 6757 7562 8905 9039 10695 11187 12395 12842
5623 6469 6966 8807 9006 10698 10947 12688 13584 13932
2240 2634 3173 3733 4086 4376 4770 5309 5745 6139
4510 5721 6431 6723 7934 8810 9186 10397 11566 11858
3334 3938 5017 5112 6319 6383 7272 8256 8859 8891
4776 6114 7642 7785 8788 9696 10555 11558 13134 14328
1733 1984 2504 2662 3134 3291 3465 3953 4315 4630
4379 4766 5851 6820 7207 8370 9222 9842 10462 10888
1575 1921 2410 2772 3024 3417 3732 3953 4173 4724
3767 4455 4619 5372 6518 6813 7436 8156 8844 9204
4463 5732 6782 7570 8182 8838 9976 11332 11726 12689
3897 4852 5183 6286 6800 7866 8344 9043 9998 10623
2221 2678 3238 3342 4068 4297 4670 5127 5812 5832
4945 5382 6914 7132 7964 9276 10064 10895 11989 12558
5377 5798 7388 7996 8557 9492 10427 11315 13092 13326
3248 3909 4541 4915 5604 5892 6725 6984 8047 8564
1352 1457 1786 1998 2327 2409 2597 2985 3126 3490
3399 3843 4447 5622 6226 6384 7337 7686 8766 8957
2729 3184 3366 3844 4458 4753 5185 5868 6163 6504
2180 2678 2927 3425 4110 4173 4941 5024 5771 5937
1415 1618 1924 2294 2510 2650 3020 3096 3517 3784
3628 3690 4796 5196 6118 6549 7348 7655 7993 9192
4660 5857 6627 7268 7867 9363 9448 10816 11287 12227
3035 3809 4315 5118 5654 6219 6784 7647 8242 8480
1280 1441 1527 1882 2033 2237 2463 2592 2936 3022
2220 2699 3047 3526 4310 4680 4963 5354 5746 6203
2113 2219 2503 2894 3196 3835 4225 4456 4900 5130
3332 4135 4313 5146 5711 6038 7020 7674 7912 8715
2097 2823 2927 3467 3757 4546 4920 4982 5709 5916
2094 2746 2845 3418 3734 4030 4366 5136 5413 5571
2447 2874 3658 4086 4751 4941 5511 5962 6366 6841
2220 2656 3195 3693 4046 4150 4959 5228 5747 5851
1140 1301 1720 1914 2010 2193 2440 2784 2946 3096
4530 4719 5663 6040 7550 8230 8381 9136 10533 10797
4648 5152 6120 6895 7631 8250 8793 10071 10845 10962
2060 2184 2539 3054 3373 3870 4261 4367 4633 5130
4453 5446 5923 6719 7593 8666 8865 9660 10654 11369
5444 5874 6925 8262 9503 10029 11175 12177 12416 13371
3915 4651 5892 6938 7054 7791 8992 9574 10659 11279
4727 5502 5950 6765 7498 8313 9006 10473 11369 12021
4856 5294 6737 7394 8400 9537 9931 10893 11987 12949
3391 3937 4224 5115 5747 5891 6753 7299 7845 8620
1595 1650 1939 2475 2558 2792 3163 3575 3644 4125
4264 5077 5736 6395 7364 7790 9263 9612 10581 10852
2517 3087 3775 4060 4677 4962 5627 5817 6648 6909
1376 1644 2001 2115 2536 2740 3058 3198 3504 3670
2991 3911 4343 4803 5205 5780 6787 6902 7908 8455
4917 5772 6242 7054 8294 9149 9534 10346 11842 12270
5654 6580 7798 8383 9699 10625 11063 11892 13598 14085
4427 5137 6474 7142 7852 8645 9230 10107 11318 11778
4112 4612 5185 6400 6793 7687 8080 8617 9439 10404
5474 5971 7862 8210 9255 10847 11593 12041 13335 14231
1454 1543 1964 2283 2360 2704 2857 3099 3533 3660
2349 2676 3371 3828 4111 4676 4872 5307 6003 6416
1238 1356 1528 1776 2023 2292 2507 2636 2873 3056
1467 1632 1925 2053 2384 2678 3060 3086 3481 3799
3683 4577 5256 5935 7008 7723 7866 9117 9904 10333
1795 1921 2362 2834 2992 3212 3637 3968 4393 4707
1140 1463 1527 1839 2151 2258 2506 2656 2796 3129
1951 2626 3001 3189 3395 3864 4501 4501 4933 5345
4030 4864 5350 6149 6566 7643 8338 8338 9206 10005
1827 2028 2447 2765 3067 3620 4005 4240 4508 4693
4843 5511 6053 7347 8015 9100 10019 10436 11229 11772
1811 2045 2397 2850 3152 3370 3738 4292 4359 4979
5110 6257 7259 8597 8597 9552 11080 11940 12990 13372
4874 5259 6285 7610 8423 8551 9491 10859 11800 12142
4253 5127 5683 6955 7750 8267 9379 10214 11088 11764
4532 5247 5684 6877 7433 8626 9301 10096 10494 11527
2469 2510 3008 3713 4149 4335 4958 5186 5497 6140
2063 2476 2888 3244 3451 4126 4257 4538 5007 5419
1194 1333 1581 1914 2129 2204 2398 2709 2860 3182
1353 1685 1863 2119 2450 2616 2846 3305 3369 3599
1352 1786 2002 2283 2321 2678 2972 3163 3329 3571
4520 5773 7116 7384 8055 9845 9890 11501 12127 13425
3577 4623 5028 5669 6412 7087 8031 8605 8976 10056
1899 2148 2787 2911 3532 3692 4242 4526 4721 5253
2470 3087 3372 4203 4559 5153 5699 6102 6458 6862
3877 5311 5427 6396 7094 8295 8605 9846 10272 11357
4973 6680 7752 8581 8776 10433 11652 11896 12774 13700
3892 4621 5247 5803 6254 7540 8130 8999 9694 9972
3462 4193 4510 5368 6067 6384 7178 7972 8703 8893
4521 5416 7071 7385 8548 9220 10070 11099 12397 13426
1936 2469 2628 2966 3339 3889 3925 4262 4706 5097
2445 3134 3799 4131 4558 5223 5650 6054 6410 6861
5078 6038 7319 8234 8417 9286 10658 11848 12762 12854
2756 3219 3889 4326 4841 5253 6180 6438 7056 7597
5118 6580 6970 8774 9066 10480 11698 12039 13453 14525
5754 5949 7753 7850 9215 9947 11312 12190 12677 14042
5919 6168 7511 8058 9898 10893 11390 12683 13877 14921
4967 5875 7642 7881 9457 9600 10985 11654 12991 13373
3450 3508 4542 4945 5721 6066 6440 6957 7791 8366
2457 3094 3436 3754 4391 4641 5233 5892 6006 6689
3822 4777 5806 6173 7055 7900 8745 8892 10252 10803
4974 6193 7071 8290 9070 9850 11703 11849 12678 14580
3653 3908 4479 5178 5813 6417 7179 8228 8450 8990
4897 6086 6407 7917 8329 9884 10571 11120 11898 13362
3827 4614 5472 5723 6796 7189 8262 8620 9657 10015
4621 5856 7046 8098 8235 9699 10477 11849 12490 13450
4456 4843 6083 6470 7710 8291 8872 9957 10228 11545
2271 2548 2923 3555 3753 4187 4444 4839 5253 5865
2113 2765 2923 3515 3575 4246 4621 5095 5134 5727
1893 2061 2580 2865 3032 3635 3685 4305 4506 4992
1740 2049 2197 2565 2860 3111 3420 3759 3921 4275
2587 2957 3370 3544 4000 4392 5196 5544 6087 6479
1909 2244 2512 2914 3215 3617 3701 4287 4538 4906
3430 3875 4828 5145 5781 6892 7019 8258 8321 9274
4883 5718 6385 7428 8347 9014 9849 10600 11101 12394
2387 2553 3217 3611 3839 4400 4773 5064 5811 5811
5002 5301 6327 7652 8550 8635 9832 10687 11969 12012
3444 4288 5064 5503 6178 7157 8068 8372 9317 9554
2503 3071 3253 4072 4300 4550 5437 5801 6188 6529
3193 3596 4085 4631 5293 6127 6328 7392 7795 8169
1119 1420 1646 1764 2033 2269 2506 2721 2828 3140
1882 2450 2592 2858 3533 3675 4172 4296 4882 5130
2602 3091 3838 4611 4894 5409 5796 6440 6980 7418
3429 3841 4699 5683 6317 6540 7428 7873 8762 9492
1676 2128 2564 2882 3049 3452 3971 4239 4624 4809
3007 3632 4584 5298 5685 6102 6638 7144 7769 8662
1429 1531 2002 2117 2423 2640 2870 3290 3405 3749
1120 1335 1562 1777 2078 2337 2434 2606 2800 3037
4850 4890 6235 6643 8028 8884 9169 9943 10799 12225
2576 3323 3889 4198 4919 5306 6027 6413 6877 7727
5399 6405 6634 7640 8418 9241 10888 11895 12169 13221
3164 3774 4135 4606 5355 5605 6382 6854 7686 8241
3647 4684 5363 5935 6471 7758 8580 9117 9832 10118
1282 1540 1787 2022 2140 2398 2727 2892 3162 3433
5022 6533 7215 8775 9019 10335 11115 12285 13455 13797
4789 5687 6115 7654 8124 9065 9664 10262 11160 12229
3153 3956 4402 5234 5889 6305 7019 7584 8268 8684
2875 3450 4112 5147 5693 6124 6785 7475 7763 8108
5801 6775 7165 8725 9505 10675 10723 11893 13063 14476
5162 5337 6736 7480 8223 9448 10235 11110 12160 12991
1717 2064 2331 2694 3040 3182 3654 4032 4127 4709
4101 4830 5421 5630 6603 7020 7853 8548 9521 10182
4254 4890 5844 6878 7514 8071 9462 10297 10615 11211
3246 3662 4411 4716 5410 6104 6298 6880 7269 8156
3822 5035 5549 6468 7203 8011 8415 9077 9958 10436
1865 2326 2699 2877 3250 3871 4173 4421 4741 5061
2600 3392 3590 4159 4654 5100 5645 6115 6635 7328
2044 2437 2944 3037 3731 4125 4406 4574 5174 5249
1176 1505 1822 1952 2351 2504 2669 2916 3080 3409
3969 5035 5549 6174 7166 8084 8342 9407 9811 10436
2807 3554 3760 4146 4996 5460 6026 6284 6722 7674
1518 1582 1837 2194 2334 2576 3022 3316 3443 3660
4227 4888 5292 6358 6909 7571 8637 9041 9666 10952
5216 5719 6863 8190 8830 9654 10203 11118 12262 13405
2232 2627 3160 3259 3673 4147 4680 4799 5194 5924
4077 4327 5328 5757 6472 7581 8260 9190 9369 10584
2448 2899 3422 4134 4443 5203 5393 5940 6368 6795
2602 3143 3992 4482 5100 5357 5924 6465 6903 7263
2975 3808 4552 4968 5831 6515 6664 7735 8240 8478
5353 5673 7229 7320 8784 9470 10751 11346 12398 13450
3176 3907 4669 5113 6352 6606 7241 8130 8607 9115
2366 2863 3258 3548 4108 4523 4606 5083 5436 5913
1771 1771 2302 2449 2671 3099 3305 3777 4028 4235
1445 1816 2064 2325 2586 2875 3109 3425 3673 4058
4304 4833 5399 6041 7060 8042 8948 9778 10118 10835
3982 4151 5332 5838 6513 7357 7829 8302 9044 9618
5920 6169 7562 8209 9900 10099 11791 12935 13134 14079
1416 1924 2007 2364 2749 2845 3092 3546 3834 4013
4302 4690 5581 6356 7364 8255 8953 9418 10581 11433
3153 4075 4432 5235 5948 6305 7138 7465 7792 8803
5078 6404 6450 8005 8874 9926 10795 11253 12716 13174
3278 3652 4055 5090 5377 6010 6757 7217 7677 8195
2675 3638 3852 4360 5243 5377 6286 6768 7463 7971
1842 2345 2646 2914 3065 3634 3785 4203 4588 4722
4254 4433 5077 6149 7043 7400 8544 8794 9974 10081
4727 4972 6398 6968 7987 8354 9332 9984 11329 11614
4969 5553 6472 6806 8351 8392 9478 10271 11440 11691
3569 3723 4430 5230 5569 6184 7291 7630 8276 8614
1881 2466 2697 3194 3300 3726 4134 4578 4915 5039
4523 5134 6112 7212 8149 8720 9127 10064 11246 11816
3209 3813 4448 5210 5814 6735 7243 7942 8832 8895
4491 5432 6116 7185 7741 8981 9665 10350 11633 12231
2590 3136 3587 3991 4419 5060 5440 5963 6295 6841
5572 6965 7263 8208 9651 10098 11740 12735 13481 14724
3604 4128 5176 5733 5929 6650 7207 8320 8812 9500
3926 4482 5038 6219 6879 7088 8269 8825 9624 9867
1189 1577 1660 1942 2201 2424 2660 2836 3130 3424
2371 2915 3437 3568 4220 4612 5047 5308 5873 6091
4604 5093 6315 7130 7904 8964 9330 9942 10919 12182
2675 3612 3986 4682 4869 5457 6206 6929 7276 7865
4924 6240 7751 8677 9749 10432 10822 12674 13113 13893
5423 6545 6872 7620 9069 9630 11079 11547 12903 13230
2653 3142 3709 4378 5048 5537 5898 6438 6902 7700
2837 3586 3960 4281 5244 5699 6288 6529 7144 7599
1304 1574 1820 1973 2290 2583 2771 2959 3100 3452
1567 1787 1979 2433 2598 2818 3230 3491 3834 4054
3163 3997 4572 4888 5348 5923 6412 7303 7734 8108
1859 2095 2284 2646 2882 3260 3560 4079 4268 4631
1472 1706 2201 2379 2544 2861 3122 3466 3851 3865
4262 5107 5879 6430 7017 8083 8230 9001 9663 10985
2755 2969 3443 4037 4678 5200 5462 6150 6221 6958
3546 4310 5145 5909 6674 7369 8203 8863 9037 9837
3848 4422 5400 5400 6176 6885 7560 8539 9315 10125
4117 5706 6358 6807 8111 8233 9048 10189 10597 11860
1755 2035 2315 2521 2669 3096 3450 3774 3922 4305
1549 1888 2272 2463 2920 3186 3481 3569 4100 4189
2179 2905 2967 3734 3942 4294 4958 5145 5560 6182
5076 6396 7665 8324 9492 10405 11624 12943 13603 15227
1541 1912 2049 2407 2503 2847 3259 3356 3741 3878
4380 5038 6201 6511 7557 7751 8720 9301 10580 11084
2060 2308 2663 3125 3196 3604 4084 4545 4652 5131
1492 1746 1836 2103 2460 2804 2842 3250 3518 3658
2517 2968 3704 4251 4749 4868 5604 5984 6625 6649
5127 6700 7106 9035 9644 11014 11522 12638 13857 14212
4361 5258 6154 7214 8070 8681 9007 9781 11126 11452
2803 3747 4218 4718 5356 6078 6466 6965 7271 7964
1763 1936 2408 2707 3054 3463 3777 4077 4313 4517
3391 3707 4541 5116 5690 5920 6840 7070 7845 8449
5800 6336 7165 8383 9699 9748 11210 12526 13647 14622
4016 4286 4826 6041 6581 6952 7965 8235 9382 9517
3048 3824 4342 4888 5722 6210 6325 7217 7590 8395
4915 5685 6497 7565 8249 9317 9702 11027 11198 12736
3392 3927 4165 4998 5563 6277 6961 7467 8300 8687
4720 5304 5889 6683 7727 8687 9272 10107 11277 12446
3831 4519 4912 5730 6188 7072 7433 8186 8709 9757
3075 4059 4889 5196 5627 6764 7041 7840 8363 9101
5752 6435 7799 8336 9018 10090 11699 11894 13551 13746
1505 1948 2081 2641 2803 3157 3290 3703 4072 4234
2576 3117 3683 4559 5099 5228 5949 6670 7160 7314
3451 4165 4552 5057 5860 6039 6664 7199 8121 8716
1215 1419 1709 1731 2032 2365 2483 2730 2859 3042
2548 2844 3503 3981 4367 4868 5323 5800 6164 6415
1387 1587 1764 1999 2187 2363 2610 2904 3068 3515
2262 2719 2947 3715 3985 4462 4649 5251 5583 5832
4856 6124 6518 7743 8661 9580 10192 10630 11767 12379
2962 3997 4371 4888 5521 6153 6326 7389 7504 8338
3969 4851 5880 6504 7202 7386 8599 9334 9554 10730
3183 3689 4552 5117 5533 6277 6961 7496 8210 8805
3461 3906 4985 5430 6192 6700 6985 8255 8382 9208
5324 6120 7960 8508 9702 10697 10945 12338 13284 14627
1520 1786 2081 2597 2789 3040 3247 3807 4103 4324
4342 4795 5362 6607 7476 8080 8344 9552 9816 10760
3475 4622 5421 5908 6429 7437 8097 8653 9278 10355
1951 2448 2501 3122 3476 3849 4239 4558 4753 5321
5582 6851 7663 8931 9946 10606 11976 12635 13295 15020
1637 1947 2079 2418 2831 3126 3509 3834 4114 4291
3510 4171 5526 6151 6673 7541 7993 8793 9244 9800
2916 3370 4226 4440 5323 5617 6045 6740 7462 7730
3857 4761 5317 6116 6324 7019 7992 8513 9730 10181
4857 5601 6301 7701 8358 8839 9845 11114 11377 13039
2962 3681 4486 4802 5607 6067 6470 6901 7907 8482
5444 5902 6908 8143 8463 9881 10934 11254 12260 12901
2803 3857 4218 4912 5494 5772 6132 6937 7769 7880
1276 1531 2015 2117 2525 2704 2844 3227 3482 3724
1214 1407 1633 1859 2041 2320 2567 2750 2911 3072
2331 2666 3160 3417 3713 4029 4443 4799 5233 5885
3164 3386 3913 4663 5107 6078 6411 6994 7577 8132
3676 5146 5440 6028 7277 7535 8123 9482 9813 10806
4148 5310 5427 6473 7016 8140 9148 9613 10349 11008
3897 4933 5577 6185 6828 7543 8437 8866 9438 10152
4876 5851 7411 8386 9751 10044 11214 11897 13164 14286
3893 4588 5352 5839 6360 7507 7646 8514 9557 10217
5801 6630 7166 8092 8872 10578 11602 12431 13113 13698
2921 3440 3712 4356 4603 5148 5816 6212 6534 7004
4895 5764 7045 7915 8281 9927 10476 11574 12672 13450
1624 2128 2506 2538 2853 3262 3625 3814 4381 4460
4667 6039 6817 8007 9150 9471 10248 11026 12536 13542
4096 5170 5766 6601 7396 8430 9265 9583 10418 11452
1847 2149 2593 2912 3498 3551 4049 4599 4954 5149
1485 1760 2145 2269 2722 3011 3300 3396 3657 3891
3096 3960 4168 4912 5478 5984 6609 7294 8038 8633
5352 5764 7091 7685 8234 9423 10704 11848 12808 13540
2810 3372 4148 4496 5299 5540 6022 6584 6985 7520
3992 4923 5465 6899 7170 8139 8527 10077 10465 11201
4303 4768 5892 6628 7093 7868 8837 9341 10349 11628
5330 6499 6639 8182 9304 9678 11080 11454 12249 13230
1505 1845 2228 2435 2671 3010 3453 3822 4043 4338
3977 4852 5647 6800 7277 8271 9425 9623 10856 11373
2797 3144 3540 4208 4480 5421 5768 6015 6906 7154
2447 2946 3540 4276 4537 5107 5274 6152 6342 6722
4455 5134 5625 6191 7550 7588 8607 9513 10079 11060
5564 5844 7340 7714 9023 9771 10706 11501 12436 13745
5111 5827 7404 7690 9266 10126 10604 11559 12801 13660
2850 3325 3634 3990 4513 4774 5320 6032 6294 6935
4521 5819 6401 7519 8549 9578 10473 11503 11995 12532
1777 2313 2397 2866 3051 3503 3872 4023 4576 4760
3212 3628 4550 5293 5888 6542 7018 7583 8326 8713
2479 2740 3349 3610 4284 4741 4893 5567 5893 6285
3461 4064 4794 5334 5937 6762 7397 7905 8826 9429
5374 5971 7464 8011 9504 10848 10947 11992 13535 14878
1215 1312 1559 1914 2010 2301 2526 2645 2881 3182
4849 6312 7136 7959 8737 10063 10886 11435 12624 12899
3336 3853 4198 4716 5262 6153 6728 6958 7850 8338
1215 1354 1720 1881 2010 2257 2386 2644 3009 3149
1492 1696 2015 2282 2359 2678 2831 3086 3417 3698
3611 4790 5362 6399 7114 7435 8365 8722 9866 10366
2502 2741 3176 3785 4350 4437 5068 5655 5742 6090
5802 6192 6972 7898 9312 10043 11700 12480 12822 14382
3970 4485 5587 6212 6874 7425 8197 9520 10072 10586
3588 4350 4731 5397 5937 6731 7525 8001 8477 9017
5253 6016 7306 8117 9454 10266 11221 11603 13178 13656
4419 5556 6868 7874 8574 9493 10237 10980 11593 12642
1550 1772 2259 2436 2835 3159 3248 3587 3868 4385
4134 4829 5142 6219 6462 7539 7921 8616 9276 10422
5033 5491 6955 8236 8373 9883 10661 11210 12399 12994
3408 4489 4981 5472 5996 6553 7372 8224 8552 9273
3648 4087 4762 5437 6282 7159 7835 8139 8848 9692
3566 4212 4826 5472 5933 6579 6794 7408 8577 9068
2307 3046 3046 3590 4221 4482 5222 5331 5722 6201
1429 1620 1837 2092 2487 2742 2819 3125 3431 3826
5539 6350 7257 8594 8690 9549 10933 12413 13177 14037
1527 1733 2173 2338 2572 2820 3191 3411 3727 3920
2424 3327 3327 4063 4420 5227 5513 5798 6202 6677
1652 2065 2124 2419 2817 3216 3319 3555 4027 4366
5472 6865 7313 8507 8955 10944 11094 12636 13929 14427
1844 2064 2253 2757 2867 3246 3561 3828 4380 4600
3452 3452 4228 5034 5436 5868 6385 7047 7680 8111
3279 3710 4544 4947 5378 5780 6586 7132 7535 8167
2400 3184 3611 3896 4324 5061 5607 5749 6628 6676
4066 4517 5247 6150 6359 7436 7922 8443 9520 10389
3719 4756 5078 6222 6937 7259 7903 8582 9691 10692
4217 5261 5888 7182 7975 8768 9729 10564 11274 12443
1608 1770 2183 2581 2876 2994 3466 3776 4130 4218
4215 5050 5846 7118 7158 8589 8828 9544 10458 11373
3221 3911 4313 4802 5607 6124 6728 7160 7476 8080
1526 1829 2200 2406 2571 2832 3244 3354 3781 3918
5125 6618 7563 8707 9255 10001 11941 12091 12937 14728
5307 5764 7273 7822 9103 9652 10796 11207 12351 13220
3397 4096 4985 5429 5937 6636 7175 7969 8731 9429
5214 6358 7273 8096 9010 9559 10108 11709 12303 13584
3823 4379 5004 6082 6394 7089 8236 8827 9418 10321
1236 1344 1709 1913 1999 2204 2537 2644 2913 3085
5396 6208 7354 8500 8739 10076 10601 11604 12607 14278
3307 4486 4813 5894 6156 7171 7695 8186 8841 9725
3309 4029 4979 5503 6551 6748 7599 8091 8549 9794
2890 3585 4147 4334 5030 5431 6073 6581 7384 7972
5251 5732 6957 7220 7920 8838 9932 10588 12251 12601
2134 2549 3004 3379 3596 4031 4525 4762 5434 5730
3243 3927 4582 5028 5474 6426 6873 7200 7944 8806
3615 4762 5318 6256 6291 7194 7959 8827 9279 9835
5606 6288 7214 8042 9310 10723 11698 12380 13404 14232
3890 4834 5854 6156 6835 7855 8648 9554 9818 10951
2730 3116 3837 4455 4661 5563 6181 6387 7185 7365
4609 6264 6354 7651 8725 9172 10514 11588 12438 13422
3321 4028 4520 5351 5904 6242 7134 7964 8333 8887
2475 3168 3861 4454 4628 5221 5889 6211 6756 7250
4617 5259 5985 7182 8379 9277 10047 10816 11799 12227
4380 4720 5513 6495 6910 7703 8874 9062 9855 11215
5572 6219 7513 8358 9104 10647 11492 12786 13681 14328
2214 2345 2645 3226 3452 3864 4202 4727 5252 5308
4879 5685 6311 7341 8415 9534 10071 11638 11862 12757
2448 2718 3174 3381 4024 4252 4958 5372 5518 6160
3094 3719 4433 4820 5355 6396 7110 7646 8330 8806
4417 4921 5657 6626 7555 8137 8950 9919 10771 11236
1248 1355 1635 1818 1968 2237 2538 2753 2839 3054
5284 5752 7341 7809 8978 9445 10988 11222 12718 13186
3734 4029 5175 5372 6092 6813 7533 8483 8548 9662
4941 6131 6909 7503 9105 9654 10477 11850 11941 12993
1811 2237 2823 3160 3480 3835 4030 4261 4882 4971
5887 7104 7459 8373 9641 10555 11975 12990 14005 14665
3076 3691 4583 4983 5660 6613 6952 7751 8582 9012
2775 3469 4107 4912 5439 5883 6216 6910 7770 8076
5443 6302 7019 8499 9310 10026 11411 12318 12413 13750
4453 5566 5923 6758 7354 7990 9183 10097 10654 11449
1567 1855 2185 2377 2624 3023 3243 3407 3572 4094
4217 5136 6639 7349 7683 8601 9812 10772 10898 12275
4495 5309 6200 6665 7130 8254 8602 9571 10346 11276
1517 1734 1798 2269 2397 2651 2970 3136 3454 3747
3620 4255 5081 5303 5748 6891 7081 7875 8319 9208
5684 6598 8019 9084 9440 10556 12129 12180 13398 14768
5087 5942 6668 7138 7908 9361 9532 10857 11584 12310
5481 6192 8070 8526 9694 10912 11521 12739 13398 14972
2679 3246 3890 4122 5075 5487 5821 6311 6980 7470
1989 2309 2806 2930 3197 3658 3960 4422 4653 5310
5308 5674 7001 7596 8922 9426 10478 11027 12812 12812
1697 1801 2125 2553 2774 3099 3453 3660 3940 4206
3775 5209 5813 6417 7436 8304 8908 9134 10380 10833
1743 2028 2430 2883 3017 3452 4022 4122 4642 4910
4279 5176 6113 7010 7702 8599 9455 9984 11288 11859
1942 2261 2445 2897 3265 3516 3868 4186 4504 5006
5558 5900 7265 8142 9264 9995 11311 12579 13359 13652
4405 5346 6030 7527 8040 8938 9622 10263 11888 12188
1442 1633 1875 2283 2334 2729 2895 3099 3431 3711
1375 1898 2077 2310 2585 2847 3300 3562 3575 4002
5109 5921 7258 8547 8738 10504 10839 11937 12987 14276
4295 5090 5805 6680 7356 7992 9185 10020 10457 11650
3410 4356 4930 5402 6078 7158 7799 8576 9319 9454
1577 1939 2317 2648 2916 3200 3673 3972 4256 4602
3684 4650 5008 6331 7153 7153 7976 8834 9335 10050
4214 5088 5605 6956 7314 8586 9341 10097 10931 11567
5379 6902 7815 8525 9743 10555 11824 12382 14056 15223
4897 5675 6819 7506 8467 9931 10343 11487 12082 12814
3510 4552 5386 6047 6811 7228 7819 9035 9070 10251
4719 5637 5929 6723 7808 9186 9479 10272 11483 11900
5540 6017 6972 8309 8739 10410 10888 12034 12750 13657
3077 3425 3746 4655 4923 5485 6180 6555 7491 7786
1592 1923 2254 2616 2915 3467 3609 4065 4255 4585
2045 2439 2889 3077 3377 3883 4240 4690 5140 5365
3545 4518 5456 5699 6811 7506 8270 8931 9104 9869
1306 1459 1682 2012 2141 2553 2659 2823 3106 3435
3168 3876 4706 5014 5875 6521 7290 7444 8090 8951
2876 3479 4486 5090 5463 6153 6355 7073 7792 8626
4638 5557 6389 7745 7920 8883 10239 11377 11902 12339
3209 3664 3851 4573 5295 5509 6150 6899 7273 7915
2481 2731 3391 3869 4437 5006 5166 5689 6053 6463
2969 3801 4217 4550 5521 5660 6520 6825 7630 8296
4218 5345 5930 7433 8226 8852 9186 10314 11441 12068
4808 5053 6234 7212 7375 8475 9738 10553 11124 11531
5424 6078 7153 7948 8509 9818 10893 11782 12389 13418
3024 3345 3853 4736 5084 5378 6074 6502 7171 8000
3630 4060 4460 4952 5629 6275 7167 7936 8274 8612
1976 2010 2612 2813 3148 3433 3902 4304 4571 5023
5044 5728 6754 7095 7779 9361 9874 10942 11455 12524
2156 2588 2944 3375 3619 3881 4144 4631 4912 5381
3138 3691 4644 5106 5813 6336 6797 7966 8520 9104
3184 3558 3906 4307 5136 5404 6179 6848 7330 7731
1591 2205 2409 2834 2929 3260 3653 3968 4204 4677
4067 4276 5458 5562 6361 7056 7995 9038 9177 9768
4896 5811 7093 7367 8328 9838 10204 11805 11897 13590
2480 3071 3571 3913 4504 4595 5141 5528 6187 6801
3242 4015 4640 5116 5949 5949 7049 7733 7822 8774
4850 6359 7137 7320 8921 9379 10797 11300 12535 13221
4609 6220 6847 7294 8815 9666 9979 11097 12350 13111
3620 4445 4826 5207 5842 6890 7081 7938 8732 8954
4634 5761 6220 7431 8015 8683 9518 10436 11563 11981
4703 5729 6413 7140 7995 8807 9705 10774 11842 12313
1830 2470 2594 2860 3305 3695 4033 4317 4708 5081
3649 4240 4866 5804 6846 7298 8028 9036 9696 9939
4676 5678 6471 7431 8349 8683 9476 10270 11397 11731
1076 1292 1582 1776 2099 2228 2368 2680 3013 3153
2116 2863 3236 3589 4024 4460 4978 5144 5414 6181
1151 1366 1667 1774 2032 2365 2451 2645 3010 3075
1595 1934 2229 2539 2672 2982 3425 3647 3868 4193
3888 4567 5964 6756 7285 8153 8719 9814 10342 10719
3927 4795 5437 6796 6910 7853 8986 9741 9892 10723
3558 3812 4574 5114 6353 6385 7242 7973 8322 9116
1970 2327 2739 3377 3377 4015 4184 4540 5028 5497
2574 3366 3738 4158 4579 5148 5792 6138 6633 7425
2961 3579 3759 4634 5097 5509 5664 6281 7002 7620
2827 2946 3611 3801 4443 5179 5512 5749 6319 6795
3650 4379 5353 6013 6326 7612 7751 9036 9280 9766
4595 5252 6565 7440 8271 8971 10328 10503 12078 12297
2890 3398 3960 4628 5351 5725 6153 6528 7089 7731
5087 5258 6712 7567 7738 9191 9832 10987 11243 12141
3647 4052 4997 6077 6482 6989 7732 8137 8913 9622
2864 3345 3800 4389 4844 5781 6235 6958 6985 7654
2115 2371 2964 3260 3893 4189 4387 4999 5335 5612
1098 1323 1582 1807 2141 2302 2367 2797 2851 3087
2780 3089 3445 3801 4300 4823 5393 6010 6581 7008
2672 3118 3934 4404 4775 5196 5764 6432 6680 7298
1444 1788 2049 2420 2544 2956 3245 3396 3822 3960
3701 4061 4618 5534 6549 6975 7565 8449 9071 9431
4770 5128 6082 6559 7830 8188 8983 9857 11129 11408
4135 5129 5924 7037 7594 8349 8826 9899 10337 11768
1453 1657 1810 2192 2396 2778 3046 3275 3530 3670
1249 1346 1593 1765 1948 2357 2411 2583 2863 3100
4254 5128 6122 6996 7672 7950 9024 10057 10574 11806
3342 4161 4685 5799 5995 6912 7273 8321 9074 9271
2896 3094 3861 4010 4653 5173 5940 6287 6608 7103
3095 3779 4404 5207 5683 6546 7052 7200 8004 8450
2222 2720 3093 3467 3778 4235 4588 5273 5771 5937
1695 2019 2270 2594 2800 3051 3449 3743 4038 4406
2481 2677 3156 3918 3940 4353 4984 5311 5898 6094
3080 3469 4412 4828 5189 5578 6410 6937 7520 8297
2803 3414 4441 4635 5412 6050 6106 6716 7576 8298
5621 6914 7660 8804 9899 10147 10943 12883 13480 14475
4910 5704 6920 8229 9071 9678 11221 11455 12857 13138
3581 4311 5562 5875 6327 6987 7961 8586 9177 10185
4217 5678 6012 7473 7890 8642 9727 10395 11564 12524
1977 2161 2462 2982 3015 3534 3903 4322 4472 4757
2500 3317 3614 4159 4530 5050 5817 6436 6832 7228
2859 3168 3837 4558 4944 5305 6155 6618 6798 7262
5236 5818 6668 7876 8816 8995 9845 11635 11903 13111
5280 5862 6802 7741 8099 9844 10202 11142 12484 12797
2449 2760 3051 3486 3943 4192 4731 5250 5686 5976
1918 2433 2823 2983 3480 3569 3995 4421 4723 5007
4551 6083 6608 7002 7877 9102 9890 11202 12034 12384
5672 5970 7662 8408 9701 10199 11791 12438 13731 14179
4823 6542 6828 8356 9024 10218 10552 12176 13321 14276
1479 1619 2002 2078 2524 2715 3021 3276 3327 3595
4341 4530 5700 6795 6795 7889 8984 9739 10116 11022
1622 1911 2035 2310 2585 2942 3176 3547 3588 3973
2272 2529 3141 3201 3615 4109 4662 4840 5433 5531
3103 3718 3798 4761 4975 5483 6071 6847 7328 7810
2175 2915 3111 3654 4329 4655 5025 5351 6047 6243
1683 2007 2346 2465 2715 3010 3365 3630 3969 4147
3460 4317 4825 5269 6222 6920 7110 7967 8856 9396
5636 6113 7021 7880 9504 9600 11080 11558 12704 13611
4267 4644 5664 6192 7250 8231 8647 9515 9930 10610
5721 6318 7015 8258 9552 10298 11840 12735 13830 14477
4864 6407 6875 7857 9353 9447 10289 11411 12159 13188
3734 3931 4684 5306 6191 7042 7566 8516 8778 9499
4112 4827 5041 6186 6829 7330 8188 8581 9689 10583
3753 4692 5421 5595 6464 7159 7923 8723 9418 10391
3753 4761 5491 6082 6394 7055 8340 8549 9417 9765
5191 5370 6443 7920 8680 9620 10649 11454 12528 12618
2969 3884 4272 4883 5299 6075 6325 7074 7518 7962
1960 2060 2462 2797 3115 3601 3836 4304 4556 4941
2896 3391 3836 4207 4554 5222 5519 6335 6880 7003
3191 3691 3940 4856 5133 6077 6548 6687 7547 8241
3997 4170 4935 6116 6603 7506 7819 8966 9383 10078
4340 5115 5580 6859 7053 8293 8758 9571 10579 11470
5564 5704 7060 7481 8556 10192 10940 11688 12810 13418
1260 1454 1540 1723 1938 2229 2519 2584 2831 3058
5207 5338 6169 7788 8051 9363 9626 11070 12120 12601
2988 3478 4096 4276 4791 5255 5744 6311 6800 7264
2400 2970 3587 4276 4395 4846 5274 6010 6580 6984
2836 3505 4040 4415 5218 5432 6074 6876 7304 7492
4566 5506 6401 7878 8147 9355 10564 11325 12041 12623
4290 4648 5005 5971 7007 7186 8294 8974 9832 10368
1377 1773 1824 2130 2346 2729 2958 3315 3366 3723
2272 2489 2786 3418 3754 3951 4642 5117 5373 5551
2435 3118 3414 3846 4233 4643 5098 5712 6167 6463
1534 2065 2197 2477 2949 2964 3480 3834 3878 4394
3452 3571 4226 5178 5476 5982 6993 7350 8213 8541
2609 2761 3261 3783 4088 4631 5153 5522 6088 6196
3199 3722 4367 5321 5813 6705 7289 7689 8550 8611
5559 6144 6826 8191 9264 9849 10970 12043 13554 14432
4872 5732 6782 7976 9409 10030 11081 12179 12561 13707
1161 1462 1709 1859 1978 2268 2386 2740 2966 3116
2782 3504 3932 4654 5242 5884 6044 6820 7221 7916
4282 5342 5790 7095 7380 8196 9052 9826 10764 11539
4453 4811 6321 6520 7275 8587 9462 9541 10933 11290
2311 2410 3121 3200 3694 3990 4562 5096 5372 5807
1403 1871 2091 2325 2710 2806 3191 3328 3686 4043
4006 4962 5403 5880 7240 7755 8416 9445 9666 10731
5888 6903 7309 8324 9795 10404 11216 13145 13551 14870
2916 3745 4200 4334 4922 5538 6233 6688 7330 7677
3778 4222 5016 5365 6127 6603 7111 8222 8285 9396
4691 4929 6360 6758 7592 8427 9500 9739 10534 11170
3475 4205 5352 6255 6742 6985 8027 8618 9730 10321
4574 4806 5504 6318 7364 8139 9263 9612 10503 10929
4214 4970 6043 6838 7315 8388 9064 10018 11012 11330
5206 5819 6694 7437 8181 9318 9800 10631 11899 12949
5381 6092 7970 8579 9391 10406 11929 12183 13756 14568
3219 3690 4023 4939 5161 5993 6270 6881 7685 8212
1390 1775 2147 2325 2518 2986 3082 3330 3646 4059
4604 5501 5949 7294 7701 8883 9575 9983 10635 12101
3451 3624 4113 4630 5321 6068 6787 7247 7564 8168
2282 2697 3174 3589 3983 4460 4689 5083 5664 6224
3678 4522 5129 5939 6276 7288 7558 8672 9313 10055
2479 2762 3414 3849 4197 4675 5088 5501 5653 6392
5316 6291 6974 8339 9363 10046 11021 11801 12923 13800
3392 4047 4404 4791 5415 6427 6784 7736 7914 8450
1994 2724 2843 3455 3909 4086 4738 5113 5448 5823
2324 2884 3216 3403 3901 4440 4586 5374 5644 5872
1087 1377 1678 1871 2130 2280 2377 2785 2828 3022
4520 6265 6310 7966 8458 9397 10516 11143 12217 13022
3165 3387 4137 4498 5247 5802 6302 6691 7440 8162
2449 2636 2968 3673 4005 4420 4670 5022 5437 6164
2097 2678 3010 3404 3944 4318 4837 5210 5771 5916
1129 1441 1570 1913 1967 2311 2526 2676 2891 3171
5252 6064 7353 8308 8690 10313 11173 12080 13226 13799
2311 2489 2943 3200 3852 4148 4582 5135 5175 5688
2709 3066 3375 3803 4492 4943 5276 5704 6321 7034
5850 5948 6874 8434 8922 10725 11652 12090 13260 13845
2962 3652 4054 5118 5405 5952 6871 7303 7763 8510
5264 6629 7701 8237 9748 9845 11502 12428 13257 14573
2871 3391 3540 4431 4554 5025 5891 6015 6757 7029
3786 4742 5808 6102 7057 7866 8601 8895 9667 10586
5850 5996 7556 8336 9262 10140 11407 12187 13503 13698
3250 3480 4142 4602 5379 5810 6471 7104 8024 8542
3971 4559 5184 6030 7206 7390 8236 9302 9964 10295
4532 5089 6321 6718 7354 8348 9382 9580 10375 11727
1792 2261 2646 2780 3332 3634 3818 4086 4404 5024
3423 3929 4524 4792 5506 6161 6548 7262 8244 8363
5032 6221 6679 7776 8508 10018 10887 11756 12625 13174
1610 1747 2174 2215 2545 2903 3068 3302 3687 4086
4101 4761 5109 6081 6568 6985 7715 8688 9313 10321
4611 4969 6360 6876 7353 8585 9539 9778 10533 11447
2233 2509 2924 3517 3852 4070 4603 4801 5136 5689
3747 4590 4928 5468 6615 7054 8033 8134 9147 9788
4110 4968 5683 5897 7041 7470 8292 8756 9864 10579
4969 5596 5888 7099 7934 8728 9730 10022 11108 11776
3271 4160 4890 5208 6319 6573 7430 7652 8414 9526
2306 2493 3116 3427 3739 4175 4694 5151 5525 5981
4699 5683 6578 8055 8681 9710 10471 10963 11903 13290
4319 4971 6478 7334 8067 8719 8964 10430 10919 12182
3322 4122 4583 5536 5967 6213 6890 7535 8181 8796
3005 3868 4641 5117 5504 6069 6694 7675 8240 8925
5164 5952 6433 7352 8140 8927 9846 10678 11378 12690
4072 4808 5622 6475 7096 8026 8724 9461 10197 10895
5274 6966 7464 8608 9056 10847 11145 11941 13185 14529
4768 5460 6235 6764 7783 8394 9657 10065 11083 11776
3320 4088 4672 5533 6117 6762 7100 7715 8391 8975
3303 3987 4284 4969 5653 6397 6783 7497 7914 8717
4789 5516 6200 7098 7996 9236 10006 10390 11459 12015
2025 2588 2944 3113 3431 4013 4425 4575 5156 5325
4239 5176 6521 6602 7540 8558 9333 10433 11004 11859
5125 6618 7911 8558 9105 10647 11046 12090 13384 14727
2367 2678 2989 3446 3924 4380 4733 5314 5460 5854
1607 1985 2378 2551 2992 3449 3748 3984 4268 4677
2862 3718 4199 4360 5189 5349 6419 6793 7274 7863
2519 2852 3779 3826 4444 4919 5252 6060 6202 6986
4077 4681 5927 6569 7550 7890 8381 9702 9891 10872
4454 4642 5850 6492 7284 7737 8718 9586 10567 11322
4968 6086 6444 7832 8861 9398 10472 11009 11680 12844
3077 3767 4601 5090 5205 5866 6441 7045 7677 8626
1534 1947 2330 2492 2934 3185 3450 3819 3863 4202
4377 5777 6215 7790 7965 9015 9803 10503 12166 12647
1366 1596 1889 2119 2489 2769 2821 3063 3382 3688
4186 5039 5969 6357 7016 7791 8643 9690 10620 11434
3444 4423 4929 5739 6212 7292 7697 8103 8811 10128
3647 4290 5399 6292 7079 7401 8402 9224 9617 10153
3219 3413 4245 4939 5216 5605 6492 6936 7685 8268
1874 2189 2457 2551 2835 3417 3480 4079 4205 4598
4871 6590 6972 7641 8882 9933 10745 12416 13323 13801
5077 6904 7209 8529 9544 10610 11321 12184 14113 14265
2371 2610 3089 3741 4329 4742 5199 5481 5808 6134
4651 4850 5764 7155 7791 8546 9222 9739 10415 11528
4651 4850 6281 6639 7791 8308 8825 9819 11130 11289
2616 2798 3390 3868 4368 4891 5346 5869 5983 6529
3571 3809 4731 5207 5504 6010 6813 7349 7736 8747
2704 3348 3811 4635 5099 5588 6103 6231 6772 7364
3475 4120 4428 5443 6119 6365 7195 7410 8025 9224
1564 1948 2155 2420 2804 3040 3350 3674 3969 4427
2456 3116 3388 4002 4548 4798 5344 5480 6344 6731
5348 6255 7639 8212 8738 10122 11459 11889 13082 13560
2157 2438 2832 3038 3470 3845 4389 4726 5214 5289
1212 1424 1742 1989 2200 2494 2636 3000 3094 3306
2024 2485 2805 3089 3284 3621 4047 4473 4668 5077
2732 3231 3564 3801 4562 4823 5417 6011 6296 6747
1411 1540 1763 1975 2198 2539 2715 2821 3056 3444
2996 3451 4040 4361 5003 5645 6313 6474 7490 7731
5237 6177 6535 7251 8057 9041 10026 11593 12219 12577
2263 2872 3459 3503 4199 4547 5200 5243 5722 6244
2044 2531 2944 3094 3394 3993 4387 4818 5156 5324
4095 5129 6083 6997 7156 8111 8826 10337 10973 11251
1540 1664 2076 2461 2722 2997 3121 3369 3657 3987
1411 1469 1681 1975 2339 2480 2750 2832 3161 3396
4650 4883 5541 6355 7711 8525 8525 9610 10617 11469
2675 3504 4253 4494 5109 5831 6045 6634 7409 7784
3603 4258 4945 5830 6124 6747 7434 8319 9039 9366
4446 5856 6369 7138 8079 9190 10045 10985 11498 12780
3476 4183 4522 5044 5598 6398 6828 7597 8581 8797
2095 2148 2787 2982 3249 3746 3994 4526 4757 5272
3982 4724 5365 5466 6377 6917 8098 8436 8976 9988
1860 2228 2564 2748 3301 3485 3686 4222 4389 4942
5887 6750 8120 8932 9541 11114 11368 12839 13195 14210
2119 2493 3240 3573 3780 4507 4569 4985 5483 5836
3913 5269 5695 6625 7478 8291 9298 9647 10654 11507
3445 4183 4367 5443 5659 6274 6919 7903 8549 8703
2685 3072 3254 3822 4277 4664 5301 5551 6188 6780
5157 6208 7544 8452 9025 9597 11173 12224 12987 13608
3076 3823 4312 5174 5346 6094 6697 7329 7760 8594
5074 6666 7910 8258 9651 10496 11740 12735 13580 14277
2060 2131 2699 3036 3480 3728 4154 4474 4669 5006
3493 4223 4573 5208 5716 6605 7621 8129 8859 9049
3823 4240 4936 6152 6743 7334 7646 8724 9662 9905
4909 6265 6592 8415 9163 10191 10332 11921 12388 13744
5251 5338 6126 7438 8576 8838 9932 11114 12076 12557
1927 2246 2547 2715 3268 3402 3737 4206 4574 4708
1932 2607 2664 3245 3508 3883 4126 4745 5027 5570
3778 4127 5016 5492 6032 6349 7175 8000 8857 9111
2366 2889 3458 3890 4186 5005 5028 5824 6210 6825
5216 6824 6824 8628 9164 10724 10919 12527 13307 14379
2024 2468 2486 2948 3516 3658 3977 4528 4670 5078
3510 4170 5317 5734 6359 7576 8270 8861 9521 10390
3715 4349 4572 5270 6191 6794 7460 7841 8603 9238
2472 2875 3493 3968 4444 5204 5346 5798 6534 6772
3720 4520 5111 5667 6362 7440 7787 8517 9525 9734
2054 2647 3061 3318 3693 4088 4641 5135 5253 5767
2574 3341 3861 3985 4529 5395 5643 6311 6880 7251
3733 3930 5141 5502 6222 7106 7630 8514 8874 9333
3916 4085 5132 5469 6482 7292 7663 8406 8980 9453
1950 2475 2925 3356 3750 4087 4312 4574 5043 5268
5253 5969 7544 8356 9024 10314 11125 11889 13131 13465
1667 1873 2198 2537 2847 2994 3451 3540 4086 4410
2469 2697 3299 3527 4129 4191 4876 5145 5436 5955
4066 4830 5178 5873 6950 7402 7680 8340 9243 10181
2372 2490 2826 3261 3558 3973 4644 4980 5138 5692
3950 4422 4929 5941 6245 6920 7663 8540 8878 9688
3175 4445 4858 5652 5842 6858 7112 7811 8414 9367
5062 6494 7497 7640 8595 10409 11030 11794 13226 14134
3537 4213 4613 5320 5904 6427 6980 7657 8333 8641
3996 4865 5073 6011 6498 6984 7957 8721 9729 10146
5753 6777 6826 8337 9263 9897 10970 11847 13066 14529
3858 4761 5491 5943 6360 7507 7854 8480 9036 10078
1781 1954 2427 2805 2994 3151 3734 3876 4144 4506
1608 1691 2185 2378 2653 3024 3257 3326 3821 3848
1445 1652 1941 2395 2546 2972 3110 3385 3826 3922
1211 1610 1822 1998 2163 2433 2597 3044 3256 3338
4372 5107 5879 6466 7054 7495 8340 9148 9993 10802
2095 2396 2485 2876 3390 3887 4136 4490 4792 5094
5330 6172 7013 8089 9117 9398 10286 11875 12530 13512
3601 4583 5205 5696 6449 7005 7824 8118 8642 9821
5522 6666 7910 8606 9750 10845 11541 12238 13183 13979
2113 2409 3061 3376 3811 4344 4581 4916 5528 5765
3545 4186 5064 5806 6583 7224 7933 8372 8777 9654
3898 4127 4978 5371 6190 7140 7369 7991 8646 9825
4417 5096 5549 6191 6908 8153 8569 9663 10154 11286
3815 4456 5232 5739 6481 6785 7528 8776 8810 9586
1635 1910 2157 2308 2651 2789 3297 3393 3750 4121
4340 5246 5322 6605 7284 7926 8680 9775 10416 11020
4969 5386 6513 7223 7891 8392 9394 10104 11398 12441
5819 6764 7758 8355 9499 10693 11687 12930 13875 14770
3823 4761 5282 5803 6429 7193 8097 8965 9521 9903
1595 1884 2187 2228 2503 2915 3300 3314 3685 3919
1698 1816 2200 2362 2805 3011 3454 3587 3927 4296
3579 4830 5351 6185 6463 7331 7644 8999 9242 10424
3927 4622 5004 5908 6464 7298 7993 8827 9174 10390
1505 2036 2316 2523 2951 3010 3364 3600 3968 4204
4943 5556 6430 7874 8399 9274 9842 10892 12204 13123
3685 4345 5214 6222 6465 6987 8099 8898 9176 9802
4594 5907 6301 7045 8445 9363 10282 11332 11376 12645
5410 6774 7749 8675 9552 10137 11404 12574 13061 14328
3422 3710 4170 4659 5349 5838 6528 7103 7736 8627
4638 5951 6651 7307 8269 9363 9669 10982 11507 13126
5262 5857 6863 7504 8739 9929 10295 11759 12125 12811
4456 5347 5967 6936 7246 8369 8718 9687 10151 11236
2077 2679 2928 3614 3780 4424 4673 5047 5607 5856
4169 4829 4968 6219 6636 7087 8303 8928 9415 9936
3429 4096 4572 5493 5779 6699 7239 8096 8858 9430
2076 2449 2555 2892 3549 3851 4205 4578 4702 5004
1549 2051 2110 2508 2656 3039 3246 3821 4102 4338
4573 5425 5658 6510 7557 7983 8564 9688 10114 11509
3510 4624 4927 6007 6412 7087 7526 8707 9416 9618
4301 5052 6346 7432 7891 8476 9519 10772 11440 12317
1607 2063 2394 2788 3150 3181 3717 3780 4284 4662
5634 6192 7258 8324 10151 10557 11877 12942 13805 14414
4617 5259 6456 7353 8208 8807 9619 10944 11799 12526
4157 5216 6235 7050 7824 8639 9047 10513 11125 11940
1353 1532 1991 2080 2399 2706 2999 3242 3318 3573
4476 6087 6714 7922 8951 9130 10070 10741 11860 13158
2541 2945 3800 4251 4702 4844 5580 5913 6459 6815
1843 1906 2520 2803 3040 3386 3559 3811 4299 4488
5889 6092 7361 8173 9696 10153 12183 12742 13554 14214
4185 5231 5812 6471 7478 8447 8641 9958 10733 11004
5079 5537 6680 8099 8785 9609 10615 11347 12079 13315
5101 6220 6399 7741 8368 9576 9889 11455 12171 13245
5216 6039 6909 7320 8830 9333 10523 11438 12719 13359
4775 6065 6972 7640 9455 10171 11365 12415 12893 13943
4030 4656 5316 5906 6705 6983 8303 8998 9727 9866
5473 6269 7612 8358 9204 10896 11343 12438 13731 14328
5143 6125 6780 7855 9351 10053 10520 11455 12157 13513
4182 4969 5112 6041 7006 7828 8257 8686 9830 10259
4040 4796 5475 6268 6872 8269 8609 9553 9817 11139
2241 2742 3416 3612 4177 4569 5069 5265 5765 6418
1596 1773 2157 2482 2718 2954 3397 3619 3944 4165
5217 5766 6818 7688 8237 9472 10250 11440 12767 12859
5079 5628 7230 7321 9060 9380 10753 11576 12171 12903
3135 3523 4439 4910 5493 5659 6463 7074 7518 8156
2916 3558 4093 4575 5136 5404 6126 6848 6982 7865
5056 6041 7025 8009 8502 9128 9978 11544 12305 12797
4223 5270 5812 6897 7245 7982 9221 9802 10539 11236
4760 5996 6819 7323 8467 9153 10663 10984 12448 13272
5523 6070 7414 8657 9105 9951 11394 12837 13583 14677
1339 1671 1964 2142 2397 2805 2856 3239 3481 3672
5920 6119 7362 8009 9551 10795 11640 12934 13530 14625
5228 6547 7308 8222 10150 10861 11774 12739 13449 15225
2886 3802 4274 4745 5078 5633 6660 7048 7742 7853
3334 3708 4167 5087 5259 6179 6811 7472 7932 8564
2524 2611 3155 3524 4199 4568 5090 5286 6069 6374
3076 3424 4226 4440 5136 5644 6179 6794 7168 7703
4376 5864 6170 7439 8270 8883 10327 11202 11464 12865
3589 4034 4732 5113 6288 6542 7019 8098 8321 9273
1212 1435 1706 1929 2259 2576 2623 3011 3129 3294
4801 5845 6179 6847 8266 8517 9435 10604 11355 12148
4340 5057 5736 6680 7510 8265 8868 9283 10491 10755
4507 5426 6607 7395 7876 9407 9888 11332 12251 12645
4490 5302 6670 7483 8252 8594 9791 10347 11673 12357
1813 1923 2254 2553 2979 3184 3562 4050 4381 4507
2251 2744 3001 3297 3909 4324 4620 4837 5212 5804
2859 3830 4080 4469 5135 5801 6439 6745 7716 8188
3849 4086 4795 5504 6111 6989 7732 8137 9251 10028
1683 2022 2096 2524 2774 3114 3350 3556 4029 4176
2034 2627 3081 3476 3812 4049 4542 4957 5490 5589
3214 3720 4196 4762 5624 6339 7083 7231 8273 8570
4182 4540 5147 5898 7006 7399 8579 9293 9722 10473
4968 5416 6535 7788 8727 9533 10160 11368 11950 12621
4293 4850 5684 6559 7155 8626 9460 10295 11011 11806
2117 2573 3175 3611 4129 4565 4607 5208 5478 6163
5001 5856 6411 7522 8548 8804 10129 10770 11625 12266
1397 1644 1784 2007 2160 2500 2688 3040 3275 3427
5732 5779 7355 8024 8597 10125 11128 11606 12704 13373
3392 3536 4542 5002 5203 6123 6813 7388 7733 8221
2371 2470 2904 3161 3556 4306 4544 4899 5373 5808
1366 1596 1864 2055 2336 2732 3012 3114 3395 3650
5265 5947 7751 7946 9652 10041 11699 12674 13064 14428
4224 4882 5541 6626 7130 8525 8990 9958 10733 11314
5129 5129 6838 7693 7992 8889 9830 10941 11924 12821
1183 1473 1559 1903 2118 2322 2429 2580 2838 3192
4850 6039 7183 7732 8922 9699 10111 11392 12719 12902
2524 2698 3394 3894 3959 4351 5047 5547 5852 6178
2472 3233 3447 3827 4279 4849 5562 5729 6275 6751
1623 1962 2198 2522 2920 3156 3466 3569 3835 4380
3131 3345 4094 4281 5351 5512 6020 6636 6983 7840
4901 5689 6345 7439 8708 9058 10195 10589 11421 12602
3627 4150 4826 5287 5963 6670 7284 7622 8544 8882
4116 5173 5740 6042 7250 7628 8345 9478 10044 10950
5582 7003 7308 8779 9895 10809 11570 12331 14107 15021
4650 4960 5812 6975 7130 8098 9106 9648 10229 11353
5110 6112 7163 8309 8929 10219 11269 12272 12797 13561
4455 4908 5625 6418 7022 7852 8947 9589 10004 10797
3409 4489 4894 5839 6548 7256 7864 8471 9349 9518
3374 4291 4618 5895 5961 7107 7271 8122 9105 9793
2863 3585 4120 4762 5003 5565 6180 6554 7063 7758
1701 2205 2473 2803 3087 3228 3575 4032 4110 4441
2250 2532 2813 3000 3619 4107 4331 4538 4950 5419
1314 1684 1849 2258 2385 2627 2870 3290 3431 3749
1363 1410 1786 2068 2244 2444 2585 2972 3278 3442
2976 4017 4642 4850 5415 6456 6814 7230 8242 8777
4095 5128 6082 6519 7632 8547 9143 9660 10812 11886
2526 3186 3481 3777 4118 4573 5233 5666 6052 6826
4594 6125 6213 7875 8006 9450 10194 11331 11725 12337
2612 3324 3562 3846 4511 5033 5532 6030 6600 7075
1188 1505 1740 1940 2163 2563 2798 2822 3268 3386
5444 6494 6876 8452 9168 10075 10744 11651 12940 13943
2895 3389 3810 4255 4923 5443 5814 6333 6432 7051
4171 4449 4970 6117 6882 7299 7751 8515 9176 9801
2627 3476 3966 4481 4893 5665 5742 6437 7055 7313
2570 3071 3321 4071 4299 4844 5390 5618 6095 6755
2970 3469 4135 4746 5412 5883 6161 7215 7271 8298
2859 3691 4329 4662 5134 5966 6244 6799 7687 8242
3686 4311 5180 5667 6293 7093 7718 8900 9457 9874
1608 1939 2333 2601 3105 3468 3578 3783 4209 4445
2035 2726 2844 3279 3950 3990 4345 5115 5431 5866
4263 4961 5542 6588 7441 8138 9146 9727 10115 11471
5033 6222 6817 8006 9104 9562 10843 11209 11941 12993
3444 4625 4760 5840 6380 7089 7460 8203 9351 9891
3132 3319 3747 4309 4898 5835 6102 6584 7119 7574
4185 5076 5464 6742 7207 8408 8834 9881 10694 11508
5034 6086 6406 8099 8648 9609 10341 11440 12172 12904
2889 3612 3959 4601 4976 5885 5912 6955 7196 7517
4380 5059 5776 6305 6909 8230 8381 9438 9891 10986
1246 1457 1845 1974 2291 2456 2667 2879 3255 3513
1976 2278 2445 2847 3065 3517 3902 4304 4488 4907
5015 5732 7164 7690 8836 10460 11224 11701 12609 13946
1595 1869 2021 2419 2612 2886 3175 3409 3752 4041
4638 5513 6650 7044 8444 9275 10150 10938 12031 12994
2450 2533 3031 3570 3737 4193 4920 5210 5459 6103
3351 3966 4919 5503 6025 6241 7163 7900 8177 9130
5634 6243 7106 9085 9542 10608 11522 12689 14212 14364
3895 4851 5549 6504 6908 7570 8819 9333 10031 10729
3545 4588 5457 5596 6569 6986 8133 9001 9523 9870
2076 2844 3134 3549 3882 4400 4608 5106 5521 6164
2371 2470 3122 3201 3714 4287 4445 4979 5137 5571
2200 2863 3258 3527 4046 4523 4793 5104 5581 5809
3555 4221 4856 5269 6030 6760 7459 8252 8855 9363
2802 3206 3538 3847 4559 5010 5628 6126 6245 6981
5032 5557 6169 7832 8488 8882 10238 10676 11507 12995
3615 4762 5457 5804 6673 6951 8098 8758 9071 10079
1504 2064 2182 2580 2934 3037 3465 3716 4069 4246
1377 1759 2014 2244 2435 2588 2830 3251 3429 3735
4006 4704 5659 6173 6908 7937 8709 9039 9958 11024
1651 1664 2146 2256 2737 2833 3177 3535 3576 3865
4916 5429 6498 7524 8293 8592 9661 10602 11756 12653
2803 3691 4385 4968 5245 5606 6549 6799 7326 8159
4976 6518 7265 8011 9852 10897 11046 12489 13733 14180
4136 4830 4865 5560 6637 7541 7888 8688 9452 10077
3105 3450 4198 5175 5750 5923 6440 7274 8022 8194
5751 6726 7457 8724 9406 9893 11550 12379 13110 14621
2457 2674 3413 3848 4326 4456 5065 5565 6000 6478
1444 1761 2160 2421 2723 2820 3150 3301 3700 3947
2232 2567 2765 3337 3851 4305 4680 5035 5391 5667
1444 1828 2186 2296 2653 2790 3258 3533 3821 3931
1398 1492 1692 1997 2291 2490 2643 2937 3242 3465
3125 3928 4643 4762 5476 5982 6607 7470 8184 8779
4923 6726 7799 8578 9212 10674 10967 12331 13403 14476
1726 1859 2198 2449 2832 3201 3422 3570 3909 4381
4341 4869 5435 6681 7436 7964 8455 9285 10569 11172
3329 3578 4382 4854 5187 6074 6351 7100 7766 8099
5282 6497 7432 8180 8927 9628 10423 12106 13087 13461
2549 2913 3346 3869 4392 4643 5143 5849 5985 6463
5523 6518 7016 8708 9006 10449 11593 12489 13385 14181
2970 3465 3514 3984 4900 5073 5939 6434 6706 6929
1107 1505 1537 1913 1967 2290 2526 2752 2902 3085
3690 3874 4427 5288 5934 6610 7348 7594 8178 9162
4452 5167 5565 6877 7751 8427 9102 10056 11129 11408
5143 6545 7200 7574 9256 10004 10285 11454 12996 13417
3064 3116 3708 4326 4970 5536 6025 6463 7184 7313
5051 5658 6594 7716 8604 9633 10521 12111 12626 13841
4116 5379 6479 7335 8068 8190 8964 10431 11287 11816
3966 4872 5326 6043 7478 7818 8309 9140 10009 10877
1282 1482 1799 1952 2152 2375 2646 2999 3234 3375
4878 5773 7071 7518 8950 9442 10650 10919 11724 12888
1608 1977 2286 2626 2935 3039 3319 3570 3894 4322
2242 2740 2927 3653 3985 4275 4649 5272 5728 5915
4100 4864 5351 5907 6879 7157 7991 8373 9485 10180
2662 2889 3480 3958 4140 4845 5300 5527 6278 6733
5363 6631 6826 8094 9410 10239 11311 12384 12920 13847
1486 1678 2008 2380 2586 2971 3163 3466 3590 4112
1652 2006 2256 2374 2728 3141 3451 3642 4026 4424
3652 3874 4890 5334 6223 6795 7493 7811 8350 9208
1622 2126 2221 2803 3071 3433 3512 4031 4346 4551
3406 4486 4879 5763 6091 6909 7859 8187 8678 9758
4056 5566 5805 6799 7355 8349 9303 9701 10576 11410
1593 1903 2272 2493 2935 3112 3363 3805 3923 4204
3628 4243 4889 5135 5535 6519 6980 7810 8117 9009
5379 7104 7713 8981 9996 10301 11671 12584 14157 15070
2884 3193 3760 4558 4661 5536 6129 6592 6875 7416
4909 5984 6873 8088 8649 9771 10893 12015 12529 13792
1364 1747 2027 2142 2524 2563 2907 3072 3570 3697
5634 6159 6875 8594 9358 9979 10838 12175 12652 14180
3859 4851 5585 5953 7312 8047 8819 9333 9591 10803
2864 3212 4095 4817 4844 5540 6235 6530 7118 7653
1418 1872 2010 2230 2546 2808 3235 3372 3702 3909
1635 1910 2171 2253 2638 2926 3270 3325 3751 4094
2684 3070 3593 3775 4366 4548 5435 5890 6208 6617
3200 3969 4645 4953 5876 6399 7291 7475 8091 8767
2476 3045 3788 4432 4778 5075 5818 5991 6511 7229
4417 5424 6160 6238 7710 8020 9182 9918 10383 11080
3024 3385 4356 4634 5549 5827 6659 7158 7325 8101
4117 5072 5403 6065 6947 7388 8196 9335 10254 10548
1727 1845 2273 2612 2701 3202 3320 3615 3866 4161
3375 4259 4619 5635 6290 6716 7535 8059 9075 9238
1569 1871 1926 2463 2490 2834 3054 3357 3742 4044
3713 4632 5551 6213 6801 7426 8492 9447 9999 10477
5164 5470 6214 7614 7876 8839 10020 11333 11683 12777
5989 6141 7765 8983 9845 10860 12078 12687 13245 14362
2525 3218 3911 4183 4530 5124 5841 6361 6732 7104
4031 4656 5420 6254 6324 7053 7887 8964 9311 10354
3162 3909 4398 5116 5720 6237 6553 7186 7789 8191
1222 1633 1751 1903 2315 2514 2749 2867 3289 3372
2434 3094 3503 3913 4527 4572 5073 5619 6210 6779
1183 1462 1505 1871 2107 2225 2526 2730 2849 3107
1988 2401 2964 3001 3676 3901 4164 4839 5102 5252
1685 2189 2426 2693 2914 3150 3717 3969 4284 4583
3661 4276 4307 5291 5753 6214 6799 7383 8214 8706
2933 4026 4371 5004 5320 6068 6384 7362 7505 8196
5444 5810 6954 7549 8555 9653 10156 11483 12764 13542
5398 5581 6999 7868 9012 9972 10750 11070 12488 13220
3078 3238 4014 4469 4951 5566 5914 6610 7466 7680
4362 5014 5788 6725 7663 8682 9089 10190 11168 12065
2810 3292 3854 4282 4951 5674 6316 6530 7414 7574
2400 2994 3469 3944 4751 5037 5512 5892 6438 6771
1977 2278 2647 2764 3333 3467 3852 4104 4422 4790
5351 6357 7272 8049 8963 9878 10976 11753 12393 13033
2137 2905 3299 3320 3963 4357 4876 5042 5705 6162
3864 4355 4879 5894 6418 6614 7596 8186 8873 9692
2885 3478 3941 4173 4714 5281 6002 6208 6955 7393
3018 3938 4570 5058 5489 6323 6754 7415 7501 8392
1472 1775 2009 2435 2573 2903 3109 3467 3701 3879
1609 1678 1926 2283 2737 2833 3301 3356 3741 4002
4496 5116 6124 6550 7132 8139 8527 9457 10310 10969
1476 1949 2111 2421 2923 3041 3277 3676 4074 4207
3599 4183 4675 5413 5905 6151 7043 7443 8088 8826
4758 6039 6497 8235 8830 9425 10522 11803 12764 12901
4040 4576 5684 6006 6863 7292 8329 8972 9616 10652
2413 2777 3324 3688 4553 4758 5122 5486 5987 6715
2472 3256 3422 3945 4278 5180 5537 5870 6202 6654
1215 1290 1688 1903 2150 2258 2419 2698 2806 3139
1622 1869 2007 2350 2488 2955 3134 3560 3697 4096
4572 4921 5696 6587 7633 8369 9105 9919 10538 10965
4219 4827 5577 6149 6471 7258 8044 8688 9939 10332
1680 1887 2314 2623 2815 3183 3522 3832 4023 4185
