1000 10 10
168 27 47 24 74 30 99 94 43 90 77 0 168
112 60 56 49 83 59 86 42 42 93 94 0 112
177 87 34 61 90 26 78 95 60 77 87 0 177
182 26 41 47 97 29 78 81 76 56 42 0 182
169 98 99 35 22 40 83 85 83 94 29 0 169
150 28 28 65 26 27 74 39 22 81 24 0 150
130 74 75 22 84 61 54 81 51 57 55 0 130
162 60 46 56 65 80 36 43 44 75 96 0 162
196 28 22 78 92 20 82 82 47 74 38 0 196
191 36 91 54 66 75 63 59 88 88 35 0 191
164 45 62 95 89 96 39 53 81 33 41 0 164
139 23 46 66 37 90 57 44 46 22 95 0 139
109 84 70 25 70 66 37 59 46 63 76 0 109
165 38 98 37 87 75 51 47 40 30 34 0 165
160 86 52 95 32 54 98 67 84 67 22 0 160
130 40 51 72 74 98 97 37 69 63 77 0 130
163 23 82 53 47 62 58 90 52 32 54 0 163
176 99 68 22 36 32 82 33 68 85 63 0 176
117 80 73 86 74 92 51 90 73 61 86 0 117
159 92 72 96 59 39 82 58 36 32 85 0 159
145 53 90 48 25 85 86 88 45 54 25 0 145
136 46 30 53 81 43 95 61 50 52 80 0 136
112 35 32 49 33 60 30 50 97 29 43 0 112
126 36 68 72 27 30 39 86 66 57 79 0 126
178 78 25 72 22 54 24 76 35 72 65 0 178
130 51 81 78 35 56 57 69 51 24 93 0 130
193 78 22 68 31 63 82 76 95 60 76 0 193
128 84 78 75 76 63 77 41 81 63 40 0 128
118 93 84 22 79 53 88 80 28 95 73 0 118
196 30 76 85 70 29 37 63 78 49 78 0 196
135 83 33 52 92 30 87 57 73 31 84 0 135
153 79 29 63 57 31 53 47 49 45 99 0 153
159 97 96 28 58 70 51 26 22 90 85 0 159
177 81 48 49 36 35 93 58 40 52 86 0 177
101 44 42 24 31 32 87 72 49 44 59 0 101
126 28 53 45 50 77 73 87 31 92 27 0 126
183 64 45 47 24 47 98 21 56 94 43 0 183
123 66 51 52 53 73 72 65 87 96 33 0 123
186 64 20 41 34 26 78 95 85 29 55 0 186
155 54 75 92 58 88 44 94 93 24 99 0 155
181 38 75 82 23 50 70 60 30 33 57 0 181
111 72 24 57 64 33 25 93 54 75 70 0 111
115 98 41 47 34 76 29 82 27 48 95 0 115
131 86 41 94 87 58 76 33 32 70 30 0 131
103 27 52 53 31 57 71 96 40 65 30 0 103
174 37 40 81 91 87 50 66 58 73 95 0 174
134 37 46 95 56 58 80 37 84 97 60 0 134
109 60 27 68 30 80 71 20 81 57 82 0 109
120 92 51 77 83 67 92 90 35 36 99 0 120
170 29 21 98 54 60 31 91 60 25 44 0 170
176 50 98 91 89 81 36 70 49 20 93 0 176
157 53 34 87 98 52 67 87 97 34 90 0 157
104 34 74 78 24 30 85 81 64 68 79 0 104
158 88 61 83 74 68 93 81 70 57 51 0 158
174 95 30 73 76 99 50 45 75 93 20 0 174
161 59 83 93 83 70 71 22 61 29 32 0 161
200 73 71 47 84 47 63 70 42 68 87 0 200
172 35 84 92 67 52 60 24 93 91 82 0 172
161 92 80 34 55 99 75 96 88 23 53 0 161
193 75 53 26 93 70 54 84 59 69 93 0 193
116 91 74 78 40 79 35 91 42 87 38 0 116
119 50 87 44 57 37 84 36 88 26 99 0 119
194 22 58 58 97 66 66 48 76 53 35 0 194
190 58 78 37 66 75 99 92 30 46 42 0 190
195 37 25 56 66 58 41 82 57 37 33 0 195
105 83 57 29 41 40 72 49 33 35 64 0 105
168 76 96 40 45 72 31 42 65 47 92 0 168
104 21 89 94 28 76 83 41 89 65 85 0 104
196 97 84 37 77 53 57 86 93 57 29 0 196
137 64 49 67 24 38 66 39 33 46 24 0 137
105 77 44 80 26 86 50 52 78 33 34 0 105
169 92 49 29 96 22 85 83 49 57 93 0 169
184 35 70 27 80 45 52 81 69 52 30 0 184
148 92 99 21 77 98 28 36 50 20 25 0 148
149 63 88 87 83 52 42 74 45 52 54 0 149
149 90 56 27 56 34 55 80 66 29 36 0 149
181 90 81 88 31 28 76 21 79 93 95 0 181
105 64 60 59 79 80 47 97 43 23 46 0 105
111 69 38 38 40 39 52 50 84 44 34 0 111
159 39 20 89 45 36 39 35 50 36 52 0 159
170 97 62 52 37 98 25 65 37 24 43 0 170
120 92 73 57 85 64 98 51 42 95 63 0 120
153 58 97 72 20 53 93 42 25 39 24 0 153
130 41 65 27 87 22 93 46 71 80 34 0 130
127 79 72 45 71 34 46 61 71 51 94 0 127
137 42 23 37 73 77 52 93 76 65 75 0 137
157 75 93 92 69 68 71 67 50 47 53 0 157
180 44 76 44 76 56 70 74 81 55 95 0 180
123 58 73 95 42 71 77 76 72 58 36 0 123
168 34 63 83 91 91 35 91 60 26 99 0 168
196 61 87 61 66 61 68 36 44 64 79 0 196
126 65 56 40 71 50 46 22 46 92 63 0 126
189 49 25 20 63 98 21 39 85 29 39 0 189
170 35 34 71 64 96 32 88 89 27 87 0 170
161 37 44 78 98 78 77 46 63 92 67 0 161
101 20 54 48 21 72 54 79 60 65 99 0 101
113 46 32 59 91 95 86 33 47 45 57 0 113
147 88 59 96 29 63 69 54 85 96 45 0 147
120 60 58 72 35 65 96 95 84 32 52 0 120
160 71 66 50 71 71 43 37 69 25 63 0 160
166 95 68 83 81 24 99 25 49 38 60 0 166
197 48 24 49 43 80 28 54 73 35 56 0 197
143 68 78 28 44 57 32 63 83 71 80 0 143
127 97 94 57 88 98 33 55 96 79 40 0 127
178 38 71 51 58 62 62 87 98 33 28 0 178
114 28 80 88 47 48 44 90 66 88 59 0 114
184 52 88 55 61 22 28 88 39 41 35 0 184
102 43 74 60 89 39 50 32 40 97 46 0 102
154 34 91 52 37 74 96 47 63 29 69 0 154
128 45 31 55 79 75 67 59 38 74 21 0 128
144 84 45 85 33 57 25 33 80 82 46 0 144
177 22 30 27 46 89 30 92 75 37 97 0 177
126 63 60 59 99 76 92 85 85 21 51 0 126
117 35 65 57 52 62 93 66 57 49 97 0 117
145 86 87 89 49 68 28 53 32 47 40 0 145
164 30 22 89 70 35 80 68 80 33 73 0 164
146 51 60 26 69 79 61 78 67 65 84 0 146
176 60 36 38 89 45 82 78 37 66 97 0 176
166 73 63 55 71 85 83 80 64 86 24 0 166
125 39 85 91 98 20 61 86 84 71 38 0 125
183 26 75 23 65 27 69 70 59 40 70 0 183
100 61 48 84 63 59 45 27 29 85 89 0 100
122 46 81 29 33 52 42 23 85 79 62 0 122
132 85 50 50 60 93 93 72 26 46 78 0 132
105 93 63 46 24 55 44 77 78 45 33 0 105
189 33 31 70 92 45 86 40 82 34 95 0 189
114 29 92 39 60 36 22 40 54 29 39 0 114
153 29 59 75 53 42 78 49 42 96 73 0 153
158 52 75 76 85 69 55 43 84 78 69 0 158
173 43 72 87 48 90 36 40 61 85 55 0 173
156 21 80 68 47 66 52 57 59 78 42 0 156
156 71 53 29 93 95 27 36 49 25 54 0 156
104 26 40 70 29 92 51 37 69 25 71 0 104
187 86 76 31 98 97 79 75 75 88 59 0 187
151 85 57 62 33 26 69 86 29 97 92 0 151
131 25 48 53 90 37 50 77 47 27 67 0 131
125 91 32 27 71 49 84 63 27 84 50 0 125
122 46 65 40 96 46 44 47 28 87 60 0 122
154 43 63 45 64 73 59 48 25 60 31 0 154
123 79 94 46 77 29 74 28 26 68 81 0 123
129 59 57 70 56 39 44 95 69 62 37 0 129
130 33 52 99 25 27 32 75 43 70 76 0 130
144 53 79 78 90 29 23 52 70 24 80 0 144
117 94 56 48 92 61 49 72 95 61 39 0 117
169 57 61 91 66 95 38 53 70 64 38 0 169
194 23 34 87 40 36 28 96 97 68 44 0 194
168 65 57 88 66 76 40 63 35 61 61 0 168
125 38 71 34 90 23 48 31 80 27 48 0 125
164 28 50 63 38 29 54 25 84 82 29 0 164
116 36 35 39 50 24 95 33 60 78 27 0 116
191 53 28 99 81 25 24 58 50 72 68 0 191
166 39 86 46 46 66 95 35 87 59 62 0 166
148 78 83 79 81 80 33 32 36 66 44 0 148
102 70 51 37 64 31 54 40 98 70 38 0 102
200 44 84 78 90 95 24 23 67 33 84 0 200
126 82 54 46 83 88 96 85 40 74 62 0 126
128 45 91 71 34 54 56 21 51 43 77 0 128
117 37 83 60 39 82 93 57 89 65 48 0 117
126 53 92 24 46 42 58 99 87 80 84 0 126
191 34 96 55 44 27 82 24 78 59 51 0 191
124 68 24 69 71 32 22 42 44 25 70 0 124
183 92 26 61 93 33 67 34 52 67 46 0 183
180 87 53 78 88 40 98 31 34 68 87 0 180
159 57 54 62 41 28 26 94 74 68 53 0 159
190 97 31 45 34 40 37 21 56 63 84 0 190
141 45 98 64 49 72 47 84 28 42 58 0 141
137 30 81 81 82 26 45 83 55 71 40 0 137
117 96 55 27 55 97 90 39 61 75 29 0 117
127 97 79 26 80 22 86 74 60 28 96 0 127
192 88 25 21 85 31 57 22 28 33 24 0 192
175 42 93 74 69 91 97 81 34 62 55 0 175
132 96 71 31 46 97 27 93 35 63 28 0 132
163 31 88 77 73 79 76 76 29 45 94 0 163
119 65 68 93 39 74 74 38 32 80 49 0 119
178 87 97 66 30 70 45 70 89 35 58 0 178
182 89 56 37 71 53 49 49 49 63 88 0 182
184 91 22 37 88 67 95 78 40 40 87 0 184
130 30 97 90 48 46 58 63 40 48 49 0 130
184 51 90 27 59 45 49 46 39 34 55 0 184
129 87 35 28 73 25 93 81 53 37 47 0 129
156 83 61 43 30 42 98 46 44 69 85 0 156
122 93 35 52 73 97 56 27 92 33 48 0 122
115 50 33 25 91 53 72 41 86 95 90 0 115
183 40 99 61 81 70 88 23 86 55 43 0 183
111 74 62 46 71 55 73 94 73 49 97 0 111
161 58 95 36 59 59 77 86 96 50 36 0 161
142 78 73 49 31 28 38 59 79 38 21 0 142
177 64 67 69 83 61 91 54 20 93 87 0 177
185 34 50 39 72 71 24 48 31 38 75 0 185
149 51 70 55 71 40 27 96 71 26 49 0 149
192 45 92 64 81 96 95 86 70 23 83 0 192
147 71 78 32 76 25 40 80 31 55 20 0 147
167 47 61 83 48 32 69 69 94 91 46 0 167
146 96 68 84 24 96 45 62 67 72 63 0 146
186 42 34 42 94 38 62 80 57 68 66 0 186
159 71 30 89 96 63 75 72 92 79 40 0 159
117 46 92 49 96 79 42 30 82 34 30 0 117
120 31 97 60 94 73 79 77 88 43 64 0 120
173 63 95 31 73 71 89 32 70 20 38 0 173
139 95 72 35 69 53 29 75 68 74 22 0 139
193 76 55 58 92 85 56 53 42 68 68 0 193
128 40 92 47 33 94 66 31 40 58 23 0 128
199 68 94 31 62 27 82 29 96 48 73 0 199
167 39 78 78 81 63 45 72 39 90 69 0 167
148 62 55 85 53 24 42 36 38 57 56 0 148
115 24 58 41 55 94 86 43 59 63 24 0 115
109 36 78 39 89 86 20 49 66 53 54 0 109
168 67 26 38 75 93 73 69 43 40 32 0 168
108 43 20 36 55 90 31 53 98 64 61 0 108
111 28 32 85 52 38 92 98 38 46 93 0 111
182 26 88 34 67 40 81 87 90 54 78 0 182
105 89 81 77 78 24 32 58 28 73 82 0 105
197 45 39 65 75 24 24 21 29 67 54 0 197
180 84 22 80 85 66 41 72 99 51 47 0 180
191 27 87 69 62 74 50 85 88 23 58 0 191
194 93 40 76 63 66 69 82 64 32 22 0 194
135 85 56 90 90 36 20 70 51 52 49 0 135
112 22 70 35 63 79 91 99 94 60 62 0 112
145 76 38 72 47 68 31 68 90 45 83 0 145
120 37 86 64 44 71 38 49 82 93 57 0 120
132 22 44 68 33 78 73 28 98 93 68 0 132
112 87 30 26 40 91 35 88 27 78 21 0 112
108 61 79 46 51 73 80 84 64 95 70 0 108
123 91 90 20 22 99 35 30 49 73 22 0 123
186 61 74 38 34 92 83 99 51 36 45 0 186
121 82 82 73 56 50 72 34 65 96 38 0 121
184 62 40 58 81 87 31 88 50 34 96 0 184
118 39 31 83 75 27 64 74 33 39 42 0 118
144 38 35 99 92 30 68 76 31 88 86 0 144
140 61 80 98 74 94 38 34 52 25 68 0 140
179 23 63 59 33 24 43 98 54 71 25 0 179
159 64 51 76 70 74 52 51 40 90 84 0 159
142 41 36 23 77 91 33 92 51 46 21 0 142
172 79 94 45 86 74 56 34 39 79 44 0 172
126 56 58 41 21 94 87 90 59 40 41 0 126
190 92 70 96 71 65 42 34 57 71 85 0 190
137 44 21 46 40 27 49 94 43 23 50 0 137
121 85 46 22 41 42 79 56 94 81 40 0 121
158 64 42 91 52 64 37 72 77 38 80 0 158
157 28 85 26 83 83 76 72 34 71 76 0 157
158 70 74 49 94 43 65 34 34 46 86 0 158
101 74 93 66 99 35 69 92 91 41 26 0 101
179 94 85 77 25 44 53 23 78 63 64 0 179
112 87 57 43 44 51 38 52 66 48 54 0 112
194 53 69 74 76 83 92 37 56 56 27 0 194
130 30 26 33 55 87 35 66 87 57 37 0 130
135 28 20 59 32 40 97 31 42 41 71 0 135
156 65 84 88 28 46 49 83 64 74 44 0 156
160 83 75 52 48 47 92 70 25 74 40 0 160
192 48 55 49 97 89 34 76 30 44 96 0 192
106 46 68 88 97 49 31 95 47 86 98 0 106
111 81 56 89 40 34 33 49 59 30 34 0 111
176 39 90 80 86 44 84 55 95 63 44 0 176
139 25 51 55 39 86 82 97 58 89 71 0 139
149 89 26 24 60 73 38 62 46 32 43 0 149
168 93 85 40 60 77 57 80 49 69 22 0 168
116 50 60 77 67 58 29 29 50 81 21 0 116
155 93 69 94 40 49 26 48 70 57 83 0 155
162 64 41 26 97 30 64 94 39 35 95 0 162
108 66 39 21 51 69 88 83 45 23 93 0 108
195 25 84 89 57 64 90 96 50 73 38 0 195
157 34 89 39 22 70 22 37 86 29 32 0 157
160 72 20 28 53 80 65 49 56 50 41 0 160
102 87 42 92 26 92 43 35 60 34 41 0 102
122 75 70 45 50 48 46 84 90 96 62 0 122
131 39 51 45 40 33 33 79 73 79 40 0 131
165 60 93 68 22 85 78 73 46 30 23 0 165
107 39 78 75 95 75 43 90 33 29 53 0 107
143 56 95 33 72 94 27 72 92 72 33 0 143
115 65 31 42 85 66 67 99 91 53 62 0 115
182 94 37 55 74 28 64 83 45 80 92 0 182
116 66 47 26 40 84 26 41 82 84 53 0 116
148 59 68 45 62 30 72 22 81 56 93 0 148
171 52 21 56 98 49 91 60 39 74 71 0 171
189 70 31 28 28 39 30 53 82 65 23 0 189
134 92 85 33 35 97 25 27 92 91 82 0 134
198 80 88 32 31 31 42 42 84 71 62 0 198
153 75 23 99 52 31 86 24 30 61 52 0 153
166 88 57 42 38 47 39 47 57 39 47 0 166
196 55 58 56 30 77 29 85 31 25 70 0 196
114 25 26 92 50 73 92 32 91 61 23 0 114
126 73 90 59 75 80 27 49 89 65 85 0 126
176 53 95 53 28 21 70 55 47 60 39 0 176
121 83 95 50 32 61 80 54 57 57 90 0 121
120 68 68 65 48 42 21 89 79 61 62 0 120
160 66 91 61 98 97 84 30 28 87 62 0 160
142 68 70 90 46 80 27 74 74 25 58 0 142
176 90 87 25 86 95 44 52 58 79 60 0 176
112 51 35 79 70 22 37 50 26 75 43 0 112
132 20 98 66 64 86 90 44 68 77 93 0 132
175 57 47 89 93 43 74 71 84 60 81 0 175
101 99 54 36 59 30 43 74 37 32 85 0 101
185 50 25 68 41 99 86 28 52 43 85 0 185
119 31 51 27 28 24 99 63 47 21 95 0 119
100 98 49 48 36 27 65 41 64 28 22 0 100
107 40 58 38 87 59 48 26 35 84 89 0 107
104 96 57 69 42 90 85 72 73 29 72 0 104
139 61 37 28 35 35 39 43 98 46 34 0 139
153 58 61 70 24 62 86 70 21 23 51 0 153
178 60 40 73 45 88 81 97 46 40 26 0 178
146 26 55 35 60 43 82 94 95 91 51 0 146
183 66 71 96 95 86 40 43 76 89 25 0 183
162 71 86 63 82 77 77 79 47 88 73 0 162
187 96 65 91 74 31 22 66 37 44 45 0 187
112 96 36 38 83 56 39 86 43 45 94 0 112
147 88 97 76 39 72 34 94 66 79 61 0 147
164 40 98 42 41 67 41 58 36 33 61 0 164
126 75 76 69 99 87 68 72 89 88 91 0 126
146 41 74 29 93 72 40 35 22 22 48 0 146
115 90 76 74 88 63 79 29 84 70 65 0 115
179 75 52 76 24 49 97 70 74 89 83 0 179
126 77 87 69 58 82 43 79 40 25 92 0 126
176 20 85 63 36 37 90 22 34 48 95 0 176
188 76 77 72 24 99 92 47 45 51 41 0 188
132 33 79 79 80 54 55 76 77 90 67 0 132
157 44 79 86 42 64 96 98 88 62 68 0 157
141 39 65 22 77 28 94 98 38 45 81 0 141
114 26 32 73 65 94 86 24 48 91 43 0 114
188 69 90 93 88 59 85 68 44 25 34 0 188
133 77 86 82 84 37 77 90 71 94 64 0 133
142 23 27 41 73 37 70 49 85 98 83 0 142
171 77 34 67 74 80 53 57 90 53 78 0 171
143 86 59 35 81 45 42 90 94 30 70 0 143
119 52 39 34 54 99 29 94 61 88 29 0 119
147 25 92 50 78 23 63 42 86 40 71 0 147
144 39 81 59 79 26 34 58 85 20 76 0 144
137 33 59 77 42 20 71 22 54 31 50 0 137
127 87 67 75 76 95 94 46 36 28 23 0 127
140 29 42 49 62 61 93 31 44 22 98 0 140
196 74 58 62 80 32 95 26 63 85 46 0 196
187 98 48 43 72 30 62 76 32 54 29 0 187
150 70 42 93 22 44 61 82 24 40 23 0 150
166 21 30 95 95 75 66 69 83 91 48 0 166
137 68 70 94 66 42 24 22 83 57 72 0 137
119 93 95 43 93 53 38 49 87 48 55 0 119
127 23 25 26 39 50 61 95 48 84 23 0 127
187 98 79 79 49 65 58 27 59 86 92 0 187
193 25 83 27 92 92 57 98 45 97 92 0 193
191 83 27 90 37 74 36 71 63 28 66 0 191
155 93 95 22 89 70 44 52 72 52 37 0 155
182 37 48 92 33 83 82 62 30 83 35 0 182
188 66 82 63 47 55 35 92 92 43 23 0 188
156 66 40 40 42 47 54 53 97 49 23 0 156
179 86 68 21 87 29 42 33 32 28 98 0 179
160 25 64 95 31 64 78 79 72 59 29 0 160
119 78 64 69 57 53 54 70 76 41 43 0 119
132 24 70 39 64 22 60 28 51 57 25 0 132
200 94 39 58 45 99 20 52 36 99 68 0 200
146 83 76 66 57 28 60 20 71 26 76 0 146
115 35 64 50 44 31 83 41 87 28 29 0 115
152 79 22 61 29 21 36 95 26 46 71 0 152
123 21 91 72 34 60 63 60 84 62 81 0 123
146 61 89 95 88 52 38 58 94 91 51 0 146
106 52 89 43 93 54 92 48 20 77 87 0 106
165 46 46 83 73 42 69 74 75 52 93 0 165
170 69 30 95 71 34 64 68 29 92 51 0 170
159 27 53 37 69 94 48 78 53 58 47 0 159
100 26 40 34 64 52 72 67 93 58 65 0 100
164 69 97 99 51 66 50 77 24 86 61 0 164
100 56 34 84 49 44 22 95 88 37 88 0 100
102 55 46 41 84 49 57 95 64 46 33 0 102
141 54 96 81 36 39 74 79 72 38 43 0 141
152 96 85 60 62 47 52 25 80 66 27 0 152
171 23 76 58 51 97 84 37 38 64 40 0 171
152 71 93 42 98 67 96 69 42 68 72 0 152
122 34 54 32 86 23 30 60 70 53 61 0 122
134 78 50 75 41 77 59 68 66 90 73 0 134
182 38 48 85 93 64 39 67 65 84 72 0 182
148 42 42 31 57 73 64 62 57 22 62 0 148
145 55 98 91 98 40 96 77 73 65 68 0 145
113 21 43 27 39 75 84 92 36 70 43 0 113
101 54 69 63 50 72 43 33 78 25 37 0 101
140 47 69 46 56 78 29 70 32 67 96 0 140
193 51 20 86 65 30 46 60 74 21 67 0 193
195 43 74 78 33 21 34 84 75 49 63 0 195
176 20 99 46 64 55 68 78 45 42 93 0 176
169 53 65 67 42 71 68 67 69 57 25 0 169
178 31 70 60 63 86 64 54 93 99 22 0 178
183 33 78 82 97 66 32 32 81 76 95 0 183
144 93 78 45 89 58 34 66 98 78 54 0 144
136 93 35 99 30 29 58 53 23 92 69 0 136
159 77 71 64 41 94 65 60 91 89 90 0 159
180 66 31 80 55 64 96 59 71 27 39 0 180
121 83 84 36 57 95 80 42 43 36 98 0 121
136 81 87 66 92 79 68 76 68 46 35 0 136
108 32 24 71 73 72 43 84 98 68 90 0 108
194 39 84 94 96 80 89 50 64 65 35 0 194
198 74 49 55 93 84 54 26 82 53 43 0 198
105 99 37 70 55 36 62 72 42 48 91 0 105
196 42 77 37 90 72 92 68 64 48 65 0 196
185 28 72 40 20 36 90 99 88 60 61 0 185
150 60 42 74 31 61 92 48 84 50 41 0 150
154 95 30 88 30 57 70 32 97 93 56 0 154
172 20 71 96 28 93 38 69 69 88 46 0 172
163 99 23 57 85 48 21 58 48 82 30 0 163
156 90 69 42 43 88 66 96 76 96 69 0 156
181 22 51 54 33 85 46 41 78 30 22 0 181
189 23 31 42 93 75 63 92 50 35 43 0 189
170 76 68 90 52 72 49 95 73 24 94 0 170
145 79 53 44 74 97 73 41 61 50 47 0 145
115 25 27 89 31 40 89 97 50 67 22 0 115
193 40 54 80 21 65 72 64 25 42 69 0 193
141 40 54 87 74 44 75 59 49 66 78 0 141
116 32 48 57 32 84 55 60 65 33 32 0 116
101 46 72 83 71 48 84 99 71 41 87 0 101
197 24 68 72 44 48 60 50 53 86 36 0 197
111 50 20 51 31 47 21 34 80 25 67 0 111
104 39 84 46 26 91 77 88 20 26 45 0 104
124 31 51 32 94 43 86 92 85 85 97 0 124
193 76 91 64 20 57 61 98 53 64 40 0 193
165 51 48 60 59 26 26 56 88 62 92 0 165
144 52 20 30 97 47 72 91 93 98 98 0 144
116 98 79 90 47 61 82 30 86 27 68 0 116
173 48 38 51 40 74 90 48 75 43 53 0 173
126 32 90 97 75 73 49 48 90 29 44 0 126
114 36 79 23 46 80 50 60 70 26 70 0 114
140 43 48 93 79 55 86 52 83 97 26 0 140
189 68 53 60 79 20 24 45 43 83 88 0 189
119 81 61 91 29 29 37 46 82 25 51 0 119
196 94 51 30 34 33 26 34 70 24 43 0 196
123 61 93 80 69 90 70 94 35 71 73 0 123
105 70 26 93 79 35 75 98 88 65 43 0 105
179 66 69 41 52 99 39 44 23 84 47 0 179
123 33 46 74 69 42 25 82 55 60 52 0 123
133 51 27 40 76 33 70 68 83 33 64 0 133
109 22 98 76 25 32 80 46 53 36 99 0 109
169 57 40 83 36 29 30 29 24 50 91 0 169
108 95 63 87 53 85 69 91 66 94 59 0 108
197 64 39 56 30 87 41 63 25 86 74 0 197
191 74 89 63 56 94 69 26 94 54 46 0 191
180 54 42 73 25 80 48 95 32 95 94 0 180
195 50 40 23 66 20 20 55 37 67 57 0 195
158 99 92 32 99 59 37 76 45 42 32 0 158
199 40 53 88 51 93 98 44 79 29 66 0 199
191 22 34 30 26 77 58 54 31 94 81 0 191
188 68 63 36 96 74 32 39 70 40 90 0 188
120 75 53 93 99 56 77 40 36 60 50 0 120
110 97 24 29 62 48 63 60 87 42 26 0 110
115 71 80 20 98 54 54 67 72 92 70 0 115
199 75 31 39 79 64 64 82 25 46 46 0 199
109 33 97 43 78 50 88 33 74 24 96 0 109
180 42 45 25 84 61 86 40 69 89 54 0 180
165 97 37 95 49 34 80 66 24 29 46 0 165
112 87 64 85 43 52 50 33 27 38 91 0 112
153 93 47 49 96 35 21 27 67 41 51 0 153
136 44 29 80 68 99 56 71 99 89 60 0 136
116 53 44 89 50 38 36 28 45 92 78 0 116
105 67 72 72 79 90 58 23 43 87 92 0 105
107 33 96 39 89 49 45 53 74 21 76 0 107
112 74 52 91 42 52 41 48 92 89 85 0 112
148 92 50 91 92 94 74 57 38 85 48 0 148
192 66 59 29 81 85 65 77 52 57 45 0 192
158 51 74 74 36 47 63 89 90 81 37 0 158
163 48 34 30 73 80 37 40 39 75 70 0 163
128 89 34 45 93 88 98 68 30 43 87 0 128
139 26 68 73 33 78 50 94 31 99 44 0 139
121 88 49 58 65 90 27 33 76 55 35 0 121
150 71 87 51 51 27 21 80 91 79 21 0 150
168 20 56 20 87 73 43 91 22 50 66 0 168
170 62 76 31 92 76 78 23 37 36 84 0 170
190 45 69 92 84 41 57 30 24 53 39 0 190
140 98 69 41 71 41 75 51 62 62 62 0 140
163 76 51 83 41 43 22 73 33 89 75 0 163
135 61 96 38 38 95 48 69 49 78 37 0 135
171 74 76 88 55 83 29 63 81 53 48 0 171
145 49 41 79 67 39 77 80 78 76 57 0 145
105 38 33 77 64 54 50 31 59 58 97 0 105
130 99 90 99 75 77 89 58 42 51 80 0 130
138 72 31 26 98 54 55 37 99 96 71 0 138
117 74 98 37 96 64 28 66 50 22 82 0 117
136 51 20 64 77 67 46 33 83 74 80 0 136
127 74 34 56 95 57 93 27 71 25 43 0 127
189 42 56 66 44 50 96 28 66 43 59 0 189
125 73 84 61 41 73 32 51 78 41 76 0 125
165 55 97 31 64 24 28 56 77 76 58 0 165
157 85 75 62 42 85 23 49 27 61 21 0 157
197 79 53 51 21 93 32 55 92 47 74 0 197
124 39 67 42 23 92 45 49 56 25 28 0 124
200 48 31 23 68 42 68 93 88 47 91 0 200
135 64 37 98 97 91 24 35 33 31 26 0 135
121 92 68 28 41 65 34 54 79 57 50 0 121
151 48 96 57 34 97 90 39 23 96 76 0 151
111 59 37 94 30 43 48 66 73 95 79 0 111
163 67 32 32 79 54 50 30 20 46 80 0 163
111 79 67 70 35 35 57 67 56 98 85 0 111
130 64 57 92 99 83 21 90 34 56 99 0 130
190 98 33 75 78 49 52 86 59 75 52 0 190
141 61 62 26 32 83 42 87 45 26 83 0 141
194 91 23 69 87 77 83 54 79 87 44 0 194
176 23 43 31 49 55 36 53 80 37 21 0 176
111 34 84 53 70 90 39 98 62 25 31 0 111
193 92 89 59 38 68 65 45 27 42 78 0 193
194 35 79 52 63 64 75 45 65 63 32 0 194
188 24 75 67 53 46 97 65 38 59 26 0 188
156 89 60 99 62 51 64 23 93 69 72 0 156
107 32 35 96 76 61 67 42 56 91 49 0 107
148 24 42 26 53 68 80 92 61 54 40 0 148
101 74 52 49 67 56 35 59 66 57 82 0 101
193 32 73 38 66 45 29 80 37 45 66 0 193
136 57 26 78 78 45 49 78 78 57 69 0 136
141 66 54 36 81 32 77 58 73 96 79 0 141
190 25 93 62 74 61 59 52 27 29 49 0 190
156 94 83 72 28 87 55 84 38 57 88 0 156
175 80 57 66 44 60 61 60 57 31 40 0 175
109 22 60 53 51 60 33 78 51 56 91 0 109
182 25 29 21 32 43 32 89 51 81 74 0 182
106 97 85 84 49 37 51 75 35 59 74 0 106
181 92 29 20 51 37 67 46 68 59 57 0 181
102 57 26 50 55 47 24 36 87 69 73 0 102
148 36 92 66 59 96 63 79 95 77 52 0 148
192 26 93 93 62 83 77 20 54 86 45 0 192
155 67 45 55 42 70 49 55 42 24 55 0 155
189 95 99 20 75 59 32 82 77 81 57 0 189
163 29 34 47 41 34 65 33 50 94 23 0 163
188 93 98 93 77 77 80 72 74 95 56 0 188
196 33 55 27 59 99 59 78 79 27 79 0 196
147 33 98 78 34 48 38 59 87 23 75 0 147
180 86 75 43 82 37 44 99 28 84 28 0 180
161 38 47 43 44 47 30 35 52 21 55 0 161
129 31 80 26 84 74 99 32 29 67 91 0 129
175 83 75 80 29 58 42 96 38 27 78 0 175
149 90 36 96 27 77 45 86 28 22 23 0 149
118 53 86 66 63 40 39 85 57 75 53 0 118
177 83 77 64 29 86 20 69 49 54 53 0 177
121 70 48 45 38 46 90 89 65 63 61 0 121
164 52 45 34 48 81 99 64 42 32 52 0 164
177 81 90 68 80 60 86 90 72 87 37 0 177
121 81 90 58 97 87 44 75 62 76 91 0 121
151 40 50 72 94 61 95 51 30 95 39 0 151
185 70 89 38 55 90 24 86 93 81 70 0 185
181 44 87 44 58 56 40 26 63 71 52 0 181
106 72 37 49 37 89 26 36 88 68 67 0 106
178 21 75 81 76 32 87 25 34 51 63 0 178
181 93 43 56 41 59 77 38 92 48 85 0 181
176 88 92 88 29 75 77 85 30 22 86 0 176
163 94 76 39 53 24 30 92 83 51 33 0 163
146 90 63 25 64 74 50 55 88 35 62 0 146
135 86 47 21 31 91 66 75 54 39 29 0 135
127 32 46 67 80 85 43 65 87 88 83 0 127
198 44 62 27 87 39 86 55 41 90 74 0 198
102 29 58 53 53 22 54 45 22 37 68 0 102
116 93 73 95 48 55 72 90 51 90 84 0 116
124 72 46 28 45 83 78 73 27 48 70 0 124
185 43 57 94 81 94 78 41 93 90 33 0 185
199 64 25 48 57 74 31 54 69 44 40 0 199
161 45 89 94 21 67 27 67 20 97 23 0 161
129 93 98 29 70 71 89 81 73 75 70 0 129
120 80 93 58 93 79 75 42 34 87 83 0 120
178 98 44 64 24 89 61 63 22 37 96 0 178
188 21 89 65 55 37 88 67 44 23 88 0 188
126 51 49 68 99 68 40 90 87 75 97 0 126
168 51 86 81 78 83 75 64 63 54 24 0 168
179 35 99 87 32 31 61 87 40 62 92 0 179
157 75 89 81 47 65 37 84 88 47 80 0 157
192 27 89 34 83 67 69 48 84 67 89 0 192
185 59 20 33 70 81 69 33 31 88 59 0 185
102 90 70 46 60 83 93 82 71 61 50 0 102
135 58 78 40 49 42 83 73 43 24 26 0 135
154 36 76 32 42 45 79 36 90 77 40 0 154
130 36 60 89 61 65 48 62 69 67 86 0 130
152 93 78 64 40 46 85 38 26 83 74 0 152
200 38 35 63 47 84 50 92 38 76 99 0 200
150 52 96 42 68 52 65 93 33 21 93 0 150
192 28 97 87 63 85 42 87 44 67 84 0 192
116 31 49 36 75 33 35 29 41 97 78 0 116
172 60 71 66 34 70 78 32 27 32 38 0 172
101 44 26 92 97 81 82 90 89 87 75 0 101
129 24 68 25 38 70 45 54 29 57 71 0 129
136 83 26 47 50 32 99 36 40 95 93 0 136
149 73 63 38 28 28 39 96 66 57 60 0 149
169 30 36 72 70 52 43 49 77 34 25 0 169
145 44 26 56 56 41 59 32 64 83 65 0 145
194 73 68 52 21 33 87 82 58 74 79 0 194
199 86 73 60 67 84 67 48 60 89 27 0 199
143 64 60 25 91 61 98 65 70 67 45 0 143
121 60 26 82 43 26 63 27 29 78 20 0 121
170 37 98 79 55 80 64 92 98 53 38 0 170
150 69 34 32 98 21 76 41 27 99 71 0 150
131 61 63 58 24 29 20 32 34 44 83 0 131
200 94 57 59 73 47 72 99 65 38 47 0 200
127 83 81 90 98 71 72 75 76 75 98 0 127
180 93 25 24 95 53 20 52 71 26 96 0 180
170 86 20 71 29 89 85 71 27 67 89 0 170
122 88 47 98 96 75 64 53 37 49 66 0 122
166 69 39 69 94 44 29 90 73 49 60 0 166
195 78 37 35 94 83 96 38 85 58 84 0 195
194 73 61 21 54 44 25 74 65 86 67 0 194
144 87 79 98 75 37 89 45 22 23 86 0 144
135 28 68 25 87 89 41 53 55 92 92 0 135
156 89 83 54 93 59 33 50 60 80 46 0 156
137 86 27 21 95 77 89 84 87 31 79 0 137
196 89 58 74 79 95 59 92 30 24 40 0 196
101 57 32 45 47 30 83 85 97 58 81 0 101
187 83 57 33 75 57 91 51 44 36 62 0 187
107 90 33 42 48 93 69 90 78 62 32 0 107
108 87 29 37 81 37 89 89 43 90 96 0 108
103 54 87 86 26 62 35 62 54 76 56 0 103
144 56 85 98 81 51 64 86 88 52 31 0 144
163 48 20 88 23 62 39 28 95 62 62 0 163
109 67 98 63 34 33 62 43 84 71 60 0 109
192 42 66 51 36 98 75 68 33 64 45 0 192
148 81 64 68 78 73 50 30 52 66 77 0 148
145 63 81 51 80 49 59 77 62 82 83 0 145
129 66 25 78 77 82 88 30 79 42 44 0 129
113 36 94 50 58 24 90 82 43 92 36 0 113
200 68 51 72 83 38 94 20 93 92 29 0 200
105 48 57 28 45 26 45 61 59 84 82 0 105
182 62 76 89 21 64 91 88 64 31 91 0 182
176 81 61 53 26 83 31 27 67 53 61 0 176
162 24 64 70 23 75 59 35 49 80 70 0 162
191 29 78 34 42 24 30 60 80 62 47 0 191
137 81 63 28 88 22 26 35 83 89 26 0 137
140 91 57 84 34 92 65 28 64 24 41 0 140
128 97 74 62 69 84 27 51 57 27 93 0 128
104 94 70 77 95 52 93 86 44 47 65 0 104
116 89 46 99 63 59 49 78 40 51 37 0 116
113 48 25 46 24 84 94 89 74 90 31 0 113
166 30 42 76 23 65 60 72 25 93 80 0 166
178 63 47 93 89 87 46 56 72 20 58 0 178
198 81 29 33 96 90 62 41 98 39 58 0 198
173 96 66 30 24 46 47 79 71 65 72 0 173
178 25 77 98 46 22 72 39 94 80 96 0 178
166 39 57 36 73 48 27 45 48 24 43 0 166
118 66 48 40 76 95 43 38 49 29 96 0 118
124 56 55 51 97 36 25 91 48 24 40 0 124
127 37 88 75 43 83 76 67 54 26 53 0 127
180 44 31 56 98 72 51 31 98 97 44 0 180
196 84 69 78 93 78 53 96 76 88 72 0 196
165 60 45 97 37 87 38 60 49 31 55 0 165
113 46 59 22 43 22 33 26 63 25 36 0 113
114 84 36 98 42 84 41 83 53 84 90 0 114
189 53 40 87 32 92 42 28 78 28 41 0 189
167 21 33 76 25 88 37 69 65 67 70 0 167
171 74 53 46 80 29 75 59 36 22 64 0 171
144 44 80 95 55 87 45 68 37 62 47 0 144
127 51 99 79 61 73 83 49 39 54 80 0 127
165 24 36 90 79 44 80 35 40 76 40 0 165
131 77 33 78 84 86 99 40 40 48 22 0 131
185 89 79 76 30 24 73 96 80 84 45 0 185
108 77 29 25 92 73 86 56 49 96 43 0 108
143 75 39 37 22 61 77 94 93 43 91 0 143
189 28 23 92 43 30 76 76 66 76 42 0 189
180 69 66 86 68 83 41 57 23 41 62 0 180
198 67 44 30 86 63 78 75 95 23 83 0 198
116 57 66 52 93 86 73 87 26 38 61 0 116
160 93 49 79 66 25 47 72 56 52 29 0 160
163 68 29 58 77 21 58 94 60 41 64 0 163
110 63 37 52 29 73 37 37 60 64 50 0 110
142 79 29 98 98 87 43 48 87 47 77 0 142
159 72 69 29 67 88 23 43 91 77 27 0 159
114 40 23 41 51 32 79 99 60 50 75 0 114
126 50 45 75 84 34 40 35 44 93 27 0 126
147 53 61 85 59 58 94 47 29 55 72 0 147
113 51 51 24 85 91 34 23 50 87 33 0 113
177 71 76 44 44 40 91 60 58 90 79 0 177
100 43 79 27 55 31 91 91 69 77 25 0 100
112 70 21 71 75 55 75 27 35 95 27 0 112
164 69 66 55 63 29 48 79 30 67 72 0 164
191 31 50 54 62 61 69 85 26 93 92 0 191
170 20 54 95 73 53 45 91 87 88 89 0 170
121 25 56 63 47 73 83 31 98 82 57 0 121
129 64 28 72 89 38 99 93 40 97 24 0 129
152 92 34 86 78 72 54 53 43 76 24 0 152
183 57 40 81 27 92 78 65 87 56 60 0 183
126 73 67 36 93 83 98 62 52 52 28 0 126
169 60 36 89 65 44 88 43 31 63 57 0 169
150 75 62 87 49 27 93 83 23 36 89 0 150
190 88 50 40 93 83 27 27 86 97 20 0 190
126 74 93 92 53 66 46 76 25 40 66 0 126
181 81 72 93 44 93 49 34 63 89 51 0 181
164 83 91 46 63 88 76 70 60 52 26 0 164
161 92 78 33 60 81 43 81 51 40 44 0 161
134 46 48 33 51 28 25 31 93 94 46 0 134
133 39 90 57 71 31 94 61 70 92 58 0 133
165 43 67 40 60 85 40 79 64 73 67 0 165
145 39 25 65 98 51 25 58 82 72 22 0 145
108 44 55 90 70 79 73 56 93 60 70 0 108
141 23 63 69 73 61 78 41 77 38 31 0 141
103 50 41 23 34 98 45 79 99 71 22 0 103
152 86 92 91 34 92 42 23 20 27 80 0 152
161 26 28 35 22 83 75 41 94 44 44 0 161
142 36 64 44 66 73 58 39 88 20 73 0 142
116 87 37 73 46 33 76 63 33 55 26 0 116
109 79 71 95 97 84 50 24 96 21 67 0 109
113 31 57 69 78 75 85 33 78 36 30 0 113
102 66 36 81 96 91 44 32 68 44 45 0 102
148 35 39 47 48 37 33 25 48 74 75 0 148
127 58 40 27 61 47 60 64 84 49 43 0 127
102 53 76 49 75 26 77 31 94 49 41 0 102
189 24 98 63 60 20 32 35 47 94 36 0 189
114 27 39 92 59 75 96 35 54 24 50 0 114
147 69 90 81 82 48 88 69 46 27 46 0 147
160 61 45 30 95 37 67 96 54 70 68 0 160
153 45 34 26 88 95 61 50 94 94 68 0 153
179 81 48 98 24 43 26 51 55 43 56 0 179
100 21 84 89 23 60 74 67 25 22 42 0 100
115 29 30 36 51 73 51 95 49 46 83 0 115
139 42 73 51 93 30 38 32 64 97 85 0 139
176 67 94 24 94 86 23 95 45 59 34 0 176
141 25 51 35 81 91 84 28 22 71 35 0 141
117 31 56 34 63 96 27 35 81 82 85 0 117
136 39 96 84 96 28 78 25 29 47 48 0 136
196 47 40 22 64 93 92 72 98 61 41 0 196
184 68 86 56 74 40 27 24 58 38 74 0 184
115 53 46 45 79 95 49 93 55 78 97 0 115
102 99 56 57 61 65 31 24 30 24 99 0 102
144 67 31 94 49 36 68 68 33 95 75 0 144
168 27 85 30 86 70 34 46 91 70 66 0 168
158 89 52 32 44 22 65 25 97 44 44 0 158
121 28 30 81 58 86 95 90 62 84 46 0 121
106 23 42 55 75 31 53 49 53 92 63 0 106
142 72 94 87 97 75 57 66 45 38 79 0 142
123 89 55 39 38 56 44 51 53 69 68 0 123
103 48 65 54 39 72 69 33 84 32 60 0 103
138 87 28 41 43 50 31 65 46 30 23 0 138
105 42 98 77 20 86 50 87 38 98 79 0 105
163 52 30 60 57 58 87 53 96 35 50 0 163
180 23 47 85 27 37 62 67 86 77 88 0 180
112 95 85 21 44 93 44 57 69 40 83 0 112
123 89 83 71 75 21 84 95 78 63 27 0 123
152 48 50 78 45 30 44 29 24 48 22 0 152
170 43 84 97 33 22 36 28 82 61 75 0 170
165 89 84 45 22 46 57 75 68 61 67 0 165
107 52 70 92 42 67 79 43 22 88 87 0 107
166 61 67 73 24 79 80 78 55 91 87 0 166
158 95 61 38 21 67 84 83 69 52 55 0 158
173 39 51 84 40 65 66 46 37 86 74 0 173
143 60 73 29 95 78 36 93 85 86 49 0 143
110 34 35 98 83 63 34 52 48 78 61 0 110
152 32 51 79 38 82 92 49 90 57 88 0 152
154 86 92 88 87 71 75 88 78 90 90 0 154
102 92 63 48 23 94 23 79 86 69 54 0 102
157 81 51 39 85 27 93 44 96 22 37 0 157
116 27 38 96 53 25 65 48 76 79 95 0 116
187 44 61 87 67 36 99 36 73 90 54 0 187
197 20 86 67 87 95 98 44 57 67 95 0 197
142 86 44 64 32 53 37 25 37 86 35 0 142
159 30 29 95 53 96 50 73 82 47 93 0 159
143 30 93 46 76 84 41 38 84 46 85 0 143
155 28 92 99 99 54 38 82 93 47 45 0 155
188 47 45 75 41 46 28 28 43 20 25 0 188
127 42 70 83 57 94 61 75 52 50 29 0 127
136 75 89 86 40 67 45 89 80 83 37 0 136
101 96 82 90 45 82 79 39 26 69 93 0 101
120 36 32 88 41 45 40 39 29 57 97 0 120
133 29 81 90 94 39 92 78 95 36 49 0 133
172 99 80 28 71 23 72 33 30 62 45 0 172
139 95 74 48 22 98 34 65 90 90 36 0 139
196 86 41 95 31 27 63 55 40 58 79 0 196
106 71 51 89 24 78 34 32 52 95 82 0 106
197 62 92 37 78 30 44 28 95 82 92 0 197
172 59 38 35 93 96 99 76 81 80 53 0 172
161 94 89 62 39 58 62 45 51 66 65 0 161
199 58 47 43 51 79 72 41 52 35 49 0 199
166 95 40 54 34 23 48 66 34 90 49 0 166
160 26 97 93 35 71 42 52 26 48 26 0 160
104 63 45 57 24 86 46 53 69 81 61 0 104
135 40 56 64 72 94 41 96 91 62 27 0 135
171 33 77 90 81 22 71 75 45 36 65 0 171
171 34 38 26 21 72 88 80 96 40 89 0 171
141 91 78 86 96 72 36 25 22 71 82 0 141
178 22 92 33 85 82 65 40 46 84 98 0 178
111 97 30 84 40 88 43 29 97 46 53 0 111
102 32 41 56 21 73 44 36 71 54 64 0 102
193 92 60 98 65 76 27 73 98 81 66 0 193
136 21 65 66 25 33 30 86 41 87 81 0 136
135 48 57 28 76 57 46 55 75 62 49 0 135
128 92 48 72 49 86 84 85 34 90 22 0 128
117 26 22 36 59 57 50 35 86 39 66 0 117
159 75 42 48 30 72 79 80 90 25 35 0 159
144 42 98 75 22 35 45 82 40 30 50 0 144
135 31 43 28 54 38 26 64 75 93 66 0 135
159 98 36 82 40 67 67 77 45 54 81 0 159
122 48 52 60 29 78 94 38 29 28 87 0 122
162 35 84 64 57 20 84 34 55 72 56 0 162
143 26 71 61 54 71 98 21 87 43 22 0 143
161 61 20 94 23 83 80 86 81 84 73 0 161
132 62 82 53 91 22 25 70 92 23 41 0 132
182 40 20 64 25 53 78 66 33 72 75 0 182
111 99 69 68 54 47 23 50 77 60 66 0 111
128 47 84 69 51 34 47 88 61 31 82 0 128
158 29 27 52 72 47 65 41 42 54 96 0 158
194 31 53 62 56 52 89 52 74 27 97 0 194
173 49 94 37 67 92 38 35 79 63 21 0 173
121 61 51 33 67 20 52 24 58 92 90 0 121
134 73 20 29 90 43 99 80 65 56 43 0 134
164 44 27 84 97 85 55 58 97 87 52 0 164
101 73 63 72 73 57 22 96 51 26 41 0 101
200 60 70 38 23 67 57 22 90 69 33 0 200
115 46 99 84 78 46 90 41 90 72 56 0 115
199 34 43 64 85 56 60 68 50 69 21 0 199
164 23 87 66 83 87 88 55 93 22 92 0 164
152 95 80 74 98 51 39 71 35 64 27 0 152
178 94 49 36 76 20 53 73 80 30 90 0 178
154 50 43 81 54 30 49 47 80 64 81 0 154
145 56 95 39 37 75 52 69 24 87 97 0 145
115 76 99 26 73 67 37 26 98 38 50 0 115
183 35 83 71 40 36 83 20 56 26 91 0 183
169 94 31 54 84 43 58 64 36 77 27 0 169
173 87 67 88 40 44 57 93 38 93 45 0 173
164 64 80 39 39 78 20 52 76 39 74 0 164
148 84 47 34 54 79 38 86 21 55 84 0 148
166 46 89 44 89 93 97 51 45 58 81 0 166
161 60 72 87 38 23 42 39 65 76 23 0 161
191 82 98 90 46 39 45 99 30 87 57 0 191
191 43 57 47 75 90 35 32 26 91 66 0 191
116 81 80 49 92 96 43 73 43 63 91 0 116
100 63 37 72 93 60 38 54 69 79 46 0 100
160 21 52 41 41 30 33 55 66 80 85 0 160
139 51 86 30 67 91 58 84 25 61 96 0 139
140 40 29 79 34 81 90 91 31 36 30 0 140
137 57 93 73 75 37 95 53 42 60 60 0 137
127 27 60 54 48 52 89 96 86 22 22 0 127
141 32 78 56 32 56 89 60 65 73 39 0 141
173 62 32 61 31 57 34 89 38 62 94 0 173
189 50 25 26 50 25 38 87 20 40 77 0 189
120 35 76 86 81 53 35 26 72 38 23 0 120
133 35 67 59 75 91 89 34 73 43 49 0 133
171 71 59 65 32 70 60 59 80 57 90 0 171
171 82 97 23 31 70 33 41 52 21 86 0 171
152 50 75 82 43 97 28 37 54 46 97 0 152
192 90 83 98 25 84 69 80 30 93 79 0 192
101 73 56 76 99 94 32 62 66 37 42 0 101
140 96 34 84 36 97 35 40 33 38 68 0 140
164 88 49 90 75 78 77 71 27 97 74 0 164
111 88 57 48 23 46 74 51 38 73 29 0 111
141 93 74 45 36 32 54 44 83 72 61 0 141
195 65 78 81 81 59 35 98 54 27 61 0 195
109 45 55 53 71 63 37 38 75 81 92 0 109
154 75 28 55 23 56 72 64 25 34 30 0 154
105 22 40 22 62 57 92 85 86 55 75 0 105
107 47 98 60 99 40 89 28 60 44 87 0 107
152 76 88 38 41 68 33 95 70 38 60 0 152
133 22 61 24 99 60 88 26 39 76 23 0 133
117 23 51 90 26 56 71 82 59 92 37 0 117
118 90 72 31 24 57 77 87 93 95 76 0 118
137 39 50 20 48 73 35 40 34 58 33 0 137
183 25 61 36 64 96 84 27 91 70 64 0 183
126 23 70 64 25 70 30 41 29 91 21 0 126
158 33 94 43 67 76 78 61 41 77 60 0 158
140 50 40 89 95 25 70 33 36 60 56 0 140
180 86 24 31 81 70 46 52 37 55 75 0 180
154 62 82 85 49 44 73 88 86 78 69 0 154
177 93 34 38 44 54 31 47 69 86 45 0 177
111 81 47 99 64 42 85 91 78 86 55 0 111
182 77 96 68 32 98 87 67 30 48 95 0 182
176 76 50 54 89 23 66 92 89 38 73 0 176
135 21 26 39 64 51 84 33 59 81 71 0 135
190 54 88 85 62 94 43 70 47 87 84 0 190
175 77 73 32 60 79 72 39 97 64 88 0 175
136 99 26 24 39 97 59 80 21 84 42 0 136
151 34 73 37 99 21 38 29 36 90 56 0 151
184 59 65 82 36 72 23 58 93 63 97 0 184
134 78 50 40 84 40 54 31 74 93 75 0 134
178 43 72 52 46 34 66 82 28 59 98 0 178
181 55 41 91 50 77 46 35 92 67 72 0 181
126 67 41 84 76 51 70 93 90 74 49 0 126
145 58 89 61 60 26 24 27 77 62 57 0 145
185 85 67 79 71 42 72 57 52 90 88 0 185
159 64 74 38 44 85 85 33 98 67 22 0 159
134 68 68 65 80 52 78 36 53 83 73 0 134
172 87 81 66 41 53 91 96 56 54 93 0 172
124 43 87 76 44 48 95 22 27 92 56 0 124
190 81 95 56 23 48 95 30 92 54 51 0 190
191 25 46 57 94 97 94 87 97 59 25 0 191
100 23 90 41 79 27 40 87 96 78 54 0 100
200 54 61 26 33 21 26 37 32 69 94 0 200
170 83 69 36 93 63 87 62 38 86 92 0 170
176 49 26 27 47 53 49 84 39 76 34 0 176
170 80 32 22 71 55 98 20 96 36 27 0 170
117 74 92 47 40 62 24 46 86 37 57 0 117
111 28 93 32 59 76 62 36 67 43 79 0 111
188 78 43 65 76 83 87 81 32 56 81 0 188
135 35 98 78 27 97 23 45 71 83 91 0 135
113 75 31 51 83 78 22 46 82 37 88 0 113
153 93 41 99 21 83 79 78 95 40 71 0 153
104 44 52 35 45 83 59 52 97 65 66 0 104
100 70 30 43 58 28 68 31 32 25 91 0 100
188 34 80 71 27 85 75 98 73 99 28 0 188
145 28 71 46 57 50 53 23 47 60 97 0 145
133 40 28 79 66 58 68 76 91 81 69 0 133
109 38 91 81 99 85 26 70 38 21 31 0 109
140 45 75 71 47 47 95 95 55 43 50 0 140
174 92 25 53 63 32 91 82 81 23 80 0 174
126 46 28 70 63 21 59 88 80 62 49 0 126
175 44 36 95 46 49 62 99 63 28 81 0 175
193 55 59 55 92 40 50 73 55 94 77 0 193
139 58 82 30 85 53 39 77 33 33 95 0 139
187 58 74 25 54 38 87 28 45 94 62 0 187
177 36 82 67 66 34 71 51 29 98 99 0 177
157 36 94 84 49 87 31 47 76 30 40 0 157
109 65 27 42 41 55 84 47 72 36 63 0 109
196 50 95 23 99 46 91 95 71 83 43 0 196
172 57 91 58 86 68 96 52 77 37 93 0 172
103 77 51 29 55 46 20 33 29 48 72 0 103
183 26 22 33 26 28 35 59 69 39 97 0 183
157 55 36 94 89 81 70 70 60 31 42 0 157
133 25 72 62 91 98 55 33 43 49 33 0 133
194 24 77 38 94 51 48 64 76 75 26 0 194
180 40 27 86 66 65 46 47 73 98 41 0 180
173 28 47 71 96 54 96 85 27 50 61 0 173
156 87 82 96 68 25 80 62 66 55 79 0 156
136 44 75 52 82 48 93 69 65 20 66 0 136
152 49 78 52 38 77 39 41 57 34 30 0 152
154 86 21 95 52 72 32 57 43 49 96 0 154
115 39 57 86 51 32 82 87 57 57 68 0 115
110 98 90 50 48 57 31 26 59 27 31 0 110
141 77 44 43 49 88 90 79 52 83 24 0 141
158 43 20 87 94 88 31 24 65 66 40 0 158
161 49 69 61 54 74 43 58 88 93 32 0 161
128 89 59 84 47 80 63 51 71 29 72 0 128
145 78 52 95 58 20 63 32 28 57 89 0 145
140 61 73 48 46 70 25 50 55 21 53 0 140
105 22 29 75 48 64 92 38 75 61 34 0 105
147 23 51 70 82 24 84 20 58 82 45 0 147
112 86 87 63 67 71 81 79 69 31 90 0 112
193 81 44 55 29 37 96 94 64 52 94 0 193
137 76 42 65 49 23 99 37 77 79 41 0 137
110 34 79 81 38 83 33 58 44 31 77 0 110
163 61 97 87 87 61 58 97 64 47 93 0 163
193 36 95 57 40 97 89 58 27 66 77 0 193
129 72 36 23 20 20 91 36 66 31 48 0 129
172 65 72 67 42 29 45 85 70 84 50 0 172
101 47 49 94 26 92 31 32 23 47 52 0 101
113 96 33 30 88 47 36 82 54 61 55 0 113
159 88 86 59 38 62 76 56 73 95 21 0 159
101 35 86 82 21 89 66 29 39 96 94 0 101
194 69 29 35 55 65 50 34 23 29 33 0 194
131 26 69 38 76 28 45 35 42 37 55 0 131
141 82 82 81 36 68 57 32 50 35 91 0 141
123 88 75 67 96 55 41 63 71 89 21 0 123
160 63 55 63 29 24 77 86 46 82 84 0 160
114 56 30 91 66 24 20 51 50 75 42 0 114
183 45 52 86 32 66 46 51 42 59 51 0 183
111 92 76 44 72 98 56 61 64 33 64 0 111
132 93 35 50 65 70 80 81 61 90 56 0 132
156 73 25 30 83 35 38 73 40 90 31 0 156
149 39 52 76 54 37 26 27 64 32 97 0 149
133 93 38 85 88 81 44 73 94 88 95 0 133
199 95 26 61 73 46 72 98 94 87 96 0 199
106 39 30 38 35 76 80 51 22 49 41 0 106
101 71 33 61 63 85 93 38 65 25 42 0 101
153 65 33 70 24 91 43 43 91 95 64 0 153
162 22 66 71 50 76 53 84 44 94 84 0 162
199 93 22 41 42 34 51 44 54 34 80 0 199
158 75 75 53 68 21 96 59 62 40 97 0 158
152 37 39 85 66 26 55 81 91 55 98 0 152
178 52 24 78 52 73 90 48 26 83 94 0 178
142 36 76 32 55 25 36 78 62 64 75 0 142
109 56 24 47 92 81 82 90 55 64 61 0 109
190 94 56 33 45 84 53 99 69 41 70 0 190
170 65 38 87 23 27 97 38 59 96 93 0 170
190 30 58 25 33 93 44 33 94 95 53 0 190
152 71 44 39 85 59 94 63 32 68 62 0 152
176 42 99 92 40 90 22 48 55 62 50 0 176
116 66 67 25 59 51 28 77 76 24 41 0 116
112 63 36 50 69 95 58 47 93 73 94 0 112
110 55 81 67 95 56 23 59 68 23 96 0 110
139 77 48 71 78 96 87 45 61 20 95 0 139
145 40 25 60 56 49 34 54 20 95 27 0 145
188 87 61 53 82 40 66 93 68 68 79 0 188
140 70 91 65 38 68 33 71 40 79 28 0 140
199 67 66 20 59 40 53 30 26 36 76 0 199
179 72 24 94 20 53 44 97 50 25 76 0 179
133 95 88 98 76 42 41 46 96 80 90 0 133
154 76 48 87 23 46 92 48 20 97 79 0 154
174 84 64 97 66 39 77 94 51 25 57 0 174
181 90 77 50 89 26 80 36 88 90 36 0 181
119 83 34 66 25 77 33 26 32 28 88 0 119
160 55 77 49 25 62 62 90 82 84 69 0 160
124 78 24 66 70 69 30 22 88 77 24 0 124
188 66 63 85 38 93 79 49 47 33 31 0 188
198 92 47 47 66 77 43 85 43 52 66 0 198
200 92 46 42 66 95 45 49 78 57 38 0 200
169 63 61 45 85 70 90 48 92 79 73 0 169
149 53 78 94 28 89 93 42 91 71 83 0 149
200 73 42 24 88 21 99 76 60 95 39 0 200
189 48 62 35 69 74 37 56 24 54 59 0 189
190 62 52 93 39 91 85 96 84 78 74 0 190
134 92 34 74 37 51 81 67 90 20 94 0 134
141 74 26 66 34 49 78 69 99 62 45 0 141
118 59 62 64 90 46 39 26 89 87 40 0 118
156 71 24 76 85 49 67 67 93 25 51 0 156
154 37 53 36 47 75 97 97 92 77 77 0 154
129 81 44 23 89 23 43 30 27 56 46 0 129
114 85 66 68 62 92 67 50 97 79 34 0 114
189 93 28 44 91 40 80 47 44 74 31 0 189
192 78 84 88 66 80 36 51 95 84 76 0 192
130 27 28 28 51 52 33 92 83 92 20 0 130
111 51 25 97 42 72 33 44 97 81 58 0 111
171 26 43 38 98 66 79 82 61 77 28 0 171
146 21 30 80 48 69 64 97 22 54 25 0 146
113 21 66 46 78 88 90 82 41 28 29 0 113
129 99 81 85 31 82 47 65 60 69 34 0 129
167 96 81 79 55 20 72 86 90 71 78 0 167
120 52 40 71 90 55 91 62 52 63 91 0 120
138 50 93 32 99 27 78 61 79 26 39 0 138
142 63 51 61 66 75 78 41 34 37 50 0 142
108 48 77 77 49 49 64 76 36 97 97 0 108
197 35 71 34 52 69 30 87 28 86 97 0 197
81 102 130 99 102 82 126 98 105 76
118 120 154 163 183 217 224 256 280 281
101 131 142 173 199 215 220 253 280 280
117 127 143 165 192 200 221 247 270 297
109 137 147 160 192 210 227 258 275 283
109 136 150 162 180 214 223 248 277 282
119 129 148 172 198 215 228 258 261 291
102 137 159 167 200 216 227 245 276 284
106 139 157 164 185 206 231 246 268 282
117 124 141 171 197 208 228 240 277 284
111 120 152 172 185 202 225 251 275 299
106 126 152 180 182 202 239 241 268 298
110 120 158 172 193 212 236 258 265 284
118 134 145 172 181 213 230 257 261 300
110 140 141 164 189 201 233 251 264 289
120 134 151 179 191 211 228 255 263 287
100 129 140 179 186 207 220 246 260 289
110 127 152 163 185 209 231 247 273 283
118 133 159 161 190 208 222 251 266 280
106 127 149 171 183 209 239 255 280 289
116 134 158 173 199 216 228 258 278 295
112 121 157 167 188 219 230 242 260 287
101 122 143 166 198 217 229 251 277 297
113 137 145 165 195 208 224 256 265 287
107 123 160 164 188 202 236 254 278 294
120 130 151 179 180 210 221 256 263 293
119 133 157 162 181 204 227 255 270 293
109 133 143 176 199 206 226 240 262 289
110 123 160 168 181 220 226 247 271 286
102 140 144 173 200 216 232 245 265 295
111 125 149 174 198 209 230 255 260 287
102 121 141 165 197 212 237 247 271 284
104 132 152 164 194 219 233 252 265 295
108 121 152 160 194 219 234 250 270 294
101 125 145 180 197 201 224 256 268 299
112 134 157 160 200 215 221 250 275 296
117 133 144 180 193 200 234 243 275 290
118 139 153 177 195 211 221 243 267 282
116 130 156 164 195 212 232 242 262 282
108 123 149 162 198 207 236 249 279 285
109 126 149 167 198 214 221 259 280 294
109 123 150 174 180 213 228 260 277 299
112 124 151 160 198 211 230 241 277 289
119 122 155 177 196 217 225 253 263 291
120 138 140 179 191 210 238 246 268 296
104 136 151 160 200 202 230 249 261 296
102 138 141 175 200 220 224 260 275 289
118 130 154 172 180 214 222 245 261 285
109 120 151 163 189 214 231 245 279 291
100 125 160 174 181 209 224 243 274 280
118 129 156 175 183 208 233 255 270 299
115 135 142 170 197 213 227 253 265 300
107 132 145 173 185 204 231 253 279 298
114 137 141 163 192 209 240 240 261 285
117 140 154 172 200 203 230 247 274 298
103 122 160 180 192 211 236 255 279 288
116 132 158 168 187 204 222 243 260 280
103 133 153 167 183 219 223 249 278 299
113 120 141 170 196 211 227 250 263 288
120 122 149 166 192 207 221 257 260 281
110 125 145 160 182 216 234 257 269 289
113 127 153 172 180 217 238 241 274 283
117 138 160 170 188 215 240 243 272 298
111 133 150 167 183 220 225 257 263 287
113 137 160 163 186 209 232 249 278 292
110 132 160 170 189 212 230 244 266 289
105 122 140 162 181 215 235 260 262 294
100 130 145 162 184 213 227 250 265 293
120 136 150 165 181 215 221 255 270 290
115 140 141 172 192 217 239 253 276 287
104 139 143 168 191 215 233 251 266 280
100 120 158 167 181 209 224 244 269 295
100 138 154 162 195 213 233 258 272 291
114 127 145 165 185 201 236 247 274 292
101 124 147 171 182 215 223 247 265 291
103 130 146 160 183 207 234 252 260 291
104 133 146 168 188 218 231 246 280 299
103 138 156 179 181 200 239 242 261 294
101 129 141 172 182 205 222 248 270 280
109 137 149 178 191 212 221 253 269 289
106 121 141 173 187 204 220 254 276 288
100 126 159 178 200 202 225 252 260 282
116 129 146 165 194 204 221 242 266 296
113 138 145 171 195 220 233 241 273 285
120 124 146 169 188 202 233 252 266 299
103 126 158 166 196 206 221 252 261 282
118 120 145 161 182 215 236 243 265 292
119 137 156 163 191 210 221 249 280 292
100 120 155 173 193 205 238 252 277 290
103 123 160 179 196 216 231 242 280 280
103 133 155 165 185 203 227 252 269 294
107 135 148 163 199 216 235 252 280 295
103 122 158 163 184 204 239 242 271 284
109 127 158 178 188 209 225 254 280 292
101 139 144 180 187 212 239 240 274 281
101 138 149 160 192 213 220 248 273 294
113 123 157 174 183 214 231 253 275 299
105 129 145 171 196 200 238 256 272 292
103 126 158 176 188 216 220 245 264 299
107 138 153 162 193 200 240 243 273 280
107 130 141 167 194 216 234 250 278 297
100 132 154 160 196 201 237 254 275 283
117 140 141 168 184 204 224 258 273 287
109 128 159 175 184 215 239 241 271 299
112 120 142 179 184 211 234 251 271 293
112 124 159 178 189 203 236 258 268 292
114 126 152 160 191 206 220 252 269 296
102 136 156 180 198 206 237 242 264 300
108 123 143 169 192 216 231 255 277 300
112 124 153 177 195 202 226 256 275 294
113 123 148 174 189 206 226 254 262 300
111 121 144 176 197 207 230 240 272 284
101 133 140 162 188 203 234 253 266 295
120 128 154 171 192 203 233 252 267 286
108 122 148 178 184 205 226 246 278 282
100 137 143 176 193 219 229 254 271 292
107 126 155 175 191 205 221 242 260 295
107 123 155 176 197 200 230 240 269 290
110 139 146 176 200 201 234 260 264 297
115 122 150 180 193 204 228 259 274 285
104 136 152 160 196 211 222 244 276 291
104 129 142 163 181 212 225 255 273 293
116 131 147 177 193 213 223 258 275 299
119 131 149 161 185 220 239 245 261 297
102 122 160 176 195 213 224 242 268 299
118 134 145 177 199 216 230 257 265 285
108 137 148 169 199 203 225 249 280 296
115 124 142 167 182 218 237 254 261 295
100 128 152 170 193 204 237 242 260 282
101 138 156 176 192 208 232 241 278 297
118 129 160 180 196 215 238 244 276 284
105 140 155 174 187 209 224 247 274 286
109 125 154 177 194 207 233 244 261 280
110 129 155 172 191 209 233 252 265 290
115 123 156 165 195 204 223 258 262 295
120 127 158 163 197 215 240 257 279 298
110 130 147 180 185 200 233 242 280 297
113 132 141 166 184 212 237 243 265 284
108 131 145 165 184 203 228 241 269 298
108 135 145 165 190 210 234 250 264 283
106 123 153 174 193 211 222 257 269 291
117 126 158 167 182 206 220 244 279 297
103 125 157 162 197 207 230 256 265 285
100 140 142 174 188 216 226 254 262 298
101 130 157 174 182 206 222 246 268 293
118 140 152 176 188 218 225 256 278 300
104 125 157 162 186 201 227 241 276 286
108 121 158 160 188 203 232 255 274 299
101 129 147 165 190 206 222 242 273 289
114 123 151 161 185 201 220 241 265 289
106 134 142 174 184 211 232 258 268 298
118 129 148 168 188 213 239 254 268 291
106 129 146 168 181 211 228 255 261 290
119 135 150 160 184 213 232 252 274 287
107 124 148 168 183 211 226 255 265 283
114 129 144 170 193 202 234 242 267 287
116 133 142 160 195 216 228 242 279 295
108 136 143 180 188 213 220 254 276 283
102 123 159 163 188 201 221 243 280 300
119 135 152 165 192 209 235 252 267 288
112 121 147 180 181 204 233 242 270 298
119 127 147 175 194 210 220 250 267 295
101 130 142 171 188 218 227 241 263 296
108 136 151 176 195 220 233 242 268 294
100 126 155 176 184 208 234 252 273 284
107 130 159 168 189 205 224 246 271 290
118 128 155 175 187 209 239 245 267 288
104 122 144 176 188 215 230 243 260 292
120 125 155 176 198 213 236 250 278 292
107 137 144 173 193 205 229 248 268 298
118 127 157 160 183 208 228 247 260 282
105 128 156 163 185 214 234 254 276 291
109 130 143 168 198 206 229 258 268 284
118 132 142 160 187 217 220 250 263 294
108 129 142 172 200 215 229 256 267 291
118 132 142 175 199 213 226 249 279 294
116 140 141 168 193 203 220 254 272 293
105 130 157 178 199 210 237 258 269 285
114 132 156 163 199 212 240 240 276 281
103 135 154 160 200 212 224 250 270 287
116 126 140 177 183 218 231 241 276 290
120 127 156 162 183 206 228 247 269 293
111 132 152 162 186 202 235 245 280 285
118 133 153 174 192 217 235 260 273 295
107 125 154 161 189 214 232 248 278 298
118 137 148 167 196 200 233 244 262 289
107 139 159 177 193 204 237 244 266 299
110 124 154 167 182 208 228 258 263 289
110 129 156 169 194 208 237 254 269 298
118 126 143 168 189 202 229 246 270 287
119 122 149 167 183 209 224 249 260 290
119 135 152 165 183 203 226 246 278 280
102 125 151 160 181 200 237 254 268 284
100 132 150 179 193 216 228 257 274 287
107 136 146 174 195 203 223 255 265 295
104 123 145 163 194 201 233 246 266 284
102 135 156 170 180 200 226 244 278 288
108 132 160 171 180 219 220 259 279 281
116 135 148 161 199 204 223 260 267 289
119 128 153 161 181 216 236 244 261 294
117 122 151 169 197 200 230 244 266 284
112 138 149 161 200 220 229 244 268 291
107 128 145 169 186 218 229 259 264 292
100 124 156 175 197 206 236 246 264 286
111 130 147 175 190 216 229 259 271 280
110 125 141 160 189 219 224 254 264 295
114 133 151 161 189 216 223 251 261 290
115 125 154 174 188 200 230 245 268 292
114 136 145 165 193 201 220 247 280 292
100 125 157 171 198 211 228 250 279 286
107 121 155 169 199 204 233 245 268 294
108 137 144 172 180 215 234 246 272 299
108 129 150 169 193 217 230 242 276 295
109 129 149 160 194 216 236 259 267 284
104 128 145 166 183 210 237 250 266 293
113 123 147 167 184 200 237 254 264 284
116 134 140 163 184 200 240 250 263 296
114 128 147 173 192 213 230 243 280 283
104 124 147 165 196 216 238 241 272 292
110 124 154 165 189 200 225 243 276 294
107 124 143 180 189 214 240 242 265 299
117 126 143 167 192 206 236 245 267 281
113 135 142 167 185 206 227 246 279 288
119 135 141 169 199 210 239 250 263 287
104 139 152 171 197 201 239 260 267 281
103 131 144 171 190 203 229 256 265 296
105 127 154 175 182 201 225 253 264 296
120 140 158 162 198 202 238 257 261 282
115 134 152 161 190 214 227 250 280 293
108 123 153 169 200 201 230 258 277 294
105 130 140 173 183 211 235 242 266 292
102 120 158 180 196 216 235 248 271 296
105 132 157 172 184 214 224 247 276 284
105 121 146 174 197 208 233 248 275 287
104 137 155 174 189 202 226 259 280 281
106 125 143 173 200 219 220 250 262 298
104 131 142 174 189 212 230 256 274 290
110 123 158 168 184 201 232 240 267 281
120 122 154 173 191 203 229 251 274 294
103 139 152 160 184 210 234 244 274 290
120 127 146 176 196 217 240 257 272 295
109 125 152 177 185 217 232 253 262 300
105 123 142 171 190 205 228 244 272 280
120 122 156 178 184 208 236 242 262 300
105 138 143 163 188 212 231 243 275 298
102 128 151 161 197 220 223 247 278 292
105 126 160 177 188 217 227 250 274 293
116 121 159 179 185 214 224 245 265 296
119 120 147 165 198 201 229 248 266 298
120 138 150 177 200 217 227 244 280 287
111 139 159 176 184 206 227 260 261 288
101 134 148 174 192 214 230 252 279 291
118 139 151 179 190 216 237 247 280 299
100 128 156 168 197 219 238 255 265 290
106 136 160 171 188 201 240 259 278 284
120 126 149 169 196 213 222 255 265 286
104 131 148 176 189 217 229 252 279 292
105 128 141 163 188 202 237 243 268 299
103 132 147 178 181 213 229 257 273 299
101 120 148 161 187 212 220 254 277 291
108 125 156 163 193 210 226 243 267 292
119 130 153 174 187 207 239 248 262 296
117 140 151 178 181 212 223 256 275 292
104 126 158 179 181 208 239 260 264 283
100 123 150 175 187 201 239 257 276 299
104 130 143 163 188 217 239 254 268 285
119 124 154 164 199 218 229 243 263 299
117 120 152 170 183 215 222 257 265 288
114 132 142 166 197 220 231 252 274 290
101 133 153 179 195 205 238 252 277 291
116 121 149 160 189 207 231 246 279 282
117 122 145 160 190 202 238 246 270 284
115 120 150 161 192 220 231 248 280 286
101 130 144 160 183 207 240 245 262 285
106 133 153 161 189 204 233 249 276 299
103 120 146 172 186 219 229 256 268 291
111 135 158 164 200 212 227 253 265 284
117 134 160 176 194 213 228 248 270 295
110 130 141 171 184 220 232 243 260 295
107 132 152 166 189 202 221 249 261 294
111 122 155 168 183 206 224 245 280 284
101 122 159 162 198 218 223 253 277 290
103 131 141 164 196 217 229 254 263 291
119 133 160 164 193 205 223 251 278 285
116 138 143 166 181 209 224 251 270 292
107 128 149 176 182 210 228 250 278 280
118 121 153 165 187 213 222 257 266 299
113 127 156 163 181 211 222 258 276 281
114 130 143 167 188 215 221 253 261 285
102 135 160 170 193 208 230 257 272 288
103 136 152 166 188 217 233 255 264 297
108 134 148 180 200 203 235 257 266 288
107 133 151 179 198 216 227 259 270 292
114 135 152 180 194 218 221 251 260 281
101 134 154 171 180 212 239 246 277 280
104 126 154 177 184 211 224 253 280 281
112 132 143 168 183 208 221 241 266 298
119 125 152 174 187 213 239 248 271 296
119 121 145 179 189 202 225 242 268 290
120 124 150 176 197 202 228 260 273 299
111 135 156 171 188 219 224 250 274 296
106 123 154 161 194 209 229 257 275 283
115 135 147 170 185 201 236 254 261 286
116 139 155 174 187 213 233 248 270 289
114 125 149 177 197 218 236 255 263 292
113 132 140 176 199 205 224 240 280 292
100 134 159 171 180 200 222 259 280 284
102 127 140 162 181 216 222 254 262 298
108 122 147 176 199 202 223 258 273 280
105 121 152 168 181 219 230 252 264 289
107 136 158 160 182 207 223 255 265 294
101 130 146 167 196 202 232 245 265 286
112 129 156 172 190 201 221 258 273 299
111 134 142 169 180 205 226 248 271 285
105 126 144 171 194 200 223 256 263 290
100 138 155 170 193 210 224 258 267 280
106 140 145 172 197 207 232 244 280 295
104 124 159 174 185 213 233 251 261 284
105 130 151 160 188 216 235 246 277 299
104 133 142 169 193 209 240 242 264 280
107 139 152 175 189 201 222 245 279 280
119 131 157 167 187 210 224 254 267 298
110 132 153 167 182 215 232 260 261 291
100 127 141 167 195 207 225 252 264 300
108 133 158 163 188 215 233 249 271 295
118 128 151 174 192 215 237 256 271 290
104 129 155 160 190 211 236 258 275 287
104 128 151 163 189 207 226 253 273 300
104 120 142 173 187 214 230 244 262 294
100 138 146 175 193 215 240 245 275 297
107 135 152 179 196 203 240 255 260 280
101 122 160 165 191 218 222 249 261 298
108 132 146 166 183 216 240 247 265 289
102 135 159 174 189 210 232 246 278 299
102 120 143 177 198 212 232 245 267 284
106 133 144 174 185 205 224 247 265 288
110 138 153 176 185 219 236 252 271 294
116 131 157 160 184 218 240 240 277 288
110 125 149 167 196 213 230 250 278 292
111 127 143 168 192 217 227 240 265 297
104 126 154 176 185 216 228 244 279 299
107 138 143 177 185 200 236 241 277 294
103 134 149 175 199 207 233 250 277 289
119 138 156 173 186 208 228 243 265 283
106 132 146 180 180 214 238 256 276 292
104 133 160 175 199 220 234 260 266 284
109 129 141 174 191 204 224 244 266 281
100 140 152 160 196 220 239 246 279 288
118 124 147 173 185 200 233 251 260 291
102 135 140 161 200 201 222 258 270 296
108 128 142 161 187 205 230 241 269 300
120 133 160 180 187 204 226 245 274 287
115 134 158 178 187 204 229 245 277 298
108 122 153 168 191 211 232 260 263 281
112 124 142 169 192 220 237 259 279 295
106 132 142 170 194 206 225 255 270 295
106 124 156 165 184 214 222 246 276 289
120 122 144 165 186 220 227 254 268 290
108 132 154 177 195 208 228 240 260 300
113 120 158 177 185 214 231 242 260 280
114 138 144 168 186 209 229 243 264 295
120 138 148 177 184 213 221 259 268 284
107 127 152 170 190 204 221 247 276 300
118 131 152 161 180 217 236 251 274 289
108 126 144 171 191 213 227 250 269 300
112 136 147 172 186 220 232 242 270 293
116 132 158 180 200 215 227 253 265 292
110 138 156 174 182 208 234 250 280 300
108 129 159 179 180 219 230 240 279 281
117 131 141 176 199 213 238 245 271 288
102 134 160 162 196 219 222 249 269 291
105 125 153 171 182 203 227 250 273 287
112 123 158 175 187 218 221 253 271 292
120 125 144 171 195 208 220 240 261 300
113 137 160 172 199 206 223 258 279 292
117 136 156 170 187 219 220 241 270 298
114 125 153 179 196 208 226 250 263 297
109 126 159 173 200 219 228 260 277 284
106 140 159 164 186 220 237 251 270 294
107 126 159 166 200 213 235 240 279 293
117 125 142 171 186 209 226 260 278 286
106 122 152 168 187 208 240 255 280 285
104 130 151 176 192 219 228 253 264 294
111 124 153 162 183 212 236 245 270 298
118 126 150 166 189 214 238 246 269 284
113 132 148 171 184 214 239 250 279 290
111 132 142 171 180 205 227 254 269 289
108 138 147 167 193 209 226 246 267 299
100 129 157 179 188 215 236 254 265 300
110 128 159 173 181 219 229 254 260 290
110 129 147 180 189 219 226 250 264 280
104 130 149 168 183 204 228 240 262 293
114 137 149 170 180 216 220 260 273 292
108 128 151 167 195 208 240 246 271 283
113 122 143 168 194 202 227 255 278 296
103 139 151 162 184 201 230 250 274 288
109 132 159 177 194 209 233 243 260 284
119 137 153 166 194 203 237 249 275 294
114 129 150 160 185 201 220 254 280 300
106 124 148 170 183 203 238 243 269 300
104 133 148 173 183 207 235 255 274 283
100 133 154 165 196 212 231 247 262 298
109 126 151 171 193 201 235 259 267 296
120 136 151 170 198 203 221 253 261 280
113 123 141 165 188 216 235 258 267 281
109 130 140 163 186 207 230 258 261 283
115 140 143 163 200 211 236 256 260 299
112 134 157 163 190 215 237 240 261 294
113 122 155 162 200 219 226 252 273 285
120 125 147 175 199 217 235 250 267 297
116 132 158 160 184 200 236 257 273 281
117 132 154 171 194 220 239 242 274 280
120 122 153 161 195 204 221 256 274 296
105 139 158 174 181 207 230 242 278 298
117 124 145 178 198 218 226 245 264 294
118 131 158 172 192 204 227 241 266 281
110 136 148 166 185 203 229 249 275 289
112 137 146 167 195 212 224 246 280 280
101 131 143 168 194 214 221 250 264 288
113 130 147 179 180 205 228 249 278 296
120 131 154 168 199 204 220 240 266 297
118 120 140 169 181 207 237 257 275 292
118 126 151 172 197 216 230 260 270 283
115 136 160 175 184 212 240 249 277 286
115 136 153 176 185 213 238 240 263 290
110 120 142 178 188 204 227 247 270 299
114 134 147 179 194 209 230 251 270 290
120 132 159 177 191 208 227 244 271 298
100 138 144 177 195 218 237 240 262 293
118 136 140 161 198 200 234 240 275 292
104 132 142 166 192 216 231 256 268 286
118 130 141 169 198 201 220 245 270 283
105 126 148 163 186 218 226 246 268 298
109 134 142 179 193 209 229 254 275 287
109 126 155 180 196 206 238 259 268 287
114 133 153 178 199 210 224 241 266 295
116 130 158 164 192 217 232 246 279 286
102 133 151 168 185 209 238 245 272 285
112 135 156 179 180 201 235 251 279 294
119 134 158 176 183 210 221 251 264 289
105 131 144 170 200 212 235 258 266 281
103 139 152 166 186 207 222 260 278 285
104 138 148 160 183 220 231 246 260 285
118 123 153 177 192 213 228 260 260 295
103 123 148 174 183 213 232 260 274 294
117 138 151 177 198 217 236 253 265 284
115 130 145 179 194 200 236 251 278 280
117 124 157 163 197 212 231 244 268 294
105 123 152 163 183 217 223 247 271 283
101 123 157 174 181 219 227 242 276 283
103 139 159 180 182 204 238 253 277 287
110 129 160 174 184 207 221 241 276 289
101 125 142 176 195 202 221 241 265 295
120 134 148 165 181 216 220 251 261 280
104 138 141 163 197 201 224 243 266 298
111 123 142 175 183 205 238 246 265 296
112 125 141 164 184 214 224 258 280 291
102 127 155 160 198 210 227 242 264 290
115 128 159 178 188 216 234 249 277 295
110 130 157 177 181 213 233 254 262 287
109 120 156 166 193 207 224 242 274 300
114 131 154 164 193 217 225 252 277 294
120 140 146 174 188 210 239 248 265 288
105 132 157 171 200 211 240 257 264 291
101 131 143 165 180 212 236 256 280 293
101 134 150 168 188 204 228 257 261 288
120 127 143 178 184 206 228 244 273 283
101 121 147 174 198 214 227 245 273 299
112 139 148 164 183 205 221 259 270 293
112 127 140 164 188 204 229 259 276 294
112 134 149 167 185 211 222 247 264 289
108 130 143 175 187 204 230 252 269 287
117 127 142 179 191 214 229 241 272 295
114 124 154 175 190 205 221 240 261 285
100 133 144 176 200 200 230 258 280 280
105 130 156 173 200 209 239 252 277 284
112 125 150 171 182 202 234 252 267 298
103 126 144 166 191 213 239 253 270 290
106 129 143 162 188 214 223 247 261 294
119 122 150 161 200 209 223 246 266 288
115 129 143 176 197 218 231 255 270 297
120 124 143 173 189 201 233 252 262 292
109 123 145 173 181 204 222 242 264 292
114 126 142 168 184 205 240 259 274 300
103 127 156 167 188 216 221 241 278 285
102 140 153 177 182 220 235 254 260 281
118 126 142 162 189 214 238 244 265 295
103 123 149 170 194 220 230 257 278 296
116 121 143 171 194 218 240 252 274 281
116 130 157 176 193 205 221 245 278 298
120 135 157 180 193 202 221 250 278 292
111 120 155 169 181 200 222 240 262 299
112 120 154 175 195 205 233 260 278 296
117 139 140 166 187 218 233 245 274 298
106 135 149 173 183 214 226 256 261 293
100 131 158 160 198 201 233 246 265 292
101 129 141 177 187 210 220 254 266 285
112 130 148 178 186 203 232 256 260 292
104 138 151 180 196 208 228 256 276 287
114 139 150 173 182 212 225 243 261 285
120 140 144 178 181 209 220 241 264 299
105 139 140 176 189 212 236 258 271 294
115 127 159 172 185 208 239 246 262 295
106 140 150 178 197 205 236 240 275 297
106 140 151 162 190 218 233 249 278 287
119 129 145 170 181 220 238 260 260 297
109 132 142 177 182 210 227 242 263 296
111 133 141 170 196 211 233 248 270 293
101 138 159 162 187 204 231 254 275 294
104 139 143 164 192 207 226 243 275 290
106 129 156 175 181 209 226 256 263 296
109 135 141 164 182 203 224 254 267 299
104 133 141 165 187 208 236 243 279 290
117 124 156 174 188 220 224 251 260 296
112 135 157 165 180 207 228 242 270 280
101 121 148 169 200 203 240 258 280 299
116 128 156 178 188 213 228 249 260 292
100 123 155 177 188 211 234 250 262 298
114 131 152 171 189 212 237 256 265 293
118 121 140 176 182 213 229 254 276 293
106 135 150 165 189 212 239 251 272 297
111 139 151 177 188 214 227 251 260 289
119 132 140 172 198 210 233 256 271 296
117 122 154 171 189 213 238 258 271 299
107 134 154 167 199 200 237 258 272 300
107 137 155 177 198 215 240 248 272 298
110 135 144 176 180 216 224 258 263 284
116 135 141 164 181 215 237 241 270 295
113 124 153 178 200 202 221 259 278 295
103 128 141 171 200 201 228 247 271 291
119 122 149 172 191 215 228 248 268 295
105 132 143 160 196 220 224 251 269 287
111 139 143 170 194 210 231 259 267 280
105 135 145 177 183 206 239 256 264 287
111 140 151 176 186 210 234 251 276 286
104 136 140 178 199 205 236 246 275 281
109 129 157 174 190 211 229 246 280 295
115 129 148 176 187 200 235 243 269 292
102 140 156 162 190 208 239 247 267 295
103 121 146 180 184 211 220 252 264 297
110 120 153 178 187 217 224 247 272 287
104 125 147 180 193 217 237 253 263 287
106 124 152 171 184 213 234 259 265 294
101 138 159 161 200 201 232 248 274 292
109 138 147 161 192 200 228 259 270 282
111 139 151 161 184 212 234 256 273 280
120 121 141 162 184 204 235 245 265 286
108 132 153 163 185 215 234 256 279 287
104 121 149 174 181 212 240 256 269 297
119 132 144 180 190 216 240 242 264 286
118 126 160 177 200 216 228 260 261 296
107 132 147 179 185 207 220 259 280 293
111 123 155 176 190 219 226 253 266 293
103 132 146 180 184 210 239 244 280 281
108 134 149 169 184 212 228 241 278 293
117 136 149 168 190 202 229 251 267 289
105 121 141 169 194 220 225 249 269 283
107 132 141 178 198 214 232 255 270 292
112 138 145 176 183 205 240 257 276 286
104 138 152 179 180 210 220 255 267 283
115 126 149 177 189 205 235 240 265 285
115 121 148 171 193 201 221 241 277 286
103 124 141 171 185 204 233 245 261 285
110 138 144 168 198 202 221 243 267 285
105 133 147 175 198 216 239 245 264 293
107 128 150 178 181 203 233 257 269 296
106 133 157 174 189 206 238 247 261 291
107 123 157 175 192 209 232 246 266 300
100 139 149 161 198 220 234 242 263 280
113 137 156 161 181 200 226 245 267 298
107 129 142 177 181 208 238 241 276 294
119 120 148 162 196 206 226 260 267 293
110 137 158 161 184 214 238 247 262 284
109 126 158 160 188 220 232 243 263 283
110 133 145 165 192 219 237 244 264 295
101 127 154 167 200 212 220 253 274 282
100 132 145 170 184 203 240 248 264 285
102 123 142 162 198 215 223 246 279 293
116 134 143 162 194 203 234 257 277 290
117 125 150 168 186 208 235 243 264 287
116 138 152 177 195 200 239 255 280 295
108 127 156 177 183 218 231 253 279 293
120 123 146 161 192 209 239 260 263 293
117 125 148 180 198 208 236 255 262 286
108 138 148 178 180 218 221 246 265 289
104 132 151 171 180 216 224 250 273 298
110 138 151 175 184 205 222 254 277 300
116 137 141 162 193 218 228 258 266 288
117 135 151 163 197 206 239 260 261 295
106 137 157 168 187 212 235 250 269 290
120 128 146 169 187 219 232 245 266 295
110 130 149 165 200 210 234 256 279 291
108 129 158 161 182 216 235 248 265 282
120 131 157 161 194 200 223 252 265 299
100 140 146 169 200 214 230 260 279 290
110 122 147 165 181 215 230 255 274 299
110 139 148 173 185 205 229 241 271 300
105 132 159 161 185 208 223 246 268 293
107 121 145 169 184 211 225 258 261 282
105 136 143 161 186 205 238 257 262 280
101 137 144 175 185 220 220 244 260 286
102 129 147 167 193 214 225 243 268 281
113 131 149 178 198 202 228 256 261 291
115 139 142 169 195 210 237 242 265 298
111 138 144 177 198 201 224 255 280 285
103 136 141 173 190 210 234 254 262 293
101 121 146 172 192 219 222 258 269 284
109 139 147 179 193 202 220 248 279 286
116 129 159 161 193 200 239 248 263 292
104 127 151 173 180 203 230 249 273 299
109 121 152 161 181 213 226 254 280 292
103 128 145 161 198 208 240 253 268 288
110 123 147 161 186 209 230 245 279 288
109 132 149 178 192 205 238 248 270 293
101 131 150 172 194 203 220 243 262 298
116 138 160 162 197 209 221 246 280 286
100 136 144 169 191 216 222 245 276 283
106 126 150 175 186 200 225 245 274 289
112 121 148 169 189 215 238 241 260 289
114 133 144 176 183 216 236 249 270 284
102 136 144 177 189 220 231 259 276 289
106 138 150 170 186 220 226 253 260 285
100 139 149 179 184 212 230 250 260 297
112 124 150 172 197 220 240 244 279 286
111 124 147 175 184 203 229 244 276 284
101 124 149 162 192 208 220 249 261 287
109 125 158 161 198 218 227 253 276 288
112 134 141 164 198 212 237 243 261 298
115 125 152 165 192 212 231 253 280 286
102 138 151 170 186 208 231 254 273 286
107 133 155 180 181 208 238 246 277 295
108 137 154 166 183 212 228 258 266 296
103 125 157 160 195 201 226 260 266 284
119 136 157 170 198 206 235 250 265 289
107 134 147 177 188 206 226 258 274 289
120 135 158 170 189 205 227 244 271 300
108 138 160 170 184 211 233 258 265 293
110 137 153 164 191 202 228 248 279 300
114 129 160 176 199 209 234 243 262 291
113 129 152 175 186 214 237 260 263 289
102 121 154 161 192 216 232 260 268 287
106 121 148 163 200 217 222 255 277 281
104 139 156 169 186 209 234 248 273 290
104 134 153 175 189 202 220 253 272 300
117 139 142 167 189 209 225 248 260 285
115 125 141 169 191 217 235 256 275 281
118 128 159 161 199 213 220 259 275 282
117 139 141 165 189 204 225 248 268 295
112 120 150 165 182 217 231 260 273 291
100 134 144 169 200 213 224 257 260 288
117 124 157 161 193 209 229 258 268 300
118 128 140 178 184 215 238 248 277 290
108 124 157 160 183 211 239 241 264 280
112 129 149 177 181 213 229 244 261 291
105 132 148 178 200 202 229 249 277 298
117 133 157 170 181 215 220 254 273 288
114 133 158 178 192 203 226 253 264 291
114 123 149 170 190 217 225 259 262 293
107 134 153 166 188 200 236 257 268 282
104 138 147 175 195 201 224 255 260 287
100 135 153 171 189 218 228 257 261 287
109 121 149 168 196 205 237 260 264 286
110 124 144 168 182 209 234 258 275 296
119 135 152 172 186 219 223 246 273 291
115 134 151 179 184 211 223 248 276 292
106 122 141 179 191 205 225 250 264 294
111 124 153 172 198 211 231 250 277 290
101 140 151 163 192 201 231 242 272 287
112 135 156 162 188 216 236 254 268 296
113 123 149 176 182 204 229 243 270 284
105 139 147 172 189 212 231 259 276 281
104 140 153 160 190 206 237 245 277 286
115 140 158 172 180 208 238 254 261 290
111 129 148 168 185 213 225 250 267 296
109 139 147 176 185 203 224 250 264 294
100 127 155 160 190 207 220 247 260 281
112 124 147 174 192 200 237 251 266 297
104 125 160 173 194 220 223 257 263 291
115 140 154 161 198 218 223 260 271 292
107 120 145 175 185 202 228 250 269 282
119 131 144 162 199 202 232 258 261 295
109 125 149 177 193 219 228 243 268 299
112 124 148 178 189 210 225 251 279 292
116 135 151 168 190 201 226 248 264 299
120 122 144 172 187 217 233 250 262 300
105 135 140 160 199 218 237 251 279 296
111 138 152 176 182 200 225 249 260 291
110 121 156 169 193 202 233 251 264 285
120 121 158 180 182 204 222 243 278 295
101 131 155 177 194 208 233 260 274 291
111 123 148 165 193 210 235 241 261 289
120 134 156 165 196 203 232 252 263 300
113 138 140 174 181 217 232 245 278 286
115 137 144 179 197 212 223 250 262 285
100 132 146 166 186 220 226 253 263 297
105 130 156 178 193 207 238 252 269 280
108 133 155 176 193 204 240 255 271 300
104 121 158 165 196 202 224 250 263 285
114 124 148 162 193 212 231 246 277 287
115 138 159 160 191 218 236 255 260 285
100 133 142 160 200 215 235 257 270 289
117 132 143 175 197 202 237 244 261 293
110 140 152 164 181 220 233 244 272 285
119 137 157 178 182 213 240 245 279 293
101 131 153 176 188 219 233 259 265 296
114 134 151 177 180 209 240 242 268 294
118 134 154 164 181 220 231 247 265 283
110 120 141 179 192 207 222 254 270 297
106 128 146 164 183 201 236 248 260 283
110 135 145 177 184 200 226 260 269 296
106 127 151 180 180 217 227 260 266 283
106 139 146 173 186 200 230 245 276 294
118 127 146 170 198 211 221 252 278 293
109 137 146 164 193 217 233 251 276 284
103 140 155 160 200 201 238 248 262 290
112 130 158 168 189 220 226 248 273 287
111 120 153 180 186 209 231 245 268 287
100 120 149 166 180 219 222 250 270 282
103 124 140 177 185 216 229 245 268 296
119 136 140 177 191 218 234 249 275 286
105 124 141 162 185 217 223 254 268 292
112 140 140 167 183 211 240 247 270 288
116 121 145 167 186 206 228 257 270 287
110 132 142 164 180 203 221 245 272 288
109 140 156 173 185 211 226 243 267 284
116 120 142 177 196 202 230 255 265 289
119 133 146 169 180 219 240 248 277 284
103 127 152 174 181 200 239 240 279 292
115 124 141 164 188 215 235 243 262 280
113 136 158 163 183 209 222 250 271 293
113 138 160 163 199 204 223 259 262 293
120 130 148 173 194 209 228 246 272 290
109 140 155 165 196 216 235 256 276 297
102 133 144 175 199 201 239 258 273 280
108 130 158 164 193 206 230 259 263 281
114 140 155 163 188 207 227 260 267 290
103 132 153 160 193 214 227 256 270 282
119 136 155 169 181 205 231 244 276 300
113 138 157 172 188 203 225 258 277 281
111 125 146 171 184 217 236 243 278 291
117 134 144 176 181 208 224 244 278 293
117 127 154 164 198 213 220 240 267 283
100 130 158 180 191 206 232 256 264 288
106 121 141 175 200 220 229 252 266 281
113 128 148 166 199 203 225 247 268 294
120 127 148 168 192 213 237 247 267 299
104 120 160 161 192 201 226 256 269 290
104 136 142 174 192 208 223 246 279 298
101 128 157 172 185 214 235 255 264 289
103 132 154 169 192 212 224 255 263 280
112 133 149 167 200 201 221 246 266 299
102 133 158 180 190 205 229 258 275 280
112 137 149 166 181 206 233 246 274 293
116 130 158 162 195 209 238 244 268 296
102 127 141 178 182 201 235 253 266 294
100 120 158 176 192 200 222 253 279 288
112 130 152 174 180 203 232 257 273 297
106 129 140 175 180 207 220 257 270 285
105 126 153 162 189 212 236 259 267 298
104 134 149 169 190 214 232 251 263 296
108 121 142 164 183 202 227 260 261 298
100 129 148 164 200 208 226 251 268 289
117 130 146 167 200 219 237 259 268 291
118 135 158 162 193 215 233 254 277 288
114 123 158 172 190 204 229 255 271 291
109 132 143 164 180 210 227 244 267 290
107 133 159 162 198 213 228 256 274 292
101 120 148 180 185 208 228 248 275 285
114 123 148 178 199 205 220 242 274 285
115 127 148 177 186 217 220 252 277 285
120 138 152 167 200 203 224 256 271 289
114 128 152 165 193 206 232 240 274 284
102 134 149 167 182 208 236 260 267 300
117 121 148 176 196 209 230 247 266 281
112 126 147 175 183 219 232 252 277 288
107 137 157 165 185 208 220 243 278 300
102 123 151 165 183 208 240 243 261 289
111 126 144 180 187 206 229 260 273 285
113 127 143 170 200 211 238 250 279 280
112 124 151 166 190 215 235 246 263 282
104 137 143 178 198 215 240 244 269 296
105 127 159 160 198 217 221 256 268 284
101 138 143 164 198 207 228 259 280 284
120 131 147 162 196 214 232 256 268 288
108 137 147 170 197 208 220 255 260 281
111 128 147 169 186 206 240 246 266 281
120 127 145 170 200 214 221 258 263 295
112 131 155 161 200 218 234 249 279 289
110 127 140 163 191 207 222 254 267 300
112 132 154 180 187 217 233 243 267 293
110 120 160 178 191 218 221 243 271 281
100 124 144 176 190 218 225 251 275 291
114 128 153 167 184 209 222 246 272 280
113 133 156 172 183 200 224 255 260 295
112 122 157 174 188 220 238 243 275 288
112 135 143 166 187 216 221 259 268 286
104 121 151 163 185 216 234 247 276 293
120 135 148 166 181 220 232 240 276 296
104 126 140 166 191 215 220 244 265 290
100 123 153 179 180 215 237 253 276 293
101 125 157 164 187 200 223 252 267 286
114 131 155 163 190 218 227 259 280 294
120 126 149 160 180 205 224 252 274 283
113 128 159 179 189 220 223 259 260 292
113 134 141 170 183 206 233 243 265 285
100 132 144 170 196 218 234 259 263 292
102 131 148 165 186 203 221 258 266 287
109 136 157 162 181 203 232 245 263 292
109 135 156 175 199 212 227 255 278 286
109 125 145 180 196 212 233 254 275 296
107 128 151 170 199 216 235 248 264 292
118 120 159 169 193 208 231 256 278 280
119 130 144 179 182 200 228 241 270 290
101 138 158 179 193 212 226 259 264 297
108 135 154 161 185 200 237 257 280 299
115 130 149 180 194 212 226 251 262 300
113 127 141 175 194 218 240 244 263 284
102 129 149 164 190 202 220 258 261 283
120 138 153 168 189 209 224 240 263 298
102 131 149 169 187 209 229 260 263 297
106 132 152 180 199 219 233 245 275 300
115 123 157 167 198 219 240 256 262 298
110 124 141 175 192 209 223 257 264 284
103 137 152 172 192 205 236 245 272 284
120 133 152 172 192 218 223 244 280 291
109 123 157 178 183 216 232 241 262 299
119 130 145 174 194 213 224 258 272 284
109 127 155 162 198 217 227 251 267 293
112 138 144 172 191 216 228 248 273 291
110 124 152 160 180 220 222 251 273 281
107 127 160 171 191 219 227 240 267 295
120 127 142 165 198 217 236 246 277 280
105 136 145 169 190 218 229 244 269 283
113 127 149 179 189 217 237 257 276 281
100 125 152 161 189 219 233 247 274 286
101 124 140 165 197 201 239 250 262 281
108 137 141 160 183 215 235 255 280 297
101 131 156 171 186 211 221 243 274 294
102 135 155 180 188 217 238 250 269 288
117 129 150 180 191 212 220 240 261 297
120 139 146 161 189 217 230 243 261 298
109 124 144 162 197 212 235 248 265 299
100 137 148 179 184 215 222 241 263 296
105 137 153 168 188 204 237 246 274 294
113 129 148 179 185 212 232 245 275 296
111 122 142 173 195 201 222 242 271 299
114 134 156 177 183 218 229 247 278 292
100 139 147 169 185 220 229 255 270 297
114 121 146 171 183 211 233 245 261 299
113 130 141 172 188 209 228 258 265 299
108 129 151 170 188 210 221 258 270 298
106 132 144 163 196 220 229 245 269 298
118 129 147 160 197 214 225 248 278 288
115 128 143 160 190 217 224 251 275 289
119 132 146 171 190 203 237 246 269 293
114 134 154 174 181 201 233 256 262 285
104 137 147 177 191 214 221 257 260 284
110 125 156 176 181 215 238 252 271 295
109 120 145 172 186 200 230 259 276 290
105 130 150 172 197 217 235 245 269 294
108 136 141 180 200 211 233 254 271 298
119 136 154 162 191 202 232 243 278 296
104 138 148 173 190 211 230 250 269 281
101 123 142 179 194 213 225 257 272 290
115 125 159 177 181 204 226 258 270 296
106 132 142 175 196 205 238 257 276 294
102 123 151 163 181 201 232 259 270 288
106 126 145 166 193 217 239 259 261 286
103 133 146 162 186 220 231 248 260 284
115 132 158 168 185 216 234 245 280 297
111 139 147 177 200 212 226 251 268 297
105 123 155 170 184 211 231 241 271 298
109 140 147 165 195 214 227 248 270 294
104 126 149 165 180 201 223 240 274 282
114 134 151 169 200 212 238 257 264 286
116 137 156 161 187 209 239 250 264 286
100 120 141 179 196 213 239 260 273 294
111 136 149 177 191 220 223 241 276 293
104 134 140 172 190 204 237 257 276 298
100 137 143 162 194 219 225 251 271 283
111 137 148 161 199 208 228 246 262 297
107 138 159 173 188 217 235 241 264 286
115 122 158 175 192 219 235 260 275 300
105 126 159 168 184 211 232 243 273 298
105 123 140 177 196 203 237 241 280 282
112 123 157 171 196 201 227 258 279 291
117 120 150 160 199 212 239 253 260 288
115 136 159 172 193 218 238 244 276 295
113 125 148 167 198 202 222 260 277 298
102 121 152 170 192 212 222 250 275 298
107 122 141 160 193 217 222 241 279 292
116 135 156 169 186 214 225 244 279 282
109 130 153 161 199 210 230 247 271 296
113 135 159 169 185 216 233 253 279 295
102 133 148 177 198 201 235 240 276 295
104 135 153 161 188 204 227 250 270 284
117 140 154 179 192 217 231 248 275 298
100 121 159 161 186 215 234 257 268 282
116 121 147 176 200 216 232 243 278 280
104 137 144 172 184 203 232 258 276 291
114 139 159 169 187 215 229 259 266 300
110 140 150 163 193 213 224 250 277 283
108 129 150 179 193 213 237 249 272 294
101 137 159 161 184 210 226 246 277 298
100 131 156 179 181 216 235 259 275 282
117 139 147 169 198 215 226 247 268 281
119 128 151 165 199 218 225 258 268 280
100 138 143 160 187 205 226 253 266 297
100 138 159 160 193 220 221 248 279 280
103 124 159 174 190 218 233 258 260 287
112 135 151 179 193 219 221 255 262 282
107 130 147 180 199 216 221 241 279 300
120 129 146 160 185 204 224 255 260 289
104 122 149 172 190 203 231 243 270 287
119 139 147 180 184 209 220 248 280 285
118 131 148 179 191 200 220 260 265 298
116 140 155 174 200 215 223 252 261 297
108 125 143 175 188 216 221 247 266 296
110 121 159 174 185 215 239 260 272 293
116 129 143 161 200 208 229 253 272 292
110 128 160 175 197 202 227 259 273 282
114 121 160 180 180 216 236 243 266 297
111 137 159 161 184 214 227 249 278 284
110 139 156 177 184 212 239 254 280 290
118 122 160 174 190 210 222 246 271 290
106 131 158 178 189 212 224 243 278 294
109 133 150 180 190 217 227 260 260 281
114 126 153 161 190 216 230 248 276 293
100 135 160 165 191 207 230 259 276 281
112 124 160 167 194 215 231 240 270 283
101 131 158 165 180 204 239 254 269 281
105 126 148 161 187 201 236 255 268 284
112 140 147 162 195 216 220 247 277 295
115 135 140 171 181 205 220 258 266 282
115 122 150 165 195 207 233 255 260 282
106 134 148 178 180 219 222 256 269 280
107 130 149 169 185 215 232 244 262 286
102 137 146 162 180 213 239 256 268 297
105 122 152 168 181 208 232 251 278 290
105 136 153 161 196 202 232 253 277 282
108 135 155 164 199 205 227 244 268 281
119 139 156 162 196 214 228 243 263 294
113 129 150 172 197 205 224 246 275 292
111 138 156 168 198 212 232 248 263 300
109 137 149 163 183 214 224 257 271 290
115 122 150 168 197 201 237 242 266 281
112 123 149 172 185 211 222 257 274 284
120 135 158 172 181 206 226 260 263 284
108 138 159 160 191 205 229 258 273 280
108 121 160 162 186 207 223 251 271 284
120 139 159 180 185 201 232 249 278 294
104 131 150 167 189 211 220 258 261 286
115 130 143 178 198 216 240 257 261 286
102 140 159 175 188 216 223 256 272 294
109 138 140 162 189 211 240 244 273 280
114 131 156 175 183 212 228 247 265 296
109 134 151 176 181 213 238 244 270 298
113 134 155 173 200 208 235 251 267 280
110 130 148 165 181 201 234 253 262 290
102 140 140 162 199 203 224 242 263 287
117 140 144 180 192 200 224 246 264 297
112 135 154 176 192 204 230 259 264 283
111 135 153 178 186 214 239 249 279 282
119 131 146 169 186 213 226 246 266 281
108 126 154 172 189 204 224 251 271 280
110 134 156 161 181 219 237 260 264 296
101 130 152 168 195 220 222 252 278 296
101 125 155 171 200 200 220 240 277 282
115 130 158 163 189 208 230 242 270 292
105 126 158 178 189 213 226 244 279 296
115 124 156 179 197 202 221 246 267 281
100 131 159 168 188 200 235 260 275 293
119 133 156 167 186 214 222 256 278 298
120 138 142 170 200 218 237 247 266 290
114 126 156 175 197 209 227 260 274 300
103 138 141 165 189 212 239 247 263 293
116 123 154 169 188 210 230 255 276 282
116 124 153 161 189 208 240 257 274 282
116 124 155 174 181 205 224 242 280 296
117 135 147 168 185 210 225 240 271 288
100 139 154 169 187 205 222 242 273 287
117 128 147 165 186 220 235 250 270 282
104 127 144 173 191 202 223 246 266 289
107 131 150 167 185 203 222 240 260 284
118 129 149 180 186 215 233 249 280 291
110 131 155 167 182 203 223 260 268 291
114 124 158 177 197 214 230 260 275 287
110 120 140 179 193 213 238 249 279 284
110 139 145 170 197 213 228 242 269 280
115 127 152 161 190 215 222 257 273 293
115 135 149 175 181 205 236 255 276 300
109 120 140 166 198 202 233 245 280 296
105 130 153 162 186 209 231 245 271 289
117 122 157 172 194 209 232 244 280 293
105 126 149 167 198 208 223 254 264 289
103 128 143 165 187 201 227 256 267 283
120 130 158 174 196 210 220 240 269 290
119 131 150 163 187 216 224 256 269 300
102 127 158 165 198 206 235 258 270 285
111 130 158 179 180 204 220 260 267 289
118 137 154 162 194 202 222 240 260 292
19834 20170 25883 27396 30756 36469 37646 43022 47055 47223
11321 14682 15915 19388 22301 24093 24653 28350 31375 31375
20719 22489 25322 29217 33997 35413 39131 43733 47805 52585
19848 24945 26765 29132 34957 38233 41328 46970 50065 51521
18431 22995 25361 27390 30432 36179 37701 41926 46828 47673
17860 19360 22211 25812 29713 32263 34214 38714 39164 43665
13269 17821 20681 21722 26013 28093 29524 31864 35895 36935
17182 22529 25445 26580 29982 33385 37436 39866 43431 45699
22942 24314 27647 33528 38625 40781 44702 47054 54307 55679
21211 22930 29043 32864 35347 38595 42989 47955 52540 57125
17393 20674 24939 29532 29860 33141 39210 39538 43967 48888
15300 16690 21973 23920 26840 29481 32818 35876 36850 39491
12872 14617 15816 18760 19741 23230 25084 28027 28463 32715
18160 23111 23276 27072 31198 33178 38459 41429 43575 47700
19210 21450 24171 28652 30572 33773 36494 40814 42094 45935
13009 16781 18211 23282 24193 26923 28614 31994 33815 37586
17940 20711 24787 26581 30167 34080 37667 40275 44514 46144
20778 23419 27996 28348 33453 36621 39086 44190 46831 49295
12411 14869 17444 20019 21423 24466 27977 29849 32775 33828
18454 21316 25133 27519 31653 34357 36265 41036 44217 46920
16250 17555 22776 24227 27273 31768 33364 35104 37715 41630
13745 16602 19459 22588 26941 29525 31158 34150 37687 40407
12666 15355 16251 18492 21853 23309 25102 28686 29695 32159
13491 15508 20171 20676 23700 25465 29750 32018 35043 37059
21370 23150 26889 31874 32052 37393 39351 45582 46829 52169
15480 17301 20421 21072 23542 26533 29524 33164 35115 38105
21047 25680 27610 33980 38420 39771 43632 46334 50581 55792
14090 15754 20492 21516 23180 28173 28942 31630 34703 36623
12045 16531 17003 20426 23613 25501 27390 28924 31285 34825
21766 24510 29215 34116 38821 40977 45094 49994 50975 56267
13779 16345 19046 22287 26608 28633 32009 33359 36600 38355
15921 20206 23267 25104 29695 33520 35663 38570 40560 45150
17182 19249 24179 25451 30859 34834 37220 39764 42945 46761
17886 22135 25676 31872 34882 35590 39662 45326 47451 52939
11322 13544 15868 16171 20213 21728 22334 25264 27790 29911
14752 16768 18155 22692 24331 25213 29498 30632 34665 36555
21604 25448 28010 32403 35698 38626 40456 44483 48876 51621
14278 16000 19199 20184 23998 26089 28550 29780 32241 34701
20098 22888 27725 30144 36841 38515 43910 46328 51909 53025
16905 19540 23106 25897 30703 33183 34268 40159 43415 45585
19739 22273 27161 31506 32592 38566 41282 47074 50152 54134
12442 13774 16772 17772 21991 23434 25544 26765 30762 32094
13695 14040 17836 20367 22553 24968 25888 29109 30259 33480
15730 18089 18351 23461 25033 27523 31192 32240 35123 38791
10721 14019 15564 16492 20613 20819 23704 25661 26898 30504
17757 24023 24545 30462 34813 38293 38989 45254 47865 50301
15822 17431 20647 23060 24132 28689 29762 32844 34989 38205
11891 13090 16470 17779 20614 23339 25193 26719 30426 31734
12009 15010 19212 20892 21732 25093 26894 29174 32895 33615
20070 21940 26531 29762 31122 35373 39624 43364 45915 50845
20250 23771 25003 29932 34685 37501 39965 44542 46655 52815
16808 20734 22776 27173 29057 32041 36281 39735 43818 46801
11866 14259 14675 16964 19981 21749 24974 24974 27159 29655
18496 22131 24343 27188 31613 32087 36353 39040 43307 47099
17931 21238 27851 31332 33420 36727 41078 44384 48561 50127
18686 21263 25450 27060 30120 32857 35756 39137 41875 45095
20609 26610 30611 33412 36612 43813 44613 49814 55615 59815
19446 20650 24263 29252 33725 36305 39058 43014 45251 49551
19330 19652 24000 26738 30925 33340 35595 41392 41875 45256
21240 24135 27996 30892 35138 41701 45176 49616 51932 55792
13118 14742 17759 19964 20892 25185 27622 27970 31799 32843
13933 16433 19051 20242 22384 25598 28574 28931 32383 35477
21544 25813 29111 32410 35514 42693 43664 49872 51037 55693
21480 26041 30411 30982 35352 39723 44094 47324 52835 55495
21460 25750 31211 33162 36867 41353 44864 47594 51885 56370
11035 12820 14711 17022 19017 22588 24689 27315 27525 30886
16809 21851 24371 27228 30924 35797 38150 42014 44535 49240
12490 14155 15611 17172 18836 22373 22997 26534 28095 30175
22550 27451 27647 33724 37644 42545 46858 49602 54111 56267
14257 19054 19602 23028 26180 29468 31935 34401 36457 38375
10509 12610 16602 17547 19017 21958 23534 25634 28260 30991
16909 23333 26037 27389 32968 36010 39391 43616 45983 49194
20986 23378 26691 30372 34052 36997 43438 45462 50431 53743
14957 18362 21767 25320 26948 31833 33018 36570 39235 43084
15356 19381 21765 23852 27279 30856 34880 37563 38755 43375
15505 19827 21765 25044 28024 32495 34433 36668 41735 44566
18652 24989 28247 32411 32773 36213 43273 43816 47256 53229
10614 13556 14816 18072 19123 21538 23324 26055 28365 29415
12109 15218 16550 19770 21213 23545 24544 28097 29874 32094
16864 19249 22430 27519 29746 32449 34994 40401 43899 45807
17009 21430 27042 30272 34013 34353 38264 42854 44215 47955
13930 15490 17531 19812 23293 24493 26534 29054 31935 35536
17299 21125 22196 26175 29848 33673 35663 36887 41784 43620
15610 16130 18991 21982 24452 26273 30304 32774 34595 38886
13090 16012 20078 21094 24905 26175 28081 32019 33162 35829
16176 16450 19876 22069 24946 29468 32346 33305 36320 40020
18693 21520 24503 25603 29999 32983 34710 39107 43975 45859
18009 21610 27911 31152 34753 36913 42854 45374 49875 52215
12678 15139 19691 22029 24121 26581 28427 29780 34455 34455
17313 22355 26051 27732 31092 34117 38150 42350 45207 49408
20981 26470 29019 31959 39017 42349 46074 49406 54895 57835
12987 15382 19920 20550 23196 25717 30128 30506 34161 35799
20610 24013 29873 33654 35544 39514 42538 48020 52935 55203
17179 23641 24491 30612 31802 36053 40644 40814 46595 47785
16270 22229 24000 25772 30925 34306 35433 39942 43968 47350
11423 12433 15868 17586 18495 21627 23345 25567 27790 30214
11874 14587 16396 19335 22161 22613 26908 28942 30751 33011
15150 18532 23237 25884 27648 31765 32353 36029 38823 43969
12850 16571 18371 19452 23173 24013 28814 29174 32775 33615
17129 20810 22571 26732 31053 34573 37454 40014 44495 47535
16609 21923 25575 26572 32549 33379 39356 42178 45665 46993
23059 27591 27788 33108 36260 40201 44142 50841 53796 56554
15596 18314 22748 25037 26324 30758 34191 34477 38768 42772
14234 15250 18045 22745 23380 26810 29732 31891 34432 37226
19946 22082 28313 31696 33654 36147 42022 45938 47719 51991
13006 14374 17339 18252 21787 23497 25093 28742 30681 33760
18777 25035 28715 33132 36445 37917 43622 44542 48590 55215
11025 12556 14597 17250 19596 22045 23576 26024 28269 30615
17258 19106 23573 27270 30043 31121 34817 39438 42365 45291
14474 15754 18955 22284 24204 26381 28942 32526 33551 38416
15994 17434 20747 25356 28381 29821 33134 34574 39183 40911
17886 23552 24791 28686 33289 35944 41432 44796 47097 52231
15130 16138 19415 21558 24205 25591 29372 31766 33657 36051
12646 14284 17327 20838 21540 23998 26456 28796 32541 33009
14509 19876 20746 25532 27998 31768 33219 36844 39310 42355
17558 20674 25431 28712 31337 33633 36258 39702 42655 48396
15632 17968 22641 25708 28775 29213 33594 35054 39289 42355
19370 24475 25707 30988 35213 35389 41198 45774 46478 52287
19100 20262 24911 29892 32051 33877 37862 43008 45499 47325
13009 17011 19011 20012 24513 26388 27764 30514 34515 36390
19041 23617 25997 29841 33135 38809 41189 46680 49974 53635
11610 13110 14711 17712 19312 21313 22313 25814 27515 29915
14528 15992 18189 19654 22582 26853 29172 29904 31857 36249
13473 16114 21131 23244 25753 28129 29582 31958 35391 39484
12400 14080 15236 18597 20908 22693 24164 26999 27839 29940
20421 25904 27983 31953 37624 38380 42538 47075 52935 55959
13120 14146 16199 19050 20760 24865 27032 28970 29769 33645
15309 19595 23267 26022 29542 31225 36275 37040 39795 43161
15967 21815 24659 27820 30348 32877 36670 38092 43939 46941
20424 22327 27691 31152 33920 37208 41188 42226 47763 49147
16389 21851 24191 27156 29184 32617 34958 38546 42759 44631
17014 19510 24035 27624 30277 32305 36362 38078 40731 43695
11450 13426 16131 17900 19876 21749 24246 26222 27575 30175
21515 23011 29183 30867 36478 38161 41715 48261 49009 55180
18130 19187 23869 24624 29759 32478 36254 38821 42144 45013
14420 17040 19268 23592 24247 26213 30537 31716 36695 38922
14135 16511 17636 20762 23012 26513 29639 30389 33140 35515
13186 15993 17701 20142 22460 24779 27830 29416 32833 36372
16642 20801 22341 25422 29273 32353 36050 38514 40671 43597
13047 15139 18830 21414 23752 25966 27319 31625 33102 35808
15103 16264 20393 21555 23490 26587 28393 31490 36006 38329
13399 16260 20421 21072 25623 26923 29914 33295 34465 37065
14409 20171 20459 25068 27084 31117 32558 36590 37743 42928
11826 15221 18381 20370 21306 24115 25988 28796 31371 34297
19952 23671 25699 29756 31784 36855 38038 43278 46997 50715
20186 24260 30470 31440 36097 39007 44052 46768 53559 55499
18154 20338 26555 26892 31596 34117 38990 42854 46047 50248
12634 16136 18386 20637 23763 25763 27764 30264 34140 36141
18706 20182 24775 26416 30353 32977 36094 39538 43475 47412
12305 15555 16483 20196 21356 24489 26926 29942 31103 34583
22548 24649 28279 32100 35920 40696 45663 48528 51203 55596
17606 21425 24247 27900 30058 35039 37862 42345 43341 48156
17622 19991 22211 23691 27244 31537 34350 37310 40567 42491
10924 12658 15107 17148 18678 21535 23066 26025 27045 28881
22810 25810 28811 34012 38613 40413 46814 48414 53415 57415
14626 16769 17903 20171 24583 27229 28742 30506 35169 37185
13834 17419 18315 23052 24076 27277 28173 32526 35343 36239
11943 14401 18615 19083 22009 23530 25871 28445 32775 35116
15004 17021 19163 20802 24204 26347 29624 31766 33657 36303
21402 23121 28088 34392 34583 38977 44517 46236 51585 56934
14766 15758 18239 21712 24069 26053 27293 31014 33123 36595
18492 23801 25997 31305 34417 39907 41555 44117 48144 54184
19449 24491 27191 31692 35113 39613 41954 43574 48255 52935
15909 20044 24656 27996 29268 33085 37220 40082 43422 45171
20340 24710 30222 31932 35923 38963 42574 46754 51505 55115
16648 18058 21866 24687 26379 29482 33713 34559 37662 40623
14257 16724 19739 24124 25769 29468 31524 33305 35635 40020
14050 14635 18146 20604 23178 24934 27626 29264 32541 34179
13598 17410 18299 21983 24524 26048 29097 31510 34051 37862
22666 24394 30156 30732 35148 39949 43790 47438 49935 54159
18384 22410 27311 28537 32387 37463 40964 44464 48315 50940
14398 17170 18887 22188 26149 27205 30242 34071 35391 37503
19244 21527 23157 26092 30493 35384 35874 40764 42884 47938
12862 15361 16909 20480 23813 25598 27265 30478 31788 34644
21014 23506 25287 31162 35435 37927 40241 44336 49677 52347
21122 25491 25673 30588 35139 36959 40053 46242 49519 53341
19329 23930 28899 32764 36629 38653 43622 47486 49511 52455
14830 17170 20291 21202 25883 27573 31214 31214 35895 36545
18961 24851 28347 29452 36813 39021 41230 46014 49695 52823
14974 16264 18071 22845 23619 28135 29813 31103 35619 37425
18730 19822 24347 25284 28560 32149 35582 38546 41979 45723
13552 16115 18555 19776 22704 24657 28684 29904 34175 34785
13580 15305 17606 20022 22092 24968 27039 29914 31410 33940
19590 22885 28193 29475 34599 39175 42470 45398 50889 54549
13108 15218 16439 18549 21769 22213 25877 27098 29097 32094
17236 22390 25610 28509 31085 32857 38171 39298 42841 48154
15630 17618 21879 23726 25856 29549 32390 36651 37361 41053
19480 22843 27623 29925 34350 36829 41963 44972 47628 52761
21840 23320 26466 31092 34978 37383 42379 45524 49965 53110
17741 18188 22212 24895 27279 31154 33390 37115 38755 43226
22858 25931 29195 31692 35148 38989 43406 47246 53391 53775
15003 18385 22208 23532 26619 29413 34853 37353 39411 41763
16709 22054 25061 29905 32243 36085 38090 42933 45773 47944
15632 19867 21327 25416 28483 29651 32571 37244 38705 43085
19354 22888 26981 30330 36097 37399 43352 45770 49491 52839
16227 21476 24815 27042 28632 31813 35948 38810 44217 45807
12646 15454 18731 20019 21072 25636 25753 30317 32658 32892
13930 16211 17771 19332 23893 24493 26773 31215 32055 34695
20597 22154 26480 27865 31325 37381 40842 42226 45168 50877
16273 16968 21000 23503 27396 27813 31984 33930 36989 39491
21626 26645 28768 31084 38613 42473 44211 47106 51739 56178
13706 16394 18571 21644 23820 27917 29326 33167 33807 37391
19909 24686 31055 34837 39216 41007 46978 48968 52551 56929
18547 21720 24560 29237 31742 36085 38257 43267 45272 46775
16290 18510 20879 23692 27985 32425 33166 37606 39087 43676
13120 15306 17376 18527 21748 24853 25659 28879 30030 33365
12545 13635 16797 18978 20504 21813 25084 26719 29227 31843
19162 22859 24371 27732 32437 33781 36973 41510 47055 49071
10809 13510 16967 18480 21397 22801 24638 27014 30147 30903
11887 13441 17216 18771 22102 22657 25877 27209 29763 32649
19666 24945 26219 31316 32772 39143 42602 44786 49519 54433
11350 13555 15761 17757 20278 22798 24164 25424 28995 30990
21483 25423 29364 31531 38231 42565 46506 51037 52614 55963
18729 23050 26111 29892 32952 37813 42674 45014 47895 52756
21593 23503 28088 31909 35156 38213 45281 48529 50439 54259
22514 26007 27171 31634 35708 38813 46574 48514 51037 57440
15400 17290 19856 23367 25933 28768 31064 32819 37815 38220
11657 13898 16475 18492 21965 24205 26670 27006 30479 32719
15960 17990 22341 23937 27418 29013 32639 35249 40035 42646
12849 14890 17171 21612 22692 25693 28814 29054 31815 35896
15454 16642 18887 22056 25357 27205 31166 32354 35259 37107
12666 15131 15915 18716 20732 23085 25438 27566 31263 32271
12862 14591 15239 18264 21505 22693 25826 27014 28419 31011
12801 17108 18707 21045 24244 24736 29411 31994 32856 34578
19167 24377 26795 31818 35353 37771 42608 47631 49305 55072
12714 15377 18645 21187 22034 24334 27239 30627 31959 35832
22090 25771 29083 29819 36445 37181 43806 47302 48038 51903
13580 15822 17947 19009 22432 25265 26800 29514 33055 34589
15561 17722 22043 24348 28813 28957 33134 37166 39903 42351
14710 18211 19611 24232 25632 29553 32914 33894 37255 40896
18267 21490 28293 32232 35097 38677 42079 44406 48524 52999
16704 20999 24974 27360 29268 34039 35630 39287 43899 45171
14919 17192 20743 24720 27987 29549 33100 35230 39065 40769
17897 23575 26671 29940 32520 34757 38886 44562 48175 48347
13365 15760 18029 21810 25213 27607 27733 31514 33027 37564
19769 24900 26991 33072 35922 40293 43714 48654 52075 55115
15080 16861 21658 23028 25221 27550 31798 32894 36594 38512
14530 14772 18645 20945 23123 24576 27723 30385 33169 35589
16283 21973 24027 25292 29084 33193 36986 38566 43307 45835
18850 19949 22933 27644 30784 34082 37694 40363 42719 46330
17232 19760 24027 27978 29242 34299 36670 39988 41410 47415
10615 12433 14353 17283 19203 20718 23042 24658 27487 28295
21490 21848 27935 31874 32948 37245 42258 43332 46913 53716
11769 15467 16027 18268 21068 23757 25886 27230 30815 33392
19797 24842 29305 31246 38231 42693 43275 47932 53947 56663
13659 16390 20811 23022 24452 28223 29523 32514 35635 38105
15670 16345 21476 24177 24987 28903 30253 33089 35790 39975
18574 18730 22943 25752 30901 31369 35738 38702 41511 46504
19210 22091 24011 28332 32013 34733 36333 39054 44815 45935
21322 26699 30539 33804 35340 39565 43598 49934 50126 55311
10715 14214 15699 18456 20364 22697 24394 26726 29589 30861
13108 15439 16772 19881 21102 23989 26321 27431 31095 33204
17609 22538 27467 29580 34685 38557 41902 44894 46655 51055
14743 18915 22251 23781 26144 27952 33374 36015 38657 39491
17890 18784 22212 25193 29217 31750 33091 38009 39500 42629
17481 22018 24875 29580 31764 36469 38486 42350 46887 49071
12190 14858 16367 18920 21821 23445 27506 28202 31103 34700
15974 20470 22796 27602 28067 33028 35509 39849 42330 46360
16371 19450 23987 26094 30307 34357 35654 41163 44889 47158
11674 13510 16859 17616 20857 22693 24422 26258 28851 31551
23215 25360 29846 33942 36477 40378 46619 48374 51104 57735
18379 21991 23718 27958 28429 33297 35024 40206 43190 45859
16649 20170 25291 28652 28972 33293 38254 41615 42255 45295
10209 12556 15311 17862 19086 20515 24392 26228 28167 30513
12697 15870 17457 19898 22948 26487 29172 31002 32711 34785
15599 16254 20185 21496 26082 28571 30013 31847 34468 39184
19315 19810 25091 28062 30207 35488 36644 42420 43740 47535
12208 14134 15205 17774 21092 23553 24731 26978 29333 31045
14452 19029 21890 25609 27898 29328 34048 36050 39626 41628
13350 13925 17146 18412 21748 23818 26579 28304 32100 32445
21304 22214 26401 29132 34593 36777 43330 44786 49155 51703
13350 13930 17411 18688 22285 25533 26810 28782 32495 33191
14957 19251 21323 23692 27097 30649 35534 36274 38791 42196
18135 22754 26174 27543 32331 34897 39857 42593 47211 51145
19476 22690 27605 32520 35166 41404 43295 48398 50667 55014
14884 18101 21183 21988 26813 28421 30432 33916 35525 38071
23176 26542 31691 34860 38424 42187 45157 49118 53475 58425
16840 19900 21584 26175 28164 33673 35510 37193 39795 45151
17772 21923 25243 27568 31387 33545 36700 41348 43341 48820
21766 23922 30391 32940 35880 40389 43918 48034 54895 55679
11523 13918 18137 18480 22585 24865 25435 28856 31593 33075
12987 16517 17777 20676 24709 27355 28868 32018 33153 36681
20954 23418 28171 28876 33981 36093 39261 44190 48943 50175
14046 16709 17314 20098 21913 25302 27118 30385 32685 35347
12850 15370 17891 21132 21852 25213 27374 30014 33375 33615
18890 19370 24491 26412 29932 34093 35533 41134 42575 47856
16056 18044 22163 23158 25714 29975 31538 36651 39207 39917
20074 22891 25179 29404 33101 37853 38910 44542 45951 50175
11433 15131 17931 19052 21628 23309 25774 28798 30479 32271
13605 17963 20075 21924 24828 28657 30770 33674 34863 39219
18909 23460 25911 31512 35013 35538 41139 44989 46565 50415
10816 13443 15262 18091 20011 21829 22940 26173 27285 29507
21100 24986 28131 33312 35903 40343 40898 46449 48114 52000
12028 15957 18337 20361 21432 25241 28455 29288 32978 33335
10409 12610 15411 17712 18412 21113 22414 25314 28015 28115
11994 14135 15312 17988 19593 22269 23661 25801 28477 31902
12386 13010 15819 18108 19460 22165 24870 25806 28199 30799
16551 16829 20166 24893 26284 28091 31289 33652 37267 40325
18370 18982 22961 26940 30154 30919 34897 39794 41784 45762
19768 24040 27779 30450 33476 38995 39885 44514 48787 52703
15485 17968 22495 23518 28337 30527 33448 37537 40165 41333
21055 24716 26912 31122 33867 36796 43202 46496 47778 52353
18802 22529 25121 28200 30306 34519 37760 40190 43755 46833
21328 23385 27874 33111 36852 40779 44146 47699 49195 54619
12666 14794 15691 19724 22301 22973 25102 26894 31375 32719
14709 19709 23385 25149 26472 29413 32648 38088 41175 41763
16737 20838 22971 26580 29696 35438 36422 41671 42983 48888
13618 15382 18533 22188 25087 25465 28112 32523 34413 35295
15340 17676 22203 24540 26438 31987 33594 36806 38559 42209
12315 15651 18182 18412 20942 23818 25659 29339 30490 33826
18088 23281 26145 29905 35097 36171 41542 43869 47450 51209
14122 16264 19667 21684 23952 25339 27859 32522 34413 37689
19546 23595 25003 29756 31692 36093 39790 43662 47711 50175
19750 23698 27083 32160 36485 37613 41938 48143 49459 54536
13209 18227 20471 22452 25489 27733 29582 34071 35259 36975
16651 21991 22776 27016 30942 32512 36438 38322 43975 46330
14673 17494 22431 24546 26097 30046 32867 35405 36816 40059
11979 14830 17225 18251 21444 24637 26804 28058 31593 34101
19561 25015 26707 31784 36297 39305 45134 45510 49647 52655
14241 18498 20227 23287 25150 26746 29540 32599 37122 37255
16908 18612 22305 23726 26566 29833 31821 36082 37929 42331
18820 22582 26174 28569 31134 36778 39686 44475 44646 49776
14309 18171 20174 23893 27898 29614 32189 36050 37767 42916
12861 15837 18813 19409 22384 25598 27741 29645 32264 35120
17356 18826 22208 25590 28236 31618 34853 37646 39852 42645
14985 18586 22331 23051 27372 30397 33998 37166 39615 41343
14257 17546 20698 22343 25905 28372 30976 34675 37416 41116
13218 15250 18045 21983 23762 27191 29224 31002 33289 37354
14009 19331 20451 24512 27032 30113 33614 34314 38515 41595
20981 26471 29803 35096 38429 39801 47054 49994 50974 54895
18896 22824 29932 30867 35730 40779 41528 46577 48822 55742
16210 19811 21911 24912 27462 32413 36014 37064 39765 43365
16941 22420 26405 28896 31386 34873 38526 40850 46163 49649
13983 16450 19602 24261 27139 29057 31798 33579 36594 38923
12624 15838 17147 20718 22028 24408 26670 29407 31550 34287
13979 17537 19442 22364 23507 27826 29986 32018 34432 37353
21702 24507 29370 29931 34420 40779 44894 44894 51814 53871
21240 24135 28768 32243 37841 41122 44404 48264 53669 56371
21211 24267 27324 32100 36685 41460 43371 45854 50630 56743
16129 19540 23881 27292 28687 33493 35354 37834 43260 46360
19484 25127 26037 32226 33682 36413 42966 43876 50429 53523
19373 25202 28023 32912 37425 38929 43818 47014 52091 54347
18574 21539 24347 27000 29028 32461 35582 37922 41355 44163
18983 23638 26145 32232 32232 38319 42616 45838 49419 52283
16649 21290 25611 28012 31853 35213 37454 41614 42574 45455
12981 15362 16790 20718 22742 24289 26670 29050 31669 33454
13209 18491 20075 21131 25885 29053 31562 32486 36843 38031
23610 24810 29411 34612 37012 40013 46614 50214 52015 58215
14901 19721 20451 23518 29213 29359 32426 37683 39435 43232
12430 14730 16341 18527 21518 23588 26464 27729 30950 34516
18250 20226 24331 27372 28436 31021 34365 37254 41663 43639
14155 16492 19445 21906 23013 25105 28181 30149 34086 36669
15778 17822 22349 24540 27899 30819 33886 37975 38413 41041
11882 13154 15063 17926 20364 23333 25136 27468 29589 31285
17499 21791 23441 28062 32023 34003 37139 42089 44565 48690
18030 21090 26531 28062 31292 36393 37754 41834 46935 49145
19090 19408 22907 26247 29586 34993 36107 40400 42627 46125
10810 13210 15411 17712 19513 20813 22814 24014 26015 30016
18542 19690 25924 29040 30352 35109 37898 39702 42655 45935
11410 13811 14411 16812 18612 20913 22914 24314 26415 29516
12250 14087 15107 18066 18780 21739 22555 26432 27351 28983
15097 17917 21443 23982 26803 28777 31174 34841 38931 42316
17946 19922 23115 24483 27372 32997 35886 38166 41663 43943
18478 21556 24635 29253 32674 36436 38831 42764 46014 51316
17034 20683 22355 26156 28284 33453 35278 36798 41055 44551
14162 16114 19287 21972 24413 26243 27707 30880 32344 35639
14749 18503 20915 23328 24400 27885 31370 33514 37535 40215
19666 23488 28949 32590 32772 39871 41874 43694 50793 51157
17326 19398 20879 26060 29465 31537 35238 36274 40123 42639
14799 19441 23211 23502 28433 31768 32203 36119 39020 42210
11875 14135 17300 19335 20578 22952 25665 28264 30864 32446
11322 12433 15969 17687 18899 22031 22334 25567 27386 29507
16810 17510 20171 23952 27313 29133 30814 33614 36555 42016
21819 26451 30891 33208 38420 39771 43052 49808 53862 56371
22825 26531 30431 33162 36477 42718 42913 47009 52665 58125
20074 22010 26939 31516 34509 36621 39790 44014 46303 52287
18430 21304 26882 29249 33813 37024 38545 43954 46828 48011
18877 24931 28313 29203 33120 39173 42200 44692 48075 52347
19590 23068 29108 30390 36613 38992 43019 43934 51072 53634
16858 18010 20459 24636 26796 30109 32558 37455 40047 41199
14425 16602 20683 22860 25444 28301 32654 34694 38095 38775
16545 20680 24020 27996 30540 34834 36266 40241 41991 46761
19990 22330 27551 29172 32952 38173 42494 44114 48615 53656
14288 15256 18161 20098 22881 25907 28812 29780 32564 34379
15378 17962 20139 23268 25036 29117 32518 34014 37959 39455
11998 14267 15347 18480 19452 22153 24530 27447 29067 31227
20962 26783 28529 32410 37455 40559 43858 47738 51813 58022
19809 25552 31097 35454 37236 42583 46742 50306 52485 59415
11560 13450 16706 18177 19017 23008 24059 26684 27315 30465
21570 25294 28823 35292 37056 42937 44310 49014 51759 54895
19250 24061 27576 31092 33868 37753 42194 44414 48485 54221
17110 20561 22361 25512 27012 32413 33013 39014 40965 43815
16642 19722 23265 25730 30043 32045 36974 37898 41749 43597
19446 20994 24607 28908 33381 34757 39058 43874 47831 50927
16798 22668 24624 26418 30004 32776 37504 40764 44677 46959
17014 20602 24815 27624 30277 32617 36362 37922 40575 44319
21549 24808 27704 30058 35126 36756 42911 45083 49790 53229
21556 24391 28361 30252 34977 38002 41593 48020 52935 56716
18030 21090 25171 28912 31122 34523 40474 41324 45745 51016
15089 19296 21471 25097 26547 30028 34089 36989 39745 41050
11509 15306 17721 18987 22553 24393 26579 28419 30145 34286
21047 24328 29154 33015 37262 38806 45369 50001 51546 57143
16930 19187 21302 23982 27931 28636 31174 35687 36816 39495
13118 14278 16367 19152 21821 25069 27274 29943 30987 32611
11019 13141 14151 16475 18799 20920 23244 26073 26376 28598
22665 27591 28182 32122 39413 41580 46506 50446 51234 58918
12442 14885 17438 18105 21102 23878 26321 26654 28986 32649
11762 12698 16131 16860 20813 22789 23518 26222 28407 29655
14890 15510 18239 21712 24689 26921 29154 31014 33122 36843
22398 25487 30505 30892 35524 38613 45562 49615 52704 54248
19315 21790 25421 28227 32022 36313 39449 39944 45225 46215
17290 17578 22043 23196 28093 29389 31837 36878 39471 42639
12189 16135 18339 20196 21008 24025 26694 28086 32263 34583
20251 21462 25096 30806 34267 37727 39112 42399 45687 50877
14878 16517 19919 21684 24205 25717 28616 30380 33531 35421
12550 15515 16883 18936 21102 23155 26120 28400 31365 32961
15690 19191 20451 23392 27313 29693 31374 34454 39215 39215
19098 24770 27038 31764 36679 40459 41783 47264 49911 54447
13457 15480 17504 21313 21432 24408 27146 29645 33097 35239
23530 25686 30195 32940 39017 39997 43133 47054 52151 58228
14524 14770 17231 20799 22275 25474 29165 31625 33840 35931
12400 13240 15866 18072 20698 22693 24164 27314 28365 29730
20595 24354 28651 31337 32948 37961 42974 44585 49598 51209
14155 16739 18830 21660 22767 26212 29288 29534 32364 35685
14640 15970 18897 23686 25017 27145 30205 32865 35925 39783
12436 14616 16034 19523 21159 22794 25084 27373 29445 31625
20290 22318 26882 29925 32291 35165 38376 41250 45814 50377
10809 14915 15563 19128 21073 23557 25610 25934 28311 31659
23256 26803 27591 31729 39019 39413 46112 47294 54190 57539
19873 25223 27133 31718 36685 41269 44135 48910 51203 54641
21250 23411 25391 30432 35653 36193 39614 44114 48615 50955
20484 24580 28871 31797 36282 42523 44084 47984 52275 58126
17232 21183 22447 28294 30507 33035 36196 40146 43465 45361
21700 25084 30856 35832 39017 41007 47376 51555 53347 57128
21784 25413 29234 34010 38022 40123 42797 46045 50821 56360
21818 24450 29715 30844 36108 40809 43630 46262 52467 53783
12249 15971 18131 20172 22212 25093 28574 29414 32655 34215
12330 14860 17171 19702 19812 22123 25864 27624 30705 32355
13695 15421 18181 20252 21057 24163 25428 28879 30375 33250
20904 26079 28667 33842 39813 42201 46779 51356 52949 55934
11236 15162 16579 18106 20286 22576 24211 28355 30317 31080
18729 24851 26651 28812 32952 39614 41594 44294 46815 51315
19480 20305 25256 29217 31692 35158 37634 42914 42914 48690
11545 13786 16587 19500 20508 23869 25998 29135 30703 32943
17911 21125 23114 27093 30307 33214 36122 38723 40559 43467
15650 17690 19731 24356 26397 27213 32110 34150 37823 38095
13582 14394 18223 18920 22865 24605 26810 28318 31103 34119
11035 12925 15971 17127 19227 22799 23429 25949 28470 29730
10816 13171 16810 18630 19379 23446 24303 25908 29547 30296
11545 15579 17819 20172 20396 22861 26670 28350 31039 32159
16290 19102 23692 25764 27244 30649 32721 35682 40863 42787
19401 24010 27275 33804 37453 38797 42446 46286 50895 56656
18970 21183 23395 26082 28610 34141 34774 39672 41253 44255
16961 22505 22994 26581 32124 32776 36526 39623 43373 48590
14218 15754 18187 22412 23436 26253 30478 31502 33935 37904
15578 17385 19610 22808 25588 29759 31150 35877 38935 40464
12351 15377 18766 19372 23971 25423 27481 29296 31959 35106
17260 19210 23861 26712 28212 32413 35114 37364 41565 44265
18490 21850 26387 29748 30420 35797 39158 42686 44031 48231
18540 20410 26531 28232 32823 35203 38094 41154 46595 51016
21670 24900 29271 31172 36682 41243 42763 47894 52645 55875
16810 19611 20451 24372 26332 29413 33474 34734 37115 40335
17124 21526 25602 27885 32613 34406 39134 41905 43046 47448
13644 17695 19316 22287 24312 28633 31874 34574 37815 39570
17280 22925 25661 28740 32161 34897 39002 43962 44646 49263
17410 18425 20746 25822 26692 29883 33074 35394 39600 41050
10614 12715 15446 18282 20803 22483 23849 25739 28680 31411
14570 18081 19251 21332 23802 26663 28743 33685 35115 38105
15466 17536 19331 22644 25956 28165 31616 35757 38103 40587
13114 15689 17444 19551 21657 24700 25988 28913 30903 33828
14698 17690 19459 23812 25444 27757 31294 34286 36599 39047
14869 16139 18045 22745 24269 27191 29097 30621 34559 37480
21556 23446 29117 33087 35923 38758 41783 45374 49344 53880
12509 16636 18011 22012 25013 25013 28764 32264 35015 35015
17334 21460 25751 28557 33013 34498 39449 41594 45720 46875
17594 19635 23561 26859 28586 31727 36752 39578 41934 46802
20300 24832 28379 32714 37640 41974 47097 49855 53205 57145
13154 16007 17743 20100 23325 26549 27666 30642 32379 36472
23810 24410 30011 32212 40013 41813 44614 49214 53215 57615
15535 17425 19316 23772 26608 29443 31199 34439 36465 40110
14530 15014 17314 20945 22882 24334 28207 30506 31717 35347
16469 18583 21906 26135 27343 30817 33536 36556 39879 44108
12664 13996 15773 18660 20436 22768 26654 28763 30429 33315
16798 20711 25439 27233 30657 35221 36037 39297 45329 46470
11331 15551 16994 19659 20214 24433 26099 28208 28875 31206
15350 16390 18471 21072 24583 27833 30954 31734 34465 38365
19579 23380 28321 32312 36872 41813 43714 48844 52835 56255
16366 17071 20174 24123 27367 30751 33854 35546 38649 39636
22514 25230 30469 34156 37454 39783 42887 47544 53947 57827
21130 23770 27643 31692 33980 35565 38909 44014 48943 51407
12331 13330 17217 18771 20103 22213 24656 26654 29097 33205
21626 23170 29733 33787 37647 39578 44983 50194 53669 57143
22708 26977 27171 32216 36290 42305 45216 47544 53171 57827
19937 25391 28023 32536 34416 40245 42502 48142 49083 55099
15609 20447 24660 24972 30901 31369 36362 38390 41355 45567
10816 13814 15098 18951 20022 22483 23554 27193 28477 30510
16586 19250 21915 26356 27540 30057 34350 37902 38495 43231
10513 13949 15262 18192 19809 21021 23041 25870 27891 29002
22012 26838 28961 33401 35138 40929 43439 46913 50388 55020
16330 19051 19595 24220 24628 28437 29933 32790 35919 40680
14814 19610 19751 24828 26661 29905 33290 36392 38226 41469
21860 24140 30221 32692 35162 39533 45424 46754 49795 56065
16545 21851 23411 27780 30745 31993 36830 37454 42915 46347
18559 24511 26436 28361 33262 38163 40789 43589 48665 50240
12981 14071 15816 18542 19741 23993 25956 28354 28354 32388
19848 24035 25855 32226 33136 38233 41328 44058 47881 53888
11776 14109 14957 18032 20789 22379 24712 26302 28635 31073
18290 24989 28790 29334 33859 36937 41825 45988 49790 53229
10617 14189 14597 16740 19597 21127 23066 24800 28065 29595
15697 19102 23099 25912 26800 30945 33462 37902 38939 43823
20938 25931 27083 31500 34956 38989 43022 48783 51279 57424
16129 20626 21866 25587 28997 32253 36594 37679 43260 44965
22123 23446 29495 32898 35544 41593 42349 47453 49154 55959
18266 22016 25603 26907 29352 33754 37178 39460 44025 45655
18997 22758 27835 31784 37613 38177 45134 48518 52655 56227
22746 25098 30587 34900 36860 41761 44702 48818 50974 57247
14709 18091 22796 26031 27648 31030 34412 36764 38529 43822
20530 23590 27371 30792 34032 38173 42674 46094 47715 52755
19008 19491 22551 28348 29314 34306 36883 40908 44451 47188
13683 17426 19361 21297 24393 27361 30845 32393 35103 38328
19435 24336 26436 30987 32912 37463 39739 43939 45514 50590
17741 19678 20871 25640 29515 31303 34731 38158 40394 44119
13816 14406 18183 20190 22314 25147 28098 30458 31993 35297
18948 23728 27269 29571 35236 35413 41963 45680 48159 53115
12956 16587 18766 21429 23970 26028 29054 30022 32927 36073
18050 22151 23627 28876 29532 35437 36750 42327 43147 46591
20542 23906 24968 29040 32049 38068 41963 42671 47805 52230
13683 15014 18524 21550 24213 24455 26754 31353 33653 35710
15562 19338 21302 25833 30213 30364 34442 37311 40936 43956
22025 22580 27576 31832 35347 39788 42194 45894 49595 54590
19014 23903 25894 28972 35489 39833 40558 45445 48704 51962
11776 14745 15169 18032 20577 22273 24500 27468 28317 29695
18699 24041 25821 31518 32586 36681 42556 45582 47007 51101
20101 25351 27342 31868 33678 38023 42368 45445 49971 51781
18313 23947 24651 31340 35037 36093 41550 43310 48415 49471
17776 21037 25602 28374 30982 34406 37341 40112 45655 48100
16800 18844 21619 25708 27314 29213 34324 35492 39289 42647
13779 18911 21071 21882 25662 28093 32279 33359 36060 39840
13090 15377 18553 22872 23380 26810 27954 32018 33543 37735
21790 23770 30305 35256 37038 42979 44366 48920 53871 56841
10617 12760 15005 18372 19699 22147 24188 25820 26841 29289
12305 14394 17643 19848 21356 24721 27158 30058 30755 34119
12533 17123 19727 19976 24813 24937 28782 30766 33991 36223
20175 25541 27206 29797 35533 37013 42194 47930 49965 52185
22099 27672 30060 32051 36628 42201 46580 50958 54342 55735
19330 19491 22712 26094 29637 32857 37849 39459 42680 46061
13941 17038 19748 21039 23877 27748 30200 33038 36006 37038
12489 14530 17891 20892 21732 25453 28814 30734 32295 35655
21192 23506 25643 32052 33832 38461 42734 43090 47007 50923
22194 23698 30091 33288 37613 40621 42877 48894 49082 55663
13491 16642 18533 22566 23322 26095 27733 32648 35295 36933
18658 20674 26051 29580 31932 36805 37982 42518 44703 49239
18446 23639 26145 32232 32948 37603 42795 43690 50135 50314
16966 21049 23404 26545 28900 33297 35810 37851 43661 46016
22474 26123 28619 32268 36493 38797 43982 48206 51279 55503
19435 22395 26096 31277 35903 40714 41639 46079 49780 52370
10923 13474 14393 18168 20209 21841 23678 26024 27555 29799
15130 18641 19586 23772 24717 27688 32414 34709 37275 38625
16025 21263 23419 27578 27732 32353 33893 39284 41133 43597
14960 16390 19381 23022 24583 26663 30564 31214 34465 37065
17490 18402 22507 26004 29349 30565 33606 36646 42119 43487
20610 24810 28211 34212 37013 40813 46614 49014 52215 57016
16510 20711 21611 25212 29713 30313 33164 36464 40065 42765
20169 25546 28235 33612 38029 41485 45902 47054 50703 56271
12421 14858 17411 20660 21008 23561 27042 29826 31219 34351
18241 22887 27015 29940 32520 35445 40950 42498 44907 50067
10816 12433 15868 17687 19405 21122 23446 24860 26881 30316
12909 17942 19232 20781 25555 28393 30200 31232 33942 36135
15378 18643 21227 21908 24628 27213 30750 33334 36327 40544
15953 19231 21169 26385 26981 31005 35476 35923 41139 43821
20121 20290 25023 27390 33137 34827 38208 43955 45138 49532
15960 19876 22921 23357 26692 31043 34524 35829 38005 41195
21156 24454 30664 31052 36485 42694 45022 47156 51037 54917
21900 26478 28866 32847 38221 43594 47177 48570 52551 58720
14452 18171 22033 23893 28613 30329 31473 36193 39197 40341
12109 15983 17556 20582 22276 24576 29054 30022 31959 34500
17349 20920 24151 27552 33673 36563 37924 41834 47445 49826
17410 20111 21461 24312 29113 30463 35114 38564 41565 43515
15337 16385 19661 22020 24378 27261 30799 31847 34599 37612
23210 27610 30411 35412 39012 40013 47814 51014 56015 59015
13725 16139 19823 22491 23253 27699 29351 32145 35448 37226
21610 22150 26291 28992 34573 37633 43034 46814 47355 52755
19900 21260 25171 30612 33673 35373 40134 43364 44554 48635
13186 16847 18067 21728 21972 26609 26975 30026 32345 35273
17273 21923 25077 28398 29892 35869 37198 41514 45333 49484
21460 26921 29456 34137 35892 39988 43303 49544 54030 58515
22514 26589 27365 31440 37455 42305 44246 50066 51619 55887
16858 19450 21755 23483 28381 29677 34430 37454 37598 42495
14319 18506 21206 22692 25257 28633 31739 33764 36330 39165
18730 19978 22787 26376 29184 34177 36206 38234 41511 46035
15080 17820 20424 22617 27413 28783 32072 35086 38238 39882
21178 25294 30980 31568 35684 42349 46074 48622 51955 55287
12130 13241 15868 16273 19607 20213 22536 25466 26780 30215
18709 26191 27313 31615 37413 40031 43024 48634 52188 54245
11780 13064 15740 17667 19379 23018 24624 27299 29333 32009
11890 15023 15995 18696 19992 22153 24746 26042 29283 32416
10825 13607 16389 16595 19067 21437 22983 25352 27619 30195
15418 17434 20891 24348 26509 30397 32414 37167 37599 40623
17125 22179 23320 26255 30331 33428 38808 41906 42721 45655
11018 14944 15707 19087 20178 23994 23994 26610 28355 31189
19593 24779 28235 32076 37069 41101 43214 46670 51471 53967
16734 19398 22063 26356 29317 29909 33758 37902 38643 43083
16685 20166 20601 24517 28288 30463 34379 35104 38440 43225
14329 17813 18587 22845 25555 25942 28909 32909 36135 36780
11648 15379 15944 19561 21483 23743 26456 28716 29621 33124
20209 24210 29211 34412 38413 43813 44414 51615 53815 56815
11455 14606 15446 18807 20278 21223 23113 26054 29310 30045
21122 23488 28949 29314 35139 36413 43512 45150 47881 53159
18313 22362 26587 30460 31692 35741 40494 43838 48063 52640
17668 19612 24635 26094 29334 34519 36626 41162 45375 47319
19682 24458 27706 30763 37831 39741 45854 48337 51203 55023
15080 16861 20150 22069 25494 28646 31524 33579 38238 39471
15270 18490 20871 24932 26892 28713 33334 34734 37815 41035
12937 16779 19211 22028 24845 25997 28174 31118 33551 38160
12074 14363 16651 16859 20501 21749 22997 25598 29135 29759
11609 15787 16715 19616 22169 25069 25766 28434 32031 32843
11988 14248 16961 19787 21031 22613 25439 27699 30977 32672
18602 20096 24579 28066 31387 35703 39522 40020 43175 47989
20302 23685 25643 31340 32586 38461 42022 44336 48075 50567
20205 26939 28523 35058 37434 43573 45752 51296 54663 57237
18347 23885 25961 29422 32190 38073 39112 43783 44995 49320
17809 24753 26533 31874 32764 37749 40954 44514 46295 52881
18602 20594 24911 28564 32715 36533 39854 40518 46329 47491
13108 14642 17357 20662 21724 23967 27036 28806 32583 33527
12533 15386 18487 20100 23821 25805 27294 30891 32379 35604
13853 15885 20077 20458 25159 27699 28843 32145 35067 36591
20170 24131 25391 29532 35653 38173 42674 43754 46995 53656
22550 24510 29803 32352 37644 41565 45290 49602 54895 56071
16839 22781 24926 28062 30702 34333 38129 41924 45060 47205
12100 15039 17526 20352 20465 23517 26908 27812 31316 33350
12322 15629 17567 18936 20874 24181 26006 29426 30339 33759
19476 23635 29685 30252 36868 38002 42728 49155 50289 53691
19883 22723 26230 28402 33079 34415 39259 41764 44269 48278
18306 22925 25148 30279 32160 35239 38660 44132 46869 49434
17290 19451 22763 24492 27228 29533 32701 35150 39039 43215
13725 17537 20331 21602 23380 26810 29605 32780 33670 37226
18160 22616 25256 27072 31527 33343 37634 40934 46050 49515
14944 16909 20971 23068 26082 27392 30668 31847 34336 38136
20915 23875 28131 32387 34422 39603 43859 48114 48669 53480
11025 13078 16643 17400 20749 23341 25070 28095 28959 31011
15168 17313 21175 23321 28613 31044 31760 36479 39626 40198
19665 26282 29495 31953 35166 39514 44240 46886 51612 54825
18729 24131 27551 31512 34032 36373 39613 45554 48975 54016
23176 27533 28127 33078 37435 41395 44564 49118 51495 56445
13350 14510 16367 19616 22168 25185 27274 29710 31915 32611
18890 20490 25451 25771 31853 34093 35213 41454 44015 45135
19081 22668 22994 26907 30820 33265 36689 40438 43699 48101
12330 13210 16511 18162 20032 23883 25424 28615 30045 32025
14209 19039 20459 24010 28413 30259 31822 36509 36935 40911
18613 19726 24974 25610 30699 33244 36425 41036 42627 47715
13462 14602 15971 20304 20988 24523 27146 28286 31593 33075
13618 15634 19794 20172 23070 26599 30128 30380 33279 35295
16474 18973 21914 26031 26619 31324 33677 35882 38382 42792
11874 14926 16735 20126 22613 22839 25891 28151 31316 33689
20719 23551 27800 30102 32049 38068 38953 44972 48336 50991
11410 13310 15811 17812 19212 20313 22614 25314 26415 29115
12778 13786 16699 19052 21292 24317 25214 29022 29359 32831
17558 21987 25103 27236 30844 32813 38718 42163 43967 46263
19873 26369 28088 33437 37258 38404 42798 48719 49675 54832
17009 22961 26021 29082 32142 37073 38774 43704 44385 48805
13199 14651 18040 20340 23729 24818 28691 31475 31959 34621
14200 16006 18587 21684 23490 26974 30200 33296 35490 38199
18098 20531 23115 26156 28284 33301 33909 37406 41511 44247
21055 24533 27644 32769 33684 38626 40822 45398 50523 53451
13366 15382 17777 22566 24079 25843 28364 31514 33279 37060
18769 20966 25868 29080 33475 35672 39053 42264 46828 49025
15159 21011 22661 24462 28813 30163 34664 36314 40815 43065
21290 25660 29651 30791 35732 41053 44854 48274 50935 56255
14248 15508 18785 22188 22944 25717 28868 30632 34035 35799
19014 25170 26618 31144 34221 38385 41825 46893 49971 50876
17065 22971 25103 26252 31173 33797 38882 40194 45443 46919
18525 22551 25449 27704 28992 33501 38332 40908 42035 46705
14884 17296 19843 22524 24802 28555 30164 33514 35793 39680
14507 18498 19562 23420 24617 27012 29806 33264 35127 39117
16509 20966 25587 26412 31363 34168 36314 40770 42915 46380
16250 17990 21326 25242 27853 29013 34379 36409 38585 43080
11241 13510 17291 18696 20965 23773 24097 27770 28419 31443
16225 19751 21725 22712 27931 30751 31456 36674 38226 41187
11031 12370 14946 18037 19068 20819 23498 25765 27722 29061
18098 19922 21899 24636 30261 30717 35278 39230 39687 44855
17559 20135 24000 28509 31086 35272 36722 39137 43163 48154
15914 17618 21027 25288 26850 29833 31963 35656 39633 41479
13466 15671 17527 19500 22053 23329 26230 28782 30639 34700
13090 13308 15707 18760 20395 23666 25411 27264 28573 32716
11874 15266 15831 18091 22500 24647 26795 28377 31542 33463
11332 14087 15515 17964 18576 20413 22964 25412 26535 29697
16290 17918 23099 25024 28577 29909 34498 37162 39087 42195
15250 15377 20077 22872 23126 25921 28207 30875 35321 37480
10311 13372 15821 18066 19800 21229 23780 26534 27963 29697
20989 23257 27983 31197 36490 39703 44429 45563 49344 54636
13690 15286 17795 18822 22357 23155 26462 28742 29996 34215
16621 20297 20591 25590 26619 31912 34118 36029 40881 42057
18410 21931 23051 28652 31533 33933 35693 40014 41935 45615
15309 20207 22349 25410 28470 33673 34592 38723 40254 45457
18804 23280 27935 31874 34560 37066 42616 45122 48166 50135
10809 13310 15511 17612 19312 20413 24014 25514 27115 30015
11970 13925 18182 18987 22553 23243 25774 28764 30260 32790
15856 17246 20583 22530 26840 29481 32123 34208 38518 39908
20250 24299 27995 28171 33628 38381 41550 44894 45774 50175
14109 18764 20033 22571 28213 30328 33149 36251 38085 40764
13699 15454 16742 20487 23062 23647 27743 28562 30552 34296
14970 19051 20683 22316 24628 29933 31702 33198 37007 38775
23334 26862 30783 34900 35684 41761 47054 48034 54699 57443
18593 24114 28163 32396 34604 40309 42886 47670 48775 54479
13120 15421 17376 20367 20712 24048 27614 27844 30835 33825
12046 13679 15719 16740 18474 22453 23576 25208 27045 28881
15850 17290 20315 25788 27661 29821 31982 36590 38895 42784
17818 21515 24539 27564 30757 33781 39662 41679 43695 47559
17390 21341 22921 27978 29084 31613 35722 41095 42517 46783
12835 15377 18282 21792 21792 26270 27481 31475 32201 34258
11245 14745 15487 18350 19728 21213 24394 25984 29271 31179
16766 18044 20743 24152 28129 29975 31395 35798 39491 41621
13417 16862 17969 20184 23752 26704 28673 30887 33963 34947
10618 14431 15976 16492 20613 20716 24528 25558 27001 29885
15466 17950 21815 23196 26094 30373 31202 34238 37689 39621
11665 12610 16076 18912 19542 21958 24269 25739 28155 30150
16309 19570 24298 27070 29352 35711 36200 40765 44025 45981
18549 22330 25211 31872 33312 38893 41234 44114 48255 53296
13338 15243 15691 19836 21404 24429 26222 27902 30815 32047
12925 15262 17354 19938 22768 26705 27443 31257 32979 35932
17034 21291 21291 25396 27828 32085 36494 37558 41055 43791
19730 20580 24661 28402 31632 35033 38774 43705 45915 48805
18160 21791 23441 27072 29712 33508 36479 40439 44895 47536
11673 14991 16703 18523 19807 22590 24196 26015 28584 30403
19266 19930 23583 29394 32549 33545 38194 42344 44005 47989
18812 21024 23079 26714 28452 34615 37934 39198 43781 44887
17828 21981 26307 30114 31325 34613 41361 41534 48282 50531
16455 17742 20174 23464 26897 30758 33619 34763 37481 40055
12440 14971 17391 17942 20142 23003 24433 27514 29825 32245
17186 20987 24331 24788 30261 31021 33909 39382 39838 44551
18490 20030 22803 26654 29889 32199 35126 37898 41903 44675
11127 14291 15821 16841 20004 22045 23984 26126 28167 30309
16023 20892 22619 27487 31256 31570 37537 40520 42876 43975
12538 15090 18339 19036 22401 23909 26694 30059 30523 32611
21328 26191 28996 30493 35168 38722 42463 48634 49944 54245
20300 26015 30152 31532 38034 42171 44733 50446 53205 55569
16908 19323 22021 24010 25714 29123 32816 34662 39207 42615
17977 21953 24974 27360 29904 32290 35788 41036 44058 44694
15883 17885 20889 24465 26324 31044 33762 34763 39769 41628
18145 20781 22331 27292 28067 32253 34734 37834 43105 45430
22006 23886 28963 30844 37237 40057 41374 45134 50211 53219
12709 16520 20077 22872 24269 26175 29478 32526 33543 36591
14425 16466 19187 23812 27213 29933 31158 34286 36191 38231
11423 12938 14959 16778 20112 20516 22739 24961 27083 29709
14410 15250 17771 20172 23052 25573 28454 29654 32055 35895
13841 15970 21292 21425 25549 26746 30072 34063 35792 38585
17897 23403 24435 29940 33037 35789 38369 42326 48003 51272
14048 17802 21834 23920 25727 29759 32679 35459 36711 40186
20197 25883 30195 33136 37645 41565 43918 49995 51563 54895
11882 14109 15805 17714 21213 21319 23439 26090 28211 31710
20103 26211 31137 35472 37442 40398 45127 50840 54190 55175
19274 23575 25639 28564 31144 35445 40090 42326 47143 50411
18686 20940 25449 26093 31408 33662 38332 39298 43163 47671
20307 25283 28070 35434 36230 40012 46779 50361 52949 58522
16609 19930 26240 29228 31885 33213 36866 42012 46329 47823
17930 20810 24331 27852 28812 32493 37134 41134 43695 47535
11034 13427 14571 18212 18732 21541 22894 26743 28095 29655
14184 17020 20666 21882 25527 28633 31874 34979 36060 40245
17793 22925 25490 28911 32502 36607 39686 42935 44988 50631
18478 20701 24293 28056 31305 34555 38831 44475 44646 50974
14109 18199 20879 23136 28213 29341 31880 35405 37803 40764
20836 23150 25999 29738 35613 38995 42200 46116 47719 51813
13108 14995 17549 17993 21435 23878 25877 28208 30762 31983
11638 12556 16127 17556 19392 20821 23372 26024 27657 29697
21047 25487 27610 31664 34752 40543 43825 47106 51546 55986
14561 18098 21635 22043 26941 28981 31021 34830 37279 39727
13644 16210 19991 24312 24987 28093 30794 33494 37140 38490
14602 15754 18955 22796 25485 26253 28173 30990 35087 36495
13465 14869 17327 20721 21774 25402 25753 29498 32424 33360
19090 21953 24179 26565 31813 32290 35629 40718 43104 45966
16426 18442 21899 23772 27805 29677 33422 34574 39471 40911
13779 18101 20126 22557 24582 28093 31874 35114 36060 40516
18613 19249 23543 27996 31177 33244 36584 39287 42309 44694
13674 15382 17945 21362 22338 26731 28318 30758 33809 35151
17343 22205 25445 26742 29982 33709 35653 39380 45051 48616
14595 17599 21604 23607 26181 29757 34334 34763 37338 41343
17881 20296 23195 28992 30119 33179 36883 41875 43968 45900
14926 16774 18887 22452 26413 27865 31430 33014 36843 36975
20394 22578 27493 30224 34593 39143 42784 44786 47881 51339
11553 15218 15884 19770 21991 23878 26654 27098 29874 32871
13449 16266 20363 20492 25357 27789 28301 32782 34319 36367
15967 21815 22605 25924 31297 32719 36038 40936 44255 44887
23290 25424 28529 31439 38037 41529 45022 49678 52007 55887
18694 23712 25442 29422 34094 35997 38074 44130 44995 48628
13441 15498 17798 20461 22518 24939 29054 29780 32201 34016
16090 17028 19441 22792 26813 28689 29627 34586 35257 39545
18378 21494 25431 26415 32813 35765 38390 40850 45771 47411
11120 12837 14151 16475 19304 20920 22436 25668 26982 30316
22410 26410 30811 36012 37412 43413 46614 48614 53415 58615
12660 13810 18412 20482 21978 25083 25428 27959 31180 32330
19909 24686 28667 35036 37823 43395 44789 49963 54740 57924
18706 21002 25103 27400 30188 34289 36422 40358 44623 45935
17186 20227 23723 26156 27828 30413 34062 38774 39535 44856
19946 21726 27957 30984 33476 39173 42378 43268 48965 51279
17258 20801 22033 25576 28810 33277 34047 39901 41287 44059
15089 17555 21906 23647 26837 31333 33944 35829 40035 42500
13810 15536 17031 19102 20827 25313 26694 27614 31755 34055
19042 23068 25631 30390 34966 39359 40274 44666 48510 53086
16909 20797 25868 30263 30432 36348 40067 42771 46659 49532
17482 21635 27173 28384 32364 34613 38593 43611 46206 49493
18706 21494 25431 26743 31172 35765 37241 42490 45935 48231
17770 18658 22063 23692 26652 30353 33166 37310 40567 41899
18768 21258 26405 29726 31386 36533 37031 43008 43174 48487
18203 21585 22712 27382 29475 33179 37527 39137 42680 45900
19109 25222 27515 32482 37449 41651 44708 49483 50248 55787
19491 25032 28279 31527 35539 38786 42225 49293 50821 54832
12654 15787 18224 18804 21008 23561 26926 28434 30523 33888
10909 13510 15611 17512 19913 21213 22713 25514 27815 28615
17449 20010 23211 28812 31373 33933 37294 40654 44015 47375
14882 17802 21000 23642 27674 30037 32679 34486 36711 40603
16530 16810 22271 23672 27033 29133 32354 35854 38935 39215
16313 17821 19739 24535 24946 27413 31250 33031 37005 39745
12836 17537 20077 22745 24523 26937 28715 32907 33542 37734
15237 19046 21725 22712 26097 28213 33431 36251 39495 42174
19905 22500 25788 31152 33575 36689 39111 43437 45340 51915
21367 24013 26660 33087 36679 41215 45374 46130 49722 53691
12249 15491 17891 19692 22813 24253 26414 30975 31335 33975
15970 18365 20360 22356 25149 27810 29806 31934 34994 39650
17451 22411 25490 28911 31989 35752 39173 44475 44988 50803
18135 22582 26003 30792 34042 37462 39857 41909 47040 51315
17490 18706 23875 25396 30109 33301 36494 38926 39838 45311
21130 23818 27083 33612 36877 40141 42830 49359 50703 54543
10412 13848 15363 17384 19405 20718 23850 24759 27487 28699
16810 18630 21291 24092 26892 30533 31233 34174 39215 40755
17886 20182 25759 29204 30024 35437 38062 39538 42983 49052
13219 14440 16106 19326 21547 23656 24877 28652 30207 31539
15379 17917 21866 22854 27931 30610 32021 35405 37662 41328
21850 26921 28091 33552 37257 42133 44474 48374 53250 56760
12000 13526 16579 17452 19632 23994 24212 27373 29772 30644
16487 19568 24651 26346 29426 33739 34972 36974 41133 45445
12610 13345 14921 17337 20803 22798 24794 25844 29100 29415
11244 14563 15526 18095 20343 23339 24517 26122 28798 30296
17186 19314 22659 27220 28740 32997 36038 39078 41967 42727
13309 16635 20227 21425 25150 29140 31003 32865 36457 38053
11826 14518 16391 19317 23062 23530 27977 29265 30669 32892
12753 16177 16649 18891 21606 25383 27744 30104 33055 35061
13846 17958 21383 23439 25494 28920 30291 33305 37553 40294
18675 24715 28376 32952 34416 39724 43568 45764 49242 52719
14752 16264 18911 22692 24079 26725 27733 30254 32901 37438
18970 21973 23079 25450 29874 34299 36354 38408 41253 47099
15270 17370 20171 22692 27593 29693 32914 34734 37115 41876
18009 24671 26651 32232 33132 38713 39974 43394 47355 53296
16179 21109 23573 25884 28964 31429 36512 37898 42211 45291
20011 22843 26207 31695 32757 37537 41078 43379 48690 52407
12331 13552 15773 19215 21658 22324 24656 26876 30096 33205
20758 24398 28403 32226 33318 39689 41691 44968 50611 53159
17609 24475 25883 29756 32572 38733 40318 44894 47535 52287
15400 16345 19721 23097 24717 28498 31469 33089 35250 40381
21480 24710 26801 32692 35732 39723 43334 49034 50365 56826
18910 22585 26436 29762 32912 36763 38688 45164 47265 52165
14425 17962 19595 22180 26669 29933 31158 33334 36599 40544
17828 19489 22208 24171 29760 32327 33989 37462 41993 43503
21170 23562 26323 29452 34973 39941 41230 46198 50615 53191
15956 17698 19575 22926 25472 27215 31772 32978 36061 39277
20302 23863 27423 30984 32230 35791 41488 45582 46651 50745
18833 24808 26618 32049 34584 38747 40014 46532 47075 51419
13870 15760 19667 22188 22818 27103 30002 31766 34161 37185
15815 17410 21036 24952 26982 29013 33364 37570 40035 42065
19434 24060 27761 31832 36458 40158 43489 45339 49780 54405
17181 21634 22430 28632 31813 33562 37061 40400 43104 47397
15956 18235 20647 21720 25606 27081 31102 32576 37267 39679
17897 23747 25467 29768 32693 36305 39574 43014 46283 48347
12533 15262 17619 22208 24069 26425 27914 31882 33743 35975
21860 23760 30221 33642 34402 38773 42954 49034 51315 56255
20255 25222 27133 33437 37449 39168 45472 49101 52731 56169
10209 12310 15111 16312 18112 20113 23214 25915 27015 28815
21209 25210 29011 33212 38613 43413 47814 51815 52215 57215
17519 22621 24831 27552 31633 37414 39284 42174 44215 48295
20250 23242 27819 29580 32572 38029 41198 43134 49295 52287
18880 23641 25001 30102 34013 36053 38433 42684 45575 50505
12294 14401 18146 19902 21540 24700 27041 28211 31722 34882
12109 15551 16328 18327 21658 23767 25211 27542 29985 32649
19562 23699 28023 31032 33853 37801 41938 45134 51527 53032
15400 18100 20396 22827 27013 28633 32144 34709 35654 38625
13118 15492 17639 18205 21143 23630 27021 28264 29847 32333
15309 18370 21584 27399 30001 32602 36581 39794 41784 44997
11554 14155 15507 18420 19876 22893 23205 25078 28719 30487
10409 13411 14011 17212 19012 20413 23714 25714 27615 29815
18809 25767 26895 30468 36485 41185 42314 47202 50963 53219
16105 19876 21471 23357 28868 30173 33074 35684 38005 43081
14240 18365 21158 23021 25016 28874 31269 32067 35127 38053
12545 13308 17233 19087 20940 23884 25629 28354 29990 32715
14709 17650 22271 23532 25772 29553 32494 34034 38235 41736
18279 21412 24371 30810 34117 35335 41252 41948 48735 49083
14122 15508 19793 21558 24709 25339 28616 32522 35169 36681
20485 21010 26261 28012 34838 37113 41839 44289 45515 50415
22205 26258 30698 33208 37261 42087 45948 47106 53283 56950
15717 17385 20583 23225 27535 28091 30871 36154 38518 41437
19083 22637 28435 31802 35917 39657 41528 46764 51440 55742
18949 21604 24968 28332 34174 38422 39308 42671 49398 51700
18222 21206 24503 26545 29214 33611 35339 38322 43818 44289
11891 14180 16688 17561 21704 22903 25084 26937 29554 32279
22158 26470 31175 33136 36272 42349 45682 49602 54699 57835
17553 22887 25467 30456 34069 34585 40434 41294 47487 50755
10721 13916 15770 16595 19377 21025 23395 25764 27825 29267
21421 25631 28193 32769 35148 39724 42286 45398 50340 54549
15709 19007 24975 25289 29214 33768 36752 40364 42091 44289
15438 16103 19562 23420 26613 28741 30870 32333 36989 37255
20185 26589 27947 33380 35708 39395 45022 50066 53559 56469
20530 25031 28631 30432 33672 38713 41233 46634 47894 54015
19040 24231 25961 28211 33402 36862 38766 43264 47936 48974
16857 20134 23411 27936 30120 33241 36986 38858 42447 45879
13745 18643 21635 21908 25036 28573 30750 33470 37687 40544
15209 19922 23723 27220 27524 32845 35734 39382 41815 42879
18028 21417 22649 26038 30505 33123 34818 38052 41287 43289
13695 14730 17376 18987 22898 25083 25888 29684 30835 32215
11009 15191 15741 17612 20583 22563 24874 27845 29275 32686
14109 19469 22430 22572 27226 31033 31174 34982 39354 39495
16283 19602 25133 27504 30032 34457 36828 40778 41094 45361
18042 21746 24322 28831 31086 35272 35594 41069 42197 45417
13705 16650 18827 23052 25485 27661 28301 30862 35727 38415
17410 18716 21181 23212 26838 29593 32494 36990 37715 41920
14570 17090 20871 24092 26613 28433 32354 34034 37815 40195
12505 14606 15446 18912 19332 21958 23113 26054 29415 29940
17356 19267 21767 26325 28089 29413 32353 38234 38970 43821
13002 15691 17371 19500 22413 24093 24989 28238 29246 33279
20854 24135 27610 33787 36297 41701 42667 47685 51353 57144
15079 16587 21794 23850 25357 29468 32757 35634 37279 40156
12770 14200 15741 17722 22013 22893 25204 27844 29935 32135
17940 20874 26091 28537 32124 32939 37015 42231 44514 45981
22012 23363 30891 34752 34752 41701 45562 46913 51353 57336
14329 17684 20522 20781 23748 27619 29297 32135 35877 36651
18929 23919 26843 30456 31660 36477 41122 43702 48175 49895
11928 12332 16171 17586 19202 21223 22435 24860 27386 29305
11987 14813 17865 20126 21369 23969 25325 27473 31429 33237
17341 21157 23861 28632 30222 34516 36107 41354 41354 44694
11524 12736 15464 16273 19202 21829 23244 25062 27891 29608
19409 26201 31051 32022 37066 40171 44634 50260 53559 54529
14682 16254 20972 21889 25427 28178 30275 31454 35385 37088
14250 18482 22290 23277 25392 28777 33713 35828 37944 39636
12925 15508 18215 19815 23014 24736 29042 31380 32979 34947
17930 22411 23531 25932 31213 34573 35213 39534 44335 47215
13120 15401 15971 19506 20646 23383 25094 29427 30339 32163
21055 22336 27461 30207 35698 37894 42653 46680 47595 51621
11775 14885 16439 19770 19992 24322 24656 28430 29874 31095
14134 17171 19679 22320 24432 28393 30638 32222 34599 37767
15921 21383 22787 25284 28092 33241 37298 39950 41823 46347
15654 18188 22659 25044 26981 31005 34582 37413 41437 43225
13974 18099 20360 21425 26081 26879 30870 33663 36856 37521
21502 26876 30856 32648 39614 40808 45187 48570 53347 55934
12624 14745 16547 17183 20789 22697 24182 25772 27893 31179
11423 13039 15161 17384 19910 20718 22638 24860 27790 29507
16993 21125 23879 25716 30307 32449 35510 37958 40253 45915
17668 22205 24149 26418 29658 34681 36302 41648 43917 46995
22895 24288 29861 33444 39216 40012 47177 48172 52949 55934
17706 19444 23553 27188 29242 33351 35090 40621 43307 44887
18250 20531 24027 26156 27524 31325 34366 39534 39991 43183
19234 24575 28313 28491 34011 36503 40776 45938 48609 49855
15346 17192 22732 23016 26425 29407 31680 35656 38497 40343
13090 15162 17342 19632 20177 21922 25302 27155 30317 32061
19769 24901 28511 31742 35923 40103 41814 49035 49605 54355
19560 22110 24321 30272 33673 36733 40814 43704 44384 48635
19389 26611 30221 33262 35732 41053 42383 48654 51695 55875
16578 20987 21291 24636 28741 32085 36494 37102 41511 42575
20074 23066 27467 30812 32220 37325 40142 43486 46655 52111
12654 15555 17527 20428 21008 24721 27622 28318 31335 34583
12666 15018 17371 19388 22413 23309 26334 28126 29919 31375
12110 14311 16291 18162 19922 22123 25754 27845 28835 31916
14187 19471 19471 22530 27674 28230 31150 33652 36572 39909
16975 20311 20891 26112 27853 29013 32493 35684 38295 43080
21066 25391 28963 33100 36109 38365 43254 48706 49647 53219
15550 18910 21431 24932 26052 29973 33474 34874 39075 39495
23691 26080 29065 33643 37026 42400 44988 48968 52949 55934
19342 22564 27577 30800 33844 36529 40110 44943 48524 50135
14640 17832 20759 21424 24085 29140 31535 34594 35127 39383
15563 20030 23419 25884 30043 33893 34201 38822 42827 45599
17583 21760 26981 29766 34813 34813 38294 41774 48213 49083
20825 23540 28609 29515 34221 37661 41644 43816 48885 52867
12504 15004 18813 21194 22503 25360 26907 29050 33216 35239
18410 19850 24971 28652 31533 32333 35374 39374 42735 44975
12409 16254 19727 20844 23324 24813 29154 32254 34115 36347
22382 25014 29339 31408 34980 40245 41749 48142 52279 56039
23770 27335 28127 33672 39613 43177 46940 48920 52682 57435
22810 25210 31211 35012 39412 41813 45413 52014 54815 60015
17416 23333 23840 27897 31954 35841 40405 41757 44462 49532
17294 18337 22957 25193 28024 31303 34284 38009 41139 42033
23210 24810 30611 32212 37812 41613 48014 51414 54815 56415
21934 23446 29306 32898 34221 38758 42350 45752 52935 55959
22240 25661 27941 31932 35162 39913 42764 45614 51505 54735
13409 18637 20647 22658 25071 27483 29762 32442 36597 38473
16507 18058 20738 23277 26238 31033 33149 35264 38085 39777
12282 14996 17003 20426 22551 23849 26328 29042 31403 34118
16702 20447 23411 26064 28873 31681 34646 37454 40575 44320
18182 19876 22957 27732 28656 33123 35896 38360 43135 44829
14200 16910 20006 21555 23490 26200 28781 33555 34587 37554
13006 14146 18023 20190 22470 24409 26233 29654 31365 32733
20800 22690 26471 33843 36490 40270 44996 47075 52746 53691
21130 26699 27851 32652 37837 40909 43790 46478 51663 53775
14960 16520 19771 20942 24712 27963 28873 33424 35505 38105
12775 14995 16550 19437 20103 22768 26210 28319 30651 33315
18649 20530 23951 28398 33871 34555 39857 41909 47895 50632
15340 18991 22349 23664 27168 30527 33740 35784 39581 42209
13231 13796 17752 19448 21934 23630 26230 27586 31655 33124
13554 16264 19232 21555 25555 26845 28781 32780 34071 37296
17211 21387 23892 27567 31242 33580 37923 42767 44604 47276
14410 15610 18971 20892 23533 25213 26413 28814 32295 34815
16432 18088 20711 22506 25818 29821 30925 35342 37137 41415
14493 18044 22447 23442 28129 29265 33384 36650 38355 40485
11998 14050 17075 19344 19452 22045 23773 28095 28851 31227
23256 27000 30349 31926 38231 39807 43748 47294 51235 57540
