1000 10 10
4 67 51 73 67 86 101 46 69 76 29 0 18
3 100 53 21 48 29 73 63 79 66 34 0 13
7 30 84 66 32 93 85 44 87 65 65 0 32
6 89 25 66 100 72 67 69 23 92 93 0 30
10 91 100 66 21 49 41 41 42 36 66 0 46
3 69 87 57 52 100 75 53 86 87 66 0 14
5 84 32 95 32 43 56 31 99 76 34 0 25
3 38 29 42 94 76 67 91 64 81 56 0 14
8 66 37 42 53 48 45 31 83 65 28 0 38
7 92 92 30 34 62 22 90 56 58 35 0 35
6 88 22 41 90 94 100 49 27 79 33 0 26
8 25 26 85 40 75 60 96 41 52 62 0 38
10 54 60 45 96 42 26 33 62 56 72 0 46
6 95 36 85 46 96 51 48 99 99 98 0 29
4 52 85 33 28 52 88 73 42 85 34 0 20
10 22 67 37 47 98 90 25 41 31 76 0 46
8 84 29 56 49 88 76 76 83 80 100 0 37
9 31 80 44 84 85 89 38 70 46 88 0 45
10 90 85 61 23 26 22 68 84 84 71 0 46
4 54 93 35 79 36 48 90 57 32 42 0 16
10 86 29 25 58 44 71 29 40 76 60 0 47
10 30 34 53 25 46 50 63 83 72 99 0 47
8 74 56 91 92 27 94 54 44 91 45 0 37
5 81 53 65 80 22 79 98 60 98 46 0 21
10 71 101 28 59 63 58 66 29 35 52 0 47
3 98 90 84 53 100 54 37 44 92 45 0 13
9 38 36 55 79 81 47 47 38 76 86 0 44
7 63 96 33 64 90 41 94 64 98 88 0 32
7 91 26 51 87 79 53 86 52 80 91 0 32
10 96 51 96 75 86 93 34 92 90 69 0 50
5 49 74 62 81 68 22 66 39 84 59 0 25
10 45 32 95 54 41 41 41 65 98 42 0 50
7 41 63 56 82 80 54 72 97 33 71 0 32
10 59 63 93 40 31 64 97 90 38 55 0 50
7 46 26 87 55 87 76 65 48 27 32 0 35
10 34 64 44 76 50 34 86 77 74 99 0 47
6 93 53 92 49 58 86 57 62 39 74 0 29
6 36 48 64 68 46 93 52 84 25 85 0 29
9 75 47 89 79 67 50 36 45 60 32 0 41
3 78 22 48 50 72 99 30 67 22 92 0 12
8 57 75 49 41 47 31 24 20 92 28 0 36
6 32 50 37 62 76 45 99 91 81 24 0 28
5 83 59 89 49 61 74 79 96 48 81 0 23
3 84 64 62 25 72 83 38 35 73 96 0 11
5 50 27 46 72 61 43 88 36 95 29 0 25
7 80 61 44 21 64 76 28 85 24 90 0 32
4 82 61 92 59 94 74 84 57 27 32 0 17
4 48 71 89 29 85 86 23 22 100 43 0 17
3 72 34 62 94 28 26 46 37 74 99 0 12
7 33 91 45 57 63 49 101 72 92 59 0 34
3 57 57 96 47 22 73 55 100 85 75 0 14
4 48 98 35 46 75 82 34 46 52 23 0 16
3 99 28 36 51 25 30 79 67 23 31 0 14
8 25 54 34 71 27 94 61 28 67 63 0 40
7 66 20 54 31 25 90 86 76 42 73 0 34
9 23 20 25 89 38 87 49 68 92 92 0 45
3 22 91 51 97 34 45 60 86 76 78 0 15
9 42 35 49 52 49 74 72 25 61 42 0 41
10 95 46 70 83 77 63 87 77 31 66 0 50
6 71 57 80 89 29 93 22 57 30 69 0 30
5 50 60 44 75 41 37 75 43 95 83 0 25
6 94 77 61 22 47 27 68 24 67 67 0 26
3 38 22 84 82 22 39 30 21 65 92 0 11
3 93 23 46 24 89 75 36 50 55 54 0 15
9 95 83 33 60 66 41 66 78 64 21 0 42
9 25 64 53 29 48 44 74 90 46 82 0 45
6 62 26 22 56 82 57 42 92 75 68 0 28
5 94 76 97 69 49 54 87 27 78 64 0 25
3 53 75 57 62 33 90 91 82 32 100 0 15
10 24 57 98 67 79 68 55 33 80 48 0 46
5 90 48 90 71 56 39 80 22 28 77 0 24
8 78 78 23 49 50 96 59 68 91 64 0 39
5 78 86 46 69 63 53 29 68 46 42 0 23
10 66 67 85 75 27 78 94 97 25 46 0 47
6 40 83 89 94 27 57 67 54 41 31 0 28
5 49 60 56 59 72 31 96 62 41 62 0 21
7 59 76 42 48 95 25 53 79 57 94 0 35
4 47 92 26 42 82 98 86 59 53 32 0 19
3 74 68 84 93 82 75 94 46 58 72 0 15
8 32 56 85 96 48 52 38 27 43 44 0 40
3 20 39 28 63 25 79 41 65 41 51 0 11
7 68 73 81 31 66 87 83 98 31 97 0 35
7 96 23 96 63 71 61 45 52 30 48 0 33
5 41 89 101 65 41 34 35 38 21 32 0 25
4 75 77 76 40 63 70 45 91 22 48 0 19
2 84 73 77 75 52 48 37 89 26 85 0 10
6 56 56 92 53 26 75 97 30 65 97 0 30
7 87 52 24 85 35 79 28 33 77 88 0 33
7 82 58 96 57 93 74 24 94 28 40 0 35
7 98 79 93 67 35 93 77 46 55 74 0 35
5 52 65 89 54 99 90 100 49 76 63 0 22
4 26 75 37 90 59 83 45 88 26 79 0 17
7 55 44 46 25 67 71 40 55 51 58 0 32
7 64 20 63 44 29 76 100 72 99 48 0 32
10 34 62 85 99 61 83 62 89 89 29 0 48
3 81 33 35 56 25 35 62 76 47 39 0 15
6 47 94 89 99 93 45 50 38 83 36 0 27
5 76 40 62 70 70 27 21 99 64 51 0 23
3 39 97 51 50 20 98 44 60 93 26 0 12
7 51 56 66 71 33 76 89 29 82 40 0 34
7 85 53 48 44 77 61 29 88 49 35 0 32
8 89 40 97 76 55 96 60 28 47 50 0 40
9 50 20 28 73 48 22 83 70 58 62 0 44
5 48 55 47 80 73 73 60 72 41 98 0 22
9 46 21 50 31 79 24 61 42 67 66 0 44
10 75 88 55 69 43 26 69 101 91 47 0 46
5 26 54 78 43 38 20 48 77 91 72 0 22
10 84 55 45 24 40 61 23 22 99 95 0 48
8 99 90 30 63 93 40 78 89 90 84 0 37
7 48 85 41 23 97 99 99 62 99 74 0 35
7 68 52 50 52 79 83 21 28 53 51 0 33
4 51 96 33 57 65 76 89 62 64 34 0 18
10 21 67 49 86 29 73 90 101 98 70 0 49
10 54 22 46 92 26 72 37 79 94 63 0 49
10 79 27 95 83 47 73 49 43 77 87 0 47
9 84 24 45 61 55 60 57 75 37 38 0 43
9 49 73 31 48 97 58 93 80 42 20 0 44
4 69 28 42 57 82 66 24 38 88 70 0 18
9 92 91 90 43 57 60 58 27 80 66 0 41
10 73 50 99 66 89 74 54 27 82 71 0 46
7 22 59 43 64 60 93 91 62 97 89 0 32
3 32 37 66 32 74 79 82 99 29 92 0 13
5 78 29 35 42 56 41 91 88 91 37 0 23
9 22 61 21 47 55 26 53 78 34 40 0 44
9 47 28 65 38 50 40 50 53 23 61 0 42
8 24 30 24 32 56 60 66 45 54 87 0 40
8 54 63 68 91 38 91 35 95 58 67 0 39
4 32 30 50 43 63 98 89 96 76 44 0 19
7 31 74 79 98 70 69 72 89 46 86 0 31
9 91 85 40 29 45 70 89 26 82 76 0 45
9 76 28 36 80 73 65 84 42 42 51 0 45
8 98 31 78 56 80 33 38 69 86 64 0 37
8 72 24 73 89 81 75 70 72 47 31 0 36
7 81 77 84 47 86 30 98 43 51 57 0 33
5 39 85 38 68 98 50 23 61 50 54 0 25
6 24 29 48 28 96 59 50 63 38 94 0 26
9 36 99 35 39 43 51 88 26 52 92 0 42
3 45 65 24 66 71 48 56 23 53 25 0 15
7 32 84 99 23 25 55 98 91 49 99 0 32
3 84 28 89 54 72 46 52 52 30 68 0 15
4 99 99 80 36 88 78 55 72 23 88 0 17
5 21 49 91 66 30 46 74 85 66 25 0 23
6 75 35 56 75 83 67 63 27 99 88 0 29
9 24 65 69 63 90 71 63 88 70 47 0 44
10 83 66 48 46 62 68 92 95 52 47 0 48
9 31 94 35 25 47 79 75 88 96 92 0 42
7 33 62 76 87 57 72 79 22 33 86 0 34
8 80 81 84 98 30 87 23 46 37 72 0 36
3 86 98 46 93 22 73 72 64 69 35 0 13
4 58 76 59 50 83 62 61 43 39 38 0 18
6 97 22 29 27 75 53 56 34 98 94 0 29
10 89 77 53 46 88 79 37 92 27 48 0 46
5 45 39 94 39 33 46 68 63 93 50 0 22
8 84 79 49 76 31 100 69 66 37 98 0 39
9 55 84 93 54 36 57 43 50 83 99 0 42
7 60 25 90 75 91 78 31 101 72 81 0 35
10 63 46 73 54 22 78 60 59 62 30 0 47
7 74 73 26 38 72 37 46 66 79 96 0 34
9 75 57 83 59 82 90 93 34 87 47 0 43
6 31 85 84 46 84 65 29 62 54 32 0 28
3 52 80 95 75 39 61 24 68 75 46 0 11
10 60 100 44 28 42 41 72 69 86 52 0 49
8 68 34 38 53 97 86 96 99 72 92 0 37
7 37 86 32 65 59 36 100 43 67 42 0 35
6 26 94 35 85 36 45 51 40 68 55 0 30
3 40 52 68 40 49 35 25 86 85 77 0 11
5 66 27 26 46 55 82 36 65 96 25 0 23
9 22 35 28 70 87 76 64 24 88 39 0 45
6 94 26 50 82 36 24 34 95 34 56 0 27
10 80 39 91 39 23 32 37 84 70 99 0 50
5 84 55 35 75 80 70 72 95 83 85 0 22
7 28 22 62 51 45 45 67 75 57 83 0 35
2 31 57 49 58 60 51 88 97 42 75 0 10
8 23 45 52 31 72 40 39 71 98 44 0 39
5 95 100 52 67 33 43 72 34 24 25 0 25
8 56 45 43 48 24 73 50 90 51 50 0 37
7 42 59 69 28 65 24 57 87 75 96 0 31
3 44 77 59 64 85 85 52 22 78 58 0 14
10 67 40 81 58 26 74 58 96 40 32 0 47
7 91 29 68 64 91 60 76 67 45 23 0 31
8 100 52 88 71 69 81 65 49 38 72 0 38
2 24 96 92 80 26 83 69 54 97 45 0 10
5 39 68 37 61 35 84 44 25 97 94 0 23
5 75 66 38 82 81 29 64 21 98 44 0 25
4 51 97 78 65 35 52 72 51 68 95 0 17
9 49 63 49 38 77 44 54 37 54 46 0 45
3 44 95 38 75 65 76 55 55 65 76 0 15
4 51 74 68 23 47 49 33 52 33 49 0 20
10 100 35 33 45 97 21 96 47 42 49 0 48
4 81 54 85 27 80 88 31 25 97 69 0 19
6 33 99 51 46 45 38 86 46 72 89 0 30
3 37 70 93 96 94 76 24 48 99 48 0 12
7 23 32 22 85 72 58 59 39 33 25 0 31
5 43 49 68 56 71 37 82 70 39 75 0 23
10 37 60 22 27 68 41 31 94 98 71 0 48
4 98 71 97 87 41 25 65 37 100 73 0 19
10 58 22 67 87 76 28 38 79 61 81 0 49
9 65 59 37 82 86 75 57 24 35 60 0 44
5 46 33 91 51 60 79 37 67 91 31 0 25
3 32 51 39 30 62 26 29 75 74 59 0 13
10 28 79 55 74 73 81 63 52 51 44 0 49
9 30 96 30 82 94 36 71 60 90 68 0 43
9 41 92 40 89 35 86 74 28 26 23 0 41
7 52 67 23 29 96 80 31 27 85 83 0 35
9 32 62 53 58 54 45 53 58 59 59 0 41
4 32 82 98 46 92 33 39 74 51 44 0 16
5 77 46 54 86 40 79 93 23 23 99 0 23
7 50 24 85 62 36 87 57 56 84 67 0 32
7 91 63 87 51 96 84 60 84 92 64 0 32
10 48 72 82 61 76 98 54 27 66 52 0 46
9 25 66 54 92 36 31 45 80 74 58 0 41
4 85 88 91 72 21 43 92 30 48 96 0 17
4 30 53 66 44 39 93 94 76 54 47 0 16
10 35 66 70 89 31 79 91 94 35 45 0 47
9 29 69 68 93 29 50 45 75 71 52 0 42
3 32 41 88 25 72 33 72 52 83 94 0 13
9 89 77 66 30 68 29 69 76 36 78 0 42
7 59 76 21 36 69 58 70 92 79 68 0 31
7 40 33 30 61 69 58 26 25 52 80 0 32
3 62 75 51 79 54 32 61 85 22 70 0 15
4 98 46 20 53 60 54 90 41 44 35 0 17
4 59 92 51 80 99 33 56 58 20 21 0 18
10 61 99 45 95 28 100 64 71 71 92 0 48
5 28 85 67 39 85 34 93 59 63 47 0 22
3 35 93 36 59 90 82 65 64 99 40 0 11
10 22 93 56 25 97 63 81 22 22 26 0 46
10 96 41 20 44 95 92 100 56 100 89 0 49
3 98 65 55 42 82 81 39 60 56 39 0 11
9 55 22 29 80 93 93 62 50 28 36 0 41
8 58 56 50 39 52 45 91 81 41 35 0 36
2 53 61 62 95 83 80 24 79 79 48 0 10
4 62 45 41 54 40 42 86 91 46 38 0 19
5 40 97 22 95 76 72 78 37 83 93 0 23
9 76 59 48 101 69 35 59 63 50 23 0 44
9 91 74 24 47 51 38 96 37 80 50 0 41
7 46 58 54 27 44 89 32 22 54 63 0 34
4 26 77 74 88 97 79 99 80 23 68 0 17
9 76 60 42 93 31 20 93 97 40 20 0 43
6 29 58 40 61 50 65 42 94 51 92 0 30
4 76 52 49 91 73 42 84 72 88 81 0 17
5 89 51 71 66 34 47 90 75 92 25 0 24
3 29 89 42 77 86 72 30 46 71 57 0 14
5 68 34 84 88 47 67 66 22 42 87 0 22
8 95 46 74 80 53 43 39 21 58 48 0 40
8 34 70 74 24 33 90 35 87 75 64 0 40
7 93 30 58 77 46 57 81 56 68 34 0 32
9 91 31 92 34 58 34 91 52 49 97 0 44
9 35 71 68 80 76 72 96 100 64 77 0 43
4 42 54 95 54 26 72 36 82 36 21 0 19
10 52 95 71 88 89 87 59 21 51 75 0 49
4 98 54 83 87 49 47 44 76 44 58 0 20
9 40 27 92 80 64 36 83 31 57 82 0 45
9 65 87 63 80 77 26 88 76 29 29 0 43
7 36 47 31 88 86 43 37 95 61 74 0 35
10 22 55 43 58 90 50 67 68 43 80 0 46
8 90 42 70 56 46 24 77 29 44 100 0 40
3 87 75 85 42 63 80 33 60 45 23 0 13
10 73 54 40 71 88 76 71 92 58 57 0 46
4 75 92 62 34 24 44 99 52 26 43 0 20
6 29 63 49 21 85 65 25 72 79 46 0 28
10 74 96 89 88 94 78 74 69 45 82 0 46
3 77 65 97 89 76 44 25 29 64 99 0 12
7 93 66 91 56 75 47 95 57 93 76 0 34
3 67 61 48 79 63 39 54 91 30 57 0 12
9 22 54 22 29 76 90 86 64 82 24 0 44
7 38 67 94 53 33 37 82 34 23 23 0 34
6 91 100 69 85 36 27 46 26 66 29 0 29
3 64 78 57 46 95 93 36 87 58 64 0 15
3 98 95 39 95 91 72 33 72 28 64 0 13
7 100 76 64 62 24 70 49 56 99 40 0 33
6 24 100 98 48 64 40 67 37 97 25 0 29
4 53 49 26 22 74 40 36 71 78 88 0 16
9 57 53 97 22 98 72 52 85 59 71 0 41
2 44 94 20 80 80 24 24 42 39 64 0 10
8 60 77 91 84 63 44 41 31 22 93 0 38
7 23 61 65 71 90 75 61 51 27 43 0 31
3 41 83 93 99 43 25 68 35 44 38 0 15
8 51 51 58 78 62 87 75 32 47 54 0 36
10 29 44 26 56 85 46 25 70 31 52 0 49
9 76 65 38 96 52 34 30 92 87 70 0 42
9 81 88 40 37 20 94 41 49 29 64 0 44
7 43 64 100 53 95 89 67 72 43 26 0 33
5 59 53 43 58 57 94 76 93 92 67 0 24
10 31 50 23 56 54 85 26 37 33 40 0 49
8 31 23 68 62 76 36 67 41 42 77 0 37
5 24 48 68 58 66 23 75 63 35 97 0 24
7 92 69 47 99 62 26 55 55 94 86 0 31
8 96 69 87 67 37 26 74 41 54 40 0 36
8 55 91 79 92 75 77 35 22 70 57 0 40
8 51 74 49 90 74 79 92 47 60 34 0 37
5 99 63 67 66 68 22 96 101 29 42 0 21
3 59 37 67 51 37 65 56 73 68 43 0 14
4 51 76 89 94 93 80 38 80 96 29 0 16
5 69 76 65 26 85 40 65 37 32 38 0 25
6 93 48 83 20 76 39 43 39 29 20 0 29
2 62 71 57 58 71 50 22 28 47 88 0 10
3 91 85 26 56 34 95 83 90 42 80 0 14
7 87 68 79 64 85 91 46 49 46 41 0 33
7 78 78 51 60 85 95 51 78 35 99 0 35
8 41 40 22 67 83 79 62 86 78 57 0 36
7 99 58 36 43 51 73 41 21 35 54 0 35
9 92 86 63 57 49 69 65 45 82 64 0 45
8 34 49 83 48 35 98 31 46 91 66 0 38
9 82 51 45 60 33 88 99 23 75 52 0 43
6 99 63 96 33 40 23 32 97 32 58 0 28
4 79 68 80 79 42 91 24 51 97 34 0 17
10 81 41 33 30 32 66 41 95 67 45 0 48
7 71 51 70 54 85 21 82 58 24 81 0 34
8 33 42 80 77 77 49 39 39 93 34 0 39
8 38 53 73 75 61 96 61 81 49 46 0 38
4 58 65 44 49 82 26 69 29 50 70 0 17
8 78 92 78 78 43 43 51 77 22 46 0 38
6 23 85 27 85 41 65 30 21 45 37 0 28
10 65 32 22 87 99 81 42 27 29 30 0 46
3 31 55 79 58 28 62 53 43 30 68 0 13
5 67 37 65 28 62 50 63 35 21 62 0 25
4 95 64 69 95 101 69 41 93 30 61 0 20
10 46 29 85 50 99 66 81 21 32 59 0 49
3 100 22 36 48 65 26 44 76 80 70 0 13
7 59 25 52 86 48 91 52 25 77 27 0 31
10 29 54 79 76 71 72 60 90 28 37 0 46
8 92 59 86 95 66 42 79 101 37 38 0 37
2 99 58 63 93 25 92 77 28 87 60 0 10
10 88 51 20 62 21 54 59 44 82 53 0 46
8 52 75 40 46 62 64 29 94 79 36 0 36
5 95 22 33 70 68 25 84 93 34 46 0 22
4 78 73 56 46 20 52 50 70 69 24 0 20
8 68 81 45 55 45 27 97 47 29 32 0 39
6 41 31 47 49 26 90 56 24 81 32 0 27
3 65 68 72 92 28 55 40 39 43 57 0 13
8 38 51 33 34 65 77 95 63 100 55 0 40
5 62 59 97 38 38 36 72 90 31 84 0 23
5 38 66 33 58 62 73 41 88 34 66 0 23
4 57 31 96 54 28 69 90 27 99 35 0 19
10 83 37 63 77 90 91 74 45 32 82 0 46
8 94 45 87 68 54 77 31 33 23 68 0 36
7 37 22 37 51 93 26 46 25 74 58 0 33
6 76 31 36 93 44 58 78 71 43 38 0 28
10 85 25 41 60 22 59 46 53 32 89 0 46
9 67 32 73 55 38 75 100 38 65 68 0 41
5 47 94 35 40 75 77 57 27 63 65 0 24
10 85 66 48 28 65 62 71 62 88 69 0 46
5 66 84 90 68 42 92 57 51 34 79 0 22
4 74 68 90 90 86 62 98 41 72 97 0 19
7 93 68 28 60 73 32 58 83 22 64 0 35
7 21 79 30 58 76 83 72 85 81 68 0 35
6 23 60 46 96 23 89 97 93 22 95 0 27
10 96 66 35 91 78 98 97 22 31 96 0 49
3 94 49 83 57 61 46 54 62 99 51 0 12
7 57 87 78 28 64 45 57 86 24 66 0 34
4 24 84 24 29 62 93 85 80 59 30 0 17
7 30 90 52 57 28 23 68 93 24 69 0 33
6 55 39 69 46 47 72 74 81 63 99 0 29
8 55 65 55 74 31 29 53 62 77 51 0 36
5 26 59 86 96 39 47 79 65 36 85 0 22
7 30 48 71 21 71 86 54 91 73 84 0 32
5 81 79 47 58 43 62 51 101 38 80 0 24
8 68 98 27 41 47 86 80 32 51 46 0 39
4 62 75 55 93 91 59 69 56 39 87 0 19
3 94 38 65 70 31 36 67 89 81 29 0 15
4 55 33 99 50 53 80 43 89 53 95 0 19
6 51 32 61 70 96 97 65 97 75 69 0 30
5 53 38 50 97 38 47 79 50 31 69 0 25
6 56 98 96 21 48 64 27 99 66 34 0 27
7 26 42 31 65 41 75 82 27 93 36 0 33
3 35 76 65 50 60 98 77 82 25 50 0 11
4 38 99 68 92 81 83 82 93 67 37 0 19
8 85 39 63 64 100 42 29 85 68 54 0 36
5 88 42 41 47 51 88 51 43 73 42 0 21
3 72 48 46 28 24 97 93 63 74 77 0 11
3 23 72 88 88 82 90 36 54 97 79 0 15
5 87 38 100 76 51 30 44 80 71 29 0 21
4 35 90 79 36 35 49 56 60 28 41 0 19
2 60 89 25 54 73 74 47 93 92 85 0 10
7 83 75 40 77 37 27 75 47 26 77 0 33
8 81 21 83 62 41 30 64 39 97 26 0 39
8 58 91 59 85 38 66 45 52 69 31 0 38
8 65 32 26 78 54 47 29 64 68 64 0 38
2 24 51 61 94 39 100 66 23 80 78 0 10
3 49 100 27 36 34 24 76 59 31 83 0 14
6 91 67 85 39 44 63 33 39 43 97 0 27
4 54 22 52 66 36 47 69 91 65 58 0 19
9 59 99 23 45 70 29 29 82 84 71 0 41
7 80 101 86 50 98 67 75 27 85 45 0 34
10 43 92 67 26 34 90 27 82 42 47 0 49
5 76 67 66 41 63 51 64 53 51 84 0 21
6 49 84 69 87 27 31 48 86 58 81 0 30
5 97 95 39 72 38 84 31 99 44 89 0 22
5 83 22 84 28 59 69 71 28 24 84 0 23
3 97 30 54 84 70 89 88 65 66 55 0 13
6 73 36 86 99 34 52 52 49 80 53 0 26
10 84 32 88 47 56 59 63 72 44 76 0 48
7 77 68 70 66 67 73 60 31 47 100 0 33
10 68 28 45 94 84 47 31 46 24 92 0 49
4 50 76 65 60 68 81 28 28 81 69 0 16
10 20 32 98 60 30 90 99 60 29 27 0 47
4 59 33 48 76 30 38 77 57 82 94 0 20
7 35 43 30 70 54 75 50 25 59 25 0 35
3 50 29 22 64 43 68 46 80 82 24 0 15
9 92 49 80 76 88 24 72 85 30 35 0 42
9 52 92 30 80 27 44 52 69 44 68 0 43
3 67 68 21 94 36 91 34 93 36 47 0 11
5 101 99 51 41 25 90 63 47 70 23 0 22
7 88 58 43 64 70 87 79 21 75 28 0 34
10 29 56 67 29 55 25 47 93 71 52 0 49
3 47 24 59 75 95 53 28 86 78 23 0 11
6 88 93 55 62 57 54 100 25 85 91 0 28
3 93 70 23 34 72 63 94 58 94 47 0 15
8 42 78 93 70 26 61 72 68 45 59 0 36
7 85 22 27 34 97 39 60 59 101 67 0 32
3 88 22 98 75 80 88 75 23 56 33 0 15
10 92 51 94 21 82 85 60 58 93 28 0 46
6 66 24 21 58 98 32 75 93 66 74 0 27
6 85 34 95 86 41 35 27 36 86 24 0 26
8 66 49 101 72 87 66 43 88 28 46 0 40
9 98 69 53 96 77 49 32 75 54 23 0 44
10 74 95 58 45 74 71 83 35 41 58 0 50
7 79 48 44 27 58 39 100 57 83 41 0 33
2 61 43 80 73 46 37 66 91 87 75 0 10
9 86 68 69 54 99 40 26 99 36 28 0 45
4 84 96 77 64 79 57 77 49 25 23 0 16
9 66 59 70 30 82 67 40 67 31 71 0 44
5 49 58 88 22 91 62 68 72 54 40 0 25
6 60 30 75 74 33 37 87 66 93 63 0 29
4 96 21 25 21 46 61 73 44 81 92 0 16
10 61 69 65 27 58 53 46 61 74 30 0 50
3 77 56 41 99 69 99 66 33 37 69 0 14
10 95 50 45 78 44 97 93 79 88 68 0 47
7 34 68 101 79 56 62 58 58 75 41 0 35
6 31 68 34 81 85 94 48 25 63 96 0 28
5 100 41 41 41 59 96 37 41 66 59 0 25
7 35 37 52 93 44 90 47 61 76 58 0 31
7 92 82 50 92 56 57 33 66 96 47 0 34
8 49 68 44 42 26 26 38 99 94 76 0 36
3 65 91 23 99 95 57 97 51 96 68 0 14
2 24 64 28 78 56 96 100 51 71 67 0 10
9 31 27 31 78 58 48 50 33 77 58 0 45
5 58 20 24 52 82 26 66 74 68 24 0 23
4 66 22 30 78 61 80 77 34 91 91 0 20
3 21 24 62 45 43 33 100 27 98 33 0 11
9 52 82 47 92 63 35 47 34 81 94 0 42
9 74 43 87 92 71 71 30 26 49 55 0 41
9 74 87 71 80 44 42 25 71 54 46 0 42
4 71 59 72 98 44 39 48 83 30 33 0 20
8 80 54 100 38 64 61 36 41 22 74 0 39
5 47 23 100 49 61 78 35 61 37 73 0 21
6 45 84 80 65 96 94 68 87 53 74 0 30
9 90 26 79 40 96 77 24 31 95 78 0 43
10 67 65 82 39 48 65 29 40 91 72 0 48
8 46 78 95 99 77 81 93 57 34 92 0 39
6 80 75 56 46 73 26 30 40 37 46 0 28
6 41 65 49 89 71 36 88 38 60 75 0 28
4 29 45 98 56 60 46 67 91 46 88 0 17
3 38 63 78 77 88 42 98 72 75 47 0 14
4 38 36 94 46 31 91 58 88 76 60 0 20
8 34 79 74 31 89 90 66 45 101 76 0 37
9 57 43 68 22 71 53 52 21 44 52 0 42
9 42 23 51 23 98 74 20 88 69 92 0 42
3 66 56 55 34 26 46 86 67 20 101 0 15
9 57 74 73 52 42 63 82 89 29 64 0 43
3 92 47 64 26 85 23 35 27 40 25 0 11
7 45 40 38 24 73 32 94 29 53 99 0 31
5 76 23 101 39 90 36 51 48 86 37 0 25
9 69 77 49 89 64 73 90 100 46 34 0 41
3 61 40 94 32 88 29 71 45 34 58 0 12
8 79 96 39 50 31 33 51 94 45 77 0 38
4 33 79 51 94 47 52 46 82 62 26 0 17
9 99 37 28 46 22 20 75 68 62 86 0 45
3 20 65 79 70 61 58 85 42 86 86 0 13
4 90 21 72 92 27 77 65 48 56 37 0 17
3 51 38 20 80 82 89 22 96 40 97 0 15
9 31 60 57 90 98 62 34 89 51 94 0 43
8 53 28 44 97 62 62 72 44 76 40 0 40
6 22 93 49 24 72 54 41 42 30 69 0 27
7 90 27 46 73 60 79 82 39 27 60 0 33
9 21 79 28 81 25 70 42 37 99 42 0 43
10 54 98 21 42 23 50 78 73 45 52 0 50
7 21 94 68 84 70 61 85 60 47 53 0 33
6 31 42 96 40 89 44 21 86 97 33 0 27
9 86 75 74 62 61 93 85 97 68 57 0 42
3 80 74 100 59 96 62 63 95 61 98 0 14
5 66 77 80 82 36 40 45 85 98 58 0 24
8 82 50 33 68 99 61 38 43 60 41 0 40
5 98 25 91 95 75 60 64 36 64 89 0 22
5 70 68 99 72 41 52 74 73 68 97 0 24
5 33 99 61 28 48 90 40 35 76 37 0 23
9 46 53 79 98 100 75 45 37 65 24 0 43
7 54 85 27 55 42 48 43 59 71 46 0 32
4 60 93 93 57 47 91 43 30 50 47 0 19
3 99 87 84 44 27 25 60 89 77 69 0 14
5 54 24 80 59 85 42 76 41 93 94 0 25
4 100 76 66 82 83 67 69 49 83 92 0 18
6 65 71 97 68 61 96 28 39 85 53 0 27
2 92 52 99 65 69 49 35 70 55 87 0 10
3 95 77 23 96 92 41 92 41 32 25 0 15
10 43 64 42 65 78 38 85 28 55 44 0 46
4 67 28 52 28 56 57 48 40 55 26 0 18
7 54 43 77 34 63 55 74 92 72 21 0 34
10 52 63 59 30 73 46 55 35 35 67 0 47
9 53 60 85 59 87 88 44 57 72 54 0 45
6 96 85 75 29 74 87 33 83 88 24 0 28
7 55 62 20 25 77 41 22 22 28 73 0 35
7 41 97 83 51 68 66 28 72 55 56 0 32
4 97 51 43 32 97 86 34 40 73 37 0 16
7 45 41 70 48 34 71 27 64 41 43 0 32
8 27 75 78 30 37 48 89 34 68 22 0 38
4 85 63 42 65 46 52 76 100 36 53 0 20
5 26 52 70 62 40 93 54 85 28 57 0 21
9 79 92 71 78 21 36 91 62 54 26 0 43
10 99 60 99 37 73 69 98 27 47 56 0 47
9 47 91 59 76 60 86 61 64 93 100 0 45
4 54 52 23 25 65 59 96 89 91 78 0 20
4 80 45 84 28 31 92 74 34 73 54 0 20
5 70 61 34 22 20 93 30 75 32 51 0 23
6 42 54 58 62 41 49 38 72 79 81 0 30
5 96 70 30 77 24 25 97 92 51 93 0 25
9 73 97 98 23 71 67 40 54 79 68 0 42
3 65 99 86 100 87 58 53 22 77 89 0 13
7 86 63 53 83 67 96 37 68 70 72 0 34
9 27 35 62 41 49 39 74 70 75 33 0 43
9 24 66 48 76 64 34 36 86 82 79 0 43
5 91 61 80 48 23 31 55 73 95 56 0 24
6 50 95 37 90 79 72 78 60 87 59 0 28
6 61 59 48 38 74 87 23 34 29 53 0 29
2 62 63 100 95 38 63 79 62 22 38 0 10
3 86 29 36 41 80 58 24 99 37 35 0 13
6 68 20 46 28 51 55 59 48 23 31 0 26
8 36 57 60 30 24 68 28 90 76 42 0 39
2 72 39 99 40 59 45 46 85 47 22 0 10
9 74 81 59 40 52 93 83 81 81 65 0 42
3 100 30 47 42 68 65 69 52 96 39 0 15
10 73 100 69 98 87 80 40 60 72 46 0 48
4 42 57 75 46 77 66 53 95 58 63 0 16
7 83 44 69 69 83 45 90 22 84 91 0 31
5 89 65 79 99 84 78 40 77 93 68 0 25
9 88 49 87 25 86 68 72 45 28 48 0 41
7 87 45 91 28 93 95 62 78 23 27 0 35
7 75 44 47 52 35 64 59 39 50 51 0 31
10 62 32 40 54 24 52 72 85 61 27 0 46
4 99 30 45 50 49 41 79 86 49 25 0 18
9 66 65 78 95 88 88 64 60 60 69 0 41
6 29 42 35 69 46 67 55 39 80 41 0 29
5 37 41 40 94 51 26 22 37 94 72 0 25
5 56 87 59 25 33 49 38 101 52 60 0 25
5 93 53 43 55 55 73 60 35 33 44 0 25
8 95 31 46 93 22 21 98 63 63 80 0 36
10 83 57 80 63 79 75 100 57 24 57 0 49
10 89 57 30 53 26 28 71 79 39 79 0 50
6 46 97 81 58 68 97 47 80 75 49 0 26
5 68 59 71 34 61 48 70 42 31 29 0 21
6 62 61 49 39 48 94 84 25 55 92 0 30
10 66 36 47 39 55 63 51 58 64 54 0 46
3 32 57 93 79 51 81 73 39 61 73 0 12
7 84 78 80 32 76 84 47 42 45 87 0 35
10 84 74 60 66 91 52 66 86 44 27 0 48
10 83 73 81 79 30 60 43 84 61 98 0 48
4 94 32 70 76 68 95 63 41 43 33 0 17
9 32 86 21 57 81 100 56 68 72 72 0 44
7 30 30 62 89 96 73 62 40 97 35 0 31
8 88 61 99 47 87 79 59 43 44 32 0 37
7 23 33 54 91 90 25 29 76 74 38 0 32
5 56 86 27 64 34 23 70 86 96 45 0 24
9 80 48 88 44 61 29 27 48 30 53 0 45
8 86 70 97 101 90 90 98 23 35 37 0 39
6 53 78 49 20 27 85 59 25 96 65 0 28
5 67 72 44 91 58 86 82 34 23 27 0 23
10 28 96 57 32 49 48 96 80 81 55 0 46
6 90 47 48 100 61 87 30 97 53 26 0 30
8 89 95 96 55 53 25 42 96 89 25 0 39
3 87 79 63 49 30 80 58 57 54 96 0 13
6 83 40 77 34 43 85 94 37 93 71 0 29
7 92 56 53 64 47 77 47 76 93 33 0 32
4 35 51 80 47 36 25 71 53 62 64 0 17
5 45 34 81 44 42 51 63 94 35 50 0 25
3 65 31 87 44 79 76 27 78 40 48 0 11
9 67 36 60 76 21 48 47 68 72 78 0 45
6 84 63 86 82 47 34 25 28 65 77 0 30
8 43 26 49 60 60 22 60 43 48 36 0 39
9 40 98 34 32 74 64 95 79 33 43 0 41
6 69 88 44 35 52 86 56 61 61 75 0 28
10 30 59 51 83 32 63 74 93 27 41 0 47
2 31 25 90 82 97 47 89 47 77 55 0 10
7 55 99 80 91 63 92 65 92 100 33 0 35
5 39 21 28 36 71 93 39 77 91 98 0 25
6 27 42 58 89 40 34 40 55 93 40 0 28
6 34 82 77 65 80 57 97 26 67 67 0 26
10 50 45 46 52 59 30 73 43 56 35 0 47
9 31 88 63 56 42 74 76 57 42 26 0 44
9 48 82 92 54 85 36 50 32 55 100 0 44
3 99 87 70 80 24 69 85 40 30 70 0 13
7 76 40 67 56 78 60 28 98 21 30 0 33
6 22 86 90 87 97 97 57 75 38 45 0 27
9 31 28 63 73 88 46 67 36 94 32 0 45
7 35 88 87 87 32 71 42 36 64 34 0 35
5 50 75 100 52 86 30 40 45 49 73 0 21
6 79 30 72 60 59 36 66 28 96 42 0 30
4 58 88 37 95 28 50 75 36 66 80 0 20
6 69 47 38 76 85 24 42 68 34 39 0 27
5 62 22 76 92 74 86 94 34 38 51 0 22
4 96 94 91 97 84 38 94 90 76 68 0 17
6 46 99 62 41 92 84 22 96 46 72 0 29
6 72 96 65 56 47 68 36 74 26 31 0 30
6 97 50 97 100 51 74 22 79 76 35 0 29
6 49 48 74 90 32 88 70 67 59 26 0 27
9 72 99 87 64 70 58 46 98 54 77 0 44
4 66 82 98 45 78 84 41 69 53 86 0 16
9 90 39 90 44 67 97 95 84 85 75 0 44
9 87 33 81 96 44 74 38 56 97 68 0 42
3 47 24 98 81 60 61 57 79 74 32 0 11
6 44 23 94 28 61 63 34 100 30 56 0 29
6 47 53 69 89 66 65 45 30 66 62 0 28
5 21 81 34 67 39 38 50 46 93 62 0 25
4 50 45 23 24 68 66 45 73 61 56 0 16
7 49 22 38 57 76 52 97 58 21 74 0 35
8 46 78 75 74 23 40 56 53 25 26 0 40
10 52 34 43 93 33 82 83 67 78 78 0 49
7 70 48 74 71 77 39 97 33 83 69 0 33
6 39 82 58 74 28 77 31 72 39 38 0 26
9 55 80 30 54 35 21 22 57 33 88 0 42
6 58 90 78 57 89 95 54 33 77 38 0 27
10 21 34 38 48 50 39 100 100 20 27 0 46
5 70 76 82 50 79 56 66 66 64 49 0 21
10 38 38 49 41 36 49 50 27 85 79 0 49
9 23 43 43 26 24 50 48 40 79 55 0 44
4 37 91 56 86 29 23 96 28 93 54 0 17
5 72 23 37 35 64 65 76 56 37 29 0 22
8 99 83 78 58 39 67 52 67 75 91 0 36
9 24 33 61 80 67 91 55 74 51 22 0 43
10 26 59 41 30 34 34 77 23 25 69 0 47
10 69 51 37 94 63 66 41 27 57 35 0 46
9 53 80 25 77 57 54 27 83 69 45 0 43
8 88 52 96 61 80 32 62 56 71 82 0 38
9 32 76 83 23 76 64 59 58 81 21 0 42
9 46 43 69 94 75 23 39 41 49 53 0 41
10 34 36 65 48 76 61 40 53 75 51 0 49
5 48 73 87 49 21 34 83 87 27 69 0 24
8 22 39 26 25 27 44 39 85 96 76 0 38
6 41 49 62 87 62 96 32 53 99 34 0 27
9 34 23 73 82 91 74 36 65 62 70 0 44
6 57 95 99 62 48 96 29 77 29 21 0 27
9 84 77 49 75 44 38 56 92 53 59 0 41
4 37 77 79 54 60 76 26 96 40 65 0 16
4 99 90 96 27 22 61 27 71 87 70 0 20
5 24 39 57 42 82 72 72 27 49 53 0 24
7 50 81 53 52 96 89 31 55 71 44 0 31
6 73 54 99 55 41 75 32 55 46 44 0 30
8 33 96 56 71 86 35 44 44 38 64 0 40
9 66 52 43 101 63 78 30 74 53 81 0 43
8 76 79 60 85 96 55 85 75 30 67 0 40
8 69 33 22 21 23 56 58 72 23 41 0 40
5 98 30 43 37 57 90 27 31 24 61 0 22
7 99 77 60 97 39 94 101 70 32 86 0 31
6 81 20 59 36 44 78 49 25 51 36 0 28
10 26 31 58 49 99 52 75 96 30 79 0 46
6 33 84 73 34 41 93 26 60 29 67 0 26
4 29 46 26 61 49 57 46 86 99 87 0 18
7 94 80 25 89 32 85 65 76 26 43 0 33
3 64 62 61 75 73 80 74 44 69 36 0 11
6 57 35 49 22 34 66 44 47 49 34 0 29
4 23 49 39 84 92 41 74 99 71 98 0 17
6 71 68 63 78 21 36 20 35 24 77 0 30
7 66 86 21 77 54 78 58 38 39 79 0 35
7 68 75 76 49 92 38 42 36 90 81 0 33
5 80 45 27 52 36 79 76 83 81 37 0 21
6 48 37 88 30 77 21 92 25 74 95 0 27
6 33 57 94 88 69 83 44 26 68 23 0 27
9 81 72 81 63 61 29 89 84 29 75 0 43
6 56 81 38 52 58 79 23 35 48 97 0 26
4 81 29 64 55 81 76 64 76 100 86 0 20
7 80 44 71 57 55 64 98 70 83 69 0 32
8 70 25 33 60 67 43 93 65 42 99 0 40
7 32 38 32 63 51 20 59 91 66 49 0 35
6 53 92 66 69 78 84 20 27 46 27 0 26
7 53 43 53 37 97 74 50 98 45 52 0 31
6 29 88 61 60 44 73 66 21 23 90 0 27
8 49 77 22 27 55 75 50 96 25 58 0 38
4 50 47 82 50 38 80 23 97 41 58 0 19
9 76 50 41 77 55 100 45 64 71 54 0 43
4 37 46 80 45 61 78 30 76 25 55 0 19
3 50 62 46 52 82 94 95 85 31 95 0 15
9 75 37 87 65 30 62 75 62 76 87 0 45
7 49 77 21 72 39 29 90 39 82 28 0 34
3 61 23 47 94 36 51 24 46 38 29 0 15
4 71 30 55 22 56 43 23 26 28 63 0 18
5 58 80 80 21 58 96 61 51 73 93 0 23
9 34 32 75 25 97 85 40 45 67 39 0 43
9 40 58 72 72 95 93 50 95 43 92 0 44
4 92 59 36 74 68 35 31 23 69 57 0 18
7 54 57 81 95 27 51 76 49 69 73 0 32
8 24 83 82 44 23 88 83 58 91 31 0 36
7 42 41 23 91 71 39 27 44 22 86 0 35
5 67 72 29 33 81 72 36 86 94 83 0 23
4 52 79 81 34 81 34 71 67 60 91 0 19
9 76 28 42 84 73 25 46 27 41 89 0 43
3 28 70 85 69 33 65 88 28 60 87 0 13
6 101 70 71 26 93 95 82 85 92 52 0 27
9 73 26 33 64 22 88 74 83 77 47 0 42
9 93 61 27 25 74 84 73 24 78 100 0 41
3 49 72 50 78 49 37 79 91 97 48 0 11
4 28 41 48 84 29 93 94 79 79 100 0 19
9 30 72 86 38 73 90 77 45 67 99 0 41
4 30 27 75 58 27 56 39 28 81 38 0 18
9 21 74 32 61 91 26 36 58 22 99 0 41
10 86 99 52 79 75 66 79 99 89 43 0 46
4 69 80 67 69 46 47 57 44 50 97 0 16
3 84 83 27 26 73 54 84 32 30 27 0 11
4 92 93 68 68 46 89 69 63 92 28 0 20
6 97 86 54 85 85 53 23 74 44 57 0 28
3 78 95 47 93 27 54 82 61 81 54 0 14
4 57 97 25 48 97 46 88 30 26 34 0 19
7 89 99 43 70 31 92 39 41 65 23 0 33
7 34 52 89 39 26 47 75 98 23 52 0 34
6 51 41 44 95 55 35 94 25 81 25 0 27
6 39 77 82 68 88 42 95 96 48 21 0 30
4 90 21 42 84 67 27 85 94 40 49 0 20
8 82 28 32 24 24 26 78 69 74 57 0 40
7 97 57 100 31 45 83 38 24 72 24 0 33
9 72 52 65 88 82 59 70 66 66 50 0 43
4 82 68 25 59 96 99 77 91 97 83 0 16
3 70 64 34 45 60 41 95 66 32 42 0 14
6 62 77 46 54 60 73 54 58 23 34 0 29
7 33 68 67 91 87 24 84 46 90 57 0 31
2 35 39 68 68 68 54 86 52 83 60 0 10
4 25 78 36 79 24 70 94 48 49 87 0 18
6 25 81 94 34 27 94 89 72 81 53 0 30
7 51 27 95 40 20 23 23 25 60 40 0 32
5 25 30 65 28 40 26 41 30 29 97 0 21
5 56 99 83 49 39 99 100 35 35 81 0 22
10 100 30 95 78 48 61 91 79 46 39 0 50
9 36 51 60 39 40 63 49 91 83 43 0 41
10 64 93 22 95 85 31 24 90 24 46 0 49
10 51 21 23 40 43 58 41 25 44 53 0 46
6 87 90 30 38 100 55 97 66 35 84 0 27
8 25 96 27 98 66 44 64 50 21 81 0 36
9 30 53 28 81 21 95 58 57 36 41 0 45
5 81 51 95 85 28 90 68 22 42 79 0 23
6 63 50 67 92 101 97 71 47 29 40 0 28
10 52 61 26 86 100 30 69 66 34 60 0 46
10 97 100 23 32 85 37 33 84 96 82 0 48
4 100 99 36 91 42 55 32 67 36 69 0 19
10 66 53 98 23 50 20 47 22 46 99 0 49
10 45 88 84 84 39 93 31 84 75 30 0 49
4 99 25 37 52 39 25 58 81 30 60 0 18
9 23 53 38 67 30 27 29 33 93 75 0 42
5 50 68 54 28 48 99 77 79 82 30 0 23
5 55 91 41 92 98 98 37 63 85 53 0 21
6 53 21 98 98 27 50 69 39 21 62 0 27
7 25 34 95 92 58 55 33 54 83 37 0 35
9 89 28 74 42 60 34 49 29 88 86 0 45
9 35 57 76 23 97 90 91 45 88 73 0 45
6 44 97 41 49 77 63 62 87 43 96 0 29
5 70 67 48 33 89 23 97 64 82 36 0 21
5 49 27 76 45 34 57 40 86 37 49 0 23
6 53 33 50 95 82 55 23 41 63 98 0 26
5 26 25 30 94 22 24 25 44 44 67 0 22
9 51 97 31 25 22 52 45 93 63 98 0 45
7 94 87 90 58 36 48 69 30 78 33 0 33
5 101 83 23 66 78 64 99 65 90 31 0 25
9 58 81 81 89 80 94 56 29 72 55 0 44
7 36 90 68 56 83 23 77 75 72 23 0 32
9 60 96 53 32 30 41 45 70 67 43 0 42
3 51 48 62 42 63 25 93 60 52 33 0 11
3 34 56 55 83 58 91 62 57 36 83 0 13
7 53 50 50 30 97 94 23 83 41 45 0 33
6 21 82 57 39 92 47 23 39 42 30 0 29
9 70 71 41 76 87 54 28 93 57 23 0 45
3 23 91 36 41 38 64 46 25 77 30 0 11
7 28 60 26 68 79 46 70 48 50 44 0 31
6 99 54 61 31 54 100 25 25 93 75 0 27
10 31 81 85 68 91 43 51 53 46 58 0 47
3 53 41 20 24 96 43 72 38 61 100 0 14
10 67 30 87 41 22 83 36 86 78 36 0 50
3 100 27 58 77 76 52 74 35 82 33 0 15
3 88 52 81 80 52 46 57 88 23 91 0 14
6 50 25 96 86 46 74 90 59 70 100 0 26
8 58 99 38 83 64 51 85 27 37 22 0 38
9 31 54 48 60 44 47 67 66 51 59 0 44
9 92 92 26 44 86 67 53 39 76 20 0 42
9 42 59 33 59 63 76 28 52 77 20 0 41
3 36 96 91 74 68 64 97 87 50 63 0 12
6 81 72 85 64 58 73 38 29 73 75 0 29
4 95 53 34 54 87 61 48 32 80 63 0 18
4 92 73 50 87 97 52 85 57 75 54 0 19
9 48 35 84 67 93 96 62 90 20 58 0 42
8 33 54 73 55 40 90 34 86 70 77 0 39
3 60 68 44 49 34 38 54 69 29 62 0 11
8 99 51 30 29 87 75 24 40 91 91 0 37
8 90 74 71 84 53 94 21 77 49 92 0 37
4 87 82 39 56 71 70 45 92 62 47 0 18
7 65 54 67 72 42 64 57 55 47 63 0 31
6 86 89 26 37 67 26 55 27 89 76 0 27
9 36 42 22 99 31 31 22 51 31 67 0 41
3 57 37 75 64 54 58 83 76 48 68 0 15
6 82 77 42 42 93 88 67 30 31 62 0 28
9 22 21 73 51 48 20 82 83 59 84 0 43
8 31 55 98 65 42 47 24 20 94 100 0 40
7 23 49 69 21 94 80 24 37 95 79 0 31
4 97 86 54 37 97 52 82 73 78 67 0 19
6 75 96 28 77 33 89 74 28 38 62 0 27
8 72 96 93 58 100 21 99 49 27 80 0 36
10 71 88 89 68 59 51 73 28 27 46 0 50
3 78 28 61 60 66 75 51 44 37 45 0 12
10 31 100 77 74 25 40 56 70 50 34 0 46
4 62 91 52 75 59 63 93 90 101 69 0 16
6 68 56 40 65 76 67 32 96 77 60 0 26
9 99 95 61 32 70 87 44 66 31 71 0 45
3 59 55 63 99 85 74 46 39 75 53 0 15
8 68 82 39 37 84 36 50 85 23 84 0 39
5 56 71 28 38 25 74 54 29 45 81 0 21
4 35 25 32 60 85 48 56 21 61 66 0 20
2 74 83 59 97 68 78 32 28 34 60 0 10
5 61 28 67 59 70 67 38 28 34 94 0 24
5 22 25 25 29 65 88 37 39 88 79 0 22
9 79 35 75 24 79 39 22 98 49 99 0 41
5 52 46 42 60 65 38 83 40 96 53 0 21
8 67 20 64 58 22 48 99 64 95 65 0 37
6 86 87 83 29 91 29 53 88 73 26 0 28
8 93 89 86 59 63 29 66 53 42 31 0 37
10 51 54 53 95 77 22 24 49 45 94 0 47
10 27 58 84 58 92 48 53 94 47 27 0 50
5 73 55 98 80 47 31 33 90 39 64 0 21
8 87 70 84 34 88 82 32 83 36 81 0 38
9 46 87 64 62 76 24 42 20 52 101 0 44
10 67 48 39 70 50 35 86 33 35 84 0 47
5 74 52 29 61 78 92 84 80 56 96 0 21
6 43 37 40 94 26 88 25 62 21 100 0 27
6 32 76 71 20 99 95 48 32 53 35 0 28
10 52 53 63 95 54 29 66 62 58 87 0 49
9 62 59 41 33 32 59 47 87 83 80 0 42
5 49 73 59 40 60 48 22 99 57 31 0 24
6 58 33 88 82 20 22 26 38 81 26 0 26
7 41 79 52 38 73 92 80 21 90 87 0 32
10 69 31 36 82 92 31 28 76 62 62 0 47
9 51 87 76 90 78 74 29 85 22 73 0 45
2 84 75 99 39 28 37 45 66 51 37 0 10
5 93 22 51 98 79 68 88 29 89 70 0 23
6 56 95 45 38 84 57 33 38 41 24 0 30
7 49 42 26 100 58 95 27 100 42 32 0 31
2 70 43 32 80 81 40 33 99 51 27 0 10
9 79 71 60 94 42 95 38 90 92 30 0 45
3 66 41 57 63 50 59 84 98 59 22 0 15
3 25 66 63 61 69 69 51 75 82 73 0 11
3 41 27 70 56 54 60 52 46 26 32 0 13
10 72 43 72 98 27 98 69 42 85 22 0 49
8 85 26 21 78 64 31 79 93 43 39 0 39
10 95 94 84 67 23 46 38 94 58 89 0 46
10 54 32 91 43 47 56 74 51 60 37 0 50
9 64 71 101 48 47 39 42 63 33 67 0 44
7 21 32 59 27 49 24 85 27 29 47 0 35
6 63 72 55 55 42 64 20 38 29 40 0 30
8 26 96 77 23 56 71 36 43 57 24 0 37
3 94 80 60 98 20 24 67 60 56 85 0 15
8 87 50 76 91 22 57 64 52 62 61 0 36
7 47 84 74 29 92 28 94 22 70 85 0 31
3 33 31 97 34 22 96 55 42 94 41 0 15
3 98 85 75 20 67 95 64 20 67 94 0 15
9 68 99 25 40 40 55 100 56 61 89 0 41
8 73 77 46 71 76 87 81 40 100 20 0 38
5 89 39 54 77 60 41 50 97 92 99 0 23
10 44 69 31 83 30 47 69 71 29 84 0 49
3 70 35 31 46 38 49 96 32 60 35 0 13
9 50 98 88 82 28 98 68 47 83 72 0 45
5 38 64 87 22 74 50 45 40 48 42 0 22
3 43 46 81 68 81 30 40 32 70 31 0 13
10 65 51 87 24 72 99 61 44 78 52 0 48
3 47 49 44 57 60 82 101 100 82 99 0 12
9 23 90 55 40 37 27 32 87 52 55 0 41
6 26 25 99 24 57 55 29 78 85 81 0 30
5 44 55 24 97 88 22 34 55 81 40 0 24
5 63 57 97 60 27 78 33 39 84 47 0 24
3 94 86 92 60 35 90 92 30 43 64 0 11
3 89 39 71 56 35 92 55 65 86 50 0 13
5 64 23 73 58 64 81 37 38 89 86 0 24
6 35 93 65 73 88 73 20 38 77 64 0 28
3 50 37 77 90 66 68 31 82 41 38 0 11
4 40 42 72 83 50 67 91 75 65 92 0 19
8 74 54 91 60 92 47 41 36 36 70 0 39
4 60 42 21 47 42 32 74 56 21 60 0 17
6 21 35 36 62 24 43 62 67 68 43 0 29
7 38 47 76 50 87 98 95 32 26 67 0 33
7 82 54 43 79 71 56 24 91 49 33 0 34
5 60 42 62 79 87 59 24 73 70 75 0 23
8 51 81 82 67 76 80 52 68 43 82 0 38
3 91 63 26 39 34 51 47 28 29 97 0 12
4 23 35 82 78 82 24 45 55 38 100 0 16
4 33 72 57 79 36 53 23 71 86 58 0 17
6 42 96 64 56 62 52 86 54 39 28 0 30
4 62 98 92 100 96 23 55 40 35 81 0 20
8 67 30 42 75 76 83 36 37 55 57 0 37
5 91 96 76 66 59 65 90 37 86 51 0 23
10 31 68 45 58 41 83 46 75 81 28 0 46
8 25 31 53 82 48 75 86 73 62 48 0 38
8 57 82 97 42 65 32 98 49 82 70 0 37
10 36 76 79 46 34 53 29 23 24 75 0 49
7 79 68 89 37 57 32 70 98 26 21 0 31
3 33 30 94 62 64 78 51 40 65 78 0 15
6 92 99 71 26 87 41 69 41 21 95 0 28
6 68 39 96 65 78 98 93 44 42 65 0 28
3 63 41 64 59 81 99 45 95 93 44 0 14
3 91 74 36 75 31 66 30 49 90 91 0 15
7 72 68 39 59 59 37 44 23 49 70 0 35
5 100 49 77 50 72 59 73 54 30 51 0 24
2 74 47 46 85 28 68 69 74 81 93 0 10
5 73 89 78 85 68 99 77 45 34 71 0 25
10 85 85 57 78 98 70 30 95 59 88 0 48
7 32 25 28 31 20 41 92 32 94 67 0 34
6 76 92 86 61 29 32 80 21 78 31 0 26
9 42 66 63 28 62 67 67 28 30 81 0 43
3 93 100 77 74 87 97 47 58 48 84 0 13
9 91 77 53 58 79 28 31 67 58 66 0 41
7 94 65 93 49 52 33 28 83 98 81 0 31
3 66 99 80 46 32 98 61 72 92 60 0 12
8 35 29 38 91 78 27 43 47 58 41 0 40
9 20 39 25 58 27 25 100 87 20 68 0 45
7 28 36 22 75 93 44 81 41 93 65 0 34
4 94 64 68 29 24 54 24 79 84 46 0 17
10 99 58 30 52 83 58 47 82 61 43 0 48
8 53 26 35 88 48 34 48 78 94 35 0 37
7 81 32 76 81 72 52 85 75 63 34 0 33
9 53 91 37 25 52 67 75 37 44 59 0 44
10 37 31 38 24 95 96 73 26 27 74 0 48
10 74 47 41 33 37 48 40 88 90 92 0 46
5 34 55 67 66 92 39 82 69 82 78 0 22
4 66 99 50 23 52 41 37 81 73 98 0 16
3 59 35 58 67 60 94 47 27 54 52 0 14
5 40 91 45 82 89 44 99 26 22 75 0 25
4 99 59 58 61 55 26 72 50 30 82 0 20
6 62 83 87 65 33 68 42 73 30 86 0 29
6 93 52 85 42 94 45 44 29 37 63 0 28
6 36 98 27 82 59 80 52 64 74 63 0 26
6 20 77 86 33 83 69 77 56 65 67 0 26
9 25 20 53 64 24 84 32 92 52 55 0 45
5 45 57 53 54 57 51 76 22 80 27 0 24
8 100 34 26 47 25 41 54 59 61 43 0 37
5 34 78 20 86 99 65 90 65 72 55 0 24
5 22 58 80 90 56 66 67 59 92 97 0 23
5 50 72 64 57 41 79 29 74 59 88 0 22
7 54 55 76 33 84 82 57 30 100 79 0 34
6 41 96 32 76 36 47 21 22 62 68 0 27
5 86 86 60 56 23 63 61 21 92 60 0 25
4 35 37 33 35 25 82 53 78 28 32 0 17
10 42 53 90 85 38 29 61 26 65 100 0 50
3 62 91 20 59 75 83 36 92 41 52 0 14
7 96 85 45 43 21 62 28 24 99 63 0 35
4 26 74 85 86 70 56 83 46 33 61 0 17
6 69 85 57 74 51 56 56 74 25 29 0 26
9 44 38 69 47 83 60 71 50 95 58 0 41
3 66 61 30 32 69 88 20 65 21 78 0 15
6 43 29 74 43 54 80 78 31 45 99 0 30
8 47 99 75 60 74 83 35 39 73 74 0 40
10 66 95 69 36 40 82 45 48 66 54 0 48
5 33 99 37 79 43 35 72 56 44 50 0 24
6 51 38 32 67 30 70 76 82 43 52 0 26
3 83 25 101 99 70 93 41 44 91 77 0 12
9 42 86 51 33 23 63 37 81 87 86 0 42
4 94 32 86 75 60 83 63 75 22 47 0 20
3 67 42 60 95 57 65 45 97 51 81 0 15
3 70 78 62 37 69 92 31 38 97 92 0 12
9 61 46 22 39 101 98 81 79 68 34 0 44
5 86 32 65 93 51 33 77 34 37 99 0 21
7 38 43 45 36 54 33 29 69 34 77 0 35
4 53 53 58 49 68 43 74 64 62 80 0 20
2 32 63 58 79 22 48 50 42 95 87 0 10
3 46 33 76 34 90 95 47 36 82 20 0 15
8 100 83 75 95 34 99 35 86 99 72 0 38
8 100 85 28 32 60 25 33 66 78 86 0 37
4 65 68 26 52 59 46 87 36 51 45 0 16
10 73 24 37 23 88 95 30 43 83 27 0 49
6 40 100 32 93 92 44 43 101 32 20 0 29
3 89 97 69 49 98 38 72 42 60 50 0 11
8 30 40 33 26 34 88 27 77 93 23 0 36
9 53 25 84 98 24 21 77 83 63 60 0 44
9 50 93 35 43 73 41 72 54 31 51 0 42
2 63 34 68 34 59 92 98 89 53 39 0 10
3 25 87 25 50 30 83 90 92 93 78 0 11
3 69 43 40 79 52 100 33 94 100 101 0 15
9 86 64 48 91 54 52 58 65 92 37 0 44
10 52 79 83 72 71 51 43 39 83 40 0 50
7 48 63 84 50 69 80 94 79 64 39 0 33
5 90 73 93 32 46 100 50 57 21 82 0 21
8 42 63 73 35 81 99 45 40 100 79 0 37
7 75 49 75 73 95 25 23 55 43 57 0 35
8 86 45 71 39 82 38 23 24 22 97 0 40
7 79 63 40 29 55 80 63 89 97 43 0 32
9 82 95 35 50 78 60 40 97 57 29 0 42
9 79 87 87 33 23 70 49 66 43 93 0 45
7 89 61 86 91 43 21 77 28 89 87 0 35
4 92 35 73 40 73 94 54 25 37 21 0 20
8 97 28 97 20 23 41 31 25 33 57 0 40
7 87 86 46 85 76 24 65 76 54 96 0 31
4 74 97 89 29 57 81 36 93 61 46 0 19
6 95 54 33 44 73 31 66 95 84 61 0 29
3 90 33 29 46 99 88 40 92 65 73 0 12
6 25 98 81 46 24 36 94 26 95 54 0 27
10 72 86 92 98 69 41 21 39 34 56 0 46
4 72 78 37 41 31 53 58 78 95 79 0 18
9 49 21 90 43 90 35 100 63 63 74 0 42
8 75 38 26 51 87 54 42 36 90 32 0 38
10 30 61 33 37 21 81 91 70 60 28 0 46
4 47 100 26 35 101 67 60 96 24 67 0 19
111 84 122 84 91 74 98 112 87 138
112 121 158 162 189 215 230 244 268 300
108 133 150 160 186 207 237 247 267 289
111 125 147 175 189 209 222 243 267 282
113 138 147 162 187 216 228 247 276 289
113 121 143 178 199 204 232 248 277 291
102 128 145 162 183 212 228 244 276 280
119 123 150 173 198 211 229 250 276 293
112 130 153 174 185 210 232 254 278 300
103 132 155 173 189 215 222 249 279 294
119 126 159 178 185 204 221 249 277 295
109 130 142 170 184 218 221 240 270 297
109 128 149 172 182 217 221 250 269 295
114 133 157 162 198 209 231 247 277 290
118 136 143 171 188 208 235 260 278 281
117 138 141 160 186 216 226 253 279 281
107 132 145 176 187 212 222 244 260 288
111 134 141 175 199 209 224 259 267 295
118 129 157 167 188 208 238 259 269 295
119 125 158 160 194 208 238 257 273 297
105 130 150 166 192 220 221 258 279 284
102 136 160 162 196 205 222 259 269 288
116 121 157 164 196 209 237 249 262 292
101 128 150 168 185 212 222 243 276 282
104 135 156 170 195 201 226 257 264 288
118 130 145 169 181 216 233 241 272 286
120 137 140 177 187 220 240 251 276 293
113 133 152 179 197 203 226 259 264 294
107 139 151 167 183 218 225 245 264 288
109 125 149 167 195 207 233 244 265 290
106 127 153 160 199 206 240 248 268 288
120 128 154 166 185 213 236 259 261 298
101 132 146 162 185 201 228 240 261 298
116 120 143 173 195 217 231 258 269 291
114 120 148 177 194 200 223 259 264 294
120 123 142 162 194 200 238 253 276 294
114 133 141 171 180 215 236 240 270 288
108 140 143 175 195 203 221 245 277 291
117 136 160 172 190 205 238 254 264 291
109 138 146 165 198 204 228 257 279 298
105 130 152 166 182 214 231 241 273 287
113 123 155 160 184 206 227 260 272 293
111 127 156 172 194 212 239 241 272 299
114 122 153 172 187 218 223 248 262 292
112 123 158 180 194 204 232 254 260 287
120 127 146 171 199 206 235 254 280 299
108 137 148 161 199 209 231 249 276 291
107 135 152 179 197 200 222 252 268 286
107 126 156 175 194 200 223 241 278 300
120 138 158 180 181 205 223 258 264 300
102 132 149 172 200 202 232 258 275 297
103 126 146 178 187 202 231 249 271 295
119 121 154 174 196 200 226 240 269 294
117 134 151 179 185 206 236 246 279 294
113 139 150 172 191 211 235 252 265 292
112 121 146 166 192 213 230 246 267 291
101 127 143 174 200 206 233 260 263 287
108 120 151 165 184 212 240 245 268 282
101 133 146 169 186 214 237 258 267 294
117 123 155 167 181 207 223 253 272 290
102 123 148 160 195 202 235 240 263 297
117 136 159 179 198 215 229 255 275 287
115 134 148 161 192 218 222 256 273 280
113 128 158 166 184 209 227 243 270 294
112 123 155 168 195 206 220 242 262 290
113 135 143 175 198 207 238 251 268 285
106 136 151 164 182 212 228 254 267 285
110 129 154 165 197 202 224 255 266 287
111 129 143 176 187 217 238 252 278 282
117 131 152 166 190 209 228 248 277 283
120 140 154 179 189 219 226 247 262 295
119 134 140 178 195 206 237 246 265 284
117 134 155 178 183 215 230 255 277 283
101 131 160 172 188 208 221 255 265 290
115 132 149 163 187 200 230 246 274 282
100 135 145 172 197 214 240 241 264 298
107 122 141 171 190 204 229 240 271 294
101 136 148 160 199 203 228 241 276 281
110 137 140 180 195 215 228 253 275 284
105 126 155 165 197 214 222 253 278 298
104 137 158 177 198 211 231 251 278 285
102 120 149 172 184 200 233 252 272 283
102 120 156 180 195 203 236 260 267 294
105 125 157 167 183 213 221 253 261 288
115 135 144 163 189 210 234 257 267 292
109 138 150 179 181 201 230 242 272 293
105 128 142 177 180 207 224 241 264 281
102 130 146 169 194 220 227 260 265 292
110 138 148 174 194 211 222 255 269 300
118 134 150 170 200 204 220 253 274 288
114 139 152 171 185 200 228 241 266 300
103 140 153 179 191 216 240 247 280 300
108 129 148 174 190 220 225 251 267 282
115 121 145 168 188 202 231 254 278 285
110 127 142 172 182 208 234 248 270 298
107 128 152 168 199 212 235 252 271 284
105 136 150 165 190 209 239 258 267 288
105 126 157 171 186 209 221 249 264 286
117 137 150 178 182 209 226 243 260 296
104 125 150 172 199 201 228 253 264 298
107 126 158 172 195 214 226 251 278 290
114 122 160 164 182 218 234 243 280 287
108 134 155 168 199 219 240 248 266 285
112 130 152 180 187 207 234 244 262 299
111 122 147 160 197 206 230 251 267 298
110 134 143 161 199 203 225 250 280 288
117 128 142 179 194 212 221 248 271 283
112 120 145 174 198 209 236 243 267 295
101 125 144 177 180 206 233 253 263 288
100 138 155 164 194 220 226 255 263 292
109 125 155 180 195 218 235 246 280 287
114 120 143 173 192 217 224 260 269 288
120 122 147 164 187 207 232 260 275 287
110 135 149 175 180 208 232 249 271 288
105 121 154 172 195 220 238 240 277 289
118 131 140 167 193 220 223 259 271 296
113 126 154 178 183 210 226 254 277 299
100 125 150 180 181 210 228 240 275 292
104 140 148 179 187 207 235 252 276 284
112 127 160 174 182 219 224 249 270 286
120 138 140 167 188 218 240 244 276 285
113 122 149 174 191 213 223 252 274 282
119 137 150 180 196 204 227 256 262 289
114 129 156 160 181 208 231 252 272 283
112 124 152 161 195 201 234 252 261 288
116 123 150 174 182 214 230 250 273 297
117 128 145 172 182 201 235 260 265 283
109 125 153 171 182 216 223 249 266 287
110 127 158 167 191 202 228 251 261 296
113 135 157 177 185 208 233 245 269 290
111 120 152 161 180 206 231 243 265 297
120 138 140 169 186 215 230 241 275 282
113 137 158 177 180 200 238 240 280 287
103 120 148 178 198 204 240 256 272 286
116 137 157 177 181 207 222 241 278 300
112 126 157 163 197 217 225 257 270 291
102 121 158 175 189 217 222 248 263 299
106 132 144 170 194 212 220 255 271 290
108 132 158 165 195 204 232 257 278 289
109 124 157 164 192 206 234 258 268 292
107 132 142 163 192 200 240 250 280 290
106 125 147 173 197 209 228 241 269 284
120 120 153 166 183 204 229 241 260 293
115 126 149 163 186 216 240 240 271 292
110 123 153 173 182 217 231 246 276 288
101 122 153 164 196 208 220 243 275 295
103 120 156 172 181 200 238 244 261 298
102 121 151 173 198 217 227 256 271 298
119 138 157 161 199 202 240 256 266 296
113 133 154 166 187 207 228 246 279 296
110 129 154 178 190 207 225 243 269 298
114 131 148 166 187 209 232 253 260 285
106 135 142 168 185 200 222 254 280 289
101 124 154 176 195 211 228 252 260 281
115 131 160 180 184 204 240 242 264 281
114 136 142 171 184 201 240 251 275 291
117 135 146 176 199 215 228 257 260 299
111 120 160 172 180 212 232 241 280 280
111 131 152 175 191 214 227 259 266 297
105 128 146 170 187 213 222 249 280 294
118 122 143 167 187 202 238 253 269 283
102 137 141 166 194 216 220 250 268 300
120 124 141 166 191 219 224 258 267 293
100 128 142 175 185 217 224 241 271 296
118 131 159 162 186 214 236 253 280 293
118 138 145 170 193 215 226 251 261 300
104 129 157 167 191 201 223 254 272 289
109 125 141 170 196 213 228 245 261 286
108 132 154 173 180 213 235 246 280 300
103 125 154 171 183 206 222 257 262 280
120 139 153 178 191 219 220 245 267 292
119 130 145 160 189 212 231 248 265 293
101 120 151 165 200 212 233 256 273 282
103 122 153 179 200 201 239 243 269 299
113 132 146 176 193 218 229 243 273 280
110 130 151 179 184 214 230 260 269 280
110 137 151 167 191 211 229 260 274 280
111 128 149 169 196 210 235 247 260 296
104 137 141 167 180 219 240 243 277 280
110 134 154 164 200 206 231 248 264 298
101 127 158 176 180 203 236 258 276 281
110 124 154 170 195 211 237 259 260 292
113 132 156 177 191 213 221 253 268 283
105 135 141 174 197 218 229 244 276 282
110 136 140 174 198 216 223 250 260 290
115 133 158 177 182 204 221 246 260 295
116 135 146 171 191 215 235 247 270 285
109 122 143 174 196 218 226 259 276 294
109 136 151 175 188 212 220 253 266 295
119 137 142 171 197 209 238 260 263 282
103 125 160 180 193 212 221 246 273 290
114 126 141 176 186 218 231 242 277 289
107 138 157 174 185 207 240 248 272 288
109 131 153 164 183 200 238 258 269 280
109 121 159 173 198 207 222 248 261 281
111 139 141 167 182 211 226 257 276 284
109 129 141 165 184 214 239 252 264 287
101 135 147 180 184 207 229 258 261 289
117 123 152 166 198 218 235 253 279 291
117 137 141 171 180 212 220 257 277 290
116 122 158 166 181 203 225 250 271 294
120 134 156 165 185 215 235 243 268 299
116 134 140 178 181 218 231 245 273 289
119 124 155 163 200 211 230 241 275 282
114 123 142 179 193 219 239 243 262 286
107 127 143 176 182 209 224 253 273 299
102 125 147 171 182 207 233 255 263 292
109 125 143 161 181 205 230 249 272 298
107 125 153 177 196 214 223 247 266 289
103 130 160 175 181 201 236 245 264 299
116 132 145 168 189 203 232 242 264 299
116 139 144 177 200 206 234 243 277 298
119 120 154 166 185 219 227 243 265 297
110 140 153 172 197 208 239 257 267 284
112 129 141 168 183 219 234 255 263 298
115 134 155 178 186 213 226 242 268 299
115 139 153 163 192 206 235 245 280 296
107 131 142 172 180 204 222 242 271 280
105 133 144 180 181 208 229 250 262 297
115 139 145 177 182 215 236 246 266 289
114 128 145 161 198 214 234 249 268 297
118 135 144 172 194 205 226 255 275 291
102 128 149 162 196 215 228 242 276 290
106 131 149 162 190 210 239 260 267 283
115 123 151 172 197 211 236 254 263 285
102 140 148 176 182 219 223 257 273 293
114 138 145 162 184 200 221 251 264 288
106 127 160 173 198 204 232 257 270 286
119 122 146 166 189 220 238 244 275 294
106 122 150 176 184 201 234 247 276 283
109 129 145 163 184 206 237 259 277 290
105 139 158 177 188 211 227 240 262 293
114 121 142 161 196 209 233 243 264 287
119 132 146 178 192 214 225 243 260 283
107 137 160 168 197 220 234 247 274 280
102 134 158 172 181 209 238 244 268 280
116 123 143 169 188 209 232 259 272 295
110 122 140 179 190 209 240 258 278 300
119 131 142 175 188 211 226 252 262 290
111 138 155 163 191 204 220 251 270 292
114 123 157 163 184 207 223 249 276 293
113 140 157 180 200 206 237 244 279 288
111 126 158 165 195 214 231 240 260 282
113 132 145 163 189 202 228 248 280 283
101 120 144 166 184 203 236 249 260 280
117 136 154 167 197 220 237 258 267 283
107 128 155 168 195 201 226 240 263 280
109 120 158 164 192 204 237 259 272 298
112 123 143 175 199 217 240 246 273 281
103 122 148 176 187 217 236 256 260 293
102 124 140 160 196 217 227 257 269 281
109 128 148 178 187 212 227 248 267 290
115 131 140 177 196 215 235 250 270 297
120 126 156 176 183 211 226 257 270 285
110 137 143 167 186 203 226 244 272 289
101 139 159 162 188 213 221 255 280 285
113 134 142 176 193 202 223 245 261 291
106 125 157 164 193 214 228 244 268 292
112 124 147 162 183 212 236 255 277 292
102 129 153 171 197 203 227 259 277 295
101 138 142 168 183 217 235 256 262 294
118 123 154 176 190 206 240 244 273 291
107 122 153 175 195 214 231 259 274 298
118 140 154 164 197 215 238 260 276 298
105 131 147 165 181 212 238 249 270 298
114 128 146 173 199 211 237 243 279 280
100 130 142 174 196 206 228 258 279 288
102 121 150 161 182 215 239 256 263 294
117 127 141 165 200 219 231 255 278 280
120 135 144 169 188 203 220 250 265 280
105 128 149 175 191 207 223 246 271 296
117 140 157 175 196 203 237 246 279 298
117 126 142 170 193 220 233 244 263 296
118 136 149 165 182 206 234 241 276 290
113 126 151 165 185 219 222 242 278 292
107 135 160 172 197 217 226 240 271 288
120 123 142 160 192 201 232 240 273 300
116 125 151 168 195 205 223 244 274 293
111 134 144 166 191 209 225 243 270 296
103 123 160 166 198 216 220 244 279 287
112 130 142 160 181 206 232 252 279 281
100 124 154 163 193 211 224 241 280 290
106 129 149 169 199 208 235 251 275 292
117 139 152 168 188 209 229 256 268 299
120 132 160 165 185 213 237 247 262 294
110 127 153 170 193 210 222 259 273 282
111 124 148 171 194 215 234 254 276 280
106 124 150 172 182 210 223 254 260 285
106 124 149 160 191 211 223 243 277 293
119 136 145 177 180 212 226 247 260 285
103 132 141 160 191 201 222 248 264 297
113 121 159 172 186 200 224 259 270 293
104 136 142 176 183 208 226 256 261 286
109 136 156 177 199 205 229 243 277 297
103 126 141 172 183 212 228 254 277 292
116 137 160 169 186 214 238 244 267 294
110 132 154 162 199 215 238 242 273 287
107 130 142 164 184 219 232 247 274 291
115 123 152 178 187 205 237 251 265 288
109 125 149 161 193 217 233 247 276 286
101 135 159 178 193 213 235 248 280 282
109 136 148 161 184 209 232 259 280 295
104 137 158 165 180 219 231 247 274 288
104 132 143 178 181 206 228 245 268 285
100 135 152 176 188 206 221 242 274 292
117 130 145 164 198 209 237 248 261 292
101 138 152 165 180 218 234 258 277 284
119 133 140 168 186 217 237 260 275 295
109 128 154 177 188 217 237 243 269 281
108 124 140 161 186 218 220 255 274 293
109 122 157 168 199 212 220 256 279 293
115 133 151 166 199 206 236 256 277 295
104 124 144 173 194 219 238 249 270 300
116 138 159 178 192 209 220 246 273 282
108 128 142 173 198 204 227 241 268 299
109 130 149 161 181 212 228 243 266 295
110 134 141 171 191 217 220 256 280 296
114 133 148 174 189 217 223 255 260 282
112 130 154 168 190 200 223 244 278 286
106 125 140 168 187 220 225 255 271 287
117 122 145 177 197 208 238 255 269 294
103 130 151 174 186 206 222 243 263 280
119 135 149 179 191 218 222 254 265 283
100 137 143 160 181 217 234 259 280 293
119 122 155 173 189 208 234 240 262 289
113 132 149 178 188 205 240 245 272 280
102 120 152 168 183 213 221 243 265 287
101 133 144 170 200 220 229 247 268 300
120 132 158 167 189 212 238 254 277 280
108 134 144 173 182 217 238 251 265 288
120 121 140 178 188 220 237 245 269 291
120 127 144 166 190 213 237 257 276 298
118 134 145 178 193 213 221 256 271 286
118 129 141 177 189 216 235 245 261 299
111 129 155 169 186 203 231 243 268 281
112 136 157 167 183 202 232 240 265 288
112 139 156 176 198 205 238 249 266 296
119 132 155 163 197 218 228 251 280 298
115 123 155 164 189 200 230 251 272 292
118 121 145 178 181 219 223 254 265 297
107 138 145 178 196 219 238 246 267 297
115 132 152 165 181 215 236 251 277 288
111 140 142 180 186 202 224 241 269 299
113 139 156 162 182 211 237 246 273 284
105 139 155 175 181 200 236 256 265 285
110 124 147 160 182 204 238 248 280 289
114 124 145 176 197 213 232 257 264 290
100 123 155 169 196 216 239 241 269 292
118 131 148 180 192 206 223 251 277 296
112 140 140 165 195 205 239 253 263 281
117 126 155 164 186 206 225 256 267 287
100 126 150 167 181 212 220 248 268 295
108 130 149 162 186 217 230 246 266 281
110 139 151 165 182 213 228 243 261 287
106 127 142 180 189 220 234 241 280 290
106 122 154 160 200 219 225 244 261 297
113 124 143 180 182 211 220 241 264 283
110 122 150 173 184 218 235 260 264 299
112 123 140 179 195 211 230 248 279 299
114 120 147 162 184 211 234 250 276 283
111 140 144 168 188 208 220 257 267 297
117 136 147 169 192 204 238 259 265 281
114 132 157 161 185 204 224 244 262 296
104 133 156 162 199 217 222 242 273 291
103 132 155 165 197 211 221 250 275 290
120 122 143 170 194 201 235 258 277 280
106 130 159 162 191 207 230 242 276 299
104 131 152 174 183 211 238 259 269 288
103 136 145 169 193 204 240 256 277 296
108 136 160 174 200 206 239 244 275 289
119 132 141 168 195 206 237 248 268 296
119 120 153 170 187 201 225 260 264 281
113 140 141 171 195 216 233 242 260 285
101 133 143 167 184 216 222 243 279 293
119 136 150 168 193 220 228 259 267 299
110 120 151 167 194 201 220 255 261 295
110 135 160 175 188 215 225 250 270 289
103 127 156 179 191 215 239 258 276 283
101 124 156 177 193 204 229 241 271 284
105 136 154 175 191 208 228 257 277 296
105 124 149 179 181 202 224 246 277 293
114 128 156 175 193 202 234 244 260 291
101 129 145 175 180 203 222 250 279 291
100 140 148 167 189 215 228 259 279 281
107 130 150 161 193 212 233 251 279 285
105 129 156 176 184 207 236 256 261 297
108 121 155 170 188 213 223 259 269 295
100 128 151 169 187 214 237 240 278 281
112 133 144 171 194 211 238 253 268 293
107 137 159 166 193 215 238 247 263 288
108 136 159 166 189 216 222 252 267 282
114 122 160 160 184 202 236 258 274 288
118 135 159 168 187 217 238 253 263 294
105 125 160 179 200 211 235 255 261 295
110 130 144 178 190 206 235 251 272 294
116 135 160 170 191 202 236 258 264 296
112 123 141 168 193 203 237 244 265 294
109 126 147 170 192 216 232 248 275 289
111 131 159 163 198 215 228 240 269 290
116 121 157 167 190 202 236 258 264 297
113 122 144 160 195 205 225 245 273 282
108 139 141 177 199 218 231 244 278 282
109 125 158 180 197 212 233 243 265 285
115 128 155 170 197 201 227 252 275 281
116 128 154 172 189 207 227 245 262 293
116 121 155 173 197 218 239 248 262 287
114 138 148 180 197 213 227 250 277 300
109 123 149 164 183 207 233 250 274 296
107 128 150 171 189 203 223 247 265 297
106 130 144 167 191 208 238 257 275 281
112 129 155 164 200 209 232 250 269 288
110 132 154 174 194 200 238 255 273 289
107 126 154 167 189 206 238 241 265 282
117 126 149 164 195 205 239 254 276 289
109 128 144 164 199 204 223 258 262 288
100 122 148 164 187 212 234 260 266 300
116 120 153 179 191 204 231 248 263 285
114 129 159 167 195 206 220 259 269 290
118 135 140 172 190 210 237 249 268 284
102 130 150 160 192 219 236 247 280 282
115 128 146 179 188 214 238 256 274 298
105 134 142 178 181 217 231 247 260 285
104 127 142 170 180 216 237 243 268 289
113 133 145 176 189 206 222 251 262 290
112 125 160 172 193 205 236 242 277 292
111 138 151 179 183 206 231 251 271 283
111 133 150 180 191 217 225 246 270 297
109 123 141 176 182 212 239 244 265 282
103 140 151 178 189 204 225 249 262 299
104 126 154 160 187 214 232 242 268 281
106 139 148 174 188 206 233 260 267 289
104 128 140 162 200 200 236 255 261 291
110 139 160 177 187 210 221 256 273 298
115 133 152 172 190 212 240 243 278 283
105 133 158 179 199 216 238 250 279 289
104 136 148 175 197 204 224 259 262 286
110 134 149 160 197 214 229 244 271 290
116 140 144 167 185 217 234 242 265 295
116 140 149 171 180 208 238 240 276 288
117 133 155 171 188 206 234 258 262 284
118 126 146 164 180 207 231 255 263 293
119 124 143 180 195 204 234 242 261 281
114 127 159 174 199 211 223 259 276 300
110 126 157 174 180 208 235 252 270 290
120 134 151 179 187 211 223 253 263 281
110 137 148 160 190 218 230 240 278 280
112 127 148 166 194 204 236 256 270 300
108 130 147 180 197 210 237 260 275 294
103 130 150 170 194 201 232 259 260 291
103 131 158 168 190 207 229 250 275 299
117 122 147 170 180 208 234 240 271 284
112 133 145 177 190 220 220 240 262 290
113 136 151 172 187 205 237 252 269 296
103 136 157 163 181 213 224 249 261 285
109 129 145 179 186 214 224 240 278 281
109 126 160 174 191 211 239 254 263 287
111 132 155 160 199 213 235 248 271 282
106 120 143 180 181 219 239 258 267 285
119 134 159 179 186 215 229 255 279 292
113 125 144 160 180 216 233 243 276 280
101 132 160 165 195 200 226 251 276 299
108 138 149 176 181 210 240 248 265 286
108 130 152 167 183 203 227 250 262 295
117 135 152 165 191 206 230 252 274 290
109 134 148 180 197 220 234 250 262 285
115 124 143 175 183 202 231 259 268 299
105 124 158 160 196 204 232 240 277 292
112 121 147 167 194 203 221 257 280 286
105 139 154 166 184 209 233 259 262 300
107 138 155 170 181 206 236 252 263 300
109 137 145 167 188 215 225 257 267 283
117 123 150 163 196 207 239 251 272 282
112 124 144 170 192 216 222 248 263 280
106 122 159 164 199 214 227 259 273 290
111 140 150 180 182 205 227 260 269 286
107 130 142 169 191 204 224 245 270 297
111 129 145 171 191 212 232 249 274 280
108 127 154 171 200 216 228 241 278 292
111 123 157 161 190 216 232 257 269 293
106 121 143 175 180 210 224 253 261 293
110 132 141 166 187 213 220 241 264 290
114 128 155 171 184 209 234 249 267 300
116 124 159 173 197 215 226 253 277 294
100 131 159 163 196 208 229 257 270 288
120 135 149 173 189 219 236 254 260 286
119 130 152 160 187 216 238 241 262 283
112 134 152 160 196 208 238 247 272 298
101 124 144 160 198 220 236 241 260 297
102 129 158 160 199 218 225 249 264 299
104 138 143 160 185 214 235 254 263 283
107 120 156 174 185 207 221 259 275 298
102 128 155 178 180 201 230 254 276 297
105 128 150 174 184 207 236 248 265 298
119 127 149 171 195 210 236 243 269 297
103 137 146 173 189 201 222 245 267 293
117 130 141 168 187 217 224 251 262 284
119 123 154 167 195 215 227 244 269 283
104 122 143 168 192 205 238 252 275 297
106 127 147 160 186 208 226 252 262 294
112 128 140 161 193 202 230 258 279 283
113 136 148 167 190 209 228 242 262 287
118 124 156 174 182 203 222 254 260 293
113 131 140 172 182 214 225 240 266 287
110 135 143 167 193 208 223 257 268 281
109 133 156 172 198 211 225 240 261 284
115 134 157 180 189 203 236 241 280 283
101 123 141 169 196 211 224 244 262 289
106 120 158 160 196 201 221 251 279 291
111 136 151 165 194 200 236 244 274 287
101 129 144 167 191 209 222 241 262 294
118 138 155 172 200 208 240 255 280 294
102 122 160 180 191 214 228 252 261 299
110 123 140 173 191 213 222 260 275 298
107 128 140 161 187 200 230 254 263 294
107 131 158 173 200 209 231 242 278 286
106 123 145 165 183 209 231 256 279 287
116 137 157 178 184 205 221 251 265 297
115 140 147 164 197 213 233 243 268 300
101 135 160 161 193 211 235 247 273 299
110 124 142 165 193 213 237 243 272 299
113 137 140 175 191 214 230 256 267 288
118 126 147 164 192 202 227 260 273 297
112 126 152 160 200 207 230 256 269 300
110 131 141 179 186 204 225 250 274 294
115 122 148 176 187 220 240 240 279 280
100 124 143 168 198 219 222 254 274 295
100 134 144 177 185 214 231 240 273 288
117 133 149 178 197 213 225 257 264 299
119 132 157 170 185 206 236 256 275 297
115 134 155 179 198 203 225 259 261 287
112 126 144 180 192 205 236 243 262 281
109 124 142 162 186 215 226 243 266 298
102 126 143 164 195 220 231 242 275 300
118 122 149 169 183 211 239 243 276 287
102 130 154 180 189 204 220 250 261 291
103 131 155 178 193 211 240 248 260 282
102 131 157 163 196 203 223 242 260 281
105 122 144 172 197 206 237 243 280 300
100 139 147 169 181 214 224 249 274 291
107 137 141 162 191 207 234 241 270 287
104 131 142 176 200 200 221 260 267 297
101 132 143 174 180 203 233 245 269 282
108 133 154 167 185 202 225 252 265 298
110 129 154 176 197 219 231 255 264 296
113 125 152 170 196 211 231 254 271 295
103 134 158 180 181 205 235 259 278 288
112 135 159 170 196 209 236 248 279 288
120 123 152 169 189 214 232 251 265 300
101 137 148 168 186 203 222 252 280 286
110 121 153 174 183 217 226 254 272 292
117 133 148 176 186 204 225 244 273 280
116 120 141 162 194 211 225 245 269 286
105 123 156 164 197 220 223 246 270 290
114 137 145 166 190 204 231 245 268 286
113 121 143 179 199 207 226 260 261 289
118 124 154 168 193 220 233 248 274 280
120 127 160 176 197 205 240 251 266 281
100 130 141 177 198 209 233 240 279 284
119 140 146 162 193 216 221 248 280 296
103 122 141 174 197 213 220 242 273 297
108 129 156 169 200 214 228 251 265 280
107 140 142 166 198 200 234 245 263 300
105 121 158 167 198 206 226 255 268 287
116 121 152 166 186 215 226 243 275 298
113 133 142 170 192 219 238 246 267 283
104 136 156 165 183 206 228 257 270 281
120 122 158 175 196 205 224 256 278 285
116 120 151 175 183 215 224 256 265 300
113 140 142 177 192 200 227 253 280 292
100 121 154 169 183 204 239 245 270 293
109 127 150 170 196 205 235 249 268 294
102 139 148 178 199 205 223 257 273 283
101 126 143 169 181 206 228 243 264 300
100 122 148 165 184 207 227 246 275 294
116 137 141 172 184 220 220 251 278 298
110 131 146 170 198 209 235 259 264 288
103 127 159 166 190 212 230 258 264 292
108 137 148 176 182 220 227 242 278 288
109 128 143 168 190 212 231 254 260 296
112 138 149 172 197 205 240 249 262 287
118 129 147 165 194 204 220 248 272 291
118 124 148 174 197 205 234 260 262 297
116 138 155 172 198 201 233 242 268 298
114 124 146 166 199 217 220 259 267 287
106 125 156 160 194 205 239 260 263 291
114 131 146 168 188 209 238 257 280 294
103 138 151 169 198 208 226 251 275 297
111 139 149 179 189 215 232 244 273 294
104 128 160 177 180 212 226 246 262 294
115 139 148 170 187 219 228 245 262 294
116 136 142 168 197 207 223 259 265 284
104 124 148 163 185 219 240 240 273 281
113 140 151 164 191 213 220 256 269 290
110 124 149 170 187 203 238 258 280 299
109 126 156 179 191 206 229 243 278 298
117 120 154 176 185 206 231 243 267 300
115 136 155 179 199 215 231 241 263 282
104 140 157 179 184 212 234 249 271 287
102 135 149 170 199 200 231 258 262 287
103 131 158 178 198 214 233 242 262 281
108 132 159 170 180 208 220 241 277 299
107 134 143 174 192 220 225 241 274 296
102 124 155 164 183 210 226 241 280 284
107 123 145 168 183 219 240 260 275 289
112 134 140 171 187 219 225 254 276 287
108 139 143 161 193 213 225 257 264 284
112 127 154 161 190 216 240 251 268 292
103 123 145 176 200 207 232 259 275 290
113 127 156 162 188 212 223 259 260 285
106 137 143 179 181 208 229 255 274 295
109 123 154 179 193 205 220 258 272 298
105 130 156 162 189 203 237 252 261 284
107 128 146 174 190 208 226 255 270 284
102 126 150 164 182 204 222 242 267 289
114 135 154 169 197 219 234 256 270 289
113 125 158 165 188 209 228 241 266 299
112 129 140 164 191 211 225 257 267 287
111 138 160 168 181 203 226 243 278 286
105 123 141 175 183 217 236 250 271 282
115 126 148 162 199 205 223 242 278 299
111 130 152 176 194 206 230 248 269 283
118 136 144 177 184 213 222 252 272 299
110 120 148 180 199 205 226 241 262 286
112 125 149 166 199 204 230 249 271 291
118 130 157 176 190 209 233 255 277 291
114 122 150 168 190 209 240 254 278 288
111 123 160 175 190 200 230 243 262 284
118 124 141 175 198 216 226 256 276 298
116 134 156 173 194 202 236 243 275 294
113 138 152 171 193 207 228 256 280 291
115 126 141 170 180 220 235 257 267 294
103 122 154 173 180 211 234 240 263 300
109 131 142 175 198 204 237 244 268 289
105 127 155 162 199 213 238 259 275 292
108 121 145 177 200 200 231 250 270 291
110 131 158 163 196 210 224 249 272 294
109 136 145 171 185 205 239 251 268 292
118 124 160 172 196 209 225 248 263 295
115 123 160 162 198 219 235 250 264 297
101 134 145 162 181 208 222 251 266 294
115 138 141 178 194 204 239 258 274 284
110 124 151 179 192 207 230 245 270 294
112 138 159 169 182 214 230 255 274 296
118 124 142 175 191 212 224 254 264 287
110 121 147 171 197 206 225 247 270 298
104 139 141 165 184 215 238 249 274 291
102 123 144 175 198 207 239 260 273 280
119 138 142 162 181 210 224 244 260 285
103 138 151 165 187 218 226 255 276 290
111 139 141 176 200 216 220 259 268 299
118 135 159 166 180 210 226 253 270 291
115 120 149 171 188 204 228 252 280 297
108 128 149 161 188 212 240 245 262 284
100 125 155 176 195 218 237 251 280 288
118 133 151 162 185 205 227 255 267 282
108 126 158 167 189 204 220 253 271 289
102 121 145 163 200 212 236 243 272 286
105 123 151 177 180 220 220 252 279 295
114 140 144 180 184 211 231 240 267 290
105 123 145 176 196 212 220 247 266 291
104 133 146 161 187 200 220 249 275 289
101 135 156 175 186 209 235 259 280 284
113 137 159 169 183 202 232 242 280 292
114 123 142 169 187 206 228 246 272 294
101 140 157 160 185 204 235 255 268 283
112 138 153 160 185 205 229 255 263 288
105 130 144 168 182 207 229 252 264 283
100 121 146 171 184 213 227 240 269 292
104 124 143 163 187 208 230 253 264 294
102 137 144 162 194 203 231 244 268 291
108 131 159 163 194 214 238 248 263 300
120 126 140 179 189 218 231 260 265 286
120 140 142 166 198 219 238 240 267 291
119 140 158 176 188 214 235 253 267 298
118 134 154 177 199 217 233 247 278 284
107 130 140 171 198 212 239 242 270 290
118 122 145 176 182 212 235 251 264 294
104 132 153 164 185 210 234 257 272 286
120 129 157 162 190 201 239 247 275 282
111 128 151 169 184 201 239 251 274 300
102 128 155 174 190 201 222 242 275 292
114 125 160 176 188 216 222 260 268 295
114 137 152 173 198 220 240 249 279 291
119 134 153 163 199 201 235 259 278 290
101 137 144 174 195 213 238 259 276 289
113 134 155 161 190 217 224 247 265 280
102 128 152 174 189 215 228 253 276 280
104 137 149 173 184 202 240 260 262 299
120 134 143 179 187 206 234 245 265 281
100 122 142 170 196 206 231 255 276 300
113 123 155 174 186 200 233 244 261 297
106 126 141 169 186 201 223 249 264 281
111 131 151 166 194 217 222 242 268 300
115 128 142 174 182 219 237 256 274 285
103 128 146 167 199 205 227 245 260 292
117 130 140 167 187 211 231 254 263 284
103 129 141 168 194 215 227 259 264 280
101 124 148 162 192 216 232 245 278 292
108 136 155 167 190 217 224 242 260 296
100 121 151 165 200 212 220 247 277 280
105 124 143 171 196 205 222 260 276 299
103 129 158 169 185 204 221 249 271 297
116 124 147 170 181 218 226 247 266 299
100 135 156 179 195 216 224 248 265 299
118 138 140 162 188 215 227 260 272 295
118 135 151 160 185 220 239 254 264 294
112 131 152 164 181 217 229 259 262 286
102 140 159 177 180 208 235 240 262 296
115 132 160 177 189 206 221 252 265 290
106 140 146 161 191 206 227 242 268 294
118 125 140 177 194 214 237 245 266 296
110 133 149 177 191 217 220 245 263 297
102 132 155 165 195 213 234 259 279 298
115 136 140 160 193 216 240 259 265 290
103 134 140 167 199 218 236 259 262 291
107 131 157 179 200 218 229 242 279 284
117 136 158 177 181 218 228 243 272 300
116 132 149 176 192 201 235 242 275 296
115 137 146 177 193 207 239 258 279 293
108 123 152 176 197 208 237 249 272 299
114 121 159 160 182 214 224 250 262 295
111 121 148 179 191 204 236 251 280 294
119 128 149 166 183 205 237 241 273 289
106 122 144 168 185 210 233 250 269 286
112 131 147 171 190 204 236 240 272 296
108 130 148 161 196 220 236 244 280 283
113 124 140 162 184 217 221 254 266 299
119 126 160 172 187 205 220 257 275 294
113 122 158 177 194 216 222 252 260 294
107 134 156 177 189 207 223 251 278 283
112 136 141 180 183 212 234 260 275 289
107 133 157 171 185 203 222 245 277 286
100 127 144 161 193 216 239 256 269 300
104 124 149 175 188 202 230 246 269 287
112 123 142 167 181 204 222 257 277 295
107 133 156 176 200 209 240 245 272 298
112 121 156 162 189 217 230 256 273 298
118 125 151 161 198 210 234 243 277 297
105 121 153 179 189 201 220 260 262 280
107 132 160 172 182 220 234 260 278 292
103 132 154 166 200 215 236 258 263 280
115 127 149 171 184 208 231 259 275 284
103 125 147 174 183 200 235 247 270 294
105 136 152 169 193 201 229 247 264 288
117 134 144 173 196 209 232 245 278 292
110 123 140 178 198 207 236 243 271 289
112 122 147 170 198 208 226 245 266 288
101 129 154 177 196 204 224 248 264 283
113 128 150 167 183 218 236 260 261 281
109 139 144 170 196 213 226 241 264 288
108 127 142 164 191 208 231 258 279 300
120 129 152 173 194 210 237 254 260 280
105 136 159 167 190 207 224 251 270 292
114 121 155 171 200 212 236 260 278 295
109 134 155 169 194 210 222 255 274 292
110 131 157 165 191 220 230 249 273 299
113 123 147 177 194 216 225 254 279 288
113 127 159 161 190 209 228 245 278 289
110 121 152 160 193 219 237 260 265 296
117 134 154 174 183 215 237 255 271 288
105 128 140 179 196 206 238 259 273 286
117 137 142 178 200 210 222 254 266 297
118 127 153 175 193 200 228 244 269 284
116 127 144 174 182 201 236 245 267 289
101 139 159 164 186 211 233 254 272 285
110 135 154 175 198 201 234 259 270 299
113 132 146 168 188 205 229 252 267 292
104 138 148 166 189 220 236 253 276 292
102 138 145 164 200 212 223 253 277 295
113 124 149 166 194 204 229 256 275 283
115 124 144 164 192 204 221 257 267 299
106 131 146 172 181 208 224 247 277 280
104 140 141 174 185 214 222 243 266 298
120 136 157 175 189 200 236 243 268 298
117 126 146 169 193 218 225 241 279 287
117 128 151 179 188 209 228 250 268 294
106 135 149 165 196 206 223 259 276 287
103 120 149 180 182 209 229 240 273 293
108 124 148 179 198 201 228 259 272 297
118 133 154 174 181 203 231 250 269 281
111 126 157 176 191 213 231 255 280 292
108 127 141 174 194 209 237 249 271 287
115 134 160 177 190 207 225 249 270 288
108 122 160 178 197 214 232 258 261 287
112 139 155 172 192 220 235 257 273 298
109 120 160 177 200 201 220 240 268 281
115 129 148 165 192 212 227 242 266 282
107 130 154 178 184 201 223 245 277 286
120 133 146 161 183 205 234 243 262 299
113 129 154 164 196 203 229 241 275 292
108 140 159 166 182 213 228 248 277 289
114 126 147 173 187 217 237 256 271 295
113 140 154 174 192 210 225 255 274 290
114 130 150 178 197 206 231 245 273 294
111 122 152 174 189 208 227 241 265 298
116 128 156 164 199 204 232 240 278 300
115 138 160 166 199 218 236 254 266 283
111 136 150 163 190 200 227 258 262 287
100 124 144 178 197 215 234 253 279 289
118 126 143 169 190 208 237 259 262 289
113 140 154 169 191 205 234 248 267 293
101 133 141 164 195 205 240 255 265 289
120 124 155 160 196 211 227 249 270 298
112 130 152 160 193 213 240 240 278 291
114 130 146 171 190 217 228 250 260 298
109 133 150 175 192 219 230 244 269 297
102 133 140 172 189 204 221 249 260 287
115 127 154 172 195 211 224 242 263 293
103 136 152 175 197 218 238 243 267 281
102 139 155 166 198 212 228 253 265 294
118 123 160 170 194 204 220 245 279 288
105 135 146 170 198 213 223 253 270 298
106 128 146 171 182 210 227 240 261 281
101 121 151 179 195 211 221 252 270 299
102 136 149 180 200 216 240 241 277 280
105 122 148 174 196 201 220 253 275 284
106 128 144 178 182 213 240 244 263 288
111 121 146 168 188 213 233 257 270 299
108 133 159 160 198 218 237 242 266 296
109 134 144 166 199 201 237 260 270 291
118 136 143 167 180 214 234 252 269 288
100 126 160 164 191 211 227 241 270 299
106 125 151 162 186 216 231 253 267 281
113 126 154 177 182 208 240 257 261 289
104 126 146 162 196 219 230 259 267 288
109 139 145 170 200 204 220 260 276 287
103 130 142 170 194 200 223 257 262 292
102 127 157 165 197 207 226 257 274 292
100 123 151 175 189 218 231 255 279 291
113 121 143 175 186 209 221 241 276 285
103 120 146 172 180 212 222 259 260 288
120 136 159 172 191 217 239 249 263 284
115 140 145 180 195 207 226 258 268 293
119 132 153 178 192 219 238 251 260 299
119 124 145 176 192 210 227 255 262 291
106 139 154 167 198 205 238 246 265 296
111 123 160 161 183 211 225 258 274 280
110 123 141 179 181 201 237 252 271 296
106 129 146 176 197 219 235 247 267 294
120 131 156 171 194 208 226 253 263 297
105 122 156 178 182 214 220 259 276 294
110 126 158 174 181 200 229 242 276 300
105 134 142 165 194 208 235 243 268 298
111 131 145 167 192 216 222 243 276 281
113 127 144 178 200 217 233 251 276 288
119 121 146 161 190 215 222 255 276 289
103 130 145 160 187 216 237 258 268 294
100 125 149 178 185 206 224 253 272 297
119 139 159 171 186 219 230 247 272 298
116 127 152 164 199 216 232 244 280 286
106 136 153 173 182 204 232 241 261 288
118 133 155 170 193 207 233 242 264 288
101 125 153 177 196 207 227 252 270 289
120 135 147 165 196 202 231 258 273 287
105 140 158 164 191 210 221 246 276 299
115 128 156 162 180 218 239 256 269 290
104 130 156 179 200 200 236 252 280 285
110 135 142 161 194 209 223 243 264 298
104 127 155 168 180 216 228 244 272 298
119 134 142 178 194 210 238 247 275 300
104 127 148 174 188 207 221 242 265 286
112 134 141 169 199 205 225 251 266 284
102 140 160 162 189 219 237 247 271 284
115 126 153 177 187 218 220 242 261 293
107 136 149 172 187 206 237 246 262 295
119 128 144 167 195 202 227 247 269 293
108 122 159 168 185 219 238 250 274 285
116 125 149 174 198 217 224 260 266 295
116 122 140 177 200 219 223 258 277 295
111 137 153 175 191 216 238 258 280 295
113 126 145 175 197 204 222 240 279 292
109 133 151 180 193 200 239 241 274 292
110 139 145 176 198 217 229 246 267 289
106 137 147 165 192 207 234 250 271 294
101 140 148 179 194 203 240 245 265 294
115 123 151 172 193 219 240 248 271 281
101 127 140 163 195 212 240 252 279 296
120 125 158 160 199 210 224 249 267 300
115 139 150 180 189 213 223 258 267 290
102 127 159 162 186 209 220 240 264 285
106 132 155 180 192 217 239 258 264 291
111 126 157 162 193 207 225 242 276 282
112 131 153 180 184 208 238 255 275 299
102 125 144 163 194 209 220 247 263 280
115 131 159 176 184 203 234 240 278 291
111 135 145 163 192 205 228 245 264 281
100 123 149 160 198 217 235 255 268 282
102 120 160 165 187 202 226 244 267 297
113 134 151 164 189 202 237 258 265 288
103 137 147 162 181 206 223 260 272 287
101 139 145 162 196 208 238 250 276 299
118 131 146 171 197 220 239 254 268 299
102 134 157 179 197 219 220 258 277 292
120 137 145 173 181 203 240 246 271 284
102 126 149 171 180 216 239 259 267 299
105 138 153 174 180 216 236 249 278 296
106 140 145 177 191 208 224 240 261 291
102 139 156 160 196 219 230 246 280 294
106 136 155 162 180 207 220 251 270 284
114 122 149 165 184 202 240 244 280 291
103 134 148 167 200 203 233 251 280 286
105 130 149 175 180 213 240 260 260 299
111 126 147 179 197 212 227 249 277 295
105 136 149 162 195 212 220 255 273 287
113 133 150 168 188 204 238 249 277 287
104 120 154 174 198 204 225 253 280 295
103 132 146 177 191 214 234 248 261 288
105 128 142 176 189 219 229 251 266 287
104 125 150 174 197 213 229 257 274 281
118 125 152 180 194 219 240 244 279 294
100 124 155 179 195 202 240 255 276 297
100 132 160 162 186 204 233 242 278 297
101 135 152 172 192 210 225 259 277 282
105 134 158 163 183 211 237 241 261 294
105 122 143 162 188 209 222 253 275 295
109 125 140 176 191 218 238 245 279 286
114 125 150 177 184 220 236 258 277 288
102 124 153 163 199 220 234 257 277 285
117 136 141 175 200 212 232 255 260 292
108 131 144 180 184 214 225 258 274 297
102 120 143 166 184 210 235 248 271 284
104 125 159 172 194 205 223 240 267 292
110 131 146 170 189 217 229 245 265 296
100 140 140 161 190 206 221 244 277 293
100 132 145 161 192 213 240 249 278 286
119 138 153 174 188 201 230 252 268 280
120 131 153 169 185 218 222 247 278 290
109 124 143 172 187 211 220 255 278 280
117 135 143 164 187 203 225 247 278 295
120 131 156 163 186 208 227 240 262 293
120 132 155 160 188 217 239 258 260 298
120 132 157 174 195 211 236 246 280 299
116 136 156 176 186 206 220 258 270 295
113 128 151 160 187 208 220 256 261 284
115 127 148 166 182 213 237 254 262 287
114 136 148 165 194 203 240 256 261 284
110 121 149 179 188 218 238 249 280 284
107 140 149 160 190 210 235 258 262 286
106 126 142 180 199 208 220 242 265 284
105 140 148 168 196 213 236 253 260 293
102 134 145 175 186 217 238 260 278 283
112 123 157 163 180 203 240 249 273 287
118 128 150 167 185 206 232 243 267 297
120 135 144 178 190 202 239 259 273 290
102 123 151 164 200 212 225 253 272 295
107 134 151 180 199 210 232 258 268 284
111 125 159 161 181 203 237 256 276 296
102 130 143 160 196 219 238 260 277 291
119 124 146 174 199 219 227 243 275 286
105 127 149 179 192 218 236 242 280 283
112 131 154 177 185 215 221 248 262 281
116 134 152 180 190 214 232 252 269 298
101 127 143 164 196 209 223 241 264 294
109 122 140 162 182 212 220 254 278 298
111 127 159 161 185 205 237 257 271 294
103 128 150 180 198 212 224 250 265 289
108 125 140 165 180 211 228 240 268 290
118 140 160 172 181 203 237 255 271 283
109 139 148 171 199 217 233 260 269 293
114 120 143 176 187 208 232 241 272 287
104 133 145 164 195 215 238 249 275 293
115 130 142 171 195 218 237 260 280 292
120 136 154 163 188 205 227 250 277 287
108 127 145 165 188 202 222 260 276 284
102 129 148 179 184 219 229 251 261 294
116 129 156 167 183 219 238 260 262 285
111 127 156 180 180 209 234 243 262 296
112 134 145 164 184 220 223 249 265 291
109 124 157 172 184 203 240 247 273 283
111 127 146 171 189 202 240 254 261 280
106 137 147 165 182 200 237 246 278 288
107 129 144 170 188 214 221 259 269 291
100 129 144 161 196 206 235 240 266 291
108 120 158 168 184 204 228 258 275 291
115 140 144 171 196 212 230 247 262 283
107 127 148 177 200 217 236 241 279 298
117 131 148 163 196 209 229 253 275 284
102 138 148 166 184 211 236 247 271 297
105 130 153 164 185 220 232 254 262 286
119 132 157 177 190 207 232 254 271 293
100 122 144 170 198 213 222 249 273 289
110 139 154 160 180 210 225 247 274 299
106 131 146 160 199 206 224 251 273 300
104 128 150 179 188 216 226 241 263 285
108 133 158 175 181 219 239 249 264 284
119 131 141 178 180 205 222 250 270 282
119 120 159 163 192 207 239 240 262 298
118 130 144 165 194 203 223 243 261 298
106 136 140 173 196 214 229 248 279 285
118 121 153 174 195 215 229 254 266 295
107 140 160 179 184 216 237 259 261 296
104 121 142 161 180 209 224 253 279 283
117 133 143 169 200 201 231 258 268 300
105 128 144 163 195 212 220 240 262 281
111 122 159 174 189 211 236 252 263 293
103 139 160 172 200 212 221 254 260 296
111 137 148 167 196 200 225 248 265 289
116 133 151 166 188 204 227 247 260 297
110 123 152 179 192 206 222 256 269 300
118 139 140 178 189 215 238 246 279 285
104 136 159 166 200 220 230 252 266 298
2096 2264 2957 3032 3537 4023 4304 4566 5015 5614
1482 1825 2058 2195 2552 2840 3251 3388 3663 3964
3633 4091 4810 5727 6185 6839 7265 7952 8737 9228
3471 4238 4515 4975 5743 6634 7002 7586 8476 8875
5278 5652 6680 8315 9295 9529 10837 11584 12939 13592
1502 1885 2136 2386 2695 3122 3358 3593 4064 4123
3059 3162 3856 4447 5090 5424 5886 6426 7094 7531
1647 1912 2250 2558 2720 3088 3411 3734 4087 4411
3987 5110 6000 6697 7316 8322 8593 9638 10800 11380
4249 4499 5678 6356 6606 7284 7891 8891 9891 10534
2913 3474 3794 4542 4916 5825 5905 6413 7214 7935
4220 4956 5769 6659 7046 8401 8556 9679 10414 11421
5325 6212 7333 7566 9248 9762 10789 11536 12937 13545
3506 4040 4248 5080 5585 6179 6981 7723 8258 8347
2424 2859 2921 3314 3853 4474 4681 5240 5779 5820
5000 6168 6775 8223 8737 9905 10372 11400 12148 13456
4186 5053 5317 6599 7504 7881 8446 9766 10068 11123
5393 5896 7175 7632 8592 9506 10877 11837 12294 13482
5558 5838 7379 7472 9060 9714 11115 12002 12750 13870
1755 2173 2507 2774 3208 3676 3693 4311 4662 4746
4867 6489 7634 7730 9352 9781 10592 12357 12835 13741
5535 5773 7491 7825 9351 9972 11308 11880 12500 13932
3810 4829 5659 6338 6979 7998 8375 9167 10412 10638
2258 2932 3387 3691 4234 4364 4907 5580 5732 6253
5631 6203 6919 8064 8637 10307 11118 11499 12978 13646
1644 1877 1918 2425 2562 3014 3287 3438 3781 4013
5052 5946 6795 8002 8807 9075 10103 11579 11802 13143
3501 4548 4940 5464 5987 7132 7361 8016 8637 9422
3567 4090 4875 5464 6380 6773 7623 7983 8670 9488
5376 6441 7759 8114 10092 10447 12171 12577 13591 14605
3085 3290 3959 4267 4756 5475 6066 6658 6709 7660
5124 6696 7407 8218 9385 10197 11566 12175 13240 15117
3794 3925 4677 5659 6378 7098 7555 8438 8798 9518
5782 6086 7506 8977 9839 10143 11309 13135 13389 14910
4286 4393 5071 5785 6928 7142 8499 9035 9856 10499
5440 6346 6728 8160 8589 10259 11261 11452 12883 13742
3209 4160 4249 5200 5794 6032 6567 7280 8230 8646
3475 4040 4753 5109 5644 6089 7069 7544 7841 8643
4546 5755 6089 6881 8258 8508 9509 10718 11635 12428
1336 1654 1933 2111 2315 2722 2938 3065 3472 3650
4149 4516 5691 5874 6756 7563 8334 9546 9986 10757
3186 3646 4478 4937 5569 6085 6860 6918 7807 8582
2704 2894 3629 4079 4435 5170 5289 5881 6213 6925
1312 1441 1850 2108 2272 2389 2717 2974 3045 3361
3084 3264 3752 4395 5114 5294 6039 6528 7196 7684
3533 4481 4841 5266 6509 6836 7556 8144 9028 9518
1896 2391 2693 3171 3490 3543 3932 4464 4747 5066
1895 2232 2763 3100 3436 3542 3950 4269 4924 5313
1525 1753 2007 2287 2299 2604 2833 3277 3353 3811
3540 4581 5171 5969 6941 7011 8052 8954 9544 10307
1516 1854 2149 2620 2752 2973 3399 3664 3988 4341
1989 2023 2574 2908 3276 3343 3778 4011 4496 4914
1720 1970 2220 2632 2720 3029 3470 3617 4102 4322
4600 5658 6106 7001 7775 8589 9566 10258 10787 11886
3889 4201 5069 5763 6666 7395 7985 8541 9270 10103
4617 5806 6537 7954 9143 9417 10651 11886 12023 13120
1698 1887 2374 2594 2893 3333 3773 3852 4213 4433
4213 5548 6090 7049 7758 8926 9885 10761 11137 12263
5934 6238 7861 8470 9180 10498 11310 12831 13795 14708
3134 3779 4547 4916 5991 6206 7220 7374 8081 9125
3007 3495 4086 4599 5088 5524 5884 6552 7066 7374
3072 3580 3954 4301 5129 5823 5930 6838 7292 7479
1324 1500 1851 1945 2156 2448 2659 2847 3163 3444
1761 1934 2437 2641 3066 3239 3459 3805 4119 4559
4826 5766 6107 7474 8456 8841 10164 10720 11446 12172
4846 6218 6904 7498 8321 9692 10424 11612 12207 13029
3159 3705 4422 4738 5657 5801 6432 7323 7638 8241
2854 3316 3676 4525 4807 5579 6118 6478 7147 7249
1839 2058 2388 2608 2985 3284 3582 3896 4352 4446
5604 6538 7192 8360 8827 10228 10555 11535 12236 13777
2941 3311 3460 4399 4819 5090 5856 6079 6548 7018
4645 5320 6154 7067 7266 8536 9132 10124 10998 11236
2396 3107 3795 4079 4459 4933 5241 6047 6285 6877
5488 6299 7110 7779 8924 9544 10976 11739 13075 13457
2871 3876 4163 4938 5656 6144 6890 6919 7579 8555
2325 2650 3063 3715 4128 4432 4975 5214 5887 6387
3608 4858 5287 5716 7109 7252 8145 8609 9859 10038
2168 2700 2759 3547 3843 4237 4493 4986 5419 5596
1650 1979 2435 2592 3094 3361 3487 3974 4367 4681
4233 5576 6431 7204 8059 8588 9402 10216 11315 11600
1196 1407 1747 2017 2157 2345 2732 2954 3189 3318
3642 4285 5571 6427 6963 7249 8427 9284 9534 10498
3541 4215 5294 5632 6171 7183 7453 8532 8801 9712
2957 3471 3702 4191 4859 5399 6016 6607 6865 7507
2149 2721 2957 3529 3568 3963 4534 4771 5362 5776
1127 1374 1524 1899 1932 2221 2404 2586 2833 3015
3133 3993 4484 5190 5958 6756 6971 7985 8138 8967
3708 4651 4988 5865 6539 7112 7482 8595 9067 10111
4214 4785 5356 6071 7142 7285 7856 9034 9784 10284
4072 4964 5429 6107 6607 7143 8143 8607 9500 10714
2338 3178 3473 4063 4335 4902 5447 5606 6355 6808
1913 2285 2622 3082 3366 3897 3986 4446 4730 4995
3763 3959 4744 5497 6151 6609 7558 8310 9095 9324
3599 4155 4646 5627 5954 6805 7655 8113 8833 9749
5212 6235 7404 8183 9693 10326 11447 12275 13200 13833
1650 2137 2357 2592 2985 3283 3755 4053 4194 4524
2911 3493 4352 4741 5156 5794 6126 6903 7318 7928
2775 3249 3557 4221 4316 4956 5359 5762 6165 7019
1323 1590 1907 2187 2530 2556 2899 3217 3357 3789
3714 4373 5484 5970 6768 7427 7844 8711 9648 10065
3729 3991 5234 5365 5953 7131 7654 7949 9159 9388
4396 5455 6309 6838 8100 8914 9769 10095 10827 11601
5008 5812 6796 8048 8361 9255 10462 10909 11714 13368
2522 2772 3339 3635 4475 4680 5225 5702 6065 6769
4919 5992 6394 7199 8898 9077 10061 11179 12520 12878
5466 5980 6634 8362 9063 9903 10324 11585 12659 13220
2544 2726 3294 3952 4497 4747 5360 5519 6064 6700
4921 6091 7016 8624 8770 10037 11352 12327 12814 14032
3771 5204 5845 6185 7316 8296 8522 9616 9918 11011
3892 4463 5534 6426 6962 7783 8390 8783 9996 10246
3843 4046 4821 5832 6473 7316 7552 8765 9068 9709
2246 2283 2751 3069 3499 3873 4341 4865 5146 5370
5469 6711 7407 8700 8948 10340 11533 12379 13472 14317
5220 6015 7655 8550 9693 10936 11831 11930 13769 14366
5630 6250 6679 7967 9207 10495 10638 12356 12928 14121
4939 5507 6731 7780 7998 9178 9877 11101 12106 13068
4472 5590 6708 8050 8094 9391 10196 10733 12298 13058
1946 2619 2769 3349 3498 3873 4396 4714 5163 5313
4672 5298 6674 7258 7592 9135 9343 10386 11262 11929
5605 6446 6539 7800 8781 10182 11210 11396 12891 13311
3697 3991 4875 5692 6249 6968 7295 8244 8964 9225
1631 1878 2056 2467 2686 2796 3111 3508 3591 3961
2704 3060 3700 3795 4293 4933 5479 5977 6451 6712
5009 5545 6798 7200 8720 8989 10464 11269 11672 12879
4954 5253 6407 7431 7773 9140 9823 10677 11659 12684
4764 5212 5904 7003 7410 8184 9568 10586 10790 11523
4330 4965 6077 6792 7229 8579 8857 9890 10565 11399
2169 2504 3115 3293 3766 3983 4495 4949 5146 5836
3583 4281 4978 5612 5866 6595 7388 7768 8529 9195
5076 5487 6950 7362 8231 9419 10562 11111 12117 13580
5486 6309 6400 7726 8503 9828 10514 11017 12571 12891
4261 5166 5958 6675 6788 7542 8975 9050 10558 10822
3781 4405 5433 6535 7269 7489 8810 9398 9985 10499
3910 4618 5292 5966 6101 6977 7483 8123 9370 10112
2879 3239 4036 4190 5064 5578 5784 6607 6941 7481
2725 3233 4221 4675 5049 5797 5931 6625 7026 7987
4528 5639 6151 7262 8287 9055 9397 10892 11575 12387
1696 2073 2482 2592 3063 3204 3644 4036 4366 4539
3566 4056 5136 5365 6281 6738 7654 8439 8766 9551
1682 2074 2232 2561 3017 3143 3771 3928 4400 4557
1879 2215 2605 3066 3491 3703 4040 4270 4767 5032
2847 2847 3630 3938 4341 4840 5433 5717 6168 6951
3417 3744 4427 4843 5527 6418 7131 7131 8052 8676
4919 5500 6841 7735 8138 9703 10329 10999 12341 12877
4921 5944 7454 7990 9549 10134 10719 11839 13398 14372
4401 5127 6665 7348 7733 8544 10168 10424 11150 12731
3540 4200 5241 6004 6872 7531 7879 8885 9406 10343
4368 5065 5762 5909 7303 7414 8808 9395 9762 10863
1549 1824 2111 2276 2564 2838 3126 3372 3825 4058
2058 2414 2882 3331 3555 3873 4210 4547 5033 5576
3388 3893 4398 4933 5557 6211 6894 7518 7726 8469
4952 6307 6634 7849 8643 9344 10372 11867 13081 13502
2295 2817 3499 3999 4430 4794 5180 5725 5907 6384
4567 5202 6354 7148 7307 8101 9531 9610 10484 11159
4869 5809 6065 7304 7859 8585 10250 10720 11745 12429
4177 4820 5213 6283 7105 7676 8140 9175 9282 10674
5297 5726 7635 8207 8589 10116 11070 11500 13360 13360
3852 4546 5275 6073 6629 7427 7878 8988 9231 10307
4590 5596 6382 7432 8175 9311 9705 10885 12240 12852
3389 3504 4107 4796 5370 5801 6835 7266 7725 8127
1195 1605 1652 1945 2273 2530 2577 2929 3139 3514
5966 6164 7009 8252 9495 10887 11135 12825 13273 14565
3772 4828 5356 6601 6978 8185 8449 9090 10222 11165
4213 4677 5677 5784 6640 7640 8425 9032 9996 10460
3624 4238 4453 5220 5926 6602 6940 7707 8014 9212
1219 1512 1840 1957 2238 2355 2613 2976 3187 3386
2586 2965 3345 4033 4649 5053 5409 5812 6191 6784
4936 6033 7039 7907 8227 9735 10741 11243 12797 13711
2856 3466 4270 4741 5074 5712 6155 7125 7264 7763
6085 7048 7758 9025 9685 11104 11155 12422 13538 14805
2703 2953 3294 3635 4293 4816 5247 5633 6019 6655
3607 4286 5393 5893 7143 7572 8322 9143 9750 10071
1103 1307 1639 1917 2142 2153 2560 2602 2881 3202
4488 5242 5798 6989 7664 8657 9094 9650 10841 11119
2828 3342 3882 4602 4731 5502 5913 6684 6916 7199
4148 5166 5694 6297 7202 7957 8635 9804 10332 10558
3520 4059 4725 5359 6216 6660 7452 7833 8245 9387
1531 2016 2075 2458 2649 3223 3532 3576 4076 4120
5248 6393 7347 7824 9542 9828 11021 11832 12595 14217
3203 4028 5011 5582 5709 6438 7484 8182 8753 8911
4258 4800 5961 6580 7548 8167 9174 10025 10064 11303
1210 1414 1671 1896 2046 2281 2367 2710 2870 3031
2490 3201 3344 4126 4671 5169 5430 5786 6544 6687
2829 3497 3600 4474 5091 5554 5734 6428 6685 7457
2038 2356 2799 3136 3224 3614 3915 4358 4606 5226
5302 6171 6674 7816 8730 9827 10741 11290 12341 13027
1712 1916 2246 2733 3078 3424 3550 4068 4335 4617
2258 2817 3127 3624 3894 4391 4556 5240 5509 6109
5796 6673 6916 8329 9595 10180 11592 12663 12810 13735
2031 2464 3154 3548 3804 4179 4356 4849 5381 5716
3501 3870 4331 5405 5713 6695 7095 7432 8507 8876
1360 1754 1995 2211 2351 2630 3050 3151 3456 3659
3457 4155 4853 5202 5804 6344 7549 8183 8532 8881
2586 2870 3772 4104 4697 4910 5266 5882 6191 6665
5408 6771 6869 8135 8866 10279 11009 12520 13445 13835
2150 2544 2780 3254 3628 4220 4713 4969 5205 5659
5022 6712 7308 8949 9148 10291 11385 12827 12976 14368
5230 5498 6795 7421 8851 9745 10505 11309 12471 13008
3008 3523 3626 4397 4628 5451 5657 6608 7122 7456
1591 1674 2167 2277 2483 2785 3086 3429 3717 4033
5965 6661 7754 8201 9196 10687 11681 12078 13321 14862
5071 5857 6120 7781 7912 9529 10097 10709 11933 12632
4964 5173 6466 6799 8342 8801 9594 10053 11471 11763
4071 4393 5071 6393 6893 7821 8535 8678 9357 10214
4464 5298 5965 7342 7592 8718 9344 10554 11388 12473
1706 2090 2458 2859 3043 3461 3896 4264 4397 4882
2586 2965 3392 3819 4294 4863 5456 5907 6452 7069
3501 4089 5005 5790 6412 7001 7295 8080 8702 9454
3370 4253 5234 5725 5921 6576 7721 8015 8637 9781
5419 6167 6774 7848 8829 9483 10838 11305 12333 13968
4837 5797 6005 7381 8340 8590 9758 10133 11551 12427
2108 2126 2728 2941 3277 3879 4021 4304 4694 5261
1838 2339 2556 2873 3291 3474 3992 4293 4460 4743
5344 6155 6728 8016 8731 10449 11164 12166 12548 14218
4912 5723 6620 7602 7944 9097 9652 10335 11445 12769
1576 1905 2097 2234 2631 2823 3220 3357 3837 4056
4572 5598 6068 7350 7692 8717 9486 10341 11580 11964
3330 4218 4567 5709 5741 6597 7263 7929 8310 9420
3762 4547 4743 5790 5953 7032 7719 8046 8700 9453
1791 2011 2278 2529 3111 3362 3676 3912 4210 4666
2090 2391 2550 3046 3435 3630 4002 4515 4869 5153
1909 2396 2789 3032 3668 4024 4267 4529 5166 5428
5164 6382 7258 7892 9256 10230 11642 12665 13006 13786
2612 2794 3429 3906 4474 4792 5359 5768 5973 6472
1194 1639 1733 2061 2131 2564 2611 3009 3196 3430
5327 6448 6775 7569 8597 9345 10326 11728 12335 13456
5269 6313 7953 8600 9842 10140 11532 12775 13421 14216
1393 1429 1709 1944 2213 2576 2786 2857 3219 3442
4423 5090 6258 7343 7677 8386 9762 10305 11515 11807
4002 4736 5324 5984 6755 7563 8701 9508 10169 10647
1125 1489 1693 1896 2014 2260 2432 2571 2807 3139
2249 2387 2801 3176 3866 4122 4595 4793 5207 5660
2822 3131 3463 4221 4553 5075 5336 5763 6166 6711
4784 6125 7153 7510 8807 9835 10461 11042 12249 12517
4255 5590 6591 7175 7551 8719 9929 10179 11180 11681
4027 4270 4964 5866 6526 7254 8053 8990 9441 10239
1948 2160 2479 3169 3364 3700 4249 4567 4921 5311
5202 5727 6208 7650 8218 9224 9879 11016 11453 12677
3410 4239 4761 5007 5866 6266 6757 7709 8293 8968
2020 2179 2782 2888 3260 3667 3951 4411 4890 5191
2791 3458 3878 4446 4939 5088 5853 6026 6890 7113
1634 1855 2326 2429 2870 3150 3400 3532 3827 4151
2567 2999 3294 3703 4294 4589 5180 5634 6361 6429
4114 4888 5866 6762 7495 8269 9613 10142 10591 11405
4762 5535 6268 6797 8018 8954 9646 10500 10867 11518
3502 4189 5073 5498 6382 6578 7396 7854 8607 9163
4873 5365 7064 7332 8584 9120 10596 11579 12160 13323
4896 5376 6251 7649 8698 9485 10490 10752 11932 12282
2031 2405 2918 3470 3686 4278 4652 5046 5125 5776
5072 6166 6961 7956 9746 10790 11287 12778 13375 13972
2258 2652 3066 3687 3874 4391 4702 5137 5531 6007
5256 5987 6399 8090 8958 9826 10740 11426 12340 13574
5245 5508 6819 7693 7999 9223 9878 11233 11801 12457
3930 4894 5108 5965 6644 7251 8073 8716 9716 10323
4718 6493 7427 7567 8782 9950 10323 11911 13079 13313
4602 5457 5782 7167 7859 8225 9080 9976 10628 11849
1454 1715 2153 2249 2647 2935 3127 3347 3676 4005
5232 5793 6867 7568 8548 9903 11024 11912 12939 13640
2112 2671 3168 3541 4079 4204 4701 5363 5736 6109
2900 3963 4078 4824 5255 6231 6748 7351 7523 8442
5512 5745 7193 8221 8874 9622 11210 11396 12751 13592
1359 1550 1944 2223 2477 2718 2934 3290 3480 3785
4094 4857 5343 5690 6834 7459 8257 9020 9575 10338
1335 1666 1869 2098 2301 2695 3026 3166 3433 3789
5097 5723 6528 7735 8897 9434 10596 10864 12474 12518
3471 4513 4929 6040 6804 7151 7914 8956 9684 9997
3032 3596 4458 4785 5409 6389 7103 7608 7816 8737
1838 1995 2215 2592 3142 3440 3628 4005 4367 4398
1647 1853 1976 2319 2580 2786 3019 3430 3636 3842
3540 4316 5024 5900 6440 6979 7519 8294 9137 9980
3475 4158 4662 5197 5820 6028 7038 7305 8285 8849
1955 2106 2373 2841 3225 3676 3894 4077 4395 4946
4922 5673 6215 6883 7592 8593 9761 10053 11513 12097
1211 1350 1618 1768 1982 2347 2379 2593 2979 3129
4142 5226 6193 6658 7625 8400 8748 9290 10490 11148
3806 3902 4504 5075 6090 6375 7359 7612 8659 9515
1823 1965 2373 2640 3064 3221 3504 3834 4306 4604
4076 4920 5287 6095 7013 7674 8261 8922 9913 10868
5121 6115 7954 8253 9843 10738 10937 12130 13870 14268
4785 5554 6067 6836 7733 8801 9911 10766 11919 12005
4472 5545 6887 7289 8631 9436 10017 10777 12521 12968
3573 4348 5023 5697 6708 7011 7921 8461 9269 9842
2891 3434 3755 4150 4644 5163 5657 6324 6620 7386
5965 6562 7953 8202 9196 10588 11781 12278 13023 14614
4149 4790 5770 6411 7279 7920 8372 9767 10295 10635
2743 3064 3657 4225 4794 5313 5782 6276 6820 6919
3363 3934 4759 5457 5774 6662 7075 8058 8248 9041
3893 4554 5472 5875 7014 7748 8189 8923 10171 10759
4846 5538 5904 7207 7329 8632 9202 10057 10586 11604
3886 4980 5320 6036 7206 7583 8375 9356 9960 11205
2454 2628 3453 3735 4039 4343 4864 5624 5862 6362
1531 2002 2090 2591 2694 3062 3327 3768 3842 4210
1821 2272 2606 2956 3324 3424 3825 4059 4626 4960
2649 3240 3626 4423 4706 5452 5863 6532 7123 7509
3446 4070 4753 5020 5525 6357 7069 7248 7931 8733
1178 1414 1649 1735 2131 2302 2548 2591 2923 3073
1575 1913 2090 2414 2708 3223 3414 3635 4032 4282
3877 4147 5124 6001 6304 6911 7990 8462 8934 9709
3893 4464 5322 5750 6893 7750 8321 8821 9857 10214
3707 4955 5836 6533 7084 7818 8625 9102 10277 10350
3892 4856 5285 5749 6570 7463 8284 9248 9998 10534
4754 6263 7223 7542 8228 10011 10559 11291 12525 13165
4027 5112 5538 6893 7009 7977 8829 9487 10378 11036
4372 5902 6645 7694 8219 9006 9662 10580 11978 12765
3360 3733 4163 4709 5685 6001 6805 7120 7494 8384
1789 2444 2692 2922 3188 3861 4144 4569 4905 5029
5796 6478 6818 8182 9059 10568 11542 12662 13393 14367
3784 4443 5346 6144 6526 7532 8227 8435 9337 9754
4290 4925 5561 6395 7388 8659 8738 10128 10883 11638
4219 4722 6077 6503 7703 8206 8516 9909 10799 11341
2036 2354 2673 2938 3522 3646 4177 4531 4903 5221
4026 4800 5574 6696 7509 8477 9212 9638 10451 11612
3330 3962 4565 5110 5512 6000 6316 7062 7837 8095
5046 5980 6634 8082 9250 9530 10605 11259 12520 13968
1496 1784 2045 2209 2484 2909 3129 3334 3650 4048
2828 3445 3625 4396 4910 5578 5655 6581 7198 7609
2362 2755 3066 3604 3915 4495 4619 5282 5386 5841
5569 6463 7657 8353 9446 9944 11087 12131 13821 14219
1454 1715 1921 2305 2565 3018 3087 3498 3717 3937
3710 3868 4597 5612 6246 6595 7546 8085 8528 9321
4813 6075 7056 8131 8691 9626 10374 11355 12289 13084
4487 5091 5619 6750 7202 8220 8371 9577 9992 10671
1071 1468 1532 1714 1939 2324 2506 2774 2999 3138
5559 5700 7241 8082 8829 9717 10931 11212 12239 13501
4149 4846 5470 6535 6902 7526 8811 8994 9985 10279
2319 2728 3455 3819 4159 4841 5023 5523 6023 6523
2092 2754 2982 3520 4142 4556 4742 5115 5550 6212
4765 5241 6273 6630 7504 8417 9449 10084 10998 11117
2993 3714 3991 4794 5044 6014 6595 6956 7344 7981
1645 1659 1919 2440 2577 3016 3249 3359 3688 3989
4885 5169 5861 6757 7734 8670 9646 10460 11234 12129
2798 3177 3438 4220 4576 5050 5239 6069 6424 6780
2798 3059 3343 4197 4481 5121 5572 5809 6188 7089
2189 2544 3057 3333 3668 4003 4556 4792 5285 5541
5233 6354 7335 7802 8550 9437 10839 11212 12380 13455
4111 5101 5725 6459 7267 7524 8735 9138 9762 10863
4010 4448 5223 5493 6639 7346 7683 8458 9435 10042
3303 3532 4451 4709 5427 5743 6605 7208 7810 8385
5512 5652 6773 8315 8455 10230 10417 11865 12379 13873
4462 5755 6047 7423 8174 9133 9925 10258 11134 12385
2842 3262 3756 4077 4472 5312 5831 6202 6844 7116
5186 6540 6634 8409 8689 9436 10464 11258 12566 13967
2567 3157 3543 3679 4134 4792 5383 5587 6200 6450
2070 2740 3056 3450 3568 3943 4652 5047 5224 5618
3929 4429 5251 5715 6501 7287 8501 8858 10001 10323
4071 4428 5178 6285 7035 7606 8284 9177 9427 10355
2771 3409 4296 4683 5432 5986 6623 6679 7454 8092
5865 6511 7356 8947 9543 10239 11084 12476 13768 14712
1424 1780 1780 2098 2479 2607 3039 3217 3344 3573
4062 4374 5381 5694 6457 7152 7811 8887 9269 9963
1773 2233 2659 2960 3208 3758 3899 4396 4750 5228
3642 4384 5025 5463 6272 7318 7756 8295 8970 9476
3269 4131 4488 4904 5409 6330 6776 7222 7757 8529
3891 4662 5213 6608 6938 8076 8590 8847 10278 10645
2408 2772 3498 3635 4543 4975 5111 5543 5929 6747
3698 4058 4680 5891 5956 6905 7200 7887 8640 9261
2718 3014 3706 4274 4546 5386 5806 6424 6523 7387
4447 4884 5559 7108 7743 8378 9133 9847 11078 11872
2248 2367 2899 3195 3628 4161 4614 4930 5442 5580
1744 2200 2263 2640 2954 3268 3457 4038 4195 4666
2306 2681 2897 3331 3784 4021 4691 5105 5223 5538
3502 4055 4823 4946 5683 6267 6881 7496 8048 9093
2674 3420 4011 4166 5117 5580 5708 6222 7019 7482
2855 3658 4296 4573 5459 5847 6124 6928 7621 8037
4046 4113 4821 5731 6540 6776 7922 8698 9338 9439
1242 1523 1862 1897 2237 2424 2694 2834 3232 3502
2050 2582 2996 3429 3607 4159 4691 5105 5302 5676
3781 4992 5322 6203 7084 7488 8809 9397 10167 10865
2344 2952 3472 3776 4340 4471 5187 5295 5968 6272
1394 1546 1651 1967 2283 2412 2775 2904 3138 3466
1871 1887 2405 2672 2940 3160 3537 4087 4150 4417
2454 3040 3062 3713 4234 4690 5059 5255 5645 6188
1992 2623 2820 3293 3628 4259 4378 4792 5501 5778
1273 1455 1605 1797 2065 2354 2439 2771 2856 3199
3710 4047 5092 5632 6542 6778 7419 8599 8801 9948
4368 5361 6353 6949 7465 8537 8934 9927 10721 11475
3987 4915 6038 6928 7392 8321 9250 9985 10682 10953
3911 4801 6040 6853 7473 7899 8867 9331 10493 10996
1124 1456 1648 1873 2044 2226 2440 2751 2965 3168
1546 1825 2193 2635 2664 2973 3297 3621 4077 4313
3160 3548 4323 4850 5349 5598 6485 6762 7205 8064
1992 2544 2860 3451 3550 4003 4378 4930 5502 5739
4171 5840 6173 6966 7883 8968 9510 10803 11637 11720
3714 4513 5207 5589 6699 7359 8088 8713 9684 9893
5220 6413 7755 8749 9147 10290 11731 12726 12974 14764
2345 2627 3365 3691 4082 4625 4842 5623 5840 6405
3072 3932 4639 5191 5744 6574 7280 7372 8539 8632
2543 3020 3270 3883 4405 4791 5404 5745 6085 6653
2537 3248 3770 3936 4576 5097 5642 5856 6235 6828
1481 1865 2181 2277 2592 2962 3044 3456 3661 3867
3046 3259 4274 4274 4915 5396 6304 6892 7319 7693
5747 6575 7744 8182 9107 10568 11591 12321 12808 14318
3539 4213 5393 6033 6741 7111 7920 8594 8796 9942
5468 6462 7158 8848 9445 10240 11682 12477 13521 14614
1938 2255 2673 2840 3190 3374 3942 4309 4409 4944
5345 5870 6729 8017 9210 9687 11309 11643 12646 14029
2258 2610 3045 3521 3977 4474 4805 5136 5695 5985
3964 4678 5678 5821 7071 7678 8142 8571 9606 10356
1823 1901 2467 2624 2985 3173 3707 4053 4147 4666
4828 5213 6153 6836 8331 8759 9613 10468 11664 12048
4721 6075 6163 7736 8698 9528 10096 10664 12150 12325
1277 1464 1850 2108 2307 2482 2728 2845 3103 3337
2612 2907 3520 3861 4474 4565 5156 5723 6246 6382
4027 4444 5346 5971 6561 7186 7880 8505 9095 10171
5766 6015 7705 8599 9792 10836 11880 12327 13023 14266
1334 1614 1731 2106 2304 2491 2655 2924 3240 3509
3130 3532 4279 4710 5255 5944 6691 7179 7868 8500
1682 2012 2358 2688 2971 3191 3505 3883 4166 4668
3892 4773 5287 6131 7012 7636 8738 9435 10096 10316
3664 4220 5070 5364 6542 6836 7589 8177 8799 9420
1728 2073 2419 2733 3047 3141 3738 4005 4288 4539
4999 5887 7195 7803 8830 9625 11120 11260 12381 13175
3242 3491 4129 4544 5403 5680 6622 7038 7647 8007
2913 3420 3848 4382 5317 5451 5959 6894 7000 7695
4072 4967 6026 6677 7614 8632 9527 10586 10830 12214
5187 5366 6842 8004 8541 9122 10329 11089 11760 12744
5781 6542 8063 8469 9888 10446 11156 13134 13641 14706
3978 4551 4720 5798 6405 7079 7990 8394 9034 9574
1093 1393 1607 1714 2057 2346 2528 2646 2999 3021
5256 5850 6672 8180 8592 9780 10876 11699 12522 13618
1756 2241 2374 2976 3026 3628 3862 4130 4347 4765
4651 5680 6351 7603 8050 9660 10599 10867 11985 12924
2906 3421 3729 4526 4861 5298 5709 6455 6738 7458
3327 3714 4753 5110 5734 6090 7011 7189 8229 8674
1855 2306 2523 2991 3058 3442 3860 4194 4529 4729
5629 6744 7606 9127 9685 11003 11409 12473 13690 15059
1605 1811 2076 2591 2679 3121 3519 3592 3901 4151
4915 6680 7205 8493 9018 9733 10735 11880 12501 14266
3716 4501 5502 5716 6680 7645 8288 8645 9574 10038
3043 3991 4249 4995 5397 5914 6689 7464 7665 8297
2675 3292 3601 4167 5144 5144 6070 6559 6713 7485
3487 4407 5072 5611 5928 6657 7006 8115 8654 9447
3991 4616 5275 5970 6594 7358 8329 8433 9648 9822
3853 4881 5798 6569 7303 7926 8734 9174 10238 10605
1531 2001 2178 2575 2899 3002 3296 3811 3855 4208
1179 1436 1596 1714 2111 2293 2453 2614 2903 3107
5303 6400 6582 7634 8457 9919 10696 11062 12113 13484
2751 3320 3533 4055 4268 4932 5643 5690 6544 6828
2423 2755 3210 3541 3893 4266 4846 5343 5426 5881
1383 1477 1711 1922 2109 2426 2707 2988 3082 3433
5084 5297 6109 7689 8330 8715 9996 10338 11149 12004
4754 5296 6630 7255 8298 8798 9299 10800 11508 12509
4699 5382 6706 7432 7688 8884 10037 10763 11532 12386
2486 2776 3128 3707 3873 4370 4619 5240 5447 5820
4369 5441 5878 6355 7546 8658 9135 9532 11041 11120
2432 2757 3213 3604 4211 4428 5123 5557 5861 6512
3316 3991 4513 5526 6048 6447 7276 7982 8442 9025
4503 5683 6558 7432 8481 8787 10142 11322 11366 12721
5017 6381 7696 8183 9255 10083 11154 12177 13395 14564
4648 4846 5839 6753 7150 8262 9295 9533 10765 11281
3216 3819 4164 5083 5456 6318 6318 6892 7524 8328
3244 3904 4335 4938 5368 5885 6803 7234 7722 8497
1826 2410 2783 2889 3208 3775 3970 4413 4625 5051
1604 1899 2134 2635 2738 3150 3297 3532 4091 4136
2257 2609 3313 3603 3955 4369 4949 5260 5446 5943
4186 4978 5845 6034 7504 8032 8862 9352 10219 10634
4528 5126 6108 7688 7731 9354 10208 11020 11404 12173
5081 5721 6789 7643 7942 9180 9777 10887 11912 12467
1777 1966 2264 2516 2830 3396 3663 3821 4339 4402
4415 5770 6994 7212 8524 8742 9879 10971 12064 13069
1265 1616 1745 2061 2120 2460 2811 2904 3104 3349
3426 4124 4822 5297 5805 6439 7201 7930 8311 9357
3008 3471 3908 4242 4910 5296 5913 6478 7044 7455
4546 5589 6173 7507 8216 9175 9759 10426 10927 11886
1462 1577 1818 2225 2326 2568 2937 3292 3407 3801
4065 4801 6117 6195 7588 7898 8982 9292 10724 11305
1984 2144 2604 2959 3437 3596 3915 4553 4960 5067
4800 6354 7039 7588 8410 9553 10650 11838 11976 13712
1467 1892 2125 2331 2481 2824 3235 3455 3605 4113
1931 2427 2569 2958 3330 3809 3986 4553 4730 5013
1839 1933 2357 2561 3080 3252 3755 3944 4274 4431
4897 5422 6296 7433 8395 9444 9706 10843 11499 12242
4315 4967 6473 6676 8101 8711 9241 10543 11113 11805
3076 3879 4156 4988 5043 5680 6290 7204 7454 7925
3608 4384 4788 5699 6441 6879 7553 8261 9104 10015
4853 5639 6339 7475 8350 9267 10142 10885 11978 12240
5477 6440 7809 8671 10141 10953 11561 12220 14096 14806
3742 4146 5292 5427 6405 7281 7820 8663 9068 9877
2939 3355 3965 4852 4991 5822 6210 7014 7236 8123
4700 5640 6024 7093 7990 9101 9400 10297 11279 12390
1677 1883 2280 2515 2706 3074 3442 3662 3927 4412
2865 3063 3928 4273 4866 5311 5582 6249 6842 7262
4071 5333 6473 6636 7980 8468 9323 10463 10992 11725
2725 3065 3383 3928 4291 4972 5358 5767 5903 6493
2941 3213 3757 3955 4622 5339 5882 5957 6476 6995
2655 3177 3604 3793 4646 4931 5642 5855 6448 7064
4416 5421 6296 6995 8656 9618 10318 10536 11367 12984
3337 4220 5169 5234 6510 7131 7360 8145 8636 9780
2051 2722 2820 3155 3648 4220 4634 5009 5186 5581
1574 1766 2295 2560 2722 3045 3251 3810 4046 4384
2623 3291 3985 4577 4628 5168 5914 6531 7096 7636
1965 2396 2807 3256 3443 3874 4416 4641 4959 5577
3297 3519 4128 4738 5403 5818 6539 6733 7453 8229
1105 1469 1565 1855 2026 2155 2380 2627 2862 3141
1839 2044 2217 2641 2940 3411 3521 3945 4118 4464
5559 5746 7194 7801 9109 10043 10604 11398 12566 13220
1946 2283 2676 3144 3593 3836 4454 4716 5146 5558
3681 4410 5105 5556 6459 7223 7848 8750 9098 10209
5345 6108 6681 7683 9209 9639 10975 12311 13313 13504
5166 6218 6767 7635 8687 9555 10424 11064 11978 13121
3389 3561 4480 4997 5227 5830 6375 7294 7466 8414
4037 4680 5001 6144 6502 7645 8038 8573 9502 10252
3599 4417 4679 5464 6315 6805 7296 8408 8768 9194
1822 2223 2608 2875 3310 3527 3761 4012 4363 4747
3761 4383 5135 5887 6181 6639 7719 7882 9158 9256
3912 4764 5461 6545 7590 8171 8675 9449 10146 11192
2196 2486 3274 3315 4061 4164 4579 5200 5780 6029
2410 2953 3279 3583 4212 4343 5124 5298 5949 6231
4417 5641 6297 7302 8352 9139 9707 10538 11456 12855
5628 6582 7392 8203 9538 9920 11446 12161 13354 14021
4663 5577 7314 8228 8731 9782 10422 11519 11930 13667
2278 2548 2900 3583 3956 4411 4598 5385 5695 6172
2218 2653 2902 3337 3876 4145 4767 5264 5451 6093
2537 3106 3746 4101 4741 4955 5476 5737 6590 6780
3256 3779 4454 5069 5621 6420 7096 7864 8570 8816
2982 3522 4036 4576 4730 5270 5682 6453 6813 7635
4911 5979 6278 7004 8413 9096 9950 10377 11445 12811
1385 1851 2193 2207 2646 2892 3221 3386 3742 4098
3819 4305 4929 5728 6700 7394 8227 8435 9442 10379
4939 5988 6119 7649 8348 9354 10053 11189 11670 12588
5158 5508 6426 7169 8392 8829 9922 11365 11933 12982
2768 3113 3756 3953 4942 5115 5683 6325 6646 7412
3159 3762 4049 5140 5341 5858 6461 7179 7868 8442
3417 3625 4397 5229 5556 6536 7130 7130 8289 8319
1072 1329 1532 1800 2121 2346 2378 2721 2935 3160
1372 1838 1975 2428 2538 2936 3169 3292 3745 3950
3124 3551 3979 4753 5260 5687 6008 6862 7049 7983
4725 5241 6233 6749 7345 8178 9369 10163 10918 11791
1232 1435 1660 1917 2120 2173 2409 2773 2794 3073
4785 5383 6152 7690 8202 8757 10082 10381 11192 12004
1714 1950 2233 2547 2925 3380 3553 3821 4182 4685
4969 6138 6966 7989 9499 10717 11253 11788 13396 14614
1972 2039 2490 2825 3059 3527 3994 4061 4613 4797
3236 4124 4885 5710 5995 6471 6978 7930 8279 9230
2649 3368 3985 4577 4962 5425 6171 6376 6685 7251
4256 5467 6551 6802 8179 8471 9305 10098 10849 11725
3750 4357 5142 6142 7035 7356 8463 8678 9999 10713
3172 4409 4662 5360 5741 6787 7104 7897 8690 9229
4999 6401 6588 7569 8924 9671 10933 11260 12614 13409
1946 2452 2657 3294 3743 3743 4136 4865 4996 5558
4215 5508 5967 7260 7511 8470 9722 10223 11224 11767
3210 3952 4576 4963 5498 6003 6686 7488 7875 8855
2827 3316 3958 4524 5063 5629 5937 6554 6785 7607
2905 3213 3907 4370 5038 5424 5938 6529 6966 7583
2648 3445 4062 4627 4653 5270 6041 6657 7146 7403
4111 4955 5836 6239 7193 7671 8661 9102 10239 10570
5965 6114 7556 8401 9395 10637 11532 12476 13172 14912
5123 6949 7506 8521 9434 10296 11259 12781 14201 14505
2939 3232 4087 4648 4888 5796 6037 6785 7265 7800
2541 2889 3214 3822 4039 4430 4886 5299 5929 6081
3564 3687 4332 4977 5960 6483 6913 7527 8264 8787
4905 5746 7288 7661 9203 10277 10417 11492 12613 13547
1450 1742 1844 2111 2416 2594 2938 3116 3408 3637
4036 4321 5107 6393 7107 7393 8071 9285 9321 10321
5748 6040 7501 8183 9401 10716 11349 12080 13346 13638
5845 6186 7793 8572 9595 9984 11689 12225 12955 13686
1772 2303 2498 3136 3508 3703 4128 4252 4942 5031
5320 6259 6527 7242 8628 9656 9880 11087 12517 13232
3267 3870 4473 5519 6249 6756 6978 7676 8659 9420
4073 4865 5883 6373 7542 8070 8598 9466 9994 10559
3501 4580 4646 5431 6477 6543 7655 8015 8604 9814
2595 2991 3905 4128 4894 5091 5586 6302 6624 7093
5303 5531 6949 7588 8503 9828 10331 11108 12571 13622
4488 5282 5639 6751 7625 8697 9451 9769 10603 11238
2987 3906 4480 4738 5255 5916 6548 7380 7754 8069
2845 2892 3746 4149 4646 4860 5310 6069 6590 6756
5419 5605 7053 8174 8548 10043 10463 11958 12378 14013
3470 4299 4361 5435 5896 6141 6970 7769 8598 8966
3972 4806 6117 6713 7269 8103 9493 9731 10724 11638
1495 1742 2057 2331 2687 2811 3222 3414 3674 4031
3031 4130 4397 5288 5912 6091 6625 7635 8111 8408
3306 4124 4680 5531 5924 6742 7462 7952 8640 9818
1773 2163 2623 2925 3261 3669 4023 4360 4874 5211
2982 3522 3625 4422 4730 5655 5655 6452 7146 7660
1288 1534 1710 1991 2318 2447 2752 3032 3091 3372
4709 5806 7268 7588 8685 9691 10514 11794 12068 13348
3317 4207 4545 5405 5589 6756 6971 7432 8537 8844
4329 5084 5679 6672 7546 8420 9174 10088 10326 11756
4672 5756 6215 7174 8217 8550 10010 10385 10928 11970
3389 3705 4221 4738 5571 5858 6318 7122 7811 8356
5629 5916 7061 8301 9398 9780 11163 12403 12499 14168
1242 1477 1659 1841 2120 2152 2494 2591 2869 3190
4071 4429 5214 5928 7107 7750 7857 9249 9535 10249
2726 3214 4011 4114 4988 5271 6145 6685 6762 7482
3272 3760 4191 4822 5396 5999 6831 7377 8037 8439
2751 3686 4033 4514 5288 5555 6036 6703 7344 7932
5295 6631 7108 8539 9016 10256 11067 11640 13023 14025
4651 5724 7155 7915 8049 9480 10106 11000 11716 13146
5142 6215 6617 7601 8361 9791 10194 10954 11714 13145
1591 1865 1947 2304 2702 2839 3058 3552 3634 3894
3507 4182 4991 5497 6238 7385 8093 8093 9206 9475
3131 3880 4184 4545 5293 5902 6096 7094 7454 8036
5028 5668 6810 7770 8547 9278 10878 11792 12798 13666
3892 4499 5570 6392 6820 7356 8177 8677 9926 10641
2541 2606 3344 3822 4017 4473 5016 5276 5797 6514
3532 4176 4760 5497 6111 6602 7093 7400 8076 8659
2154 2899 3251 3707 3810 4390 4845 5156 5611 5943
2827 3742 4130 4712 5515 5543 6402 7150 7261 7954
2340 2976 3589 4043 4497 4860 5292 5496 5951 6382
1913 2339 2817 3012 3189 3685 3897 4269 4907 5296
3179 3981 4249 5170 5704 6536 6685 7160 8140 8794
3134 3810 4762 5039 5622 6452 6943 7404 8602 8725
3179 3654 4308 4991 5437 6506 7130 7724 8170 8586
3104 3713 3880 4739 5182 6069 6235 7038 7648 7953
4830 6216 6395 7200 8630 9525 10061 11492 11805 12699
1872 2122 2573 2690 3175 3609 4010 4194 4478 4879
4605 5499 6483 7869 8942 9255 10372 11579 12295 12965
4827 5425 6664 6920 8031 9056 9526 11064 11106 12174
1241 1604 1675 2096 2120 2436 2682 2986 3208 3454
3238 3654 4575 5318 5734 6090 6536 7665 8081 8853
3016 3734 4480 4653 5428 5830 6807 7237 7496 8156
2752 3292 3755 4475 4886 5349 5812 6558 6943 7303
1707 2108 2510 2744 3045 3413 3714 4049 4467 4835
4070 4820 5498 6033 7033 7818 8354 9139 9639 10317
4601 5090 6433 6718 7655 8509 9283 9812 10830 12174
5569 6414 6961 8154 9496 10491 11187 12778 13275 14269
3743 4653 5394 5664 6102 6844 7619 8193 9372 9642
2806 3287 3767 4676 4890 5798 6305 6680 7241 7534
4912 5382 6322 6920 8500 8756 9525 10337 11874 12771
3076 3603 4212 4878 5376 5709 6374 6873 7455 7843
5512 6352 6726 8267 8594 9948 10369 11770 12704 13965
2390 2607 3215 3910 4322 4453 4909 5235 5691 6212
5568 6214 7408 8253 9893 10142 11434 12379 13472 14467
5275 5811 7018 7867 8493 9342 10415 11398 12382 13007
2019 2161 2656 2975 3365 3701 4250 4498 4923 5100
2522 2795 3635 3976 4317 4544 5226 5521 5953 6452
4331 4551 5175 6423 7267 7928 8295 9396 10130 10937
5070 5857 6818 7561 8479 8828 10314 10620 12019 12849
5391 6583 7251 8157 9207 9874 10876 12212 13356 13881
5372 5886 6586 7941 8408 10276 10977 12005 12472 13733
4503 5334 6733 7564 7870 9225 10230 10493 11498 13116
4220 5072 5497 6775 7665 7898 9175 9446 10375 11188
4484 5424 6619 6918 8498 9096 10163 11060 11743 12469
4505 5048 6049 7384 8343 8343 9636 10429 11263 12139
5468 6512 7854 8103 9743 10439 11135 12378 13521 14615
2694 3361 3583 4226 4572 5066 5906 6203 6623 7216
4568 4800 6194 6658 7587 8090 8709 9600 10180 11419
3186 3408 4433 4488 5485 6067 6510 6926 7314 8228
4518 5993 6485 7246 8095 9303 9929 11226 11897 13149
3186 3823 3906 4931 5375 5652 6621 7147 7591 7868
4589 5172 6299 7466 8009 8634 9594 10219 11262 12263
1871 2305 2656 2823 3040 3574 3841 4259 4576 4944
2445 2569 2942 3625 3957 4392 4640 5262 5469 5945
2719 2991 3633 4226 4869 5091 5561 6105 6673 7365
3298 4408 4472 5233 5835 6818 7547 7896 8689 9228
3133 3778 4423 5375 6081 6357 7340 7985 8384 8599
4846 5620 5783 6598 7371 8552 9122 9937 10588 11606
4502 6032 6600 7212 8174 9529 9878 11146 12064 12675
4518 5658 5739 7164 8140 8792 8954 10542 10908 12170
4804 5496 6473 6758 7328 8549 9200 10299 10991 11846
2612 2726 3384 3884 4270 4633 5178 5723 6359 6745
3426 4060 4727 5107 5964 6725 7613 7771 8311 9008
2871 3588 4449 5052 5597 6257 6803 7205 8037 8266
5513 6214 7055 7568 8643 9577 10605 11913 12474 13174
2886 3367 4222 4462 5050 5450 5878 6759 7240 7721
1910 2265 2714 3051 3744 3969 4418 4549 5092 5354
3540 4147 5091 5967 6068 7417 7417 8495 9405 9945
1335 1640 1687 2108 2155 2471 2705 2811 3127 3396
3121 3656 4309 5231 5825 6300 6538 7341 7905 8648
1844 2358 2588 2854 3315 3545 3900 4414 4874 5122
3101 4145 4790 5374 5711 6417 7216 7953 8597 8720
4035 4892 5678 6035 6535 7213 8284 8642 9998 10427
3844 4148 4788 5699 6306 6946 7688 8295 9171 9913
2194 3040 3410 3475 4018 4430 5103 5538 5820 6146
3104 3825 4241 4435 5128 5682 6347 7068 7289 7982
2911 3604 3993 4658 5046 5739 6349 6987 7319 7846
4373 5291 6384 7477 8046 9314 9926 10494 11762 12768
2779 3314 3822 4356 4997 5558 6146 6761 7055 7856
2114 2839 2984 3357 4020 4206 4787 5056 5553 6030
3532 4285 5200 5331 6345 6999 7784 8111 8602 9812
4885 5129 5699 7287 7694 8874 9403 10584 10787 11642
4285 4999 5070 5927 7070 7819 8498 8569 9533 10390
3177 3738 4218 4699 5019 5713 6273 6754 7128 7955
3741 4248 4882 5611 6308 6878 7386 7829 8812 9002
2966 3603 3880 4739 5487 5875 6623 6706 7482 8037
4568 4723 5614 6814 7046 8207 9097 9717 10220 11381
2050 2602 3016 3233 3647 4140 4613 5066 5362 5638
5246 5639 6863 7081 8305 8786 10447 10797 12021 12327
2188 2523 2976 3331 3627 3962 4711 4947 5400 5913
1604 2012 2437 2735 2987 3160 3490 3804 4323 4590
5210 5713 7313 8044 8592 9872 10146 11883 12249 13482
3955 4753 5274 6002 6869 7633 8327 8639 9679 10096
1869 2104 2402 2559 3125 3156 3690 4067 4365 4553
1889 2563 2693 3254 3647 3984 4451 4844 5162 5405
2680 3178 3676 3819 4506 5147 5313 5858 6285 6641
4459 5596 6645 7606 8262 9398 9967 11059 12065 12240
4650 6125 6662 7735 8226 9031 10730 11624 11714 13368
2246 2508 2676 3350 3500 3855 4379 4585 4959 5259
3272 3991 4645 5561 6412 6739 7557 8342 9029 9814
4149 4516 5691 6389 6829 7344 8555 8959 9583 10905
3788 4502 5038 6039 6646 7182 7968 8897 9433 10041
2632 3106 3581 3936 4600 5145 5264 5738 6355 7113
2267 2523 2799 3429 3587 4316 4671 5045 5400 5617
4504 5597 6384 7302 8701 8963 9925 10712 11368 12767
1605 1784 1921 2291 2565 2895 3169 3484 3608 3896
2855 3576 3909 4657 5378 5960 6292 7179 7318 7761
4315 5297 6322 6920 8202 9227 9910 10465 11875 12473
4505 5673 6466 6966 7926 9052 9344 10095 10846 12347
1172 1419 1770 1934 2344 2485 2579 2895 3247 3282
2070 2444 2819 3371 3864 4041 4376 5125 5440 5894
4297 5382 6591 7050 7718 8510 9220 10388 11305 12390
2171 2321 2751 3182 3387 4080 4229 4622 4978 5595
4171 5631 6506 7466 8133 9009 9342 10343 11052 12470
5512 6446 6539 7567 8781 10042 10602 12144 12704 13778
1971 2255 2523 2673 3091 3675 3993 4243 4410 4911
1312 1535 1781 1921 2120 2542 2683 3034 3069 3350
2113 2900 3293 3666 3728 4308 4867 4971 5427 6131
3302 3790 4594 5082 5426 5914 6345 7235 7608 8326
1560 2061 2149 2370 2811 3032 3341 3562 3945 4327
2326 2464 2759 3488 3823 4218 4671 4828 5242 5833
3709 4484 5023 5967 6439 7315 7417 8259 8866 10012
3540 4581 5379 5726 6767 7391 8120 8987 9681 10341
3187 3768 3879 4433 5348 5985 6650 7176 7342 8035
3163 4115 4299 5129 6111 6695 7247 7954 8046 8936
2215 2712 3251 3706 4141 4513 4741 5010 5776 5880
4762 5536 6431 7204 7367 8873 9280 9890 11071 12210
3910 4450 5023 5933 6472 6775 7921 8157 9269 9977
5025 5987 6380 7734 8434 9045 10444 11274 12191 12803
1804 2055 2539 2940 3291 3475 3959 4159 4544 4995
1678 1781 2340 2355 2679 3150 3297 3680 3856 4342
3298 3595 4397 5318 5674 6060 7011 7456 8318 8734
3774 4060 4726 5265 5804 6502 7517 7643 8658 9166
1137 1308 1544 1801 1984 2252 2498 2680 2884 3066
2096 2452 2751 3200 3555 3817 4416 4491 5090 5539
3317 3993 4545 4944 6019 6756 7248 7493 8599 8691
3698 4057 4581 5301 6020 7100 7231 8311 8703 9783
2583 2735 3473 3734 4059 4450 4776 5579 5969 6382
2566 2771 3588 4020 4406 4905 5041 5723 5904 6676
5426 6795 7911 8976 9584 10497 11308 12728 14097 14351
4671 5672 5881 7507 7632 8841 9759 10843 11469 12052
5320 6613 7806 8502 9198 10093 11037 12181 13772 14219
4671 5932 6726 7521 9015 10089 11164 11958 12565 14013
2883 3438 4131 4851 5212 5600 6376 6819 7457 7956
4113 4517 5214 6132 6646 7491 8152 9437 10171 10832
4890 6078 7129 8043 9140 9551 10968 11196 12430 13618
2655 2869 3698 3841 4481 5144 5453 6069 6472 7065
3388 3589 4335 4622 5684 6029 6717 6976 7952 8526
4906 5654 7149 8364 8831 9391 10279 12148 12241 13082
5211 6429 7792 8376 8863 10714 11396 12662 13538 14220
2030 2602 3035 3272 3942 4238 4651 5085 5184 5519
5717 6314 7407 8501 9147 10340 11483 12875 13670 14118
5121 6215 7309 8651 9099 9944 11684 12281 13424 14618
1966 2546 2845 3163 3613 3762 4286 4623 4941 5391
4997 5723 6150 7388 8370 8925 9908 10463 11872 12470
2609 2917 3320 4221 4695 4909 5596 5762 6426 6853
2433 2650 3193 3692 4300 4518 4908 5321 5777 6255
2800 3576 4269 4906 5433 5655 6209 6874 7318 7844
4036 4572 5357 5964 6536 7786 8428 9285 9321 10035
4983 6355 6583 7772 8960 9737 10332 11017 12069 13166
4937 5805 6491 7496 8731 9508 10559 11793 12753 13713
3565 3833 4516 5140 5764 6239 7041 7546 7724 8318
2280 2953 3452 3626 4125 4494 4863 5450 5862 6340
2702 2868 3673 4052 4740 5024 5593 6161 6588 6991
2911 3579 4140 4514 5181 5609 5929 6810 7318 7798
2498 2974 3565 3746 4336 4995 5222 5653 6198 6788
5165 5622 6719 8090 8867 9873 10284 11609 12752 13163
3810 4282 5360 5428 6405 7046 7686 8260 9372 9743
2828 3111 3908 4113 4962 5630 6093 6684 6812 7609
5230 5990 6884 7778 8181 9611 10594 11399 12114 12874
3435 4187 4579 5855 6411 6738 7785 8471 8929 9355
4997 5851 6064 7601 8541 8968 9480 10847 11359 12683
1383 1488 1793 2050 2261 2343 2671 2859 3151 3327
1592 1743 1976 2387 2497 2758 3238 3361 3663 3965
3405 4686 5360 5529 6270 7113 7855 8562 9169 9607
3267 4010 4574 5198 5881 5970 6950 7692 8019 8880
5166 6035 6675 7680 8595 9372 10469 11520 12206 13349
1218 1615 1732 1943 2212 2575 2762 2961 3230 3418
3235 4376 4598 5200 6342 6722 7071 8022 8783 9354
3132 3437 4130 4601 5377 5654 6347 7095 7621 7843
5488 5917 6871 7826 9162 9734 10545 12263 12740 14267
1561 1929 2150 2532 2665 3062 3298 3636 4078 4122
5275 7101 7151 8825 9383 10853 11259 12324 13491 15113
1885 2136 2466 2748 2968 3141 3706 3816 4209 4680
1722 1854 2148 2486 2839 3207 3310 3546 4104 4222
3125 3419 4033 4781 5021 5582 6089 6677 7158 7852
4104 5226 5768 6388 7588 7975 8633 10026 10684 11110
4606 5367 6663 8050 8139 9347 10241 10733 12208 13103
4613 5296 6321 7645 8456 8584 9737 11061 11616 12684
4923 5548 6424 7258 7550 8468 9636 10429 11221 11722
1410 1601 1994 2235 2426 2705 2934 3239 3556 3709
3209 3774 4190 5170 5764 6210 7042 7399 8052 8528
2152 2507 2993 3311 3554 3872 4209 4658 5051 5387
2129 2404 3153 3508 3882 4217 4572 5084 5143 5656
4782 5935 6618 7343 8197 9393 10033 10972 11655 12723
4330 4767 6355 7031 7944 7984 8739 9533 10645 11161
1348 1512 1735 1934 2250 2485 2660 2836 3117 3305
4036 4903 5809 6714 6940 7581 8411 9241 10448 10787
4526 5017 5507 6073 6902 7732 8826 9165 9882 11277
2115 2414 2882 3069 3668 3799 4285 4510 5146 5464
3425 4439 5042 5264 5771 6754 7230 7864 8783 9164
3159 3491 4073 4793 5181 6012 6566 7092 7508 8173
4713 5839 6422 7256 8007 8758 9383 10634 11426 12094
1791 2042 2356 2796 3094 3235 3628 3848 4288 4617
3188 3504 4365 4997 5428 5973 6519 6921 7610 8557
5070 5595 6818 7168 8698 8916 10140 10489 12150 13112
4681 5617 6512 6756 8099 8873 9605 10338 10826 11518
3521 4314 4758 5170 6026 6344 7200 8183 8310 9103
1971 2444 2838 3508 3882 4237 4612 4986 5498 5695
3270 3492 3963 4683 5265 5764 6568 7177 7260 8009
4148 5139 5653 6204 7011 7525 8589 9103 9801 10755
5123 6745 7151 8318 9890 10397 12172 12933 13440 14657
1525 1576 1970 2034 2491 2682 2885 3164 3431 3787
5232 6072 7100 7474 9015 9949 11210 11210 12985 13592
1905 2173 2440 2858 3175 3626 3810 4178 4345 4980
2911 3552 4006 4674 5128 5849 6142 6516 7184 7931
4665 6082 6402 7865 8643 9329 10106 11386 11889 13124
1807 1996 2420 2703 3064 3316 3520 3803 4133 4604
4090 5401 6036 6949 7823 8657 9451 9649 10602 11158
2214 3018 3365 3604 4298 4602 4949 5492 5753 6382
2444 2548 3314 3521 4018 4225 4557 5074 5778 5965
1125 1446 1564 1821 2120 2281 2388 2709 2891 3191
2622 3166 3611 4229 4501 5193 5614 5935 6454 6949
2294 2748 3430 4066 4429 4792 5019 5723 6132 6791
4254 5672 6214 7507 8341 9008 10009 10051 11552 11677
2281 2650 3215 3779 4257 4366 4778 5495 5973 6168
3998 4828 5431 6714 6865 8034 9052 9203 9920 10862
3187 3474 4192 4823 5398 6115 6689 7378 7752 8584
4073 5015 5995 6033 7466 8220 8936 9125 10030 11161
5200 6393 6870 7920 9494 9589 11307 12404 12881 13883
5984 6897 7252 8469 9128 10852 11867 12779 13641 14605
2172 2736 3475 3562 4148 4582 4930 5234 5863 6493
4105 4840 5847 6273 7202 8364 8944 9796 10338 10880
5052 5634 6885 7914 8137 9300 10730 11490 11669 12921
4962 6012 6966 7730 9352 10449 10974 12358 12739 13741
2367 3018 3148 3691 4342 4429 4776 5644 5991 6230
2856 3604 3937 4713 5378 5544 6182 7124 7263 8095
2929 3646 4508 4737 5656 5943 6489 7379 7867 8383
4971 6114 7506 8699 9395 10836 11483 12675 13868 14465
4828 5170 6110 7477 7947 8929 9442 10296 11791 12176
2547 2967 3610 4253 4451 5242 5489 6404 6429 7121
3204 3632 4246 4593 5100 5794 6382 6649 7022 7583
3761 4579 4742 5887 6377 6770 7391 8437 8764 9582
5676 6296 7298 8490 9158 10446 11352 11972 12401 14262
5440 5668 6628 8045 8777 9600 10377 11656 11976 13302
1135 1489 1649 1788 2120 2195 2548 2634 2837 3169
2633 2917 3795 3819 4340 5004 5336 6119 6498 6641
3379 3778 4331 5498 5560 6174 7280 7740 8324 9092
3361 4090 4629 5580 6246 6944 7451 7831 8466 9322
1285 1403 1670 1831 2077 2227 2419 2708 2815 3179
4800 5577 7131 8137 8319 9782 10056 11839 12616 13439
1729 1980 2483 2734 2844 3143 3598 3803 4337 4714
1230 1570 1664 1933 2273 2437 2753 2847 3140 3491
1523 1797 1989 2291 2634 2963 3045 3333 3786 3855
5617 6312 7157 8847 9941 10786 11581 12475 13718 14314
4726 4806 5798 6394 7546 8539 8817 10127 10961 11477
4812 6073 6774 7474 8735 10090 11071 12052 12519 13733
5072 6340 7557 9028 9383 10448 11360 12831 13795 15063
5319 6213 7107 7644 8314 9789 10281 11040 12158 13320
4142 4535 5428 5856 7106 7713 8284 8712 9998 10212
3257 4178 4700 5315 5591 6267 7127 7404 8018 8847
4450 5016 5845 6411 7278 7806 8787 9126 9956 10861
1587 1964 2404 2781 3080 3253 3567 3960 4242 4541
4405 4956 5396 6057 7195 7415 8479 9470 10021 10535
3330 4439 5010 5200 6056 6659 7008 7800 8751 9481
1807 2011 2451 2545 2827 3424 3754 4021 4225 4555
1634 2042 2450 2811 3141 3141 3706 3957 4397 4476
4589 5632 5924 6717 8094 8719 9304 10138 11014 12432
4027 4917 6001 6504 6969 8362 8827 9446 10530 11537
2820 3176 3365 4219 4598 4977 5640 5854 6517 7110
5172 6315 7360 8652 9349 10293 10989 12034 13177 14221
1537 1838 1934 2318 2730 2812 3086 3443 3649 3896
4663 6399 7313 7405 8639 10010 10833 11290 12387 12981
2612 2862 3476 4021 4248 4952 4997 5497 5929 6655
1468 1865 2043 2359 2564 2825 3250 3373 3593 4045
5797 6236 7015 8136 9500 9841 11058 12033 13104 14273
1373 1551 2021 2135 2351 2783 3025 3177 3482 3622
4838 5213 6214 7257 8257 9050 9342 10843 11093 12302
3562 3746 4299 5434 6141 6724 6847 7921 8505 9057
2741 3383 3778 4321 4717 5334 5877 6371 6914 7284
2793 3114 3584 4325 4869 5042 5487 5931 6895 7217
1276 1557 1768 2108 2260 2342 2798 2822 3208 3419
1508 1905 1988 2412 2714 2974 3139 3372 3660 3961
2620 3386 3633 4077 4745 5115 5782 6178 6697 7265
2900 4019 4249 5139 5570 5828 6890 7034 7608 8440
1347 1440 1768 2014 2260 2564 2810 2903 3173 3290
1991 2503 2760 3213 3844 4179 4730 4967 5499 5834
4765 4964 6274 6353 7902 8339 8895 9887 10602 11912
2036 2461 2656 3187 3346 3771 3948 4568 4727 5134
3033 3776 4727 4816 5530 6213 6540 7135 7848 8473
3573 4449 5224 6066 6471 7313 8054 8695 8897 9807
3854 4375 5451 5625 6701 7187 7812 8402 9582 9791
2655 3105 3626 4266 4361 4930 5641 6043 6517 7086
3951 4842 5578 6313 7514 8095 8521 9567 10186 10845
1462 1665 2021 2237 2338 2580 2974 3050 3533 3698
1857 2258 2425 2726 3211 3428 3813 4097 4415 4699
1772 2179 2640 2835 3508 3845 4163 4518 4748 4996
3134 3687 4916 5069 5745 6206 6943 7496 8203 9125
2341 2776 3128 3397 3915 4184 4909 5344 5489 5965
3885 5168 5545 6111 6827 7770 8412 9807 10260 10826
2395 3296 3438 3841 4647 4931 5642 5927 6543 7088
5511 6118 6818 7985 9199 10273 11161 11861 12515 13962
3948 5186 6076 6927 7624 8475 8514 9985 10720 11300
4526 5167 5468 6524 6826 7656 9051 9277 10220 10710
5071 6264 7407 8500 8948 10737 11881 12875 13272 14863
3329 4375 4851 5517 5707 6848 7482 7894 8813 9384
1666 2201 2279 2782 3002 3269 3521 3772 4102 4574
2928 3990 4478 4593 5626 6286 6602 7061 8037 8439
3045 3906 4452 4653 5170 5946 6319 7209 7755 8157
1678 1796 2193 2428 2708 2973 3532 3591 4120 4282
1618 2105 2325 2624 3142 3189 3661 3943 4399 4493
3750 4642 5321 6249 6428 7606 8570 9284 9284 10677
2743 3113 3632 4422 4867 5238 5608 6152 6843 7288
1125 1457 1597 1736 2089 2271 2357 2732 2925 3075
2905 3420 3857 4319 4834 5245 6119 6402 7121 7379
5066 5845 7501 8476 9645 9937 10960 12324 13639 14369
3576 4583 5068 6145 6631 7429 8123 8609 9060 9998
2805 3420 3794 4702 5049 5851 6118 6705 7106 7667
4546 5464 6557 7606 8611 9310 10010 11234 11977 12283
1616 1712 2082 2465 2657 3000 3287 3342 3821 4027
4171 5172 6464 7465 8132 8424 10009 10634 11510 12386
3172 4187 5074 5138 5899 6470 7389 7675 8816 9419
1284 1716 1932 2186 2440 2669 2860 3292 3521 3584
4276 5456 6433 6637 7451 8591 9650 9813 10627 11971
4801 5578 6538 7407 8596 9556 10150 11567 12573 13488
3784 4339 4860 6109 6630 7567 8261 8504 9684 9927
2018 2213 2655 3133 3257 3894 4178 4567 4903 5098
4968 6040 7452 7939 9693 10716 11397 12518 13492 13881
4412 5128 5317 6599 7541 7994 8748 9615 9803 11010
3641 4416 4854 6067 6202 7213 7584 8696 9236 10011
4562 5367 6396 7425 8230 9392 10510 11092 12121 12702
5067 6090 7746 8380 9452 9987 10864 11693 13008 14226
5139 6120 6820 7941 8829 10137 10697 11445 12379 13827
2273 3181 3181 3658 4317 4681 5022 5544 6294 6657
1672 2206 2424 2691 3209 3560 4011 4162 4646 4780
1751 2030 2251 2560 2766 2957 3384 3707 3942 4119
3085 3368 3933 4345 4756 5604 5707 6350 7147 7455
2259 2569 2963 3564 3875 4372 4558 5283 5760 5801
3477 4012 4249 4873 5557 6032 6686 7339 8260 8766
3446 3762 4480 4681 5341 5973 6519 6892 7524 8414
3205 3525 4139 4273 5020 5795 6382 6889 6943 7957
3204 3524 4191 4645 5206 5633 6300 6567 7474 7982
5302 6216 7130 8044 8501 9415 10055 11792 12340 13483
2794 3165 3733 3956 4623 5143 5439 6329 6453 7021
4338 4790 5582 6261 6864 8033 8939 9580 9881 10824
2817 3361 3658 4078 4794 5017 5931 6326 6450 7018
2608 2869 3532 4244 4457 5168 5642 5903 6638 6733
2431 3180 3384 3634 4316 4770 5338 5860 5951 6496
3681 4375 4931 6250 6910 7222 7639 8403 9201 9861
2910 3879 4101 4655 5431 5902 6539 7010 7204 8118
2622 3445 3728 4499 4781 5578 6118 6683 7146 7275
1985 2179 2782 2888 3189 3597 4252 4411 4837 5085
5985 6492 7607 8469 9382 10447 11766 12324 13541 15062
1764 1985 2117 2617 2793 2970 3514 3808 4013 4263
3643 4393 5393 5857 7143 7571 8035 9035 9714 10535
1895 2373 2673 3187 3523 3718 4107 4568 4745 5028
2965 3339 4247 4301 4835 5422 6330 6838 7372 7906
4254 5422 5964 6673 8175 9134 9926 10844 11553 12136
1869 1948 2294 2733 3126 3440 3566 3817 4320 4492
3225 3900 4576 5497 5896 6694 7247 7431 8598 8690
4561 5334 6271 7207 7533 8754 8999 10098 10668 11441
5649 6526 7402 8766 9253 10422 11298 12272 13100 14512
2498 3140 3536 4055 4846 5168 5514 5959 6528 7269
2913 3260 3741 4329 4863 5665 5879 6787 7428 7963
1411 1614 2021 2046 2351 2606 3012 3266 3444 3737
4400 5467 6407 7688 8457 9055 9568 10678 11319 12344
2239 2591 2902 3420 3731 4374 4726 4975 5555 6011
1853 2199 2513 2701 2843 3188 3722 4005 4256 4444
1384 1765 1880 2172 2527 2756 2959 3302 3416 3721
5098 5367 6395 7871 8363 9302 10375 10777 12164 12834
2258 2887 3148 3560 4233 4667 5167 5405 5970 6360
4106 4641 5069 6105 6961 7782 8460 9281 9995 10424
2485 2817 3189 3376 3894 4246 4701 5177 5736 5944
1158 1362 1555 1769 2016 2166 2380 2787 2959 3044
1603 2027 2326 2813 2891 3441 3598 3944 4101 4620
4490 4993 6038 6464 7083 8477 9212 10064 10141 11031
4186 4790 5883 6788 6788 7882 8825 9164 9881 11163
1873 2240 2424 2742 3076 3678 3728 4162 4430 4864
5419 6165 7805 8551 9148 10092 11932 12280 13572 14069
3299 3775 4339 5082 5617 6003 7133 7549 7757 8321
1242 1605 1723 1933 2133 2344 2777 2882 3257 3374
3929 4736 5287 6242 6903 7857 8114 9509 9876 10684
4473 5770 6440 7201 8766 9213 10510 10734 11896 13014
4613 5126 6749 7176 7860 8714 9739 11020 11746 12430
1232 1500 1543 1832 2100 2271 2464 2646 2807 3031
1252 1486 1732 2071 2340 2539 2762 2820 3265 3487
1838 2058 2325 2561 3079 3284 3598 3975 4320 4462
4561 6170 6618 7422 8227 9434 10552 11044 12117 13279
5325 6593 7760 8317 9382 11157 11766 12882 13287 14504
4011 4449 5291 5965 6403 6976 7819 8560 9133 9874
2172 2650 3128 3692 4300 4626 4822 5408 5929 6277
4149 5242 5808 6034 6788 7920 8485 9315 10333 11276
3786 4679 5214 5714 7107 7357 8000 8964 9750 10714
4235 5212 6108 7289 7655 8795 9203 9813 10709 11605
3533 4350 5168 5724 5920 7163 7817 8144 8635 9289
5084 5597 6024 7604 7690 8758 9484 10680 11534 12047
5440 5486 7268 7451 8777 9463 10925 10971 11977 13622
4215 4644 5144 5894 6930 7251 7966 8680 9323 10644
2196 2817 2900 3583 4059 4432 4743 5136 5778 5902
4803 4926 6228 7083 7938 8752 9321 10339 10827 12008
3392 4438 5072 5674 5833 6847 7513 8210 8273 9383
2052 2387 2802 3176 3551 4123 4419 4991 5504 5583
3476 3951 4248 5020 5941 5971 6862 7664 7961 8911
1337 1630 1833 2075 2482 2699 2801 3055 3335 3577
3076 3381 4406 4821 5237 5847 6539 6983 7287 8118
4811 6492 7473 8034 9341 9902 10322 11863 12144 13825
2078 2564 2770 3126 3669 3744 4211 4642 4960 5409
4955 5681 6450 7091 8031 8714 9697 10551 11106 12687
4258 4761 5884 6929 7432 7974 8593 9909 10413 11613
5511 6492 6539 8313 8827 10041 11115 11489 13030 13310
2049 2680 3133 3271 3940 4334 4531 4965 5240 5871
