1000 10 10
8 14 13 10 10 15 25 29 26 9 13 0 38
7 27 12 23 26 27 10 15 23 10 10 0 34
7 27 13 11 29 12 27 25 22 21 8 0 31
6 25 18 25 23 11 19 30 29 12 16 0 29
3 18 17 29 11 12 17 25 8 15 29 0 14
10 29 29 15 20 27 22 8 15 31 31 0 47
4 14 18 28 10 21 20 33 9 15 26 0 17
5 12 24 20 13 14 15 8 9 12 29 0 24
8 10 8 32 14 11 24 17 26 28 21 0 37
10 21 26 28 29 12 16 8 17 21 23 0 48
5 15 27 7 32 23 7 18 31 16 28 0 21
3 28 9 23 18 21 32 30 15 27 18 0 12
8 8 21 16 16 32 21 20 26 7 19 0 38
4 26 22 17 22 30 26 9 29 8 11 0 19
5 8 24 19 22 24 15 21 7 18 16 0 21
4 15 26 31 11 25 17 32 28 21 26 0 20
7 22 12 31 18 8 13 7 10 33 28 0 32
10 32 29 26 16 22 26 17 30 7 7 0 50
8 28 26 19 23 30 16 33 18 11 29 0 40
9 13 10 12 23 21 25 25 10 14 16 0 43
3 28 23 27 25 22 32 29 24 26 8 0 12
7 13 21 30 26 12 13 24 21 14 7 0 35
10 9 21 26 20 12 18 32 24 9 21 0 48
6 21 14 30 24 15 7 31 24 16 25 0 29
6 31 17 7 23 31 32 23 18 18 23 0 27
3 11 24 17 13 32 21 25 10 16 22 0 13
3 15 15 16 21 24 24 13 13 31 29 0 14
8 22 7 31 21 26 26 26 19 16 26 0 36
5 14 30 12 19 19 22 30 23 12 20 0 22
5 14 9 24 19 25 22 30 16 15 22 0 21
3 12 24 32 10 25 20 20 13 32 19 0 14
8 32 8 16 32 31 24 24 27 27 15 0 40
4 16 28 10 11 23 25 22 23 32 15 0 19
9 22 9 26 15 19 15 31 11 8 13 0 44
5 20 25 21 18 22 19 23 9 7 14 0 21
2 31 30 7 31 26 32 26 12 26 12 0 10
5 28 9 26 10 17 28 23 23 11 20 0 24
10 14 12 32 9 22 18 32 9 20 20 0 46
4 16 27 9 27 21 7 27 13 16 30 0 16
8 32 14 19 20 12 18 26 17 24 9 0 38
9 13 13 25 13 29 10 17 20 22 28 0 43
10 28 24 26 18 25 25 7 10 9 14 0 49
6 23 17 30 32 33 24 14 26 32 33 0 30
7 13 9 20 30 13 14 8 23 25 17 0 35
5 18 7 20 14 17 10 29 25 28 29 0 25
10 32 31 16 26 13 20 32 22 31 33 0 47
8 14 21 30 29 22 17 19 21 33 23 0 39
5 16 7 20 13 13 27 19 11 9 18 0 23
3 29 9 11 12 8 15 13 11 20 29 0 13
9 30 29 33 22 32 20 8 9 21 31 0 45
10 26 27 17 11 17 13 22 20 19 26 0 48
8 18 30 8 30 7 29 17 30 15 7 0 40
8 19 13 28 12 10 18 31 15 10 21 0 37
8 22 17 15 8 29 20 22 7 21 28 0 38
10 30 26 23 11 12 8 12 16 23 32 0 49
5 17 27 10 31 10 24 12 29 11 9 0 23
10 8 27 15 18 20 8 22 25 30 9 0 50
6 26 23 17 9 17 22 28 11 18 23 0 26
5 8 7 22 31 10 19 28 27 28 29 0 25
6 10 28 9 18 13 23 13 13 18 9 0 27
4 17 20 15 13 28 20 11 22 18 30 0 19
4 33 31 11 11 9 24 27 11 17 15 0 17
4 21 9 13 7 24 30 31 20 15 19 0 18
8 28 27 18 19 7 22 12 14 17 32 0 39
9 7 7 11 10 19 11 20 26 14 19 0 41
4 21 9 32 21 9 33 18 25 27 12 0 17
7 7 31 20 10 15 13 18 20 20 29 0 33
6 15 8 10 10 28 30 19 29 31 28 0 30
3 21 29 26 29 23 22 23 31 30 28 0 14
4 9 29 26 26 30 17 11 20 29 19 0 18
8 31 21 13 31 12 24 11 30 20 32 0 40
8 9 15 25 32 10 13 10 21 15 16 0 38
8 17 23 32 7 32 23 9 18 29 32 0 36
7 28 15 28 9 22 28 24 28 12 18 0 34
10 8 21 9 28 29 30 29 22 20 21 0 49
7 15 10 16 30 25 14 8 25 20 18 0 31
8 17 14 27 20 14 22 11 24 30 20 0 38
3 22 17 32 28 19 31 22 26 32 23 0 13
6 21 22 17 20 10 12 8 23 25 23 0 28
8 15 13 11 8 7 12 22 16 26 29 0 36
5 13 17 26 23 21 16 32 11 26 17 0 23
9 26 14 30 9 25 28 25 7 28 12 0 45
2 10 32 24 13 17 22 28 33 31 30 0 10
10 32 22 25 20 9 27 22 20 32 9 0 48
9 21 21 31 32 24 17 32 30 21 8 0 41
10 11 7 25 22 18 26 22 22 25 31 0 46
5 10 18 28 14 32 8 15 14 13 20 0 21
3 14 13 32 13 18 13 18 28 13 18 0 11
9 25 10 32 9 18 7 23 7 31 23 0 41
5 13 18 17 29 9 7 28 25 23 28 0 23
6 28 10 7 17 16 29 9 27 32 14 0 30
4 29 22 7 19 16 22 30 33 17 22 0 20
3 12 17 10 24 14 24 17 28 7 30 0 15
10 29 24 7 29 18 9 17 29 16 32 0 46
3 22 17 24 25 30 25 31 10 27 23 0 12
5 29 30 20 21 25 21 28 13 7 29 0 21
7 18 13 12 18 25 17 23 10 19 30 0 33
7 28 28 21 26 30 32 26 20 17 9 0 32
10 20 21 32 12 30 25 21 21 20 15 0 50
3 11 25 22 18 31 8 16 22 18 16 0 13
8 16 32 19 24 7 22 12 14 15 32 0 37
9 13 33 13 30 16 12 31 21 23 26 0 43
8 30 12 17 14 13 11 14 14 20 25 0 38
6 10 29 14 17 25 18 12 10 13 28 0 28
3 21 18 9 24 25 22 10 13 22 27 0 11
6 23 22 18 24 10 29 22 13 26 10 0 28
8 21 23 27 9 30 7 19 8 31 15 0 39
10 31 10 30 25 16 30 17 28 33 33 0 48
6 17 20 22 25 27 10 31 22 27 30 0 29
9 12 24 20 8 14 8 32 22 22 29 0 45
7 18 23 23 8 21 33 17 25 22 31 0 32
3 33 27 24 9 11 16 16 9 10 21 0 13
3 31 31 21 32 15 29 8 28 22 12 0 12
8 28 24 24 13 15 9 11 21 10 15 0 38
5 10 10 17 23 31 21 7 9 19 23 0 22
3 12 13 14 12 19 29 23 8 32 8 0 11
5 7 7 19 26 12 29 22 27 17 29 0 22
10 22 9 28 13 30 17 17 26 25 19 0 49
5 22 24 31 23 11 14 27 10 9 21 0 22
7 15 8 9 12 10 31 11 19 13 31 0 34
10 11 26 30 27 15 33 26 23 25 21 0 48
6 11 29 8 11 9 15 12 30 19 16 0 28
6 17 9 22 9 25 26 19 30 29 18 0 30
4 19 30 20 27 17 8 15 29 32 20 0 18
8 10 21 26 22 18 13 7 20 18 32 0 40
5 12 21 22 28 23 18 18 26 10 20 0 24
3 24 14 19 30 9 26 25 22 30 23 0 14
5 33 16 20 17 27 17 14 21 8 22 0 24
5 21 30 11 28 14 30 14 11 8 17 0 24
6 19 21 10 18 16 14 14 25 15 15 0 27
10 27 28 11 20 19 9 14 27 25 10 0 49
6 17 30 27 26 32 12 9 12 19 27 0 28
4 29 31 21 11 29 10 21 31 32 19 0 17
10 18 33 28 12 11 22 32 29 24 30 0 48
3 14 20 24 20 14 30 23 12 13 16 0 11
4 17 26 25 28 28 22 31 23 25 24 0 19
4 23 30 12 22 18 9 21 23 7 8 0 16
10 18 22 8 20 26 10 21 24 31 32 0 48
7 24 21 17 12 31 13 16 33 8 8 0 33
5 29 10 13 8 19 30 10 8 22 25 0 23
8 18 31 32 33 17 10 19 22 26 19 0 36
3 32 19 23 28 19 26 32 29 33 30 0 12
3 32 8 31 22 23 15 8 14 22 32 0 13
4 30 31 10 14 19 11 23 29 27 10 0 17
9 8 22 26 12 26 20 30 12 10 28 0 43
10 26 21 28 10 18 28 19 10 19 30 0 48
7 18 30 28 23 7 17 9 7 28 9 0 34
8 12 33 26 14 10 29 9 16 19 7 0 40
8 10 25 20 17 13 32 13 28 14 12 0 39
8 19 20 23 15 25 24 24 26 26 18 0 40
8 24 28 20 14 11 21 23 20 26 15 0 38
8 11 13 18 30 25 26 20 18 18 21 0 40
4 11 11 10 21 30 27 13 29 19 13 0 16
9 28 25 28 14 8 16 21 29 30 10 0 43
3 32 20 26 14 11 25 27 26 13 25 0 15
9 15 12 32 28 25 12 29 9 29 17 0 43
3 24 23 31 33 32 7 18 27 17 14 0 14
3 9 16 10 15 20 20 16 24 14 17 0 11
7 26 16 25 14 17 7 20 17 23 20 0 34
8 19 17 14 18 30 18 19 30 19 28 0 36
7 20 7 31 8 29 16 20 10 32 26 0 33
10 9 18 30 19 9 19 14 7 24 30 0 46
4 10 17 18 31 30 12 8 28 25 16 0 17
4 25 20 21 23 26 19 31 11 14 25 0 19
3 13 8 18 27 25 29 13 30 24 30 0 12
9 13 24 14 14 7 24 15 29 20 29 0 45
6 19 9 32 17 14 26 20 18 13 17 0 29
10 28 22 9 20 31 32 24 27 17 9 0 46
8 30 15 23 19 31 28 32 24 14 26 0 37
4 24 7 16 24 24 13 14 25 23 15 0 19
5 20 12 16 15 26 23 15 29 10 31 0 22
4 7 24 30 16 24 19 22 10 30 26 0 19
7 7 24 18 32 7 14 25 8 8 19 0 34
10 32 21 32 22 14 15 11 15 30 30 0 49
8 26 14 9 22 13 24 20 15 15 19 0 39
4 15 18 8 12 16 25 23 18 29 12 0 20
4 10 19 16 9 15 26 25 29 9 29 0 19
7 28 17 28 8 15 25 29 18 10 30 0 32
3 26 32 7 14 17 9 11 17 28 13 0 12
6 29 12 17 28 29 9 13 24 25 29 0 30
9 19 30 26 17 22 30 25 25 29 22 0 42
3 32 27 16 11 21 28 13 24 13 16 0 13
5 7 22 32 21 20 11 22 8 31 9 0 21
6 17 28 30 21 30 31 9 14 20 32 0 30
10 25 14 30 25 8 28 16 20 27 17 0 46
8 26 31 20 13 20 18 14 24 25 29 0 39
4 31 24 21 13 27 29 15 7 24 24 0 17
10 31 28 26 31 27 27 8 16 14 9 0 48
4 26 10 14 13 8 32 30 28 26 30 0 16
4 21 19 25 21 30 30 7 27 8 9 0 19
3 21 31 14 7 19 9 26 28 18 17 0 12
6 19 26 20 32 15 13 16 33 15 17 0 27
8 10 8 24 7 29 23 23 29 16 21 0 40
4 10 11 13 18 20 20 11 13 21 13 0 19
7 12 14 10 16 14 29 10 28 20 28 0 34
7 20 9 9 11 30 20 21 27 22 12 0 33
6 7 28 10 25 32 31 19 31 10 12 0 30
10 32 8 24 15 12 12 31 27 14 13 0 48
8 30 18 7 33 28 20 27 27 10 23 0 36
5 26 23 32 11 11 25 29 17 25 12 0 22
4 21 30 29 30 22 12 23 24 25 16 0 19
4 20 10 17 17 23 10 30 18 16 7 0 20
3 33 24 27 12 28 20 10 18 13 30 0 12
9 28 8 25 11 15 18 16 14 20 25 0 42
9 28 12 23 12 13 9 20 16 11 15 0 45
8 14 10 9 29 26 9 32 13 32 8 0 40
3 32 24 11 31 29 22 11 27 20 30 0 13
9 11 14 18 14 21 30 18 13 25 19 0 42
2 20 15 29 32 17 14 26 25 13 30 0 10
8 7 29 22 28 32 16 15 7 24 18 0 36
4 14 30 29 28 31 26 30 10 21 12 0 16
7 23 11 30 25 13 22 32 31 19 27 0 32
4 9 29 28 23 16 14 19 23 28 17 0 19
3 16 30 31 22 10 30 30 22 31 33 0 15
6 13 31 32 20 22 7 26 26 12 31 0 27
8 11 8 14 28 16 13 12 9 29 28 0 40
8 17 22 16 30 30 25 19 33 31 27 0 39
10 10 18 24 20 21 17 17 18 33 23 0 49
4 9 11 30 11 29 27 31 18 27 14 0 19
6 10 12 27 20 19 25 17 11 29 21 0 30
7 17 24 10 21 14 13 25 14 23 29 0 32
4 32 20 13 8 17 19 27 30 20 21 0 18
8 26 19 10 7 16 22 32 22 17 18 0 39
3 7 15 25 18 16 19 21 13 10 32 0 15
4 27 32 32 14 28 11 32 15 27 8 0 16
10 25 22 18 20 11 20 23 7 14 20 0 47
4 28 23 32 29 32 13 19 27 16 8 0 16
7 32 17 26 24 25 31 19 27 31 25 0 33
4 32 32 28 25 20 17 14 14 18 28 0 17
8 7 29 27 15 32 7 29 20 19 16 0 39
7 17 17 23 26 29 23 28 14 13 28 0 33
6 22 20 26 9 21 12 15 8 14 11 0 30
6 31 8 29 15 25 18 21 12 12 22 0 27
10 22 14 32 15 13 28 10 24 18 7 0 50
7 24 18 27 24 7 13 22 15 22 26 0 34
3 24 28 9 18 28 19 29 11 25 12 0 13
7 9 23 18 10 20 15 10 32 29 29 0 33
3 9 7 29 32 8 13 22 28 9 17 0 15
5 26 27 13 7 14 11 29 15 31 16 0 25
3 16 22 24 23 17 15 13 22 25 31 0 12
10 12 22 28 29 12 10 22 8 24 18 0 49
7 28 17 9 21 9 12 17 8 11 11 0 34
8 14 18 17 10 23 22 21 15 28 26 0 40
3 22 30 29 26 9 11 22 22 10 7 0 13
10 8 31 28 29 10 8 16 31 21 31 0 49
5 18 25 8 30 26 25 29 11 18 26 0 23
5 28 30 7 23 26 23 28 29 15 25 0 22
9 24 31 26 33 10 7 25 9 25 33 0 42
8 16 10 7 31 24 14 19 33 8 10 0 36
5 7 30 16 15 30 28 19 7 7 20 0 24
8 9 25 23 14 29 17 12 19 23 32 0 38
7 30 30 12 32 32 7 32 31 14 16 0 33
3 23 9 13 31 17 26 9 31 18 8 0 15
5 24 30 27 17 22 10 10 15 14 29 0 24
4 31 9 31 15 14 32 19 14 27 7 0 19
9 20 17 28 19 30 15 9 21 22 28 0 45
5 8 23 21 15 7 13 8 32 24 24 0 21
6 17 18 27 11 18 10 13 7 18 17 0 30
6 31 27 12 10 26 8 10 8 23 30 0 28
9 29 26 17 10 30 21 10 27 33 11 0 44
8 12 18 20 25 11 27 33 24 12 12 0 36
8 14 10 7 14 25 25 19 15 24 7 0 40
7 30 16 7 15 18 13 23 13 21 22 0 35
8 7 9 9 21 11 12 18 27 23 19 0 36
6 29 9 31 25 28 11 30 9 21 31 0 27
7 10 9 10 20 10 23 20 18 9 20 0 35
6 11 8 10 20 12 8 20 15 13 29 0 30
8 15 31 19 17 14 14 29 33 8 13 0 38
10 7 27 25 11 10 30 12 29 9 27 0 47
3 27 17 19 24 28 22 11 29 13 15 0 11
4 15 31 29 17 17 17 23 7 23 18 0 18
3 19 11 18 10 28 27 13 8 21 24 0 14
8 23 11 27 31 12 9 31 24 12 22 0 36
9 26 30 11 16 32 19 16 11 12 16 0 44
9 10 33 23 12 21 33 23 25 31 29 0 44
5 17 25 12 26 30 19 11 29 27 31 0 21
3 24 8 10 17 7 22 24 23 30 27 0 12
3 28 23 30 24 13 16 8 23 30 12 0 12
9 16 30 9 29 28 30 26 11 24 23 0 41
6 30 14 24 25 26 25 14 9 20 17 0 26
5 8 23 21 23 28 11 32 9 8 24 0 24
6 25 28 13 32 16 16 18 9 15 11 0 27
9 14 30 15 23 16 21 26 16 23 10 0 44
9 21 25 24 18 14 11 10 13 28 9 0 43
5 13 26 9 10 14 21 23 28 12 30 0 23
10 27 20 30 15 19 20 20 19 14 32 0 49
8 8 32 11 32 30 7 26 14 26 32 0 37
8 27 32 24 9 11 11 24 8 11 20 0 38
6 16 21 17 30 10 17 29 8 8 21 0 28
6 20 28 21 27 19 10 20 23 23 23 0 27
4 26 26 7 23 23 12 28 8 10 16 0 20
2 10 19 18 10 18 29 7 27 19 19 0 10
5 22 30 24 24 21 23 25 24 19 13 0 24
8 17 29 16 33 29 23 31 24 13 29 0 38
8 16 32 21 27 24 29 12 29 11 18 0 40
4 20 19 13 25 32 20 22 28 7 16 0 19
8 32 33 14 31 7 14 28 11 8 29 0 37
9 28 29 33 15 30 21 28 25 21 31 0 43
9 20 15 11 14 15 17 14 32 29 16 0 44
4 15 17 26 20 33 30 7 29 20 28 0 18
7 9 10 27 31 24 16 33 19 23 24 0 34
7 23 19 24 14 16 7 16 17 31 16 0 34
10 7 29 22 28 26 27 32 11 14 16 0 48
10 25 19 26 13 29 20 30 17 13 8 0 47
7 12 28 15 11 16 18 19 23 24 10 0 33
10 30 13 20 27 32 9 19 25 11 28 0 47
5 26 28 24 10 23 23 19 9 14 19 0 21
10 32 24 32 9 31 16 17 32 19 24 0 46
7 27 29 9 20 21 31 24 11 25 22 0 34
5 21 18 13 10 19 17 31 19 32 32 0 21
7 33 12 11 23 14 11 27 21 26 16 0 34
10 18 9 7 24 20 33 17 21 21 26 0 48
5 11 30 27 16 29 9 28 9 22 16 0 25
8 11 16 8 28 14 25 13 10 19 30 0 39
3 12 25 29 17 10 27 27 25 19 32 0 15
4 7 22 24 8 31 31 9 30 18 13 0 19
3 17 18 14 25 28 12 23 28 13 16 0 15
6 17 32 9 7 10 9 28 30 18 13 0 30
5 22 27 11 26 26 18 25 7 21 18 0 21
10 31 10 22 31 17 31 29 25 29 16 0 50
3 20 26 22 32 32 16 21 25 31 31 0 14
3 19 23 32 24 30 33 18 22 22 28 0 12
10 18 33 24 12 24 33 16 14 8 12 0 50
4 25 17 19 29 18 32 30 22 21 28 0 20
4 7 27 30 19 28 19 11 12 31 15 0 18
3 14 12 8 30 14 17 11 29 22 20 0 13
10 25 8 29 17 22 10 11 32 31 22 0 48
5 29 7 23 10 29 12 18 7 16 31 0 24
8 7 24 26 24 15 17 24 7 27 19 0 38
9 31 10 17 12 8 28 31 18 26 29 0 44
7 24 27 8 9 10 17 16 17 29 10 0 33
5 8 24 9 10 10 11 16 17 27 32 0 24
5 15 22 31 24 31 18 27 12 23 20 0 21
3 26 20 24 32 13 10 14 13 15 12 0 11
9 22 25 23 28 8 19 12 22 13 16 0 44
9 24 30 7 12 31 24 17 8 31 9 0 43
7 14 12 9 18 20 20 15 25 25 12 0 31
5 14 18 21 21 21 12 24 31 21 17 0 24
7 15 14 12 11 24 14 27 13 26 27 0 33
8 8 14 22 32 29 25 14 28 7 10 0 38
7 25 11 7 10 29 30 15 32 29 7 0 35
3 24 30 13 15 20 7 32 25 13 27 0 13
2 30 22 10 22 8 25 21 14 24 24 0 10
10 12 26 13 18 23 30 32 17 11 11 0 50
10 11 12 23 32 32 26 13 17 25 24 0 50
9 10 10 14 24 17 17 12 22 24 8 0 43
10 19 15 20 30 30 22 9 22 29 28 0 49
3 26 31 28 30 10 29 17 10 32 13 0 15
4 8 23 10 10 8 20 15 16 28 16 0 18
10 32 28 13 23 22 8 18 18 8 26 0 49
7 19 31 33 29 11 23 12 13 20 30 0 31
7 26 20 21 20 10 17 29 17 14 23 0 32
6 30 31 20 26 29 24 20 13 11 31 0 28
5 31 11 26 28 29 29 31 9 28 14 0 22
9 22 30 21 8 18 32 14 7 17 8 0 45
8 12 21 15 32 9 30 27 12 8 17 0 39
7 24 17 26 27 15 24 17 10 22 23 0 35
6 21 15 8 31 26 23 18 7 32 11 0 29
10 13 19 21 24 29 24 22 20 9 15 0 50
3 20 24 7 10 22 26 11 26 17 28 0 13
8 7 20 26 16 17 23 25 9 25 13 0 40
6 29 13 33 27 16 25 25 15 33 22 0 28
3 13 32 24 23 24 15 14 11 21 26 0 15
6 25 21 23 21 20 13 13 18 17 26 0 27
5 19 16 25 15 31 22 30 28 17 15 0 21
10 9 23 26 9 22 27 21 33 17 31 0 47
4 23 19 7 11 18 31 27 7 22 10 0 18
9 30 32 31 26 16 20 18 18 16 31 0 43
4 14 28 30 30 10 26 21 22 10 12 0 18
9 16 10 21 12 10 9 9 17 12 24 0 42
6 10 13 16 11 28 24 14 8 28 9 0 30
5 8 10 16 13 28 23 16 31 33 30 0 25
9 15 22 13 23 11 21 14 23 16 17 0 43
8 15 30 8 14 12 13 12 20 11 24 0 37
6 26 26 9 16 29 31 9 28 16 21 0 26
7 32 18 18 7 7 31 12 22 26 25 0 34
6 18 28 13 11 21 12 22 27 28 17 0 26
9 27 20 20 11 28 7 24 33 29 24 0 45
4 10 29 18 23 8 20 26 25 12 13 0 17
10 14 25 14 14 19 30 22 23 31 16 0 47
3 20 8 18 31 10 20 14 10 11 21 0 13
3 18 12 7 31 13 12 20 9 28 26 0 11
3 27 10 8 22 31 19 20 24 15 28 0 13
6 17 8 15 10 17 9 11 26 33 10 0 27
5 9 25 16 8 26 26 33 27 20 14 0 24
9 14 7 32 15 17 11 8 21 7 17 0 44
7 16 27 11 15 23 27 7 18 22 21 0 31
6 32 32 21 21 9 23 33 25 22 12 0 27
5 16 19 25 23 17 24 14 29 31 28 0 23
7 7 22 25 29 31 31 22 17 10 23 0 34
10 29 8 22 26 10 12 16 22 13 17 0 50
10 31 24 11 23 33 30 12 19 33 18 0 46
6 23 19 20 8 30 17 27 23 22 30 0 30
10 30 22 15 32 20 29 20 15 12 33 0 48
6 29 27 7 7 28 24 22 22 10 31 0 26
6 30 20 10 25 19 31 31 28 15 12 0 28
3 16 29 7 9 24 23 18 15 21 29 0 15
4 19 10 17 17 23 32 20 19 20 22 0 19
7 22 18 33 10 17 32 28 29 8 27 0 32
10 21 11 21 26 25 28 33 29 11 26 0 48
3 26 31 13 20 22 10 28 24 13 22 0 13
9 26 19 32 7 29 15 25 32 23 32 0 43
7 7 15 21 10 18 20 9 12 30 11 0 33
8 24 13 8 16 10 28 29 16 21 32 0 39
4 26 20 7 24 14 9 18 27 10 14 0 19
3 26 7 15 7 14 8 32 7 15 7 0 12
8 17 7 22 13 9 13 27 28 30 19 0 40
9 14 10 23 32 8 22 26 12 16 9 0 41
9 29 32 31 23 10 18 25 31 27 24 0 41
7 23 15 19 29 17 27 21 15 7 19 0 31
6 20 32 17 31 10 8 31 26 29 15 0 28
10 20 28 8 33 11 27 27 10 11 17 0 47
9 26 16 18 15 24 21 28 23 30 16 0 45
6 27 22 21 16 32 27 33 21 30 12 0 29
7 17 20 7 17 10 15 11 27 29 21 0 32
9 13 21 8 21 22 31 31 12 13 9 0 43
3 27 19 12 15 19 17 27 10 24 18 0 15
9 33 24 30 29 8 7 12 26 11 14 0 41
10 13 18 31 32 27 9 23 31 20 13 0 47
5 7 29 8 33 12 24 12 26 22 14 0 25
6 16 9 32 26 15 20 22 33 7 26 0 27
7 10 20 13 7 23 8 33 8 7 18 0 31
8 29 11 8 28 26 32 23 8 12 7 0 37
5 22 18 17 17 28 13 24 31 7 14 0 24
6 17 26 18 12 27 23 16 26 21 10 0 26
5 31 15 20 33 30 23 25 10 30 11 0 21
3 21 23 14 9 30 23 14 21 14 30 0 13
7 27 24 14 31 19 30 16 23 27 19 0 35
8 28 8 26 32 23 20 8 31 28 21 0 38
7 15 19 13 9 29 25 13 32 14 17 0 31
4 29 28 33 17 13 11 11 11 15 23 0 20
6 22 18 16 33 10 25 10 29 22 27 0 30
10 27 21 9 31 30 20 18 32 13 7 0 48
5 11 29 11 21 22 20 25 25 25 28 0 25
4 8 27 9 31 10 21 20 22 21 21 0 20
7 20 11 9 28 9 20 21 19 25 10 0 33
6 31 20 32 32 12 8 16 11 9 32 0 29
9 18 9 28 29 31 27 32 30 26 31 0 42
10 28 26 24 28 30 20 8 27 9 23 0 49
2 30 12 19 13 16 28 25 12 32 29 0 10
3 26 26 24 7 18 11 8 23 16 27 0 11
9 11 29 13 14 25 30 27 7 28 27 0 44
3 13 20 27 24 25 23 29 30 19 19 0 12
2 13 22 29 18 19 17 12 11 18 24 0 10
8 27 32 21 28 10 23 22 23 14 27 0 39
10 23 28 27 26 27 16 22 22 8 16 0 47
9 7 28 19 29 26 31 26 16 7 12 0 41
6 9 26 22 30 7 22 30 10 17 26 0 26
9 23 28 15 15 16 20 32 28 26 27 0 44
10 23 16 31 29 24 20 30 30 13 10 0 46
6 25 8 24 22 8 11 14 22 7 25 0 26
5 31 12 26 29 12 22 19 32 32 30 0 25
6 8 32 13 19 23 8 14 17 25 29 0 29
8 30 30 15 25 32 19 24 10 12 8 0 36
6 18 32 7 32 16 9 21 23 15 19 0 27
5 32 14 30 25 20 30 30 25 18 30 0 23
4 22 7 25 8 19 10 23 31 16 17 0 19
5 15 15 16 22 16 16 17 23 33 31 0 21
9 13 25 8 21 15 17 29 11 20 7 0 41
5 29 31 16 18 31 13 21 10 22 24 0 25
7 14 27 17 27 16 8 16 24 22 30 0 35
3 23 14 21 28 18 22 11 29 22 23 0 15
7 30 28 32 27 33 22 23 31 28 24 0 33
10 26 30 16 11 25 23 26 19 19 19 0 46
6 7 22 32 21 14 25 25 19 21 21 0 27
10 7 24 21 22 24 8 28 24 26 27 0 48
3 28 13 21 29 8 23 29 30 13 16 0 13
9 22 21 31 30 15 31 26 19 25 14 0 41
7 19 8 12 9 14 15 26 29 10 29 0 31
6 26 12 31 31 12 33 15 23 10 9 0 29
3 25 16 18 23 22 24 27 16 10 28 0 12
8 22 12 26 10 19 28 30 15 33 14 0 38
10 26 33 23 26 17 24 32 8 31 13 0 49
5 11 17 33 8 11 8 32 8 12 9 0 22
5 27 27 13 28 9 16 25 10 22 14 0 22
3 16 25 28 21 26 15 10 7 32 15 0 13
6 33 24 30 15 13 16 13 31 25 9 0 29
8 18 12 11 22 31 33 16 21 26 26 0 39
3 26 31 7 19 33 22 10 8 19 28 0 13
10 12 23 15 13 12 18 26 10 30 30 0 47
4 15 24 17 32 28 23 19 19 32 27 0 20
4 7 21 24 30 11 30 16 12 29 19 0 20
7 20 21 28 14 24 33 32 10 24 9 0 32
7 31 31 9 19 21 30 28 11 24 26 0 32
10 12 24 13 27 14 30 27 16 23 28 0 48
10 27 15 14 23 13 20 24 24 11 28 0 48
4 31 7 18 14 11 16 31 25 30 25 0 19
3 13 11 21 12 29 29 22 25 28 27 0 11
8 26 27 27 24 28 9 23 24 17 15 0 38
6 24 18 18 20 14 18 8 21 21 8 0 28
5 26 11 33 23 7 24 27 18 30 22 0 22
10 12 12 19 31 32 10 20 24 28 13 0 48
8 25 30 24 26 27 10 26 9 31 21 0 39
8 19 13 30 12 33 18 14 23 22 28 0 36
8 15 19 17 26 27 15 8 9 23 22 0 38
10 20 23 20 32 17 22 20 24 32 15 0 46
8 17 17 17 15 23 22 32 17 27 32 0 38
3 32 8 27 13 19 28 33 30 32 21 0 15
3 29 20 8 10 23 7 23 30 20 28 0 11
9 30 29 21 28 27 25 23 11 30 31 0 41
9 20 21 29 18 26 32 7 28 14 31 0 45
5 10 28 29 31 33 19 12 17 27 8 0 25
8 7 26 22 9 28 21 31 25 14 11 0 40
9 21 12 22 27 24 29 16 30 30 12 0 42
3 15 21 26 23 21 30 23 23 9 17 0 15
5 21 32 13 24 26 7 30 21 31 13 0 25
4 18 8 30 15 13 26 26 8 22 11 0 19
10 25 13 31 26 17 31 9 15 24 17 0 48
2 15 14 22 14 18 18 14 26 17 21 0 10
8 20 32 32 21 9 31 10 8 28 25 0 40
8 15 27 18 31 10 26 11 29 13 29 0 36
9 10 22 19 23 9 18 14 28 19 28 0 44
10 8 32 29 25 9 10 33 27 18 16 0 46
5 26 14 27 22 19 11 22 12 12 19 0 22
10 19 20 20 7 28 22 31 28 11 20 0 50
9 31 11 18 26 22 8 11 31 25 24 0 43
7 19 20 10 23 18 16 29 32 26 23 0 35
9 8 22 22 8 20 17 19 19 15 7 0 43
6 20 23 18 17 19 21 30 18 22 25 0 28
3 30 23 8 32 15 26 9 26 17 20 0 12
3 15 32 15 26 14 18 26 10 29 27 0 12
3 19 20 21 24 18 27 17 22 25 18 0 15
9 33 12 21 30 11 27 30 24 32 24 0 43
7 27 16 7 16 23 24 16 32 14 24 0 33
7 16 29 11 7 21 24 13 15 15 31 0 35
3 26 27 24 18 24 27 7 19 26 30 0 15
7 18 12 24 30 31 32 28 22 22 25 0 32
9 26 33 15 15 7 12 32 9 25 29 0 41
3 7 32 15 27 17 30 13 13 10 17 0 14
6 24 25 8 15 15 33 14 20 11 12 0 30
3 13 28 27 17 9 7 28 31 10 7 0 12
8 18 23 12 28 8 24 26 19 20 24 0 40
9 21 13 12 31 28 21 33 26 29 30 0 42
4 30 16 21 11 25 15 18 22 9 11 0 16
9 29 28 17 19 17 31 25 10 20 11 0 43
6 10 18 24 29 28 17 17 27 16 25 0 26
8 15 27 11 16 17 15 19 26 19 17 0 40
4 14 33 8 27 22 21 27 14 11 15 0 20
4 18 20 23 24 32 15 17 9 20 14 0 16
9 12 21 30 31 30 33 14 11 19 25 0 43
10 18 10 16 12 28 21 15 27 28 17 0 49
4 27 18 22 30 17 13 27 20 23 19 0 20
10 29 7 20 19 14 31 11 30 23 14 0 50
2 32 32 17 17 29 26 24 30 19 28 0 10
4 32 33 10 7 24 22 21 25 30 32 0 16
9 28 23 27 22 14 21 31 22 10 28 0 44
9 14 19 14 28 15 16 29 7 25 25 0 41
3 25 25 24 30 9 29 15 30 22 19 0 12
3 19 29 26 7 32 25 14 10 7 30 0 12
4 25 17 8 22 24 22 21 16 7 25 0 20
7 11 21 22 26 8 25 20 29 11 32 0 33
7 7 15 19 15 9 27 12 25 16 18 0 34
10 7 31 10 12 31 27 14 28 22 30 0 48
2 23 29 11 18 11 31 25 32 11 13 0 10
8 28 24 10 10 19 20 8 17 14 9 0 38
7 7 21 16 21 19 10 8 12 19 10 0 34
6 33 15 9 32 33 8 24 29 17 7 0 26
8 15 19 11 27 20 28 18 21 12 32 0 40
7 16 26 16 7 12 30 16 21 23 24 0 35
9 28 13 30 27 13 28 9 25 7 10 0 45
10 29 19 30 25 26 15 21 22 27 13 0 48
6 29 10 15 7 16 29 7 17 22 14 0 26
7 24 26 8 13 32 32 14 19 30 8 0 32
6 19 29 23 25 21 24 10 30 21 32 0 30
3 16 25 14 31 16 17 22 12 18 12 0 12
10 11 25 32 31 19 30 20 19 11 18 0 50
7 30 25 9 9 32 15 26 12 8 12 0 31
4 26 15 19 12 21 19 9 16 10 14 0 20
6 20 28 17 20 27 27 16 32 29 14 0 30
5 8 23 15 14 21 11 21 26 27 30 0 21
10 30 13 19 7 30 30 25 13 11 12 0 48
6 17 10 20 21 15 16 31 8 18 9 0 30
3 26 8 27 28 24 11 28 30 19 9 0 15
3 10 10 20 23 27 12 11 8 14 24 0 12
10 13 21 33 23 9 23 10 11 7 8 0 47
4 27 32 19 23 13 32 9 11 12 27 0 19
5 25 10 17 28 15 22 32 23 10 13 0 25
8 24 21 33 18 10 11 20 11 31 12 0 37
6 28 15 32 29 19 7 13 9 30 21 0 26
9 29 33 27 31 32 28 12 23 21 32 0 43
5 27 10 28 20 15 26 20 32 13 22 0 24
9 28 21 16 25 11 16 24 20 26 10 0 41
9 13 10 7 9 24 27 28 11 12 11 0 44
8 18 32 24 18 30 18 23 24 25 8 0 37
4 17 10 29 18 10 25 7 15 28 26 0 20
4 26 28 12 11 21 13 22 19 14 23 0 17
10 33 18 27 28 13 10 8 20 18 12 0 47
8 9 28 16 11 27 19 10 31 9 23 0 38
8 16 29 13 26 24 23 13 18 14 24 0 40
6 20 20 14 32 31 23 30 15 22 31 0 28
5 19 16 11 25 16 28 27 8 28 19 0 25
8 22 18 16 9 15 17 19 29 31 7 0 37
9 24 29 10 32 30 9 30 28 31 13 0 43
9 18 26 29 16 11 10 24 32 9 18 0 45
4 19 18 9 18 30 13 25 27 7 27 0 16
4 29 32 22 11 11 32 12 20 11 27 0 19
5 19 11 8 31 17 27 9 16 30 19 0 25
10 31 18 8 28 19 12 18 11 31 19 0 50
7 25 25 20 8 27 9 23 9 30 14 0 35
3 9 7 10 13 13 12 22 17 15 19 0 11
3 14 14 31 7 17 30 21 22 11 25 0 15
3 32 11 13 8 25 25 22 23 10 20 0 11
6 23 32 7 25 11 23 9 10 16 18 0 26
5 11 19 15 25 13 19 20 19 28 30 0 23
7 19 20 10 25 19 18 23 25 12 14 0 33
9 15 32 11 7 25 8 16 21 28 16 0 41
7 30 16 27 14 21 27 24 7 29 18 0 34
3 31 17 25 17 21 14 19 17 24 29 0 15
4 18 30 9 9 14 9 11 7 30 11 0 17
9 7 26 8 27 33 26 17 8 11 11 0 45
8 24 8 25 26 27 21 18 27 31 20 0 38
6 7 18 8 25 17 26 26 20 13 9 0 28
6 14 20 14 10 7 29 22 32 9 31 0 29
9 29 11 12 25 20 22 28 11 17 27 0 45
9 24 20 16 29 32 17 23 11 24 30 0 44
9 13 32 8 28 27 14 22 24 27 19 0 41
9 19 19 14 30 7 19 29 18 20 16 0 43
10 10 30 25 11 16 9 23 15 12 24 0 46
7 8 16 29 26 21 17 9 18 24 27 0 32
5 29 19 16 24 21 9 9 29 29 25 0 22
6 22 17 25 28 7 24 22 27 28 20 0 26
7 16 22 23 18 28 12 21 13 25 13 0 33
7 8 25 17 24 15 28 12 25 14 27 0 32
7 19 15 7 24 32 8 10 23 29 18 0 31
3 19 17 17 23 27 26 10 29 28 12 0 12
8 23 13 30 22 18 20 27 29 16 7 0 39
7 8 7 32 28 19 20 30 12 29 19 0 35
4 17 13 17 24 28 17 10 28 24 31 0 19
7 26 29 13 10 8 30 30 27 11 17 0 35
5 26 16 27 31 14 23 20 22 13 13 0 25
6 14 21 28 14 20 10 32 21 20 22 0 30
7 30 29 31 26 19 24 10 17 10 14 0 33
4 10 33 14 10 28 28 17 30 29 29 0 20
9 11 22 11 22 29 29 20 15 31 22 0 43
9 25 13 26 30 16 25 23 20 30 16 0 43
3 7 14 27 15 14 20 22 30 11 13 0 12
8 21 27 24 22 23 9 19 32 27 33 0 39
10 20 20 28 12 27 19 17 23 22 11 0 49
8 11 29 8 19 32 17 12 20 29 17 0 38
5 18 33 24 16 29 7 22 24 25 30 0 21
5 29 10 26 8 31 25 19 11 22 33 0 24
10 23 11 15 20 8 8 20 8 16 9 0 49
4 15 14 19 20 15 12 27 27 26 27 0 17
4 30 25 18 12 27 23 14 16 23 23 0 19
5 33 26 26 18 27 9 29 32 13 25 0 21
8 28 27 31 31 8 21 10 7 13 14 0 39
9 13 31 28 8 19 27 26 13 20 19 0 42
10 20 30 19 21 24 20 16 11 23 16 0 47
5 28 28 7 26 22 27 24 17 11 15 0 25
10 8 15 32 31 30 27 29 32 12 9 0 49
3 8 23 16 16 28 14 31 22 7 17 0 15
3 25 27 32 9 13 17 23 10 31 20 0 12
6 13 32 11 8 12 31 21 27 15 22 0 30
3 19 30 20 26 10 19 27 17 16 10 0 11
7 7 22 18 24 13 33 14 25 14 12 0 35
7 22 25 29 20 19 16 21 22 26 20 0 33
3 30 26 32 7 32 26 9 22 16 19 0 12
7 30 27 29 10 22 17 18 13 17 24 0 35
2 25 12 22 13 20 15 30 7 12 18 0 10
10 9 31 14 29 23 13 9 10 29 18 0 47
7 7 15 31 12 9 20 23 23 31 13 0 35
6 9 8 30 26 31 24 10 29 29 32 0 28
8 19 28 32 29 22 9 13 17 25 25 0 40
8 29 31 15 15 29 19 27 32 31 23 0 38
8 8 22 26 29 24 10 29 19 7 29 0 40
8 19 20 26 25 14 13 15 23 32 31 0 38
5 31 13 7 26 25 28 18 17 32 13 0 22
2 10 22 24 29 31 33 8 33 8 10 0 10
4 28 27 12 20 31 18 30 17 18 16 0 16
9 28 24 31 30 12 16 12 21 29 25 0 41
6 22 10 10 31 9 13 21 9 17 13 0 30
10 8 29 31 21 17 32 24 7 15 13 0 50
3 33 8 18 21 27 14 29 10 28 16 0 11
10 24 27 30 9 19 8 19 18 21 8 0 46
9 32 13 16 24 21 25 30 14 10 14 0 41
10 30 26 23 16 23 10 27 12 13 29 0 49
10 11 22 12 28 30 28 16 19 15 7 0 47
8 20 13 18 13 7 10 22 8 15 12 0 37
3 27 10 30 18 32 14 8 17 27 19 0 14
5 8 32 30 18 7 23 19 25 10 16 0 21
3 14 24 20 19 19 31 22 17 21 8 0 12
6 22 28 11 7 8 18 23 27 28 25 0 29
5 26 32 16 18 20 26 16 25 25 11 0 25
3 17 21 12 9 15 21 30 16 10 26 0 11
6 30 20 32 16 13 20 33 25 26 14 0 29
9 14 17 19 28 7 13 15 15 11 24 0 45
10 18 29 29 28 12 13 26 30 11 24 0 49
7 33 13 14 21 11 19 24 24 8 17 0 34
9 9 31 8 12 12 11 25 21 13 21 0 44
7 18 20 19 31 14 15 22 18 12 15 0 33
10 17 12 21 31 13 19 29 33 16 31 0 48
3 23 20 11 14 32 13 11 16 17 23 0 13
8 16 13 24 33 21 13 19 8 20 7 0 37
5 15 26 13 23 21 19 9 25 25 23 0 24
5 21 10 30 25 8 10 12 10 9 16 0 23
8 20 32 29 20 15 19 16 16 26 10 0 38
10 16 26 7 8 17 7 33 10 10 15 0 49
8 15 15 13 10 20 30 15 24 12 12 0 38
8 16 10 28 27 10 22 25 17 7 9 0 38
10 28 11 26 13 20 14 25 15 14 28 0 49
7 24 27 16 13 16 31 13 23 23 24 0 31
8 17 19 24 12 27 14 24 18 30 13 0 40
5 20 23 7 21 15 30 8 25 20 24 0 21
10 26 14 22 21 32 13 23 13 20 18 0 50
6 19 33 29 27 18 18 26 13 16 13 0 26
4 27 25 15 21 7 20 30 12 12 12 0 17
7 21 24 13 33 21 11 17 31 18 20 0 35
6 16 16 9 12 12 24 10 18 19 11 0 29
5 24 28 22 20 29 28 19 11 8 22 0 25
9 28 18 13 24 12 29 8 30 23 16 0 45
10 22 21 16 27 24 27 11 12 32 20 0 48
7 9 10 15 30 14 7 32 25 20 30 0 31
6 25 20 32 26 12 7 22 9 19 27 0 26
10 23 11 18 14 26 23 29 32 11 26 0 47
7 13 22 15 31 26 7 8 29 11 32 0 31
6 22 23 27 24 11 28 29 24 32 19 0 29
9 25 26 14 24 26 20 7 8 25 8 0 43
6 16 11 12 27 16 31 29 22 29 8 0 27
7 30 22 10 27 26 26 28 19 27 17 0 33
8 23 7 17 31 15 28 15 30 9 23 0 37
10 19 30 21 7 14 15 17 14 27 14 0 49
9 15 26 21 16 11 13 22 17 28 24 0 41
3 7 22 27 11 20 22 16 18 24 13 0 15
4 15 15 16 17 17 11 19 14 24 8 0 16
5 25 18 33 21 19 23 17 11 32 22 0 22
6 12 18 16 10 7 15 14 11 7 30 0 29
6 29 17 12 18 8 25 26 31 10 24 0 30
9 21 19 33 12 26 15 23 32 25 20 0 42
6 16 16 23 17 20 32 16 11 25 10 0 28
6 28 30 33 30 7 9 19 27 10 30 0 27
7 14 7 7 14 11 18 28 28 24 17 0 31
4 19 30 26 10 25 17 29 12 7 8 0 17
5 27 9 8 7 21 11 28 20 11 16 0 22
3 12 15 7 20 21 31 29 28 15 22 0 14
7 8 27 25 18 20 29 19 17 19 12 0 33
4 32 25 10 28 22 23 33 24 22 28 0 17
6 15 28 26 15 19 8 22 29 28 19 0 29
10 11 23 11 8 28 17 8 27 18 10 0 49
5 7 17 12 33 21 22 30 8 20 28 0 25
10 11 26 26 10 9 23 8 10 7 25 0 49
9 31 30 30 16 23 28 27 16 18 24 0 41
8 21 11 32 18 16 12 26 25 32 19 0 36
7 17 15 22 15 8 20 23 23 23 32 0 34
9 30 30 15 19 18 7 14 29 17 13 0 42
10 11 18 18 21 26 8 27 16 32 18 0 48
5 31 27 13 28 29 21 24 32 12 33 0 21
7 15 31 9 15 24 21 10 11 7 15 0 32
7 14 19 23 11 7 25 32 30 25 11 0 33
10 30 29 16 32 9 28 29 21 20 25 0 49
10 30 8 26 17 11 10 10 8 25 26 0 48
6 12 33 31 27 10 17 26 33 14 21 0 28
8 7 15 10 24 11 23 29 33 28 31 0 39
8 31 11 23 16 16 19 19 26 26 18 0 36
6 19 8 26 20 24 24 24 30 7 10 0 26
3 11 24 7 14 8 7 27 10 12 16 0 15
2 9 11 23 32 22 22 29 27 27 30 0 10
5 17 19 29 33 18 27 27 9 10 32 0 22
5 8 21 27 8 32 24 29 29 24 11 0 21
8 21 8 22 12 24 27 24 19 17 16 0 38
4 10 29 10 9 16 25 11 31 29 19 0 16
8 20 25 18 20 24 20 30 20 22 24 0 40
3 17 32 25 14 10 21 31 29 26 18 0 14
4 23 13 27 24 27 14 27 14 27 26 0 18
8 17 31 18 12 17 28 13 26 19 30 0 40
7 13 7 20 27 23 13 32 8 29 7 0 31
10 13 10 29 21 9 20 21 29 25 31 0 47
5 9 32 11 26 19 30 8 23 26 23 0 23
6 25 26 9 15 30 24 22 21 13 18 0 30
5 32 32 27 10 21 13 12 32 13 13 0 24
5 17 15 14 28 11 32 24 11 19 31 0 21
9 21 28 25 31 29 17 24 11 26 28 0 44
5 31 19 9 10 9 11 25 28 21 17 0 24
10 28 29 20 13 18 17 28 20 15 28 0 46
5 32 26 31 23 18 15 11 22 22 32 0 25
3 24 14 18 23 28 8 14 32 15 16 0 12
10 26 8 30 12 21 28 12 33 32 9 0 48
4 27 9 14 25 30 14 19 17 17 9 0 20
9 31 15 13 7 22 32 31 13 22 7 0 44
3 31 23 28 27 23 26 8 19 9 18 0 13
9 7 20 23 21 20 18 12 13 27 8 0 45
8 14 9 20 30 15 10 18 28 13 16 0 40
10 23 10 23 28 7 23 14 29 27 18 0 47
7 24 14 24 33 30 32 18 7 21 19 0 35
10 32 30 12 12 11 14 17 27 19 10 0 47
7 25 8 27 25 12 23 9 11 25 8 0 32
5 17 9 19 19 17 12 29 13 9 16 0 24
5 12 11 22 33 19 7 30 26 30 18 0 23
7 10 17 10 30 15 15 20 30 19 15 0 33
3 29 18 30 10 24 23 18 25 17 17 0 12
3 10 12 32 29 11 20 25 32 28 8 0 11
8 26 26 10 19 30 7 32 26 23 26 0 38
2 23 10 8 20 15 23 13 24 28 28 0 10
9 29 15 23 32 18 15 28 8 31 24 0 42
4 16 33 25 11 8 17 28 30 10 9 0 17
5 20 16 9 19 20 28 25 27 25 22 0 22
9 11 16 22 26 17 19 8 22 25 23 0 44
6 29 28 20 8 29 23 15 12 13 13 0 26
5 8 31 23 26 14 11 19 30 7 17 0 25
4 13 33 26 8 15 27 24 27 15 12 0 18
3 22 16 22 8 15 8 7 24 25 22 0 15
3 13 26 27 20 7 10 30 27 8 33 0 13
8 23 8 24 30 24 27 16 15 11 25 0 37
9 26 9 8 12 28 20 12 26 30 25 0 45
5 11 13 13 13 30 24 11 31 27 27 0 24
6 31 10 24 28 20 16 10 19 17 9 0 26
5 32 18 25 8 26 18 29 10 28 32 0 22
4 17 23 32 25 17 12 10 29 14 19 0 20
4 25 28 9 33 8 15 24 18 19 9 0 20
5 16 28 14 26 21 16 26 24 24 26 0 24
10 10 8 12 17 10 24 8 9 13 11 0 46
10 7 17 16 11 15 11 24 31 29 26 0 48
6 27 16 22 32 22 16 8 29 11 16 0 29
9 21 16 29 7 10 12 23 14 21 32 0 42
9 23 32 16 19 27 14 28 21 12 24 0 41
5 21 26 31 21 8 30 7 26 15 19 0 22
3 22 16 21 32 26 18 20 19 25 25 0 13
9 21 32 9 8 21 20 21 9 26 11 0 45
10 16 28 23 28 31 13 9 31 29 27 0 50
8 29 22 11 7 9 27 25 12 10 22 0 36
5 14 11 32 18 15 12 22 21 15 10 0 24
6 7 11 24 16 10 31 16 20 32 28 0 29
8 25 12 12 8 8 26 19 22 18 11 0 39
6 8 18 16 14 30 25 32 24 8 16 0 30
4 31 16 22 29 8 14 30 7 10 11 0 20
7 10 13 32 24 29 17 22 16 27 7 0 31
10 9 32 17 24 11 16 31 30 30 17 0 46
10 7 21 22 10 26 23 18 10 23 26 0 48
10 20 10 25 8 27 32 27 23 10 32 0 49
10 24 8 13 28 10 9 17 12 31 17 0 49
10 27 21 18 8 31 16 8 25 30 22 0 48
10 31 32 13 26 16 30 11 30 13 26 0 49
4 12 28 7 24 22 21 15 30 18 20 0 20
3 9 16 19 12 26 15 17 16 25 31 0 14
4 16 14 26 13 12 25 24 14 22 15 0 18
8 10 12 21 24 16 27 21 32 18 28 0 36
3 31 16 22 30 14 26 30 32 31 8 0 15
6 7 17 23 13 20 33 16 17 24 24 0 29
3 28 8 19 24 29 29 9 17 31 28 0 15
9 14 16 31 32 14 15 28 20 8 14 0 41
9 17 19 11 26 14 33 19 9 26 30 0 44
5 22 15 20 17 9 27 24 18 30 20 0 23
10 9 9 30 8 16 15 16 19 11 13 0 47
6 33 29 14 23 23 28 27 32 7 32 0 28
10 29 19 31 10 31 19 11 27 21 16 0 46
8 24 25 15 14 28 33 13 23 14 23 0 36
9 12 12 9 22 12 16 12 31 27 21 0 42
6 29 30 12 11 23 26 30 27 23 31 0 26
4 30 23 13 8 26 20 17 13 30 15 0 20
10 15 29 21 12 22 33 25 29 23 19 0 50
10 33 24 9 26 18 21 13 31 23 17 0 46
4 24 32 20 26 12 12 16 21 15 18 0 16
3 13 24 25 23 29 29 15 32 16 22 0 15
3 17 29 29 11 18 29 9 9 26 12 0 15
7 26 30 12 32 10 20 11 29 20 28 0 31
10 28 30 18 15 16 20 10 14 10 30 0 47
5 22 32 14 17 13 16 7 27 21 11 0 22
7 21 29 31 29 25 26 13 14 10 9 0 34
4 19 13 13 26 7 31 33 8 24 11 0 18
4 20 14 16 12 33 26 19 24 20 24 0 20
4 30 31 21 7 7 20 25 22 12 8 0 17
5 15 8 14 7 26 29 11 13 18 11 0 24
9 21 19 11 22 31 22 8 21 8 26 0 43
9 14 31 17 16 30 12 15 17 30 24 0 42
5 20 9 26 15 31 17 9 29 25 25 0 25
5 27 12 16 13 26 32 28 14 21 8 0 22
8 8 29 30 25 9 20 17 30 28 25 0 38
5 10 26 17 19 18 23 13 27 23 12 0 23
10 20 25 12 13 23 24 26 16 23 15 0 48
3 22 9 25 25 11 9 16 11 11 32 0 13
5 24 18 18 13 22 18 26 30 30 9 0 22
9 12 28 13 21 14 19 31 16 17 10 0 41
4 10 10 23 8 15 14 29 15 14 13 0 19
4 27 19 10 22 7 8 9 11 10 25 0 19
6 16 25 12 20 14 10 15 31 16 16 0 27
5 30 14 24 24 21 12 13 10 30 29 0 21
6 15 27 17 26 9 27 17 14 15 32 0 30
7 7 15 7 13 11 28 16 18 19 14 0 33
10 20 20 25 17 20 13 22 28 19 14 0 50
9 13 25 26 7 11 23 11 26 18 17 0 44
10 12 17 15 32 18 11 32 13 32 14 0 50
10 12 17 21 15 9 23 11 17 8 11 0 47
7 29 19 7 11 24 10 20 23 27 15 0 35
2 14 25 21 14 24 13 7 28 10 27 0 10
4 26 18 20 31 14 12 32 28 10 19 0 18
9 24 16 25 20 32 33 12 30 14 22 0 44
6 10 11 17 27 29 10 10 17 33 11 0 29
6 20 19 12 9 11 13 21 25 23 30 0 29
4 14 27 29 31 13 29 8 13 29 24 0 16
9 14 24 10 27 27 12 11 14 25 23 0 44
4 9 10 27 32 7 7 10 15 12 33 0 19
6 7 28 18 28 9 29 24 13 17 25 0 29
3 11 17 15 28 20 22 7 9 33 21 0 12
3 28 17 12 18 26 27 17 20 10 8 0 13
4 8 15 33 29 22 9 23 29 7 23 0 18
8 10 7 28 8 30 19 10 12 11 30 0 37
5 29 26 29 8 14 14 22 16 17 23 0 24
4 21 19 11 22 21 30 28 29 14 16 0 18
10 26 28 12 18 27 16 16 33 9 28 0 47
3 22 20 31 8 16 29 9 28 29 16 0 14
9 29 21 13 20 23 9 32 7 26 29 0 45
9 31 8 22 29 11 22 23 24 15 23 0 43
4 11 16 16 24 22 23 26 31 21 27 0 19
7 24 8 17 26 32 32 7 11 10 30 0 32
5 29 25 30 15 28 29 26 31 9 18 0 21
5 20 11 14 12 28 19 18 30 31 31 0 21
10 24 14 9 8 30 32 14 30 22 24 0 50
7 24 32 31 17 16 23 7 18 12 29 0 35
7 7 10 26 12 26 27 7 8 26 15 0 34
8 17 24 31 20 22 7 33 9 25 8 0 40
4 29 27 32 23 26 22 26 31 26 9 0 17
6 16 11 11 12 17 14 20 18 22 23 0 30
6 22 29 22 27 30 8 23 21 22 10 0 30
10 30 32 28 10 8 20 12 14 10 7 0 49
10 32 14 21 32 17 30 22 12 12 26 0 46
9 20 27 16 19 28 23 31 11 11 23 0 44
4 15 26 19 18 7 30 24 12 10 18 0 17
5 24 24 10 25 30 31 12 15 32 31 0 23
5 31 22 8 18 20 31 17 9 24 16 0 21
6 22 20 19 11 21 15 24 21 31 27 0 27
5 21 23 8 21 21 30 23 23 10 31 0 23
9 27 30 17 13 10 27 7 15 33 15 0 41
6 9 9 20 20 9 22 19 17 8 16 0 30
10 32 12 20 22 24 28 24 31 20 31 0 46
7 30 23 19 16 27 28 11 9 33 19 0 33
4 25 12 12 11 12 13 10 11 29 31 0 17
7 18 25 16 19 26 19 25 31 17 10 0 31
5 24 18 23 17 15 19 18 23 25 23 0 24
4 23 27 18 21 8 23 16 31 24 19 0 18
8 27 15 29 15 8 15 14 22 24 26 0 39
8 7 33 24 20 23 23 25 33 7 23 0 39
6 33 14 33 23 11 16 32 18 31 28 0 26
3 17 19 32 12 8 26 18 13 25 21 0 15
8 9 20 31 11 7 18 24 23 20 22 0 36
3 11 13 28 24 30 8 19 29 8 32 0 11
9 13 15 20 12 25 27 24 8 7 20 0 42
8 7 23 16 33 24 17 26 17 26 31 0 38
8 29 11 24 8 17 20 13 22 25 19 0 40
5 19 15 31 11 25 15 9 9 19 17 0 21
3 27 30 10 33 21 31 28 21 20 27 0 14
10 16 26 10 19 10 32 30 9 27 26 0 50
6 30 20 7 20 29 21 14 22 21 32 0 26
5 26 22 23 18 15 24 15 7 18 9 0 24
9 12 25 8 7 24 14 19 17 11 15 0 42
7 21 25 31 14 21 24 7 28 7 7 0 31
7 11 15 28 9 17 9 20 13 11 18 0 31
7 14 30 21 31 9 24 15 30 28 24 0 32
9 10 32 27 22 20 23 7 24 29 11 0 42
5 28 29 8 33 22 21 17 31 24 8 0 23
6 12 22 9 18 19 27 9 23 33 32 0 28
10 22 9 11 15 30 18 8 29 24 33 0 47
10 9 27 29 27 24 12 23 19 23 26 0 49
4 28 25 8 18 9 10 12 10 8 18 0 20
4 8 29 14 25 8 8 20 19 22 23 0 16
8 32 22 29 27 27 21 22 9 10 25 0 36
9 26 29 29 13 13 31 33 12 23 28 0 43
3 26 23 29 21 33 20 20 24 27 33 0 15
6 25 24 10 15 22 31 15 31 25 29 0 26
10 21 9 24 31 13 23 26 18 8 13 0 47
4 12 27 7 20 16 13 28 14 30 10 0 18
10 17 9 27 26 25 7 31 7 31 23 0 48
8 32 31 20 14 18 18 12 16 27 25 0 38
10 21 9 19 29 13 15 10 24 27 19 0 47
4 29 28 9 22 15 25 10 27 29 8 0 19
6 15 23 25 8 15 12 16 9 27 16 0 27
9 13 29 13 15 30 24 28 21 16 8 0 43
4 29 25 18 13 24 7 14 32 31 11 0 17
8 15 11 23 11 20 27 31 9 29 21 0 37
3 23 13 13 9 23 30 33 19 31 9 0 14
10 30 27 28 31 18 12 24 17 9 13 0 47
6 32 18 16 10 11 14 22 12 24 12 0 29
4 11 31 22 32 25 31 24 28 29 26 0 18
7 15 24 7 19 21 26 29 7 14 7 0 31
4 31 9 32 16 9 17 15 17 10 18 0 19
10 28 28 31 18 7 16 24 26 23 27 0 49
4 12 21 11 22 23 11 26 21 11 10 0 16
4 29 22 16 16 31 15 32 30 29 27 0 19
6 21 14 30 22 17 32 31 32 14 27 0 28
3 18 19 11 10 10 24 23 9 27 27 0 15
6 14 18 24 26 31 29 28 11 20 29 0 27
7 16 33 22 9 25 23 18 32 16 26 0 34
9 31 9 22 33 19 12 23 23 7 28 0 45
3 23 33 28 30 9 25 9 25 29 31 0 12
3 27 16 33 15 10 12 18 14 23 28 0 11
4 16 25 32 23 28 18 8 11 26 32 0 18
3 15 33 21 11 11 26 14 11 9 29 0 15
4 30 14 16 23 8 27 19 32 9 28 0 19
4 17 16 7 21 18 14 15 22 23 24 0 20
3 17 9 32 31 30 33 8 7 23 8 0 15
8 23 7 8 29 24 23 32 16 25 29 0 40
9 29 30 26 8 23 32 24 21 19 19 0 45
9 14 30 12 21 32 27 9 15 16 7 0 42
8 32 23 7 28 27 29 7 23 26 25 0 37
10 19 19 19 8 22 27 30 13 27 24 0 49
10 17 10 9 8 31 33 24 16 31 15 0 47
3 12 31 28 29 23 29 32 8 23 16 0 11
9 21 29 19 21 9 17 15 31 13 9 0 44
8 23 31 29 25 29 9 22 20 20 11 0 36
7 19 16 26 20 20 27 29 12 9 26 0 33
4 17 26 14 23 28 32 17 25 22 27 0 17
7 25 26 25 32 32 29 14 11 29 13 0 35
81 100 86 81 91 120 95 114 125 109
104 128 159 166 195 213 220 253 270 299
104 130 140 172 181 216 223 248 262 296
113 137 145 163 190 204 236 252 260 300
110 140 156 169 193 202 229 247 267 287
120 122 145 174 199 220 221 258 279 282
111 128 146 175 200 204 223 250 267 291
118 121 155 165 194 208 240 251 271 298
118 122 145 179 180 210 221 255 266 284
100 125 158 161 187 203 220 243 273 290
100 122 157 179 198 201 223 250 277 288
101 132 154 177 196 210 232 240 265 280
114 128 152 167 191 201 240 247 266 285
102 140 140 180 191 211 222 260 267 292
106 134 156 180 184 216 224 241 271 300
107 121 150 174 190 217 233 258 276 292
115 139 141 174 187 212 238 245 276 287
119 127 148 162 199 213 226 243 264 294
104 140 146 163 185 200 230 259 277 293
119 136 160 173 182 207 225 244 266 296
110 126 153 174 192 213 236 241 269 280
113 121 144 169 192 213 226 257 263 293
111 121 144 174 197 203 230 245 268 287
118 125 152 180 195 203 221 242 271 291
102 138 153 177 197 218 221 253 269 290
111 137 159 166 183 202 221 259 269 292
120 136 159 168 184 218 233 246 268 288
101 133 156 177 181 214 222 257 280 291
109 132 152 171 183 214 229 259 268 295
113 121 147 160 198 216 228 241 275 291
118 126 155 167 182 205 237 247 266 293
107 132 147 178 183 215 230 249 261 287
103 136 141 178 193 210 223 259 275 284
103 133 148 162 191 201 225 251 280 282
103 137 142 180 188 211 229 254 265 296
118 139 151 172 186 216 224 258 269 292
119 121 148 161 181 216 233 246 271 283
114 140 155 180 195 220 230 257 278 290
109 122 140 165 184 216 226 246 268 284
111 130 159 171 192 201 228 242 271 287
120 128 147 160 182 210 231 256 263 293
116 131 152 168 183 217 221 249 279 291
108 133 154 176 187 200 239 250 275 286
100 123 144 178 200 214 220 242 274 293
110 128 146 173 196 211 232 260 271 294
115 133 157 175 195 203 220 255 270 297
120 139 141 169 183 214 237 246 274 291
117 129 142 160 185 202 228 242 268 289
108 125 153 165 190 200 225 258 276 284
117 123 158 171 191 210 225 258 273 295
106 130 141 169 190 203 227 240 277 280
118 121 149 160 193 215 223 251 271 281
102 128 159 167 200 216 224 256 272 282
116 129 152 171 187 215 222 257 269 286
117 139 152 176 180 208 220 245 264 299
100 136 154 173 194 212 233 244 264 280
105 137 147 166 194 207 232 246 279 280
113 124 160 176 192 214 233 242 280 283
104 130 145 177 184 201 224 250 261 282
100 137 157 178 185 218 238 257 265 287
107 128 160 174 186 211 231 252 263 299
104 139 154 166 199 202 233 241 267 288
110 124 154 170 194 210 227 259 276 292
101 138 146 161 185 203 233 258 265 287
105 140 140 167 193 209 225 247 280 290
100 137 153 165 188 200 229 241 274 293
119 125 158 163 181 205 238 242 266 287
115 126 151 168 194 220 233 249 279 289
119 129 150 171 186 220 239 259 265 299
120 140 146 170 183 216 229 243 270 290
118 121 150 164 182 201 231 247 280 298
115 132 152 163 194 207 231 256 271 281
109 130 154 164 188 204 221 241 274 293
105 135 143 173 185 206 240 240 260 294
116 131 150 162 195 203 227 259 276 280
118 137 155 178 183 207 225 252 274 290
116 130 156 162 196 205 233 252 260 287
105 129 159 178 198 215 235 244 280 290
100 136 143 167 183 204 221 244 261 298
109 124 153 162 183 208 233 248 262 295
118 134 155 165 185 214 227 250 280 287
108 137 158 160 186 218 232 248 263 281
113 124 142 166 199 219 234 260 267 289
104 140 140 160 197 201 231 240 279 286
100 128 141 168 192 206 238 260 280 292
114 135 159 171 196 217 226 250 267 292
109 133 157 174 183 216 223 242 266 297
115 134 148 169 198 217 220 247 280 295
100 120 153 175 192 218 236 255 268 289
109 121 149 179 181 201 239 257 280 300
108 130 148 164 181 207 223 245 260 280
112 130 142 172 193 209 224 256 262 282
116 124 140 173 191 204 234 245 276 293
114 140 148 164 199 201 228 243 279 284
106 140 146 178 192 201 229 253 266 293
118 139 158 175 190 214 233 252 263 287
101 132 157 172 183 211 237 248 268 290
117 137 141 174 180 218 221 260 280 284
108 126 144 173 188 220 239 240 275 296
114 126 150 170 200 208 229 247 280 285
106 138 148 166 182 207 230 240 262 298
116 137 152 170 188 204 240 259 267 295
104 137 154 164 196 206 225 243 266 295
105 133 140 168 186 200 235 257 262 291
113 137 151 173 182 212 234 247 262 284
111 134 150 174 180 213 240 254 263 283
111 138 150 171 189 220 227 257 265 284
115 123 160 176 195 210 222 242 266 293
104 132 152 169 182 206 228 251 274 300
119 133 157 162 192 205 223 242 267 297
110 135 155 173 193 200 228 252 268 282
101 126 154 180 184 211 228 260 270 294
120 140 140 172 194 207 226 251 272 291
116 139 155 163 186 210 222 243 262 288
116 129 152 175 193 216 239 254 270 298
115 135 148 161 180 220 222 245 277 300
114 138 143 179 189 218 223 259 267 292
119 127 143 164 196 211 237 242 261 280
115 140 160 171 195 214 235 251 266 286
119 120 149 168 194 201 229 252 277 289
120 120 159 176 180 216 239 251 275 289
107 124 154 170 184 217 222 250 276 282
106 133 152 160 189 219 228 242 261 286
102 133 151 179 197 200 233 257 262 294
100 140 159 179 186 217 228 254 268 292
107 134 142 167 183 220 228 246 261 281
114 133 153 162 190 219 235 249 275 282
102 133 144 164 189 220 220 256 274 294
118 139 148 163 183 217 238 245 265 290
105 132 151 172 190 207 227 246 266 281
109 121 159 163 186 209 233 252 270 293
111 136 148 163 189 203 226 241 272 299
111 126 152 178 193 210 240 252 269 284
105 125 158 171 200 204 238 256 276 284
118 121 159 174 192 210 238 256 271 289
102 125 147 165 185 211 239 242 265 298
102 139 153 179 191 210 228 247 270 298
109 138 156 165 190 201 231 242 264 295
115 134 150 163 189 207 240 254 270 298
107 134 151 166 186 210 220 244 269 289
115 123 157 164 183 205 229 255 265 294
115 120 147 175 188 211 229 257 260 293
107 134 153 160 184 219 226 251 266 283
117 128 158 163 195 203 233 260 264 284
102 129 160 160 195 218 236 243 261 289
101 137 151 166 180 219 222 243 260 299
119 127 150 160 193 213 223 248 267 284
105 133 152 178 192 208 233 256 265 293
101 137 141 174 184 219 227 246 280 298
120 133 140 161 198 218 225 244 261 280
108 123 144 163 197 211 229 245 278 294
118 134 148 175 189 211 237 255 264 286
119 123 144 161 196 206 233 256 263 283
100 137 150 174 188 218 226 241 269 291
104 127 145 170 199 214 235 252 280 284
116 128 158 163 190 208 233 260 268 280
103 140 148 174 200 219 234 260 272 290
111 133 147 163 198 220 235 255 270 292
112 133 147 164 190 215 223 244 272 281
109 123 140 175 193 202 236 255 275 281
101 131 160 180 182 215 230 245 272 283
118 132 155 177 189 217 231 255 270 282
101 132 157 166 191 205 237 240 271 290
109 132 143 178 184 203 232 249 272 291
119 128 156 170 194 215 231 254 266 294
110 140 160 167 190 204 230 246 266 289
112 136 158 167 200 206 235 253 279 284
106 137 156 167 186 206 236 240 270 285
111 127 146 169 192 205 231 245 274 297
107 132 154 179 191 212 239 241 269 285
119 126 150 163 191 215 238 249 279 299
110 129 144 177 200 200 240 256 274 297
102 128 150 173 193 218 236 250 262 299
105 134 152 162 196 217 232 256 262 295
115 122 148 180 183 214 220 254 265 296
118 136 156 179 189 218 232 252 270 295
105 131 148 166 187 204 221 244 260 294
108 135 159 169 196 213 225 247 280 284
114 128 160 165 186 210 230 257 265 295
115 131 143 163 192 215 226 247 269 293
107 131 153 163 184 214 221 260 279 294
114 137 152 172 181 208 223 258 270 300
118 136 148 166 182 215 239 244 272 283
108 131 160 163 192 203 236 248 269 280
120 129 145 161 194 220 234 248 272 294
109 131 140 171 191 209 233 249 267 287
110 132 159 174 181 214 237 247 265 295
114 137 158 176 190 206 226 250 266 300
107 133 144 168 187 206 220 251 266 293
116 137 151 176 181 202 226 242 265 283
109 122 148 164 199 213 239 243 266 298
110 131 141 177 187 208 220 257 277 294
117 125 140 171 199 218 232 243 269 293
106 123 145 177 196 208 237 249 269 289
106 125 145 163 199 211 237 253 265 288
110 123 142 164 193 212 232 257 275 289
102 124 141 168 194 220 234 240 268 288
114 128 157 168 196 203 223 245 274 300
100 131 144 166 190 201 221 249 260 300
114 140 157 163 182 212 222 248 266 291
117 124 147 172 192 220 221 247 274 282
112 135 149 176 196 208 231 254 260 287
108 123 148 167 182 210 237 259 279 282
116 133 143 162 181 213 229 248 276 297
114 132 141 171 193 208 239 243 275 284
100 132 153 172 196 219 233 242 276 291
111 131 145 179 189 209 220 257 275 285
113 123 160 164 200 208 222 251 280 281
106 134 154 166 191 200 222 255 269 300
112 135 157 160 184 201 239 252 278 280
103 138 143 171 187 219 224 259 269 299
102 124 145 177 196 218 230 257 278 283
111 130 147 180 191 200 222 257 267 294
105 131 151 176 200 212 223 250 276 299
100 124 150 179 191 215 237 258 276 292
119 127 160 166 183 204 226 241 263 281
103 125 153 168 192 204 234 256 278 296
115 126 148 177 189 203 233 258 267 300
116 122 140 179 180 220 220 258 273 283
105 126 141 165 195 204 227 257 263 298
106 120 149 163 196 208 238 245 268 282
109 126 142 175 199 207 220 250 275 290
112 121 148 165 190 203 233 242 274 300
104 131 143 172 195 202 229 249 271 290
118 127 149 162 193 200 235 247 266 299
110 121 148 172 193 217 220 247 263 294
100 127 150 170 182 205 230 247 262 287
114 138 157 174 180 210 240 249 275 289
101 121 150 173 189 215 234 240 273 290
119 133 142 169 198 205 230 251 276 293
104 133 140 165 191 217 221 241 260 288
116 138 152 161 192 201 226 257 264 284
100 125 160 168 189 209 235 243 275 293
119 127 147 164 181 214 240 241 276 282
111 130 141 177 185 210 227 260 266 282
101 129 140 169 184 213 221 257 271 283
105 124 153 161 198 207 223 250 274 286
100 121 143 162 193 205 231 256 271 286
111 134 147 163 191 214 232 256 278 286
111 131 157 163 194 212 231 257 267 295
116 130 159 163 199 209 229 258 274 285
101 129 155 169 186 204 224 242 275 284
112 132 144 175 180 218 227 253 272 291
110 127 151 160 182 215 233 256 262 281
117 136 156 165 196 213 239 248 278 293
100 127 147 167 198 212 240 259 276 283
108 135 151 180 184 213 222 258 260 294
100 130 147 162 191 206 226 254 266 294
106 125 141 167 191 209 227 258 280 289
112 126 153 179 195 204 231 258 276 281
119 129 145 166 186 206 238 247 266 296
104 124 144 173 184 217 220 250 269 289
109 129 148 177 200 214 232 257 278 300
100 131 146 169 196 204 221 251 275 298
108 133 141 179 180 215 221 242 270 283
114 138 150 170 193 201 223 249 269 284
118 130 149 172 187 208 235 241 261 300
113 124 156 170 189 216 234 252 277 280
118 121 152 178 193 210 237 251 275 289
102 134 146 165 188 218 235 254 274 293
120 121 149 172 189 203 232 259 273 292
116 123 149 168 187 203 220 260 265 286
120 134 144 160 191 213 234 253 271 297
100 129 147 176 194 206 240 259 263 298
119 128 142 180 195 210 223 244 274 282
100 131 143 174 195 207 222 257 274 296
109 139 153 168 200 213 236 255 264 290
109 138 151 173 199 200 235 251 269 288
105 139 155 166 197 208 224 252 266 282
116 128 148 166 182 217 225 259 261 294
103 137 159 171 181 209 230 252 265 294
105 127 147 177 199 212 234 241 280 291
105 128 149 161 199 201 236 256 268 282
115 124 144 168 186 218 229 255 280 295
120 120 160 177 193 220 231 251 274 297
111 136 146 165 198 213 232 248 266 281
119 140 153 161 199 209 232 247 266 286
101 124 156 174 183 210 236 260 275 284
117 127 144 163 197 215 223 258 265 282
114 129 147 161 200 203 233 242 260 286
112 139 148 168 197 202 227 246 260 281
101 127 153 165 192 202 230 256 261 298
104 136 157 169 190 211 228 252 267 285
100 135 155 180 180 201 222 258 280 286
105 122 154 169 192 200 240 253 264 280
108 131 151 169 192 205 222 244 269 287
118 121 159 169 183 201 232 253 275 298
112 138 141 171 181 218 222 240 278 296
100 129 150 177 189 211 225 252 280 286
103 135 145 176 184 214 237 259 260 300
114 121 142 176 195 210 239 245 263 293
112 125 143 172 187 214 238 252 279 281
108 132 147 161 183 202 240 259 276 282
118 135 152 173 197 210 238 259 280 281
118 120 141 164 181 218 227 257 271 289
111 127 159 177 188 200 226 251 266 295
110 128 141 180 181 219 221 246 274 293
113 133 153 170 181 200 226 252 260 294
116 123 154 166 191 206 226 260 275 298
120 120 140 178 196 205 221 252 261 284
116 136 151 170 189 217 238 253 273 297
114 131 159 169 189 211 223 240 273 286
100 124 144 167 184 203 228 250 272 294
115 136 148 165 193 202 220 242 261 283
103 124 155 171 189 209 240 240 273 281
102 133 149 175 194 217 239 254 264 294
100 124 140 180 193 206 224 248 268 283
120 134 154 161 185 200 223 246 278 287
101 128 157 176 194 219 236 242 270 295
117 140 159 172 184 200 234 256 273 291
103 135 153 169 200 209 230 252 271 285
113 126 145 173 183 204 235 255 261 300
100 126 143 160 199 205 230 248 266 292
120 139 140 178 186 202 221 260 275 296
105 132 140 163 196 204 234 255 280 299
104 130 156 160 181 214 231 257 278 280
112 126 144 176 198 208 229 249 276 286
103 139 141 180 180 204 240 242 275 285
114 124 146 174 197 208 227 241 276 297
101 135 156 161 191 213 225 242 261 287
113 137 142 166 192 206 227 257 273 289
115 134 147 179 199 201 228 243 276 296
109 128 157 180 189 219 228 258 277 294
111 132 151 172 188 203 221 251 261 282
107 126 155 177 188 205 222 254 274 289
114 136 141 170 181 214 235 243 267 296
110 128 155 172 185 216 221 254 261 287
103 122 154 166 199 220 226 247 274 288
114 120 157 165 194 213 234 253 266 293
118 132 143 167 193 204 232 242 280 288
120 140 159 165 187 216 225 249 270 286
117 136 152 179 180 201 224 253 274 290
116 136 153 165 199 211 227 249 276 297
116 130 160 170 187 203 231 254 278 281
118 127 157 174 181 215 233 242 279 298
120 122 160 175 180 214 239 252 262 291
118 137 145 164 184 214 233 254 263 281
111 137 156 168 195 214 235 242 270 300
111 131 144 165 188 217 230 258 272 294
111 127 143 169 195 213 240 248 266 293
107 128 155 166 191 200 230 250 264 287
102 125 151 168 188 217 225 255 268 291
101 132 148 169 185 215 220 251 268 299
102 128 148 167 191 210 226 260 276 285
107 122 145 160 190 207 240 241 278 299
120 121 159 176 187 211 237 247 267 291
118 123 151 175 193 214 228 248 273 294
107 126 140 179 181 215 233 256 268 292
113 121 151 178 199 204 240 251 280 280
107 136 147 162 191 213 227 240 276 297
108 131 151 164 183 208 228 255 262 298
118 134 150 171 191 215 239 258 262 293
101 124 140 168 190 217 240 254 270 284
101 126 153 173 194 213 235 242 276 284
100 133 154 162 192 208 221 246 276 289
103 124 148 175 200 203 239 254 272 283
110 137 153 170 185 220 221 260 264 283
112 134 147 172 181 211 237 241 277 298
114 131 154 161 200 207 235 256 265 283
115 136 144 170 183 220 236 260 262 295
106 122 144 160 196 201 226 254 267 280
119 137 141 165 199 206 240 241 274 294
100 124 155 174 194 209 231 260 268 290
103 133 140 174 198 217 225 249 274 291
120 131 160 173 183 202 225 245 266 284
118 138 152 177 186 209 224 251 266 297
115 129 159 178 186 213 236 258 260 290
111 137 155 177 187 207 237 243 262 292
107 122 140 161 185 200 232 259 274 300
110 122 155 165 180 212 223 240 280 291
102 121 140 174 194 210 230 241 262 280
103 129 153 161 196 203 233 245 270 292
113 136 148 178 184 217 231 244 266 296
109 126 149 175 183 204 220 257 280 289
101 125 159 172 182 220 226 254 277 293
115 126 156 160 184 201 236 250 263 290
106 135 148 173 185 218 224 253 275 293
101 122 149 164 180 200 231 254 275 291
109 132 144 163 185 202 238 249 273 287
104 124 149 178 185 218 238 245 276 290
113 138 150 168 183 215 235 256 267 284
111 133 146 173 191 213 240 240 262 281
107 138 140 162 195 201 235 259 269 287
105 137 146 167 195 207 228 240 273 294
109 134 143 176 188 201 221 259 268 293
102 129 146 163 200 210 226 252 268 294
120 120 153 173 190 219 222 243 275 289
105 127 141 172 194 204 225 249 280 288
109 129 148 161 197 220 238 247 271 288
102 140 141 175 182 200 225 260 267 291
111 140 140 171 181 206 239 244 273 300
116 137 141 176 188 218 220 248 266 289
117 121 140 178 194 219 239 259 275 300
104 129 142 163 183 220 226 260 267 294
103 133 145 176 181 217 224 249 262 287
115 134 160 174 192 205 235 241 273 299
117 131 145 166 191 209 234 253 271 282
109 135 150 174 187 201 228 254 279 283
112 128 143 163 181 214 221 240 264 289
114 129 151 179 191 209 228 242 280 299
103 129 155 179 196 207 224 252 267 285
111 135 149 161 181 212 233 250 261 287
102 126 157 173 195 210 230 240 273 294
115 120 153 180 180 216 230 249 266 295
111 130 146 166 197 216 220 256 261 299
101 128 160 172 195 204 233 246 273 289
111 128 143 175 191 207 240 244 261 293
105 139 151 167 193 201 233 260 271 295
108 123 144 177 193 200 222 244 271 296
106 135 142 168 197 200 220 246 280 296
117 120 160 174 194 212 231 253 275 283
117 124 155 176 191 201 240 241 275 287
117 121 151 171 190 210 225 246 273 283
102 140 153 179 189 218 233 257 267 289
115 135 159 172 198 220 233 256 264 282
104 126 158 175 194 212 222 253 262 300
118 122 140 167 192 217 234 253 264 293
113 131 154 167 189 204 234 257 271 287
114 120 149 179 188 213 232 243 272 296
117 126 143 177 188 209 224 258 262 283
101 132 143 163 183 202 221 243 261 300
104 131 150 165 189 220 230 240 268 298
115 136 151 179 192 210 221 242 263 280
109 127 143 180 185 203 227 247 262 281
110 133 159 164 182 208 235 247 260 287
102 135 155 167 193 200 240 260 272 286
111 129 147 173 182 208 229 243 262 295
109 130 150 160 184 201 238 240 280 280
100 123 146 160 198 207 240 256 276 290
114 133 155 170 184 212 229 249 270 299
117 133 146 163 199 203 235 254 265 298
116 138 150 170 182 213 225 249 270 281
118 140 160 175 181 208 233 258 268 287
103 140 159 170 197 209 221 241 274 285
120 134 140 166 187 201 240 246 268 293
112 135 147 160 196 212 228 245 262 285
117 123 143 170 185 202 225 249 276 296
109 127 145 160 189 215 224 253 274 286
114 135 150 179 193 204 225 258 279 291
115 124 143 169 200 206 229 251 269 286
107 123 153 175 182 206 221 240 264 280
107 131 147 165 193 214 239 251 261 280
101 139 141 180 184 215 231 242 262 293
103 140 151 178 198 216 236 242 275 295
115 140 148 162 181 206 224 244 265 293
119 133 149 165 184 206 236 253 263 288
107 139 152 163 199 218 239 258 265 287
104 129 160 179 194 208 235 252 278 292
108 134 147 164 181 215 239 242 271 300
104 132 154 160 190 210 239 250 270 296
104 131 147 180 197 217 226 242 277 293
120 139 158 173 199 209 235 260 270 281
115 122 147 169 182 201 239 248 274 298
119 140 160 165 186 220 240 246 266 297
110 123 150 163 193 206 228 256 280 284
110 124 153 160 184 203 238 260 264 298
119 127 154 166 196 201 223 241 278 297
114 137 147 160 190 212 225 246 261 286
114 139 143 177 188 219 234 250 265 294
120 122 149 160 195 220 233 243 264 296
107 124 147 161 193 203 230 259 263 283
104 137 159 161 184 202 235 247 270 289
105 127 147 167 199 208 239 248 263 291
109 138 150 176 190 215 224 259 265 282
102 134 152 175 189 211 221 249 267 297
101 124 155 168 181 217 239 255 264 293
116 138 153 173 191 210 222 246 269 297
119 131 160 166 190 201 239 245 264 280
110 130 153 167 183 213 235 244 277 292
101 138 143 171 187 204 237 244 268 297
113 133 141 172 180 203 233 254 275 300
118 122 142 179 187 203 223 255 263 293
112 132 149 168 186 204 223 246 262 300
117 138 140 161 195 210 220 259 264 289
116 126 152 177 192 208 220 248 268 300
114 139 158 162 187 205 223 259 263 285
115 123 143 164 200 203 224 246 262 285
114 123 148 169 200 204 220 252 269 286
116 133 154 163 191 220 239 245 264 280
101 137 141 168 191 218 221 249 265 280
110 135 145 164 198 203 233 256 269 293
102 123 157 166 195 201 237 259 279 294
103 139 143 178 191 213 220 249 270 294
116 126 142 177 192 205 222 245 269 291
104 136 157 172 183 212 226 245 279 287
106 122 158 180 193 217 238 242 264 281
110 139 155 167 198 201 232 242 279 298
114 140 156 169 185 200 231 244 278 289
115 139 157 174 191 210 236 253 279 296
120 132 143 167 196 203 240 248 280 282
100 121 151 167 192 217 222 257 274 284
103 125 140 168 188 209 223 240 263 290
103 132 146 178 185 214 231 244 275 295
111 136 140 174 199 208 228 259 260 289
104 120 148 179 190 206 226 251 271 298
116 128 140 171 191 206 227 242 276 281
114 140 154 171 180 200 224 241 274 281
110 131 156 169 188 216 226 243 278 281
106 140 159 180 192 207 226 260 280 280
111 120 150 170 186 202 234 259 274 282
118 129 143 170 182 215 220 258 268 294
115 140 148 168 194 202 226 259 278 281
106 120 156 172 182 204 228 244 280 297
113 128 142 167 186 219 223 250 276 292
116 134 153 178 189 219 235 241 272 280
100 123 153 171 192 209 239 249 263 291
102 140 149 174 187 203 233 252 273 283
119 127 153 180 190 213 238 249 268 298
109 125 145 178 182 206 235 243 276 300
102 136 148 175 182 217 220 243 279 280
111 122 153 173 185 214 240 243 265 286
105 129 158 173 195 217 233 242 266 287
109 120 142 179 194 218 228 241 277 291
120 120 140 166 189 216 227 251 269 285
103 136 151 176 196 206 233 243 271 285
102 135 152 165 193 206 224 242 273 293
120 131 157 172 193 216 221 251 275 285
119 131 151 168 183 219 225 240 263 300
103 133 160 173 181 205 237 247 270 295
101 129 160 161 196 208 239 260 274 294
116 120 160 170 195 201 230 254 266 281
110 129 145 172 200 204 240 250 273 290
114 123 155 178 187 202 233 260 272 280
103 138 147 170 198 207 234 255 260 289
101 132 145 162 199 212 234 258 273 292
116 136 157 163 181 217 222 253 271 296
103 134 159 161 195 210 228 241 266 280
101 132 150 179 200 206 223 256 260 297
105 126 145 168 199 210 221 245 280 288
115 140 153 173 198 206 229 255 268 292
108 138 149 167 180 213 235 248 273 291
110 134 159 178 192 220 223 246 275 286
106 130 146 164 197 209 235 251 263 299
112 135 154 173 191 220 238 244 274 281
106 126 144 172 180 218 231 241 274 292
109 122 141 173 190 207 229 245 266 291
120 127 157 160 189 207 222 244 262 295
105 140 144 172 180 214 226 260 274 296
113 126 152 175 200 219 228 256 280 287
103 129 147 179 188 210 220 251 268 288
101 126 150 179 200 203 232 252 279 285
110 123 140 175 181 213 235 242 267 298
101 132 144 178 187 202 225 254 264 282
106 131 152 163 187 219 238 255 271 281
101 125 156 162 188 220 237 250 278 284
109 126 153 172 183 216 231 258 271 281
109 123 142 171 188 210 239 242 278 286
118 129 143 179 187 217 220 241 276 300
104 128 157 165 181 218 238 252 279 282
115 127 149 171 190 204 237 259 280 299
112 136 151 179 194 208 237 248 267 287
115 127 151 163 191 204 237 249 276 299
114 132 154 179 196 218 225 256 265 300
110 140 157 177 200 202 228 241 264 280
110 121 142 179 194 201 221 260 270 287
117 126 144 167 187 210 221 250 277 292
109 135 156 172 186 203 229 249 277 280
110 136 154 180 180 201 225 245 280 299
111 134 155 165 187 219 238 248 266 282
103 126 159 162 190 203 222 260 277 299
103 131 140 162 183 218 239 251 265 289
115 139 150 169 195 210 232 259 260 289
102 131 147 176 189 216 223 255 268 282
119 132 153 172 200 203 236 240 269 280
109 133 140 179 182 208 234 241 270 298
113 139 157 164 184 205 225 252 264 281
111 120 153 164 200 219 221 250 279 289
104 120 155 161 185 203 240 260 267 295
112 120 148 178 186 216 230 243 262 293
118 122 158 171 183 220 230 240 265 289
100 137 143 174 194 201 236 259 277 282
117 121 146 165 190 211 226 245 263 297
113 120 144 160 193 220 239 250 265 287
111 134 160 179 189 213 226 246 262 287
117 140 154 170 186 203 229 254 271 294
102 139 144 172 189 206 235 240 261 292
112 137 145 176 199 208 239 240 261 283
110 130 156 167 187 218 224 244 265 295
112 136 155 171 197 203 233 257 275 284
119 135 147 173 189 213 229 243 264 284
109 131 155 160 180 217 229 245 279 285
101 140 149 169 183 216 234 245 269 287
106 132 140 170 193 211 240 241 264 289
118 122 152 166 186 205 239 247 272 291
106 131 144 161 189 202 226 252 263 285
115 120 146 168 200 206 234 243 268 297
110 120 144 173 191 215 221 255 261 286
101 127 141 180 200 209 228 246 274 287
101 140 143 171 200 208 224 242 264 295
110 138 143 177 197 210 234 251 264 286
110 134 150 177 189 207 223 256 271 300
102 128 146 170 197 213 221 255 271 294
115 122 149 179 184 213 235 243 268 285
109 130 149 160 191 210 223 255 275 289
101 132 150 165 196 216 231 250 261 300
113 130 143 164 192 205 233 257 275 284
118 120 146 169 194 218 239 242 262 286
111 122 141 168 183 212 227 257 260 293
111 135 153 177 198 205 223 241 264 290
116 120 147 176 188 209 235 246 267 297
113 132 144 168 186 203 225 256 279 290
119 127 142 163 189 203 220 251 263 280
116 125 144 169 189 215 240 245 261 285
111 128 160 176 189 209 238 242 265 290
102 138 146 172 197 206 226 240 270 298
120 131 159 174 196 200 230 257 264 281
117 140 156 162 188 208 222 251 277 287
106 138 155 175 183 206 220 247 280 287
111 121 144 170 196 213 227 250 273 297
105 134 142 177 189 207 220 249 275 294
102 136 146 180 192 207 238 243 278 282
106 136 160 172 192 214 220 260 267 294
102 126 153 168 192 203 230 257 267 295
118 130 143 161 183 219 229 242 262 297
104 123 151 162 188 207 231 242 269 292
114 125 159 164 196 211 222 252 274 296
101 127 152 169 182 219 221 242 271 298
117 136 141 166 186 217 224 256 269 299
112 129 160 160 194 208 239 252 276 296
105 133 152 170 189 203 240 254 267 290
118 133 144 168 185 213 235 256 267 298
104 133 154 180 191 220 227 255 271 297
112 135 142 180 186 215 231 242 269 295
103 140 159 164 189 208 230 259 271 289
103 136 148 172 183 217 226 245 271 286
109 134 155 161 191 205 240 241 278 288
103 126 149 170 193 217 223 247 268 291
108 121 155 165 183 209 231 248 268 297
114 127 148 166 187 217 239 254 279 289
101 120 147 180 185 208 240 260 261 287
111 134 148 172 191 210 233 249 275 288
114 123 146 179 193 203 230 248 275 281
117 139 148 172 185 201 220 241 265 292
105 128 153 178 182 219 221 253 263 294
105 121 153 160 183 207 238 247 278 297
103 133 160 160 197 208 232 252 278 296
113 140 146 160 196 213 235 245 263 286
117 128 158 166 185 220 235 249 277 288
100 137 150 161 198 204 239 250 277 281
100 134 148 170 187 211 233 254 263 293
111 123 148 161 190 216 225 249 269 300
102 137 148 165 196 211 220 254 269 286
100 139 142 170 188 211 231 250 262 293
117 124 150 165 182 202 227 255 260 283
103 130 141 165 196 215 237 260 277 289
115 129 149 167 199 200 223 242 267 283
100 136 146 163 183 200 233 243 264 284
109 138 159 172 185 200 225 250 272 287
114 132 153 165 198 200 237 260 262 289
101 133 157 167 195 212 234 244 278 297
120 132 158 168 194 214 220 251 272 293
111 128 148 179 196 215 237 258 269 280
106 126 145 180 195 218 221 248 269 287
101 140 151 178 191 216 231 243 266 300
115 125 153 165 183 210 228 240 278 295
118 130 160 178 185 213 235 248 273 294
110 137 157 165 189 207 226 254 277 295
110 128 142 161 192 216 238 255 279 291
102 135 141 169 185 213 231 253 266 290
104 138 147 180 189 215 222 248 264 292
103 121 156 176 193 202 230 249 272 298
118 120 157 175 190 218 222 250 269 296
117 127 150 162 191 220 230 248 263 285
108 133 143 161 188 208 226 241 263 296
101 127 147 179 197 203 223 240 267 300
115 138 157 177 193 206 233 244 278 287
113 139 150 177 199 209 221 251 263 294
102 126 151 175 189 214 238 253 275 286
104 120 160 165 180 220 232 251 274 294
114 125 147 168 199 219 229 245 262 282
101 124 142 171 193 201 224 245 271 280
119 121 142 174 198 220 238 251 280 289
120 137 155 168 184 213 229 243 279 289
105 122 154 163 181 202 222 254 279 280
101 125 160 168 181 212 230 251 274 284
111 131 150 163 193 214 226 250 280 290
116 137 150 165 184 209 233 252 267 285
106 136 140 176 196 216 230 259 276 288
108 137 144 161 193 202 238 250 267 284
111 130 160 179 184 214 227 258 274 296
109 138 146 178 185 217 227 260 266 281
116 130 151 162 186 210 233 249 273 291
113 126 157 168 192 206 230 243 271 281
120 134 140 167 196 215 226 255 279 300
103 140 150 176 184 210 223 246 274 296
119 122 140 172 189 209 222 242 264 291
104 136 153 176 187 208 239 260 275 300
103 129 158 163 197 206 221 249 271 300
120 140 149 174 180 200 235 256 276 287
116 140 144 165 189 213 220 255 274 288
111 130 154 169 188 202 236 259 264 289
109 135 154 162 199 220 221 250 275 295
112 122 159 177 184 209 221 253 276 296
101 121 141 166 184 210 230 246 277 298
115 125 150 162 197 204 229 250 267 281
119 134 149 167 185 210 229 257 265 293
109 140 146 161 192 209 221 245 271 291
105 125 148 170 186 214 224 258 273 296
120 140 145 169 180 214 223 254 276 294
114 135 158 169 181 212 236 250 269 292
102 126 144 178 198 202 223 256 267 297
102 137 146 180 191 208 234 249 273 281
115 134 142 160 189 214 230 252 265 287
119 140 154 166 199 205 228 240 267 299
110 128 154 161 200 217 232 260 277 289
119 122 151 173 189 214 238 254 280 286
101 122 145 180 190 216 234 256 280 290
103 127 150 165 183 206 224 248 266 298
119 135 157 179 184 206 227 255 262 286
106 124 149 172 190 215 233 253 273 288
111 126 142 170 192 203 233 248 265 294
109 127 156 165 192 216 239 258 277 295
116 121 155 161 180 219 230 244 266 294
108 122 158 177 182 208 224 240 272 287
108 132 147 171 188 211 233 244 273 280
110 136 152 168 193 200 224 243 274 299
116 129 143 176 191 210 233 259 274 299
111 126 142 179 181 204 233 251 260 283
119 138 143 161 188 212 237 259 276 292
103 134 158 173 198 216 223 249 266 280
107 139 154 175 188 214 233 254 264 289
119 121 147 177 191 216 224 253 271 296
112 126 160 161 195 205 227 257 264 283
112 139 143 175 182 200 238 258 266 285
101 122 147 165 199 200 220 257 279 293
106 130 155 173 186 202 232 252 262 289
100 139 156 162 198 212 228 255 272 292
111 120 151 176 200 217 229 254 273 299
115 136 157 178 192 214 232 242 268 280
107 139 142 175 193 220 238 241 274 296
112 135 145 160 197 220 226 243 275 290
110 124 148 163 194 214 240 259 278 294
104 121 141 175 200 213 224 242 278 298
103 120 157 180 183 209 221 252 261 286
113 122 148 180 186 201 229 244 279 296
112 132 152 174 189 203 224 259 262 295
111 124 160 170 186 215 240 256 274 296
119 132 153 166 192 219 240 243 268 280
116 140 149 166 183 204 232 248 268 288
104 133 152 163 196 201 225 259 262 291
104 134 143 161 189 208 231 244 268 299
114 130 147 169 193 212 224 256 262 281
103 132 158 161 190 200 230 254 263 291
110 139 155 172 184 216 236 250 265 283
100 128 157 167 191 219 220 252 262 290
116 128 151 165 191 201 230 242 261 286
108 135 154 180 197 206 223 241 276 300
111 120 142 164 198 217 223 257 280 298
105 120 157 178 182 219 234 252 277 283
103 129 151 177 183 218 240 257 266 293
108 131 153 162 180 214 225 255 267 295
109 138 152 178 188 202 229 254 275 287
117 138 150 164 196 212 232 249 276 285
106 124 156 173 182 212 234 248 267 284
107 133 143 167 183 205 236 257 265 282
112 135 150 176 192 216 222 258 261 282
120 127 149 178 192 201 224 241 267 291
103 133 150 175 198 220 236 258 261 291
113 134 150 169 193 218 224 242 261 298
109 134 147 173 180 207 239 247 273 283
106 135 154 179 192 218 228 241 273 290
103 123 151 162 189 205 230 257 266 297
104 140 146 165 192 204 228 252 275 288
105 126 152 178 191 213 239 243 267 291
103 122 140 164 199 216 225 256 270 291
113 131 155 165 190 220 226 253 271 298
112 131 140 173 196 204 232 250 264 295
100 121 144 172 194 216 237 250 271 295
105 123 160 165 191 217 236 259 260 291
110 134 158 170 186 207 234 254 261 286
111 129 153 171 193 216 235 252 275 291
104 129 156 177 181 200 230 243 272 289
108 123 158 164 192 215 231 246 261 284
118 125 149 167 194 210 226 251 275 280
120 133 146 160 189 214 233 243 260 288
108 123 154 175 193 215 240 252 265 295
105 131 154 160 199 210 221 248 275 283
106 129 146 174 195 204 233 254 270 296
102 129 140 161 181 218 229 240 264 289
118 133 159 172 189 218 229 248 260 299
100 140 156 179 180 216 228 242 261 285
107 125 157 177 181 203 237 258 276 285
117 134 146 167 188 204 225 252 279 300
120 126 158 180 189 220 230 256 269 286
119 139 145 161 184 212 222 260 263 280
108 137 140 170 193 216 237 242 262 281
114 127 153 164 198 216 240 243 273 292
110 130 144 171 193 212 229 251 273 296
118 123 155 162 196 209 234 251 275 287
119 123 141 168 199 207 220 242 279 293
112 131 159 179 195 207 228 253 273 293
107 130 140 174 198 206 222 255 265 296
104 126 150 164 189 204 239 259 278 286
116 125 146 165 194 220 231 243 277 297
102 131 145 171 196 214 231 240 279 290
102 126 153 175 198 216 239 243 264 300
120 137 158 161 182 208 222 248 267 292
107 139 154 166 200 204 233 259 267 282
114 126 148 167 180 214 238 243 260 297
100 135 155 166 180 220 235 246 279 297
101 126 149 164 186 219 232 247 261 292
119 139 159 162 200 200 230 253 277 290
101 133 158 179 186 200 230 241 269 291
105 123 140 177 194 207 240 240 269 295
108 126 141 177 196 200 228 252 278 281
111 139 152 169 199 216 234 242 269 292
100 129 148 179 195 204 222 253 267 295
113 136 156 176 184 207 229 252 277 290
107 120 154 162 181 217 225 248 269 280
110 135 158 171 182 213 234 254 275 289
112 139 149 162 184 208 231 248 270 291
101 131 147 174 181 214 223 256 269 281
118 132 152 176 193 209 227 243 280 280
113 120 155 171 200 202 223 254 264 297
112 139 151 160 198 209 226 259 262 291
120 122 146 163 180 204 240 245 271 281
107 137 140 173 180 216 229 253 280 293
117 131 144 160 199 204 228 242 266 287
106 136 151 171 189 200 234 250 263 283
118 139 157 169 187 210 232 254 269 282
110 138 157 166 182 212 224 245 276 288
101 136 154 160 182 219 238 240 280 291
109 128 159 164 181 201 220 242 279 280
109 123 147 160 197 220 235 249 269 296
101 134 157 167 193 218 225 245 260 296
117 125 150 160 192 220 229 254 274 293
109 131 143 179 194 208 239 255 271 283
109 131 151 180 189 201 236 256 266 293
117 125 150 163 198 201 223 247 265 288
114 121 147 167 196 209 220 248 267 295
116 137 150 176 194 215 232 250 264 294
119 125 154 167 187 201 222 247 267 298
106 121 143 178 184 211 229 252 272 284
112 140 144 175 200 210 225 244 278 291
111 127 154 170 185 204 240 244 270 283
109 134 159 172 180 204 230 260 278 281
104 130 156 178 192 215 229 253 276 281
104 131 143 166 181 214 231 260 272 295
105 120 160 174 181 211 227 257 271 292
103 138 150 170 199 210 232 248 280 284
101 120 144 163 185 210 239 243 280 289
113 124 142 160 194 201 222 251 278 291
120 120 146 165 195 200 237 259 271 288
112 135 147 165 184 207 233 253 269 282
118 126 151 164 187 201 239 240 269 298
104 134 154 167 183 217 226 256 262 286
111 130 153 164 195 201 222 241 265 291
111 139 141 164 185 202 230 252 262 291
106 133 159 161 190 201 227 249 270 282
114 121 147 161 197 216 238 252 274 295
109 133 159 177 198 200 228 245 279 283
111 125 143 162 190 204 235 246 273 280
118 120 145 174 194 217 239 251 274 292
114 130 151 170 194 213 236 244 273 285
118 138 160 162 195 200 226 245 270 287
110 137 160 180 187 214 238 242 274 293
113 131 156 166 193 213 229 258 277 297
112 140 147 166 197 218 234 249 277 300
113 124 147 179 186 205 222 250 269 293
102 125 154 179 200 213 229 251 272 298
108 134 160 178 187 215 234 251 260 300
102 130 148 174 190 211 231 255 279 298
103 138 158 174 197 200 224 246 269 295
118 129 148 175 188 206 226 243 266 291
107 122 146 164 186 213 240 244 260 290
105 122 141 176 195 218 236 258 276 285
109 133 154 162 186 220 236 245 280 293
116 129 146 173 184 210 235 251 276 290
111 139 144 177 199 207 223 247 262 281
120 131 145 167 194 212 235 245 271 299
118 131 145 166 199 204 226 246 270 296
101 122 155 180 200 211 239 260 267 290
114 122 153 177 200 203 239 246 262 297
108 136 148 167 192 211 237 244 276 280
112 134 152 175 198 207 227 256 272 282
104 135 143 168 180 201 225 249 276 298
114 131 160 170 180 217 225 260 261 299
108 140 147 178 184 203 239 252 269 300
113 139 154 170 183 204 240 245 279 287
111 125 148 180 191 209 222 257 279 287
103 126 156 168 190 200 235 253 280 286
118 139 158 175 196 206 229 241 262 289
101 136 142 171 191 201 236 240 261 295
111 120 150 167 182 209 235 253 277 280
117 126 152 170 192 220 220 258 269 290
113 120 146 174 194 217 227 251 271 293
116 138 143 160 191 208 227 240 270 285
107 127 156 168 199 208 229 249 267 294
112 124 146 164 196 218 225 258 268 280
112 136 156 160 198 209 222 243 273 280
117 135 148 175 197 214 228 247 275 284
116 122 152 168 184 217 221 241 261 295
104 122 149 160 183 208 234 244 274 295
105 134 157 164 193 212 222 258 276 282
112 124 147 179 180 206 223 248 264 294
115 120 160 173 192 207 236 247 279 281
100 136 150 162 195 217 227 260 275 281
118 129 145 165 185 214 239 259 271 298
114 127 141 162 189 200 220 255 275 288
110 124 157 178 199 219 239 257 277 296
112 127 146 178 188 206 232 250 279 288
119 135 150 166 200 210 225 246 275 283
114 127 159 162 194 209 233 251 279 285
119 138 142 171 180 219 225 241 260 298
115 136 148 173 195 204 220 245 270 291
112 120 155 175 180 210 220 242 271 286
103 138 152 176 192 200 226 243 272 288
105 138 141 173 185 212 240 244 275 300
103 133 156 175 185 212 235 242 264 292
117 140 154 176 185 200 221 256 271 282
119 138 150 172 185 218 228 244 279 289
117 137 152 175 197 217 225 248 264 288
111 128 158 180 197 217 236 245 261 297
110 137 140 163 183 208 233 252 278 296
111 140 144 177 199 213 239 253 275 283
116 124 160 172 183 211 228 251 265 280
103 123 151 165 187 201 234 244 266 289
103 123 147 171 200 213 236 255 276 283
101 128 142 172 200 207 234 259 260 287
120 124 154 180 181 200 226 247 279 299
101 129 156 165 196 202 239 240 263 296
113 121 142 180 192 219 226 245 265 284
104 132 157 169 197 214 239 259 280 283
100 133 156 176 181 207 223 247 277 290
115 140 158 179 183 211 230 254 268 295
120 131 142 179 199 200 232 259 269 293
102 133 155 162 191 211 231 249 274 290
114 126 158 174 184 213 226 243 271 293
103 136 143 166 195 213 227 260 273 283
100 132 156 180 200 220 234 243 280 297
111 122 152 178 192 213 232 244 266 285
110 134 157 176 186 207 221 246 268 299
120 124 157 164 185 216 224 241 278 285
102 122 151 178 198 212 226 257 261 297
110 127 153 177 189 200 223 259 271 283
105 139 154 168 192 203 239 241 263 291
104 129 156 170 198 217 225 242 267 284
117 121 153 174 191 215 224 249 264 291
102 133 160 174 183 220 239 259 260 292
104 132 154 170 200 200 235 256 271 283
117 122 142 169 200 205 231 248 273 294
110 130 148 173 181 211 240 242 268 300
110 126 146 165 183 202 228 248 274 298
111 123 140 174 186 213 236 246 264 288
118 140 148 165 193 206 223 256 261 281
120 140 155 174 195 220 239 252 267 291
107 128 148 168 199 203 235 250 274 298
117 123 148 169 196 216 234 254 260 292
108 139 155 166 189 213 230 241 268 287
108 126 144 178 184 204 226 246 262 283
112 139 158 180 186 213 234 245 262 283
117 126 145 160 183 216 227 252 278 295
106 126 160 171 188 210 225 248 272 282
112 129 153 170 186 210 237 259 274 285
104 126 155 169 190 218 237 243 276 284
110 129 141 171 196 217 232 241 266 292
109 136 150 176 198 215 224 249 275 299
114 133 153 170 195 215 221 254 261 294
108 120 150 178 182 207 229 248 266 285
120 123 146 164 193 200 228 248 261 296
113 138 142 167 199 209 220 251 261 296
116 133 156 173 195 206 237 255 273 281
108 131 149 162 185 214 230 245 275 286
104 137 150 170 195 210 223 250 280 281
113 138 157 177 185 218 240 244 265 297
106 136 160 180 191 214 230 247 267 290
101 139 145 161 198 207 222 258 277 293
104 126 146 161 190 211 239 248 277 299
104 138 152 169 197 214 235 247 273 298
116 129 142 161 199 210 222 241 278 283
105 128 158 179 194 209 229 251 275 295
100 121 142 168 197 214 230 252 261 293
115 135 143 160 193 203 226 247 279 293
118 127 150 175 186 204 238 251 269 283
120 123 150 173 194 211 230 248 265 287
116 130 150 180 180 217 236 241 271 295
102 132 154 172 187 202 233 244 260 290
119 136 156 161 195 201 230 241 269 288
116 135 160 172 193 219 220 240 263 294
103 140 152 178 200 205 225 241 260 287
103 135 156 172 184 212 223 247 263 300
107 137 145 178 188 210 228 246 270 298
103 121 142 165 183 212 222 260 266 281
100 128 152 173 195 207 232 254 265 288
104 131 149 177 199 207 233 240 274 285
103 124 158 169 197 214 238 248 273 282
102 135 141 169 182 217 221 254 261 292
103 137 141 172 182 209 236 254 279 286
100 122 155 174 200 216 222 253 274 286
112 121 160 163 194 205 228 260 280 286
104 128 141 168 180 210 223 259 276 289
117 134 160 163 197 218 228 243 268 291
106 138 158 160 183 220 220 246 268 289
108 127 152 180 191 220 223 241 267 286
102 127 140 178 189 207 223 245 272 290
119 121 141 163 184 209 240 253 268 288
103 134 150 176 198 206 224 255 279 288
117 134 144 175 186 207 232 256 263 295
105 138 149 168 194 202 228 254 262 285
115 134 150 176 196 200 235 255 262 291
102 123 149 165 188 218 220 254 276 282
3959 4871 6050 6316 7419 8104 8370 9624 10271 11373
3543 4428 4768 5857 6163 7354 7592 8442 8919 10075
3510 4255 4503 5061 5899 6333 7326 7822 8070 9311
3197 4068 4532 4910 5606 5867 6651 7173 7754 8334
1687 1715 2038 2445 2795 3090 3104 3622 3917 3959
5224 6024 6870 8234 9409 9597 10491 11760 12560 13688
2013 2064 2643 2813 3307 3545 4090 4277 4618 5077
2839 2935 3488 4305 4329 5050 5314 6131 6395 6827
3707 4633 5854 5966 6928 7521 8150 9001 10112 10741
4807 5863 7544 8601 9513 9657 10714 12010 13307 13835
2128 2780 3242 3726 4125 4420 4882 5050 5576 5891
1375 1544 1832 2013 2301 2421 2890 2974 3203 3431
3883 5328 5328 6849 7267 8027 8446 9890 10157 11107
2021 2554 2972 3429 3505 4114 4266 4589 5160 5711
2254 2548 3158 3663 3999 4567 4903 5428 5807 6143
2307 2788 2828 3489 3749 4249 4770 4910 5531 5751
3815 4072 4744 5192 6377 6826 7242 7786 8459 9419
5207 7008 7308 8158 9259 10009 11510 12960 13861 14661
4767 5448 6408 6929 7289 8289 9010 9770 10651 11851
4737 5425 6587 7491 8265 9169 10158 10373 11578 12051
1363 1459 1736 2037 2313 2566 2722 3094 3167 3527
3892 4242 5048 6099 6904 7114 8060 8585 9391 10056
5671 6007 7304 8649 9369 9753 10618 11626 13019 13979
2965 4010 4445 5142 5722 6332 6419 7347 7812 8421
3004 3707 4301 4490 4950 5463 5977 7003 7274 7895
1567 1776 2075 2192 2401 2844 3039 3208 3495 3755
1421 1870 2192 2487 2543 3006 3118 3608 3931 4085
3931 4760 5480 6165 6597 7714 8254 9334 9659 10631
2493 2669 3242 3528 4365 4762 5026 5312 6061 6413
2485 2653 3263 3516 3831 4314 4987 5197 5597 6164
1505 1856 2066 2501 2571 3020 3230 3496 3665 4029
4127 5448 5648 7129 7729 8409 8930 10370 11011 11371
1964 2535 2820 3086 3638 3828 4285 4779 5331 5369
4539 6036 6256 7929 8281 9293 10086 11186 11671 13035
2485 2927 3179 3621 3915 4545 4714 5428 5660 6143
1197 1217 1488 1618 1819 2170 2340 2470 2721 2841
2743 3368 3728 4329 4689 5289 5530 6178 6683 6971
5021 5619 6448 7599 8473 9946 10406 11326 12339 13075
1783 2088 2552 2745 3081 3225 3658 3882 4347 4603
4567 4872 5594 6088 6925 7990 8788 9738 10005 11145
4995 5641 6544 7233 7878 9341 9513 10717 12008 12524
5299 6525 7554 8633 9172 9809 11721 12260 13486 14025
3007 3697 4328 5349 6009 6430 6610 7270 8231 8801
3857 4487 5118 6064 6869 7394 8130 9110 9496 10301
2882 3333 3933 4384 4884 5084 5510 6385 6761 7436
5647 6541 6635 7952 8610 10068 11149 11572 12889 13688
4570 5039 5546 6248 7224 7887 8902 9448 10463 11282
2491 2882 3527 3804 4379 4609 5185 5945 6359 6543
1528 1606 2062 2232 2492 2739 2935 3364 3560 3846
4777 5858 6353 7614 8559 9145 10225 10810 12476 12611
5671 5815 7160 7688 9273 10330 10714 12058 13019 13499
4087 5127 6368 6688 8009 8650 8970 10250 10891 11291
4299 4781 5632 6336 6928 7965 8224 9519 9964 10593
4453 5290 5784 6697 6849 7913 8370 9320 10043 11373
4907 6672 7554 8486 9515 10398 11427 11966 12947 13731
2422 3159 3389 3827 4471 4770 5346 5668 6428 6451
5657 6207 8008 8809 9609 10709 11660 12110 14011 14161
2711 3388 3778 4611 4793 5235 5834 6511 6797 7343
2507 3433 3933 4459 4634 5460 5960 6435 6635 7186
2896 3463 4328 4707 5031 5706 6247 6814 7111 8084
1983 2649 2934 3163 3790 3847 4437 4589 5084 5483
1877 2115 2626 2899 3307 3579 3869 4413 4703 4975
1825 2492 2636 2906 3339 3663 4204 4655 4781 5177
4102 5468 5468 6522 7536 8160 8785 9643 10931 11321
4107 5625 6281 6774 7717 8209 9399 9891 11245 12024
2030 2132 2694 2779 3086 3494 4056 4124 4533 4890
3802 4165 4991 5552 6411 7270 7699 8227 9218 9548
3577 3877 4508 5138 5589 6610 7180 7780 7960 8981
1687 1968 2052 2389 2571 3034 3216 3412 3791 4071
2131 2185 2708 2960 3285 3627 4168 4456 5051 5375
4607 5288 6088 6528 7769 8289 9250 10250 10851 11251
4149 4948 5860 6241 7153 7761 8408 9168 10423 11145
3787 4868 5156 6237 6669 7425 8650 8650 9371 10595
3951 4462 5108 5516 6639 6911 7728 8816 9395 9531
5789 6721 7603 8731 8976 10152 11035 12358 13437 14221
3603 4038 4844 5030 6085 6364 7233 7822 8071 8908
3997 4909 6050 6773 7533 8179 8940 9282 10651 11031
1307 1776 1867 2180 2388 2662 2883 3182 3404 3885
3059 3479 4292 4544 5133 5834 6534 6954 7347 8271
4255 4832 5588 5948 6669 7714 8182 9010 10091 10343
2491 3159 3642 3688 4287 5024 5346 5714 6060 6474
5092 5587 6398 7478 8964 9865 10540 11710 12026 13016
1047 1408 1408 1608 1979 2019 2320 2410 2801 2871
4807 6151 6776 8073 9225 9897 11434 12490 13451 14027
4681 5543 6527 7019 8045 8907 9276 10260 10957 11983
5021 6126 7230 8013 8427 9946 10268 11142 12247 13673
2422 2822 3116 3557 4167 4567 4630 5197 5891 6206
1107 1327 1691 1934 2121 2408 2606 2815 2959 3190
4476 4968 6117 7348 7430 8250 9809 10547 11491 12311
2491 2998 3412 3781 4172 4771 5139 5645 5991 6451
3367 3908 4268 5169 5799 6280 6730 7691 7871 8471
2327 2487 2808 3469 3829 4089 4690 4910 5531 5871
1717 2108 2228 2468 2994 3024 3430 3655 4196 4271
4883 6448 6724 8197 8841 9255 10544 11648 12247 13489
1423 1676 1904 2109 2289 2577 2806 3034 3166 3455
2128 2780 3305 3621 3852 4441 4987 5218 5639 6101
3868 4529 4661 5751 5949 7204 7303 8590 9251 9383
3463 4039 4616 5545 6025 7050 7658 7690 8811 9483
5707 6307 7508 8509 10009 10409 11460 12360 14011 14261
1385 1802 1932 2167 2375 2701 3000 3130 3417 3885
4299 5077 5632 6298 6965 7557 8890 9593 9889 10926
4479 5899 6630 7060 8437 8867 9685 10459 11449 12696
3997 5062 5328 6393 7077 7609 8940 9777 9967 11069
3171 3844 4236 4853 5105 5946 6562 6926 7347 7963
1228 1482 1658 1923 1989 2353 2650 2804 2904 3124
3115 3872 4208 4797 5301 6170 6366 7206 7431 7963
4492 4804 6248 6873 7614 8199 8668 9448 10385 11438
4999 6344 7304 8121 8745 9897 10954 12058 13163 14411
3458 3865 4561 4706 5577 5954 6477 7028 7754 8624
4957 6083 6983 7794 8694 9009 10270 11350 12071 12701
3239 4039 4936 5769 5897 6761 7306 8330 8651 9419
1567 1828 1828 2245 2531 2700 2948 3273 3547 3794
1399 1676 1868 1964 2241 2530 2674 2926 3155 3467
4415 4909 5784 6659 7343 8217 9092 9662 10270 11335
2537 2978 3264 3550 3969 4850 4894 5400 6105 6611
1261 1526 1581 1978 2088 2408 2463 2859 2948 3223
2625 2802 3154 3617 4321 4652 5224 5334 5753 6171
5642 6868 7848 8387 9564 10495 11525 12309 13044 14025
2625 2647 3286 3705 4277 4431 5048 5554 6105 6369
4087 4087 5414 5993 6129 7353 8136 8544 9361 9837
5143 5959 7400 8169 8841 10426 10666 12010 13259 13547
2975 3732 4264 4488 5301 6142 6394 6786 7319 8019
3067 3998 4538 5379 5919 6009 7000 7720 7870 8831
1807 2528 2870 3231 3357 3916 4114 4582 4835 5267
4287 5368 5688 6689 7329 8810 9130 9850 10451 11251
2743 3200 3680 3896 4569 5266 5650 5986 6611 6779
1435 1870 2024 2304 2655 3090 3090 3594 3847 4127
2839 3344 3560 3920 4401 5218 5722 5890 6371 6971
2527 3176 3632 4137 4569 4978 5458 5914 6395 6755
2950 3274 4301 4409 5031 5652 6301 6814 7301 7922
5446 6672 7260 7995 9270 9956 11084 11819 13339 14662
3115 3535 4264 4993 5413 5889 6730 7066 7543 7963
1792 2132 2694 2916 3409 3477 4056 4362 4703 4839
5671 5815 7640 8361 9225 10089 11434 12298 13019 13883
1129 1383 1625 1824 2044 2331 2639 2672 2926 3289
1945 2649 2915 3410 3638 3999 4342 4703 5141 5673
1751 2216 2504 2649 3049 3225 3706 3882 4235 4731
5527 6440 7208 7832 9081 9945 11530 12202 12971 14315
3538 4430 4991 5487 6147 6940 7270 8062 8888 9548
2652 2836 3619 3780 4218 4724 5277 5875 6106 6773
4147 4327 5300 6309 6777 7606 8254 9262 9371 10559
1291 1616 1844 1928 2217 2638 2722 3022 3203 3407
1528 1671 2062 2127 2544 2648 3039 3390 3443 3703
1741 2201 2728 2728 3324 3716 4022 4141 4448 4924
4350 5899 6501 7147 7749 9427 9556 10459 11191 12868
5719 6104 7208 7688 9273 10234 10714 11914 12827 13643
3577 4530 5176 6061 6537 7081 7932 8714 9021 9973
4047 5488 5648 6969 7369 8770 9090 9850 11211 11931
4687 5195 5468 6287 7731 8512 8785 9526 10190 10931
4327 4927 5768 6528 7889 8450 9170 9810 11131 11771
4491 5100 5632 6659 7191 8027 9016 9700 10042 10879
4767 4927 5768 6448 7849 8249 9330 10250 10531 11331
1607 2200 2408 2793 3017 3498 3626 3866 4315 4667
4479 5468 6243 7319 8566 9212 10115 10846 12051 12223
1747 1928 2378 2453 2859 3129 3505 3910 4031 4211
4436 6028 6372 7491 8609 9426 10072 11190 11707 12481
1561 1870 2066 2290 2781 3090 3300 3580 3791 4099
1239 1471 1625 1813 2099 2375 2463 2694 3003 3102
3713 4189 4768 5959 6571 6877 8034 8680 9361 9565
3643 4724 5768 6489 6561 7750 8290 8830 9803 10199
3901 4364 5123 5850 6246 7171 7633 8425 8921 9317
4653 6080 7230 7645 8795 9439 10912 11050 12477 13351
1860 2252 2439 3035 3137 3460 3954 4243 4635 4958
2268 2439 2972 3238 3695 4094 4399 4836 5064 5597
1327 1688 1928 2013 2289 2457 2770 2962 3203 3479
5047 6128 7118 7523 9009 9279 10585 11395 12566 12791
3081 3981 4532 4852 5403 5983 6854 6970 7841 8276
5113 5849 6724 7783 8841 9439 10636 11280 12615 13673
3966 4892 5706 6632 7076 7853 8853 8927 9964 10556
2268 2401 2858 3105 3638 4094 4532 4741 5312 5692
2427 2845 3176 3903 4409 4409 5290 5642 6039 6545
1945 2439 2858 3296 3676 4152 4494 4760 4988 5692
3577 4564 5176 5516 6673 7388 7898 8714 8918 10041
5642 5985 7260 8829 8976 10496 10790 12456 12996 14515
4609 5312 6092 6990 7380 8511 9058 9838 10540 11516
2107 2628 2968 3329 3749 4090 4430 4890 5211 5891
2059 2573 3029 3219 3733 4056 4285 4703 5331 5407
3655 4103 5128 5288 5961 6729 7370 8234 8491 9451
1387 1580 1724 1964 2313 2590 2722 2974 3239 3527
3217 3938 4598 4898 5529 6430 6640 7810 8381 8831
4795 5762 6392 7233 7611 8745 9376 10846 11351 12611
1541 1776 1932 2166 2375 2805 3117 3182 3547 3690
2275 2759 3368 3431 4041 4272 4966 5218 5660 5891
3607 3877 4358 4838 5829 6610 7030 7450 8171 8831
5021 6034 6448 7875 8795 9624 10728 11464 12293 13213
4297 5156 6209 6795 7068 8356 9253 9643 10346 11516
1945 2337 2694 3001 3239 3511 3852 4260 4532 5111
5143 6392 6920 8073 8985 9898 10570 12058 12779 14075
1863 2200 2424 2825 2905 3241 3626 3882 4251 4539
2078 2325 2820 3124 3790 4057 4551 4627 5065 5673
1327 1580 1700 2133 2253 2505 2650 3094 3335 3539
3166 3382 3788 4626 5382 5896 6274 6571 7274 7922
4247 4927 5808 7089 7849 8329 9490 9970 10771 11571
2021 2382 2763 3105 3790 4019 4513 4817 5046 5483
3747 4189 4836 5584 6571 7218 7898 8748 9361 9837
3373 4099 4661 5553 6411 7270 7732 7930 8855 9515
3427 3847 4718 5049 5889 6099 6700 7360 8231 9011
4807 6296 6920 7977 9129 9657 10618 11962 12491 14411
4111 5048 5660 5876 6561 7642 8002 8938 9587 10487
2581 2735 3242 3793 4233 4850 4872 5444 6039 6215
2135 2573 2839 3353 3733 3961 4399 4836 4950 5464
2167 2467 2968 3349 3649 4210 4750 5191 5591 5651
1399 1604 1724 1952 2181 2566 2758 2986 3323 3575
4795 5552 5930 7191 8115 8745 10048 10216 11561 11939
4507 5948 6893 7749 8829 9865 10495 10900 12431 13106
4447 5248 5808 7169 7569 8369 8810 10290 11011 11411
1476 1606 2088 2140 2609 2713 2896 3273 3651 3664
4459 5636 6476 6981 8031 8409 9334 10720 11309 12611
1127 1358 1578 1608 1849 2019 2400 2530 2791 2811
3715 4976 5156 6165 6741 7894 8074 9334 9695 10775
1639 1991 2328 2841 3145 3498 3690 4122 4459 4539
3559 4168 4712 5769 6121 6409 7114 8234 8555 9419
2002 2497 2877 3353 3809 4037 4247 4760 5255 5692
1507 1867 2258 2694 2874 3234 3565 3880 4151 4391
3220 3437 4328 4491 4950 5517 6112 6517 7112 7598
4127 5007 6128 6729 7689 8169 9370 10250 11131 11851
4492 4921 5780 6912 7380 7926 9097 10072 10424 11711
5691 5985 6868 8780 8829 10790 10790 12653 13388 13878
2002 2402 2687 3144 3714 3885 4323 4894 5008 5673
3187 3607 4478 4899 5889 6250 7150 7360 8051 8471
3495 4039 4552 5609 6377 6633 7050 8010 8811 9291
2023 2185 2672 2979 3429 3663 4204 4366 4943 5411
4063 5117 5585 6717 7614 7887 8941 9721 10580 11321
1777 1913 2243 2438 2904 3009 3535 3715 4001 4496
1767 1943 2376 2761 3097 3482 3530 3962 4219 4715
4707 5977 7058 7999 8563 9645 10820 11619 12325 13500
1831 2216 2520 2793 2889 3369 3850 3994 4411 4635
3340 4000 4958 5718 6246 7105 7732 7930 9020 9581
2030 2269 2422 2881 3375 3494 3920 4277 4703 4992
4063 5195 5468 6444 7458 8473 8629 9409 10151 11243
3835 4562 5024 5321 6345 6642 7468 8491 8723 9383
3007 3757 4808 5049 5679 6279 7060 7300 8261 8801
3220 3437 3977 4436 4896 5788 6490 6517 7463 7625
5557 6508 7058 8859 9259 10510 11360 13011 13311 14111
3441 4394 4768 5755 6265 7252 7524 8749 9225 9633
1372 1619 1997 2101 2583 2701 2909 3260 3573 3729
3307 4000 4727 5355 6378 6775 7633 8459 8954 9449
1672 2018 2213 2453 2874 3220 3490 3850 4181 4301
2782 3283 3933 4083 4859 5309 5785 6435 6686 7386
1399 1567 1916 1964 2397 2517 2758 3106 3299 3431
4956 6329 7603 8290 9123 10005 10986 11868 13486 13927
3815 4496 4904 5959 6129 7422 7728 8612 9259 9905
4407 5088 6048 6408 7289 8610 9330 10251 10491 11251
1528 1776 2036 2153 2557 2778 3117 3234 3625 3820
4907 6230 7211 8191 9711 10397 11770 12701 13535 13878
2491 3113 3481 4149 4241 4909 5116 5944 5990 6773
2207 2868 3242 3572 4211 4542 4982 5599 5863 6479
4459 5257 5930 7023 8031 8787 9544 10846 11771 12149
4039 4543 5516 6453 7029 7353 8326 9298 9947 10127
2863 3104 3488 3992 4473 4953 5722 5938 6395 7115
3959 4719 5480 6583 7001 8256 8370 9510 10233 10993
3604 4264 4892 5850 6609 7071 7666 8491 9185 9911
1507 1973 2198 2544 2949 3069 3325 3775 4136 4481
2599 3200 3392 4305 4329 5170 5314 5818 6491 6803
2173 2630 2858 3239 3676 3828 4247 4741 5122 5407
5317 5858 6713 7749 8424 9369 10585 10855 11756 13511
2380 2611 3284 3579 3978 4546 4924 5302 5828 5891
3547 3637 4568 5349 5799 6309 7120 7540 8261 8681
2863 3760 4096 4628 5273 6114 6590 7122 7683 8215
5287 5331 6564 7577 8325 8941 10218 11406 12023 12859
4183 4435 5372 6057 6741 7317 7930 9371 9551 10307
4807 5368 5768 6408 7649 8529 9370 10130 10851 11891
3507 4522 5153 6169 6799 7219 8410 9075 9215 10441
4291 4616 5120 6489 7029 7569 8038 8794 9875 10163
2707 3545 3869 4707 5274 5598 6004 6949 7409 8003
3822 4873 5363 5888 7009 7464 8270 8935 9250 10161
3277 4148 4538 5199 5979 6009 7060 7540 8081 8651
3997 5290 5898 6317 7495 7913 8522 9586 10119 10727
5459 6024 6964 7811 8563 10209 10585 12183 12278 13829
1140 1515 1757 1890 2000 2308 2540 2782 2926 3245
1897 2293 2654 3195 3591 3825 4222 4348 5051 5249
1477 1800 2094 2262 2795 2823 3314 3594 3763 3959
4147 4471 5192 6056 6705 7858 8254 9190 10091 10631
5287 5287 7048 7797 8501 9690 10174 11054 12067 13079
4891 5992 6432 7268 8721 9382 10218 10922 11715 12375
2506 2948 3221 3389 4188 4398 4882 5197 5597 6017
1219 1495 1880 2097 2205 2529 2842 3130 3311 3419
1411 1532 1736 1964 2373 2590 2686 3107 3191 3395
4681 5297 6035 6609 8209 8332 9563 9932 10671 11737
2919 3622 3856 4377 5131 5261 5912 6406 6771 7317
2431 3056 3680 3969 4617 4857 5530 6154 6275 7163
2815 3680 4247 4572 5139 5707 6166 6814 7220 7706
4407 5948 6828 7929 7929 8853 9778 11362 12331 12595
4522 5253 6630 7276 8265 8609 10330 10889 11363 12051
2491 3021 3481 3896 4425 4724 5116 5622 6198 6612
5789 5936 7799 8290 8976 9858 11378 12407 13486 14613
4151 5114 5225 6336 6706 8076 8224 8890 10297 10963
3807 4910 5708 6735 7191 8028 8560 9586 10651 10879
2891 3788 4068 4937 5161 6002 6646 7262 7290 8411
3085 3274 3842 4761 5274 5679 6463 6625 7112 7922
2247 2507 2868 3449 3749 4290 4770 5050 5591 5631
1087 1328 1478 1618 1839 2029 2410 2601 2771 2831
2839 3248 3656 4160 4737 5049 5722 6226 6731 6755
4491 4567 5366 6240 6887 8294 8636 9777 10309 10993
4447 5087 6368 7089 7529 8009 9050 10050 10651 11811
2097 2440 2687 3429 3448 4171 4209 4684 5217 5578
4188 4929 5669 6299 6706 7409 8372 9334 9631 10889
4995 5296 6630 7146 8222 8867 9728 11190 11836 12825
5287 5287 6168 7841 8633 9029 9734 11098 11495 12507
2095 2456 2726 3068 3411 3915 4294 4564 4925 5357
3883 4462 5414 5755 6435 7184 7592 8170 9293 9735
3407 4224 4904 5687 6265 6911 7762 8510 9259 10007
5527 6536 7112 7929 9273 9705 10570 11626 12539 13595
4848 5835 7293 8046 8892 9833 11290 11290 12842 13218
3373 4397 4925 5784 6411 7171 7897 8392 8722 9713
4707 5836 6588 8469 9080 9692 10538 11666 12607 13312
2527 2822 3242 3389 3894 4209 4693 5176 5849 6038
4653 5895 7230 8105 8933 10084 10866 11142 12431 13581
3985 4768 5414 5857 6265 6809 7966 8714 9293 9905
2170 2843 3221 3558 4209 4398 4840 5302 5702 5996
3849 4291 4938 5891 6231 6945 8000 8680 8885 10211
4807 6056 6872 7688 9561 9850 11050 11914 12779 14027
3007 3483 3508 4459 4659 5059 5535 6510 6886 7411
4102 5156 5468 6365 7653 7965 9136 9955 10931 11672
1567 1958 2348 2408 2724 3220 3475 3865 4181 4211
2135 2401 2744 3353 3771 3961 4361 4741 5255 5445
1552 2093 2123 2709 2709 3069 3610 3640 4136 4286
3427 3727 4388 5229 5919 6249 6820 7240 8291 8921
2128 2843 3284 3389 4020 4483 4735 5092 5492 6038
5657 6858 7108 8308 9609 10309 11360 12860 13661 14461
1617 1884 2066 2515 2795 2823 3202 3412 3875 4155
1315 1543 1892 2169 2277 2637 2746 3106 3335 3539
5557 6608 7558 8609 9409 10159 11060 12560 13061 14111
2147 2527 3108 3549 3769 4109 4450 5090 5491 5791
2059 2456 2546 3069 3267 3862 4240 4384 4817 5339
1437 1672 2023 2245 2414 2818 2883 3312 3404 3742
4951 5863 7400 7976 9561 10570 10858 11866 13163 13835
2743 2887 3776 3968 4665 5122 5626 6082 6395 7043
4491 5024 5442 6355 7343 7761 8826 9206 10651 10955
5287 6168 7004 7268 8237 9514 9910 10966 11891 12595
3868 4496 5024 5916 5949 6642 7402 8359 9053 9581
2791 3272 3680 3968 4785 5073 5458 5986 6635 7139
2443 2738 3368 3579 3936 4272 4861 5344 5849 5912
1305 1404 1735 1923 2000 2374 2573 2672 3080 3289
5287 5375 7048 7709 7929 9426 10526 11098 11538 12815
5081 5899 6243 7060 7921 9212 10029 10932 11320 12094
3448 4255 4844 5216 6054 6643 7295 7512 8381 9311
2671 3152 3464 3968 4521 5218 5530 6202 6539 7067
3670 4198 4727 5586 6444 7039 7930 8194 8789 9680
4073 4872 5898 6317 7267 7609 8750 9510 10043 10917
3577 4382 5293 5889 6589 7605 7885 8935 9391 10196
1320 1724 1932 2206 2414 2805 2870 3273 3495 3898
1027 1288 1488 1679 1919 2110 2270 2611 2771 2861
5357 6107 7258 8008 9509 10359 12010 12060 13911 14961
6007 6057 7958 8809 9359 10559 11860 12360 13361 14561
5081 5296 6501 7534 8308 9211 9814 10674 11750 12653
5250 6181 6868 8780 8878 10545 11427 12554 13143 14319
1702 1822 2273 2679 2994 3069 3610 3775 4211 4211
1933 2456 2654 2924 3447 3844 4096 4330 4979 5357
5299 6427 7407 8044 8976 10201 11182 12505 12849 14613
3665 4162 4658 5309 5930 6674 7419 8008 8132 9094
3239 3975 4488 5385 6089 6954 7690 8138 8651 9099
2835 3535 4292 4853 5441 5974 6590 6786 7739 7963
2207 2934 3396 3572 4233 4586 4872 5422 6083 6369
4642 5587 6668 7884 9009 9144 10765 11440 12251 12746
4297 5351 5975 6639 7224 8590 8629 10150 10307 11048
3927 4698 5153 6029 6344 7394 8305 8445 9706 10441
3313 3807 4474 4677 5809 6012 6825 7434 7696 8218
5757 6808 7208 8508 9159 11010 11810 13010 13110 14761
1385 1594 1880 2089 2557 2622 2948 3313 3482 3651
4767 5488 5648 6608 7969 8249 9610 9650 10971 11771
2807 3479 4348 4881 5441 5861 6478 7290 7515 8131
1552 2003 2108 2619 2979 3265 3385 3745 4121 4376
3247 3545 4328 4680 4950 5463 6085 6625 7193 7679
2485 2906 3200 3726 3915 4398 4714 5281 5597 6248
5412 6070 7481 8375 8751 10020 11102 12136 12230 13641
2005 2474 2798 3195 3375 3735 4276 4384 4726 5267
4608 5253 6028 6931 7964 8609 9986 11148 11793 12911
1987 2203 2798 2979 3249 3826 4024 4330 5051 5249
4291 5089 5888 7317 8157 8830 9670 10132 11015 11771
3097 3878 4598 4838 5889 6099 7000 7360 8111 8771
2832 3408 3708 4459 4609 5435 5785 6110 6661 7411
4694 5425 6415 7534 7878 8781 9470 11061 12051 12438
3744 4632 5891 6373 6743 8150 8372 9408 10260 10852
2997 3284 4064 4168 4793 5235 6146 6510 6849 7551
3611 4598 5040 5891 6299 7422 7626 8612 9361 9973
2633 3179 3882 4273 4689 5209 6016 6615 7161 7577
4912 5948 6488 7343 8334 9099 10720 11215 12296 12926
1775 2115 2541 3035 3154 3716 4056 4175 4703 4941
5318 6494 7058 7905 8610 10115 11055 12042 12560 13359
1450 1737 1906 2258 2492 2779 3130 3130 3417 3664
1184 1526 1548 1790 2154 2220 2595 2860 2970 3168
1372 1789 1906 2180 2544 2700 2974 3130 3560 3833
2950 3626 3869 4761 5085 5436 5977 7004 7247 7922
2455 3104 3512 3920 4809 5050 5434 6058 6443 7067
5287 5287 6740 7621 8369 9646 9778 10702 12111 12727
3262 3945 4379 5341 6023 6333 6985 7729 8691 8939
2950 3491 4004 4355 5328 5950 6436 6679 7328 7787
2353 3228 3251 4034 4195 4609 5185 5991 6152 6704
3781 4768 4768 5823 6163 7013 8136 8306 9293 10211
5807 6858 7058 8809 9409 10910 11010 12410 13311 14461
5389 5573 6448 8197 8933 10083 11004 11924 12661 13811
3127 3878 4268 4898 5499 6610 6790 7811 8021 8831
4951 6392 6968 8457 8697 10426 10762 11962 12587 13787
2997 3492 4168 4533 5001 5339 6120 6276 7109 7785
3283 3676 4068 4656 5357 5861 6562 7094 7599 7907
1642 2033 2258 2619 2814 3024 3430 3820 4196 4256
2135 2440 2725 3106 3448 4076 4209 4570 5027 5502
3655 4135 4840 5737 6121 6697 7306 7754 8971 9579
4951 6200 7448 8601 9417 9945 10762 12106 12827 13691
1450 1763 1945 2101 2362 2766 3039 3260 3404 3742
4393 5425 6759 7448 8394 9039 9900 10330 11750 12653
3802 3967 5057 5949 5949 7138 7600 8227 8789 9746
4336 5078 5702 6482 7692 8434 8590 9994 10190 11672
1926 2440 3048 3277 3714 3885 4437 4684 5198 5502
1339 1544 1724 2109 2301 2493 2890 2938 3143 3527
4207 5568 6048 6688 7729 8049 9330 10410 10851 11811
4435 5050 5912 7266 7922 8209 9112 10014 11122 12147
4353 5543 5830 6897 8086 8209 9030 10096 11491 12147
3634 3727 4968 5403 6023 6581 7171 7853 8536 8784
3283 3479 4348 4937 5357 5637 6730 6758 7711 8047
5506 5694 7105 8046 8939 9880 10585 11572 12842 13312
4597 6308 6893 8064 8514 9820 10495 11575 12025 13016
3342 3923 4619 4996 5751 6390 6767 7434 7666 8189
3335 4039 5064 5609 6217 6794 7114 8106 8395 9611
5081 5253 6028 7190 8265 9341 10072 10889 11363 12610
1702 1973 2318 2513 2844 3069 3520 3865 4076 4316
4681 4927 6117 7348 7717 8743 9522 9973 11163 12147
5506 5930 6729 8328 8845 9833 10538 12137 12325 13312
2532 3308 3583 4084 4584 5060 5535 6085 6536 7512
2815 3545 4058 4463 5112 5950 6220 6490 7247 8057
3572 4224 4689 5558 5961 6520 6861 7512 8164 8691
4040 4707 5299 6669 6854 7520 8409 9149 9705 10408
2647 3200 3824 3944 4377 5002 5650 5938 6251 6899
2659 3518 4038 4350 5027 5209 6250 6770 7083 7447
2338 2717 3095 3642 3831 4378 4819 5113 5513 6206
1424 1698 1958 2088 2401 2622 3104 3130 3651 3651
3507 4312 5118 5608 6939 7254 8410 8970 9671 10161
4339 5062 5898 6469 7001 8065 8712 9472 10271 11373
3634 4131 4534 5061 6178 6302 7295 7884 8226 9249
2327 2768 3008 3409 3649 4270 4510 4990 5411 5631
3547 4208 4808 5259 5439 6249 7000 7750 8051 8621
4951 6728 7640 8169 9465 10041 10618 11578 13163 13691
3007 3358 3508 4159 4684 5034 6010 6160 6711 7336
2247 2708 2948 3208 3929 4250 4570 4910 5251 5711
3868 4066 4727 5619 6114 6675 7435 8227 9119 9779
3168 3691 4213 4648 5490 6245 6506 7347 7957 8305
4795 5678 6308 7527 8115 8577 9460 10846 11729 12233
5642 6083 7015 8290 9809 10103 11231 12309 13192 14025
1077 1238 1538 1759 1829 2070 2220 2410 2651 2811
1184 1449 1625 1824 2132 2364 2639 2771 2882 3091
4451 6124 6212 7929 8105 9470 10174 10658 11539 12903
1243 1688 1820 2145 2385 2601 2842 2914 3311 3551
1157 1408 1488 1628 1819 2069 2250 2450 2661 2941
4648 5195 5819 6443 7185 8043 9214 9877 10268 11243
5036 6541 7152 7669 9362 10256 11243 12136 12465 13500
4271 5296 6568 7348 7963 8537 9645 10342 11409 11983
2815 3492 3830 4272 4715 5600 6224 6302 7057 7811
4583 5816 6784 7048 8369 9249 10526 11010 11891 13035
4791 6034 6770 8289 9071 9992 10406 11142 12753 13489
3127 3622 4116 4506 5183 5443 6120 6770 7030 7317
2882 3057 3683 4234 4559 5034 5985 6210 6861 7461
3458 4068 4648 4793 5403 6390 6970 7144 7724 8624
3967 4435 5408 5876 6957 7425 8218 9226 10091 10235
2977 3355 4139 4328 4977 5490 6436 7031 7139 8057
2744 2928 3550 3826 4517 4632 5139 5553 6405 6842
2173 2611 2801 3048 3619 4038 4285 4684 4970 5445
2401 2927 3011 3726 3957 4609 4924 5260 5575 6185
4927 5009 6117 6568 8004 9030 9563 9973 10835 12147
2682 3108 3683 4033 4834 5084 5760 6486 6586 7086
3647 4803 5573 5643 6449 7079 8235 8655 9461 10126
1582 1913 2213 2514 2994 3129 3595 3730 3956 4376
3604 4562 4958 5817 6279 7105 7402 8557 8756 9317
4699 6172 7000 8059 8703 9716 10176 11464 12293 13673
2734 3355 4193 4545 4896 5869 6463 6895 7139 7922
5575 6632 7352 8313 9177 10089 10666 11818 12923 14267
1554 1711 2088 2167 2479 2622 3117 3195 3443 3651
4517 5338 6281 6855 7512 8743 9645 10014 11368 11983
3138 4286 4441 5310 5806 6333 7357 7574 8319 9218
3284 3865 4097 4997 5229 5896 6767 7376 7986 8711
1423 1471 1712 2157 2253 2445 2686 3070 3167 3527
4263 5024 5670 6393 7077 7761 8484 9358 9967 11411
5740 6770 6868 7897 9564 10300 10790 12702 12947 14172
2559 2779 3352 3903 4233 4585 4850 5466 5907 6611
2515 3066 3484 3572 4123 4519 4916 5709 5797 6281
1502 1606 1867 2141 2609 2648 2922 3208 3417 3716
3313 3574 4300 4910 5809 5925 6390 7318 7812 8305
4531 5195 6014 6365 7458 8590 9331 9565 10307 10931
1320 1789 1841 2193 2492 2844 2883 3247 3456 3651
5177 6353 6823 7716 9315 9550 10961 12042 12654 13782
2047 2467 3148 3328 3909 4029 4750 5190 5591 5891
2067 2788 2868 3569 3829 4270 4410 4990 5411 5891
3719 4040 4552 5673 6153 6569 7114 7850 8619 9323
3335 4360 5032 5513 5865 6794 7242 7850 8939 9195
5095 5863 7592 8649 9273 10426 11434 11626 12683 13499
5287 6680 7448 8024 9513 9657 11146 11626 13403 14315
2173 2668 2972 3220 3524 3809 4399 4646 5293 5502
1272 1537 1735 1922 2110 2319 2606 2793 3080 3267
4567 5024 5442 6354 7457 7723 9130 9434 10651 10727
2807 3395 4236 4685 5385 6086 6226 7207 7683 7963
2273 2758 3088 3705 4145 4608 4916 5290 5797 6391
4951 6344 7016 8553 8889 10282 11098 11722 13211 14171
4336 5312 5468 6795 7770 8121 8902 10111 10150 11282
3751 4327 5336 6453 6849 7425 8146 9046 9767 10739
4415 4872 5328 6507 7267 7837 8636 9206 10499 10689
5251 6448 7092 7875 8289 9209 10314 11096 12615 12937
4187 4986 5936 6431 7153 8218 8598 9244 10575 10689
1597 2108 2393 2709 2889 3114 3400 3910 4211 4211
1228 1327 1658 1879 2055 2231 2584 2860 3025 3113
4845 5297 5871 6979 7471 8825 9030 10588 10999 12065
5182 6308 6668 7568 8739 9099 10180 11665 12521 12656
2657 3007 3908 4309 4559 5109 5710 6110 7011 7436
4527 5128 5688 6689 7449 8770 8930 10010 11051 11691
4879 5636 6434 7485 7947 9208 9880 10132 11435 11771
1507 1852 2303 2574 2889 3145 3595 3745 3956 4376
2557 3508 3733 4359 4684 5084 5835 6310 6836 7086
2268 2420 2915 3429 3619 4056 4532 4741 5102 5673
5239 6007 6968 8553 8745 9897 11290 11674 13259 14411
1027 1368 1488 1759 1829 2180 2210 2440 2801 2811
4447 4887 6128 6929 7409 8570 9610 9730 10611 11451
3787 4652 5696 6237 7029 7822 8398 8722 9587 10343
4803 5287 6256 7885 8545 9602 10042 10614 12199 12815
5527 5527 6448 7645 8703 9946 10452 11556 12385 13121
2273 3000 3330 3881 4321 4541 5136 5356 5973 6281
5107 6758 7608 8259 9659 10309 11210 12110 13661 14661
5167 5641 6759 7405 8308 9298 9513 10803 11836 12266
4172 4593 5293 5889 6414 7675 7885 8410 9216 10511
4436 5727 6888 7448 7792 8824 10201 10631 11621 12696
2835 3619 4488 4516 5497 5833 6702 7290 7683 8243
1399 1447 1928 2049 2349 2421 2770 3058 3203 3383
1327 1555 1748 2073 2409 2457 2890 3010 3287 3491
1717 1852 2333 2679 2814 3039 3505 3910 4091 4211
4436 5942 6329 7319 8523 8910 10072 10975 11190 12438
3340 4364 4793 5354 6576 7005 7732 8524 9020 9647
4067 4768 5503 5713 6344 7605 7780 8865 9496 10371
1552 2018 2393 2423 2934 3160 3430 3625 4001 4211
3239 4232 4808 5737 6409 6601 7146 8202 8330 9515
4312 5174 5953 6897 8168 8620 9071 10055 11491 11819
1617 1968 2150 2431 2781 2893 3216 3580 3763 4099
3247 4148 4478 5019 5409 6400 7060 7450 8201 8741
1327 1616 1916 2145 2313 2650 2686 2962 3311 3443
4247 5208 5848 6568 7889 8369 9410 10050 10531 11971
4711 5678 6476 7275 8031 9250 10006 10258 11519 11813
1703 2024 2312 2761 2889 3498 3706 3866 4395 4683
4694 5253 6071 7448 8179 8911 9857 10545 11449 12524
3127 3310 4090 4168 4923 5391 5782 6354 6823 7681
4207 5608 5768 6889 7209 8570 9050 10410 10971 11851
2267 2527 3048 3509 4009 4390 4570 5130 5611 5751
1655 2072 2360 2873 3017 3370 3530 4026 4299 4619
4350 5425 6458 7706 8609 8738 9986 10846 12008 12266
5397 6034 6868 8584 8878 10447 11525 11868 13094 14613
2027 2648 2888 3569 3749 4049 4510 5091 5291 5651
5307 6558 7608 8158 9359 10960 11910 12760 13561 14061
1017 1257 1568 1628 1889 2210 2380 2510 2791 2851
1751 2023 2456 2761 2937 3466 3706 4138 4347 4507
4803 5419 6256 7533 8281 9250 10526 10658 12243 12595
4845 5297 5871 7348 7676 8907 9030 9891 11327 12311
1255 1544 1892 1988 2181 2626 2866 3034 3359 3395
1387 1531 1796 2060 2289 2457 2854 3118 3371 3599
2247 2728 3028 3589 3889 4169 4750 4970 5351 5751
3802 4198 4991 5387 6312 6741 7831 8227 9119 9878
3883 4495 5244 6095 6673 7421 7660 8714 9020 10211
5287 6728 7544 8505 9609 9705 10954 11578 12683 13451
1107 1217 1428 1799 1949 2019 2220 2611 2711 2881
4453 4795 5480 6355 7115 7990 8408 9510 10537 11107
3713 4598 5312 5857 6333 6911 7796 8476 9429 9531
2867 3544 4012 4689 4689 5235 5860 6380 7291 7785
4447 5368 6208 6608 7489 8770 9530 9930 10651 11291
3612 4417 5573 5678 6659 7114 7780 9110 9706 10476
4642 5903 6308 7298 8244 9820 10765 11305 11936 13016
5527 6680 7208 8120 9369 10089 11146 12442 12490 13883
2659 3414 3830 4585 4923 5626 5808 6640 6979 7343
3815 4232 4904 5513 6409 6505 7562 7690 8619 8971
3277 3998 4208 5379 5469 6249 7030 7240 8111 8951
1363 1676 1892 1977 2217 2469 2710 3034 3179 3383
5557 6007 7658 8208 10009 10960 11060 12510 13961 14461
3231 3727 4813 4999 5744 6302 7450 8071 8288 9156
2247 2407 2968 3569 3729 4330 4610 4870 5251 5871
3547 3667 4748 5139 5499 6610 6910 7210 7961 8681
2107 2885 3011 3663 4083 4230 4966 5449 5828 5933
5623 5815 7016 7929 9129 10138 10858 11770 12635 14267
3397 3607 4328 4808 5799 6610 7180 7510 7961 8621
1672 2018 2408 2694 2844 3205 3400 3700 3941 4316
1411 1688 1856 2049 2241 2445 2758 3058 3263 3539
4801 6541 6776 8093 8892 9691 11055 11290 12278 13735
2135 2611 2763 3353 3790 3961 4551 4570 4970 5388
2757 3258 3908 4184 4684 5460 5610 6110 6636 7386
4151 5040 5743 6336 7298 7520 8631 9519 10186 10519
3101 3518 3830 4507 4923 5548 5964 6328 6875 7395
4694 5641 6673 6888 7749 9341 9857 10545 12008 12266
2431 3368 3584 4065 4401 5194 5626 5890 6467 6899
4353 5420 5748 6979 7922 8661 9850 9891 10835 11860
5199 5375 6696 7312 8193 9029 10526 10878 11979 12815
3929 4855 5336 5966 7002 7483 8372 9335 9742 10556
2307 2407 2928 3369 4009 4129 4690 4870 5371 5951
1877 2047 2456 2950 3256 3665 3767 4346 4448 4873
4754 5977 6635 8469 9409 9832 10726 11572 12889 13500
3845 5328 5442 6507 7609 7913 8522 9206 10043 11221
4407 5528 5728 7089 7889 8409 9370 10050 10571 11451
3087 3760 4208 4965 5301 5805 6254 7178 7599 8411
2557 3208 3658 4259 4934 5335 5535 6385 6786 7361
4262 4521 5521 6632 6817 7891 8705 9001 9927 10556
4694 5598 6415 6888 8222 9040 9599 10975 11836 12438
4552 5948 6758 7433 8829 9730 10405 11260 11756 13511
1815 2088 2296 2632 3081 3289 3738 4122 4411 4555
2249 2287 2782 3220 3695 4152 4551 4608 4989 5445
2782 3057 3533 4209 4584 5310 5685 6436 6511 7336
5557 6758 7658 8859 9909 10259 11160 12060 13211 14511
4067 4207 5153 6169 6589 7324 8235 8620 9356 10406
1250 1460 1592 1857 2055 2242 2485 2826 3080 3201
1792 1913 2138 2454 2844 3055 3310 3776 3956 4211
1283 1382 1592 1868 2088 2375 2650 2705 2882 3146
2893 3335 4168 4585 4923 5443 6198 6302 6901 7551
2353 3182 3366 3965 4540 4747 5208 5530 6221 6865
3967 4331 5255 5751 6477 6609 7600 8491 8723 9284
4804 5748 6404 6650 7717 8537 9112 10301 11368 11778
3611 4700 5278 5959 6231 7013 7490 8408 9531 9769
1672 1822 2168 2559 2949 3205 3415 3760 4106 4466
1792 2286 2422 3018 3222 3528 3750 4243 4686 5009
4597 6128 6578 8109 8649 9324 10720 10945 12521 12701
4035 5176 6088 6545 7305 8141 8370 9890 10157 11183
2863 3535 4292 4713 5385 5693 6450 7206 7487 8271
3429 3778 4155 4677 5316 6361 6651 7028 7609 8624
4687 5542 6803 7299 8469 9325 10405 10900 12116 13151
5023 5507 7004 7224 8633 9293 9778 11098 12067 13035
4148 5215 6240 6938 7471 8989 9071 9932 11122 12229
5038 5856 6071 7146 8007 9341 9642 11018 11578 12868
5159 5941 7368 7368 8933 9577 11004 11602 12707 13627
3367 4264 4872 5449 6057 6505 7690 8138 8555 9291
2603 2934 3176 3704 4079 4695 5180 5642 5885 6567
2711 3466 4012 4689 4975 5730 5912 6640 7057 7733
3703 4463 4694 5949 6147 7105 7633 7996 8888 9746
3303 4488 5096 5256 6057 6665 7370 8298 8683 9259
3200 4224 4596 5341 5682 6737 7016 7605 8412 8877
1315 1616 1868 1940 2301 2469 2890 2902 3347 3467
4024 4922 5819 6639 7536 8473 8707 9643 10463 11360
3787 4242 5433 5784 6414 7325 8095 8690 9391 10406
2173 2420 2820 3162 3562 4133 4551 4836 5312 5502
3542 4207 5153 6309 6484 7289 8410 9111 9146 10056
2782 3358 3708 4309 4784 5259 5835 6235 6886 7211
3427 3697 4388 5379 5799 6099 6910 7450 8261 8441
3868 4595 4892 5685 6114 6642 7270 7963 8756 9647
2107 2568 3068 3569 3649 4390 4430 5070 5271 5891
4522 5210 6587 6888 7878 8910 10244 10631 11965 12782
4436 5727 6888 6888 8480 8953 9986 10846 11965 12739
1363 1688 1760 1928 2361 2566 2830 2950 3167 3443
4570 4999 6170 6482 7224 8590 9175 9721 10814 11243
4907 6721 7358 7897 9711 10005 11721 12260 13584 13780
3807 5100 5632 6469 7115 8028 8864 9662 10005 11145
2338 2590 3116 3389 3999 4546 4735 5239 5660 6311
2455 3296 3560 3969 4713 5074 5290 6106 6467 6875
4907 6819 6966 8339 9221 10349 11329 12260 12849 14368
1996 2116 2558 2814 3103 3443 3869 4346 4431 4822
1964 2478 2687 3143 3733 4095 4513 4950 5274 5502
2422 2717 3137 3516 4188 4209 4693 5092 5618 5954
3907 5312 5702 6366 7146 7809 9097 9487 10307 11087
4585 5804 6686 7233 7779 8409 9460 10510 11435 12065
5365 6212 7199 7763 9315 9409 11149 12230 12324 13594
2532 3333 3933 4183 4884 5309 5860 6110 6961 7436
5887 6476 7750 8240 9515 10495 10790 12309 13339 14368
1672 1927 2228 2694 2949 3234 3565 3880 4046 4211
1279 1519 1748 2169 2349 2626 2662 2986 3239 3455
3037 4208 4538 5349 5739 6490 6940 7300 7991 9011
1272 1382 1691 1823 2022 2320 2518 2650 3069 3256
4137 4557 5608 6239 6484 7464 8235 8690 9566 10301
3637 4529 5189 5453 6246 6840 7468 8392 9152 9746
1327 1543 1712 1940 2313 2602 2866 3070 3359 3503
3577 4733 4943 5924 6484 7465 8095 8865 9321 10161
1047 1388 1478 1809 1899 2160 2230 2490 2651 2931
4848 5694 7340 8281 9080 9503 10820 11713 12795 14017
4137 4207 5503 6134 6659 7640 7780 8760 9426 10371
3283 3564 4208 4544 5357 6170 6450 6954 7375 7991
4327 5328 5728 6448 7529 8330 9050 9650 10531 11851
3845 4834 5594 6811 7495 7723 8484 9130 10157 11411
4607 5528 6288 7089 7729 8249 9330 9770 11131 11491
4301 5290 5708 6735 7571 7951 8408 9548 10004 11183
2251 2779 3330 3859 4167 4718 5246 5576 6061 6303
1047 1207 1608 1658 1809 2210 2330 2520 2751 2951
1831 2007 2360 2697 3193 3514 3674 3930 4203 4523
4148 5092 5830 7020 7922 8251 9194 10055 11122 11491
3577 3637 4268 5229 5949 6610 7150 7540 8411 8681
6007 6858 7758 8408 9209 10659 11460 12160 13961 14461
1162 1349 1702 1802 2000 2231 2452 2805 3080 3091
4653 5757 7368 7737 8335 9762 10590 11556 12615 13075
4558 5379 6158 6691 7922 8784 9276 10260 11491 11901
5691 6721 7358 8093 9025 10250 11427 12358 13094 13976
4989 6400 6588 8281 9221 10162 10820 12183 12983 13547
4003 5077 5336 5965 7150 7483 8816 9260 9890 10519
1561 1827 2248 2515 2585 3005 3188 3622 3847 4155
2296 2906 3074 3747 3894 4567 4777 5470 5597 5912
1399 1568 1820 1952 2241 2529 2806 2998 3287 3503
3284 3662 4561 4881 5577 5983 6680 7057 7870 8160
3007 3358 3508 4183 4909 5384 5660 6385 6986 7511
1140 1548 1658 1945 2033 2319 2463 2716 3025 3267
3458 3545 4068 4997 5490 6071 6448 7028 7667 8450
4687 6128 6893 7929 8424 9369 10765 11710 12386 13511
5054 6329 7750 7995 9662 10103 10839 12211 13290 14711
4087 4768 5074 5925 6129 6809 8000 8714 9395 9769
5111 6168 6344 7268 8325 9382 9690 11230 12067 12683
3670 4298 5090 5586 6213 6675 7798 8557 8723 9548
5239 6488 7400 7784 9561 10570 10618 12010 13211 14171
1463 1593 2075 2310 2401 2726 2883 3299 3599 3859
3744 4484 5225 6151 6817 7780 8520 9112 10260 11037
2767 3008 3608 3896 4737 4905 5506 6010 6419 6755
2744 3090 3435 3849 4264 4839 5277 5921 6106 6750
4149 5328 5556 6126 7305 7952 8408 9320 10309 11069
5152 6132 7260 8339 9123 10496 10986 12652 13388 14515
4567 5328 5518 6430 6849 8142 8484 9662 10499 11183
4339 5138 6012 6430 6887 8065 8978 9510 10233 11107
5005 6181 7064 8731 9711 9907 10937 12554 13094 14564
3169 4255 4534 5589 5930 6457 7264 7729 8474 8722
4607 5368 5688 6408 7569 8570 9210 10090 10611 11491
2506 2948 3242 3494 4188 4314 4798 5050 5618 6290
5507 6407 7708 8058 10009 10860 11610 13010 13861 14461
3101 3179 3934 4507 4923 5573 6198 6614 7291 7447
1724 2081 2473 3069 3239 3682 3988 4362 4771 4941
3612 4453 5258 5784 6414 7220 7850 8690 9321 10441
3458 3923 4561 5200 5345 5983 6593 7405 7608 8305
2657 3107 3733 4309 4759 5385 5835 6335 6836 7211
5002 5678 6398 7659 8649 9144 10495 11170 11936 13241
5239 6103 7496 7928 9225 10377 11482 12394 13307 14171
3603 3758 4813 4999 5589 6799 7140 7574 8257 9125
2815 3179 4116 4611 4741 5418 5834 6250 7083 7473
5083 6212 6917 8046 8845 9927 10961 11478 12842 13171
3417 4224 4720 5217 5992 6209 6954 7543 8505 9280
3371 3748 4155 5113 5548 6099 6767 7521 7957 8682
4780 5426 6114 7706 7792 8781 10029 10803 11191 12180
3220 3734 3869 4355 5085 5733 6409 7003 7463 7895
3406 4430 5222 5718 6543 7138 7369 8227 8789 9251
3966 5151 5706 6484 6965 7927 8631 9408 9778 10704
5838 5936 7211 8682 9368 10594 10986 12407 13290 14515
4599 5173 6568 6609 8004 8414 9317 10547 10835 11614
1687 2093 2153 2634 2739 3009 3580 3880 4001 4286
1623 1959 2360 2649 3193 3209 3530 4123 4475 4699
2339 2868 3418 3815 4101 4453 5114 5554 5775 6369
2907 4039 4532 4706 5751 6157 6622 7405 7899 8479
3337 3607 4538 5289 6009 6519 6880 7630 8201 8981
4837 5720 6602 7485 8073 8998 9754 10174 11267 11771
3003 3900 3984 4909 5413 6170 6674 6758 7683 8299
3031 3653 3923 4328 5328 5950 6112 6571 7436 7841
3417 3851 4596 5061 6023 6643 7450 8039 8629 9125
1775 2064 2405 2984 3409 3631 3818 4124 4737 5077
2273 2647 3462 3969 4035 4608 4872 5554 5753 6303
1589 1715 2080 2529 2613 2823 3216 3426 3917 4155
3703 4364 5024 5751 6246 6708 7402 8557 8657 9746
1894 2115 2728 2898 3171 3664 4090 4362 4669 5043
3458 3836 4445 4822 5577 6361 6970 7057 7783 8131
5691 6868 7309 8143 8976 10005 11378 12162 13143 14123
2607 3333 3808 4083 4909 5034 5635 6486 6561 7286
5103 6574 7015 7897 9270 10202 11329 11966 13143 14662
4681 5338 6035 6938 7922 8702 9194 10506 10753 11532
3715 4760 5696 5804 6849 7209 8290 9154 9479 10487
3747 4734 5278 5857 6265 7354 8034 8510 9021 9633
4207 5384 6602 7023 8031 9208 9250 10594 11015 12191
5575 6152 7256 7929 9177 9657 11050 11626 12539 13739
2275 2843 3242 3789 4146 4335 4693 5071 5807 6311
3559 3847 4552 5256 6345 6954 7146 8234 8971 9547
3472 3967 5189 5883 6015 7237 7732 8326 9152 9350
5054 6328 7407 8682 8976 10692 11770 12603 13045 14368
5191 6296 7352 7784 8649 10282 10810 12250 12827 14171
3059 3872 4264 4993 5273 5665 6422 7122 7711 8047
4570 5390 5858 6404 7653 8277 9058 9721 10775 11126
3823 4471 5624 6237 6561 7642 8434 8938 9623 10235
2789 3466 3726 4351 4767 5339 6146 6693 6901 7343
1687 2033 2258 2649 2889 3250 3340 3880 3925 4241
1207 1278 1498 1789 1929 2019 2250 2420 2681 2921
2273 2934 3308 3859 4365 4850 5202 5686 5752 6413
2380 2822 3158 3558 4062 4588 4714 5092 5492 6269
4149 5100 5594 6583 6849 7875 9092 9396 10385 10765
1703 2168 2472 2873 3081 3498 3658 3866 4379 4651
4127 4927 6048 6488 7569 8209 9210 10291 10651 11891
1463 1968 2052 2318 2697 2865 3202 3538 3861 4043
1897 2275 2744 3213 3447 3844 4312 4384 4817 5249
4127 4887 5608 6568 7969 8650 9010 10250 10811 11651
3510 4069 4813 5123 5899 6830 7016 7853 8412 9249
5271 6165 6588 8140 9221 9597 10914 11760 12419 13876
2307 2790 3320 3965 4471 4978 5461 5760 6244 6796
3157 3697 4808 4958 5739 6520 7090 7780 7810 8741
2647 3224 3800 4089 4473 4977 5626 6106 6275 6875
2338 2716 3221 3600 4062 4545 4945 5302 5786 6122
4583 5684 6872 7797 7973 8809 10130 10702 11979 12727
2599 2959 3800 3945 4617 5170 5554 5914 6275 6827
5435 5757 6862 7691 8933 9670 10406 11556 12661 12891
3007 3333 3658 4008 4734 5360 5835 6085 6511 7211
1303 1483 1856 2109 2325 2590 2890 3034 3190 3551
5047 6296 7400 7688 9561 10090 10618 11914 13211 13595
2127 2588 2928 3489 3909 4089 4670 5090 5411 5931
4495 5684 6168 7093 7973 9602 10086 10570 11627 12727
1541 1737 2075 2245 2466 2844 2987 3234 3390 3898
4507 6308 7028 8064 8109 9730 10270 10900 11756 12836
4287 5007 6288 7089 7249 8129 9490 10330 11051 11411
5506 6306 6870 7857 8845 9597 10585 11854 13124 14111
4207 4417 5538 6309 6624 7710 8060 8970 9425 10021
5600 6541 6823 7575 8657 9974 10444 12231 12372 13171
3463 4392 4488 5449 6185 6922 7594 7754 8395 9003
2743 3055 3680 3944 4761 5194 5770 5842 6563 7019
2537 2998 3320 3942 4448 4885 5277 5783 6290 6819
3901 4066 5123 5354 6477 6906 7732 8293 9086 9482
1435 1483 1700 2025 2397 2493 2650 2914 3359 3527
1239 1448 1757 1978 2154 2286 2518 2793 3014 3234
4073 4948 5328 6621 7533 7837 8446 9700 10081 11259
1047 1267 1508 1648 1899 2049 2400 2600 2791 2871
4879 5257 6140 6938 8157 9250 9712 10216 11645 12485
1741 2235 2473 2916 3341 3648 3937 4090 4754 4941
2251 2779 3374 3859 4365 4762 5268 5356 5818 6611
5287 6036 6960 7092 8017 9161 9778 10922 11759 12859
2789 3622 4012 4324 5209 5313 6068 6744 6953 7343
2857 3158 3708 4184 4509 5360 5960 6085 6511 7436
1807 2438 2798 2996 3249 3970 4240 4438 5033 5357
1522 1898 2243 2469 2799 3295 3490 3715 3926 4391
1554 1815 2075 2114 2609 2609 3000 3299 3612 3781
3744 4929 5854 6632 6891 7409 8520 8927 9964 10778
4732 5542 6308 7974 8739 9324 10810 10810 12116 13286
2599 3032 3392 4257 4713 4809 5482 6058 6683 6755
2893 3622 3960 4402 5183 5626 6094 6302 7005 7603
2207 2846 3264 3947 4299 4497 4894 5576 5885 6501
2267 2728 3128 3529 3689 4149 4590 5050 5551 5811
2147 2407 3088 3249 3629 4350 4510 4970 5391 5611
2647 3248 3800 4113 4377 5121 5626 6106 6611 6947
5159 6402 6862 7460 8473 9577 10636 11418 12431 13397
4855 6296 7064 8361 8697 10282 10714 12299 12923 13499
3429 3836 4416 5113 5606 6070 6593 7057 8131 8131
4753 5047 6518 7191 8409 8493 9376 10678 11099 12485
4599 5707 6199 6568 8127 8578 9276 10629 10753 11942
2647 2691 3220 3595 3969 4497 5290 5400 5973 6193
1398 1789 1828 2258 2349 2818 2987 3299 3651 3820
5272 5903 6488 7208 8964 9189 10270 10900 11981 12926
5307 6808 7558 8559 9459 10009 11710 12510 13161 14161
4255 5012 5660 6092 6741 7569 8362 9154 9695 10163
2647 3320 3776 3992 4377 5098 5386 5890 6635 6923
2936 3952 4474 4648 5287 6361 6912 6970 8131 8450
4258 5000 6209 6405 7068 7848 8590 9448 10892 10931
3277 3697 4418 4808 5919 6610 7060 7480 8081 8891
2027 2688 3148 3349 3869 4370 4510 4910 5211 5931
3634 3882 4658 4968 5961 6830 7109 7884 8505 9094
5021 6034 6586 8243 8933 9577 11004 11740 12477 13029
5239 6296 7256 8649 9081 9657 11338 12298 12779 14075
5740 6133 7358 7996 9711 9858 10937 12113 12996 14123
5593 5936 7211 8192 9613 10251 10790 12162 13094 14466
5575 6584 7208 8457 9321 10329 11146 12010 12682 14123
5838 6132 7554 8192 9172 9858 10888 12113 13094 14613
2127 2427 2868 3569 3689 4230 4590 5050 5451 5691
1575 1968 2024 2459 2809 2949 3160 3426 3903 4085
2005 2294 2780 3069 3339 3681 4330 4402 4871 5105
3931 4832 5732 6201 6489 7353 8290 9370 10019 10127
1567 1958 2348 2679 2889 3235 3445 3805 4151 4226
3023 3807 4155 4823 5258 6216 6709 7551 7899 8566
1582 1807 2408 2619 2724 3175 3415 3865 4076 4391
4230 5666 6158 6979 8168 8619 9522 10178 11491 11655
4451 5287 6344 7181 8149 9250 10526 10702 12331 12727
2606 2859 3274 3688 4471 4632 5116 5783 6405 6704
5647 5647 6870 7763 9174 9409 11149 12183 12748 13547
3143 3788 4124 4629 5161 5805 6534 7094 7543 7907
5435 5803 6954 7552 8611 9255 11004 11050 12385 13719
3751 4832 5552 6021 6597 7822 8146 9226 9443 10307
4669 5468 6434 6897 8199 8451 9334 10132 11141 12233
2893 3622 3674 4273 4819 5261 5990 6562 6823 7577
2127 2668 3188 3228 3809 4029 4550 4990 5411 5651
5707 6057 7358 8058 9859 10810 11910 12610 13711 14761
5021 6126 7322 8151 9117 9209 10498 11280 12845 13029
1783 2008 2296 2601 3049 3273 3770 3946 4379 4491
1777 1807 2183 2619 2919 3265 3595 3775 4121 4391
1717 1958 2273 2559 2919 3205 3550 3670 4106 4286
3665 4286 4968 5030 6054 6209 7016 7605 8381 8908
5177 6447 7528 8469 8798 10067 11196 11384 12889 13782
2493 2889 3440 3660 4255 4695 5048 5686 6105 6545
3815 4768 5006 5652 6707 7421 7966 8476 9429 10211
2041 2239 2654 3231 3357 3699 4006 4510 4853 5285
2047 2507 3088 3589 4009 4269 4590 5030 5451 5971
1843 2286 2728 3035 3188 3664 3988 4277 4430 5111
2455 3128 3560 4185 4569 5073 5554 6130 6707 7163
4436 5942 6802 7491 8480 8609 9642 10588 11578 12696
4963 5426 6224 7359 7905 8661 9502 10216 11183 12233
2682 3057 3658 4109 4659 5335 6010 6110 6511 7261
2317 2691 3110 3881 4299 4806 5202 5686 6083 6281
4149 5062 5860 6164 7077 8370 8978 9320 10651 11145
2675 2975 3366 3988 4241 4839 5415 5783 6359 6681
5335 6680 6920 8505 9561 9945 10714 11866 12587 13499
1567 1711 1893 2179 2531 2765 3065 3195 3534 3898
2603 2890 3198 3660 4387 4497 4982 5422 5951 6523
4148 5009 6363 7389 8209 8660 9809 10670 10958 11901
2173 2325 2915 3372 3809 3866 4551 4684 4988 5654
2059 2592 2820 3182 3657 4019 4513 4646 5255 5331
3031 3626 4112 4734 5355 5598 6139 6922 7355 7625
2191 2843 3011 3537 3789 4230 4735 5239 5807 6269
3427 3938 4808 5109 5409 6520 6760 7810 7840 8981
3571 4628 4859 5883 6081 6708 7897 8326 8888 9911
5657 6958 7708 8509 9159 10209 12010 12260 13961 14361
4891 5507 6520 7929 8413 9205 9778 11318 12287 12639
5157 6307 7808 8409 9509 10009 11760 12660 14011 14311
5553 6541 7434 8234 9221 9691 10773 11337 12324 13594
3542 4768 4978 5994 6694 7044 8270 8410 9146 10336
1117 1207 1508 1679 1829 2100 2360 2540 2781 2811
2113 2275 2744 3069 3465 3970 3970 4654 4853 5231
4979 5287 6432 7665 8545 9558 9998 11054 11935 12903
3371 4010 4155 4648 5548 6042 6593 6970 7841 8276
3110 3690 4532 4881 5780 6041 6651 7231 7754 8537
1799 1991 2344 2632 3145 3498 3610 4139 4299 4491
4935 5992 6872 7048 8721 9206 9778 10702 12023 12331
2230 2573 2820 3334 3752 4075 4342 4703 5236 5407
3371 3545 4416 4881 5345 6303 6419 6999 7580 8566
1255 1471 1796 1928 2205 2506 2818 2938 3299 3551
1372 1750 2049 2140 2518 2766 2896 3364 3599 3677
2023 2239 2654 3231 3249 3718 4024 4474 4763 5303
4262 4447 5928 6410 7113 7668 8742 9149 10334 10408
2407 3272 3608 3896 4689 5218 5458 6250 6611 6755
2131 2329 2618 2978 3339 3861 4312 4672 4889 5375
5365 5977 6635 7623 8892 9409 10350 11996 12936 13547
1547 1743 2206 2501 2795 3075 3356 3608 3889 4155
5047 5722 6578 8019 8469 9279 10450 11260 12566 12971
5124 5813 6458 7146 8609 9039 9685 10588 11836 12180
2173 2420 3029 3086 3695 3980 4437 4779 5312 5426
3815 4424 4552 5481 5769 7018 7210 7722 8331 9547
2422 2864 3116 3642 4104 4293 4630 5155 5681 6122
2359 2527 3263 3684 3789 4420 4630 5092 5702 6017
5157 6908 7608 8809 9609 10009 11310 12160 13611 14411
3682 4838 4943 6064 6484 7429 8410 8550 9636 10511
3509 4530 5312 5959 6299 7218 8000 8238 8987 9939
4687 5608 6168 7049 7409 8009 8850 10250 10851 11291
2030 2354 2558 2933 3154 3716 3886 4158 4754 4924
3517 4118 4568 5259 5919 6520 6760 7450 7930 8651
3337 3847 4748 5409 5919 6519 7090 7360 7840 8921
5397 6721 6868 7995 8976 10201 11427 12358 13633 14515
5113 6448 6632 8151 9163 9807 11004 11648 12661 13029
5111 5463 7048 7577 8061 9294 10042 11054 11671 12331
1758 2099 2575 2814 3188 3426 3988 4158 4533 4924
2376 2836 3389 3942 4609 4909 5438 5875 6359 6520
2128 2696 2990 3621 4209 4356 4924 5450 5471 6038
3247 3355 4166 4869 4896 5409 6112 6679 7544 8084
2330 2975 3596 3804 4517 4655 5507 5530 6060 6819
4640 4968 5830 7389 7881 8989 9276 10055 10876 11655
3127 3968 4718 5078 5919 6429 7180 7780 8411 8501
4607 6126 7184 8105 8335 9531 10268 11372 12753 13351
3802 4628 5222 5916 6048 6972 7600 8392 8854 9746
2047 2235 2422 3052 3392 3409 3954 4413 4584 4992
3169 4131 4813 5030 5930 6551 7171 7729 8505 9001
2743 3031 3800 4185 4425 5122 5434 5842 6515 7043
1861 2456 2582 2996 3519 3844 4096 4691 4925 5105
3907 5155 6092 7029 7809 8590 9136 9487 10931 11594
4336 4765 5936 6951 7497 8317 9058 9526 10385 11126
2867 3492 4090 4585 4845 5391 5756 6406 6979 7785
1807 1867 2363 2468 2784 3250 3370 3625 4181 4286
3679 4399 5444 6417 7137 7642 8146 9262 9406 10703
1217 1405 1691 1956 2088 2209 2463 2860 2992 3124
4417 5846 6476 7065 8073 8535 10048 10132 11057 12233
3959 4910 5936 6469 7533 8256 8560 9206 10157 10803
4687 4847 6128 6969 7649 8610 8970 9970 10571 11651
2149 2801 3368 3663 3852 4630 5029 5449 5470 6143
1463 1856 2164 2389 2809 2809 3300 3594 3805 3973
5857 6107 7108 8459 10009 10259 11560 12410 13661 14711
2867 3388 3856 4507 4715 5495 6250 6302 6979 7811
2647 3032 3512 3969 4401 4857 5482 5962 6587 7163
4669 5173 5888 7317 7821 8956 9922 10342 11099 12107
3665 4348 4596 5124 5992 6395 6923 7946 8102 8722
3727 4348 4813 5402 6054 6829 7419 7822 8287 9032
3431 4103 4744 5384 6377 6505 7530 8010 8779 9547
4921 5173 6224 7107 8241 9082 9838 10678 10930 12275
2491 3205 3573 3827 4356 4909 5300 5553 6175 6612
3031 3536 4040 4993 5161 5722 6338 6898 7347 7935
5271 6541 7434 8469 8751 10020 11008 11525 12324 13312
5740 6181 7113 7848 8976 10594 11133 12358 13633 14466
2127 2528 3208 3429 3769 4210 4510 4970 5451 5651
1799 2071 2456 2729 2985 3369 3802 4154 4395 4571
3751 4543 5588 6093 6849 7858 8542 8758 9947 10235
4737 5555 6071 7362 8437 9341 9986 10373 11449 12567
1642 2048 2258 2649 2979 3234 3370 3745 4136 4496
2971 3466 3986 4429 5079 5600 5756 6614 6796 7655
5083 5647 7058 8375 8563 9739 10773 11666 12513 13406
2167 2221 2636 2961 3483 3609 4114 4474 4709 5339
5431 6632 6824 8025 9561 10041 10570 12058 12539 14219
4415 5062 5936 6583 7419 7837 9016 9700 10385 10689
5083 6165 7011 7622 8704 10068 10820 11525 12936 13453
1983 2611 2858 3239 3714 3999 4247 4760 5331 5350
3058 3734 4247 4788 5004 5896 6490 6598 7165 8030
4565 5856 6888 7749 8222 9211 9900 10631 11492 12481
1724 2371 2473 2745 3375 3528 3784 4396 4720 4992
3855 4669 5410 5965 7039 7817 8853 9186 10260 11074
1463 1940 2136 2374 2767 3005 3300 3468 3833 4183
5459 6071 6682 7575 9362 9880 10444 11337 13077 13312
3052 3719 4590 5200 5635 6070 6651 7289 7986 8566
1807 2185 2564 3033 3555 3862 4150 4546 4709 5285
3572 4193 4441 4968 5992 6302 7016 7667 8660 9094
2249 2420 2858 3334 3543 3885 4532 4779 5122 5388
5887 6034 7358 8486 9515 10349 11280 12162 12996 14074
1863 2088 2408 2889 2889 3482 3786 3866 4347 4731
1945 2516 2934 3277 3562 3847 4437 4646 4951 5521
3339 3816 4376 4516 5469 5637 6450 6758 7543 8075
1747 2033 2408 2589 2904 3295 3310 3610 3955 4421
2788 3788 4112 4815 5409 5544 6085 6517 7031 7760
3509 4598 5312 5857 6265 7218 7592 8408 8953 10211
4822 6173 6533 8019 8469 9459 10270 11080 12161 13421
1243 1459 1712 1989 2205 2554 2674 3131 3203 3383
1107 1416 1680 1912 2154 2286 2562 2804 2926 3179
1879 2366 2690 3195 3591 3735 4204 4330 4943 5141
1552 1867 2378 2544 2964 3220 3580 3730 4106 4241
1945 2573 2687 3220 3467 4133 4209 4837 4970 5559
2067 2748 2828 3449 3649 4189 4730 5090 5591 5731
1507 1837 2333 2619 3009 3250 3340 3805 4121 4301
4487 4847 6408 6528 7769 8209 9130 10410 11211 11451
4687 5768 6353 7569 8109 9460 10045 11666 12431 13016
4921 5636 6728 6854 8283 9166 9586 10216 11267 12233
3929 5114 5854 5928 6780 8150 8150 9112 9927 10704
5299 6231 7456 8829 9368 10790 10937 11819 13094 14025
4801 5977 6588 8375 8892 9739 10491 11525 12795 13641
1316 1338 1559 1801 2033 2309 2650 2793 2959 3179
4539 5904 6608 7753 8721 9073 9866 11230 12287 12683
4219 4832 5192 6309 6705 7461 8362 9226 9479 10631
3472 4562 4925 5553 6411 6675 7534 8392 8657 9416
1962 2286 2558 3001 3341 3409 4005 4345 4464 4958
3577 4312 5223 5784 6589 7640 7710 8900 9671 9881
