1000 10 10
3 47 27 52 60 77 28 65 29 30 26 0 15
8 99 90 78 88 21 60 48 92 46 21 0 40
4 55 22 71 97 38 96 30 62 97 65 0 18
4 89 20 73 51 57 39 97 59 82 61 0 16
3 20 51 65 94 97 54 60 78 61 40 0 15
6 81 32 85 38 48 59 67 48 47 87 0 28
7 52 74 25 90 56 31 35 25 26 27 0 32
6 22 90 95 30 48 62 52 50 56 68 0 29
8 55 29 41 62 96 30 66 28 81 94 0 36
5 43 34 98 23 39 28 72 90 82 78 0 24
5 59 75 68 67 68 69 67 63 39 51 0 22
5 48 96 61 60 81 89 36 94 81 21 0 24
7 86 29 68 38 47 27 49 35 58 89 0 33
3 41 85 70 42 97 75 48 60 82 71 0 15
4 91 82 36 67 48 70 32 29 81 52 0 16
7 52 23 78 97 63 74 36 21 72 79 0 35
9 62 48 78 77 28 77 36 75 52 86 0 43
6 96 53 52 97 92 52 36 25 52 98 0 27
6 92 64 33 47 63 55 93 25 23 66 0 28
4 35 56 24 41 25 99 60 70 75 89 0 20
8 90 82 95 85 79 36 92 28 37 61 0 38
8 50 36 59 34 71 21 99 31 81 65 0 36
9 85 93 53 94 64 39 25 42 94 65 0 42
5 70 39 97 57 48 59 96 98 27 69 0 23
5 100 56 64 93 48 37 41 60 49 91 0 24
3 85 87 46 55 75 41 34 59 69 36 0 13
7 40 46 21 40 85 51 72 77 50 23 0 32
10 39 89 76 46 94 89 93 28 87 100 0 50
9 47 36 38 51 30 79 23 82 68 29 0 41
3 81 43 85 31 47 97 53 40 24 75 0 15
3 51 65 46 83 62 95 71 35 81 66 0 12
8 66 59 80 41 74 36 64 24 82 48 0 40
10 71 53 51 52 42 100 58 94 50 80 0 47
6 76 47 38 48 59 94 99 92 77 53 0 27
4 71 97 81 58 62 93 24 76 62 94 0 20
5 93 27 88 63 27 54 70 66 23 62 0 22
10 52 77 45 34 74 42 96 77 82 71 0 49
6 99 81 50 49 64 71 69 63 78 69 0 28
6 97 39 54 92 79 95 45 72 66 95 0 28
8 74 53 97 100 35 75 59 46 69 87 0 37
5 74 97 75 88 57 37 42 84 68 82 0 21
5 79 96 30 98 85 22 35 87 93 96 0 21
5 42 20 74 59 85 81 29 65 53 59 0 25
3 98 27 93 51 62 90 24 25 81 85 0 14
8 47 61 29 62 27 71 93 23 89 21 0 37
7 41 98 70 74 98 49 79 87 77 70 0 32
3 84 73 68 66 29 86 98 70 27 68 0 13
8 54 51 97 36 64 81 22 80 40 99 0 39
7 31 97 54 48 80 90 64 24 51 22 0 33
4 58 81 70 62 71 55 36 100 100 24 0 16
3 31 47 43 45 63 25 30 67 80 23 0 15
10 28 21 23 80 55 21 44 82 69 43 0 46
5 82 51 63 24 42 61 93 53 24 45 0 25
8 24 63 26 84 57 38 51 80 43 56 0 38
3 77 48 41 89 72 60 34 24 34 78 0 12
3 26 89 100 62 79 70 28 55 87 30 0 11
8 24 26 72 77 45 36 94 84 27 51 0 38
6 63 37 100 69 26 60 24 72 94 80 0 29
8 91 93 67 91 62 85 95 73 42 42 0 37
6 59 100 91 90 92 51 49 29 51 87 0 30
2 88 91 39 53 68 34 63 41 61 91 0 10
5 51 82 28 91 89 51 70 57 92 44 0 22
4 56 58 38 64 81 33 23 64 23 42 0 20
3 95 73 33 23 59 71 27 49 84 25 0 11
9 81 83 59 49 52 93 96 60 46 29 0 45
5 79 45 46 69 34 72 44 48 62 43 0 22
6 52 63 65 30 62 68 51 27 55 62 0 28
4 39 33 65 83 44 92 89 77 70 33 0 17
9 25 30 41 44 83 80 79 82 83 80 0 43
9 87 38 96 40 89 28 80 48 64 99 0 42
6 94 32 85 78 81 31 47 100 44 97 0 29
4 61 68 76 78 50 43 24 24 88 57 0 19
8 50 53 84 38 20 37 64 77 29 92 0 37
9 77 61 46 27 51 64 68 39 38 84 0 45
5 51 91 42 61 34 39 99 49 96 26 0 22
3 59 72 21 90 65 39 58 91 60 43 0 13
3 38 94 80 28 62 48 96 91 84 95 0 11
3 93 25 75 46 54 98 33 91 21 56 0 13
6 94 28 24 39 73 75 78 64 32 41 0 27
9 23 83 56 54 35 90 83 45 38 75 0 42
8 67 71 43 84 65 35 49 63 70 51 0 38
8 90 52 26 43 100 55 29 22 98 67 0 38
7 91 100 34 97 100 66 30 64 21 51 0 34
6 23 71 29 36 96 93 63 39 75 83 0 27
4 39 26 77 27 70 96 56 73 61 28 0 16
7 86 41 43 73 100 59 71 85 63 77 0 35
3 97 84 95 78 69 71 89 74 77 78 0 13
6 65 55 28 76 44 65 38 42 43 84 0 27
9 32 49 39 22 27 68 46 68 29 95 0 43
9 35 77 92 41 68 74 59 89 76 90 0 41
4 69 67 79 44 60 51 24 55 61 93 0 18
10 26 91 72 80 84 21 58 22 58 26 0 49
10 61 95 98 86 85 99 63 82 26 22 0 50
5 96 85 26 87 62 68 38 61 71 92 0 21
7 75 47 40 60 57 22 87 78 97 35 0 31
6 65 62 76 59 93 74 39 47 40 32 0 27
6 38 65 42 38 57 81 54 79 55 38 0 29
4 74 58 42 39 97 40 46 78 20 57 0 20
8 52 54 23 65 35 27 34 75 92 99 0 37
4 37 54 46 23 92 33 43 24 90 49 0 17
8 81 76 34 41 99 63 40 35 96 27 0 36
8 69 53 68 96 69 20 90 35 62 99 0 39
2 96 32 55 58 25 47 28 59 42 22 0 10
10 27 53 58 92 41 48 50 22 29 82 0 48
9 57 46 93 89 49 46 44 78 63 42 0 43
5 36 63 40 55 31 72 77 28 79 73 0 24
8 29 42 75 78 33 78 68 70 41 61 0 40
9 79 90 24 78 92 76 34 49 21 85 0 44
3 90 34 45 52 33 39 39 29 30 25 0 13
7 96 35 31 81 66 27 70 62 64 47 0 34
8 44 65 63 80 43 36 37 80 57 46 0 38
10 97 42 68 74 24 80 21 83 49 54 0 50
3 58 56 41 70 36 100 47 38 78 68 0 12
5 81 64 73 41 63 77 81 77 89 74 0 21
5 39 98 26 91 84 84 27 38 74 35 0 24
9 45 90 43 53 59 59 30 76 81 72 0 44
7 93 90 89 85 40 87 26 67 66 82 0 32
2 57 58 67 63 24 37 48 69 72 31 0 10
5 83 41 62 82 37 85 23 54 31 58 0 21
10 22 35 32 86 32 84 65 97 33 74 0 50
5 24 56 64 100 32 91 56 24 58 78 0 25
8 83 24 34 59 31 81 50 44 20 63 0 38
10 60 57 91 69 65 28 74 72 97 38 0 46
5 54 47 100 71 64 61 46 76 23 64 0 21
9 96 40 44 71 95 66 28 87 52 73 0 45
7 43 88 54 53 35 48 47 57 45 59 0 31
8 32 26 26 41 76 49 54 95 34 86 0 37
10 74 49 57 53 43 62 93 59 36 81 0 46
10 64 76 73 20 61 62 28 36 88 22 0 47
9 44 40 80 68 80 100 90 72 49 91 0 42
9 21 58 53 97 81 64 54 37 50 71 0 41
8 62 91 21 63 72 31 31 65 87 59 0 40
8 27 84 80 23 95 96 87 48 85 50 0 40
8 98 21 40 65 67 37 41 76 75 39 0 39
9 22 95 98 98 47 59 53 61 58 71 0 41
8 38 78 48 97 36 58 41 44 93 66 0 39
2 52 62 71 50 50 78 23 89 91 48 0 10
6 69 66 61 84 87 24 80 94 97 64 0 29
10 73 25 56 53 75 55 51 32 23 71 0 50
7 68 92 64 83 62 35 58 34 32 79 0 32
6 22 62 44 34 48 43 59 46 54 90 0 26
5 72 96 47 22 20 99 60 93 82 27 0 23
3 35 91 44 47 32 35 67 35 52 40 0 14
5 25 32 54 68 79 77 67 61 37 59 0 24
6 88 46 37 24 55 82 44 32 20 92 0 29
3 68 79 60 67 88 93 77 53 61 93 0 11
6 53 78 63 30 51 24 92 40 94 42 0 28
8 31 97 23 63 42 97 54 37 90 35 0 40
9 81 33 65 83 60 85 36 65 22 39 0 42
3 27 31 33 40 29 65 24 94 84 50 0 15
7 83 61 59 70 87 58 51 61 64 27 0 34
8 38 84 29 48 78 46 26 56 59 36 0 39
10 99 75 76 67 22 71 96 62 28 20 0 46
7 64 21 53 41 54 61 84 84 60 45 0 35
7 80 46 22 26 99 95 74 21 72 45 0 33
6 81 31 24 23 66 93 35 36 85 75 0 29
6 55 39 78 84 89 95 24 69 88 60 0 27
3 97 85 67 47 97 45 90 62 73 42 0 15
4 66 57 74 58 57 26 78 41 24 23 0 17
4 35 25 33 36 90 68 45 49 47 39 0 18
10 52 42 84 46 71 83 57 90 89 72 0 47
7 91 70 53 98 59 21 27 43 92 40 0 35
8 57 57 56 35 95 96 79 68 42 59 0 39
8 60 80 43 92 88 77 79 69 97 22 0 39
4 84 63 60 84 55 61 71 59 96 80 0 16
3 32 36 27 47 94 69 67 83 91 24 0 13
4 56 23 42 50 77 28 66 60 69 54 0 20
7 39 39 46 80 99 23 36 80 52 45 0 33
6 84 45 38 91 48 74 40 41 88 35 0 27
8 52 68 82 24 24 81 39 53 59 37 0 37
9 54 22 25 98 38 44 68 32 21 90 0 42
9 98 35 69 32 93 97 53 29 67 29 0 45
8 29 92 83 87 87 56 24 25 55 53 0 38
3 62 22 97 57 41 25 77 83 42 73 0 11
5 81 74 54 67 67 50 48 21 28 100 0 23
4 99 24 93 61 84 75 99 66 49 74 0 20
9 42 90 28 63 74 93 36 72 62 22 0 45
4 23 99 80 67 98 49 98 47 78 48 0 17
10 30 49 55 39 74 70 51 48 77 47 0 48
3 83 42 23 38 62 95 74 61 87 51 0 12
5 100 77 62 85 56 57 21 44 75 26 0 21
10 80 34 75 84 51 93 31 59 29 31 0 47
7 42 81 66 24 78 100 48 38 23 95 0 34
4 66 54 74 72 90 37 65 41 70 30 0 20
8 88 58 100 24 40 94 97 41 59 95 0 38
5 29 71 25 56 29 90 81 85 20 52 0 22
8 63 58 83 77 21 41 97 73 86 59 0 37
5 38 57 61 70 91 45 73 65 42 76 0 23
9 60 24 73 22 64 24 72 67 53 55 0 42
6 73 86 91 34 50 30 80 33 85 75 0 26
9 77 38 21 67 71 33 32 22 88 30 0 44
7 65 26 47 33 95 93 74 21 31 64 0 35
9 22 59 56 70 38 20 87 23 22 25 0 44
10 89 97 21 52 37 27 24 88 39 90 0 49
4 41 91 26 88 82 25 86 67 26 100 0 19
10 95 50 57 74 92 37 56 61 67 60 0 46
9 98 24 76 43 69 66 34 54 54 57 0 41
4 21 22 73 75 97 42 61 92 82 70 0 18
9 84 100 96 35 80 94 64 96 42 66 0 45
5 69 35 71 86 25 26 50 47 58 69 0 21
6 27 98 72 38 63 51 75 59 32 53 0 28
3 56 93 36 98 37 95 78 26 55 40 0 12
7 95 87 37 21 61 51 72 82 88 86 0 35
4 39 69 80 49 34 47 32 52 83 75 0 20
10 85 75 25 96 66 90 95 32 79 54 0 46
6 41 84 56 30 22 41 22 96 54 35 0 27
9 87 70 96 55 33 65 54 50 63 90 0 45
3 92 90 37 68 41 51 45 98 98 25 0 13
8 57 51 88 89 98 95 54 80 77 39 0 38
7 64 37 75 51 79 28 41 96 37 47 0 35
9 21 79 71 25 53 57 83 69 67 27 0 45
5 50 32 37 26 53 66 74 67 91 22 0 24
5 27 82 58 27 25 72 47 76 28 64 0 24
6 57 76 84 62 65 99 99 33 44 31 0 28
7 47 22 80 70 48 64 34 72 49 78 0 35
9 43 84 69 94 81 35 33 46 26 86 0 41
9 72 81 50 80 53 75 95 47 98 24 0 43
8 90 86 79 83 70 39 93 78 54 97 0 37
7 21 36 50 39 57 87 84 33 53 40 0 34
8 44 89 50 33 98 22 26 36 43 65 0 40
5 98 79 63 68 93 85 55 62 89 40 0 24
6 72 46 53 28 54 34 31 66 86 40 0 30
4 45 38 74 33 57 61 23 36 40 20 0 18
7 58 93 22 93 92 59 61 56 46 33 0 32
9 39 65 68 55 44 37 56 72 55 36 0 44
3 81 62 69 88 60 71 74 81 90 36 0 13
6 98 91 92 61 29 73 42 42 93 97 0 29
4 26 20 55 100 85 57 32 48 67 81 0 16
7 56 75 66 70 50 98 79 20 60 36 0 34
9 57 40 67 66 59 41 45 41 25 96 0 43
5 98 22 45 57 62 24 75 69 97 88 0 23
10 66 49 20 79 49 42 36 88 85 61 0 47
7 31 76 49 38 30 99 69 40 55 77 0 32
9 77 95 30 46 53 26 82 95 82 33 0 43
4 84 41 40 36 89 34 63 78 47 49 0 16
9 67 94 89 26 94 73 71 23 49 20 0 42
7 42 65 39 47 78 22 79 54 20 48 0 31
7 90 90 56 48 25 64 22 99 42 37 0 35
8 69 91 53 71 39 74 74 35 72 69 0 37
6 22 33 85 87 26 29 77 21 70 56 0 27
4 91 60 60 33 65 30 79 76 53 100 0 16
2 32 52 88 99 56 29 63 68 79 39 0 10
7 46 72 86 28 83 47 40 44 51 84 0 31
10 60 68 34 73 36 39 60 71 81 78 0 46
6 80 75 26 95 26 94 29 69 49 79 0 28
6 80 27 85 29 41 73 50 88 36 33 0 29
7 61 42 61 72 75 77 30 38 79 34 0 32
6 50 94 91 52 85 53 42 39 75 78 0 27
8 45 39 41 68 43 93 93 95 100 60 0 36
10 65 69 80 63 20 35 27 59 56 90 0 49
5 24 45 84 55 33 94 94 35 71 98 0 25
3 44 42 94 46 82 84 21 32 46 75 0 12
8 21 78 59 25 73 45 75 85 84 96 0 36
7 73 27 100 84 92 87 35 37 25 90 0 31
4 95 39 36 27 95 67 71 79 92 98 0 17
10 62 90 100 75 63 30 27 36 29 72 0 48
3 70 46 60 61 51 28 58 57 35 26 0 13
7 79 60 71 61 26 62 97 39 88 35 0 35
4 74 33 57 64 64 45 49 54 97 69 0 20
10 97 32 29 41 89 89 84 31 57 97 0 46
6 31 37 72 24 21 80 80 55 86 32 0 29
7 45 75 99 34 44 38 66 47 70 68 0 32
8 90 95 83 62 52 97 46 66 93 72 0 39
9 42 47 42 95 23 72 74 63 31 68 0 45
8 68 42 87 35 40 99 47 74 94 56 0 39
9 73 92 68 30 25 35 54 61 23 68 0 44
7 39 75 81 45 35 25 74 72 74 98 0 31
7 93 38 57 73 65 79 66 51 82 31 0 33
7 93 85 26 86 25 23 74 51 36 36 0 35
5 43 71 23 31 68 24 59 39 38 78 0 21
9 56 22 54 52 61 81 72 43 85 36 0 44
6 24 37 57 38 80 67 69 52 61 77 0 26
9 71 43 25 99 44 62 90 83 70 82 0 42
2 34 85 41 76 81 89 36 46 64 95 0 10
7 96 58 32 83 63 24 62 41 91 42 0 32
5 81 78 85 60 57 70 83 28 51 88 0 22
3 33 37 22 81 32 59 29 41 40 98 0 13
6 75 76 73 60 26 47 45 89 31 69 0 26
5 30 61 51 54 76 63 87 52 99 50 0 22
9 28 46 67 39 65 72 58 47 69 55 0 41
4 32 47 57 45 28 58 56 47 27 94 0 19
8 90 39 98 83 77 37 21 100 27 65 0 37
4 92 39 92 85 74 31 62 67 82 79 0 17
7 82 91 40 63 27 93 25 38 30 90 0 33
4 92 56 43 63 52 39 85 69 62 46 0 16
7 29 42 23 94 44 42 25 89 75 78 0 35
10 82 69 29 74 34 26 87 43 32 51 0 49
6 39 48 33 95 69 56 33 97 98 40 0 26
5 89 32 92 40 94 29 100 73 35 71 0 22
8 59 82 56 62 30 92 93 78 46 77 0 40
5 49 41 89 38 68 81 24 55 20 85 0 21
9 37 98 21 81 62 74 88 80 38 96 0 42
9 89 54 65 37 88 20 88 45 75 35 0 43
4 62 34 47 68 79 43 87 82 66 78 0 19
10 77 88 30 72 56 57 72 21 62 31 0 49
7 96 60 37 82 74 53 28 97 93 82 0 33
6 72 25 23 35 76 57 82 24 23 56 0 26
10 81 55 61 62 47 65 83 99 98 94 0 49
3 34 41 85 66 76 64 24 45 70 31 0 11
6 57 26 35 56 61 78 65 36 94 64 0 30
8 88 37 87 38 96 86 59 84 42 93 0 38
7 85 91 74 59 29 49 37 77 31 64 0 35
6 78 75 61 55 97 33 35 89 26 32 0 30
10 96 45 87 45 70 51 87 72 41 74 0 48
6 24 37 71 94 60 28 92 75 73 30 0 30
6 94 96 70 40 61 94 55 32 91 62 0 27
9 86 49 54 78 74 83 86 72 62 44 0 44
9 90 100 50 40 64 57 58 45 49 42 0 43
6 53 81 85 34 96 92 86 89 75 69 0 27
6 75 47 26 97 84 94 56 36 95 44 0 26
7 57 75 22 37 24 29 87 31 72 71 0 31
7 50 83 87 35 33 24 61 84 56 97 0 34
5 70 86 95 94 79 47 61 79 80 63 0 22
7 70 37 34 41 97 35 68 45 62 42 0 33
9 41 68 74 33 58 55 62 69 99 75 0 44
4 82 29 74 71 86 52 38 40 82 58 0 20
10 53 25 61 85 64 77 84 23 28 72 0 48
10 76 80 77 100 55 42 87 96 29 60 0 50
8 94 84 74 79 78 46 83 73 40 58 0 38
6 95 79 31 57 27 93 77 87 36 41 0 29
10 76 52 90 33 23 57 27 100 47 45 0 49
6 32 98 54 28 22 89 91 92 73 35 0 28
3 92 100 31 20 74 84 97 75 24 87 0 12
6 82 70 96 44 43 67 76 94 60 82 0 29
7 89 66 56 68 29 97 67 57 81 52 0 34
5 26 46 89 28 72 30 94 22 38 78 0 23
7 77 44 96 48 46 75 61 98 65 79 0 34
7 20 30 48 81 97 91 25 66 70 100 0 32
3 70 91 81 45 29 51 20 62 52 85 0 11
10 59 91 29 90 93 65 83 59 37 30 0 48
10 23 50 20 54 66 55 97 94 39 46 0 49
4 56 92 48 49 51 71 52 76 83 97 0 18
4 84 88 73 95 30 30 57 73 95 62 0 16
4 62 92 72 90 56 65 58 47 28 67 0 20
8 51 80 64 36 56 41 45 48 62 62 0 36
3 24 21 41 37 83 83 52 83 33 53 0 11
9 98 95 85 85 63 39 70 78 40 76 0 43
8 56 36 48 66 98 30 47 64 31 68 0 39
10 84 82 75 67 32 55 21 60 32 42 0 48
4 34 76 81 73 100 47 49 43 92 39 0 19
2 26 60 57 81 49 85 35 85 57 53 0 10
4 99 87 27 29 51 93 38 42 98 26 0 20
9 58 26 71 63 45 67 53 64 86 73 0 41
9 44 75 89 96 49 89 25 76 80 57 0 41
2 40 83 88 51 29 93 28 72 78 98 0 10
4 86 68 65 55 68 37 73 69 47 55 0 20
4 40 79 54 45 40 65 69 29 27 24 0 19
9 61 27 91 30 70 48 77 73 47 25 0 44
9 53 55 31 79 84 44 59 72 58 78 0 43
7 53 76 91 46 43 69 47 30 20 69 0 35
8 88 60 85 43 66 70 79 31 38 68 0 36
4 26 47 25 96 66 50 96 66 35 78 0 16
3 61 61 70 64 30 63 59 44 57 90 0 15
8 36 37 88 31 57 25 43 57 28 26 0 38
5 58 82 77 100 82 79 45 99 36 79 0 22
6 65 88 27 56 64 42 74 77 92 80 0 30
8 78 100 82 34 33 90 32 29 42 81 0 40
7 84 92 86 21 27 40 79 94 84 93 0 33
4 60 59 25 44 61 92 48 90 88 25 0 16
3 26 78 85 58 34 47 89 80 70 81 0 11
3 42 31 74 70 40 47 49 99 85 96 0 15
3 49 80 43 91 30 93 23 86 82 29 0 15
10 36 44 51 22 56 56 39 36 73 40 0 46
3 48 53 37 30 25 33 30 21 33 56 0 13
6 51 63 68 61 90 40 75 40 47 78 0 28
3 56 89 68 49 100 81 71 61 99 29 0 15
10 30 86 56 57 94 91 92 87 22 20 0 46
8 24 44 29 38 87 39 33 33 57 94 0 39
4 82 71 36 89 75 47 25 64 70 25 0 16
9 28 43 28 70 93 22 92 75 77 53 0 44
4 53 26 85 35 46 49 56 68 29 62 0 19
9 67 51 75 82 56 67 88 81 91 65 0 44
9 65 56 70 55 57 94 21 100 52 26 0 43
5 20 41 44 96 30 88 48 29 23 98 0 24
6 68 89 22 80 88 52 78 43 90 38 0 30
9 24 98 43 88 62 69 39 33 20 77 0 43
8 92 50 52 96 29 73 66 89 50 97 0 40
2 23 92 57 72 28 57 83 80 93 85 0 10
7 26 88 65 41 47 81 50 96 72 80 0 35
8 50 66 94 30 93 96 86 62 45 71 0 36
10 75 86 67 37 37 22 24 54 48 92 0 48
2 46 68 35 41 70 49 69 38 94 96 0 10
6 31 45 87 35 79 59 88 55 20 84 0 27
8 59 42 37 91 93 78 33 68 57 81 0 39
6 57 26 78 55 23 100 32 54 37 57 0 27
3 31 37 70 87 35 50 26 48 67 26 0 15
5 60 76 91 89 79 87 65 75 42 65 0 21
10 25 66 80 76 98 76 37 50 43 100 0 46
4 21 32 27 24 23 44 82 47 21 68 0 20
3 31 36 80 23 80 66 43 67 34 74 0 15
4 64 53 94 25 52 46 93 31 95 88 0 16
10 51 36 95 78 60 46 80 44 55 91 0 47
5 85 87 48 53 66 62 57 62 89 27 0 24
4 92 22 39 57 64 76 97 93 25 84 0 18
3 85 37 41 36 91 100 80 20 76 25 0 11
7 43 22 74 39 77 37 89 31 22 46 0 31
7 47 41 62 92 100 98 61 24 53 27 0 32
9 45 58 54 89 97 47 65 80 76 32 0 43
4 20 29 61 50 98 50 41 28 38 86 0 20
4 71 28 66 48 39 41 45 27 88 66 0 19
3 24 71 71 87 30 48 54 60 27 37 0 13
9 50 51 71 89 69 26 55 70 81 97 0 41
7 56 24 55 30 69 43 40 53 85 31 0 33
9 56 65 73 31 56 96 78 85 31 82 0 42
8 69 62 34 80 65 22 85 76 59 94 0 38
4 62 45 29 93 21 93 37 78 48 44 0 16
3 97 60 95 79 44 79 91 62 80 45 0 13
8 59 22 61 70 89 33 86 23 99 22 0 40
3 25 71 66 98 68 91 29 72 52 64 0 15
5 43 85 80 74 70 48 74 65 77 49 0 23
3 98 54 65 82 43 80 21 55 82 93 0 13
8 43 59 92 37 44 80 56 35 71 80 0 39
9 56 28 30 96 37 88 95 52 62 35 0 43
7 41 52 76 97 44 29 98 31 73 95 0 33
10 98 73 43 54 77 91 56 40 50 25 0 48
7 42 52 89 96 40 23 32 62 31 73 0 35
5 100 92 55 44 57 89 75 52 54 95 0 23
4 95 85 80 47 80 49 43 32 22 53 0 18
8 94 64 52 25 83 84 77 100 66 62 0 40
4 99 68 78 59 68 37 66 21 46 56 0 19
9 92 95 86 25 80 58 49 26 33 83 0 45
3 27 49 27 82 74 65 39 74 77 100 0 15
10 84 27 76 76 47 75 82 45 38 95 0 46
5 92 46 69 78 61 94 99 67 50 46 0 22
10 54 51 69 99 35 30 53 50 46 81 0 47
10 30 28 61 38 66 61 22 28 46 75 0 47
5 34 67 38 22 35 43 91 64 92 66 0 22
7 94 22 97 94 32 41 58 27 24 54 0 32
8 54 22 47 33 48 64 79 37 41 81 0 40
7 78 63 68 79 85 59 36 98 93 98 0 31
7 65 89 52 87 87 94 46 38 32 92 0 32
10 83 21 73 45 21 100 74 44 77 73 0 49
2 98 20 100 76 55 51 32 30 25 94 0 10
8 36 70 84 73 59 32 70 38 25 66 0 37
9 70 97 91 73 73 54 32 78 27 90 0 41
9 60 40 75 49 47 89 98 94 60 24 0 41
5 48 63 80 35 26 70 80 27 31 55 0 23
5 73 91 34 45 72 87 43 81 73 78 0 24
6 58 95 51 31 36 56 87 84 73 43 0 26
7 80 63 23 95 92 22 91 31 20 62 0 34
2 35 90 67 69 98 83 47 45 40 41 0 10
8 78 24 90 54 25 25 62 72 27 76 0 38
9 26 75 70 65 57 44 65 44 95 56 0 45
8 50 45 28 22 41 76 47 70 84 24 0 39
9 98 56 52 34 49 33 21 100 25 62 0 41
8 93 97 70 48 36 45 48 60 68 88 0 40
5 56 27 82 75 36 99 83 30 64 53 0 23
3 79 57 65 76 40 30 68 38 97 74 0 15
5 71 35 88 68 26 91 38 87 97 60 0 24
7 35 70 80 38 63 44 98 84 43 98 0 35
6 55 57 97 80 27 57 60 43 98 40 0 30
4 25 97 88 96 99 76 24 100 90 35 0 17
5 34 85 55 65 48 57 61 85 72 58 0 23
7 20 55 34 45 66 26 84 31 56 61 0 35
8 68 75 66 35 96 65 32 32 61 87 0 40
6 50 85 67 95 44 63 33 63 44 81 0 28
8 94 100 76 29 69 34 25 78 37 31 0 36
3 83 95 34 74 63 72 28 34 47 90 0 12
3 22 47 86 79 32 67 52 48 46 89 0 14
7 51 74 77 31 26 22 46 29 48 60 0 32
9 27 72 90 68 87 97 25 30 67 21 0 44
6 67 62 43 80 27 88 47 77 83 40 0 30
5 85 36 36 69 82 30 43 75 35 48 0 25
6 98 79 60 20 77 81 22 55 34 52 0 27
4 72 94 34 65 51 80 87 70 46 94 0 16
6 33 38 38 27 75 20 32 68 22 24 0 28
5 69 82 75 72 56 66 22 65 72 28 0 23
4 49 30 67 40 54 62 93 68 72 91 0 18
6 49 24 41 21 99 100 98 59 49 33 0 27
7 98 23 77 81 45 53 30 36 88 63 0 33
6 27 33 91 97 77 44 42 32 48 82 0 26
5 99 65 33 45 47 66 70 20 47 23 0 24
10 63 93 78 48 45 44 86 71 52 86 0 49
8 84 61 87 62 29 24 44 90 98 80 0 40
10 63 69 46 39 85 90 23 97 90 85 0 50
4 54 47 76 71 85 57 82 32 91 91 0 20
7 79 50 76 93 31 90 72 71 93 26 0 35
6 35 39 34 35 90 33 40 21 22 24 0 29
9 27 59 37 26 97 22 85 85 99 90 0 45
5 76 27 88 26 58 77 41 70 64 56 0 25
3 69 78 76 94 85 64 28 84 52 93 0 14
7 22 29 24 75 43 78 20 97 63 70 0 31
4 29 68 68 42 38 53 51 70 21 26 0 18
5 76 84 51 96 81 42 43 87 75 22 0 22
4 79 42 71 37 83 28 46 72 28 70 0 18
7 96 82 56 57 37 42 70 99 37 46 0 34
8 90 89 25 89 95 53 96 48 33 76 0 39
4 46 21 27 54 52 88 70 51 46 42 0 17
6 42 43 33 57 51 78 59 91 60 82 0 28
5 41 22 20 90 46 55 28 82 34 35 0 21
6 77 47 57 59 79 35 46 85 97 71 0 28
5 72 32 92 63 92 27 92 31 47 100 0 21
6 50 97 57 37 63 85 74 92 46 47 0 30
8 71 73 73 30 37 58 95 55 53 53 0 36
5 94 69 40 46 58 59 65 69 55 57 0 22
10 31 61 66 65 62 40 48 22 30 99 0 47
9 63 86 30 76 42 37 46 79 86 65 0 45
7 70 78 96 49 57 51 93 95 48 93 0 31
7 92 88 39 88 23 87 97 83 29 68 0 35
5 91 73 81 90 85 52 61 87 80 29 0 25
7 69 76 62 57 99 81 77 59 42 26 0 34
3 92 66 64 98 91 61 22 45 74 35 0 13
8 70 27 92 93 55 80 56 64 34 68 0 39
6 74 71 50 30 78 42 72 43 81 98 0 30
3 24 41 43 56 98 45 100 93 57 93 0 12
6 55 85 39 25 21 80 37 95 70 74 0 30
4 66 51 69 82 37 35 59 53 38 31 0 16
8 79 63 22 77 61 64 52 31 67 86 0 40
7 29 83 58 53 30 70 84 73 64 55 0 33
10 50 83 36 80 37 98 37 56 72 34 0 48
10 73 64 65 75 61 97 93 87 96 32 0 47
4 43 49 22 32 74 64 84 35 88 69 0 19
5 94 48 79 22 65 50 92 62 96 84 0 24
7 58 38 23 47 51 41 25 79 54 47 0 33
7 37 77 63 55 93 21 82 65 68 97 0 33
7 87 42 87 94 45 52 97 64 66 76 0 34
8 72 35 33 91 57 71 75 53 53 25 0 37
10 52 25 23 71 86 78 87 41 89 78 0 50
4 97 81 94 79 46 84 87 92 66 46 0 16
5 55 88 69 90 40 86 48 33 35 57 0 24
8 25 44 83 49 36 77 61 66 56 74 0 37
4 88 25 82 52 60 96 91 45 74 54 0 20
8 95 82 100 87 60 73 32 51 53 70 0 39
2 62 29 54 90 36 71 83 89 98 38 0 10
6 87 85 85 93 33 59 51 40 59 66 0 28
6 92 89 80 44 44 63 34 70 58 39 0 30
3 83 45 23 21 39 53 51 25 46 22 0 15
4 100 97 51 32 82 69 48 81 93 53 0 18
5 21 38 20 34 96 60 91 46 33 64 0 21
4 39 21 90 80 29 52 93 26 95 95 0 20
4 88 43 35 78 55 31 82 78 50 38 0 18
9 93 97 27 22 23 96 76 80 89 66 0 42
9 23 84 77 37 97 45 93 62 51 24 0 43
7 70 57 87 55 79 45 20 31 62 25 0 31
4 85 98 20 69 98 33 85 88 27 63 0 17
4 32 83 78 91 69 30 53 45 24 97 0 19
9 77 43 97 20 51 35 30 69 81 42 0 41
3 89 20 25 35 46 56 31 38 93 80 0 12
5 33 81 82 55 75 79 95 73 100 82 0 24
4 53 48 40 95 88 86 49 38 28 45 0 18
8 31 45 36 68 20 83 48 74 92 86 0 40
7 46 53 83 58 36 70 57 32 47 91 0 31
5 58 42 77 64 26 58 73 95 89 33 0 22
6 95 40 31 39 99 75 63 55 99 29 0 27
7 59 48 99 28 68 84 77 89 47 31 0 34
8 37 100 70 65 23 47 33 71 57 35 0 36
8 60 20 95 27 44 41 56 44 92 96 0 38
7 22 87 61 99 98 85 42 49 84 64 0 34
9 67 82 41 87 95 68 62 33 76 39 0 45
7 46 77 82 78 72 20 48 83 53 89 0 31
8 84 66 90 45 56 98 24 50 20 69 0 39
9 97 91 31 78 28 69 68 51 22 97 0 44
5 79 48 96 95 81 94 94 96 57 45 0 22
9 94 79 33 66 44 50 37 97 96 32 0 44
3 68 52 49 27 65 39 42 81 66 76 0 12
9 30 69 36 98 21 69 36 22 31 98 0 45
8 53 63 76 33 88 75 96 33 30 85 0 38
6 27 83 92 25 98 60 69 78 38 98 0 29
4 41 97 48 80 25 26 66 88 98 20 0 18
7 100 96 26 92 84 66 77 29 95 83 0 34
8 43 60 90 79 33 100 23 98 29 56 0 36
9 86 57 37 100 55 50 76 21 47 24 0 43
10 59 63 35 46 41 47 77 49 54 46 0 49
5 83 54 31 24 28 47 100 27 38 41 0 22
3 81 28 57 57 86 52 91 46 65 99 0 14
10 77 36 30 98 83 75 37 86 48 46 0 48
3 44 72 50 45 24 44 96 44 23 42 0 15
4 78 56 29 97 82 93 26 40 70 54 0 19
9 82 64 26 24 85 67 70 34 70 63 0 42
6 76 36 66 44 39 63 66 52 67 54 0 27
10 50 25 97 47 86 26 41 67 67 90 0 46
6 83 72 56 24 59 80 38 34 67 62 0 26
8 85 50 56 69 78 45 39 24 36 71 0 37
5 93 73 31 37 23 52 43 51 37 86 0 22
8 76 45 37 36 82 56 91 61 22 77 0 36
4 55 38 93 89 51 68 95 44 94 58 0 16
6 25 32 88 42 59 58 26 45 33 44 0 30
7 39 93 49 70 72 40 34 78 47 97 0 35
3 39 49 79 97 42 93 24 66 53 45 0 13
8 75 50 41 51 93 28 33 49 53 81 0 36
4 27 77 46 90 90 23 46 86 46 53 0 17
10 55 93 97 36 94 33 71 82 23 32 0 47
8 76 60 31 99 46 93 75 81 89 63 0 36
5 37 58 60 42 45 94 87 42 92 69 0 21
3 39 48 41 95 86 66 61 33 27 28 0 12
10 72 87 62 55 20 97 42 34 66 81 0 47
3 62 51 30 96 48 28 32 74 74 99 0 11
5 28 72 56 23 46 36 67 72 58 63 0 21
6 57 22 44 37 93 41 22 42 81 49 0 27
10 50 48 78 42 33 76 67 43 47 61 0 47
5 85 30 56 63 75 56 73 85 25 32 0 23
9 42 30 23 30 94 58 50 44 24 75 0 45
9 66 73 21 30 38 75 30 77 50 64 0 44
4 23 48 38 32 48 69 57 75 34 47 0 18
5 52 41 34 52 22 90 41 37 34 23 0 25
10 70 45 61 98 70 74 42 38 29 68 0 47
10 29 60 98 58 29 31 58 56 31 42 0 46
5 37 68 98 60 71 63 85 66 48 50 0 23
4 23 40 87 22 100 38 41 38 34 74 0 18
4 27 65 93 58 27 73 35 32 100 70 0 20
5 28 59 33 57 100 75 65 68 79 75 0 25
10 43 41 35 54 36 63 79 40 87 29 0 50
4 29 66 45 46 50 37 97 88 38 22 0 17
6 95 43 61 70 50 33 50 36 96 40 0 29
4 26 27 82 29 24 57 89 63 37 24 0 18
6 41 83 35 34 95 51 92 67 28 43 0 30
4 36 33 94 34 39 28 80 21 71 30 0 20
8 97 25 26 91 100 38 55 92 100 88 0 37
10 85 25 74 68 75 69 89 56 28 95 0 46
7 77 78 52 82 89 53 51 85 49 37 0 33
8 97 21 90 40 23 78 51 52 76 77 0 38
5 62 32 62 37 91 27 67 80 50 39 0 23
7 93 69 94 73 70 37 62 91 80 31 0 34
6 22 76 92 92 32 46 39 62 96 57 0 27
4 59 74 54 74 33 35 90 27 74 84 0 18
7 62 25 46 83 44 97 36 55 38 81 0 35
9 82 31 35 70 24 86 83 48 66 71 0 41
10 43 77 39 52 93 38 30 99 47 28 0 46
10 44 81 46 41 37 83 26 31 34 59 0 49
3 74 70 89 52 58 31 39 47 61 67 0 11
6 92 57 94 92 94 58 25 95 86 87 0 26
9 85 87 82 30 81 33 86 35 59 28 0 43
4 47 47 56 38 31 55 93 85 95 72 0 18
7 92 70 89 69 96 38 78 27 46 93 0 35
7 53 40 52 40 87 31 95 28 60 73 0 35
6 74 52 76 88 25 40 36 97 39 43 0 28
8 52 80 90 55 97 22 60 90 52 59 0 37
8 62 86 84 78 32 51 59 79 66 59 0 36
7 38 54 38 48 51 39 71 71 45 49 0 35
5 90 51 22 92 85 54 60 70 57 57 0 21
2 57 29 23 38 26 41 98 73 39 58 0 10
5 85 83 47 77 29 43 76 59 98 79 0 24
6 25 65 98 63 45 87 22 94 94 54 0 26
10 86 37 74 46 90 49 65 93 25 38 0 49
3 63 90 91 24 92 21 69 72 49 40 0 11
4 47 52 27 78 25 33 52 54 99 55 0 20
7 52 87 83 100 75 76 43 91 41 64 0 33
6 49 97 39 71 38 39 88 57 96 32 0 27
8 91 91 91 29 31 87 35 94 62 72 0 38
8 20 98 39 46 65 83 54 31 79 23 0 39
9 42 80 87 84 29 62 76 59 83 58 0 42
7 89 57 66 54 100 92 36 37 35 20 0 34
10 80 47 87 95 53 26 76 36 85 70 0 48
3 28 21 78 84 72 56 57 78 62 70 0 11
5 89 98 21 94 47 32 45 71 54 81 0 25
7 29 88 64 93 63 27 21 91 61 100 0 34
3 37 26 44 90 23 73 51 76 52 63 0 11
5 100 55 76 84 46 77 68 80 87 80 0 22
7 100 76 23 88 66 32 65 98 93 88 0 35
5 23 43 24 38 85 86 26 45 43 51 0 22
7 100 25 52 67 26 34 39 61 75 94 0 34
9 38 99 49 47 93 37 88 32 44 73 0 44
10 68 21 31 69 80 23 73 78 74 70 0 46
10 61 56 64 21 24 98 51 40 97 49 0 48
3 54 31 56 52 22 26 61 33 24 84 0 11
5 36 33 69 34 72 62 89 48 58 79 0 25
9 49 67 28 81 37 30 94 51 84 86 0 43
9 23 96 30 21 92 35 68 82 23 98 0 42
6 38 30 53 29 63 54 41 78 78 39 0 30
5 47 41 98 71 63 83 45 22 30 58 0 25
6 100 44 95 30 92 51 83 26 58 28 0 30
6 42 61 41 65 85 97 73 24 38 99 0 27
5 95 77 79 92 80 57 61 35 33 37 0 23
6 58 64 45 84 91 82 40 23 35 86 0 28
5 97 51 36 32 28 59 80 75 25 91 0 24
5 98 89 85 36 73 88 60 46 69 40 0 22
10 94 90 28 38 30 94 42 28 69 29 0 48
9 58 58 42 82 39 93 25 30 27 94 0 43
3 54 67 37 37 91 88 39 64 73 48 0 11
10 43 88 74 35 29 43 78 78 28 92 0 50
4 80 61 83 31 69 58 57 34 81 29 0 20
7 58 88 34 90 39 65 81 62 69 23 0 32
7 98 97 88 25 28 92 24 100 33 44 0 32
6 61 43 81 87 86 83 31 37 26 20 0 30
5 29 97 38 43 74 35 88 22 50 51 0 22
9 50 31 48 59 92 73 93 83 81 38 0 43
4 95 53 89 47 32 46 55 91 30 45 0 16
9 33 37 34 67 73 22 76 81 49 80 0 42
2 98 83 66 77 100 44 38 26 67 23 0 10
3 86 36 93 72 74 27 87 52 85 96 0 11
3 28 20 47 21 33 81 43 22 32 69 0 12
9 35 77 74 54 90 54 36 75 64 80 0 44
10 83 39 30 79 59 35 79 59 61 43 0 47
6 73 45 33 55 38 73 33 35 22 78 0 28
7 75 47 91 97 83 84 70 30 35 77 0 33
6 53 87 80 83 98 100 99 28 79 49 0 30
7 23 95 41 52 38 23 95 79 74 80 0 34
8 51 29 66 41 64 20 45 22 94 70 0 39
9 100 60 42 79 47 68 58 80 32 29 0 44
10 52 45 62 63 64 76 82 52 45 48 0 47
7 66 53 49 21 98 50 100 91 50 42 0 33
9 52 83 92 56 83 86 90 63 79 35 0 43
9 66 95 48 89 38 63 38 45 73 82 0 42
6 45 74 90 95 64 43 82 72 47 69 0 29
2 46 57 93 74 30 22 39 52 59 43 0 10
7 53 87 75 86 23 60 68 51 67 100 0 35
6 33 90 30 72 35 83 45 60 96 41 0 27
6 48 34 81 83 77 77 51 58 23 83 0 29
8 91 90 82 85 35 96 79 79 46 91 0 38
3 37 66 72 30 40 55 21 92 52 37 0 12
8 20 83 23 75 54 82 42 57 88 88 0 36
7 66 52 37 45 85 91 20 68 62 85 0 32
7 61 52 83 61 46 99 84 39 92 82 0 32
5 89 47 39 41 95 23 50 59 64 75 0 21
8 96 37 58 98 27 64 85 55 33 35 0 36
6 90 56 57 59 91 58 65 43 22 79 0 28
4 41 56 29 58 98 62 23 69 75 46 0 18
8 63 45 75 37 50 97 48 31 100 23 0 37
10 44 42 88 56 94 58 68 67 89 73 0 50
5 37 70 38 52 26 97 76 59 96 27 0 25
4 37 68 99 35 82 100 85 98 51 69 0 17
4 53 66 26 59 73 21 85 96 97 28 0 16
10 93 72 28 92 70 59 34 74 100 61 0 47
10 85 82 77 72 88 37 28 35 50 52 0 47
5 24 37 55 88 22 24 40 77 40 58 0 25
3 96 58 60 80 20 28 63 57 29 54 0 12
9 63 85 39 28 72 26 43 95 77 62 0 44
4 53 54 46 57 51 49 44 38 44 44 0 17
7 47 55 84 91 86 81 80 62 65 35 0 35
8 42 75 68 56 25 89 58 94 41 36 0 36
3 52 79 95 69 75 66 64 95 35 26 0 14
9 80 96 32 29 40 53 37 59 91 84 0 42
3 90 47 94 31 40 85 79 59 31 59 0 12
8 61 22 25 32 81 44 21 39 100 60 0 39
9 56 76 67 53 86 44 100 70 32 90 0 44
10 29 75 94 75 72 34 44 70 35 56 0 48
10 36 52 37 20 94 36 62 21 64 66 0 47
7 30 95 62 40 42 98 84 72 82 41 0 34
3 51 76 47 76 74 81 52 50 61 91 0 13
3 95 42 52 97 51 77 37 68 46 66 0 13
3 55 62 30 65 32 83 82 38 66 33 0 11
5 30 95 70 29 85 25 31 87 53 68 0 24
7 21 54 62 36 43 25 53 45 47 76 0 32
10 75 60 45 48 83 22 65 22 30 70 0 46
3 25 51 30 59 85 74 65 74 30 56 0 12
9 28 89 88 63 71 49 49 64 72 31 0 45
5 59 28 95 45 43 83 31 60 78 41 0 21
8 43 35 89 44 78 97 42 54 37 77 0 37
6 100 21 59 79 58 33 45 44 22 68 0 26
6 75 88 67 40 56 34 30 84 76 26 0 26
6 78 78 88 41 84 28 46 39 69 68 0 26
10 34 43 71 96 36 24 27 53 33 27 0 49
6 87 31 84 97 96 80 27 34 38 85 0 29
5 22 100 51 46 54 80 21 80 52 97 0 25
5 58 61 50 68 49 41 38 44 74 67 0 22
3 76 43 84 74 22 76 44 67 57 79 0 11
4 91 46 47 55 64 77 36 99 31 29 0 18
5 44 94 71 100 70 100 78 88 64 64 0 23
4 51 85 24 86 93 23 85 26 46 75 0 19
9 85 50 59 100 82 32 36 68 69 33 0 43
9 21 43 81 73 71 36 51 22 86 38 0 41
7 95 30 54 90 40 34 80 38 78 65 0 35
4 30 52 57 80 71 40 54 91 96 31 0 20
2 38 57 96 86 57 87 71 91 86 62 0 10
2 64 45 48 57 90 83 77 47 83 65 0 10
10 71 55 32 77 99 40 88 72 89 49 0 50
8 45 76 42 92 30 93 68 37 89 58 0 37
4 62 63 41 60 62 54 67 59 55 35 0 20
6 33 50 89 62 60 41 50 70 93 92 0 28
5 22 100 58 43 68 95 46 48 47 21 0 22
6 30 73 97 26 22 53 44 63 95 79 0 28
6 27 30 48 30 37 47 30 33 90 70 0 30
3 38 31 69 54 92 60 31 58 31 32 0 14
4 20 86 64 89 25 74 43 82 96 37 0 17
4 28 72 30 63 66 51 89 95 63 29 0 16
9 53 66 70 45 48 41 100 43 66 39 0 43
4 51 42 50 65 88 77 52 33 28 27 0 19
6 64 80 22 43 42 53 33 38 57 93 0 26
8 45 86 68 21 55 80 88 29 82 80 0 39
7 80 28 84 28 93 83 35 85 46 61 0 34
5 63 61 66 65 76 86 81 80 57 52 0 24
7 37 60 21 23 65 98 31 80 60 69 0 35
3 71 88 71 32 95 67 70 86 85 37 0 11
4 94 77 100 95 25 45 49 35 50 56 0 17
6 56 42 37 90 32 33 31 91 59 86 0 27
3 90 60 82 51 24 50 52 88 54 45 0 15
5 57 59 43 25 66 78 71 74 53 63 0 23
5 78 76 54 98 88 76 20 60 24 76 0 21
10 78 55 55 73 81 42 85 68 26 72 0 48
9 27 89 49 84 60 62 76 34 59 81 0 44
6 32 72 96 82 33 37 77 27 64 89 0 29
3 99 53 55 75 29 94 55 38 41 60 0 14
8 35 82 50 57 78 73 34 46 85 20 0 40
3 30 67 52 24 59 56 91 25 39 31 0 13
4 48 32 33 80 52 73 79 29 63 61 0 19
8 62 99 64 46 36 85 80 88 44 41 0 37
10 34 74 63 56 46 89 65 87 30 100 0 47
4 26 65 40 38 34 52 42 27 86 75 0 17
5 37 38 31 49 97 77 70 57 32 91 0 21
10 84 57 97 97 95 63 26 60 21 77 0 46
6 31 30 47 32 51 36 89 25 35 99 0 27
6 68 58 33 51 26 44 38 76 58 32 0 27
6 63 100 71 67 94 87 86 81 36 46 0 26
6 84 51 49 36 96 84 70 96 58 24 0 28
8 27 47 93 95 88 31 52 84 90 31 0 39
5 89 43 46 89 25 42 27 76 81 85 0 25
9 82 22 73 95 80 72 73 56 54 65 0 42
10 72 93 46 42 26 51 68 45 28 49 0 50
8 53 22 27 65 78 60 73 52 94 50 0 39
3 89 66 65 84 20 71 45 92 77 27 0 11
6 44 54 37 66 73 90 72 55 67 61 0 27
9 59 31 57 27 20 65 76 79 71 46 0 42
3 71 64 33 32 63 24 69 50 79 57 0 11
2 100 89 56 68 31 86 48 63 51 79 0 10
3 93 76 57 38 87 85 46 80 65 39 0 15
6 90 29 78 61 96 68 96 40 61 97 0 29
9 30 88 24 73 41 26 71 60 72 45 0 44
6 26 96 45 81 87 22 60 65 88 95 0 30
4 82 28 49 41 46 68 23 73 33 23 0 18
4 48 20 48 42 60 71 28 74 76 70 0 17
8 97 91 92 67 21 74 96 43 68 91 0 36
10 94 92 64 23 43 22 24 34 63 73 0 47
2 47 37 46 87 40 97 77 56 99 28 0 10
5 21 34 50 90 64 65 73 55 87 59 0 25
4 94 44 63 89 66 61 47 89 51 37 0 18
7 53 45 46 83 70 69 75 87 88 59 0 33
7 90 84 21 73 89 42 65 91 61 100 0 31
4 56 94 54 29 90 77 90 69 98 89 0 20
4 24 43 39 50 91 48 69 56 88 70 0 20
9 87 53 79 95 24 33 38 77 31 90 0 42
4 57 99 36 63 39 50 96 36 69 55 0 20
6 34 44 22 87 75 66 27 77 96 44 0 26
10 71 27 88 56 55 62 48 53 39 93 0 46
6 71 72 69 40 35 80 47 31 34 37 0 28
3 38 30 48 34 45 65 72 94 91 78 0 13
9 84 26 25 68 50 45 79 30 82 96 0 42
6 99 41 52 85 41 34 52 36 25 82 0 26
7 58 88 59 56 42 75 77 41 62 99 0 34
4 60 74 48 21 64 33 63 76 46 79 0 18
8 64 44 45 60 26 78 32 87 39 66 0 39
6 40 57 47 96 26 78 43 45 98 69 0 29
5 64 51 31 92 40 76 26 92 47 87 0 24
7 22 52 95 26 61 50 37 78 100 73 0 33
7 43 59 40 43 94 96 51 49 31 96 0 34
6 70 61 25 62 58 41 22 83 79 51 0 27
5 84 38 30 40 24 90 37 34 59 81 0 24
4 26 56 99 32 28 65 94 81 97 42 0 18
9 33 40 95 100 70 64 23 71 30 23 0 41
5 21 53 94 53 74 85 55 38 27 91 0 22
3 33 87 81 75 70 41 57 57 98 46 0 15
5 28 38 71 38 63 91 62 92 84 93 0 22
10 62 82 66 84 81 20 96 54 89 47 0 49
8 71 47 37 21 37 29 86 43 86 37 0 38
7 24 53 27 27 83 68 78 89 51 73 0 32
4 100 20 82 35 83 66 84 28 43 30 0 19
8 53 98 34 43 64 98 92 54 68 75 0 40
7 27 53 55 23 28 32 67 33 32 87 0 34
9 64 24 37 90 93 60 61 46 97 50 0 43
5 75 74 39 34 49 60 30 89 93 64 0 24
10 85 63 24 58 53 82 22 50 96 80 0 48
8 71 42 43 50 48 45 38 45 32 78 0 36
4 52 65 27 79 82 61 22 87 75 48 0 19
10 94 80 77 57 82 89 37 41 46 50 0 46
4 66 72 37 28 39 86 21 71 89 78 0 19
8 55 94 95 89 55 84 89 58 50 66 0 39
10 20 49 29 58 73 70 39 56 88 50 0 48
8 92 20 34 69 87 89 40 87 94 68 0 38
8 21 69 63 66 79 50 86 45 82 81 0 38
5 42 30 28 78 82 48 35 60 41 53 0 21
9 23 49 95 94 22 84 63 21 79 86 0 41
10 90 36 76 68 96 57 91 80 72 78 0 49
6 31 86 68 69 43 28 34 67 77 31 0 30
8 74 26 47 98 75 66 83 37 47 45 0 37
9 48 49 62 91 64 65 43 46 56 37 0 44
9 79 87 82 93 62 84 87 58 24 78 0 42
7 71 37 96 88 62 95 45 57 80 40 0 31
5 81 66 20 51 83 60 29 90 60 46 0 25
10 83 86 86 94 61 51 28 57 95 82 0 46
5 98 84 41 83 100 36 29 53 34 40 0 21
6 64 45 76 65 36 66 57 84 33 53 0 27
6 95 69 63 78 78 69 35 62 30 31 0 28
10 73 28 34 91 55 85 76 86 72 91 0 50
6 60 45 80 69 48 66 33 82 78 69 0 30
10 36 67 97 58 87 27 33 38 80 33 0 48
4 52 42 83 30 80 42 99 86 81 69 0 20
7 26 97 30 87 42 67 46 61 100 81 0 31
9 53 50 81 67 64 75 92 98 70 49 0 43
5 25 64 38 26 39 76 65 33 61 46 0 23
9 41 99 76 27 64 96 20 88 84 88 0 43
7 62 45 94 66 96 53 30 69 73 21 0 34
7 36 33 61 55 53 42 62 92 84 90 0 32
10 68 71 27 24 52 84 56 72 93 64 0 49
4 84 46 71 76 78 31 32 29 47 83 0 16
6 26 85 95 49 34 55 98 28 31 24 0 27
8 62 72 92 22 86 55 32 40 85 99 0 40
2 49 94 64 75 44 33 55 77 72 39 0 10
7 91 52 34 80 29 69 74 88 67 38 0 31
3 31 69 21 51 22 45 20 94 57 35 0 13
9 48 34 57 25 25 45 88 53 42 58 0 44
3 69 89 91 23 77 31 76 95 68 30 0 13
7 40 67 48 80 31 69 47 52 89 95 0 35
3 29 95 83 44 74 99 75 82 74 46 0 15
4 99 59 62 91 96 21 72 64 89 97 0 20
9 73 65 95 58 34 79 56 45 23 89 0 41
4 38 36 49 32 65 78 39 27 29 94 0 19
10 44 36 38 41 29 37 97 90 74 35 0 50
10 90 56 49 71 36 27 62 42 74 61 0 49
6 43 91 98 20 41 89 55 56 93 72 0 27
10 33 62 94 87 68 29 94 97 59 85 0 48
4 51 56 37 29 77 58 62 71 90 24 0 19
3 53 47 76 38 37 69 88 80 80 65 0 12
9 27 75 52 54 26 27 84 64 56 45 0 43
3 70 25 30 73 72 57 77 68 82 72 0 13
3 31 39 28 53 34 64 86 93 46 59 0 11
10 42 80 69 55 77 48 20 46 65 21 0 47
7 79 37 46 37 41 28 47 91 89 38 0 34
10 22 90 53 77 69 55 79 51 20 85 0 49
6 91 49 54 65 71 97 91 97 48 94 0 30
4 33 94 58 91 88 35 71 48 53 71 0 16
5 38 82 72 34 48 91 50 78 30 70 0 21
9 26 59 42 98 77 58 83 65 56 24 0 43
10 28 28 53 61 34 91 98 50 41 45 0 47
9 37 40 81 35 85 67 32 45 96 86 0 45
3 50 27 28 78 27 40 90 88 71 33 0 12
6 61 40 25 52 28 27 72 41 36 29 0 27
10 21 33 81 82 97 98 35 78 46 63 0 49
8 53 22 69 57 69 86 73 99 51 33 0 36
5 38 41 39 48 37 47 49 47 58 89 0 25
5 93 31 94 42 87 98 41 72 41 62 0 25
4 55 82 24 74 45 73 69 50 66 27 0 17
2 76 93 52 32 53 27 30 57 60 35 0 10
3 36 60 59 96 23 63 87 22 98 67 0 12
10 63 25 53 59 25 44 24 63 62 99 0 50
7 95 61 98 58 39 79 44 88 53 95 0 31
9 94 92 85 57 82 51 50 75 87 27 0 45
4 98 78 50 89 22 58 66 95 79 64 0 16
5 38 26 58 93 22 91 51 62 75 33 0 24
3 43 99 57 99 97 36 41 35 78 49 0 12
9 60 91 86 60 67 90 47 88 69 37 0 41
3 93 73 41 62 71 26 79 86 28 89 0 12
6 28 77 32 92 40 26 83 96 98 48 0 28
4 25 80 26 71 99 96 60 87 98 91 0 20
8 37 57 73 73 74 67 70 87 54 55 0 36
7 47 52 24 60 38 46 96 35 93 74 0 34
4 30 51 22 36 35 81 58 27 49 35 0 16
6 95 90 99 67 34 75 58 79 70 91 0 29
3 60 66 77 80 62 86 98 58 58 38 0 12
10 46 98 26 92 72 38 59 100 64 28 0 49
8 71 31 79 52 57 87 57 27 55 27 0 40
3 44 22 30 29 96 53 81 89 69 37 0 15
2 34 62 46 25 33 79 70 39 30 59 0 10
7 42 76 67 88 44 21 63 49 41 93 0 34
7 65 67 80 79 55 81 56 88 71 77 0 35
7 60 53 33 29 45 56 47 84 80 68 0 32
8 41 42 51 46 74 74 60 57 23 68 0 37
6 59 86 74 40 57 58 65 78 27 25 0 26
10 96 24 67 42 46 77 66 86 77 79 0 48
7 98 89 64 51 28 50 86 27 52 43 0 34
3 30 49 88 62 53 36 100 87 25 72 0 13
5 91 70 78 27 50 48 92 49 29 74 0 24
10 29 71 56 44 91 59 92 60 85 63 0 47
7 89 73 77 40 48 87 46 69 85 28 0 35
5 70 27 38 64 97 87 72 59 27 40 0 25
4 87 38 91 42 34 25 91 26 30 60 0 16
7 26 55 75 25 55 42 60 60 39 58 0 35
5 73 98 35 25 63 60 60 41 38 56 0 21
8 51 38 55 45 52 37 40 45 55 24 0 36
8 47 67 29 98 63 21 98 97 46 54 0 38
7 70 64 92 44 99 81 51 68 49 75 0 34
9 34 73 36 68 28 24 51 59 28 87 0 45
4 100 26 90 65 64 29 63 22 43 72 0 20
5 24 87 44 22 95 63 45 58 29 48 0 23
9 34 28 34 40 56 58 93 91 66 32 0 43
4 32 94 94 78 27 84 51 61 83 24 0 19
3 24 99 91 92 52 88 78 99 74 28 0 11
3 58 26 26 95 35 36 32 93 24 49 0 13
6 67 83 92 31 95 92 32 78 70 63 0 28
3 68 89 38 56 31 31 87 87 48 61 0 11
9 34 60 86 35 23 40 31 56 91 61 0 41
6 25 73 76 51 64 21 58 77 65 49 0 30
4 22 21 65 63 40 99 45 23 100 21 0 16
2 95 57 50 51 54 60 51 47 65 46 0 10
5 83 27 47 60 33 51 28 21 80 43 0 24
7 84 79 52 61 52 74 22 63 50 57 0 35
10 66 64 85 22 79 62 73 65 93 68 0 50
10 83 44 58 39 83 57 26 57 35 56 0 50
10 31 58 29 93 52 77 45 63 63 48 0 47
9 56 79 34 99 47 58 35 52 61 41 0 41
6 50 76 27 88 27 74 40 54 84 52 0 30
8 23 45 44 36 67 20 96 35 69 63 0 37
9 90 33 76 20 46 44 45 69 66 79 0 43
3 93 71 53 86 90 74 98 74 58 67 0 12
3 51 80 55 35 22 57 70 96 33 26 0 15
4 65 64 29 39 89 46 32 44 49 93 0 16
4 71 27 34 30 29 41 72 24 53 29 0 20
8 23 41 72 72 95 27 65 23 22 27 0 38
5 70 79 27 84 43 48 65 65 57 78 0 25
8 73 37 87 51 71 39 77 100 65 53 0 38
4 95 21 94 68 80 82 50 44 63 69 0 17
4 70 81 64 40 62 75 96 61 65 56 0 19
3 86 72 80 72 40 50 79 88 50 66 0 13
2 35 89 37 98 42 68 50 30 45 80 0 10
5 71 61 23 48 74 91 81 50 69 23 0 24
10 91 50 69 95 82 75 46 75 94 85 0 49
4 90 50 21 53 94 71 93 33 75 87 0 16
3 93 75 75 93 69 26 34 50 55 20 0 11
9 92 65 90 57 45 39 44 33 27 45 0 45
9 24 86 51 32 68 74 53 40 71 78 0 41
8 78 23 24 92 28 82 69 48 56 53 0 40
7 93 78 63 95 69 89 100 60 45 44 0 32
100 102 107 72 81 100 105 128 96 110
104 126 145 180 184 212 221 242 260 300
104 131 150 160 187 207 231 246 270 283
119 139 151 164 193 206 223 240 271 283
115 129 150 176 191 220 236 250 278 294
109 130 148 170 193 203 234 246 274 283
100 122 147 175 195 203 236 251 265 284
102 133 146 164 197 210 224 249 260 291
107 137 154 172 189 207 228 249 260 289
100 133 160 171 185 211 233 240 266 283
120 139 141 176 187 217 239 256 271 293
109 138 146 171 180 209 230 247 276 289
114 140 156 176 192 214 235 253 280 295
107 132 160 179 199 204 231 245 268 296
100 126 149 170 200 212 238 241 266 284
102 121 141 173 182 218 222 248 274 287
110 139 159 170 181 201 236 247 263 296
118 124 155 179 183 218 228 255 267 293
110 140 143 177 192 215 220 258 260 282
106 136 151 165 199 204 237 242 265 284
101 133 157 178 196 218 231 245 268 293
110 133 151 164 184 220 223 249 272 293
112 131 146 173 185 220 226 242 280 280
107 134 151 167 180 219 240 244 278 300
107 123 149 165 200 214 235 249 278 283
103 131 156 178 184 212 236 258 278 288
106 139 160 167 185 208 237 248 276 288
115 135 150 161 189 210 226 247 260 280
114 127 157 169 182 220 226 260 268 284
114 127 154 172 186 203 235 250 266 283
120 126 140 176 199 207 226 256 263 282
119 122 143 168 186 201 224 242 260 296
113 125 159 165 183 204 231 252 263 297
104 121 158 176 198 208 229 247 279 290
120 139 153 160 194 204 239 241 280 294
100 124 142 160 180 205 233 248 272 296
114 123 158 172 192 220 238 256 263 299
117 140 156 163 195 207 236 257 276 288
115 128 147 167 195 205 233 250 266 299
100 123 154 166 188 219 225 260 279 294
100 122 142 172 182 218 228 260 261 298
105 126 140 173 183 212 235 243 268 294
120 129 160 160 183 215 231 257 278 281
103 129 160 174 187 219 232 250 278 292
112 137 141 161 183 220 220 248 267 290
111 129 150 179 195 205 226 252 275 288
117 133 153 162 195 217 238 249 275 288
115 125 148 164 195 201 222 244 277 295
113 135 142 167 195 216 220 244 272 294
115 130 146 160 188 202 240 250 276 295
115 120 147 170 180 207 239 260 271 293
118 126 151 161 181 204 224 251 276 286
114 135 157 177 190 205 224 260 268 299
115 126 148 167 197 211 223 254 275 289
104 128 140 162 181 212 232 240 278 295
103 121 144 175 188 205 234 255 267 297
110 132 160 160 199 212 224 250 270 293
108 123 148 163 193 215 224 251 276 294
107 139 160 172 188 210 231 255 271 287
113 130 153 161 198 200 226 251 277 292
118 135 144 173 180 216 234 251 268 285
102 140 153 163 187 201 233 241 270 282
116 129 160 169 185 204 240 255 262 294
110 138 149 168 180 208 240 248 260 295
100 124 148 173 189 205 235 241 277 289
119 127 156 180 190 207 234 246 269 292
109 120 148 180 186 208 232 249 275 282
113 122 144 168 184 201 221 254 280 288
119 125 157 171 197 203 239 246 280 296
104 122 156 164 189 211 227 243 263 296
104 137 155 173 193 209 228 254 262 286
101 127 155 166 188 220 223 254 260 290
115 137 144 171 197 204 233 247 262 291
104 123 156 168 192 220 225 251 266 292
100 121 156 174 194 200 239 242 266 284
117 120 148 177 184 217 237 241 278 288
105 140 150 164 189 219 225 247 273 289
119 130 145 177 184 210 240 240 260 298
109 134 147 180 192 207 235 243 269 291
106 130 150 170 189 203 235 244 276 296
110 138 157 174 191 216 227 258 271 289
120 137 148 180 197 214 238 244 263 291
101 132 149 180 194 215 220 248 272 287
114 131 160 168 191 201 238 254 269 293
119 135 149 166 199 216 231 248 273 284
109 122 140 171 193 214 227 250 263 292
100 136 146 174 192 205 231 243 261 286
102 136 156 164 200 209 239 255 273 294
101 136 143 173 187 200 232 241 273 300
100 127 157 164 190 212 236 257 266 280
108 123 149 160 187 217 237 246 271 300
115 126 152 175 187 216 223 258 271 293
114 122 144 165 193 211 233 255 267 297
114 138 159 169 193 203 236 246 279 282
106 126 158 163 181 216 226 243 261 280
118 120 150 173 187 214 237 249 276 286
109 133 158 161 184 203 234 243 270 296
106 135 152 163 183 216 229 240 268 290
118 137 160 175 195 215 239 241 262 284
105 131 152 171 183 204 220 257 279 293
115 128 152 176 188 216 229 257 274 289
104 125 158 173 184 200 221 240 276 289
109 128 153 179 184 216 236 250 277 298
110 133 150 162 189 205 232 259 261 297
108 126 154 174 195 209 230 253 263 282
107 125 153 160 192 217 221 255 263 296
117 140 148 177 200 215 225 251 280 284
110 138 151 175 190 214 233 249 269 288
102 139 145 162 184 217 230 247 267 300
110 125 158 168 183 203 237 241 261 280
109 127 157 177 183 201 232 243 260 291
115 130 143 164 196 213 234 241 260 294
110 132 155 167 185 219 226 241 268 296
107 138 144 164 186 214 236 257 272 286
109 139 157 173 188 208 226 257 279 292
118 133 146 168 190 200 228 240 261 281
114 134 142 172 188 219 239 240 275 292
110 133 156 175 196 218 236 241 264 289
111 129 156 166 196 213 236 244 260 283
118 122 160 167 188 214 223 258 271 296
117 137 158 170 181 209 237 248 262 285
111 122 152 180 183 206 237 240 264 283
108 132 143 180 186 211 226 255 276 299
119 135 142 162 193 218 232 250 276 288
118 122 146 165 200 207 232 243 264 284
120 121 143 166 184 210 230 257 277 281
115 124 159 178 195 200 232 256 271 283
117 130 143 179 189 207 225 254 264 292
101 122 152 167 181 216 233 242 268 298
102 136 154 163 185 215 232 254 275 286
110 124 147 162 189 218 235 250 271 282
113 120 145 161 183 212 238 259 260 287
117 126 142 171 194 208 227 254 267 288
103 135 144 177 182 205 228 245 276 285
112 137 154 175 183 209 229 252 262 290
105 123 158 173 198 200 220 244 280 282
116 138 155 169 197 214 232 258 276 288
109 132 157 180 183 220 237 258 278 289
120 125 156 177 196 220 230 248 275 283
108 120 150 177 183 217 228 249 279 290
116 140 149 180 195 203 222 245 263 293
103 133 141 165 191 201 229 249 273 284
116 132 159 162 186 207 220 257 279 286
112 120 142 165 191 212 232 245 276 299
102 135 158 179 182 206 237 243 274 298
100 122 142 161 198 208 237 253 266 299
115 129 140 160 197 200 240 252 275 291
117 122 141 172 190 213 226 256 280 295
119 136 149 178 196 211 235 253 275 280
104 125 152 161 183 213 240 248 265 297
120 123 150 168 198 201 220 246 272 294
117 136 148 169 194 219 234 249 272 280
107 136 153 166 185 202 221 256 278 296
109 128 141 176 183 204 223 257 273 288
100 126 151 180 198 212 226 251 278 296
118 128 158 163 188 201 238 254 278 281
119 123 145 172 182 215 234 256 270 299
102 125 140 164 200 210 229 247 272 293
109 121 144 180 190 205 233 245 279 282
102 139 156 168 199 200 224 252 260 290
114 132 154 179 199 203 221 252 264 286
105 125 155 177 198 214 240 252 268 292
117 130 143 162 181 203 231 247 262 299
112 136 149 171 188 212 238 252 264 293
104 124 145 161 194 210 239 254 273 291
117 138 151 168 180 202 234 240 262 291
116 138 145 169 185 207 223 257 272 294
108 126 140 177 200 207 231 251 270 288
106 121 151 170 185 209 223 255 276 280
111 136 146 171 196 203 220 258 271 285
117 135 148 162 199 206 232 249 267 289
100 140 156 170 194 201 240 260 280 283
103 137 159 178 194 209 227 253 266 284
115 131 145 167 195 201 232 255 261 293
107 139 159 170 195 209 229 246 277 282
119 139 160 175 188 215 240 254 277 289
109 126 150 162 186 216 222 257 265 287
100 140 149 163 195 202 220 258 277 296
114 139 141 168 193 205 230 250 277 296
114 124 151 172 180 210 224 248 267 291
112 134 154 180 187 206 220 251 269 285
103 136 154 179 199 209 229 259 272 280
118 135 148 172 196 202 231 240 261 290
110 127 142 172 185 204 238 246 266 300
113 131 149 168 193 220 235 255 273 293
104 128 140 163 194 202 232 247 277 284
102 140 151 171 183 210 227 248 279 289
101 133 145 160 187 203 228 250 273 283
117 132 142 177 189 204 231 259 268 286
101 132 149 160 180 200 236 242 270 300
118 126 159 161 199 211 238 243 269 288
109 131 140 162 190 220 231 248 260 281
119 133 142 171 185 204 236 250 280 298
103 134 152 177 186 208 236 240 261 290
113 123 149 174 183 203 228 259 260 287
113 124 145 171 199 211 234 243 268 283
104 129 146 179 196 208 225 247 280 297
118 123 158 177 191 210 229 243 275 281
117 134 143 164 184 205 227 258 266 291
105 122 155 173 200 205 236 240 275 287
102 136 152 177 197 217 237 248 262 287
109 123 153 165 181 204 226 251 280 299
101 138 149 170 188 211 224 249 280 286
116 135 154 166 183 208 232 249 271 300
107 140 140 175 183 218 226 245 279 296
114 125 154 180 198 216 234 247 276 286
109 127 149 170 198 204 239 254 270 290
103 126 141 161 196 200 222 247 264 296
117 131 140 160 181 201 230 249 262 291
116 133 146 167 200 205 228 248 266 292
118 140 155 173 181 201 240 248 269 289
101 126 160 163 195 205 220 259 272 295
103 138 157 163 182 200 233 256 279 280
110 131 146 180 192 203 221 247 265 296
115 140 141 173 187 220 221 259 280 296
108 138 157 168 183 219 221 252 275 288
108 137 151 162 182 219 230 253 269 281
117 125 143 175 200 220 236 241 267 286
119 130 148 167 197 208 235 245 269 286
117 139 150 179 199 207 238 248 279 296
118 132 157 164 185 215 231 258 277 288
105 121 146 180 198 200 223 255 270 291
106 138 148 161 196 214 232 254 276 297
101 130 156 178 193 216 235 251 268 296
101 135 150 179 184 220 223 243 278 297
111 124 157 162 181 202 227 256 260 290
101 129 149 180 195 215 220 242 269 289
115 133 153 178 194 218 232 257 261 298
111 124 145 170 184 202 237 254 272 293
119 135 155 162 191 214 239 246 273 289
119 125 149 165 181 206 228 242 275 292
113 124 157 171 185 211 237 258 263 295
115 133 160 162 186 207 223 258 270 291
119 133 149 179 187 200 236 252 272 298
115 134 157 164 182 216 222 246 273 280
114 128 155 171 200 217 231 244 274 299
110 128 148 160 192 202 238 256 269 286
103 137 149 177 184 209 235 244 261 297
105 125 158 175 199 218 236 249 280 295
120 140 154 162 182 209 229 250 265 295
109 129 143 164 185 202 224 251 274 287
102 125 160 163 198 204 239 258 272 296
116 138 147 171 180 209 230 241 264 290
116 127 143 160 193 206 240 255 275 299
118 129 158 176 196 218 229 254 265 297
107 140 149 180 180 202 222 240 274 282
106 137 146 169 181 215 231 254 276 287
110 131 156 174 187 213 220 248 265 296
116 123 158 176 197 204 226 259 265 298
110 132 141 166 186 209 226 245 280 284
111 132 152 174 193 217 221 256 280 296
118 131 150 179 193 203 220 243 268 293
112 138 150 178 196 201 229 253 260 291
108 125 158 166 196 210 222 250 276 299
120 129 141 174 192 217 238 243 262 281
109 137 160 171 199 218 227 243 274 282
110 138 140 176 200 208 221 241 277 281
114 135 142 175 182 212 235 258 269 283
116 123 155 169 187 220 240 244 263 298
101 127 150 162 180 211 239 260 264 296
109 129 153 162 180 213 226 248 275 284
104 138 152 175 196 201 235 256 267 287
100 131 142 172 191 210 222 252 265 282
113 124 154 178 200 206 228 252 272 283
106 127 149 160 199 220 238 250 265 280
109 133 151 173 188 202 227 242 277 286
112 129 148 161 180 200 229 253 270 297
114 122 153 165 190 217 232 256 270 294
113 132 158 173 183 213 229 258 260 300
117 130 150 178 183 206 231 246 270 296
116 140 142 160 185 213 234 244 276 290
112 139 145 170 188 216 223 258 276 285
112 121 145 171 182 201 239 253 265 285
106 132 143 179 199 208 237 254 272 288
107 124 147 171 199 214 231 254 263 296
117 139 153 167 194 218 225 248 272 293
106 124 159 172 194 208 229 251 264 300
110 128 157 167 196 211 233 251 273 294
115 121 151 175 181 217 226 253 280 294
114 130 149 171 185 205 235 248 274 299
112 130 155 178 191 200 229 252 267 287
103 135 147 179 183 216 239 240 269 300
105 137 158 168 187 216 220 244 279 300
104 124 155 164 183 212 235 250 272 298
120 136 145 178 197 206 238 254 263 288
110 121 140 163 182 215 226 253 272 291
108 126 156 169 196 205 239 258 275 299
100 140 150 168 184 204 229 254 267 289
115 139 146 176 196 209 223 244 268 300
113 137 157 177 195 204 237 243 263 284
115 132 160 173 195 214 226 245 260 299
111 136 147 172 190 216 224 255 275 287
112 140 157 174 186 209 235 245 279 290
109 133 144 171 198 220 230 242 261 300
110 120 154 165 199 207 222 245 261 296
113 137 157 171 192 215 238 259 271 300
119 132 159 161 199 218 222 256 270 295
100 136 156 161 196 207 232 245 271 282
120 138 141 168 187 203 225 253 275 285
101 126 156 170 190 218 223 248 272 287
112 120 144 172 189 208 233 257 261 291
107 120 155 166 197 207 233 248 271 285
109 130 149 176 199 201 229 244 268 286
101 124 145 175 200 218 224 253 269 285
111 137 148 176 189 208 222 244 262 287
106 137 151 163 194 220 230 243 271 285
119 133 142 163 200 207 235 260 262 285
115 126 146 164 182 213 227 256 266 282
112 121 143 160 194 220 224 243 274 285
107 136 147 176 189 216 240 250 277 295
102 129 159 174 182 201 239 245 262 298
106 121 156 180 197 203 229 251 263 282
112 137 155 160 183 217 235 246 266 280
110 123 140 169 188 213 230 252 279 297
106 134 142 175 196 205 228 257 270 280
117 131 155 175 189 203 226 241 274 281
118 137 145 173 180 200 229 249 279 282
102 140 154 165 187 205 232 241 275 285
111 128 154 163 196 208 232 245 279 284
105 122 146 176 188 207 221 260 271 294
110 126 140 177 191 206 235 241 264 300
106 123 158 171 181 201 224 247 270 299
101 139 140 164 180 211 237 257 275 287
113 125 150 178 196 215 232 245 265 284
109 134 151 163 199 206 221 240 262 286
110 133 144 168 197 219 226 241 275 287
106 125 156 174 182 210 234 243 271 284
105 133 150 173 194 209 231 241 260 287
114 135 157 173 186 203 231 253 276 285
102 139 157 171 197 208 222 244 274 280
104 138 143 167 196 218 230 241 268 286
106 140 158 161 185 206 231 260 265 297
109 135 157 166 200 205 236 247 264 289
109 121 150 165 189 217 225 260 270 299
119 120 155 164 196 210 230 250 265 284
116 138 148 180 196 209 221 252 266 283
120 123 151 180 198 201 230 247 266 295
108 122 152 176 190 217 239 243 275 281
112 129 155 175 190 202 228 242 274 295
105 137 143 178 186 216 221 251 264 283
101 130 151 162 187 216 236 242 278 294
104 139 156 169 181 216 220 250 272 290
102 120 147 166 194 214 220 260 274 285
114 121 144 161 182 205 235 250 276 280
109 121 144 176 189 208 236 243 269 282
110 135 160 163 187 215 230 249 260 287
111 126 150 170 187 208 239 255 277 288
117 130 151 162 188 205 220 260 264 292
110 125 159 163 196 205 238 244 266 294
101 140 148 164 199 206 221 256 277 282
116 140 156 173 197 219 234 257 263 291
110 131 158 178 180 202 231 260 261 283
110 121 140 174 193 206 231 255 269 286
119 120 152 180 193 219 222 246 264 283
119 122 149 177 194 202 238 242 263 282
119 123 143 163 188 220 236 249 260 281
118 125 159 174 184 218 227 245 278 293
105 123 158 171 189 201 225 249 278 284
103 123 157 180 197 204 224 241 270 297
100 137 149 164 183 205 235 252 271 289
108 124 159 180 198 200 226 254 271 283
111 122 152 161 193 211 238 256 276 284
110 123 153 164 188 203 240 259 277 296
101 124 140 166 185 219 221 250 267 294
111 138 147 170 183 218 225 251 265 288
106 134 157 172 180 217 236 252 278 285
116 137 154 171 181 218 235 243 273 294
106 121 144 172 180 207 234 242 265 291
104 128 143 167 186 206 233 242 262 295
118 121 140 177 193 210 222 241 270 298
112 131 150 160 190 210 226 258 273 286
116 128 146 175 189 215 221 240 262 287
110 139 153 164 191 202 221 255 278 285
109 125 144 172 199 212 226 251 262 290
103 129 157 162 186 210 221 242 267 296
102 138 152 180 195 200 238 256 276 290
104 122 155 173 199 201 229 248 279 284
103 125 150 180 184 201 233 251 267 288
100 123 143 170 195 208 220 247 278 296
113 129 143 168 190 211 226 258 261 300
113 139 154 172 199 209 231 245 273 299
100 134 159 169 181 216 221 248 271 289
106 122 142 161 198 220 238 255 261 286
112 123 143 178 191 208 230 248 263 295
116 140 144 180 185 202 230 252 262 282
114 140 152 161 189 211 238 244 267 292
114 134 141 173 181 218 240 256 278 291
103 124 146 172 197 212 232 243 276 284
111 139 146 174 199 211 228 256 260 293
117 130 150 164 190 210 234 241 260 286
109 139 148 163 184 210 236 245 276 281
110 125 140 169 192 212 226 254 276 298
115 137 151 161 199 209 220 255 278 296
119 124 155 173 183 213 236 256 260 295
102 127 147 168 198 203 224 245 270 284
102 132 143 175 185 203 228 249 264 290
107 130 152 165 195 206 226 250 268 298
118 130 156 166 199 211 226 259 274 291
116 127 143 169 191 202 229 247 261 295
102 128 142 172 180 207 237 248 265 297
101 133 145 163 198 213 232 249 274 291
113 132 154 167 197 208 224 243 276 288
105 132 147 161 194 202 220 258 271 287
105 125 141 169 190 205 240 256 273 298
105 123 148 161 184 211 233 243 276 287
111 137 157 160 184 214 237 247 277 280
115 130 156 169 191 219 229 241 280 296
116 126 157 172 189 200 220 259 269 292
107 122 144 166 191 210 237 258 269 299
103 132 160 164 197 217 226 254 267 292
114 140 153 166 185 210 229 250 261 290
101 128 143 172 185 208 225 247 265 294
117 135 152 161 193 209 231 248 271 286
111 139 156 164 196 215 238 257 261 282
115 122 147 164 197 207 240 258 274 295
119 124 152 167 191 209 225 254 264 291
107 140 147 161 186 210 238 250 277 286
103 120 154 178 181 220 221 245 261 286
102 135 143 166 193 204 236 242 266 287
106 121 143 170 192 208 232 245 279 296
118 120 146 170 195 200 232 247 267 287
111 123 157 176 191 209 229 245 280 300
105 125 148 180 199 214 225 243 271 300
103 126 156 167 192 202 228 255 275 286
105 128 157 177 200 218 224 252 276 294
118 136 150 173 199 207 237 259 272 293
116 121 141 169 196 216 229 244 262 281
104 121 143 179 182 207 231 257 272 292
116 123 148 167 196 213 229 240 271 296
117 122 146 166 195 206 235 249 266 299
108 140 156 180 189 214 240 250 269 288
110 126 152 180 198 204 235 257 267 286
120 127 160 160 186 205 220 257 272 297
104 136 155 179 199 211 233 245 264 286
119 120 156 180 191 213 227 243 265 282
107 129 150 176 193 202 229 249 270 293
107 136 146 169 199 217 226 250 269 300
107 123 153 160 180 220 230 253 264 290
117 132 150 167 194 212 238 256 275 280
120 129 143 166 181 216 226 246 276 291
106 139 151 161 197 207 224 255 278 289
110 123 143 169 194 214 239 254 269 284
104 123 158 170 187 202 223 258 271 299
101 122 140 167 182 205 222 260 272 294
102 134 142 176 183 207 232 244 260 281
120 132 152 178 192 215 221 243 268 288
109 125 155 178 183 212 240 247 261 300
101 140 158 161 190 215 230 253 269 288
102 133 152 175 199 210 233 242 265 293
116 136 142 179 199 212 222 242 272 282
114 136 140 176 185 200 229 246 266 294
102 128 141 168 199 218 221 246 260 292
106 134 160 180 186 216 239 243 268 297
101 132 160 161 187 201 224 242 280 285
113 124 145 168 192 214 233 251 278 284
110 132 145 166 199 220 227 245 268 289
114 133 145 173 193 213 224 255 277 283
107 137 158 160 200 209 231 256 277 290
104 129 147 173 182 212 225 260 267 283
100 132 145 178 190 214 229 253 275 293
106 135 146 172 185 214 221 246 276 291
101 135 157 175 190 216 225 253 268 292
100 134 154 180 186 219 234 254 265 297
100 133 152 170 184 214 234 246 278 298
114 136 150 176 193 219 240 254 280 296
103 129 144 165 191 220 220 252 269 297
111 133 151 160 192 219 230 252 273 286
105 129 158 178 184 217 238 241 260 300
109 121 151 160 192 204 223 243 265 283
102 137 159 178 194 214 233 257 266 296
116 135 144 166 195 214 237 245 275 299
112 131 141 179 199 219 240 248 278 296
113 122 148 177 195 217 220 240 278 284
115 136 147 175 186 207 230 242 280 288
105 136 154 163 194 205 227 246 280 298
103 127 148 165 200 208 221 247 277 296
111 131 142 169 184 202 231 259 279 299
110 134 159 179 186 213 225 248 262 280
116 131 157 177 198 219 238 248 277 290
103 124 146 168 191 219 232 252 274 298
116 136 156 167 199 213 220 250 260 292
118 138 144 177 194 211 239 253 272 287
116 132 141 174 183 202 233 250 265 285
119 132 158 178 182 218 221 248 275 280
111 138 149 174 185 220 222 240 279 296
113 137 140 160 195 217 240 255 274 288
116 131 149 175 189 212 238 258 273 291
117 131 151 171 190 218 225 251 267 292
112 139 147 174 183 214 225 259 261 291
108 130 144 162 196 210 230 242 272 281
107 123 144 162 197 200 234 252 274 290
104 139 147 174 183 212 225 245 265 285
103 122 159 180 192 207 227 256 277 291
106 124 152 180 182 212 236 243 260 285
115 137 142 164 181 217 237 258 263 291
109 122 155 161 195 208 225 245 272 294
116 126 146 175 191 207 237 251 268 282
118 131 159 175 183 209 225 240 273 294
110 136 147 180 189 203 236 246 277 294
100 124 148 165 184 216 231 251 268 282
105 121 156 161 195 202 229 242 260 299
117 126 142 172 195 208 230 254 269 298
107 129 153 170 198 215 234 256 271 300
103 125 147 163 200 209 226 245 280 293
116 135 152 175 196 211 236 255 263 282
109 121 155 169 198 205 224 251 273 292
103 127 151 180 188 211 225 241 270 296
114 135 149 160 183 200 223 244 269 285
116 140 159 176 194 210 238 260 268 287
105 132 156 161 186 214 228 250 262 282
103 132 160 174 195 207 226 241 264 285
100 125 160 166 191 216 222 250 263 293
114 128 148 178 197 200 224 246 261 287
107 130 152 175 199 216 233 254 279 295
105 125 155 171 191 208 224 252 279 287
105 121 146 163 183 212 232 240 267 299
111 137 151 179 182 213 222 247 266 288
103 128 146 164 194 204 222 240 275 281
109 131 150 160 183 201 227 253 261 287
116 135 147 166 188 204 235 240 276 291
120 120 141 177 191 211 221 249 278 291
100 140 156 170 193 218 232 255 264 287
100 130 146 161 192 215 226 248 260 299
107 126 152 177 189 206 232 245 269 299
105 137 150 167 192 212 240 242 265 287
117 127 160 165 186 213 238 244 277 288
104 128 154 170 181 208 240 244 279 283
108 138 142 176 200 210 221 248 272 288
108 136 146 168 198 212 224 260 269 287
114 121 158 180 194 208 226 243 278 284
117 131 160 163 181 215 233 246 270 286
115 124 154 171 190 205 224 255 272 282
109 121 141 179 197 209 227 240 272 280
115 139 144 179 200 210 220 257 273 291
117 140 148 176 196 208 227 259 269 282
116 128 144 163 191 203 240 250 274 291
101 123 159 180 196 214 237 256 275 290
118 126 158 166 192 215 220 247 278 300
113 131 156 173 181 204 226 250 276 296
115 124 146 176 188 220 224 240 268 300
108 127 158 170 189 218 227 256 267 300
116 131 140 170 187 213 226 240 268 295
119 137 143 167 200 209 235 254 269 296
101 121 147 172 180 219 238 241 270 298
102 129 151 173 182 207 227 247 270 284
102 129 142 162 182 202 231 250 274 293
100 125 153 171 183 216 222 244 270 294
115 120 148 176 184 210 228 250 260 299
118 133 151 169 196 218 239 246 272 292
101 139 158 172 184 200 239 253 275 293
100 137 140 162 186 202 230 260 267 282
101 139 146 166 199 219 234 246 261 285
102 122 151 174 185 216 223 244 265 298
104 123 146 166 184 219 238 249 264 296
111 130 156 173 200 213 237 251 260 300
117 122 143 179 194 205 232 242 266 285
101 127 149 165 187 214 231 247 261 298
106 138 146 167 195 203 237 259 272 284
102 128 152 173 181 200 228 260 260 283
109 138 143 170 197 217 231 260 260 300
103 124 147 163 196 203 236 243 277 294
103 134 156 162 198 200 240 245 275 300
108 126 154 169 180 207 238 244 269 295
101 124 148 173 194 213 224 245 270 285
103 122 154 172 192 206 220 257 273 291
120 132 158 175 186 219 238 246 271 285
103 130 160 168 182 207 223 254 270 280
104 120 141 174 183 216 239 246 270 297
100 123 160 180 199 219 230 258 261 295
116 132 141 167 189 205 223 256 261 291
113 125 160 171 194 203 225 251 270 287
109 124 145 167 181 214 226 259 267 285
106 129 140 175 191 216 229 246 272 299
117 140 154 163 194 216 220 249 264 283
115 131 141 177 192 207 227 255 278 288
109 123 160 177 192 208 238 254 264 296
108 135 157 171 182 215 228 243 270 283
120 125 156 174 182 211 240 248 272 282
108 131 149 171 196 220 233 257 260 281
101 129 158 174 182 209 239 254 269 297
116 135 142 171 188 219 232 258 267 298
102 126 154 164 183 205 232 256 268 299
101 138 152 174 190 216 223 251 273 292
105 129 160 168 182 200 231 253 270 294
114 133 160 165 200 205 224 250 272 285
108 131 149 162 190 218 229 245 278 291
111 134 155 174 180 209 240 257 263 300
120 123 144 169 187 203 234 260 269 285
112 134 147 175 185 211 230 247 268 289
108 137 140 180 190 203 229 241 264 284
118 139 145 163 187 211 240 252 269 280
112 130 143 164 181 210 235 241 271 288
105 136 150 173 180 211 234 242 265 284
100 139 154 179 197 210 234 244 271 297
120 126 141 180 183 206 229 245 272 298
103 127 148 167 192 209 231 254 264 290
116 135 156 165 196 207 220 249 270 289
120 128 157 174 188 213 239 240 260 280
108 134 151 172 180 204 228 259 278 294
119 121 143 163 197 203 220 247 261 292
119 133 156 177 195 207 239 247 261 291
109 131 157 165 196 220 230 256 266 295
113 126 160 162 180 203 236 250 260 294
113 123 159 173 189 204 226 253 280 286
114 125 158 167 196 201 237 250 273 280
110 132 155 177 197 216 240 250 272 298
115 121 148 166 200 208 231 257 263 293
116 135 153 176 183 214 237 242 274 295
113 130 141 179 195 213 226 252 269 299
109 120 152 160 195 200 235 244 280 287
115 120 152 180 183 216 230 252 267 281
108 139 160 175 187 208 220 240 269 297
107 138 147 173 194 205 226 246 280 295
117 137 140 170 193 207 233 258 267 290
115 128 148 172 196 214 232 259 276 300
116 129 147 176 189 204 230 248 264 286
103 123 158 164 190 214 232 246 271 288
116 136 147 164 192 216 235 251 277 281
106 134 141 180 183 203 238 240 273 291
102 132 154 174 193 220 226 250 270 289
101 134 149 160 185 203 228 258 274 289
117 124 150 178 195 208 236 251 271 294
109 139 160 179 195 205 227 245 270 294
105 121 144 163 190 206 236 244 272 291
120 122 149 178 181 215 224 244 280 296
107 129 158 164 186 220 220 260 260 300
101 128 152 171 197 203 225 251 273 284
106 136 153 160 197 206 240 242 275 287
118 140 140 179 199 218 221 248 262 291
114 127 147 173 185 219 233 242 279 296
111 130 140 170 191 210 229 240 269 293
103 127 143 176 184 207 238 251 268 292
115 125 155 177 195 215 224 259 267 281
102 125 147 162 198 206 238 251 266 298
100 139 148 166 183 214 225 260 260 282
118 121 141 169 184 200 221 251 276 284
113 124 149 175 196 211 224 243 262 287
101 132 152 161 187 200 238 248 261 296
120 126 152 171 189 205 227 259 279 283
103 134 142 171 185 216 226 243 279 282
106 136 148 161 185 211 222 260 267 284
107 136 158 169 184 216 227 246 275 296
116 132 151 165 184 218 230 260 267 282
119 122 160 176 183 206 236 254 271 295
105 131 150 177 197 201 220 249 276 297
112 132 160 172 193 208 224 255 277 293
110 133 153 176 196 208 240 252 271 300
107 140 149 167 187 219 223 254 260 286
108 129 146 180 197 208 226 247 261 284
106 132 142 165 186 213 220 260 270 298
110 136 158 180 196 217 237 242 263 291
115 136 150 164 188 200 228 259 266 293
103 134 159 161 200 214 230 241 264 285
102 127 155 171 189 203 235 254 278 293
109 129 145 175 181 201 228 247 266 290
104 140 148 164 194 220 229 250 275 280
106 122 155 160 188 215 229 241 275 284
112 129 142 163 197 212 222 251 267 293
114 136 142 167 184 212 228 254 263 288
114 128 151 170 190 201 231 240 265 291
100 124 145 176 186 216 235 243 263 289
101 130 150 176 195 212 233 248 262 289
116 129 140 170 183 212 234 258 267 289
106 134 159 167 193 201 222 250 271 288
105 120 159 175 190 219 220 240 260 294
114 129 146 166 185 212 233 243 268 281
108 132 151 178 181 215 230 240 276 296
114 137 143 177 188 217 231 256 276 298
114 138 156 180 190 216 233 252 261 296
120 137 150 161 196 200 221 260 266 281
109 128 146 168 194 208 237 257 268 299
104 125 154 176 200 215 240 259 267 292
112 121 153 160 186 203 235 251 262 286
113 126 148 160 188 200 229 258 271 280
109 124 153 165 183 216 239 258 269 285
115 125 140 173 180 211 236 254 280 283
120 125 145 180 190 219 231 249 260 288
113 139 150 179 194 204 224 243 263 300
118 122 158 180 187 201 231 242 261 282
102 131 157 160 181 201 239 246 278 299
103 130 143 163 196 209 235 242 277 285
105 129 145 166 193 208 223 242 265 288
110 120 140 172 187 214 223 253 260 296
100 131 157 170 197 214 232 251 277 296
118 122 159 164 181 216 223 257 275 294
113 134 151 160 198 218 225 240 270 280
119 130 157 163 193 215 229 249 266 287
118 136 151 168 198 206 236 246 280 300
100 126 143 180 186 209 236 247 265 296
100 140 154 179 188 206 226 256 275 282
101 127 143 170 180 202 222 258 276 295
113 120 145 161 194 209 221 247 274 283
104 136 145 178 186 204 227 255 278 282
114 139 146 180 193 212 233 243 264 288
107 131 140 174 186 204 232 250 270 282
106 121 146 170 199 212 230 260 266 286
102 126 146 169 192 216 233 258 271 286
112 137 159 162 183 213 221 255 270 280
101 133 140 168 190 220 221 249 272 287
110 139 155 178 193 203 223 249 273 294
120 126 143 164 188 206 237 245 266 292
118 128 156 172 189 218 233 252 278 295
108 138 155 174 190 206 220 248 275 286
104 138 151 175 192 218 226 248 270 285
104 137 140 164 185 200 225 245 266 286
107 121 144 169 187 205 232 242 260 284
107 137 141 177 187 210 220 246 280 290
119 132 141 161 183 203 226 256 268 298
105 123 140 161 187 215 227 255 264 295
110 136 144 160 199 206 233 256 261 298
115 122 158 162 199 202 230 251 264 290
113 127 143 166 189 203 229 250 267 293
101 139 141 168 185 216 220 256 270 281
104 126 160 176 185 202 220 249 262 295
119 135 150 171 192 203 238 251 263 293
111 120 149 162 195 205 221 240 277 288
112 126 141 180 195 208 240 240 267 288
109 127 146 169 185 204 228 250 274 284
118 128 146 165 185 216 230 247 274 280
105 139 150 176 192 209 223 249 271 292
107 136 157 169 189 205 234 254 273 290
105 130 140 164 184 212 225 243 268 283
109 134 147 179 199 205 234 258 266 289
117 123 142 178 200 215 231 260 262 290
103 133 143 171 198 215 231 249 278 290
112 121 157 164 194 202 238 257 277 296
112 120 155 165 198 203 231 248 272 291
107 120 145 164 190 200 223 243 280 285
104 135 145 167 196 205 233 242 267 300
109 136 160 179 187 217 233 260 262 295
101 140 140 162 188 217 227 254 274 289
104 139 153 180 193 213 222 241 274 285
119 129 145 170 187 209 237 253 262 286
117 135 145 174 182 205 235 249 280 295
116 123 159 170 200 208 226 255 271 288
110 132 150 165 181 217 228 260 261 296
100 138 141 172 185 200 236 257 265 283
101 137 140 177 187 201 220 241 271 296
103 138 144 180 192 216 236 256 265 289
110 129 151 169 184 220 221 251 272 291
115 138 157 171 188 213 222 244 275 298
108 133 151 176 200 219 224 253 277 284
120 140 152 162 200 205 232 251 280 290
111 135 141 163 198 204 221 251 270 288
113 123 157 173 181 207 236 247 260 292
112 127 159 174 198 213 239 245 269 292
105 125 159 177 186 217 239 245 268 291
105 129 160 172 180 207 230 247 270 285
108 133 149 175 193 208 228 253 266 287
101 125 150 163 186 200 227 242 261 292
100 125 153 180 200 210 231 257 275 286
106 138 143 173 200 213 230 257 260 295
113 127 143 166 188 213 220 257 279 286
101 132 156 178 185 211 240 248 271 285
107 128 149 173 200 206 234 252 275 298
118 135 153 162 186 206 235 258 263 282
119 137 146 177 193 206 225 258 277 297
105 126 149 161 185 209 239 249 264 295
107 121 141 161 190 220 228 242 265 285
107 132 156 167 182 205 223 251 279 299
119 127 145 169 185 206 229 248 261 285
112 122 141 177 182 216 225 252 265 287
120 127 144 165 192 212 220 242 261 288
106 131 150 162 181 203 233 247 262 299
100 139 159 172 184 203 233 257 269 287
111 138 145 169 181 212 239 259 267 288
100 126 156 176 183 214 224 240 266 296
100 122 158 173 197 220 239 249 268 290
118 130 160 174 197 209 227 260 266 283
119 129 150 171 197 204 235 249 267 287
114 126 140 173 187 217 231 253 277 287
117 131 144 168 191 219 223 240 272 288
108 130 153 169 188 201 226 241 270 280
100 120 149 176 191 212 228 240 276 294
111 137 142 177 189 214 238 252 270 284
104 128 156 164 190 212 229 255 274 300
114 126 158 179 190 207 228 243 275 299
104 122 149 173 190 216 235 253 269 288
110 127 158 161 188 219 238 242 273 282
109 130 158 165 193 211 237 240 271 300
114 124 155 174 189 220 233 244 278 291
104 123 153 160 183 214 226 246 262 280
116 135 154 162 200 206 240 259 262 288
115 127 153 160 200 205 231 243 268 280
119 132 150 164 183 200 233 254 266 286
108 125 155 180 184 206 238 241 277 286
119 134 154 160 197 216 235 257 264 297
119 123 144 178 195 200 223 259 270 291
108 140 150 163 192 210 228 245 272 286
108 140 144 165 196 218 235 253 275 282
112 140 152 177 193 201 221 246 262 299
119 137 147 161 188 215 229 251 273 292
107 136 142 167 181 202 222 243 276 298
113 140 142 180 188 209 232 246 276 282
102 134 141 174 197 205 235 243 268 280
104 127 153 160 197 210 227 248 274 296
119 126 141 173 193 218 227 253 278 281
101 129 146 166 197 206 239 242 260 281
108 129 148 173 193 203 223 256 273 294
101 137 142 178 191 219 226 244 276 283
115 126 146 166 189 200 223 250 267 299
119 130 147 174 187 201 236 242 260 295
114 123 143 170 187 203 240 247 272 282
104 137 155 176 188 203 232 252 273 291
107 134 157 171 190 208 221 253 274 284
111 125 150 162 199 220 238 257 264 296
109 132 143 163 191 204 221 253 260 296
103 130 151 166 184 213 240 252 269 298
117 128 159 176 200 209 231 244 261 287
109 134 144 175 190 209 238 242 262 291
108 123 141 160 200 218 237 256 273 287
114 126 148 175 191 212 232 243 269 300
116 121 145 174 185 200 240 250 276 298
120 137 159 180 195 202 233 240 270 286
107 122 140 168 190 209 229 241 276 287
116 139 148 169 194 203 227 258 277 284
103 126 151 172 197 201 234 251 270 281
117 123 150 165 199 201 229 242 260 290
115 125 152 174 180 205 237 257 276 283
107 120 159 172 184 219 227 258 270 289
118 123 155 167 182 207 240 243 277 282
119 132 143 161 183 216 237 246 280 280
104 127 142 179 187 207 229 253 266 296
117 132 156 166 180 209 229 256 260 291
106 120 140 166 182 201 229 248 261 289
109 124 159 180 197 218 238 251 278 297
106 130 158 167 184 207 229 243 268 291
100 137 142 180 196 217 221 252 265 290
119 137 147 177 184 209 240 241 260 282
116 120 155 176 185 202 229 251 273 281
113 131 150 177 189 209 236 254 269 297
104 131 157 164 200 219 229 256 277 288
105 123 155 161 189 202 238 244 279 282
109 121 157 163 186 217 224 259 273 289
103 120 152 163 188 204 220 250 268 289
104 139 152 173 188 219 227 257 270 283
117 136 158 177 190 208 230 252 263 289
117 132 145 168 191 202 227 241 272 282
116 124 151 169 180 216 226 259 279 299
110 136 156 165 181 218 226 249 265 294
114 138 159 175 200 201 227 243 275 285
106 127 143 175 186 200 227 252 268 288
104 121 159 167 186 216 221 258 261 297
120 137 141 171 188 207 220 247 261 283
120 129 140 161 198 203 220 244 263 290
107 138 153 166 180 217 232 243 264 296
110 129 145 166 184 200 223 250 263 292
112 125 152 168 185 206 234 244 277 285
107 134 160 168 189 219 240 250 273 288
109 129 146 164 185 205 227 259 268 280
102 137 153 176 185 218 231 243 261 285
118 139 158 171 191 215 235 249 262 293
115 128 146 171 183 204 225 258 266 294
105 127 154 172 184 212 233 260 270 284
105 140 152 162 197 203 227 241 277 282
111 139 151 161 194 201 237 255 260 292
120 127 155 166 187 211 226 244 271 286
119 123 144 167 180 200 231 248 264 297
115 130 154 163 193 215 225 249 278 284
104 135 149 161 187 201 232 248 278 288
116 135 154 160 194 202 222 256 264 295
106 132 145 175 186 202 228 245 277 296
119 123 155 171 197 208 222 256 263 294
118 128 140 172 199 204 224 240 280 288
118 139 151 172 199 201 237 253 276 300
119 136 140 175 186 214 236 259 265 295
101 127 141 160 191 207 227 252 262 287
100 139 159 162 193 200 238 256 270 298
103 134 156 168 198 208 225 259 272 280
103 120 142 164 192 210 223 257 277 291
112 134 151 161 189 215 221 242 265 286
108 129 144 171 198 209 225 243 272 293
103 132 159 166 197 219 236 249 261 296
108 136 144 165 181 210 237 255 269 292
116 120 146 175 180 212 227 254 264 297
104 131 149 177 196 205 237 253 273 293
120 125 143 176 188 204 228 243 270 294
120 135 147 177 182 212 238 258 278 293
100 129 160 179 182 200 227 255 271 282
101 139 158 163 198 217 229 248 277 288
104 124 140 171 190 207 233 244 278 294
117 134 140 162 189 210 236 247 262 286
102 130 141 178 187 208 232 251 263 293
116 139 149 160 186 213 231 241 268 286
105 123 151 180 188 200 231 252 264 291
118 132 160 160 191 217 226 243 265 295
105 125 149 161 195 202 230 257 263 280
109 127 147 179 197 207 220 258 277 290
110 121 150 174 200 218 234 256 272 290
110 124 157 166 187 207 227 247 263 291
113 140 146 167 183 218 220 247 273 291
112 140 145 168 199 205 235 243 271 300
101 134 147 176 189 218 233 243 260 284
101 127 160 160 184 200 230 240 261 290
114 120 141 176 198 218 233 240 266 283
113 138 158 170 190 211 225 260 272 292
101 121 146 175 197 203 231 253 275 286
110 139 150 177 182 219 228 256 271 288
108 127 155 171 190 218 240 240 265 285
101 121 159 174 199 202 221 246 265 296
115 137 143 174 195 206 232 251 279 283
109 134 156 179 185 207 235 245 261 286
111 124 141 179 190 220 232 242 273 286
115 133 154 161 188 203 234 242 278 287
112 131 157 167 181 212 222 245 271 298
115 122 148 177 187 210 230 254 267 281
104 137 149 163 197 214 229 245 273 287
119 122 142 180 193 211 232 260 264 299
119 127 145 165 195 215 223 242 270 293
100 133 151 163 200 216 240 250 264 297
111 123 147 179 193 213 239 247 260 298
103 140 150 178 180 212 230 258 265 289
105 129 148 170 181 203 239 250 277 284
117 124 152 177 193 209 225 259 265 281
116 129 150 178 181 200 226 242 264 284
100 133 159 174 190 216 231 260 276 294
120 138 156 170 186 200 231 260 260 283
112 138 145 169 190 217 226 241 266 285
108 121 154 170 184 212 236 256 275 283
117 130 148 180 192 217 238 252 280 294
110 120 148 172 197 211 224 243 279 299
101 140 141 174 195 218 239 244 279 280
119 122 150 177 188 211 231 248 270 283
117 130 160 175 191 208 239 247 271 283
115 130 141 179 192 200 238 251 271 297
116 130 140 160 195 218 234 248 266 300
111 139 149 166 185 217 227 240 272 285
118 133 151 160 196 207 239 242 280 296
105 139 150 177 187 211 230 259 276 294
109 129 140 176 181 200 226 249 265 280
101 120 156 170 193 214 229 251 273 289
101 121 140 166 184 217 228 257 263 287
106 122 157 171 194 204 225 259 261 295
105 133 152 180 189 212 222 245 280 299
107 128 147 176 188 211 238 259 275 285
100 134 159 174 193 200 240 260 278 291
116 121 152 169 183 208 223 248 276 287
102 136 147 167 189 215 225 240 271 296
100 121 154 174 190 201 236 241 264 297
107 135 140 166 200 220 223 241 260 281
112 134 156 163 184 211 227 257 272 285
116 128 145 174 194 200 239 259 271 297
109 121 158 168 183 201 221 255 278 291
100 128 152 175 184 211 225 257 270 300
118 139 152 162 197 216 233 245 261 296
101 139 143 160 193 203 230 251 275 296
113 134 149 171 183 206 226 240 273 292
108 126 157 176 181 203 232 243 271 298
101 133 157 166 186 203 235 252 279 291
110 125 151 175 191 216 228 254 277 290
119 123 154 177 186 206 233 257 275 289
115 138 152 171 194 212 227 253 262 291
111 125 140 170 183 212 225 250 272 299
103 125 155 172 194 218 240 255 273 286
107 132 150 176 183 217 226 253 262 281
120 122 156 166 192 201 225 245 280 298
118 128 146 160 190 202 230 242 275 292
118 123 155 175 186 205 229 241 279 281
101 134 143 160 190 218 235 257 273 299
120 137 149 162 193 206 240 258 278 286
120 128 146 171 183 217 229 247 272 290
110 128 157 179 188 208 237 258 269 299
105 127 158 167 195 213 236 241 276 295
104 122 153 177 188 213 239 250 263 280
108 128 152 175 196 201 224 254 262 285
110 132 143 180 184 220 227 242 277 282
120 127 156 163 199 212 220 256 262 283
112 130 142 177 191 210 240 245 279 285
106 120 140 177 197 218 236 248 273 280
102 135 143 161 196 207 230 241 261 285
103 134 148 170 195 206 226 248 273 294
110 134 158 179 196 206 235 255 266 294
100 127 156 180 195 216 223 240 274 284
117 139 160 160 194 218 226 252 269 284
105 124 148 167 180 201 222 243 277 298
115 127 151 174 199 209 228 240 262 296
110 121 148 166 197 207 227 243 272 292
118 122 152 177 185 218 229 240 260 287
119 128 142 169 180 214 232 258 274 287
105 122 158 170 188 208 240 240 277 285
120 133 159 162 192 205 224 256 280 299
112 136 142 169 185 205 235 252 260 291
102 124 153 160 196 205 238 245 271 286
115 126 148 162 184 212 240 246 276 296
107 127 141 176 187 201 223 244 268 284
120 138 159 174 187 200 220 242 260 292
119 123 141 168 200 202 236 246 272 281
111 133 160 170 193 204 230 245 274 294
102 120 149 161 197 212 228 249 263 291
107 127 148 175 196 210 225 249 267 293
103 127 143 168 195 206 235 242 274 290
111 127 147 165 195 216 222 258 280 290
119 130 147 177 187 214 233 243 263 298
104 127 160 172 183 205 220 260 269 291
103 130 154 177 197 212 220 256 273 296
110 127 142 175 193 219 236 254 262 290
111 124 160 169 189 209 225 242 275 297
114 130 152 170 185 218 221 241 265 295
118 137 156 167 188 217 221 244 261 295
118 136 148 163 185 219 234 255 268 283
106 123 148 170 185 202 234 257 260 296
1567 1898 2183 2709 2769 3190 3325 3640 3911 4511
4167 5248 6008 6408 7489 8290 9250 9850 10811 11331
2149 2510 2726 2960 3483 3717 4024 4330 4889 5105
1847 2071 2408 2825 3065 3530 3786 4010 4459 4715
1642 1958 2228 2559 2904 3054 3520 3700 4121 4256
2807 3423 4124 4909 5469 5693 6618 7038 7431 7963
3271 4264 4680 5257 6313 6730 7178 7978 8331 9323
3110 3981 4474 4997 5490 6012 6622 7231 7551 8392
3607 4796 5768 6165 6669 7606 8398 8650 9587 10199
2887 3344 3392 4233 4497 5217 5746 6154 6515 7043
2405 3044 3220 3771 3969 4607 5070 5444 6083 6369
2743 3368 3752 4233 4617 5145 5650 6082 6731 7091
3538 4364 5288 5916 6576 6741 7633 8095 8855 9779
1507 1898 2243 2559 3009 3190 3580 3625 4001 4271
1639 1943 2264 2777 2921 3498 3562 3978 4395 4603
3857 4873 5573 5959 6344 7044 8270 8655 9216 10371
5081 5339 6673 7706 7878 9384 9814 10975 11492 12610
2977 3788 3869 4788 5193 5815 5950 6976 7031 7625
2975 3816 4236 4629 5581 5721 6646 6786 7431 7963
2027 2668 3148 3569 3929 4370 4630 4910 5371 5871
4187 5062 5746 6240 7001 8370 8484 9472 10347 11145
4039 4724 5264 6237 6669 7930 8146 8722 10091 10091
4501 5636 6350 7022 7569 9208 10090 10258 11687 12611
2468 2836 3435 3803 4609 4932 5415 5737 6405 6520
2479 3152 3752 4281 4425 5097 5674 6202 6683 6923
1385 1815 2088 2179 2414 2713 3091 3234 3599 3755
3687 4328 4808 5160 6057 6730 7242 7914 8331 8971
5707 6357 7858 8459 9109 11010 11310 13010 13411 14211
4681 5215 6322 7061 7635 8332 9645 10260 10917 11614
1807 1897 2108 2649 2994 3114 3400 3850 3956 4241
1435 1471 1724 2025 2241 2421 2698 2914 3131 3563
4527 5007 6368 6608 7329 8169 9250 10090 10531 11891
4895 5694 7434 8281 9315 9785 10773 11619 13124 13641
3247 3761 4139 4328 5247 5517 6463 6517 7571 7949
2007 2488 2848 3209 3609 4110 4670 4970 5451 5931
2515 2713 3484 3792 4233 4850 5246 5642 5796 6589
5740 6868 7652 7995 9564 10152 11574 12603 13535 14123
3227 3591 4124 4684 5469 5749 6534 7010 7459 8383
2807 3451 4320 4656 5273 6142 6310 7290 7823 8243
3707 4521 5262 6373 6743 8076 8446 9631 9668 11037
2212 2654 2948 3642 3852 4462 4945 5113 5639 6185
2527 2716 3368 3368 3852 4525 4861 5407 5849 5912
2582 3232 4008 4359 4684 5485 5810 6260 6961 7311
1575 1926 1982 2262 2571 3090 3090 3482 3749 4071
4114 4781 5558 6632 7224 7594 8372 9334 10186 10667
3751 4264 4904 5192 6249 6954 7626 7978 8811 9227
1502 1632 1932 2140 2544 2622 2896 3182 3612 3846
4414 5273 5546 6522 7614 8434 8590 9526 10619 11477
3802 4298 4826 5288 6213 6675 7930 8260 9119 9746
1847 1927 2360 2729 2889 3321 3834 4170 4347 4699
1777 1898 2273 2423 2724 3069 3370 3775 4151 4301
5251 6218 7230 8151 8749 9439 10314 11970 12339 13765
2882 3157 3708 4183 4934 5284 5585 6360 6886 7236
3959 4872 5328 6165 6887 8066 8826 9130 10575 11221
1243 1459 1736 2109 2265 2469 2818 3070 3215 3575
1217 1460 1768 1768 2198 2341 2474 2760 2981 3234
4111 4681 5632 6202 7343 8180 8522 9548 10499 11183
3110 4039 4648 4997 5461 6099 6709 7405 7870 8334
4188 4818 5669 5965 7335 7409 8372 9297 10260 10815
3547 4058 4328 5199 5409 6490 7030 7540 8051 8561
1027 1408 1538 1639 1879 2019 2340 2420 2711 2831
2559 2845 3528 3727 4079 4497 5290 5620 5774 6479
2207 2768 2988 3369 3609 4169 4810 4970 5211 5911
1107 1371 1636 1912 2088 2264 2595 2661 3058 3190
5362 5722 7028 8109 8559 9324 10540 11080 12116 13151
2405 2647 3264 3969 4101 4585 5114 5488 6061 6215
3171 3423 4040 4713 5161 5637 6198 7123 7851 8075
2030 2132 2677 2915 3358 3460 4073 4192 4771 5043
4479 5253 6716 7061 8136 9083 9771 10459 11320 12739
4375 5762 6518 7275 8115 8787 9586 10678 11015 12023
2936 3691 4503 4823 5461 6390 6477 7376 7551 8421
2192 2611 2744 3258 3752 3885 4437 4703 4989 5540
3855 4558 5780 6225 7113 8150 8335 9297 9853 10815
4507 5452 7028 7839 8739 9009 10765 10900 11981 12791
2581 2647 3264 3903 4057 4784 5224 5312 6127 6347
1372 1828 1958 2140 2466 2857 2935 3221 3560 3768
1316 1438 1603 1956 2033 2319 2650 2650 2870 3289
1424 1750 1919 2349 2505 2700 3065 3169 3508 3794
2869 3518 4058 4599 5112 5490 6355 6598 7463 8003
4627 5804 6602 7317 8031 9081 9544 10846 11393 12149
4567 5214 5632 6849 7495 8141 9054 9282 10004 11069
3845 5024 5670 6849 7381 8180 8370 9434 10347 10917
3883 4462 5448 5720 6503 6843 8102 8646 9157 9973
3220 3653 4031 4490 5382 5842 6247 6706 7382 7679
1751 1959 2248 2745 3097 3434 3642 4010 4219 4683
3507 4768 5118 6099 6729 7184 8095 8515 9146 10021
1333 1776 2036 2140 2609 2726 3117 3325 3560 3833
2734 3680 3869 4680 5058 5409 6274 6517 7382 8111
4307 5469 6759 7060 8179 9126 10158 11061 11449 12051
4435 5050 6117 6568 7676 8907 9727 10096 11122 12311
2077 2275 2744 3159 3375 3898 4024 4654 4889 5285
5593 5985 7064 8093 9466 10349 11427 12505 13094 14564
5707 6908 7958 8458 9659 10159 11810 12310 13961 14111
2233 2654 3326 3432 3810 4546 4756 5113 5492 5891
3665 3727 4658 5372 5806 6644 7357 7729 8567 8877
2950 3599 4274 4355 4977 5490 6328 6571 7301 8003
3081 3923 4416 4735 5316 6274 6651 6970 7783 8421
2367 2748 3208 3509 3909 4309 4790 4830 5250 5691
3892 4855 5632 6336 6780 7557 8150 9519 10334 10852
1962 2183 2592 3001 3205 3682 3903 4379 4669 4924
3751 4508 5696 6237 6633 7209 7966 8650 9947 10415
4258 4999 5975 6990 7185 8433 9214 9760 10814 11633
1107 1338 1508 1628 1899 2059 2330 2600 2621 2981
5191 6055 7400 8361 9369 10041 11050 12154 12635 13547
4608 5382 6587 6888 8265 9341 9513 10975 11320 12739
2815 3368 3560 4257 4809 5169 5410 6034 6731 6827
4407 5528 6048 7009 7609 8569 9330 9970 10771 11531
4495 6124 6388 7136 8105 9558 10130 10878 11759 13211
1437 1633 2062 2193 2388 2648 3091 3143 3404 3651
3713 4326 5346 6027 6231 6843 7898 8272 8851 9905
4377 4948 5442 6240 7457 8104 8902 9168 9891 11183
5507 6608 7758 8359 9259 10960 11310 12060 13411 14811
1291 1664 1736 1976 2241 2578 2842 3094 3275 3443
2296 2927 3305 3642 3957 4377 4756 5407 5870 6143
2839 3200 3512 4041 4569 4809 5482 5770 6275 6755
5023 5904 6256 7577 8281 9646 10526 10570 12111 12859
3527 4264 5000 5609 6281 6986 7562 7722 8458 9259
1117 1298 1568 1669 1969 2140 2370 2450 2611 2841
2485 2569 3368 3515 3957 4503 4693 5428 5702 6227
5857 6858 7908 8509 9059 10459 11860 12410 13111 14261
2782 3057 3808 4509 4584 5159 5935 6010 6611 7086
4111 5024 5442 6849 7077 8027 8598 9700 10499 11373
5481 6218 6540 7460 8887 10038 10682 11510 12707 13259
2485 2569 3074 3474 4209 4357 4882 5113 5555 5975
5407 5452 6443 7479 8289 9460 10360 11575 12476 12656
3572 3851 4937 5527 6054 6209 7202 7946 8412 8784
4336 4818 5299 6632 7002 7668 8335 9408 9779 10815
4653 5619 7000 7691 8335 9946 10728 11142 12339 13719
4801 6400 7246 7669 8704 10115 10914 11948 12936 13453
4627 5215 6182 6812 7947 9166 9880 10510 11393 11855
4640 4927 5953 6609 7512 8702 9768 10630 10671 11778
4687 5047 5688 6849 7769 8329 9090 10170 10691 11531
4127 5408 5768 7089 7289 8209 9130 9810 11051 11411
4375 5351 6014 6834 7146 8160 8941 9838 10229 11321
4312 5050 6486 7102 8127 8209 9030 10014 11491 11573
4531 5390 6053 6599 7692 8355 9058 10072 10775 11243
1097 1327 1578 1809 1839 2210 2380 2590 2791 2901
3487 3632 4532 5142 5693 6390 6680 7202 7986 8218
5407 6007 7508 8859 9159 10860 11410 12460 13961 14511
3719 4488 4776 5769 6249 6505 7114 7850 8427 9387
2685 3466 3674 4299 4975 5235 5964 6484 7109 7395
2675 3044 3665 3734 4287 4770 5070 5921 6428 6589
1575 1687 1996 2318 2683 2978 3258 3440 3875 4197
2455 3248 3800 4305 4377 4953 5698 5842 6587 7163
2907 3545 4126 4677 5751 6042 6883 7347 7725 8682
1272 1427 1548 1768 2176 2209 2650 2782 3036 3212
3283 3423 3956 4825 5329 5973 6338 7178 7851 8271
4767 5448 5968 7129 7849 8449 9410 10130 11011 11211
4375 5257 6392 6770 7695 8956 10090 10426 11141 12485
1807 1852 2258 2529 2979 3024 3310 3700 4091 4421
3985 4632 5040 5754 6605 7456 7966 8476 9259 9531
4180 5312 5975 6482 7224 7887 8629 9994 10853 11555
5021 5896 6494 8105 8427 9393 10268 11833 12569 13259
3507 4417 5293 6309 6939 7429 7920 8795 9741 10371
3901 4231 5222 5387 6213 6642 7864 8392 9185 9284
3458 3574 4213 4997 5287 6245 6796 7434 7841 8682
2761 3382 3788 4437 5409 5680 6193 6679 7355 7922
1642 1822 2168 2709 2859 3084 3505 3685 4196 4241
1741 2371 2660 2865 3392 3409 3818 4294 4431 4941
2059 2384 2780 3231 3591 3663 3988 4546 4763 5159
4942 5882 7293 8328 9315 10067 11290 11854 12607 13735
4102 4558 5013 5678 6344 7114 8095 8655 9181 10476
4375 5312 5819 6678 7341 8277 9292 9838 10306 11438
4063 4843 5663 6287 7575 8200 9331 9916 10658 11360
1879 2216 2424 2697 2889 3241 3754 3850 4203 4667
1515 1802 1893 2206 2414 2700 2909 3351 3547 3833
2167 2527 2808 3549 4009 4149 4630 5030 5411 5771
3505 4000 4991 5619 6114 6907 7369 8426 9119 9251
3004 3680 3950 4626 5301 5490 5950 6976 7328 7706
4336 5003 5484 6002 7372 7631 8594 9223 9890 10704
4207 5888 6560 7148 8157 8451 10090 10930 11771 11897
4642 6173 7163 8019 8739 9414 10225 11395 11981 12791
4377 4986 5518 6355 7419 7647 8826 9700 9929 11145
1184 1537 1757 1879 2154 2308 2529 2716 3058 3113
2744 3205 3688 4033 4333 4954 5530 5852 6382 6658
2187 2528 3008 3248 3729 4330 4450 5151 5311 5751
4507 6308 6713 7343 8784 9099 9910 11620 12476 13331
1945 2371 2405 2864 3290 3494 3920 4260 4720 5043
5479 5959 7256 8265 8649 10090 10762 11914 12827 13979
1351 1616 1856 2169 2253 2481 2650 3022 3239 3431
2170 2864 3242 3768 4188 4398 4819 5449 5723 5891
5553 6353 6964 8093 9221 9503 10867 11290 12278 13641
3747 4326 4836 5857 6299 6945 8102 8374 9055 10211
2267 2627 2988 3368 3869 4410 4710 5110 5471 5871
3959 4872 5328 6203 7381 7685 8826 9396 10537 10803
2251 3088 3330 3771 4035 4629 5004 5466 6149 6369
3744 4929 5373 5928 6928 7521 8446 9260 10112 10482
2698 3044 3274 4080 4356 4701 5323 5967 6175 6589
4249 5552 6266 6728 7569 8409 9922 10174 11351 12611
3075 3283 4142 4194 5183 5495 6198 6328 7005 7499
4803 5772 6168 7137 8369 9690 10174 10922 11451 12375
4172 4663 4978 5994 6484 7149 8270 8760 9811 10441
4539 5904 6696 7797 8193 9162 10394 10570 11495 12771
5544 6034 7309 8535 8976 9956 11182 12702 12751 14074
2154 2363 2763 3258 3790 4019 4456 4627 5103 5388
4791 5942 6724 8243 9025 9577 10360 11372 12891 13673
4845 5050 6486 7266 7840 8619 9399 9973 11286 11532
2113 2420 2582 2960 3321 3699 4096 4655 4799 5249
4732 5497 6983 7794 9009 9234 10630 10810 12386 12926
2149 2864 3200 3726 4146 4567 4987 5218 5512 6038
3059 3451 4292 4629 5077 5721 6338 7038 7851 8383
1219 1664 1796 2049 2265 2542 2698 2998 3371 3443
4067 4733 5398 5818 6414 7289 8130 8725 9496 10511
2147 2808 2808 3509 3669 4370 4530 4910 5591 5931
5251 5757 7092 8289 9117 9945 10774 11372 12707 13167
2950 3436 4031 4599 5355 5517 6463 6868 7301 7841
4642 5678 6353 7254 8829 9009 10000 11125 11891 13331
1528 1711 1828 2088 2362 2622 3000 3247 3417 3794
4415 5062 5556 6355 7609 7799 8674 9434 10119 11107
4137 4908 5433 6064 6344 7044 8410 8690 9426 10126
4552 5677 7208 7343 8784 9234 9910 11665 12251 13286
2479 3320 3776 3920 4377 4809 5602 6154 6707 6731
2647 3152 3512 4329 4617 4881 5314 5938 6371 7115
3227 3928 3956 4853 5245 6170 6198 7262 7851 8299
3787 4838 5503 5889 6414 7675 7745 8830 9636 10091
4435 5625 6199 6650 7471 8989 9440 10383 11040 11532
5038 5382 6157 7534 8609 9470 10158 10373 11492 12309
4410 4818 5484 6187 7298 7705 8705 9075 9964 10593
3985 4734 5108 6095 6775 7047 8102 8442 9497 10075
4727 5288 6288 6568 7409 8609 9250 10330 11091 11531
2527 2911 3512 4329 4761 4809 5362 6130 6491 6995
3187 4148 4448 4838 5889 6429 6970 7630 8291 8921
1825 2347 2816 3213 3483 3898 4240 4528 4835 5339
3239 4328 4808 5737 5897 7050 7146 7786 8907 9515
4891 5464 6916 7137 7973 8897 9998 11275 11451 12771
1320 1685 1945 2349 2544 2805 2870 3156 3508 3768
3342 3865 4445 5171 5635 6331 6738 7463 7579 8653
1783 1991 2328 2729 2953 3241 3802 4074 4363 4699
4053 4598 5278 5516 6503 7285 8136 8374 9293 9837
5124 5382 6415 7104 7792 8867 9814 10416 11836 12567
2606 2859 3619 3942 4264 4862 5461 5944 6059 6796
5412 6259 7528 7622 8751 9738 10491 12136 12701 13688
3815 4264 4776 5737 5993 6409 7562 8074 8715 9547
4952 5770 6759 7060 7835 9298 9556 10588 11750 12051
1831 2055 2488 2744 3209 3481 3706 3914 4395 4795
4627 5384 6224 6728 8073 8493 10006 10762 11309 12023
3200 4255 4627 5496 5713 6488 7295 7574 8102 9218
3682 4382 5538 6134 6974 7639 8270 8725 9811 10336
4447 5188 5706 6002 6743 7742 8483 9260 9816 10926
2950 3491 3869 4437 5004 5463 6058 6787 7409 7760
1639 2007 2568 2616 3177 3273 3834 4138 4363 4747
1167 1388 1478 1719 1809 2100 2310 2420 2651 2911
3603 3944 4441 4968 5992 6395 7450 7915 8536 9280
5435 5941 7276 8105 9025 10037 10544 11694 12200 13673
3003 3928 4180 5049 5049 5665 6226 6730 7683 7907
3081 3981 4242 4910 5258 6245 6709 7376 8015 8334
3527 4200 5000 5577 5993 6826 7050 7946 8491 9483
3139 3328 4274 4761 5328 5517 6112 7003 7165 8057
3967 4760 5084 5985 6705 7534 8146 8830 10091 10235
5446 6476 7456 8535 9466 10642 10839 12554 13731 14515
2957 3283 3758 4484 4834 5084 5510 6085 6711 7336
1351 1664 1808 2145 2361 2421 2758 3046 3130 3503
3895 4507 5696 5984 7065 7569 8002 9010 9947 10775
3727 4007 4379 5403 5961 6737 7388 7543 8133 8722
1860 2337 2728 2916 3392 3716 3869 4141 4669 4805
5287 6632 6728 8457 9609 9993 10618 11578 13307 13499
1489 1763 1854 2284 2375 2766 3065 3364 3508 3690
4067 4312 5433 5923 6554 7710 8410 8550 9215 10441
2027 2548 3008 3248 3609 4230 4790 5211 5291 5931
5021 5942 7046 7460 8289 9808 10406 11418 12661 13075
3023 4010 4416 5084 5693 5838 6825 7434 7754 8334
3207 4200 4552 5513 6121 6730 7114 8075 8491 9035
4414 4843 6014 6951 7809 8043 8902 9838 10619 11048
4777 5723 6713 7208 8964 9910 10720 11260 11936 12611
4258 5195 5897 6756 7341 7887 8863 9448 10814 11165
4935 5684 6520 7092 7929 8809 10086 11142 11891 13079
3541 3789 4751 5123 5899 6737 7202 7946 8381 9125
3736 4364 5222 5718 6048 7038 7567 8524 8590 9911
4102 4558 5258 6239 6414 7219 8095 8620 9461 10371
2443 2948 2990 3368 3894 4483 4924 5134 5807 6101
4935 6124 6388 7489 8281 9514 9822 11362 12155 12551
2919 3153 3778 4455 4741 5235 6224 6588 6901 7421
4459 5552 6014 7527 8367 8745 9964 10678 11435 12107
1077 1247 1478 1719 1999 2150 2320 2550 2641 2971
3751 4456 4904 5352 6217 6986 7210 7946 8715 9387
2339 2735 3506 3793 4277 4585 5048 5532 5819 6611
1437 1671 2049 2179 2557 2752 3039 3273 3560 3833
2997 3153 3934 4559 4715 5652 5886 6588 7291 7655
2515 2868 3286 3771 4079 4519 5180 5466 6039 6589
4599 5338 6363 7307 7840 8209 9399 10342 10958 11778
1964 2573 2801 3410 3486 4114 4551 4570 5122 5711
3892 5077 5854 6224 6928 8002 8150 9038 10334 11111
1775 2115 2643 2796 3120 3614 4005 4260 4635 5077
3967 4496 4793 5883 6510 6807 7864 8392 8689 9515
1767 1943 2248 2617 2921 3450 3626 4058 4363 4667
3787 4417 5468 5923 6869 7184 8375 9040 9636 10476
4907 6868 7358 8241 9025 10005 11231 12456 13094 14172
2997 3622 3804 4585 5105 5443 5808 6354 6979 7811
2493 3022 3462 3903 4299 4497 5224 5356 5797 6259
4607 5288 6408 6929 7809 8569 9050 9810 10410 11971
2338 2864 3095 3621 3999 4546 4714 5365 5786 6038
4711 5888 6602 7317 7821 8787 9880 10300 11729 12191
4694 5727 6200 7362 8523 9470 9900 10416 11233 12911
2097 2287 2934 3144 3790 3943 4228 4665 4970 5635
5544 6721 7701 8387 9417 10544 11672 12701 13289 14711
3934 4364 5255 5321 6576 7204 7336 8458 8921 9746
2607 3544 4064 4194 5105 5391 6042 6380 7057 7343
5887 6770 6917 8241 9172 9956 11035 12407 13486 13976
1118 1393 1724 1879 2099 2408 2463 2738 3003 3168
3367 3607 4328 5169 5679 6250 7000 7721 7841 8741
4073 4567 5898 6317 7495 7875 8864 9434 10309 10841
3822 4558 5223 6169 6974 7044 8025 8550 9391 10021
3037 3727 4358 5259 6009 6550 6730 7600 8081 8561
5335 6584 7112 8457 9081 9994 10666 11722 12587 13787
3187 4118 4538 4898 5829 6610 6910 7300 8141 8561
3220 3599 3842 4409 5409 5598 6355 7030 7085 7706
5067 5552 6432 7225 8017 9382 9998 11275 11715 12419
4823 5210 6157 6888 8351 9470 9642 10459 11793 12266
2896 3680 3977 4761 5112 5841 6490 6760 7490 7976
2659 3362 4142 4533 4741 5235 6224 6380 6823 7759
3293 3758 4844 5589 6116 6302 7109 7791 8164 8753
3815 4666 5278 5448 6231 7388 8000 8374 9055 9531
2427 2713 3088 3727 4145 4696 5070 5554 6149 6545
3505 4430 4694 5784 6477 6774 7534 8491 8921 9251
5155 5772 6828 7709 8325 8941 9954 10614 12067 12375
2367 2748 2908 3469 3609 4009 4590 4990 5591 5651
4903 6728 7400 7929 8985 9849 11146 11578 13211 13691
5557 6408 7708 8158 9809 10409 11610 12260 13961 14211
3997 4643 5556 6697 7153 7875 8408 9891 10309 11183
3197 3661 4068 5142 5548 5983 6825 6999 7667 8711
5201 6034 7750 8388 8878 9858 10986 12113 13241 14662
2835 3900 3928 4600 5049 5918 6646 7206 7711 8047
1363 1507 1808 2145 2361 2590 2794 2950 3191 3419
3168 3894 4387 4736 5780 5984 6419 6970 7609 8305
3747 4530 4904 5721 6707 7456 7694 8204 9361 9769
2445 2882 3596 4011 4195 4840 5392 5599 6244 6543
3577 4530 5108 5891 6605 7116 7864 8204 8851 9769
3655 4328 5032 5545 5961 6505 7402 8106 8843 9131
1129 1537 1735 1890 2176 2297 2452 2694 3025 3091
4999 6632 6872 8025 9417 10474 11050 11578 12875 13739
5201 6868 7750 7897 9074 10103 11329 12750 12996 14564
1969 2438 2834 2996 3609 3699 4258 4456 4763 5213
1751 1943 2408 2648 3033 3482 3610 4170 4331 4795
2387 2407 3108 3288 3929 4210 4610 5010 5311 5691
4183 4976 5336 6489 7065 7533 7966 9082 9587 10199
1327 1360 1669 1989 2187 2220 2540 2727 2937 3256
4651 5253 6544 7577 8179 9341 10287 10459 11836 12094
4375 5039 6053 6834 7419 7887 8902 9448 10697 11516
5047 6584 6872 8553 8937 10378 10618 12058 12683 13595
1926 2478 2877 3086 3562 4114 4494 4608 5293 5597
1047 1398 1568 1699 1819 2170 2210 2510 2731 2911
2047 2407 2948 3329 3889 4290 4410 5211 5491 5711
4681 4968 5912 6609 7471 8415 9645 10260 11327 11491
4476 4968 5912 7225 7758 8538 9686 9973 11040 11573
1107 1358 1608 1638 1879 2160 2310 2500 2611 2881
2227 2527 3008 3409 3749 4169 4790 5110 5551 5771
2230 2478 2877 3086 3581 3904 4190 4951 5027 5559
4847 5507 7004 7180 8633 9029 10482 10746 11715 12947
4350 6028 6372 7060 8566 8867 9513 11018 11922 12137
4067 4908 5468 6063 6904 7674 8200 9005 9215 10196
3967 4724 5696 6417 6489 7281 8326 9371 9407 10199
1767 1943 2248 2793 3097 3305 3706 4090 4315 4587
1792 1807 2288 2709 2904 3295 3340 3700 3971 4256
4529 4643 5670 6735 7381 7685 9054 9206 10005 10727
2625 2713 3154 3594 4145 4850 5202 5488 5731 6193
3547 3757 4778 5229 5529 6550 6820 7360 8351 8801
4207 4927 6328 6849 7569 8049 9010 9970 11131 11371
3406 4066 5189 5949 6510 6741 7402 7963 8921 9812
1607 2200 2392 2632 2937 3289 3770 4042 4347 4635
1195 1371 1757 1989 2187 2209 2496 2804 2992 3124
1672 1837 2288 2423 2904 3174 3580 3850 4151 4271
1657 1852 2303 2468 2829 3054 3610 3895 4166 4451
4653 5712 6448 7645 8519 10084 10176 11510 12293 13535
1450 1802 1919 2219 2388 2844 2935 3273 3456 3755
2975 3760 4404 4825 5049 6086 6618 7066 7795 7991
1747 2063 2318 2574 2724 3280 3535 3655 4106 4421
4883 5573 6632 7921 8289 9532 10774 11142 12201 13397
4063 5000 5585 6522 7263 8044 9097 9448 10229 11516
1895 1943 2248 2841 3097 3370 3562 3866 4331 4779
4935 5772 6608 7048 8369 9250 9954 11362 12023 12595
2211 2440 2782 3334 3600 4095 4209 4570 4989 5464
4847 6124 6740 7224 8413 8897 9734 11230 12243 12551
4694 5382 6200 7405 8566 9126 9728 10803 11277 12481
2479 3104 3776 3896 4473 5050 5314 5818 6419 7115
3067 4148 4568 5409 5859 6009 7150 7690 8291 8711
4479 5253 6673 7448 8566 8652 9857 10674 12008 12223
4127 5007 6008 7209 7369 8049 9330 10050 10691 11531
1007 1237 1438 1709 1959 2090 2210 2480 2791 2971
3962 4523 5013 5889 6659 7395 7920 9040 9146 10511
4075 5012 5552 6200 7173 7533 8326 8830 9839 10775
4807 6440 7640 8121 8697 10378 10618 11914 13019 13883
1067 1227 1428 1618 1989 2210 2390 2560 2621 2871
3031 3328 3869 4815 5166 5625 6220 6706 7112 7976
4531 5468 5624 7029 7224 7887 8980 9838 10229 11009
3085 3788 4112 4355 5112 5706 6436 6598 7220 7895
1717 2018 2123 2604 2724 3280 3610 3850 4181 4376
2170 2611 3074 3621 4146 4462 4882 5113 5807 5975
5113 6402 6724 8013 9163 9715 10498 11786 11970 13489
2347 2608 3008 3289 3809 4210 4690 4830 5211 5731
1642 2093 2228 2453 2769 3160 3550 3685 4151 4226
1767 2007 2248 2713 3081 3402 3626 4074 4427 4779
5412 6447 7105 7575 9362 9832 10350 11995 13077 13923
2863 2983 3728 4161 4401 5121 5674 6154 6250 7091
1843 2294 2654 3033 3573 3663 4042 4420 4871 5123
1129 1460 1581 1934 2044 2242 2518 2749 2915 3201
3324 4038 4720 5123 6054 6395 7016 7760 8319 9249
3783 4167 5000 5320 6377 6761 7242 8298 8779 9323
4995 5469 6157 7276 8222 8695 9857 10631 11234 12696
2047 2568 2848 3449 3609 4150 4750 4970 5311 5951
1926 2535 2763 3105 3771 4057 4418 4741 5217 5540
1476 1724 2010 2180 2570 2713 2922 3169 3599 3755
4312 5420 6035 6609 7963 8291 9030 10589 11122 11778
3472 4132 4661 5586 6279 6774 7930 8458 9020 9845
4417 5173 6224 6770 7737 8872 9796 10216 11603 12065
4225 5214 5974 6088 7001 8142 9016 9396 10537 10651
1847 2087 2504 2712 3065 3514 3674 3866 4491 4747
1515 1645 2049 2245 2466 2609 2870 3377 3508 3807
4287 4887 5768 6648 7649 8409 9490 10330 10771 11971
1552 1988 2408 2468 2964 3265 3400 3820 4016 4391
2629 3228 3527 3826 4264 4839 5277 5760 6014 6681
1320 1672 1867 2245 2414 2714 2935 3221 3456 3833
4570 5273 5936 6287 7536 8160 9019 9682 10580 11165
4780 5985 6716 7060 8437 9255 10244 11061 11233 12137
3802 4033 4859 5420 6510 6840 7930 8524 9053 9746
5719 5959 7304 8025 9177 10041 10810 12202 12683 13979
3752 4908 5153 5643 6519 7359 8340 8760 9706 10021
2376 2767 3550 4103 4172 5070 5093 5645 6014 6589
1843 2438 2582 2997 3483 3681 4258 4366 4799 5177
4247 4847 5728 6809 7689 8329 9290 9810 11171 11851
2249 2287 2782 3239 3714 3809 4418 4703 5084 5464
5002 5542 7073 7929 8604 9414 10315 11035 12611 13511
1582 1882 2228 2709 2994 3220 3385 3655 4076 4511
4745 5803 7184 7691 8841 9301 10498 11740 12661 13167
2317 2823 3462 3903 4409 4806 4938 5554 6083 6479
5553 6400 7058 8139 9362 9738 11149 12183 12795 13782
5459 5694 6635 7952 9221 10162 10773 11478 12325 13218
2295 2669 3154 3947 4013 4563 5092 5664 5995 6435
3719 3943 4744 5353 6281 6826 7338 7690 8683 9483
4687 4887 5848 6648 7809 8249 9410 9970 10651 11971
3355 4348 4844 5589 5868 6643 7450 7760 8349 8939
3527 4039 4872 5769 6345 6537 7530 8234 8555 9163
5887 6230 7848 7848 9123 10054 10790 12603 13339 14564
1047 1368 1558 1799 1999 2119 2340 2460 2651 2871
4410 4447 5780 6669 7076 7891 8409 9001 9816 10445
4394 5297 6158 7225 7922 8291 9399 10219 11081 12024
4394 5584 5994 6937 8168 8907 9276 10260 11040 12311
2468 2836 3527 3688 4149 5070 5300 5829 6083 6681
2815 3176 3608 4016 4665 5097 5722 6154 6611 6731
3127 3362 3726 4325 4715 5626 5886 6406 7187 7577
3611 4734 5142 5482 6707 7047 7626 8680 9463 9837
1107 1237 1438 1699 1949 2150 2400 2550 2701 2851
3959 4681 6012 6469 7115 7685 8484 9814 10309 11373
4552 5497 6308 7524 8199 9235 10000 11711 12251 13241
3985 5234 5546 6873 7146 8083 9058 9526 10151 10970
4927 5420 6240 7307 7881 8825 9071 9973 10999 11819
4367 5007 6208 7129 7329 8489 9610 9890 10450 12011
2330 3228 3642 3711 4379 4955 5300 5829 6198 6635
1537 2003 2288 2634 2994 3159 3505 3640 3986 4406
2791 3272 3416 4305 4785 5098 5338 5818 6539 6779
3997 4768 4908 6169 6484 7009 8025 8620 9321 10301
3067 3848 4238 5049 5979 6550 6640 7390 7811 8771
1809 2286 2728 3069 3171 3681 4073 4141 4567 5060
2330 3044 3688 3711 4310 4632 5162 5576 6451 6566
3962 4347 5083 5889 6729 7500 8165 8795 9741 9951
4407 5288 5808 6648 7969 8810 9090 9810 10731 11571
3199 3732 4068 4853 5413 5974 6282 7150 7767 7935
3859 4940 5696 5768 7209 7533 8326 9226 9983 10451
1255 1556 1772 2085 2193 2554 2710 3131 3215 3407
1407 1856 2038 2501 2669 3006 3216 3552 3861 4113
3399 4328 4680 5513 5929 6858 7082 7882 8843 9323
4451 5948 6916 7709 8369 9514 9910 11142 11803 12859
3007 4028 4628 5409 5589 6580 7030 7630 7960 8921
2507 3333 3808 4259 4609 5360 5860 6160 6961 7461
3085 3680 4058 4760 5220 5922 6490 6868 7571 8003
1655 2072 2312 2649 3065 3530 3530 4042 4315 4763
3115 3732 4236 4488 5385 6142 6450 7066 7655 8019
2422 2975 3642 4103 4241 5001 5484 5553 5990 6911
1969 2185 2726 2889 3465 3682 4024 4384 4781 5105
2761 3707 4301 4815 5247 5787 6301 6949 7192 8003
3835 4463 4760 5486 6444 7071 7831 8095 9086 9878
2919 3413 3674 4663 5183 5703 6250 6458 7239 7707
2719 2935 3560 4257 4689 5218 5290 5770 6683 6827
5642 6672 7211 8584 9123 10152 11280 11868 13731 14123
4207 5448 6168 6528 7769 8209 9090 9850 11211 11931
5157 6358 7408 8258 10009 10409 11060 12360 13861 14811
2227 2628 2848 3389 3689 4049 4630 5190 5591 5991
3857 4698 5573 6274 6519 7465 7885 8690 9181 9811
3371 3806 4561 5142 5751 6360 6912 7202 8044 8421
4642 5587 6578 7569 8604 9865 10450 11350 12341 13421
2907 3408 3908 4183 4984 5335 5510 6260 6510 7311
1659 1940 2024 2487 2725 2963 3356 3552 3819 4029
3603 4100 4379 5403 5682 6271 7233 7760 8226 8846
2149 2384 2852 3213 3285 3934 3988 4474 4961 5051
2449 3044 3286 3837 4079 4850 4894 5290 6149 6523
2041 2474 2528 2888 3519 3916 4330 4600 4943 5195
3951 4461 5074 5959 6435 7217 8102 8782 9293 9905
4570 5117 5897 6678 7419 8512 8785 9799 10424 11399
1911 2371 2507 2967 3120 3648 3835 4413 4447 4958
3031 3648 4040 4544 5497 5890 6450 6786 7627 7879
2254 2590 3032 3410 4146 4209 4924 5302 5765 6101
2919 3900 4124 4881 5133 5946 6310 6870 7431 7991
2170 2569 3347 3789 4041 4356 4777 5386 5828 6122
3187 3727 4568 5409 5469 6370 7090 7300 7811 8561
4147 4940 5120 5912 6525 7822 8542 9298 9479 10487
2405 2691 3418 3550 4299 4586 4960 5400 5995 6479
5459 5929 6870 8234 8986 9738 11149 11807 12607 13265
5317 5903 7163 7884 8244 9414 10135 10810 12296 13241
3417 4224 4565 5589 5868 6302 7326 7636 8598 9125
3507 4348 5188 5784 6449 7570 8095 8795 9391 9881
2632 3032 3908 4033 4884 5059 5735 6060 6511 7486
3985 4291 4836 5857 6639 7081 7830 8646 9157 10143
1398 1684 1997 2218 2583 2804 3052 3338 3534 3911
4024 4882 5741 6365 7809 8161 8824 9565 10931 11438
3487 4058 4568 5259 5889 6339 7090 7660 7900 8471
1315 1459 1868 2037 2385 2469 2698 3022 3287 3515
3097 3818 4538 5409 5649 6340 6760 7240 8111 8891
1831 2168 2392 2568 2937 3209 3578 3914 4315 4571
4647 5608 6368 7049 7769 8409 9530 10410 10730 11491
3472 4364 5156 5321 6147 7072 7534 8260 8657 9317
4951 6344 7688 8361 9369 9945 10858 11578 12683 13691
4707 5882 7528 7811 8986 10162 10444 11760 12372 13782
2173 2440 2820 3391 3752 3809 4266 4684 4970 5464
2575 3127 3656 4209 4785 5193 5602 6106 6707 7091
3472 4132 5123 5652 6312 6873 7402 8326 9218 9482
3472 4000 4826 5388 6048 7006 7666 7930 8822 9878
3781 4666 5142 6095 6197 7252 7558 8408 9055 9803
3818 4744 5410 6077 7187 7558 8224 8890 10186 10408
5457 6558 7508 8008 9159 10059 11360 12661 13061 14361
1863 2168 2360 2664 3017 3273 3770 3850 4427 4667
2887 2887 3392 4257 4593 5074 5314 5986 6683 6995
3707 5188 5780 6299 7150 8076 8594 9445 9778 10630
2007 2608 2928 3228 3849 4310 4530 4970 5211 5991
4180 4921 5936 6912 7380 8043 9058 9565 10502 11672
1057 1378 1508 1679 1929 2130 2410 2430 2661 2881
3283 3563 4488 4628 5217 5973 6674 6842 7767 8075
3127 3848 4628 5109 5439 6249 7210 7330 8381 8501
1627 2078 2138 2649 3009 3159 3325 3730 4091 4331
1951 2456 2636 3033 3573 3825 4042 4690 4853 5177
2401 2548 3326 3789 4083 4377 4756 5113 5849 5975
2347 2628 3208 3268 3629 4310 4670 4930 5411 5731
2077 2239 2780 3087 3429 3699 4042 4600 4907 5087
4585 5089 5930 7527 8283 8788 9544 10090 11435 11771
4952 5985 6200 7706 8609 9039 9470 11061 11750 12524
3634 4348 4596 5465 6085 6457 7047 8039 8350 8753
1979 2184 2456 2779 3256 3460 4090 4260 4669 4958
1926 2344 3029 3429 3733 4075 4513 4874 5236 5521
4845 5173 6486 6814 7881 8825 9030 10137 11409 12311
1363 1580 1880 2085 2181 2457 2722 3010 3323 3563
2767 2983 3512 4233 4521 5290 5386 5770 6443 7211
1951 2293 2852 3069 3411 3934 4096 4618 4817 5411
4647 5248 5608 6809 7489 8530 9050 9610 10731 11811
3696 4255 4441 5185 6209 6488 7295 7884 8350 9187
2229 2669 3242 3793 3969 4828 5246 5312 5951 6567
2761 3491 4085 4680 4923 5599 6139 6679 7301 7679
3475 4394 4836 5517 6197 6877 7864 8510 9327 9973
3607 4508 5516 6165 6597 7786 8002 8794 9731 10595
4377 4567 5632 6697 7001 7990 8674 9510 9891 11373
4019 4530 5142 5754 6673 7422 8136 8374 9259 9939
4552 6263 7118 7749 8289 9009 10765 11395 12386 13196
3107 4255 4348 5031 5775 6271 7140 8071 8288 8753
3946 5429 5702 6483 7770 8551 9136 9604 10190 11126
4495 5375 6652 7665 8149 9514 9822 10746 11671 13123
2295 2713 3220 3661 4057 4828 5246 5488 5819 6523
4891 5727 6872 7621 8809 9381 10438 11054 11450 13211
1411 1471 1724 2157 2337 2469 2794 2914 3203 3431
4552 5723 6713 7434 8424 9640 10405 11125 11756 13421
4035 5252 5556 6354 7419 7723 9016 9852 10347 10803
2965 3720 4416 5026 5258 5809 6622 7551 7551 8218
1969 2492 2582 3068 3555 3916 4168 4690 4690 5411
3509 4223 5006 5550 6673 6911 8034 8272 9429 10007
3715 4832 5624 5840 7137 7209 8650 8830 9911 10811
4651 5425 6630 7276 7749 8910 10244 10502 11578 12696
4956 6083 7260 8486 9515 10447 10986 12015 13241 13976
2273 2691 3396 3793 4233 4541 4850 5664 6017 6413
1687 1856 2220 2459 2613 3076 3342 3454 3805 4001
4951 6248 7688 8073 8745 9946 10714 12202 12971 13451
1567 1807 2123 2619 2754 3250 3595 3700 4061 4466
1907 2344 3048 3429 3790 4171 4380 4912 4969 5616
4879 5552 5930 7023 7947 8619 9376 10763 10973 12233
3058 3382 4328 4626 5247 5490 6085 6787 7301 7760
5021 5711 6678 7691 8335 9854 10406 11925 12293 13121
2763 3362 3648 4559 4975 5626 5964 6406 7083 7785
4336 5188 5706 6039 7187 8002 8150 9223 9779 10482
2537 2890 3110 3903 4233 4563 5004 5620 6127 6347
3931 4435 5768 6381 6921 7497 8578 9154 9514 10667
1735 2168 2520 2745 2921 3450 3658 3898 4331 4539
3607 3757 4688 5229 5469 6339 7210 7450 8171 8471
3787 4593 5223 5994 6869 7710 8165 9005 9110 9846
1320 1684 2062 2271 2375 2726 3117 3312 3508 3872
4183 4868 5120 6165 6777 7894 8362 9298 9623 10739
1741 2149 2626 2796 3120 3494 3954 4362 4567 5094
4754 6494 7152 8187 8939 10162 10491 11807 12842 13735
3787 4652 5768 6057 6561 7209 8326 9118 9731 10595
2401 2801 3368 3473 4209 4314 4714 5260 5723 5996
1303 1580 1796 1952 2289 2626 2758 2950 3347 3503
5224 6306 7293 8187 8469 9832 11290 12089 12371 14111
1327 1360 1592 1868 2066 2242 2584 2871 2970 3146
2359 2822 3095 3684 3894 4441 4840 5197 5639 6080
2923 3707 3788 4869 5139 5490 6193 6517 7139 7679
5553 6541 6823 7669 8798 9926 11290 11854 12654 13171
2583 2998 3297 3781 4172 4840 5415 5553 6244 6635
4732 6128 6758 7794 8109 9505 10540 10900 11936 12791
4407 6124 6784 7885 8677 9249 10306 10746 11935 13079
2167 2275 2546 3249 3303 3717 4132 4420 4907 5375
2582 3183 3708 4184 4809 5235 5785 6360 6611 7261
5459 6353 7340 7763 9221 9738 10350 11713 12701 13594
5527 5896 7230 8013 8657 9808 11004 11050 11971 12891
2491 3090 3481 3965 4149 4701 5254 5967 6405 6773
2149 2185 2582 2943 3555 3663 3970 4456 4709 5267
2387 2668 3128 3549 3909 4149 4790 4950 5230 5831
2732 3283 3933 4133 4909 5510 5760 6410 6660 7386
5657 6308 8008 8108 9009 10159 11810 12510 13011 14711
1928 2098 2711 2950 3222 3477 3852 4311 4771 4873
3313 3632 4590 4852 5693 5838 6883 7260 7928 8131
1987 2383 2798 3195 3555 3897 4330 4510 4906 5375
3457 3637 4448 4988 6009 6249 6940 7720 7901 8801
2327 2708 3068 3529 3669 4289 4750 4850 5491 5911
4188 4818 5225 6632 7224 7890 8372 9334 9964 11074
5021 5527 7000 7368 8979 9209 10820 11234 12891 13213
3802 3967 5024 5949 6048 7138 7600 8326 8822 9284
4111 5290 6088 6659 7115 7913 8370 9130 10233 11297
2468 3182 3389 3988 4471 4724 5208 5668 6451 6796
3985 4666 4768 5789 6571 7047 7932 8782 9089 9871
3112 3463 4004 4652 5301 5787 6274 7003 7463 8111
2095 2330 2654 3177 3411 3681 4150 4474 4763 5159
3612 4312 5538 5748 6659 7500 8130 8620 9496 10091
4763 5584 6035 6732 7881 8866 9645 10301 11368 11532
4883 6172 6494 8289 8427 9347 10958 11050 12569 13397
5005 6476 7554 8535 9466 10790 11084 12260 13241 14172
1118 1482 1647 1768 2044 2242 2518 2849 3025 3190
3049 3231 3908 4637 5079 5417 6146 6536 7057 7655
4694 5985 6888 7706 8394 8824 9771 10545 11621 12653
1897 2185 2600 2943 3429 3718 4258 4402 4907 5249
4207 4277 5223 6239 6344 7535 7850 8550 9811 10371
3752 4523 5538 5748 6519 7710 7710 9110 9110 10511
2835 3592 4264 4797 5525 5693 6310 7038 7655 7963
3929 5040 5669 5928 7298 7631 8890 8964 10186 10630
4255 5048 5048 6453 7173 7858 7966 8938 9442 10487
3997 4452 5153 6064 6484 7675 8165 8480 9776 10371
2338 2738 2948 3579 4020 4420 4819 5050 5660 6164
1037 1278 1438 1769 1849 2079 2390 2520 2691 2931
2767 3007 3728 4257 4689 5170 5386 6226 6419 6755
2659 3257 3830 4220 5157 5365 6198 6536 6927 7759
4907 6819 7260 8143 8976 10496 11035 12751 12751 13829
1305 1338 1559 1868 2033 2209 2441 2771 3047 3135
2267 2487 2988 3509 3929 4230 4490 4870 5251 5751
3340 4364 5024 5321 6180 6609 7864 8194 8624 9779
3247 3409 4112 4626 5112 5544 6139 7003 7544 7652
3921 5100 5404 6507 7039 8218 8598 9244 10613 10727
4141 5312 5780 6287 7224 8239 8668 10151 10424 11087
4501 5720 6644 7107 7737 9082 9544 10342 11561 12443
3951 4496 5142 5618 6265 7422 7830 8850 9089 9599
5719 5863 7688 8457 8793 9897 11338 12202 13019 14171
1162 1449 1658 1956 2176 2220 2430 2749 3047 3278
2807 3308 4008 4309 4834 5209 5610 6385 6936 7336
3747 4530 5210 5993 6673 7081 8170 8578 9225 10211
1184 1548 1647 1846 2066 2419 2463 2804 2871 3157
2383 2846 3220 3969 4343 4586 4982 5444 5753 6259
3717 4628 4978 5783 6519 7465 7710 9111 9461 10441
2427 3000 3484 3969 4321 4783 5224 5334 5796 6413
3917 4632 5108 5584 6401 6809 7762 8816 9055 9973
4539 5904 7004 7092 8809 9426 10130 10614 11627 12551
4699 5849 7138 7875 8703 9347 10820 11694 12799 13489
5239 6200 6968 8409 8697 9657 10954 11866 12779 13931
1151 1548 1636 1812 2143 2430 2529 2760 3036 3091
2657 3057 3883 4008 4709 5385 5735 6035 6886 7111
4823 5555 6114 7017 8480 9126 9556 10803 11492 12610
4795 5720 5972 7023 7737 8914 9586 10678 11057 12107
3427 3848 4538 5109 5709 6039 6940 7210 7961 8741
2507 3107 3633 4409 4659 5410 5885 6085 6586 7236
3037 3908 4508 5289 5859 6370 7000 7450 7871 8681
3139 3491 3788 4599 4950 5734 6328 6976 7220 7814
2445 3090 3665 3850 4448 4632 5116 5760 6244 6635
2947 3367 4460 4909 5329 6142 6170 6730 7291 8243
2743 3104 3512 3993 4449 5098 5602 5842 6443 6755
2383 2912 3330 3925 3991 4740 5070 5290 6083 6523
5479 6584 6872 8505 9033 10425 11098 12298 13259 14315
4909 5942 6716 7749 8179 9297 10029 10846 11233 12739
1327 1515 1658 1779 2165 2209 2441 2871 2937 3102
5457 6407 7308 8408 9709 10409 11860 12860 13411 14961
2087 2507 3088 3529 4009 4309 4810 5190 5350 5851
3591 3879 4904 5128 5961 6505 7530 8042 8395 9163
3623 4040 4744 5128 6025 6409 7338 8267 8683 8971
3277 3727 4598 4958 5499 6490 7180 7750 8081 8561
2537 2757 3088 3815 3969 4652 5202 5598 6171 6237
5167 5382 6243 7749 8179 9427 9943 10717 11190 12395
1815 2232 2408 2873 3113 3273 3594 3898 4219 4811
4963 5131 6644 7569 7863 8451 9712 10174 10973 11855
1027 1318 1578 1608 1819 2019 2400 2470 2791 3001
1140 1438 1581 1801 2165 2309 2595 2672 3058 3146
1267 1556 1748 2001 2325 2506 2686 2914 3191 3467
4847 5287 6168 7577 8237 9426 9822 11142 11451 13035
4707 6165 7387 7998 9268 10067 10914 11807 13030 13923
3311 3423 4460 4600 5077 6058 6254 7206 7711 8243
3736 4430 4991 5288 6543 7204 7435 7930 8921 9251
3577 3908 4718 4898 5799 6460 6880 7480 7991 8621
4019 4632 5142 5720 6741 7013 8034 8374 9531 10211
3907 4922 5585 7029 7263 8161 9214 9643 10346 11555
4407 6168 6784 7885 8281 9073 9954 11274 12111 12419
4754 5977 6729 7999 8469 9503 10444 12137 12983 13876
3736 3967 4793 5321 6411 6907 7303 8161 9053 9350
4479 5856 6243 7663 8007 8781 9771 10975 11965 12137
4795 5846 6140 7569 8115 8913 9796 10216 11099 12107
3110 3807 4068 5055 5403 5925 6738 7260 7841 8189
1067 1217 1468 1709 1999 2130 2310 2611 2671 2871
3577 4417 5118 5924 6729 7570 8165 9040 9496 10021
3031 3707 4301 4382 4950 5761 5977 6895 7301 7571
2936 3865 4068 4881 5519 6390 6419 7231 7899 8334
4187 5290 5898 6773 7343 7723 8484 9472 10385 11183
1447 1520 1724 1976 2265 2481 2854 2950 3203 3515
4255 4615 5624 6200 6813 7857 8398 9082 10019 10631
3463 4424 4968 5577 6089 6601 7050 7946 8811 9163
3335 4424 4840 5609 6153 6986 7242 7946 8651 9131
2191 2885 2948 3453 3894 4209 4735 5155 5597 6017
3859 4363 5192 6093 6741 7390 8362 8722 9371 10235
3003 3844 3956 4965 5245 5890 6170 6898 7851 8131
2149 2384 2546 2906 3303 3663 4078 4618 4835 5375
3892 4558 5188 5965 6928 7965 8409 9446 9779 10926
5507 6808 7208 8008 9959 10309 11660 12810 13061 14911
2882 3057 3958 4058 4984 5059 5760 6285 6611 7261
1928 2167 2439 2831 3222 3460 3903 4260 4550 4992
1623 2232 2264 2697 2969 3466 3530 4107 4331 4507
4895 5930 7528 8281 8704 9503 10350 11713 12325 13876
5600 6353 7058 8046 9033 9550 11196 11807 12371 13782
2782 3007 3733 4059 4884 5135 5535 6010 6936 7211
1351 1519 1700 2169 2349 2505 2890 2890 3215 3467
4803 5596 6432 7445 8149 8985 10042 11010 12067 12507
2013 2184 2490 2814 3154 3682 3920 4209 4669 4771
3682 4873 5258 6169 6729 7324 7815 8725 9496 10231
3859 4904 5660 6093 6813 7389 8434 9154 9839 10451
1477 1828 1968 2305 2585 2978 3160 3412 3763 3973
4585 5636 6182 7527 8367 8619 9838 10846 11183 12149
1411 1483 1712 2145 2409 2590 2782 3130 3154 3491
4024 5195 5585 6678 7731 8395 9019 9721 10853 11321
4935 5331 6916 7224 8545 8897 10482 11318 12199 13035
5383 5767 7448 7928 9513 9753 11098 11914 13067 13979
5036 5647 6823 7717 8939 9409 10491 11431 13171 13406
3543 4598 4938 5687 6673 6979 7932 8238 9089 10211
1424 1776 2088 2336 2440 2830 3039 3390 3416 3846
1320 1828 1828 2114 2453 2831 2961 3312 3573 3768
1151 1537 1691 1989 2132 2353 2452 2661 3025 3146
2863 3104 3488 4089 4497 5025 5698 6082 6299 6875
3751 4328 4648 5577 5833 6569 7530 7978 8971 9451
5343 5665 7322 7829 9209 9577 10406 11740 12477 13259
1327 1592 1808 1988 2181 2614 2746 3130 3143 3563
4507 6218 6353 7749 8334 9009 10630 11576 11936 12746
2128 2885 2948 3726 3936 4230 4630 5071 5702 6227
3818 5114 5336 6669 7113 8002 8742 9482 9815 10704
2867 3362 3934 4403 4793 5730 5756 6536 7083 7577
2997 3596 4090 4455 4897 5547 5782 6354 7161 7759
2815 3466 3934 4585 5209 5704 5834 6588 7213 7395
5887 6868 7456 7946 9809 10054 11378 12309 13731 14221
3226 3923 4097 4735 5751 5925 6419 7289 7841 8363
2832 3082 3933 4334 4534 5184 5910 6185 6511 7311
2471 2801 3506 3837 4365 4695 5268 5400 5929 6435
1162 1382 1757 1956 2055 2397 2639 2705 2959 3212
1897 2330 2888 3105 3249 3735 4150 4456 4871 5141
2491 3067 3435 4034 4448 4793 5254 5829 6129 6612
1926 2383 2858 3106 3543 3810 4323 4608 4970 5559
4307 5382 6587 7749 8609 9039 9943 11061 11836 12309
4353 5666 5871 7102 8209 8742 9440 10547 10670 12106
3962 4453 5013 5819 6589 7465 7710 9005 9776 10021
2027 2648 3128 3569 3709 4229 4810 4970 5431 5711
1077 1287 1498 1739 2009 2069 2350 2530 2761 2991
1187 1358 1538 1628 1869 2069 2360 2590 2641 2831
5957 6858 7308 8859 9659 10309 11260 12910 13861 14861
3892 4670 5521 5965 6854 7743 8853 9223 9779 10926
2147 2427 2828 3229 3809 4410 4570 4850 5311 5711
3003 3704 4376 4685 5105 5749 6254 7038 7823 8383
2625 2802 3198 3727 4079 4542 5048 5466 5753 6281
3143 3423 3956 4965 5105 6058 6310 7066 7431 8047
3607 3818 4328 4959 5769 6370 6610 7270 7841 8651
1491 1842 2108 2276 2543 2851 3272 3468 3679 4197
1707 2371 2711 2933 3137 3460 3971 4379 4584 4890
1783 2216 2328 2713 2905 3401 3834 4154 4283 4619
4307 5426 6716 7577 7878 9212 9642 10330 11449 12739
1907 2325 3010 3296 3752 4190 4551 4741 5103 5521
3075 3387 4168 4533 5131 5443 5912 6770 6926 7369
4648 5039 5858 6678 7692 7965 9175 9721 10424 11204
3883 4291 4768 5891 6367 7388 7864 8612 9429 9769
2815 3152 3464 4041 4593 5266 5362 5770 6539 6923
3787 4558 5363 5924 6589 7044 7920 8445 9461 9811
1107 1327 1647 1945 2110 2342 2518 2650 3047 3245
1894 2337 2422 3018 3222 3648 4056 4294 4601 4839
2815 3463 4220 4436 5139 5733 6193 6895 7409 8111
1717 1897 2378 2694 2859 3114 3430 3655 4136 4496
2399 2813 3435 3988 4379 4978 5415 5829 6198 6635
2317 2674 3326 3389 3957 4609 5008 5092 5744 5933
5239 6248 7592 7928 9273 10137 11386 11530 13019 14411
5023 5463 6828 7665 8325 9690 10262 10746 12243 12815
3023 3575 4445 4649 5316 6216 6564 7144 7609 8131
1631 1898 2164 2276 2809 2893 3370 3636 3678 4043
4607 5088 6128 6408 8009 8209 9250 9730 10731 11211
1554 1724 1958 2140 2388 2609 3039 3312 3469 3729
2059 2382 2953 3429 3505 3923 4532 4589 5274 5445
4410 4966 5706 5928 7298 8001 8705 9519 9778 11000
5600 5788 6776 8375 9174 9409 10491 12183 12701 13688
1843 2388 2558 2779 3273 3580 3886 4175 4635 4873
2275 2948 3032 3473 4125 4588 4945 5323 5786 5933
5159 6448 7000 8151 8887 9255 10176 11326 12063 13765
3220 3707 3977 4355 5085 5815 6193 6787 7382 7895
2896 3680 3842 4518 4896 5463 6004 6571 7463 8057
2945 3648 3700 4689 4897 5443 6042 6406 7187 7343
2863 3760 3956 4881 5525 5749 6590 6814 7515 7851
4063 4961 5975 6248 7692 8200 8863 9682 10697 11555
2982 3157 3533 4334 4834 5460 5685 6335 6961 7036
4249 5426 6140 6981 8283 8662 10048 10174 10931 11813
5407 6458 7408 8659 9659 10159 11160 12810 13661 14711
3946 5351 5546 6951 7458 8551 8824 9526 10775 11048
1272 1394 1614 1835 2088 2209 2463 2760 2948 3300
3220 3518 3977 4707 5058 5436 6382 6544 7031 7976
4795 5173 6014 7149 7863 8535 10090 10384 11435 11855
1151 1515 1713 1945 2077 2242 2562 2782 3014 3212
1077 1348 1578 1719 1909 2089 2220 2540 2751 2851
1672 1882 2258 2438 2994 3310 3580 3865 3970 4451
3168 3836 4155 4736 5548 5925 6419 7348 7551 8595
4539 5728 6652 7312 8105 9382 10570 11098 11847 13123
3517 3847 4778 5289 6009 6279 6940 7330 7840 8621
1969 2420 2600 3159 3429 3771 4294 4366 4727 5249
1843 2098 2405 2728 3409 3716 4039 4362 4652 4890
4111 4543 5336 6309 6885 7641 8362 8758 9695 10811
5459 5694 6823 8187 8704 9409 11290 11760 12983 14017
1207 1378 1598 1809 1959 2029 2340 2410 2711 2871
2682 3057 3508 4209 4759 5235 5735 6035 6911 7186
2095 2510 2672 3050 3501 3663 4096 4654 4997 5123
3406 4166 4991 5685 6510 6642 7732 8293 8921 9284
3634 3820 4658 5124 6178 6240 7109 7512 8071 9001
2307 2507 3048 3489 3609 4109 4750 5150 5531 5671
2147 2407 3188 3449 3689 4390 4550 5170 5411 5791
4963 5173 6518 7023 7653 8703 10090 10216 11645 11855
2387 2648 2868 3228 3669 4330 4750 4930 5611 5611
2711 3310 3700 4663 4871 5391 5964 6588 6927 7707
5389 6080 7184 7645 8289 9623 10544 11786 11971 13397
2975 3367 3928 4657 5105 5638 6422 6955 7319 8103
1424 1619 2075 2349 2570 2843 3104 3273 3625 3872
4459 5468 6644 7023 7737 8703 9628 10216 11267 12233
2607 3570 3700 4689 5105 5652 5756 6562 6901 7551
4053 4666 5006 6027 6265 7115 8170 8204 8851 9599
2095 2167 2798 3177 3339 3645 4132 4528 4925 5069
4414 5117 5858 6912 7380 8160 9214 9916 10502 11594
3023 3807 4561 4764 5809 6361 6651 7434 8044 8363
2527 2959 3728 3872 4545 4857 5722 5866 6707 6779
3604 4000 5189 5387 6147 7171 7402 8557 9020 9548
3509 4087 5176 5551 6401 6946 7490 8511 9123 9837
2815 3761 4112 4680 5085 5923 6139 6949 7301 7652
2815 3272 3800 4257 4569 5001 5530 6058 6322 6947
2113 2384 2618 3033 3447 3645 4096 4348 4907 5087
4763 5091 6199 6937 7389 8866 9276 10629 11450 12270
2427 3000 3440 3638 3991 4806 4982 5488 5841 6479
1717 2078 2393 2634 3009 3024 3415 3655 4136 4286
2339 2802 3154 3859 4101 4409 5004 5554 5907 6347
5103 5936 7799 8192 9123 10594 10839 12653 12800 14564
4567 5214 5366 6507 7153 7876 8370 9396 9929 10765
3847 4136 4488 5160 6345 6505 7050 7818 8427 9291
2040 2630 2915 3163 3429 4133 4418 4627 5027 5635
4407 5168 5808 6649 7369 8009 8930 10010 10531 11691
3815 4257 5176 5721 6299 7013 7966 8306 9429 9701
4608 5770 6888 7232 8136 9427 10330 10760 11750 12395
2623 3104 3512 3945 4449 4930 5458 6227 6443 6731
4903 6584 7352 8457 8889 10474 11098 11674 12539 13691
4255 5012 5696 6164 6885 7749 8470 8974 9442 10559
2192 2440 2782 3258 3486 3885 4285 4913 5065 5597
4837 5849 7092 7921 8473 9762 10728 11970 12431 13075
2002 2668 2896 3086 3752 3866 4323 4589 5274 5369
4336 5429 5897 6287 7575 7848 9253 9955 10150 11399
5767 6104 7448 7977 8985 10138 10858 11722 13019 13739
4529 4681 5480 6355 6849 7609 8788 9434 10043 11297
4377 4948 5860 6202 7343 8180 8560 9472 10575 10803
2191 2843 3137 3389 3936 4230 4882 5218 5849 6059
4763 5543 6322 6568 7963 8291 9112 10506 10835 12106
5201 6476 7113 8584 9123 9907 11182 12015 13584 14515
3577 3697 4658 5139 5919 6249 6670 7690 7901 8831
4373 4744 5188 6373 7372 7557 8298 8890 10371 10667
5199 6124 6652 7576 8765 8853 10438 11142 12155 13211
5005 5720 5888 7359 7821 8997 9922 10888 11140 12401
3138 3945 4379 4969 5930 6427 7047 7823 8133 8908
2507 3483 3983 4058 4834 5009 5960 6410 6761 7461
4745 6172 7184 7737 9117 9577 10360 11924 12523 12891
2170 2527 2990 3453 4041 4420 4693 5408 5828 6122
3031 3626 4085 4355 5112 5815 5977 6544 7166 7733
3031 3620 4040 4797 5553 5861 6310 6814 7627 8215
5157 6608 7958 8308 9859 10960 11810 12460 13060 14811
3247 4088 4328 4958 5439 6309 7120 7660 8081 8771
5575 5767 7016 8409 8649 10186 10906 12202 12683 14267
2087 2628 2988 3549 3929 4109 4750 5070 5471 5871
3727 3882 4441 5465 5837 6333 7078 7543 8381 9125
5167 5813 6329 7620 7835 9125 10244 11104 11965 12610
2307 2975 3688 4126 4195 4609 5231 5875 6244 6497
4350 5985 6802 7017 8523 9341 9857 10674 11922 12395
3543 4223 4768 5823 6469 7047 7932 8306 9463 10007
3751 4296 4488 5192 6057 6730 7562 7914 8395 9163
5005 6378 6917 8731 9172 10202 11378 12309 12898 14368
1863 2232 2392 2568 2985 3418 3706 3866 4299 4587
2842 3328 4085 4869 5085 5409 6247 6814 7139 7868
4727 5288 6408 6408 7649 8690 9050 9730 10611 11811
1057 1258 1498 1618 1959 2029 2310 2581 2641 2811
3386 3944 4565 5558 6116 6426 6830 8008 8598 9001
1437 1580 1958 2271 2609 2844 3052 3338 3547 3781
4847 5463 6916 7313 8237 9118 9998 10878 11583 12815
1476 1828 1906 2180 2388 2844 2870 3221 3560 3794
3927 4908 5083 5888 6974 7184 8235 8515 9496 10511
1522 2018 2213 2649 2844 3280 3505 3655 3911 4271
2027 2548 3209 3209 3689 4009 4610 4810 5231 5811
4681 4927 5789 7225 8127 8948 9563 9850 10917 11614
2154 2630 3010 3238 3619 4018 4285 4950 5179 5559
5057 6057 7308 8759 9859 10159 11560 12660 13761 14311
5397 6819 7358 8682 8927 10741 11182 12554 13290 14123
2923 3436 4193 4626 5139 5896 6490 6490 7166 7706
4855 5815 7640 8361 9561 9705 10618 11818 12731 14219
2192 2611 2725 3315 3714 3923 4418 4779 5312 5388
1315 1616 1880 2157 2229 2493 2830 2950 3143 3443
4780 5339 6071 7706 8179 9470 9986 10416 11750 12309
1502 1737 2010 2101 2453 2648 3052 3156 3625 3742
1239 1449 1735 1846 2000 2342 2452 2705 2992 3289
5412 5741 6964 8328 8798 9880 10820 11948 12560 13218
3543 4666 5074 5550 6707 7286 7796 8340 9293 9769
5838 5985 6966 8829 9466 10348 11378 12750 12946 14662
3577 3818 4358 4958 5859 6460 6700 7270 8111 8801
1607 2136 2424 2616 3209 3466 3850 4010 4235 4763
2338 2590 3095 3768 4062 4483 5029 5197 5470 6269
4436 6028 6458 7663 7749 9126 9900 11104 11406 12438
4942 6071 6964 7999 8516 9550 11243 11760 13030 13359
5272 5587 6848 7974 8694 9414 10135 11665 11936 12656
1399 1556 1808 2145 2181 2409 2722 2914 3179 3419
2707 3599 4301 4707 5139 5841 6247 7030 7463 7949
5887 6770 7652 8339 9123 9809 11329 12750 12750 13878
4039 4976 5228 6093 6849 7822 8146 8686 9587 10271
2707 3032 3858 4259 4609 5310 5910 6410 6886 7086
2932 3257 3708 4509 4809 5434 5960 6310 7011 7361
1877 2047 2524 2933 3358 3596 3818 4141 4754 5094
1017 1408 1418 1749 1959 2190 2400 2450 2801 2811
1435 1471 1808 2133 2265 2542 2782 2986 3251 3407
5857 6507 8008 8759 9559 10409 11960 12360 13561 14161
3572 4038 4379 5558 5961 6209 7388 7791 8412 9218
5227 5858 6308 7208 8784 9820 10540 11170 11981 13511
1783 2232 2392 2665 2969 3482 3642 3850 4363 4571
2839 3200 3632 3848 4713 4977 5746 5818 6731 7115
1267 1676 1808 2133 2253 2541 2770 3118 3323 3539
4476 5297 5748 7225 7430 8209 9276 10220 10876 11491
1219 1447 1880 2049 2325 2578 2758 3022 3287 3479
2835 3395 3928 4657 5161 6086 6394 7207 7375 8047
2127 2447 3148 3429 3889 4089 4510 5191 5231 5911
3787 4796 5480 6489 6813 7641 8002 8830 10091 10775
3645 4359 5006 5993 6401 7183 8102 8816 9361 9701
1607 2152 2552 2793 3097 3209 3850 4170 4459 4667
3371 3516 4416 4910 5316 6042 6477 7202 8015 8334
1231 1640 1772 2013 2277 2590 2710 2890 3263 3563
4907 5936 7554 8535 9319 9858 11574 11819 12947 14564
4287 5408 5608 6649 8009 8810 8930 9650 10411 11251
1687 2018 2348 2453 2769 3175 3415 3865 4091 4286
1167 1287 1458 1749 1949 2009 2400 2600 2721 2981
3713 4121 5380 5721 6231 6843 7524 8680 9463 9905
3507 4488 5328 6134 6449 7394 7885 9005 9461 10511
3783 4456 4872 5192 6313 6922 7466 7850 8362 9483
3744 5151 5299 5928 7150 7520 8520 9297 10186 10963
2945 3492 3882 4455 4767 5365 5886 6250 7109 7603
5191 6055 7544 8457 8697 9753 11146 11674 13019 14315
3441 4530 5346 5652 6333 6911 8000 8578 9497 9905
1437 1632 1971 2284 2492 2818 2974 3312 3612 3781
2863 2959 3704 4257 4473 4953 5602 6178 6611 6947
5412 6494 7152 8046 9127 9973 10679 11901 12324 13688
3892 4382 4908 5959 6414 7430 7885 8760 9531 10476
2582 3132 3883 4309 4859 5460 6010 6385 6836 7161
1719 2120 2408 2825 2937 3482 3626 4058 4203 4507
4207 4277 5468 5818 6729 7044 7885 8585 9811 10441
2485 2696 3074 3368 3999 4251 4840 5092 5786 6143
4255 4435 5588 6309 6705 7389 8254 8686 10055 10127
3845 5100 5442 6088 7229 8294 8940 9776 10385 11373
4087 4666 5074 5516 6571 7013 8170 8782 9463 9735
5407 5768 6578 7704 8244 9775 10315 11125 12251 13061
2207 2567 3148 3589 3769 4169 4750 5170 5391 5991
2422 2928 3642 3849 4494 4908 5438 5553 6359 6796
4479 5253 6587 7620 8093 9169 10287 10760 11320 12051
2059 2440 2896 3334 3733 3828 4266 4836 4989 5426
1217 1460 1581 1989 2033 2430 2507 2672 3058 3113
1567 1658 2036 2127 2596 2766 2870 3338 3417 3690
3143 3648 3984 4965 5357 5889 6730 6870 7823 7991
1173 1327 1548 1956 2176 2408 2606 2738 3014 3091
4189 5543 5871 6610 8045 8497 9440 9891 10712 11696
3097 4028 4448 5109 5859 6189 6790 7450 8201 8831
1767 2152 2536 2873 3145 3305 3770 4090 4266 4715
1007 1278 1568 1809 1959 2170 2240 2410 2751 2851
2815 3344 3848 3848 4665 5242 5434 6058 6467 6827
3682 4348 5188 5854 6309 7044 7780 8515 9706 10441
5757 6357 7558 8709 9959 10459 11410 12010 13111 14811
5507 6057 7408 8309 9859 10359 11360 12160 13611 14611
5553 5741 7152 8328 8704 10256 10773 11290 12231 13500
4886 5256 5830 6938 7389 8784 9522 10588 11245 11778
3157 3667 4748 5109 5649 6249 7210 7210 8321 8561
4447 4929 5891 6002 7113 7594 8298 9482 10371 11074
4823 5856 6114 7276 7964 8824 10115 10846 11191 12524
1231 1495 1844 1928 2361 2469 2866 2950 3263 3443
1732 1897 2228 2438 2769 3190 3610 3700 4151 4451
1719 2040 2264 2825 3001 3225 3578 3914 4299 4555
2407 2768 3188 3489 3749 4009 4410 4850 5211 5851
4529 4681 5366 6393 7609 7685 8978 9358 10347 10689
2782 3333 4008 4259 4834 5109 5760 6135 6861 7361
3883 4567 5670 6126 7495 8066 8674 9472 10005 11069
1826 2166 2524 2984 3341 3579 3835 4243 4550 4992
1964 2421 2725 3201 3714 3923 4475 4608 5217 5521
1450 1658 1919 2153 2544 2818 2896 3364 3651 3781
1197 1308 1478 1779 1879 2150 2340 2440 2640 2991
2503 3056 3848 4137 4401 4929 5290 6251 6467 6995
5054 6378 7554 8682 9662 10397 10790 12554 13388 14515
1767 2039 2280 2809 3097 3514 3786 4074 4202 4651
1228 1371 1768 1868 2088 2308 2485 2672 3036 3278
5137 5858 6848 7659 8334 9820 9955 10855 11936 13286
4845 5625 6404 6855 7717 8907 9071 10014 10711 12106
4727 5448 5928 6528 7409 8770 9370 10210 10731 11331
3399 3943 4744 5449 5929 6473 7498 8235 8331 9483
