1000 10 10
111 60 28 38 84 35 42 48 69 58 62 0 111
173 50 87 75 42 98 44 81 22 89 47 0 173
136 82 46 98 62 90 51 89 99 68 60 0 136
108 58 72 41 31 66 73 22 70 77 36 0 108
178 22 30 34 46 58 46 24 91 49 76 0 178
151 27 40 65 54 43 43 57 73 30 45 0 151
163 33 43 38 40 48 72 68 68 67 68 0 163
178 58 45 68 26 61 55 56 26 98 94 0 178
136 47 96 45 43 56 59 58 58 72 75 0 136
186 96 55 88 27 60 70 65 80 99 51 0 186
163 84 30 46 38 62 98 79 52 31 48 0 163
161 62 71 72 45 48 23 49 66 41 91 0 161
159 92 82 91 43 68 42 73 92 42 66 0 159
197 60 22 86 50 79 29 62 27 98 30 0 197
182 22 21 58 76 31 25 34 25 91 51 0 182
159 74 28 26 70 77 24 54 48 32 57 0 159
155 60 97 98 68 47 23 87 40 52 84 0 155
105 23 63 92 84 87 88 72 60 78 35 0 105
154 63 38 67 47 55 85 63 74 57 90 0 154
146 82 45 73 52 40 52 79 33 90 92 0 146
164 93 52 53 23 37 82 69 83 28 76 0 164
163 67 89 68 95 26 45 51 93 80 68 0 163
105 72 49 91 45 29 35 88 26 26 22 0 105
121 32 23 28 37 91 47 52 74 46 55 0 121
158 34 28 35 73 50 74 53 97 42 78 0 158
110 65 43 90 68 95 54 91 48 43 32 0 110
100 36 65 85 65 69 59 33 80 32 75 0 100
196 91 45 62 33 84 25 59 80 79 49 0 196
193 72 86 96 59 53 60 30 57 20 56 0 193
114 51 79 46 55 72 72 71 36 30 49 0 114
186 32 70 21 37 26 78 78 53 43 51 0 186
127 95 88 38 38 61 75 50 55 33 28 0 127
144 88 29 96 57 99 89 51 66 85 41 0 144
159 100 69 97 86 34 42 28 76 59 28 0 159
143 67 28 41 36 23 65 60 59 88 77 0 143
164 96 21 25 95 35 36 75 58 86 95 0 164
116 43 43 95 48 71 36 95 63 43 55 0 116
100 60 48 62 64 34 73 64 45 41 29 0 100
186 73 79 46 39 38 27 45 24 50 85 0 186
139 31 94 27 80 57 93 64 98 42 33 0 139
180 69 70 40 71 46 24 94 46 39 89 0 180
104 100 75 83 78 42 24 81 60 49 20 0 104
181 92 77 64 25 59 39 95 67 29 25 0 181
193 65 89 69 62 25 68 75 24 54 87 0 193
162 39 27 22 31 70 84 77 38 29 63 0 162
200 44 54 45 64 92 92 57 79 47 96 0 200
162 95 50 99 79 46 75 87 50 78 71 0 162
172 90 25 50 55 48 23 31 80 35 39 0 172
155 33 77 78 74 37 37 93 63 58 68 0 155
139 98 99 69 84 59 86 58 46 60 50 0 139
123 33 60 78 84 52 25 25 72 54 67 0 123
101 52 67 38 79 97 93 38 39 43 94 0 101
171 49 60 74 41 40 50 27 40 28 36 0 171
114 83 41 53 32 26 26 75 48 47 94 0 114
105 82 33 97 89 69 68 26 74 72 84 0 105
107 30 85 33 87 73 72 25 72 32 98 0 107
128 39 24 69 78 73 47 26 57 98 20 0 128
139 43 37 22 96 33 45 51 30 50 36 0 139
166 82 63 33 99 56 91 97 26 67 42 0 166
146 27 42 35 23 26 83 60 49 74 42 0 146
130 91 60 70 39 21 63 59 73 45 81 0 130
119 55 94 37 44 67 24 55 86 52 58 0 119
196 38 32 92 56 64 61 72 70 40 43 0 196
119 40 75 59 78 29 41 54 35 39 63 0 119
172 59 41 60 68 40 43 73 94 56 82 0 172
170 31 41 83 80 68 73 65 70 67 74 0 170
134 88 58 23 51 51 39 29 92 80 91 0 134
148 26 45 64 98 98 95 60 61 66 85 0 148
159 74 75 80 22 87 77 71 26 72 37 0 159
170 58 80 40 84 81 71 45 25 59 47 0 170
109 87 35 73 46 32 47 80 74 29 30 0 109
174 74 35 39 33 48 66 58 61 38 23 0 174
112 87 99 61 60 51 20 68 52 23 79 0 112
121 73 61 74 22 29 50 96 95 45 80 0 121
166 63 78 42 56 85 33 78 60 68 84 0 166
116 83 82 33 29 93 24 31 90 22 89 0 116
110 56 43 51 83 69 45 49 85 46 55 0 110
170 22 60 89 63 94 37 31 32 35 100 0 170
116 43 75 83 61 70 35 82 85 35 23 0 116
112 70 85 51 95 91 53 82 89 25 86 0 112
192 32 21 73 38 87 74 81 80 64 23 0 192
139 63 87 89 41 40 95 77 75 59 75 0 139
119 53 71 94 56 26 54 63 22 66 92 0 119
171 97 39 21 98 52 65 80 22 95 53 0 171
169 85 94 25 86 86 78 42 82 67 98 0 169
161 31 87 26 68 93 54 63 31 35 42 0 161
179 66 25 30 31 94 86 44 92 22 33 0 179
123 61 93 42 61 86 95 67 61 67 35 0 123
179 89 63 80 65 89 49 87 98 46 91 0 179
145 69 66 65 23 32 80 51 41 99 23 0 145
140 43 30 79 29 91 28 23 91 30 48 0 140
130 69 52 34 48 71 37 26 23 95 26 0 130
142 63 85 20 35 42 49 70 57 36 33 0 142
179 85 28 43 41 90 66 20 99 53 73 0 179
177 41 49 77 81 82 56 67 87 55 50 0 177
181 90 85 28 40 37 28 89 85 44 64 0 181
146 92 42 24 95 93 39 62 25 83 83 0 146
114 44 57 63 43 37 57 89 44 42 45 0 114
176 67 22 87 89 84 55 59 79 95 25 0 176
116 95 23 56 29 69 60 61 26 91 87 0 116
130 64 54 57 100 87 86 52 74 26 85 0 130
180 48 71 98 52 45 41 77 46 90 91 0 180
151 63 63 33 70 36 29 79 68 51 35 0 151
142 45 90 39 44 55 87 69 85 57 30 0 142
122 43 55 48 90 34 90 80 45 70 61 0 122
158 80 75 84 65 49 85 39 36 43 68 0 158
169 69 27 80 62 94 97 55 96 86 57 0 169
174 51 88 84 51 26 63 91 82 29 69 0 174
141 100 23 63 82 30 93 46 39 94 79 0 141
164 67 69 79 81 31 44 67 45 45 77 0 164
171 29 24 69 64 71 61 58 95 69 30 0 171
120 85 74 43 70 75 98 23 40 89 37 0 120
196 51 73 63 24 36 25 92 54 88 79 0 196
149 92 57 54 45 97 85 96 70 66 91 0 149
108 46 59 31 66 45 72 61 41 58 67 0 108
134 85 54 85 38 57 42 27 27 95 38 0 134
177 54 36 47 93 75 85 38 74 53 52 0 177
127 25 94 80 54 60 43 21 70 52 50 0 127
127 58 62 95 50 65 45 70 65 90 77 0 127
162 49 77 95 23 100 81 79 52 70 28 0 162
126 50 44 37 63 39 51 36 55 37 49 0 126
110 81 69 84 85 84 52 83 70 87 37 0 110
166 21 33 39 45 58 71 75 46 88 68 0 166
118 29 23 67 30 30 60 50 82 72 94 0 118
104 48 90 84 53 99 72 64 69 70 39 0 104
147 86 100 98 45 36 27 29 36 35 68 0 147
172 49 83 68 58 56 62 54 82 54 30 0 172
143 37 35 87 26 77 26 90 50 90 100 0 143
132 86 72 86 68 99 32 97 27 58 69 0 132
158 59 69 84 72 92 81 99 40 97 57 0 158
110 37 25 59 97 51 69 53 72 79 91 0 110
133 77 33 86 98 55 67 62 63 83 70 0 133
169 59 76 37 22 95 97 56 29 67 95 0 169
193 73 38 57 40 46 89 88 55 89 30 0 193
165 59 99 59 69 39 68 48 41 64 52 0 165
197 88 65 47 50 95 35 38 79 79 72 0 197
182 63 100 39 83 49 90 43 27 74 31 0 182
134 48 69 55 28 99 39 69 53 95 91 0 134
168 27 53 27 90 66 53 92 63 94 29 0 168
104 73 70 50 68 92 76 80 62 36 37 0 104
117 20 63 31 96 68 95 47 33 51 46 0 117
117 53 57 69 69 38 39 83 65 24 45 0 117
189 93 89 78 23 46 41 56 46 28 76 0 189
180 21 81 65 40 72 67 95 23 24 100 0 180
197 36 39 27 67 73 45 49 40 63 56 0 197
159 93 49 27 49 58 28 69 73 37 31 0 159
138 52 71 70 50 41 60 40 28 76 43 0 138
126 30 49 72 81 65 24 45 80 31 95 0 126
172 96 96 67 93 24 94 100 67 86 50 0 172
169 95 82 34 50 37 44 63 91 55 51 0 169
113 93 60 65 26 51 34 33 70 99 74 0 113
162 94 29 83 71 85 77 59 88 24 81 0 162
157 53 67 37 89 25 62 74 40 46 97 0 157
121 39 29 92 21 40 99 76 31 77 56 0 121
167 81 70 25 61 92 21 42 39 29 77 0 167
142 97 86 82 88 35 75 54 98 94 26 0 142
165 74 41 76 26 90 78 68 59 34 42 0 165
117 73 40 45 38 83 73 31 25 98 82 0 117
117 50 41 66 89 57 86 33 80 54 57 0 117
110 85 70 70 23 45 27 64 43 48 75 0 110
176 49 90 90 97 79 50 59 32 78 85 0 176
107 24 48 86 50 33 95 97 51 43 77 0 107
139 75 43 48 58 61 21 47 84 88 49 0 139
138 54 64 90 40 65 91 56 45 79 67 0 138
168 79 68 97 66 20 91 84 23 94 24 0 168
127 53 43 58 74 93 85 22 74 55 79 0 127
126 65 54 26 20 51 31 81 50 53 24 0 126
148 23 26 62 28 93 45 48 84 56 54 0 148
107 39 49 39 86 42 35 27 33 63 64 0 107
184 25 53 68 22 44 80 38 53 54 40 0 184
196 64 57 66 50 70 80 41 26 71 71 0 196
137 98 67 90 97 70 45 65 76 98 87 0 137
157 66 84 88 27 73 44 48 99 27 80 0 157
193 50 97 70 52 22 74 75 52 27 28 0 193
108 49 76 84 95 36 50 47 92 88 57 0 108
129 58 45 72 36 81 33 77 45 86 26 0 129
135 49 70 79 30 35 42 63 55 57 26 0 135
136 56 48 22 31 81 55 80 21 72 57 0 136
124 30 78 100 27 43 99 54 52 64 93 0 124
119 80 97 22 68 81 22 60 67 77 49 0 119
138 46 52 52 23 76 44 52 99 25 62 0 138
191 93 73 87 65 82 99 41 33 21 47 0 191
170 74 25 46 40 30 84 40 47 95 75 0 170
181 63 94 51 22 91 51 24 30 51 28 0 181
185 72 56 70 43 61 25 69 55 36 48 0 185
123 96 44 70 63 56 44 55 54 92 73 0 123
117 51 93 23 85 99 30 53 29 97 39 0 117
197 34 78 49 53 95 61 21 55 70 64 0 197
164 35 51 31 44 28 83 33 47 25 31 0 164
180 88 33 95 25 44 72 73 92 87 41 0 180
105 23 29 54 47 46 86 88 56 88 32 0 105
183 47 74 72 64 84 42 66 29 65 86 0 183
160 55 91 34 25 51 70 89 71 63 35 0 160
130 50 55 67 51 43 45 97 94 57 78 0 130
120 33 71 66 62 38 73 58 33 77 50 0 120
167 97 36 90 62 92 39 91 64 26 69 0 167
163 91 54 96 77 71 45 28 36 29 97 0 163
103 74 41 68 65 30 93 69 49 73 99 0 103
120 80 34 26 90 45 71 44 50 87 52 0 120
126 56 76 41 91 88 68 65 50 43 33 0 126
124 42 34 25 100 72 41 36 52 75 76 0 124
198 83 80 98 47 75 42 53 79 91 38 0 198
195 96 26 84 100 97 62 34 77 71 61 0 195
184 46 32 23 74 47 78 73 87 54 99 0 184
139 27 38 22 54 34 69 87 26 83 85 0 139
150 67 73 21 75 71 81 85 71 98 65 0 150
141 64 71 41 88 76 90 99 58 89 27 0 141
114 55 44 46 79 60 79 64 46 48 65 0 114
146 83 87 34 31 65 93 95 45 31 28 0 146
118 95 69 42 82 91 50 49 79 95 24 0 118
190 84 34 65 56 97 48 63 42 74 75 0 190
155 95 55 82 32 64 42 74 62 66 26 0 155
175 28 58 23 61 51 22 53 43 34 59 0 175
113 63 73 81 74 62 88 86 39 58 54 0 113
149 99 30 77 24 47 96 51 61 83 83 0 149
168 70 24 71 30 56 42 73 82 25 59 0 168
136 61 57 96 33 85 66 80 43 37 50 0 136
111 93 41 60 58 61 98 44 21 96 67 0 111
130 47 34 26 77 71 22 39 50 56 73 0 130
111 89 76 77 83 52 23 27 42 70 43 0 111
197 44 53 75 37 51 61 82 31 25 98 0 197
133 52 72 61 79 39 24 31 94 34 81 0 133
145 31 88 20 41 97 87 43 28 63 68 0 145
180 85 51 29 95 35 87 65 94 55 35 0 180
125 49 49 83 73 30 21 49 83 52 93 0 125
187 37 57 35 82 84 77 93 32 69 22 0 187
153 39 75 91 42 58 38 60 88 28 94 0 153
170 87 51 51 77 89 37 48 28 47 32 0 170
144 64 43 86 78 61 59 92 87 41 55 0 144
127 50 47 36 39 53 32 38 65 95 53 0 127
116 72 47 28 73 100 99 39 67 25 36 0 116
176 89 44 94 52 38 85 28 89 56 45 0 176
158 79 55 61 22 38 24 45 94 76 93 0 158
185 95 26 50 51 51 28 20 55 56 53 0 185
195 61 25 80 25 78 44 22 73 34 59 0 195
122 79 75 83 30 22 88 71 77 46 89 0 122
171 39 46 88 75 85 79 52 48 94 26 0 171
183 94 52 23 65 73 46 95 66 100 55 0 183
119 89 41 45 41 48 69 44 100 57 33 0 119
133 78 27 29 58 22 23 85 56 31 54 0 133
149 65 45 20 56 76 77 94 93 39 82 0 149
194 60 20 90 94 65 40 26 24 30 79 0 194
156 46 34 74 78 70 38 46 73 58 38 0 156
117 95 91 60 44 36 44 37 80 91 44 0 117
159 98 83 41 27 32 60 67 94 69 95 0 159
186 73 23 29 53 31 37 28 69 32 83 0 186
150 56 92 97 91 63 61 37 28 64 60 0 150
155 40 39 40 92 84 22 50 64 41 54 0 155
126 73 50 25 51 59 22 76 38 67 54 0 126
129 83 47 72 62 64 93 50 89 78 56 0 129
177 76 26 44 39 45 45 84 64 22 93 0 177
179 96 26 41 76 58 69 47 83 43 22 0 179
113 27 24 61 41 99 73 66 98 41 81 0 113
147 60 82 85 62 31 76 64 62 34 45 0 147
198 46 30 63 85 22 64 47 26 77 79 0 198
188 47 26 27 40 70 70 99 79 76 22 0 188
163 48 44 96 37 83 20 40 51 26 87 0 163
182 24 56 55 45 78 60 67 33 51 25 0 182
122 69 22 34 76 37 42 85 28 91 98 0 122
101 28 46 45 23 29 91 47 87 36 48 0 101
107 84 80 78 20 29 36 58 69 61 76 0 107
178 36 73 31 86 21 94 57 95 23 21 0 178
114 83 86 88 70 53 36 47 93 45 99 0 114
146 31 52 91 90 25 64 33 81 63 55 0 146
105 28 79 89 58 97 33 54 22 90 43 0 105
173 39 47 99 36 48 28 45 54 43 60 0 173
158 62 40 94 29 81 93 28 40 27 93 0 158
173 91 68 85 73 24 35 38 58 76 66 0 173
100 88 93 52 27 80 47 59 49 43 57 0 100
129 89 53 95 22 64 23 57 69 50 81 0 129
127 52 90 44 51 34 90 100 76 33 43 0 127
185 47 44 70 88 89 49 27 55 20 95 0 185
110 56 65 64 58 73 87 21 53 51 39 0 110
133 80 90 49 90 39 51 92 80 76 44 0 133
159 52 95 79 39 73 67 36 77 72 29 0 159
170 67 27 81 52 95 69 77 97 62 84 0 170
127 37 27 31 31 56 42 25 46 77 92 0 127
174 22 72 32 70 22 63 40 35 87 33 0 174
154 75 78 81 72 92 34 36 88 92 41 0 154
189 81 46 39 84 35 31 65 91 40 67 0 189
140 98 41 96 77 36 77 92 65 92 30 0 140
103 78 39 35 32 75 33 88 28 31 84 0 103
144 58 39 32 67 55 70 39 46 29 59 0 144
126 41 48 92 63 36 98 83 86 96 48 0 126
195 79 58 47 62 22 38 60 23 90 56 0 195
156 25 88 28 61 95 62 43 50 99 33 0 156
118 84 60 43 82 66 54 59 27 53 93 0 118
174 93 47 48 29 25 36 27 59 30 58 0 174
200 71 94 75 42 81 42 31 39 50 91 0 200
153 28 67 94 79 56 94 57 90 54 64 0 153
187 52 48 24 77 69 88 39 81 67 95 0 187
125 27 71 39 76 63 63 76 69 25 72 0 125
107 57 24 37 78 96 38 57 46 89 37 0 107
109 33 28 68 80 88 72 50 78 81 29 0 109
195 72 26 67 76 39 28 86 26 78 29 0 195
118 46 34 80 96 35 82 73 61 68 86 0 118
137 55 27 87 72 50 57 27 67 48 55 0 137
129 78 41 63 76 85 38 91 68 58 29 0 129
178 61 24 24 41 71 70 54 36 57 48 0 178
149 25 65 82 29 89 48 88 78 61 35 0 149
189 33 71 47 22 47 62 37 68 73 36 0 189
103 29 61 49 35 50 93 85 22 82 69 0 103
120 40 59 56 80 41 62 98 84 70 96 0 120
200 94 74 94 61 88 87 57 62 63 58 0 200
198 44 63 72 32 98 85 51 94 51 78 0 198
147 33 63 62 96 65 23 61 64 25 28 0 147
115 69 93 92 56 22 81 27 73 41 73 0 115
157 29 94 54 31 36 61 66 40 87 95 0 157
136 74 21 56 71 94 76 42 99 53 93 0 136
166 42 46 76 22 76 96 41 88 86 39 0 166
137 64 68 56 63 57 49 88 48 82 40 0 137
190 69 82 84 47 100 29 52 54 100 59 0 190
160 47 79 52 71 75 43 97 27 25 98 0 160
174 23 94 35 91 65 86 77 54 48 95 0 174
113 51 85 75 46 58 97 90 20 50 94 0 113
139 58 90 65 55 27 21 56 39 72 54 0 139
138 44 45 60 54 74 23 56 90 38 40 0 138
148 72 41 48 44 39 75 40 85 78 54 0 148
116 35 92 70 53 62 80 78 73 20 52 0 116
126 21 89 62 71 20 57 71 45 70 20 0 126
179 64 39 90 21 86 33 82 51 53 97 0 179
136 90 54 37 81 59 52 46 72 44 22 0 136
167 54 26 68 78 25 75 86 40 69 57 0 167
110 31 86 50 47 40 64 58 51 77 95 0 110
102 28 39 53 46 88 59 52 96 72 34 0 102
158 68 40 67 27 65 51 25 94 95 25 0 158
160 23 63 47 65 93 67 89 58 95 59 0 160
195 39 89 83 61 50 100 53 95 20 54 0 195
167 77 74 29 59 26 88 79 89 63 99 0 167
126 56 22 31 87 37 79 76 28 76 89 0 126
161 42 89 64 88 29 70 88 59 28 29 0 161
149 92 59 89 94 32 98 58 22 40 94 0 149
132 91 47 88 28 39 64 54 63 79 81 0 132
168 95 29 90 26 31 76 84 38 62 79 0 168
186 78 47 88 59 84 35 44 54 82 89 0 186
131 45 99 89 56 85 47 99 89 92 84 0 131
131 76 99 72 95 40 58 39 79 34 37 0 131
156 31 91 25 45 43 76 67 70 86 59 0 156
117 32 30 36 63 41 55 38 78 84 73 0 117
102 37 78 65 82 38 40 51 21 72 69 0 102
176 94 35 76 83 59 98 70 77 84 37 0 176
144 55 61 51 62 36 36 53 68 42 23 0 144
176 49 49 20 49 80 46 84 55 42 72 0 176
108 35 46 35 34 67 82 52 92 53 70 0 108
146 27 53 91 32 76 98 27 33 91 81 0 146
134 84 85 37 23 25 29 45 76 21 70 0 134
118 25 83 85 91 94 52 51 79 100 30 0 118
154 90 63 43 20 95 71 36 78 58 67 0 154
131 75 75 66 47 81 65 50 46 90 48 0 131
105 85 42 81 91 94 57 46 32 55 37 0 105
110 85 87 85 42 30 41 25 46 79 32 0 110
168 94 74 67 81 99 64 83 88 60 69 0 168
183 52 64 81 23 47 82 90 55 52 50 0 183
177 88 40 59 85 49 49 39 57 94 75 0 177
104 43 92 60 82 82 86 45 39 22 73 0 104
165 46 76 60 98 98 97 67 59 56 42 0 165
200 82 54 78 100 30 48 50 25 79 77 0 200
118 72 78 45 92 91 100 25 61 90 39 0 118
123 62 75 94 80 40 80 71 54 41 56 0 123
111 77 70 93 33 79 68 75 44 57 100 0 111
118 86 25 98 49 83 30 68 30 21 59 0 118
161 88 53 53 36 53 54 44 91 70 39 0 161
140 95 24 77 53 92 41 53 24 39 73 0 140
190 53 22 45 28 75 20 39 86 66 28 0 190
140 49 30 85 55 21 46 41 78 59 48 0 140
174 35 69 92 34 32 78 41 36 67 27 0 174
138 38 71 68 70 24 82 29 21 88 38 0 138
109 78 97 77 71 57 62 64 52 27 35 0 109
157 88 32 41 89 71 97 68 57 98 68 0 157
144 90 24 21 33 21 29 84 46 33 81 0 144
101 90 25 92 79 60 50 94 47 30 82 0 101
131 61 33 29 87 81 79 46 55 84 96 0 131
182 72 98 56 24 64 96 29 93 35 96 0 182
198 26 48 98 87 55 54 86 36 66 60 0 198
166 98 50 79 68 99 87 57 33 27 55 0 166
112 40 28 99 95 94 87 65 64 59 79 0 112
145 75 62 43 29 53 54 52 52 22 22 0 145
107 98 27 58 53 21 83 46 41 87 49 0 107
194 78 48 47 39 52 63 61 28 30 67 0 194
138 68 28 76 56 23 72 85 89 51 64 0 138
143 86 48 86 98 53 67 75 22 28 27 0 143
109 77 96 86 85 43 78 24 95 52 45 0 109
171 20 63 40 80 40 23 44 82 80 70 0 171
101 40 93 39 38 80 41 30 69 93 28 0 101
105 43 86 22 54 57 87 30 76 27 85 0 105
170 66 46 66 64 64 56 29 21 31 30 0 170
133 40 54 69 87 29 41 52 43 58 31 0 133
182 24 20 97 98 74 71 43 96 38 38 0 182
198 25 88 69 41 54 54 86 88 34 91 0 198
148 70 53 80 44 57 62 94 34 81 55 0 148
134 91 41 84 94 56 68 27 27 23 78 0 134
198 77 57 41 38 72 64 24 66 61 24 0 198
127 28 67 91 37 95 75 74 49 73 56 0 127
114 31 72 60 38 38 65 61 87 65 74 0 114
154 51 73 70 95 35 23 30 85 80 61 0 154
141 83 65 45 47 86 56 82 97 98 46 0 141
130 90 91 27 29 61 77 87 82 84 67 0 130
191 45 91 82 48 66 60 56 84 48 25 0 191
141 75 55 31 54 94 33 57 65 82 73 0 141
158 49 98 99 25 68 30 86 40 80 37 0 158
112 92 90 58 53 60 78 46 52 72 80 0 112
153 24 58 95 96 26 22 52 47 69 46 0 153
113 84 96 41 99 84 62 86 94 34 54 0 113
129 62 56 45 98 97 30 90 89 50 74 0 129
124 95 21 44 27 63 24 26 88 43 50 0 124
160 89 59 76 44 65 58 97 65 89 59 0 160
200 84 94 39 34 70 98 85 34 83 92 0 200
139 21 98 82 26 82 84 32 94 49 51 0 139
159 97 79 31 36 62 57 89 90 33 76 0 159
102 46 40 43 22 79 22 75 77 43 61 0 102
128 24 100 35 51 46 82 82 45 85 44 0 128
100 33 47 44 61 54 24 75 56 91 38 0 100
123 49 76 80 35 57 90 69 28 75 84 0 123
111 66 20 82 65 84 92 96 91 36 21 0 111
147 23 57 36 49 64 97 34 47 62 72 0 147
107 61 93 46 26 82 37 24 99 54 22 0 107
160 97 79 94 25 85 96 20 49 62 54 0 160
102 58 79 62 86 81 48 75 41 88 30 0 102
132 21 48 94 53 76 39 51 75 70 62 0 132
170 40 43 22 32 33 52 23 38 96 46 0 170
197 85 93 21 76 74 52 34 68 23 41 0 197
198 66 71 75 76 31 25 60 82 45 68 0 198
146 94 78 80 49 84 32 80 90 87 48 0 146
169 99 46 40 29 23 88 31 54 25 69 0 169
114 99 46 52 34 73 82 78 75 55 66 0 114
159 79 22 85 70 32 64 81 86 75 21 0 159
104 67 20 79 22 54 48 39 62 36 43 0 104
164 63 97 32 82 34 79 22 98 44 55 0 164
200 89 84 57 24 85 75 71 78 33 72 0 200
161 24 26 94 64 62 58 86 73 29 36 0 161
138 27 30 49 60 83 66 77 59 41 72 0 138
188 86 91 24 27 58 80 41 47 55 78 0 188
179 66 42 60 64 94 29 24 85 69 73 0 179
119 92 95 81 70 75 23 82 84 80 59 0 119
200 72 64 52 41 84 55 80 34 88 47 0 200
177 83 33 65 63 25 90 99 73 92 28 0 177
113 24 88 34 23 30 22 91 72 39 85 0 113
103 59 49 75 93 42 80 58 68 37 44 0 103
186 90 30 21 84 53 54 21 35 24 25 0 186
152 24 37 55 30 94 67 40 84 61 62 0 152
149 65 23 34 43 33 80 24 32 86 80 0 149
129 66 92 28 26 30 62 100 57 32 46 0 129
134 97 97 37 83 92 24 36 82 26 40 0 134
197 87 55 39 96 27 39 83 50 43 86 0 197
102 96 92 51 68 30 46 67 27 51 88 0 102
181 81 45 64 81 51 62 90 80 76 28 0 181
130 89 62 77 97 23 41 41 29 41 92 0 130
116 22 89 67 59 63 86 41 77 54 45 0 116
167 75 67 49 31 70 72 24 30 90 89 0 167
129 51 67 62 70 58 31 84 100 74 22 0 129
115 82 99 81 40 27 21 23 79 38 65 0 115
200 44 58 53 92 31 57 30 47 22 75 0 200
103 60 26 97 79 66 32 28 96 78 33 0 103
102 69 73 73 69 36 48 88 47 62 34 0 102
100 35 71 35 56 43 38 51 82 98 52 0 100
189 89 29 99 97 27 97 41 21 36 27 0 189
193 88 30 39 40 90 40 39 40 62 26 0 193
177 89 35 76 29 67 26 70 92 79 96 0 177
149 32 54 79 67 61 28 28 28 75 32 0 149
180 28 94 74 63 86 86 23 100 98 79 0 180
114 85 43 26 66 62 65 81 64 64 60 0 114
137 65 94 43 30 72 34 30 21 84 30 0 137
166 49 94 70 49 24 78 72 37 91 68 0 166
109 74 39 41 55 62 86 56 30 62 21 0 109
121 31 43 59 64 99 27 25 86 34 63 0 121
182 62 66 27 30 79 80 45 56 87 92 0 182
105 61 96 24 41 24 97 51 37 51 65 0 105
184 67 28 59 33 59 87 55 29 95 29 0 184
156 58 48 87 27 87 77 44 37 38 98 0 156
163 23 60 51 32 72 65 61 47 48 20 0 163
126 39 92 36 24 39 22 90 79 57 84 0 126
143 26 47 60 99 95 98 62 67 33 38 0 143
198 44 34 52 30 76 52 96 86 55 67 0 198
136 35 46 73 21 48 27 72 94 100 94 0 136
175 20 86 61 94 67 23 90 94 87 91 0 175
194 31 83 28 60 36 70 58 61 68 67 0 194
193 45 45 43 32 82 81 81 65 52 93 0 193
159 70 62 34 38 57 97 58 77 32 25 0 159
118 56 92 57 86 71 29 23 58 93 23 0 118
196 79 42 75 60 33 65 68 42 54 21 0 196
166 93 29 64 48 50 81 40 55 29 75 0 166
188 50 73 74 31 46 43 23 70 46 73 0 188
136 34 38 87 60 49 68 26 78 79 58 0 136
200 75 67 64 88 58 47 71 83 69 66 0 200
118 86 25 91 67 29 96 61 29 62 63 0 118
138 95 66 40 26 88 77 42 49 54 93 0 138
132 72 61 75 77 61 94 26 30 31 100 0 132
121 69 39 84 62 23 29 56 23 99 64 0 121
177 41 53 57 78 67 80 61 79 53 59 0 177
179 83 27 61 24 36 35 46 21 33 40 0 179
135 61 54 27 100 24 76 76 64 24 30 0 135
198 28 63 30 64 24 52 70 33 70 41 0 198
143 21 95 80 90 59 46 94 53 36 47 0 143
109 27 43 65 96 41 42 86 62 72 29 0 109
124 47 35 66 28 100 79 41 50 42 28 0 124
133 77 70 52 51 32 26 82 63 27 75 0 133
171 98 26 56 30 78 67 55 94 63 71 0 171
185 64 28 63 94 81 100 92 67 96 88 0 185
110 65 33 83 90 80 37 79 64 52 57 0 110
161 74 25 99 37 39 59 47 44 43 55 0 161
110 60 72 69 46 53 41 68 36 65 90 0 110
149 35 84 98 59 30 68 99 64 97 48 0 149
160 39 91 90 96 24 57 95 26 31 99 0 160
141 86 98 35 64 72 58 94 97 68 80 0 141
155 94 53 21 56 59 47 31 56 67 23 0 155
107 67 58 78 61 30 73 97 45 92 23 0 107
152 40 35 92 82 70 31 56 42 52 33 0 152
137 31 29 60 79 72 22 97 55 46 71 0 137
145 45 66 91 47 83 40 91 52 34 22 0 145
159 49 96 59 75 85 78 85 46 90 78 0 159
112 31 58 48 34 94 76 47 39 54 31 0 112
135 72 84 23 79 65 56 93 40 36 77 0 135
126 20 80 91 96 25 39 57 53 33 45 0 126
154 55 72 98 81 91 32 95 43 91 20 0 154
115 76 34 23 52 87 64 45 93 72 31 0 115
142 92 36 71 85 75 96 65 31 100 89 0 142
157 93 41 64 45 76 52 35 89 73 53 0 157
152 39 80 34 90 93 89 95 38 64 57 0 152
132 40 71 59 34 66 29 47 69 53 40 0 132
175 42 26 70 78 32 32 75 96 100 80 0 175
193 69 70 97 86 51 20 68 52 66 77 0 193
117 37 45 61 56 89 61 35 59 27 81 0 117
122 23 90 41 73 59 93 89 88 47 73 0 122
133 96 86 29 60 45 42 65 89 55 44 0 133
186 76 50 48 72 89 54 81 85 91 51 0 186
170 27 27 91 32 28 77 31 26 25 98 0 170
177 94 37 73 62 58 45 97 34 73 85 0 177
109 88 72 28 20 33 53 44 45 52 45 0 109
196 86 84 99 88 88 51 93 77 28 42 0 196
186 42 74 81 68 77 42 53 25 36 57 0 186
117 32 89 34 100 84 72 44 56 79 43 0 117
111 75 61 60 49 86 85 46 81 99 90 0 111
136 71 38 53 91 83 42 74 38 39 71 0 136
158 22 25 91 24 99 48 78 79 49 77 0 158
195 42 28 38 49 83 82 55 58 79 74 0 195
156 29 28 86 76 87 34 50 46 68 52 0 156
136 22 97 20 33 47 79 53 72 82 99 0 136
185 79 94 45 74 30 68 26 34 89 55 0 185
182 71 84 86 58 56 63 92 62 89 94 0 182
111 64 39 61 41 52 77 93 57 70 91 0 111
124 60 77 99 71 52 59 43 83 26 41 0 124
190 38 100 75 24 59 82 93 48 46 66 0 190
137 71 55 43 84 63 31 24 40 47 21 0 137
190 96 52 64 79 81 46 73 99 76 38 0 190
122 50 50 97 87 55 89 75 96 25 62 0 122
136 95 27 73 53 64 68 52 55 49 69 0 136
143 81 59 32 66 48 48 60 56 52 52 0 143
177 43 71 81 25 29 20 41 39 52 64 0 177
109 29 93 87 58 64 24 49 76 37 91 0 109
124 97 41 25 66 81 60 55 40 94 28 0 124
101 48 77 25 55 66 77 76 84 40 37 0 101
119 35 43 96 50 89 47 43 78 95 21 0 119
162 96 70 89 48 93 66 21 32 95 64 0 162
177 92 33 96 99 89 54 39 100 75 61 0 177
173 50 39 85 78 98 67 85 75 61 86 0 173
151 70 41 71 94 96 94 98 20 61 82 0 151
194 66 44 59 46 49 27 55 26 94 69 0 194
198 54 63 71 68 60 57 54 22 27 81 0 198
193 24 20 60 94 55 25 23 85 27 35 0 193
170 71 57 33 80 70 71 26 30 90 47 0 170
130 29 35 96 57 46 88 67 76 52 65 0 130
200 93 38 85 47 21 63 56 37 82 52 0 200
174 42 74 93 54 59 35 25 57 34 27 0 174
198 32 54 76 35 67 68 32 82 78 97 0 198
153 91 77 50 57 44 47 43 22 40 90 0 153
118 62 46 22 71 88 74 56 85 36 20 0 118
184 37 75 58 33 54 27 99 56 76 77 0 184
195 79 44 74 35 65 56 27 55 78 36 0 195
109 60 66 70 74 70 67 53 55 31 80 0 109
197 56 76 32 38 68 29 71 26 29 71 0 197
109 27 45 70 84 33 81 86 95 100 55 0 109
110 73 30 23 56 21 45 93 72 48 63 0 110
168 27 88 86 40 69 89 38 96 97 25 0 168
104 94 99 92 76 69 93 67 48 68 63 0 104
195 55 23 58 95 25 81 20 97 71 77 0 195
192 42 71 25 70 86 48 51 30 48 61 0 192
200 73 86 27 76 25 75 54 63 71 78 0 200
191 35 59 68 74 66 47 71 49 58 73 0 191
125 76 35 26 64 79 73 38 52 63 36 0 125
140 89 53 71 68 39 25 33 98 85 70 0 140
120 81 34 76 28 68 60 51 88 30 97 0 120
136 66 46 41 44 75 56 81 36 96 78 0 136
144 38 86 55 47 50 53 25 87 99 50 0 144
193 61 25 20 27 22 21 68 71 47 22 0 193
184 71 41 36 57 34 32 82 31 73 33 0 184
171 99 60 69 61 33 23 46 68 97 91 0 171
161 61 68 24 25 29 27 72 30 63 100 0 161
199 98 28 68 44 48 99 81 55 81 43 0 199
128 27 85 34 51 55 21 32 49 46 39 0 128
156 55 57 36 82 82 70 25 89 96 57 0 156
187 37 36 49 65 47 27 26 48 59 96 0 187
141 80 53 74 22 98 27 56 56 61 29 0 141
140 97 89 100 47 45 63 29 87 92 94 0 140
105 32 75 84 48 31 26 66 43 62 22 0 105
196 65 84 81 85 52 94 76 70 60 39 0 196
167 86 96 50 39 91 26 23 75 73 62 0 167
158 82 57 40 91 34 95 99 80 24 45 0 158
184 42 66 65 55 48 50 51 100 76 48 0 184
107 22 80 30 77 45 72 62 69 66 77 0 107
171 87 38 73 52 28 68 52 91 21 98 0 171
156 34 34 100 40 74 77 88 29 52 57 0 156
121 65 20 83 75 88 67 84 58 94 93 0 121
116 83 76 75 37 95 93 25 57 88 31 0 116
159 93 62 66 44 58 99 75 30 21 99 0 159
142 91 51 54 65 94 40 85 65 42 90 0 142
187 36 74 94 98 98 62 30 70 40 46 0 187
102 39 76 86 50 85 64 69 24 35 36 0 102
102 95 50 64 53 25 66 65 40 60 72 0 102
121 49 93 39 22 44 97 39 31 74 36 0 121
163 41 80 73 50 84 21 29 75 22 95 0 163
119 82 60 28 71 53 85 82 70 93 47 0 119
145 34 73 23 69 64 29 59 84 52 24 0 145
102 43 77 95 88 78 30 92 62 84 57 0 102
111 69 88 87 39 64 37 77 76 69 59 0 111
171 74 39 61 99 91 54 84 40 64 70 0 171
146 51 34 74 69 20 27 49 66 93 36 0 146
165 34 27 23 26 57 100 96 58 91 56 0 165
129 68 45 92 39 92 50 75 30 98 48 0 129
169 83 57 50 87 47 67 46 79 94 100 0 169
155 70 60 71 69 87 38 43 50 56 71 0 155
131 95 32 90 84 86 86 79 76 90 96 0 131
166 32 93 38 27 56 36 37 57 70 56 0 166
119 44 100 39 99 30 43 20 72 93 55 0 119
144 99 71 26 21 61 79 49 69 81 77 0 144
152 58 81 88 79 66 22 84 43 40 94 0 152
128 22 92 31 31 68 32 22 85 29 94 0 128
185 28 41 85 62 95 25 68 22 77 25 0 185
164 84 20 91 41 92 45 86 70 59 25 0 164
198 80 26 47 85 45 45 97 40 93 25 0 198
162 47 57 81 91 41 49 36 71 57 49 0 162
152 80 36 85 43 79 97 32 55 74 76 0 152
132 96 43 67 88 100 92 82 62 71 73 0 132
102 51 54 49 56 74 25 55 55 87 60 0 102
175 72 95 52 80 71 26 43 80 93 80 0 175
200 30 36 45 45 49 97 57 64 66 90 0 200
160 48 81 87 68 93 35 54 44 66 65 0 160
118 94 81 56 30 29 72 71 27 31 91 0 118
139 83 31 25 38 37 73 59 66 63 48 0 139
117 30 73 96 45 65 84 25 75 24 90 0 117
130 47 35 83 32 38 58 75 31 22 53 0 130
170 20 24 41 42 70 55 75 46 56 21 0 170
185 33 43 63 100 45 76 33 91 65 54 0 185
114 20 61 99 48 36 51 95 46 37 82 0 114
184 41 65 91 44 82 72 87 100 30 67 0 184
179 53 84 93 97 37 70 32 49 62 88 0 179
134 59 36 20 88 74 79 54 28 82 67 0 134
138 40 49 55 64 89 97 26 47 48 42 0 138
142 62 79 43 99 36 23 56 77 26 62 0 142
115 36 65 95 75 99 73 29 35 29 83 0 115
155 68 56 55 36 28 67 81 89 21 64 0 155
164 72 61 79 98 22 86 68 66 69 60 0 164
148 35 74 88 93 23 43 23 45 23 88 0 148
154 85 90 91 92 98 54 86 86 93 71 0 154
181 71 76 65 86 91 48 25 29 79 91 0 181
131 48 74 83 87 78 46 61 96 87 96 0 131
164 88 85 21 56 22 79 93 45 37 34 0 164
145 53 38 55 25 39 60 92 62 94 35 0 145
184 25 58 42 25 63 62 49 22 40 46 0 184
200 95 79 34 71 21 32 95 67 47 73 0 200
131 59 84 51 92 91 34 67 79 70 60 0 131
114 78 39 33 56 85 77 59 82 38 65 0 114
168 32 50 57 68 76 48 65 90 39 58 0 168
199 89 85 35 66 75 99 67 41 60 52 0 199
101 73 36 51 69 40 80 33 73 69 29 0 101
167 76 63 57 57 97 66 39 81 74 62 0 167
139 20 88 31 90 23 45 74 57 80 22 0 139
152 62 29 91 65 41 44 88 42 32 94 0 152
116 43 64 36 63 78 35 64 22 57 23 0 116
180 85 69 39 95 39 42 90 91 84 48 0 180
110 29 26 54 59 45 22 95 66 89 35 0 110
150 32 77 82 87 81 88 73 61 36 92 0 150
111 79 44 89 66 94 23 65 52 99 99 0 111
181 53 29 37 54 80 63 28 27 55 59 0 181
180 21 72 51 74 91 59 37 22 27 84 0 180
199 49 31 77 81 95 38 89 67 51 23 0 199
105 84 87 93 39 97 26 40 75 77 29 0 105
127 21 57 99 90 74 47 57 35 38 38 0 127
162 26 74 82 86 46 91 41 79 42 33 0 162
120 97 81 29 70 59 69 61 51 52 29 0 120
109 94 29 60 89 76 93 91 70 73 71 0 109
153 50 93 66 59 34 50 95 26 50 25 0 153
144 96 69 60 24 26 75 45 58 52 44 0 144
108 22 24 57 72 81 33 78 22 22 24 0 108
144 93 53 54 61 89 34 44 61 99 93 0 144
147 28 47 63 60 95 77 61 52 26 87 0 147
114 44 56 20 30 61 92 74 32 20 74 0 114
195 23 84 34 22 60 22 57 65 74 74 0 195
125 71 76 27 48 40 76 47 79 43 94 0 125
160 93 46 97 38 58 91 73 23 94 60 0 160
175 42 79 21 61 81 53 63 26 60 90 0 175
192 38 94 79 85 25 64 25 37 45 95 0 192
178 99 54 26 60 44 30 46 36 88 23 0 178
139 33 62 55 88 72 28 45 70 23 52 0 139
155 57 40 23 37 98 39 58 21 34 67 0 155
108 32 29 46 99 23 41 92 75 58 88 0 108
139 32 88 49 69 83 31 42 85 51 53 0 139
178 81 45 58 98 71 57 98 95 87 23 0 178
155 57 74 91 54 72 97 31 50 85 74 0 155
146 62 48 98 24 47 54 38 77 58 29 0 146
144 35 100 53 32 52 69 42 48 98 46 0 144
166 68 48 99 39 23 32 72 72 68 30 0 166
163 63 40 99 48 92 39 83 70 99 57 0 163
139 93 84 28 40 33 98 90 59 91 23 0 139
129 39 96 62 23 77 68 36 64 89 31 0 129
185 86 53 69 69 45 21 28 43 23 52 0 185
116 50 68 70 53 96 78 70 52 87 25 0 116
108 93 74 53 86 59 95 25 27 63 60 0 108
183 91 80 49 59 74 54 40 52 76 67 0 183
153 88 69 44 80 26 23 68 87 72 47 0 153
107 23 33 87 49 22 32 88 71 79 81 0 107
115 62 98 47 28 49 78 37 47 60 65 0 115
124 82 80 77 27 42 88 40 46 46 85 0 124
117 64 49 26 60 82 78 54 95 70 79 0 117
200 52 56 81 83 69 40 96 36 61 84 0 200
190 44 69 21 45 48 42 45 74 27 48 0 190
191 89 88 74 90 90 60 96 46 33 42 0 191
129 63 87 29 31 50 76 86 97 44 34 0 129
122 36 66 32 25 96 79 38 84 80 75 0 122
139 44 56 26 33 60 70 94 54 60 62 0 139
169 31 74 82 65 29 30 23 28 64 68 0 169
157 44 62 57 60 85 53 51 77 98 38 0 157
155 41 42 50 65 99 78 81 95 49 33 0 155
123 89 30 85 89 21 22 22 60 46 34 0 123
188 22 48 49 52 21 39 24 37 91 59 0 188
195 77 31 79 43 24 78 77 71 37 27 0 195
127 66 49 72 26 28 21 67 54 39 98 0 127
139 51 22 24 38 27 46 74 39 71 25 0 139
167 82 94 78 57 40 34 40 63 80 55 0 167
162 30 88 74 41 59 27 33 37 38 39 0 162
128 97 83 34 47 84 82 83 73 70 82 0 128
148 40 73 41 64 93 78 82 85 59 97 0 148
146 75 100 48 80 33 92 62 50 89 28 0 146
138 23 51 65 79 30 85 37 83 55 75 0 138
112 40 27 82 94 68 26 21 82 59 93 0 112
165 39 20 67 96 33 26 62 29 82 62 0 165
141 58 82 49 69 75 88 35 95 63 36 0 141
143 60 89 66 73 62 82 52 77 30 89 0 143
137 34 40 34 44 23 84 99 64 70 95 0 137
183 72 76 98 81 48 35 32 57 56 39 0 183
112 31 87 71 47 81 75 74 48 49 72 0 112
165 77 47 60 22 45 83 32 90 94 91 0 165
137 69 82 52 46 53 50 37 47 35 21 0 137
113 24 63 33 55 97 75 88 71 32 50 0 113
175 38 34 28 99 74 41 32 95 85 90 0 175
105 73 24 84 88 23 36 47 92 79 39 0 105
181 27 76 30 79 90 42 44 75 64 93 0 181
119 49 67 43 77 63 89 29 98 48 92 0 119
176 75 23 48 40 72 49 86 72 96 41 0 176
196 70 88 64 54 26 26 69 24 70 64 0 196
139 79 67 52 76 93 80 62 21 73 48 0 139
166 69 95 21 95 56 100 38 88 91 79 0 166
148 68 82 30 25 94 77 42 23 42 22 0 148
174 58 22 95 54 91 86 49 51 72 44 0 174
112 41 23 68 54 91 73 20 71 22 67 0 112
145 61 23 80 67 78 26 38 77 71 71 0 145
126 41 35 56 53 49 84 73 29 86 82 0 126
194 42 41 50 52 86 53 80 51 88 27 0 194
174 56 33 86 50 37 45 79 51 59 35 0 174
119 21 28 59 77 93 68 93 80 26 92 0 119
108 90 22 77 86 71 69 79 24 97 73 0 108
101 95 31 66 85 53 33 75 81 27 23 0 101
180 34 42 28 53 90 52 29 57 77 39 0 180
109 58 65 59 93 97 57 86 99 59 58 0 109
137 72 67 54 59 42 100 93 76 30 44 0 137
181 30 90 54 85 26 72 60 57 89 85 0 181
138 75 72 33 73 24 51 39 68 33 84 0 138
162 58 54 94 30 61 75 51 42 60 76 0 162
194 82 68 91 94 77 91 84 62 84 90 0 194
150 86 64 54 74 56 83 85 64 66 47 0 150
148 27 33 73 45 60 83 71 61 24 79 0 148
110 55 38 93 33 86 68 92 73 67 49 0 110
141 53 64 30 84 60 86 47 36 55 39 0 141
145 63 40 95 70 64 26 98 75 43 71 0 145
183 34 38 81 38 56 88 65 87 91 96 0 183
174 97 42 43 32 47 21 56 57 32 79 0 174
143 76 25 27 35 54 28 37 46 22 69 0 143
193 57 88 64 53 68 93 67 23 33 37 0 193
113 95 63 70 44 59 85 49 38 52 91 0 113
144 76 59 74 87 88 31 34 45 65 91 0 144
155 83 76 35 37 91 98 52 48 64 99 0 155
153 43 33 100 40 76 49 82 77 35 56 0 153
139 78 77 33 91 78 77 25 93 65 25 0 139
109 87 80 84 85 55 89 58 95 20 94 0 109
174 81 28 80 40 57 20 71 81 45 96 0 174
153 97 58 38 26 98 77 80 36 60 94 0 153
152 87 70 60 53 70 28 43 67 85 21 0 152
187 78 85 48 26 53 42 84 86 86 38 0 187
173 75 44 96 46 47 66 22 32 37 49 0 173
198 27 93 90 29 23 98 81 33 88 33 0 198
148 37 49 35 86 74 98 30 27 70 40 0 148
129 59 39 94 29 53 67 89 47 80 20 0 129
174 63 21 77 49 48 22 88 67 58 77 0 174
186 20 51 86 43 68 51 60 42 61 78 0 186
164 23 78 78 80 86 82 87 41 70 71 0 164
116 99 60 89 36 26 83 54 99 38 72 0 116
130 70 37 39 51 98 32 77 92 70 88 0 130
124 76 75 92 25 70 88 69 86 51 98 0 124
184 67 67 52 88 73 25 70 58 60 100 0 184
194 90 23 42 59 44 78 35 99 48 43 0 194
175 22 98 50 75 63 21 61 92 84 29 0 175
183 31 69 21 55 53 36 54 56 45 64 0 183
107 58 62 79 27 62 34 30 33 71 94 0 107
130 74 88 51 58 53 56 23 97 22 44 0 130
112 30 48 42 75 87 60 22 37 68 80 0 112
178 34 37 83 75 28 40 39 38 51 24 0 178
192 23 53 31 67 57 91 78 66 96 79 0 192
180 81 61 25 70 70 94 62 28 96 25 0 180
180 33 56 54 97 42 31 39 34 78 97 0 180
147 56 30 90 99 69 31 99 76 62 84 0 147
186 62 27 98 80 24 22 21 79 71 23 0 186
181 34 82 95 88 30 96 81 35 49 38 0 181
161 73 84 81 82 59 28 54 85 42 51 0 161
100 87 32 93 77 54 92 92 63 34 28 0 100
144 93 34 23 27 86 74 33 52 84 23 0 144
146 33 95 77 42 42 97 87 62 92 94 0 146
101 44 39 78 100 97 69 87 34 76 95 0 101
157 26 48 92 99 60 97 61 69 71 100 0 157
105 22 60 46 29 23 55 92 75 37 39 0 105
104 86 73 43 99 69 72 55 60 54 41 0 104
177 73 90 35 78 29 70 86 50 36 52 0 177
152 53 99 62 25 30 68 84 68 28 44 0 152
152 68 65 36 38 51 55 88 30 47 69 0 152
148 59 97 68 49 64 65 33 31 27 92 0 148
200 87 36 24 26 29 79 31 22 82 86 0 200
158 55 67 62 88 58 24 100 94 91 76 0 158
129 96 67 90 53 55 74 50 56 37 86 0 129
161 85 76 56 83 97 99 81 90 77 66 0 161
157 36 37 63 29 96 96 98 94 31 80 0 157
192 89 84 40 80 64 36 57 51 31 54 0 192
199 55 24 57 84 85 78 40 66 79 20 0 199
108 49 92 37 70 89 80 82 93 51 68 0 108
118 68 69 33 22 85 32 48 51 55 50 0 118
141 67 40 82 31 84 39 21 74 66 23 0 141
180 39 80 26 80 66 97 77 31 76 34 0 180
106 59 24 66 33 65 84 57 84 21 38 0 106
123 82 93 73 60 98 25 54 54 90 52 0 123
128 49 72 77 28 53 87 39 25 58 24 0 128
156 81 41 24 41 82 50 30 22 89 36 0 156
167 75 47 52 92 36 51 94 56 21 90 0 167
129 50 86 31 83 54 51 47 95 52 23 0 129
153 61 63 35 41 73 57 71 87 37 25 0 153
102 68 81 63 87 53 32 61 61 85 39 0 102
180 45 54 96 29 79 68 37 30 37 71 0 180
150 43 47 39 64 57 21 28 89 59 64 0 150
119 52 81 70 56 80 26 46 41 52 92 0 119
149 60 82 29 65 70 65 89 62 21 92 0 149
127 21 53 84 33 43 80 85 85 30 65 0 127
181 87 38 38 56 63 92 65 83 29 52 0 181
160 77 75 70 70 77 91 43 71 50 95 0 160
120 85 75 49 26 69 44 67 74 42 24 0 120
169 30 29 77 65 61 44 47 65 22 35 0 169
173 22 23 36 80 98 34 56 29 58 76 0 173
169 43 82 92 92 48 31 94 61 31 51 0 169
164 99 88 66 61 32 65 96 62 98 23 0 164
133 48 20 46 30 73 54 36 33 69 89 0 133
143 85 31 61 48 69 50 81 55 64 38 0 143
137 27 47 39 55 87 34 86 56 42 95 0 137
101 32 68 62 97 67 38 99 54 36 84 0 101
105 25 52 26 73 96 70 100 73 64 87 0 105
168 69 94 64 59 50 55 78 99 28 89 0 168
102 43 59 23 35 24 63 58 62 97 51 0 102
166 30 60 96 75 24 91 44 60 80 22 0 166
149 44 39 69 73 59 46 98 62 39 91 0 149
110 53 57 36 77 32 97 70 99 24 31 0 110
103 90 37 44 78 36 88 63 97 76 90 0 103
103 78 56 72 99 68 37 25 57 43 49 0 103
175 72 20 36 93 30 74 39 91 78 61 0 175
146 79 78 66 45 50 91 29 99 29 40 0 146
116 73 62 61 56 76 69 58 79 44 64 0 116
116 53 53 46 62 97 92 68 94 67 41 0 116
134 46 67 91 44 23 65 60 36 44 48 0 134
184 81 84 37 93 64 30 41 84 43 88 0 184
113 95 88 98 81 70 89 63 80 65 24 0 113
138 87 46 33 35 60 81 23 91 29 22 0 138
155 64 32 34 37 48 58 93 62 46 44 0 155
196 48 97 99 39 68 83 61 96 34 33 0 196
133 51 42 21 55 67 61 26 86 94 88 0 133
130 52 60 49 59 24 26 64 96 82 53 0 130
198 59 92 95 50 82 44 98 81 53 27 0 198
156 32 96 89 92 76 70 97 61 67 22 0 156
138 84 60 30 33 63 53 75 87 91 54 0 138
135 90 59 50 65 30 85 65 24 23 43 0 135
122 96 68 32 77 100 20 94 68 76 78 0 122
146 57 91 22 95 44 70 31 32 44 31 0 146
121 83 82 27 66 23 96 22 23 64 85 0 121
113 34 68 72 58 72 82 46 52 55 45 0 113
175 98 99 68 68 20 78 68 99 95 48 0 175
129 66 81 40 60 67 30 62 22 43 94 0 129
145 98 84 41 54 94 38 44 51 88 99 0 145
119 80 61 73 98 96 68 39 45 23 35 0 119
143 52 41 38 71 94 40 33 54 71 46 0 143
126 93 27 85 48 46 81 30 31 78 54 0 126
100 20 44 55 93 64 93 51 31 40 48 0 100
135 20 29 90 56 32 98 38 56 21 38 0 135
111 41 61 54 49 66 37 61 81 25 57 0 111
110 81 70 64 29 94 57 71 88 39 100 0 110
189 44 48 38 50 57 74 86 65 35 92 0 189
191 72 93 55 90 46 66 87 86 95 32 0 191
167 66 41 77 37 82 90 66 49 70 21 0 167
102 40 80 24 67 73 39 23 81 52 46 0 102
186 85 96 92 43 35 37 51 41 65 99 0 186
131 90 56 51 23 74 69 45 89 28 97 0 131
143 55 57 79 42 99 21 28 42 71 46 0 143
157 65 61 68 37 77 49 80 91 100 37 0 157
171 46 22 90 96 42 74 78 33 79 57 0 171
138 70 95 69 42 55 30 83 30 47 50 0 138
163 30 88 85 91 63 70 44 74 44 28 0 163
120 62 67 70 30 57 75 43 87 79 37 0 120
167 41 82 20 49 67 74 76 88 22 70 0 167
106 57 69 44 29 46 50 53 40 87 53 0 106
103 83 46 30 30 52 93 24 91 80 82 0 103
187 69 48 76 37 75 49 65 73 59 72 0 187
170 42 31 74 59 34 61 83 32 72 84 0 170
151 70 93 98 78 53 32 32 73 82 72 0 151
165 56 85 99 87 62 36 70 67 92 79 0 165
145 100 73 59 83 64 77 30 63 50 45 0 145
177 31 84 42 47 55 22 86 60 42 70 0 177
101 99 33 43 75 55 35 61 49 39 96 0 101
154 55 86 54 97 81 63 83 62 40 76 0 154
156 94 85 26 28 78 33 64 57 77 46 0 156
163 97 48 77 64 33 37 89 97 24 33 0 163
113 49 50 26 56 92 28 51 63 55 66 0 113
149 51 99 80 79 66 79 71 89 29 85 0 149
122 79 96 61 32 79 80 42 24 27 56 0 122
126 80 71 46 54 24 93 57 44 41 92 0 126
169 49 65 90 67 61 54 47 79 31 45 0 169
167 24 85 21 83 69 46 43 69 23 87 0 167
189 51 51 37 77 93 74 82 46 74 52 0 189
102 88 73 100 84 61 97 51 92 99 85 0 102
166 58 98 65 21 67 37 37 69 29 96 0 166
177 94 53 85 73 60 94 50 28 61 25 0 177
195 51 25 90 29 22 81 21 36 62 53 0 195
139 75 73 21 34 86 35 60 91 91 57 0 139
114 51 29 97 85 71 69 56 45 78 49 0 114
101 75 69 83 36 67 69 46 76 42 31 0 101
186 49 29 83 57 22 94 65 50 55 53 0 186
191 50 54 66 75 91 39 80 56 78 91 0 191
167 67 83 21 32 69 40 51 34 62 79 0 167
110 58 79 33 37 29 40 79 86 28 94 0 110
120 71 96 77 65 57 25 81 89 53 70 0 120
113 27 95 88 87 51 26 97 53 31 90 0 113
181 39 46 27 91 89 36 51 98 93 24 0 181
164 69 62 96 32 78 69 47 31 83 62 0 164
190 31 61 86 59 36 31 69 86 47 41 0 190
112 24 54 84 61 69 96 66 78 42 45 0 112
163 46 76 92 99 73 37 29 57 50 79 0 163
152 45 92 67 22 91 30 29 70 39 66 0 152
200 56 54 31 31 55 67 87 90 51 59 0 200
185 75 41 62 79 65 56 94 63 86 48 0 185
118 75 80 57 73 95 46 72 89 48 73 0 118
158 95 90 90 29 28 35 67 77 65 34 0 158
165 75 57 62 88 90 63 22 92 43 52 0 165
143 56 87 56 64 28 82 90 91 90 51 0 143
155 57 24 93 68 47 55 60 68 90 44 0 155
199 39 29 81 88 21 63 86 74 98 98 0 199
136 22 96 47 29 47 47 94 71 32 33 0 136
176 40 57 78 97 68 81 89 34 91 63 0 176
100 78 59 54 42 32 94 96 39 31 44 0 100
169 28 22 37 86 28 93 40 52 52 79 0 169
198 62 48 80 94 99 69 83 76 32 91 0 198
199 71 66 85 69 50 79 50 82 51 30 0 199
187 60 85 78 73 96 46 90 43 85 59 0 187
184 76 67 65 90 67 42 91 77 54 55 0 184
105 75 38 70 71 65 91 28 31 55 97 0 105
151 28 73 69 41 90 49 31 97 76 59 0 151
116 82 62 100 60 58 71 57 21 33 92 0 116
174 51 64 85 45 68 99 23 83 88 22 0 174
104 29 97 48 67 98 95 62 71 41 99 0 104
134 64 48 50 37 89 96 76 78 95 65 0 134
188 92 39 51 79 48 49 93 59 87 71 0 188
189 90 61 70 77 67 83 44 72 73 93 0 189
162 41 22 58 51 20 52 95 75 25 48 0 162
180 73 83 79 27 93 31 51 75 83 84 0 180
128 29 70 26 99 74 69 58 52 22 40 0 128
130 32 52 52 77 93 20 71 45 25 48 0 130
165 86 63 74 53 31 58 30 50 91 41 0 165
156 23 34 87 59 85 34 71 59 80 83 0 156
142 45 26 35 37 79 85 57 75 81 30 0 142
199 56 87 74 38 87 57 24 48 36 42 0 199
167 65 67 95 22 46 92 53 81 63 37 0 167
183 83 89 41 88 98 56 24 24 75 27 0 183
151 42 40 64 72 66 33 41 63 93 100 0 151
105 28 95 50 86 84 64 82 51 95 21 0 105
174 40 52 99 93 72 81 51 55 62 82 0 174
123 49 61 66 85 92 25 50 51 45 24 0 123
120 34 100 91 61 27 91 72 97 32 26 0 120
113 80 94 99 71 64 56 88 34 29 25 0 113
159 21 42 59 28 94 41 96 58 71 41 0 159
132 45 21 66 42 41 62 42 86 28 83 0 132
101 47 100 69 63 89 86 62 77 79 67 0 101
174 92 33 68 67 90 49 29 42 37 20 0 174
105 74 99 86 67 78 38 50 71 98 25 0 105
119 64 99 96 72 66 55 39 26 88 60 0 119
180 88 33 39 20 68 80 35 99 96 95 0 180
195 34 66 82 65 93 57 95 69 26 96 0 195
169 58 81 98 56 70 21 75 39 40 78 0 169
146 96 72 70 95 57 35 42 39 43 27 0 146
181 79 40 68 65 64 52 76 49 59 27 0 181
191 90 77 93 37 67 90 42 96 42 94 0 191
188 31 98 35 54 59 54 67 54 41 94 0 188
79 112 85 121 74 75 126 122 127 80
107 125 141 168 187 203 240 259 279 281
114 122 150 162 187 202 222 243 263 285
102 126 155 162 197 218 226 253 268 300
119 126 160 171 193 205 234 249 273 283
101 124 153 174 193 219 234 251 279 296
119 132 154 177 195 216 228 259 268 280
112 123 146 167 194 216 226 243 279 282
104 137 151 177 192 212 229 240 264 297
115 120 154 173 195 205 236 245 274 291
116 123 156 160 200 214 234 251 270 283
101 127 154 179 200 205 222 260 279 281
114 127 149 164 198 210 227 243 277 283
110 127 142 165 183 204 222 260 260 288
118 124 150 174 188 205 224 254 269 284
118 122 160 177 182 216 221 259 280 297
115 139 147 172 199 217 236 250 261 281
115 135 145 179 194 200 224 248 279 291
110 131 155 173 184 216 236 244 280 294
117 128 148 166 181 202 240 243 267 292
115 140 151 170 193 210 221 257 277 283
117 129 141 164 187 202 224 253 268 286
102 124 141 169 197 216 234 246 264 293
102 123 149 163 186 219 226 240 266 285
105 120 158 160 193 214 234 248 265 297
114 139 157 161 185 219 235 250 260 299
105 124 142 163 180 205 234 255 276 282
106 120 145 166 191 211 239 258 270 298
114 127 146 167 185 210 227 258 264 300
104 127 142 175 194 212 224 258 279 292
120 129 159 161 182 208 228 248 266 280
104 137 154 163 195 212 235 253 263 294
108 135 140 169 190 207 232 257 269 300
107 133 146 168 191 204 234 257 280 283
111 138 158 171 190 212 233 245 280 280
110 124 150 170 200 219 220 249 270 297
116 120 148 172 198 218 227 259 274 298
107 129 148 175 181 215 222 252 278 294
109 135 154 170 194 201 235 246 271 289
100 135 155 176 184 214 231 242 268 290
108 135 148 164 189 216 221 258 272 286
116 122 153 178 180 218 232 254 273 296
103 135 155 164 198 207 220 259 280 285
112 129 158 168 200 208 239 248 261 280
105 122 156 177 180 200 238 245 280 280
120 129 160 169 199 212 236 241 260 289
101 134 153 172 181 213 234 258 266 284
114 136 142 175 199 213 229 242 261 284
117 125 149 162 195 216 222 243 275 294
117 138 157 164 182 202 230 260 266 300
115 136 151 164 191 211 239 241 271 287
102 131 158 173 188 220 235 260 277 286
114 136 148 165 182 210 230 246 261 294
113 129 159 175 190 219 238 241 275 293
115 121 149 171 184 207 225 254 277 284
103 120 144 180 182 200 239 250 274 293
109 135 142 169 198 204 239 255 267 289
114 139 160 168 193 217 240 247 260 280
119 127 157 165 180 220 227 252 275 295
105 121 158 177 190 210 235 254 280 284
116 128 151 167 180 200 224 254 270 293
110 140 142 172 197 202 220 260 277 290
102 131 155 171 189 216 230 245 280 293
108 131 159 172 184 211 238 245 275 296
109 136 159 170 185 216 240 245 270 288
120 131 141 180 183 212 233 259 277 287
115 121 146 163 193 206 240 247 262 285
106 129 149 179 190 218 224 259 276 291
102 140 157 179 193 201 221 250 261 293
115 123 150 179 195 216 236 255 267 295
111 135 157 161 198 213 233 244 266 296
106 130 140 170 199 203 220 242 262 294
110 132 145 176 195 201 239 252 269 293
116 128 142 179 197 218 235 241 267 297
112 138 150 173 180 214 231 259 265 296
109 138 141 175 190 207 223 243 279 286
107 121 140 175 193 218 230 259 279 284
108 127 156 175 184 200 235 251 279 290
104 122 146 171 185 204 239 254 268 285
115 125 144 173 180 203 232 248 270 290
117 134 154 161 185 209 231 256 268 295
116 134 143 169 181 202 221 253 268 286
101 139 155 160 189 209 236 252 273 294
114 140 154 170 195 217 229 250 274 293
104 135 142 179 182 204 230 249 266 297
117 131 144 161 200 209 220 255 262 288
116 127 149 160 193 215 234 250 274 294
117 120 158 178 189 200 236 257 267 295
118 135 143 163 194 209 221 240 262 289
110 136 149 179 194 213 239 241 273 296
112 140 147 162 200 203 222 245 269 281
104 131 145 176 183 207 230 251 280 283
118 120 140 168 196 208 225 252 269 281
107 132 149 177 184 206 232 254 280 297
104 137 140 161 197 218 229 258 279 298
119 121 154 179 182 208 236 250 272 291
110 126 147 160 185 213 232 259 275 299
104 135 157 167 200 208 225 254 266 296
111 137 144 178 190 212 224 247 276 294
120 136 158 166 181 219 239 258 270 299
101 129 148 164 198 208 228 255 277 287
108 128 149 178 181 216 225 248 275 293
102 128 156 164 190 203 233 258 276 290
113 140 159 165 190 208 231 253 260 281
117 124 158 171 186 202 223 240 271 296
106 123 147 165 194 220 225 251 277 280
104 136 153 163 191 216 220 258 261 280
107 126 159 162 189 212 227 241 266 294
115 128 157 180 198 219 229 255 271 281
115 132 151 179 195 208 235 240 266 295
117 131 145 179 189 211 229 253 263 300
103 135 151 180 185 204 235 245 264 282
116 128 147 161 187 207 229 252 268 285
118 131 150 174 180 220 233 242 262 285
109 129 144 174 186 216 228 252 276 280
119 122 152 176 195 213 233 259 260 289
106 139 145 160 180 204 223 257 273 296
114 126 156 161 191 215 225 253 269 298
100 138 140 180 183 216 222 244 271 283
107 132 143 165 197 215 240 251 270 296
101 128 142 162 188 209 235 249 268 288
115 124 157 171 200 214 235 248 276 280
115 131 158 175 181 217 234 260 271 291
109 130 144 178 186 216 240 252 266 284
110 122 155 169 188 200 231 260 280 288
115 134 147 165 192 216 225 249 277 286
116 128 156 163 200 214 224 242 269 299
100 122 146 176 191 217 226 259 274 282
112 140 152 179 195 209 220 253 271 286
114 120 149 164 184 210 230 259 278 300
101 130 146 164 196 208 224 250 277 288
110 132 154 179 180 214 221 244 270 288
108 122 155 161 188 209 240 243 274 297
105 131 159 163 188 220 221 240 269 298
117 134 144 170 192 214 230 240 262 288
101 131 148 179 199 219 233 240 263 283
110 138 148 168 191 215 229 252 267 294
105 138 153 170 185 215 220 254 262 300
113 139 152 175 189 217 238 248 274 295
106 133 154 175 183 215 225 254 271 287
119 140 159 179 180 203 221 251 273 298
119 136 151 171 183 209 224 259 275 298
106 138 145 174 181 218 238 256 277 280
100 124 159 175 197 203 223 253 267 287
113 139 150 177 181 200 240 242 262 299
105 132 153 162 185 203 223 242 268 281
101 136 144 170 198 206 232 252 274 280
120 123 148 170 188 211 220 256 268 291
106 140 158 172 196 204 228 252 261 293
104 126 156 172 188 214 220 240 271 292
119 127 151 171 188 215 229 246 274 297
106 129 150 171 191 212 233 251 280 298
107 126 160 175 180 213 227 241 277 293
119 125 160 174 187 217 235 245 274 280
103 140 149 177 183 205 227 255 264 289
116 132 158 178 185 205 228 260 261 289
100 136 160 175 195 206 220 250 263 292
113 123 158 171 189 217 230 242 265 299
117 140 141 161 193 203 229 260 280 287
106 133 158 160 180 217 232 254 272 292
118 122 154 178 193 213 221 257 261 294
115 123 156 163 184 214 231 247 268 296
119 123 143 180 192 220 236 246 265 280
117 123 144 178 196 213 221 248 273 286
112 138 143 177 183 204 226 256 278 291
110 130 149 177 198 216 230 254 272 300
119 125 160 174 197 215 220 251 274 280
115 124 152 173 180 217 238 259 278 280
100 132 142 175 191 206 236 255 262 298
100 131 140 166 188 201 239 258 270 299
102 127 156 178 182 210 240 248 279 290
107 124 150 174 184 204 234 249 268 290
101 133 153 180 195 208 234 255 265 290
116 123 142 177 183 218 236 242 269 286
108 122 140 162 195 209 224 247 268 291
112 125 146 176 181 214 222 242 275 280
118 124 147 161 200 216 225 243 278 283
100 134 148 171 183 217 233 247 264 300
109 124 140 172 196 217 236 256 276 299
104 128 148 162 200 203 221 248 265 284
113 123 140 161 186 205 221 247 263 296
107 133 158 167 190 216 234 251 268 299
105 133 146 177 194 207 231 249 278 291
119 135 160 180 192 212 221 260 274 290
107 131 158 166 186 210 236 256 271 291
111 123 147 173 180 202 229 254 270 299
116 137 141 177 190 220 235 250 266 293
115 131 152 174 187 215 240 245 276 281
109 128 149 172 184 202 235 253 264 294
116 129 143 168 198 203 235 247 275 288
100 124 146 180 190 204 231 256 273 299
112 140 141 175 198 216 226 260 280 289
120 121 147 180 187 220 239 257 263 291
113 126 148 170 190 219 227 256 274 280
120 131 148 164 196 215 239 252 261 293
107 123 149 161 185 202 231 254 271 299
100 132 154 177 194 211 222 248 264 292
104 127 142 171 199 206 231 260 278 292
115 137 142 160 194 201 240 254 269 282
115 125 143 164 181 215 233 250 267 287
102 137 154 174 198 211 233 241 274 284
101 138 141 173 189 208 227 250 273 297
109 130 144 176 191 217 233 249 278 297
114 123 158 180 194 220 235 259 274 287
115 137 145 180 184 214 225 258 268 280
111 124 142 168 199 206 237 260 274 295
105 140 143 162 193 217 237 256 269 299
104 129 149 180 195 210 226 256 268 289
111 137 155 173 189 210 231 245 260 283
107 125 150 161 181 204 220 251 280 296
100 139 150 166 188 210 237 248 277 291
103 135 160 175 185 220 222 241 278 288
105 135 152 172 185 210 233 256 268 281
112 132 156 167 199 205 235 245 269 288
103 135 141 179 185 202 229 258 265 291
117 133 143 175 197 217 236 257 272 287
109 139 147 168 180 203 234 260 273 281
116 135 159 160 191 216 225 240 263 286
107 135 140 180 183 213 221 256 266 291
101 134 156 163 196 206 230 251 265 282
120 122 154 160 188 205 236 244 271 289
107 138 159 167 185 211 220 256 275 280
113 137 141 171 193 212 228 255 262 283
113 134 142 173 184 209 229 250 267 298
119 140 148 170 181 208 220 253 274 284
120 132 158 175 189 216 230 255 268 298
108 124 147 169 196 213 236 253 267 298
106 124 156 161 198 212 227 258 280 295
105 123 145 180 196 215 236 249 279 299
108 126 149 170 193 217 228 248 270 286
101 125 145 176 186 217 228 255 262 291
106 127 148 163 183 219 222 254 266 290
106 131 155 167 186 209 222 249 260 285
117 122 144 168 200 201 228 258 267 297
115 127 154 164 192 201 226 251 276 283
109 132 140 167 198 219 237 254 266 282
113 138 152 160 198 208 236 250 271 297
110 134 158 162 180 209 239 251 265 289
107 139 147 165 199 219 240 248 280 281
106 134 142 163 183 210 235 248 261 281
106 122 146 179 182 206 232 253 261 280
102 139 143 175 200 212 235 250 263 283
117 129 159 175 180 215 240 250 264 292
108 128 141 164 192 220 236 245 267 299
119 125 140 178 180 204 227 243 267 296
106 126 155 161 197 212 221 240 279 293
103 127 142 170 198 212 227 248 279 293
120 136 147 160 190 202 239 245 266 292
107 138 142 163 192 205 224 244 279 292
120 128 148 179 196 202 221 257 266 287
107 138 157 177 195 203 236 257 278 280
106 138 147 177 183 209 230 243 264 288
119 132 151 166 195 209 222 243 265 300
116 139 159 178 186 212 232 240 278 293
119 121 154 177 192 220 236 251 274 288
108 121 153 168 182 220 239 247 270 297
111 135 141 173 181 206 221 259 266 287
107 124 150 163 196 219 226 246 261 282
120 121 140 170 184 210 228 241 261 296
104 128 154 176 187 200 238 254 273 283
120 121 146 180 192 214 222 259 271 294
100 123 158 171 184 203 238 247 279 281
111 128 157 176 186 216 236 259 262 297
108 133 145 171 182 204 229 244 272 289
119 129 152 180 198 215 228 245 265 297
116 120 142 167 185 201 227 251 278 290
119 125 144 176 191 218 227 256 266 296
115 120 153 171 185 210 232 242 272 286
106 128 159 173 190 218 235 254 263 300
102 129 155 176 185 220 238 251 264 299
101 132 141 165 200 205 227 240 278 283
115 126 160 176 183 205 229 249 269 286
105 125 143 173 182 219 233 248 279 292
115 130 146 166 189 206 228 258 270 293
100 131 142 178 194 220 235 258 265 300
103 124 149 174 185 214 226 242 270 296
106 132 155 165 181 207 233 248 268 283
104 123 144 171 194 200 229 242 272 281
102 123 149 178 198 219 235 250 268 295
103 137 160 163 198 209 232 249 270 282
100 131 148 160 188 203 221 256 265 292
120 137 145 163 180 208 221 252 266 281
117 130 157 170 197 202 221 241 267 297
112 131 144 174 187 205 223 258 263 280
120 140 143 168 196 202 232 249 271 281
114 132 151 161 185 208 224 253 276 299
108 129 150 178 199 211 240 251 280 285
107 134 144 176 190 202 236 247 261 293
105 123 157 162 183 215 233 254 267 286
109 130 145 162 182 215 227 246 261 281
120 136 141 165 185 215 227 241 267 281
105 136 154 161 180 217 237 240 272 284
104 139 160 165 197 207 222 252 262 289
115 128 151 164 195 218 222 256 276 284
114 126 151 170 196 214 238 247 263 294
112 129 159 171 187 220 235 245 260 281
112 140 143 170 188 205 220 257 267 297
111 139 156 179 186 212 231 245 269 283
101 135 152 173 192 205 227 258 263 297
117 138 147 160 191 201 232 253 266 283
115 131 160 166 200 219 229 258 265 298
111 126 160 174 181 212 232 256 264 299
115 122 146 176 197 217 227 251 268 283
109 139 155 160 198 213 231 240 272 280
100 123 149 173 186 219 239 259 261 281
100 135 158 175 195 212 237 242 264 295
115 133 149 161 196 214 221 249 264 296
100 124 149 169 188 218 220 244 280 290
101 136 157 160 200 201 226 242 262 284
111 136 156 168 184 205 232 256 270 297
106 131 141 180 192 217 238 240 279 293
100 132 160 173 194 213 232 252 267 296
103 138 157 163 180 218 233 244 280 289
116 133 159 179 199 217 228 246 274 281
118 135 152 166 187 207 239 252 270 281
114 136 151 160 200 219 236 255 268 289
112 120 145 166 194 205 230 250 273 288
119 136 151 174 180 216 239 240 261 281
102 137 147 173 197 205 233 249 265 300
114 136 141 174 195 204 232 248 267 287
100 123 145 161 198 201 232 240 264 280
109 134 149 175 180 207 238 256 279 283
100 136 145 165 183 201 227 243 280 287
116 122 157 165 184 218 237 256 274 294
115 130 149 171 184 210 232 258 275 280
119 122 145 174 200 215 231 242 265 299
102 124 159 161 195 207 227 247 267 298
114 140 160 161 195 216 232 245 267 292
101 127 152 179 180 201 233 252 262 284
100 131 141 163 200 217 223 241 272 288
112 122 143 177 191 213 234 257 271 298
106 140 143 174 199 215 231 246 265 291
114 138 141 171 196 207 231 246 274 282
102 126 148 179 191 204 240 243 271 291
102 128 157 163 187 212 221 245 268 281
120 121 144 163 181 211 235 240 264 285
113 120 143 173 192 216 237 255 262 295
105 133 143 173 195 215 240 249 277 300
109 137 158 170 195 210 225 254 261 295
104 128 152 172 199 215 227 250 278 281
117 125 153 167 198 208 240 242 275 300
113 135 153 176 189 201 234 243 276 287
112 133 143 177 187 200 239 259 271 280
104 123 141 179 193 206 226 243 270 289
102 130 144 178 189 213 240 250 265 285
114 125 155 173 180 208 240 256 274 292
103 125 153 162 180 214 231 241 271 282
107 124 147 162 196 201 238 258 265 286
113 120 140 178 181 205 228 248 279 289
109 122 151 167 193 201 240 243 261 280
120 128 157 178 198 200 236 250 276 292
104 134 155 161 182 200 223 246 271 283
110 135 155 162 190 207 231 252 266 293
117 128 157 176 183 208 233 248 271 295
112 139 143 163 199 219 231 247 271 281
108 121 156 166 197 210 231 250 269 298
109 127 147 163 181 215 226 242 277 289
102 134 141 177 188 205 234 257 273 295
107 139 151 178 200 216 227 259 263 295
115 138 147 180 199 203 236 243 261 296
112 129 141 172 185 214 227 240 271 283
105 123 147 171 193 201 225 242 260 299
114 133 140 172 197 217 228 252 271 290
109 136 159 165 199 218 225 245 276 295
110 127 152 165 185 212 229 258 274 299
114 135 143 174 180 210 240 258 264 292
108 123 159 177 200 213 227 249 276 286
115 134 149 165 184 202 238 254 274 284
107 123 158 164 199 202 238 258 276 288
114 131 153 160 199 204 239 259 270 290
103 129 150 175 180 200 227 260 275 295
109 135 147 166 192 210 228 259 271 299
114 120 152 176 192 214 227 247 272 298
110 137 148 174 187 205 226 247 271 292
102 125 160 171 192 204 239 240 262 282
107 132 149 168 186 209 228 243 260 287
101 133 149 165 194 220 233 250 272 291
109 131 147 167 182 207 220 251 280 291
118 124 160 172 184 200 238 256 280 297
110 138 145 173 199 204 230 253 270 286
102 137 141 162 181 211 227 246 262 299
116 140 157 166 187 203 231 242 269 286
114 132 149 160 182 200 221 258 270 293
102 135 156 172 186 210 220 260 265 296
111 135 142 175 188 214 234 257 266 298
117 129 156 165 191 214 228 241 264 300
111 120 146 179 182 206 238 257 280 287
112 132 159 171 187 217 224 250 267 283
115 138 150 170 189 210 239 244 278 290
117 135 145 162 186 209 223 255 267 298
118 137 143 180 194 200 238 259 267 289
120 128 143 169 184 213 239 244 263 298
104 125 146 163 194 213 237 259 271 283
108 135 141 178 188 204 224 240 266 280
107 138 144 168 193 212 231 243 279 285
105 135 152 169 180 201 240 248 276 295
111 124 158 161 197 218 227 258 278 290
100 123 152 162 196 209 226 259 265 282
112 123 146 173 194 202 227 245 264 288
107 125 149 177 180 203 232 247 260 294
103 139 143 168 185 217 239 242 267 296
100 135 142 161 186 206 226 243 270 295
101 120 140 162 180 218 226 257 261 285
105 136 148 175 180 219 231 240 270 298
114 140 143 177 184 208 223 248 263 291
110 134 149 170 189 207 237 251 267 283
119 122 140 174 194 220 231 241 269 297
117 140 153 170 184 204 236 256 262 287
105 134 141 177 194 215 230 252 266 283
103 129 154 160 180 211 227 242 268 299
102 130 159 164 182 205 231 251 265 290
103 136 145 177 191 210 225 245 268 294
106 133 146 164 184 203 234 259 277 281
111 128 151 167 189 203 239 245 265 298
100 133 159 171 199 217 227 252 261 283
120 139 159 177 184 201 226 259 275 288
113 137 152 170 189 214 223 246 276 299
102 126 153 173 197 217 229 244 261 285
104 138 145 168 195 219 220 260 270 300
111 125 151 175 189 219 227 241 270 283
106 137 159 177 184 217 223 245 268 284
101 126 145 161 186 207 230 253 267 295
109 126 146 172 187 207 237 256 274 287
115 138 156 165 183 219 233 248 269 299
111 123 142 172 196 206 228 241 268 289
116 139 149 172 197 206 234 250 270 284
110 127 146 179 183 209 236 246 262 282
120 128 141 174 191 201 232 252 274 290
108 122 145 168 186 207 240 252 271 285
120 140 160 166 193 207 228 259 269 294
110 120 156 176 185 210 220 241 272 284
111 120 157 163 186 211 235 255 269 297
116 136 153 170 198 206 224 250 277 295
117 137 144 171 186 214 221 241 274 296
114 121 153 176 195 202 240 244 273 282
110 127 144 160 196 215 234 248 266 290
101 133 148 169 198 219 222 258 276 297
104 126 160 178 190 203 234 245 279 287
119 139 157 170 182 200 237 253 276 297
120 129 147 172 188 208 228 257 266 295
101 137 152 180 198 213 237 245 264 280
114 125 143 162 187 200 227 242 277 299
110 136 159 176 194 203 227 256 268 293
120 137 148 169 182 209 222 252 264 287
115 133 145 172 189 218 237 260 274 286
108 129 157 172 184 210 230 253 275 287
109 125 154 167 192 220 231 258 279 290
111 122 156 172 191 210 234 255 280 287
116 138 157 162 182 213 238 253 265 299
115 138 141 173 180 214 232 260 266 282
120 125 148 169 192 214 226 255 265 284
117 140 146 170 180 212 231 241 268 285
108 121 153 168 198 214 240 241 271 281
110 125 153 167 200 206 234 249 266 300
112 139 149 179 200 218 226 246 278 281
101 120 148 171 193 206 226 255 261 299
116 140 150 170 185 207 229 260 269 290
109 137 160 178 189 206 234 248 280 281
104 125 147 177 181 220 234 241 266 281
106 128 156 177 197 208 231 253 262 296
107 125 143 175 189 218 230 248 268 282
116 129 140 162 181 204 230 255 269 295
104 138 146 163 193 218 235 257 265 300
117 139 150 177 180 209 223 260 265 292
111 128 149 165 182 218 231 247 265 289
117 120 159 170 192 202 227 255 268 298
117 120 141 177 196 209 233 250 278 300
108 134 151 164 190 205 222 246 264 289
116 132 143 163 189 201 233 246 273 283
113 129 144 169 196 209 226 253 266 288
108 140 149 172 196 210 226 256 266 291
119 140 153 162 192 205 233 253 278 293
116 121 154 164 189 218 225 246 263 300
112 140 155 175 187 218 227 241 262 292
107 137 153 170 194 204 222 245 270 281
114 129 160 173 196 214 231 255 265 291
119 122 160 176 198 208 234 254 263 289
113 126 159 160 197 200 236 245 264 287
108 130 158 172 189 217 222 242 261 281
116 121 156 179 198 216 238 250 264 299
109 136 152 173 194 204 233 253 271 298
107 138 144 169 189 206 238 242 265 288
103 134 149 170 190 202 224 257 265 280
114 137 143 177 180 209 222 250 261 281
104 122 140 171 190 212 239 254 273 282
105 135 146 161 194 200 226 260 261 287
100 127 152 169 187 202 227 243 267 300
117 122 140 175 185 219 239 241 279 289
104 137 141 180 190 220 235 257 271 295
104 128 149 168 198 210 229 256 280 281
106 124 145 176 199 214 232 253 265 300
105 128 153 161 189 220 240 240 260 288
117 136 147 179 193 210 239 259 279 285
108 130 148 174 197 217 231 245 260 289
115 140 148 166 186 209 234 244 264 292
102 135 151 171 187 215 229 244 263 295
106 122 157 161 181 202 234 253 272 292
113 139 145 172 197 207 232 259 277 292
103 134 149 177 185 206 239 241 261 290
120 134 145 175 181 219 237 240 274 294
102 134 145 176 187 206 238 249 279 288
105 136 150 177 188 212 231 243 280 284
117 137 159 169 185 201 224 243 277 290
101 131 159 171 186 210 229 256 260 298
111 131 141 166 200 213 235 253 263 280
120 133 142 177 186 209 226 255 274 292
113 123 156 175 189 207 227 255 268 285
108 121 151 175 195 203 220 260 279 283
111 130 142 160 189 215 235 260 270 295
101 131 147 167 180 210 222 256 272 283
104 127 143 160 187 204 220 241 278 287
116 131 157 175 189 203 227 243 277 285
105 125 140 180 194 217 230 259 274 294
101 129 142 162 189 204 224 247 277 288
120 122 158 163 185 219 223 250 271 287
103 127 152 163 192 216 231 259 260 289
120 136 151 177 181 219 225 246 271 293
114 127 158 167 200 210 235 248 269 287
102 121 145 160 188 218 239 248 268 291
100 139 150 175 186 212 226 253 273 292
103 140 159 160 192 206 228 247 261 286
112 127 145 160 181 203 221 247 274 296
107 130 149 170 194 215 229 256 276 283
111 140 158 180 198 205 232 253 263 299
112 121 148 165 184 204 224 260 263 296
103 129 147 180 187 214 235 247 263 285
104 125 160 174 189 209 228 249 265 281
100 134 147 177 188 217 232 240 275 297
115 122 153 173 188 220 221 250 261 287
112 126 146 175 197 201 227 243 270 284
120 126 153 172 180 203 225 242 271 284
114 136 154 165 200 212 238 254 274 292
109 139 154 160 196 205 225 240 267 288
118 126 149 169 196 211 239 260 272 300
103 123 158 161 188 208 233 241 271 290
106 132 157 173 185 218 236 249 261 297
116 138 158 165 180 200 222 244 265 294
115 126 160 160 193 208 220 244 277 297
101 138 141 166 192 217 231 250 280 295
110 129 157 178 182 218 227 242 266 296
113 135 144 179 185 220 231 260 268 295
101 131 151 173 180 204 221 243 278 282
118 137 154 161 192 215 230 240 260 296
104 136 156 180 197 201 230 252 268 292
106 121 152 168 197 212 237 259 273 286
116 127 151 164 182 207 230 252 268 287
114 127 143 172 194 216 231 248 269 282
114 121 153 176 180 214 231 241 260 296
109 130 148 180 185 214 235 244 273 287
115 123 154 167 198 200 234 241 277 287
102 121 153 169 188 206 229 251 271 287
105 129 148 178 188 220 223 240 268 285
117 130 152 176 190 203 237 242 270 283
114 124 150 169 184 208 234 244 277 295
111 132 144 174 190 201 235 255 273 287
113 132 149 165 192 215 238 244 274 285
103 138 148 167 196 202 232 250 271 286
112 137 140 161 186 202 223 250 269 292
105 138 145 172 186 217 222 259 278 294
116 133 141 173 199 220 240 252 279 287
104 136 152 179 194 207 231 252 265 285
120 127 143 180 198 202 225 243 268 300
100 139 143 172 186 216 228 255 262 281
106 124 152 178 184 216 221 252 279 280
105 123 160 180 197 210 239 243 280 280
106 135 159 167 189 203 238 253 263 281
118 124 158 175 197 207 222 244 278 290
111 123 146 165 199 216 239 248 274 283
103 129 149 170 181 215 229 253 272 282
115 131 149 172 189 215 240 254 272 297
117 125 145 161 188 220 227 248 276 289
103 140 153 172 187 218 233 260 275 282
105 133 141 167 193 205 220 241 266 293
120 126 155 167 188 215 228 240 268 280
115 121 152 164 185 209 227 260 276 300
112 131 154 162 189 210 238 246 265 300
102 129 160 177 190 211 237 243 275 293
110 129 145 173 182 211 224 242 272 284
105 130 160 179 187 200 224 247 266 292
101 134 153 165 184 206 231 247 270 297
109 120 151 167 183 220 223 251 268 297
106 137 151 163 186 212 223 241 260 298
103 135 150 179 181 217 222 245 268 283
105 126 156 176 184 214 232 256 272 280
110 139 146 173 184 211 221 245 280 292
117 125 145 180 195 220 225 246 266 293
116 130 140 171 194 201 239 253 265 291
117 129 146 161 183 204 232 243 262 297
113 126 160 160 191 219 240 245 261 297
107 132 151 171 185 204 230 242 271 299
119 140 152 175 182 215 223 250 267 297
115 132 142 170 187 209 221 247 274 283
110 139 159 165 182 208 225 260 279 288
102 139 148 160 181 215 233 255 280 299
113 124 143 174 180 211 236 246 270 288
119 133 147 180 194 219 224 250 273 296
115 136 148 173 183 215 239 244 265 292
115 130 158 163 182 220 235 245 279 300
107 124 146 175 180 207 223 255 280 295
114 122 149 171 193 213 228 246 278 297
114 121 157 160 189 204 222 243 276 285
116 131 159 175 192 202 234 253 264 283
117 134 156 162 190 219 232 243 260 296
114 124 156 167 198 219 229 246 276 280
101 126 160 162 194 200 221 243 277 290
113 128 150 167 198 204 232 257 266 286
106 133 145 163 186 210 222 253 270 281
116 129 154 170 183 217 233 254 274 283
104 126 150 173 197 205 225 242 278 289
113 127 159 166 200 206 235 242 273 281
106 134 143 163 180 212 228 244 263 297
106 135 152 179 193 217 226 255 263 288
116 136 154 176 189 201 235 260 271 295
103 140 143 173 187 208 237 256 278 293
100 123 151 178 187 206 232 250 280 282
111 139 156 164 193 208 234 242 265 295
113 122 149 172 181 208 221 260 271 291
119 124 147 174 185 205 226 250 263 287
107 136 148 164 180 210 230 259 264 295
114 125 142 173 197 217 225 253 267 299
120 136 140 179 185 205 225 259 280 298
108 139 146 162 192 204 232 253 276 283
112 124 143 170 180 209 231 255 271 287
110 130 156 180 198 212 220 242 277 288
113 129 158 174 198 208 238 259 274 290
104 124 141 170 199 213 232 259 269 286
112 128 152 175 188 210 222 258 264 300
120 131 152 162 180 204 229 244 269 293
112 137 142 166 193 211 224 250 266 294
112 123 145 167 189 205 227 246 278 292
120 135 141 165 196 212 236 250 278 296
117 138 145 175 188 219 229 245 272 281
107 131 140 164 198 215 235 253 269 293
111 127 142 175 195 216 234 241 273 291
114 135 148 180 190 219 229 256 265 284
114 132 155 174 186 219 225 251 277 289
118 134 155 160 180 212 235 242 276 291
107 121 156 164 183 214 231 248 266 283
100 139 158 167 186 200 227 244 269 297
115 130 147 164 198 200 226 255 269 286
102 138 141 177 189 212 222 253 277 291
113 122 152 167 192 213 233 250 276 300
104 125 145 174 183 205 232 244 265 290
110 127 141 174 181 205 231 259 264 285
120 137 144 168 188 209 240 247 262 300
103 127 140 175 195 216 227 245 261 291
103 129 151 164 191 220 233 250 270 297
110 126 149 160 200 213 232 245 261 289
120 130 149 169 193 213 238 258 273 285
113 122 155 163 193 216 224 256 268 294
105 132 148 162 194 215 227 252 270 291
102 140 154 161 185 208 229 247 270 290
110 130 156 165 181 204 231 260 267 289
113 135 154 173 182 211 231 248 274 294
120 123 141 164 191 202 227 254 270 285
102 121 149 180 186 203 229 259 269 289
105 130 143 179 189 215 228 259 264 281
103 134 160 162 194 202 230 251 264 282
119 123 145 178 189 220 240 254 267 294
102 138 144 172 191 207 221 259 264 291
100 130 148 168 195 213 234 242 270 283
115 137 144 177 187 219 220 243 273 297
109 126 159 163 193 219 225 248 279 284
120 131 156 166 186 201 229 258 265 288
110 131 157 171 194 215 223 242 280 291
119 128 156 176 195 212 234 257 270 297
108 128 145 166 193 213 227 252 276 288
115 138 145 164 195 219 225 258 262 295
105 132 146 179 182 220 225 246 263 300
103 134 141 177 199 219 226 246 278 289
109 137 144 172 187 213 224 244 269 291
110 120 143 169 180 202 226 255 267 295
102 122 147 171 183 219 230 251 261 282
110 131 143 163 188 201 236 241 265 285
105 129 144 162 198 217 220 248 271 294
118 132 152 163 189 208 227 250 277 294
114 127 147 166 184 215 233 242 269 297
109 121 159 165 193 202 225 251 260 283
101 130 147 170 200 212 240 241 267 287
100 129 143 179 196 211 235 241 277 280
102 139 151 175 190 216 229 247 264 291
113 128 140 173 187 210 236 259 275 291
105 139 140 161 199 217 221 247 267 288
110 127 151 168 188 214 236 253 267 298
106 130 159 170 199 213 233 247 260 290
101 140 149 176 191 216 232 246 261 281
110 136 144 169 196 208 237 255 276 293
103 128 159 173 200 220 230 245 279 284
100 133 147 167 200 201 236 260 260 285
102 134 140 176 195 211 226 259 275 290
104 121 152 179 185 208 240 244 272 293
109 125 159 168 180 203 230 247 262 292
100 122 160 172 187 209 222 243 277 281
119 128 155 170 191 218 231 246 260 285
112 136 152 167 200 209 221 244 270 293
105 128 155 171 200 211 232 252 276 280
103 124 146 179 196 215 227 259 265 285
108 121 149 168 192 215 222 258 280 299
108 135 145 168 193 211 229 248 274 294
104 134 155 170 188 217 238 248 265 285
106 120 147 167 195 203 221 245 268 286
104 127 154 168 187 201 233 258 272 287
105 125 159 177 187 206 240 247 270 300
113 130 144 175 181 212 231 250 262 296
100 128 145 170 199 217 239 260 268 283
115 122 153 167 186 206 230 245 269 300
115 121 151 169 181 203 231 243 268 289
112 124 140 174 200 205 224 250 263 288
111 132 140 165 199 213 224 241 273 289
108 126 147 179 195 200 224 259 267 292
106 124 160 169 194 213 232 257 278 292
113 129 150 179 185 207 232 244 267 286
118 139 146 171 193 212 232 244 262 288
112 137 156 172 196 210 231 247 260 282
118 138 145 167 186 212 223 246 265 285
112 127 140 176 184 206 234 247 269 300
102 122 142 161 195 203 224 257 273 285
102 123 149 165 181 217 233 250 274 290
101 134 149 178 191 205 238 240 271 281
111 131 149 170 183 201 220 249 277 291
115 137 152 163 180 220 235 243 280 282
105 124 146 178 182 219 240 252 269 280
119 121 149 170 199 207 233 241 265 287
117 124 154 169 199 200 230 260 276 295
101 125 140 163 185 203 231 257 271 294
113 125 142 162 188 213 237 246 262 288
107 127 153 174 185 217 227 256 270 292
102 123 140 162 192 202 237 258 278 281
118 123 144 169 181 219 240 259 265 281
103 128 157 180 181 218 222 259 261 289
100 140 147 178 198 201 226 240 275 283
118 134 160 179 196 210 231 257 266 287
116 133 160 168 181 215 224 256 275 285
113 137 154 165 190 218 231 253 265 295
114 135 149 161 180 206 229 256 279 284
102 130 148 169 196 219 224 258 262 287
118 126 142 180 189 208 239 257 279 296
112 124 145 174 189 209 228 244 280 300
118 140 144 170 186 202 232 247 266 296
117 127 157 165 191 216 238 244 270 299
106 123 155 170 183 211 221 248 278 293
104 138 147 179 190 217 227 259 262 293
109 124 158 176 194 217 220 244 273 289
100 129 151 164 188 220 229 257 261 290
119 131 154 168 187 208 223 241 278 289
111 120 154 173 195 200 223 259 276 290
102 124 151 163 180 219 222 257 266 298
101 128 147 160 198 205 238 249 273 294
105 120 153 160 198 202 235 260 269 284
106 139 157 167 184 209 230 246 268 289
101 139 160 165 195 211 236 255 268 291
118 131 158 174 198 206 230 260 264 281
104 140 147 163 199 216 220 250 279 281
104 130 145 162 181 207 235 259 260 283
115 127 150 167 187 211 232 243 268 288
112 129 142 166 190 213 230 249 268 281
114 120 140 162 180 219 240 243 264 297
109 125 146 166 184 201 232 254 269 291
111 128 148 162 199 206 224 242 279 281
101 137 145 161 189 208 238 246 268 288
118 129 157 179 183 206 222 256 269 293
104 136 152 176 185 216 236 248 264 287
109 134 148 166 181 216 231 253 260 296
100 128 157 169 184 220 237 240 276 296
110 133 150 167 189 208 222 242 262 284
100 128 145 161 192 205 227 242 261 289
105 123 151 160 180 208 227 254 272 300
104 140 146 162 197 211 228 259 280 282
108 132 159 172 199 204 223 260 274 297
109 125 149 168 199 200 228 260 266 281
111 132 159 179 193 201 227 243 270 300
116 132 153 168 184 219 240 242 268 283
114 130 142 180 197 203 238 249 269 293
114 140 156 168 188 209 226 254 278 299
118 136 141 180 192 215 223 257 264 283
110 122 147 178 195 201 224 250 279 288
114 126 145 171 188 201 231 245 273 289
107 129 151 172 186 204 240 255 272 284
111 139 157 169 200 209 229 245 280 293
102 130 160 179 200 207 227 256 271 299
109 122 157 174 186 214 235 245 280 296
104 133 147 170 199 210 224 250 261 300
103 126 146 176 200 216 237 248 261 292
103 130 158 174 200 218 240 259 261 298
115 128 160 171 199 218 222 248 280 286
116 135 150 176 188 219 239 247 269 287
103 121 141 161 182 213 222 246 269 293
102 123 146 167 189 214 238 245 267 280
106 124 150 171 185 206 220 240 266 283
116 121 146 175 198 208 224 249 273 287
115 126 140 165 189 207 220 245 271 293
109 131 145 165 196 201 238 253 274 284
104 135 146 178 199 202 234 260 279 292
101 140 157 167 187 216 235 248 271 283
108 135 147 170 183 218 221 257 280 286
117 125 155 179 181 218 232 255 269 292
103 139 151 168 198 208 224 260 276 299
100 131 141 167 182 206 239 258 273 300
103 123 147 173 185 215 236 259 269 297
118 120 155 167 194 200 223 249 266 292
104 136 155 161 182 216 221 253 278 295
100 134 148 170 192 214 235 258 279 291
117 120 151 162 191 209 230 250 265 297
118 132 156 169 184 220 221 251 261 296
119 130 147 179 191 202 221 242 268 284
118 134 146 169 181 203 237 240 275 282
100 139 145 173 183 210 237 255 277 282
101 137 153 163 184 203 221 241 266 298
100 123 150 166 198 202 227 241 261 281
115 129 148 160 183 213 234 257 263 289
120 133 149 164 192 211 222 250 272 285
104 131 147 167 186 208 235 242 265 292
104 135 146 179 192 206 231 248 275 294
102 132 143 174 197 204 236 249 272 296
118 138 160 167 194 218 223 248 274 292
113 132 159 168 180 211 229 259 264 288
100 123 153 162 190 207 233 246 271 299
113 126 148 165 188 202 236 260 270 289
106 123 143 169 194 220 230 257 261 287
110 135 144 164 180 207 225 248 276 291
109 139 141 171 195 220 220 258 264 291
119 135 160 168 186 219 221 250 272 283
113 126 156 173 199 219 223 254 260 281
119 132 148 164 189 215 226 242 261 297
113 134 148 167 188 220 236 241 279 296
105 120 140 180 196 220 222 250 270 299
103 125 159 171 197 211 228 241 260 298
110 136 154 163 180 206 234 251 272 295
114 137 147 178 193 216 236 254 274 297
109 120 144 167 198 209 235 241 271 291
106 127 140 171 183 206 233 249 280 284
102 140 153 168 185 218 222 245 261 297
108 140 159 160 195 217 237 245 262 282
118 121 149 180 194 214 239 251 280 294
120 129 159 176 184 211 231 248 263 281
109 133 153 176 191 201 240 244 264 284
106 138 143 171 183 211 235 246 270 293
107 125 158 179 199 215 239 254 260 298
114 136 142 169 200 216 228 256 263 282
107 131 153 168 183 213 232 256 266 283
103 120 142 172 198 215 233 256 265 288
102 121 146 166 185 214 235 254 266 296
113 122 157 176 183 218 230 259 268 300
120 129 141 166 185 202 224 259 277 281
120 121 142 162 194 214 220 245 264 288
102 136 149 172 188 212 235 257 274 299
117 140 154 178 188 209 220 260 273 291
114 128 143 166 200 204 227 255 268 281
103 131 159 179 199 211 231 260 263 295
120 120 156 163 200 205 230 254 272 300
118 128 155 174 191 201 230 258 276 284
115 121 152 170 189 211 223 243 268 288
111 122 151 166 197 206 229 260 260 297
109 130 146 167 193 214 227 257 273 283
119 126 160 166 194 210 233 249 276 300
114 131 151 160 184 207 238 242 279 298
101 122 146 170 200 208 221 260 264 280
108 122 152 170 189 218 240 242 272 290
111 132 159 179 190 218 234 241 268 283
106 125 150 170 180 215 231 260 262 284
100 136 160 177 184 203 236 240 260 295
107 120 143 172 199 208 228 253 264 286
109 133 142 166 180 215 225 248 262 297
102 120 151 177 182 215 236 258 268 292
104 136 152 163 189 216 234 243 280 289
120 134 151 175 185 212 234 240 272 296
105 134 145 175 196 204 220 243 262 280
110 134 141 173 191 202 232 255 272 300
103 131 149 166 188 216 238 253 265 289
105 133 140 173 180 217 228 248 273 293
118 123 142 177 180 220 222 249 274 292
108 132 157 168 193 206 222 258 260 293
113 129 142 178 186 211 231 258 277 291
120 132 148 178 191 204 240 247 277 300
104 124 141 164 185 216 234 243 268 296
102 126 150 178 198 214 222 260 280 284
104 139 142 160 194 211 234 241 275 289
110 138 140 179 190 217 235 246 274 281
108 138 159 174 181 204 233 248 280 294
118 139 148 165 193 207 238 240 269 300
119 131 151 170 186 218 226 244 273 296
100 131 151 172 189 219 227 245 260 285
109 127 160 166 195 219 240 244 267 290
113 127 144 167 189 215 228 256 279 283
115 134 146 178 193 211 225 242 277 293
101 120 159 179 190 205 232 240 280 291
118 140 156 167 199 209 223 256 262 280
113 138 148 172 200 213 233 243 278 281
120 121 159 165 187 216 230 257 279 293
102 123 153 170 180 218 227 258 279 291
116 124 153 168 185 219 231 258 280 300
114 138 144 178 185 212 233 247 278 292
105 133 159 162 183 208 229 242 265 286
109 122 148 166 188 204 236 253 273 293
106 130 146 174 183 216 221 245 280 296
113 129 159 161 190 214 235 250 264 300
113 134 153 173 184 214 231 246 261 280
108 128 147 171 200 214 234 245 271 281
119 135 140 160 194 219 224 245 277 291
120 137 144 166 185 204 223 259 278 281
102 121 156 169 196 208 229 256 260 286
117 139 155 177 191 201 223 249 272 300
119 128 147 166 192 214 239 240 275 292
106 140 151 169 195 201 240 246 271 294
111 131 150 171 186 218 228 241 278 291
120 120 149 176 180 219 226 248 267 282
118 128 147 176 183 208 237 257 271 292
101 127 151 169 183 203 223 260 262 281
107 136 140 178 180 216 222 257 268 299
110 137 154 168 200 220 225 240 261 282
110 120 140 176 200 215 231 259 276 288
111 121 152 176 183 217 230 258 263 280
119 123 156 170 186 218 229 259 279 280
112 128 153 173 195 209 232 240 277 292
110 125 157 167 184 204 224 243 277 286
103 129 146 172 182 216 236 252 279 280
105 136 157 172 182 220 237 255 261 292
112 120 141 164 197 207 220 241 263 297
112 128 153 180 180 219 223 248 278 294
119 134 157 173 195 219 237 244 270 297
118 131 149 172 196 209 236 247 273 290
100 130 149 176 187 209 228 240 277 281
104 126 155 161 184 219 225 252 272 282
111 129 143 171 183 204 238 260 273 284
108 137 148 178 187 220 237 253 275 289
106 135 152 163 185 205 227 249 276 291
113 135 157 171 189 218 235 249 279 298
120 137 157 163 199 212 228 259 266 287
109 126 143 174 180 200 240 243 278 300
117 122 158 167 196 206 237 250 263 297
119 132 159 173 180 212 235 248 273 283
110 129 151 177 194 212 226 260 273 287
114 121 140 171 189 215 229 240 265 298
117 128 156 167 180 211 236 246 279 283
115 127 160 177 190 201 229 251 262 290
109 120 154 175 189 220 231 241 277 300
102 134 148 168 188 213 228 255 262 284
114 136 160 179 196 219 222 259 271 298
102 139 143 173 197 205 229 246 277 297
110 121 145 169 191 201 240 253 269 289
119 126 158 165 183 219 239 255 273 282
107 140 153 163 200 219 228 253 270 288
117 125 158 163 190 205 229 247 264 298
107 121 151 166 198 213 228 256 274 280
119 123 145 164 182 202 229 243 268 292
117 130 146 162 194 216 220 252 273 294
102 140 156 165 191 209 236 260 262 288
111 135 157 179 189 204 230 248 268 289
109 139 140 179 194 210 233 254 275 285
112 135 156 165 191 210 230 258 265 295
114 133 149 175 198 207 237 255 262 296
118 132 155 178 192 220 231 240 271 291
106 132 159 164 192 203 220 246 278 290
116 120 140 172 184 216 230 244 277 285
105 132 149 170 188 206 234 258 277 284
117 121 155 160 182 205 237 246 276 294
108 133 154 164 200 213 232 251 273 280
101 135 158 176 198 203 221 246 278 290
108 131 160 177 197 200 233 250 271 291
114 133 141 163 196 212 236 242 273 286
114 130 151 179 197 209 235 253 273 286
110 126 157 164 181 206 237 256 271 293
104 127 157 177 180 209 240 260 267 283
102 138 144 166 191 203 232 240 276 299
101 131 149 166 193 203 226 257 267 288
107 133 145 174 189 215 224 240 278 284
118 137 140 179 196 208 239 259 275 281
106 122 146 160 183 219 227 256 271 295
103 131 159 179 189 212 234 259 267 283
104 131 158 177 189 202 236 249 275 299
116 136 156 176 181 213 229 254 273 285
102 126 145 169 182 214 225 252 260 283
110 124 143 167 191 211 224 258 274 288
116 133 154 176 195 215 236 244 260 284
118 140 149 168 195 205 236 252 271 293
104 121 151 178 198 220 235 240 272 299
119 130 153 164 194 209 237 253 280 289
113 128 154 164 193 214 227 243 261 297
101 136 160 164 191 211 230 260 268 282
102 129 140 178 194 212 238 244 271 294
113 125 157 169 198 216 227 245 273 285
118 137 151 176 184 205 222 248 277 294
117 130 156 179 190 212 231 242 260 284
115 132 148 174 184 218 225 243 279 292
119 123 143 163 185 216 226 242 271 285
110 127 156 175 197 220 220 244 266 280
114 140 153 170 186 209 234 244 273 297
110 131 155 173 200 218 238 241 269 281
107 127 156 169 199 209 229 248 262 284
115 132 156 176 184 202 228 247 271 285
116 132 142 174 195 219 231 250 265 288
104 120 142 163 195 217 226 251 264 286
115 124 140 176 180 219 240 246 272 282
109 127 140 167 183 216 221 253 278 298
114 135 140 166 189 209 233 252 278 282
115 128 159 163 190 201 240 254 262 286
105 122 145 168 184 206 231 243 261 297
120 130 140 167 186 214 229 245 280 280
110 127 142 168 189 203 224 252 266 281
112 137 142 166 199 205 236 258 265 297
115 125 158 160 196 208 235 244 277 295
11887 13885 15662 18660 20770 22546 26654 28764 30984 31206
19732 21117 25962 28038 32364 34959 38420 42054 45514 49321
13881 17146 21091 22044 26805 29662 30750 34423 36463 40816
12862 13618 17292 18480 20857 22153 25286 26906 29499 30579
17987 22082 27245 30984 34367 38995 41666 44692 49677 52704
17979 19943 23265 26739 29458 32629 34442 39124 40483 42295
18266 20059 23809 27233 31635 35222 36852 39623 45492 45981
18522 24397 26889 31518 34189 37749 40776 42734 47007 52882
15650 16330 20955 23540 26533 27893 32110 33334 37279 39592
21586 22888 29028 29772 37213 39817 43538 46700 50235 52653
16472 20711 25113 29189 32613 33428 36200 42395 45492 45818
18364 20458 24000 26416 31891 33823 36561 39137 44612 45578
17500 20204 22589 26247 29110 32449 35312 41355 41355 45808
23256 24438 29561 34290 37049 40398 44142 50053 53008 55963
21486 22214 29132 32226 33136 39325 40235 47153 50975 54070
18295 22112 23384 27360 31654 34516 37538 39764 41514 44694
17835 20936 22486 27757 30083 31013 34734 38454 43260 45121
11560 13766 16286 18177 19332 22693 24794 25634 29415 30886
18028 19723 22803 25576 27887 31121 36974 37436 41133 44984
16800 20451 22057 24832 28191 30673 32280 37537 40457 41333
19198 21167 23135 26908 30681 33141 36750 41507 43967 46920
16636 20222 22994 27559 32124 35222 38156 40112 43047 47775
10720 12926 15657 17127 19543 23009 23744 25214 27945 29941
12715 14530 19130 19372 23366 25907 28328 30022 32080 35953
18022 21973 24817 25450 29242 34615 37144 39514 41095 47258
11560 13651 15631 17942 19813 22563 25754 28065 30375 31036
10610 12010 14511 16612 19113 21113 23914 25815 27015 29816
22354 24902 28627 32744 36273 41173 44506 50583 51759 58816
20081 24521 27417 33787 37455 40929 43246 49809 53862 56372
13690 14717 18138 18366 20761 23725 26006 28287 30339 31935
19353 25493 28655 30330 36283 39445 43724 47073 48933 54700
13726 17156 17791 21475 24143 26302 29478 32654 34178 38116
15418 19163 21035 24204 27517 29389 33710 37023 40335 40767
17659 21953 25134 27201 30223 33721 37061 38969 44535 44535
15740 17742 21461 24322 28613 31331 31474 35621 38625 42487
19034 19690 24283 28220 32485 35765 37242 42491 44951 48888
12422 14975 17179 20312 21008 24953 25766 29247 32263 34120
10910 13511 15411 17012 19413 20113 23514 24614 27115 28916
18609 25121 28842 32748 34237 39817 42980 45026 49863 53956
15022 18776 20583 22808 26284 30038 30733 35877 37823 39769
20890 21970 27551 32052 32412 39253 41774 45734 49155 53296
10721 14051 16131 17068 20605 21541 22894 26951 29135 29655
20282 23360 28610 30420 36213 37661 43273 44902 47256 50695
20275 23556 30120 34173 34752 38613 45948 47299 54055 54055
19450 20908 25932 27390 32251 34357 38246 39056 42135 46833
20209 26811 30611 34412 36212 42613 46814 51615 53215 56815
18478 22043 23015 28362 32251 34519 37112 39218 42297 46023
20134 21510 25639 27876 33553 37166 38198 41810 47315 50584
18145 21401 24347 25432 28222 31323 35664 40315 41245 46516
15995 18915 21000 22808 26562 29342 33235 33513 37684 39908
12555 16123 19445 21291 23136 27073 28919 31995 34086 35193
11524 13747 14959 16677 18395 21223 23244 24860 26376 29710
19333 22069 27200 29937 32503 37462 40712 41225 47040 50118
13120 13804 16997 19506 20989 23611 25664 28971 31593 32392
10825 12610 15131 18912 19123 21013 25109 26265 28785 30781
11673 14456 15205 18095 21199 21841 25587 27300 28584 30938
14602 17803 20492 21516 24717 27789 30734 31630 33295 35855
16551 17663 21834 22947 25032 30594 31567 35042 38240 41021
17440 20096 26240 29394 31553 34873 39024 42179 46495 47159
16946 18699 22057 24394 26292 29213 32718 37099 39435 42794
14310 18211 18471 22372 25623 26273 28614 33815 36025 37715
12147 15600 18456 20361 22504 25717 27384 29169 33335 34883
21178 25687 31176 33724 36076 41369 46662 48034 53915 58032
12981 16195 18933 20242 22027 25717 28574 29169 32145 34287
20650 22543 24263 30972 31488 36477 40090 44563 47659 49379
19560 20580 24831 27722 32823 35033 40814 42005 44555 48466
14214 17296 19977 23998 25473 29225 30030 34721 36999 39009
15105 20731 23248 26504 28577 29761 32722 37015 38643 43380
18295 19567 23861 28473 31018 34357 37538 40559 42468 46920
18880 22961 26702 27382 33673 36223 39624 41494 45235 50336
11564 14181 15271 18542 21704 22140 23994 26393 28573 32062
19150 22979 25241 30636 33943 34987 41600 43862 46821 50998
13002 14346 15915 20060 22077 24429 26334 27006 29919 33280
13562 16709 18161 20945 21792 25907 27965 31354 32080 35832
18104 22919 23417 29062 31553 34375 37032 40352 46329 47492
12422 14046 16251 20312 22401 25302 26694 30059 32379 32959
11890 13980 17172 19262 20252 22013 25864 27624 30705 31916
17690 20750 24831 29082 31463 34693 40644 43195 45575 48466
13350 14510 16715 20080 20892 23561 26926 28783 31335 33656
13114 15019 17259 18044 20732 23421 25886 28687 30031 33056
22282 25739 27467 32460 34765 38797 42446 48591 51471 54928
14048 19332 21556 22252 26284 29064 32818 35042 37962 40882
13576 16671 18337 20242 23218 25836 27265 29764 32621 34882
17794 23096 24293 30621 31135 34897 39344 42594 45501 50803
19783 22150 24347 27221 33813 35334 37194 43110 44293 48688
18686 20457 24000 25772 31086 34628 37688 40264 44129 47350
20953 21490 28294 31874 33844 35813 42258 46018 47808 52821
14524 16616 17600 20061 23875 25720 27197 29534 32241 35563
19700 24355 26682 32053 34739 38140 42795 43153 48882 53000
16250 20311 21326 23502 29013 29448 32204 35539 39020 40760
14570 18351 20311 24652 25633 28993 32214 35155 39215 39635
15350 15610 18211 21852 25493 27053 29264 32775 34985 36546
15204 18755 21169 25146 26140 29265 32958 36082 39775 42190
18625 24534 25071 28831 35276 39035 41005 46197 49956 53358
21073 21427 27269 31695 32226 36829 41786 44264 48159 51523
19920 22816 26618 28972 33498 38566 42006 46894 49790 54135
15193 19721 22934 24394 29213 30381 32864 37099 38851 43232
12664 15629 16427 20304 21673 24181 25550 28172 31479 33532
21130 23947 27819 29228 31868 38557 42078 45422 47535 52639
11725 14975 17179 19036 22981 24141 26462 29595 32147 33308
14050 16651 19381 23152 23542 28094 29264 32254 35765 38106
18369 23051 28092 29532 34213 36553 41954 46455 49695 52216
17073 21151 24021 24927 28703 31421 34895 38218 39275 42446
16624 17618 22448 24294 26425 28697 31680 34094 38497 42048
12942 15016 17945 20142 23681 26854 27464 30637 33809 34175
16442 21499 24186 25766 30191 34142 34774 40779 41253 44255
18093 21305 26883 27390 31954 35841 38377 40743 44969 49702
20020 22282 27329 31332 34465 38119 39860 44384 47169 48909
16225 18623 21302 25251 27508 29341 33149 33854 37521 41611
19198 21495 23791 29368 31009 34617 37570 41506 43147 49216
17623 23096 25832 30792 31648 34897 40199 41909 45159 48237
13930 15371 17651 19332 22453 24853 27494 30255 32175 34216
23138 25687 29411 34116 35292 43134 45682 47446 51367 55875
16251 19232 21467 25938 27727 32198 33986 37563 41139 41735
12862 13186 16427 19020 21073 23017 25178 27987 28095 31227
14214 18637 19441 21452 24132 27349 29896 34453 36597 39680
20188 22312 27624 28509 33820 38068 39839 44796 47628 52762
12709 17537 17791 22873 23254 27446 28208 31002 34432 35957
13599 16775 18172 20967 25032 27318 30494 31891 34305 37608
16372 20747 23015 26256 30469 33871 38084 40353 43431 46672
14500 15634 19793 21558 25213 26977 29624 31262 34791 35295
12660 14420 17391 19262 19922 23883 25754 28615 29825 32025
18104 21591 23915 29560 30889 35869 39854 41847 44171 47159
12990 14406 18302 19954 22197 23613 27272 30695 33055 33999
11970 13947 15299 17172 19981 22477 23414 25910 28823 29759
17062 18826 22943 23973 29413 31471 32942 35588 39558 43969
17209 20994 25123 30284 32865 37338 38886 44563 47143 48519
16026 20031 21747 25609 27898 29900 31474 36193 38768 40913
15058 15850 19679 21660 24300 27733 30374 34203 36711 39616
15967 20551 23079 25924 30981 32877 35406 39515 43781 45520
12110 14531 16952 19702 19812 23553 24324 26854 29715 31696
14374 16236 20627 21425 25017 27810 31934 32333 36457 39517
17755 22150 26883 27559 31785 37194 37363 40574 45476 50378
22591 25873 27803 32822 37069 41316 44404 46334 50581 55600
16674 21626 24431 29547 32848 36149 38459 39614 43410 46710
21680 27197 29167 33108 37640 42368 45127 49658 52614 57934
19120 25127 27857 30952 33683 39143 40054 46243 47699 54616
15152 18637 20379 23462 25338 29091 31906 33246 36731 39545
17818 22355 25883 29412 30756 36133 37814 42687 45543 48231
12386 14571 16548 18628 18732 21125 22998 26118 28407 31008
13933 15923 17678 20019 21423 24466 26222 30318 32190 34882
12412 16157 16976 20370 21189 25519 27860 29967 32424 32775
18909 23446 30063 33087 37246 38380 42161 47832 50478 54259
20350 25031 27011 31872 32592 36013 43214 43574 47175 53836
20695 26015 30153 31926 36458 40004 43945 47689 52811 55373
16068 21635 22907 27042 31495 32767 36902 40083 43581 44535
16570 16984 20435 23472 25957 29131 30374 35343 36999 40174
13366 17651 19920 21684 24709 25717 28742 31766 32901 36934
17898 21683 26844 29596 32349 36822 37854 41294 46627 50240
20121 21473 25530 28911 31785 36348 38715 41588 46321 50209
11988 14587 16961 19335 21596 23969 26343 28377 31655 33690
17344 20422 25932 28362 29172 34519 36788 39056 44889 47482
18693 19635 25132 27330 29372 34082 36909 38479 43033 43975
12473 16951 18040 21429 22156 24818 27481 30870 31959 34985
19382 22055 26398 29738 30907 34248 38090 43435 43602 48278
14209 19323 22732 24862 27703 29265 31254 35515 37361 41480
18655 20305 26082 28227 31198 35818 37964 39944 43740 49351
13699 16391 16508 18849 22594 23764 26807 30435 32775 33594
12412 15572 18498 18732 21072 25403 27158 29733 31839 34180
12990 13430 16951 19592 21243 23443 24324 28285 28725 32356
20250 21658 27468 28700 32397 37677 40670 43486 47183 52112
12743 13171 15312 19272 20557 23554 25266 26336 28370 29975
16273 17107 20027 24754 27257 29620 30733 34486 37962 39769
15466 19055 19745 24438 25266 28165 31202 35343 38379 40174
18490 21850 25043 29748 33277 36301 38654 42686 45711 50416
15123 15885 20332 22110 25032 27318 27954 31891 34813 35575
14500 15634 19163 21810 22692 27355 30002 32649 35043 35295
14809 19547 21027 25912 28281 30501 34942 37755 38791 44120
10709 14028 14991 17774 20129 21520 25587 27621 28905 32009
18777 23378 28715 32764 33500 38653 44174 45646 51351 53375
20982 24314 29411 34116 36077 39997 45878 48819 52543 56856
13846 18232 20972 24672 26728 28509 32072 34950 36320 39745
18222 19321 22305 27801 28744 34240 37066 38008 42248 44918
20854 23556 27031 31278 37648 40351 43246 47686 51739 56179
12106 13511 15779 19020 19561 23126 23990 26150 29715 30256
15232 16006 18974 20781 25813 27878 29039 31361 35877 36522
13509 18101 19991 23097 24717 29309 31469 33359 35655 40516
14834 16874 19051 23404 26669 29525 32110 34830 37551 40680
12906 15883 18363 20100 24813 25185 27418 30767 32875 35232
13457 14648 16671 19171 22147 24408 26313 29408 31312 35240
14776 18365 21815 23058 26233 29821 32306 34652 36999 41278
20065 25414 27897 33819 37067 39550 44135 47573 53113 55597
20240 22961 27211 30612 32653 36053 37583 44214 46595 49315
19377 23722 28610 30058 33678 38023 42730 46351 49066 52687
20545 22765 27206 32017 33312 37383 42379 47005 49965 55331
14278 16862 17354 21783 23383 27073 28919 30764 32733 36054
13465 15338 17795 20370 21892 25168 28094 28679 32307 32892
21483 25227 29364 33896 36261 39807 46309 49856 52023 57934
19034 21167 23463 27564 32485 33305 38554 40522 45115 47248
18009 22330 26291 32412 34213 36733 41594 46095 49155 53836
11770 14711 14816 18387 20803 22693 23744 27315 29415 30360
21970 22153 26912 32952 34233 40273 43751 47046 48144 53268
18090 20170 23691 27212 30413 35054 36334 40975 43855 44815
15610 17041 19251 21332 25493 27963 31084 32774 33945 38106
12850 14770 17891 19332 22213 24253 27734 30495 32535 35896
16709 22055 25730 29571 32411 35250 37088 41430 44103 48780
16961 20711 23157 27885 32450 33591 37667 42395 45329 47612
11855 14122 14637 16492 19995 20716 24734 26177 27722 29061
13810 15010 17171 19692 21733 25814 27974 30015 32055 34456
12861 17273 19415 21936 24961 26599 29372 30380 34539 35799
12533 17123 17495 21464 23449 25805 28162 31015 33867 36844
21592 25750 28523 34860 37831 42979 46148 49316 55059 58822
22240 23995 30821 35112 37843 42913 45839 50519 53445 55980
21170 25219 26691 33132 33868 39389 41414 47487 49327 51535
15439 17246 19749 23364 27674 28647 32957 36155 38101 41021
15759 21011 21461 24312 28963 32563 35564 38415 40365 44866
14673 18200 21020 25392 27508 29623 31880 36111 37803 40764
12664 15629 17682 19734 21559 23953 26348 27944 29655 32277
15632 18261 21911 23518 26439 29797 32134 36661 40895 43232
11809 16413 17711 19600 22197 24793 27980 29278 32701 34354
19579 25661 30412 33262 35162 41814 42194 45804 52835 54735
16285 20936 23571 26672 28688 32563 36129 39695 41555 43570
19610 23111 27312 29237 34838 35888 41139 42889 47090 50415
11649 15266 15944 20239 20918 22839 25891 29169 29960 32899
17443 19828 21318 26087 29366 32346 35178 38307 40543 42778
18322 23363 24707 28236 30252 34117 39326 43695 45879 47223
15786 18371 21636 21772 25989 29390 30614 32654 35783 38912
11887 14996 15551 19992 20326 23656 24545 28431 29541 32317
13139 17431 20292 21202 25493 26793 29914 32645 34465 36675
13330 13552 17106 17772 20881 22768 26210 27098 30096 32095
21089 27197 31335 32911 36458 41580 43354 50447 54190 55175
15039 18232 18764 22755 25682 28209 30338 33930 34861 37654
16395 19441 20601 25097 26693 30318 33219 36265 38730 43226
21430 25211 26651 30612 32592 37453 39614 45555 49335 51135
15010 16510 19761 21887 23637 27013 28764 31889 33515 37265
20206 23198 27500 31615 36665 39844 44146 47325 49944 55742
16228 18982 23879 24645 30307 32449 34745 39489 42855 45151
17859 20920 24661 30612 33333 36563 40134 42344 47445 50846
15562 18154 21467 24492 27805 31262 32846 35726 38895 41200
12836 15885 18426 22364 23635 27573 28970 32400 33289 36973
12306 14743 17179 18920 21241 25418 25766 29479 30871 33656
18666 23067 27292 29404 32749 36797 39086 43839 45775 50176
18496 19286 22763 26556 31613 31771 36038 40779 42201 46942
21285 23506 28502 30352 35533 37198 41824 46450 51075 52370
21265 25751 27311 32577 38623 42719 46229 49545 51885 55005
13796 16847 18555 19532 24169 25389 28806 30514 33077 36250
18820 22925 27030 27714 30792 35752 40883 42936 45330 49435
19591 25448 26912 30207 36430 40090 43934 45398 51255 51438
12624 15957 16909 19409 21790 25004 27979 29527 31074 33455
14108 16236 19429 23820 24219 27411 30870 33664 34728 37256
15207 20722 21318 26087 29813 31601 35029 37264 39202 42182
22708 25036 30858 33962 34932 41723 46574 48514 51231 56663
16858 19979 22007 25596 29965 34334 36830 38234 41667 46660
13933 14635 16391 20838 21072 23881 26573 28445 31254 34648
16864 20044 24657 25611 31336 33721 35153 38174 44376 46603
19167 23632 26423 31632 36841 39445 42236 46142 51909 54514
18010 20411 22061 24012 28513 30313 35864 36764 39915 43816
16595 21401 22021 25277 29773 31788 34734 37834 43260 45276
15130 16138 18659 22566 24709 25465 27860 32397 33531 36177
13813 17813 20264 22845 25168 26200 30458 33167 35877 36135
18772 24437 26030 31341 32404 37006 40724 43025 46743 50992
21311 23639 27040 29726 34918 37424 39752 43511 47450 53716
13118 15718 17978 20126 21030 23969 26230 27134 31429 33124
17503 17797 22649 26031 28237 32353 34706 36911 40293 42351
21394 23968 30305 33276 36048 43574 47336 48920 53475 58822
20878 25391 26519 32536 34041 38741 41562 48707 50023 53972
17451 20222 24461 26581 31961 35711 36852 40113 42558 45982
21850 22032 25491 30952 33501 38234 41510 43876 47517 53888
12698 15627 18799 21484 22827 24413 29050 31003 33321 34541
12130 12231 14757 18192 19405 21627 22436 26174 27386 29710
10709 13171 16918 18309 19701 21734 25480 26444 29868 30082
19768 22794 27957 31340 33120 38461 42022 46117 46651 52882
12322 15173 16541 19506 20761 23269 26120 27830 31023 32962
17384 18844 22203 26292 28921 31403 33302 35784 38705 43378
12190 12610 14921 17547 19438 21118 23849 26370 29205 30466
20597 21635 24923 30460 33056 37727 39285 44303 46033 51224
18180 18970 24186 27030 29243 33193 36670 38250 42991 45204
18347 22154 27519 29941 32883 37727 40669 43956 45514 51916
10209 12910 15511 17612 18512 22014 23814 25114 26415 29916
13039 17039 18200 21297 25813 26458 29297 30974 35877 36523
14615 16012 20332 22364 23253 26048 29097 31637 34178 36337
19435 23135 26466 32017 33682 40529 43119 45894 51630 54036
12660 14311 16071 18272 20803 22673 25094 28395 29715 32246
13309 17434 18897 23686 25815 29273 31269 34329 35260 39916
16387 19726 23702 27678 29428 34040 35948 38492 42945 47080
18030 22451 26362 28062 30783 35203 39624 42175 45575 48126
13218 15632 18299 21729 24651 25413 29097 30749 34559 35703
17757 21412 25937 30984 34465 38119 40904 43514 46647 51346
15871 21109 24652 25114 30505 32199 35742 38360 41595 43443
18910 24770 27983 30252 35545 38380 41783 48399 50100 55204
16810 19191 20311 22832 25213 29133 30954 35295 37255 39356
12061 13401 16183 17522 20304 20819 22777 24837 27516 30607
16138 18875 20747 25068 26941 29533 32126 37167 37887 40335
15130 17651 18029 21180 24709 25465 29246 31388 34161 35421
22240 25751 29456 31407 36088 40573 43694 49350 53835 58321
16858 20134 23411 27780 31057 32929 37454 39170 43695 44475
12636 15823 17003 20780 22433 23849 27862 29160 30813 34590
18280 21412 27330 28200 31855 37424 40556 44211 46473 49780
21810 26011 29011 32412 36413 43014 45414 49215 52215 56216
18370 20819 21584 25257 28318 32909 34745 36887 40866 43009
19645 25443 28810 30119 33672 40593 44333 44894 50879 53124
13010 17386 20012 20637 24638 25888 27764 31515 32765 36141
12315 13706 16168 17560 20878 23340 23768 27407 29547 30403
12436 13744 16470 18542 21377 23339 25956 26937 28682 32062
21850 25166 31017 33357 36478 42914 45839 47789 50715 54810
13226 16531 16885 20072 22197 24203 25974 30341 31521 35062
15217 19054 21383 24535 25495 29057 31661 33579 36868 38786
13038 17426 19619 22329 24781 26458 29297 33297 33942 38329
20836 24575 26177 28492 34011 35791 41310 45049 47363 50389
17145 19529 23851 24746 29813 32644 34135 38456 39500 44417
20989 23824 30252 32898 34221 40081 43862 48399 49911 56527
11855 12576 15049 18140 20304 22365 23395 25868 27619 29164
13090 16691 18612 19212 23773 25573 27734 28814 32655 33615
20009 24610 29811 34612 37213 43814 47814 51815 52215 56215
19809 26741 31296 34662 38623 41989 46940 47930 52287 58426
16915 19562 21914 23679 28825 31471 32501 36617 38823 43528
11509 14270 17146 19447 21633 25084 25314 28074 32215 33366
15867 21363 24661 25132 31413 31570 35496 38008 41149 44604
15106 18507 21227 22860 25036 27893 31566 34831 36735 40408
17606 21757 23417 29892 31885 36035 39522 39854 46329 48654
13709 18095 21932 23713 26591 29194 31798 34538 36594 40568
19579 26231 29842 30982 34212 41434 44284 46374 53215 54926
18570 21291 25451 28652 31853 34733 36494 39374 43855 44975
20542 23501 26459 28896 32551 36031 41600 43862 46995 48909
12892 15379 17074 18092 22613 24760 26682 28829 30299 32672
15578 16690 20166 23086 26979 28508 31984 34765 37962 40048
16432 18779 20849 24024 24852 29822 32996 33134 36033 38793
15105 20287 21767 25616 29169 30353 34498 36866 39235 44416
13234 15787 16367 20196 22633 23677 26926 28782 30987 33308
12610 15509 18281 20298 24961 25339 29246 30255 33279 35296
19521 23997 26682 31337 32232 37066 42616 45839 49956 50672
13609 18507 19731 22452 24901 27349 30886 33063 38096 39048
19382 20384 26230 27567 30740 36419 39593 42766 45773 49114
12660 14311 16401 18822 20252 23113 25534 28395 30265 30815
12148 12454 14801 17760 20413 21943 23576 24698 27045 30514
16125 19602 25134 25450 30823 32719 35880 39040 42201 47100
18250 22411 25612 25772 31213 34573 37134 39214 42735 46735
19705 24776 29652 34918 35113 39208 45449 49155 51105 55396
16709 21888 23558 27233 33413 36253 37255 40261 45439 48112
14122 15382 18029 22314 24079 26851 29498 32397 34161 37564
17076 22551 23034 28026 32052 34628 37205 39620 42680 46867
16996 20573 21020 25491 29217 30856 34433 36668 40841 42033
13473 16642 19547 23640 25225 26941 31694 32090 35787 38428
17146 21515 26388 27396 31429 35630 37142 41175 45039 47224
22330 22516 26795 30330 33679 39260 43724 44654 49119 53026
14813 15730 18744 22675 25165 28309 31061 33420 34337 38661
13764 17434 18744 22675 25558 28178 31454 32633 36302 39316
17014 21383 24660 26532 30433 32773 35114 39639 40731 46036
12177 14986 17795 20136 23296 25168 26573 29264 32541 32892
11944 12760 15617 17046 20209 21229 24494 24698 28065 30616
19898 23771 26939 30988 33277 35389 41198 42782 48591 50527
16138 19163 20603 25500 26941 28813 34430 37311 39039 40335
18314 21658 24827 31516 33981 36269 39790 42782 47535 50880
11025 14051 15563 19236 20425 23017 25934 27015 28635 30795
16654 18260 22641 25270 26292 30381 35054 37391 40019 42647
13812 16761 20514 21720 24133 28690 30968 32309 36329 37804
12636 14642 17357 19128 23141 23731 28098 30459 31285 33764
17412 18490 21571 27424 27887 31583 35126 38207 42981 44522
14289 15992 19793 21889 25296 26344 31454 31848 34206 36696
12610 13450 16496 18702 20803 21013 24794 26264 28995 30675
11450 14751 17062 17722 20033 22013 24544 27075 29825 31146
18490 22691 26052 27228 31933 34789 38822 42351 44703 49240
21421 23434 28743 32220 33501 38077 42653 45398 49608 54001
19834 24614 25322 28863 35236 38777 40901 43733 47982 49752
11242 12594 16236 17276 20501 21853 24038 26014 27991 31008
17995 20966 24266 26907 29878 35489 37304 39944 45720 47701
20409 26811 28211 35412 37613 41013 46814 51415 54615 59016
12635 16413 17829 21016 23613 25501 26800 30576 31049 34825
14155 16985 18092 22152 24490 24982 29042 29903 32118 36424
12442 14330 15662 19104 20548 23768 25211 26654 30096 31429
12400 14524 17357 20190 22787 23731 26564 28571 30695 35298
18364 21424 22551 27704 31730 34950 36722 40586 43646 46705
15270 19051 22272 23112 27873 30533 31514 34314 38655 41315
20910 24140 28891 31362 35162 40293 43524 49035 52075 56826
15970 18911 20031 24372 25212 29413 33614 36135 36975 40896
18802 21412 27678 30810 34813 37075 39512 43340 48039 49779
15880 18503 20573 22782 25405 27889 32858 35067 37827 39207
11673 13417 17234 17888 21704 22031 25956 28137 30099 31407
17908 20578 24032 25132 31256 32041 37537 40678 42405 45545
14842 18587 21611 25212 25932 28813 32702 37455 39615 42496
11019 13646 14858 16778 19405 21223 23042 26174 27386 30215
14944 15730 19923 23068 25165 28047 29751 32371 35647 39054
20030 24945 26947 31680 34047 37323 41146 44968 49337 53160
20206 24761 31692 33870 38029 40405 47336 47534 51891 55852
17772 21923 24745 27900 30889 34707 37862 40353 43175 47658
11321 14907 16699 18492 21741 24654 26110 28014 30479 32608
15815 19006 21326 24227 26403 30028 31914 36410 40615 42211
12636 13278 17132 18416 19700 21413 25480 27406 29975 31795
21350 26783 28141 33574 38619 39589 44634 49097 52395 55499
14086 18917 19469 22368 24991 29132 31340 33963 36171 41278
16598 20031 22463 23750 26754 29042 33047 34620 38482 40913
12436 14399 16252 17452 19851 21813 24103 28137 29445 31953
17451 23096 26688 29424 31819 35923 37634 44475 45330 50632
11221 13646 14353 17687 19001 21627 23648 25972 26881 30114
12295 13556 16392 17337 20068 22483 23954 25319 27735 31516
18880 20410 24831 30442 30952 35033 40474 43705 47615 48805
14906 17567 21159 22755 24884 28875 29806 33264 35526 37654
20940 25127 27311 30952 34411 38233 43512 44422 50611 52795
23176 26741 28721 32088 36841 41395 44168 50505 52881 59020
17474 20287 21175 26652 28725 29613 35238 38347 39531 42787
16090 17163 19173 22658 24668 28555 32040 32710 35257 39948
20602 24760 28919 32286 38425 42187 46940 51297 53673 56049
13726 17156 17918 22619 23889 25921 28462 30494 33797 35576
12208 15743 16427 19164 22015 24181 26348 27716 31821 32505
16180 20801 23419 26038 27732 30967 36974 38206 42519 45446
15661 17494 22290 22713 27790 30751 32021 36393 39213 40905
13009 16000 19772 21072 25493 27183 29394 33685 34465 36676
21402 23503 27897 33055 37067 38595 43371 46810 50439 55024
15097 17636 21020 24969 25393 28636 32726 34842 36675 41470
16283 21973 22605 26556 29243 34300 37776 38250 42201 46784
11210 15131 15915 18044 20845 23085 25326 27231 30255 33056
15463 18370 21431 24798 27553 33368 34592 39336 39948 43621
11875 15379 16735 19787 20352 24761 26117 27134 30525 33690
14716 18071 18458 22845 23749 26845 28781 32006 33942 37555
13650 16627 18487 21092 23449 25681 29402 31139 33123 35107
19050 19530 22411 27852 31053 35214 36974 38574 43055 47536
23410 28011 30611 34012 36812 40813 47214 51215 52415 57415
14605 18637 19610 24615 26979 29898 31984 35043 36989 39352
16387 20522 24498 25452 28633 33563 36107 38492 42627 47557
10414 13271 16230 16740 18577 20923 23576 25617 27045 29596
13194 17419 18571 22668 24461 26893 28814 31374 34319 37648
10610 13311 14611 16412 18413 20313 23414 25915 27715 28115
13663 15755 18584 20553 23260 24982 29411 30149 32610 36670
11109 14774 17661 18993 22102 24101 25211 27987 28986 31428
17650 20444 23385 26031 27060 29560 33236 38088 40440 42351
12101 14670 16275 18202 20236 22911 23875 26336 29547 32009
16329 20170 24492 27692 31533 34734 36654 39054 41775 45616
10617 14087 14801 17148 19903 22351 22454 26535 27555 30616
14662 16510 19943 23112 24961 28922 29978 31826 35655 37371
18030 23301 27042 30102 31293 36904 37924 41664 45575 48295
19907 24833 28576 31729 36655 40792 45324 49856 52614 58131
21592 24958 28919 34068 37039 40999 46940 50703 54267 56841
16800 20159 22787 24102 26730 31987 34032 36222 39289 43670
18769 20797 24009 29080 33137 34827 38546 40743 45307 48857
13234 15857 16997 19620 22471 23497 26690 28514 30795 32391
17500 20204 23225 28473 29110 33244 37538 39129 41673 44854
12490 13322 14675 18108 19877 20917 24142 26223 28511 30176
17722 20018 23791 27564 30517 33961 39374 41343 44459 46756
24010 28011 32011 33212 38613 41413 45614 51814 53815 58815
17720 19330 25128 28348 29798 33823 35434 38815 43807 45740
15328 16570 21678 22506 25681 29131 32444 35205 37137 41002
21818 25579 28775 31972 37237 38741 42126 47014 52091 55476
20953 24534 25787 30621 33307 38319 39573 43153 49061 53000
13576 14409 18218 20956 23218 24051 28574 29050 32502 33573
22010 25411 28811 32012 39213 43014 46814 49615 53215 58016
17886 23552 26207 29925 35059 38776 39308 45681 48867 52585
11761 14248 18092 20126 21483 22952 26456 27699 31542 32446
12267 14328 16182 17522 18758 20613 24425 26073 28443 30607
22330 24005 27353 32004 34981 38701 42422 47817 49491 54886
15361 20835 23115 27372 30109 32389 36038 37254 40143 42575
16996 18636 21318 24150 27876 29813 33837 36072 41288 44567
14200 17555 20523 22716 25039 26200 29297 33039 34587 37812
16090 18369 19843 22658 24400 28019 29762 33783 35391 38474
22665 26212 28576 33896 37245 42959 46703 51235 53993 56357
11026 13169 16026 17556 18780 21433 23474 25821 28065 29289
19739 22635 27885 30239 34765 39833 41825 46713 50514 52505
14440 15870 20291 22372 24843 27313 30434 33165 36415 37325
13466 16019 18223 18804 21124 24721 27622 29362 30755 34700
19215 23057 23558 28903 30072 35751 38758 43435 44437 47109
15490 16135 19103 21813 24781 27619 29168 32910 34200 36651
13465 16111 16801 19562 20712 24393 26579 27729 30835 32791
21610 24210 30611 33612 39613 42813 48014 48214 54215 56215
11340 12885 15770 17213 20613 21231 24116 25661 27413 30916
11434 14189 15209 18270 20413 22249 23066 25106 28371 28677
10109 12010 14811 17112 19313 20613 22614 25515 26115 29916
21934 26471 28361 32142 34977 39136 43295 49155 50856 54825
21047 26452 30892 34366 36490 39771 45176 47878 54055 54248
18418 22136 26030 31341 32050 38954 41432 42671 47097 49753
15804 19082 23255 26385 29366 31005 34433 37711 39053 44120
19270 22510 25751 31512 34033 39254 41414 44655 48255 50775
13234 14717 15971 18480 20647 23269 26234 29085 30681 33646
14257 18917 20013 22343 26454 29879 32209 35224 36320 41116
19432 23085 24911 29394 29892 34707 37032 43175 44005 48488
12109 13963 16252 17997 19851 23776 25193 26938 28900 31517
14167 14530 19251 20582 23245 24455 27481 30870 32443 36074
21304 21850 25673 32226 35685 38051 42420 45514 50611 54616
11350 14081 15867 17232 19963 21538 23324 25845 27735 30361
21354 24299 26323 30004 34789 36997 42886 45279 50247 52088
17638 20135 22475 26376 30589 32617 35270 39483 41511 44944
17614 22831 24298 28048 31961 34243 36852 41743 43373 47448
15004 17651 19289 20424 24205 25843 29372 31892 35043 36933
16598 17313 22034 23464 27040 31188 32189 35192 37624 42916
22186 27731 30701 34662 37039 43178 44960 47732 51891 57832
14562 18643 20820 23132 26397 27757 30206 33334 36735 38231
19960 22585 28012 30287 34313 37463 40439 44639 46390 50940
23096 23678 31052 34156 38425 40365 45410 49290 51037 56081
21819 24328 30699 30892 38034 38613 45562 47299 50967 55407
17182 20681 25134 27360 30064 34517 35312 38492 41514 44694
13698 14288 18419 21134 23377 25501 28098 29514 31167 35298
21374 26667 29803 33920 38037 39997 45682 49602 53131 58424
17772 22919 23915 28066 31387 34209 39522 40186 44005 47824
19374 25203 28023 31972 35733 37989 42126 48331 49835 52656
15514 18643 19459 24084 24493 28437 30206 34015 35511 38232
20810 24410 28011 34212 38013 42413 47814 50815 54615 56415
12400 15941 17239 19010 22905 23613 26682 30695 30813 33882
13809 17537 20988 23334 25819 27889 31340 33548 36861 41416
15454 16114 18491 23112 24433 28922 31562 31826 36843 38163
12593 16588 17072 21792 23003 26633 28449 31111 32806 35710
18418 22666 26384 29748 35059 37183 40547 45327 49575 49752
18984 22206 25966 31516 35634 38319 41542 45301 47450 53716
14185 17291 20667 21747 25528 29714 32414 32414 35115 38896
23176 26939 29117 35454 38227 41593 47336 51296 55257 56445
15454 18601 21175 24894 28184 31045 33047 35049 37195 41343
12545 15271 16143 18106 20287 22794 25520 26610 28791 31844
12657 16751 18735 21216 23201 26674 28410 30270 32627 36596
14108 16236 20893 21425 24086 26879 31136 33664 36191 38852
19333 23780 24806 29424 33700 35410 39686 44304 47382 49947
19065 24801 27576 32757 34238 38123 44229 44599 48300 53666
13210 14751 15961 19262 19922 24103 26084 26414 30155 32356
16431 21585 23356 28348 30120 33179 38332 40103 44934 46383
11560 14971 16511 19482 20693 23333 25424 26744 30815 31255
17443 20424 23703 25193 27578 29962 33390 36221 41288 43226
16169 20971 25452 27372 29773 33613 36654 40975 41615 47696
15661 18482 19892 23418 28213 30046 33149 35688 37098 39495
18610 20626 22021 27447 28842 32408 35044 39540 42485 45276
12101 13171 16704 18737 20236 22162 24303 27300 28691 30510
16426 18402 22963 26612 29653 30869 33454 39535 42423 43031
15217 17821 19465 21932 25906 29468 32209 35635 37005 40431
14655 19006 21326 24227 26113 30464 32204 37135 39455 41051
16546 20204 22748 25452 29746 32449 34994 38334 44218 45649
13002 14683 17596 19612 21181 22749 25438 27230 31039 31935
14184 16885 18911 24312 26203 29308 31064 34980 37005 39706
12736 16265 17903 20424 23827 25717 28238 31137 34918 36304
18490 18798 24344 25114 28503 33740 34356 38515 41749 44214
11855 14616 17491 18757 22093 24854 26579 29800 29915 33251
17050 19323 21453 25146 25714 31111 31964 34946 38497 41622
17908 19949 24818 26231 31413 32983 36909 38950 42248 45074
15514 18402 22051 24332 28589 33150 36342 37711 40751 44248
13209 18359 19811 23112 24565 27997 29846 33411 36051 38560
18035 24511 27837 28012 33613 36063 39914 43240 45690 50066
21626 24522 27996 30892 34946 39192 42667 47686 52897 57144
12529 15221 17444 19902 22711 25168 26807 29967 32307 33126
13552 17091 19287 21972 24169 25023 28318 30880 32101 36494
14906 16103 19695 21957 24485 27145 29806 34595 34994 39384
19168 24005 27353 33492 34795 39818 43724 45956 48933 53026
17690 21260 27212 29592 32143 35543 38774 42345 45065 47785
17709 23729 26030 31341 33289 38422 41078 42494 48690 52585
12545 13308 16689 18869 20505 23994 24103 27265 28464 31299
21962 24707 28627 34312 38625 39409 44506 47642 52935 55680
22330 23447 28470 32004 33493 37771 41864 45026 50421 52840
13348 15923 18029 19317 23413 24817 27860 29732 32073 34179
12109 15440 17106 17772 21769 22768 24989 26654 29652 31984
16058 17146 20275 22996 26669 28709 32518 35374 37007 40816
16284 19444 24976 25450 29717 32877 36828 38092 42833 45836
20680 25751 30627 33747 36087 42523 46034 48569 50910 57931
18106 21539 24660 25752 28092 31213 34646 38078 41355 45880
15650 17146 21772 21772 26261 28301 29934 33198 37687 40408
18694 25541 26096 30722 35533 40158 42749 46264 51815 54591
20030 23489 28586 32408 33136 39690 41328 44058 48427 53888
12553 14996 15995 19881 20547 24433 25655 28875 29763 32760
12534 16255 18736 21464 22333 25309 27418 30147 34488 34984
22430 26041 29271 30602 36493 40863 43714 45614 49415 56256
14257 18643 21383 24672 27002 27550 31524 34538 36731 40020
20150 23000 28891 31932 37443 40293 45044 49225 51885 54355
14162 15505 18433 20020 22217 25267 28074 30759 32711 35030
15514 17282 19459 23404 26397 29390 31430 33742 36599 38367
16312 17313 21891 25180 25752 30616 33047 34477 37195 42344
19303 23021 26207 31872 32758 37891 41609 43202 48336 50814
12545 13417 16798 18215 21595 21813 25520 26283 30208 31299
12658 15014 18984 20968 23325 25557 28410 31139 33619 35604
10615 13040 14959 17990 19001 22234 22537 24254 27083 28801
13933 15481 18099 20956 22623 24170 28217 28812 32145 33692
18478 20098 24311 27390 29821 33709 37922 39542 44889 47806
19657 23375 25499 30810 33643 35590 41609 45150 48336 50814
19559 22847 25788 28557 33229 37208 41188 42226 47417 49320
15563 20849 22359 25229 29609 30515 35046 37765 40936 43202
21738 26589 27171 31246 36097 39201 43276 48515 52201 56664
20799 27335 28721 34068 36840 42979 43970 51297 55059 58228
22398 25680 27224 33401 38420 42473 46334 48650 53862 55406
17690 23131 25851 30442 32993 35203 39284 42855 45065 48465
15610 16520 18601 23412 25753 26273 29264 31604 34855 39016
20009 27811 28611 34412 37213 43214 45614 51015 52415 56215
18454 21586 26459 30984 32029 37598 38468 43863 48561 48735
20799 24364 31692 35652 39019 41593 47336 48128 55455 55455
16228 20666 24339 25563 28930 31072 36428 38724 40254 43008
13934 14642 18656 20662 23259 24439 26210 28806 32819 34235
20434 22642 26875 30372 36629 39757 43990 45646 50431 52087
20095 25166 29066 33162 35308 41939 44669 49350 53055 55005
12545 14289 16252 18760 20613 23448 26174 27700 29663 32388
23059 24635 28576 31729 37049 43354 44733 48870 54387 56949
11236 15271 16688 18760 20395 23775 25411 28355 29990 30753
11560 14641 15521 18382 21243 22563 24214 26524 29275 32246
20170 21178 26052 28068 31597 36134 38318 40334 45039 47055
11970 12594 15819 17068 19252 21749 23622 27055 28719 31216
21850 25556 30041 31602 36868 40963 46424 47984 51690 58516
19593 24778 30732 33996 36493 40525 45518 46670 52815 56272
22010 25811 29011 34612 36413 42214 44814 48414 54415 56816
20065 24841 30572 34201 35730 38213 42798 47191 50821 55788
12634 16761 19137 20637 23013 25763 28889 30889 33765 37141
15270 16810 21151 23392 25633 30814 31234 35155 37535 41596
12730 16451 18132 19572 22333 25454 26774 28934 31215 35776
14018 18371 20411 24356 24629 29526 30206 33334 36463 38504
15130 18154 22476 25356 26508 30829 33422 36879 39183 40335
21240 26838 28189 33401 35524 40736 42667 47299 54055 56372
21538 23010 26691 33132 35893 40494 41414 45278 48959 53928
19846 22241 23951 29253 33187 34384 40883 43278 45330 49777
18847 20780 23517 25933 29476 32857 37366 39137 42197 47833
22497 25084 31852 31852 38022 43595 47774 48769 51954 59119
13706 16907 19339 21900 23693 26125 29454 30990 34703 38288
18574 21851 23723 27312 28404 33553 34802 39014 41667 46348
21515 24695 26565 31802 34982 39096 41341 46204 51253 52937
15520 19610 22431 23277 25674 29341 31739 36675 39354 40623
14289 19471 20731 22412 25352 30113 32634 35715 39215 41876
11875 13030 15026 18282 18912 22168 24794 25844 28365 30256
23334 26079 28823 35292 38037 42937 43918 49014 53523 58031
19215 22723 24727 28903 30573 35918 39927 40762 44270 48780
18180 20550 24975 25766 28768 34773 37144 38724 44097 47416
19698 22826 26875 32212 33132 38101 41046 46935 51535 54296
12208 13064 15954 18309 20664 22804 24410 26336 29761 31795
19504 20701 26859 27372 32332 34897 37976 41567 47211 48751
18106 20447 24816 27312 29965 31525 36518 39483 41199 44163
14167 16225 18888 19614 23003 26513 28086 29417 31475 35832
13234 14394 18108 19384 22981 25418 26578 28550 32031 32495
16069 20045 25452 25770 30859 31813 35153 38651 44058 46126
16056 18187 21311 23726 28129 28981 32958 36509 37787 40627
19832 24882 27126 30493 34795 39284 41528 47326 50505 52563
11842 13168 15719 17352 18678 22147 23780 25923 27963 28881
10618 12862 15311 17658 20107 20923 22964 24698 28371 29494
13683 15377 19251 20098 24213 24939 28449 29296 33048 34016
17288 21853 23320 26581 29353 34570 37178 39787 42884 48427
12624 16076 18099 21313 22980 25836 26908 30360 31312 34287
16830 19731 22341 25532 27417 29158 34089 37715 39310 42790
10515 14291 14597 17658 19086 21229 24188 26127 28371 29902
11109 13663 16772 19770 20770 22879 25766 27765 31095 31317
18991 23780 26688 28056 33016 35581 40028 41396 45330 50461
16508 17822 21765 25124 26438 30381 32280 37975 39581 42502
19645 20470 24266 28722 30538 33838 37304 41265 43410 47371
13813 17555 19103 21168 23232 27103 29684 33426 34071 38071
19276 21135 24009 29249 33306 36686 38039 42771 45138 50547
18610 21091 21711 27757 28687 31788 34889 40160 43415 46206
14158 18220 19137 21234 25165 26737 30406 33158 36171 37088
18602 20594 23749 28232 29892 34707 38360 42345 45001 47658
13100 15481 18575 21432 23575 25241 26194 28812 32978 34287
16282 18586 22763 25068 28525 29965 34286 37310 39471 41775
15818 18858 21443 25852 30261 32389 35278 39383 40903 43487
14346 16394 19467 22412 24077 26893 28430 33039 33807 38416
22210 24246 28131 29982 33312 37753 42379 45154 49780 54221
18378 22479 23299 27236 31665 34617 36750 41015 43639 48232
22186 24364 28721 33078 37435 40603 44960 48722 55059 57832
19450 21881 22853 26742 31765 34357 38246 40514 45051 47968
17794 20987 22051 26612 28589 33302 34822 37254 41359 42727
14134 17303 18491 21660 26149 28393 31034 33411 35523 38692
11332 12964 14495 17862 19903 22045 23882 24596 27861 29698
19960 23636 25911 31512 33263 38338 40089 44815 46390 49715
22810 26411 31011 34812 37212 43813 45014 50214 55415 57815
18890 21451 24812 25612 28812 33933 37614 38734 44175 46576
12636 14288 18420 19364 21607 25266 27272 29279 31403 33410
13909 19332 21974 23225 25867 27813 31567 33930 37406 41299
13465 15221 17210 19200 23179 23413 26456 29850 31488 33478
13269 17951 18341 23022 24583 27573 28874 32905 36025 37846
19220 20750 25851 28402 32653 36223 39624 42514 46935 51016
19250 23136 26836 32202 33868 37938 42934 45155 49040 53666
12550 14489 16085 19848 20647 23383 26348 29541 30111 32506
22090 25219 26507 30924 34605 38469 44174 45462 48223 55216
18447 22744 25071 31337 34918 38678 40647 43869 46734 52105
13811 17297 20245 21988 25607 29494 31236 33514 36195 39814
15190 17399 20573 22092 27613 29408 32030 33824 36033 39898
17050 18470 21169 24010 27419 30259 33810 36651 38781 40485
13005 14040 17836 18757 22208 24853 25774 29455 30835 33826
16285 20471 22951 25122 30083 33339 35199 39075 41865 45121
16738 22971 25268 26416 30353 34125 37570 40523 44295 47576
16290 19251 23100 24432 26800 30205 34202 38495 39531 42788
17412 20801 23727 26654 28040 32507 35588 38206 42211 45292
21730 22273 25532 29696 34584 36575 41101 45989 48885 51601
13371 15861 19530 23592 24379 26606 30013 33944 35254 37875
17230 21331 23463 29368 31009 35274 37406 42491 43311 46099
14945 19441 23212 23502 28143 29303 33364 36410 38295 40905
21906 22642 26691 32764 34788 40493 44174 46750 49143 54111
20409 27611 28811 34412 38213 41413 44214 51815 52815 58216
13109 17041 19399 22020 25558 27917 30668 31716 35385 37089
13120 15629 16427 20190 21331 24980 25094 27716 31137 33874
18322 21178 26724 27396 32437 36806 37814 41678 46887 47727
23890 26080 31056 33046 37027 40012 45585 51357 52750 57328
11120 13242 15869 17283 19607 21728 22537 24456 28295 29406
19883 21386 26063 29404 32578 35417 39092 42933 45105 49614
15022 17803 20166 23086 26840 29620 31567 35043 38379 40048
17490 20987 22051 24940 29653 33301 34214 39231 39839 44856
12190 15323 16947 20776 21124 25534 26114 28550 30523 34816
18549 24131 25391 31872 35833 39434 40694 44294 50055 52035
12000 15081 15851 18932 20583 23443 24654 26854 29605 32026
16510 18010 21461 25362 27013 30313 33914 38265 40065 44266
11332 13552 16328 18993 20326 24323 25544 27876 28986 31318
19920 23722 25894 29515 34041 36394 42730 43635 47980 51601
18910 23231 25931 29172 35653 39074 39614 44655 48795 52936
23492 26279 30259 32449 37624 41405 45187 49764 55138 58522
11980 13346 15446 17442 19333 22589 24479 25424 28260 31201
13853 15377 20205 20967 24524 25667 28589 31892 33035 35957
16371 21071 23825 27552 32413 34357 38894 39056 43269 46510
12009 15491 17171 21492 23533 25333 28214 28934 33255 33615
11127 15162 16470 19087 20723 23557 24975 26937 28791 31735
17299 19594 21431 26481 28624 32143 36122 39642 42090 44539
15130 20027 20171 23196 28669 31262 31838 35583 38463 41488
11890 13726 16319 18156 20317 23125 25502 27338 28851 32200
15274 18731 22908 24492 28669 30685 33566 35582 37455 41776
14856 20591 21914 25884 28090 31766 34118 36176 38382 41322
12550 15515 16427 19278 22357 23725 27032 29084 31479 33417
20094 24970 31017 33747 39013 42913 44864 47789 54420 55395
12509 16636 18386 20887 25013 25138 29514 32515 32515 35641
16329 21451 22411 28172 31213 33773 36174 41455 44015 46416
18210 21185 26611 31337 32388 36413 42014 42714 47615 51291
20938 24011 30540 32268 34573 38989 44174 47439 50319 56080
17809 21726 28492 30628 33299 37215 39530 43268 49321 50034
16551 17802 21557 23642 26562 30316 32123 34208 36155 39630
17370 21091 23571 25897 31013 32408 34269 37834 41865 45431
11350 13834 16751 18480 21613 22801 25070 27230 29823 30255
14326 17246 20305 24893 27257 29898 31567 36016 36850 39630
19234 21548 26533 29916 34189 38283 39530 45939 49855 53238
16750 20936 22486 26052 29928 32718 35509 38454 42485 45586
15194 19575 22641 24832 27461 31696 34762 36222 38705 41625
15274 17290 21179 24060 28093 29245 31838 35295 38607 41200
17274 21093 25576 27900 31055 33379 38692 42843 45167 47658
17124 20385 25929 28863 30494 33591 39134 40275 44025 48916
15717 18081 20027 24337 25171 29481 32123 34765 36433 41160
12909 16522 18716 21942 25684 28006 30845 33555 34587 36522
21285 22580 28316 30907 34423 38123 42564 45339 49780 55516
13350 14046 17528 19616 21009 23561 26810 28202 31103 33540
12106 13402 15131 18804 21613 22153 24206 27015 28419 31120
20323 24167 25631 30207 36430 38993 41006 44117 49974 52903
16534 19288 22502 27399 29848 30613 34286 39642 40866 44692
11351 13278 17132 18095 20771 22804 24838 27514 29761 31259
13005 14846 17261 20597 21288 23818 26694 28074 30720 32906
14642 17247 18115 21216 23945 26301 28782 30270 32503 35727
13114 16040 18264 20136 22945 24583 27041 28913 30435 33009
23610 27611 29011 33412 37213 42413 44614 49214 53015 57016
21290 24140 26611 33452 34973 39153 44474 46944 51125 57016
19492 23312 27133 30763 37258 38786 42798 49102 52158 54451
13168 15877 19232 21297 23362 28007 30071 32265 35361 37426
12331 16359 18189 21728 23315 25023 29050 29294 33077 34297
15439 18220 20722 23642 25450 27952 30594 34626 38518 40465
19445 23164 25699 27559 30432 37194 39729 41081 47335 47673
16495 19478 22933 27958 28586 34397 37694 39579 42248 43975
18455 18765 23106 26362 30858 32098 36129 37369 41090 44501
14401 15262 18953 20799 24490 24613 28304 31995 33963 36301
18998 23511 26331 30656 34793 38177 43442 48331 50963 55288
22045 24386 27701 31602 36673 41549 46229 47985 51105 56176
13599 16139 19442 22110 23507 27572 28843 32527 34305 37100
14188 17107 19471 22530 26701 28091 32957 35877 38657 39075
19716 20551 24059 28235 30239 36587 40094 43268 44270 46942
16695 20747 25446 29172 29334 35330 35978 41973 42297 46834
12809 17931 18827 22796 25357 25741 28942 30734 35215 36239
17474 19843 23691 26504 29021 31093 34202 38050 39383 42491
16946 19429 23372 24540 26438 31403 32718 37391 40165 41625
15604 18917 21263 22782 26233 30097 31892 34928 36585 40726
12778 15131 16699 18044 20172 23085 25662 28687 31263 31823
16839 21461 24431 27897 32353 36149 36974 42585 43245 47371
16648 17776 20033 25392 26661 29341 33713 36251 39354 41751
16026 17742 20746 24894 27040 29900 32618 34906 40055 42916
16176 19191 19739 23302 25495 27687 31798 33853 36457 40568
21421 23251 28742 30207 34966 39541 43568 44666 49425 54733
11882 13786 17372 19052 20509 23645 24766 27791 31151 32832
17169 22781 24266 29547 31363 35818 37469 42750 43245 48361
14943 16998 21658 24124 26591 29743 30154 33442 37416 39609
11309 14588 17074 18544 21257 24874 25891 29056 29508 32786
20835 22936 26961 29412 32738 36413 39039 42189 48665 50591
11665 12610 16181 18177 20488 21013 23429 27210 28995 30466
18472 22454 27342 29515 32592 39653 40196 46532 48161 53954
12028 15243 17504 19052 23575 24408 28336 29646 32502 35002
18490 21130 26940 28172 34861 35565 41374 45775 47359 50000
20786 27255 30784 32744 36077 40977 45094 48230 52543 56660
14048 19332 22252 22947 27118 29342 32818 35459 37267 40464
19598 21757 26240 28896 32881 34209 38194 43175 43839 46661
15402 20731 21767 24136 29465 31982 32574 37015 41307 41603
18106 22631 25241 28200 31507 36031 40904 45081 45255 49258
12890 14235 16811 18716 20957 23645 25998 27230 30031 32272
16250 18716 20601 24082 27563 30899 33364 36120 38875 40760
14374 15130 17651 20424 22692 27608 30254 30632 33279 37438
21156 24261 28335 32216 35709 39007 45022 49291 52201 56470
19324 22283 25763 28200 34639 35857 38990 42122 48561 48909
12028 16314 17266 19171 22504 24765 28336 29289 31907 34288
12754 13942 16968 19344 19776 22261 23990 27663 29067 31660
10514 13747 15363 17788 18698 21829 23850 25062 26679 29002
19630 24131 26651 29892 32592 38894 41594 45555 46815 53296
10909 13962 17125 18433 20068 23994 25847 26174 30099 32280
15080 18232 20562 22891 25906 28509 30428 33168 35909 38924
18110 23179 26256 29153 34765 37118 41101 43817 47256 52325
14500 16984 20849 22092 24852 28717 31340 35067 37551 41416
16857 22691 23663 26256 31927 34195 36950 41973 45375 45699
20962 25619 30858 33380 38619 39589 43276 50455 53171 57634
16360 18760 22361 25212 29863 30013 34214 39015 39915 42165
16438 19547 23544 26504 28577 29761 33610 35978 39975 44416
12770 14531 16841 18492 20252 24104 26414 26634 29495 31145
16084 18341 20033 25392 27790 28636 33572 35123 37944 41329
16540 20311 22631 24372 27272 30318 32784 36844 40325 43371
21604 24899 25814 32952 35149 39358 40823 47046 48327 51804
19150 21238 25589 30984 33943 34987 38990 43515 48561 50128
16312 18029 20746 24465 26897 28756 33047 35049 39054 41343
20661 24908 29154 33208 35911 39385 46334 49230 52511 54827
12553 15718 17752 19109 22613 23630 25891 27699 31655 33124
14697 18730 23052 25788 28813 29821 32702 36878 39039 43072
16905 18920 24346 26982 28842 33183 36439 37989 43415 45896
15922 20360 22502 26022 30460 32143 34286 38265 39948 45916
14326 17524 20305 24476 27813 30037 32957 34486 36294 40604
11236 14180 17233 18978 21813 23775 26174 28245 28464 32497
20020 22282 27852 29766 34639 37945 38642 43166 48735 49779
17758 20666 22961 26940 28776 33520 36581 37805 41172 43926
15666 18402 21443 24484 27677 32390 33758 37407 40903 44552
19084 23011 27313 31241 35356 40032 44520 45830 49944 52376
18348 21463 25962 29595 32018 35652 38074 41535 46033 48975
22978 23968 28919 34662 39217 41197 44366 49316 54069 56842
17030 18659 20731 24432 27985 30649 32574 36275 40123 43380
14071 16910 18716 21297 25297 25942 30716 32652 35361 36651
18105 23501 25415 30984 34639 35161 40730 45255 48561 50823
18795 26051 29214 31074 34795 40189 43724 46142 50421 52653
17722 22151 24119 27892 30024 35766 36258 42163 45935 46919
13582 14510 17991 20776 21008 25301 26926 29594 31219 33887
13399 18081 19641 21852 25753 27053 29134 33815 35895 38886
12409 16255 17495 20720 22580 25557 29650 32007 33867 37216
18961 22642 27059 31844 34052 39573 43438 47671 49511 54664
22902 23290 30082 32410 37649 38813 43276 48321 51619 56664
18210 23811 27137 28187 31862 37814 38689 44290 48665 51641
18309 24533 27095 31122 35149 39175 43019 47229 51072 53268
12529 12850 16168 17346 20450 22376 24624 26765 28370 31795
15350 17171 20292 21982 23932 28614 28744 32644 33945 38496
13338 14571 16475 20060 21405 22637 24766 27118 30031 31824
21014 23863 25999 30094 32230 36147 42200 42734 48965 50211
19209 26699 27851 33228 35148 40333 45518 48975 53199 54159
18190 24671 27552 29352 33133 36553 39794 43394 47895 53656
18010 22151 27012 29892 35653 36373 40874 43395 46995 50596
16915 18974 21767 23532 26914 31324 34412 37794 38676 42499
22330 24749 27725 30516 35725 39259 41306 46515 50607 53025
18834 23722 26618 30239 33679 37661 42549 43816 47980 52868
16753 21746 23517 28831 30925 33179 37205 39942 44290 47350
10209 13211 14311 17412 19713 20413 23614 24914 27215 29616
17002 19883 23052 24060 27949 31405 32126 35726 39471 42063
16508 19283 23226 24540 26292 30819 33448 37829 38559 42063
10109 12433 15465 16374 19203 20920 23547 24860 27386 30215
17751 19792 23247 25917 29529 31727 37066 40835 42405 45389
11140 12925 15026 17757 20383 23114 24164 27000 27420 30151
11450 14051 14987 17068 18732 21541 23414 25807 28719 30280
19303 24614 24968 30279 34528 38954 38954 45681 46743 51523
18098 20531 24332 25548 28284 33302 33606 38014 41359 43031
17186 19162 23724 26308 30261 33302 33910 38623 39535 42727
17622 19547 21915 24284 27985 31834 33462 35830 38643 43972
22610 26811 29611 33412 37613 44013 47214 48214 55815 59216
16600 18970 22131 28452 30981 34774 35090 39514 42675 47258
13297 16135 20523 22071 25426 27232 29426 31103 33555 38458
17720 21907 24805 26255 28992 33179 37688 40426 43807 47511
17908 21520 23090 27958 30314 33925 37066 39892 43033 46644
20938 23050 27659 32076 38029 40141 45134 46286 52047 55888
21104 25284 27871 34041 36430 41007 46381 49566 55735 56532
11025 15131 16535 18156 19993 23558 23990 26474 28203 32092
12754 16531 18774 18892 23023 25620 27980 28924 30931 33291
16648 17071 21020 25392 27367 30187 33713 35405 39495 41469
21610 23231 28632 31692 33132 37993 41594 44654 47355 50595
11564 14109 16229 18668 20259 21319 25454 25878 27999 30119
13048 16985 17600 21045 22521 25966 28919 30272 33225 36055
13706 16010 20235 22924 25485 27533 30606 32526 33295 38160
17794 21227 22163 26376 31213 33709 35582 39951 41043 44007
17879 21888 25562 28068 30574 35584 38758 42767 44437 47276
13297 15490 18329 22200 25555 27749 30071 33039 34200 37168
15616 18523 22349 25410 28318 32756 35969 38877 40713 45304
11536 12454 16025 17964 18678 22249 23474 26433 27351 30616
21610 23231 25391 29892 33313 36373 40334 46635 49875 50595
18010 18160 21311 24312 29113 32114 33014 36765 39615 43216
12147 16195 17742 20480 22384 25241 27979 30598 32621 35597
17443 20871 22957 26534 28024 31154 32793 38755 40692 43374
14488 16267 18172 21094 25413 25921 28843 32400 34051 35702
18652 23721 28790 32411 36032 38204 41825 47075 47618 53410
19210 19210 24971 26092 32013 32813 36814 40654 43535 48016
14170 15370 18611 20892 22933 24133 27614 30975 33135 34095
19445 20459 25700 28742 31954 35672 37701 41081 45307 48688
19213 21116 26134 28730 34094 35651 39631 44995 44995 51397
18431 21981 24685 28235 32630 36179 38377 43448 46152 47842
19526 20674 26252 27236 31829 34453 38226 40850 45279 49216
15172 17434 20094 21292 24484 27544 31668 32200 37122 39650
14453 17456 20889 24322 28613 29757 31617 37195 37767 40056
14806 16724 20835 23302 25906 29880 32894 33168 37279 39746
11221 13343 16071 18091 19203 22031 23648 24355 27083 28598
11140 13135 15761 17862 18912 22589 24269 27315 27525 29836
16809 22859 26892 29748 30925 34117 39662 40334 43695 49576
10924 12250 14597 17556 20311 21229 23270 25821 26943 29188
18104 22089 23583 27568 29893 35704 37364 41183 43507 49318
15207 17890 22510 26385 27130 32048 35178 38457 39947 43524
11449 14971 16731 17942 20803 23773 25754 26744 30815 31805
12370 13813 15564 18037 19067 21849 24116 24734 28031 30504
10825 13813 14946 18037 20201 21025 22674 25044 27001 28856
19260 23461 24686 30287 33438 35363 40614 44640 47615 52516
15047 19137 21765 24248 27461 31550 34762 36953 38705 42210
12190 15439 16251 20080 20892 25186 26462 28783 31683 34004
13698 14278 16483 20544 20892 25534 25766 28898 31799 33888
14482 17699 21050 22524 25875 27617 29762 34587 34855 39278
20802 23746 26139 32764 34236 38837 42518 47487 50983 53559
13570 14926 16735 20126 21596 23065 27134 27925 31316 33916
14362 17122 19469 22644 25543 29822 32306 33548 36999 40864
15819 19540 23261 27602 30703 33183 34424 40315 43415 44035
20394 27255 27843 31372 38037 41369 45878 47250 53915 56660
14640 18365 18631 23819 25283 28874 31269 32732 36457 37388
14050 17951 20682 22632 23542 26533 30304 32254 36415 38236
23374 27533 29315 32682 38227 40999 47138 47534 53277 59416
18574 20447 23567 26532 29028 34021 35270 38078 42603 46192
13809 18089 20849 23748 26095 30236 31340 33824 35895 39346
14725 17155 21612 22422 26338 29578 32414 32954 36060 39165
13796 15504 17579 20386 23071 26243 27830 31247 34053 34541
16800 19575 21327 26000 28191 30819 32864 35346 40457 42794
12230 14530 19251 21671 23003 24818 28086 29054 33895 35227
13344 15831 17639 18883 22500 23630 25213 28943 29621 31655
19785 24161 25911 30112 35013 37288 40789 42539 48665 49190
15490 15619 20523 21297 24135 27877 29684 33167 36006 37812
14799 17845 22196 24662 26112 31624 32929 37425 40470 42211
13814 14766 18218 20004 22027 26074 27503 30716 33335 35716
16312 19745 20603 25466 26467 30329 33333 35335 39769 41771
13240 16769 20046 20424 23071 26221 28868 30506 33405 36052
10910 12210 14811 16612 18813 20413 23614 25315 27315 29316
14320 17561 19721 23502 24717 29174 29849 33089 37815 39976
12553 14329 17661 17883 21103 23767 26099 27764 29319 33316
12440 14751 16842 19042 20253 23554 25424 27074 28725 30815
20422 24203 27794 32331 37813 40459 44240 46319 51234 53124
22739 25796 26751 30572 37067 41843 42798 46809 52922 55597
20050 22890 24059 27734 30908 34081 37255 43268 46441 46942
10414 12352 15924 17250 20005 21229 23372 26127 26535 29188
21772 25865 28841 32934 35539 37399 41492 46328 50607 55816
15599 16778 19268 21758 25165 28047 31323 31454 36040 38268
15168 20031 21604 24179 27898 28756 34334 35192 38768 42058
17437 20578 23561 26859 29215 34240 35810 37851 43661 45703
20530 20530 25490 30108 30792 37463 38660 42423 45672 48237
16294 17674 20297 24300 25266 28717 32720 35481 37413 40311
16473 20712 24625 27559 29842 33102 36363 42395 42721 45819
12850 16331 16811 21372 21612 25933 26654 30855 32175 35896
18380 22890 25729 28068 33413 36754 37589 40094 43602 47109
11670 12730 14851 18668 21213 22803 24500 27469 29271 30543
11443 12473 15667 18140 18862 22365 23704 26589 27104 28855
22263 23011 29183 31802 34794 40779 42837 48448 52188 52375
19050 21770 26021 29422 33163 35543 39454 40814 47105 49656
16620 18886 23719 25229 27797 30817 33838 36707 41842 43202
17005 21296 24101 28392 30042 35654 38954 41595 46050 46215
15234 19731 22776 24952 26402 31914 34379 36990 37860 42355
19834 21250 24968 29040 34882 36652 38954 42672 46566 52585
11322 12938 15464 18192 18192 22132 22537 25062 28093 29710
18336 20647 24189 26654 30043 33739 36512 37590 41595 45753
18418 20447 23255 26844 30589 32617 36830 38546 42603 45255
16309 21201 24298 28700 30494 34080 37178 39134 45166 45819
11762 14249 17527 18205 20805 24761 25439 28491 30751 31882
16549 19232 21318 25491 27279 30409 35476 38755 40692 42331
13186 16725 18067 21728 22826 26853 28928 30880 33565 35273
13366 17021 19163 20550 23323 25843 28616 31389 34791 36682
19107 22826 26544 28911 31953 36855 39729 42095 47166 50377
20050 22890 26230 27233 33246 35417 38090 43268 44437 47944
20611 23824 27038 32898 34032 37813 45374 45941 52557 56716
11944 12454 16128 17046 20005 21025 24188 25514 26841 30310
19764 21923 26406 28730 29892 35205 39024 41182 45333 46993
19480 22843 26738 31341 34351 37537 40016 46035 48336 50814
22240 23605 27311 33357 36868 41939 44669 46814 51690 58126
16273 17802 21696 23225 25032 29342 32818 34208 38796 39352
13120 14488 18252 20190 21673 22927 26120 28629 29883 33076
11019 12130 15565 17687 19102 22234 23345 24355 27992 30316
18982 24935 27539 31260 34981 39632 42422 47445 48747 52840
21784 25987 30571 34201 37449 41842 42415 49483 51776 56933
17043 23224 23892 28903 32912 34248 38257 41096 46274 49615
12110 13320 15961 18602 21023 22123 26414 27845 29605 31806
14290 15130 18972 19812 21972 26293 28694 30614 32775 33855
12101 15831 17300 18431 22613 24760 25778 28603 30525 32559
21187 22635 28610 29515 34403 37118 41463 44721 47799 53954
17558 19854 24775 27236 32485 34945 37406 41999 44951 45935
22620 23380 27561 31172 34593 38393 43524 46185 50935 55496
13114 14571 16363 18156 21741 24205 24654 28239 30591 32944
16635 22831 25440 26907 31146 34080 38482 42395 42721 46959
16882 20531 23876 27220 28741 31021 34974 37710 40751 43943
21810 27811 28011 35812 38813 42013 46614 50814 55015 57015
20730 24986 28871 30537 35348 38863 42564 47745 49040 54591
13462 15705 17593 20662 23377 24439 27980 30104 30931 34944
18654 20867 24501 28136 30349 34773 36512 37934 42833 45993
17500 21791 26247 27072 31693 33508 36314 40604 45885 47866
16598 17170 20031 24608 26325 30902 32904 34906 39626 40771
16285 20471 23106 26362 29153 31943 36284 40005 42950 44035
23293 24089 30857 31852 36230 40808 47177 48968 54939 58522
14698 18099 20955 22316 27213 28981 31566 34150 37143 38095
17785 23771 27820 30988 34861 35741 38910 43310 48943 51056
10810 13111 16012 17712 19713 20013 23314 25014 27115 29115
19276 22488 23840 27559 33137 35841 39898 40912 46152 48349
22582 25750 29909 35454 39019 41395 46544 50108 54069 56643
21900 25084 31255 32648 36031 41007 47177 50959 53944 58323
19458 23759 29371 33111 33672 39096 44894 48635 49944 52936
18777 25403 26507 30556 35157 37365 42702 44174 50799 55032
10614 13766 15656 17442 20278 21328 23744 27000 28050 30256
16167 20094 21906 26286 28552 32479 33838 36254 41993 42899
13698 15903 16251 20776 22749 24141 27738 30059 31915 32611
18454 21238 25415 27852 31855 38120 39512 44559 47169 51346
10721 13635 16548 18628 19669 22061 24350 26951 27783 29447
13945 17565 21184 23730 25339 27081 31638 33380 36865 40082
21818 25579 29339 33100 34040 40057 43066 47766 51339 53595
19288 23825 27416 31953 34411 40460 42539 47643 49155 53503
17830 20098 23177 27066 30955 34195 36302 41811 44403 46672
20890 23951 27731 31692 35113 38713 42494 43934 46815 51135
15114 17931 19083 21516 24973 26253 30222 32270 34703 37519
13529 15740 19641 23152 25753 28614 30564 31214 35375 38886
19645 21460 25256 27072 32023 34498 39119 41759 46215 47700
17638 19979 24036 25596 30121 33397 35426 37922 40731 46348
14351 19323 22732 23300 27135 29975 32674 36935 38071 40059
20307 25682 27871 35434 38619 42201 47376 48570 53944 58522
18881 20885 26231 28235 33079 36085 37923 40929 45606 47610
21604 25082 27644 32220 33684 37528 40640 45398 50706 53818
17677 19641 23568 27041 28703 32025 34895 36556 39275 42899
12085 13871 15551 18282 19332 22904 23639 25529 29310 30676
20716 21412 24893 28374 32203 37598 39338 42122 47169 49606
13540 15631 19200 21537 24244 27074 27074 30026 32733 34455
13690 16811 18371 20412 22332 25093 28094 29294 32775 35656
12440 14814 17526 19561 22613 24647 26908 27247 30412 31768
17023 20204 24816 26883 31654 33244 36425 39447 41673 45171
15190 17435 20604 23244 24301 26677 30110 32618 35787 37635
11726 13343 14353 17586 19708 22133 23345 25264 26780 29103
18106 20890 24719 28374 33943 37772 39338 43689 45951 49780
12085 13030 14711 18492 18912 23009 25214 25844 28575 29625
12981 15124 16671 19885 21790 25718 26313 30122 33097 35478
20530 24311 25211 29892 34033 37633 41954 45375 50055 50775
22435 24971 31017 31797 37063 39208 46814 49545 51105 55785
17755 20628 24516 28404 31109 34827 39053 41082 44124 50209
17530 18991 20451 24394 27169 31258 33448 35784 40895 40895
19920 22998 25713 30420 34222 36756 40558 45627 48161 50877
21402 26178 27133 31718 38022 39168 45090 49293 50630 56743
21630 23510 29716 30092 36861 39117 44194 45886 52091 55476
