1000 10 10
134 70 80 83 71 49 51 94 74 99 84 0 134
152 85 58 51 49 22 82 36 64 45 94 0 152
199 95 67 92 67 86 75 32 81 67 32 0 199
136 67 58 32 86 58 22 97 43 29 56 0 136
177 52 98 42 81 71 51 24 51 68 68 0 177
164 92 51 83 41 56 76 46 62 87 55 0 164
179 21 94 64 99 23 27 61 28 78 91 0 179
110 96 95 36 74 62 82 46 47 30 52 0 110
114 99 86 22 51 40 27 39 49 45 73 0 114
142 73 36 86 84 31 61 51 43 50 36 0 142
121 72 93 78 85 95 80 28 70 87 91 0 121
115 46 97 74 25 36 48 56 76 20 54 0 115
119 36 24 96 66 27 28 50 85 27 56 0 119
112 88 79 85 34 30 60 84 60 40 72 0 112
129 25 96 41 75 59 51 59 32 25 93 0 129
199 81 81 50 33 66 38 58 49 55 89 0 199
158 66 82 30 44 27 30 55 64 95 35 0 158
136 41 27 35 79 25 53 91 98 88 100 0 136
152 95 78 81 36 91 80 31 30 89 32 0 152
169 86 74 30 61 92 81 81 69 95 65 0 169
172 72 58 31 52 47 40 69 70 30 95 0 172
174 40 99 99 20 89 67 98 60 72 87 0 174
109 77 41 75 53 73 64 81 91 27 66 0 109
102 24 23 96 35 80 43 95 49 24 66 0 102
165 32 81 90 95 59 91 37 83 97 46 0 165
141 85 52 67 63 53 79 83 69 25 89 0 141
181 33 92 98 40 90 67 68 39 24 50 0 181
100 24 94 49 66 91 64 52 22 93 77 0 100
128 51 61 82 76 60 21 90 48 53 49 0 128
165 48 100 74 22 26 34 83 85 26 44 0 165
108 72 82 77 46 59 39 42 80 96 71 0 108
131 90 53 23 88 47 47 45 61 54 23 0 131
191 91 70 26 75 62 79 95 40 94 36 0 191
164 39 41 23 37 42 82 27 91 46 28 0 164
135 44 81 57 97 60 55 36 58 70 86 0 135
183 66 36 78 37 78 39 38 29 84 44 0 183
184 48 21 74 78 47 31 57 42 87 96 0 184
125 51 59 78 24 50 46 90 51 33 93 0 125
161 44 28 69 69 24 58 94 29 21 55 0 161
100 94 91 82 91 58 22 68 74 40 38 0 100
159 63 52 100 45 32 90 45 74 36 38 0 159
127 91 91 88 84 95 20 81 20 92 26 0 127
198 71 67 21 67 26 83 98 82 32 21 0 198
148 22 87 37 29 35 72 51 99 47 95 0 148
122 73 41 97 61 56 60 51 22 27 54 0 122
152 66 30 53 75 66 23 49 77 49 80 0 152
156 39 69 49 26 71 60 74 90 99 63 0 156
146 43 26 24 37 97 100 36 29 26 76 0 146
127 29 50 77 32 36 40 95 95 66 89 0 127
100 99 86 62 98 73 50 99 79 58 98 0 100
194 63 49 64 36 67 57 80 94 59 81 0 194
171 83 47 35 100 58 45 54 26 98 75 0 171
183 66 72 77 89 88 68 28 77 52 53 0 183
188 51 55 86 53 87 45 55 38 83 49 0 188
175 33 52 29 72 49 62 27 38 96 97 0 175
184 23 26 74 78 97 74 97 100 56 28 0 184
162 63 71 91 55 76 58 64 46 21 23 0 162
183 56 85 40 72 46 83 37 59 24 62 0 183
116 97 32 72 33 35 58 97 92 32 90 0 116
121 39 96 34 21 27 42 33 80 23 55 0 121
150 70 84 71 74 55 83 79 96 47 84 0 150
164 76 34 81 98 25 90 44 42 87 54 0 164
196 72 69 84 53 92 44 31 58 42 49 0 196
106 89 59 66 66 99 100 20 83 67 50 0 106
130 35 33 26 61 28 42 98 72 48 59 0 130
105 39 55 28 75 83 90 43 80 97 43 0 105
145 75 69 80 77 84 82 99 75 90 49 0 145
103 55 61 92 76 80 83 67 37 51 31 0 103
189 63 99 61 92 58 56 41 43 91 33 0 189
101 99 53 24 87 94 89 36 40 97 97 0 101
137 29 59 66 33 48 72 56 33 58 60 0 137
155 63 30 57 48 86 68 65 48 88 55 0 155
141 24 100 35 23 87 98 86 34 23 72 0 141
125 29 93 21 100 30 79 30 24 40 66 0 125
167 92 75 80 70 89 27 82 86 67 24 0 167
113 98 67 91 27 86 63 35 75 25 63 0 113
117 82 69 46 74 45 34 29 71 91 86 0 117
172 53 70 79 85 48 25 71 30 68 72 0 172
162 33 64 41 27 48 56 74 40 21 47 0 162
183 37 78 21 22 77 65 99 59 33 40 0 183
162 88 34 47 90 72 45 74 51 60 63 0 162
159 80 60 57 45 34 44 85 46 24 87 0 159
200 57 83 95 86 40 53 22 69 91 88 0 200
180 69 40 44 28 58 26 92 81 67 44 0 180
153 63 75 69 77 73 60 98 85 83 96 0 153
189 46 100 45 25 24 44 61 30 75 73 0 189
126 51 62 24 92 56 71 73 62 22 42 0 126
149 76 24 87 80 21 81 84 60 67 97 0 149
155 38 55 25 69 85 28 35 69 23 82 0 155
145 39 98 91 53 49 63 95 24 91 48 0 145
155 47 31 51 74 42 92 83 65 70 22 0 155
149 72 90 87 78 29 23 35 93 85 32 0 149
168 89 46 90 94 50 72 91 82 95 51 0 168
103 80 31 87 31 83 92 50 82 63 94 0 103
144 32 63 71 27 28 52 23 71 21 76 0 144
122 46 46 39 98 46 94 47 53 45 52 0 122
123 79 80 77 96 44 54 54 91 72 23 0 123
186 90 29 89 68 49 56 36 84 55 38 0 186
157 69 77 42 37 39 38 84 38 26 43 0 157
198 59 83 61 96 20 70 28 81 72 97 0 198
178 42 20 28 35 97 78 21 82 78 63 0 178
123 46 80 29 40 79 63 71 79 97 62 0 123
165 83 24 50 50 66 23 86 66 93 100 0 165
171 97 40 47 45 31 87 93 75 67 85 0 171
139 79 24 33 76 73 25 91 83 81 74 0 139
123 44 44 50 94 21 59 81 36 55 51 0 123
137 48 83 38 78 72 29 88 25 48 50 0 137
100 52 47 92 93 89 96 50 55 79 86 0 100
150 98 23 81 65 32 27 95 67 41 32 0 150
169 50 81 75 79 99 68 99 29 90 87 0 169
132 28 99 50 75 69 95 98 85 38 25 0 132
117 66 40 25 48 80 61 49 51 62 50 0 117
105 87 60 81 64 26 38 67 93 67 84 0 105
168 96 61 30 59 77 34 84 91 23 81 0 168
175 73 49 22 35 92 52 35 47 67 65 0 175
180 39 40 51 59 30 76 54 22 25 31 0 180
128 70 69 42 21 64 74 21 86 91 78 0 128
197 78 36 59 77 38 49 79 44 70 28 0 197
117 91 53 43 30 85 82 87 61 56 89 0 117
127 46 50 56 85 25 22 64 36 74 91 0 127
198 79 61 72 95 76 96 38 41 69 90 0 198
186 37 69 28 47 99 88 31 74 100 77 0 186
161 23 48 56 34 69 87 64 44 90 44 0 161
136 65 63 39 53 23 73 30 65 44 96 0 136
185 38 57 91 85 89 80 55 49 31 70 0 185
156 30 46 96 48 100 32 50 97 74 30 0 156
116 91 22 87 51 89 100 42 94 57 47 0 116
181 84 82 36 94 64 67 62 93 37 68 0 181
131 89 63 99 56 46 36 41 93 26 54 0 131
168 31 94 62 98 84 44 52 40 66 74 0 168
190 45 97 58 39 90 81 78 70 98 32 0 190
133 33 68 92 22 24 44 46 40 87 46 0 133
155 97 93 25 77 87 82 59 56 43 44 0 155
143 43 97 29 62 95 75 58 97 64 93 0 143
171 67 31 70 48 85 45 46 46 78 28 0 171
185 41 85 32 81 54 23 65 29 89 92 0 185
131 71 54 39 97 29 26 70 31 28 86 0 131
142 30 69 71 73 44 83 43 26 82 61 0 142
136 27 96 84 31 88 89 56 27 82 81 0 136
111 67 42 31 52 85 80 89 80 66 66 0 111
119 26 80 21 56 49 82 33 80 56 38 0 119
162 34 31 21 37 55 38 89 26 79 77 0 162
170 22 82 37 84 20 60 65 66 99 42 0 170
110 52 74 91 82 32 38 97 48 67 76 0 110
182 43 91 72 81 31 90 87 100 29 79 0 182
113 57 85 63 23 26 87 82 37 52 25 0 113
144 76 30 52 73 69 51 83 60 56 67 0 144
200 47 98 97 73 98 57 87 81 34 31 0 200
194 44 71 57 25 99 73 41 35 41 54 0 194
149 59 75 86 26 90 28 87 98 47 30 0 149
103 69 69 78 28 59 94 90 83 85 95 0 103
160 60 65 79 95 80 39 72 31 61 70 0 160
134 53 51 46 100 53 100 55 67 34 80 0 134
102 75 82 39 78 99 30 85 77 27 26 0 102
194 60 95 27 71 64 52 93 92 61 47 0 194
128 41 34 91 29 71 74 61 35 23 64 0 128
168 28 98 99 33 56 66 59 27 83 27 0 168
136 78 99 52 43 31 53 65 48 39 37 0 136
124 32 31 35 36 39 82 68 54 77 42 0 124
167 52 43 51 21 69 35 36 46 75 99 0 167
196 95 40 41 36 26 83 21 55 42 63 0 196
139 82 50 99 26 30 57 75 50 83 61 0 139
162 89 46 73 62 87 82 90 20 27 62 0 162
110 29 100 42 73 81 41 75 75 95 30 0 110
131 42 83 68 35 71 25 42 35 54 38 0 131
117 67 34 77 53 24 71 95 36 29 23 0 117
109 61 38 33 30 30 33 93 51 73 66 0 109
154 73 47 63 87 21 71 63 21 76 52 0 154
199 21 63 55 85 86 33 37 68 31 97 0 199
122 71 52 58 58 53 88 57 23 72 81 0 122
154 33 46 77 40 52 49 42 98 82 100 0 154
104 70 44 94 27 81 68 71 45 96 55 0 104
134 51 50 81 59 49 94 84 93 21 49 0 134
164 57 92 89 38 39 73 56 76 74 35 0 164
187 37 21 74 36 36 75 24 29 36 75 0 187
150 28 64 33 61 41 44 44 41 98 89 0 150
104 32 80 87 85 22 71 67 67 41 66 0 104
122 37 52 69 93 74 29 24 98 41 56 0 122
164 46 52 59 77 54 34 94 97 56 55 0 164
130 43 29 96 53 61 75 52 22 92 39 0 130
192 62 89 85 83 77 87 60 84 72 26 0 192
141 66 94 77 63 58 67 47 86 52 48 0 141
151 62 48 62 95 36 84 72 89 42 55 0 151
150 36 58 87 52 86 27 54 61 91 94 0 150
108 33 32 30 31 33 58 66 61 20 83 0 108
167 31 29 67 26 76 61 62 46 95 70 0 167
156 54 90 98 60 79 87 28 98 22 91 0 156
137 88 80 74 57 37 83 33 52 61 70 0 137
112 93 86 70 62 82 72 90 57 90 89 0 112
112 85 64 68 48 24 35 82 52 50 64 0 112
176 81 26 35 21 93 59 91 20 100 61 0 176
175 63 40 43 45 99 57 90 81 41 35 0 175
117 88 58 58 57 71 86 79 74 80 39 0 117
184 58 54 55 56 93 95 54 21 51 46 0 184
121 27 54 46 31 33 66 50 68 79 68 0 121
156 81 81 81 100 43 70 52 46 30 65 0 156
200 22 43 77 81 39 35 35 43 89 21 0 200
176 29 23 95 36 27 99 25 39 48 72 0 176
179 53 100 52 30 74 70 74 38 28 56 0 179
164 62 52 76 70 82 67 83 88 82 85 0 164
114 96 94 69 77 33 38 79 56 35 77 0 114
119 80 71 44 78 92 28 66 53 38 74 0 119
113 68 62 24 88 27 50 65 77 90 86 0 113
159 83 22 48 41 38 74 51 64 51 87 0 159
122 47 29 25 35 67 69 34 83 40 94 0 122
171 78 48 63 60 37 25 69 93 42 72 0 171
136 47 94 70 57 83 61 31 24 70 63 0 136
194 92 93 80 95 33 83 75 30 23 47 0 194
157 90 29 86 64 36 39 99 52 21 86 0 157
134 49 99 44 71 40 88 70 67 51 52 0 134
196 59 52 47 78 21 21 89 37 78 34 0 196
175 30 98 42 81 46 58 35 95 53 57 0 175
107 71 76 94 73 67 70 49 69 80 90 0 107
159 49 80 67 69 61 50 84 50 66 61 0 159
194 59 41 70 49 38 48 36 75 91 67 0 194
146 44 78 31 44 39 86 51 58 85 32 0 146
172 90 25 65 84 64 84 81 80 75 56 0 172
116 77 90 60 82 95 78 23 56 98 100 0 116
183 55 94 28 88 90 98 57 55 37 69 0 183
150 77 56 90 84 65 72 32 44 72 35 0 150
105 64 39 53 69 25 93 83 30 92 93 0 105
169 92 76 84 40 23 78 53 67 63 70 0 169
155 74 27 97 84 74 55 63 58 57 53 0 155
100 37 89 82 40 32 76 83 61 39 32 0 100
145 22 26 22 54 38 49 99 26 77 69 0 145
101 29 38 91 75 78 64 99 42 30 58 0 101
147 48 59 29 69 69 34 54 30 79 84 0 147
194 90 63 61 84 68 69 34 88 51 65 0 194
179 71 58 93 59 30 30 32 23 42 85 0 179
155 47 92 72 37 77 89 43 55 86 52 0 155
112 56 83 48 55 60 95 60 98 29 42 0 112
171 21 43 98 29 94 74 65 57 53 77 0 171
144 76 94 71 60 30 33 80 67 23 27 0 144
179 68 44 20 77 28 30 46 27 89 73 0 179
196 31 92 69 31 39 64 47 41 70 31 0 196
134 49 59 59 68 81 66 53 97 58 40 0 134
184 26 65 90 24 48 96 54 94 70 57 0 184
125 83 63 89 32 20 46 71 39 83 44 0 125
180 90 49 48 52 99 22 79 87 25 31 0 180
134 97 31 57 71 34 72 26 76 25 63 0 134
150 34 27 39 52 80 42 27 86 45 97 0 150
102 71 74 30 67 97 50 84 34 99 94 0 102
198 83 27 60 99 88 64 42 31 83 90 0 198
196 62 37 92 66 63 69 32 37 73 45 0 196
132 82 59 74 30 98 26 71 26 22 65 0 132
172 28 62 34 22 85 86 28 68 94 32 0 172
168 84 97 61 44 100 44 84 68 63 49 0 168
126 92 38 95 89 65 94 87 73 92 58 0 126
126 34 67 64 98 22 84 97 84 69 26 0 126
116 66 81 96 72 84 22 60 72 54 74 0 116
111 71 39 29 76 59 43 22 32 53 89 0 111
155 88 25 46 94 44 33 82 57 82 64 0 155
181 52 86 94 100 49 50 33 77 76 92 0 181
102 24 52 51 75 48 57 67 72 59 41 0 102
106 82 27 79 25 26 64 34 45 38 59 0 106
135 20 82 39 64 22 91 82 46 91 74 0 135
143 47 89 93 23 64 47 31 79 90 79 0 143
171 23 94 31 22 99 42 81 66 78 46 0 171
165 20 22 56 25 43 47 34 99 69 92 0 165
171 41 29 65 92 91 25 87 29 57 48 0 171
171 70 51 51 56 88 92 66 74 36 54 0 171
177 26 36 73 81 55 73 75 28 35 61 0 177
198 45 66 58 95 90 53 98 50 92 59 0 198
185 21 73 83 68 68 52 36 31 49 43 0 185
119 43 51 92 44 26 48 24 45 24 25 0 119
126 71 92 67 61 41 60 24 50 72 43 0 126
131 46 95 25 45 24 38 61 85 91 42 0 131
128 53 80 90 44 99 56 45 87 54 44 0 128
115 34 52 71 58 75 70 93 59 27 37 0 115
197 89 30 88 81 44 96 84 61 23 26 0 197
168 60 46 64 72 50 52 36 74 40 43 0 168
152 65 77 29 30 69 96 49 39 69 34 0 152
177 40 86 86 52 84 36 46 68 48 52 0 177
163 89 70 81 51 71 27 41 47 77 41 0 163
132 20 57 77 46 98 31 73 49 38 47 0 132
100 36 30 91 85 48 96 26 96 34 34 0 100
128 65 35 38 55 100 36 42 97 48 48 0 128
111 33 48 91 58 32 76 57 86 51 66 0 111
158 92 50 75 66 44 61 80 62 83 23 0 158
146 92 51 68 81 77 57 61 25 29 98 0 146
182 34 43 82 98 57 70 63 84 62 54 0 182
121 39 28 85 62 63 49 30 63 91 44 0 121
119 55 100 39 87 54 91 53 25 41 94 0 119
179 77 95 59 48 53 91 29 28 96 81 0 179
108 26 66 89 58 57 51 31 42 77 80 0 108
138 99 96 77 90 26 36 97 87 28 48 0 138
150 22 43 43 89 36 55 47 40 30 44 0 150
131 85 86 34 30 21 57 96 46 89 74 0 131
104 28 79 51 63 25 79 50 46 21 99 0 104
168 61 70 94 85 98 33 47 51 76 82 0 168
136 55 99 56 39 91 68 84 60 66 80 0 136
194 38 36 70 79 63 93 25 40 91 100 0 194
137 70 52 89 28 22 93 65 23 91 74 0 137
129 56 41 88 52 38 93 24 56 25 86 0 129
194 50 72 99 92 59 90 24 63 91 67 0 194
165 26 41 81 33 63 75 99 69 74 29 0 165
121 75 57 39 86 20 60 91 50 84 90 0 121
136 58 55 52 71 32 47 41 47 53 68 0 136
162 33 50 35 46 20 38 79 58 74 50 0 162
185 50 78 98 47 51 55 54 70 41 29 0 185
161 84 48 72 100 98 45 70 61 73 38 0 161
147 95 72 38 95 22 24 92 50 25 81 0 147
133 58 99 88 47 31 58 99 21 71 58 0 133
184 69 77 59 51 59 38 49 32 47 86 0 184
124 93 90 63 30 76 49 81 21 86 39 0 124
114 77 89 30 37 21 93 72 68 99 39 0 114
141 50 81 71 27 49 77 36 28 24 100 0 141
190 57 62 24 48 83 50 31 27 22 21 0 190
130 31 81 57 37 93 95 25 94 94 41 0 130
198 67 84 40 81 65 76 28 55 72 90 0 198
198 50 46 69 56 66 84 73 36 33 25 0 198
169 100 75 59 33 54 83 37 48 72 24 0 169
132 22 69 20 72 24 25 79 79 52 49 0 132
116 93 21 96 45 62 51 30 81 94 80 0 116
156 65 44 61 29 77 31 83 36 49 64 0 156
101 82 32 47 94 29 43 90 26 77 88 0 101
180 92 66 34 32 44 57 31 55 29 96 0 180
143 77 23 27 82 43 67 31 90 60 26 0 143
131 60 28 22 93 68 70 100 32 65 65 0 131
114 100 30 43 84 66 46 28 59 84 85 0 114
122 72 61 34 93 28 66 100 74 92 91 0 122
189 97 82 88 42 53 75 32 86 91 27 0 189
119 64 62 71 29 41 39 94 89 63 72 0 119
128 59 52 79 99 52 100 26 30 55 85 0 128
114 30 52 20 34 50 49 53 98 27 26 0 114
196 21 56 53 98 77 40 89 95 28 52 0 196
186 30 60 43 46 29 67 80 73 93 67 0 186
162 74 89 81 28 100 76 76 37 44 46 0 162
123 46 64 22 37 94 95 36 47 29 35 0 123
125 30 88 70 82 61 26 22 63 41 32 0 125
105 50 82 38 40 80 43 96 86 83 49 0 105
135 65 34 34 59 25 53 43 23 26 48 0 135
151 95 96 39 50 85 99 79 57 59 46 0 151
115 47 78 87 36 49 70 49 38 34 88 0 115
188 21 58 72 83 91 80 100 57 28 75 0 188
113 54 29 79 47 54 85 45 76 25 27 0 113
160 68 95 81 24 44 35 45 54 79 86 0 160
145 80 56 56 56 73 70 98 94 64 86 0 145
128 68 49 60 89 29 31 76 76 22 24 0 128
169 45 31 51 47 54 52 26 32 83 93 0 169
192 63 45 65 93 67 37 28 55 61 27 0 192
170 63 27 34 27 93 57 63 96 38 72 0 170
167 59 78 25 37 51 77 49 58 88 29 0 167
180 30 32 73 55 95 74 44 94 75 63 0 180
133 51 95 61 35 75 90 71 44 28 98 0 133
152 23 36 68 35 59 47 79 60 43 62 0 152
120 96 91 83 81 56 88 79 66 60 95 0 120
108 69 47 22 95 90 99 81 67 50 78 0 108
101 89 43 63 22 63 64 77 38 79 26 0 101
123 55 77 60 52 59 48 67 64 21 64 0 123
174 22 80 40 59 82 85 32 55 31 31 0 174
138 29 69 23 33 28 58 80 66 54 77 0 138
127 89 78 88 57 91 59 76 78 30 70 0 127
125 54 73 23 91 46 33 21 23 61 48 0 125
134 90 45 53 96 50 98 71 63 30 47 0 134
194 86 31 89 74 98 74 48 28 28 21 0 194
144 55 27 37 70 38 83 73 31 55 48 0 144
177 41 40 32 30 98 75 98 61 48 20 0 177
176 67 72 87 74 64 33 29 47 67 85 0 176
102 26 62 32 34 50 58 86 57 86 43 0 102
191 51 69 95 69 26 35 74 77 41 32 0 191
174 29 44 20 46 85 54 79 44 72 91 0 174
135 65 22 80 36 49 50 41 66 85 31 0 135
199 33 69 54 75 69 62 53 82 49 31 0 199
154 28 83 33 50 70 38 81 51 52 97 0 154
127 69 53 86 85 30 62 42 53 50 52 0 127
180 72 58 43 35 41 49 30 66 69 96 0 180
121 90 34 40 53 83 48 65 82 57 38 0 121
197 67 56 71 66 80 42 32 54 94 24 0 197
191 39 57 25 96 79 30 94 54 56 42 0 191
123 70 93 33 48 70 91 62 37 38 44 0 123
177 45 35 99 92 70 84 34 73 59 48 0 177
178 63 42 90 42 93 35 97 41 79 49 0 178
173 31 42 76 35 42 81 30 57 57 93 0 173
196 49 53 28 93 75 94 32 41 42 84 0 196
198 99 99 50 44 74 59 21 37 68 65 0 198
126 48 42 58 93 43 77 83 96 44 89 0 126
170 60 38 62 44 90 54 32 97 34 61 0 170
114 21 73 52 22 69 43 50 78 62 29 0 114
161 38 27 44 82 61 68 26 42 93 83 0 161
142 54 62 83 23 75 79 95 98 74 82 0 142
155 21 70 61 66 36 51 35 39 59 48 0 155
195 73 92 50 58 65 58 79 21 80 31 0 195
139 93 91 27 78 85 63 33 84 62 87 0 139
136 57 61 52 87 31 82 94 44 40 90 0 136
113 64 97 98 91 52 27 52 98 98 75 0 113
148 98 89 53 40 74 96 83 95 21 33 0 148
111 34 34 28 46 82 33 40 53 85 49 0 111
168 36 46 71 80 99 63 74 42 55 23 0 168
102 79 33 69 93 64 41 86 95 95 91 0 102
110 40 37 67 58 40 59 27 100 21 59 0 110
169 65 90 51 50 100 57 29 65 38 100 0 169
182 65 88 94 52 54 57 79 80 32 37 0 182
185 52 40 94 21 78 36 82 33 56 23 0 185
135 64 22 33 47 26 67 59 92 69 91 0 135
100 74 81 41 72 75 20 57 72 37 40 0 100
169 69 49 48 46 21 62 95 75 100 99 0 169
167 99 40 64 75 30 53 21 56 54 22 0 167
135 53 58 57 87 76 63 39 68 55 57 0 135
103 24 37 82 37 46 59 34 60 50 92 0 103
188 52 44 68 60 60 45 52 66 38 45 0 188
146 23 56 69 97 75 57 54 85 38 56 0 146
114 20 51 55 68 20 51 98 38 40 74 0 114
113 60 68 82 42 90 35 62 23 33 78 0 113
146 39 48 23 85 62 74 76 59 50 74 0 146
197 70 29 85 43 46 39 53 45 100 59 0 197
108 71 43 22 34 91 59 33 85 67 35 0 108
190 99 100 31 30 32 33 29 37 39 48 0 190
194 64 38 44 70 77 57 57 81 48 90 0 194
146 41 41 76 74 92 52 100 97 61 56 0 146
183 99 52 99 59 65 80 36 86 40 95 0 183
127 34 57 35 64 60 77 36 71 52 87 0 127
137 82 94 91 93 86 85 53 98 24 62 0 137
176 78 38 80 71 65 63 28 88 77 92 0 176
154 48 55 39 30 51 47 67 86 39 71 0 154
169 30 91 79 57 71 26 65 72 24 27 0 169
173 52 39 26 91 84 30 43 66 46 66 0 173
101 62 29 54 71 98 71 44 90 36 49 0 101
138 56 58 98 98 46 100 38 54 43 82 0 138
107 26 64 50 78 41 50 84 81 31 39 0 107
183 94 44 45 46 96 77 70 94 39 74 0 183
155 45 23 76 79 80 84 72 31 85 23 0 155
184 47 58 34 84 37 81 47 82 50 46 0 184
105 87 80 74 92 88 48 84 64 22 49 0 105
121 85 37 91 79 74 33 38 86 93 23 0 121
193 36 75 84 21 58 88 28 89 58 34 0 193
113 95 83 88 34 35 36 85 74 94 36 0 113
182 43 56 30 59 78 80 24 52 62 27 0 182
198 86 37 32 69 100 27 58 41 73 61 0 198
118 47 42 85 90 55 55 32 60 75 28 0 118
130 67 58 88 82 64 50 97 39 36 73 0 130
164 37 87 42 46 95 43 57 70 97 39 0 164
125 31 79 45 74 71 33 20 44 92 39 0 125
144 60 81 53 25 98 99 32 75 89 48 0 144
149 98 90 56 84 73 81 40 51 63 73 0 149
168 68 67 21 96 91 60 32 21 21 57 0 168
132 69 49 55 42 99 36 40 80 63 31 0 132
144 29 45 48 81 56 28 89 27 37 75 0 144
158 73 27 23 85 62 54 21 93 87 29 0 158
104 41 32 100 34 52 53 69 58 98 56 0 104
134 88 38 99 64 71 31 85 45 43 92 0 134
101 33 66 46 47 59 64 70 85 28 49 0 101
116 71 49 66 32 78 74 69 25 75 34 0 116
125 38 93 77 50 31 82 77 23 92 39 0 125
133 44 34 61 62 88 44 44 84 80 62 0 133
142 67 61 67 43 91 35 84 78 67 95 0 142
182 72 95 45 63 95 68 87 41 64 34 0 182
137 25 84 69 92 61 22 91 69 44 97 0 137
158 26 53 78 52 47 36 69 25 89 39 0 158
175 67 64 49 65 91 100 73 65 37 45 0 175
192 22 79 49 64 94 28 54 31 47 94 0 192
106 96 77 35 98 84 36 52 64 57 80 0 106
155 35 31 64 95 93 62 67 74 97 25 0 155
146 64 89 61 84 61 63 84 60 91 65 0 146
135 95 68 52 46 100 74 75 59 44 82 0 135
119 29 39 82 85 61 72 89 89 22 59 0 119
162 34 92 98 86 81 22 25 69 58 64 0 162
193 65 54 45 99 91 48 39 95 98 36 0 193
172 83 57 91 86 38 90 62 90 58 42 0 172
175 74 64 44 86 91 71 55 44 50 38 0 175
120 92 71 21 82 76 92 48 56 39 66 0 120
119 61 59 86 88 63 67 89 53 95 27 0 119
190 30 60 30 97 72 27 80 30 61 29 0 190
158 31 23 99 69 70 90 45 62 92 66 0 158
176 30 35 30 21 47 92 93 32 82 96 0 176
177 87 23 94 63 99 99 72 46 74 76 0 177
199 38 62 31 47 43 91 60 28 37 31 0 199
112 55 21 66 23 59 70 49 73 73 88 0 112
173 41 92 79 41 46 35 28 44 97 38 0 173
121 44 68 51 25 58 21 72 36 47 26 0 121
193 48 82 77 63 85 88 57 22 88 98 0 193
101 81 23 27 67 40 97 94 94 98 79 0 101
131 30 85 53 30 70 56 82 44 32 34 0 131
130 84 61 84 46 85 61 22 74 22 73 0 130
164 85 57 31 30 27 40 58 20 100 31 0 164
125 39 33 24 65 97 30 98 81 47 64 0 125
102 35 35 100 64 56 23 38 63 37 54 0 102
139 49 22 42 89 30 63 89 93 83 46 0 139
173 60 58 24 27 81 48 78 51 75 47 0 173
162 21 86 77 67 97 34 55 89 26 82 0 162
187 29 94 33 64 70 28 95 24 22 57 0 187
133 89 38 48 92 70 68 22 75 32 33 0 133
149 59 80 88 77 52 68 56 40 86 97 0 149
184 56 98 44 31 81 97 75 61 99 39 0 184
187 34 34 35 26 46 53 63 36 87 70 0 187
166 70 47 59 85 75 39 34 83 63 50 0 166
181 91 27 84 46 82 29 64 56 77 91 0 181
185 89 95 46 61 98 63 35 23 69 32 0 185
132 92 88 49 92 96 24 78 72 30 30 0 132
178 100 49 38 30 37 80 98 76 34 74 0 178
176 33 61 58 85 47 83 41 70 34 42 0 176
163 44 45 59 21 72 22 36 82 41 80 0 163
153 45 95 98 32 100 26 36 83 67 41 0 153
164 68 89 78 93 83 80 64 36 63 41 0 164
115 83 87 68 38 85 62 62 29 43 25 0 115
118 76 38 58 88 27 62 62 28 36 53 0 118
164 85 25 90 51 46 29 86 73 99 91 0 164
198 51 32 22 99 42 30 99 72 54 77 0 198
122 68 23 33 82 31 52 81 74 50 39 0 122
140 98 70 58 88 87 60 68 33 55 63 0 140
186 94 52 64 52 81 69 46 95 75 80 0 186
135 50 92 80 57 27 27 95 26 28 78 0 135
147 73 40 58 54 78 89 25 44 36 92 0 147
198 56 93 42 72 95 44 56 61 57 85 0 198
123 38 31 71 64 27 36 89 57 44 23 0 123
158 29 37 40 72 77 30 50 50 23 82 0 158
117 77 98 29 74 54 91 55 22 25 49 0 117
185 33 84 91 39 83 50 58 25 98 62 0 185
193 97 86 70 100 36 85 30 94 39 62 0 193
135 29 96 56 97 55 98 43 25 22 100 0 135
178 42 73 29 100 25 47 63 45 76 87 0 178
182 95 68 53 25 64 60 38 33 77 85 0 182
156 66 44 77 74 32 87 52 23 63 66 0 156
194 65 70 36 63 43 63 30 91 76 83 0 194
153 91 83 72 54 97 90 30 28 68 31 0 153
138 92 44 31 74 72 87 34 97 59 45 0 138
120 41 63 58 84 85 95 70 79 28 83 0 120
146 43 75 74 31 39 69 50 25 87 74 0 146
151 95 83 86 28 23 87 27 25 36 72 0 151
189 55 78 45 80 43 39 83 42 33 45 0 189
111 65 98 83 41 46 61 24 48 77 60 0 111
124 37 35 29 83 77 54 71 20 99 95 0 124
130 52 80 68 51 60 48 86 89 42 65 0 130
166 99 64 57 47 44 57 93 62 31 58 0 166
115 46 26 29 93 48 25 41 29 45 74 0 115
110 47 49 45 81 93 44 56 30 31 85 0 110
106 54 77 39 27 53 60 55 95 62 77 0 106
163 74 64 35 65 86 68 23 39 69 43 0 163
171 25 56 22 76 41 97 90 43 41 39 0 171
109 80 66 49 58 38 89 42 84 53 41 0 109
181 21 51 31 91 83 20 64 26 42 64 0 181
124 26 43 68 46 98 57 31 68 57 53 0 124
146 55 81 46 33 23 77 70 90 70 41 0 146
198 100 89 61 58 68 67 82 90 78 31 0 198
149 25 58 38 70 98 74 86 56 67 38 0 149
169 69 79 22 25 95 42 31 99 70 70 0 169
160 23 38 67 35 51 46 55 74 79 88 0 160
176 100 21 46 69 83 87 69 70 35 42 0 176
143 44 65 57 56 72 40 25 36 40 38 0 143
120 55 78 20 74 36 20 35 40 58 98 0 120
117 41 21 40 63 79 81 29 61 27 69 0 117
118 63 74 27 70 42 63 89 30 53 42 0 118
137 59 68 91 33 73 24 98 48 70 76 0 137
152 91 42 67 27 38 93 95 69 89 68 0 152
135 80 73 33 46 93 43 39 54 78 53 0 135
156 61 87 73 59 25 27 58 70 28 49 0 156
126 89 85 30 90 41 78 63 55 80 83 0 126
185 48 49 29 65 22 100 93 45 91 90 0 185
130 25 41 72 60 31 79 59 81 28 63 0 130
115 48 42 31 84 61 36 88 80 80 95 0 115
130 99 94 97 82 87 35 72 77 42 69 0 130
108 100 28 44 38 33 43 27 62 75 50 0 108
121 80 56 52 71 65 20 45 90 26 66 0 121
198 88 31 56 89 59 61 35 46 89 80 0 198
200 55 84 42 22 63 93 29 74 38 90 0 200
111 73 65 84 77 100 94 56 51 73 46 0 111
141 45 38 49 93 53 24 31 62 27 63 0 141
163 25 61 91 24 90 85 24 100 63 27 0 163
124 68 46 21 45 64 99 98 42 87 32 0 124
142 47 97 67 66 66 59 37 24 37 20 0 142
131 34 49 36 96 70 47 79 66 61 28 0 131
186 54 71 34 43 60 74 75 63 88 24 0 186
107 93 51 88 75 100 58 78 29 77 45 0 107
150 85 79 64 73 27 54 44 47 27 27 0 150
168 36 92 33 29 73 96 83 40 42 86 0 168
170 62 63 57 69 96 71 61 55 51 44 0 170
173 42 20 48 65 33 56 80 48 76 69 0 173
127 87 49 75 21 58 30 67 84 38 25 0 127
129 27 72 46 100 55 96 62 56 25 54 0 129
160 41 75 41 86 24 59 95 51 48 63 0 160
187 47 66 54 26 35 41 66 51 64 47 0 187
174 36 22 34 73 93 78 38 26 65 70 0 174
197 25 27 52 77 56 48 57 77 30 71 0 197
161 90 99 68 55 74 76 36 88 76 46 0 161
161 43 71 39 87 40 75 82 73 89 79 0 161
133 47 41 53 27 95 74 21 58 57 49 0 133
167 59 83 77 21 68 34 57 61 71 42 0 167
105 75 39 28 24 65 52 97 84 22 68 0 105
111 40 30 85 75 39 100 69 51 21 78 0 111
109 55 67 32 35 51 86 49 40 35 56 0 109
177 70 53 87 78 99 48 42 90 22 54 0 177
120 28 44 66 70 68 25 94 95 51 97 0 120
194 67 36 52 75 29 35 79 86 46 80 0 194
122 44 85 33 48 52 54 97 27 35 35 0 122
151 51 88 69 24 55 54 54 100 46 61 0 151
150 36 33 43 59 68 25 36 67 60 90 0 150
161 24 94 29 95 54 73 46 67 51 54 0 161
109 24 91 70 21 79 80 56 87 100 70 0 109
161 54 34 62 45 31 28 73 76 71 25 0 161
154 47 44 24 73 73 29 59 57 47 69 0 154
178 57 60 91 45 59 48 34 100 86 61 0 178
166 42 90 30 90 20 89 63 72 61 83 0 166
145 55 20 51 80 96 30 58 89 22 65 0 145
127 82 52 83 21 68 75 32 81 54 90 0 127
175 62 26 55 79 80 69 99 28 69 94 0 175
131 41 82 55 64 26 25 71 86 85 84 0 131
157 74 31 63 40 84 28 63 32 54 86 0 157
105 80 26 97 87 67 72 85 55 85 65 0 105
168 24 75 97 56 64 60 87 47 74 37 0 168
134 47 60 63 26 55 43 35 80 65 59 0 134
163 49 60 42 46 97 26 64 66 78 67 0 163
184 86 61 65 87 86 61 67 55 66 62 0 184
173 54 27 92 45 41 71 43 31 75 23 0 173
183 64 48 53 88 88 49 97 88 32 29 0 183
133 70 64 60 75 76 50 82 56 77 25 0 133
126 29 55 59 52 70 72 48 31 79 36 0 126
200 98 33 29 84 33 22 71 39 45 92 0 200
141 45 43 67 87 77 46 39 34 84 97 0 141
122 75 40 95 85 96 37 35 23 30 96 0 122
174 41 69 42 83 88 46 70 40 83 36 0 174
105 100 77 68 91 59 39 97 52 30 35 0 105
181 53 26 21 43 35 28 34 27 91 44 0 181
163 36 38 24 49 37 38 94 96 62 47 0 163
149 80 26 85 47 27 41 65 36 73 95 0 149
113 32 35 65 63 95 28 96 42 90 56 0 113
123 46 24 24 24 75 72 44 30 41 91 0 123
135 75 85 80 91 37 60 87 96 30 39 0 135
114 21 97 73 26 82 70 57 41 22 67 0 114
186 53 38 56 29 28 40 85 98 60 92 0 186
114 86 69 54 83 27 28 54 39 49 51 0 114
193 47 61 36 21 76 86 37 47 51 20 0 193
149 23 70 92 27 55 41 43 45 41 23 0 149
161 82 98 74 58 97 90 76 28 41 66 0 161
109 51 31 43 25 59 52 57 96 32 32 0 109
157 92 88 39 50 82 58 39 96 74 75 0 157
123 69 37 42 95 23 52 45 92 53 31 0 123
129 88 46 59 44 81 91 22 60 76 69 0 129
198 97 93 72 69 96 88 21 63 62 69 0 198
146 69 51 73 90 34 56 88 23 40 24 0 146
188 34 86 43 33 65 74 92 37 27 34 0 188
170 49 96 26 24 56 98 28 60 61 72 0 170
181 82 77 24 92 78 86 73 64 34 46 0 181
109 81 40 45 51 82 96 52 30 54 40 0 109
162 53 37 65 61 52 39 79 78 57 69 0 162
129 82 54 51 43 75 40 54 96 49 86 0 129
168 75 90 93 33 31 36 39 66 38 72 0 168
159 25 38 97 45 71 73 74 52 68 22 0 159
106 31 73 29 23 45 99 64 84 28 40 0 106
134 62 68 89 97 26 95 89 98 28 85 0 134
116 71 98 89 20 63 84 83 80 78 38 0 116
185 96 42 61 67 97 22 26 70 94 47 0 185
190 37 73 63 96 91 46 40 95 73 99 0 190
180 50 98 53 52 55 90 46 89 82 58 0 180
137 31 60 21 47 24 20 55 64 24 99 0 137
120 45 30 48 87 38 88 48 76 98 47 0 120
103 52 93 62 44 89 29 31 75 62 60 0 103
154 27 43 51 68 21 41 74 62 75 28 0 154
134 89 25 45 87 84 35 58 51 32 76 0 134
122 22 63 81 26 83 84 33 35 57 69 0 122
175 64 87 74 70 51 82 92 44 74 77 0 175
140 60 59 25 64 86 94 56 24 33 37 0 140
164 40 85 49 68 28 79 66 43 81 84 0 164
138 95 46 58 44 73 96 98 54 35 76 0 138
112 75 24 95 75 43 38 46 34 96 28 0 112
162 71 87 92 45 74 65 54 29 37 96 0 162
157 28 35 90 99 81 49 72 30 23 67 0 157
104 67 75 49 52 52 93 94 22 97 54 0 104
136 67 92 90 20 84 73 54 68 76 87 0 136
113 50 57 29 82 26 56 64 75 25 21 0 113
182 68 31 36 66 88 43 56 90 96 96 0 182
182 29 47 75 98 40 77 33 47 27 25 0 182
141 33 52 23 70 80 31 92 85 42 48 0 141
191 89 71 36 30 61 82 65 51 61 97 0 191
166 49 77 70 44 81 86 94 67 95 43 0 166
199 46 59 32 62 64 91 55 61 30 53 0 199
179 94 42 87 64 23 42 88 53 68 53 0 179
136 54 82 39 82 56 40 94 53 22 97 0 136
193 30 76 92 84 82 60 82 41 85 54 0 193
160 84 96 64 87 63 56 27 87 31 89 0 160
107 78 70 76 92 71 23 78 64 84 92 0 107
128 64 25 93 27 49 35 48 97 40 33 0 128
129 32 61 70 59 95 95 56 59 47 87 0 129
113 56 22 25 100 71 92 100 95 51 38 0 113
116 54 93 84 81 97 87 39 41 68 53 0 116
145 70 95 45 27 65 33 44 20 51 46 0 145
112 24 93 63 28 83 68 67 44 84 29 0 112
135 88 68 27 33 88 63 26 30 72 78 0 135
154 41 58 94 35 61 80 63 89 72 93 0 154
193 62 43 67 89 39 89 21 78 43 33 0 193
162 88 75 49 98 51 85 27 33 48 24 0 162
143 54 61 68 32 47 54 58 67 30 99 0 143
104 37 41 30 59 35 48 52 92 31 81 0 104
185 56 83 29 92 85 31 28 58 24 33 0 185
123 72 90 50 45 34 41 66 26 94 55 0 123
191 61 67 25 79 75 95 59 90 46 48 0 191
120 21 94 54 89 51 50 81 87 40 46 0 120
199 98 57 100 56 36 27 94 67 35 49 0 199
119 22 20 33 35 56 47 21 59 57 33 0 119
176 73 98 93 36 33 87 87 67 92 97 0 176
197 79 91 69 44 33 67 44 72 49 67 0 197
191 94 80 46 84 43 32 69 87 65 80 0 191
111 94 70 89 96 53 56 91 87 53 62 0 111
200 61 96 48 59 58 28 96 32 75 31 0 200
200 74 70 83 62 55 37 66 21 24 80 0 200
121 25 54 88 71 27 37 64 32 52 34 0 121
165 43 37 57 53 31 99 84 66 88 80 0 165
179 60 83 43 96 86 70 90 31 64 25 0 179
151 97 87 62 51 36 65 57 45 51 57 0 151
108 92 78 66 43 26 43 76 64 81 94 0 108
131 74 40 43 77 98 72 52 50 38 63 0 131
104 92 84 31 54 37 85 54 82 68 79 0 104
115 53 54 24 28 39 22 58 89 56 83 0 115
103 50 27 73 60 75 77 43 22 96 76 0 103
132 59 24 21 45 30 59 45 25 48 44 0 132
115 58 65 89 64 88 56 26 60 81 42 0 115
165 40 54 93 77 40 93 48 60 82 57 0 165
172 30 58 98 82 25 73 40 58 47 64 0 172
112 37 95 27 82 96 88 55 54 77 37 0 112
146 68 21 51 73 75 29 60 43 67 43 0 146
196 91 63 25 53 59 23 72 49 74 71 0 196
182 36 99 71 67 94 42 21 53 31 23 0 182
121 86 36 84 69 90 20 42 45 49 38 0 121
186 86 64 55 43 28 41 79 35 77 44 0 186
190 43 66 44 83 77 82 55 35 93 44 0 190
173 73 44 26 98 48 87 51 55 98 87 0 173
100 38 79 55 77 77 36 87 99 95 41 0 100
176 66 70 34 61 93 88 21 59 69 79 0 176
186 27 50 78 90 44 34 97 84 55 36 0 186
121 46 73 63 72 73 62 87 55 54 55 0 121
106 94 21 74 43 85 74 77 99 34 65 0 106
160 34 96 53 77 45 41 88 89 58 41 0 160
110 33 74 39 65 52 69 51 42 39 49 0 110
146 63 50 24 39 56 76 51 64 55 42 0 146
151 46 56 99 39 20 47 57 68 34 53 0 151
108 67 81 29 99 61 76 65 64 77 44 0 108
126 87 34 82 88 81 30 100 67 40 65 0 126
182 51 35 37 55 37 64 88 40 35 75 0 182
193 68 24 27 35 78 77 98 75 23 75 0 193
179 65 41 52 33 45 93 100 74 54 99 0 179
156 49 29 75 85 72 46 55 49 76 52 0 156
190 65 92 29 47 53 62 71 95 65 32 0 190
123 49 67 55 77 75 90 77 85 62 40 0 123
163 71 36 54 86 88 85 89 80 86 96 0 163
132 34 74 98 100 27 37 46 22 56 64 0 132
118 72 50 42 39 21 96 70 36 32 65 0 118
141 63 65 36 35 43 55 77 87 26 56 0 141
175 31 59 47 31 68 54 65 59 48 30 0 175
116 33 82 93 35 36 71 96 64 48 65 0 116
186 60 56 50 72 28 36 67 31 34 35 0 186
161 87 45 45 62 54 42 21 88 34 36 0 161
173 94 34 98 55 51 74 21 63 94 38 0 173
127 39 37 40 40 31 58 20 47 62 81 0 127
179 59 67 61 51 56 28 50 74 33 90 0 179
197 59 55 26 68 88 58 46 78 32 41 0 197
156 98 23 63 81 77 90 54 80 83 66 0 156
190 77 33 79 62 55 95 44 51 66 78 0 190
168 64 25 80 35 47 45 45 88 54 38 0 168
174 71 22 65 69 66 31 65 30 58 44 0 174
123 62 72 21 28 92 67 65 94 21 81 0 123
200 87 26 39 61 94 56 85 67 97 60 0 200
163 26 59 26 35 38 86 55 82 72 97 0 163
199 100 70 60 79 70 58 32 78 29 29 0 199
199 66 81 56 60 61 40 100 42 72 89 0 199
130 40 82 54 49 90 29 45 94 40 80 0 130
173 88 90 23 33 49 85 69 65 66 38 0 173
123 93 70 83 45 94 37 75 59 35 88 0 123
112 39 53 80 39 81 83 75 60 49 94 0 112
120 42 46 28 67 93 64 55 29 53 88 0 120
170 100 38 58 47 70 51 45 67 74 55 0 170
183 48 27 27 31 47 41 68 22 58 82 0 183
184 39 74 55 23 57 56 58 49 95 31 0 184
124 94 64 71 97 70 27 30 80 35 59 0 124
163 79 37 44 79 72 44 40 29 44 89 0 163
191 83 44 59 73 68 32 76 64 98 71 0 191
117 95 91 96 93 51 30 62 20 75 53 0 117
172 58 84 70 55 31 71 59 66 39 42 0 172
180 94 56 91 42 98 60 68 68 46 82 0 180
116 84 45 23 34 75 82 51 88 48 95 0 116
115 65 89 75 49 20 41 95 38 73 63 0 115
177 89 87 24 82 63 33 48 77 65 43 0 177
144 74 71 57 53 41 62 61 58 25 98 0 144
149 74 54 35 61 57 31 33 77 45 25 0 149
152 36 25 53 51 27 88 66 84 96 40 0 152
136 43 45 76 28 78 86 90 28 24 67 0 136
159 53 98 59 79 59 68 75 88 41 36 0 159
179 99 29 91 34 51 21 53 38 45 96 0 179
148 48 98 57 83 41 81 84 93 86 27 0 148
125 81 67 75 67 58 86 37 31 67 100 0 125
115 81 34 69 42 73 43 28 86 68 22 0 115
192 64 62 94 80 40 71 36 34 59 44 0 192
111 21 80 62 78 93 23 78 50 58 29 0 111
152 51 41 26 94 35 61 76 39 27 98 0 152
167 58 76 23 49 70 40 65 54 65 69 0 167
123 88 88 34 34 46 66 78 80 70 53 0 123
109 62 96 46 78 32 59 86 33 23 21 0 109
196 61 46 94 47 59 94 93 29 95 29 0 196
125 93 29 92 24 53 28 86 67 99 72 0 125
178 62 71 40 54 22 38 44 85 29 36 0 178
103 100 90 90 53 100 99 92 57 58 76 0 103
133 65 61 55 72 66 50 84 56 27 89 0 133
159 27 36 97 67 53 31 28 34 55 95 0 159
113 36 63 85 34 40 20 63 42 86 70 0 113
149 34 42 67 52 99 38 47 94 65 96 0 149
157 28 73 95 24 45 50 69 62 98 24 0 157
141 53 93 94 69 93 70 25 61 86 96 0 141
129 70 91 94 88 40 51 40 82 34 58 0 129
140 55 34 63 77 35 73 31 62 61 63 0 140
181 64 31 24 73 32 69 21 95 55 64 0 181
132 90 55 98 43 25 34 37 44 43 98 0 132
115 63 27 20 22 51 42 30 24 88 92 0 115
104 46 99 43 39 34 42 29 45 21 82 0 104
187 83 48 65 79 56 85 29 40 27 55 0 187
127 73 44 29 49 44 25 57 23 72 59 0 127
116 37 58 54 42 98 98 73 97 95 62 0 116
158 80 100 22 99 36 99 80 97 47 65 0 158
149 70 93 99 22 46 97 22 27 28 99 0 149
138 62 31 43 33 64 42 74 100 55 28 0 138
142 99 65 33 47 47 49 38 26 97 85 0 142
135 24 40 59 60 88 29 81 68 26 80 0 135
182 65 50 62 85 43 48 73 52 98 34 0 182
141 25 37 100 64 79 81 53 35 34 76 0 141
101 34 98 55 71 64 88 100 93 71 41 0 101
149 92 66 30 67 70 78 55 90 78 35 0 149
123 34 98 71 26 61 55 31 64 56 46 0 123
141 70 95 98 94 25 67 59 82 83 32 0 141
102 75 69 54 75 64 68 81 45 52 93 0 102
191 100 51 59 67 46 91 54 62 43 51 0 191
150 55 60 34 93 58 77 48 83 76 57 0 150
176 56 61 66 62 81 35 50 63 64 23 0 176
181 38 29 55 53 25 36 40 66 79 63 0 181
104 32 97 78 49 98 53 29 94 54 54 0 104
161 47 77 56 96 99 22 45 65 77 53 0 161
103 91 79 61 81 70 82 30 91 30 77 0 103
103 85 28 21 32 70 99 42 42 84 83 0 103
144 38 85 73 22 53 72 96 66 84 62 0 144
167 44 83 42 92 90 77 76 89 24 62 0 167
154 51 94 32 46 85 61 22 65 34 22 0 154
187 43 60 27 85 63 24 66 51 99 61 0 187
196 95 75 42 51 34 91 41 49 52 45 0 196
173 91 83 46 97 45 27 42 92 77 61 0 173
151 88 22 87 41 45 89 24 80 67 24 0 151
185 59 61 100 51 82 41 87 84 63 34 0 185
165 43 58 43 50 75 81 66 51 49 32 0 165
200 57 84 64 76 70 68 22 34 91 89 0 200
130 36 20 70 80 51 84 94 76 36 70 0 130
186 68 43 84 42 44 21 47 90 60 67 0 186
113 26 74 25 81 21 72 70 63 60 67 0 113
187 70 87 66 41 43 26 82 41 58 32 0 187
102 44 78 44 41 55 94 44 45 54 91 0 102
101 99 56 72 81 99 98 95 73 21 68 0 101
192 30 84 63 29 86 87 78 22 31 80 0 192
164 80 89 28 87 91 90 27 42 75 29 0 164
198 50 97 24 47 30 54 41 26 59 61 0 198
162 27 27 25 85 77 80 42 23 20 98 0 162
143 70 29 94 80 38 36 46 87 90 32 0 143
136 26 63 88 48 40 26 97 61 88 37 0 136
130 76 22 32 29 48 41 69 38 74 38 0 130
137 83 76 99 58 58 92 48 40 33 78 0 137
187 92 94 31 84 25 32 45 43 27 83 0 187
154 41 40 76 96 28 52 84 99 81 67 0 154
160 61 32 71 29 97 48 81 37 71 86 0 160
136 55 64 77 25 96 22 67 23 86 94 0 136
199 45 39 46 46 24 100 23 48 93 66 0 199
100 32 88 39 36 87 64 91 56 20 31 0 100
123 84 67 94 94 73 45 49 81 83 72 0 123
197 55 64 44 61 26 80 88 42 91 72 0 197
108 66 53 55 79 27 33 77 50 57 50 0 108
104 86 37 76 23 43 68 41 48 63 52 0 104
179 91 46 87 42 34 70 66 64 87 65 0 179
189 21 45 80 75 62 99 47 27 53 29 0 189
169 31 22 90 27 42 44 97 67 57 74 0 169
163 54 73 71 68 53 79 95 80 89 39 0 163
162 81 25 36 38 29 95 99 84 33 30 0 162
108 26 65 83 48 82 94 88 94 33 32 0 108
171 43 46 29 27 31 26 93 66 77 70 0 171
178 34 85 33 84 21 67 72 23 20 50 0 178
185 89 90 23 38 73 40 90 63 96 28 0 185
124 46 56 37 46 51 54 95 59 69 59 0 124
152 20 69 89 83 92 23 65 36 23 68 0 152
180 25 89 89 75 73 75 50 59 47 26 0 180
151 48 23 21 52 33 65 42 98 60 96 0 151
145 79 27 25 71 93 24 21 55 44 73 0 145
190 34 90 34 87 83 21 74 88 21 86 0 190
143 94 67 56 22 59 92 86 28 36 88 0 143
156 58 27 40 91 21 71 88 68 82 24 0 156
165 73 65 42 99 80 67 31 51 90 61 0 165
148 56 58 37 43 42 86 100 64 45 22 0 148
160 30 61 58 53 56 83 94 53 99 92 0 160
194 91 95 73 57 72 78 45 21 98 33 0 194
128 71 94 91 31 68 34 28 29 67 23 0 128
200 55 81 74 93 66 100 82 67 73 72 0 200
155 68 54 43 97 77 86 61 26 47 35 0 155
135 70 65 52 46 47 49 73 73 24 24 0 135
196 34 28 63 100 94 43 56 74 84 54 0 196
139 82 87 87 71 35 48 83 76 59 41 0 139
134 87 38 84 49 23 86 58 37 73 20 0 134
184 76 85 50 38 51 100 61 97 52 49 0 184
140 70 95 82 22 59 29 54 40 78 80 0 140
171 50 86 22 40 42 100 33 83 64 78 0 171
155 70 25 27 31 92 65 87 58 80 20 0 155
129 27 53 80 53 25 22 21 27 63 27 0 129
170 59 99 45 78 30 70 40 54 96 50 0 170
122 22 69 59 100 74 92 49 27 75 82 0 122
147 24 53 71 35 90 30 50 72 88 40 0 147
152 88 67 80 100 29 91 92 90 77 42 0 152
157 92 71 64 66 24 38 86 63 91 20 0 157
109 27 79 20 41 79 51 43 63 95 84 0 109
144 85 55 59 66 88 100 53 49 64 42 0 144
192 41 48 42 44 80 64 99 79 99 43 0 192
156 81 85 64 77 56 47 47 67 29 97 0 156
191 87 36 64 64 51 26 32 47 94 83 0 191
156 90 91 39 40 71 61 92 70 23 48 0 156
173 69 28 48 77 27 23 40 80 54 35 0 173
198 32 91 51 27 53 68 50 82 22 85 0 198
112 70 92 29 28 21 83 70 68 57 24 0 112
109 79 92 53 96 22 98 44 98 26 61 0 109
177 27 36 58 49 99 28 78 24 77 47 0 177
128 66 45 56 77 42 88 23 26 94 87 0 128
114 92 25 24 72 44 37 32 58 94 94 0 114
101 72 56 68 100 90 67 47 61 53 36 0 101
102 88 77 56 93 52 93 78 96 26 97 0 102
167 98 58 100 57 62 53 72 46 24 57 0 167
135 66 22 92 91 49 69 36 71 63 33 0 135
139 86 50 42 99 28 36 89 99 83 63 0 139
127 71 65 97 52 61 52 79 39 89 48 0 127
114 28 45 37 98 27 90 80 77 85 82 0 114
122 95 40 84 59 55 62 27 60 32 84 0 122
140 74 62 88 52 51 61 51 44 47 83 0 140
120 76 33 97 87 76 23 22 89 25 27 0 120
176 37 27 69 98 93 51 69 60 70 42 0 176
114 79 25 56 31 69 84 24 61 99 34 0 114
192 41 44 79 89 73 67 91 66 25 33 0 192
126 24 62 48 72 53 35 67 79 88 57 0 126
187 26 31 51 25 25 61 95 95 71 67 0 187
186 76 80 48 20 59 61 26 43 79 81 0 186
115 41 46 90 77 36 62 92 93 46 66 0 115
162 43 33 34 74 97 42 22 89 57 87 0 162
188 72 57 70 35 58 69 57 57 72 52 0 188
150 72 21 47 62 98 94 44 39 77 84 0 150
164 45 94 91 61 45 90 51 54 91 75 0 164
113 58 100 99 73 35 61 48 64 57 63 0 113
151 99 25 92 75 67 89 77 30 62 87 0 151
187 54 67 34 84 24 25 44 49 44 40 0 187
163 85 61 64 96 43 42 91 94 69 91 0 163
114 82 26 69 85 60 46 56 63 64 60 0 114
139 95 34 89 63 97 68 52 49 71 20 0 139
133 94 100 39 63 81 40 28 46 43 51 0 133
113 28 49 36 50 77 100 86 43 53 20 0 113
110 24 77 57 98 77 37 49 90 33 90 0 110
189 46 60 48 88 44 41 53 71 56 28 0 189
189 43 59 91 53 88 82 66 43 59 63 0 189
139 90 51 37 63 54 26 59 23 81 39 0 139
179 86 88 39 91 62 51 40 46 67 80 0 179
136 35 45 24 40 85 74 91 79 61 49 0 136
161 82 24 45 78 40 62 33 81 82 77 0 161
159 51 62 25 88 86 34 21 40 47 28 0 159
147 25 84 46 21 55 57 92 49 90 96 0 147
162 73 83 99 38 98 61 79 41 33 95 0 162
197 41 98 59 92 46 20 22 44 24 51 0 197
191 30 74 36 34 95 77 76 68 65 50 0 191
197 90 77 58 60 94 99 42 46 32 56 0 197
137 86 70 66 21 67 22 30 66 88 23 0 137
128 58 88 93 82 33 46 61 39 45 90 0 128
130 37 58 73 25 89 50 55 66 53 25 0 130
155 39 95 28 56 42 39 82 77 71 74 0 155
127 86 21 49 98 61 74 72 23 23 27 0 127
195 25 89 23 70 75 25 79 22 58 28 0 195
134 79 73 71 93 46 75 42 90 38 41 0 134
131 59 45 65 96 94 98 87 81 88 76 0 131
118 22 62 40 59 32 45 77 86 73 72 0 118
165 73 62 89 72 22 58 61 93 23 71 0 165
169 41 97 84 63 50 40 45 38 88 54 0 169
132 55 38 36 27 76 28 93 21 93 78 0 132
160 55 81 33 62 72 83 26 65 68 29 0 160
164 55 59 46 81 53 44 91 68 43 96 0 164
101 42 28 61 90 61 51 59 28 83 59 0 101
112 61 34 39 37 74 77 66 95 81 23 0 112
161 91 88 61 45 71 47 37 56 53 95 0 161
113 23 79 55 26 63 58 45 40 60 35 0 113
113 57 79 57 24 35 79 92 95 40 82 0 113
136 58 71 64 86 73 30 70 87 67 54 0 136
175 93 63 68 46 83 85 48 21 55 70 0 175
139 37 29 72 34 30 100 79 41 78 82 0 139
107 54 73 29 24 30 29 40 29 89 31 0 107
184 71 86 47 98 81 81 76 68 92 61 0 184
133 72 80 44 62 86 98 74 67 72 23 0 133
118 22 61 99 80 31 98 30 30 43 38 0 118
116 42 21 68 70 91 80 53 48 87 86 0 116
145 89 71 65 74 46 28 39 99 49 80 0 145
190 70 43 23 61 95 22 78 49 81 62 0 190
142 75 37 83 22 85 96 34 65 90 86 0 142
139 56 92 93 61 20 43 90 24 86 41 0 139
141 37 43 66 35 48 92 68 63 65 81 0 141
114 37 56 43 70 94 51 45 37 41 72 0 114
102 42 50 41 75 48 59 53 25 31 57 0 102
125 43 98 48 37 87 34 73 76 72 70 0 125
183 66 86 44 21 60 59 39 25 96 90 0 183
188 65 26 88 56 53 49 99 71 89 92 0 188
129 70 47 55 76 57 49 74 57 80 98 0 129
146 42 99 38 63 44 50 81 85 52 85 0 146
109 87 22 53 88 66 73 33 65 99 92 0 109
129 91 68 31 52 94 79 26 71 96 45 0 129
181 42 61 99 63 50 82 64 90 70 57 0 181
174 72 21 46 95 40 54 25 95 85 68 0 174
155 43 65 91 63 86 61 21 50 46 43 0 155
148 71 74 68 88 72 32 45 95 82 49 0 148
138 55 75 38 72 53 99 75 59 39 37 0 138
182 97 78 43 32 95 98 26 93 59 32 0 182
130 61 48 35 31 41 38 80 98 34 76 0 130
147 85 88 91 77 93 71 43 48 47 70 0 147
72 114 109 92 100 77 119 79 129 109
107 127 142 165 181 205 226 249 262 289
119 124 148 178 184 214 224 241 262 282
110 137 148 163 193 206 225 255 260 299
113 127 154 177 187 209 221 257 279 285
101 138 147 176 191 205 236 260 267 288
116 134 148 167 193 212 235 248 261 282
104 125 142 177 192 206 223 247 277 300
113 139 154 178 197 204 234 242 269 290
102 136 154 180 199 201 234 246 273 288
118 132 144 176 185 214 238 258 265 291
100 128 160 167 197 217 236 259 278 294
101 134 146 168 183 207 230 248 270 292
101 140 150 169 183 220 240 259 280 281
100 131 146 160 187 206 223 251 265 290
100 137 147 168 195 203 240 255 278 280
100 120 160 176 192 214 226 246 265 292
115 121 148 169 195 215 231 251 267 290
116 130 155 178 182 213 233 251 262 284
100 120 140 180 183 208 226 245 266 286
112 129 140 180 188 213 239 246 270 294
118 128 150 160 187 209 228 248 275 280
120 130 145 172 196 217 227 247 280 283
115 128 141 176 191 208 226 245 264 292
105 138 154 170 184 213 232 247 271 288
111 139 160 169 200 210 222 246 265 285
101 130 140 172 184 200 225 258 272 300
102 131 148 168 200 205 234 245 261 285
118 121 148 171 180 205 220 252 275 282
120 130 160 171 191 206 225 241 275 280
112 139 145 172 189 216 231 258 265 290
117 126 150 164 188 216 240 258 263 282
116 133 156 177 194 207 222 259 263 289
108 127 159 172 181 208 226 258 265 290
111 126 153 161 196 209 238 241 278 295
101 138 150 171 196 214 221 240 274 295
100 126 154 162 183 216 236 240 270 284
119 121 140 179 198 202 229 253 265 284
100 126 158 160 188 215 234 244 262 299
119 130 148 176 191 206 239 241 273 286
118 124 160 179 187 218 228 242 276 290
112 128 159 177 200 205 227 251 277 283
108 133 156 161 192 204 236 245 264 282
106 136 141 172 200 210 240 248 280 282
102 134 140 177 185 217 224 245 268 283
107 123 154 169 184 201 233 245 271 299
114 140 142 161 200 204 233 241 273 291
104 127 159 179 196 209 237 246 274 291
115 124 160 180 190 211 234 260 260 285
118 138 156 165 180 211 226 253 276 299
109 121 147 162 183 212 227 245 264 300
106 124 143 162 181 208 233 244 279 290
107 133 155 165 198 217 225 257 265 288
102 135 155 171 189 203 239 245 269 296
117 136 157 168 194 205 228 253 264 290
110 121 149 176 181 211 224 241 261 282
116 134 150 177 182 209 236 260 275 292
117 122 151 172 181 217 232 251 261 285
101 136 152 160 198 208 235 240 278 289
111 123 153 174 182 219 227 245 260 283
105 129 150 160 192 203 240 240 273 289
105 138 151 161 192 206 230 258 263 288
106 131 159 166 194 205 231 245 280 291
106 139 142 164 188 200 223 247 271 290
109 127 141 168 196 205 234 242 277 296
112 125 157 177 194 207 225 249 280 289
115 123 149 168 183 201 236 244 268 296
105 121 141 179 197 215 233 250 260 281
110 139 154 170 189 220 220 243 280 300
109 140 146 166 186 219 224 241 271 299
118 136 157 171 194 214 229 249 277 299
114 120 157 175 197 203 224 259 260 298
117 140 143 172 192 202 238 257 264 288
100 125 143 175 192 209 221 247 267 280
115 132 145 180 193 209 221 242 265 284
100 135 158 173 188 212 234 254 276 290
101 121 146 164 181 219 224 248 274 300
104 138 141 170 186 211 240 243 263 293
109 138 155 162 191 200 235 246 280 292
101 127 148 175 192 216 236 256 263 287
113 124 152 161 185 207 221 256 269 299
115 122 142 173 200 214 230 256 264 280
101 129 155 174 198 215 240 240 266 299
110 132 144 161 194 203 235 257 280 283
110 129 148 179 181 200 227 242 265 289
114 134 149 177 190 215 226 257 271 287
120 140 147 163 186 209 221 260 271 282
107 138 153 174 199 214 233 247 276 293
116 125 150 164 185 207 225 250 280 300
112 122 148 180 199 218 226 243 275 283
100 128 144 162 195 215 240 251 265 295
104 125 146 164 195 220 230 242 277 292
103 131 141 175 181 215 239 246 268 285
110 122 147 175 188 205 222 257 275 289
109 122 148 166 198 205 220 240 272 300
120 131 145 161 186 211 228 241 276 295
108 131 155 178 185 209 240 240 271 284
105 129 157 161 197 208 221 254 269 298
111 136 144 169 185 220 230 244 280 295
113 127 147 178 184 212 222 244 269 290
120 130 147 164 192 207 238 241 272 290
108 137 146 168 182 217 226 249 272 281
105 138 147 163 189 200 228 256 267 283
113 123 156 167 181 209 235 243 266 290
117 139 144 170 197 219 238 241 267 288
112 132 152 179 183 206 235 259 270 294
118 131 148 166 193 214 221 254 272 286
120 134 157 162 184 220 234 246 264 291
112 134 140 178 194 216 220 250 274 298
117 120 160 167 195 200 224 252 265 296
110 134 145 176 193 206 231 250 266 287
115 131 150 176 190 204 238 251 263 300
100 134 159 163 191 210 225 242 269 291
116 132 157 175 200 202 235 247 270 283
116 139 146 168 182 219 239 259 273 295
105 127 140 164 191 201 231 244 264 296
107 135 142 174 192 203 238 253 279 282
104 135 150 172 182 214 221 259 260 292
112 136 147 161 199 218 222 258 280 297
116 121 148 167 198 218 223 252 279 293
102 126 160 177 183 217 232 240 277 288
116 124 150 169 186 219 240 248 275 282
115 131 143 167 200 210 223 241 278 292
106 132 145 165 183 203 230 245 265 281
120 125 143 164 180 207 235 250 266 287
113 125 145 163 199 203 233 244 261 292
101 138 150 164 190 216 223 253 265 291
115 130 144 162 182 205 224 260 274 297
100 132 158 161 190 215 239 246 274 281
100 121 159 176 183 216 227 248 270 297
111 139 148 168 187 217 224 242 268 281
101 133 158 163 197 215 224 240 274 281
103 122 160 163 189 214 237 240 278 299
112 126 150 169 200 220 223 241 280 291
120 120 157 160 192 205 223 253 261 297
118 129 150 174 195 218 237 246 279 294
120 128 148 163 180 215 237 242 262 293
118 124 152 161 182 204 237 245 270 298
117 137 157 171 191 217 224 247 273 289
100 125 142 167 186 211 231 258 268 298
107 137 147 176 185 204 226 251 270 287
118 121 149 167 189 205 221 254 277 296
109 132 159 172 194 202 222 247 260 291
117 133 148 171 193 204 240 255 261 282
110 128 156 163 189 204 225 256 280 290
114 139 154 176 187 205 239 259 276 283
114 127 160 177 182 219 226 251 270 288
103 135 147 164 182 213 232 253 263 291
114 139 154 178 190 203 222 260 267 283
100 136 148 166 191 211 223 256 279 289
114 134 160 168 193 212 227 257 261 290
117 134 151 180 200 204 227 240 263 286
116 132 144 172 184 206 228 242 270 298
101 132 153 179 185 214 232 259 275 286
117 136 142 171 186 211 222 248 263 285
101 124 151 173 180 213 224 256 269 286
105 133 159 177 189 212 227 256 264 286
101 130 140 163 192 212 240 254 276 289
116 120 145 179 200 204 225 245 265 287
107 129 143 180 191 210 231 246 280 285
116 140 140 172 187 205 237 242 263 282
104 121 158 165 191 206 235 254 276 287
101 129 144 176 188 203 224 255 271 298
114 128 154 163 190 216 222 242 269 291
114 133 150 164 187 207 232 255 279 291
118 128 160 165 200 210 236 258 265 280
106 122 156 160 195 200 224 249 267 298
108 126 155 169 190 220 222 242 261 297
112 128 152 180 192 200 240 256 273 283
113 120 140 163 192 215 229 259 271 283
115 132 155 173 196 214 220 242 268 297
119 138 159 169 182 203 235 241 276 285
101 128 157 163 188 208 231 258 268 288
100 139 156 180 198 214 224 247 263 282
115 122 140 165 183 206 229 260 279 281
108 129 154 176 180 216 225 251 278 281
113 127 156 162 197 203 236 242 262 293
118 131 155 164 200 203 235 250 273 284
100 121 141 166 180 212 221 246 265 293
114 135 143 168 191 204 233 247 267 280
116 134 145 164 185 202 229 248 272 280
103 135 142 163 195 208 221 257 277 294
100 124 155 168 192 211 233 248 277 286
115 128 142 180 187 201 225 249 279 288
110 138 152 163 193 213 235 252 263 290
103 135 144 172 180 204 232 245 268 282
119 137 154 178 190 218 221 240 279 283
102 130 159 166 182 213 238 245 270 280
100 127 143 172 194 216 240 258 275 283
114 140 160 162 200 212 222 249 265 297
103 134 145 179 190 207 236 240 268 281
111 137 160 177 196 216 226 240 278 297
101 135 141 174 199 200 231 248 266 299
107 133 146 174 187 207 223 260 280 300
115 123 142 180 196 220 235 250 275 284
118 120 147 164 196 203 234 243 279 300
117 130 156 165 198 202 226 258 262 288
108 132 143 162 193 206 223 251 278 292
106 136 141 169 187 203 228 259 264 280
109 134 159 165 187 208 220 258 278 280
108 126 153 167 197 214 225 251 264 285
107 122 155 160 190 206 240 251 271 293
111 125 146 174 194 206 225 248 274 288
103 137 142 171 185 201 226 252 277 283
109 132 152 171 188 205 221 242 260 298
113 127 149 162 191 215 220 248 275 289
103 123 152 177 200 215 235 255 279 294
100 130 142 162 200 212 229 256 279 284
101 136 149 161 181 214 230 246 273 287
112 126 146 167 191 206 225 252 271 287
105 121 155 170 186 204 226 243 260 288
101 120 141 176 197 203 231 248 276 286
100 128 152 174 182 218 230 245 273 285
110 125 141 176 189 202 237 259 262 285
100 131 152 179 189 208 229 244 269 289
114 134 157 160 190 210 225 254 268 291
105 127 153 169 184 205 226 254 276 289
115 125 158 168 183 202 220 257 276 289
115 139 141 175 192 211 225 250 277 289
107 120 142 174 181 204 222 257 274 285
112 130 146 167 194 205 227 257 267 281
102 124 157 162 198 218 240 248 271 288
115 124 142 173 184 214 232 259 274 281
104 131 152 167 190 210 231 249 273 286
116 140 146 173 182 213 231 259 278 289
114 137 150 180 199 213 230 240 277 288
101 135 150 160 182 211 229 249 277 290
101 140 153 172 194 215 238 248 267 294
112 133 141 165 195 208 232 250 267 299
105 135 158 173 181 204 235 244 279 290
109 131 151 177 187 212 222 250 280 284
106 127 156 180 187 214 229 249 275 298
117 133 143 161 189 219 237 258 266 296
104 133 151 175 188 207 224 255 276 288
109 131 150 173 181 215 229 258 262 297
116 127 159 172 189 214 224 257 264 293
105 131 157 172 180 219 220 248 265 299
102 121 151 170 191 216 222 240 260 294
116 130 143 174 183 202 221 244 268 286
111 135 151 174 185 208 235 248 275 294
119 120 159 170 198 200 235 249 265 288
115 128 146 166 183 213 228 257 272 299
107 124 142 163 198 207 238 241 280 281
100 140 155 163 182 208 222 241 262 287
111 140 150 174 195 219 234 240 269 283
101 138 143 166 185 207 228 259 269 293
115 135 141 170 183 214 239 254 275 284
119 122 160 175 181 200 233 260 261 283
120 121 152 180 183 215 235 247 273 290
116 133 153 164 200 202 230 257 262 287
113 130 140 176 185 212 237 259 270 282
118 135 154 168 197 214 222 245 267 292
117 120 140 161 185 201 233 249 274 289
102 131 150 163 184 208 228 251 260 291
116 128 143 167 190 214 224 249 270 294
117 120 140 171 195 215 228 255 271 284
115 136 157 165 195 217 235 241 274 286
102 125 158 178 197 205 240 244 262 291
111 122 146 166 200 208 220 259 269 286
120 140 157 177 200 216 235 243 268 281
111 139 142 171 192 208 232 253 263 285
110 127 146 176 196 209 225 260 279 285
109 127 158 171 192 204 234 259 271 283
116 128 159 161 185 214 228 249 267 289
106 139 147 162 190 212 230 257 275 292
115 122 150 171 188 218 236 252 277 290
100 126 150 172 193 202 227 254 271 288
114 128 144 160 187 204 223 247 264 286
117 134 149 171 187 212 226 255 262 283
117 140 141 170 180 215 237 241 274 286
111 131 151 178 182 213 228 245 280 285
106 126 142 172 191 207 236 254 268 281
103 122 141 162 195 206 234 244 264 296
118 135 157 180 197 206 238 253 280 282
116 130 151 160 196 201 236 245 280 298
100 139 153 168 181 204 236 256 278 290
106 137 145 160 200 220 239 256 273 282
102 125 159 165 197 211 240 248 275 290
119 132 142 174 187 203 233 258 275 289
116 123 150 175 197 214 224 249 271 298
100 125 154 175 200 208 220 248 276 295
120 129 151 165 189 201 225 245 268 292
116 126 155 164 184 216 230 253 273 286
115 122 153 163 180 213 231 248 265 295
114 136 149 178 196 216 223 241 265 291
108 139 159 169 192 200 235 242 280 299
112 123 154 171 180 205 237 245 267 300
119 123 143 168 180 209 225 246 263 296
106 138 159 168 183 212 227 254 278 293
118 136 143 175 196 207 224 259 274 298
102 121 145 172 196 210 240 252 265 295
120 127 142 179 195 205 220 249 260 283
116 137 152 173 193 217 235 242 272 293
119 140 149 160 181 216 230 251 272 285
104 131 158 169 198 201 237 260 265 294
115 125 155 164 196 212 238 242 269 299
119 137 141 164 183 219 227 259 275 281
102 137 148 161 200 205 230 240 280 293
104 140 142 167 194 212 236 247 278 294
108 137 155 167 195 208 234 258 261 292
111 127 141 180 197 211 225 255 267 284
110 123 143 168 190 200 226 260 275 283
102 133 152 162 190 220 232 251 267 281
115 132 152 171 182 202 231 258 272 295
114 130 140 165 198 216 223 246 278 283
120 126 154 163 181 220 240 249 273 296
115 137 146 165 200 200 223 252 261 282
112 135 143 179 186 220 229 247 275 299
113 135 142 177 195 220 235 254 276 294
108 133 159 171 181 207 227 248 279 293
101 129 145 180 180 219 239 252 268 289
105 125 140 175 187 207 237 247 280 300
116 136 160 160 192 204 226 254 277 290
109 130 154 170 188 205 225 260 275 282
115 122 143 177 196 203 229 240 262 298
104 123 150 167 185 207 225 245 269 282
107 136 145 176 187 204 239 246 280 283
110 135 144 177 182 208 220 254 279 297
114 126 143 172 185 219 230 257 280 280
117 124 141 165 183 200 228 251 277 289
102 137 143 179 198 203 235 257 273 297
115 121 149 164 198 217 220 256 261 298
109 140 150 160 180 218 226 258 267 294
106 139 141 162 193 212 223 242 263 286
105 124 141 177 193 200 240 256 264 286
108 133 158 173 198 216 224 240 265 290
107 125 140 179 188 206 221 248 279 285
112 122 151 169 199 216 234 249 262 290
106 133 153 163 184 200 231 243 279 295
119 128 145 165 189 202 237 247 264 292
106 138 148 180 182 207 222 248 265 286
110 135 147 180 194 210 240 252 264 286
114 132 154 173 185 219 230 247 274 298
107 121 160 165 191 216 228 247 275 285
120 126 160 167 183 204 221 249 268 297
120 136 157 172 186 215 238 257 271 288
109 133 156 176 192 200 225 255 263 286
112 131 142 180 184 217 236 244 274 280
114 134 149 176 196 206 228 249 271 295
103 131 148 164 198 213 236 252 276 283
104 121 148 167 188 216 235 254 269 296
112 134 144 170 180 210 234 260 276 283
115 122 143 164 189 214 237 248 278 286
103 131 149 172 191 209 235 241 273 300
104 130 142 174 194 207 222 257 261 300
116 134 155 161 199 209 221 243 265 290
120 137 149 165 193 213 226 255 263 300
115 130 140 179 190 201 227 245 267 286
111 125 154 170 196 213 223 242 269 291
103 128 155 176 181 204 230 245 268 286
100 132 142 179 190 217 222 244 265 293
111 123 155 169 192 208 236 240 276 285
102 135 146 160 187 209 220 246 273 296
119 135 152 166 184 207 235 244 269 291
102 134 153 170 197 205 223 240 264 299
102 122 142 178 197 210 220 250 274 297
100 135 146 180 193 208 225 252 261 300
115 134 144 165 192 212 232 253 266 295
101 134 142 175 188 203 228 252 270 282
116 128 151 165 194 201 229 256 271 299
101 134 157 179 181 213 230 254 272 298
111 133 144 174 195 206 223 240 279 282
107 134 154 171 182 200 224 240 278 292
108 129 142 168 185 220 233 243 261 287
101 139 152 171 198 201 224 248 267 286
105 127 146 177 187 208 234 245 264 300
113 140 156 175 198 212 224 254 264 289
104 135 160 163 192 215 220 242 277 287
116 135 151 173 199 219 224 258 267 292
120 126 150 177 195 207 221 247 264 292
101 134 149 169 198 215 233 249 264 300
108 140 151 172 184 214 233 252 260 296
119 125 153 180 183 216 220 248 266 298
120 124 160 162 191 205 236 255 269 298
101 120 142 162 194 201 228 249 266 293
106 129 154 175 197 220 230 256 263 291
106 123 140 167 181 202 223 257 263 290
102 139 154 175 182 212 236 258 278 292
118 131 160 175 197 213 234 250 276 299
106 130 155 180 180 206 227 242 266 285
107 136 154 168 185 208 228 243 275 291
118 121 147 163 200 211 226 243 272 300
101 123 157 180 190 217 232 260 262 282
109 132 145 160 198 200 240 251 260 296
118 137 151 160 189 213 227 245 271 297
120 138 148 162 192 215 231 251 278 284
104 134 153 162 193 202 231 251 270 296
120 121 140 180 181 215 240 259 276 296
108 137 149 169 189 203 233 252 274 294
118 139 150 168 184 202 221 255 266 285
105 135 159 160 181 205 239 244 277 294
111 127 156 163 190 212 240 242 278 291
119 132 146 168 189 204 224 254 270 287
117 122 152 162 200 220 223 259 280 292
113 140 158 170 196 204 232 259 274 290
116 124 141 168 199 220 228 260 272 299
110 130 153 171 187 202 221 251 272 297
107 135 150 179 190 203 239 247 263 299
114 137 151 176 199 207 239 244 276 284
110 124 153 165 181 207 225 245 266 286
112 140 150 160 181 205 239 243 271 300
118 129 141 176 197 207 223 260 278 286
109 123 158 175 191 213 239 256 273 282
115 125 145 172 197 215 235 242 270 284
102 121 143 179 196 210 240 256 278 290
108 123 156 168 191 218 221 241 264 283
103 122 150 178 181 216 222 248 277 282
117 124 144 174 183 207 221 240 270 284
107 122 155 161 197 209 222 246 268 294
103 128 141 179 182 214 236 242 277 287
111 126 155 173 184 209 222 246 261 292
102 140 156 171 190 200 234 252 276 288
115 128 158 171 189 220 237 260 262 294
112 139 152 164 194 213 229 259 271 296
109 134 156 163 184 203 228 256 270 282
120 131 143 161 200 220 231 260 263 289
108 124 141 178 182 207 237 258 268 298
118 138 152 176 184 202 228 240 271 293
118 139 153 162 200 203 234 247 262 289
112 123 141 164 192 219 220 253 272 292
118 136 156 166 184 218 238 260 271 284
104 139 149 180 190 215 235 260 277 280
102 126 146 172 180 200 240 245 272 297
111 122 157 162 194 203 226 249 272 295
107 136 143 174 189 218 227 243 280 298
115 124 157 178 196 209 230 243 269 287
116 139 159 177 190 204 235 240 267 280
107 135 145 175 194 205 235 252 269 292
117 138 150 169 181 204 221 246 275 295
117 138 146 174 184 203 228 253 274 285
111 139 148 175 200 207 238 244 265 284
111 120 143 177 188 211 232 258 262 294
110 126 153 178 189 203 238 242 276 285
117 140 140 176 192 217 239 249 266 292
118 129 147 162 200 208 235 256 260 296
107 138 143 162 180 209 232 252 278 289
112 137 140 174 186 212 234 253 270 289
107 127 157 172 187 206 228 247 273 297
109 120 141 163 192 219 233 244 268 294
113 137 150 161 196 205 240 255 270 287
114 139 159 165 189 201 236 251 279 288
114 132 160 175 182 202 229 249 273 281
102 136 147 173 182 212 232 244 265 289
114 129 157 162 183 205 231 249 273 290
112 135 155 170 194 207 223 259 266 295
119 128 158 178 189 211 239 251 263 296
110 134 155 171 194 203 230 246 273 285
110 121 140 175 190 220 223 255 276 300
110 131 148 162 191 205 226 259 261 283
109 126 158 166 188 210 237 260 266 297
115 123 142 162 187 206 231 255 269 287
105 134 158 174 190 220 229 249 260 295
112 127 143 176 193 205 227 249 273 289
119 122 143 164 192 220 221 250 269 292
119 124 159 177 189 203 232 248 274 300
108 131 152 165 186 205 224 246 269 294
116 136 145 172 188 219 224 245 273 281
108 125 155 167 196 205 223 251 275 288
111 133 140 162 182 202 238 241 265 288
103 140 153 180 196 215 229 247 278 285
104 139 144 176 194 212 228 247 266 286
113 135 157 162 197 214 223 255 269 292
105 133 140 176 192 211 228 254 275 290
118 122 142 173 196 210 229 258 275 298
107 125 145 179 182 201 222 249 277 294
105 140 146 173 187 211 237 247 261 293
107 122 151 178 191 214 221 258 274 300
107 120 157 176 192 207 236 260 271 287
106 139 142 162 199 210 230 259 275 288
114 140 152 163 195 203 230 257 276 292
111 124 158 165 196 200 227 250 260 280
114 137 144 165 182 212 238 255 269 282
108 129 143 174 199 215 236 243 268 295
120 135 155 171 189 218 238 250 267 289
110 128 158 174 180 207 228 260 265 281
102 123 143 179 199 215 227 249 275 281
117 137 159 177 180 207 224 245 275 287
119 131 159 160 197 208 227 244 271 295
114 121 153 167 200 214 230 254 264 288
103 138 158 169 184 220 231 242 275 280
103 136 144 173 187 210 238 256 260 288
106 125 159 180 199 200 229 256 265 296
111 127 150 164 187 220 235 252 268 299
109 136 146 175 190 210 226 256 260 284
110 123 149 174 196 202 239 260 275 290
104 135 148 174 192 218 222 242 277 282
104 134 156 162 198 212 222 246 266 298
104 127 153 175 193 202 232 242 271 282
118 132 151 164 180 220 228 243 268 286
116 130 155 171 182 204 239 241 278 284
115 130 151 166 193 216 222 250 276 296
108 139 159 166 197 216 222 249 276 285
111 127 150 163 194 200 237 248 271 288
114 128 142 180 196 208 235 251 265 300
120 138 156 166 195 211 239 260 265 300
103 125 151 169 198 218 221 248 262 290
109 122 152 161 187 211 227 250 261 295
111 125 156 180 196 204 220 245 272 294
114 136 152 167 185 206 231 248 276 300
120 126 149 172 189 202 228 249 277 282
109 140 144 174 180 214 226 249 270 300
118 121 156 179 190 212 222 244 265 291
100 135 142 177 182 212 224 250 265 290
116 131 148 166 199 203 238 249 276 295
106 129 156 173 188 219 225 243 274 282
100 140 143 178 180 209 221 259 271 292
102 123 143 179 183 215 239 260 263 281
101 133 160 176 196 219 237 248 271 280
120 139 145 175 189 210 235 246 279 290
111 127 146 167 199 213 240 246 276 280
116 138 147 167 200 202 228 247 264 293
109 129 145 180 185 200 238 244 276 283
105 129 142 167 191 217 231 240 280 286
114 138 155 173 195 212 228 244 268 281
120 121 148 160 197 210 224 251 264 284
107 127 140 165 185 202 237 256 274 288
100 121 152 162 184 208 221 248 267 281
105 136 143 171 200 211 222 260 269 287
104 139 158 164 184 219 228 240 265 288
112 122 152 166 189 214 229 255 275 287
115 128 148 174 189 208 224 260 261 283
101 132 144 169 182 206 220 259 268 297
113 133 147 165 189 217 230 257 262 285
109 131 155 171 182 209 233 242 263 294
110 132 152 168 186 207 237 258 273 296
108 130 145 161 199 215 233 242 270 291
117 132 157 163 197 220 224 248 279 293
102 140 150 169 192 214 229 255 268 290
108 124 149 162 199 211 229 252 269 291
112 130 160 161 189 211 221 248 264 293
113 131 157 176 187 215 234 257 278 299
118 128 140 180 183 200 228 253 272 288
105 130 140 171 182 200 237 242 277 293
113 131 146 177 187 218 223 257 279 300
100 131 148 164 182 215 233 259 279 285
120 140 153 179 196 212 237 246 273 300
116 135 142 178 180 208 220 253 279 285
108 124 145 173 183 219 224 257 279 295
105 128 156 170 187 204 230 246 265 290
114 139 153 168 196 214 236 240 276 285
101 120 155 165 181 202 234 254 273 283
113 136 141 161 187 210 236 246 260 293
110 121 155 164 189 201 229 242 264 296
108 129 149 180 199 210 227 246 268 294
116 139 156 168 193 207 233 256 264 288
111 126 142 179 186 206 233 245 263 288
117 139 158 167 183 215 220 241 269 296
112 125 158 178 181 212 223 247 261 283
105 137 154 177 191 207 235 248 278 288
112 127 140 162 198 218 233 243 264 295
114 134 143 172 192 207 223 244 262 297
116 139 150 164 199 204 238 256 273 295
115 126 154 179 200 218 237 242 270 284
117 138 158 178 194 216 231 260 260 299
104 131 145 168 181 209 236 247 267 285
113 121 140 176 195 201 234 245 275 285
108 140 149 164 189 216 232 242 272 294
106 140 144 162 200 220 226 254 270 298
119 122 149 180 183 203 230 258 260 289
108 120 160 164 186 219 240 242 273 280
116 138 154 177 181 201 221 244 266 288
114 122 149 173 183 216 220 243 280 294
116 132 150 176 186 218 233 256 280 281
104 127 147 180 193 210 235 253 274 299
102 132 157 178 193 207 229 247 268 297
100 126 144 160 186 208 235 249 272 289
108 139 145 164 189 200 226 257 265 285
104 122 149 174 181 202 238 255 262 282
117 132 156 168 190 202 231 245 261 290
106 124 143 161 186 209 235 240 270 280
109 139 158 176 184 211 239 244 273 295
120 125 159 161 192 206 226 240 268 289
118 135 143 176 190 205 220 248 276 297
111 128 160 175 188 211 231 250 264 295
102 128 160 164 185 216 230 253 260 283
111 121 158 176 193 208 228 257 268 282
115 129 147 161 182 200 228 258 263 283
117 134 140 168 188 204 236 257 271 286
104 128 142 162 200 203 232 253 277 296
104 135 142 165 191 217 238 245 271 286
106 129 155 176 192 220 223 241 272 291
117 122 144 172 188 212 234 249 277 280
106 136 156 162 190 215 224 254 278 294
117 140 140 171 184 211 236 257 277 299
117 126 149 172 200 210 235 256 276 282
113 137 140 176 180 206 224 255 273 294
114 136 156 177 181 215 240 260 280 281
114 131 140 166 183 205 221 246 273 290
116 134 147 162 183 200 230 260 261 298
119 122 142 164 198 220 232 255 275 298
111 127 141 174 185 215 224 243 266 293
108 129 151 172 181 209 237 258 270 291
106 130 153 172 191 212 232 245 260 293
109 139 154 169 183 203 227 243 272 298
111 126 160 174 181 205 224 244 269 294
113 122 143 170 197 209 226 260 272 298
116 140 144 166 198 200 238 260 266 300
105 133 143 161 183 206 229 253 277 289
112 133 149 171 187 205 230 255 277 285
114 138 150 179 184 207 227 254 270 289
116 135 160 165 188 201 225 260 279 295
111 128 142 165 185 210 238 246 272 298
120 128 158 164 190 213 239 246 279 300
101 124 159 177 199 217 235 246 272 288
116 128 160 176 198 220 228 260 277 294
119 137 143 173 189 202 229 253 262 291
109 123 157 165 192 215 226 257 276 300
102 130 154 178 186 220 220 257 268 300
106 122 152 161 194 207 235 249 267 280
114 133 158 174 193 214 232 244 270 283
112 121 152 160 189 211 225 245 268 292
104 137 153 160 193 218 232 256 267 294
118 130 141 169 190 205 226 252 278 300
115 124 153 180 195 202 220 258 270 289
110 125 151 180 198 204 238 251 272 281
116 135 150 180 199 217 225 241 274 300
111 120 152 173 188 216 232 246 275 291
100 140 144 167 187 202 221 246 280 298
101 136 149 177 188 202 225 258 273 286
102 121 159 161 197 213 232 241 261 292
116 140 151 171 183 204 221 243 266 290
117 137 155 178 186 205 239 247 260 297
118 128 143 176 184 207 240 253 272 299
100 129 142 162 200 213 233 258 275 289
108 127 152 179 180 217 224 255 280 294
112 125 149 167 199 214 235 250 260 295
112 124 156 177 196 215 239 246 274 292
109 132 143 170 186 220 235 259 272 296
110 123 144 174 182 201 225 241 277 287
105 133 157 180 190 217 228 245 274 285
118 132 152 165 197 201 231 242 260 289
101 139 144 167 189 219 220 254 260 286
101 134 145 168 185 204 240 257 266 296
117 132 148 170 196 204 224 243 266 298
119 121 145 172 194 206 228 257 262 297
119 140 148 178 192 204 237 244 269 286
116 124 141 175 196 219 238 260 270 293
105 125 144 160 189 215 240 240 275 296
120 134 142 176 192 219 238 257 272 291
109 140 150 161 190 217 227 248 261 288
114 120 147 180 187 217 229 257 265 281
105 135 144 179 197 210 223 256 261 288
111 125 149 171 187 202 232 260 268 283
103 121 151 163 182 208 224 254 273 283
101 130 160 168 192 219 227 242 270 294
113 134 154 165 196 215 237 240 260 298
109 140 153 164 200 216 229 244 274 298
103 127 155 171 193 207 222 250 269 294
105 138 148 172 184 202 221 253 276 294
106 121 151 180 182 209 227 244 261 298
106 127 159 169 184 205 220 254 260 290
101 138 154 165 180 208 226 259 263 300
108 130 152 172 182 219 240 242 280 297
109 136 151 170 199 217 224 249 273 297
103 136 151 171 180 217 220 247 271 293
115 123 158 163 189 204 236 242 268 295
120 129 158 173 197 201 230 246 270 283
112 124 145 161 180 219 240 257 278 293
120 134 145 170 182 219 223 259 276 286
120 121 155 170 191 219 238 243 265 281
119 135 157 161 188 219 228 241 268 293
113 127 152 177 197 208 227 256 270 298
101 123 160 168 186 206 222 250 262 281
118 130 151 177 195 220 234 240 273 290
105 123 158 162 194 217 223 242 274 296
100 131 153 179 199 203 231 254 278 288
108 132 149 161 182 219 234 252 275 284
115 129 155 166 186 211 231 256 271 299
111 132 146 171 183 217 222 246 261 288
108 125 155 178 192 214 232 249 271 297
101 132 159 179 189 201 231 256 269 290
106 127 143 165 185 202 231 259 272 292
105 132 143 170 186 214 235 242 265 287
117 125 157 170 187 203 236 257 274 284
119 138 153 165 194 209 236 250 267 299
114 135 151 168 194 207 225 259 275 296
103 134 150 165 192 201 231 243 263 283
100 125 141 164 187 200 229 257 262 289
113 140 151 172 199 216 226 260 276 293
115 125 148 160 187 211 222 240 263 289
103 126 149 167 189 208 227 248 279 289
119 132 147 175 190 217 236 254 260 290
120 136 155 161 182 208 222 258 277 280
100 126 144 168 181 207 228 241 267 291
109 121 156 176 197 209 239 251 275 288
104 135 159 171 184 216 228 258 279 285
107 128 150 173 196 201 221 253 275 289
111 122 147 174 200 218 230 259 280 280
117 134 153 180 181 204 238 242 262 281
118 123 159 180 188 201 233 251 270 292
104 125 149 166 181 204 230 257 267 297
114 132 152 165 195 209 239 248 276 288
109 138 144 167 195 204 231 258 268 284
105 133 140 165 197 220 231 251 267 285
116 130 153 176 182 201 227 245 274 290
100 134 142 179 196 203 224 260 266 294
103 132 152 176 191 207 233 253 272 281
113 122 143 162 199 200 230 244 273 280
108 120 155 166 196 201 225 243 269 283
111 130 142 163 182 216 226 252 277 297
101 127 148 167 183 211 223 240 272 285
115 135 141 170 183 218 235 247 265 294
107 124 160 161 196 215 221 253 267 297
119 139 149 165 182 204 230 244 262 285
107 136 159 167 200 204 222 243 280 292
104 139 156 164 184 213 225 251 261 285
118 131 154 175 185 208 240 253 273 286
109 122 155 178 189 208 220 253 273 300
101 134 143 162 189 211 231 249 275 294
118 134 155 171 188 203 234 253 263 297
120 122 160 166 186 205 232 246 269 283
114 120 152 176 181 208 227 259 275 296
120 140 152 173 195 209 224 240 279 293
118 125 160 166 183 205 220 247 272 286
116 129 159 160 196 210 220 241 271 290
118 135 160 165 186 202 239 241 269 288
116 130 141 179 193 215 229 240 276 298
117 133 152 179 193 200 236 246 271 286
118 136 146 179 191 200 238 244 268 294
116 121 148 170 192 200 228 259 263 296
103 122 151 170 189 204 226 244 273 300
115 131 144 163 187 219 230 256 267 290
115 140 143 172 184 209 236 252 260 282
102 122 145 178 184 220 220 255 271 299
108 130 147 165 189 201 230 256 268 296
105 131 153 175 185 208 228 249 275 294
115 139 147 166 186 211 238 250 270 285
102 134 155 174 193 210 222 240 271 298
113 132 149 169 190 202 220 259 269 293
114 129 146 175 198 205 227 241 280 296
102 122 149 160 190 210 236 254 269 284
111 129 143 180 185 210 226 259 265 281
101 121 141 164 199 219 222 258 261 281
107 133 159 179 181 213 240 249 280 294
106 122 142 179 194 209 239 248 273 298
111 124 151 168 196 205 220 252 264 282
115 126 155 171 197 212 239 253 263 291
103 132 149 177 181 219 240 260 278 291
102 120 159 179 190 212 236 245 276 298
100 120 160 164 181 217 236 258 274 289
113 127 147 178 180 212 221 259 265 297
111 132 158 164 186 201 224 243 265 300
112 123 153 174 186 211 236 246 262 288
112 127 156 160 188 203 223 242 263 282
114 138 149 160 189 217 223 260 265 296
103 121 143 175 191 204 227 259 270 286
107 122 144 180 192 212 235 248 275 284
107 139 142 172 191 209 227 242 262 288
103 138 155 172 186 208 233 243 261 294
102 134 154 178 191 212 236 241 269 295
104 125 150 172 182 202 235 240 275 285
118 137 155 174 190 216 230 245 272 297
116 129 156 162 199 203 227 246 263 285
116 121 154 160 184 202 231 248 270 293
109 138 156 167 187 217 233 255 270 284
101 122 150 173 197 219 223 258 276 281
108 128 154 165 183 208 220 255 280 281
110 134 140 172 199 217 237 249 260 282
108 140 143 164 197 201 225 255 260 283
107 131 142 162 181 201 224 241 279 280
111 128 148 179 191 201 224 243 275 295
104 125 148 174 196 200 231 243 272 286
107 132 140 164 190 201 239 259 268 284
115 127 147 171 187 201 239 243 261 284
103 133 148 168 180 204 225 241 276 294
112 121 140 165 180 201 225 254 275 286
115 124 140 169 190 219 222 255 280 296
104 133 157 177 185 211 225 257 265 287
102 140 141 162 181 210 230 245 261 291
106 129 141 178 196 217 229 251 278 280
110 138 150 165 182 220 238 254 267 292
110 127 140 177 181 204 227 255 269 284
118 133 154 171 180 210 236 249 265 289
102 131 143 177 186 210 222 255 276 282
108 123 157 174 192 206 236 243 262 285
105 126 157 168 200 211 235 244 264 282
118 131 146 172 183 212 237 254 262 300
103 128 155 172 182 209 226 259 279 281
102 138 144 162 196 209 230 247 267 285
104 128 155 160 190 208 233 244 278 282
118 124 152 166 198 204 227 241 272 284
119 123 158 173 185 200 236 257 280 280
118 128 160 171 184 216 227 242 264 280
117 125 140 175 200 202 220 241 278 298
109 121 142 177 193 215 237 254 275 294
120 122 157 171 193 219 230 241 270 296
119 139 156 165 195 207 234 249 272 283
118 129 159 172 191 202 233 250 262 286
102 132 151 179 186 210 221 259 271 300
105 127 156 179 186 216 238 252 280 281
113 136 157 166 185 204 237 257 276 285
118 128 140 180 188 204 236 240 267 291
103 121 148 161 181 203 224 252 269 285
109 140 153 175 180 213 238 252 277 294
111 131 143 176 180 206 237 252 266 294
112 140 153 180 180 206 225 243 274 284
105 137 157 172 185 202 227 249 265 282
117 124 146 160 183 214 234 247 280 291
105 134 149 163 197 216 237 242 276 295
117 127 153 168 182 220 239 240 275 288
116 135 152 176 193 219 220 241 265 281
104 137 147 178 194 203 224 259 269 299
102 123 149 160 181 220 234 247 264 282
106 132 143 179 200 207 220 242 275 297
107 132 143 178 193 202 233 254 275 284
100 127 140 170 190 209 235 245 280 300
119 124 158 168 187 208 237 242 262 286
111 134 158 174 196 212 237 251 277 289
111 136 150 164 198 209 227 241 271 291
113 129 145 168 200 207 234 244 262 283
120 125 155 165 184 208 234 243 272 283
102 135 159 160 194 217 239 249 268 300
105 133 146 178 197 211 226 248 263 286
108 124 143 175 194 200 222 250 271 281
117 134 154 176 187 206 230 242 278 299
110 138 159 178 200 203 236 253 271 282
107 124 154 175 181 213 240 247 270 292
104 129 152 173 189 202 226 250 269 300
116 140 145 176 196 206 239 258 261 282
118 124 153 163 193 209 226 246 280 281
105 139 152 166 193 209 229 255 274 282
119 138 160 170 199 203 223 242 277 290
111 137 142 164 191 213 226 259 260 299
105 126 141 172 197 216 228 252 262 290
105 133 147 161 180 210 221 253 273 292
102 138 140 167 184 219 240 259 265 284
106 132 148 167 189 214 224 245 260 299
115 136 156 180 189 214 235 256 279 288
106 134 158 171 183 207 239 253 272 296
106 140 160 162 184 201 236 241 267 297
107 131 144 168 180 207 237 255 268 296
102 123 148 164 186 207 222 251 272 284
100 123 142 172 196 220 229 250 277 287
109 131 151 160 189 211 228 255 262 284
115 139 151 174 196 202 226 241 277 300
107 140 149 161 196 217 236 244 280 300
120 123 160 162 199 217 224 256 262 285
109 130 151 178 180 201 239 256 267 289
116 120 140 164 180 216 226 244 262 282
104 139 156 164 195 207 229 255 265 290
111 129 143 180 185 214 229 242 273 291
110 126 141 173 193 209 235 259 272 300
104 125 146 163 197 205 238 249 280 280
101 137 156 177 193 219 229 249 261 281
108 128 160 162 188 215 232 240 280 300
113 136 156 161 197 216 231 254 268 295
119 121 145 165 190 206 224 257 276 300
107 134 140 167 189 207 240 259 277 288
109 134 143 160 197 203 233 243 264 291
101 121 141 162 180 202 226 260 268 283
107 128 153 167 185 219 239 260 270 281
120 121 160 171 194 209 224 259 261 287
106 138 158 178 188 213 229 246 267 297
100 121 150 164 183 220 224 253 261 285
117 132 154 164 187 201 236 252 273 289
104 122 149 168 190 200 238 242 261 289
115 126 145 161 185 214 232 260 280 292
103 128 143 163 191 219 223 253 279 282
114 138 153 161 195 204 238 256 276 296
103 120 155 166 183 212 237 246 277 284
112 136 142 167 193 201 236 248 266 298
115 132 160 170 188 215 222 256 264 289
105 126 157 163 180 216 235 255 272 294
101 140 143 178 180 213 223 248 277 300
115 139 154 163 194 213 225 240 267 297
117 121 155 176 187 203 236 248 266 290
111 133 160 168 186 216 235 240 265 290
115 121 141 161 200 201 221 250 263 281
112 128 152 162 186 211 221 243 272 284
117 134 153 164 195 205 224 252 265 297
107 120 151 166 196 212 225 240 275 297
112 130 159 171 185 208 229 243 264 298
109 136 147 170 188 206 237 258 278 296
103 138 140 162 185 211 237 245 270 284
100 139 148 160 186 200 220 247 274 293
102 129 155 164 184 213 229 259 278 300
105 140 141 161 198 218 234 243 271 298
103 136 152 170 181 207 237 243 269 288
112 140 156 180 199 209 223 251 266 293
105 123 140 179 199 209 236 249 260 282
111 130 160 167 190 200 220 244 270 297
112 139 150 162 196 218 237 254 276 298
116 131 152 166 180 205 229 244 266 287
120 120 141 173 183 203 234 246 271 289
104 128 145 179 190 206 221 242 279 285
106 133 154 172 197 219 230 255 270 297
114 139 143 176 196 202 238 245 271 295
109 125 158 179 191 201 237 246 274 291
102 129 156 168 188 220 226 260 265 281
100 140 146 168 194 217 223 257 272 281
105 126 160 162 195 217 224 252 269 280
100 130 146 180 189 206 233 242 279 288
109 133 143 180 196 201 220 256 265 297
117 123 154 164 198 203 227 253 265 289
100 138 158 178 194 210 231 258 279 297
109 139 158 166 193 216 225 247 263 289
100 121 145 180 183 219 239 248 279 288
114 136 150 178 184 214 228 259 272 283
106 128 159 160 191 213 239 241 271 298
108 140 140 175 186 219 234 259 265 295
109 128 157 176 189 210 228 258 272 291
106 127 157 161 194 205 239 260 278 287
118 123 155 162 200 208 232 242 274 294
113 136 145 167 182 218 225 250 271 293
105 136 148 176 184 211 228 246 264 290
107 127 158 173 189 201 221 256 261 293
109 125 155 163 192 214 236 248 278 286
111 125 151 172 197 218 228 240 264 300
114 126 144 178 197 202 226 258 261 295
103 128 153 177 199 219 237 241 263 300
115 132 153 168 185 208 225 258 266 293
106 132 156 162 192 220 238 250 265 296
110 134 148 168 182 215 236 249 273 291
103 127 147 177 186 206 234 245 268 288
113 131 149 176 195 206 234 256 272 291
110 140 142 176 195 201 222 246 270 284
118 126 153 162 197 208 232 259 264 296
115 129 158 167 190 210 234 251 275 288
104 127 157 173 183 215 237 252 263 293
100 136 160 179 195 206 230 251 275 299
107 122 157 170 196 216 227 258 268 297
117 122 156 160 194 217 238 248 277 288
107 139 146 166 198 216 222 249 280 291
118 131 150 163 185 203 237 251 276 292
120 120 152 174 196 213 234 248 280 286
109 138 145 167 197 217 233 257 278 291
104 122 147 165 185 204 238 259 269 292
100 126 145 176 198 202 236 245 262 300
101 127 151 160 196 209 223 256 263 281
109 130 140 163 187 209 234 250 278 295
113 135 158 167 195 208 225 256 261 282
118 136 141 165 186 220 220 248 278 294
105 128 155 169 199 209 232 244 277 300
104 124 154 168 188 203 238 249 270 287
109 125 142 179 186 219 222 258 266 293
100 122 157 169 180 216 228 254 272 294
115 122 151 163 200 201 240 253 270 289
115 139 145 165 195 211 223 241 276 289
107 124 153 176 193 200 224 250 274 299
114 130 143 167 180 216 233 250 266 284
114 138 141 177 195 215 225 249 268 283
103 120 153 171 181 204 237 243 273 295
111 130 152 164 182 206 224 250 272 282
118 121 155 166 191 205 224 240 262 300
114 137 141 170 187 220 224 240 274 285
117 136 151 166 194 205 228 243 260 296
103 137 159 177 195 218 239 248 262 284
102 127 154 168 197 201 221 251 275 282
118 127 160 171 182 208 227 241 279 284
118 134 158 180 193 201 221 246 271 286
114 136 147 160 188 213 222 254 264 291
109 125 148 162 197 220 235 251 266 280
105 129 160 166 199 220 230 254 271 290
119 131 140 165 180 210 238 257 260 283
101 133 147 160 185 217 239 246 264 294
103 121 144 164 200 202 221 250 275 299
113 122 154 175 194 213 225 256 273 295
101 122 140 163 198 217 237 248 275 281
114 121 150 175 193 208 237 247 266 297
119 123 142 169 196 209 221 254 277 290
115 133 148 162 186 216 222 240 277 282
114 137 157 178 200 213 238 260 269 290
114 127 148 176 200 212 226 243 270 294
101 139 140 164 180 202 228 256 260 291
103 134 152 177 189 219 236 244 272 283
114 122 144 180 200 203 232 254 279 281
102 134 154 177 192 200 231 240 275 280
106 139 160 169 194 215 239 251 276 288
102 122 149 178 184 219 226 255 267 293
101 132 140 175 189 208 226 240 272 280
108 135 153 169 191 201 234 257 263 285
107 124 151 168 195 208 230 251 276 299
104 120 148 160 191 217 233 257 280 285
106 124 143 160 194 210 226 247 276 297
109 136 146 179 185 220 235 253 265 295
100 133 140 179 195 218 221 245 272 299
116 126 147 169 194 214 240 244 269 286
115 131 159 167 181 215 232 249 275 296
110 122 145 176 198 200 225 241 266 299
112 135 159 176 183 212 235 252 275 288
116 128 160 172 193 217 232 255 266 282
102 138 158 160 196 215 224 254 280 289
104 121 151 161 191 202 233 247 268 292
118 139 147 180 180 203 227 258 270 287
102 138 153 161 197 207 234 248 276 298
108 127 159 178 187 204 234 258 274 292
118 135 154 160 196 210 221 257 262 291
114 140 147 178 189 209 225 247 262 298
105 130 143 169 183 214 240 251 266 294
100 129 146 161 191 205 228 240 275 292
110 138 143 179 181 204 233 255 269 284
102 123 149 176 198 210 224 250 265 289
109 125 140 162 187 211 234 252 260 300
120 127 141 163 183 207 237 259 276 299
115 124 147 173 183 208 220 242 267 282
120 134 155 161 187 216 220 244 274 291
115 126 160 164 199 218 220 252 276 287
108 130 154 164 190 213 224 253 262 296
112 137 143 179 189 212 240 245 275 299
118 128 157 180 200 200 222 244 262 298
116 126 145 162 180 203 227 240 265 294
14344 17025 19035 22118 24262 27479 30293 33376 35118 38736
18095 18855 22503 27064 27976 32537 34057 36641 39834 42874
21896 27270 29459 32445 38415 41003 44784 50754 51750 59511
15374 17279 20951 24080 25440 28433 30065 34961 37954 38770
17883 24433 26026 31160 33815 36293 41781 46029 47269 50986
19031 21983 24279 27396 31660 34777 38549 40681 42814 46258
18622 22382 25425 31691 34376 36883 39926 44222 49593 53710
12436 15297 16947 19588 21678 22448 25749 26629 29600 31910
11634 15511 17563 20528 22694 22922 26685 28053 31132 32842
16763 18751 20455 25000 26278 30397 33805 36645 37640 41332
12106 15495 19367 20215 23845 26266 28565 31348 33648 35584
11621 15417 16797 19328 21053 23814 26459 28529 31060 33590
12025 16667 17857 20119 21785 26189 28569 30830 33330 33449
11206 14679 16359 17928 20952 23081 24985 28122 29690 32490
12906 17680 18970 21680 25163 26195 30969 32904 35872 36130
19906 23887 31848 35032 38216 42595 44983 48963 52745 58118
18176 19125 23391 26710 30818 33979 36507 39667 42196 45830
15783 17687 21087 24216 24760 28977 31697 34145 35642 38634
15206 18247 21287 27368 27824 31625 34361 37249 40442 43482
18934 21808 23667 30428 31780 36006 40400 41583 45640 49696
20303 22023 25807 27528 32172 35957 39225 42665 47310 48170
20887 22627 25237 29936 34112 37767 39507 42987 48730 49252
12542 13959 15376 19192 20827 22681 24643 26714 28786 31838
10716 14083 15715 17348 18776 21735 23673 25203 27652 29386
18321 22942 26408 27893 33008 34659 36639 40599 43735 47035
14247 18337 19747 24260 25952 28208 31734 36388 38362 42310
18468 23718 26795 30416 36209 37114 42363 44354 47251 51595
11807 12107 14807 17108 18008 20509 22009 25210 27510 28210
15367 16647 20488 21896 24456 26377 28809 30857 35210 35850
18486 22942 23932 28388 31193 35649 38124 42579 43735 47860
12643 13615 16207 17720 20312 23337 25929 27873 28414 30466
15202 17430 20443 23195 25422 27125 29091 33938 34463 37869
20634 24264 30377 32860 34579 39737 43175 49288 50625 55400
18210 20671 25099 26412 32152 34285 39041 39533 45602 48390
13641 18637 20257 23093 26468 28899 29844 32409 37000 39835
18306 23065 28190 29654 33497 39537 43197 43929 49420 51982
21903 22271 25767 32944 36440 37176 42145 46561 48770 52266
12506 15757 19758 20008 23508 26884 29259 30509 32760 37385
19166 20937 23835 28344 30759 33175 38488 38810 43963 46056
11807 12407 16008 17908 18708 21809 22809 24209 27610 29010
17814 20359 25288 28151 31808 32603 36102 39918 44053 45007
13722 16898 19820 20455 24392 25917 29981 31124 33538 35824
20994 26935 27925 34064 39608 41589 47529 49113 55450 55846
15102 19839 20727 26204 27388 32125 33161 36269 39674 41894
13060 15013 18795 20626 22456 24530 28435 29899 33072 36488
17334 21287 21591 24480 30408 31017 35425 36641 41506 44242
16230 19819 24811 27932 30584 32613 36981 38385 42754 45406
16796 18111 23368 26288 27748 30815 34173 37969 37969 41620
14993 17533 19819 20963 22868 26806 28711 32140 35062 37983
10906 12107 14707 16208 18308 21209 22709 24509 26410 30010
20570 24063 27749 31436 35122 40361 45211 47345 54136 56270
18303 22750 26512 28223 33866 37116 38484 43956 45325 49258
18672 24712 28372 31301 34595 37157 43746 44844 49237 54178
22003 25575 29523 31592 36480 38548 42873 47573 49642 54530
19257 21182 26082 30808 31683 36934 39209 42184 45685 49360
21350 24663 27607 32576 33496 38464 43433 47849 50610 53738
18961 19771 24469 27872 29330 35163 37593 40671 42292 46180
18489 24895 27823 29288 36242 38073 43014 43929 50884 52897
12882 14275 17756 20192 21120 25413 26341 28429 30170 32838
12711 15616 18157 19368 23240 24572 29049 29049 33043 34979
15756 20707 22657 24158 28808 30909 34509 38710 39460 43210
17390 21491 26084 27232 31824 33628 37893 40189 45930 47734
20782 27251 27839 32152 36856 39209 43717 48421 53126 56850
11560 13469 14953 17816 20784 21739 24813 25661 29372 31386
14566 16257 20417 23018 25228 26918 29259 32379 36410 37580
12082 12922 15652 17648 19223 21114 24789 25629 28150 31090
15231 17552 20452 25963 28573 31184 33794 36259 37710 40755
11336 14324 15869 17518 19475 22669 22669 25038 28850 30910
20607 26467 27601 31382 35162 41400 42345 45558 51229 56521
11924 13743 15864 17279 19602 21623 23138 25158 27987 30209
15624 16447 21516 23983 26997 27819 30697 35492 35629 40836
18142 21707 22172 26668 29768 31318 36899 39844 40930 44650
14106 17632 20170 24683 27080 29478 31170 34836 37657 39490
14382 16507 18132 22508 24133 26134 27634 30259 33135 35510
16706 22552 26393 28899 31404 35413 39087 42427 46102 48440
11419 13680 16505 18540 20461 24756 25321 28033 30972 33910
12174 16153 16504 19898 21770 24696 28089 28440 30781 34291
18754 23743 26667 27872 32860 34408 40429 42321 48170 50234
16368 20581 23983 28358 31112 35001 38241 41481 42616 46504
20685 22699 27823 29471 33863 37890 40452 46858 49237 54727
18637 19771 23011 28034 32408 34677 37269 41481 42778 45370
16065 20518 24652 27674 31490 34194 38169 38169 42304 47551
22006 26407 28807 32208 38808 40608 47009 51409 56010 56610
19806 23227 26647 32228 32588 36009 40869 43569 47710 52030
17448 20509 22804 27089 29078 32904 34587 39330 41473 43921
22687 26467 27790 30815 35162 39510 41778 49150 51229 53308
13488 17395 19285 21932 25082 26973 29367 31131 34786 36928
17291 18632 22357 24444 27573 30852 33534 37259 41730 44710
17366 18917 22947 27908 30853 33799 35039 37674 42635 43875
14506 18567 20887 23498 28283 31184 34809 36404 38435 42785
16126 19382 22637 25428 30233 34109 35659 37519 42945 45270
15353 19526 21016 26083 26977 32044 35620 36663 39942 42475
18486 20503 24703 29408 31592 34449 37305 43186 46210 48562
11233 12573 15251 17106 20402 21124 22669 24729 28026 30910
17287 18871 20887 23192 26792 30393 32841 34713 39754 42490
13182 15989 18917 21724 22578 25507 29289 29289 33072 34658
12921 15874 19319 19811 24239 25593 27192 31251 33097 36664
20652 25303 26791 31442 34418 40929 42789 45393 52090 54880
17747 19946 23086 27954 28896 33293 34863 38317 42243 45540
23767 25747 29113 32480 38024 40995 47133 47727 53866 57430
19230 24393 25995 29912 32404 38635 40237 44331 48426 50028
12921 16981 18088 20057 23255 24609 28053 31498 32851 34819
18652 20302 25748 27563 29873 34494 38784 40104 43900 47860
20013 23776 24631 29078 33695 37458 40707 41220 45667 49258
15574 18355 21135 24889 25445 28642 32674 36010 37540 40876
14521 16120 18211 20426 23747 26331 27192 31251 33466 35188
16447 18365 21516 22202 25216 30149 32067 33711 36178 39877
11206 13407 14007 17808 19408 21609 22009 25009 27410 29810
17557 18007 24008 25058 29258 30008 33609 37809 39760 44410
18596 22653 24512 29752 32625 34823 39048 42259 44964 48513
15186 17299 19807 23240 25088 26936 31425 33141 34726 39610
11706 15685 18611 19079 22355 24579 26334 28323 31483 34057
12186 13867 16492 18383 21008 21218 24684 25944 28360 29725
19494 23359 24535 28232 30584 36801 40161 43521 45874 49570
18381 22232 24507 28708 33433 35184 40434 42709 46210 51810
19266 24307 25567 31328 34568 36548 42849 45549 50230 50770
13318 17287 19207 22024 23304 27401 28297 33162 33290 37386
22070 26799 28966 31725 39211 42955 43743 50835 55170 58519
13578 14164 17323 19547 23174 25515 26100 29493 32653 34291
12960 16009 20328 22487 23249 27568 29473 30489 35189 36586
22975 24559 29707 33470 36836 43371 47529 49113 54460 55846
21397 24373 26605 31070 37208 39069 41487 44835 51718 54322
17072 21259 23352 26573 29471 32692 37039 39454 42675 45251
16327 17007 19455 22312 24488 28161 31969 34009 36186 39042
20912 23132 26832 30163 36823 37564 43114 45149 48295 54030
15762 21535 23407 25592 29648 33705 34797 39477 41350 45406
13347 15087 16711 18800 21120 23789 25993 30170 31794 34462
18106 23899 28606 29149 34398 38924 43268 44535 49604 50871
13106 15858 20837 23064 23981 28305 29746 32497 35380 38917
18654 23359 24871 28232 31424 36465 37641 40665 45034 47218
19196 25277 30028 30978 37438 40859 42569 45609 52070 53400
13705 16233 21288 21687 25145 28471 31530 31929 36984 39777
17366 19537 23257 26203 31008 34109 34574 37364 43410 45115
17167 17167 22459 22888 27464 29324 31898 36188 37333 42481
20184 22066 25657 29762 33353 37287 40536 42075 47719 50284
22207 23687 27387 30163 33308 39784 43854 44779 48480 54215
15465 16251 19919 21099 23850 26733 31056 32104 35380 39048
16620 19461 22301 24290 27130 30823 31817 35083 38776 41048
13606 17007 19319 22720 25304 28705 31425 35098 36458 40538
11883 15214 16324 19544 20543 22653 25095 27870 29980 31867
14049 14406 17738 19881 22499 24404 26308 30235 32973 35234
17664 21391 25766 27872 31436 32733 35973 40023 42130 47152
19897 22617 25167 29078 32818 34688 40809 43359 44380 47950
12106 14087 17167 17938 20798 22448 24759 28169 30810 31910
20754 25305 28035 32040 34042 37318 43507 47147 50242 51516
12888 14358 18088 20009 20574 24756 25547 28372 30520 32554
14838 19447 21175 23624 26216 30681 33417 36441 37882 41914
22806 27807 30807 35608 38008 40608 44409 52009 53410 56610
19406 26391 28719 32212 37062 40943 43271 49673 54136 56076
16992 19973 23848 25040 28765 31597 33832 38302 38898 43220
12058 13809 15560 18548 20608 21020 23390 24729 27099 29468
18567 21127 23047 27528 29448 32969 36489 38729 43210 47690
13540 17695 20509 23994 24798 28685 31097 34715 36860 38334
11941 13879 14491 17450 18980 21531 22653 25305 26836 29080
19600 24063 29301 33570 34928 41331 43465 49674 52196 55494
13446 17031 20360 22664 24200 27145 29065 32777 33802 36618
16974 21847 23527 27392 32264 35625 40329 42681 46378 48562
15783 16327 19727 24352 27208 27753 30609 33329 36050 39042
13274 16003 17739 22328 23692 26049 28653 30513 34730 35350
19379 23387 23387 28732 31237 34244 39588 40423 43931 47104
20390 23723 30976 32348 37444 40385 46069 49793 54106 56262
14045 17938 20023 24472 26140 28226 31145 35454 37679 41432
18475 20743 24955 26414 30788 35001 35973 39213 43588 47152
12546 14637 16507 18048 20578 22779 25529 28059 30700 32020
15465 16775 20968 21623 26208 27519 30925 33807 34725 36690
12408 14281 18260 18728 22823 23409 26217 29142 31249 34876
11778 13741 16903 18429 20718 23989 24207 26387 28459 32383
17254 19719 23415 27728 29576 30808 36969 39433 42052 43592
22493 23887 27867 32445 38216 42794 45580 51551 53939 56327
14036 16111 18917 21114 23920 26117 26849 29533 32706 36244
18333 21259 24494 26034 28036 31270 36199 37123 42514 43900
10510 13319 16336 16960 19560 21641 24033 26842 27882 29962
13406 18633 20911 24128 26540 28685 30025 33107 35252 37798
18867 20015 22967 27068 30020 33793 37565 42650 45766 46094
20202 24130 28805 32920 33668 40401 42084 46946 51996 52557
16956 19057 23408 24308 29558 30459 35409 36309 39310 43960
12279 13631 16127 17064 20808 21120 24449 26009 28402 29546
12206 14769 17209 20260 21968 25873 26971 30022 32340 35756
18703 22147 23459 27560 31332 33465 38221 40517 43798 45930
15087 17427 18857 21328 24058 26269 29779 32249 35370 36410
19782 25927 27271 31304 37448 39945 42441 49353 53194 56458
14106 17491 21862 23696 27080 29760 32862 34977 39067 40336
17372 19335 21449 27188 28245 30359 33984 37608 42139 43498
16506 20707 22807 24458 28958 31959 35259 37809 39460 43510
11130 14587 15559 18584 19448 22041 25065 26469 28954 30466
19880 22886 25725 29734 31738 36415 36916 40089 46603 47271
15918 20287 24812 25904 28400 33237 37137 38229 42130 43690
13706 17406 19598 23572 26586 29601 32889 35355 37685 38781
12774 15687 17928 18152 22408 23753 24873 27897 29690 33274
11542 15015 16247 20056 21288 23193 26441 26889 30026 31482
19542 24119 28167 31160 34504 38025 39785 42249 48938 52282
17681 23632 24682 30458 34833 35008 40434 43409 46560 52335
12525 15568 17089 20366 21887 24227 26100 30429 32770 35110
21166 22639 26135 33128 36072 40489 43249 46009 50610 52266
14285 14527 17794 19852 23724 24571 28323 29412 33769 36310
18259 20287 24343 25748 30896 31520 35265 40257 40882 44938
21606 26407 28607 32408 38608 41209 44609 50209 55610 58410
18662 23943 24823 29752 32920 35737 40137 45594 46474 49290
19517 23993 28469 29543 33481 37241 39389 46192 49772 50130
17718 20671 25099 27396 32316 35105 36909 41173 43306 46750
12204 13915 17677 18248 21668 23493 27369 28623 30904 33412
13215 14882 17381 20714 23094 24523 26784 29521 32616 34282
11645 15488 16053 19331 20913 22722 25547 28485 31311 31989
17337 20995 24175 27197 29900 32604 35148 38487 41350 47392
13792 15501 18185 19772 23310 26239 26849 30265 33560 35268
17619 21040 25999 30275 34208 36774 40194 43614 47719 50284
13606 17687 19319 22040 27208 28841 31153 34825 37954 38634
19600 26391 28913 31242 35122 41525 44629 47733 52972 55688
17590 19789 22929 26227 29995 32351 35334 39573 42557 45069
14076 16221 20778 22788 24932 27345 30293 32571 34850 38602
19802 23527 27643 34504 38620 39797 45285 48617 54106 56066
17506 22407 26607 30458 31858 38159 40259 42884 47785 49885
11776 13382 15094 18840 20231 21623 25368 27723 28044 30505
15906 20836 24175 28469 30059 33081 36420 38805 42781 45961
22122 26003 30466 31048 36868 40749 43659 49285 52002 56464
15336 18549 22345 24682 26872 29939 33005 37093 40306 42204
19787 21507 27184 28904 31484 34752 37849 44214 47482 49718
13346 16131 16363 20308 22280 24485 26109 29009 32142 33534
19587 21967 25993 31850 33131 37341 40635 47041 50152 52165
16806 19507 21907 25058 29108 30759 34059 38560 40060 42160
10716 13027 16492 17018 20798 22899 25209 26049 28465 30250
19442 20963 24005 29245 31104 36175 39217 43781 46316 47499
16126 20312 23567 25893 29458 32559 35814 38604 42325 44340
11606 14007 14607 17308 18208 21309 23109 25909 27810 28910
16536 19872 21757 26108 28863 30894 33359 34809 40175 41770
10207 13642 15157 16168 18390 21320 23138 25158 27987 29300
14853 20587 22498 25292 28526 31614 34995 36465 39259 43228
21734 25809 27361 32018 37838 40361 45017 48509 51808 58016
18801 24172 28290 30975 32407 36524 42074 43685 49951 51920
16901 20312 23412 27443 28993 32869 34419 38759 43410 44030
11878 14231 17479 20168 20952 23977 25657 27897 30810 33386
20014 22750 24460 27539 32327 37458 40536 44127 45496 50626
14982 19159 21751 25208 27080 29817 32265 36729 39754 41482
19517 23456 26857 30975 32407 38494 41000 46191 46908 53173
22742 24899 31172 33720 37052 41953 43913 50381 51754 57438
14076 17561 21046 23056 24128 29355 29489 33241 35520 40076
18774 22271 27791 31288 35152 39753 40857 44169 47850 54106
14507 16257 17882 21758 22883 25259 27634 30509 33510 35760
19986 24307 27187 31328 33308 37449 42309 44649 49510 52930
15953 16087 21314 22788 26540 26808 31499 33375 35520 38602
17256 19207 21907 24908 27458 31959 34209 38559 40810 44860
10920 12655 14491 16634 20204 21123 24285 24591 28570 28672
19806 27727 30698 32282 36044 41193 43965 47727 51886 56836
21762 27447 29407 34112 38228 42933 45873 47049 52734 55478
13338 18223 18883 21920 24428 27333 30105 34198 35518 38686
19786 23227 24259 29248 31484 36817 41117 43697 47310 48858
19999 20503 26888 29408 30416 33608 39153 43690 43858 47554
15127 15253 19159 22688 23066 27099 29619 31131 34408 36550
14623 16765 19285 20672 25208 25460 28989 32391 33022 36172
13114 15087 16247 20424 21468 24601 27501 30053 31330 32722
13105 14992 17101 18656 21875 23763 24651 27204 29647 32422
18142 18607 21707 24963 28683 31164 36124 38604 42480 44805
18468 23718 27157 29511 33312 37657 41277 45441 47070 52681
11839 13063 14593 17042 19388 21837 22857 25407 27550 29998
12409 12727 14847 18134 20678 22799 24177 27039 28736 30114
15531 18367 21202 22283 26333 29304 31734 32544 37000 38620
14592 17882 22602 25462 28179 29324 34329 34901 37476 41623
18987 20869 24973 28394 34208 35577 37629 44299 46009 48916
19807 23107 25912 29213 33008 35649 38784 40104 44230 46375
18987 23776 24289 29249 32840 35577 39681 43272 44983 48745
18816 21724 24973 30104 33524 35748 38484 44469 47719 48745
19299 22486 27974 30275 33992 36116 41427 45852 47977 50101
22975 25351 31490 31886 36638 42381 45153 49311 52876 57232
19616 25722 27202 29978 35158 39229 42559 47554 50885 54030
13691 14525 17857 20357 22380 25951 28093 29997 32973 34520
12606 15883 18907 21680 24326 25461 28611 32014 34156 36298
14941 16775 18871 20968 24505 26733 29222 32366 34594 37476
14983 17159 19079 21896 23944 27145 28937 32649 33546 36234
13462 16107 16222 19558 20708 24734 27264 27724 31520 32900
21873 25814 29754 35074 35862 41970 44925 48274 55170 56155
17814 21175 23863 28904 32096 34785 39657 42682 45034 47218
15662 18551 21439 24632 29648 31321 35577 37097 40138 45002
20892 23902 27796 31868 34877 36470 42135 44790 49570 49924
18914 21197 24620 26088 31956 32771 38477 39944 45650 48584
13206 18355 20203 22184 23900 26936 31161 33801 36706 38290
10606 13707 14507 16008 20008 22009 23909 25609 27310 28210
13062 16007 20360 21128 25224 27017 30729 31753 35210 37130
13216 14659 15769 19322 20765 22541 25872 28647 30535 32089
18334 19441 23707 27658 31134 33821 35401 39351 42828 47094
14606 18257 22491 25558 29208 30377 32129 36217 40306 43080
21847 23485 27489 30038 34406 36590 40959 44599 48786 53154
14043 15253 18762 19852 22272 26145 27839 30622 33043 34616
13692 14525 18214 19405 21428 25356 27498 29521 31545 35115
20412 24351 26678 31870 35092 38673 39926 43148 47445 52099
11670 15019 17179 18260 20744 21608 25389 26145 30250 32302
15462 16981 21259 23606 24848 28299 32715 33819 36856 41410
17857 18457 21457 25208 27008 31359 33759 36909 39460 44410
13892 18085 20836 22016 23981 27781 29746 33283 36428 38393
12278 14151 14879 18208 20392 21536 23305 26945 28506 31002
17142 20335 24367 28904 32936 35289 40329 42345 44530 49570
16327 17279 19319 24352 26528 27889 29929 33873 35370 38498
22510 26585 29495 33570 37450 42107 45599 46957 52778 56852
16310 19187 20420 21928 24805 29601 31519 34396 37274 39055
13422 16906 20389 21809 25550 25937 30582 33549 34195 37936
22316 24257 30077 31824 38032 41137 46181 46957 52196 58016
19642 22612 23272 27068 30203 36144 37464 42744 45385 46375
12348 16584 17915 19489 24208 24814 27839 29049 33890 35463
14150 19047 19319 22720 26392 28841 32105 33601 37818 39994
17502 22201 25117 27062 31598 33705 37917 41805 42291 47314
20541 23502 26092 33308 36453 39044 41634 47184 49405 52550
17716 19810 23030 27056 30598 32209 36395 41870 44285 45573
15000 19558 22351 23822 27938 32349 34113 36906 39259 41317
15301 17563 20223 22751 24214 26874 30732 34323 36186 39245
20983 23927 25767 30368 36440 39753 41041 45273 51162 52082
14887 15631 19103 20220 22452 27289 29769 30885 33862 36714
13117 15625 16651 18818 22808 22808 25431 28737 29764 32158
15798 19042 20170 25247 26234 31029 32298 34836 38785 42169
21476 25657 26987 33638 37058 41809 44659 48269 52450 55870
14046 17297 20678 22238 23538 26919 29519 32249 36280 38100
20004 25549 28717 35648 35648 43371 47331 49905 53074 57232
20796 24757 27727 34658 37034 40995 46935 48915 55450 59410
19610 22991 27048 27048 32456 34484 38203 42935 46823 49020
14394 17167 20335 22448 24824 27069 29709 34330 36310 37234
13347 14159 16595 20540 22744 23557 26573 27849 30402 34578
16230 19195 23408 26060 28868 32301 35109 38229 41974 44002
10813 13743 14652 17784 18895 20612 24148 24855 28290 28593
19806 24307 25927 31868 32768 37449 39609 45729 50230 53470
16308 18025 20456 24604 26463 31326 32899 36760 40050 40050
15334 16251 18478 21623 23981 26209 29877 32890 36297 37869
11634 15625 16309 20414 22580 23150 26799 29307 31132 33868
14037 14769 18185 20016 24164 26483 26849 31241 31852 36366
20607 26467 28357 30248 34028 41211 42723 48771 50473 55576
12620 16548 16786 19286 22975 25237 26546 28807 31307 34044
13446 15879 18055 22664 24712 25608 30729 32778 33802 36618
12318 15169 18020 19730 22580 24633 25545 27369 30220 33070
20978 24507 27447 35092 36856 40385 43325 48617 54694 55870
20838 22699 28093 31442 37022 40185 43533 46323 48742 53950
17178 21553 24793 26414 29816 32408 37431 39375 45208 47800
14644 15751 17842 20303 23255 24855 29160 30390 32482 35926
13256 17257 18507 22508 22758 25884 27759 31009 33135 35760
11556 14182 15442 18908 20378 22059 25209 26469 27730 30040
15396 17827 20797 23363 24983 29574 31059 33354 37000 40240
16163 18278 24168 24923 28849 32625 34437 37306 41535 43045
13807 14497 18408 19213 21053 23469 25424 28644 30830 34165
22567 25575 29523 32344 34976 40429 44753 48325 50958 54154
12323 15036 17636 19896 21704 22608 25434 28824 29729 32328
17926 20967 22727 28808 29448 34729 37769 39049 43850 44810
16536 19437 21612 25528 28428 29878 33069 36114 39305 42785
13190 16775 18951 21000 25352 27273 30217 32265 35338 36234
17582 20456 25019 28231 31780 36513 39724 42935 45471 50034
21510 25735 27655 32648 34568 40329 44937 49930 53002 54346
19557 20747 24317 27888 32138 36389 40299 42169 47270 48630
17207 21884 24890 28732 31905 34912 39254 40256 45601 50110
18726 23407 25567 31328 34928 37269 39969 46270 46990 54010
15435 17829 20622 21421 26475 27806 29402 32328 35255 38580
18247 20831 22655 25088 29344 32385 34361 38769 39985 45610
13807 15607 16807 21488 22808 24129 27249 29409 32050 34330
11994 13507 16639 18368 21176 23013 24093 26145 29062 31438
10409 12935 15663 17784 18289 20613 23239 24754 27078 28896
12306 16243 17473 22025 23378 26700 27315 30021 32605 36049
19320 21409 26977 29414 33416 36201 41073 41769 48034 49600
14082 18637 20155 22088 25814 28851 30369 33957 37684 40858
15120 17152 19311 21090 23376 26298 29854 30997 34173 36967
12756 16757 19132 21258 24633 25634 27884 30009 33010 37385
13674 16355 19035 23860 26406 28149 29489 33509 36726 39808
19406 26197 28331 34928 37450 40361 43659 48897 50644 58210
16566 19303 20743 23768 27656 30537 33417 36441 38314 42490
17883 23725 25141 30983 33284 35940 40365 44614 47800 49924
20423 22535 26583 29048 34152 35384 40313 45065 47706 52634
10308 13675 16021 18266 18470 21735 23469 25917 27754 30406
21207 25410 27511 33242 37253 39355 42602 45849 53299 53872
18624 23323 26804 29762 31676 34808 38985 41769 48382 50818
14586 17422 19177 22688 24983 29709 31464 32814 35245 38755
20105 27668 30255 34037 39410 40007 44585 49361 53143 56924
16176 19565 22491 27266 28806 32041 36045 37739 40666 46210
14357 17787 19819 22233 25154 26933 28457 32267 33537 36713
18726 24307 28808 29348 34568 38709 39609 43569 49870 51670
14042 16342 18278 20941 24087 26508 27113 31227 32316 35342
23647 24829 29557 34877 38423 40788 43546 48668 52018 57534
19297 25601 28466 32287 37826 41074 44512 47568 50434 57310
13290 17227 18580 21164 22640 26331 28668 31005 31989 36418
21070 22132 27088 31868 32399 38241 38949 43905 47092 52756
21367 22079 28488 28844 34006 36498 42017 45399 47892 53054
17479 20767 24573 28034 33570 34782 39453 43087 46028 50699
20782 25291 30191 34308 38620 43129 45089 50185 51557 57046
20994 24361 27727 33074 35846 40005 44163 50896 52084 57430
12858 17521 19411 22058 22940 26721 29745 32517 35038 36802
20066 22277 27207 29758 33498 36218 39789 42509 46930 50840
12090 14827 17678 20528 20528 23493 25887 27597 30334 32500
17233 21903 24801 27056 29793 33497 36717 39132 44285 46861
16763 17189 20881 23154 28408 29971 32101 34515 38634 42610
15661 19072 24343 27908 29458 33644 35969 40310 40620 43720
21261 25747 28282 31208 38618 39008 46809 48954 50710 57730
16409 19050 20996 22248 26279 29616 31562 34064 37679 41293
16327 18775 20135 22040 26120 29249 31425 34145 37818 38634
11758 15149 17296 18314 21817 22834 26112 28372 30520 33458
17767 17915 20727 26648 26796 31829 35529 38341 40858 43818
11994 15214 16546 18767 20987 22541 25872 27981 30424 32644
19831 23359 25207 28232 30920 33945 37137 42849 44698 47890
10716 13777 16226 16328 18470 20919 24387 24897 28264 29998
12216 13977 17167 17938 20908 23329 26409 26629 30590 32020
20118 22315 24681 28400 31949 34485 37865 42935 45640 48513
21300 22211 27671 29492 36408 40049 40595 47147 50970 53154
20911 25907 29237 31458 36268 37748 42929 47924 50700 53660
15666 16747 19042 22688 26873 29709 30789 35109 36730 40375
11006 13007 15307 17108 18708 20208 22109 25109 27210 29710
18089 22822 25357 30259 32118 34315 40400 41752 44457 50541
19044 22886 25224 29400 33241 34577 39922 40757 46102 47438
14856 16747 20663 22283 24443 27954 30384 33084 35920 38620
11542 14427 15457 16488 18651 21124 24626 25038 27923 30910
22191 24259 26515 33096 37044 38924 41933 48889 52274 53778
15920 17965 23075 25558 27894 31107 34903 37385 39868 41182
13117 14257 16537 19616 22466 24519 26799 27597 30790 32386
11532 13680 16166 20235 22156 23739 27129 28937 31424 32780
15774 17965 22784 24536 27894 31837 32275 35195 38554 41328
20297 24041 29557 35074 35665 42561 43743 48865 54579 55564
12643 13399 15559 18800 19772 22365 23877 25929 29170 30682
20336 23187 29458 30598 37438 39719 42189 46749 50930 55870
19988 24839 27361 34734 35316 41525 45793 46957 53748 55688
16212 18403 22638 25266 26872 30523 32421 35925 38116 42642
18672 25627 28555 31301 34778 36608 42831 46125 50518 52714
14611 16263 20073 21725 24011 27949 30108 33029 33283 37348
15350 19050 20831 22476 26586 29190 31382 35492 37137 40562
19190 23591 27464 28696 32392 35737 40137 45066 47530 49642
18487 20181 22029 24802 30808 33889 35583 40049 40512 44516
18258 20963 23836 30090 30766 34992 40062 43611 45302 50372
20421 23881 26303 30456 31840 34954 39453 41529 46893 50699
11925 14046 15460 16370 20208 20511 23643 24956 26472 29199
15462 16981 19465 22640 26504 30231 30369 34923 37546 40306
12632 14559 16699 17770 19696 23335 25475 27829 29007 30398
19038 25444 27274 32948 34778 39354 43014 47589 50701 51250
15816 19537 22637 26668 27908 31008 37209 37984 42170 46045
20430 22455 28896 29816 35704 37361 41593 45825 50058 54290
11241 14287 15022 18278 19853 22899 23844 25524 29410 31300
13921 15011 19004 21546 23724 25298 27839 29412 32559 34737
22395 26834 30695 34169 36678 39380 45364 46329 51541 54050
12097 15262 16392 19783 21930 23173 26564 28485 30407 33006
21301 25123 27307 30766 32950 37137 40231 44781 50060 53700
23173 27331 28915 34460 36440 40202 45153 50103 54262 56440
13104 16409 17471 20658 23608 24435 28093 28801 31280 33522
14436 15607 18597 23018 24448 27439 30169 33550 34070 38230
18046 20671 25099 29200 31004 33300 39041 39697 45274 46750
14631 17507 17507 22008 24008 27134 29884 31134 33260 36510
16999 18583 21175 23336 28808 29961 33849 36873 37449 42634
15949 20569 21314 24146 26828 31150 34577 37557 41432 43071
18822 23023 23527 29240 31256 35625 39321 42513 45370 48562
14130 16771 20732 22712 24692 27201 30105 32613 36046 39214
15702 17287 20311 23480 27656 31545 33561 35145 38602 42346
17860 21653 23707 25446 30976 32398 37929 40299 42670 45356
11862 14463 16543 17168 19664 20912 24553 26113 29026 29962
15282 17695 21448 23458 24396 27076 30695 33375 36592 37664
10308 13743 14854 17481 18390 21421 23441 24653 26775 29199
13231 14971 18220 18800 21236 23789 26805 28893 31678 33650
14006 16882 19382 21258 24258 25883 27884 32384 33260 36885
15834 17031 21021 23682 25145 28072 31796 33392 34988 39378
15626 19035 22017 24290 27556 28834 32669 34941 38776 40480
20026 22029 25487 31858 34588 40049 40595 46419 50242 54610
15076 17954 20283 22202 26175 28094 30971 35493 35767 38781
17228 19915 24971 26236 29712 33189 37455 41089 42038 46936
20132 21532 24857 28358 32733 36059 40434 44635 47085 50235
20166 25735 30343 33416 36488 42249 43977 47817 49929 56650
11878 13469 15165 18664 20466 21739 24071 26403 28948 30644
18452 18917 22172 25428 29768 34109 34264 38759 41705 45270
17381 18111 23221 25850 27602 29646 33881 36217 40014 43810
14586 17692 20527 22283 25118 27684 30249 33219 36325 39700
13811 16191 17262 20476 22380 26070 26665 29164 32497 33449
17502 20257 25117 27062 31760 33219 36135 40671 44560 46666
21430 25676 27027 31274 35134 38995 45943 46522 51155 55594
17722 24087 26323 30968 33720 36989 39397 42493 47826 49030
18206 24332 25207 30808 33958 37109 39909 43234 46560 50060
13566 16207 18847 19448 23648 25689 26769 30609 32290 35050
12501 15834 16667 20952 22856 25118 27141 30235 32735 34520
22427 23187 26987 32878 37248 39909 43519 49029 52260 56630
16912 19757 22917 28290 28764 31767 35085 39351 43776 46462
18486 24647 25703 30456 32920 37145 41721 43481 45946 51578
18945 21601 26734 31514 33815 37887 39126 45675 48508 53110
21299 23887 31250 35032 38216 41202 46973 51749 53939 57123
11878 15575 15911 18152 22296 23529 25769 29017 30810 32266
19728 24227 26303 28207 33743 35127 39799 44470 47758 50526
13437 15011 19126 19973 23724 24209 27476 30259 31470 33890
22008 26448 27799 31853 35134 40925 45943 49224 51927 54436
10914 13036 14450 17582 20107 21724 23845 24552 27078 29805
15727 17692 20312 22409 24767 28567 31187 32759 34987 37869
14306 16647 20548 22628 23408 26919 29649 33810 34460 36540
16734 20179 23459 29364 32644 35269 37237 40845 45110 46094
14632 17132 19883 22133 22508 25884 28009 30634 34385 35885
12145 13369 16226 16328 20102 21225 23163 24897 27652 30100
15852 16826 21274 23221 27808 29755 31979 35315 36706 40042
17825 23881 27342 29245 31840 38069 39972 41875 47585 48450
16692 22039 23335 28034 30302 34029 38565 41481 42130 46666
19828 23382 29741 33668 37221 37408 42832 47881 49565 55362
14769 16898 19957 21820 24879 29269 31264 33525 35654 39777
16247 20271 21761 26083 28318 31299 33683 38153 38750 42326
20246 22639 27423 32024 36072 37176 43985 47849 50610 53370
19454 25252 27683 32546 35912 40775 41523 45263 51809 52744
17270 22251 25904 26900 32876 35201 36861 40845 44166 49478
18830 22994 27700 31683 34941 36571 42001 43811 49061 51052
21837 24427 27942 30348 33308 40709 42189 44964 49590 52920
15319 17167 20467 22580 24032 26936 31557 31821 36706 37498
20476 23147 26885 29556 34362 38457 39525 44509 49138 52698
19014 24471 27992 29224 34680 38025 39081 43833 48586 50170
18099 20708 24457 26577 31630 32608 38640 40433 44183 46954
17448 19591 21733 27548 29996 31833 35964 38412 40555 45910
19686 22639 25591 27232 31988 34612 39205 42649 43469 49210
11851 14382 17372 19443 22778 25079 25424 28529 30140 33360
12868 14403 17943 19006 22074 24907 26795 29509 30808 34820
18210 20507 25591 29528 32152 33464 36089 40189 44618 48226
22578 26935 30103 33074 36638 40796 45747 49113 54658 59410
14647 15379 18185 20992 23066 24652 27825 30387 33804 34414
15266 19607 20167 24368 25208 29969 31649 34869 37810 42010
21955 22513 29024 33302 35348 39441 41301 45393 49300 54136
13506 18232 19177 23903 24578 28629 30249 33759 35785 39160
17058 19264 21763 24410 29261 29849 34995 36612 40582 43375
20994 25549 30896 34262 37232 43371 44559 48123 54262 55846
12306 17227 17596 21902 22148 25716 27192 31867 33343 35926
16122 19441 22601 28290 28922 33979 37771 41090 41564 44408
11823 15568 18728 20600 22940 25632 27738 29025 31717 32770
22207 25722 26832 32383 34973 38859 43484 45519 51625 53660
21429 24518 28185 32239 38415 41118 46329 47487 53278 54050
15667 18637 19852 22553 27008 27278 30789 33354 35650 39565
19408 22969 25817 32048 32938 35608 42373 43441 49138 50384
19116 23485 25851 30402 34770 39503 42051 43689 50970 52062
17790 21535 24187 26996 30428 33081 35577 38073 41818 43846
23287 23481 28719 31048 38226 40749 43465 48703 51226 55106
16377 19438 21427 25253 28313 30915 36270 39178 41932 44074
13806 16705 20984 22364 25400 28713 30507 34234 36856 38788
12606 16327 17167 20528 24008 25329 26649 31210 32290 34450
15190 20301 23076 23952 26872 31983 33297 35049 38700 42058
16918 18429 22959 25074 28547 32323 34588 38514 41535 43347
21742 24199 27979 32894 35729 39321 42345 49150 49339 53497
11217 14659 15991 18767 20210 22875 24429 28759 29758 32977
14018 16499 18235 20468 23444 26917 28529 31877 32498 35350
14176 17037 20158 22238 23668 27179 30299 31469 34200 38230
18266 21919 25239 27896 30884 34370 39351 42837 45328 49146
12426 14957 16682 18523 22893 24734 26804 27839 31060 33475
12876 14527 17277 17938 21678 24209 24649 27289 30700 32240
10818 14847 15907 17922 20360 22693 24283 27039 28418 30750
17610 20219 24294 26414 32445 34402 37336 41085 43857 47443
19158 22237 27368 27539 32327 36090 37800 42417 45154 50113
12323 14286 17120 19192 20391 23444 25515 28022 30312 32601
21365 23175 25347 32588 33131 36208 41277 45802 49242 52138
13026 16127 17367 21212 22576 24809 29397 30017 34358 36342
16504 19133 21323 25850 27310 31837 32567 37531 40744 43810
19806 25945 29311 32480 36044 42579 46143 51292 55252 56440
17886 20867 22804 26679 29212 31596 35322 36663 40687 44710
19611 22822 24005 30090 30428 35161 37189 42766 47161 48175
17286 19847 23207 27688 29288 35049 35849 41129 44650 47210
18486 22535 27464 29928 32920 35913 40489 43305 46650 51050
16308 19884 21886 24032 28036 30611 33757 34329 39478 40765
12126 14407 18608 19808 21728 24249 28089 30490 32770 33970
13228 15919 16504 18845 21887 24579 27621 28791 30430 34291
12986 14285 18298 19360 22310 23727 27031 28565 31162 34938
14802 17680 20420 24668 27271 28779 31108 33711 36726 40288
17638 21135 23719 25544 29344 31472 35425 38921 40138 43786
14991 17017 19177 24173 25118 27819 31464 33084 35515 38890
18259 21691 24656 26060 28556 33549 34329 37605 41974 46186
14118 15757 19916 22436 22814 26721 28107 31131 32896 35668
19431 25352 28497 32753 35343 38303 43484 45889 51440 53290
14566 16517 18207 21068 25748 28349 30299 31599 34330 38360
13117 15417 16452 19788 22088 23814 25654 28069 30140 34165
15086 18077 19507 21328 25878 26528 30949 33289 35500 38360
12426 13615 16639 19340 21608 23553 25605 26145 29170 30682
14163 16705 19125 21546 23482 26145 27960 31469 31469 36189
20598 25945 28717 33272 35846 41391 46737 48915 52876 56440
22606 24207 28007 35208 39008 40208 46809 49009 55010 57010
11994 15547 16546 18212 20987 23985 25761 26871 30202 32644
14952 19747 20311 22850 28208 31029 31875 35823 38080 42028
19404 19893 24294 29348 29837 33098 37499 42064 42390 47117
13398 14887 19848 20344 23072 27165 29769 30017 33862 34730
16479 19603 21875 25142 25710 28550 31391 34657 37782 40906
14940 15989 19526 22671 23981 28305 28829 31842 36690 38524
21582 24559 27907 32744 34604 40557 43347 47625 52090 52276
11134 13596 15736 19268 20659 22479 25154 27080 29328 32003
15306 19807 23557 26708 28958 31059 34359 37059 40210 44560
16806 21175 24199 26888 31256 34953 39489 41841 45706 48562
18366 23637 24657 27888 32138 34009 38429 43700 45060 48460
17998 21113 25784 30110 31321 34955 41183 44125 45336 48796
14866 16771 19820 21344 24138 25662 29346 31124 33157 36840
13680 16003 18454 20777 24002 26970 30324 30969 34840 36130
17446 22247 25287 28168 29448 33769 38249 39049 43690 47210
22447 23382 29741 30115 35912 38531 42271 44889 50126 54053
20539 23497 24889 30632 33068 35678 38289 43161 48034 51688
21873 25223 31528 34483 37044 41576 45516 49259 52018 58125
16428 20615 25768 26412 29793 34785 37039 40742 41870 45573
17877 19488 25446 28344 31081 33497 36717 41386 43158 45412
15302 17164 19558 21421 24214 26609 30333 34324 34989 37649
19546 22385 23387 28064 31404 34076 39421 42928 45267 47772
10926 13447 14917 17018 21008 21323 24369 26574 29095 31090
11550 14992 15769 18323 21209 24096 26427 27204 30091 31756
11560 14068 16902 19192 20936 23989 24316 26278 29658 31729
20716 21601 25495 30452 33284 37533 41427 44082 49039 49570
12726 16327 18727 19448 22808 25809 26889 30489 33370 35290
22704 27167 27167 33182 35704 40943 45793 49867 53748 58016
14280 15379 18185 20992 24408 25629 28679 31241 33682 34414
17069 20694 21147 26584 27188 31115 33833 38514 41233 44404
17106 20407 23407 26558 27158 32259 36009 39009 42010 42160
18361 21098 22547 26734 29471 33014 35590 39615 43963 46700
12651 14613 16030 17666 19955 21808 25079 28350 28459 32492
19166 19649 22869 26412 31886 35429 37361 41064 44285 47988
17100 19565 21721 26804 28498 33119 34505 37431 40974 45132
19230 22969 26885 30624 32226 37211 42195 45933 48070 51808
17602 21587 25405 28560 31714 35201 38521 40679 43170 48648
15811 20162 22337 24513 26543 29443 32924 35244 39450 43220
14103 16009 20328 22106 22995 26044 28457 30997 34173 37348
19781 21357 25032 29758 34483 36584 39559 45509 47610 52160
15202 18347 18871 21754 25946 26208 31187 34069 34856 39310
16491 20888 22458 25285 28739 32351 35962 39731 43499 45383
11766 13972 15652 17963 19643 21534 24159 26784 29095 29935
19158 23191 25207 30080 30920 34785 38145 42681 45370 48562
15550 18097 21447 22118 25200 26942 30159 34849 37396 39540
18099 20871 23153 26903 30163 34239 38803 40107 44346 48584
22087 23559 29079 30184 34968 39201 43985 45273 51346 55210
17479 21459 27514 30629 34435 37550 40664 42567 47066 49834
21234 23431 29287 32216 36242 40269 41733 47589 50701 53812
15834 18228 19026 23017 25145 26874 30466 33658 34856 38713
13740 15505 19789 20798 24200 27099 28485 32391 34786 37810
20406 26007 30807 35608 37208 44009 44009 51409 53610 60010
14952 17209 21439 22709 27362 29196 33144 35118 37657 39490
13914 16233 19283 21236 23554 26117 28313 29777 32950 34536
19495 21061 26455 27848 32894 36723 39159 42639 46642 50818
10926 14392 16072 16808 20273 22899 24369 26889 28045 30880
21365 23537 25528 30597 34398 37113 40915 45621 50328 54310
18751 20219 24946 29348 31793 32934 35869 42063 44020 47117
16396 18632 22506 26828 29510 30404 35471 37408 40538 41879
13114 15262 16957 20348 22495 24530 25434 27242 30972 33910
13659 14767 18703 21287 23132 26577 28545 30267 33835 35803
13506 18907 19447 22553 25253 27279 29844 33219 37810 40240
11520 15511 16993 20186 21440 23036 25659 29422 31132 32614
18978 22513 29582 29954 36650 39627 43161 44835 48556 54322
13231 15967 17221 19502 20870 23265 25203 27711 30334 33070
22587 26448 29922 34362 35906 39573 46136 47680 50189 57331
17589 19079 21314 26232 27424 30851 35769 37706 40538 44561
16106 20776 22869 26090 32208 34302 37522 41547 44285 46539
11778 13850 16575 19519 19628 23662 24425 27804 30530 32056
17590 19632 23400 26227 31251 33607 36904 39259 40830 46325
13782 15259 19195 21779 24116 26454 29406 30267 33712 35926
14067 17035 18454 21938 24002 28389 30324 33420 35098 38194
21786 24361 28519 34460 36044 39807 44559 47727 54856 56836
15336 19425 22929 26288 27748 31691 33297 35779 40014 41620
22191 24823 28583 31028 37044 37796 43437 45505 48890 54342
17176 23637 24487 28398 32138 37239 37409 43190 44210 48630
18287 24261 26252 30416 33493 36933 43449 46526 48156 53586
12760 14395 16139 18538 21372 22245 24425 26496 29004 32492
19285 19609 23497 27872 31436 33381 36945 41643 42454 48124
15358 18067 19099 22970 24776 26324 30582 31485 34711 36904
19494 20839 23695 29408 32936 36801 39993 43689 45370 49234
16701 19882 22903 25448 30059 34194 38169 38169 43735 47074
12727 14211 15059 18664 20360 23223 25237 27251 28842 30856
14612 18767 20107 21582 25468 29087 30427 33241 34984 38602
13230 13927 17059 20888 21700 25181 26573 29821 30750 32606
19431 24982 26647 33123 36453 38859 41264 47369 48295 53290
21096 23757 28317 32498 35538 38389 44089 49410 50930 53780
18546 21787 27188 29348 32768 37449 40329 45730 49150 50950
13843 17817 21928 23024 26312 30012 31108 33163 37000 40288
13566 16087 18487 19808 23528 25809 28449 28809 31209 35770
11233 14427 15766 16900 20608 22257 23596 25141 28232 30704
15868 19565 23878 26342 29730 31887 34197 38509 41436 45286
14076 18499 19839 23056 24664 27076 29623 33911 36994 39406
12938 14769 18429 21968 22212 25507 27703 29777 31852 36366
18556 22232 27833 29583 32208 35884 38509 44460 45510 50760
14146 19327 21567 23108 25208 29129 31649 36270 36830 42010
17718 21327 24935 28216 29856 35925 39369 39697 45930 48718
15048 18775 20845 23468 27470 29955 30921 34371 37684 40996
11542 15239 16919 19160 20168 24313 24649 27673 30362 32826
18637 19933 25604 26414 30626 33057 38241 39213 43426 47800
18847 20260 24814 27169 30937 31565 36119 38631 42400 44441
11654 12903 15087 16752 18728 22785 24969 26737 28922 30482
16327 18231 19727 23128 24760 29793 30337 35233 37546 38906
13567 13680 17522 19218 21591 24756 26903 27468 29955 31763
21665 24577 28581 29310 34224 39867 41505 43871 48786 53336
20572 23121 27671 32222 35862 37864 41323 46601 49150 54246
14247 17350 22568 23696 26234 29055 31311 35260 36952 39631
22544 24837 28848 33815 37253 42029 44703 45849 52153 55400
17436 20425 26236 26900 32212 36031 37027 40181 45494 49146
19906 26076 30454 35629 39609 40405 45978 50555 55332 57322
19338 23635 26678 28827 32586 39210 41895 45117 49235 50846
15646 17551 21087 22584 25304 28705 31425 34825 36866 40674
21429 25483 28185 33011 35327 41890 42855 47487 50383 55594
17286 20007 24807 28488 30728 34249 37129 39849 43370 47530
10813 14131 17021 19161 20231 21515 24726 27401 28793 31040
13574 16263 18311 21128 23688 25865 29577 33162 34826 37386
13551 17035 18454 21938 24002 27615 30324 31227 34195 37033
13228 14132 17748 19218 21139 22947 26677 29050 30972 32102
13811 16015 17755 19148 22512 24252 27385 29009 30982 34694
16536 19582 21902 24368 28138 30023 32634 37564 39885 42930
11542 15015 16807 18488 21512 22521 25881 27225 29466 31706
13506 16882 19042 22148 25253 27009 30924 34705 35380 39025
17408 21567 23261 26496 30654 33273 34813 40049 42514 45132
22202 24132 28571 30888 36099 40732 42855 46329 50769 55787
16692 20419 24145 27062 30626 33705 36783 40185 45208 46828
17024 18883 21028 25033 27178 31040 33757 36331 37189 41480
12487 14151 16127 16752 18936 21641 23097 26841 28818 29130
18506 23317 26647 31088 33493 38304 42189 44594 49405 53845
13413 14890 19195 21656 24239 25716 29406 30882 33835 35434
19870 25792 30376 32669 35152 41265 43557 49287 53299 54445
12846 15367 18007 20768 23528 24128 26529 30369 33010 34690
22095 24285 29260 34634 39808 43391 45779 51550 55730 55730
13930 15953 18214 21428 21547 24285 28331 28807 31188 33449
20775 21655 27992 31688 33096 35384 41017 44185 47530 51402
20494 24632 29360 32710 35665 40197 45319 50639 52609 58519
21780 25219 29039 31523 37253 39928 45658 47377 52726 55018
12105 15325 15991 18545 21653 22653 25650 28648 29758 31534
21006 26607 28007 33008 39408 44009 46209 50209 53410 57010
23207 26007 30607 35208 36408 40208 45409 49009 54810 58010
12106 16221 17189 21667 23724 24571 27113 31470 32196 35584
17001 21787 25087 29048 31523 34164 38454 41754 44890 46375
20234 21845 25604 29006 35630 35809 41179 43685 48877 50130
16314 18127 23413 25074 29604 30360 33984 36702 40629 42743
11994 14047 15343 17612 19664 23337 24417 27225 29926 32086
13237 16644 19395 21885 23981 27650 29222 31449 35642 37345
11966 14047 14671 17688 19040 22681 24449 25697 27570 30586
12311 14267 18408 18523 22548 24734 25424 29104 30715 34165
12264 14324 15354 17003 18754 21021 23699 25141 26996 29365
14130 17959 20996 22052 26408 26936 29313 32085 36970 38554
11966 15992 17948 18868 21168 24504 25884 28874 30025 32785
19477 21622 25417 28883 30533 34328 39609 41754 45055 47200
18754 20991 26667 30624 32516 35785 37849 43525 46966 51610
11318 15015 16023 18152 21176 23641 25881 27897 30810 32938
17235 19571 22637 24974 27456 29646 34173 36947 38408 43372
23527 23919 31368 32544 36464 40189 45481 48225 52734 55478
20754 21847 27671 32040 32950 37865 41323 47147 50060 53882
14527 16947 18399 20941 23603 25297 27113 29049 33769 35463
21955 23257 29768 30884 34046 38139 40929 45951 50602 53206
22047 24517 30218 30408 37248 39909 41809 45799 51500 55110
20421 23362 27688 28553 32186 34954 41356 41702 46547 49834
11606 13007 14107 17908 19308 21509 22909 24009 27610 29810
20599 23415 26759 31512 33976 35208 41545 43305 47706 50346
21955 25303 27163 33302 35534 37208 44277 45393 49858 54694
14043 14648 17915 20578 23240 24208 27597 31349 31833 35826
10924 12939 16013 18028 20042 21633 23965 25873 28948 31810
18406 20967 23047 26088 29928 35049 36809 40969 42730 46410
12657 15407 15737 18928 20248 22999 25969 27729 28610 31030
14898 17819 21177 25996 26872 32129 32129 37239 39576 43664
16314 19637 22204 24923 28547 30359 34739 38666 40478 44706
11346 14155 16531 18908 19988 22473 24633 26901 29710 31762
14496 17521 18529 20924 23444 26595 29997 31509 34030 35920
18570 24395 28217 31676 35134 38229 40413 43689 49332 54246
21815 25483 28764 32625 36678 38994 42469 49997 51927 56559
20412 23098 26141 31333 35450 36703 40642 43148 50130 52994
15918 19039 23251 24968 29648 32769 36825 39634 41974 44314
21096 24517 27177 34208 35158 39909 42949 49220 50360 53400
12429 14890 17350 20180 24486 26946 27315 31744 32113 34573
17447 21686 25924 29185 29511 34728 39129 40596 45650 47932
13998 16111 18751 23636 25616 27597 31557 32745 36046 39346
13104 14639 17825 19832 23136 24199 25969 29746 31162 33286
16221 17773 21862 24119 27785 29901 33708 35682 37092 41041
18031 23107 26082 30983 31683 38334 42009 45509 48660 50935
11838 13927 18452 20772 22048 24601 27385 28429 32026 34578
18606 22327 29768 30512 33674 40371 43905 47997 50974 53764
18199 20454 23674 28666 28988 34141 35590 41709 42675 47827
19209 22843 27342 28380 32186 34782 38761 42048 45855 51910
14230 15628 19438 22106 23630 26806 29981 31251 33284 36586
20055 22740 27932 28648 33660 36346 39926 43327 47087 50488
22464 27193 29360 31528 37241 42758 43940 51229 52215 58322
16074 18883 22315 27308 29804 31833 35421 40414 42130 44626
20336 23187 27367 34208 36488 40289 44659 47129 52260 53970
17982 23359 23863 28904 32096 35121 38145 40665 44026 48394
17928 24019 26977 29936 32372 36201 40551 42291 45424 51166
12552 16489 18949 21902 23501 26085 29037 29652 33097 36295
20806 25007 30007 34408 36408 40409 47009 48009 55010 57010
19240 22338 25272 28370 30978 35217 37499 39944 44346 48421
23091 25678 31052 32246 39609 40406 45182 48963 52347 56725
23091 24086 30654 31848 36624 40207 45978 49361 53740 58317
14176 17947 20287 21718 24318 28219 30299 33159 35110 36930
17479 21113 25957 29937 34089 37896 38588 44643 47758 48623
13290 15751 18950 20303 22517 25593 27069 31375 34450 34573
12326 15015 15687 19272 22296 24313 26553 27897 29130 31594
12966 16807 17167 19688 23648 24129 27009 30610 31210 33970
18196 22277 24147 27548 30778 34179 38089 40979 47440 47610
20319 23431 27091 32765 34961 36791 41001 44478 50335 53995
19142 23007 27239 32024 36072 36809 42513 44721 50058 52634
13274 16375 17367 20344 23568 24933 29645 32126 33242 35226
18752 20708 23968 27881 30489 32772 38966 39618 42553 46302
19679 25410 28275 32096 34388 38973 42984 46040 52726 56164
13111 14164 16387 19313 21068 23526 26334 29728 32185 33472
19786 21335 24087 29076 32688 37677 38193 43869 48170 50922
18726 23947 28268 31868 33308 37989 40509 46269 47710 51670
11838 16247 16363 18800 21004 24369 26689 28429 30286 33766
12196 14842 16222 20478 22548 24964 26344 28874 31980 32210
19476 24433 26557 29213 32222 38949 42135 44967 47269 51694
15846 18295 20167 25496 26072 29385 32697 36730 38746 40906
17589 19824 22953 25487 26828 31299 35173 37110 39495 43071
15510 19919 21743 26912 28280 31929 33753 38770 41962 42874
14694 16735 21360 23672 26120 28025 32105 33057 35642 38770
16701 20041 24971 26720 31808 33558 37374 38805 41986 44848
21129 23456 26141 30796 32765 37957 42432 45475 46907 53710
15250 18951 22947 25464 26944 30941 33457 38342 41302 41598
12756 17257 18007 20258 24508 26134 28759 30884 33385 35635
11966 14727 17833 18408 21858 23929 26804 28069 31980 32440
22663 23815 29191 31880 38024 39177 43593 46281 52234 54538
13216 13660 17546 19211 20543 22208 26205 28536 31090 31090
17943 19463 24328 26000 27976 32841 34513 36793 40138 42570
19546 20882 23387 29233 33408 33742 36749 40256 46436 49776
13413 14890 17473 21779 23747 26454 29160 31251 33835 36172
13087 13305 17120 18647 21045 23880 25079 26278 29440 32274
23331 27251 30583 32348 38228 40580 45873 48813 53322 55478
14757 16132 19883 21508 23883 25258 29134 31259 32760 35760
18162 23503 26885 31870 33116 37389 39347 46111 48248 53410
10821 13088 16075 18445 19166 22257 24523 25965 28850 28953
15035 18095 20888 22086 24613 27140 31530 34190 36718 37915
18769 20359 22267 28628 29900 32445 37533 38169 42463 46279
11645 13680 16731 18201 20461 22948 25321 28486 30407 32215
16247 20867 22804 26083 26828 31746 35471 37557 41283 43816
17433 20574 22458 27640 28268 32351 37218 39573 41772 46168
15798 19747 21580 25388 25388 29055 31734 34272 38644 40054
13551 17680 20261 22196 23873 26067 29292 32130 34195 36388
16387 17367 20447 22408 25628 29969 32769 34589 39210 40750
19011 24261 26976 29511 35665 39105 42906 43811 49966 53405
15451 16771 20203 22184 24032 29049 31557 31689 36310 38026
13347 15532 17487 20248 22203 25194 25309 27724 30485 32325
10822 14255 15295 18520 20184 21120 23305 26945 27986 31106
19080 23008 27870 29928 33855 41149 43767 46198 49378 52744
13468 16771 18168 22741 25408 26298 27949 30743 34935 37729
12418 15319 16595 20656 22396 23440 27037 29473 31910 32954
15806 20073 22127 26868 30028 33031 37139 38719 44250 47410
17738 18483 23550 25040 27871 31001 35322 36067 39048 42624
15324 18499 21811 24020 27056 29264 32715 34647 38236 39892
15768 19319 21307 23296 28124 29687 32243 34231 38492 41332
15261 17422 19582 22688 27008 27954 31599 32949 35380 38215
21847 22757 28218 30038 33496 37865 42597 44235 49514 51516
14388 19042 22426 22568 27362 30606 33708 35118 37798 42310
10611 13440 14753 17986 19905 21320 22835 25057 26573 28896
16098 18483 21314 26083 28914 29809 33087 37259 40389 41879
14397 16489 18949 21656 23009 25346 28299 29775 34204 36787
15516 19465 22426 25106 28208 28631 33285 35682 38221 39772
10920 12655 15715 17858 18470 21735 24489 25203 27550 29794
19870 24646 29039 33051 36107 38590 43175 47759 51389 57310
17406 21007 21757 26408 29408 30908 35859 38709 39159 42310
20775 21831 26935 28696 33976 36793 39785 43305 49290 49466
19011 25166 27519 30054 34941 37838 41458 46164 49604 51052
12383 14359 16648 17688 20704 21120 23201 25177 28818 30170
17877 22064 22869 26412 30759 34302 36395 41709 41870 48149
10821 12985 14530 17724 20299 22257 23493 25965 26996 29880
10821 13706 15148 16591 18548 21639 22772 26069 28129 30086
14694 19879 20167 24056 26504 31545 34569 37306 38170 40906
17708 22051 24723 27897 31571 35747 37417 40924 43430 49943
17716 20951 24031 27728 29114 32965 36199 39433 42976 44362
19828 25065 29553 31985 34229 38717 44702 47320 50874 55362
20782 27447 31368 31760 36072 39404 46265 47245 52342 58222
18517 22670 24919 29072 31148 35820 41010 44124 46374 51218
15408 18580 22355 24772 28094 31266 33531 37911 41082 42894
18506 22762 26277 31828 36268 40709 42374 46259 51255 53105
17991 21622 24922 26408 31193 34824 37629 42085 43240 46870
23006 27807 30207 34808 39208 40408 45209 48209 55410 60010
13916 18207 19377 20938 25488 28219 30689 31729 36410 39010
22327 22885 29768 30140 37022 40371 41673 47625 48742 53020
12323 14697 17070 20122 20348 22721 27016 28937 30181 32667
21699 22447 26187 30676 33668 40401 42271 45637 49004 52744
10614 14185 15919 16736 19898 21123 23367 26019 27040 29590
11217 13036 14450 18188 18693 21623 23138 24451 27583 29401
21126 24199 27079 33224 37064 40137 45129 49737 52234 57610
17062 20507 23951 26740 32316 33629 39041 40845 45930 45930
20004 27133 30895 35054 38222 43371 45351 49311 51688 55648
17502 20743 25928 26252 30464 34839 37593 38889 45370 48610
16165 19455 22315 23031 28179 30897 33042 36331 38334 42195
16191 16463 19727 22448 25848 28025 30473 34961 37546 40810
13916 17427 18207 21718 24578 26919 31209 33679 36020 37450
14939 18365 19598 21928 26997 27820 31930 33300 36178 39877
18893 22634 26374 30302 33668 37783 42271 48630 50126 52931
16484 19719 23569 25726 28498 33735 36815 40049 41590 43284
19207 19367 25608 27368 31048 33449 35849 41449 41770 45930
14422 18775 21495 24216 25576 28977 31153 33465 36322 40402
19906 24086 29857 32644 36425 43789 44585 50357 51949 56725
11707 13207 15407 16408 18708 20108 23609 25209 27310 28910
12798 15013 18334 20672 23378 24609 29283 29775 32113 35557
22661 24829 28572 31725 36453 42167 45713 51229 55170 57534
11130 13831 15451 17612 20636 23661 24093 27333 30142 30466
11862 14359 15919 16751 20288 21224 24761 26633 28714 30794
18443 21487 27753 29722 32765 37957 42432 44043 49593 50846
21174 25711 26845 31571 36485 37997 44613 46881 50284 56332
19441 22315 27048 28738 31780 36344 37527 43273 44626 48851
17121 20545 25599 26577 29348 35217 38314 41574 44346 47932
16368 22687 23173 28844 29168 34515 36135 40185 44884 48610
12426 15019 16639 17612 20960 23013 24309 25929 28846 32086
20014 20698 26512 30104 31985 34721 40365 42417 45496 49600
19764 23681 28488 29912 33116 38457 41839 42729 47180 51630
21282 22392 26092 29793 37009 37194 40894 46260 48665 51995
13895 15879 18856 20096 23072 26173 27413 30141 33738 35226
17791 20375 23263 24936 29648 31168 34057 38313 40290 45154
19266 21607 27187 29888 35288 38169 40509 43209 49510 53470
16918 19637 24017 25829 27943 31417 34588 36702 39874 45008
15811 19727 21322 24658 27268 29878 34374 37419 40320 42930
19576 26227 26607 30788 35158 40099 45039 46559 51310 53970
14306 19884 21171 22888 26606 28609 31469 35330 39192 41909
15918 20131 24187 25592 28712 33237 35733 40413 43378 46810
17331 23107 23272 26573 32678 35979 38619 40104 44725 49180
15250 20135 22503 25168 26796 30645 35085 35973 39822 42634
17926 22407 24967 28808 31848 33448 35689 40169 42570 46890
20376 23869 27167 34734 38614 40555 45793 48315 50450 54718
14214 16647 20488 21384 24328 25608 28169 31241 34570 38026
22406 27807 30007 32407 39208 43609 47409 50809 55210 59610
17987 20312 23567 25738 27908 31784 35504 37829 41240 44495
16207 16207 19042 23363 24713 27414 31599 33219 36595 39025
20390 25095 28427 35092 37248 40385 43325 47441 54694 55870
14740 18494 21413 23916 27391 30450 31979 35454 37540 41293
15282 18633 19169 23592 26272 27076 31901 32839 36324 39540
20062 23007 29080 32944 35152 36992 43617 45273 50426 53554
14286 18067 21848 23528 26328 30809 31649 36410 37110 39350
17106 23947 24973 28736 33182 37116 38142 43956 46522 48061
16281 19537 24808 25118 30233 33644 34729 39069 41705 43410
12906 16777 18841 23228 24389 26583 30066 31227 36001 37162
18536 22617 24317 30608 33328 34178 37409 43529 45060 50500
14281 15013 18795 20016 24164 24775 27703 30875 32340 35268
14706 20293 23233 26174 28526 30878 33966 37935 41023 43669
16574 21135 24024 25240 29344 32841 34209 37553 39986 43938
15706 19004 22772 28268 28739 34392 37532 38945 43813 45226
12432 14831 16357 19410 20064 23335 24861 28240 29658 30857
15270 18439 22904 23048 27512 30681 34425 34713 39034 42922
20742 26887 26887 33608 35720 42057 44937 49737 50890 56650
17010 19975 24499 27464 29492 32769 35577 40257 42442 45406
20252 24264 29994 30759 37062 39163 45658 49669 53108 54827
18415 19195 24187 25280 31208 32457 36201 37761 42754 45874
19555 23535 25092 28899 31494 37723 38934 43259 46893 50699
20796 26935 29311 34856 36440 41787 45153 48717 52282 57430
11990 14231 17704 19384 21176 22520 24761 28682 29242 32826
11887 13632 16902 17775 20936 23335 25733 27041 30312 31184
19653 22132 26734 30452 34877 38595 40365 42489 46738 53110
14598 16135 18439 22792 25224 25864 28937 33033 33418 37770
11748 14599 17449 20186 22694 24975 27027 27483 29991 34210
11621 13339 15460 16976 18693 21017 22734 26067 26876 29603
10818 13471 15919 16532 19592 22449 24285 25509 27040 30202
18376 22385 24723 28064 30402 35914 39421 41592 45601 48607
13911 17152 19852 23903 25118 27819 31599 33084 36190 38890
15713 18216 20718 24472 27113 28642 32535 35593 37818 40459
13976 17787 18041 22360 24773 25535 28203 31251 34300 36078
13459 14371 17449 18476 22466 23721 26457 29535 30106 33754
14036 15745 19283 20382 23188 25629 28557 30631 33560 35146
14566 17787 21988 24228 25628 30109 33189 35289 36830 41030
12006 16327 19207 21488 23408 24728 27609 30129 33010 35890
18838 21479 27639 29928 34504 38025 39961 45417 47178 52282
13345 13915 17791 18248 22124 24747 27141 28281 31588 32842
20550 26695 28039 31880 38024 41481 42633 47817 53770 55882
14875 16513 18907 20546 23318 25586 29871 31635 34786 36802
22447 22447 28431 32546 36660 39840 43767 46385 52370 53492
20280 25675 26977 31070 36650 40371 43347 47811 51718 54136
11966 14037 16912 18983 21283 23469 27379 29795 30945 33590
16206 20419 23497 28520 32084 32732 38241 39699 42454 48610
18994 23883 28395 30088 36856 39301 41933 48138 49454 52838
16356 19507 21007 24458 28058 31359 35109 37509 41710 44260
18538 22147 25920 27396 31988 34121 36909 41993 42814 46258
13341 15375 15940 18653 21026 24869 24869 28033 31424 33232
15861 19335 23412 25527 30057 31568 35041 36853 41837 45310
19454 23195 28806 31424 35164 37970 44515 46572 50500 53679
17773 20382 23153 29185 30326 35706 36195 42063 43368 47769
11406 13915 17906 19274 20528 24633 26001 28965 31018 33526
15991 16965 20996 22665 27808 27947 33369 35176 37540 40181
15302 18494 19292 21953 25943 28072 29668 32062 36718 38447
12097 14019 17296 19896 21817 22608 25321 28259 30972 33797
12547 14307 15737 18378 19808 23769 25639 27509 29270 31250
21552 26089 26656 33461 36863 40644 42534 47070 50662 53497
19473 22687 28924 32327 34217 38565 44802 45936 51607 55765
15435 18077 21135 22804 25306 28643 31145 34759 37818 39208
21129 21666 27753 29722 34197 36704 40105 42969 46908 53710
15511 18639 19183 23128 25440 29929 30473 32649 37274 38770
18844 21903 24318 26734 31242 33014 36717 39132 41870 47666
16383 21790 25288 28151 31013 34671 38010 39441 41667 45166
15000 18676 22646 24704 28967 29556 32496 36906 40435 41464
19123 20581 25928 27710 29492 33705 36783 39051 45208 46018
23253 26405 31134 35468 38029 39605 43546 48471 53397 56352
21781 25983 28084 30568 35916 40692 42411 48523 50434 55591
21479 24632 29163 31922 38817 43349 46304 49456 52412 55170
14391 17680 21927 22750 27271 30149 31519 34807 37137 39740
15239 16775 17927 21128 23048 26889 30473 32906 33290 36234
13136 17297 19117 20808 24058 28219 31079 31989 34330 38230
15971 18762 22327 25428 31009 31319 34264 38759 42635 46355
14357 15501 19565 22233 24646 27060 28584 32521 34681 37475
19701 23797 27307 31793 38618 42324 46224 48369 53635 54805
15282 16221 20107 23458 25870 27881 31767 33107 35654 39808
15596 16120 18609 22147 25684 27388 28960 33283 36297 38000
13577 15701 17471 19124 21956 25497 26205 28329 32696 33286
18816 22612 25912 29378 33008 35153 39279 42909 44394 47860
19272 21470 25019 29752 33808 35837 38203 41076 45640 49696
13338 18355 18487 21656 23768 26673 30105 33802 34330 38422
16486 21447 24327 28328 30248 35049 37769 39049 43530 45290
18702 20015 23623 29528 32808 33300 38057 41665 45766 46094
10308 13541 15562 17885 19400 20208 23340 24249 27785 28290
11878 15575 17927 18936 21736 24089 26777 28121 30922 32266
16428 19649 23996 28666 29632 35268 36395 41064 42997 47183
11419 14923 15827 19783 21365 23513 25547 27129 30746 31650
12210 15262 17296 19105 21591 22721 26451 29050 29729 32215
14558 16871 20543 22856 26528 28297 31289 34145 37546 40674
18206 21007 25907 28008 33433 37984 40784 44984 49010 49885
14740 17243 19884 22248 26974 29199 31423 34342 38374 41293
11669 14559 15629 19161 19803 23549 25154 27080 28365 31575
18406 24479 25767 32944 35888 40121 40673 45089 50058 55026
15435 16765 19558 22485 25810 28471 31929 32461 35787 38048
13576 15465 18769 19714 21366 25379 27385 29391 32460 34938
12766 14159 16827 20424 22976 23208 26109 27965 30866 34694
16246 19582 23062 25528 26543 30749 34084 36549 39885 41770
22046 24327 30408 32688 36678 41239 44089 48459 50550 53590
14490 19603 22443 22728 27840 30539 31817 36077 39770 41048
14462 16826 20996 22387 26557 28087 32396 34342 37262 40598
16645 19606 20734 25388 25388 28631 32016 36387 38080 40477
11634 15739 17449 18362 22466 23607 26685 28281 31474 33982
11022 12961 16225 18164 19082 20816 23877 26325 27958 29794
14757 16882 19257 20008 24508 26259 27634 32134 32760 36385
20868 25627 26908 32582 34595 38256 41184 45210 47956 54544
19746 24447 26891 31780 34412 40241 45129 47197 50018 55282
12906 16648 18841 20777 24647 26454 29421 30969 35485 37678
16066 20155 20885 26142 26434 29793 34027 37239 39284 41474
11124 13414 16248 19192 21590 22899 24425 27259 28895 31511
14067 16132 18067 20906 24131 27228 30195 32517 33550 38710
21727 22994 25528 29511 33131 37476 42906 46888 49966 54129
20017 21583 25585 30110 31850 36201 38289 42117 46468 49078
18607 20777 24032 24963 28993 33489 34109 37829 42480 45115
17026 18655 23688 24280 29460 32273 32569 37305 40858 42486
14910 17947 21259 22640 26228 29403 30921 34923 36166 40858
20390 24941 26033 32586 34406 38593 43689 44599 50060 54428
15347 16647 20417 23408 26008 26008 28869 31729 34070 38750
17059 18529 21322 23822 26468 29850 33378 35289 38965 43228
