1000 10 10
6 48 78 83 68 93 43 94 49 70 90 0 30
3 51 49 73 78 76 73 44 65 50 31 0 12
9 93 67 65 26 76 45 51 87 74 29 0 45
5 65 80 96 74 48 96 59 23 60 88 0 22
7 41 45 71 97 48 87 93 63 24 68 0 34
4 75 28 59 23 30 72 69 20 72 93 0 19
4 73 70 35 84 30 82 93 61 98 63 0 19
8 34 97 32 93 42 70 79 75 57 36 0 39
9 76 23 85 40 66 78 41 99 59 22 0 44
8 30 69 55 78 23 45 96 61 30 68 0 40
10 48 51 86 31 22 90 63 83 86 40 0 46
5 42 100 34 63 75 25 75 78 83 35 0 22
5 53 83 37 70 41 85 46 33 92 66 0 22
6 81 93 44 68 93 31 94 22 61 34 0 27
5 58 50 76 58 85 71 98 21 55 62 0 23
6 62 51 67 29 59 59 70 47 96 81 0 27
5 68 89 35 87 91 84 26 70 89 33 0 21
10 46 89 27 81 23 62 49 99 48 89 0 49
4 33 79 52 36 93 63 40 86 24 24 0 18
10 95 86 70 100 49 28 59 20 95 57 0 50
7 42 54 42 98 37 79 70 47 90 23 0 31
4 55 58 97 57 81 30 39 76 30 61 0 19
9 73 95 97 31 55 35 54 60 82 81 0 41
10 45 84 23 23 73 86 31 95 89 51 0 46
6 75 71 72 91 59 29 91 39 35 52 0 29
4 63 61 36 22 33 96 49 35 93 90 0 19
4 86 66 68 34 86 32 96 27 85 63 0 19
10 69 23 62 37 40 64 83 98 78 100 0 50
9 72 42 52 93 73 93 41 70 75 36 0 44
7 63 30 47 100 85 50 31 98 53 65 0 31
5 56 45 50 65 92 64 89 89 49 80 0 24
7 22 74 92 74 31 62 54 58 94 76 0 31
5 23 95 36 73 79 81 66 73 71 40 0 24
10 59 75 29 29 96 28 63 97 92 26 0 47
10 60 84 30 66 23 75 69 60 22 34 0 46
5 28 61 29 86 39 25 22 90 24 36 0 23
8 96 75 40 76 24 99 91 62 24 55 0 39
6 31 92 53 87 31 58 74 85 21 62 0 26
8 52 69 68 53 63 55 67 97 93 22 0 37
6 70 67 34 87 31 30 75 83 36 77 0 27
4 51 81 22 37 34 59 57 49 26 90 0 16
5 81 46 50 56 88 41 45 24 33 43 0 25
8 61 37 56 75 81 36 72 63 31 72 0 38
4 66 97 47 35 97 54 47 42 33 26 0 16
8 55 55 41 83 44 48 74 21 74 56 0 36
8 44 90 44 83 33 81 33 38 38 50 0 39
7 67 61 85 25 27 95 99 44 58 92 0 32
9 43 67 38 63 51 66 95 36 77 46 0 42
5 95 92 61 92 96 27 98 54 70 76 0 24
9 21 43 98 48 50 37 99 26 22 51 0 45
4 79 84 89 68 51 58 36 42 72 24 0 16
8 100 21 61 37 97 38 56 47 26 26 0 38
8 84 38 70 63 77 42 28 55 28 64 0 38
9 25 73 30 67 47 86 29 97 57 74 0 41
8 38 70 89 56 32 93 20 88 74 33 0 37
7 22 65 21 29 61 60 20 89 84 42 0 35
7 93 79 71 85 71 44 91 74 57 98 0 34
9 63 57 41 48 75 37 20 70 59 75 0 41
7 65 95 33 74 90 39 87 77 56 52 0 32
5 68 99 22 68 44 32 21 84 93 34 0 24
3 98 38 68 67 35 99 86 47 70 27 0 14
7 22 29 20 82 70 63 72 26 41 93 0 33
6 71 44 95 80 38 86 23 82 52 24 0 28
6 42 78 51 44 34 36 77 46 27 95 0 28
8 94 79 68 57 59 95 67 80 55 66 0 40
4 22 46 59 86 72 47 38 35 58 63 0 17
3 72 32 51 72 53 86 45 53 53 55 0 14
3 99 75 71 54 54 42 23 23 90 100 0 14
5 65 69 98 72 62 91 45 66 77 79 0 21
10 22 98 59 92 63 63 75 76 81 81 0 46
10 69 66 92 97 68 91 97 31 44 55 0 49
7 56 68 54 22 55 67 74 47 95 89 0 33
3 46 24 87 95 36 94 63 94 52 39 0 11
6 77 89 95 52 100 32 28 54 80 96 0 30
10 31 36 75 48 69 47 90 99 72 99 0 50
3 96 70 59 30 86 33 55 91 24 30 0 15
10 85 61 57 31 98 40 73 62 38 35 0 47
3 77 50 93 82 91 73 83 100 33 30 0 11
7 94 61 60 97 68 45 98 72 98 90 0 31
9 27 73 100 52 39 35 36 75 40 55 0 43
9 23 100 67 58 59 45 65 56 26 54 0 41
8 91 64 60 32 73 59 44 50 67 54 0 39
5 77 90 71 80 98 81 72 30 27 26 0 25
10 59 48 55 34 96 45 80 24 92 65 0 50
5 37 55 91 51 81 87 61 83 99 22 0 25
3 43 26 100 93 76 64 72 66 77 67 0 14
6 67 20 58 41 81 37 46 73 69 48 0 29
4 30 26 62 75 83 25 50 98 97 34 0 17
9 31 81 65 35 69 96 24 88 31 31 0 43
4 100 34 48 40 71 50 25 24 37 44 0 17
10 82 30 83 55 55 78 75 65 27 79 0 47
8 96 71 50 44 47 84 33 33 80 26 0 36
6 60 48 38 30 67 24 78 74 45 59 0 28
5 32 97 58 79 75 33 68 33 79 75 0 23
8 88 56 50 20 39 71 20 30 53 88 0 36
4 27 44 76 46 42 20 79 84 96 87 0 19
8 65 55 40 37 86 84 99 80 85 66 0 36
9 79 40 95 96 49 20 43 67 97 22 0 41
8 32 60 38 87 28 52 74 47 83 25 0 37
6 23 67 39 50 31 70 45 34 58 86 0 28
9 99 44 87 94 37 98 33 61 76 28 0 41
7 52 72 47 100 84 36 67 98 54 74 0 33
8 66 72 48 25 70 57 90 94 39 41 0 40
8 65 48 97 29 96 43 83 90 38 26 0 40
10 96 28 31 40 97 63 67 42 91 62 0 49
4 87 21 72 71 24 66 67 38 89 90 0 16
7 31 82 57 86 48 70 94 46 38 71 0 31
8 78 100 96 41 74 74 55 84 27 26 0 40
3 99 34 68 90 60 91 95 66 39 64 0 12
7 36 47 91 54 63 46 30 37 40 71 0 34
2 90 33 49 42 35 52 94 89 35 27 0 10
5 47 75 75 88 41 48 48 72 54 62 0 22
8 85 77 39 98 49 54 80 40 96 77 0 36
9 96 99 71 63 80 39 36 30 50 50 0 42
6 58 24 97 63 81 51 68 24 21 76 0 27
7 81 60 100 49 43 26 37 26 61 75 0 32
4 65 65 25 84 25 78 54 71 42 34 0 16
4 62 59 73 92 63 38 94 52 34 100 0 18
3 90 66 94 99 40 74 59 20 89 49 0 12
6 54 46 61 69 22 71 60 97 67 42 0 26
4 91 39 90 31 53 40 45 71 85 76 0 17
5 30 90 56 34 58 73 74 84 23 60 0 23
7 38 72 42 65 45 26 49 57 98 78 0 32
4 97 30 89 63 95 63 97 76 64 25 0 19
6 66 65 63 94 76 32 80 56 52 26 0 26
10 66 77 52 43 55 79 84 64 20 27 0 46
5 27 86 21 93 81 50 32 45 94 52 0 25
6 46 60 50 20 63 38 43 58 75 70 0 30
8 33 50 30 99 93 33 97 27 52 40 0 37
4 71 23 56 28 98 64 95 88 22 33 0 17
3 60 35 74 28 22 47 76 44 56 71 0 14
9 43 80 23 25 34 69 34 57 75 93 0 45
4 66 76 39 76 68 28 87 78 32 43 0 20
8 26 33 97 29 31 41 77 39 78 79 0 40
5 55 35 69 75 37 71 47 99 71 64 0 25
5 86 67 82 95 82 70 35 94 66 66 0 24
2 79 95 90 33 64 57 24 94 66 30 0 10
3 81 73 53 49 42 43 68 86 48 55 0 15
9 33 84 33 33 41 78 82 55 59 89 0 42
6 81 86 52 87 96 95 72 48 58 97 0 27
7 56 63 23 77 89 33 56 82 88 39 0 33
9 89 92 71 74 76 66 79 74 44 23 0 41
3 40 33 95 46 40 35 64 97 68 81 0 13
7 99 29 34 36 48 27 51 97 80 52 0 32
8 34 33 58 84 82 75 77 68 55 55 0 39
4 29 86 72 53 98 83 32 53 78 50 0 20
9 43 67 65 99 63 68 51 94 74 94 0 45
8 37 34 48 69 88 53 31 44 72 26 0 40
10 88 85 33 32 82 28 81 22 33 72 0 48
4 20 31 28 61 61 80 30 31 54 98 0 16
10 88 74 99 45 57 92 64 32 77 97 0 50
5 23 55 90 73 88 79 44 21 83 46 0 25
3 62 86 41 92 63 77 57 64 29 25 0 11
9 86 44 96 51 78 92 38 85 53 60 0 41
10 26 56 79 90 49 94 62 72 74 24 0 47
6 52 45 94 42 55 69 41 46 21 49 0 29
5 35 92 90 72 52 22 32 38 98 24 0 21
6 83 66 37 43 29 53 56 22 73 70 0 30
4 51 26 36 46 43 84 46 25 62 62 0 20
7 96 48 42 29 96 54 96 79 38 75 0 34
9 40 27 43 57 33 40 42 88 52 21 0 41
6 21 52 47 69 81 61 96 80 92 38 0 26
7 49 43 94 87 33 85 65 99 99 52 0 35
5 41 35 30 97 39 55 34 42 42 46 0 21
10 25 44 72 54 38 52 87 27 66 96 0 50
10 81 54 49 67 56 52 64 47 77 98 0 46
3 65 34 24 23 65 70 21 77 78 67 0 13
3 93 25 30 23 37 66 77 85 49 57 0 11
6 69 84 94 74 36 31 40 42 84 67 0 26
6 90 70 79 100 67 67 34 70 40 23 0 27
9 53 92 45 76 33 73 89 42 24 42 0 44
10 62 52 41 75 88 40 56 26 81 93 0 48
6 64 35 65 50 27 54 52 83 36 95 0 26
10 24 33 78 72 32 89 56 45 70 100 0 47
7 93 24 81 37 23 36 34 35 26 73 0 32
9 90 46 84 61 32 50 46 26 54 33 0 42
4 40 86 27 27 31 29 70 63 87 62 0 17
6 36 49 38 91 85 42 92 66 58 48 0 29
2 98 73 36 66 84 53 43 73 78 34 0 10
9 41 73 78 79 24 44 46 65 98 40 0 45
6 79 60 87 67 37 80 64 22 63 100 0 27
5 80 60 29 88 97 86 60 99 29 57 0 23
9 91 84 52 58 62 99 41 70 89 43 0 44
6 67 33 26 82 36 90 94 91 86 65 0 30
10 54 36 42 83 37 91 45 53 63 95 0 46
8 83 59 31 61 70 33 84 36 38 69 0 39
8 36 89 98 39 94 57 41 22 60 54 0 38
3 39 63 72 70 43 79 45 80 28 47 0 14
8 29 37 89 24 33 32 60 91 76 82 0 37
6 93 51 88 34 88 80 44 54 69 75 0 30
4 46 33 21 91 31 21 71 35 87 21 0 17
10 30 99 57 74 45 95 29 65 32 39 0 47
3 55 26 52 40 73 22 81 43 99 44 0 13
9 28 26 50 40 27 88 74 99 87 68 0 45
3 62 33 38 89 89 33 65 35 51 67 0 14
7 44 43 76 45 69 25 61 41 40 57 0 35
5 78 31 64 93 56 63 81 79 32 75 0 23
8 52 81 30 83 21 54 85 36 43 54 0 38
9 56 72 82 54 32 82 93 63 27 38 0 43
10 68 23 73 88 85 96 31 46 82 64 0 49
7 96 35 47 70 68 100 30 93 85 32 0 34
10 27 94 31 56 42 89 56 51 66 96 0 47
3 64 87 80 44 96 86 34 22 39 22 0 12
4 26 40 93 40 50 32 74 43 36 36 0 16
8 89 50 35 85 64 70 61 61 79 38 0 38
10 86 89 46 82 22 30 98 71 51 80 0 50
3 94 52 90 29 41 38 97 62 60 65 0 13
5 28 20 98 78 84 55 79 60 83 23 0 22
10 22 89 64 95 82 28 24 30 71 41 0 50
8 83 27 60 68 48 72 34 27 23 82 0 37
6 84 45 49 56 58 88 56 66 82 91 0 26
7 82 71 64 68 43 70 86 38 38 20 0 32
6 72 28 63 42 72 78 42 80 71 70 0 30
4 54 42 95 36 93 42 35 81 81 63 0 17
3 43 92 98 45 44 72 100 35 44 43 0 11
2 64 79 24 53 72 56 35 38 57 60 0 10
9 51 32 41 61 97 94 91 44 97 80 0 45
10 48 29 44 75 63 92 77 58 63 53 0 49
8 84 80 71 80 46 29 24 85 83 42 0 38
10 59 71 29 48 23 33 33 30 90 42 0 49
8 80 63 44 50 37 63 87 22 86 93 0 36
8 27 24 42 44 57 30 94 58 63 36 0 36
6 45 37 57 55 72 77 22 100 34 51 0 29
7 63 85 50 50 97 95 87 41 21 87 0 35
6 98 56 52 37 72 89 66 93 46 28 0 26
7 89 76 49 54 35 94 86 32 80 97 0 32
3 79 41 84 96 70 65 95 33 67 72 0 14
6 45 86 52 81 92 27 22 27 33 41 0 30
9 63 81 44 69 22 56 86 39 66 60 0 43
9 26 24 66 83 31 98 31 37 21 48 0 43
8 98 29 36 54 86 81 85 87 92 45 0 36
8 40 41 88 50 65 58 25 96 56 27 0 36
5 92 33 98 91 93 89 38 73 91 63 0 23
7 47 33 21 47 85 76 77 65 29 97 0 31
10 36 91 60 83 21 100 95 84 89 75 0 47
6 96 44 50 74 65 47 21 72 46 71 0 26
7 77 31 99 73 77 55 68 63 25 47 0 34
4 80 55 73 38 97 23 85 68 75 29 0 20
5 43 78 26 81 26 72 79 52 93 73 0 21
5 34 58 44 61 34 27 72 31 45 44 0 23
4 44 89 62 36 87 62 86 80 71 44 0 19
8 76 38 38 47 56 69 36 77 96 88 0 37
10 51 23 24 95 43 94 51 78 25 82 0 50
4 35 86 71 46 33 60 58 43 89 29 0 19
8 78 92 21 97 56 63 81 20 29 78 0 36
7 52 72 22 56 51 43 77 46 21 61 0 35
6 28 32 79 97 45 80 93 51 33 99 0 26
4 66 91 35 35 92 43 78 82 99 41 0 17
6 28 59 49 31 41 34 59 56 74 48 0 28
4 66 98 50 49 38 48 100 94 93 93 0 19
8 56 22 46 28 39 87 63 89 80 66 0 37
6 99 63 95 86 52 46 84 96 35 95 0 27
3 88 84 28 60 70 74 62 22 27 28 0 12
5 30 34 78 66 53 37 66 72 34 82 0 23
6 94 100 60 27 66 91 68 64 24 51 0 27
10 36 34 94 82 50 69 66 63 76 98 0 48
9 60 69 72 75 75 20 59 22 64 67 0 43
5 79 53 38 49 79 82 77 29 88 71 0 21
7 56 41 36 31 57 73 56 46 46 20 0 33
3 65 31 36 36 55 51 41 95 66 57 0 13
3 96 85 73 49 41 95 20 95 56 52 0 12
10 72 25 38 62 39 88 63 59 56 37 0 48
5 49 87 47 55 61 30 75 32 64 58 0 23
4 78 50 82 29 64 42 59 22 65 47 0 16
8 64 73 62 77 94 52 71 27 93 58 0 36
9 30 64 38 32 67 86 35 30 67 24 0 45
7 31 98 75 72 39 40 39 40 75 51 0 34
8 81 91 23 36 97 22 52 63 76 33 0 36
3 20 83 81 100 53 82 91 71 93 66 0 14
6 71 61 38 38 34 30 70 94 53 28 0 26
6 51 79 45 31 34 89 22 99 50 99 0 26
5 89 27 23 63 70 58 28 21 35 65 0 24
6 78 48 51 98 59 81 94 63 98 36 0 29
10 87 39 63 25 91 30 31 30 52 37 0 50
6 77 73 59 44 73 65 23 62 29 98 0 29
3 85 26 60 88 66 93 94 23 82 33 0 15
7 28 82 32 63 91 70 63 64 62 88 0 32
7 90 34 82 86 96 22 89 63 46 68 0 35
8 70 50 52 63 68 80 37 57 69 20 0 36
7 78 65 97 85 66 89 55 45 48 53 0 35
7 76 37 61 98 39 52 92 94 21 28 0 33
10 97 86 52 38 60 52 41 77 43 58 0 49
6 75 44 70 46 89 83 22 80 73 50 0 29
8 96 86 74 50 47 91 94 87 32 100 0 39
3 71 25 40 98 28 67 58 21 78 93 0 13
4 40 91 87 81 61 67 44 65 48 68 0 18
6 85 29 82 90 71 76 38 63 25 28 0 27
5 28 62 56 79 40 32 84 28 57 89 0 21
10 79 28 56 33 68 81 45 73 76 39 0 47
10 83 29 33 89 46 23 52 36 53 66 0 50
2 60 27 24 67 40 81 56 44 46 51 0 10
9 46 28 63 79 60 21 67 71 90 65 0 41
5 60 86 71 22 65 60 42 95 58 99 0 21
7 30 65 88 98 77 97 54 70 32 38 0 34
7 21 77 28 35 24 62 93 63 26 64 0 35
10 33 66 52 48 39 71 37 59 34 32 0 47
6 25 80 54 39 50 99 76 78 32 64 0 30
10 56 67 63 60 69 49 41 86 85 59 0 48
5 77 47 69 30 36 58 96 83 81 54 0 25
7 78 72 66 62 67 71 71 76 87 23 0 33
8 50 66 31 38 41 26 43 25 27 34 0 38
2 75 68 61 67 60 31 79 78 75 31 0 10
6 42 21 50 40 80 78 81 90 74 69 0 28
8 49 39 27 93 98 55 55 81 47 85 0 36
6 52 79 42 21 99 83 95 37 54 54 0 27
4 76 76 30 74 65 27 53 70 77 63 0 16
8 34 91 83 74 33 31 80 50 23 37 0 39
3 71 35 51 99 29 70 44 67 46 23 0 14
9 47 95 27 71 72 99 56 78 41 29 0 43
7 67 95 52 94 92 82 58 48 28 30 0 32
6 67 40 92 67 64 39 86 100 87 100 0 27
8 31 25 72 54 23 63 88 68 23 47 0 38
5 36 96 30 54 76 64 22 69 75 51 0 24
10 80 45 88 98 42 36 45 79 66 56 0 47
8 86 35 90 78 28 81 37 23 22 89 0 40
9 74 37 87 40 95 49 93 42 47 97 0 44
6 60 96 84 89 49 100 44 47 22 91 0 29
8 96 85 60 21 51 97 82 57 88 66 0 40
10 45 83 96 88 90 90 43 95 83 48 0 50
8 78 78 37 66 60 90 73 71 25 69 0 36
10 66 77 21 67 57 64 76 31 92 86 0 47
7 55 60 58 59 29 52 80 57 84 21 0 33
4 52 82 78 52 44 64 91 72 27 22 0 18
4 39 72 91 70 70 25 74 85 71 48 0 17
4 81 38 51 25 32 29 80 93 86 98 0 19
9 86 48 92 42 36 53 45 76 95 85 0 43
7 64 49 95 40 60 83 98 58 74 65 0 32
10 83 72 43 73 56 34 63 54 62 69 0 49
3 51 88 68 27 86 48 61 76 55 26 0 14
10 50 57 78 68 91 75 49 48 21 58 0 47
10 62 36 56 41 38 69 96 50 77 34 0 48
7 60 95 22 51 55 86 45 23 40 72 0 31
3 64 27 29 90 70 92 22 32 47 20 0 13
6 39 47 38 39 57 55 53 62 75 43 0 26
4 36 85 90 43 88 65 31 80 100 43 0 19
6 100 31 26 23 55 30 57 53 99 41 0 28
10 92 93 52 67 99 100 100 36 89 95 0 50
9 39 44 76 67 55 73 41 45 81 32 0 45
6 79 72 66 91 34 85 92 46 24 91 0 27
3 81 100 41 42 78 84 48 28 99 88 0 12
4 30 55 40 38 83 31 41 59 24 96 0 20
7 96 54 54 23 56 87 63 90 33 92 0 31
3 62 41 58 77 56 88 36 45 27 97 0 13
6 36 43 78 70 67 82 38 95 92 48 0 30
3 93 55 98 59 60 79 50 97 36 68 0 14
10 78 33 95 76 80 100 60 63 70 50 0 48
10 22 27 42 55 85 87 82 53 97 46 0 47
6 36 21 35 93 40 46 54 80 27 33 0 29
7 88 56 40 89 54 43 95 76 55 84 0 31
6 66 36 34 41 23 27 81 29 24 86 0 27
5 68 67 30 70 76 45 51 40 70 67 0 24
7 77 89 96 85 55 37 74 44 24 24 0 31
2 31 41 91 21 89 84 53 78 33 64 0 10
9 24 37 28 99 66 96 81 80 77 41 0 43
7 58 35 64 97 81 46 22 21 31 94 0 32
8 92 86 26 75 27 50 33 97 52 59 0 39
4 47 39 75 96 83 66 78 21 81 59 0 17
8 46 76 68 38 79 69 31 33 70 26 0 39
3 54 84 24 47 47 38 66 87 72 81 0 14
7 44 54 23 57 57 27 71 78 100 21 0 35
7 84 57 64 92 31 57 94 26 68 23 0 33
5 98 55 85 95 83 41 28 38 96 84 0 25
10 37 38 44 62 47 34 73 55 25 78 0 49
7 86 49 37 64 91 46 66 50 92 45 0 31
3 41 46 29 43 99 22 46 95 81 75 0 14
4 60 38 29 28 24 35 21 72 82 30 0 20
6 20 49 25 50 72 28 96 92 92 49 0 29
10 77 32 66 76 67 92 89 79 47 48 0 49
6 43 31 47 95 44 33 57 53 82 64 0 26
5 92 60 23 72 48 90 59 43 39 60 0 25
3 49 78 52 43 42 49 66 87 58 46 0 11
7 96 33 64 48 75 52 53 31 83 100 0 32
5 81 41 61 37 38 36 22 77 92 29 0 25
8 85 58 48 29 62 52 51 78 99 49 0 36
7 58 28 21 29 68 54 28 46 75 85 0 32
4 83 41 60 49 50 20 76 68 53 100 0 20
10 76 32 87 93 83 76 96 23 87 35 0 49
7 77 85 57 78 40 64 86 56 97 72 0 35
8 66 66 76 65 22 29 28 75 83 36 0 40
4 75 34 82 22 80 46 70 78 55 84 0 19
9 32 64 92 24 81 75 63 50 26 70 0 44
3 84 37 26 58 34 52 56 47 84 29 0 14
6 29 70 33 81 41 75 43 84 75 53 0 28
4 98 21 50 74 92 41 65 22 80 67 0 16
6 33 64 63 51 93 34 20 68 48 36 0 30
10 36 59 68 27 38 64 63 79 37 29 0 46
7 87 63 64 30 40 36 59 24 27 64 0 35
9 84 73 23 50 26 61 29 84 51 68 0 42
4 66 83 83 69 77 58 86 26 42 70 0 17
9 92 67 65 67 91 25 79 50 82 25 0 42
4 93 22 66 82 50 26 94 37 43 21 0 20
7 25 80 59 69 95 34 84 75 84 68 0 33
4 67 49 87 93 21 96 56 29 58 79 0 17
6 59 91 90 37 87 88 63 32 82 55 0 28
4 35 95 58 81 82 61 35 66 51 29 0 18
10 33 74 71 60 70 44 60 65 65 30 0 50
10 89 64 23 77 85 36 40 89 52 21 0 46
7 38 57 68 32 65 97 29 24 34 76 0 31
3 75 85 41 68 81 93 100 48 33 45 0 13
8 64 54 49 62 25 38 36 74 86 55 0 38
3 38 23 100 90 30 88 94 54 66 27 0 12
9 92 39 40 54 88 48 54 50 57 81 0 41
7 90 80 82 91 73 23 83 89 63 36 0 31
7 39 69 75 88 44 61 67 95 74 45 0 35
6 56 86 49 33 50 52 61 94 67 44 0 29
6 32 33 57 80 78 99 99 26 69 25 0 30
6 37 48 73 21 32 20 100 67 81 87 0 26
5 68 89 78 84 67 56 74 93 63 74 0 21
3 38 84 69 86 67 23 40 94 96 55 0 11
7 64 87 79 66 67 62 49 65 87 54 0 34
7 95 79 91 74 79 34 91 67 36 75 0 31
6 64 96 22 83 48 34 35 67 59 64 0 30
10 88 59 42 39 59 85 88 100 59 97 0 48
10 75 43 75 76 96 50 24 29 47 20 0 47
7 36 73 22 78 80 69 65 48 75 46 0 35
4 96 77 83 29 77 66 76 53 72 46 0 19
4 78 23 81 71 74 69 45 76 23 73 0 20
10 99 56 60 75 28 55 67 22 100 71 0 48
7 49 37 41 61 63 86 40 98 80 65 0 34
9 36 25 91 80 51 78 54 93 94 96 0 41
6 70 65 68 45 36 72 65 35 71 49 0 30
8 47 33 82 45 72 34 89 74 27 35 0 40
9 88 33 48 29 22 79 37 63 51 39 0 43
4 90 25 35 39 55 74 39 80 69 30 0 20
5 25 34 92 88 60 98 46 71 35 28 0 25
3 21 49 48 25 59 94 50 29 73 47 0 12
6 50 63 73 25 40 35 45 67 92 25 0 26
4 65 61 27 47 76 21 73 88 72 92 0 18
2 88 57 80 52 90 90 77 76 77 28 0 10
5 49 47 33 58 88 53 29 24 73 90 0 25
5 59 31 80 92 82 27 47 42 34 79 0 22
5 34 23 82 71 73 34 79 43 47 70 0 22
10 79 36 79 60 80 55 22 38 69 48 0 48
4 56 35 64 51 74 46 52 29 75 33 0 16
3 31 99 62 48 87 22 49 71 21 76 0 15
3 41 59 57 94 44 95 77 98 81 32 0 11
3 98 52 35 33 100 89 61 100 93 69 0 14
7 69 63 73 93 83 79 22 47 72 100 0 31
5 100 56 27 63 70 48 89 71 99 64 0 22
4 28 63 90 57 26 49 58 21 83 51 0 19
9 49 85 84 36 46 59 81 49 78 58 0 45
7 69 58 53 41 59 42 36 99 82 69 0 35
7 50 82 41 98 72 24 89 92 89 27 0 32
5 82 61 39 64 81 58 67 74 51 34 0 25
4 50 84 37 69 84 55 43 66 100 91 0 17
5 69 38 52 91 48 53 58 75 73 42 0 24
9 35 55 65 26 83 47 36 81 68 28 0 42
3 34 64 62 23 33 62 58 78 87 47 0 14
4 54 58 22 41 63 93 64 56 80 98 0 17
6 96 57 65 88 40 62 99 46 50 98 0 27
7 75 36 39 68 45 58 41 28 99 42 0 32
9 79 64 49 24 38 64 91 82 88 24 0 41
4 27 91 83 81 48 23 47 95 71 63 0 18
8 21 26 29 77 64 41 36 42 34 96 0 37
4 23 92 79 24 39 36 100 46 48 64 0 20
10 68 68 88 26 28 35 34 36 72 62 0 46
5 60 100 64 99 70 25 54 55 95 31 0 25
10 54 93 51 75 87 68 78 55 95 25 0 49
4 73 48 80 90 46 68 96 47 36 81 0 17
6 59 47 49 78 69 93 82 32 94 21 0 26
10 46 93 73 30 74 76 64 59 79 68 0 50
4 92 34 92 93 59 79 31 87 32 21 0 20
5 52 93 47 73 68 95 52 87 54 92 0 21
5 74 87 61 57 40 36 80 54 56 69 0 24
4 30 55 54 30 74 42 92 93 94 45 0 17
7 83 68 32 21 63 99 98 64 26 90 0 35
9 55 21 30 28 49 61 28 38 62 41 0 43
6 94 42 47 61 47 79 39 97 68 37 0 30
9 31 44 66 88 68 25 86 92 61 62 0 45
7 50 78 94 48 39 39 30 47 90 93 0 34
3 74 63 68 48 34 97 54 53 64 55 0 11
6 65 22 52 92 32 29 87 78 83 38 0 27
9 94 72 88 53 62 22 80 36 82 34 0 41
3 72 88 88 65 29 67 32 82 21 83 0 14
3 82 34 70 73 47 65 88 37 83 81 0 11
10 56 89 34 23 23 70 91 52 40 42 0 48
9 33 72 44 33 63 72 80 100 73 93 0 44
4 40 93 77 25 59 49 61 33 99 56 0 20
3 81 35 79 76 81 54 31 38 40 24 0 15
10 27 78 36 99 59 75 61 81 24 25 0 47
6 45 47 40 93 65 90 32 79 76 28 0 28
3 91 98 99 82 51 71 52 25 64 45 0 13
8 93 25 20 41 84 77 61 50 81 22 0 39
3 72 42 68 61 43 34 27 72 29 28 0 13
8 36 87 78 70 81 66 21 84 36 60 0 37
8 23 31 35 75 76 30 27 28 62 99 0 36
3 24 83 36 54 65 56 43 33 96 38 0 12
6 93 99 56 63 56 75 48 23 100 62 0 29
10 20 42 94 37 89 47 46 94 24 40 0 46
10 42 31 31 75 69 22 41 100 71 96 0 46
3 27 72 86 23 82 83 60 34 86 21 0 15
10 41 36 91 82 74 52 50 51 72 73 0 47
6 48 71 95 27 55 65 53 62 66 74 0 28
6 32 23 69 88 47 98 36 42 75 75 0 28
4 28 20 96 65 82 83 82 40 21 75 0 17
4 36 96 97 50 57 23 84 76 48 51 0 19
3 66 60 48 89 42 62 55 85 89 91 0 14
10 69 89 52 80 60 44 52 68 45 79 0 49
4 22 44 74 64 53 79 23 70 94 59 0 16
8 100 46 49 49 34 84 33 44 36 32 0 36
3 76 26 35 92 98 89 51 99 94 57 0 13
6 26 83 58 56 56 79 86 21 100 52 0 29
10 35 91 70 58 37 60 99 41 27 87 0 46
4 33 80 32 85 76 47 55 65 63 54 0 17
5 35 29 100 47 95 76 75 32 35 89 0 22
9 22 70 26 82 71 52 56 32 98 61 0 42
5 47 88 33 32 35 99 45 30 79 79 0 23
3 23 74 24 24 40 77 67 86 100 47 0 11
4 65 40 62 60 47 73 30 29 48 94 0 19
5 68 47 58 48 69 54 44 60 37 86 0 23
5 67 28 77 28 48 35 57 63 68 31 0 24
10 64 74 63 82 68 73 98 57 95 21 0 49
2 60 82 26 77 83 51 36 43 91 93 0 10
3 56 59 31 56 30 70 37 55 94 100 0 14
10 71 51 90 75 24 50 38 62 44 25 0 47
4 82 54 27 67 99 47 30 47 23 82 0 16
9 64 97 47 66 74 77 76 21 84 51 0 44
7 41 26 53 72 82 65 36 71 54 87 0 33
4 32 59 41 51 88 99 58 70 63 91 0 20
10 96 74 20 96 56 39 68 38 55 37 0 48
3 59 63 62 40 47 56 47 93 45 60 0 15
4 48 44 55 77 61 96 49 95 84 86 0 18
7 47 35 40 56 92 68 91 93 93 45 0 33
7 26 25 64 87 95 29 57 25 59 81 0 35
8 63 81 95 39 89 27 24 26 25 78 0 40
9 25 70 50 24 23 91 47 99 97 93 0 44
4 79 82 34 34 86 95 33 20 55 83 0 20
2 81 27 62 63 28 87 85 28 73 84 0 10
4 61 20 42 82 32 77 20 27 69 49 0 16
3 56 100 70 70 46 28 99 32 57 40 0 15
10 70 38 44 20 91 38 21 49 56 47 0 47
8 61 39 80 98 31 83 31 89 82 85 0 38
5 48 57 69 71 95 23 66 61 35 54 0 22
8 73 75 40 94 31 41 86 57 80 34 0 39
5 46 34 62 67 74 28 81 54 93 49 0 25
9 34 26 92 71 51 46 60 60 93 100 0 43
9 44 66 83 22 46 96 54 53 35 91 0 42
6 31 23 29 27 60 83 39 22 51 81 0 30
4 92 76 74 69 90 34 34 48 98 28 0 17
9 86 70 65 64 26 66 23 100 89 78 0 43
8 28 46 30 65 97 44 81 59 45 79 0 38
10 75 85 45 32 94 61 99 85 20 99 0 46
5 88 79 37 96 63 100 63 60 58 28 0 25
6 74 43 70 29 83 51 77 76 43 80 0 28
9 87 41 45 73 75 79 23 42 87 71 0 43
10 56 72 81 62 64 94 56 90 68 28 0 49
10 84 35 87 41 36 92 87 97 51 46 0 47
7 86 47 58 64 91 84 27 64 58 29 0 34
10 48 30 42 31 25 95 41 32 38 80 0 46
3 70 86 80 22 87 76 73 70 40 69 0 14
3 78 85 90 38 50 29 75 37 64 68 0 11
9 45 72 46 31 23 76 94 95 23 68 0 43
9 41 33 56 60 31 35 61 60 42 68 0 42
8 72 45 70 66 37 44 59 67 89 83 0 37
8 93 69 94 36 92 47 83 89 95 59 0 40
9 38 90 100 55 42 62 83 88 40 70 0 43
8 34 57 71 70 93 77 27 58 20 28 0 40
8 91 45 88 60 94 99 22 90 42 54 0 38
10 26 98 62 31 28 55 68 22 80 59 0 48
6 43 40 95 34 39 59 52 94 63 35 0 29
3 86 49 52 35 53 97 45 49 55 92 0 15
3 26 32 55 69 48 21 87 26 39 39 0 13
10 27 44 90 88 28 39 100 72 64 99 0 50
7 93 97 36 66 20 36 97 64 81 90 0 31
3 59 25 58 95 88 54 38 52 60 51 0 14
5 33 99 70 90 43 37 32 40 74 83 0 23
7 73 51 65 47 24 21 40 41 60 81 0 33
7 73 86 89 84 70 33 100 79 75 57 0 31
6 34 44 34 29 58 50 25 45 31 55 0 30
3 82 22 59 22 52 78 52 83 96 85 0 14
6 80 51 68 22 66 72 83 91 86 59 0 27
9 89 97 24 85 22 28 78 81 32 66 0 43
4 24 44 42 39 49 44 34 81 94 62 0 20
10 100 95 75 66 53 49 46 63 62 28 0 47
9 97 70 83 33 42 23 50 29 56 46 0 41
6 77 21 65 82 48 69 100 70 68 87 0 26
9 56 94 39 62 21 30 25 58 44 68 0 44
7 34 77 78 35 82 68 87 20 50 60 0 32
8 59 77 81 36 87 27 71 36 66 79 0 39
9 78 69 87 62 99 24 39 28 76 43 0 42
6 43 51 23 33 40 87 30 83 25 51 0 29
3 44 20 56 62 74 27 87 23 45 54 0 14
8 57 81 69 88 99 50 73 74 51 29 0 39
4 43 65 50 90 90 89 67 20 27 21 0 19
7 49 91 95 34 43 36 75 43 85 90 0 34
7 29 33 45 63 30 62 99 54 42 52 0 34
10 25 60 33 44 47 78 80 91 34 61 0 48
8 95 45 51 92 21 56 50 81 34 29 0 37
9 60 78 27 71 66 71 46 54 96 100 0 42
8 85 36 33 97 93 29 82 61 33 93 0 40
3 79 52 98 38 32 85 25 100 23 88 0 11
4 77 100 42 94 87 30 24 52 75 64 0 18
7 81 83 44 73 56 99 75 21 24 82 0 31
9 81 85 75 86 90 73 71 63 36 86 0 42
7 86 22 24 89 55 82 40 35 83 43 0 33
8 64 80 65 55 38 43 21 69 45 22 0 39
6 77 57 88 37 67 93 21 89 46 53 0 28
8 68 78 77 21 82 38 44 79 33 44 0 40
9 26 58 75 85 85 41 85 66 42 83 0 44
4 37 29 68 72 60 99 56 53 31 34 0 18
5 62 30 88 64 58 41 53 98 49 39 0 25
6 26 64 21 28 72 23 75 59 77 52 0 26
8 40 59 73 73 23 42 70 97 65 67 0 39
8 65 23 32 98 61 33 22 90 77 51 0 36
2 84 70 62 43 95 42 70 64 49 59 0 10
5 50 51 83 100 77 60 52 53 95 55 0 22
3 93 30 72 45 75 97 77 65 78 79 0 13
8 61 48 76 39 77 57 87 34 38 30 0 36
7 74 43 70 89 96 82 33 40 44 53 0 33
5 32 93 37 83 78 71 92 35 86 64 0 24
7 29 52 46 56 55 36 80 65 47 24 0 31
7 81 60 100 67 76 71 50 94 54 60 0 31
7 60 42 26 91 97 56 25 30 96 76 0 33
10 48 76 62 51 97 83 75 47 31 87 0 46
7 33 80 88 51 69 50 50 98 84 45 0 33
9 89 49 95 85 69 46 56 32 72 89 0 43
8 89 81 99 87 27 60 83 75 26 50 0 40
9 63 57 98 88 64 57 74 31 48 90 0 45
9 20 70 47 96 60 74 57 100 41 47 0 42
10 90 76 56 39 80 36 55 75 69 99 0 50
9 42 56 39 27 50 85 35 30 38 59 0 42
3 77 38 78 81 66 71 55 58 38 80 0 11
9 21 42 51 33 84 46 76 61 83 49 0 44
7 38 32 53 50 91 44 54 45 42 30 0 31
3 51 94 48 24 93 33 100 40 84 23 0 14
5 24 45 40 67 67 67 84 21 39 67 0 25
8 47 67 68 73 90 44 21 88 84 83 0 37
6 33 26 46 60 48 63 83 34 33 74 0 28
6 49 96 94 87 61 82 92 65 41 83 0 27
3 41 34 70 88 48 97 27 43 88 48 0 13
8 72 98 60 42 32 58 55 86 81 66 0 38
4 57 51 32 33 42 20 49 67 85 89 0 17
9 21 57 48 57 79 33 85 61 86 72 0 45
2 77 68 99 54 99 33 56 39 90 51 0 10
6 61 100 51 82 63 43 47 65 80 60 0 28
5 86 22 77 35 71 80 84 69 83 97 0 24
8 91 76 57 95 24 72 77 94 72 83 0 38
5 41 64 44 73 60 68 39 29 57 60 0 25
6 90 58 20 75 58 68 29 26 43 43 0 29
9 53 82 63 99 94 60 90 91 28 84 0 43
5 93 86 68 58 54 95 39 41 95 24 0 21
9 38 94 56 58 99 95 52 23 71 52 0 42
6 21 77 63 20 96 95 66 61 52 36 0 28
6 35 60 40 81 47 43 41 28 97 28 0 29
3 97 92 44 86 66 97 63 39 81 52 0 14
4 61 86 85 72 29 63 55 72 22 32 0 17
10 79 27 24 53 71 90 79 91 40 75 0 49
5 51 44 80 75 78 71 44 46 73 71 0 25
5 40 27 46 60 71 92 81 90 49 69 0 22
3 35 40 93 26 68 46 77 53 78 33 0 13
8 48 92 63 75 26 48 26 26 79 97 0 40
8 26 35 20 80 99 85 47 100 96 49 0 40
9 72 42 89 53 54 40 83 68 81 66 0 42
4 22 71 93 65 96 38 84 75 44 50 0 16
8 21 97 75 50 27 75 34 61 72 90 0 39
7 76 36 81 31 39 85 89 64 51 57 0 35
3 78 83 24 44 54 73 93 48 33 27 0 11
3 43 62 88 86 71 95 56 43 73 28 0 11
8 79 41 96 50 92 49 93 98 47 48 0 40
7 29 64 91 34 62 88 66 90 83 23 0 34
9 35 68 90 39 23 95 37 38 42 40 0 41
9 21 46 20 21 33 78 100 92 71 83 0 42
10 33 22 98 98 81 78 22 35 27 97 0 47
9 77 79 42 70 95 42 41 95 92 66 0 42
8 93 64 84 80 60 77 81 80 99 41 0 38
3 43 99 52 48 81 24 53 55 72 42 0 13
4 76 32 72 33 53 58 36 20 27 34 0 20
9 60 88 22 77 30 21 86 90 96 39 0 45
7 98 89 95 92 88 58 35 50 48 30 0 34
8 81 24 84 33 85 57 92 69 74 80 0 36
6 47 63 46 55 96 66 26 53 40 39 0 30
10 36 62 48 79 100 38 61 42 57 69 0 46
6 70 53 89 87 83 35 40 86 50 49 0 26
3 80 64 66 37 61 20 77 68 96 66 0 11
9 68 78 88 95 31 37 82 50 100 39 0 41
7 98 80 52 34 71 38 80 21 77 99 0 33
5 80 46 85 26 38 73 37 99 34 76 0 21
5 21 55 55 48 55 34 48 93 75 74 0 23
4 44 23 32 20 100 98 93 34 22 51 0 17
7 57 47 65 55 100 41 79 95 73 76 0 34
9 76 86 84 61 99 45 100 90 39 99 0 44
5 73 24 61 21 36 22 65 72 63 49 0 21
7 59 27 21 73 42 25 80 62 24 44 0 35
6 63 20 37 55 44 34 59 33 32 90 0 28
8 53 40 68 77 69 75 91 68 31 50 0 40
9 89 44 50 89 24 27 93 23 91 65 0 43
3 47 80 25 65 85 30 56 39 40 24 0 13
10 24 60 92 65 44 64 100 68 45 89 0 48
6 90 48 46 57 71 72 38 38 84 73 0 27
4 98 53 29 89 100 99 53 33 39 21 0 20
6 90 97 65 51 47 75 55 46 46 25 0 27
3 54 64 28 28 48 68 32 40 59 31 0 15
5 88 26 30 100 37 58 78 96 69 97 0 23
9 44 93 76 91 58 65 83 100 37 70 0 44
7 95 79 81 59 72 48 85 30 96 20 0 31
4 47 80 57 56 82 51 25 41 87 39 0 16
9 62 57 32 23 79 80 87 67 33 35 0 43
8 58 98 88 98 81 85 72 85 70 52 0 37
10 67 32 61 92 38 24 98 69 85 69 0 50
3 20 60 85 89 93 25 43 68 72 53 0 15
5 75 57 44 86 40 32 36 23 70 68 0 24
10 81 89 81 88 87 89 83 39 81 35 0 49
3 22 77 47 91 65 82 81 52 89 42 0 14
9 42 24 39 84 92 58 33 97 21 55 0 45
6 48 23 37 40 28 34 56 75 21 22 0 28
5 38 71 50 53 34 39 36 93 99 91 0 21
5 99 36 23 52 92 47 24 49 94 69 0 23
5 40 79 53 60 68 37 79 53 72 81 0 25
9 26 93 61 87 74 37 33 28 74 61 0 41
6 67 70 93 34 99 72 60 25 68 75 0 28
4 72 53 97 87 63 44 78 51 70 53 0 19
8 94 93 46 84 52 35 22 34 89 32 0 39
9 86 61 25 29 36 79 73 66 72 82 0 44
8 74 47 100 54 49 63 34 29 48 83 0 40
4 33 54 99 40 68 62 70 22 78 26 0 16
7 43 76 78 29 47 69 60 86 73 41 0 35
4 37 38 79 68 88 28 87 98 89 60 0 16
9 91 24 56 95 95 56 69 55 83 100 0 44
10 75 33 94 46 71 73 49 37 89 38 0 46
10 71 73 22 81 52 37 95 96 84 77 0 50
5 69 89 81 94 69 47 81 29 28 67 0 22
6 96 27 66 68 24 78 54 100 46 93 0 26
3 32 82 72 89 45 97 32 28 61 30 0 14
8 44 27 68 26 76 54 71 47 57 39 0 37
7 35 96 39 95 38 42 67 37 84 28 0 35
9 76 89 68 37 27 50 21 34 53 84 0 42
9 30 55 77 50 30 24 48 38 46 96 0 42
9 65 95 20 46 22 86 77 49 95 40 0 44
5 61 41 43 59 61 31 65 92 94 93 0 21
7 57 30 91 37 66 68 37 59 76 23 0 33
9 62 80 51 58 43 30 81 26 100 91 0 43
10 31 33 67 47 94 81 88 64 78 55 0 48
9 47 91 37 45 58 67 47 82 100 33 0 44
5 81 82 80 58 87 67 44 62 69 52 0 24
4 45 21 57 62 21 63 80 44 85 39 0 16
9 80 79 58 20 39 97 69 33 96 40 0 44
7 39 25 74 54 45 85 66 94 94 37 0 32
7 28 46 84 30 58 58 45 92 39 31 0 34
8 31 58 85 70 73 48 76 72 72 97 0 39
4 34 57 41 43 44 29 95 21 30 98 0 16
8 70 43 73 38 60 23 40 55 76 68 0 38
3 55 42 26 66 21 77 67 79 88 55 0 11
4 56 72 58 89 40 77 82 66 77 42 0 19
3 26 56 41 23 56 100 38 22 32 88 0 11
3 61 50 81 62 49 41 33 81 97 67 0 12
5 52 47 57 82 36 97 91 49 42 33 0 23
2 35 42 39 68 99 84 28 24 70 42 0 10
3 41 41 62 32 93 73 76 73 50 48 0 14
2 59 100 52 36 96 48 26 88 27 89 0 10
3 63 24 64 57 83 31 73 37 31 75 0 11
5 79 79 60 26 68 37 45 96 80 38 0 21
5 32 57 35 94 94 36 96 66 83 82 0 24
3 41 91 82 26 52 76 75 58 46 83 0 11
4 77 64 20 75 92 83 87 56 84 28 0 19
8 33 48 71 24 47 38 98 98 65 57 0 40
3 88 59 44 34 62 22 96 54 40 79 0 15
6 24 94 79 20 40 51 52 86 27 55 0 27
10 22 75 36 48 74 28 52 100 53 88 0 49
7 70 31 36 75 65 98 23 26 60 69 0 34
5 23 34 47 63 26 35 73 100 91 46 0 25
6 100 88 97 72 98 81 50 30 91 71 0 30
6 25 93 41 38 86 65 90 63 59 97 0 28
5 30 75 99 27 66 79 35 54 49 69 0 25
7 49 37 50 92 21 31 51 64 63 31 0 31
3 33 22 86 58 47 81 77 87 66 29 0 12
7 97 45 55 61 47 26 50 22 59 51 0 34
8 58 82 40 94 42 88 35 56 45 36 0 38
3 85 60 44 85 27 37 74 52 64 53 0 14
4 36 69 21 41 37 69 39 52 88 58 0 17
4 67 56 41 67 76 28 40 58 59 46 0 19
5 53 41 98 73 23 87 95 28 68 78 0 24
4 34 43 65 44 63 91 77 60 97 92 0 19
7 46 59 51 20 26 37 79 20 44 77 0 32
4 33 77 98 73 58 35 55 63 53 60 0 19
10 57 80 42 85 42 97 31 73 68 25 0 47
3 43 37 54 23 91 73 93 70 25 95 0 11
9 45 67 85 23 84 96 99 51 66 70 0 45
3 56 59 66 86 70 28 29 86 94 33 0 15
4 65 26 78 61 88 57 49 33 37 77 0 18
8 26 65 33 70 26 40 87 28 55 74 0 37
7 46 66 21 64 47 93 46 55 22 96 0 33
3 72 73 89 97 84 42 61 92 68 35 0 13
3 25 65 21 59 38 39 42 37 77 58 0 15
8 100 58 63 86 40 90 89 89 91 96 0 37
9 25 27 56 61 59 98 99 31 85 49 0 44
4 47 20 76 77 61 51 71 98 87 68 0 16
2 97 65 23 58 29 45 98 65 46 81 0 10
3 95 21 78 84 88 38 38 38 27 30 0 14
7 54 71 51 39 26 53 60 35 36 33 0 32
4 22 23 20 49 31 35 98 60 85 59 0 20
9 89 32 79 43 37 44 92 52 54 75 0 44
2 95 51 24 43 35 73 74 44 44 28 0 10
4 22 69 94 72 26 34 71 69 71 73 0 19
9 98 32 91 61 77 87 52 21 36 25 0 42
4 62 33 21 52 85 61 44 68 50 87 0 16
7 28 83 45 69 46 32 43 72 50 35 0 33
4 44 23 87 100 90 28 79 91 66 30 0 16
9 48 100 63 57 67 96 92 32 59 84 0 44
6 78 97 84 85 47 64 54 24 57 59 0 26
4 57 27 76 48 76 90 94 95 99 64 0 16
6 74 38 44 42 84 59 60 57 71 24 0 26
7 78 52 75 64 55 59 58 89 71 100 0 35
6 26 64 57 67 29 22 61 60 60 99 0 28
4 49 93 50 52 36 76 79 48 52 76 0 17
4 34 78 44 63 74 29 52 63 67 41 0 16
9 48 87 36 97 91 84 46 56 42 78 0 43
7 90 93 32 55 94 85 85 99 58 94 0 35
3 72 83 21 21 78 53 34 64 38 89 0 13
5 38 84 54 39 38 60 96 95 99 89 0 25
9 55 30 62 45 22 90 28 62 20 80 0 44
5 74 78 71 92 44 21 80 30 41 81 0 22
10 84 70 67 82 54 86 89 57 100 42 0 46
5 55 71 59 89 45 71 49 38 66 36 0 21
3 34 43 40 96 70 95 42 59 91 57 0 12
6 42 22 31 65 73 70 40 75 50 26 0 29
10 91 55 62 81 29 79 66 97 47 60 0 50
10 59 40 62 81 30 21 76 27 72 41 0 50
7 66 62 67 38 90 48 73 65 84 98 0 31
4 99 79 50 97 58 84 63 58 83 95 0 18
3 81 67 52 39 69 90 38 88 45 42 0 13
10 32 57 77 23 54 88 37 82 27 68 0 47
9 75 78 82 62 51 78 63 41 73 64 0 44
9 23 97 27 83 73 77 63 22 29 37 0 44
3 78 55 40 92 92 71 41 50 46 68 0 14
6 51 25 56 98 60 27 36 41 74 69 0 30
9 97 60 58 62 36 62 76 95 50 37 0 42
4 93 69 72 99 42 60 46 84 100 41 0 16
8 61 93 92 22 71 97 93 97 76 77 0 40
3 80 45 44 78 51 51 21 40 66 52 0 12
6 20 29 43 35 96 42 72 57 32 80 0 27
10 52 94 73 74 92 24 58 48 40 52 0 50
4 38 26 53 64 88 54 76 56 40 100 0 18
10 57 21 36 77 36 87 87 23 82 38 0 49
3 35 38 69 38 73 80 52 90 35 77 0 12
3 73 44 24 41 45 42 47 29 47 24 0 15
5 79 41 50 60 93 63 47 83 37 35 0 25
9 84 40 45 50 55 47 77 93 75 61 0 45
9 98 83 50 94 95 28 79 36 27 54 0 42
4 65 39 91 24 88 26 92 25 34 25 0 19
5 97 27 58 42 45 36 21 87 20 23 0 21
5 45 84 59 68 51 63 33 38 94 64 0 24
4 59 76 25 79 81 63 76 64 56 97 0 17
5 79 97 44 48 35 90 52 92 65 23 0 21
6 35 60 24 28 79 31 25 58 45 62 0 28
8 81 81 30 84 94 91 82 75 98 98 0 36
10 92 80 91 70 58 29 25 97 64 23 0 50
6 41 77 98 98 76 69 31 37 39 79 0 29
9 54 82 91 62 64 73 37 51 53 44 0 45
4 47 53 96 81 63 59 55 91 77 42 0 18
5 51 40 30 56 48 81 20 57 42 80 0 23
7 67 29 89 65 92 64 22 27 30 91 0 34
8 93 67 57 35 68 71 23 71 37 76 0 38
3 68 58 53 94 95 92 71 75 38 60 0 14
8 74 46 57 32 26 42 33 66 41 48 0 38
9 35 53 78 57 47 53 48 43 45 70 0 42
10 97 54 78 69 37 58 58 28 75 29 0 49
9 40 65 90 74 29 86 63 31 64 46 0 41
10 24 45 90 24 83 31 84 66 91 90 0 46
3 55 81 71 74 35 31 82 40 60 74 0 13
9 72 78 28 89 64 93 75 58 41 79 0 45
10 45 99 100 98 94 100 76 100 88 28 0 47
7 85 39 46 36 90 92 98 87 30 55 0 35
10 93 57 72 24 31 61 38 21 55 62 0 46
3 76 36 40 66 61 40 77 87 23 100 0 12
3 66 63 40 83 75 84 47 78 26 51 0 14
3 22 34 66 52 44 24 98 81 90 29 0 15
8 31 74 85 21 28 87 49 44 28 22 0 36
3 78 40 67 71 33 97 67 53 48 72 0 11
7 62 61 58 35 27 27 60 56 23 61 0 33
5 28 45 86 36 28 43 65 30 61 23 0 23
4 86 42 74 45 57 32 51 22 46 24 0 20
5 63 86 66 27 31 98 44 66 99 76 0 22
6 75 67 22 68 67 52 44 30 53 82 0 28
6 50 77 43 35 86 46 32 62 65 94 0 28
8 30 40 33 61 65 23 86 95 95 92 0 40
3 40 72 32 23 25 59 52 84 33 76 0 11
4 81 61 51 72 43 76 78 89 57 65 0 17
8 36 55 63 56 95 93 32 75 45 61 0 40
4 61 73 62 83 39 48 66 26 100 72 0 16
6 69 70 77 93 87 68 77 65 87 95 0 30
2 45 93 54 93 68 25 35 77 54 70 0 10
7 29 88 41 76 44 76 91 68 98 89 0 33
4 42 28 59 25 21 90 22 41 60 69 0 18
7 86 89 67 67 48 93 31 98 51 47 0 33
8 34 84 78 23 76 26 60 77 75 57 0 40
4 37 77 38 46 64 48 46 29 44 71 0 17
10 93 42 28 34 100 61 74 41 30 80 0 48
9 75 31 48 35 43 75 55 32 75 44 0 44
6 97 83 21 48 32 29 81 34 53 78 0 28
8 62 45 62 44 74 61 24 85 57 69 0 36
6 95 96 83 99 74 81 26 83 88 72 0 26
4 42 73 42 99 25 50 24 24 41 86 0 17
10 66 72 74 39 71 20 30 30 79 52 0 50
9 21 38 80 60 86 33 26 52 46 47 0 45
5 38 49 67 42 40 54 37 43 99 89 0 23
4 60 97 45 76 32 27 99 20 66 31 0 20
8 71 46 50 92 32 36 37 95 92 98 0 36
9 60 93 82 60 66 36 57 86 34 63 0 44
3 76 26 27 87 43 73 45 35 99 58 0 15
7 55 100 31 52 39 46 93 85 94 41 0 35
4 89 81 54 59 72 20 42 29 46 84 0 20
5 52 28 69 20 92 73 43 53 44 24 0 24
9 63 96 41 37 66 31 61 53 54 70 0 42
8 57 35 88 85 51 21 39 90 37 83 0 36
10 36 68 72 60 36 100 57 48 47 39 0 47
6 37 25 26 62 33 54 54 97 22 100 0 26
9 56 70 81 75 55 87 89 62 89 94 0 45
4 88 26 46 61 96 44 22 46 51 73 0 17
9 87 25 77 43 60 58 82 50 38 42 0 42
8 76 90 72 84 24 54 51 68 88 84 0 40
7 21 97 86 72 97 22 37 64 84 98 0 35
10 30 26 90 37 99 66 96 76 62 95 0 49
4 42 69 29 53 60 99 93 47 71 52 0 18
8 75 51 74 92 82 55 57 36 89 69 0 38
10 44 93 65 71 86 45 32 38 61 100 0 46
7 48 55 52 49 24 51 21 81 63 55 0 32
5 74 37 70 61 43 59 41 96 42 94 0 24
4 57 44 55 31 53 62 68 65 64 100 0 17
7 30 82 73 20 33 48 75 20 98 58 0 33
10 32 41 91 66 66 87 77 58 65 44 0 49
9 53 23 100 42 95 97 30 57 34 63 0 43
10 21 62 68 92 60 82 37 51 84 80 0 47
3 94 21 69 90 44 100 29 41 64 32 0 13
3 65 93 37 79 42 40 57 67 55 80 0 12
8 23 83 85 56 50 50 32 72 48 29 0 38
6 88 71 70 77 71 75 25 89 80 51 0 26
8 74 28 91 26 61 24 78 74 70 99 0 36
7 75 77 87 62 90 100 86 57 44 93 0 33
7 71 75 71 85 45 35 38 98 81 32 0 35
7 34 48 36 48 32 72 42 49 67 70 0 31
3 62 93 62 40 49 26 22 67 94 61 0 13
8 33 98 50 54 76 86 62 60 20 76 0 38
5 55 27 40 62 100 58 61 34 39 40 0 25
9 51 66 71 43 24 99 37 41 36 36 0 42
8 81 51 73 84 61 80 68 27 86 34 0 38
3 96 57 94 60 34 62 52 90 93 24 0 12
10 91 44 49 82 46 33 31 84 99 48 0 50
9 93 35 90 45 35 88 98 58 96 43 0 42
9 79 41 70 71 72 92 21 96 80 51 0 45
6 44 53 20 86 33 59 32 86 72 71 0 28
7 23 77 86 53 51 73 59 30 50 53 0 31
10 21 64 67 55 26 35 71 74 42 100 0 47
10 79 23 63 44 51 46 66 28 55 25 0 46
4 44 24 56 36 74 60 83 81 68 79 0 16
7 62 82 99 79 39 73 73 60 98 59 0 31
7 48 39 71 29 58 54 88 86 63 65 0 34
7 53 97 20 99 68 84 38 42 43 60 0 34
2 65 72 46 80 45 79 56 74 44 49 0 10
8 65 30 83 68 85 45 60 45 24 50 0 36
10 54 49 55 67 46 94 96 63 93 78 0 48
9 21 44 69 23 37 32 77 72 94 94 0 45
5 47 51 22 83 66 27 67 77 67 31 0 21
9 60 76 83 41 100 51 60 57 56 73 0 43
10 61 38 92 38 60 30 88 94 91 47 0 50
4 65 33 67 65 44 26 32 27 79 50 0 20
6 33 46 79 66 24 64 43 28 56 64 0 28
9 54 23 43 23 42 47 75 42 76 32 0 43
10 98 54 95 51 45 81 62 21 76 39 0 46
7 82 24 40 66 43 92 74 21 66 23 0 34
9 70 29 26 97 82 95 54 88 37 24 0 42
6 63 45 40 42 49 90 60 57 71 42 0 29
9 68 42 72 93 33 93 48 27 87 46 0 41
5 23 71 56 63 98 49 53 93 69 80 0 23
6 92 30 74 80 55 54 95 97 42 62 0 28
5 31 91 21 64 66 78 59 39 33 67 0 21
6 22 96 85 66 45 34 89 58 70 54 0 30
7 47 61 92 21 66 83 53 57 23 43 0 31
8 76 79 75 46 94 33 52 98 22 100 0 37
10 24 46 77 77 28 49 56 88 67 34 0 49
7 38 60 25 90 60 40 47 82 70 81 0 34
9 83 36 50 39 61 27 77 61 97 54 0 41
10 53 41 28 52 40 65 75 64 44 39 0 49
3 27 100 99 23 64 39 99 62 33 62 0 12
2 78 77 53 35 57 24 61 24 76 26 0 10
4 70 24 24 68 77 32 23 26 53 85 0 20
5 68 47 92 36 33 77 95 73 99 93 0 24
5 65 70 60 50 63 48 87 20 78 77 0 23
6 46 43 25 51 39 49 35 95 38 73 0 28
7 90 93 81 51 80 24 54 73 42 72 0 32
3 71 28 30 44 52 83 74 100 78 44 0 13
4 89 39 56 75 47 71 57 72 80 72 0 18
8 100 43 83 33 74 79 22 88 21 71 0 36
4 95 67 70 34 37 31 87 23 61 51 0 16
5 65 48 62 77 93 40 40 27 54 74 0 22
7 65 63 95 35 93 75 97 75 57 81 0 33
9 71 56 78 40 69 76 89 70 59 35 0 42
3 39 86 28 39 66 96 92 69 86 75 0 14
3 33 69 94 65 27 43 72 87 35 90 0 12
8 95 45 59 82 52 34 79 38 73 56 0 39
3 90 56 82 43 39 43 23 95 82 54 0 11
9 82 32 33 94 28 37 67 40 68 82 0 43
7 29 95 78 88 96 31 61 49 63 23 0 31
8 26 39 46 52 48 96 71 94 65 74 0 39
4 78 85 24 99 59 70 96 63 35 56 0 20
8 52 79 53 33 92 65 38 69 67 36 0 40
5 38 50 54 42 44 33 45 23 62 60 0 24
5 29 68 42 98 48 77 58 56 70 72 0 22
10 23 61 57 23 39 92 37 98 53 41 0 49
8 44 53 63 59 46 35 69 70 20 82 0 37
10 93 67 80 80 36 35 56 64 70 49 0 50
94 68 104 111 103 127 135 95 81 83
115 139 157 164 200 204 233 249 266 281
118 128 157 170 198 201 231 250 270 297
119 130 151 176 200 200 239 241 264 294
117 121 156 170 196 217 221 255 263 290
106 132 158 163 193 209 237 240 270 285
109 128 152 164 189 214 228 258 274 292
106 132 142 162 196 202 225 252 279 286
118 138 158 166 195 206 235 253 266 292
106 139 144 162 183 203 230 252 277 292
104 136 144 161 183 202 227 256 260 286
110 122 145 172 187 206 232 242 263 295
113 128 153 170 194 201 233 251 275 293
108 131 154 167 186 212 226 244 279 285
101 134 140 167 190 201 224 248 279 285
100 122 160 161 185 208 240 250 268 285
114 126 151 161 192 211 220 242 271 295
119 138 146 171 187 207 226 244 280 295
100 140 141 162 188 214 239 253 276 287
115 138 148 180 189 214 230 259 273 299
111 123 148 170 189 201 229 245 269 297
117 128 144 174 196 219 232 244 272 292
115 120 159 179 189 207 233 257 265 300
111 136 155 163 186 220 239 258 276 286
105 122 145 174 188 210 228 251 261 288
117 128 160 178 197 209 222 254 278 287
115 122 140 175 192 202 226 255 280 293
100 138 144 180 186 206 238 250 267 285
112 132 157 160 181 205 228 257 268 283
101 131 159 160 187 214 231 258 273 291
112 121 145 171 182 213 230 246 260 295
105 134 141 177 200 217 235 256 276 285
101 137 140 169 182 214 222 244 274 295
110 132 159 171 196 212 220 244 261 282
119 138 158 166 198 209 239 257 274 289
118 136 143 168 186 215 223 256 260 294
118 126 144 161 195 218 232 246 267 288
104 138 158 173 182 211 230 249 264 296
118 123 159 178 181 208 221 247 274 285
119 132 143 175 186 209 234 247 264 291
115 132 156 168 187 202 235 242 266 295
112 126 156 165 186 215 234 255 269 290
115 137 144 160 182 203 240 250 265 284
120 132 157 161 185 215 220 241 272 297
113 127 153 170 180 210 221 259 280 287
109 123 156 166 187 208 237 247 280 297
119 129 147 175 192 205 240 245 273 295
113 128 155 172 180 201 236 256 262 284
119 120 155 162 200 219 230 245 277 290
108 126 153 162 185 211 224 259 270 281
119 138 140 171 189 220 237 258 279 282
112 134 146 174 189 210 223 252 267 280
114 121 148 167 196 202 235 240 261 298
101 140 148 178 191 202 224 247 266 300
101 138 152 176 181 205 230 247 261 300
115 131 146 180 181 219 223 251 269 296
110 130 151 170 187 213 225 245 268 281
109 129 154 160 188 216 239 245 280 290
100 130 154 162 191 204 234 260 267 297
118 120 146 167 182 218 220 260 277 292
112 124 143 167 198 216 223 248 276 280
109 134 154 162 193 220 226 257 280 287
117 137 145 170 195 217 236 252 265 291
102 121 155 162 198 205 223 250 279 286
100 132 148 170 181 218 235 252 268 296
118 130 143 165 197 208 223 253 273 287
106 125 145 173 190 209 222 243 269 290
114 138 148 164 184 200 233 247 271 284
120 124 155 163 183 200 233 243 262 293
113 139 147 163 197 209 237 240 265 285
119 122 141 169 194 217 229 241 276 295
103 138 154 168 187 205 220 243 261 293
117 128 153 164 183 207 220 245 266 291
104 124 151 170 200 200 233 251 274 286
110 125 145 174 185 205 238 248 275 292
107 128 148 178 183 212 233 245 262 283
103 134 142 171 184 207 239 260 264 292
113 128 142 162 199 209 230 250 280 280
107 122 151 169 196 211 237 258 272 290
116 136 157 167 198 202 232 257 272 294
113 139 151 169 191 201 227 246 260 293
101 135 144 160 193 206 228 242 266 292
107 120 142 162 185 203 240 243 271 280
102 127 147 178 195 214 227 259 276 292
108 138 160 162 198 219 234 241 277 281
109 121 159 163 184 209 237 260 280 289
108 128 142 180 197 214 229 254 276 286
100 137 159 178 196 208 222 241 275 294
102 124 151 166 185 203 238 255 273 289
106 129 156 172 183 217 227 241 275 294
109 126 140 164 192 209 233 257 265 280
114 130 152 164 199 216 222 250 273 286
109 127 143 164 200 201 230 257 278 291
100 122 152 164 183 213 236 249 272 286
115 121 144 169 189 217 232 244 262 290
117 132 150 169 197 204 237 252 276 291
116 133 150 165 193 206 232 247 265 299
100 133 144 162 186 208 235 255 272 293
112 137 153 167 185 209 239 243 267 300
106 130 141 165 198 203 225 241 267 291
110 134 160 164 187 214 239 260 267 296
107 125 142 180 189 210 233 246 261 285
112 130 153 173 194 218 236 251 271 291
113 125 157 167 187 200 221 243 275 285
111 127 145 169 198 206 237 255 273 280
115 127 149 163 190 203 230 255 261 285
117 132 159 168 192 216 233 240 279 298
116 131 150 160 183 213 222 247 263 290
109 134 151 175 186 200 228 245 272 288
114 136 140 168 182 212 228 243 261 298
120 129 142 161 193 201 224 240 266 293
119 120 155 173 183 218 226 256 269 284
113 125 155 172 188 207 226 254 273 283
116 138 158 173 185 210 220 249 270 299
111 138 145 167 191 201 237 251 277 297
110 136 152 173 182 220 234 240 273 293
116 129 146 172 180 219 226 256 267 300
106 140 159 175 190 220 223 246 279 281
103 131 145 178 195 204 227 243 263 286
113 127 147 161 187 217 232 241 279 284
119 132 151 177 198 204 240 258 273 288
117 132 140 174 199 203 239 244 278 284
114 135 146 174 197 201 235 257 265 295
120 139 150 168 194 204 230 254 269 285
118 140 151 169 183 210 237 243 263 286
116 125 147 179 190 203 226 249 267 284
117 126 149 163 192 203 227 243 260 291
101 134 146 169 194 203 232 257 270 281
118 124 140 172 198 206 224 252 264 295
107 134 159 174 191 203 230 258 276 300
110 139 156 173 200 205 231 244 261 282
117 125 145 168 182 205 238 243 278 285
108 127 159 160 180 208 230 251 279 293
117 130 158 160 182 209 230 247 265 285
116 123 149 171 189 208 234 253 279 290
115 129 143 161 180 207 222 255 275 283
101 121 142 179 193 206 234 256 275 288
110 132 148 179 180 208 232 244 262 292
105 133 149 178 186 219 221 258 273 281
120 128 144 163 198 217 236 244 276 286
120 127 156 172 182 208 232 259 280 284
100 123 153 179 185 204 224 251 262 296
106 129 150 175 182 213 234 251 271 282
116 129 147 165 187 215 225 242 271 283
111 128 149 165 185 203 220 248 280 284
104 136 152 161 190 205 225 240 260 294
108 140 148 173 189 201 227 254 266 299
114 136 152 164 196 212 225 245 265 292
107 133 156 173 184 203 233 255 270 282
116 132 151 180 183 209 231 251 260 297
104 132 159 161 193 212 237 259 272 295
120 128 146 167 187 204 230 255 266 284
116 131 145 162 188 207 226 255 276 280
110 140 160 168 199 205 221 241 261 298
103 139 141 160 184 207 228 249 260 295
114 138 146 172 188 215 227 242 280 285
101 139 150 169 182 210 221 247 262 300
101 124 152 160 190 200 221 256 260 280
120 139 147 162 196 204 223 243 270 281
110 122 153 170 190 211 238 241 268 282
104 140 152 171 190 214 225 260 267 286
105 132 147 170 187 209 233 258 275 299
113 123 142 171 194 208 238 248 264 296
103 124 147 175 193 203 228 258 264 291
116 136 140 169 200 205 231 250 274 293
102 133 158 163 199 214 222 257 275 293
111 128 144 180 180 205 221 242 264 296
120 135 160 167 194 201 230 253 274 295
103 128 153 172 184 218 233 251 275 296
101 122 148 161 197 220 236 260 267 287
114 131 140 176 185 206 231 253 273 293
109 130 142 165 196 207 221 243 276 286
110 139 146 175 198 206 229 256 277 296
111 140 149 166 187 217 229 245 272 280
105 121 144 171 197 206 222 251 279 293
110 132 154 160 183 205 240 244 280 285
120 136 157 180 185 201 229 251 277 295
115 132 148 168 193 212 239 252 278 293
106 123 154 175 180 212 239 254 265 297
106 125 154 180 200 217 228 241 263 288
105 137 148 160 192 203 237 252 261 294
114 140 155 167 181 202 224 240 267 297
106 138 151 171 200 216 240 246 273 285
111 128 140 174 180 214 229 258 265 285
106 127 159 170 189 202 224 258 267 287
113 124 143 166 188 219 227 257 268 295
112 138 147 180 188 211 236 240 269 298
102 134 145 160 190 211 221 248 272 292
103 139 157 178 186 201 238 247 262 285
110 139 146 161 186 207 233 250 263 296
105 136 157 168 182 214 226 246 274 290
104 139 146 162 182 212 229 246 274 282
105 126 144 180 189 210 234 260 272 284
112 120 140 177 187 213 235 255 267 292
100 126 152 169 186 219 225 242 266 297
120 132 152 174 181 217 223 258 268 280
107 138 159 163 190 207 229 260 267 298
101 133 155 162 182 220 238 245 270 282
109 125 160 160 184 207 224 244 269 300
115 132 155 168 192 206 231 259 267 285
104 128 149 161 182 216 226 257 280 297
104 128 154 162 195 209 236 248 271 293
101 127 140 180 189 207 221 260 269 284
113 134 154 168 189 220 237 243 276 287
107 134 145 171 200 211 222 250 268 290
114 125 146 171 183 207 239 247 270 290
101 120 155 160 186 214 224 258 271 296
112 132 159 171 183 206 229 257 278 297
118 129 150 170 191 208 236 249 267 290
105 125 151 173 184 204 237 250 261 297
117 127 144 163 187 213 238 254 261 285
111 137 156 173 193 210 225 247 266 292
117 140 158 163 195 208 226 243 262 283
104 121 151 170 194 205 239 246 280 296
115 135 152 170 186 218 235 247 276 300
113 135 149 176 183 220 238 244 279 295
113 138 150 172 188 214 223 246 273 286
116 138 157 176 182 204 221 241 264 290
105 139 146 175 190 202 221 241 265 289
116 122 150 167 187 206 235 252 260 295
101 131 157 177 185 202 222 259 274 282
118 135 153 178 187 220 239 247 265 281
102 130 145 167 199 213 223 248 271 296
114 122 151 169 187 203 224 256 262 293
116 136 151 166 199 208 239 242 264 299
119 125 149 169 180 205 222 250 269 286
115 127 145 160 194 213 224 259 267 280
107 132 142 161 197 207 228 244 277 295
115 127 154 161 187 211 234 244 270 299
108 140 153 166 185 207 226 245 263 282
120 133 147 160 191 214 223 241 278 298
114 131 147 171 180 214 229 256 273 287
111 136 146 169 196 211 225 258 264 298
109 139 159 174 197 203 227 257 280 289
100 127 150 178 182 219 232 256 265 295
113 138 153 170 198 216 222 240 264 287
102 123 160 177 191 201 233 247 260 292
105 136 140 177 199 220 221 251 269 283
105 129 155 167 185 205 233 246 267 297
107 127 140 165 189 218 233 242 277 285
116 126 158 179 184 214 238 245 267 297
115 127 140 164 196 207 228 249 277 281
110 122 155 166 182 203 238 254 272 300
118 126 158 167 200 206 234 250 261 280
104 131 144 178 181 209 234 260 261 296
119 137 140 160 193 207 229 251 271 284
106 132 144 169 195 211 223 250 280 287
102 137 149 163 182 212 238 246 274 280
101 133 158 177 195 209 235 243 276 280
104 127 146 164 180 202 220 250 265 298
103 134 142 160 191 211 230 242 269 280
110 132 160 179 187 201 228 242 276 280
105 122 144 165 189 217 236 260 260 281
107 122 142 165 180 208 239 242 263 280
106 120 140 171 198 202 221 250 261 287
102 140 151 179 196 218 236 259 279 292
111 124 146 178 181 200 220 258 269 289
103 134 160 165 186 207 234 249 261 283
118 122 147 180 195 216 220 250 279 297
116 140 156 179 187 202 222 254 279 298
112 133 160 166 200 211 226 240 276 296
116 135 153 160 198 209 222 251 280 282
106 129 140 166 188 201 220 255 277 295
114 133 146 161 187 211 240 252 276 288
105 132 152 175 190 206 220 251 275 292
120 124 144 160 196 212 233 259 270 297
115 135 145 178 180 206 224 247 268 291
100 136 152 166 191 201 229 247 278 289
107 129 154 175 182 206 232 245 266 286
115 134 144 160 186 220 226 245 265 291
114 128 147 176 190 215 232 253 260 280
110 122 151 165 198 220 233 243 275 280
108 138 152 166 184 200 221 255 269 287
104 125 143 177 194 214 227 241 276 295
113 122 141 180 194 216 224 248 268 286
114 122 142 162 191 204 234 259 264 292
120 133 153 161 191 203 225 253 277 285
100 121 144 178 186 205 226 250 269 293
109 132 158 161 194 213 238 244 264 292
107 120 148 168 199 201 239 242 269 299
103 127 143 166 198 220 231 253 262 287
106 137 141 175 193 218 220 241 280 281
119 137 145 161 194 212 239 249 269 284
116 130 150 162 196 202 239 251 260 291
113 128 149 161 188 212 230 244 268 299
100 130 156 160 197 212 228 253 266 288
103 121 156 163 199 216 223 257 279 286
102 130 155 160 180 200 235 252 268 294
106 129 152 173 199 212 227 258 278 292
112 125 147 164 189 202 224 251 270 300
117 134 153 161 197 201 237 253 275 295
108 124 150 166 184 211 230 257 264 280
100 120 144 166 190 219 222 247 268 290
108 136 156 175 183 213 220 249 275 294
113 124 157 160 196 218 239 252 276 290
110 125 150 167 181 202 227 247 277 299
105 125 150 176 198 216 235 254 265 295
113 136 150 160 198 215 232 255 266 293
120 120 160 162 180 210 239 250 260 284
110 122 156 165 199 207 237 249 272 283
107 124 150 167 186 211 236 247 270 297
108 127 149 170 199 212 220 248 277 283
107 126 156 171 198 212 220 258 270 287
103 136 146 174 190 217 234 258 267 298
118 126 156 163 185 215 235 243 271 286
109 133 153 164 180 214 236 243 275 299
101 129 153 180 180 202 234 245 269 284
105 139 151 175 196 219 239 240 262 299
107 128 142 179 200 206 233 257 262 281
106 133 155 178 200 217 225 249 267 281
105 126 148 160 189 205 222 241 267 294
101 138 148 178 199 219 227 244 272 280
108 136 154 175 200 204 228 241 278 291
106 138 156 171 191 202 231 246 262 287
117 137 153 166 183 217 230 258 261 287
104 128 158 168 199 203 239 243 278 287
115 132 157 176 180 215 223 252 274 293
113 138 154 178 189 202 222 241 277 286
105 136 147 178 193 214 226 246 269 291
103 134 149 161 183 201 239 253 274 294
105 123 146 164 191 206 237 241 273 293
118 121 146 176 189 220 236 244 264 289
106 137 154 174 198 209 236 259 268 300
109 139 158 180 182 210 233 258 260 291
116 123 159 179 183 208 227 260 276 297
101 135 160 162 188 220 232 257 278 280
115 120 144 176 188 209 232 246 275 293
103 134 146 161 184 207 225 249 278 296
115 132 154 170 185 214 239 257 280 299
109 126 143 171 193 205 240 257 271 297
116 126 159 180 197 204 239 244 274 297
118 120 159 178 192 219 235 242 273 288
111 129 155 164 197 210 227 255 278 286
100 130 160 165 198 210 228 254 262 299
114 134 160 165 199 208 229 257 266 292
116 139 146 166 198 201 232 243 268 292
116 137 154 164 196 206 222 256 271 286
101 130 145 160 191 220 236 252 263 288
103 131 152 162 183 211 220 256 278 292
117 122 140 171 185 207 237 246 273 283
110 137 148 173 180 204 223 260 276 280
114 130 143 165 181 212 231 247 275 280
102 131 153 176 186 207 239 241 278 296
120 138 149 170 190 215 239 257 263 286
108 127 155 170 188 203 229 246 276 280
102 137 157 174 185 211 236 242 278 291
107 140 147 175 184 202 236 258 261 280
117 140 147 176 196 200 221 249 278 281
120 122 149 179 183 201 224 242 275 292
114 120 149 178 187 209 231 256 260 286
106 136 143 173 185 218 227 248 274 285
107 120 158 178 192 203 235 256 268 292
112 140 148 171 192 216 239 244 267 281
119 126 147 180 187 220 223 256 275 295
117 135 153 173 197 212 238 248 277 295
120 138 143 161 186 209 225 251 279 292
109 128 154 168 185 219 240 253 277 296
120 136 148 177 185 205 221 245 266 292
101 138 159 168 181 208 235 255 264 298
111 121 150 176 194 213 236 241 261 286
116 130 143 179 191 216 230 246 261 293
114 137 158 179 185 216 222 250 277 284
107 121 144 172 193 212 224 259 277 294
108 134 152 163 199 219 225 251 266 286
115 126 141 177 199 219 239 259 268 294
101 136 147 174 196 202 220 248 275 287
120 133 153 165 194 214 239 240 264 284
101 133 153 160 192 201 228 258 268 300
113 139 160 168 183 215 220 251 265 299
105 130 158 165 186 205 226 256 272 292
115 135 147 165 187 217 228 249 266 298
108 127 147 168 182 203 222 247 262 284
118 127 149 166 197 220 235 243 269 296
112 134 151 168 184 220 236 249 270 295
106 129 142 166 183 217 224 257 267 283
102 132 150 167 193 202 235 254 260 294
102 127 152 169 190 218 240 248 266 289
105 134 149 178 192 214 237 258 277 300
110 131 141 173 197 215 230 250 262 290
113 139 152 180 181 203 227 247 271 295
113 134 157 177 191 216 224 257 268 296
117 136 155 164 199 216 224 260 273 291
116 140 140 179 180 215 234 252 268 294
119 121 141 167 181 211 230 249 274 280
120 127 145 180 186 218 238 250 273 294
120 126 147 163 192 208 222 240 279 286
102 127 142 172 200 208 235 245 268 293
103 122 143 166 194 206 230 253 277 287
104 135 157 164 182 200 227 250 280 282
110 133 144 177 199 214 232 240 261 289
118 140 160 169 187 201 228 246 276 288
115 135 155 163 180 209 220 252 267 280
108 122 157 177 186 208 225 255 276 282
111 130 153 173 183 212 222 253 280 284
110 120 149 174 186 209 222 241 264 300
109 128 141 174 182 220 238 241 272 289
107 136 155 178 189 202 232 249 265 294
106 121 140 179 181 202 236 252 275 298
104 134 149 165 197 204 221 260 260 297
115 139 148 179 184 206 220 260 278 294
118 140 147 178 193 219 240 243 265 297
103 124 150 164 191 200 220 254 266 288
119 134 142 176 185 202 225 258 275 293
106 122 151 173 197 212 232 240 262 300
118 123 149 172 200 213 232 258 264 281
117 120 141 175 188 214 223 245 263 299
104 127 146 168 192 218 224 242 272 281
111 128 156 160 194 208 228 250 272 292
102 129 143 168 195 213 236 252 275 280
118 129 145 169 186 210 228 243 278 292
117 130 159 163 197 216 227 260 265 290
114 126 151 160 181 211 223 240 266 296
115 124 152 172 190 214 226 257 265 298
110 131 159 165 188 219 220 257 264 282
109 140 143 179 180 206 228 259 278 295
101 129 151 166 194 220 235 258 268 289
104 136 147 168 196 215 234 249 267 292
105 132 150 168 188 204 222 242 277 299
105 121 150 163 196 216 234 254 272 295
106 125 148 179 181 220 237 252 276 300
116 120 141 170 196 204 238 241 269 282
107 123 140 175 192 205 223 243 261 280
102 139 159 178 185 207 233 241 272 285
102 126 157 174 183 204 220 248 263 284
106 129 155 165 191 202 227 240 271 288
108 140 151 180 187 210 239 243 275 282
100 130 151 165 200 220 233 241 279 289
104 131 145 171 180 210 231 250 277 300
110 140 157 171 186 206 227 243 267 296
102 120 152 169 191 201 228 251 260 288
116 123 149 170 193 206 233 244 274 293
104 137 145 165 186 200 236 244 280 292
108 121 140 180 192 208 233 259 268 293
108 136 145 179 191 204 226 249 272 293
111 127 153 168 192 203 227 258 261 290
105 139 142 176 188 217 229 243 268 290
116 138 152 162 197 211 239 249 268 290
114 120 148 167 198 219 231 248 261 291
100 129 152 177 195 207 230 244 270 293
117 130 143 161 196 210 231 255 276 288
105 134 159 178 181 204 230 243 267 291
117 126 160 163 196 203 236 249 276 297
109 125 140 166 198 210 221 253 279 280
108 138 157 168 198 215 235 249 276 282
119 131 147 161 193 216 222 259 280 298
102 130 144 179 185 207 239 245 277 281
111 134 153 170 184 205 229 257 277 291
115 127 145 180 182 216 224 240 275 294
119 129 146 180 200 208 224 251 273 296
115 126 151 176 185 217 235 240 272 300
105 127 140 168 182 219 236 257 270 299
109 131 155 162 198 201 232 252 276 296
113 131 150 179 182 213 234 240 261 296
117 135 160 180 193 200 227 260 264 280
100 135 151 176 186 214 222 245 279 284
114 124 151 172 182 220 223 253 263 300
103 120 148 177 196 205 230 242 269 291
115 124 146 179 191 212 240 251 268 299
112 138 154 175 186 208 229 243 264 288
107 140 153 164 183 220 231 258 280 291
108 129 149 168 186 214 223 243 267 297
105 136 159 179 198 211 237 260 270 298
103 138 140 174 193 206 233 245 267 299
114 125 147 165 193 212 226 244 276 289
106 132 144 173 198 203 228 246 264 298
105 130 150 174 189 213 224 242 266 300
100 123 140 178 183 204 232 248 277 295
105 128 158 171 197 208 224 245 273 294
107 135 153 163 198 214 229 240 269 281
118 127 153 162 187 213 239 255 267 300
115 124 154 172 187 202 226 249 271 300
117 123 142 180 186 211 233 242 273 284
106 132 158 162 197 209 225 248 280 283
108 135 150 177 190 210 220 246 260 291
113 131 145 166 196 215 236 243 277 282
102 135 142 175 195 203 234 247 271 298
114 133 160 170 192 217 220 253 277 290
112 120 160 162 200 204 235 243 271 286
112 120 149 165 192 207 236 260 267 280
100 133 152 164 197 213 240 258 266 298
119 138 146 162 180 212 229 254 275 298
101 133 146 164 199 207 240 253 270 284
110 139 153 177 181 204 234 245 263 284
115 124 148 164 186 215 230 251 266 293
111 124 141 161 199 209 239 255 275 300
113 125 147 162 181 201 238 259 262 284
110 129 144 172 195 209 240 247 273 288
104 129 140 162 195 204 226 245 279 298
117 121 145 167 194 205 232 256 269 289
104 126 150 179 199 207 233 244 265 296
114 139 158 172 199 218 221 258 263 289
108 125 151 177 187 214 230 248 269 295
111 124 154 164 196 220 237 244 274 289
109 128 144 161 189 218 232 241 277 299
120 139 148 163 193 208 240 258 277 289
112 126 156 178 196 210 232 240 278 292
120 125 158 170 186 205 233 242 274 294
118 124 143 172 193 205 238 243 278 291
103 125 151 164 194 205 234 256 261 284
113 139 152 168 180 216 225 258 273 292
115 132 156 176 200 203 222 245 277 282
104 135 149 169 181 214 231 251 269 280
102 130 145 171 183 204 235 244 260 294
101 122 144 169 200 206 223 254 270 283
113 123 156 163 182 203 232 256 266 297
120 133 150 175 190 207 221 257 280 292
116 131 148 171 180 215 222 245 260 282
111 130 153 168 186 215 230 260 279 281
119 134 145 166 187 216 221 251 267 286
118 131 146 165 196 204 234 242 279 293
113 133 159 169 183 207 234 252 273 289
108 128 151 172 199 206 238 259 277 280
116 124 146 174 188 212 229 241 277 281
104 138 152 160 188 219 231 246 274 298
116 137 142 180 187 210 224 258 267 284
115 122 142 178 185 217 228 251 267 283
114 131 159 179 180 200 232 258 264 282
109 135 145 164 182 202 225 248 274 283
112 125 160 168 189 205 227 253 266 299
110 140 156 164 181 202 235 259 269 284
105 131 140 177 194 217 238 254 273 283
110 128 144 179 184 212 235 251 270 286
100 120 144 165 194 218 238 259 266 288
108 131 141 163 187 208 220 240 267 296
107 122 146 180 200 200 230 258 277 286
103 126 159 180 186 213 224 245 274 297
114 131 160 177 195 216 225 244 274 300
109 136 145 179 181 207 235 241 279 293
120 134 157 175 184 210 227 260 261 286
111 137 146 167 192 211 226 259 276 288
119 129 152 164 189 201 229 253 262 290
112 120 141 176 183 211 230 247 274 285
114 124 154 180 197 217 224 245 262 284
112 137 146 169 193 201 236 249 268 294
120 134 143 174 188 213 224 249 266 282
112 140 158 167 198 201 222 242 264 290
114 122 155 170 183 204 224 258 272 287
112 120 145 171 191 206 224 246 262 281
106 130 157 180 192 212 237 240 269 298
115 140 147 174 181 205 226 251 278 280
118 130 144 166 192 220 240 255 269 284
118 123 148 173 192 219 228 257 269 283
111 120 140 160 192 220 238 249 270 292
109 137 142 177 194 205 223 240 278 298
107 124 156 175 196 204 229 255 262 286
112 122 148 161 182 202 238 244 272 287
105 136 158 173 188 220 232 249 279 285
111 123 147 168 193 215 233 259 267 290
108 134 146 179 186 213 234 253 272 294
102 135 141 175 196 217 238 247 267 290
120 125 158 176 196 210 228 240 268 298
102 121 152 174 189 207 235 241 270 287
100 131 158 179 180 218 226 247 266 296
117 120 149 175 180 215 230 241 280 295
105 121 155 160 189 217 226 258 262 292
105 129 142 174 195 200 221 260 260 290
117 135 147 166 182 219 234 244 275 282
110 135 153 170 200 212 220 251 267 286
107 128 145 169 197 201 235 256 271 299
109 128 159 166 192 212 234 245 272 300
111 130 160 175 187 203 228 251 277 293
107 137 149 161 196 212 226 243 266 289
107 126 155 175 194 206 224 256 273 280
106 134 152 165 194 203 231 250 267 280
118 134 156 171 190 210 231 249 261 293
111 138 142 162 187 208 222 259 268 289
100 140 148 167 192 203 235 251 263 298
104 127 149 168 187 206 237 259 279 296
109 140 144 169 200 213 240 258 280 294
115 128 146 161 194 210 236 253 276 293
101 123 159 176 189 213 223 244 277 300
114 123 148 165 196 211 226 260 264 280
109 134 157 170 181 211 230 253 278 298
112 128 154 171 196 200 228 251 274 286
105 128 149 173 200 216 224 260 275 287
111 140 148 160 187 217 221 254 278 280
103 137 146 165 193 218 236 244 275 295
104 128 157 170 198 218 232 241 270 284
119 137 149 174 182 219 232 246 274 289
110 121 154 171 194 220 228 260 278 281
103 132 152 173 191 201 236 257 262 296
119 136 140 179 189 216 229 252 262 294
119 125 148 164 194 220 222 240 263 293
113 126 144 173 198 214 227 246 273 280
116 131 160 166 189 216 240 260 268 297
100 121 140 163 200 218 237 257 280 290
106 120 156 162 188 201 233 244 263 295
112 123 150 176 192 208 238 258 279 300
109 122 159 179 192 214 237 256 264 292
120 123 146 163 189 204 222 259 275 285
115 124 154 164 197 211 233 245 271 280
109 137 147 177 185 204 232 240 260 287
118 134 154 173 185 215 238 247 279 283
109 134 144 167 189 215 238 246 276 280
113 133 157 179 184 217 228 240 275 285
100 132 151 169 183 209 223 255 280 290
106 137 151 175 181 216 227 243 280 293
110 132 150 168 191 215 234 243 274 287
114 135 140 177 186 207 231 260 276 284
109 128 150 173 199 215 224 252 264 292
120 140 144 180 193 207 220 254 268 285
107 140 152 169 184 204 238 243 278 297
112 140 158 165 198 203 225 257 278 298
113 132 152 170 200 214 239 257 273 287
116 132 147 175 195 204 234 246 262 288
101 140 143 165 192 200 230 257 271 289
107 121 158 162 188 215 225 254 269 291
105 126 153 173 194 202 229 254 275 284
110 124 144 168 197 215 229 243 279 296
107 136 153 175 184 202 239 256 264 286
100 121 146 176 197 205 236 248 268 281
115 123 155 162 182 201 232 253 263 299
105 121 146 170 195 210 227 248 280 280
101 138 149 160 195 208 221 248 268 290
108 126 160 170 189 214 240 251 265 297
110 133 141 170 182 216 227 259 268 300
112 136 141 177 187 201 227 248 280 295
115 137 158 173 185 204 231 240 264 286
116 129 145 162 185 207 232 258 277 294
114 137 146 161 192 216 221 258 269 287
107 125 156 174 180 214 228 258 277 284
118 138 149 162 193 206 230 256 265 294
101 130 142 180 185 214 229 251 268 291
103 139 142 163 180 213 222 258 268 298
103 129 160 179 194 207 240 248 264 289
107 123 159 167 200 215 236 249 278 281
102 132 157 180 197 213 226 250 269 288
114 121 149 177 190 201 239 252 269 299
115 136 145 167 193 204 227 260 273 289
118 135 150 178 184 213 233 246 264 289
110 137 145 176 197 213 239 259 277 290
111 139 147 168 182 207 227 255 263 300
108 127 151 164 180 217 226 240 279 295
106 138 144 169 191 213 224 256 279 289
100 130 143 174 184 216 220 257 265 288
107 137 141 172 182 212 224 255 272 295
101 135 160 175 184 215 233 253 278 300
100 130 153 180 186 218 237 255 263 295
116 128 157 176 200 201 225 241 270 285
104 133 142 170 194 209 238 243 277 297
104 138 141 163 193 208 223 256 272 300
106 128 141 180 181 218 228 242 274 290
110 125 160 164 197 200 225 243 260 284
108 139 155 170 180 207 227 252 264 284
111 140 149 165 191 215 235 245 280 281
115 124 158 174 188 219 240 245 265 283
106 129 152 173 188 207 221 247 264 295
107 125 157 165 185 214 230 247 273 292
104 140 153 176 192 216 225 259 269 285
105 130 153 173 186 204 229 258 274 282
115 120 151 164 195 215 239 256 275 286
119 128 155 168 180 208 240 245 275 281
119 133 147 175 185 202 221 250 268 294
102 138 158 164 180 212 240 240 273 285
119 126 157 164 180 213 220 256 265 282
113 127 150 164 185 217 224 249 271 286
106 135 147 164 198 216 231 248 268 282
115 126 145 173 180 205 228 246 265 284
100 135 157 171 186 215 237 256 275 280
102 124 144 171 194 215 236 250 276 291
119 137 158 172 182 212 232 251 260 285
101 127 149 167 185 201 230 245 278 297
113 140 154 178 196 206 234 241 261 287
118 134 150 165 184 215 240 250 262 294
105 137 141 162 199 211 226 245 273 286
104 124 146 173 190 215 234 254 273 288
106 132 156 170 183 203 223 241 266 296
118 132 156 164 187 216 232 259 262 288
113 120 160 161 195 204 239 241 265 291
112 127 145 172 197 217 236 259 267 297
115 135 145 177 192 216 227 250 270 299
101 123 158 174 196 215 221 254 266 286
118 128 144 168 199 205 227 259 260 290
107 129 145 179 188 210 229 251 280 297
104 126 152 177 199 210 230 243 268 282
110 136 145 169 193 208 231 251 277 293
107 136 155 169 185 217 231 244 266 286
101 132 155 166 196 212 235 246 260 296
110 121 149 160 181 210 235 253 262 284
108 125 155 168 191 219 221 243 267 290
105 136 143 167 185 202 229 250 276 298
102 121 158 160 184 206 240 246 271 293
102 128 140 163 183 212 231 258 272 280
106 126 158 180 185 208 225 260 270 283
108 136 142 175 194 213 232 246 273 291
105 130 150 161 185 217 229 243 278 283
111 124 155 170 183 219 240 246 266 282
104 124 158 171 197 216 227 248 279 298
105 128 156 165 183 204 236 240 271 290
110 130 153 171 181 214 239 251 280 288
117 134 160 167 193 204 220 253 280 290
115 126 144 177 182 213 228 254 275 296
109 136 146 163 190 202 229 256 273 287
111 135 155 175 185 218 231 258 262 284
111 128 142 168 181 203 234 257 262 294
120 132 152 168 199 213 240 240 261 282
120 136 150 174 188 220 233 248 276 294
107 126 150 174 192 213 224 256 273 299
115 140 147 160 189 207 228 247 273 288
113 131 143 168 182 208 227 244 277 294
119 133 159 178 191 208 235 244 278 283
118 120 155 160 198 204 226 257 260 280
119 127 157 174 197 205 240 253 275 298
119 138 146 172 192 201 240 252 262 296
112 124 142 166 191 214 224 245 262 286
101 121 142 180 189 210 231 245 274 292
102 135 155 163 181 220 221 258 280 286
112 127 144 162 194 206 234 253 271 295
120 138 152 176 199 205 239 259 269 293
105 126 147 162 193 202 232 258 266 283
102 126 141 180 199 210 229 248 269 296
116 137 141 175 181 204 222 251 273 291
105 121 146 171 186 216 229 257 267 288
109 140 152 162 199 207 226 252 275 284
112 134 144 167 190 207 224 259 271 284
116 132 147 177 193 200 239 251 279 280
117 138 156 178 189 218 234 243 260 294
111 136 153 164 199 207 221 241 269 298
104 131 140 164 196 208 232 256 274 291
108 122 145 161 184 206 233 250 280 297
107 139 142 167 180 219 226 248 280 290
119 135 149 175 198 215 224 242 276 288
105 127 145 160 200 201 230 256 271 295
106 128 148 171 189 210 223 254 279 285
120 130 147 175 200 215 231 246 262 288
105 122 145 167 195 202 227 245 276 290
118 127 158 171 186 204 239 245 273 289
100 138 141 172 182 203 236 247 277 283
104 133 160 173 189 215 227 240 269 283
109 131 142 160 200 217 230 244 273 285
101 135 151 180 194 211 240 240 268 286
104 138 141 169 189 204 232 240 260 293
114 129 159 166 196 206 221 253 270 300
102 135 151 169 187 216 229 251 274 296
112 140 154 177 186 208 238 256 260 280
108 131 150 170 197 212 223 247 271 290
105 126 150 163 183 220 222 249 274 287
120 132 142 170 192 206 233 256 278 296
106 131 160 161 180 211 221 256 276 286
113 138 141 160 194 207 224 247 272 281
104 127 146 163 199 203 222 259 280 286
120 140 155 172 181 216 229 241 266 289
112 140 140 170 196 208 230 243 280 291
114 134 144 163 195 203 220 245 261 281
101 122 151 171 192 212 235 243 280 298
107 136 147 161 190 208 236 241 279 300
106 135 152 162 194 203 226 243 277 290
110 133 158 170 194 217 238 248 263 293
120 135 149 180 196 216 222 259 271 289
118 134 156 178 186 210 233 244 268 286
103 127 143 170 194 206 232 240 260 280
101 121 155 168 196 215 227 250 275 298
114 137 142 175 189 217 235 249 263 285
119 128 153 161 184 215 234 257 263 299
113 138 157 168 188 216 226 251 264 291
101 121 147 180 186 208 233 247 276 287
119 129 145 175 184 213 239 258 276 281
115 132 142 161 182 202 230 241 262 298
107 127 157 169 185 220 226 245 279 283
117 123 156 162 193 220 221 258 269 280
101 120 142 169 190 204 221 254 260 298
100 137 147 180 199 202 221 244 270 289
101 132 145 171 186 205 224 257 271 285
109 137 144 179 198 216 221 259 266 295
108 129 152 170 199 201 228 241 262 296
111 123 160 180 184 209 222 243 268 293
116 121 153 177 186 211 237 250 268 284
107 122 160 179 191 206 224 248 272 280
112 123 140 177 198 209 239 259 280 285
120 135 145 164 187 219 230 251 270 290
100 130 160 161 182 206 240 255 267 286
107 140 147 177 188 210 231 245 271 286
100 125 145 162 187 214 233 243 274 295
110 133 151 170 192 218 226 257 268 283
105 138 150 175 198 205 229 257 264 282
117 132 140 180 190 201 225 255 274 292
101 128 145 162 197 202 221 254 264 288
119 138 144 178 192 209 234 255 274 296
118 133 160 169 198 210 235 240 264 298
107 121 145 179 199 205 222 251 263 299
107 134 143 176 198 200 238 243 263 289
113 130 149 172 192 209 232 243 270 296
115 130 158 176 189 214 232 243 264 288
116 139 146 163 188 205 231 247 276 280
115 126 152 171 199 220 221 253 260 293
117 133 159 171 200 204 222 249 269 296
108 135 145 175 185 209 223 250 260 287
112 136 159 175 182 215 236 248 268 288
104 128 160 173 184 205 224 254 265 281
101 133 151 169 190 207 240 241 266 286
114 129 145 162 190 214 240 244 279 288
107 139 148 163 191 218 230 255 268 286
106 130 151 169 190 213 238 258 260 284
115 132 141 166 199 206 234 250 277 296
112 130 144 167 188 205 222 258 265 280
109 130 140 178 193 200 230 250 267 289
114 129 142 160 186 213 236 243 275 290
104 137 147 172 187 208 227 245 264 282
106 121 157 162 183 212 226 249 272 300
101 130 155 163 186 217 229 241 276 285
116 123 154 166 182 201 239 245 272 294
116 127 141 174 184 220 224 259 270 298
102 133 158 165 185 204 228 250 280 281
120 135 149 172 200 206 220 251 275 291
114 138 149 178 189 208 223 248 272 295
113 136 147 160 187 215 229 260 269 295
110 126 159 162 200 219 221 249 262 281
119 126 155 178 186 205 234 260 277 294
100 138 144 164 198 208 227 250 280 280
105 125 149 172 198 219 231 250 271 300
118 126 160 176 182 206 220 246 274 284
120 139 142 163 197 208 237 244 279 287
107 128 146 174 186 205 228 259 267 296
108 131 151 167 197 216 227 246 275 285
118 137 154 164 187 217 240 249 280 283
116 138 140 165 197 213 238 256 269 283
110 123 151 161 186 211 229 254 268 285
113 126 159 162 183 213 223 251 269 300
103 121 151 176 189 204 223 259 261 289
109 121 144 173 193 200 240 244 278 296
104 126 149 170 198 219 237 243 272 292
104 128 145 177 191 215 226 241 275 296
100 136 156 166 188 218 238 243 276 287
114 123 156 175 188 208 233 244 265 291
107 131 158 179 190 205 231 257 261 294
115 135 145 167 182 203 223 243 280 283
103 136 152 170 187 209 228 241 260 299
104 123 150 168 191 219 233 258 263 283
107 136 148 160 193 208 238 243 260 284
115 127 149 168 199 205 228 257 264 286
108 140 157 166 190 211 220 248 266 284
107 134 152 174 184 208 237 254 280 293
115 127 151 177 193 217 240 250 264 300
100 126 157 179 200 219 220 260 275 280
109 129 151 176 187 219 224 255 273 285
102 136 147 168 193 207 229 247 262 286
102 139 159 166 200 201 240 248 275 280
115 127 148 180 180 204 239 253 280 295
113 127 158 171 181 209 238 243 265 282
108 120 151 179 195 201 220 244 265 289
109 137 145 179 186 217 240 247 274 299
114 132 155 169 199 203 234 241 266 299
109 132 155 161 198 211 223 243 274 298
106 133 149 172 180 212 222 246 266 289
117 121 156 169 200 206 224 240 268 291
115 130 143 161 194 214 220 242 276 293
103 140 149 162 198 202 233 253 261 282
115 136 144 163 196 208 233 246 279 300
111 126 141 178 200 204 234 250 266 299
105 120 140 162 186 206 225 247 276 298
108 131 153 180 192 212 240 243 276 285
106 137 143 171 180 217 233 255 280 289
110 121 147 162 200 218 238 260 274 281
101 121 146 174 194 201 235 252 276 283
106 120 153 163 186 219 227 259 260 286
111 128 150 164 200 210 235 248 275 282
112 135 159 164 192 209 235 253 274 289
110 131 146 175 197 211 233 259 268 282
111 129 156 177 183 207 228 246 268 293
120 127 159 179 188 213 238 241 272 289
106 131 144 167 186 219 226 244 266 283
116 123 157 170 182 218 233 249 273 289
100 123 147 166 181 213 232 245 272 297
106 131 140 165 182 205 221 254 273 294
103 125 148 178 193 206 232 240 273 298
110 132 159 172 182 201 228 258 271 290
101 133 157 160 181 201 225 260 266 280
108 123 140 179 197 205 222 253 273 281
107 132 140 179 182 220 234 243 260 283
114 121 148 165 196 202 227 248 276 281
107 130 148 179 192 215 223 242 261 281
100 133 143 174 185 201 230 250 263 283
118 136 142 175 180 204 239 258 261 297
115 137 149 180 180 200 227 259 277 285
110 137 158 178 191 212 220 246 270 298
110 129 152 180 197 210 226 244 272 281
106 140 145 177 199 209 221 247 272 285
105 122 156 170 194 206 224 256 265 293
100 131 153 162 182 212 238 247 271 281
115 137 157 176 200 216 229 246 278 287
102 132 150 161 185 219 233 243 269 283
103 129 144 179 182 217 221 250 261 292
112 137 153 165 193 202 220 247 260 283
103 131 160 164 200 214 223 253 279 295
109 121 159 180 180 200 220 251 274 290
117 122 152 169 191 211 223 241 279 294
107 122 159 173 191 212 220 251 268 282
101 133 156 169 198 200 228 246 277 283
115 139 152 178 180 208 224 248 271 286
110 132 151 172 180 213 233 255 272 297
112 122 152 173 198 209 239 258 267 295
105 132 148 175 195 219 222 257 260 288
117 131 150 176 199 204 227 245 272 291
108 131 159 166 195 214 235 250 273 296
107 129 140 173 198 203 231 251 266 282
105 140 159 171 196 212 232 245 276 282
106 121 149 175 189 220 238 257 269 281
119 123 158 176 188 211 230 256 274 292
100 133 154 174 200 210 225 240 263 294
104 123 150 177 189 204 234 243 265 295
115 124 155 179 192 219 222 244 279 295
118 133 160 174 188 220 236 247 261 296
109 126 160 169 200 213 237 248 265 300
106 133 145 163 191 219 240 255 263 291
109 128 141 161 192 213 225 246 277 297
100 132 160 161 186 204 225 252 261 297
104 130 143 167 188 211 221 255 270 298
118 129 151 161 191 211 233 247 280 296
105 135 152 169 192 208 222 243 272 288
119 129 146 180 194 218 240 244 279 292
108 136 141 163 198 207 229 250 263 285
105 126 154 176 186 201 229 252 269 293
107 125 152 179 182 204 236 246 269 286
115 127 141 165 181 214 229 241 266 297
116 139 140 169 183 202 228 253 278 286
101 126 159 175 187 210 236 250 273 286
118 120 157 180 196 209 232 260 265 293
109 121 156 171 199 216 221 248 261 298
105 120 158 161 191 219 228 247 268 297
112 126 145 167 181 213 228 257 276 289
101 134 149 175 183 213 230 250 272 292
104 140 155 174 192 203 229 243 280 281
102 127 147 161 197 205 240 244 269 289
111 134 146 176 196 201 220 260 269 297
103 131 160 165 187 217 227 253 275 296
103 138 155 166 182 202 236 255 264 292
120 132 159 162 197 205 233 259 271 297
109 121 156 167 195 207 224 242 271 295
110 138 153 165 197 213 226 257 266 283
110 137 151 173 190 209 225 246 279 289
106 127 160 177 184 210 227 240 264 290
104 124 145 163 180 212 221 254 280 297
116 130 152 176 184 212 223 255 268 296
118 137 145 160 181 208 232 242 279 294
116 125 148 177 191 208 224 260 266 300
111 127 156 177 187 213 235 253 276 295
113 122 144 164 187 213 232 259 261 282
118 124 158 175 195 200 234 250 279 294
104 128 146 180 186 217 234 242 262 295
117 132 154 160 196 205 232 242 263 289
101 133 159 169 187 211 238 260 261 299
110 128 156 169 185 215 230 240 269 286
100 137 141 162 194 216 226 249 260 284
119 136 143 163 196 216 221 258 262 298
109 125 155 167 187 210 229 260 272 294
115 131 145 166 198 218 220 257 269 298
101 136 142 162 192 217 223 256 279 292
100 123 143 160 200 208 229 252 269 295
104 137 157 180 193 215 223 244 276 280
109 126 157 170 197 202 223 257 271 292
112 126 152 165 192 207 238 253 270 291
103 124 146 176 184 202 229 243 276 281
113 134 140 170 187 208 227 250 274 296
104 127 157 177 199 201 228 241 268 283
106 123 143 179 185 202 240 242 272 287
104 138 151 179 189 209 238 242 262 296
105 129 147 166 185 212 226 260 274 285
113 138 153 163 188 208 238 258 266 288
103 121 151 165 199 207 239 254 269 296
101 135 156 174 190 212 228 252 280 298
108 120 145 179 186 200 239 254 272 289
104 135 142 176 188 219 227 253 280 284
103 138 142 162 198 218 231 248 276 299
111 140 157 175 196 218 232 248 275 286
119 140 149 167 189 208 220 253 265 286
105 121 156 171 191 219 234 240 277 282
108 122 148 170 199 200 226 247 262 292
120 128 145 171 193 208 222 244 264 299
120 126 158 179 187 206 239 251 279 296
120 135 142 164 195 201 237 258 268 280
112 122 156 171 182 209 223 260 276 280
108 133 154 160 181 214 230 252 279 283
114 125 150 175 196 203 237 250 268 292
113 120 154 168 189 201 234 241 267 289
108 128 154 179 185 220 239 260 280 289
120 132 140 171 193 205 240 247 269 292
109 124 146 174 196 209 222 247 267 287
114 134 151 169 192 203 225 256 261 297
120 124 146 167 194 214 221 259 264 282
109 128 156 162 192 213 229 249 261 290
104 125 145 160 186 206 229 255 264 283
117 138 149 172 196 202 236 252 265 292
119 135 140 170 184 203 237 246 264 293
110 122 157 168 199 206 237 248 279 296
103 126 158 164 193 215 227 248 275 299
117 123 157 179 185 205 225 251 263 298
106 130 141 173 189 213 232 242 274 280
113 128 142 173 188 200 230 246 273 286
101 127 149 161 183 202 236 260 278 286
111 125 153 163 188 205 225 251 265 286
113 127 156 176 189 206 225 246 276 296
115 129 155 162 195 208 225 246 275 299
107 131 160 162 196 208 224 247 277 298
108 135 154 167 189 218 226 257 267 285
113 124 143 172 200 207 228 244 276 295
113 138 158 163 197 212 224 252 263 282
120 133 158 178 191 207 224 246 268 299
116 134 160 173 184 213 230 258 278 280
104 122 160 171 199 214 240 243 276 295
109 135 156 179 193 200 222 251 268 297
109 130 141 174 183 203 232 254 271 291
3451 4171 4711 4921 6001 6121 6991 7471 7981 8431
1417 1537 1885 2041 2377 2413 2773 3001 3241 3565
5356 5851 6796 7921 9001 9001 10756 10846 11881 13231
2575 2663 3433 3741 4313 4775 4863 5611 5787 6381
3605 4489 5373 5543 6563 7107 8059 8161 9181 9691
2072 2433 2889 3117 3592 4067 4333 4903 5207 5549
2015 2509 2699 3079 3725 3839 4276 4789 5302 5435
4603 5383 6163 6475 7606 8035 9166 9868 10375 11389
4665 6117 6337 7129 8053 8933 10121 11089 12189 12849
4161 5441 5761 6441 7321 8081 9081 10241 10401 11441
5061 5613 6671 7913 8603 9477 10673 11133 12099 13571
2487 2817 3367 3741 4269 4423 5127 5523 6051 6447
2377 2883 3389 3675 4093 4665 4973 5369 6139 6271
2728 3619 3781 4510 5131 5428 6049 6697 7534 7696
2301 2807 3681 3704 4256 4785 5521 5751 6165 6556
3079 3403 4078 4348 5185 5698 5941 6535 7318 7966
2500 2899 3067 3592 3928 4348 4747 5125 5881 6196
4901 6861 6910 7939 9213 10487 11712 12398 13525 14064
2071 2485 2665 3241 3403 3853 4141 4663 4915 5383
5551 6151 7401 8501 9451 10051 11451 12251 13451 14851
3628 3969 4465 5395 6077 6790 7193 7565 8433 9053
2186 2281 3022 3402 3592 3934 4428 4884 5036 5701
4552 5577 6356 6684 7627 9021 9800 10579 11317 11727
4831 5613 6671 8005 8649 9661 10489 11547 12007 13249
3394 3713 4641 5163 5714 6062 6439 7367 8063 8324
2186 2319 2661 3326 3649 3839 4295 4846 5321 5568
1901 2623 2737 3421 3535 3915 4523 4751 5074 5416
5601 6601 7851 8001 9051 10251 11401 12851 13401 14151
4445 5765 6997 7041 8229 9417 10165 11353 12013 12805
3473 3752 4496 5302 5643 6604 7131 7627 8061 9146
2521 3217 3385 4249 4801 5209 5641 6145 6625 6841
3132 4248 4341 5240 5643 6635 6883 7565 8495 9146
2641 3169 3817 4105 4705 5089 5281 5857 6265 6769
5594 6487 7427 7803 9307 9824 11234 12080 12879 13584
5429 6257 6579 7729 8557 9891 10259 11777 11961 13525
2715 2899 3313 3704 4486 5015 5337 5659 6142 6625
4057 5383 6163 6748 7099 8230 8971 9712 10297 11545
3069 3199 4135 4629 4707 5409 5747 6423 7125 7411
4404 4885 5292 6476 6883 7734 8659 9140 9769 10768
3106 3565 4213 4537 5050 5455 6346 6535 7183 7966
1793 2017 2497 2641 2977 3441 3745 4081 4305 4641
2876 3426 3601 4001 4551 5076 6001 6251 6626 7101
4561 5017 5967 6119 7031 8171 8361 9159 10337 11287
1809 2033 2449 2721 2881 3361 3537 4145 4481 4593
3925 4429 5617 5977 6733 7489 8533 8893 10081 10693
4642 5032 5734 6826 7489 7996 9361 9556 10648 11506
3617 4097 4961 5505 5761 6433 7553 8193 8385 9089
4999 5041 6511 6805 8401 9199 9661 10291 11635 12181
2593 3025 3673 3889 4441 5065 5377 6217 6481 6745
5356 6211 6301 7696 8506 9901 10666 11611 12556 12691
1793 2145 2337 2785 3025 3361 3569 4033 4273 4481
4333 4599 5625 6347 7449 7677 8931 9121 9919 11325
3839 5321 5625 6765 7259 7677 8513 9387 10109 11401
4142 5659 6233 7217 7422 8406 9431 10128 10702 12301
4256 4848 5403 6661 6698 8104 8252 9288 9954 10953
3851 4551 5286 5951 6546 7456 7876 8576 9381 9836
3707 4387 5237 5441 6393 7345 8127 8331 9521 9861
4101 5331 6315 6643 7832 8365 9595 10661 10948 12178
3777 3841 4673 5345 5825 6977 7041 8321 8865 9345
2689 2977 3433 4009 4753 5185 5353 5953 6625 6721
1527 1877 2157 2269 2703 3081 3165 3599 3921 4019
3862 4522 4786 5611 6436 7162 7789 8317 8746 9604
2857 3389 4341 4537 5545 5741 6245 7001 7813 8009
2801 3697 4145 4761 5069 6105 6581 7057 7505 8289
4721 5201 5721 6601 7881 8321 8921 10121 10921 11481
1803 2126 2466 2942 3231 3554 3775 4132 4574 4931
1597 1933 2073 2297 2577 2801 3263 3459 3795 3977
1681 1737 2171 2283 2563 2801 3263 3403 3669 4103
2374 2920 3088 3424 4138 4390 4978 5041 5566 5986
5475 5613 6487 7775 8925 9983 10535 11087 12697 13571
5048 6763 7547 8233 9164 10046 10781 11908 12790 14358
3862 4225 5050 5413 6040 6832 7261 8086 8779 9604
1145 1365 1662 1871 2201 2201 2564 2762 3015 3147
3301 3751 4351 5221 5551 6151 7141 7441 8251 8761
5351 6401 7401 8901 9151 10601 11651 12251 13101 14151
1546 2011 2131 2566 2761 3106 3586 3901 3961 4381
5312 6017 6675 7615 9354 9824 10811 11751 13161 13161
1178 1343 1662 1860 2157 2322 2608 2839 2993 3191
3597 4217 4868 5178 6139 6263 7193 7968 8433 9115
4860 5978 6494 7268 8214 8644 9762 10579 11181 12600
4142 5536 5905 6561 7914 8447 9349 9923 10907 11973
4174 4681 5539 6319 7216 7918 9361 9478 10570 10921
2551 3176 3676 4451 4876 5351 5676 6476 6901 7301
5401 6901 8001 8101 9901 10951 11701 12051 13851 14051
2726 3026 3976 4076 4601 5226 5926 6501 7001 7226
1513 1793 1989 2521 2759 2997 3207 3557 3865 4005
2901 3974 4612 5163 5685 6033 6439 6990 7976 8527
1735 2109 2568 2823 3146 3452 4047 4336 4642 4914
4559 5548 6709 7397 7870 9332 9762 10364 11826 12643
1854 2143 2381 2789 3265 3554 3962 4370 4506 4761
5359 6111 7145 7709 9354 10153 10435 11751 12832 13443
3925 4573 5149 5905 7201 7237 8281 9253 10009 10477
2801 3417 4257 4593 5125 5965 6609 6973 7617 8009
2646 2784 3313 3888 4348 4992 5337 5613 6027 6671
4213 4753 5401 6085 7093 7345 8533 9073 9937 10477
2205 2528 2851 3136 3668 3915 4409 4694 5036 5682
3601 4789 5185 5833 6697 7489 8461 9181 9793 10549
4593 5618 6274 6848 7586 8570 9800 9964 10948 12301
3923 4811 5218 6106 7327 7512 8326 8918 9880 10768
3081 3753 4481 4593 5237 5993 6693 7281 7477 8289
4388 5126 5823 7381 7750 8611 9554 10087 10702 11686
3697 4291 5050 5710 6403 7195 7789 8284 8944 9604
4521 5001 6281 6681 7481 8001 8841 9721 11001 11401
4441 5081 5801 6761 7921 8241 9481 10201 10921 11201
5636 6224 7302 7988 9311 9948 11271 12496 12790 13966
1873 2113 2545 2689 3073 3457 3729 3841 4465 4769
3597 4062 4651 4961 5674 6604 6883 7658 8154 8991
4361 5361 6041 7001 7441 8001 9121 9801 10881 11521
1369 1633 1681 2017 2185 2545 2737 2917 3133 3577
4081 4387 4829 5475 6563 6835 7617 8161 9045 9963
1191 1201 1551 1731 1831 2181 2261 2561 2691 2841
2487 2751 3411 3785 4137 4555 4973 5589 6007 6227
4177 4969 5689 6229 6661 7561 7921 8965 9721 10765
4663 5797 6091 7015 8023 8443 9955 10543 11635 12475
2971 3673 4105 4672 4915 5941 6319 6481 7372 7912
3713 4129 4673 5505 5761 7009 7233 8193 8545 9601
1697 2241 2545 2801 3041 3521 3569 3937 4465 4497
1855 2359 2611 3205 3511 3673 4087 4375 4735 5149
1357 1525 1765 1933 2245 2605 2785 2893 3349 3409
3095 3433 3927 4603 5149 5305 6241 6709 7099 7489
1990 2245 2381 2959 3384 3452 4064 4149 4727 4829
2623 3106 3359 4003 4532 4624 5406 5912 6096 6786
3841 4449 4801 5377 6209 6529 7361 8129 8609 9121
2243 2661 2870 3212 3478 3991 4504 4618 4998 5435
3017 3251 3823 4655 4941 5279 5877 6475 6943 7385
5383 5797 6855 7499 8833 9339 10443 11179 11961 13387
2526 3351 3651 4226 4851 5076 5801 6426 6751 7026
3541 3721 4201 5161 5941 6181 6721 7561 7921 8851
3960 4959 5884 6439 7068 7512 8511 9547 10213 11101
1871 2364 2653 2942 3401 3486 3928 4149 4438 4795
1639 1751 2031 2353 2549 2871 3333 3403 3893 3991
4861 5716 7156 7201 8101 9361 10351 11296 12556 13186
2341 2601 3161 3201 3641 4181 4601 4941 5301 5701
4641 4921 5961 6841 7561 8321 9361 10121 11161 11601
2876 3226 3576 4026 4501 5176 5551 6376 6876 7076
2425 2905 3409 4297 4633 4945 5617 6145 6601 6913
1101 1321 1481 1791 1801 2081 2321 2441 2621 2921
1576 1996 2236 2671 2791 3286 3316 3871 4096 4216
5041 5377 6049 6847 8317 9115 9913 10249 11593 12013
3241 3430 4213 4645 4915 5617 6265 6994 7561 7669
3301 4060 5050 5908 6106 6733 7393 8284 8647 9769
4347 5290 6151 7176 7463 8734 9595 10292 11112 11563
1509 1678 1912 2146 2432 2796 2926 3147 3524 3680
3553 4097 4769 5281 5921 6497 7041 7937 8961 9089
4057 5305 5929 6280 7411 7996 8776 9361 10141 11467
2161 2801 2961 3461 3781 4021 4541 5081 5321 5981
5131 6121 6841 7381 8821 9541 10126 11026 11926 13141
4281 5321 6241 6921 7361 8121 9321 10201 10801 11281
5569 6337 7249 8641 8785 10033 11089 12049 12481 14257
1665 2113 2545 2577 3089 3393 3793 4145 4353 4721
6001 6401 7301 8351 9351 10201 11501 12751 13301 14201
2901 3276 3626 4051 4701 5176 5651 6376 6901 7001
1211 1541 1761 1849 2190 2256 2432 2652 2872 3279
4224 5700 5782 6561 7545 8488 9349 10210 10661 12096
5359 6487 6863 8085 8837 10106 10670 11375 13161 13396
2930 4032 4351 4902 5279 6091 6410 7164 7599 8701
2122 2605 3193 3361 3991 4201 4642 5377 5461 5881
3601 4171 4411 4861 5881 6121 6691 7291 8101 8431
2201 2441 3061 3401 3801 4221 4761 4821 5361 5641
3537 4761 5169 5815 6461 7277 7651 8841 9079 9725
4306 5413 6028 6971 7668 8570 9554 10579 11276 12260
2939 3199 3693 4447 5045 5409 6189 6449 6865 7697
3606 4341 5146 6126 6756 7106 7981 9031 9241 10186
2437 2857 2941 3550 4201 4306 4852 5251 5755 6154
5101 6651 7901 8151 9951 10701 11101 12851 13751 14651
5107 5889 6625 8281 8281 9431 10167 11133 12145 13617
1561 1756 2081 2172 2523 2614 2991 3290 3563 3836
1134 1409 1684 1893 2025 2399 2564 2762 3026 3257
2627 3173 3849 4187 5123 5721 6137 6761 6943 7463
3079 3538 3781 4753 4996 5563 6238 6832 7372 7912
4797 5721 6249 7261 8625 9109 9725 10693 12145 12585
5281 6673 7009 8401 9505 9889 10993 12289 13297 14209
2887 3641 3875 4317 4863 5643 5955 6371 7073 7281
4936 5688 6769 8038 9260 9683 10435 11798 13114 13772
3521 4225 4929 5121 5857 6561 7681 7809 8961 9121
5041 5713 6595 7561 7771 8443 9619 10543 11635 12391
1956 2245 2517 2857 3282 3605 4064 4285 4727 4982
3075 3568 4467 5076 5221 6149 6932 7367 7686 8614
1061 1251 1541 1801 2001 2171 2281 2411 2631 2881
4726 6166 6661 7201 8641 9136 10666 11341 11746 13231
3079 3781 4186 4510 4888 5455 6049 6481 7210 8020
2439 3175 3474 3934 4601 4969 5521 5659 6280 6556
4885 5633 6161 7657 7921 9417 10077 11353 11661 12541
3181 3811 4771 5101 5671 6061 6721 7741 8011 8611
5199 5705 6579 7637 8649 10075 10443 11823 12329 13571
4369 5383 5734 7021 7333 8230 9205 9361 10492 11623
3877 5093 5511 6081 7221 8019 8399 9425 10337 11097
1443 1947 2199 2493 2605 2815 3333 3459 3669 3991
4071 5144 5403 5958 6883 7660 8622 9251 9732 10953
3151 4081 4711 5041 5461 6421 6781 7381 8221 8701
1769 2364 2483 2755 3095 3605 3894 4183 4659 4795
4936 5923 6769 8461 8884 9871 10999 12221 12785 13349
1457 1561 1821 2302 2432 2770 3056 3316 3472 3797
4501 5671 6841 7606 8371 9856 10126 10891 11971 13366
1681 1849 2129 2437 2535 3039 3123 3613 3753 3921
3746 4831 5566 5706 6651 7246 8016 9101 9346 10431
2324 3060 3566 3727 4187 5061 5475 5636 6211 6487
4143 4751 6081 6081 6993 7867 8513 9273 10223 11401
4946 5677 6666 7225 8257 8859 9934 11138 11482 12256
5097 6273 7302 7890 8919 10585 11075 12594 13721 14554
3537 4353 5237 5509 6631 7107 8025 8433 9215 9963
4748 5970 6581 8461 8884 9730 10388 12221 12644 13349
1357 1609 1849 2017 2269 2641 2845 2917 3313 3445
1713 2145 2321 2737 3201 3377 3553 4001 4289 4641
4333 4751 5549 6499 6955 7867 9083 9387 10261 11021
5051 6001 7751 8001 9301 10701 11201 12901 13551 14801
1457 1717 2068 2224 2380 2679 2978 3342 3615 3862
2597 2839 3301 3741 4203 4577 5193 5479 5875 6381
5251 6251 7551 8651 9201 10201 11851 12501 13051 14851
4330 4700 5329 6032 6920 7882 8807 9399 9658 10546
2887 3563 4057 4499 5019 5461 5851 6423 6917 7593
3745 4481 5057 5217 6241 6657 7233 7777 8385 9057
3121 3631 4531 5101 5821 6151 7171 7381 8401 8881
1956 2296 2585 2891 3163 3707 3996 4200 4693 5101
1244 1486 1640 1937 2014 2421 2619 2685 3070 3246
1131 1381 1501 1721 1881 2141 2231 2461 2731 2861
5221 6211 7066 7921 8191 9181 9946 10846 11881 13051
5146 6812 7155 8576 9311 9899 10830 11810 12986 14162
4409 4637 5701 6347 7107 7829 8931 9577 9881 11211
4950 6420 7694 8674 9066 9899 10879 12692 13427 13819
4249 4861 5509 6409 6733 7921 8605 8893 9541 10117
3673 4681 5221 6013 7165 7669 8029 8929 9757 10657
3307 3539 4380 4902 5424 5888 6497 7425 7599 8498
4061 4761 5286 5811 6966 7281 8366 8471 9241 10466
3095 3251 3875 4395 4681 5331 5773 6501 6995 7437
3681 4065 4641 5121 6209 6817 7169 8289 8545 8961
1499 1849 1989 2255 2759 2899 3193 3417 3879 4131
3451 3811 4621 4831 5611 6331 7021 7321 8101 8971
4645 6021 6580 7139 7956 8902 9719 10536 11310 12127
5161 5720 6322 6881 8214 9203 9590 10364 11955 12815
4105 4717 5293 6157 6481 7705 8245 9217 9829 10333
3997 4897 5257 6085 7057 7597 8101 9289 9505 10729
2508 3198 3658 4003 4532 4670 5222 5912 6441 6648
3101 3938 4651 5519 5643 6790 7193 7937 8216 9146
5312 6487 7192 7991 9307 10153 10435 11281 12409 13490
2653 3199 4161 4603 4967 5227 6059 6423 6761 7593
3571 4625 4761 6019 6767 7481 7515 8535 9147 9623
2101 2581 3101 3341 3701 4101 4661 4921 5341 5941
2248 2668 2941 3466 3970 4579 4894 5083 5818 5986
2669 2899 3635 4118 4233 4923 5475 5636 6142 6832
2186 2414 2661 3117 3725 3934 4333 4732 5264 5340
4071 4515 5736 6143 6735 7512 8807 9399 10065 11101
5901 6301 7901 8351 10001 10301 11701 12501 13051 14001
1977 2490 2737 3383 3440 3972 4447 4941 4960 5625
4285 4933 5041 5761 6949 7453 8245 9037 9757 10225
3711 4621 5041 5916 6826 7386 7806 8751 9801 10046
2653 3563 3875 4239 4733 5513 6189 6397 7125 7281
1718 2262 2687 3010 3316 3554 3996 4132 4693 4761
2913 3557 4089 4593 5041 5657 6161 7001 7421 8345
1958 2547 2699 3041 3630 4010 4371 4599 5112 5321
4071 4885 5921 6624 6920 7438 8437 8955 10213 10361
2836 3295 3889 4456 5104 5860 6373 7021 7021 7588
1285 1465 1705 1981 2161 2497 2869 2905 3157 3361
2439 2761 3221 3934 4555 4647 5084 5751 6004 6602
2755 3781 4078 4834 5293 5887 6373 6994 7534 7885
5329 5953 7009 8545 8689 9601 10561 12385 12913 13873
4430 5763 6881 7096 7999 8902 10063 10708 11224 12170
2479 2563 3088 3781 4096 4537 4621 5251 5860 6238
3829 4621 5149 5908 6172 6667 7327 8383 9208 9835
1457 1730 2081 2159 2601 2744 2939 3121 3589 3849
1393 1621 1837 1921 2377 2509 2665 3013 3361 3385
5089 6193 6721 7969 9025 9649 10561 12241 13297 14161
2623 3060 3359 3704 4302 4854 5521 5797 6349 6625
1681 2113 2433 2801 3041 3297 3521 4017 4401 4673
4321 4465 5185 5761 7057 7633 8389 9325 9721 10693
5176 6076 6526 8011 8101 9271 10081 11116 12061 13096
3401 4625 5169 5645 6495 6835 7787 8399 9453 9827
3853 4645 5545 6301 6553 7417 8353 8821 9577 10297
1611 1877 2017 2241 2605 3081 3165 3431 3711 4075
2965 3329 3823 4577 4941 5591 6033 6579 6761 7281
2861 3173 3927 4291 5149 5721 6059 6319 7151 7281
2593 3313 3649 3985 4417 4801 5305 6121 6457 6889
3017 3626 4148 5134 5627 6207 6584 6990 8005 8556
5651 6101 7051 9001 9701 10801 11201 12401 13401 14301
3307 3539 4119 4699 5540 5917 6787 7512 7657 8469
1801 1996 2296 2416 2866 3046 3376 3796 4156 4276
3201 3873 4609 5697 5953 6561 7233 8001 8609 9377
3816 4621 5531 5636 6791 7456 8331 8541 9241 10221
3853 4321 5329 6049 7165 7237 8605 8713 9685 10765
3606 4446 5006 5811 6931 7701 8086 8856 9171 10046
3499 4522 4654 5776 6370 7195 7261 7954 9241 9274
5832 6714 7106 7890 9507 10389 11712 12202 13182 13917
3365 3771 4351 4699 5685 5859 6932 7280 7541 8440
4408 4993 5812 6280 7333 8269 8971 9517 10453 11662
1301 1691 2029 2081 2562 2757 2965 3290 3459 3745
1855 2179 2809 2935 3583 3889 4015 4627 5023 5149
2755 3511 4186 4321 4861 5401 6346 6805 7237 7939
2227 2710 3193 3634 4180 4453 4768 5419 5839 6133
5265 5876 6910 7709 8884 9495 10529 11798 12691 14101
5851 6701 7651 8051 9851 10051 11851 12651 13751 14751
1081 1241 1501 1661 1841 2111 2301 2571 2641 2801
4101 4921 5905 6807 7791 8980 9103 10128 10989 11891
2269 2857 3277 3676 3844 4474 4621 5230 5776 6175
3843 4217 5339 5441 6665 7413 8127 8569 9385 9861
3851 4376 5251 5846 6336 7071 7946 8646 9696 10466
4936 5876 7051 8273 9307 10153 11046 11939 12456 13866
3391 4081 4501 4801 5941 6451 6961 7651 7981 8791
5761 5761 7681 7777 8641 10081 11473 12001 12481 13633
2751 3051 3901 4126 4976 5176 5926 6226 6801 7076
3532 4093 4951 5512 6139 6964 7789 8152 8911 9802
4105 4827 5663 6461 7563 8057 8361 9425 10527 10755
1071 1261 1561 1711 1981 2121 2201 2581 2701 2871
2885 3809 4089 4873 5321 6077 6553 7225 7477 8345
4249 4537 5617 5869 6661 7741 8461 8749 9757 10297
2944 3592 4132 4429 4861 5779 6373 6562 7426 8074
1617 2065 2449 2881 2881 3233 3745 3921 4305 4545
4096 5422 5890 6826 7645 8542 9322 9361 10219 11662
1499 1793 1989 2507 2801 2885 3263 3599 3669 3935
4559 5720 6666 7655 8601 9332 9676 10708 11482 12084
3361 4033 4737 5121 6049 6561 7105 7713 8545 9409
2728 3727 3997 4807 5374 5914 6130 6589 7345 7561
4105 5169 5853 6651 7601 7753 8665 9159 10565 11059
2545 3313 3745 4105 4585 4849 5545 5905 6289 6889
5500 6440 7192 7803 8602 10200 10811 12127 12268 13490
4161 5121 6321 6721 7961 8121 9561 9721 11121 11481
5061 5809 6909 7745 7921 9461 9813 11089 12057 12893
3278 4003 4467 5163 5482 5859 6439 6990 8034 8295
4201 5441 5881 7121 7721 8561 9041 9841 10761 11641
5151 6701 7451 8051 9151 10051 11951 12651 13701 14701
3781 4429 5257 5905 6877 7417 8533 8677 9829 10549
5547 5688 6863 8273 8884 10341 11093 11469 12409 13584
3499 4522 5083 5743 6535 6898 7789 8548 8845 9901
1963 2503 2845 3241 3277 3781 4195 4645 4681 5239
1973 2092 2704 3044 3112 3537 3860 4421 4693 5050
1920 2566 3041 3079 3573 4181 4409 4884 5283 5321
4946 5161 6193 7569 8085 8988 9977 10579 11826 12600
3297 4289 4673 5153 5889 6625 7201 7969 8897 9473
5636 6469 7547 8331 9066 10487 11712 12594 13721 14652
1527 1765 2003 2395 2703 2871 3361 3599 3795 4159
5453 5923 7474 8461 9260 9589 11234 11469 12879 13960
5665 5761 7633 8545 9217 10513 11281 11617 13105 13825
3442 4000 4806 5085 6108 6511 7038 7906 8619 8867
1301 1691 2081 2146 2575 2731 2965 3303 3407 3888
2965 3485 4161 4291 5175 5409 5955 6683 6917 7593
2205 2642 2775 3155 3763 3820 4409 4618 5093 5549
3249 3837 4313 4593 5489 5769 6217 7169 7589 8009
5051 6501 7251 8001 9551 11001 11801 12601 13151 14401
4636 5896 6841 7291 8236 9496 9901 11521 12511 13141
3160 3295 3781 4618 4996 5590 6400 6643 7372 7642
1321 1645 1777 2077 2161 2449 2677 3121 3313 3361
2281 2601 2861 3301 3621 4241 4621 4941 5501 5601
3163 4062 4744 5457 5767 6418 7410 7472 8619 9177
1561 1795 1938 2211 2471 2796 3108 3342 3420 3719
3241 3811 4651 5101 5641 6091 6871 7381 8281 8401
1429 1919 2199 2437 2591 2955 3305 3389 3893 4075
5137 6721 7057 8401 8833 9697 11329 12385 12529 13441
5500 6581 6910 8273 9213 9401 10388 11704 13067 13208
3481 3539 4322 5192 5308 5830 6497 7019 7976 8469
3535 3721 4620 5519 5798 6480 7162 7937 8061 8867
2863 3673 3862 4672 4996 5887 6130 6697 7399 7696
2569 2881 3793 4273 4609 4873 5641 6145 6433 7009
3473 4341 4589 5302 5953 6697 7410 7565 8278 8712
1191 1261 1471 1801 1871 2201 2231 2561 2751 2951
5032 5806 6580 7440 8472 9117 10235 10665 11912 12686
3841 4417 4577 5153 5953 6689 7201 8033 8929 9345
4252 4993 6007 6553 7216 8542 9361 9868 10804 11545
2041 2313 2517 3010 3146 3486 3758 4166 4523 4965
3940 5383 6202 6553 7060 8113 9166 9946 10297 11623
1555 1695 2101 2465 2717 2983 3305 3375 3655 4005
4061 4551 5006 6266 6686 7561 8051 8611 9136 10256
3763 4522 5215 5908 6106 7129 7327 8251 9142 9373
2676 3026 3601 4301 4826 5301 5601 6476 6926 7351
5293 6567 7449 7988 9752 10732 11026 12300 13035 14015
3566 3907 4372 5488 6170 6790 7410 8030 8309 9115
1415 1905 2059 2437 2745 2829 3081 3473 3851 4019
2401 2661 3061 3301 3881 4281 4781 4801 5281 5681
2930 3858 4438 4641 5569 5830 6613 7483 7773 8701
5538 6812 7841 8233 8968 10536 10781 12300 12986 14652
2731 3381 4109 4291 4837 5331 5877 6657 7073 7593
2876 3376 3676 4126 4676 5426 5701 6226 6651 7451
1189 1398 1618 1849 2003 2234 2443 2718 2883 3125
3777 4065 4769 5313 6305 7041 7521 7777 8609 9473
2801 3351 3776 4201 4601 5501 5901 6226 6751 7376
3817 4645 5113 5977 6589 7813 8065 9253 9613 10189
3265 4225 4801 5345 6177 6465 7521 8129 8321 9409
2041 2541 3041 3381 3801 4361 4801 4961 5321 5781
5146 6567 7302 8723 9409 10487 11614 12643 13574 14701
3851 4586 4936 6056 6896 7526 8051 8751 9171 10151
4521 5561 6081 7201 7241 8121 9081 9881 10841 11801
2148 2547 2984 3364 3630 4105 4257 4884 5093 5625
5149 5985 6821 7217 8757 9505 9857 11441 12013 12805
1625 1961 1961 2507 2521 3011 3277 3529 3753 4117
3333 3389 3949 4677 5069 5909 6441 6973 7673 7841
1921 2033 2321 2881 2977 3489 3809 4001 4369 4705
3601 3781 4411 4891 5761 6241 6661 7201 8371 8581
4693 5843 6533 7913 9201 9569 10811 11271 12329 13479
3606 4271 5006 5811 6791 7211 8051 8856 9696 10046
4369 5671 6595 6889 7645 8401 9535 10501 11761 11845
1871 2262 2449 3010 3384 3639 3945 4081 4438 4914
4957 5881 6721 7099 7855 8443 9577 10333 11593 12097
2301 2701 3101 3261 3601 4181 4401 5041 5341 5601
3565 4027 5182 5842 6139 6865 7426 8416 9109 9307
1888 2211 2602 2942 3112 3605 3775 4302 4761 4829
3081 3361 4173 4873 5209 5853 6217 6749 7393 8401
1963 2305 2539 3133 3277 3961 4285 4339 4897 5203
5351 6801 7751 8901 9451 10101 11601 12451 13251 14701
4877 5567 6441 8235 8327 9293 10857 11593 12651 13709
3225 4155 4620 5116 6108 6325 6852 8061 8061 9208
1496 1808 1925 2328 2393 2679 2861 3381 3615 3823
4485 5321 5587 6765 7335 8323 9121 9235 10071 11287
1237 1489 1801 1969 2293 2401 2641 3049 3193 3457
4880 5495 5823 7217 7586 8283 9226 10579 11276 12014
3287 3783 4682 5364 6108 6573 7193 7441 8123 9301
4131 4306 5216 6021 7001 7456 8121 9031 9241 9836
3394 3481 4090 5076 5453 6207 6468 7106 7628 8672
3121 3811 4381 5041 5761 6541 6721 7261 8161 8431
2887 3329 4057 4161 5045 5409 5929 6501 7073 7593
2143 2710 3004 3529 4096 4474 4957 5293 5776 5881
1299 1420 1596 1860 2047 2311 2509 2674 3059 3213
3979 4421 5407 5543 6699 7345 7719 8841 9011 9861
3535 3907 4682 4961 5612 6542 6914 7441 8247 9177
3451 3721 4561 5161 5701 6421 6781 7711 7951 8941
5281 6289 7633 7921 9025 10513 10561 12337 12673 13537
5124 6581 6722 8414 8461 9683 10717 12174 13067 13866
3536 4516 5286 5811 6791 7701 8226 9031 9381 10116
1977 2585 2794 3193 3725 4086 4447 4732 5074 5549
2101 2641 3001 3361 3761 4081 4441 4841 5541 5981
5041 5809 7201 7825 9409 10369 11233 12193 13057 14161
3605 4251 5033 6087 6155 7481 8059 8569 9385 10201
4757 4921 5782 6971 8037 8365 9759 9882 11030 11563
3211 3691 4201 5251 5761 6151 6691 7291 7831 8401
4081 5561 6361 7121 7401 8281 9321 9641 10881 11401
4387 5419 6752 7483 7870 8773 9461 10665 11310 12213
2121 2581 3101 3301 3821 4041 4541 4801 5421 5761
2701 3501 3776 4501 4676 5251 5976 6076 6876 7051
1201 1561 1813 1981 2401 2641 2797 2893 3349 3469
2705 3407 3771 4447 4681 5461 6007 6501 7203 7801
1981 2521 2827 3079 3349 3709 4087 4375 4807 5329
1021 1201 1521 1691 1911 2011 2281 2511 2601 2881
2901 3076 3726 4251 4826 5151 5826 6101 6851 7326
2289 3015 3191 3631 4093 4401 5193 5369 6161 6425
2377 2663 3081 3961 4225 4577 5127 5699 5897 6447
5185 6529 6961 8593 9169 9793 10849 11953 13057 14065
1777 2033 2449 2689 3073 3249 3633 4129 4177 4641
1576 2086 2131 2641 2821 3256 3436 3646 4021 4351
1277 1519 1673 1783 2168 2322 2630 2740 2949 3191
1597 1681 2073 2339 2773 3067 3235 3473 3655 4075
3101 4000 4713 5488 6046 6418 7131 7565 8371 9084
2575 2861 3147 3543 4313 4621 5083 5611 6073 6337
1996 2547 3022 3383 3440 3877 4371 4618 5074 5530
5266 5671 7201 7336 8821 9136 10621 11206 12421 13366
3816 4376 4901 5811 6931 7351 7736 8856 9766 9801
3457 4417 5025 5377 6337 6881 7521 7969 8833 9025
2976 3276 3676 4026 4826 5401 5551 6476 7001 7451
1735 2211 2449 3044 3146 3520 4064 4166 4710 4778
2665 3217 3673 4081 4417 4921 5497 6169 6649 6985
4831 5335 6091 7561 7645 9073 9409 10081 11551 12349
1667 1807 2045 2521 2801 2913 3137 3515 3823 4145
1956 2143 2568 2993 3146 3690 3996 4081 4625 5101
2836 3430 3781 4537 4915 5914 6373 6940 7291 8074
3489 4193 4961 5185 6337 6433 7425 8065 8833 9473
4634 5372 6151 7340 7463 8734 9595 9841 10702 12137
2107 2431 2881 3241 3475 3601 4087 4681 4753 5041
3701 4996 5588 6513 6883 7919 8215 9066 10324 10509
2281 2481 3021 3441 3641 4401 4461 5061 5261 6001
4739 5521 6809 8143 9017 9431 10581 11133 12375 13387
2876 3101 3651 4476 4776 5301 6001 6276 6701 7476
5489 6763 7547 8576 9115 10193 11222 11908 12937 14113
1820 2381 2602 2789 3112 3741 3928 4387 4761 4948
2809 3355 3875 4369 4837 5565 5799 6319 6943 7723
5251 6801 7951 8951 9901 10551 11851 13001 13501 14901
2061 2761 2801 3481 3861 4121 4661 4901 5341 5981
2395 2626 3088 3466 4054 4453 4747 5125 5797 6070
2545 3169 3457 4153 4753 4873 5473 5905 6337 7153
1786 2211 2551 2959 3214 3622 3809 4115 4523 5101
3501 4306 4901 6231 6406 7141 8121 8681 9696 10326
4516 5505 6795 7354 8472 8945 9633 10536 11740 12643
3211 4051 4591 4891 5941 6421 6871 7201 8071 8431
5311 5716 6886 7291 8416 9586 10756 11476 12016 13501
3911 4217 5237 5849 6359 6869 7685 8467 9215 10201
1288 1354 1563 1981 2047 2322 2564 2663 3004 3125
2863 3565 4267 4375 5320 5644 6076 6697 7561 7642
4429 5536 6151 7258 7791 8611 9021 10087 10661 11932
1583 1835 2031 2325 2745 3011 3305 3403 3879 3949
1123 1486 1563 1926 2146 2234 2575 2718 2982 3279
5473 6385 7681 8161 9217 10417 10561 12145 13297 13921
4929 5281 7041 7129 8801 8977 10341 10693 11925 12585
2241 2401 2981 3301 3841 4141 4721 5201 5341 5601
1501 1996 2281 2461 2956 3196 3601 3871 3991 4471
5594 6487 6863 7615 8461 9965 10764 11939 12926 14007
2829 3725 4089 4593 5573 5797 6721 7085 7561 7953
1431 1808 1990 2302 2354 2653 3043 3186 3420 3693
4486 4837 5773 6397 7255 8386 8971 9790 10375 11428
1444 1613 1834 2094 2588 2718 3108 3316 3576 3901
4182 4626 5440 5995 6698 7438 8807 9584 9695 10509
3961 4645 5185 6193 7021 7525 8641 8893 9829 10369
1249 1549 1681 1945 2341 2449 2713 2941 3349 3577
3394 3510 4206 4844 5627 5946 6729 7425 7802 8382
4785 5797 6901 8235 9155 9523 10719 11225 12191 13617
5245 6395 7269 7913 9155 10029 10167 11869 12099 13295
1621 1876 2266 2656 2806 3211 3451 3721 4036 4426
5218 5829 7239 7709 9213 10341 11140 11469 12879 13584
3053 3585 4033 4509 5293 6105 6497 6749 7757 8373
3361 3893 4145 4565 5405 5825 6721 7225 7757 8093
1905 2143 2653 3027 3333 3571 3945 4081 4727 4965
2281 2376 3003 3231 3535 3896 4428 4599 5207 5587
1653 1737 2003 2409 2703 2871 3333 3403 3893 4075
5048 6126 7400 8037 9507 10046 11467 12545 12790 13917
1809 2225 2433 2689 2881 3457 3601 4129 4369 4673
4141 4753 5617 6337 7201 7309 7993 8821 9973 10153
1353 1756 1938 2198 2354 2783 3004 3264 3498 3641
2959 3771 4206 4960 5308 5917 6816 7077 7541 8527
4647 5613 6625 7775 9201 9477 10259 11685 12421 13019
1922 2092 2653 2772 3095 3452 3945 4353 4523 5050
2641 2927 3301 3851 4181 4555 4863 5655 6161 6425
4873 5503 6217 7183 7561 9031 9325 10291 10921 11845
2554 2991 3520 3865 4279 4946 5291 5981 6418 6464
1310 1475 1596 1827 2058 2377 2432 2762 2938 3147
2243 2490 2775 3136 3725 3877 4447 4599 5302 5568
2600 3060 3658 3888 4210 4762 5383 5797 6280 6648
2593 3073 3625 4129 4777 4945 5713 6217 6649 6721
5685 6077 7155 8527 9213 10389 11222 11810 13574 13770
1041 1381 1521 1601 1881 2191 2311 2461 2741 2981
1625 1919 1989 2521 2619 2941 3137 3613 3739 3977
5406 5735 6675 8367 8696 10200 10717 11798 12550 13302
1825 2097 2545 2865 2881 3201 3713 4129 4225 4513
4797 5941 6381 7217 8009 8889 9901 10913 12057 12453
3697 4126 5281 5545 6238 6766 7492 8350 8779 9868
2201 2801 3121 3281 3621 4041 4701 5181 5381 5681
5041 6289 6721 8497 9313 10417 11425 12193 13105 13585
1651 1921 2161 2686 2761 3181 3526 3766 4051 4291
1801 2161 2593 2971 3493 3925 4285 4663 4789 5185
3565 4324 4654 5380 6172 6865 7261 7921 8812 9769
3746 4271 5111 6301 7001 7001 8051 9031 9696 10011
4121 5041 6361 7201 7441 8521 8961 9801 10961 11881
5017 5765 7041 7789 8581 9505 9901 10737 12057 13201
2181 2721 2901 3581 3621 4141 4701 4821 5581 5861
1201 1341 1571 1751 1841 2101 2271 2601 2611 2861
1777 2193 2337 2673 3073 3377 3617 4145 4417 4609
1786 1936 2281 2461 2836 3016 3436 3796 3931 4351
5265 5641 6628 8273 8602 9918 10811 11610 12879 13396
4333 4713 5853 6841 7487 8247 8513 9311 9957 10793
2465 3015 3213 3719 4247 4423 5193 5479 5897 6469
4681 5227 5578 6787 7333 8308 8737 9712 10375 10999
2801 3501 3951 4176 4951 5026 5551 6051 6601 7251
4903 5247 6666 7311 7870 8773 9633 11095 11697 12342
4705 5041 6091 7183 8023 8653 9409 10333 11005 11803
3181 3901 4711 5401 5761 6361 7111 7201 8071 8941
1956 2381 2500 2959 3078 3486 3843 4268 4727 4761
5075 5591 6193 7139 8257 9461 10321 10966 11568 12213
4485 4675 5625 6575 7297 8323 8665 9767 10223 10755
5107 5521 6441 7361 8833 10121 10949 11455 12421 13433
2726 3426 3551 4426 4851 5126 5576 6001 6951 7451
2997 3473 4369 4901 5489 5713 6413 7141 7337 8009
4817 5247 6365 6924 7827 8687 10235 10493 11697 12342
5146 6665 7743 8478 9213 10781 11369 12202 13672 13966
5218 5782 6910 7897 9072 10106 10952 12174 12550 13631
3673 4557 4965 6087 6325 7243 7957 8603 9249 9997
4693 6211 6487 8051 9017 9983 10949 11363 12283 13341
1681 1751 2213 2465 2745 2941 3193 3361 3753 4173
1123 1332 1673 1915 2080 2278 2586 2652 2971 3158
4301 5634 6795 7698 7741 9375 9719 10622 11439 12729
4915 5041 6259 7351 7561 9031 9661 10123 11761 12391
3886 4478 5736 5921 6994 8030 8363 9547 9695 10805
4201 5161 5681 6961 7801 8001 8841 10401 10401 11601
5032 5806 6322 7139 7827 9418 10063 10493 11826 12127
4401 5401 6121 6801 8001 8481 8801 10041 10681 11441
4067 4865 5511 6423 7487 7639 8931 9729 10299 11363
5233 6145 7633 7969 9217 10177 11233 11761 13057 14401
3220 3771 4641 5076 5424 5888 6613 7280 8034 8498
1606 2056 2236 2416 2941 3181 3391 3646 3991 4336
1392 1639 2016 2276 2523 2679 2913 3329 3550 3641
5301 6701 7601 8251 9701 10151 11551 12501 13351 14001
3659 4155 4837 5302 5891 6511 7162 7720 8092 9084
1555 1933 1989 2269 2619 2913 3109 3627 3753 4047
2301 3221 3405 3842 4417 4670 5406 5774 6050 6855
3433 4192 4918 5545 6172 6799 7822 8548 9208 9769
3380 4341 4465 5240 6201 6604 7441 7999 8681 9115
3451 3841 4381 4831 5821 6301 7081 7591 8281 8791
1415 1723 2227 2465 2647 2983 3123 3417 3879 4201
3079 3322 3997 4456 5293 5698 6103 7021 7129 7561
4688 5763 6752 7311 7784 9074 9891 10880 11955 12815
2241 2561 3081 3421 3921 4001 4561 5021 5481 5721
4936 6017 7004 8132 9401 10153 10529 12221 12926 13490
4552 5741 6069 6561 7668 8898 9062 10415 11399 11481
2679 3563 3797 4291 5019 5669 6137 6345 7151 7671
4577 5633 6909 7481 8713 9593 10209 10605 11881 12497
3809 4385 4769 5569 5825 7009 7425 7873 8769 9249
4291 4720 6007 6670 7567 8581 8893 10141 10843 10960
4327 5545 6385 7267 8023 8443 9913 10795 11005 12433
3452 3945 4061 5192 5482 6265 6642 7309 7599 8527
1667 1751 2073 2297 2717 3081 3109 3361 3683 4103
4408 4915 5617 6748 7723 8347 8854 9595 10648 10921
2205 2490 3041 3155 3592 4105 4561 4941 5093 5644
3401 4115 4761 5543 6801 7413 8059 8739 9521 9861
3605 4081 5305 5509 6393 6835 7923 8297 8943 10031
5377 5905 7201 8449 9217 9985 11425 12385 13393 14401
4034 4515 5884 6624 7105 7919 8770 9473 9769 10805
5041 5167 6133 6847 7939 8569 9325 10879 11551 11971
4601 4961 6161 6561 7881 8441 9321 9801 10841 11201
1200 1508 1618 1948 2036 2245 2553 2641 2861 3158
2125 2413 2773 3115 3331 3871 4285 4447 5023 5095
3380 4155 4465 5178 5860 6666 7379 7627 8557 8681
4747 5587 6595 7519 7729 9115 9577 10081 11551 11971
3301 4357 4984 5578 6040 6898 7360 8416 9241 9571
4135 5344 5890 6826 7060 8425 8854 9478 10921 11428
3081 3697 4201 4705 5349 6021 6553 6805 7673 8037
4561 5401 5601 7081 7441 8281 9241 10401 11041 11361
4797 5633 6601 7613 8757 9461 9857 11089 11617 12849
2161 2521 2593 3241 3475 3727 3961 4573 4825 5131
2676 3501 3801 4226 4601 5101 5951 6076 6951 7426
2913 3641 4109 4291 5149 5279 5851 6683 7229 7749
4408 5149 5929 6631 7801 8347 9322 10024 10648 11194
4177 4753 5293 6301 7021 7345 8425 8857 9433 10369
1011 1401 1431 1651 1921 2001 2301 2571 2711 2891
2355 2663 3477 3565 4137 4731 4951 5589 5919 6403
1366 1639 1990 2250 2523 2627 2978 3303 3576 3693
3961 4465 5185 6049 7093 7741 8245 8749 10045 10657
3532 4489 5050 5776 6073 6667 7888 8449 8713 9439
2401 2905 3505 4225 4729 4921 5665 5953 6433 6745
3566 3814 4806 5023 5643 6232 7193 7844 8154 9270
3256 3752 4527 5271 6046 6511 7038 7689 8681 8681
3334 4555 4918 5281 6436 6865 7294 8185 8845 9571
4969 5797 7361 7821 8695 9845 11041 11547 12191 13663
3631 4390 4654 5611 6007 7129 7492 8548 8845 9901
4817 5849 6064 7612 8042 8644 9762 10665 12041 12686
4601 5481 6321 6921 7401 8161 9241 9601 10561 11441
5221 5806 6526 7291 8326 9316 10441 11611 12466 13231
4789 5755 6133 6763 8065 9073 9283 10837 11299 12055
5351 6251 7801 8701 9001 10701 11401 12901 13851 14201
4957 5797 6259 6805 8107 8653 9661 10753 11131 12349
1112 1431 1563 1981 2036 2355 2520 2762 2949 3202
4533 6117 6249 7173 7921 9373 9769 11353 11793 13113
3194 4000 4961 5550 6015 6418 7441 7689 8185 8960
1499 1723 2227 2339 2801 3011 3305 3487 3893 3935
2551 3301 3926 4501 4926 5326 5651 6251 6726 7201
4219 4478 5514 6550 7031 7438 8844 9325 9954 11064
3221 3809 4061 4677 5405 5713 6357 7281 7645 8093
3187 3646 4051 4807 4969 5752 6292 6643 7129 7804
1431 1782 1886 2289 2562 2770 3108 3368 3602 3771
4219 5283 5587 6385 6917 7867 8627 9691 9995 11401
1837 2160 2568 2789 3061 3690 3843 4081 4744 5016
4771 6211 6481 7606 8596 9586 10081 11521 12556 13006
1001 1301 1431 1741 1841 2161 2201 2571 2651 2881
2997 3837 3949 4817 5097 5937 6273 7141 7617 8261
2425 3241 3841 4201 4417 5161 5593 6073 6673 7201
3801 4941 5815 6841 7069 8285 9007 9691 9995 11211
2901 3201 3926 4401 5001 5026 5626 6026 6751 7126
3017 3858 4119 4931 5627 6062 6903 7048 8034 8614
4473 5935 6064 7010 8300 8945 9590 11009 11697 12901
2227 2689 2962 3781 3802 4579 4789 5083 5755 6091
4621 5251 6721 6889 8275 8401 9451 10207 10921 11929
3025 3893 4341 4761 5041 5797 6357 7057 7393 7953
3220 4061 4322 4786 5540 6236 6816 7106 8121 8150
1611 1737 2213 2437 2633 3067 3361 3431 3711 3963
1803 2194 2585 2942 3197 3520 3758 4200 4489 5016
5244 6126 7694 8086 9066 10487 11271 12104 13378 14309
2601 3501 3826 4401 4801 5401 5626 6476 6726 7126
2311 2861 3367 3807 4093 4489 5039 5677 6029 6205
1496 1561 1964 2133 2536 2796 3108 3329 3576 3719
4761 5121 6201 6721 7201 8321 9601 9801 11001 11241
4761 5321 5881 7001 7401 8081 8841 10001 10721 11761
4285 5797 6637 6889 7561 8905 10081 10081 11467 11971
1905 2017 2513 2625 2881 3409 3521 4097 4241 4513
4408 4954 5851 6397 7216 8464 8737 9712 10570 11155
3711 4726 5146 5741 6931 7561 8086 8681 9381 9871
1266 1387 1596 1904 1981 2256 2509 2707 2916 3125
1101 1486 1728 1882 2047 2366 2608 2817 3026 3081
4081 4961 5761 6841 7761 8601 9441 10001 11041 11641
4047 4659 5373 5849 6189 7209 7889 8535 8841 9691
4142 5208 6110 6848 7586 8242 9431 10046 11399 12178
4747 5881 6469 7477 8233 8653 9829 10123 10963 12055
5547 6299 7051 7756 8649 10106 11281 11751 12315 13819
4411 5755 5923 6805 8359 8863 9493 10291 11467 12013
3953 4713 5549 6575 7221 8171 8893 9653 10375 10945
1379 1717 2029 2211 2380 2640 2900 3134 3459 3849
2361 2641 3121 3281 3741 4321 4641 5181 5241 5761
5086 5401 7201 7246 8776 9181 10756 10846 11926 13096
3809 4319 4931 5849 6699 7379 8025 8807 9079 10099
4141 4861 5221 6373 6913 7777 8173 9001 9721 10765
3031 3691 4741 5221 5881 6451 6631 7621 7981 8581
5429 5889 6625 7729 9155 9431 10443 11915 11961 13341
2783 3355 3771 4655 4889 5461 5955 6527 7281 7723
1145 1387 1673 1948 2190 2311 2531 2674 2949 3103
4511 5577 5946 6930 7914 8529 9472 10292 11358 12014
3532 4489 5116 5578 6106 7162 7624 8053 8779 9439
2122 2773 3256 3487 4117 4453 4936 5167 5461 6217
2531 2784 3428 3681 4164 4831 5406 5820 6027 6533
1837 2126 2636 2857 3248 3724 3758 4132 4540 4931
3571 4625 4863 5679 6291 6869 7787 8501 9385 10133
4489 5325 6953 7041 8097 9065 10561 10825 11925 12893
2143 2689 2941 3424 3844 4453 4852 5419 5713 5881
3711 4411 5531 6301 6476 7281 7876 9101 9451 9906
3025 3809 3977 4901 5433 5965 6497 6889 7645 8149
4201 5201 6001 6441 7401 8681 9161 9721 11121 11321
4774 5333 6666 7311 7870 9418 10321 10579 11439 12127
1353 1613 2055 2224 2562 2809 2952 3225 3628 3875
5041 6145 7489 7921 8785 9793 11329 11521 13009 13921
2971 3511 4132 4618 4888 5779 6454 6778 7561 7777
2341 2681 3201 3341 3861 4081 4401 5061 5601 5801
3106 3403 3889 4780 4915 5752 6157 6859 7426 7993
1636 2041 2191 2446 2851 3031 3436 3841 4096 4306
2554 3106 3566 4026 4256 5015 5314 5935 6027 6533
4885 5633 6249 7393 7965 8933 10297 11309 11529 12937
3721 4093 4713 5209 6170 6604 7441 7441 8092 8743
1921 2177 2401 2785 3009 3521 3729 3969 4417 4705
4602 5419 6451 7483 8257 9160 9633 11009 11740 12858
4256 5181 5440 5921 6994 7660 8437 9140 10102 10657
5651 6551 7151 8401 9101 10401 11351 12201 13851 14701
1786 1996 2386 2671 2866 3121 3526 3661 4171 4246
2833 2881 3721 3841 4753 4897 5425 6169 6241 6721
5832 6224 7694 8527 9654 10046 11761 12398 13476 14603
1667 1933 2045 2409 2689 2815 3361 3529 3669 4145
5041 5581 6391 7471 8596 9631 10081 11026 11791 12871
2829 3389 3977 5041 5293 5881 6469 6861 7673 8177
2143 2836 3256 3424 3802 4621 4642 5419 5881 6007
2577 2922 3313 3727 4463 4739 5383 5820 6234 6786
3001 3451 3801 4401 4976 5126 5976 6476 6726 7326
4306 5167 6028 6643 7914 8283 9513 10579 10907 11604
2857 3529 3949 5041 5573 5881 6413 6945 7533 8289
2205 2604 2680 3326 3440 3877 4219 4770 5188 5530
4096 4720 5695 6670 7255 8425 8932 10024 10414 11233
4797 6161 6689 7129 8757 9109 9945 11089 12101 12497
4481 5361 5761 6681 7601 8281 8961 10361 10841 11361
1857 2113 2353 2833 3089 3201 3825 4017 4465 4481
4096 4831 5461 6231 6616 7631 8191 8506 9101 10291
1777 2177 2449 2625 3185 3313 3537 3857 4305 4769
4577 5765 6161 7217 8625 9153 10209 11265 12057 12805
4969 5613 6671 7407 8465 9477 10719 11501 12881 13663
5351 6951 7101 8351 9001 10951 11301 12401 14001 14501
2619 2971 3279 3851 4357 4731 4929 5325 6073 6337
2731 3303 3771 4161 5201 5227 5981 6657 7047 7671
1485 1793 2073 2395 2647 2941 3123 3557 3907 3991
4441 4811 5440 6476 7401 7956 8548 9103 9695 10657
3676 4271 5076 5846 6826 7071 7946 8576 9661 10151
4957 5335 6637 7183 7813 8569 10039 10291 11467 12139
4201 5797 5923 7225 7645 8527 9913 10375 11635 11887
4577 5853 7041 7613 8317 9461 9989 10561 11837 12453
2290 2752 2983 3361 4201 4558 4831 5125 5734 5986
3334 4456 4984 5941 6403 6964 7921 7921 8845 9439
4473 5935 6064 7268 8128 8773 9977 10321 11181 12600
5473 6193 7633 7969 9409 9889 10609 12145 12961 14401
4489 5941 6645 7437 8229 9505 10077 11045 12057 13025
2689 3361 3697 4249 4465 4993 5713 6145 6241 6721
1729 2097 2401 2721 3153 3393 3569 3953 4337 4641
4621 5545 6601 7173 8053 9681 9769 10957 12057 12629
3841 4225 4545 5441 6145 6593 7457 8193 8897 9473
3605 4455 5441 5475 6121 7175 7515 8705 9385 9725
4408 5383 5500 6241 7567 8074 8737 9634 10609 10960
1665 2033 2337 2609 3185 3249 3553 4145 4481 4577
4561 5321 5891 6537 6879 8209 8703 9159 10109 10983
1233 1541 1541 1871 2157 2289 2531 2674 3081 3202
2167 2547 2737 3098 3706 3858 4181 4656 4960 5340
1112 1343 1662 1882 2113 2333 2586 2674 3081 3279
1285 1633 1765 1933 2281 2497 2833 2893 3349 3601
2439 3106 3497 3727 4463 4670 5199 5590 6372 6671
1101 1331 1581 1701 1941 2171 2381 2481 2631 2931
1681 1891 2087 2521 2745 3025 3109 3627 3795 4047
1181 1341 1561 1781 1861 2101 2331 2441 2681 2861
1134 1398 1574 1871 2135 2267 2553 2641 2861 3081
2122 2542 3256 3529 4117 4516 4768 5251 5776 6259
2737 3289 3409 4201 4537 5209 5641 5977 6313 6841
1310 1409 1684 1772 2025 2366 2575 2828 2894 3290
2148 2623 2984 3193 3573 4105 4295 4770 5017 5530
4041 4841 5881 7201 7441 8321 9321 9881 11041 11481
1786 1936 2176 2626 2761 3196 3586 3871 4141 4216
3106 3565 3835 4348 4915 5455 6211 6508 7075 8047
5244 6224 7694 8282 9066 10781 11075 12006 13672 13868
3979 4183 5305 5509 6563 7481 7515 8773 9147 9521
2526 3001 3551 4226 4751 5101 5526 6351 6501 7451
3001 4111 4411 5401 5971 6061 6631 7321 8101 8671
2829 3697 4061 4789 5209 5741 6273 7197 7589 7981
2726 3426 3601 4476 4951 5401 5526 6476 6651 7376
3349 4000 4713 5271 6170 6232 7069 7472 8123 9177
1333 1477 1921 2161 2209 2509 2665 2917 3217 3517
3945 4115 5203 6019 6325 7175 8059 8501 9113 9657
4067 4637 6081 6803 7259 7829 8513 9425 10337 10641
1569 1723 1961 2479 2773 2927 3347 3627 3921 3991
2041 2296 2466 2789 3180 3724 3911 4268 4591 4931
1901 2471 3041 3060 3459 3915 4561 4846 5074 5435
2569 3361 3529 4249 4513 5041 5545 5881 6505 6865
1901 2376 2756 3079 3554 4067 4428 4618 5207 5606
3521 4257 4833 5441 6145 6977 7233 8225 8577 9057
1996 2623 2851 3326 3763 3896 4352 4884 5017 5359
5500 6205 6581 8461 8931 9448 10576 11986 12879 13725
1112 1409 1596 1783 2168 2223 2432 2795 2905 3169
5356 6211 6481 8011 8641 9406 10531 11476 12331 13321
1771 1996 2401 2536 2971 3151 3526 3601 3961 4471
1927 2179 2611 3223 3583 3691 3997 4519 4735 5383
3960 4959 5292 6513 7327 7401 8807 8992 9732 10694
3730 4291 4918 5677 6337 6898 7657 8020 8911 9769
1496 1691 2055 2289 2458 2783 3017 3160 3433 3745
1741 2086 2191 2446 2821 3076 3466 3706 4141 4201
4256 4663 5625 6328 7364 8141 8178 9362 9621 10842
5149 5853 6997 7525 8801 8977 9769 10957 11837 13025
1729 2161 2321 2801 2961 3345 3569 4001 4161 4593
1121 1361 1591 1751 1821 2151 2361 2481 2681 2881
1457 1793 2241 2423 2577 2871 3137 3557 3711 3935
3233 4257 4833 5409 6081 6625 7681 7713 8513 9153
2281 2581 2901 3241 3801 4281 4801 4881 5581 5761
4709 6117 6513 7173 8405 9593 10121 11221 11793 12585
1061 1301 1511 1691 1901 2131 2381 2581 2601 2841
2186 2509 2680 3155 3782 3915 4447 4751 5264 5625
4705 5461 6049 7015 7897 8611 9325 10837 11131 11761
1745 2081 2241 2849 3089 3201 3681 4001 4273 4625
3763 4258 4687 5281 6139 7030 7789 8020 9076 9571
1665 2193 2353 2753 2993 3329 3633 3921 4225 4513
4665 5325 6909 7129 8053 9329 9945 10957 11969 13201
2627 3381 4031 4239 4837 5643 5955 6267 7177 7411
1857 1969 2465 2657 2913 3217 3825 3921 4353 4705
3017 3303 3667 4525 4785 5721 5825 6735 7021 7749
3571 4656 5531 5776 6476 7141 7981 8751 9801 9836
3361 3781 4173 4817 5601 5769 6161 7029 7701 8149
1939 2347 2534 3027 3214 3537 3792 4217 4625 5016
1809 2177 2353 2561 2993 3441 3665 4161 4305 4721
4731 5419 6838 6967 8601 9418 9504 10708 11267 12084
4166 4411 5426 6231 6511 7176 8191 9101 9696 10291
1301 1795 1873 2133 2575 2705 2952 3251 3641 3641
2626 3126 3726 4301 4951 5476 5776 6251 6776 7501
5193 5545 7041 7745 8009 9065 9681 10825 12057 12497
2641 3059 3125 3587 4335 4577 5215 5369 6139 6315
4923 5889 6717 8005 8557 9431 10489 11915 12283 13617
2269 2752 3172 3508 4138 4537 4768 5167 5776 5986
1417 1645 1849 1969 2245 2605 2881 2989 3361 3397
3365 4003 4061 4786 5714 6178 6903 7425 7802 8208
5501 6151 7551 8051 9301 10551 11451 12701 13401 14251
5651 6301 7951 8101 9151 10651 11151 12551 13451 15001
3194 3752 4682 5457 5860 6325 6914 8030 8092 8960
1963 2179 2593 3115 3475 3601 4321 4393 5005 5329
1353 1639 1938 2211 2575 2848 3082 3160 3537 3797
4889 6017 6816 8320 8978 10106 10623 11328 12926 13913
4401 5985 6865 7305 8273 9593 10473 10693 12145 12629
5017 5413 6865 7701 8273 9153 10253 10737 11661 12805
1499 1835 2213 2507 2661 2871 3235 3599 3655 4117
3451 4051 4351 5011 5461 6091 6691 7291 8401 8491
4327 5713 6385 7141 7855 8779 9577 10123 10921 12559
1665 1969 2401 2689 3057 3505 3729 4129 4209 4529
4281 5441 5921 6401 7721 8321 9521 9721 10401 11361
1381 1525 1789 2017 2389 2461 2737 3085 3169 3433
2917 3781 4240 4483 5131 5698 5941 6697 7183 7669
5351 6701 7601 8701 9201 10401 11851 12701 14001 14651
2071 2287 2719 3187 3475 3907 4321 4501 4753 5401
4901 6175 7694 8772 9801 10732 10781 12741 13476 13721
1309 1549 1813 2113 2245 2629 2689 3061 3277 3421
1531 2041 2206 2521 2896 3106 3436 3706 3931 4291
2551 3476 3976 4151 5001 5026 6001 6201 6876 7001
5176 5716 6661 8101 8101 9181 10756 11386 12601 13276
4747 5335 6637 7183 7603 8779 9997 10207 11131 11845
2053 2281 2870 3402 3706 3820 4181 4637 5036 5492
2290 2878 3046 3760 3907 4558 5041 5188 5755 6280
2737 3169 3721 4057 4777 4873 5617 5785 6385 7177
1854 2245 2636 2738 3367 3588 3792 4132 4659 5067
2227 2794 3130 3613 3781 4453 4663 5167 5587 6070
3277 3389 4369 4733 5601 5769 6273 6721 7505 8149
4141 4681 5149 5797 6985 7705 7921 8713 9937 10549
5151 7001 7451 8101 9901 10101 11651 12651 13051 14101
3336 3945 4177 4728 5685 6033 6758 7135 8092 8701
4996 5671 6346 8011 9001 9181 10531 11251 11971 13456
1891 2161 2521 2917 3349 3709 4051 4447 4969 5365
2485 3014 3520 4141 4417 4877 5521 5590 6349 6556
3605 4659 4863 5815 6121 7379 7923 8671 9521 9827
4181 4599 5587 6157 7601 8285 9045 9881 10413 10679
1415 1695 2045 2437 2717 2815 3291 3529 3865 3963
4029 4561 5815 6195 7069 8323 8627 9843 9881 10869
4663 5377 6301 6889 8401 8821 9871 10417 11551 11845
5489 6616 7792 8037 9409 10242 11516 12398 13427 14162
4511 5372 5987 7176 8078 8652 9554 10620 10989 11563
5107 5935 7177 8143 8419 9523 10489 11317 12329 13479
1561 1652 2068 2328 2445 2770 3095 3134 3537 3758
4771 5896 6481 7516 8371 9856 10171 10981 11971 12736
5453 5782 7380 7991 8555 10247 10952 11704 12832 13584
3501 4306 5146 5811 6336 7456 8121 8576 9521 10396
4877 6027 6441 7591 8373 9431 10167 11685 12559 13525
1237 1501 1777 2137 2317 2473 2785 2881 3277 3577
1541 1849 2227 2409 2549 2815 3193 3613 3795 4061
1516 1996 2356 2401 2716 3016 3376 3901 3991 4201
3889 4429 5041 6445 7093 7381 7993 9109 9829 10117
1178 1453 1541 1970 2003 2421 2575 2674 2861 3114
3763 3994 4885 5446 6469 6667 7492 8185 9109 9274
2462 2991 3405 4118 4417 4946 5130 5567 6004 6464
2001 2661 2861 3481 3701 4021 4601 5001 5261 5661
2597 2993 3125 3851 3961 4489 5259 5677 5743 6535
3221 3837 4173 5041 5041 5601 6357 7253 7757 7981
3081 3837 4425 4985 5349 5937 6161 6889 7561 8345
4401 5161 6081 7201 7881 8401 9041 9761 10881 11241
1167 1541 1596 1948 2190 2300 2432 2718 2993 3136
1786 2075 2653 2891 3299 3503 3809 4353 4506 4982
4001 5241 6121 6481 7281 8481 9521 9881 10841 11241
1841 2193 2513 2817 3201 3457 3665 3937 4449 4593
3061 3961 4501 4831 5551 6571 6991 7291 8071 8491
1031 1291 1441 1791 1821 2171 2211 2501 2611 2921
3697 4522 5050 5446 6370 6667 7261 8152 8581 9340
1855 2359 2881 2953 3601 3853 4015 4555 5023 5311
3598 3994 5248 5941 5941 6601 7261 8284 9043 9571
4681 4881 6081 6761 7641 8441 8921 9641 11161 11761
1820 2075 2704 2942 3248 3605 3741 4268 4557 4795
4849 6385 7489 8113 9505 9601 10945 11809 13297 13585
5061 6117 6689 7833 7921 9153 9857 10913 11925 12585
3081 3697 4229 4817 5041 5965 6525 7141 7617 8317
4033 4393 5473 6229 7129 7525 8605 9289 9613 10621
2731 3433 3849 4551 5071 5695 5773 6683 6761 7489
1990 2228 2551 2993 3384 3469 3860 4166 4625 4948
5401 6551 7951 8301 9751 10701 11751 12501 13651 14801
4816 5806 6301 7786 8911 9136 10396 11296 11971 12691
2416 3221 3658 3934 4509 4877 5337 5636 6349 6487
2121 2421 2981 3501 3781 4401 4761 5141 5381 5621
4285 4429 5689 6337 6769 7597 8281 9217 9865 10513
4401 5853 6777 7657 8801 9241 9901 10561 11573 12937
1561 1846 2251 2656 2836 3061 3511 3646 3976 4426
4026 4341 5426 6266 6721 7666 7771 8541 9766 10326
2361 2661 3201 3481 3761 4401 4721 4941 5221 5921
2617 3025 3841 4057 4801 5113 5689 5953 6361 7201
4453 5587 6091 6847 8023 9199 10081 10711 11047 12223
3925 4609 5077 5797 6913 7669 8101 8857 9973 10693
4701 6205 7521 7568 8743 9589 10576 11845 12268 13960
2705 3381 3719 4343 4889 5487 5747 6631 7021 7749
5311 5806 6796 7246 8596 9496 10486 11116 12601 13321
1786 2296 2585 2874 3265 3537 3775 4132 4625 4897
4999 5419 6133 7561 8149 9157 10081 10249 11719 12265
4321 5441 5641 6521 7921 8281 9161 10001 10521 11401
3676 4411 5391 6161 6511 7036 8016 8821 9416 10256
5244 6126 7449 8772 8919 9997 11565 12055 13182 14015
2071 2287 2539 2971 3259 3853 4123 4339 4789 5347
4409 5283 5321 6423 6955 7677 8665 9615 10565 10869
4647 5797 7315 8051 8603 9661 10857 11501 12559 13157
3777 3841 5025 5761 6273 6689 7425 8321 8481 9377
2617 2905 3745 4105 4777 5185 5305 5953 6265 7153
1786 2041 2687 2738 3248 3724 3877 4200 4557 5050
3697 4159 4786 5512 5974 7030 7525 8482 9109 9538
4950 6567 7302 8576 8968 10438 11271 12251 13329 14309
4473 6021 6666 7483 8257 8730 9848 10450 12041 12084
4795 5970 6910 7568 9260 9636 11281 11469 12644 13584
1444 1743 1899 2289 2549 2614 2861 3381 3498 3862
1237 1573 1921 1981 2245 2605 2725 3037 3301 3553
3915 5245 5891 6309 6917 7677 8969 9691 10033 11097
3121 3433 4135 4213 5123 5331 6059 6735 7047 7723
3925 4357 5617 6013 7021 7453 8065 8713 9757 10621
3631 4555 5050 5446 6502 7030 7459 8482 8779 9340
3851 4796 5286 6056 6651 7316 7876 8611 9766 10116
3287 3938 4961 5488 5705 6511 7038 7441 8185 8991
1353 1613 1886 2120 2341 2757 2874 3303 3641 3862
4409 4941 5777 6689 6993 8057 8475 9691 10185 11249
2951 3426 3626 4001 4526 5201 5801 6051 6976 7351
4873 5251 6217 7435 8023 8737 9409 10921 11173 12601
4219 4827 5929 6727 7107 8095 8931 9615 10489 11211
1357 1465 1729 1969 2245 2557 2785 3109 3133 3385
5901 6201 7901 8751 9751 10001 11701 12501 13951 14701
4369 5377 6133 7561 7813 9115 9829 10165 11005 12391
5266 5941 6931 7201 8821 9226 10441 10891 11836 13006
2829 3725 4453 4733 5237 5909 6665 7281 7309 8373
3411 3969 4837 5240 5736 6666 7131 7441 8340 8867
4701 6440 6628 7615 9119 10153 10623 11704 12221 13349
5475 6257 6579 7499 9017 9937 10167 11869 12053 13709
1745 2001 2481 2673 2993 3361 3665 4161 4353 4705
3566 4062 4496 5147 6139 6759 6821 7968 8340 9239
3435 4625 4829 5509 6529 7379 7583 8705 9487 9929
3401 4183 4863 5441 6801 7073 7787 8569 9147 10031
1041 1371 1571 1801 1931 2151 2231 2441 2761 2801
3925 4537 5653 6121 7093 7273 8029 9253 9757 10513
5377 6049 7297 7921 9217 9937 11425 12145 12961 13969
4636 5581 6571 7921 8281 9091 10306 10936 12421 12646
2374 2815 2941 3571 3928 4369 4768 5251 5755 6217
4473 5462 6752 7612 8558 8644 9805 10364 11525 12170
5301 6151 7151 8951 9251 10101 12001 12101 13601 14351
2081 2761 3021 3581 3781 4181 4761 4841 5241 5921
2941 3613 4117 4649 5181 5937 6329 7281 7673 7981
4860 5935 6580 7010 8085 8945 10235 11095 11439 12385
4739 5567 6947 7591 9155 9523 10995 11685 12375 13617
3435 4591 5305 5917 6461 7209 7753 8569 9521 10133
4537 5041 6091 7519 7813 8401 10039 10669 11425 12139
3017 3916 4119 5105 5453 6352 6584 7338 8121 8237
4224 5659 5823 6643 8119 8939 9472 10169 11317 12260
2554 3221 3612 4026 4509 5015 5337 5705 6326 6579
3333 3921 4173 4677 5293 5825 6161 7085 7421 8009
2206 2542 3277 3592 4012 4600 4915 5041 5818 5923
3241 3661 4441 5101 5971 6001 6781 7411 7861 8761
3721 3969 4496 5302 5984 6449 6883 7565 8185 9270
4441 4663 5847 6624 6920 7623 8844 9288 10324 10953
5881 6616 6959 8037 9556 9850 11614 12643 13133 13721
3809 4149 5305 5815 6189 7107 7583 8841 9385 9521
4429 5454 6315 6561 7422 8775 9431 10333 11440 11604
5587 6126 7351 8576 9605 9948 11614 12251 13133 14309
1357 1441 1849 2017 2269 2413 2809 2893 3205 3469
1081 1281 1541 1791 1851 2201 2391 2601 2801 2891
2401 2641 2801 3421 3861 4101 4801 4941 5381 5841
2617 2977 3505 4177 4705 5017 5329 5929 6409 6889
2623 3083 3474 3888 4417 4670 5176 5889 6004 6832
3361 3473 4089 4677 5433 5993 6189 7253 7393 7897
3489 4097 4993 5185 6145 6817 7329 7969 8353 9281
1353 1626 1886 2081 2419 2679 2978 3316 3433 3680
2107 2485 2683 3097 3529 3637 4249 4537 4771 5257
4285 4861 5041 6121 6625 7309 8533 8857 9505 10549
1761 1953 2513 2689 3185 3297 3793 3969 4465 4737
2267 2773 3477 3609 4247 4731 4995 5457 6051 6579
3862 4060 5182 5908 6106 6766 7426 8284 8680 9835
4453 5461 5923 7267 7939 8947 9745 10165 11509 11761
1583 1793 1989 2423 2633 2801 3221 3445 3823 4005
1213 1525 1789 1933 2197 2425 2833 3121 3337 3433
4330 4876 5968 6358 7333 7996 8776 9790 10336 11155
1244 1398 1717 1937 2080 2267 2476 2707 3037 3257
4946 5548 6666 6967 8386 8945 9676 10579 11826 12858
3318 4062 4961 5023 6077 6449 6945 7658 8588 9239
4213 5266 6007 6514 7372 8503 8815 10024 10414 11116
2261 2481 2861 3441 4001 4141 4561 4881 5521 5901
4521 5521 6321 6521 7881 8481 8961 10081 10521 11281
2881 3193 3793 4273 4585 4969 5377 5905 6433 7177
2553 2949 3521 3807 4049 4687 5061 5677 6117 6161
5097 5979 7841 8380 9752 10487 11761 11908 13525 14456
4034 4996 5773 6624 7142 7401 8215 9288 9917 10990
5451 6501 7051 8701 9151 10151 11601 12701 13551 14551
