1000 10 10
8 85 53 63 24 87 88 28 71 96 100 0 40
7 91 36 88 93 33 96 73 35 52 41 0 34
5 28 97 58 92 74 34 73 88 31 79 0 21
3 22 66 64 40 89 28 25 36 64 76 0 14
4 61 85 55 41 86 55 99 96 63 42 0 19
10 100 77 51 78 93 98 63 40 95 61 0 46
6 93 46 79 24 26 79 26 51 29 56 0 27
3 63 91 83 98 39 43 51 93 92 29 0 12
9 73 55 25 33 49 27 98 46 22 22 0 45
8 47 96 50 52 93 87 21 28 39 27 0 37
10 60 66 59 52 60 38 51 23 80 37 0 50
6 31 26 61 37 83 69 54 23 30 79 0 30
7 61 73 66 79 93 45 65 52 25 43 0 33
3 67 64 33 63 75 45 29 74 51 33 0 15
8 20 73 24 48 30 73 62 38 92 25 0 40
8 25 41 72 60 23 72 67 85 21 77 0 37
10 34 58 23 23 40 76 72 66 75 81 0 49
9 48 90 22 86 50 22 99 33 39 73 0 43
5 69 35 77 54 50 50 96 73 85 89 0 25
8 92 81 27 86 70 81 49 32 50 83 0 36
4 39 40 77 72 97 44 72 92 35 74 0 19
8 57 21 75 66 47 53 78 21 72 57 0 36
10 52 64 28 70 47 22 27 33 38 23 0 49
4 62 40 66 93 33 77 95 50 76 44 0 19
3 75 49 51 83 59 32 91 67 53 26 0 11
5 32 51 74 92 87 38 96 77 52 88 0 25
4 28 51 57 22 61 62 90 77 100 88 0 19
10 45 49 66 55 81 95 22 83 20 39 0 46
8 97 39 21 78 72 23 26 93 97 30 0 36
6 23 86 51 71 76 92 72 38 65 95 0 27
8 43 51 91 97 59 95 75 47 58 92 0 36
2 69 71 60 93 21 74 37 76 33 66 0 10
5 76 54 33 66 86 27 96 91 39 41 0 25
5 45 92 78 51 84 51 84 78 46 21 0 24
7 81 97 99 55 23 99 59 51 23 90 0 34
9 68 26 91 87 98 55 86 70 24 30 0 43
4 40 55 87 25 45 98 95 75 49 56 0 18
8 52 28 84 75 93 70 37 23 92 73 0 40
8 48 31 44 68 21 55 51 52 34 78 0 39
7 43 26 83 73 68 39 74 33 65 55 0 34
8 50 71 87 25 59 99 23 98 81 25 0 38
5 31 82 63 40 35 60 61 55 78 51 0 22
9 96 83 26 45 57 52 90 27 35 40 0 42
5 53 96 29 35 42 59 30 52 29 65 0 24
5 20 85 58 87 36 77 100 70 45 95 0 22
7 93 52 62 59 92 83 34 56 52 30 0 35
8 38 45 95 85 55 44 40 44 70 45 0 38
9 27 84 59 54 58 64 61 30 21 85 0 44
4 100 47 82 29 41 70 43 58 97 50 0 16
3 40 72 29 89 84 49 90 41 99 93 0 11
5 58 46 71 91 35 20 85 80 30 36 0 25
8 45 34 95 87 38 59 88 29 98 37 0 38
8 25 46 33 86 27 96 54 35 25 89 0 36
3 56 57 53 29 71 40 64 76 77 57 0 11
4 51 26 38 59 28 29 63 71 21 96 0 20
8 75 96 92 26 23 30 55 100 87 36 0 39
8 47 77 99 40 26 78 36 58 86 52 0 39
6 77 100 48 73 90 65 64 71 26 21 0 27
8 85 58 55 49 44 20 85 41 38 49 0 37
10 20 35 75 55 68 24 80 38 83 33 0 46
6 69 72 20 39 33 66 65 84 82 77 0 28
8 77 35 88 52 58 91 85 23 80 43 0 40
6 86 22 61 25 90 49 74 96 54 44 0 29
4 73 58 50 37 26 29 63 97 76 67 0 17
9 64 36 95 99 41 30 95 51 81 22 0 42
3 33 55 27 83 24 32 84 99 64 50 0 15
6 55 39 99 88 76 30 80 41 34 56 0 29
9 37 90 45 44 27 40 27 45 69 93 0 44
2 53 57 70 83 47 54 72 30 53 20 0 10
10 76 64 96 46 25 67 48 31 98 76 0 47
9 69 93 63 79 81 34 81 66 95 92 0 41
10 53 23 32 55 73 88 82 93 80 75 0 48
3 24 30 70 80 72 31 22 84 85 21 0 12
3 43 99 66 82 88 36 99 49 57 54 0 12
9 48 94 41 99 55 82 40 50 71 23 0 41
5 70 74 43 74 55 78 36 93 57 36 0 23
3 38 25 25 65 23 65 57 55 54 95 0 12
4 49 34 33 99 48 52 76 74 60 64 0 16
6 55 97 28 51 97 20 72 78 26 45 0 29
7 99 55 75 52 73 21 59 70 90 37 0 32
3 99 70 41 85 25 57 86 37 20 87 0 14
7 70 91 82 97 50 62 66 26 94 32 0 33
5 89 33 89 38 30 80 86 52 32 42 0 24
4 80 34 63 51 61 90 71 38 41 83 0 17
8 39 47 60 68 64 80 89 86 43 91 0 36
8 74 91 75 50 32 25 40 31 65 55 0 37
6 75 49 23 89 45 87 71 23 80 34 0 29
4 39 57 35 59 56 30 79 91 24 29 0 20
5 38 98 46 71 31 32 41 75 44 71 0 22
8 27 74 68 35 43 40 82 61 30 67 0 36
8 84 33 96 28 86 73 28 61 25 24 0 39
7 51 45 66 48 59 57 63 39 56 83 0 34
7 29 21 72 28 46 23 61 39 63 95 0 31
8 20 54 58 83 61 89 71 44 43 62 0 38
9 44 58 90 36 47 34 91 36 72 56 0 43
6 37 40 87 63 54 66 87 76 22 55 0 29
4 69 49 61 36 54 55 46 31 36 52 0 20
8 87 94 36 100 69 91 92 94 64 91 0 37
5 21 33 81 90 86 84 95 81 97 79 0 22
4 63 78 49 45 84 28 45 62 87 92 0 20
5 25 63 98 23 43 91 72 34 22 88 0 24
10 83 34 94 61 76 100 60 92 82 43 0 47
8 99 30 29 54 48 98 59 66 23 39 0 37
3 85 66 29 37 94 32 59 94 31 85 0 15
4 61 44 64 57 40 40 61 71 52 22 0 17
6 33 63 28 37 37 43 87 58 46 53 0 30
6 66 63 58 50 69 56 21 74 55 85 0 30
9 35 32 95 72 53 85 36 20 73 33 0 41
4 37 66 56 24 97 84 57 45 23 60 0 20
9 56 99 31 55 22 59 21 57 96 85 0 42
7 74 57 53 71 23 49 88 24 76 44 0 33
7 93 76 81 36 31 87 62 33 85 73 0 34
10 35 23 85 86 41 87 28 86 70 38 0 50
8 67 33 75 46 30 89 21 63 66 72 0 36
4 53 89 23 46 55 38 73 45 38 53 0 19
6 26 51 55 54 99 46 23 42 89 23 0 27
5 81 47 49 23 83 37 76 54 98 81 0 24
5 25 83 76 39 54 46 79 61 76 73 0 23
6 90 64 86 98 98 34 84 44 22 69 0 30
4 26 36 72 71 65 63 69 25 95 84 0 20
5 87 49 63 44 94 90 59 90 31 79 0 23
6 57 82 34 82 79 98 47 79 96 77 0 27
3 62 37 27 90 70 66 89 65 50 48 0 14
7 97 64 32 95 43 88 74 22 87 57 0 32
3 36 47 92 47 57 89 27 84 65 58 0 13
5 99 39 90 34 51 82 80 22 54 43 0 25
8 24 49 25 45 64 95 50 53 31 96 0 39
3 27 43 63 57 33 79 99 39 25 35 0 14
3 24 41 21 20 28 69 60 86 98 23 0 12
9 23 33 25 77 66 65 37 76 90 63 0 41
6 96 65 74 49 70 41 35 79 24 27 0 28
9 82 68 59 40 81 34 74 78 37 73 0 41
10 55 98 46 65 99 78 60 91 58 42 0 46
6 53 55 87 79 83 91 70 65 68 51 0 27
6 97 83 94 98 37 26 22 79 98 25 0 28
3 66 23 94 36 65 60 59 42 46 79 0 15
6 72 100 37 79 48 56 36 58 45 33 0 30
8 74 77 36 75 94 77 86 63 73 95 0 36
3 40 77 53 85 79 60 63 46 62 75 0 14
6 50 53 55 84 38 95 27 93 37 60 0 27
9 29 79 52 31 99 27 96 39 59 21 0 44
10 27 75 97 33 35 39 60 36 61 48 0 47
10 65 34 97 65 66 52 48 91 22 21 0 46
8 56 72 50 70 23 87 80 27 83 78 0 40
9 55 30 81 96 88 34 45 21 80 37 0 43
4 63 57 94 63 84 62 82 69 51 57 0 16
10 94 54 90 46 38 70 42 79 50 82 0 47
3 71 53 76 51 71 92 42 47 21 94 0 11
8 42 50 73 44 79 38 49 29 70 58 0 39
9 93 22 67 57 57 27 66 88 57 38 0 42
6 70 84 63 87 93 65 90 51 64 36 0 26
9 89 47 89 51 92 35 41 95 99 67 0 41
5 88 88 95 32 26 49 82 32 42 92 0 21
10 43 81 55 43 29 58 86 38 88 97 0 46
6 22 71 99 66 96 50 66 82 83 59 0 27
3 46 44 84 42 23 70 89 99 53 74 0 14
2 35 57 53 38 68 76 76 99 68 98 0 10
6 31 68 89 24 63 26 51 48 41 63 0 30
6 52 62 24 20 92 21 80 96 60 62 0 26
5 76 100 100 75 46 95 25 58 76 61 0 24
4 63 87 53 44 49 73 24 93 75 97 0 18
5 62 64 47 79 39 74 74 50 42 29 0 24
8 94 63 49 30 93 59 35 77 73 61 0 40
10 98 30 91 82 72 76 64 74 68 36 0 48
7 27 58 67 80 74 21 46 90 72 70 0 34
8 31 100 53 40 82 69 40 55 97 53 0 38
10 50 96 57 81 87 40 86 70 73 45 0 48
7 52 67 97 29 26 31 26 77 65 37 0 35
8 27 61 33 54 100 41 27 66 26 69 0 38
6 84 98 24 61 81 83 40 83 48 50 0 28
2 46 57 47 77 51 37 29 93 78 42 0 10
3 95 56 73 39 78 68 47 48 99 99 0 11
7 52 54 86 97 82 96 89 49 85 51 0 34
10 69 73 22 95 43 40 74 92 82 74 0 48
7 22 92 36 80 61 65 85 52 86 77 0 31
9 62 74 47 46 45 55 97 43 68 83 0 42
8 43 83 84 66 38 22 23 92 64 94 0 40
3 90 83 68 89 45 47 21 47 46 88 0 12
7 67 45 59 35 99 41 53 62 93 79 0 33
9 21 73 74 88 76 20 48 78 73 44 0 42
4 58 48 28 63 89 45 69 32 40 43 0 19
4 84 65 30 78 58 86 35 78 42 99 0 17
5 25 66 67 36 90 100 81 74 99 75 0 24
7 61 53 21 37 55 78 59 33 47 75 0 35
5 24 48 40 99 86 86 85 32 70 93 0 22
8 75 37 22 40 95 51 41 60 51 99 0 37
10 61 42 55 26 63 60 35 41 64 27 0 50
5 41 29 32 90 97 93 32 61 41 90 0 21
4 40 88 98 28 58 73 53 71 38 65 0 20
6 87 29 28 78 75 90 44 79 23 83 0 27
8 75 26 43 62 91 78 68 60 90 93 0 36
7 83 28 68 67 26 90 52 70 87 45 0 32
8 56 46 72 59 60 73 33 94 27 81 0 37
9 94 88 83 85 56 80 21 86 97 48 0 43
9 87 28 45 45 79 49 56 20 88 86 0 43
4 28 92 77 33 32 31 49 88 85 83 0 20
9 21 62 26 52 94 35 24 45 31 96 0 44
9 94 54 68 54 89 22 49 95 89 74 0 44
2 99 57 59 64 40 83 57 78 39 54 0 10
7 64 50 70 48 87 57 81 30 22 61 0 35
5 77 81 90 51 24 25 37 93 45 36 0 23
3 90 95 96 83 42 58 74 52 59 36 0 11
8 22 86 77 45 94 75 87 58 94 98 0 36
5 65 65 40 25 76 36 52 52 37 100 0 25
2 83 78 62 34 71 42 21 21 81 94 0 10
9 67 51 100 86 61 47 56 70 97 68 0 41
7 29 56 32 56 35 72 30 67 82 70 0 31
4 27 78 96 79 83 32 63 28 69 47 0 20
9 53 33 87 53 73 76 97 56 85 53 0 45
6 23 98 67 54 92 29 92 44 98 34 0 29
5 22 92 73 89 23 50 63 76 43 33 0 25
3 42 67 56 81 93 21 91 28 48 72 0 15
7 94 85 74 51 31 40 54 80 26 71 0 33
6 41 24 49 89 74 89 50 35 29 68 0 30
8 77 43 32 22 85 85 37 45 21 24 0 37
3 27 96 69 53 31 85 37 63 83 89 0 11
8 99 66 90 32 62 93 44 42 38 61 0 40
4 91 47 59 98 55 93 24 88 45 44 0 19
10 51 50 90 84 86 21 27 28 50 22 0 48
6 44 36 74 32 79 55 78 72 52 72 0 28
6 75 98 29 43 32 87 54 89 79 47 0 30
8 24 71 43 65 20 35 61 33 35 88 0 38
8 63 40 23 81 100 52 68 85 64 55 0 40
4 24 32 29 78 46 97 45 96 93 71 0 19
3 27 99 57 76 29 40 33 59 24 94 0 11
8 43 59 52 52 77 68 22 62 29 36 0 38
8 84 87 44 28 44 75 97 82 88 47 0 39
5 86 41 28 31 57 96 20 97 49 45 0 23
5 50 81 61 77 53 100 95 83 44 89 0 24
4 47 88 99 32 72 41 33 57 100 87 0 18
7 45 38 90 91 41 97 51 98 27 27 0 33
10 57 49 68 79 59 22 63 34 89 91 0 49
8 24 30 67 84 35 83 47 67 50 40 0 40
9 39 85 77 39 37 100 42 93 68 45 0 42
6 51 74 70 76 50 79 36 81 86 43 0 29
7 55 94 83 38 46 87 44 63 76 83 0 34
3 66 94 57 95 34 96 25 84 29 73 0 11
8 35 95 36 85 21 24 26 84 61 73 0 39
5 23 30 48 38 42 87 35 53 81 32 0 22
7 82 54 94 23 67 42 45 96 39 81 0 33
6 27 83 72 77 29 92 40 78 67 27 0 26
5 35 26 28 60 55 66 20 46 84 71 0 21
3 87 78 27 90 38 25 65 69 86 69 0 13
8 26 71 77 20 48 87 99 78 21 34 0 36
4 76 58 46 37 20 24 68 62 34 83 0 16
6 95 50 64 72 72 27 25 58 74 37 0 26
5 58 75 30 47 64 74 30 36 89 91 0 22
10 32 51 54 66 24 88 93 40 68 30 0 48
10 42 28 92 90 78 91 38 21 63 74 0 47
10 89 70 100 81 99 90 35 71 60 34 0 47
3 50 39 90 60 28 52 37 66 52 69 0 11
7 95 62 65 29 83 82 48 29 84 83 0 34
3 56 58 77 100 87 43 97 59 60 26 0 12
3 63 42 66 37 96 97 96 32 86 69 0 14
8 25 38 54 52 24 67 43 27 57 96 0 36
5 66 84 81 37 98 96 32 44 58 37 0 24
4 84 80 21 22 44 95 29 76 27 98 0 16
4 72 29 77 87 43 77 35 98 33 73 0 17
10 68 84 32 91 97 78 61 85 53 73 0 46
8 35 83 38 74 40 72 34 99 46 37 0 37
4 57 46 40 69 83 82 63 21 75 40 0 20
4 75 93 69 58 42 31 56 56 48 66 0 17
8 46 84 41 96 100 49 93 66 98 61 0 38
9 49 62 39 34 28 27 55 61 91 98 0 41
4 66 49 64 50 57 38 38 37 98 34 0 16
3 56 45 27 28 73 37 86 36 72 58 0 14
10 90 84 34 78 64 29 34 92 24 22 0 50
4 23 86 71 85 56 60 99 84 97 77 0 17
8 29 57 20 75 68 45 90 22 26 85 0 40
9 69 51 27 66 58 86 94 43 54 41 0 45
9 47 69 96 36 98 79 54 60 48 26 0 45
3 90 42 28 79 94 56 43 81 95 96 0 13
9 89 72 97 76 56 83 75 75 54 50 0 45
9 79 92 96 40 49 92 98 68 26 47 0 44
2 28 32 43 70 72 41 67 96 96 85 0 10
8 35 96 24 65 81 65 40 49 60 89 0 38
6 99 72 48 43 62 68 42 88 61 58 0 26
7 95 43 62 53 72 54 60 34 70 33 0 35
10 70 49 41 81 34 89 65 69 50 98 0 47
4 69 57 84 98 69 26 29 74 41 39 0 20
4 85 73 70 42 30 37 86 82 51 40 0 20
5 34 64 95 94 24 60 49 49 88 24 0 24
8 73 63 28 44 80 22 27 67 64 49 0 36
7 29 92 41 39 82 36 55 22 89 37 0 31
4 23 47 36 70 32 92 40 39 58 83 0 18
10 50 57 54 54 46 36 84 64 95 63 0 49
8 53 45 100 92 83 46 57 52 67 55 0 39
7 74 92 32 59 32 49 89 91 83 94 0 34
5 30 73 80 54 92 38 30 81 95 47 0 23
3 71 58 72 59 97 76 55 27 38 66 0 11
5 24 46 67 43 43 97 41 24 49 79 0 21
8 90 67 66 44 72 91 89 31 27 80 0 39
10 59 21 97 28 68 50 36 89 38 97 0 50
10 22 45 31 99 57 37 60 27 22 63 0 46
5 86 34 37 73 72 66 49 30 92 37 0 21
6 43 22 54 94 86 20 92 95 94 80 0 27
5 31 71 65 28 93 30 60 56 24 66 0 22
5 34 22 38 94 74 35 91 24 57 91 0 22
10 58 35 31 59 90 24 69 48 83 57 0 48
6 29 76 57 28 39 86 91 76 28 42 0 29
10 24 65 88 42 85 31 61 74 25 46 0 48
5 83 69 89 31 37 74 85 91 38 38 0 25
7 81 25 82 88 33 27 95 75 85 77 0 35
6 72 31 44 29 78 96 42 86 72 49 0 30
6 55 57 72 91 98 78 45 58 41 95 0 27
10 71 51 99 30 68 50 44 99 85 37 0 49
6 66 33 81 77 89 70 62 47 38 72 0 28
3 36 74 57 29 40 49 35 23 67 53 0 13
5 53 46 36 50 64 22 89 68 42 42 0 25
5 86 95 40 54 84 47 59 82 54 45 0 21
5 86 28 33 83 89 69 58 66 78 78 0 24
8 51 79 68 60 33 85 60 68 53 34 0 36
5 28 85 69 60 70 35 89 31 55 41 0 21
10 72 31 66 55 82 88 40 32 83 98 0 50
7 94 34 96 63 60 81 52 72 23 99 0 32
8 31 79 32 94 30 86 93 99 56 88 0 38
10 80 74 28 46 29 91 63 97 97 45 0 46
6 47 27 65 30 26 56 23 47 20 80 0 26
9 96 25 71 81 59 73 93 70 88 25 0 41
10 29 42 66 42 37 31 93 89 47 68 0 49
10 40 52 41 57 81 75 23 85 56 32 0 50
5 33 28 76 85 36 95 43 55 67 52 0 24
7 37 98 34 59 23 84 73 91 40 94 0 33
9 23 49 44 82 77 94 65 67 88 75 0 41
5 73 59 85 27 62 50 81 30 56 94 0 25
4 75 77 39 80 87 98 32 97 23 76 0 16
7 49 28 34 87 93 31 71 22 69 25 0 35
3 25 52 88 59 52 86 97 20 36 45 0 14
3 80 94 84 54 71 72 81 29 91 55 0 15
9 24 63 27 49 40 97 63 53 27 31 0 45
10 26 92 93 37 97 24 75 30 46 70 0 48
4 21 38 91 94 48 55 29 71 40 79 0 18
10 75 26 93 49 82 97 33 74 36 60 0 46
7 72 50 33 81 48 22 80 38 97 38 0 32
6 44 53 57 37 48 73 80 69 75 42 0 27
8 47 90 44 98 60 32 33 67 60 26 0 37
7 58 91 35 39 71 56 62 61 32 98 0 34
6 50 29 85 26 100 98 84 98 44 45 0 28
4 24 100 85 96 60 83 51 20 91 84 0 18
7 65 97 85 89 28 98 76 69 23 62 0 35
4 20 38 48 41 64 83 22 57 91 74 0 18
3 51 53 50 51 85 95 49 54 43 96 0 12
10 26 38 61 71 77 36 30 23 71 35 0 49
9 59 38 32 55 90 42 84 57 99 62 0 41
7 73 76 41 29 59 56 51 96 91 23 0 33
8 96 36 99 46 39 40 69 89 79 38 0 38
10 92 52 22 61 42 57 75 21 82 96 0 46
6 86 98 37 66 89 59 70 31 48 77 0 28
8 97 35 49 89 30 66 59 65 33 91 0 38
4 47 29 61 24 73 76 46 68 83 44 0 20
6 64 38 46 42 39 43 91 72 76 75 0 26
10 22 74 30 89 85 36 69 96 85 53 0 49
9 100 62 34 78 46 73 84 25 41 88 0 43
7 43 44 93 93 63 98 55 89 55 60 0 32
7 72 78 97 24 68 49 22 41 78 63 0 32
7 72 57 97 77 39 29 78 24 96 21 0 34
9 24 77 74 79 60 80 50 58 100 93 0 45
10 100 77 82 82 29 52 85 23 60 44 0 49
7 78 32 65 81 53 93 26 28 62 87 0 32
10 32 61 69 29 60 53 49 79 45 45 0 49
8 99 52 60 56 76 96 51 98 56 75 0 36
6 88 71 42 31 82 60 67 61 42 51 0 27
4 34 87 55 99 90 79 34 74 98 96 0 16
10 21 84 94 55 30 94 88 93 46 99 0 48
10 67 41 62 47 78 43 25 35 36 64 0 46
4 40 86 83 62 62 91 28 73 55 79 0 17
4 46 21 34 48 87 69 36 40 74 40 0 19
4 80 51 68 73 30 53 87 57 88 32 0 17
10 83 63 62 99 21 22 99 47 84 55 0 50
10 20 81 36 54 56 44 69 51 100 69 0 47
10 39 90 38 43 79 77 48 21 36 58 0 49
7 62 71 90 71 49 39 41 73 89 21 0 35
9 38 54 26 84 90 21 95 22 37 76 0 44
5 88 21 66 82 80 95 45 28 70 44 0 24
10 53 92 57 68 82 25 41 87 26 68 0 49
8 53 67 66 85 26 26 45 28 56 86 0 37
6 59 33 50 62 83 67 40 37 72 85 0 27
9 23 72 26 93 59 26 31 50 98 76 0 45
4 68 91 74 30 38 23 34 77 78 97 0 18
4 95 60 39 42 84 52 46 80 33 89 0 20
7 35 56 38 86 74 42 57 25 55 39 0 32
4 37 41 58 79 44 96 41 29 72 62 0 16
9 82 66 86 74 58 61 65 100 33 47 0 43
5 77 100 47 44 69 28 29 64 27 33 0 23
3 28 92 93 53 85 94 80 64 72 77 0 11
8 75 48 59 89 37 22 92 82 97 89 0 36
8 37 36 86 48 23 60 29 55 41 59 0 37
5 69 80 92 65 96 79 81 74 95 71 0 25
9 45 94 57 81 35 53 91 75 34 58 0 44
9 90 56 33 28 45 20 49 40 40 25 0 43
9 64 100 40 55 50 46 82 61 67 34 0 42
4 36 64 93 96 25 35 71 92 93 79 0 16
7 58 64 45 39 61 96 54 65 72 75 0 33
8 96 69 81 47 51 48 92 38 38 90 0 38
9 92 37 46 89 93 52 28 51 83 63 0 42
4 59 29 92 79 65 83 91 68 35 31 0 17
5 74 79 39 79 98 31 61 44 88 40 0 22
9 100 30 28 41 98 87 81 65 55 30 0 43
2 52 95 99 60 75 100 35 85 70 90 0 10
3 97 76 34 38 30 40 99 22 90 47 0 15
8 52 92 57 50 37 67 93 38 60 31 0 39
6 95 41 45 55 68 89 61 48 82 99 0 30
8 79 50 23 39 67 37 99 44 92 41 0 38
10 56 64 82 89 78 28 92 91 46 90 0 48
3 82 78 81 56 69 96 57 30 94 33 0 11
9 84 71 96 62 40 53 61 77 29 47 0 41
6 91 90 62 95 74 73 94 96 86 62 0 27
5 42 22 26 37 53 69 59 93 95 33 0 23
5 33 53 39 29 51 84 79 67 91 75 0 23
6 41 20 92 57 35 36 98 77 28 29 0 28
3 40 32 97 90 70 88 22 98 50 31 0 15
4 45 93 21 44 66 70 85 65 96 20 0 19
3 29 89 62 47 69 73 25 46 62 42 0 12
5 82 73 94 55 53 91 79 92 85 85 0 22
7 24 79 29 65 59 30 62 42 34 85 0 35
5 21 36 48 75 47 95 72 71 54 78 0 22
5 60 20 48 31 61 73 42 59 34 88 0 22
9 87 30 34 47 42 52 29 27 58 81 0 42
9 44 69 81 54 85 56 47 74 35 72 0 44
8 22 48 97 46 61 27 52 52 78 44 0 40
10 37 24 24 33 79 63 23 31 82 29 0 47
9 21 33 21 99 49 54 58 77 59 94 0 43
3 67 31 64 95 93 38 79 31 31 35 0 14
9 77 37 91 99 49 65 30 88 40 84 0 41
10 27 97 100 74 89 37 32 90 64 65 0 46
5 60 96 93 77 76 42 79 72 63 85 0 21
6 99 82 73 61 56 75 70 24 40 75 0 26
6 62 63 41 41 85 47 56 55 87 21 0 29
7 55 36 97 80 100 58 42 52 87 63 0 32
8 41 34 95 45 71 72 91 55 65 60 0 38
10 75 72 100 54 57 91 93 60 58 49 0 50
4 51 51 89 72 32 67 44 55 97 76 0 18
3 92 90 67 27 64 37 78 46 62 76 0 12
9 63 74 79 93 24 99 84 88 39 61 0 41
7 29 53 50 97 54 93 57 51 48 53 0 32
9 28 53 52 48 32 75 43 69 30 41 0 44
9 36 98 80 29 46 88 47 70 60 66 0 41
9 22 42 50 20 28 44 76 95 64 72 0 45
9 43 79 35 75 47 90 33 69 36 66 0 45
10 90 48 43 70 29 42 49 63 73 89 0 50
8 81 85 28 76 28 61 58 74 89 58 0 39
9 53 95 56 91 77 73 29 78 84 61 0 41
9 23 44 62 83 30 78 23 33 35 78 0 44
7 37 62 100 40 86 87 83 44 71 56 0 31
10 68 53 29 98 99 94 34 49 75 42 0 50
5 20 70 50 50 80 29 94 58 50 51 0 24
8 28 73 43 69 38 92 49 31 87 76 0 37
10 86 23 79 66 37 41 99 31 50 58 0 46
3 48 60 87 71 99 59 82 90 25 95 0 12
3 42 23 65 45 78 78 27 79 86 66 0 11
10 76 90 39 50 59 84 79 39 71 81 0 50
4 66 93 23 67 66 54 66 49 91 45 0 20
3 52 67 21 50 22 30 79 25 81 35 0 15
6 96 27 76 50 28 98 38 61 20 28 0 30
8 59 37 83 80 71 51 74 42 42 98 0 37
9 27 63 56 50 60 92 65 90 83 97 0 41
6 32 62 91 85 49 88 84 90 48 36 0 28
4 51 65 39 86 90 78 51 22 52 51 0 20
3 23 64 55 91 56 64 58 34 58 49 0 12
9 43 32 77 52 34 72 73 20 40 31 0 45
7 23 92 95 50 82 59 67 59 67 44 0 34
4 91 91 49 79 26 27 71 96 86 89 0 16
6 55 20 34 20 78 24 58 92 51 71 0 26
6 32 75 99 91 75 89 20 38 57 88 0 28
3 64 22 53 31 43 71 25 66 64 82 0 14
3 85 98 60 93 52 64 57 47 64 93 0 11
4 63 65 88 76 52 74 20 72 66 25 0 17
10 63 58 92 56 82 79 98 25 48 96 0 47
8 88 47 58 22 94 49 71 68 68 88 0 40
8 63 78 85 29 97 82 47 29 88 71 0 39
10 71 54 34 69 26 66 71 98 32 71 0 46
4 69 67 54 81 100 40 36 64 41 70 0 20
3 25 21 71 78 51 62 84 27 27 21 0 15
6 87 54 34 33 82 78 75 66 62 28 0 29
2 37 77 61 71 61 64 95 48 84 27 0 10
8 54 81 66 84 23 97 85 28 88 30 0 36
9 76 31 49 27 87 55 53 87 63 66 0 45
6 66 62 60 50 54 90 70 56 22 32 0 28
9 86 61 26 28 82 51 24 36 39 31 0 43
3 47 31 90 28 57 29 39 54 73 81 0 15
7 56 56 79 88 32 46 41 77 61 85 0 33
8 20 49 65 30 44 28 64 91 55 64 0 40
4 55 76 39 36 36 20 76 74 85 52 0 16
8 64 42 83 33 25 29 31 25 57 38 0 40
5 71 42 51 76 77 69 26 67 91 81 0 21
8 95 85 27 90 49 37 82 21 53 24 0 39
3 20 84 48 21 49 56 27 36 96 60 0 11
3 73 61 24 67 21 91 77 80 78 95 0 15
9 77 77 23 51 51 76 92 80 45 24 0 45
10 77 22 73 82 74 29 43 89 52 84 0 49
5 87 59 80 94 24 72 33 30 93 76 0 25
9 28 64 30 66 32 73 86 54 59 93 0 44
8 57 26 66 94 85 46 39 84 44 83 0 36
9 49 62 27 93 63 80 93 59 79 44 0 41
6 32 94 69 43 99 90 92 78 98 92 0 26
3 76 44 21 59 77 56 84 70 37 71 0 12
4 49 46 69 57 39 63 71 78 40 39 0 17
5 81 29 44 96 43 72 63 42 43 56 0 22
5 46 71 58 75 55 38 74 83 47 50 0 24
2 21 44 68 100 23 91 78 98 71 93 0 10
6 49 81 34 81 48 57 70 65 90 94 0 27
6 93 68 32 75 77 38 90 61 43 63 0 27
10 45 92 46 90 23 95 43 26 20 98 0 46
8 89 41 21 47 87 95 95 65 68 88 0 39
9 20 29 38 73 71 72 97 23 85 27 0 44
10 92 26 63 91 97 41 90 44 71 30 0 50
10 65 90 61 59 84 75 70 35 84 94 0 49
5 43 56 44 60 36 40 28 97 53 70 0 25
3 66 27 99 75 48 57 94 26 21 89 0 14
5 29 36 77 37 78 46 98 73 65 100 0 21
9 43 75 34 66 94 34 22 81 61 48 0 45
9 45 97 91 64 74 87 62 28 30 84 0 42
6 50 24 73 61 25 69 56 48 82 44 0 28
4 62 68 63 81 29 61 23 48 98 86 0 17
5 46 94 66 82 49 31 87 32 70 56 0 23
10 68 57 32 38 83 41 22 30 48 74 0 48
7 88 26 30 62 29 45 25 93 91 43 0 31
10 77 66 42 20 68 50 48 80 99 76 0 47
9 47 84 21 64 57 99 22 53 83 78 0 42
4 28 39 40 87 96 29 72 40 85 54 0 20
9 27 29 30 53 81 92 22 98 94 30 0 42
9 72 95 30 80 88 69 29 65 85 34 0 42
8 62 97 37 94 81 77 36 27 65 45 0 37
5 81 56 79 38 86 27 55 54 55 94 0 25
4 63 31 60 60 25 34 73 25 61 93 0 18
6 26 45 67 33 87 67 31 21 69 21 0 29
6 48 90 70 53 59 53 57 59 92 83 0 29
10 27 51 60 91 23 66 82 57 47 49 0 48
4 61 20 46 35 77 44 82 83 34 32 0 17
7 99 40 39 28 36 43 73 56 55 87 0 35
8 57 56 48 56 49 53 53 63 82 96 0 37
9 60 83 25 42 84 97 24 88 96 46 0 44
7 77 98 57 81 33 83 26 57 70 83 0 31
4 90 72 26 47 95 64 61 78 70 28 0 19
7 81 49 79 31 65 59 22 74 60 97 0 34
10 74 43 99 29 45 88 57 78 39 26 0 49
7 60 30 78 79 66 72 32 74 45 44 0 35
9 47 79 93 54 62 73 57 92 67 82 0 42
8 77 72 100 42 97 40 67 79 27 33 0 39
4 61 29 44 40 61 97 34 38 91 57 0 20
10 44 26 44 72 55 91 24 43 95 97 0 47
6 86 88 64 96 74 57 32 87 31 37 0 30
6 59 73 63 82 35 38 23 79 25 96 0 27
9 86 77 55 43 89 22 35 55 91 48 0 41
6 25 56 30 91 93 56 32 21 39 97 0 30
10 43 30 92 56 46 34 90 52 99 92 0 47
4 75 47 92 96 45 82 81 30 98 85 0 19
3 37 79 60 33 97 53 73 82 24 48 0 14
6 23 31 76 92 91 89 37 55 23 73 0 28
3 44 74 21 87 53 28 25 67 86 32 0 12
10 75 60 41 66 79 21 54 100 26 36 0 47
5 86 50 31 52 63 96 38 29 63 58 0 23
4 33 44 32 24 28 99 55 89 45 51 0 16
10 93 69 76 83 94 22 64 58 27 30 0 47
5 66 33 81 78 32 99 51 74 31 79 0 23
6 56 82 43 71 43 39 75 29 70 58 0 28
3 62 81 96 49 81 59 96 55 42 80 0 12
7 28 94 78 60 76 72 82 76 24 74 0 31
8 34 70 24 55 59 72 94 98 98 83 0 37
9 85 76 92 65 31 67 89 39 38 47 0 45
3 22 41 100 58 59 94 40 82 99 97 0 13
8 36 96 91 39 52 89 98 75 67 79 0 36
5 64 26 59 31 23 36 26 44 88 52 0 24
6 23 53 68 80 43 86 83 64 86 64 0 27
2 82 41 46 61 74 64 39 84 20 27 0 10
9 31 78 32 25 44 98 35 91 22 90 0 43
5 96 96 79 24 22 86 49 99 77 78 0 21
8 89 39 26 78 52 23 61 24 84 85 0 38
3 38 83 22 34 82 89 33 63 64 56 0 13
5 50 55 56 47 32 62 68 76 72 30 0 25
7 40 97 44 26 82 73 70 27 28 32 0 35
4 98 47 25 70 63 86 76 94 37 48 0 16
6 51 91 26 63 96 89 96 87 48 82 0 27
6 29 58 59 86 38 99 49 88 55 53 0 30
2 55 61 43 31 88 37 40 45 67 32 0 10
9 63 70 83 49 26 45 42 24 48 31 0 45
7 80 48 58 54 27 94 94 42 63 74 0 33
4 85 29 50 79 27 23 34 92 80 39 0 16
4 65 94 36 74 50 62 55 54 49 46 0 18
4 51 54 90 68 45 84 48 36 94 21 0 20
9 48 63 92 84 69 20 100 72 50 43 0 44
9 69 68 44 70 26 99 25 46 52 93 0 45
6 70 62 23 66 39 67 58 62 58 40 0 30
10 52 31 58 88 66 91 47 34 25 66 0 47
3 99 82 54 62 77 61 51 66 47 83 0 11
3 84 99 92 20 60 75 81 89 99 56 0 14
3 93 40 21 86 37 80 61 29 25 100 0 12
3 86 22 27 97 23 36 36 47 94 86 0 12
8 31 69 99 57 51 44 98 42 96 30 0 39
10 89 93 82 34 75 83 32 41 94 94 0 49
7 65 75 55 30 69 81 36 37 79 24 0 35
5 21 56 45 55 67 70 76 20 42 79 0 21
4 25 34 89 89 87 68 43 45 96 96 0 19
10 51 99 23 51 79 96 43 99 44 76 0 46
5 28 98 67 97 62 94 35 63 46 84 0 22
4 29 78 45 65 89 59 97 80 90 91 0 20
3 87 37 84 98 57 81 75 68 48 61 0 11
4 57 33 25 63 48 74 50 87 98 32 0 20
10 92 47 54 96 81 92 73 42 56 87 0 48
10 76 53 67 34 72 52 60 27 95 45 0 50
6 100 62 27 45 57 65 49 92 96 54 0 28
8 83 43 52 64 45 25 73 39 79 93 0 39
9 97 72 76 41 71 48 96 83 42 95 0 42
5 42 45 94 21 93 61 53 95 42 76 0 23
10 71 39 65 41 97 34 55 41 65 91 0 46
7 86 80 96 57 71 67 42 38 43 39 0 32
4 77 22 45 71 24 89 81 37 32 65 0 16
4 99 53 21 80 64 39 48 49 57 42 0 17
10 99 30 88 52 37 20 51 84 46 93 0 47
10 91 98 78 28 58 55 44 39 49 67 0 48
8 65 49 71 23 28 54 86 90 43 51 0 36
9 30 87 97 92 21 33 100 93 58 36 0 43
7 31 67 79 88 40 53 39 57 43 36 0 34
5 43 86 34 90 90 45 44 21 99 48 0 24
2 33 24 93 41 75 37 91 28 28 74 0 10
6 53 58 78 53 46 81 22 81 79 77 0 30
3 65 30 26 28 85 80 20 66 27 82 0 13
4 45 51 49 81 76 24 31 99 43 62 0 16
3 54 36 90 78 49 61 81 81 87 67 0 11
5 79 66 49 27 62 63 32 64 84 85 0 24
4 97 94 89 43 61 30 77 30 38 30 0 20
8 97 99 41 98 57 86 31 91 59 99 0 37
3 51 98 51 72 46 81 90 43 54 95 0 11
3 40 56 89 38 20 86 41 54 41 76 0 12
3 47 24 86 73 68 59 56 93 23 71 0 11
4 89 70 64 69 57 25 91 62 39 99 0 19
4 27 75 83 42 59 73 27 27 59 72 0 19
7 93 20 27 74 99 57 59 98 76 96 0 31
6 93 27 86 81 97 53 90 93 95 49 0 27
9 78 27 88 97 96 59 45 50 75 89 0 43
4 83 77 77 97 99 36 87 85 90 71 0 17
7 55 36 21 45 29 29 71 22 40 48 0 33
4 44 28 29 94 85 58 60 48 66 30 0 16
9 24 83 83 64 78 82 80 33 29 69 0 45
3 71 90 73 66 43 34 34 67 64 35 0 13
4 37 59 65 37 46 51 88 51 69 66 0 20
6 21 23 70 21 76 78 49 31 24 46 0 29
4 66 51 52 83 94 62 27 74 71 34 0 20
3 58 73 78 20 98 58 22 93 89 25 0 13
10 21 82 38 91 52 23 85 100 92 52 0 50
6 90 28 52 64 79 99 30 56 38 42 0 29
6 28 21 28 62 31 93 66 91 87 39 0 26
6 24 72 42 29 93 59 68 61 43 73 0 27
9 49 32 74 48 66 58 53 29 26 69 0 45
6 87 59 45 37 35 21 47 94 77 83 0 29
3 48 49 92 44 99 41 74 37 98 26 0 14
7 68 62 84 64 46 89 25 81 45 47 0 31
7 83 72 56 72 67 40 45 83 94 83 0 34
4 63 85 76 34 58 34 20 41 22 32 0 17
5 35 92 30 63 60 20 35 51 89 54 0 23
3 25 49 62 25 26 69 48 52 58 77 0 15
7 75 93 95 83 37 33 67 30 38 95 0 31
7 75 70 91 97 46 39 76 50 43 24 0 33
5 68 43 43 48 28 44 63 50 80 83 0 21
6 63 67 83 27 73 84 56 20 44 28 0 29
3 93 49 81 73 75 27 84 44 58 47 0 11
9 59 44 95 24 87 54 52 63 99 25 0 44
6 45 28 43 24 72 38 75 22 83 32 0 29
4 25 38 41 43 40 32 94 66 36 82 0 20
4 89 90 43 49 25 68 22 68 58 48 0 17
7 92 33 56 84 64 28 43 72 55 48 0 31
9 46 89 57 37 45 43 65 28 42 34 0 42
5 55 29 68 88 97 82 55 64 20 39 0 22
9 21 79 95 93 31 56 47 73 82 40 0 45
9 60 65 84 27 70 42 60 87 48 25 0 42
6 34 80 28 98 89 33 45 92 81 52 0 29
5 95 24 20 26 57 84 40 21 35 60 0 21
10 80 65 71 31 40 35 53 43 22 57 0 50
4 63 81 76 29 82 68 80 53 59 95 0 17
9 39 39 86 94 46 93 99 85 85 41 0 42
8 52 21 44 85 93 83 84 66 64 57 0 36
7 55 86 93 22 28 86 58 57 27 92 0 32
4 96 50 68 45 29 44 88 86 31 84 0 19
10 34 56 98 33 56 76 65 22 27 76 0 49
6 69 55 69 90 81 71 58 75 68 32 0 29
5 44 20 88 40 54 97 28 93 33 73 0 23
7 49 22 68 43 60 49 88 57 65 59 0 32
6 99 35 62 50 62 80 87 91 70 79 0 27
8 47 45 54 27 32 58 83 27 56 82 0 40
7 74 56 86 83 74 90 71 83 100 85 0 33
4 59 50 22 41 59 55 71 66 32 69 0 19
5 69 51 85 50 52 78 22 77 85 77 0 23
8 32 47 82 84 77 81 32 28 28 79 0 36
4 25 63 32 51 25 71 34 95 85 87 0 20
4 83 69 67 100 82 98 81 54 61 90 0 19
8 33 34 47 98 70 90 70 98 62 80 0 37
8 35 43 40 91 58 97 60 27 87 69 0 36
4 76 71 57 91 25 34 97 63 73 69 0 19
6 36 27 79 78 29 95 22 90 94 73 0 30
5 63 38 57 74 23 36 61 32 31 47 0 24
9 77 72 42 79 55 95 73 31 94 29 0 45
8 87 32 57 63 85 73 24 26 43 82 0 39
7 68 94 83 92 30 45 58 62 31 21 0 34
4 69 53 39 22 76 42 57 27 76 27 0 16
4 73 26 39 67 53 73 55 30 73 52 0 20
9 76 20 100 21 79 23 69 62 73 36 0 41
8 32 39 67 80 79 79 32 53 27 34 0 36
9 36 54 44 54 25 57 32 44 55 90 0 43
4 78 38 33 92 25 64 23 53 78 33 0 16
6 22 50 24 42 65 70 73 79 87 81 0 30
7 90 24 49 64 85 86 79 62 59 91 0 34
7 59 72 81 45 59 88 44 78 91 34 0 35
6 90 97 52 84 60 43 65 94 33 37 0 29
4 71 75 83 81 38 67 58 29 79 47 0 18
8 50 83 79 30 93 50 41 25 99 93 0 36
6 54 28 70 60 66 99 89 23 47 34 0 29
6 51 60 48 50 57 75 28 49 67 75 0 29
8 48 45 69 91 60 89 45 65 65 91 0 36
8 51 48 67 54 38 82 79 89 49 25 0 36
3 89 74 94 82 90 53 28 63 66 27 0 14
7 43 23 71 71 64 35 89 81 56 60 0 31
8 94 62 36 90 73 46 78 61 46 91 0 38
7 77 67 90 54 21 51 26 87 57 34 0 32
6 67 47 37 36 94 75 32 94 67 46 0 30
9 66 39 35 22 32 91 23 76 30 54 0 42
7 44 21 29 72 55 20 57 56 78 94 0 35
6 24 82 69 38 42 77 51 71 67 48 0 28
9 61 32 24 44 69 28 48 89 57 39 0 43
10 69 60 91 95 30 79 92 79 32 97 0 48
8 41 23 40 83 39 77 80 29 100 78 0 36
9 78 97 91 34 68 68 31 40 85 45 0 41
6 46 58 38 64 83 99 95 37 42 39 0 28
8 76 81 62 74 21 28 90 71 37 62 0 36
6 69 41 53 56 76 97 88 66 40 65 0 26
6 87 49 61 55 97 41 53 68 78 90 0 26
3 27 84 86 97 39 56 32 54 55 33 0 13
6 52 88 38 89 40 56 27 42 55 63 0 27
3 69 91 24 82 49 79 50 34 79 33 0 13
10 75 28 84 47 30 54 65 73 45 29 0 47
4 67 85 27 51 33 58 87 76 49 62 0 16
7 72 76 48 83 24 26 31 81 23 38 0 31
8 79 75 55 84 20 20 59 45 99 53 0 39
7 21 87 44 28 50 27 38 39 66 20 0 34
8 73 53 58 36 33 61 75 93 88 48 0 40
7 69 69 99 98 83 48 55 59 34 22 0 33
4 53 70 92 89 81 90 77 27 31 79 0 17
5 50 76 54 71 56 48 96 86 29 80 0 23
6 38 69 52 46 31 90 43 28 51 52 0 30
9 92 43 57 48 79 81 77 61 93 40 0 41
5 43 75 66 69 69 21 33 89 92 69 0 22
6 84 37 48 23 88 50 64 65 41 76 0 28
6 82 59 98 31 90 44 53 40 62 73 0 27
5 82 74 59 50 67 51 27 71 60 74 0 24
8 84 44 54 66 26 86 85 93 84 31 0 40
10 33 23 91 53 43 45 24 95 29 41 0 49
6 98 23 94 98 65 63 81 26 46 77 0 29
9 37 33 56 87 25 71 28 51 66 41 0 43
9 26 76 83 33 65 45 39 79 38 44 0 45
5 95 42 20 46 99 82 52 85 21 61 0 22
3 89 73 35 68 79 81 41 58 59 59 0 14
6 52 43 86 84 95 57 63 38 42 95 0 28
6 48 59 86 76 73 66 80 26 94 70 0 28
7 35 77 33 97 91 23 95 72 96 63 0 33
4 33 63 56 38 57 42 70 61 84 85 0 17
9 27 54 21 60 74 62 79 87 39 93 0 41
6 36 56 99 87 66 57 44 84 57 31 0 29
10 93 45 78 37 93 100 38 38 51 45 0 50
3 55 98 54 34 27 98 36 25 29 87 0 12
8 38 84 34 36 71 66 81 71 98 95 0 39
7 94 60 85 66 40 25 61 80 100 39 0 35
4 20 26 77 76 62 21 26 67 89 49 0 19
8 24 61 94 64 81 90 49 60 25 69 0 36
10 45 21 64 84 82 91 45 51 29 55 0 49
6 49 79 45 35 49 68 72 26 85 87 0 28
3 69 60 71 27 21 56 22 99 21 68 0 15
4 48 36 46 93 23 65 98 87 65 98 0 19
4 90 61 87 69 72 67 66 97 28 36 0 17
7 92 97 66 25 59 24 53 62 91 93 0 31
4 49 83 58 22 95 94 67 44 26 49 0 17
2 27 52 77 49 24 41 76 85 41 81 0 10
6 75 98 56 25 80 32 94 83 46 31 0 28
8 73 87 91 77 36 72 57 61 40 96 0 40
10 25 23 22 93 89 42 56 83 64 46 0 49
5 25 25 23 34 42 80 37 70 56 85 0 21
5 32 40 78 67 55 31 57 56 64 65 0 21
10 56 31 41 34 66 91 31 36 77 68 0 50
9 48 35 81 69 92 90 21 20 85 60 0 41
9 81 64 27 83 45 56 35 97 82 91 0 45
3 54 27 82 28 90 96 23 99 36 71 0 15
5 89 32 62 27 92 69 61 72 46 59 0 23
4 53 22 46 30 33 41 35 95 59 79 0 16
5 39 85 75 57 53 55 26 63 88 64 0 22
5 84 72 99 56 87 76 24 55 53 98 0 25
4 53 46 72 67 43 36 28 39 31 80 0 20
4 81 60 80 90 48 35 100 61 51 47 0 18
9 85 27 69 96 85 76 69 89 69 34 0 45
4 80 21 52 54 28 22 94 72 50 73 0 17
6 73 40 31 86 55 48 87 65 95 94 0 26
4 55 47 21 57 46 30 30 38 76 96 0 16
9 39 89 61 87 38 72 23 58 52 77 0 42
7 74 46 22 45 41 54 79 59 38 96 0 35
9 36 57 49 36 35 91 86 48 62 77 0 44
10 47 34 36 21 51 46 36 94 99 47 0 49
7 23 82 47 22 59 55 85 42 66 64 0 35
4 28 96 86 80 100 43 94 91 46 35 0 17
5 54 92 54 21 81 43 81 99 43 37 0 21
9 37 54 40 67 98 45 75 49 27 82 0 45
6 38 20 23 74 48 58 91 67 31 78 0 26
2 58 63 64 25 96 47 97 32 45 39 0 10
5 69 80 66 52 95 62 81 54 53 67 0 25
8 38 21 59 32 32 34 34 87 89 21 0 40
9 28 54 42 93 61 20 81 38 96 21 0 42
4 27 78 37 33 20 95 76 60 29 89 0 20
4 89 42 38 46 61 92 93 56 92 49 0 16
5 74 29 71 79 33 95 47 63 49 40 0 24
9 60 49 59 64 56 59 28 35 74 35 0 45
5 29 21 46 74 37 89 33 60 38 96 0 21
4 21 45 99 78 31 74 51 77 81 88 0 20
6 35 50 91 43 99 83 80 78 63 57 0 28
3 94 50 95 37 23 23 85 54 35 30 0 14
3 54 89 22 22 52 22 62 20 83 25 0 12
7 88 45 89 28 89 65 66 20 91 90 0 34
3 38 72 82 57 96 64 52 54 24 99 0 12
9 66 68 36 21 64 50 42 31 20 56 0 42
9 96 94 61 93 91 87 33 79 62 92 0 42
10 53 77 94 31 46 21 39 66 57 97 0 50
7 83 87 93 85 41 78 61 34 74 54 0 31
3 57 76 38 50 75 23 55 91 27 88 0 14
6 30 73 97 71 37 57 46 37 26 31 0 30
9 37 75 28 71 87 53 97 43 79 44 0 44
6 95 42 93 76 90 32 69 20 60 47 0 26
6 51 45 22 23 45 74 99 26 82 35 0 26
7 92 57 76 32 62 66 94 61 85 33 0 33
10 94 34 81 43 54 58 45 37 48 44 0 50
6 41 34 81 69 57 46 24 88 27 21 0 30
8 67 68 60 46 36 92 29 36 80 74 0 40
6 60 25 60 91 28 83 90 21 74 51 0 28
5 100 52 36 57 93 78 30 47 36 62 0 24
5 26 39 48 64 41 68 82 64 64 36 0 25
5 54 30 40 26 51 26 33 38 77 30 0 21
6 24 32 91 78 89 28 97 90 68 69 0 30
3 61 82 24 36 55 95 56 20 98 86 0 13
3 82 50 41 36 77 90 83 64 47 49 0 14
8 22 54 96 37 22 45 59 56 89 62 0 39
9 41 52 96 79 87 79 77 75 49 47 0 44
9 31 74 36 68 47 97 82 65 33 40 0 44
10 32 28 76 93 76 51 83 25 52 73 0 47
3 53 45 42 62 72 75 56 39 74 73 0 11
9 50 46 88 71 99 67 75 80 90 21 0 45
7 36 74 34 90 81 80 66 44 84 74 0 34
7 53 50 42 53 22 73 28 57 29 82 0 32
6 79 98 53 58 39 73 90 60 31 93 0 26
7 22 63 51 31 58 44 68 69 28 32 0 34
9 35 90 92 30 82 27 26 23 37 31 0 41
9 55 91 63 95 93 67 59 35 51 64 0 41
6 70 45 34 56 100 81 57 60 58 58 0 26
6 58 48 48 67 93 90 61 87 47 69 0 30
7 63 24 76 37 49 64 44 39 65 76 0 32
8 28 64 33 30 28 71 35 61 63 36 0 38
4 48 43 60 73 89 82 69 55 66 29 0 20
10 20 64 82 69 65 71 35 42 31 60 0 47
4 24 73 89 28 84 58 63 61 30 88 0 19
6 54 38 46 64 69 52 40 99 88 74 0 29
4 48 87 43 21 28 98 48 55 69 90 0 18
3 33 30 43 38 67 94 45 86 22 32 0 12
9 71 91 63 32 61 32 49 59 55 93 0 45
6 27 29 90 73 85 72 38 22 59 89 0 27
9 50 65 60 89 51 25 58 31 25 70 0 43
2 34 21 58 60 99 91 61 97 36 31 0 10
8 74 41 63 31 49 67 35 37 98 91 0 38
9 33 96 36 91 26 46 93 25 75 62 0 44
8 44 73 65 56 58 95 35 55 26 95 0 40
6 79 77 44 38 77 91 24 73 42 29 0 30
8 49 40 60 53 32 39 25 80 68 31 0 38
10 63 97 87 97 66 78 68 70 78 28 0 48
5 70 56 38 84 79 64 29 39 40 31 0 22
6 26 36 34 84 67 48 22 46 60 85 0 29
9 73 46 93 85 27 26 57 43 75 90 0 43
2 50 88 27 88 28 73 84 66 47 62 0 10
4 33 83 46 25 73 29 27 79 24 36 0 19
10 66 54 27 81 23 100 82 26 84 71 0 49
5 25 91 54 70 74 78 99 80 23 35 0 21
10 85 36 72 32 21 52 49 59 39 60 0 50
8 39 53 66 77 94 51 35 28 100 59 0 39
4 38 22 51 45 30 23 82 57 31 51 0 19
8 55 97 38 64 34 61 42 70 42 37 0 37
3 25 31 84 44 63 67 74 43 32 87 0 11
4 59 51 60 21 21 60 22 66 31 23 0 17
4 80 92 49 98 69 82 51 70 49 72 0 19
6 27 52 44 34 76 46 22 70 95 72 0 28
10 86 71 25 87 99 30 80 58 47 25 0 47
5 33 62 92 66 51 44 22 43 36 38 0 22
10 35 29 89 43 31 33 35 38 38 100 0 50
7 25 83 99 97 31 94 33 28 93 56 0 31
5 53 76 96 41 34 76 27 73 81 83 0 25
10 50 60 40 56 51 22 40 38 35 90 0 48
9 65 94 36 52 64 47 47 34 98 97 0 42
5 78 88 31 62 29 51 94 58 64 58 0 25
5 94 30 84 97 55 56 94 23 88 78 0 21
10 68 93 91 23 51 59 99 56 52 49 0 46
3 94 65 70 26 29 24 86 21 82 64 0 12
2 59 66 91 69 65 91 83 44 90 43 0 10
7 37 23 57 72 92 36 74 99 95 69 0 31
10 93 93 91 65 72 72 29 54 49 94 0 46
5 86 77 26 27 66 36 61 70 55 90 0 21
9 99 68 52 76 42 35 80 61 22 58 0 45
6 20 44 89 42 92 97 85 78 74 35 0 27
9 50 30 84 90 71 52 46 78 81 81 0 45
5 27 85 84 34 86 44 32 64 62 32 0 25
8 91 53 42 78 73 22 91 72 78 58 0 40
3 44 63 51 40 41 98 73 60 77 72 0 13
4 52 27 52 66 77 72 89 46 87 23 0 20
6 67 50 60 27 99 69 39 91 27 30 0 29
9 32 64 72 71 32 45 39 49 74 36 0 41
5 92 74 23 99 79 49 55 87 68 92 0 24
6 40 99 70 89 32 57 45 30 58 46 0 28
9 61 55 69 65 72 67 83 32 49 30 0 42
5 90 92 88 41 28 72 85 81 63 70 0 25
8 46 95 78 24 38 58 42 59 45 35 0 36
5 53 46 95 21 91 67 68 26 26 88 0 24
10 91 56 62 41 77 71 66 44 81 31 0 50
2 36 65 86 36 81 21 71 49 86 78 0 10
5 47 22 79 29 30 73 50 88 24 34 0 24
9 80 51 74 68 69 68 76 92 93 88 0 42
3 81 71 29 99 67 78 98 98 74 63 0 11
8 50 89 40 30 49 83 50 78 57 29 0 39
5 54 69 32 63 97 66 71 43 97 53 0 25
5 64 51 30 27 54 75 79 70 62 79 0 25
3 52 40 32 86 82 31 68 84 84 87 0 14
10 97 96 75 68 50 84 85 58 88 29 0 46
7 100 23 42 85 56 58 93 78 89 27 0 33
5 61 87 69 53 86 48 84 33 24 91 0 23
6 26 83 100 95 90 78 79 90 71 69 0 28
10 28 50 56 62 92 20 29 93 61 71 0 46
10 24 43 74 71 23 58 31 78 78 54 0 50
6 46 30 40 22 93 77 23 90 22 80 0 30
6 83 33 95 43 70 25 83 94 55 97 0 30
3 23 80 20 62 52 93 57 100 88 92 0 11
4 99 88 62 37 79 37 24 43 21 45 0 18
9 60 44 52 39 28 96 98 80 22 50 0 45
9 59 36 90 88 62 56 68 36 28 88 0 41
6 72 74 53 58 34 84 57 78 45 89 0 29
7 86 41 46 92 73 70 84 47 69 56 0 33
5 89 61 36 99 88 71 22 47 75 47 0 21
8 91 79 41 69 37 66 88 35 55 62 0 38
7 36 24 21 68 26 84 59 54 49 61 0 35
3 31 54 81 96 86 55 66 60 47 45 0 13
6 24 42 56 33 87 62 20 64 52 31 0 29
9 80 93 68 100 71 83 75 76 81 30 0 44
4 37 37 69 80 94 42 96 89 24 93 0 20
3 66 33 34 63 91 86 24 80 32 99 0 12
8 100 82 69 50 37 28 87 52 61 74 0 40
7 31 70 29 73 29 73 73 34 74 85 0 31
6 91 36 47 100 79 72 40 39 63 24 0 29
4 62 75 69 74 44 25 46 89 58 87 0 18
5 77 34 62 98 31 64 74 88 64 40 0 25
2 59 41 44 73 76 65 65 36 87 61 0 10
4 100 28 49 100 97 80 85 44 35 41 0 16
8 59 44 30 82 85 61 65 23 66 36 0 38
10 69 78 93 31 54 86 26 34 95 73 0 48
2 77 74 100 32 46 42 34 67 66 88 0 10
10 73 73 87 24 28 23 74 84 55 83 0 48
5 60 24 25 42 43 41 73 75 62 75 0 22
5 93 20 21 76 23 44 49 85 92 43 0 21
3 94 47 100 100 76 84 98 40 65 28 0 14
6 87 33 53 97 94 70 97 70 95 53 0 28
10 43 36 88 39 81 85 48 86 50 27 0 47
6 95 46 88 54 38 43 54 70 42 31 0 30
7 92 71 98 22 90 35 74 69 78 82 0 33
6 80 66 91 67 35 99 78 42 85 42 0 27
10 56 28 77 59 77 86 23 73 48 23 0 46
8 98 41 83 38 86 84 64 90 60 25 0 37
8 96 77 45 88 57 74 89 96 26 37 0 38
8 61 66 30 79 79 99 73 94 74 94 0 40
10 61 74 60 29 25 51 24 72 49 90 0 47
7 55 21 78 75 96 87 100 33 89 40 0 33
4 68 57 95 86 71 74 56 92 87 34 0 19
5 90 64 24 29 91 96 77 38 37 76 0 21
8 41 44 93 69 36 61 65 80 70 95 0 40
7 56 82 75 79 68 67 66 41 28 39 0 35
3 66 46 71 54 44 69 53 93 54 26 0 13
6 98 28 93 20 70 51 52 65 56 80 0 26
3 26 61 91 41 32 78 25 43 100 78 0 14
6 88 55 94 28 76 98 47 47 31 100 0 30
10 90 96 35 23 77 27 73 71 36 49 0 49
9 37 57 48 79 81 66 89 79 70 59 0 43
7 22 26 86 54 72 46 42 64 40 57 0 31
8 77 66 96 86 54 37 75 57 78 80 0 40
5 91 28 48 44 69 57 26 58 48 62 0 24
7 94 88 98 57 37 100 82 90 71 90 0 31
8 69 52 52 31 73 98 47 37 81 66 0 37
9 70 32 46 69 38 45 57 81 98 75 0 44
9 54 66 54 89 33 93 48 37 93 71 0 44
8 88 80 63 82 80 54 53 68 91 46 0 39
10 97 35 90 63 62 46 57 47 68 45 0 47
6 27 58 85 64 21 48 84 76 22 23 0 30
4 35 55 20 58 23 24 83 25 50 43 0 17
5 85 89 30 83 51 80 58 70 76 94 0 25
4 55 36 24 73 50 55 52 25 42 75 0 17
8 57 83 61 65 39 56 53 27 82 48 0 40
8 28 42 55 28 76 66 46 29 40 37 0 36
9 31 55 49 66 27 54 76 30 60 79 0 45
6 59 63 24 69 40 73 67 69 24 76 0 26
10 81 25 45 98 85 31 84 80 38 66 0 47
5 28 99 57 51 29 25 92 81 44 34 0 25
2 98 46 31 56 40 46 37 64 72 22 0 10
10 55 84 79 32 43 53 76 68 61 80 0 48
6 61 39 30 78 83 86 56 82 90 89 0 26
9 23 55 91 61 24 56 56 31 30 38 0 42
4 58 93 31 88 36 75 74 29 90 42 0 19
83 104 97 105 117 102 75 131 113 74
111 127 150 172 180 218 228 242 261 287
103 125 159 171 199 202 232 241 261 293
120 130 158 169 186 216 221 250 279 282
112 123 147 174 181 212 221 249 266 288
107 140 146 174 182 206 233 257 272 297
116 124 154 167 182 201 238 252 273 291
119 134 151 171 194 208 239 240 267 288
106 122 156 164 191 201 227 250 277 285
114 130 144 169 192 203 238 241 276 284
109 132 150 161 187 203 225 246 274 297
103 128 144 172 195 212 224 251 275 298
111 132 147 173 193 220 234 256 279 294
107 130 150 173 189 205 221 253 270 296
117 132 151 172 186 208 223 256 273 295
102 133 146 165 196 213 224 243 260 299
100 139 156 176 190 201 230 246 274 287
104 132 153 167 196 202 239 247 274 287
113 136 154 161 185 202 238 258 280 287
114 125 143 166 199 213 223 245 279 281
112 129 152 175 188 218 226 254 268 299
114 126 147 164 189 219 220 245 268 296
118 127 140 176 184 220 237 242 276 284
103 121 146 165 187 212 222 257 278 281
102 121 157 161 186 215 224 254 265 291
117 123 141 180 192 211 232 247 272 291
120 132 141 170 195 213 235 244 265 295
102 124 145 162 180 217 222 256 274 287
117 125 147 175 194 207 234 257 269 280
103 130 160 172 196 202 233 248 271 299
111 121 156 180 191 220 226 249 266 286
119 136 155 178 196 214 239 258 265 290
104 138 151 161 186 207 226 242 267 287
119 129 140 164 198 218 238 247 261 297
111 127 150 167 199 220 223 255 276 288
114 131 143 177 194 204 233 254 270 296
106 135 145 173 181 205 233 243 275 292
106 126 143 160 189 206 222 245 265 287
117 130 146 166 191 208 234 242 274 297
100 136 157 179 189 216 233 260 269 295
103 124 146 169 187 215 235 252 260 290
104 123 142 177 181 208 240 244 271 291
117 126 160 168 189 220 220 259 265 284
112 122 145 172 189 201 221 245 266 281
106 129 148 161 180 217 223 254 261 286
111 135 146 165 199 206 240 258 279 287
111 128 159 172 182 217 227 259 272 289
107 120 155 180 197 217 229 247 260 297
107 133 140 163 183 218 228 259 260 292
110 139 140 168 200 214 221 257 278 281
109 122 144 167 189 220 238 250 271 287
110 130 156 179 185 213 224 240 264 280
112 130 144 161 192 215 231 249 273 296
111 136 150 166 195 215 229 257 276 297
115 132 156 178 200 214 233 244 279 286
102 139 143 162 189 214 222 258 266 290
115 134 157 171 194 210 220 260 273 300
111 125 143 172 181 219 235 245 275 288
114 129 141 167 186 210 236 252 272 289
111 122 152 161 197 207 225 248 280 282
106 123 158 172 192 210 230 257 280 293
100 132 154 160 191 212 230 253 262 282
119 120 157 170 198 203 234 252 273 293
106 124 141 167 189 212 222 254 270 284
101 125 145 172 198 217 230 256 278 298
117 123 141 178 184 205 237 252 274 291
114 125 145 172 190 210 240 240 276 291
101 129 141 164 195 219 220 254 269 285
109 138 146 160 183 218 223 240 263 290
116 127 140 167 181 209 222 249 261 294
118 126 157 173 183 204 237 241 279 283
108 129 149 178 194 200 231 244 263 280
111 137 160 173 180 206 236 251 261 299
118 127 159 168 187 212 228 248 263 290
110 131 144 180 198 216 220 243 278 298
113 136 144 173 181 206 229 258 275 300
104 120 152 161 182 201 231 256 268 300
119 136 147 167 195 208 235 255 273 296
105 133 160 163 180 214 226 252 260 293
109 132 150 174 192 218 230 246 278 299
111 133 158 160 186 216 233 256 269 284
119 126 147 173 184 206 220 246 274 298
104 129 152 164 186 207 231 245 263 285
116 138 142 175 194 212 234 255 268 285
119 136 154 175 181 216 222 258 277 289
104 133 159 171 192 216 229 246 262 299
102 133 140 177 199 216 224 252 268 282
101 124 156 178 190 217 238 243 262 294
118 125 160 168 199 212 223 252 275 286
105 135 160 167 191 216 238 259 276 300
120 130 153 162 193 220 237 246 266 282
106 140 156 177 194 216 224 259 277 284
107 140 142 169 188 214 226 240 265 292
108 129 152 163 192 212 231 252 277 283
118 130 142 177 186 206 230 243 266 299
108 138 147 173 193 205 224 260 271 298
100 123 141 174 195 205 223 248 269 290
113 127 156 160 181 219 223 257 263 284
114 131 142 168 187 212 222 248 279 298
106 136 159 169 196 210 238 253 271 295
101 139 153 168 187 207 234 257 279 300
120 130 142 168 199 219 227 243 274 296
110 129 159 172 196 207 236 246 263 298
116 134 143 173 193 217 225 255 274 294
120 139 152 163 187 216 234 248 275 291
115 125 143 175 187 220 223 249 280 293
108 122 145 174 187 207 233 257 262 284
120 120 146 178 196 216 233 251 268 291
120 129 147 163 183 218 235 251 275 288
102 125 150 178 190 202 233 252 274 297
108 135 158 178 197 206 229 251 261 280
101 134 149 160 195 216 220 255 265 292
111 139 143 177 193 211 240 259 274 293
105 130 146 160 200 201 234 241 271 288
101 132 151 162 189 200 239 257 263 289
104 133 157 163 192 207 228 250 266 286
103 130 149 160 199 213 234 252 272 289
120 137 159 176 190 219 227 260 266 300
101 140 140 174 192 201 231 242 269 283
111 128 159 177 194 206 235 258 275 287
113 121 145 179 187 203 221 253 261 293
105 121 160 160 186 218 234 258 269 297
113 140 140 168 198 220 234 249 266 293
103 120 144 180 180 208 227 255 269 291
106 122 149 173 192 208 222 258 280 293
109 120 155 176 190 203 227 240 262 286
109 121 151 177 182 207 232 252 265 300
106 133 158 169 183 215 235 244 271 299
118 134 146 175 192 211 237 259 276 286
112 130 149 160 199 218 228 258 260 299
118 123 157 161 200 203 229 240 263 284
119 127 150 180 183 211 222 248 276 295
110 136 149 171 184 211 225 260 271 280
101 123 145 170 195 208 232 257 266 300
108 133 154 165 187 218 239 248 277 293
112 133 160 179 188 212 230 240 272 292
120 138 144 178 180 200 235 245 271 287
102 122 145 176 194 214 232 247 278 295
107 134 150 173 192 204 227 259 263 296
110 120 150 180 190 208 223 247 280 289
106 123 153 177 189 207 223 241 272 283
105 137 158 168 194 217 235 259 265 293
106 128 142 171 190 218 236 250 276 300
115 130 155 172 200 219 233 255 266 288
119 125 147 176 196 213 232 258 275 288
102 128 141 160 188 204 240 241 269 288
106 135 158 167 180 220 226 258 272 282
112 125 148 180 180 203 222 243 279 297
109 131 145 174 188 215 220 252 271 291
111 134 147 170 188 219 238 253 269 287
109 131 148 166 183 220 237 249 260 299
114 140 151 175 185 210 240 260 279 300
101 120 150 172 199 212 239 251 274 282
110 122 146 160 193 218 227 247 268 299
103 139 148 173 193 210 229 243 260 286
110 139 142 160 191 215 239 241 280 286
120 125 150 172 181 220 236 250 268 285
111 126 155 172 182 204 225 258 268 294
114 135 143 162 183 216 227 252 276 286
111 132 146 173 192 217 231 260 261 281
102 136 146 174 187 219 226 242 260 288
113 120 153 167 193 215 231 250 276 285
114 134 156 164 191 213 227 247 275 291
109 120 154 173 184 207 221 250 278 287
101 139 157 166 182 219 226 250 280 291
107 138 152 180 181 213 233 255 277 290
109 132 158 172 192 210 235 251 269 286
115 129 150 174 183 204 220 243 279 297
113 140 160 175 188 215 225 246 263 294
107 133 140 179 181 212 239 243 261 300
120 137 152 168 182 216 228 246 260 287
116 132 148 168 193 203 239 255 271 296
116 128 146 175 190 205 226 247 266 286
102 120 145 174 181 215 237 254 279 280
118 130 147 177 190 220 232 258 273 295
114 124 158 172 190 212 234 250 278 300
101 126 149 175 198 202 232 256 271 284
108 135 157 175 191 208 233 253 278 290
100 122 156 177 181 205 227 255 274 284
109 133 153 161 180 215 232 242 278 281
111 131 142 162 190 203 227 249 263 295
108 136 151 164 184 200 240 254 270 293
118 121 160 163 196 206 231 246 270 285
113 137 146 180 191 212 239 242 263 296
117 136 147 171 195 220 236 246 270 280
115 132 142 166 183 203 224 256 264 293
106 120 153 168 190 213 240 244 277 290
100 136 150 175 182 204 230 250 275 294
102 120 160 163 195 214 234 255 262 283
115 120 146 161 199 218 235 249 268 296
117 122 141 162 193 215 239 253 267 283
117 128 153 171 191 209 233 249 263 280
120 127 143 164 180 208 227 240 269 298
117 137 144 164 184 204 238 248 275 284
115 129 160 167 187 202 230 252 267 294
116 135 157 175 181 210 231 247 280 299
114 121 153 179 198 213 224 246 267 285
104 122 156 179 192 215 220 252 277 285
111 121 143 170 185 219 225 256 263 290
118 133 143 166 189 218 221 253 274 293
107 120 155 178 193 202 220 247 278 285
111 132 144 165 185 212 235 244 265 287
107 126 158 174 182 215 224 260 260 294
100 123 157 164 200 208 223 250 277 299
103 136 155 173 197 208 229 257 270 293
104 136 151 179 191 202 222 257 265 299
106 125 150 178 195 215 228 253 276 289
108 133 141 178 182 204 224 249 272 283
107 127 150 164 180 214 230 241 275 296
114 129 141 165 184 205 235 254 274 300
100 134 159 164 199 210 222 249 275 281
111 123 152 165 184 218 226 254 269 283
116 127 143 163 184 208 228 256 262 286
120 126 147 164 196 202 236 246 276 283
100 125 152 176 182 211 220 253 270 296
109 134 153 175 186 215 223 255 270 291
112 129 141 179 181 213 235 255 271 290
108 140 141 180 180 206 230 260 260 295
116 130 140 170 180 217 234 244 276 287
114 128 156 171 186 207 234 258 272 296
104 136 140 176 187 218 224 252 279 290
109 131 151 169 191 220 237 252 270 283
114 134 141 162 187 214 237 248 270 294
116 130 153 176 186 206 236 246 276 285
102 130 156 164 184 206 225 253 276 291
116 131 154 170 180 207 232 256 272 285
117 136 155 176 189 209 227 242 269 295
115 139 154 168 186 204 235 260 278 289
105 123 153 169 187 203 223 252 280 281
115 130 149 160 186 214 233 241 274 284
105 131 143 174 191 218 236 248 270 299
115 139 146 168 182 220 240 247 270 282
113 123 145 173 200 219 238 248 275 291
107 139 144 160 193 217 226 253 266 294
118 127 155 177 184 214 223 258 275 298
114 120 154 161 191 218 234 257 274 287
105 134 147 179 188 208 240 244 277 288
110 137 158 173 184 209 233 256 266 298
108 127 148 165 198 205 227 259 271 285
109 124 157 177 181 204 221 244 268 281
109 125 153 165 195 218 227 248 278 295
102 132 157 179 182 220 240 257 279 282
110 125 141 177 187 213 224 242 261 286
111 122 150 177 197 213 223 258 277 285
115 138 144 171 200 207 220 247 278 300
119 123 144 169 180 203 238 259 278 296
102 125 140 176 188 219 225 242 262 297
104 125 144 171 198 216 229 258 274 300
114 138 152 175 191 210 234 253 270 284
110 131 150 177 199 201 239 251 280 299
104 128 143 164 195 216 235 248 276 297
100 134 150 161 185 200 237 246 270 283
108 121 153 160 187 209 233 256 276 282
107 129 153 175 191 200 232 253 278 295
117 124 149 164 198 213 235 244 262 286
105 139 154 162 183 209 239 247 280 286
101 122 153 175 196 211 221 243 270 281
112 121 156 166 194 211 221 251 273 298
119 128 146 174 192 211 225 247 264 282
106 130 148 170 189 204 232 255 276 293
105 132 149 177 190 202 231 246 268 286
111 140 149 162 200 213 229 252 278 285
103 126 140 175 186 220 240 246 272 297
119 135 152 169 194 203 234 253 276 300
103 139 142 171 197 217 226 251 261 296
110 134 146 161 199 219 239 240 262 295
118 122 142 178 194 200 238 252 263 288
111 131 151 167 182 211 230 255 264 300
104 122 157 170 197 215 229 252 261 290
114 121 157 177 188 204 227 251 279 296
103 123 155 172 185 200 224 254 278 295
117 135 142 160 194 210 229 246 280 282
104 124 158 174 197 214 235 248 266 300
100 121 160 179 200 206 240 257 261 293
114 128 153 171 184 202 227 241 279 292
104 123 150 171 193 214 229 250 269 282
105 135 148 173 191 204 230 255 279 295
100 122 159 166 182 203 240 259 263 285
105 130 156 163 196 205 226 244 271 292
110 135 145 161 186 205 226 254 263 285
106 122 147 165 192 215 227 254 271 281
110 136 154 160 196 212 228 247 262 295
117 128 140 178 180 205 226 247 273 284
119 125 157 172 185 219 230 242 266 296
112 124 142 173 197 205 233 259 267 280
119 137 150 169 195 204 240 251 262 291
103 128 142 175 185 200 223 251 262 300
106 123 145 179 199 216 232 255 275 295
110 122 141 178 188 200 228 241 274 283
114 124 140 164 189 211 240 244 279 286
103 132 148 163 198 217 223 253 264 287
107 126 149 173 195 217 227 240 277 282
112 136 147 179 180 213 224 251 272 284
118 136 155 164 180 219 223 253 261 280
118 126 154 162 197 219 231 250 269 300
107 123 144 168 197 203 238 241 266 299
105 139 144 180 194 210 236 249 274 299
106 130 146 165 199 215 227 242 265 299
108 138 150 168 188 212 237 243 274 281
108 120 144 160 185 201 220 241 264 281
113 130 153 167 189 206 222 258 268 292
113 140 146 174 185 211 239 260 278 300
105 138 158 161 195 203 223 260 266 298
116 131 148 166 186 200 236 255 266 291
109 140 158 173 196 202 234 256 267 282
120 139 144 165 187 215 233 245 270 294
105 126 156 165 193 203 227 244 261 281
106 126 155 165 189 202 240 258 267 283
119 120 150 160 198 200 229 247 276 294
119 140 146 163 188 202 232 245 279 280
100 134 148 165 186 210 227 253 272 295
111 139 142 173 181 202 237 243 260 286
103 136 155 169 187 217 223 260 263 291
108 135 149 171 191 204 233 241 260 299
102 124 158 175 190 220 232 259 261 294
104 127 141 171 182 210 236 241 273 290
118 128 157 175 187 219 235 259 272 298
114 140 154 166 185 206 235 255 272 283
102 122 153 168 188 214 227 260 260 298
108 134 154 178 180 209 235 244 262 284
116 125 144 169 193 209 221 260 267 284
105 122 146 175 192 204 234 253 266 285
114 139 159 172 197 220 222 248 278 292
117 122 159 170 181 202 222 256 262 280
112 121 144 161 192 205 237 252 264 297
118 132 154 180 186 210 235 257 264 284
111 125 159 166 195 203 234 259 273 294
115 120 157 162 184 206 221 257 279 280
110 136 148 171 197 216 228 245 271 300
104 135 160 167 192 219 239 247 260 287
108 132 154 172 181 200 230 260 266 287
100 123 157 177 182 218 222 259 280 280
106 137 155 166 182 217 232 252 270 294
107 138 153 177 198 214 238 243 279 287
118 125 147 178 196 220 230 250 264 285
113 128 152 180 195 211 237 250 264 290
115 137 158 177 181 214 235 257 274 289
108 138 144 177 194 212 240 252 262 287
105 124 156 170 181 215 221 249 261 288
116 122 141 169 199 212 232 257 271 285
100 128 140 176 180 212 220 243 265 289
106 128 148 171 182 212 226 259 260 282
107 129 147 167 186 214 237 254 266 297
105 129 143 180 186 202 233 251 277 283
100 122 158 165 194 215 223 256 278 293
111 127 155 163 197 207 228 247 276 291
110 126 140 160 190 218 229 259 274 284
103 129 140 163 195 205 240 240 265 282
118 123 145 167 180 218 226 250 261 298
117 137 140 161 192 219 227 247 275 298
117 124 145 174 190 214 237 247 260 287
110 121 151 173 190 210 229 254 274 300
100 138 150 161 194 205 224 260 262 296
110 120 154 166 194 219 225 247 278 286
109 130 152 162 197 220 239 248 265 287
116 126 155 164 196 205 238 248 273 294
109 125 141 165 196 216 240 242 277 290
103 132 144 160 184 207 223 257 280 293
109 124 148 169 191 205 225 260 271 288
119 127 159 161 189 209 224 247 270 299
101 135 141 173 185 207 229 259 274 300
106 122 140 176 196 211 221 258 273 290
100 137 149 165 200 201 221 258 260 300
102 124 158 165 186 204 220 257 279 297
118 121 142 164 185 208 220 252 279 285
118 140 152 177 198 204 230 254 264 299
115 120 149 170 199 208 238 240 270 281
106 131 142 174 198 211 227 251 262 290
100 127 145 162 189 205 238 253 270 295
108 126 159 171 184 202 222 242 278 282
107 124 140 177 191 219 230 254 267 285
118 127 157 172 197 208 237 258 277 284
107 130 150 166 193 206 232 242 267 298
119 136 159 165 181 205 230 246 268 296
100 135 146 162 188 218 221 251 265 282
115 129 155 174 197 205 224 243 270 289
103 132 148 179 183 202 224 245 265 286
105 120 150 165 199 204 228 255 277 299
120 127 140 175 190 207 238 252 260 281
104 123 153 176 196 219 240 252 280 300
110 139 152 177 182 207 233 255 264 292
112 136 158 167 194 200 225 249 267 292
100 125 158 164 200 213 231 258 266 284
108 125 156 171 190 201 225 247 272 298
106 125 151 164 185 209 232 243 262 293
108 127 144 180 197 216 224 250 269 286
109 122 140 166 197 207 229 253 260 297
117 129 142 168 196 203 226 246 276 293
115 139 143 171 185 212 232 257 276 290
111 121 152 173 192 209 230 255 265 290
113 125 146 172 193 201 237 240 270 292
118 126 158 162 194 210 233 242 273 297
112 128 141 167 193 212 238 257 278 292
107 129 147 161 198 211 230 241 266 300
114 140 150 169 195 204 239 241 277 283
115 128 147 165 189 205 224 260 261 283
108 138 155 161 187 210 231 252 268 293
106 127 155 163 193 216 235 243 277 296
110 127 150 175 182 213 227 249 278 292
113 127 155 161 197 209 238 255 263 295
114 124 153 170 182 212 236 259 272 300
114 140 147 165 195 212 223 259 260 283
119 128 159 173 189 201 229 244 279 291
101 132 144 164 186 203 224 241 275 293
104 140 153 171 185 202 235 249 269 291
100 120 158 163 198 200 230 259 266 285
107 127 155 167 190 212 223 249 262 283
111 122 147 165 183 205 237 250 270 299
102 135 140 174 199 201 221 259 275 294
104 131 148 162 182 203 227 256 266 284
116 134 152 168 182 204 220 256 279 292
104 138 151 174 197 200 238 247 268 280
113 126 154 175 200 209 236 242 264 298
100 137 150 168 180 206 232 253 268 280
107 129 156 175 185 204 224 258 260 300
109 120 151 179 196 214 223 254 268 295
119 137 145 167 185 206 232 260 267 294
114 137 140 173 187 211 227 257 271 289
109 134 146 173 191 208 233 244 260 300
114 129 141 160 191 204 226 252 263 290
109 132 155 164 187 200 227 257 269 286
118 137 160 175 199 219 220 252 276 284
108 128 157 166 183 201 227 258 275 299
116 136 148 174 183 206 230 255 278 287
118 122 156 160 187 218 224 244 270 295
101 136 155 166 200 217 229 260 268 298
105 127 146 163 181 218 229 254 270 295
114 131 151 164 189 208 232 243 261 285
107 139 159 169 189 207 220 248 279 291
109 140 142 168 189 211 228 255 269 299
120 121 147 162 196 202 227 250 277 285
114 136 146 173 192 202 227 241 273 291
107 125 147 180 196 215 239 242 279 287
104 139 149 170 189 212 230 242 268 281
104 123 141 167 191 210 233 244 273 298
103 125 159 171 193 200 235 253 276 285
109 125 150 173 191 204 239 256 280 288
103 126 153 170 190 203 234 247 275 281
120 120 140 170 197 202 227 248 261 293
117 121 145 167 192 215 238 253 268 280
100 132 154 180 182 203 240 256 269 283
118 121 154 167 198 210 239 254 262 292
119 121 140 179 185 201 234 243 263 289
112 128 155 163 180 215 237 259 267 300
104 120 150 174 200 206 221 255 269 288
120 127 143 161 187 209 221 259 277 281
109 124 157 165 180 205 221 250 273 286
112 132 156 163 191 220 238 253 271 300
116 129 154 178 182 208 225 249 279 300
109 121 159 176 194 215 224 242 275 294
110 133 142 176 185 218 222 247 278 280
103 138 144 167 185 204 228 246 280 292
120 137 150 163 191 204 229 253 264 290
103 132 146 178 183 210 238 257 268 284
102 137 140 171 199 207 239 251 263 284
118 138 155 180 193 214 222 253 280 299
100 131 150 175 198 220 234 250 276 284
103 133 143 177 188 216 237 259 269 289
108 131 143 165 193 220 221 246 265 291
103 128 147 168 184 209 222 257 277 283
103 136 157 166 188 203 222 243 273 298
103 125 152 173 191 200 237 246 269 300
101 127 149 174 185 217 220 243 264 284
102 139 143 165 193 203 231 250 263 290
111 130 150 170 185 209 226 247 267 284
103 132 146 169 184 204 234 250 273 293
114 121 145 170 181 205 225 244 276 288
101 120 153 166 199 205 234 253 262 298
101 131 141 177 181 207 228 257 260 280
100 139 154 177 189 212 226 247 266 282
103 134 146 164 182 213 226 258 261 293
119 127 144 177 199 200 235 243 269 280
104 130 143 164 187 217 231 246 272 284
106 125 152 174 192 211 221 241 262 287
115 137 147 165 192 200 220 258 269 287
116 136 148 178 199 211 240 249 271 296
100 137 153 162 194 212 221 245 266 296
103 132 142 164 194 209 223 242 280 289
108 131 155 160 197 205 235 245 265 287
112 121 160 176 187 212 231 254 261 280
119 130 153 172 191 202 234 256 262 284
110 128 160 166 181 210 238 255 263 280
114 130 151 165 190 207 234 257 271 282
115 139 142 164 185 213 225 251 262 292
108 131 148 167 187 207 220 257 272 282
117 139 158 171 187 208 236 258 266 286
107 124 153 178 196 213 236 259 261 287
105 132 151 171 185 202 238 244 267 282
106 129 143 171 188 203 226 250 272 296
114 140 147 178 189 217 233 258 272 286
101 136 141 164 198 204 229 256 264 291
116 125 145 161 185 209 233 240 273 290
119 124 147 177 185 220 239 255 260 284
113 134 143 166 197 206 236 240 260 287
118 134 157 176 198 206 239 257 269 295
110 137 140 170 188 212 233 259 263 291
108 121 154 179 198 206 232 258 269 287
104 137 141 166 183 201 237 249 265 287
118 125 157 179 196 207 236 254 274 286
115 137 159 162 191 209 224 250 264 288
118 134 156 177 199 211 221 244 262 300
100 127 148 168 190 208 235 242 269 286
120 130 145 175 187 212 222 257 268 285
116 122 141 172 181 215 232 253 262 283
104 135 142 175 183 212 232 258 266 290
112 122 144 160 190 201 225 241 276 292
115 126 140 174 200 202 228 243 266 289
120 130 140 180 190 200 240 257 271 285
111 134 149 180 200 216 230 253 262 299
109 135 146 178 181 200 235 247 261 288
120 131 159 175 185 202 225 241 271 290
101 127 146 177 188 208 222 259 262 293
113 121 147 161 200 220 232 251 264 287
114 124 155 161 184 208 226 245 280 291
108 134 152 163 199 209 228 246 273 291
112 121 148 175 185 219 234 253 271 289
120 128 146 165 200 206 221 259 265 292
120 139 145 180 189 202 223 255 267 287
114 126 157 167 198 214 228 241 274 281
117 130 150 179 197 209 223 250 272 300
117 128 143 163 186 216 224 258 269 294
103 125 157 175 199 217 233 243 261 292
105 130 143 163 183 202 237 254 260 287
106 140 160 167 196 213 222 255 266 299
119 122 157 163 200 206 237 257 264 298
100 128 153 160 180 200 229 242 260 296
114 138 140 164 187 214 220 257 271 291
118 133 152 172 183 211 221 259 276 291
111 121 148 180 185 204 228 240 278 286
118 130 151 160 184 220 221 257 264 297
117 140 159 177 190 200 220 260 278 287
103 138 147 179 200 212 222 249 275 282
101 124 141 172 193 217 220 254 267 280
116 126 141 165 195 218 222 249 262 296
114 121 152 169 194 214 220 259 269 289
106 128 159 164 197 220 236 259 273 287
101 125 150 176 198 218 233 250 268 283
103 131 147 163 196 200 235 240 271 289
105 133 152 169 200 215 228 257 265 299
106 136 148 162 188 219 232 243 262 284
115 138 155 176 197 204 220 252 265 285
110 130 145 164 196 202 220 241 264 283
117 139 143 171 200 217 234 260 271 296
113 134 142 164 186 218 223 242 280 292
105 134 141 161 195 209 220 250 276 286
110 136 157 169 184 213 239 245 261 297
106 135 152 165 193 209 234 256 280 281
119 127 150 169 197 201 235 256 271 292
114 138 156 169 180 219 224 241 278 292
106 121 146 177 181 200 224 256 260 300
109 129 160 175 194 217 237 254 280 282
110 138 156 180 180 217 227 255 280 293
102 124 142 175 200 205 239 254 261 285
108 135 152 169 190 203 238 240 273 299
101 140 155 160 192 200 226 248 273 293
117 124 157 165 191 212 234 242 265 294
111 123 141 180 195 213 236 245 280 285
103 136 140 169 186 205 233 246 270 300
115 121 142 171 198 217 226 249 261 288
110 136 144 160 194 215 221 243 270 298
104 131 150 179 181 220 240 253 278 286
104 128 152 167 193 220 233 254 273 300
111 130 149 170 183 211 223 259 271 298
104 121 153 161 196 216 230 244 261 300
102 130 145 176 194 217 220 243 270 291
103 128 143 167 200 214 232 256 277 298
117 120 150 168 199 212 226 251 278 281
120 127 158 177 183 204 222 253 267 286
108 127 145 163 192 200 240 249 260 290
109 120 146 180 188 216 234 252 278 291
118 138 148 167 182 207 230 255 273 300
117 120 153 169 182 218 229 245 278 295
101 123 150 165 194 204 231 241 265 298
105 124 144 168 190 219 221 259 272 296
103 131 144 170 180 214 235 245 280 284
104 120 157 169 200 203 236 254 270 285
118 139 157 178 180 217 233 256 264 288
107 130 155 167 199 214 231 256 273 296
107 124 160 160 193 205 226 258 280 289
109 128 141 162 186 216 238 252 269 290
101 136 153 163 190 218 236 242 277 285
108 133 140 173 192 205 232 252 264 293
109 127 148 175 180 212 223 254 279 300
108 132 160 178 200 219 238 253 279 289
103 139 159 167 186 207 221 249 270 283
106 128 151 174 190 205 225 256 265 300
115 125 147 167 197 206 220 242 260 290
119 127 156 168 198 212 226 258 277 290
118 136 150 161 181 214 229 255 270 298
108 125 159 163 191 207 225 251 276 282
104 123 142 177 181 219 222 241 278 291
103 133 144 165 192 213 229 252 272 285
118 126 160 179 193 216 227 250 263 287
104 132 140 177 200 204 223 257 278 297
107 120 155 161 198 202 238 245 278 281
120 128 147 170 189 204 225 255 263 282
107 140 157 175 194 200 233 252 263 299
120 124 158 169 193 217 231 259 276 284
104 125 156 164 185 203 239 248 280 293
110 122 146 172 186 201 226 258 275 281
101 132 154 179 187 202 233 254 263 298
118 135 141 163 183 213 230 243 278 299
111 137 156 165 184 216 235 260 262 293
104 133 158 176 188 202 237 256 277 293
114 124 151 162 196 208 231 247 280 286
107 131 143 166 187 202 231 257 268 297
103 140 154 172 189 210 229 254 276 290
118 137 157 177 181 213 229 260 264 290
105 130 143 178 191 218 224 256 272 300
115 140 150 165 181 215 222 247 260 295
106 128 158 170 188 203 229 240 263 290
112 139 160 162 189 203 224 247 278 284
120 132 141 172 187 208 231 252 267 292
100 134 158 176 200 214 235 249 278 298
102 136 142 176 193 205 236 254 279 291
115 134 158 169 189 213 231 254 263 287
104 135 156 178 197 216 224 260 280 286
108 125 142 165 188 204 231 244 275 287
105 128 153 174 199 206 222 251 271 289
104 137 145 180 199 212 236 242 268 284
117 121 144 164 185 220 240 248 266 282
110 126 144 173 189 210 234 260 269 280
110 121 143 166 185 212 227 249 277 284
113 132 140 178 192 207 239 248 261 282
100 130 159 171 198 210 240 245 272 296
100 132 144 174 199 201 237 247 267 299
106 139 156 176 189 203 240 259 264 288
104 135 158 174 190 208 239 245 275 283
105 120 142 161 188 215 238 242 272 298
113 130 153 178 192 207 225 253 276 287
111 120 158 169 200 220 225 251 267 299
100 126 160 168 185 211 227 259 272 299
104 126 157 177 191 210 227 260 269 289
117 121 153 166 192 213 234 247 276 295
101 136 144 174 190 218 222 246 265 293
102 125 148 174 180 203 230 241 269 284
116 129 145 175 182 215 230 258 268 296
105 130 157 175 200 217 234 254 261 285
108 137 153 161 197 213 223 253 260 299
101 124 150 161 188 217 225 251 270 293
118 127 146 179 187 202 231 251 271 288
114 126 148 165 200 202 220 249 273 299
107 123 160 168 184 202 227 258 270 295
102 129 156 178 198 214 230 250 266 295
104 137 153 171 181 205 234 255 279 286
119 131 143 163 190 217 238 242 272 295
114 140 144 173 185 204 223 253 272 285
109 131 157 177 188 219 231 244 261 295
111 124 149 164 194 219 239 245 275 293
111 138 147 165 192 208 231 259 260 300
118 140 148 174 184 201 222 240 280 294
115 128 159 160 198 201 225 251 262 288
119 125 158 165 200 206 239 240 267 292
109 122 157 166 183 214 238 258 278 284
119 135 155 175 196 210 229 251 267 298
100 132 146 164 197 207 232 245 277 280
118 134 142 174 184 220 223 254 274 295
117 139 147 165 189 209 228 246 273 284
106 137 159 165 189 214 222 251 267 287
104 135 141 168 195 205 236 241 262 291
112 125 147 164 182 219 235 247 274 298
115 132 157 179 194 212 239 250 263 285
103 123 151 164 195 219 226 259 270 285
104 132 142 178 200 202 232 247 265 284
105 130 143 173 187 203 239 259 266 296
107 123 141 165 187 211 239 260 274 285
106 129 155 168 193 217 231 245 275 297
109 128 147 165 198 209 231 240 277 298
106 136 157 176 181 216 222 249 264 285
110 135 150 165 191 207 239 260 261 291
116 140 154 171 180 213 232 255 275 295
102 138 145 168 195 203 224 240 269 286
111 128 150 167 189 206 221 254 260 282
112 126 143 161 193 211 222 259 274 283
102 136 150 179 190 202 227 242 278 285
119 131 140 163 181 203 236 246 270 300
117 123 146 178 184 214 232 254 273 300
103 120 152 173 194 207 232 245 278 300
104 139 158 165 181 204 235 250 273 281
109 139 148 175 192 212 240 245 271 284
104 136 144 173 184 220 235 247 261 281
108 140 156 160 182 213 226 260 271 292
106 138 148 175 188 215 236 260 273 286
107 127 144 174 190 207 235 259 263 293
118 136 160 162 188 201 239 252 261 298
117 127 151 160 190 208 231 254 261 280
120 120 154 177 197 217 229 255 260 286
118 134 148 180 197 207 237 251 272 300
119 138 154 176 187 205 224 246 278 288
100 135 155 176 185 218 234 243 273 287
104 134 141 176 182 220 236 258 269 281
117 124 160 172 198 204 228 247 276 299
120 136 156 169 186 207 239 241 274 292
105 123 147 170 187 206 229 256 278 288
119 127 152 162 187 205 227 259 268 284
112 128 153 160 197 220 231 255 278 290
106 138 142 167 185 209 231 259 261 293
111 122 141 163 189 216 239 246 274 299
111 124 146 175 182 212 235 244 274 291
106 137 157 174 188 210 233 258 265 289
107 127 152 178 187 204 231 258 267 285
106 125 146 179 193 205 231 254 268 285
114 135 151 164 193 201 232 255 263 298
106 127 141 172 189 204 222 258 266 280
115 126 158 170 186 202 220 244 263 284
111 121 158 174 183 201 231 247 279 290
118 128 153 180 197 215 232 256 261 300
112 134 146 176 181 216 232 259 268 290
110 128 157 172 182 220 234 259 279 294
103 128 160 174 200 209 226 257 267 282
100 139 152 168 200 220 238 253 264 288
111 133 158 161 183 219 228 253 272 289
104 124 159 178 188 216 224 259 276 299
109 132 155 180 186 213 225 257 263 291
106 128 150 175 182 219 232 252 279 294
102 131 154 180 198 202 220 259 268 300
112 138 151 169 185 219 235 255 269 296
114 139 147 175 185 212 232 260 260 281
117 137 152 171 183 220 237 256 272 293
119 127 144 171 195 204 221 255 280 288
118 120 147 177 190 211 221 251 272 299
107 132 143 163 186 201 224 248 271 284
113 137 154 160 195 209 222 260 269 286
106 135 152 175 188 210 240 240 275 290
102 138 147 162 194 218 224 252 261 293
108 122 158 169 189 203 224 251 265 282
117 122 143 162 188 208 229 255 275 296
112 139 154 177 196 213 240 247 272 290
111 124 160 170 180 215 239 251 265 298
109 133 146 180 185 215 228 252 260 288
108 140 144 171 181 218 220 256 274 298
109 125 151 178 197 218 234 253 280 300
113 131 152 164 185 218 230 251 269 282
100 122 142 167 181 218 227 256 269 292
117 124 148 172 196 209 230 253 279 299
109 133 141 168 183 205 220 255 264 291
111 140 144 176 186 220 239 243 274 300
107 131 155 172 199 218 225 250 260 291
113 132 155 179 196 213 222 260 265 293
100 139 145 180 191 213 234 252 265 285
114 133 140 162 197 203 221 251 275 286
107 128 148 176 192 209 228 242 273 299
106 129 143 168 192 210 238 257 278 287
118 127 153 168 187 215 233 248 260 293
110 131 152 177 183 219 230 249 271 298
112 133 158 162 193 209 220 243 268 286
112 125 144 174 195 209 237 256 274 300
111 140 146 179 185 201 225 246 267 295
108 127 154 163 192 217 224 244 278 292
114 122 147 172 190 211 226 245 269 289
102 133 156 176 182 204 235 242 261 296
106 134 146 176 198 209 235 250 262 296
103 122 147 173 197 203 223 255 267 289
113 121 155 162 199 216 236 258 272 287
106 140 154 162 181 215 237 249 274 291
115 128 147 173 180 219 228 246 265 292
116 125 146 166 198 214 228 240 264 287
100 139 160 168 187 201 240 243 272 283
113 131 143 164 181 208 237 243 261 283
115 128 142 180 188 205 225 249 270 296
109 127 142 171 196 220 236 253 262 282
107 127 160 174 199 202 223 252 273 285
103 128 145 161 188 207 233 245 260 299
103 128 154 171 199 207 231 254 267 292
113 120 144 171 185 201 223 240 268 284
111 122 141 178 184 206 239 240 272 287
116 120 150 161 182 213 238 241 262 288
112 125 150 168 192 202 221 246 273 296
102 123 153 178 198 208 220 257 276 298
113 120 155 179 191 202 231 243 270 285
110 131 159 164 199 208 229 247 268 283
115 131 156 160 200 217 226 256 270 292
111 129 146 170 197 215 235 240 267 291
103 127 150 168 183 201 232 243 277 286
113 120 160 166 186 214 234 260 271 300
115 126 158 173 190 202 220 253 262 293
111 120 143 180 183 201 231 260 261 300
111 136 141 173 185 216 225 259 275 299
119 133 152 163 196 220 220 243 262 292
120 123 156 161 181 210 231 241 272 285
111 134 148 169 186 201 227 250 262 283
107 120 152 165 185 205 221 247 274 288
108 124 150 163 186 206 234 258 274 284
118 133 144 169 185 203 225 245 279 286
113 136 153 174 196 200 238 260 278 292
104 133 159 176 192 210 236 256 274 289
107 120 149 178 189 200 233 245 280 294
108 130 148 169 181 208 228 252 260 299
114 130 143 169 199 210 223 248 276 284
109 139 159 170 192 212 226 245 279 284
118 133 160 176 185 219 238 242 269 296
105 129 152 176 200 203 231 253 265 292
103 140 141 165 184 217 233 250 270 284
104 130 159 164 193 219 235 257 260 299
105 138 149 175 187 218 228 242 276 287
118 135 152 177 192 212 236 240 266 283
103 122 147 180 180 211 236 248 267 283
102 140 155 170 197 220 231 258 275 289
109 131 158 176 194 215 224 252 277 285
113 121 140 168 194 206 221 258 274 289
102 131 158 176 186 201 230 255 260 294
116 138 154 179 189 212 230 260 279 283
107 128 151 180 193 214 239 242 263 285
103 140 152 178 194 219 232 244 280 288
112 135 153 171 196 215 220 259 270 280
115 127 141 172 184 215 240 249 265 288
101 140 145 160 188 208 227 240 271 287
109 140 157 166 198 211 228 254 271 296
119 122 153 164 191 207 234 258 272 288
111 130 152 180 194 214 232 241 275 288
103 122 153 166 193 217 223 247 278 281
103 133 143 168 196 208 229 259 263 288
120 130 142 171 183 205 225 251 272 300
118 138 140 173 193 208 225 242 277 296
109 125 145 169 182 211 239 256 271 285
120 135 149 174 200 209 239 256 264 298
106 136 151 168 200 218 226 252 265 283
102 123 160 167 189 210 238 249 279 295
102 130 150 169 198 212 233 252 260 281
104 132 148 163 194 208 228 244 268 284
110 124 159 169 192 219 229 242 266 293
110 126 149 178 181 205 229 248 275 294
113 130 143 161 185 202 224 250 274 294
105 131 142 165 197 213 230 247 261 297
117 121 140 167 198 220 240 248 274 294
100 139 157 175 199 216 225 250 268 283
117 135 144 165 196 216 226 259 264 284
102 136 150 163 193 213 232 241 279 284
101 121 143 167 195 220 230 260 279 286
110 140 151 179 184 200 233 249 266 284
113 136 147 179 191 209 227 243 271 283
115 129 158 175 200 208 220 240 275 291
118 127 158 163 191 200 235 257 277 292
100 125 144 176 193 215 235 245 277 296
111 128 158 173 199 208 230 256 273 297
109 140 143 163 180 220 240 251 261 297
113 140 151 176 192 203 220 247 278 289
110 133 143 176 186 216 220 254 274 291
107 125 160 174 196 205 236 255 268 284
119 139 159 163 188 203 236 253 279 280
108 127 146 168 184 206 220 257 263 292
107 123 143 177 193 218 229 251 271 288
120 125 153 165 193 203 221 252 260 281
120 129 143 168 190 207 229 256 261 284
113 122 154 163 182 201 227 243 275 297
112 133 159 160 187 206 225 254 277 295
114 122 152 178 199 212 230 244 262 294
120 123 155 175 200 218 232 255 265 299
109 124 147 162 181 209 223 260 268 295
113 125 145 178 194 208 229 258 270 299
120 120 154 176 181 216 226 246 268 295
114 130 156 160 182 208 231 253 272 292
115 132 142 174 200 218 235 255 266 285
102 139 154 165 198 219 230 248 260 287
117 127 159 171 196 210 237 248 264 285
118 140 144 161 196 201 232 241 274 282
107 128 143 173 183 200 223 240 275 286
117 137 145 179 181 207 225 249 274 292
107 129 160 168 196 210 240 240 275 297
108 133 140 176 180 209 221 254 264 297
103 121 160 160 191 208 221 253 266 290
104 129 156 168 190 207 221 254 263 286
116 136 146 162 197 211 237 260 264 284
114 131 146 170 189 210 233 259 277 292
119 124 157 174 180 213 229 249 262 280
103 126 150 161 182 220 234 246 264 290
112 124 141 162 188 215 234 247 266 288
105 136 156 163 184 205 237 248 266 282
108 131 154 180 196 208 227 248 270 291
101 126 152 169 194 201 230 259 262 297
107 128 143 177 194 217 221 251 261 286
112 135 141 165 187 219 234 246 275 296
110 123 155 176 184 212 237 256 275 286
106 123 150 165 186 205 237 259 267 294
108 127 154 168 180 210 234 245 260 287
111 120 160 166 196 216 238 251 271 293
110 130 156 164 197 214 238 253 271 280
118 136 141 177 200 214 234 260 275 290
112 129 157 164 192 200 222 258 275 297
101 133 153 175 197 215 223 254 265 281
101 135 141 177 193 216 228 252 274 289
115 127 148 179 198 204 221 256 272 282
111 133 153 166 191 207 221 258 264 280
104 135 153 176 200 217 226 250 278 298
109 121 160 169 188 217 226 252 263 280
103 133 141 179 182 218 220 255 277 292
119 132 142 169 180 216 237 247 277 290
115 139 160 172 194 218 239 246 263 297
102 126 152 179 188 201 225 251 274 293
112 138 156 166 198 203 223 259 277 280
110 136 149 176 191 216 220 248 268 283
104 138 149 179 191 216 239 249 271 299
116 124 147 162 190 220 240 249 267 288
114 121 140 169 187 217 237 246 272 291
115 133 153 164 183 200 222 251 280 299
119 139 145 171 195 207 231 251 271 281
113 137 141 176 197 202 237 240 271 283
113 138 140 177 181 207 225 248 262 285
110 122 158 170 186 206 230 245 276 298
118 128 143 160 187 214 226 244 270 300
105 122 148 172 190 210 239 252 266 293
110 125 152 165 183 205 227 254 273 285
118 133 148 172 191 217 233 259 270 288
120 138 149 180 191 218 234 255 272 282
115 138 145 167 197 203 232 240 260 281
119 131 145 180 183 219 233 249 264 282
115 138 154 165 196 207 229 256 279 300
101 123 160 178 190 216 233 254 263 297
118 132 150 166 183 204 223 256 267 283
100 131 140 179 183 208 231 240 276 298
115 121 144 162 196 215 231 250 270 283
112 135 146 170 198 209 240 241 271 287
104 134 144 168 190 203 230 252 261 281
110 131 157 167 186 211 233 259 276 280
104 139 158 161 197 219 227 252 265 294
118 124 152 170 189 219 229 255 260 297
100 134 148 174 185 217 235 259 269 299
115 122 143 172 194 214 233 259 274 283
106 135 148 173 187 206 220 252 266 285
116 122 156 167 197 220 228 253 278 291
108 131 158 174 187 214 239 258 269 297
120 136 147 168 193 216 224 242 272 299
110 120 151 170 196 217 226 243 278 286
120 134 158 168 182 210 239 255 264 283
107 136 159 166 198 202 228 256 277 300
107 135 147 176 184 201 240 248 268 295
114 130 147 177 200 209 229 241 264 294
101 125 144 169 197 217 220 248 264 285
101 122 153 173 181 201 227 259 263 293
102 138 149 167 181 214 239 240 270 282
105 131 152 166 181 210 228 248 271 298
119 123 141 165 188 216 230 245 276 280
107 129 143 162 186 208 230 249 264 291
109 120 148 178 188 216 223 248 270 292
108 132 140 164 196 200 226 254 271 291
113 126 159 177 183 200 240 246 266 286
119 122 148 176 192 200 228 255 268 296
110 121 153 180 188 213 227 255 279 283
112 127 150 177 186 203 230 255 278 281
116 121 140 163 185 203 220 246 275 286
103 122 155 176 187 220 221 251 263 287
111 126 148 179 200 216 220 259 267 291
101 124 140 165 190 204 226 245 272 281
102 122 155 166 183 204 225 246 267 289
120 133 152 179 187 216 238 252 271 287
112 137 148 169 191 211 224 252 280 283
102 130 141 163 182 201 232 248 274 294
110 138 151 180 188 206 230 244 267 285
108 137 145 171 185 202 236 255 271 282
115 134 154 170 180 202 230 241 262 285
117 123 160 177 187 201 221 240 280 286
100 130 155 173 198 201 232 248 262 287
106 139 159 179 181 213 239 258 272 293
117 133 153 168 195 212 221 241 280 297
109 127 159 160 199 213 220 247 280 297
118 126 160 177 198 220 240 246 272 298
113 127 151 174 183 210 226 258 262 298
100 123 160 161 196 202 230 242 260 282
109 128 143 175 185 200 235 257 269 294
120 120 156 168 189 202 239 259 262 288
117 137 155 164 190 217 240 247 264 284
110 131 156 180 191 200 235 253 272 293
103 126 153 171 199 212 234 244 267 282
104 140 158 168 188 202 239 245 266 294
104 122 151 174 193 215 220 244 269 285
109 122 140 174 197 213 233 247 274 282
115 130 145 165 197 204 230 251 265 291
112 125 146 179 187 219 234 241 265 287
106 125 140 164 199 206 228 257 280 288
120 136 159 179 197 200 237 241 260 287
120 137 144 161 180 220 228 249 264 293
102 120 141 180 198 203 237 252 268 297
105 120 158 170 197 201 227 242 270 290
101 120 143 160 191 201 229 259 279 299
105 139 153 169 195 213 236 251 276 288
102 136 150 178 192 203 225 257 263 291
109 133 144 167 194 214 227 255 277 291
116 122 154 162 190 202 234 258 260 299
120 133 143 166 197 219 227 252 266 300
113 126 157 165 194 202 233 246 270 298
105 129 145 180 198 216 222 260 266 293
113 135 143 165 195 206 228 248 264 295
109 126 146 165 197 217 220 242 274 280
103 139 148 177 191 202 238 254 264 284
104 124 150 176 199 208 223 260 260 288
110 139 157 178 189 217 237 253 263 284
115 139 146 163 192 218 233 258 271 289
106 131 152 179 191 205 228 252 270 295
108 130 148 178 186 201 230 242 277 299
101 129 154 167 181 220 223 257 280 299
120 137 158 161 198 205 224 248 272 297
107 126 142 179 191 218 231 246 277 299
118 129 142 175 198 214 238 258 263 281
101 137 152 178 195 219 231 241 269 300
103 127 156 170 194 204 227 245 276 290
109 126 142 170 186 218 225 243 272 281
104 125 159 162 198 216 232 250 274 300
110 133 146 169 180 206 227 250 276 293
116 124 141 178 196 202 221 249 268 298
112 125 146 167 195 213 235 259 265 295
110 122 155 165 180 202 227 252 267 281
4509 5159 6093 6987 7312 8855 9261 9830 10602 11658
3566 4327 5504 5920 6889 6993 8031 8343 9035 10142
2593 2809 3414 3652 4019 4668 4776 5402 6029 6094
1638 1799 2149 2544 2646 3100 3231 3640 3889 4211
2098 2745 2863 3412 3569 4039 4569 5039 5333 5823
5407 5780 7179 7784 8484 9369 11094 11746 12725 13564
3286 3700 4169 4721 5356 5743 6598 6626 7371 7951
1338 1540 1969 2070 2410 2536 2864 3155 3495 3596
5200 5930 6569 7709 8758 9260 10856 10993 12590 12955
4101 4966 5643 6057 7034 7636 8464 9254 10307 11172
5213 6479 7288 8705 9869 10730 11337 12703 13918 15082
3397 4039 4498 5294 5906 6732 7161 7834 8537 8996
3597 4370 5042 5815 6353 6891 7429 8504 9076 9950
1826 2060 2357 2685 2903 3247 3481 3996 4261 4604
4143 5402 5930 6702 7961 8652 9098 9870 10561 12145
3762 5228 5868 6620 7146 7560 8651 9253 10306 10795
5160 6549 7591 8285 9724 10022 11857 12254 13594 14238
4928 5931 6716 7021 8068 8809 10379 11251 12210 12515
2920 3202 3663 4252 5098 5456 5712 6276 7147 7198
4100 4722 5564 6406 6882 7980 8273 9298 9810 10945
2236 2472 2884 3217 3707 4296 4316 4806 5257 5806
4320 4650 5126 6444 6737 8054 8677 8860 10105 10397
5111 6004 7245 8188 9279 10520 11016 12752 13794 13943
2001 2374 3080 3159 3649 4218 4395 4983 5199 5709
1359 1428 1637 2090 2229 2450 2694 2868 3158 3378
3073 3381 3611 4354 4994 5455 6018 6249 6786 7555
2002 2433 2845 3179 3532 4258 4356 5023 5376 5631
5454 5827 6852 8157 9043 9648 10907 11979 12538 13051
3771 4759 5857 6297 7175 7395 8530 9079 9921 10946
3065 3341 4307 4970 5274 6074 6240 6875 7344 7896
4355 4977 5673 6514 7173 7832 8747 9442 9698 10613
1105 1466 1604 1710 1976 2199 2401 2570 2836 3048
3048 3304 3585 4200 5071 5583 6095 6325 6684 7606
2732 3125 3691 4110 4897 5414 5487 6275 6792 7087
3945 4534 4949 6126 6714 7060 8064 8790 9344 10244
4624 5888 6324 7546 7895 8941 10162 10599 11994 12736
1975 2347 2664 2981 3521 3837 4135 4564 4936 5346
4752 5280 5929 6742 7757 8447 9503 9828 11127 12061
3960 5386 6218 7089 7485 8554 9227 10296 10653 11682
3566 4293 5054 5851 6474 7443 8135 8724 9001 10039
4017 4750 5484 6836 6990 8033 9268 9423 10465 11238
2646 2849 3618 3799 4273 4974 4974 5856 5992 6421
4774 5201 6181 7332 8057 8568 9420 10443 11339 11978
2610 3177 3644 3964 4432 5343 5491 6254 6427 7042
2509 3052 3300 3730 4498 4657 5425 5832 6307 6487
3953 4558 5662 6125 6481 7727 8083 9222 9685 10290
4131 4633 5985 6950 7606 8378 8842 9536 10038 11467
4774 5934 6247 7273 8165 9727 10173 11556 11600 13028
1827 2309 2326 2791 3322 3555 3671 4269 4617 4667
1266 1417 1672 1940 2195 2555 2764 2903 3147 3333
2818 3331 3997 4586 4739 5457 5738 6148 6763 7173
4325 5020 5560 6217 7413 8301 8919 9614 10541 11429
4063 4978 5491 6076 7138 7870 8382 9407 10102 10871
1334 1532 1810 2065 2320 2483 2703 2831 3237 3318
2103 2866 2948 3340 3897 4412 4577 5319 5484 5979
4554 5307 6218 6772 7683 8316 8712 10296 10811 11880
4397 4952 5665 6814 7170 8675 9309 9705 10894 11409
3148 3562 3894 4612 5136 5799 6517 6959 7511 7980
4176 4589 5718 6056 7411 7787 8464 9329 10533 10608
4940 5733 7364 8016 8948 9787 10719 11978 13050 13655
2862 3778 4408 4579 5466 6067 6583 7241 7498 8071
4832 4873 6375 6903 8040 8243 9502 10233 11085 11898
3140 3673 4177 4947 5599 6280 6576 7524 7998 8412
1778 2201 2553 3028 3486 3821 4049 4507 4894 5246
4986 5241 6008 7585 7841 8735 10099 10738 11675 12400
1780 1952 2264 2685 2966 3278 3747 3747 4309 4543
2992 3821 4177 4858 5776 6487 6516 7523 7967 8441
4864 6158 6515 7140 8166 9728 9951 10709 11735 12940
1232 1349 1487 1774 1923 2220 2358 2645 2772 3123
5618 5999 7475 8237 8713 9713 11284 11474 13284 13474
4495 5369 6201 7408 8074 8324 9614 10155 10946 11653
5396 6659 7777 8409 8750 10013 11471 12201 12687 14534
1488 1602 2005 2119 2359 2674 2876 3128 3317 3657
1387 1652 1816 2269 2496 2723 2774 3063 3505 3757
4702 5659 5992 7198 7531 8571 9528 10735 11442 12482
2457 2835 3590 3803 4299 4748 5456 6047 6330 7086
1500 1714 1853 2105 2458 2621 2962 3214 3440 3730
1745 2210 2659 2709 2991 3556 3755 4187 4320 4868
3227 3908 4441 5151 5684 6454 6809 7282 8230 8851
3620 4337 5153 5218 6066 7044 7598 8348 8772 9261
1739 1842 2148 2528 2689 3011 3215 3595 4004 4355
3497 4338 5111 5514 6254 6960 7767 8238 8843 9582
2855 3396 3494 4306 4774 5217 5758 6275 6594 7013
2095 2394 2711 3081 3186 3803 3908 4542 4876 5087
3808 4869 5821 6260 7029 7908 8383 9006 9591 10946
3837 5003 5266 6658 7485 8125 8426 9479 10081 10607
2991 3672 4620 5271 5626 6426 7047 7196 7758 8706
2432 2576 3297 3462 4101 4369 4595 5193 5667 5893
2373 3051 3616 3774 4316 4881 5378 5853 6237 6779
4393 4759 5601 5931 7066 8054 8676 9006 9738 10324
4198 5545 6178 7010 7683 8554 8871 10257 10970 11247
3704 4847 4916 5850 6508 7408 7824 8308 9174 10108
3414 4078 4805 5153 6070 6702 7302 7966 8757 8946
4557 5020 5483 6835 7182 7954 8881 9383 10271 11545
4710 6018 6410 7544 8416 8939 9768 11338 11817 12995
2962 3644 4177 5154 5776 6073 6606 7346 7968 8590
2330 2619 3216 3299 3732 4515 4598 5299 5422 5855
4288 4927 5341 6319 7034 7974 8350 9328 10494 11208
2396 3074 3594 3820 4430 4747 5379 5718 6125 6668
2081 2864 3153 3462 3853 4265 4821 5295 5749 6181
2953 3199 3494 4134 4897 5389 5586 5979 6742 7283
5237 6142 7570 8189 9331 9855 11235 11711 12521 14187
4362 5039 5378 6506 7258 8160 8461 9589 10304 11056
1873 2169 2372 2544 2918 3371 3651 3870 4291 4541
2025 2201 2518 3082 3293 3874 3927 4385 4930 5159
3307 3736 4440 5328 5726 6338 7134 7869 8022 8696
3673 3673 4469 5448 5999 6611 7131 7682 8202 8906
4993 5368 6117 6782 7615 9071 9778 10444 11442 11983
2103 2577 3092 3669 3916 4164 4802 5194 5647 6121
4602 5753 6733 7585 8394 8778 9758 10695 11121 11931
3396 4505 5009 5379 6555 7261 7396 8572 8908 9816
3841 4810 4948 6124 6678 7301 8304 8961 9480 10138
5315 6581 7391 8099 10124 10175 11845 12199 13718 14578
3699 4834 5529 5932 6921 7324 8752 9411 9630 10582
2040 2609 3080 3198 3766 4061 4473 4904 5218 5610
2844 3590 4114 4418 5495 5881 6461 6958 7510 7980
2952 3370 3911 4329 4673 5387 5583 6395 6542 7379
2386 3307 3307 4110 4535 4748 5456 5716 6354 6684
3397 3917 4866 5417 5937 6304 7192 7896 8416 8783
2330 2495 2990 3691 3856 4186 4557 5217 5382 6041
2479 2857 3778 3778 4392 5147 5525 6091 6351 7012
3120 3865 3865 4638 5466 6073 6460 6874 7343 8088
1506 1755 2105 2632 2632 3041 3319 3728 3932 4254
3457 3979 4859 5642 6261 6783 7240 8414 9131 9555
1485 1635 2112 2398 2588 2765 3092 3269 3569 3896
2792 3099 3868 4534 4662 5302 5942 6455 6787 7684
4199 5268 6258 6694 7248 8516 9308 9664 10734 11843
1723 1957 2132 2555 2804 3081 3461 3782 4030 4176
1412 1639 1879 2017 2509 2749 2875 3253 3278 3770
4911 5119 6534 6701 8324 8449 9531 9989 10946 11820
3405 3634 4291 5150 5236 6037 6351 7095 7896 8439
4578 5660 6201 7116 7657 8780 9363 10819 11277 11652
4708 5734 6759 7924 9090 9696 10814 11980 12399 13984
2982 3672 4251 4555 5162 6018 6598 6846 7647 8088
3204 3805 4577 5121 5378 6065 6580 6866 7781 8353
1874 2155 2248 2779 2810 3123 3669 3825 4231 4481
3123 3735 4439 5388 5939 6551 7102 7561 8510 9030
3918 4906 5492 6334 7029 7469 8311 9482 9629 10837
1608 1754 2192 2630 2777 3040 3259 3609 4092 4223
2928 3398 4226 4889 5220 5717 6159 6656 7513 7816
4684 6111 7047 7493 8653 9679 10482 11552 11820 13069
5047 6094 6760 8141 9045 10378 11235 11902 13139 14282
5360 6059 7224 8016 9321 10206 10858 11884 12396 13421
4832 5076 5969 7146 7958 8649 9420 10476 11166 11694
4450 5584 6151 6980 8201 8899 10470 10513 11735 12564
1761 2243 2625 2774 2990 3654 3754 4286 4518 4684
5333 5952 7047 8571 8571 9666 10571 11571 13285 14142
1266 1522 1684 2021 2183 2497 2555 2927 3147 3379
4397 5308 5822 6733 7446 8674 9427 10021 10654 11367
4645 5582 6307 7074 7798 9375 10099 10610 11079 12741
3032 3724 4016 4654 4920 5585 6383 6915 7420 7979
4203 4994 6242 7157 8281 8822 9945 10445 11402 11735
2378 2637 3156 3459 4172 4712 4907 5339 5793 6463
4802 6480 6900 8065 8997 9790 10675 11328 12120 13332
3037 3838 3921 4418 5274 5936 6599 6654 7731 7897
1753 1826 2192 2513 2645 3214 3448 3652 3915 4164
1178 1338 1645 1826 1932 2165 2388 2738 2844 3120
3490 4133 4378 4960 5602 6613 6949 7715 8449 8755
2954 3513 3885 4604 5109 5775 6147 6919 6945 7478
2511 3348 3594 4284 4604 5391 5564 5958 6401 7090
2103 2234 2848 3108 3592 4001 4299 4653 5137 5304
2806 3298 3839 4036 4700 5242 5586 6078 6767 7161
4428 4874 6255 7027 7474 8408 8976 10154 11292 11657
4910 6757 7632 8069 8847 10645 10986 12152 13610 14145
3703 4776 5260 6229 6263 7371 8063 8824 9585 10035
4209 5096 6100 6641 7413 8108 9073 9691 10385 11042
5591 6271 7292 8459 8896 9917 10695 11813 13563 14438
4024 4985 5697 6231 6694 7655 8011 8759 9364 10468
4132 5136 5406 6912 6989 8186 9229 9383 10078 11584
3434 3920 4349 4807 5208 6181 6524 7039 7439 8212
1231 1400 1570 1782 2047 2153 2535 2704 2874 3139
1348 1487 1696 2033 2207 2381 2625 2869 3090 3322
3531 4154 5020 6023 6266 7443 8204 8792 9658 9692
5735 6318 7144 8602 9234 10692 11275 12539 13268 14337
3603 3919 4993 5436 6005 6700 7395 7901 8785 9481
4304 5370 6350 7458 8438 8608 9886 10909 11548 12102
4385 5482 6375 7106 7755 8446 9461 10273 11288 11775
1262 1540 1969 2234 2284 2587 2864 3218 3457 3583
3665 4471 5144 5413 6051 7228 7799 8135 9345 9446
4731 5584 6052 6905 8098 8652 9675 10612 11209 12573
2118 2667 2962 3217 3609 3922 4707 4981 5295 5746
2079 2131 2818 2871 3452 3628 4069 4333 4756 5020
2781 3371 3593 4429 4700 5217 5881 5955 6471 7283
4166 4843 5234 6089 6943 7834 8403 8759 9614 9970
2601 2986 3212 3755 4139 4592 5067 5790 5971 6627
3987 4514 5755 6319 7146 8011 9027 9177 10418 10907
5062 6884 7592 8857 9212 10325 11641 12653 13919 14880
2205 2594 3459 3524 4215 4626 5058 5512 5663 6117
2370 2473 3009 3318 4101 4493 4843 5132 5523 6100
3231 3369 3894 4474 5330 5937 6600 6986 7373 7815
4284 4687 5602 6261 6993 7652 8531 9117 9629 10252
3915 4143 4665 5350 5872 6785 7405 7829 8775 9720
4401 5153 5417 6169 6921 7673 8952 9328 10344 10682
5016 5626 6978 7283 8155 8810 10031 10990 11644 12822
5058 5887 6846 7631 7892 9157 10072 10770 12209 13037
2350 2494 3154 3690 4081 4390 4617 5071 5503 5874
4640 5443 6960 7986 8566 9592 9815 11242 12357 12714
4953 5399 6380 7585 8254 9771 10039 11422 11734 12939
1252 1411 1517 1761 2005 2313 2345 2684 2907 3109
3811 4274 5521 6340 6874 7195 7836 8797 9901 10151
2622 3118 3401 3897 4369 5007 5550 5763 6259 6778
1243 1463 1835 2021 2114 2497 2601 3019 3019 3414
3661 4503 5748 6004 7322 7615 8164 9153 10141 10947
2638 3483 3969 4430 5044 5326 5864 6581 6913 7502
1104 1443 1602 1899 2027 2143 2356 2727 2812 3172
4411 5201 6241 7406 8114 8946 9487 10527 11484 12024
3415 4206 4459 5629 5755 6451 7083 7873 8601 8948
2206 2619 3093 3381 3711 4412 4742 4969 5670 6103
5200 5884 6431 7526 8393 9350 10719 11585 12498 13683
2962 3969 4709 4857 5893 6219 6574 7374 8144 8322
2844 3151 3894 4227 4714 5584 5789 6507 6891 7249
1812 1984 2234 2546 2874 3249 3561 3999 4093 4467
4034 4236 4941 5513 6588 6790 7933 8269 9277 9512
3062 3827 4654 5389 5572 6460 6736 7746 8266 9062
4100 5040 5754 6582 6995 8086 8387 9590 10154 10944
1301 1498 1637 2078 2102 2473 2728 2961 3146 3367
4386 5686 5727 7310 7310 8366 9341 10559 10559 11980
2275 2550 2746 3335 3531 4256 4590 4786 5413 5629
5541 6222 7583 8312 9041 10061 11374 12540 13221 14387
2976 3891 4006 5036 5350 6237 6409 7210 7982 8297
3337 4010 4622 5173 5846 6734 7254 7713 8264 8662
4402 5174 5444 6255 7221 8263 9151 9576 10425 11352
4711 5279 6213 7147 7553 8366 9584 9990 11208 11573
2001 2550 3060 3217 3609 4041 4414 4963 5414 5708
1347 1521 1788 1974 2090 2404 2694 2972 3158 3309
4517 5251 5984 6795 7297 8069 8764 9343 10385 11389
4555 5505 6099 6654 7366 8079 9307 10297 11010 11445
2480 2905 3614 3992 4417 4795 5267 5952 6613 6637
2831 3200 3668 3939 4579 5268 5736 5933 6745 6991
1954 2438 2661 3238 3554 4056 4391 4615 5024 5564
3865 4672 4907 5647 6117 7394 8066 8301 9074 9478
5606 6102 7193 8582 9921 10863 11806 12302 13641 14435
4346 5645 5848 6498 7838 8813 9178 10275 10803 11940
5027 5411 6604 7541 7839 9117 9501 10992 11716 12696
3376 3553 4560 4767 5655 6455 6929 7609 8113 8498
3634 4638 5088 6195 6507 7199 8306 8445 9587 9967
1277 1590 1834 2008 2135 2425 2704 2971 3087 3458
4279 5031 5863 6537 7844 8121 8992 10260 10735 11290
2466 2805 3552 4004 4095 4615 5000 5520 6063 6357
3664 4201 5142 5545 6554 7327 7629 8335 9343 9914
2714 3512 4177 4762 4842 5853 6385 6837 7422 7502
2379 2703 3049 3827 4044 4606 4844 5233 5643 6184
1511 1660 2041 2409 2681 2899 3035 3511 3769 3878
4210 5052 5271 6260 7321 7578 8053 9042 10176 10982
1977 2043 2392 2807 2990 3372 3953 4302 4617 4916
2715 3328 3727 4685 5005 5830 5989 6442 6974 7906
2351 2826 3256 3866 4476 4883 5177 5832 6194 6782
5541 6708 7388 8506 9284 10207 11374 12297 13123 13804
5236 6236 7140 8426 9473 9568 11377 11948 13328 14233
4952 6094 6808 7808 9284 10284 11188 11807 13140 14140
1163 1558 1744 1871 2150 2325 2755 2859 3138 3289
3739 4189 5297 5539 6473 7235 8066 8862 9554 9762
1349 1627 1929 2207 2408 2522 2925 3190 3505 3719
1710 1812 2178 2397 2894 3113 3434 3566 3829 4180
3844 5089 5638 5931 6700 7652 8750 9043 10251 10471
2487 3004 3767 4309 4826 5195 5441 5983 6647 6918
1861 2010 2592 2758 3223 3505 3671 4169 4535 4950
2097 2255 2572 3065 3382 3717 3964 4351 4651 4968
4941 6060 6899 7924 8810 9509 10814 11886 12865 13657
3950 4966 5605 6658 7147 7599 8689 9254 10081 10758
2288 2885 3071 3338 4121 4389 4719 5193 5728 5873
1814 2219 2466 3082 3276 3874 4227 4332 4790 5230
4594 5211 5868 6524 7489 7836 9033 9766 10654 11580
4286 5784 5909 7116 8197 9030 9404 10444 10860 12317
1827 2226 2425 2674 3306 3638 3970 3987 4352 4900
1725 1783 2075 2601 2835 2923 3478 3683 3843 4209
5618 6630 7643 8452 9211 10679 11641 12906 13361 15183
1832 2149 2765 2994 3470 3787 4033 4438 4597 5108
4630 4914 6376 7188 7634 8284 9218 10193 11330 12020
4699 5611 7071 7846 8439 9123 10218 11586 12681 13456
5337 6158 6477 7298 8849 9579 10446 11221 12772 12863
1415 1687 2150 2368 2680 2912 3197 3374 3619 4082
4561 5519 7297 8164 9121 9395 10946 11721 11903 13363
5086 5711 6826 7629 8209 9012 10128 10752 12447 13027
1104 1306 1593 1816 2049 2272 2431 2654 2856 2994
4054 5212 5714 6679 7374 7876 8880 9845 10771 11389
2662 3248 4233 4419 4845 5404 6388 6894 7001 7586
3740 4630 5556 5806 6981 7301 8049 8690 9652 10400
5239 6429 6905 7667 8858 9762 10762 12096 12524 13572
2186 2516 3031 3402 3959 4433 4680 5237 5587 5794
2268 2803 3174 3298 4040 4370 4700 5091 5400 6080
2881 3151 3447 4382 4432 5047 5564 6081 6721 6992
4357 4576 5748 6297 6773 8017 8420 8859 9738 10836
3541 3920 4489 5469 6228 6481 7366 8188 8441 8852
2214 2549 2791 3145 3628 3796 4466 4670 4875 5414
5111 6352 7046 8684 9180 9924 11066 12455 13001 14886
4198 4872 5743 7089 7881 8555 9188 10099 10891 11683
3809 4224 4882 6163 6509 6925 7894 8344 9487 9798
2692 2928 3306 3873 4463 4983 5668 5762 6588 6754
1197 1534 1719 1894 2300 2521 2590 2939 3067 3334
2313 2724 3221 3739 4215 4690 4906 5187 5987 6095
4437 5388 5823 7091 7130 8438 8873 9943 10775 11250
5973 6884 7846 8301 9111 11085 11287 12806 13211 14172
5500 5872 7177 7550 9181 10206 10766 11651 12536 13981
2313 2659 3113 3632 4259 4388 5145 5210 5750 6463
2899 3837 3975 4969 5355 5797 6514 6873 7563 8253
2397 2940 3302 3731 4500 4862 5133 5473 5993 6761
2442 3121 3392 3799 4251 4794 5359 5495 6196 6354
5253 5837 7004 7782 8998 9776 10700 11721 12840 13667
3346 3850 4531 4945 5597 6100 6574 7640 7936 8647
5492 6804 7096 8456 8991 10254 11615 12636 13510 14579
2689 3534 4047 4123 4994 5199 5711 6659 6812 7632
4131 4666 5271 5912 6624 7123 8405 9081 9473 10363
3336 4285 4836 5295 5999 6183 7162 7835 8172 8631
3313 3838 3976 4556 5163 5936 6433 6764 7454 8117
5211 6253 7742 8188 9578 10074 11265 12108 12952 13944
3033 3606 4435 4722 5408 5780 6868 7383 7640 8098
1620 1634 2042 2178 2696 2723 3118 3363 3757 4002
3048 3586 3740 4175 4816 5174 5942 6275 7146 7172
2162 2897 3199 3567 4021 4539 4907 5469 5879 6376
2733 3422 3496 4259 4456 4973 5835 5983 6401 7041
3771 4979 5675 6187 6846 7945 8164 9519 9629 10654
2335 2918 3221 3696 4129 4410 5036 5209 5620 6463
5162 6276 7996 8856 9616 11134 11741 13107 13209 14879
3393 4143 4600 5578 5937 6850 7698 7861 8905 9460
4555 4941 6060 6755 7218 8453 9070 9997 10499 11502
5314 6525 7178 7737 8623 9602 10953 11885 12678 13190
2715 3247 4072 4471 5004 5696 6042 6920 6920 7931
4495 5577 6409 7408 7491 8698 9780 10154 10903 11819
5756 6202 7145 8385 9576 10370 10965 12900 13247 14091
5315 6176 7390 8858 9719 10326 11845 12806 13464 14426
2805 3420 3912 4231 4846 5412 5461 6101 6839 7183
3934 4102 5346 5716 6086 6792 7464 8607 8809 9414
4661 5036 5993 6700 7991 8531 9863 10487 10987 12360
3022 3380 3944 4609 4763 5377 6017 6581 6760 7272
1844 2076 2641 2757 3238 3371 3886 4301 4533 4882
4096 4274 5592 5770 6554 7337 7872 9154 9937 9973
1607 1987 2162 2498 2877 3155 3330 3578 3958 4382
1624 2107 2498 2607 2997 3418 3731 3855 4058 4480
4927 6021 7025 7846 8256 9123 10492 11860 12134 13091
4862 5980 7632 8605 8848 10598 10792 12591 13611 13611
1973 2550 2885 3089 3387 4038 4317 4689 5024 5471
4987 6431 7130 8249 9227 9973 11091 11324 13002 13375
3848 4076 4794 5804 6391 7174 7500 8152 8608 9293
3120 3534 4196 4969 5383 5825 6543 6901 7288 8006
4324 5152 5941 6656 6806 8047 8836 9663 10303 10867
3738 4776 4984 6126 6714 7337 8306 8721 9067 9932
3006 3549 4465 4866 5181 6154 6325 7127 7470 8243
2159 2271 2624 3145 3704 3946 4318 4783 5043 5304
3563 4560 4988 6270 6413 7553 7838 8657 9441 10296
1974 2384 2756 3184 3389 3948 4208 4823 4841 5251
1350 1627 1854 2106 2346 2699 2989 3203 3354 3745
5210 6401 7095 8931 9229 10022 11560 12453 13743 14041
4161 5077 6575 6866 8073 8946 9279 10652 11568 12192
3731 4269 5210 5479 6622 6958 7663 8302 9277 9781
4248 4866 5406 6179 7337 8418 8843 10001 10580 10967
4803 6015 6528 7600 9092 9558 11190 11190 12355 13148
3377 3520 4150 4779 5151 6238 6467 7154 7469 8528
4517 5290 5405 6216 7413 8455 8764 9536 10617 11505
2412 2556 2989 3587 3917 4411 4885 5092 5359 5916
2927 3220 4018 4603 5056 5588 6093 6759 7291 7982
4962 6847 7442 7988 9625 10171 11114 12900 12999 14686
4798 5234 6716 7240 8461 9551 9813 10772 12124 12473
3555 4239 4957 5283 6424 7174 7794 8087 8641 9359
3783 4109 5054 5348 6391 6685 7761 8087 8902 9587
3773 4327 4880 5711 6784 7476 8307 8376 9587 10037
4699 6022 6569 7299 8394 9443 10173 11724 12773 13366
5408 6153 7343 8385 9477 10171 11163 12900 13446 14289
3881 4142 5185 5251 6164 6816 7305 8055 8805 9751
5011 6698 6995 8583 9178 10270 11361 12849 13593 14883
3881 4467 5126 6444 7176 7726 8092 9446 9996 10618
2762 3783 4115 4557 5523 5551 6103 7125 7180 8284
1695 2060 2625 2742 3090 3389 3655 4270 4635 4934
5737 5883 6904 7974 8995 10113 10696 12252 13565 13857
5499 6524 7084 8249 9227 9507 10718 11837 12303 13934
2026 2114 2625 2995 3505 3664 4192 4228 4756 4950
2079 2570 2785 3413 3884 4139 4453 4923 5139 5688
1762 2238 2555 2854 3330 3612 4193 4457 4757 5197
5467 6378 8049 8656 9314 10225 11238 12250 14072 14275
5095 5904 6666 8428 9094 10427 10951 12094 12713 13570
5853 6300 7788 8532 9772 10317 11756 12797 13740 14087
3811 4630 5342 5912 6874 7337 8263 8619 9509 10613
5309 6067 7093 7361 8075 9145 10260 10974 11956 13205
2462 3324 3595 3989 4629 5368 5442 6180 6525 6943
5706 6400 7690 8633 9774 10170 11113 12056 13395 14338
3875 4966 5568 6735 6885 7600 8427 9217 9970 10760
2899 3314 4142 4556 5495 5633 6295 7041 7648 8256
5474 5793 6386 7983 8667 9442 10856 11495 11860 12818
1935 2288 2846 3274 3646 4073 4464 4687 5208 5580
2267 2865 3133 3648 3751 4266 4802 5255 5441 6018
3653 4435 5153 5446 6327 6522 7338 8120 8707 9523
1662 2077 2625 2725 3323 3538 3837 4286 4419 4718
4711 5452 6804 7458 8287 8767 9813 10773 11863 12997
2504 2953 3567 3874 4370 4937 5480 5740 6189 6921
1254 1475 1672 2090 2288 2508 2601 2903 3124 3321
3992 4468 5127 6079 7214 7580 8386 9264 9521 10875
4401 4852 5341 6319 7372 7636 8501 9253 10381 11021
2945 3559 3662 4379 4737 5429 5941 6581 7067 7426
4952 5398 6781 7718 8566 9324 10261 11376 11822 12938
4929 5452 6368 7502 8418 8767 10337 10468 11776 12736
5028 5369 6732 6903 8266 8948 9928 10311 11632 12654
1860 2126 2342 2773 3205 3521 3952 4268 4617 4849
3597 4337 4942 5412 6656 7093 7732 8101 8942 10084
4402 5405 5791 6525 7529 7876 9227 9305 10694 10926
4901 5455 6265 7032 8055 8737 9547 11081 11124 12061
1902 2431 2730 2836 3293 3698 4068 4438 4720 5160
2397 2872 3505 3685 4364 4884 5313 5494 6263 6692
4797 5539 6542 7632 7937 9289 9900 10859 12124 12734
1199 1347 1644 1708 2090 2217 2525 2705 2790 3129
1779 1935 2388 2653 2840 3308 3683 4042 4245 4682
4516 5546 5823 6536 7725 8398 8834 10260 10299 11210
3643 3918 4867 5295 5785 6152 7009 7468 8540 8907
3901 5099 5562 6334 7184 7841 8652 9308 10621 11317
5056 6806 7438 8313 8993 9820 11424 12104 13077 14146
1162 1394 1836 1894 2301 2324 2672 3009 3090 3311
4454 5286 6451 6951 7908 8823 9281 10363 10904 11778
3066 3369 4060 4557 5054 5661 6545 6904 7456 8257
2409 3188 3306 4109 4699 4746 5218 6115 6493 6942
2457 3095 3496 3827 4300 4796 5363 6048 6284 6709
3319 3834 4349 4807 5207 5837 6294 7324 7982 8354
1624 2155 2358 2717 3076 3123 3716 3856 4184 4372
2216 2471 3020 3431 3921 4098 4627 4745 5176 5843
1262 1729 1893 2120 2272 2600 2928 3193 3382 3534
2420 2917 3528 3957 4183 4613 5065 5834 5879 6784
3882 4273 5377 6374 6980 7620 7941 9045 9543 10505
2691 3098 3278 3776 4183 4657 5245 5878 6036 6647
2578 3098 3166 3912 4228 4771 5133 5811 6127 6534
4645 5710 6222 7372 8139 8864 9929 10397 11079 12784
5087 5756 6292 7140 8523 9103 10084 11245 11735 12940
4427 5362 6296 6661 7595 8123 9220 10438 10926 11616
5617 6521 7616 8330 9473 10424 10472 11995 13138 13518
4710 5583 6847 7240 7981 8766 9900 11252 11993 13040
1695 1987 2162 2542 2673 3009 3360 3725 4061 4192
4911 5077 6492 6658 7782 9072 9322 10154 11236 12276
4707 6338 7224 7736 9321 10113 10672 12117 12490 13888
2270 2745 3156 3524 3913 4712 4950 5490 5836 6377
3035 3487 4020 4366 5031 5537 6176 6468 6947 7586
3169 4116 4708 5004 5596 6129 6514 7343 8261 8616
3555 4565 4631 5478 6163 6881 7435 8315 8772 9750
4634 4673 5677 6256 7569 7801 8766 9654 10697 11005
5770 6884 7390 8756 9718 10224 11489 12198 13817 14728
1991 2326 2735 3349 3647 4001 4447 4503 5191 5340
1312 1754 1880 2145 2385 2675 2902 3053 3381 3545
4328 5119 5868 6950 7949 8740 9697 10155 11361 12402
3359 4077 5185 5577 6294 6522 7664 8251 9001 9294
4862 5576 6691 7717 8520 9100 10661 11419 12490 12847
4287 5244 6368 7075 7907 8448 9739 10280 11445 11694
5475 5475 6387 7755 8987 9215 10356 11313 11906 13366
5337 5519 6614 7618 8758 9807 10856 11540 12224 12772
5062 6681 7794 9110 9212 10274 12147 12957 13615 14323
4674 4793 6100 6615 7842 8318 9466 10060 10377 11565
4953 5036 5827 7450 7700 8366 9739 10114 10946 12028
4996 5710 6914 7271 8029 9591 10572 11553 11910 13382
3288 3794 4743 5501 6323 6513 6987 8062 8505 9105
6074 6429 7238 8149 9465 10579 11186 13110 14021 14223
2684 3053 3866 4063 4432 5047 5441 6155 6722 7042
4212 4964 5866 6129 7182 8272 8949 9513 10190 11280
5407 6012 7178 8296 8482 9694 10486 11605 13003 13982
1375 1526 2005 2219 2446 2711 2825 3051 3467 3707
1278 1545 1650 2044 2149 2532 2579 2869 3229 3252
5214 6985 7289 8453 9364 10326 11540 12452 14172 14780
2474 2824 3092 3360 3937 4205 4720 5215 5441 5977
1608 2061 2280 2779 2857 3279 3716 4012 4184 4434
3123 4194 4286 5235 6092 6337 7317 7684 8051 8694
4437 5189 5828 6768 7256 8046 8346 9512 10527 11241
4161 5451 6241 7281 8238 9154 9736 10402 11483 11816
2947 3805 4091 5064 5378 6179 6780 7409 7695 8268
2227 2701 2948 3402 3979 4536 4556 5072 5464 6000
1300 1615 1855 2120 2322 2637 2801 3243 3495 3571
4699 6204 7162 7572 8576 9260 10127 11085 12453 13593
3565 4327 5261 5988 6611 6923 8203 8515 9311 10384
1679 2111 2477 2893 3075 3607 3657 4039 4388 4721
2715 3700 3807 4392 5137 5404 6149 6655 7001 7719
3177 3721 4293 4865 5295 5981 6468 7069 7641 8128
1506 1930 2134 2470 2689 2982 3420 3654 3990 4282
1325 1406 1685 1976 2104 2383 2615 2836 3208 3347
1779 2114 2695 2924 3505 3611 4122 4457 4615 5249
4810 6239 6715 8430 8620 9858 10858 12239 12382 13335
4062 5646 6255 7189 7676 8610 9179 10032 10803 11453
4081 5309 5784 6498 7211 8439 8954 10221 10340 11608
5547 5920 6713 8251 9276 9323 10954 11327 12539 13052
2145 2681 2949 3382 3856 4474 4763 5072 5608 5856
1656 1953 2375 2718 2999 3296 3452 3765 4093 4483
3406 4057 4354 4887 5686 5923 6515 7641 7966 8499
1230 1442 1569 1887 2109 2236 2544 2639 2872 3137
3662 5017 5602 5932 7104 7763 8092 8971 9740 10838
4699 6022 6478 7482 8850 9534 10173 11040 12773 13184
3091 3749 4436 4579 5637 5866 6725 7011 7583 8213
4885 5278 6978 7676 8156 9246 10075 11078 11383 12212
1858 2030 2389 2685 2982 3154 3653 3996 4090 4433
3698 4303 5379 5580 6084 7059 8000 8572 8841 9412
4630 5280 6133 6701 7716 8407 9503 10437 11006 11452
1911 2310 2360 2725 3074 3539 3739 4171 4353 4852
4387 5321 6012 6783 7596 8408 8936 10439 11048 11454
2528 3003 3414 3694 4040 4494 5099 5574 5747 6179
4238 4912 6060 7050 7763 8437 9347 10258 10338 11367
1220 1534 1755 1987 2150 2347 2765 2835 3102 3277
1656 2015 2233 2671 2936 3170 3529 3904 4248 4623
5199 6384 6704 8117 8619 9896 10625 11765 12404 13042
5012 6748 6996 8137 9824 10122 11362 12702 13099 14438
2972 3203 3715 4125 4740 5354 5969 6149 6994 7429
5309 5532 6558 7896 8253 9814 10662 11375 11598 12669
4138 4907 5237 6079 7214 7543 8642 8788 9521 10509
4909 5574 6531 7321 8236 8569 9942 10691 11190 12271
2927 3646 3726 4524 5003 5642 6200 6892 6999 7744
1362 1526 1942 2257 2497 2597 2925 3253 3392 3619
1833 2414 2485 2925 3225 3542 4176 4388 4670 5057
2667 2826 3549 4046 4430 4679 5334 5741 6193 6464
2831 3372 3914 3987 4701 5144 5513 6153 6498 7088
1252 1421 1655 1877 2111 2238 2344 2588 2779 3182
2762 3508 4088 4640 5248 5745 6491 6684 7430 7899
3314 3590 4004 4832 5164 5854 6130 7096 7400 7869
5408 5688 6574 8019 8438 10023 10816 11795 12214 13193
4120 5348 5625 6932 7249 8398 9190 10220 10537 11488
4998 5444 6426 7140 8479 8969 10040 10754 12316 13030
5821 6378 7087 8808 10124 10225 11541 12300 13464 14628
5953 6449 6945 8930 9426 9922 11906 12749 13444 14138
2842 3431 3815 4608 5120 5530 5888 6477 6708 7655
1594 1974 2134 2602 2646 2924 3435 3611 3815 4210
2594 2831 3437 3782 3998 4366 4863 5209 5857 6267
4608 5794 6660 8074 8576 9488 10127 11815 11952 13366
4816 5156 6264 6861 8523 9375 9886 10696 11250 12230
3262 3549 4436 4607 5265 5952 6467 7011 8012 8327
1902 2360 2677 2871 3505 3681 4015 4332 4808 5125
2645 2857 3494 4132 4368 5171 5525 5973 6398 6823
5834 6223 7097 8021 9722 10014 10743 12590 12882 14194
3793 4394 4584 5690 5974 6385 7049 8061 8440 9072
5428 5999 7475 7951 9427 10189 10856 11475 13046 13379
4985 5539 6391 7626 8393 8904 9501 10651 11588 12781
2412 2639 2948 3360 3834 4452 4617 5318 5545 6060
4389 5327 6690 7457 8480 9247 9928 10354 11121 12442
4476 5541 6095 6948 7800 8610 10102 10826 11082 12233
3986 5265 6017 6280 7371 8010 8348 9589 10003 11244
3047 3124 4020 4174 5121 5275 6068 6580 6760 7630
1863 2385 2850 2981 3353 3726 4266 4508 4843 5514
3376 4087 4146 4857 5538 6337 6515 7611 8025 8617
3494 3938 4500 5093 5418 6247 6543 7668 8172 8616
5397 5883 7196 8751 8994 9918 11085 11668 13516 13905
2078 2290 2660 2818 3241 3875 3892 4526 4649 5230
4166 4985 5661 6302 6765 7121 7833 9257 9898 10218
3874 5190 5529 6732 7522 7973 8349 9365 10343 10606
4507 5533 6292 7675 8612 9683 9817 11334 11914 12494
3668 3984 4458 5217 6165 6892 7019 7872 8283 9358
2236 2373 2981 3315 3805 4197 4315 5079 5276 5668
3668 4429 5502 5675 6817 7613 8166 8962 9447 9931
5011 6202 7442 8732 9823 10815 11559 12403 13296 14040
3669 4666 5236 5806 6982 7124 8371 8549 9653 10294
4474 5667 6476 7200 8521 9160 9714 10949 11290 12739
4200 5388 5864 6418 7448 8676 9191 9627 10380 11251
2370 2844 3195 3627 4060 4205 4534 5194 5462 5874
5239 6192 6906 7811 9335 9621 10478 11478 12573 13478
3580 4253 4376 5232 6120 6640 7160 7955 8292 9057
3121 3700 3921 4529 5136 6020 6158 6683 7732 8063
4370 5577 5869 6701 8116 8698 9156 10405 11487 11903
3367 4163 4806 5173 5632 6520 7315 7499 7989 9091
5047 6427 7237 7856 9189 9950 11140 12188 13330 13378
2333 2490 2941 3314 3863 3941 4608 5019 5313 5725
1666 2016 2279 2469 2630 3199 3272 3521 4061 4266
3034 3463 4179 5066 5181 5724 6411 7327 7441 8586
1374 1626 2016 2205 2445 2734 2986 3201 3528 3553
5236 6569 7426 8568 8568 10330 10806 12138 13328 13947
2409 2929 3354 4133 4723 4841 5644 5998 6164 6730
1794 2243 2525 2807 3156 3372 3953 3986 4534 4966
4809 6666 7381 7619 9142 9523 10761 11809 12999 13951
2763 2928 3707 3896 4510 5006 5525 5714 6257 6942
3176 3519 4034 5150 5579 6094 6752 7009 8011 8154
1300 1716 1766 2132 2347 2586 2939 3103 3406 3785
3636 3826 4490 5406 6260 6861 7145 7872 8252 9105
4138 5116 5417 6019 7297 8087 8313 9140 10156 11209
4743 5975 6841 8164 8255 10033 10945 11538 12678 13043
1415 1742 2068 2272 2626 2993 3170 3456 3714 4081
4064 4760 5455 6224 6700 7725 8164 9482 9921 10910
2560 2979 3766 3963 4825 5317 5662 6006 6425 7385
2817 3590 4004 4861 5358 5993 6076 6711 7456 8036
1093 1358 1517 1771 2121 2270 2461 2715 2938 3161
5103 5234 6542 7327 8679 9246 9856 10946 12124 12255
2594 2745 3415 3826 3955 4409 4798 5468 5771 6181
4171 4905 5600 6295 7415 7724 9269 9616 10041 11200
1484 1633 1987 2450 2558 2939 3184 3429 3783 3960
3022 3534 3790 4276 4661 5301 5890 6530 6991 7682
4167 4273 5449 6018 6481 7763 8155 8725 9900 10505
1679 2045 2493 2743 3225 3391 3839 4006 4404 4953
2900 3424 3976 4639 5247 6047 6102 7152 7511 8173
3154 4011 4409 5205 5511 6552 7195 7501 8573 8695
1104 1274 1666 1794 2123 2154 2505 2696 2865 3025
5381 6339 7160 8117 8209 9896 10626 11674 12039 13134
3596 4369 5209 5612 6687 7191 7762 8603 9174 9947
1778 2060 2658 2658 3206 3405 3754 4286 4651 4801
2029 2383 2625 3016 3462 4021 4430 4691 5007 5398
2082 2803 3154 3360 3916 4493 4864 4988 5709 5874
4819 5934 6246 7718 8566 9146 10351 11243 11778 13072
4972 5793 6750 7982 8210 9669 10171 11585 12725 13683
3305 4039 4895 5446 6119 6700 7282 7741 8536 8842
4905 6619 7571 7952 8857 9857 10523 11857 12857 13476
1231 1487 1754 2021 2206 2381 2613 2973 3077 3483
1682 1828 2150 2442 2881 3012 3217 3538 3802 4240
1500 1601 1966 2117 2495 2672 2848 3251 3491 3655
1488 1715 1891 2030 2282 2698 2887 3215 3404 3757
4279 4952 6299 6458 7567 8201 8914 9944 10934 11172
5161 6103 7046 8783 8981 10867 11015 11958 13794 14439
3669 4737 5129 5877 6838 7586 8156 8975 9687 10150
2550 2723 3457 3868 4170 4667 4905 5402 5682 6201
2040 2589 2745 3471 3922 4000 4373 5039 5451 5824
4988 5594 7226 7505 9230 9417 11095 11421 12959 13099
2714 2895 3325 3845 4275 4614 5089 5767 5948 6378
2205 2885 3235 3606 3998 4121 4801 5193 5419 6161
1393 1439 1833 1961 2239 2518 2680 3005 3202 3295
2144 2577 3216 3381 3814 4185 4927 5112 5772 6039
5348 5932 7099 8363 9043 9773 10988 12544 13370 13662
5112 6681 7794 9060 9464 10224 11792 12855 13311 15082
3376 3863 4034 4664 5236 6094 6581 6953 7954 8555
4397 5426 6179 6535 7288 8555 9308 10298 10377 11605
4431 5667 6732 7499 8010 8606 10097 10907 11801 12483
2692 2928 3566 3825 4628 4911 5454 5832 6611 6753
4988 6107 6666 7738 8717 9416 10768 11980 12493 13845
3359 4565 5022 5609 6163 6848 7467 8282 8999 9456
1960 2275 2607 2939 3005 3537 3802 4317 4383 4815
1849 2289 2518 3134 3363 3838 3944 4507 4789 5282
5476 6666 7142 7857 8618 10237 10571 11761 12380 14046
5154 6224 7682 8266 9141 9870 11134 11669 12787 14100
4101 5089 5858 5931 6920 7432 8201 9043 10178 10398
5234 5757 6149 7501 8155 9071 10074 10990 11644 12734
3460 4637 5467 6090 6920 7404 8131 8615 9619 10311
2510 3347 3495 4331 4749 5045 5807 6250 6866 7161
1220 1422 1676 1793 2005 2260 2450 2694 2790 3044
3183 4131 4774 5447 6029 6610 6855 7956 8568 8752
1471 1703 1934 2248 2561 2779 3147 3324 3746 3909
1745 2127 2542 2891 3306 3422 3688 4170 4502 4801
1208 1591 1684 2090 2310 2461 2740 2810 3111 3297
2880 2979 3545 4037 4554 5416 5908 6105 6548 6942
2268 2598 2969 3566 3896 4329 4824 5359 5545 5772
4138 4552 5380 6245 6960 7976 8540 9367 10421 10684
1313 1533 1626 2068 2230 2404 2776 2880 3031 3275
1261 1639 2004 2156 2496 2647 3025 3088 3429 3731
1161 1533 1672 2021 2311 2334 2752 2868 3100 3472
2079 2725 3059 3451 3706 3980 4705 5078 5176 5646
2040 2647 3098 3412 3726 4079 4686 4804 5392 5549
3320 3794 4490 5091 5944 6798 7525 7652 8600 9422
3120 3589 4224 4914 5301 5715 6212 6985 7620 7923
4841 5233 6890 7370 8721 9593 9811 10945 11643 13038
1761 2219 2818 2959 3258 3716 3997 4561 4790 5265
3496 4235 5277 5949 6419 7058 7629 8738 9041 9713
1943 2010 2541 2757 3189 3538 3886 4102 4584 4899
4607 6204 6569 7937 8667 9944 10127 11221 12088 13365
1390 1703 2017 2371 2453 2766 3134 3284 3665 3870
2391 2659 2988 3607 3751 4431 4740 5317 5523 6100
3109 3849 4648 5181 5921 6425 6928 7520 7727 8438
2226 2824 3154 3319 4060 4390 4596 5215 5359 6163
1376 1689 2043 2193 2560 2955 3064 3418 3677 3990
5972 6428 7390 9060 9465 10224 11691 12704 13716 14576
3376 3732 4383 4886 5923 5982 6515 7374 8084 8854
2848 3274 4258 4471 4897 5376 6041 6866 7186 7851
2816 3561 4307 4914 5466 5908 6350 6902 7343 8144
4744 6249 6979 7800 8256 9350 10673 11631 12725 13045
3524 3879 4234 4826 5626 6425 7047 7165 8054 8735
1666 2046 2105 2528 2704 2981 3259 3697 3975 4165
3446 4141 4963 5595 5942 6922 7302 7712 8250 9324
3842 4292 5157 5676 6714 7579 8271 8479 9517 10140
1955 2430 2589 2906 3381 3663 4068 4561 4578 5282
2786 3306 3495 4109 4345 4746 5242 5667 6611 6942
1796 1999 2483 2499 3092 3139 3514 3920 4091 4497
3762 3951 4994 5216 6322 6511 7554 7586 8439 9230
3664 4101 5277 5579 6151 7192 7999 8671 9343 9545
2571 2916 3348 3780 4234 4536 4947 5422 5768 6437
2962 3910 4324 4858 5835 6131 6871 7256 8204 8293
1370 1556 1648 2020 2136 2554 2588 2948 3180 3424
5220 6201 6558 7361 8432 9324 10172 10975 12179 12670
3139 4057 4709 4886 5597 6337 6574 7433 7907 8499
2145 2784 2907 3464 4021 4227 4866 4969 5402 6000
1973 2202 2589 2888 3205 3857 4139 4350 4825 5248
3635 4172 4962 5657 6131 6700 7553 7901 8312 9007
4389 5242 6435 6989 8310 9332 9631 11037 11506 12145
2352 2986 3212 4026 4523 4569 5247 5586 5993 6423
4790 5930 6523 7891 8530 9259 10901 11813 12133 13501
4560 5242 6009 7032 7969 8992 10185 11080 11676 12145
3139 3820 4589 4974 5714 6425 6839 7254 8142 8793
2356 2767 3177 3566 4279 4517 4992 5187 5986 6440
5365 6884 7947 8908 9161 10933 11236 12603 13362 14425
1937 2377 2642 2906 3363 3645 4209 4578 4596 5124
4942 5965 6561 7285 7669 9074 9884 10864 11716 12568
3736 5054 5310 6153 7141 7434 8203 8789 9851 10474
3621 4176 4893 5448 6166 6720 7210 8286 8482 9199
2197 2472 2805 3159 3786 4139 4355 5081 5375 5552
5061 6748 7442 8881 9427 10022 11263 12007 13793 14140
3524 3880 4146 4827 5361 6012 6989 7285 7996 8885
2762 2904 3447 4202 4344 5052 5477 5996 6444 7082
3359 3914 4957 5642 6327 6751 7566 7990 9066 9783
2872 3839 4363 4557 4998 5634 6490 6904 7539 7760
4426 5645 6010 7106 7797 8609 9746 9949 11005 11532
3496 4572 4841 5816 6186 7396 7900 8303 8774 9446
2118 2746 3059 3138 3569 4177 4432 5098 5314 5726
2502 3258 3494 4131 4438 5075 5571 6137 6444 6751
3918 4650 5272 6371 6956 7579 8604 9483 9629 10727
2432 2803 3297 3339 3874 4142 4925 5193 5379 6141
2296 2492 2963 3139 3728 4081 4532 4983 5120 5493
4513 4513 5792 6657 7409 8161 8612 9590 9778 10756
4319 4904 5417 6588 7210 7576 8674 9186 9955 10980
2334 2706 3020 3451 3667 4020 4392 4823 5451 5647
3061 4133 4745 5388 5663 6673 7163 7438 8357 8785
2560 3298 3470 4332 4479 5415 5808 6350 6621 6916
5336 5655 7297 7844 9030 9303 10398 11264 12587 13636
4753 5387 6179 6694 7367 8199 9466 9545 10852 11565
3635 4258 5089 5885 6473 7131 7927 8862 9623 9969
1977 2110 2526 2692 3107 3406 3772 4303 4453 4719
2308 2638 3153 3297 4059 4533 4760 5254 5728 5975
4411 5743 5910 6950 7699 8698 9613 10778 10861 12193
4064 4467 5163 5968 6920 7908 8750 9007 10032 10947
4841 5408 6368 7633 7938 9246 10249 10642 11950 12692
1761 2275 2607 2890 3122 3488 3869 4285 4401 4799
3276 3888 4653 5449 5725 6245 7072 7898 8174 8725
3669 4327 5054 6196 6681 7096 7996 8792 9277 9865
4060 4808 5377 5840 6873 7158 8262 9081 9365 10612
3140 3762 4177 5095 5599 6043 6576 7643 7880 8294
2142 2347 2942 3166 3464 3762 4097 4544 4898 5289
4064 4430 5785 6371 6700 7359 8458 9044 10215 10618
3493 3789 4529 5328 5831 6364 6867 7578 7726 8880
3316 3968 4323 5211 5359 6395 6869 7668 7935 8586
4026 4685 5747 6296 6662 8052 8565 9480 10212 10761
3771 4686 5858 6370 7322 7652 8274 9409 9775 10324
1461 2030 2220 2454 2921 3213 3476 3695 3856 4206
3509 4204 4995 5089 5785 6923 7207 7997 8598 9135
4015 4787 6138 6872 7258 8339 8647 9998 10655 11542
3555 4305 5055 5870 6065 6946 7337 8380 8576 9489
3245 3918 4591 5356 5571 6703 7101 7713 8539 8998
4346 5582 6562 7670 8436 8607 9374 11035 11419 12782
3988 4913 5376 6017 6587 7797 8367 9079 9577 10538
3262 3977 4206 5007 5293 6065 6638 7439 7439 8039
5102 5974 6627 7456 7979 9592 10333 11162 11859 12775
5785 6174 7000 8313 9479 9917 10743 12396 13611 14000
4320 4393 5382 6480 6956 7725 8091 9189 9958 10946
4454 5495 5953 6785 7742 8367 9324 10323 11280 11821
3233 3920 4406 4578 5579 5980 6352 7439 7696 8183
3881 4942 5565 6407 6883 7688 8786 8786 10067 10616
2715 3673 3913 4312 5163 5802 5962 6707 6946 7798
2875 3248 4206 4499 5031 5404 5963 6682 7055 7507
1593 1661 1947 2206 2559 2832 3118 3471 3744 4030
3091 3837 4251 4885 5410 5879 6624 6817 7507 8004
1511 1688 2177 2314 2450 2926 3252 3416 3606 4055
5190 6333 6952 8571 8809 10237 10856 11999 12379 13713
1794 2325 2392 2840 3006 3621 3654 4252 4551 4949
3445 3950 4772 5625 6225 6889 7394 7994 8848 9479
4477 5190 6021 6497 7329 8636 9111 9943 10656 11171
3462 4224 4916 5782 6266 7547 7859 8863 9313 10109
4751 5035 6010 6984 7958 8486 9339 10273 11328 12140
3665 4472 4741 5649 6153 6893 7397 8573 8876 9784
1954 2465 2535 3098 3274 3873 4207 4277 4823 5281
2527 3093 3660 4061 4698 5147 5312 5902 6138 6870
3458 4040 4744 5478 5998 6519 6794 7957 8110 8967
4161 5784 6034 7490 7948 8863 9737 10486 11027 11859
2579 3008 3167 3664 4456 4591 4999 5677 6220 6469
3062 3663 4235 5036 5494 5980 6523 6924 7811 8555
2927 3562 3948 4639 5301 5798 6571 7096 7675 7924
2904 3126 3766 4135 4602 5292 5734 6104 6399 7211
4467 5320 6172 7187 7431 8893 9339 10111 11004 12100
5557 6599 7840 8038 9576 10370 10916 12057 13297 14190
3316 3701 4263 5151 5773 6187 7016 7579 8111 8881
4841 6106 6368 7807 8069 8766 9813 10729 11645 12866
4926 5793 7024 7435 8758 9898 10217 11129 12680 13319
2579 2759 3325 3890 4297 4772 5111 5541 6084 6536
1491 1944 2280 2573 2660 2982 3435 3537 3815 4326
3033 3834 4177 5035 5665 5979 6723 7152 7495 8468
2948 3492 4207 4951 5638 5810 6382 7298 7641 8271
3798 4067 5209 5444 6688 7259 7931 8670 9141 9645
1867 2466 2712 2853 3187 3786 4173 4385 4825 5124
4786 5327 6117 7199 7491 9114 9488 10237 11028 12151
3436 3702 4324 4917 5864 6338 6753 7108 7819 8500
5062 7036 8098 8503 9465 10174 12147 12299 13767 14324
1427 1654 1805 2070 2285 2626 2992 3067 3295 3572
4556 5071 5625 7130 7447 8121 8913 9864 10695 11725
3882 4523 5057 6090 6980 7835 8405 9010 9330 10043
2099 2491 3138 3413 3903 3962 4373 4942 5354 5589
3772 4688 5310 5896 6885 7581 8533 8972 9522 10950
5110 6350 7640 8483 9873 10269 11460 12601 13246 14486
3235 3436 4123 4896 5296 5754 6384 6871 7672 8130
1734 1906 2202 2780 2874 3217 3733 3748 4248 4482
2276 2355 2943 3159 3571 4179 4670 4729 5141 5651
1973 2202 2643 2960 3383 3559 3893 4334 4809 5214
3224 3888 4836 5626 6258 6575 6954 8123 8724 9419
1991 2114 2731 3153 3365 3558 4069 4281 4756 5020
1168 1390 1688 1741 2112 2208 2430 2621 2844 3003
3290 3748 4463 4577 5721 6207 6465 7323 7723 8353
4508 5239 5930 6904 8001 8732 9544 9747 10843 11818
5111 6302 7443 8337 9081 9974 11512 12058 13745 14192
2442 2593 3457 3587 4019 4623 5056 5617 5855 6481
2486 2724 3415 3739 4107 4366 4755 5468 5663 6333
5619 6074 7238 9111 9263 10174 11692 13160 13211 15184
4619 5659 5867 7198 7697 8987 9361 10776 11442 12440
5428 6067 6933 7435 8940 10035 10035 11084 11950 13319
1874 1921 2437 2515 2827 3280 3608 3764 4248 4451
2622 3165 3496 3992 4394 4748 5362 5905 6189 6685
1779 1995 2527 2743 3075 3408 3674 4106 4555 4787
2443 2805 3393 3687 4207 4659 5292 5835 6197 6423
3023 3407 3689 4329 4739 5200 5764 6276 7147 7326
2328 2802 3152 3585 4038 4120 4903 5356 5727 6015
1935 2474 2958 3274 3572 3907 4390 4762 5097 5376
4881 5474 6797 8119 8621 9123 10628 11175 12772 13410
1903 2290 2608 2977 3189 3664 4017 4440 4580 5267
3034 3460 3806 4498 5296 5589 5935 6600 7345 7558
1810 2309 2641 2823 3189 3521 3753 4069 4633 4716
5027 5666 6816 7498 7881 9330 10139 10310 11460 12610
3739 4594 5413 6268 7122 7229 8226 9009 9437 10398
4596 6246 6291 7362 8209 9682 10396 11154 12046 12671
5159 6449 7888 8136 9574 10864 11657 12749 12898 14832
3739 4914 5306 6232 6659 7763 8119 8618 9828 10220
2078 2377 2677 3117 3381 3733 4156 4226 4684 4983
2227 2638 3178 3892 3892 4562 5102 5362 5772 6118
4652 6384 7068 7752 8983 10032 10534 11765 12540 13179
2900 3486 4204 4683 5162 5720 5960 6705 7370 7583
1200 1285 1487 1784 2060 2187 2346 2739 2909 3068
2613 3356 4047 4508 4764 5149 5891 6532 6660 7530
4710 5603 6253 7268 7674 8607 9338 10556 11327 11490
4560 5455 6435 7670 8224 9119 10184 10312 11207 12144
2122 2885 3132 3667 3997 4512 4780 5027 5769 5934
1860 2242 2541 2840 3255 3571 3654 4302 4484 4650
2831 3126 3471 4234 4529 5292 5907 6129 6522 7089
4608 6387 6615 7300 8577 9490 10356 10949 12364 13094
2355 3025 3392 3586 4277 4558 4926 5487 5854 6394
2453 2515 3153 3380 3937 4266 4823 5317 5606 5935
3176 3719 4348 5149 5550 6122 6637 6894 7867 8239
1506 1784 2237 2427 2821 3172 3260 3610 4064 4107
1300 1678 1804 2119 2473 2624 2889 3267 3318 3633
4154 4500 4915 5919 6334 7096 7788 8688 9415 10384
1488 1740 1765 2182 2434 2623 2837 3051 3493 3732
4645 5327 6179 7202 7756 8992 10185 10909 11548 12145
5112 5751 6347 7412 8520 8903 10181 10905 11246 12694
5365 6883 7642 8503 10122 11033 11438 12754 13412 14323
3224 3888 5058 5279 5974 6638 7523 7870 8819 9324
1491 1900 2193 2470 2894 3099 3406 3683 3800 4107
3185 4042 4532 4991 5940 6369 6981 7471 8206 8696
4907 5532 7093 7539 8565 9770 10216 10796 11867 13071
2928 3354 3966 4737 4817 5456 6095 6600 7319 7824
3008 3461 3807 4286 4925 5377 5963 6655 7294 7826
3530 4404 4774 5547 6622 7160 7732 8303 8774 9984
5921 6124 7085 8451 10020 11133 12146 12550 13866 14878
3061 4255 4806 5357 6091 6611 6887 7652 8203 8662
4752 5483 5848 6701 7960 8772 9178 10518 10721 11533
2919 3892 4292 4664 5523 6095 6639 6896 7983 8126
2486 2978 3520 4110 4799 5415 5661 6399 6867 7039
2818 3586 3868 4585 4713 5123 5968 6378 6813 7274
2442 2940 3177 3869 4128 4517 4906 5252 5857 6116
3520 3949 4836 5357 6122 6367 6734 7346 8417 8907
1606 1728 2150 2218 2599 2721 3198 3497 3769 3973
1461 1827 2104 2572 2820 3141 3433 3580 4047 4325
4396 5069 6257 6851 7881 8237 9109 10138 10811 11762
4863 6246 6380 7272 8030 9814 10707 11197 11643 13249
5041 6246 6736 7851 8565 9056 9814 11018 12401 12892
5237 6333 6809 8380 8856 10284 10474 12093 13045 13855
1242 1451 1858 2020 2275 2380 2740 2960 3111 3297
5427 6339 7252 7434 8574 9258 10763 11538 12724 12770
3739 4397 5055 5816 6370 7132 7617 8898 9105 10109
3490 4012 4664 5772 6294 7109 7468 8186 8838 9392
3195 3328 4073 4393 5138 5404 5883 6708 6921 7480
4154 4466 4950 5816 6577 7166 7927 8862 9035 9831
4703 5078 6410 6784 7575 8366 9448 10113 11445 12361
4661 5534 6616 6658 7781 8572 9362 10569 11526 12275
3034 3247 4045 4737 5295 5641 6120 6493 6972 7823
3672 3764 4743 5355 6120 6671 7099 7803 8109 9149
3556 4045 4795 5284 5904 6817 7274 8481 8742 9622
4363 4826 5598 6872 7490 8030 8841 9960 10424 11543
2474 2474 3174 3628 3731 4452 4658 5070 5524 6080
5428 6190 7428 7618 8666 9904 10999 12046 12951 13903
2255 2588 2784 3411 3921 4274 4607 4999 5215 5587
3021 4116 4560 4886 5863 6485 6811 7344 7699 8498
2177 2363 2959 3182 3647 3908 4410 4615 4912 5303
1489 1766 1817 2031 2473 2536 2927 3040 3457 3557
4882 5840 6525 7893 8350 9125 10174 10950 12547 13049
3231 3783 4004 4942 4998 5715 6212 6875 7565 8062
4666 5625 6977 7326 8547 9157 10465 10465 11991 12951
1147 1412 1487 1869 1911 2219 2347 2697 2803 3153
3978 4673 6179 6179 7377 8033 8535 9771 10273 11200
4641 5756 6961 7496 8478 9236 9861 11333 11735 12761
4711 5523 5929 6579 8000 8568 9624 10558 10720 11533
3489 4010 4469 5203 5785 6427 7131 7927 8478 8937
4596 4789 6063 6719 6951 8225 8843 9615 10117 10812
5008 6126 7293 7828 8849 10696 11377 11960 12835 14100
2534 2805 3190 3664 4253 4863 5293 5587 6017 6514
3110 4028 4621 4828 5450 6072 7019 7345 7878 8352
4710 5713 6716 7850 8547 9071 9899 10815 11774 12690
1072 1338 1614 1794 2059 2134 2441 2749 2781 3152
2099 2511 2805 3472 3806 4257 4335 4924 5120 5610
5556 6697 6995 8186 9277 10864 11609 12204 13642 14684
2377 2658 3349 3803 3976 4581 5121 5532 5942 6180
5365 6226 7592 8352 9414 10376 11996 13109 13514 14881
4279 5032 6102 6656 7132 8320 9271 9707 10301 11371
2176 2353 3137 3255 3843 4235 4666 4921 5313 5744
4137 4889 5867 6168 7409 8048 8951 9515 10192 10530
1369 1578 1636 2053 2320 2482 2714 3016 3190 3364
1973 2272 2765 2888 3381 3522 3910 4543 4843 5230
1981 2609 3001 3432 3864 4217 4374 4982 5197 5511
2890 3863 4034 5064 5522 6180 6523 7210 7839 8268
5476 6047 7047 8523 9427 9713 10522 12189 12950 13426
2511 3008 3461 3755 4320 4682 4998 5835 5971 6333
5263 6831 7742 8906 10120 10980 11436 12650 14067 15079
3446 3826 5059 5343 5944 6861 7145 7967 8315 8853
2638 3407 3612 4585 4662 5583 5635 6531 7094 7479
5785 6417 6903 8215 8750 10500 11520 12006 13465 14097
4899 5922 6816 7327 8264 9287 10181 10479 11204 12652
2613 3228 3894 4585 4816 5149 5763 6429 7018 7505
2420 2982 3371 3587 4279 4387 4819 5597 5985 6050
5128 6340 6946 8204 8903 10068 10255 11560 12492 13191
1311 1739 1878 2256 2407 2722 3012 3138 3415 3768
1231 1316 1560 1719 2016 2334 2547 2642 2833 3056
3604 3826 4426 5343 5912 6860 7493 7777 8599 9200
5361 6200 7132 7645 8530 9322 10348 11700 13051 13937
2572 3004 3134 3695 4214 4473 4992 5424 5856 6072
5155 6249 6432 8028 8986 9214 10810 10947 12361 12908
3121 3812 3867 4889 4999 5717 6214 6850 7236 7871
5018 5565 7207 7754 8484 9396 10491 11175 12589 13592
3023 3279 3663 4099 4790 5482 5789 6250 6916 7684
4265 4955 6011 6986 7717 8529 9707 10234 10803 11899
1498 1703 2070 2247 2492 2792 3091 3459 3718 3881
2431 2740 3049 3544 3935 4471 4801 5336 5563 5934
3552 4085 4411 5328 5654 6453 6927 7548 8051 8347
4786 5744 6035 6951 8199 8449 9656 9989 10821 11695
2929 3224 3569 4430 4504 5390 5734 6128 6497 6940
3289 3947 4405 4719 5606 5920 6550 7322 7979 8580
4304 5241 6817 7584 8096 9203 9928 10822 11206 12654
3023 3382 3843 4253 4688 5226 5713 6558 6840 7250
3662 4797 5127 6554 6701 7616 8458 8788 10106 10912
2831 2979 3545 3988 4825 5293 5686 6154 6646 6966
5669 6832 7389 8604 10021 10577 12146 12197 13715 14525
1105 1424 1530 1785 2018 2156 2443 2677 2772 2985
2707 3224 3864 4110 4577 5193 5734 6374 6792 6890
4431 5923 6732 6860 8394 9331 9672 10737 11291 12526
1370 1440 1765 1974 2194 2542 2658 2960 3018 3447
3961 5307 5862 6892 7327 8595 9307 10258 10654 11842
2945 3125 3662 4405 4968 5480 5967 6633 7017 7247
2716 3459 3792 4432 4791 5278 5636 6456 6815 7301
1694 1782 2278 2439 2877 3213 3330 3695 4060 4250
5033 6105 7363 8109 8715 9973 11138 12023 12536 13841
4033 4571 4940 5646 6486 7259 7528 8133 9141 10048
2598 2834 3566 4014 4628 5124 5337 5738 6564 6753
3433 3834 4520 4806 5207 6008 6837 7295 7552 8096
4987 6338 7410 7736 9228 9414 10626 11930 12909 13981
5416 6833 7440 8908 9313 10173 12147 12552 13564 14930
3490 3980 4500 5418 6122 6398 7010 7377 8081 8999
3093 3828 4410 5175 6032 6645 6737 7594 8084 8727
1174 1418 1778 2010 2103 2336 2638 3010 3056 3405
1899 2569 2774 3109 3370 3984 4450 4468 5027 5250
4790 5976 6934 7572 8256 9579 10400 11313 12362 13593
4953 5119 5868 6867 7824 8989 9572 10196 11486 11653
3170 3821 4236 4799 5510 6161 6813 7376 7820 8620
3664 4034 4975 5984 6320 7261 7496 8336 9076 9815
2335 2854 3027 3545 4237 4324 4886 5491 5858 6291
4364 4866 6140 6835 7066 7723 9267 9499 10271 11043
4238 4345 5271 6268 6837 7122 8119 9081 9544 10541
1497 1647 2082 2450 2559 2899 3089 3470 3797 3851
3317 3761 4442 5242 5508 6011 6811 7551 8232 8321
5177 5400 6248 7274 8256 9059 9818 10978 12272 12763
2124 2515 3196 3629 3855 4536 4556 5175 5422 5917
1400 1589 1866 2257 2521 2723 2774 3265 3366 3669
4104 5038 5688 6704 7719 8288 9182 9954 11051 11416
3226 3858 4902 5250 5787 6452 7116 7780 8444 9139
3552 3937 4500 5299 5536 6394 7045 7460 8022 8496
2085 2550 2754 3145 3555 3927 4169 4690 5211 5267
2614 3331 3613 4177 4663 5150 5944 6354 7020 7533
1168 1465 1603 1910 1995 2186 2441 2589 2833 3024
1795 2276 2409 2841 3074 3356 3921 4237 4502 4685
4442 5175 5948 6566 6952 7801 8883 9308 10119 11007
5688 5980 7778 8605 9091 9772 10744 11667 13612 13904
1062 1380 1646 1837 2102 2134 2463 2633 2781 3047
5152 6756 7728 8700 8797 10352 11616 12539 13219 14240
2645 3007 3459 3798 4408 4793 4996 5448 6330 6714
2356 2745 3436 3458 4300 4603 4754 5337 6050 6418
1723 1839 2335 2584 2890 3211 3503 3591 3970 4349
3233 3634 4321 4979 5236 6008 6466 7382 7496 8526
4763 5858 7620 7668 9335 9620 10954 11525 12383 13430
3337 3919 4378 5358 5664 6123 7194 7868 8235 9000
4034 4034 5244 5647 6353 6790 8033 8705 8806 9680
3230 3782 4279 4528 5246 5991 6626 6819 7288 7840
5127 6106 7271 8389 8902 9321 10952 11791 12677 13655
3875 4740 5755 6432 7485 7974 8802 9178 10043 10607
4016 5406 6101 6487 7259 7799 9228 9460 10270 11351
4225 4956 6134 7068 7840 8733 8936 9911 10926 11576
5190 5809 6666 8285 9380 10142 11094 11761 13046 13427
3866 4370 4874 5547 6622 6857 7731 8437 8908 9782
2197 2452 2864 3511 3668 4295 4590 4727 5198 5629
2291 2702 3026 3545 4301 4453 4928 5555 6052 6225
4873 5523 6457 7269 8000 8122 9624 9786 10558 11654
4274 4879 5129 5734 6411 7835 8120 8868 9402 10435
1389 1634 1920 2450 2695 2763 3226 3430 3648 4043
2795 3194 4206 4525 5244 5350 6042 6442 7187 7719
1477 1754 2091 2339 2792 2938 3347 3786 4078 4371
3214 4254 4683 5172 5968 6519 7223 7682 8447 8814
5061 6748 7442 8831 9526 10072 11163 12751 13048 14437
4754 5800 6280 7283 8460 9332 9899 11120 12080 12690
3667 3857 4869 5121 6007 6386 7397 8156 8219 9452
4873 5401 5807 6741 7999 8893 9217 10232 10801 12181
2781 3101 3864 4061 4775 4971 5734 6054 6645 7334
3319 4078 4583 5690 6258 6827 7017 8218 8408 9261
4251 5078 5379 6207 7335 7749 8576 9328 9930 11096
4864 5622 6515 7362 8790 9682 9816 10798 12226 12493
4595 6201 6603 7896 8521 9012 10618 11331 11778 12670
4120 4912 5942 6972 7883 8240 8834 10300 10300 11409
5237 6617 7474 8474 8997 10330 11282 12044 12520 13519
3520 4254 4469 4989 5876 6672 7131 7896 8294 8845
1867 2307 2677 3152 3363 3610 4015 4438 4754 5195
2766 3330 3791 4559 4764 5148 5891 6198 7095 7658
1779 2272 2712 2941 3187 3874 3927 4525 4930 5265
4873 5563 6416 6538 8040 8324 9096 10070 11045 12060
3917 4613 5198 6553 6992 7980 8456 9005 10140 10945
5382 5884 6476 7981 9030 9760 10855 11767 11995 12816
2687 3645 4044 4736 5188 5827 6146 6412 7157 7981
4905 6047 7428 8095 9237 9713 10809 11666 13142 13808
2793 3228 3638 4356 4766 5585 5765 6226 6969 7199
1103 1326 1687 1718 2100 2291 2461 2651 2906 3182
5348 6466 7098 8216 8751 10015 11036 12154 13418 14244
3088 3300 3753 4737 5216 5376 5882 6627 7133 7931
4772 5326 6221 7116 8309 9076 10013 11036 11291 12569
2159 2394 3042 3238 3532 3964 4455 4945 5240 5514
