1000 10 10
7 76 85 36 86 52 92 72 29 96 89 0 34
7 26 70 77 34 23 40 90 34 83 49 0 35
3 88 63 95 73 50 77 99 77 47 70 0 14
6 77 52 88 99 84 61 79 44 59 63 0 29
10 85 41 83 75 92 73 89 74 27 25 0 46
3 63 74 95 67 71 79 46 55 29 60 0 11
8 59 62 92 77 79 27 81 92 76 80 0 36
8 58 51 31 66 69 36 48 44 65 57 0 36
6 90 50 99 35 89 74 94 95 68 92 0 30
8 28 67 44 70 64 95 88 82 27 50 0 40
3 37 83 66 44 51 70 52 90 71 24 0 15
9 68 63 20 59 81 63 62 94 61 64 0 41
6 31 50 65 46 57 28 35 78 91 94 0 29
5 45 36 83 68 21 98 95 56 74 43 0 22
10 40 37 20 30 30 22 74 78 33 23 0 50
4 27 93 39 22 99 24 57 37 21 66 0 19
9 55 20 37 95 40 37 36 98 76 35 0 45
5 26 36 54 79 73 45 57 59 50 77 0 23
10 72 81 32 78 54 87 60 38 77 87 0 50
10 26 50 89 39 22 70 97 80 99 81 0 49
4 89 95 20 90 29 30 47 59 55 51 0 19
6 44 48 30 33 48 72 61 31 63 58 0 30
6 78 51 86 98 36 83 27 61 40 48 0 30
3 52 32 57 75 48 94 24 33 41 45 0 12
9 32 50 51 75 74 78 43 50 79 40 0 44
4 65 90 25 54 55 28 27 71 40 34 0 18
4 28 67 47 72 80 49 66 66 43 54 0 16
6 77 71 78 79 50 69 59 79 59 99 0 30
9 57 99 46 48 40 88 50 37 93 58 0 43
5 93 48 67 27 76 39 51 68 86 69 0 23
6 32 50 75 32 55 80 29 50 41 82 0 26
6 92 22 76 26 44 91 65 48 42 74 0 30
4 64 48 77 81 50 27 94 78 51 29 0 18
10 88 55 26 20 50 42 49 73 54 25 0 46
5 78 64 28 21 83 91 96 78 99 83 0 22
10 55 83 77 90 57 95 65 28 26 90 0 49
4 40 28 98 28 68 61 70 64 40 88 0 18
6 37 65 27 79 29 95 87 52 56 85 0 28
9 25 46 24 96 34 20 24 20 99 21 0 43
4 96 92 58 26 70 82 24 70 35 41 0 19
9 27 44 66 53 61 50 53 23 61 38 0 43
7 92 26 33 89 40 75 37 93 82 29 0 33
9 62 82 80 20 84 93 63 76 51 77 0 44
10 59 47 94 21 44 72 25 59 21 97 0 49
3 27 90 61 80 36 76 96 22 26 35 0 14
3 56 60 25 94 94 37 64 29 47 41 0 15
3 37 43 31 34 51 81 60 38 59 28 0 14
7 20 87 66 81 42 26 32 73 80 78 0 31
7 57 98 35 56 80 92 84 29 52 57 0 34
9 22 53 79 59 83 30 30 65 39 78 0 41
5 60 65 22 98 32 75 86 35 69 55 0 21
4 52 95 76 55 23 58 23 69 67 24 0 17
4 43 55 92 36 88 93 40 22 74 87 0 19
6 58 44 39 43 46 82 38 92 68 98 0 27
4 49 28 89 95 74 65 74 90 53 86 0 16
4 51 61 90 24 86 43 56 53 62 45 0 19
9 62 29 26 74 77 74 35 51 82 43 0 44
5 41 69 67 69 42 51 70 70 38 97 0 25
4 76 21 72 59 29 59 58 42 32 76 0 19
10 38 85 53 31 53 92 46 87 83 66 0 46
9 58 61 87 87 59 81 61 35 83 55 0 45
3 38 45 27 40 93 40 53 84 28 80 0 12
5 39 69 99 34 38 99 69 49 85 31 0 24
5 98 65 21 41 91 66 51 68 86 66 0 24
9 87 44 70 89 39 35 45 51 49 34 0 42
7 31 66 87 90 71 50 50 47 67 21 0 32
6 87 27 43 47 49 78 28 23 82 74 0 28
9 42 91 27 36 49 47 93 29 66 22 0 43
4 54 65 76 77 45 21 85 59 82 62 0 17
8 59 53 95 55 46 50 40 78 21 32 0 40
10 82 78 51 48 86 57 25 56 31 80 0 46
6 29 20 77 51 29 63 29 27 80 39 0 30
10 89 97 59 22 30 62 21 43 30 41 0 46
7 72 87 31 28 84 76 81 91 42 52 0 35
7 90 38 62 96 84 63 20 64 52 88 0 32
6 87 93 71 74 92 73 33 63 94 40 0 26
9 73 23 83 94 89 51 59 85 86 98 0 42
6 80 80 55 27 87 24 22 68 33 78 0 28
4 84 44 87 22 89 40 89 51 54 71 0 17
7 23 41 40 51 65 68 55 39 79 42 0 33
5 39 28 63 39 42 87 62 64 31 47 0 25
8 98 86 80 69 80 48 62 81 46 35 0 38
9 21 80 89 73 62 46 70 84 20 53 0 43
6 99 75 62 75 62 99 56 74 46 52 0 29
3 42 94 49 62 62 96 64 98 33 97 0 12
3 94 85 60 96 68 70 65 44 93 80 0 14
8 21 22 82 81 46 48 68 95 92 72 0 38
4 48 52 60 23 28 64 67 33 21 89 0 20
9 93 97 30 88 46 73 45 49 50 64 0 43
4 53 93 69 74 43 95 73 95 20 69 0 19
9 78 78 96 79 71 84 52 58 26 32 0 41
4 58 33 20 87 24 83 80 34 21 51 0 20
3 31 67 36 93 37 88 75 62 28 27 0 15
3 87 41 53 42 79 81 28 60 98 94 0 12
3 65 67 92 33 35 56 28 58 80 66 0 11
4 89 39 32 67 67 57 62 97 50 74 0 20
5 88 52 38 60 58 94 75 74 41 96 0 23
10 89 75 52 46 22 47 69 59 56 61 0 47
4 60 44 46 58 91 22 38 60 95 32 0 19
10 55 76 74 30 51 46 50 72 68 88 0 49
4 73 90 99 29 24 52 24 56 79 59 0 19
3 83 91 62 97 96 74 81 20 37 60 0 13
7 91 53 44 25 39 57 75 98 38 78 0 35
4 46 80 58 91 76 64 29 42 73 22 0 16
6 87 29 58 95 50 38 29 82 95 25 0 28
6 61 84 29 36 67 36 92 60 33 35 0 30
9 65 75 52 90 81 87 65 67 51 89 0 41
9 20 79 34 21 38 64 37 27 32 22 0 41
3 52 80 89 30 92 76 59 79 93 37 0 13
2 35 84 37 82 22 49 47 82 60 23 0 10
8 96 56 77 29 86 68 45 84 65 47 0 37
8 41 87 23 42 65 62 82 48 90 20 0 38
2 29 59 50 77 99 54 71 42 36 41 0 10
10 64 71 75 84 46 73 90 29 40 50 0 49
4 71 57 81 95 75 61 48 40 42 67 0 19
2 22 53 93 62 29 69 81 23 41 92 0 10
6 35 40 32 44 32 82 97 23 76 67 0 30
7 56 43 42 23 46 23 68 50 64 31 0 34
8 56 24 95 79 80 48 77 87 35 77 0 39
9 63 54 73 61 50 98 33 91 95 54 0 42
6 64 75 60 65 81 56 59 24 40 45 0 26
10 74 90 79 96 38 23 33 24 97 89 0 50
4 87 44 23 91 42 66 94 58 57 24 0 16
3 36 63 51 28 23 45 98 33 90 57 0 15
8 80 51 75 83 50 81 31 90 86 57 0 40
7 51 80 30 89 27 23 20 83 23 54 0 32
3 70 87 68 64 82 90 85 53 69 29 0 11
9 88 25 81 35 54 70 55 61 84 72 0 43
8 33 78 92 47 24 53 68 32 32 69 0 39
2 24 99 82 95 66 96 59 59 39 25 0 10
7 53 81 78 87 64 70 71 81 32 31 0 35
3 20 42 66 97 59 81 56 59 78 98 0 12
4 85 56 89 39 48 72 34 65 84 45 0 19
10 77 79 70 42 21 31 80 90 95 22 0 48
4 99 95 55 43 45 98 28 91 61 90 0 17
10 22 55 44 28 32 54 56 47 46 97 0 47
10 72 54 64 76 91 84 71 78 60 59 0 47
6 81 27 93 44 67 30 56 35 47 76 0 29
3 45 90 66 63 73 76 59 63 53 21 0 15
7 76 21 88 82 21 39 20 50 50 48 0 35
8 75 75 82 76 55 45 76 27 61 49 0 40
5 50 46 25 23 68 78 77 59 72 61 0 22
7 36 25 34 82 97 26 92 21 49 93 0 33
4 81 91 37 80 57 43 33 55 36 23 0 16
5 42 95 82 60 86 95 97 52 71 91 0 22
4 96 48 45 44 34 24 25 72 36 20 0 20
8 63 57 73 90 27 27 51 97 69 24 0 38
10 44 31 37 81 79 53 86 70 69 43 0 49
2 59 77 65 84 41 98 38 33 50 28 0 10
5 66 76 49 89 80 31 73 68 31 60 0 24
4 98 66 26 38 96 84 49 56 62 88 0 17
10 46 67 93 88 98 92 71 93 20 37 0 50
8 78 93 56 48 43 64 27 98 34 47 0 39
9 42 82 55 98 74 76 73 95 90 58 0 43
4 48 23 80 88 47 40 92 55 92 85 0 19
9 64 46 92 63 69 29 44 35 56 77 0 42
6 85 50 74 86 27 97 22 46 88 57 0 29
9 70 75 67 76 52 62 36 44 72 63 0 45
9 35 62 54 53 67 44 75 23 35 23 0 41
7 80 81 52 29 52 20 95 96 37 78 0 32
4 35 83 38 34 90 85 61 27 49 48 0 20
6 59 30 36 64 24 32 66 77 81 91 0 29
9 21 48 67 55 53 36 47 70 48 34 0 44
8 56 90 91 23 23 49 33 36 80 40 0 40
3 23 24 26 29 87 77 78 72 30 97 0 15
5 36 23 69 82 56 69 34 48 94 38 0 25
6 87 72 61 20 82 78 54 92 68 76 0 26
5 70 79 77 92 73 27 64 77 31 98 0 22
7 85 99 98 89 69 41 98 90 64 63 0 32
2 86 39 41 90 85 90 59 72 51 53 0 10
7 98 66 52 35 76 92 35 58 57 31 0 34
9 28 83 23 64 95 77 67 41 78 61 0 41
3 49 38 63 45 70 41 63 73 79 33 0 11
6 56 29 46 95 46 84 88 35 60 43 0 28
4 51 31 67 25 87 28 35 26 71 52 0 17
7 47 84 66 38 67 86 57 64 74 86 0 35
5 57 32 43 48 91 32 49 52 99 52 0 21
6 96 88 90 85 33 53 91 24 58 30 0 26
9 40 70 83 41 77 41 60 68 48 41 0 41
4 91 71 61 56 62 28 72 97 73 44 0 18
10 42 69 30 34 75 33 86 60 90 89 0 50
5 51 91 21 92 70 32 41 68 90 40 0 22
5 75 20 71 65 31 24 93 29 92 51 0 23
8 74 90 31 72 28 73 53 89 75 26 0 38
10 25 21 97 96 52 38 89 74 62 47 0 46
4 89 67 78 57 69 36 63 59 57 59 0 19
6 89 76 81 82 53 50 32 97 79 31 0 29
2 23 77 48 79 51 81 99 77 31 73 0 10
5 58 26 30 25 35 96 67 63 32 33 0 24
5 58 28 77 48 98 69 40 74 96 43 0 22
5 73 63 89 98 40 43 52 32 70 42 0 23
2 31 79 51 33 29 97 98 33 54 59 0 10
7 33 85 44 86 60 24 21 65 22 78 0 33
7 85 72 22 44 41 54 63 54 21 31 0 34
10 26 21 51 94 50 37 84 52 56 25 0 47
3 26 98 66 67 81 38 77 55 61 25 0 15
6 30 39 91 48 68 40 58 80 48 22 0 28
10 83 56 99 26 97 72 94 56 88 83 0 49
4 30 93 43 64 38 29 94 95 84 53 0 17
8 78 20 97 30 50 56 82 57 82 40 0 40
5 50 28 77 88 53 75 64 86 85 26 0 24
10 40 99 52 86 89 96 70 52 55 73 0 46
9 22 37 26 94 70 26 57 64 94 82 0 41
6 48 97 23 20 54 20 91 89 85 83 0 26
9 25 60 23 57 63 89 82 89 35 64 0 41
7 78 61 59 60 88 65 50 21 54 73 0 34
10 40 78 53 48 35 53 98 90 36 80 0 49
10 37 22 36 78 84 46 81 75 78 70 0 47
4 57 73 93 58 37 52 58 88 28 58 0 18
5 69 21 91 38 36 55 98 60 29 89 0 24
10 93 61 82 72 29 46 81 37 94 61 0 49
9 20 87 28 79 49 31 52 48 67 75 0 45
6 62 32 23 21 37 34 87 58 66 92 0 30
8 63 89 84 66 38 37 68 29 51 78 0 39
7 42 43 41 60 37 25 34 29 38 41 0 33
4 25 53 69 43 24 35 88 26 37 79 0 17
4 90 71 43 79 80 32 60 27 74 96 0 16
8 89 47 36 86 90 29 85 32 85 53 0 39
9 76 47 74 65 72 42 36 70 26 82 0 43
7 98 73 23 83 21 61 76 63 58 76 0 33
9 88 23 48 41 67 31 33 28 55 66 0 41
8 69 92 36 42 59 94 83 60 92 57 0 37
4 87 63 80 50 44 67 62 27 69 90 0 19
8 77 59 34 24 26 21 34 83 60 48 0 40
7 83 80 76 89 78 53 98 91 76 84 0 33
6 73 41 59 75 90 71 28 60 92 71 0 30
7 86 34 84 64 31 50 49 78 89 26 0 33
4 90 51 41 31 63 80 23 78 42 66 0 18
6 27 36 81 95 66 56 33 92 93 85 0 26
10 72 82 42 94 86 82 21 82 41 75 0 48
10 70 62 91 38 25 21 25 45 69 93 0 49
7 43 58 58 35 68 62 35 95 74 31 0 33
7 85 80 71 51 48 36 42 80 45 75 0 33
10 56 47 86 65 67 58 99 65 63 74 0 46
6 72 59 62 81 91 84 36 29 30 21 0 30
3 57 81 70 85 46 88 91 34 32 66 0 15
7 79 65 82 25 66 90 62 38 98 55 0 35
7 69 68 35 78 49 91 89 28 54 59 0 34
3 41 95 68 65 44 71 77 38 74 46 0 12
4 70 99 61 93 51 81 84 29 20 82 0 19
8 83 57 98 82 83 37 65 98 21 82 0 37
7 58 31 95 71 74 39 32 95 58 97 0 33
8 27 31 97 60 55 68 51 85 97 41 0 39
3 40 80 61 79 28 48 34 78 73 37 0 15
7 44 39 38 39 53 65 32 28 24 96 0 31
9 29 74 54 71 32 39 23 73 70 81 0 45
6 84 77 53 57 26 22 65 69 37 92 0 29
3 84 56 89 46 37 76 33 24 30 92 0 11
4 94 46 40 24 46 49 47 48 56 84 0 19
7 23 64 67 60 50 66 64 30 95 42 0 33
10 46 46 51 58 29 68 67 49 52 83 0 49
3 83 26 63 52 95 60 72 89 54 43 0 13
7 61 61 24 90 21 79 39 28 60 63 0 33
9 30 31 64 52 40 21 55 88 29 36 0 44
9 33 26 43 37 82 24 91 41 90 42 0 42
2 41 99 85 73 46 80 81 96 50 62 0 10
6 83 77 66 32 77 36 61 85 91 23 0 27
9 45 73 90 74 24 75 33 39 26 96 0 43
4 28 63 64 64 70 58 43 69 63 96 0 19
3 51 47 98 41 36 49 80 58 44 27 0 12
4 82 75 60 48 94 79 45 46 55 70 0 18
8 30 50 68 79 79 88 59 70 70 86 0 39
3 79 28 81 37 43 92 63 64 40 82 0 14
7 76 98 88 88 56 66 46 80 76 24 0 32
3 59 64 34 86 28 43 91 23 38 41 0 14
8 31 40 93 31 86 31 60 80 90 32 0 36
4 21 47 77 69 59 28 22 93 73 86 0 16
8 86 42 73 86 57 27 60 89 52 22 0 39
2 41 72 24 21 49 59 47 50 67 95 0 10
9 45 75 84 58 97 65 31 72 57 84 0 43
8 26 36 77 26 72 67 31 53 36 62 0 36
3 67 28 84 24 74 57 90 65 55 33 0 15
9 81 69 48 77 27 37 39 59 67 54 0 43
5 94 30 21 39 70 40 46 76 55 50 0 22
9 86 26 62 50 44 67 62 64 60 41 0 41
6 88 43 77 94 66 82 67 41 77 97 0 30
3 40 55 85 46 30 74 69 72 53 36 0 15
10 99 56 40 97 20 66 30 54 22 89 0 47
6 54 60 30 99 22 21 70 81 80 75 0 30
5 67 80 89 41 99 37 36 99 61 71 0 22
4 89 51 54 31 85 41 59 62 81 26 0 20
5 27 61 25 77 54 75 77 72 20 47 0 21
3 39 80 34 82 66 54 72 70 93 61 0 12
8 46 25 25 86 22 22 42 31 43 82 0 36
9 42 82 78 24 43 23 53 25 21 74 0 45
4 65 74 30 32 82 24 67 55 23 26 0 17
4 56 89 88 92 78 89 86 35 40 83 0 17
6 23 95 92 79 34 31 80 51 98 99 0 29
8 63 23 80 93 58 57 33 36 58 20 0 40
4 52 94 46 62 73 57 99 41 56 59 0 19
4 48 30 62 99 67 92 84 26 76 78 0 20
5 85 97 84 74 73 47 63 58 48 32 0 25
7 65 46 41 55 82 59 93 20 87 31 0 35
8 62 96 22 51 80 86 71 97 33 40 0 38
2 66 79 39 67 40 60 79 86 91 78 0 10
10 75 91 89 98 50 90 99 90 56 22 0 47
8 50 67 89 43 65 71 57 86 29 41 0 37
8 61 82 51 92 89 42 41 89 59 68 0 38
3 45 92 76 61 92 69 80 58 48 32 0 14
3 23 33 84 29 65 34 56 77 37 46 0 14
9 49 49 25 61 78 72 93 38 86 43 0 45
2 33 31 73 75 85 65 44 89 68 85 0 10
7 87 91 68 76 68 95 65 92 56 76 0 35
9 94 42 97 25 84 74 66 77 71 95 0 43
9 30 37 72 81 37 46 83 59 22 28 0 45
5 23 32 32 70 83 60 25 60 34 29 0 23
7 70 73 78 31 61 97 22 60 28 29 0 33
6 99 37 61 41 31 79 78 79 93 64 0 26
8 67 54 23 88 41 96 40 29 46 82 0 39
3 47 69 54 80 46 37 34 51 77 90 0 15
3 20 29 99 54 98 37 57 77 97 88 0 11
6 32 20 40 66 70 50 98 22 39 35 0 28
10 88 77 46 92 74 82 20 47 52 58 0 50
9 81 27 35 97 27 77 86 98 34 68 0 45
9 46 60 74 33 46 25 67 50 99 32 0 43
4 77 53 75 62 59 33 47 73 76 64 0 20
3 88 79 53 90 30 41 72 25 81 48 0 15
3 59 47 24 49 69 88 45 38 52 36 0 14
5 77 23 24 45 42 26 95 21 32 39 0 22
8 65 78 98 80 57 24 35 82 89 68 0 37
3 87 64 97 22 29 52 80 21 28 54 0 12
7 62 43 87 43 62 34 51 43 22 43 0 34
7 57 27 76 30 81 92 89 93 60 60 0 33
5 37 44 96 70 70 56 99 82 48 90 0 21
10 49 30 21 26 40 47 86 30 61 79 0 47
4 58 39 34 28 25 30 44 55 32 51 0 19
4 75 79 82 89 66 53 87 56 27 68 0 19
9 49 32 90 23 61 58 97 27 73 85 0 42
9 57 92 95 86 87 79 93 72 23 62 0 43
6 70 57 85 99 58 96 28 41 66 80 0 26
7 94 32 42 39 71 72 33 57 62 95 0 31
7 53 58 94 47 77 77 62 88 56 32 0 34
9 42 55 99 91 94 50 39 68 85 97 0 42
8 75 87 70 98 95 85 84 24 85 50 0 40
10 45 45 53 83 39 28 55 37 31 71 0 46
3 46 44 61 43 22 44 64 58 56 41 0 15
3 65 95 20 48 90 90 76 69 59 26 0 13
8 35 63 99 35 72 72 68 75 67 68 0 37
6 55 78 61 96 90 32 61 84 51 80 0 30
4 20 30 79 98 61 47 35 60 67 52 0 20
3 38 87 26 41 71 53 44 34 70 25 0 11
6 97 30 47 21 21 44 34 67 21 42 0 27
6 85 41 22 60 22 91 24 53 76 50 0 29
4 85 94 52 46 26 36 49 25 54 92 0 18
3 43 91 77 22 54 72 95 59 47 96 0 15
5 69 93 88 67 79 73 44 38 45 62 0 24
9 89 73 75 34 89 59 65 70 85 80 0 44
3 73 69 86 86 82 76 28 57 96 83 0 11
5 72 75 92 24 27 41 57 83 60 32 0 21
9 32 40 92 59 77 89 89 41 51 59 0 42
3 47 27 69 69 33 94 20 30 96 87 0 13
3 53 79 39 72 73 72 21 79 62 47 0 12
9 92 37 23 39 38 76 22 37 48 79 0 41
6 44 81 50 28 97 70 53 64 91 56 0 26
4 41 28 44 74 83 39 76 31 52 83 0 19
5 47 36 21 71 55 51 32 40 70 47 0 24
10 43 93 47 22 85 51 29 72 84 28 0 46
5 94 23 51 82 39 66 97 49 53 91 0 23
9 57 88 69 75 75 46 98 93 94 85 0 43
7 88 81 62 79 78 93 45 71 42 39 0 31
3 82 47 79 23 93 99 57 59 81 91 0 14
4 21 73 65 56 43 96 89 72 85 83 0 17
7 23 42 98 41 54 47 91 32 33 94 0 33
4 38 66 28 33 61 75 74 42 99 50 0 17
10 94 46 71 23 40 47 58 94 81 65 0 48
7 75 48 44 97 62 78 74 82 70 57 0 31
3 77 40 99 73 24 66 32 26 61 65 0 11
7 63 80 33 99 44 64 37 38 75 94 0 33
8 95 37 47 23 86 77 40 64 45 50 0 40
3 28 52 81 46 46 32 35 31 94 61 0 12
8 74 84 33 75 61 90 98 96 25 93 0 36
10 33 59 64 47 37 91 69 44 54 80 0 50
9 48 43 89 56 50 54 96 93 29 42 0 45
5 75 92 99 94 77 97 56 95 20 59 0 22
6 69 48 84 23 87 35 60 75 44 63 0 26
7 32 58 86 66 65 41 39 99 39 31 0 33
8 66 36 35 39 67 22 30 72 49 29 0 39
8 78 56 81 65 34 88 93 95 61 71 0 39
6 39 43 62 99 32 37 51 98 81 49 0 28
7 95 58 64 39 65 50 55 56 35 85 0 31
3 82 32 70 60 92 91 87 61 66 88 0 13
6 30 40 39 54 92 69 92 23 63 71 0 26
9 41 92 87 70 90 89 65 27 43 85 0 42
10 61 22 70 81 66 65 29 90 57 90 0 47
8 81 79 55 54 34 50 32 36 60 71 0 40
6 50 48 68 32 85 51 68 84 93 37 0 26
5 77 81 70 92 65 91 65 78 34 66 0 22
6 79 39 76 77 80 74 61 60 91 50 0 29
8 80 24 47 63 87 95 98 68 48 75 0 38
7 39 54 22 94 58 81 63 78 80 46 0 33
9 77 93 75 47 33 82 49 87 83 48 0 45
2 59 75 83 91 76 34 99 92 75 76 0 10
8 30 97 22 90 47 83 63 54 54 62 0 39
6 21 41 98 39 98 48 52 73 96 95 0 27
10 44 92 65 97 35 61 94 30 29 89 0 50
8 88 58 71 70 30 44 52 69 30 26 0 36
10 98 70 47 22 37 80 59 99 41 21 0 50
7 63 28 23 29 88 48 91 30 89 87 0 31
9 92 99 61 27 84 52 46 25 25 76 0 45
9 57 95 74 28 98 29 82 33 76 70 0 43
4 52 27 81 90 68 79 64 63 67 30 0 19
7 76 26 96 39 23 81 94 42 31 68 0 34
7 31 20 87 91 58 29 85 65 97 64 0 34
3 56 27 25 81 91 21 73 67 76 31 0 11
3 60 33 74 61 25 61 67 31 70 64 0 13
2 85 31 88 38 98 95 75 39 76 23 0 10
3 70 75 42 84 89 72 90 35 80 21 0 13
4 67 99 76 25 59 40 41 88 83 77 0 17
9 35 84 89 81 70 60 55 61 22 79 0 43
4 59 79 23 99 49 46 94 31 33 59 0 20
5 47 51 41 24 88 40 63 84 80 21 0 25
7 98 89 50 99 79 37 88 74 22 53 0 34
4 35 88 96 96 77 55 86 81 41 93 0 17
10 97 82 84 86 63 77 60 35 50 79 0 47
7 51 34 66 99 25 73 61 59 69 81 0 33
4 71 71 52 36 32 72 79 63 41 81 0 19
6 27 72 38 46 44 85 50 55 53 23 0 28
9 38 36 33 28 44 30 21 38 44 39 0 44
5 46 63 98 99 21 79 22 83 43 37 0 25
5 77 90 37 96 47 66 86 92 44 72 0 23
3 39 64 29 92 91 57 37 30 96 20 0 11
5 25 21 51 86 77 27 70 31 27 99 0 25
7 20 34 60 99 35 74 91 72 47 86 0 33
4 35 32 36 94 55 49 29 32 24 83 0 20
7 68 32 54 67 89 33 81 68 71 24 0 31
10 94 62 92 68 66 25 93 51 41 24 0 49
10 68 47 81 69 38 51 93 98 87 25 0 49
8 30 34 83 82 61 97 77 64 43 91 0 39
8 41 83 83 22 64 74 24 83 46 38 0 37
6 31 34 55 82 50 68 78 96 69 43 0 28
7 97 89 63 69 69 26 95 38 70 70 0 33
6 42 99 48 37 44 59 93 73 76 97 0 29
9 58 39 93 65 72 83 30 42 96 44 0 42
5 33 85 85 58 21 89 21 61 22 92 0 25
5 69 83 58 65 70 57 59 80 54 60 0 22
7 53 30 98 73 65 55 44 94 82 90 0 35
4 20 90 65 59 66 82 20 60 24 66 0 17
6 34 26 72 60 69 80 77 79 88 60 0 29
7 51 67 91 63 50 22 76 98 46 42 0 33
4 94 56 51 33 83 95 73 71 98 80 0 17
10 40 85 38 29 53 97 37 39 92 60 0 47
3 98 93 37 41 43 99 66 71 62 49 0 13
9 99 99 46 22 21 56 41 75 50 94 0 42
7 72 57 99 46 39 86 46 70 97 63 0 35
6 90 86 35 86 62 93 58 99 37 50 0 28
3 27 93 23 74 84 89 51 81 27 54 0 13
9 93 28 99 80 63 32 75 51 93 65 0 41
8 82 74 31 50 22 51 81 67 59 48 0 37
10 83 33 26 76 48 53 25 27 95 49 0 46
4 59 70 91 90 84 95 86 70 21 75 0 16
2 36 47 70 71 78 44 79 69 34 42 0 10
6 31 26 80 55 94 89 99 28 71 20 0 29
8 32 73 88 30 32 85 52 20 82 25 0 37
10 97 84 20 22 69 79 53 50 91 67 0 47
4 39 68 91 65 74 88 31 62 53 29 0 17
9 32 75 62 66 32 51 75 31 22 35 0 42
2 41 37 81 76 76 69 68 57 32 26 0 10
9 41 89 57 36 49 29 72 30 49 41 0 45
8 96 81 81 71 26 22 40 36 56 23 0 36
6 90 32 36 49 73 60 48 97 69 95 0 27
4 39 99 78 68 56 51 87 31 39 25 0 18
6 22 89 28 24 22 55 28 86 30 43 0 26
4 44 96 83 27 68 53 84 99 97 29 0 17
5 81 46 39 36 50 99 99 98 58 25 0 22
8 88 31 28 42 47 66 58 75 21 90 0 39
9 62 44 28 64 61 47 65 37 66 94 0 45
5 89 22 60 30 58 90 52 85 49 24 0 22
3 99 98 64 66 39 32 71 79 65 88 0 11
4 37 85 68 87 74 92 74 54 33 99 0 16
9 97 27 45 63 26 59 36 53 44 51 0 44
4 66 26 88 85 42 75 34 96 49 38 0 17
7 71 74 42 31 34 67 50 76 91 56 0 31
2 56 54 61 87 60 30 94 20 82 51 0 10
8 94 59 46 85 38 80 98 48 96 93 0 37
3 72 72 86 77 95 61 25 93 42 83 0 12
9 74 22 41 39 89 26 97 49 48 69 0 43
8 59 71 43 76 47 53 84 28 81 60 0 36
5 32 57 88 66 34 64 63 45 98 81 0 21
3 27 49 90 57 78 53 71 45 46 48 0 14
8 50 94 46 29 32 34 95 64 34 56 0 37
5 20 43 59 24 57 85 41 52 51 83 0 23
8 45 27 77 45 32 61 39 42 25 35 0 39
5 42 51 58 80 52 85 41 96 72 35 0 21
7 77 95 63 38 57 26 25 72 94 64 0 35
10 37 93 57 43 24 81 49 93 76 61 0 50
10 97 47 52 75 41 63 52 34 98 50 0 47
8 91 51 65 83 44 92 43 58 84 58 0 37
6 54 26 72 61 64 50 24 78 75 88 0 29
10 77 22 56 62 96 86 25 23 89 56 0 47
7 59 94 97 96 41 69 91 88 75 27 0 34
6 53 42 59 91 35 94 39 26 30 26 0 30
6 86 88 39 75 35 65 79 47 36 47 0 28
6 55 38 95 83 47 24 67 47 46 67 0 27
8 86 79 20 97 94 40 82 53 56 35 0 37
6 53 39 46 92 33 44 59 64 47 90 0 29
3 96 50 41 21 28 60 85 58 83 79 0 12
8 33 53 77 76 70 43 89 79 96 78 0 38
10 73 82 46 41 36 37 20 56 51 54 0 48
8 48 68 42 47 50 51 27 68 29 81 0 40
7 57 75 20 44 63 89 48 99 21 77 0 34
5 85 63 27 39 23 79 72 61 36 87 0 24
7 54 56 41 36 64 69 34 50 68 59 0 32
7 96 33 94 85 65 39 44 68 72 35 0 34
7 32 91 51 20 65 48 96 49 23 30 0 34
4 90 26 47 60 93 39 63 96 77 33 0 16
3 34 94 87 66 32 42 62 45 70 68 0 12
8 63 80 28 59 66 25 28 27 77 65 0 37
4 70 46 23 70 40 20 47 64 66 72 0 19
6 25 27 50 95 60 42 58 30 70 32 0 28
4 81 24 76 50 63 82 93 74 72 20 0 17
5 70 54 61 57 79 41 98 72 33 87 0 24
5 78 88 21 41 87 33 79 46 33 80 0 23
5 70 55 39 38 38 43 91 44 20 63 0 25
6 29 28 48 49 98 55 85 85 29 91 0 26
8 28 33 30 48 35 88 38 95 46 26 0 36
8 65 51 38 53 80 47 51 59 25 88 0 38
4 45 97 89 92 77 74 26 93 60 29 0 17
10 59 73 24 95 66 32 57 92 60 31 0 46
3 65 64 25 33 95 21 26 57 24 65 0 15
10 92 96 99 42 65 65 84 59 62 51 0 47
4 56 99 79 64 85 61 35 62 48 41 0 19
9 71 31 51 45 44 48 62 43 83 67 0 44
2 25 56 23 35 43 24 54 36 97 90 0 10
3 27 30 44 76 94 85 28 49 46 62 0 14
7 73 23 93 82 51 87 92 34 80 78 0 31
4 33 79 98 66 94 84 31 40 84 27 0 16
2 68 97 91 33 36 30 99 45 88 62 0 10
7 78 79 94 28 87 70 20 25 49 65 0 31
6 64 60 72 35 90 33 46 43 57 95 0 30
6 31 83 58 88 93 55 29 93 80 26 0 27
8 92 28 93 38 68 30 62 96 49 37 0 36
9 95 47 79 56 42 24 81 86 94 63 0 41
3 29 93 63 53 36 26 58 86 66 92 0 12
10 23 77 64 51 80 60 28 53 84 73 0 48
5 90 31 50 78 28 88 29 82 36 69 0 22
9 33 82 30 54 87 36 65 98 88 30 0 45
5 47 87 76 35 57 58 58 32 44 32 0 23
6 52 49 41 81 25 97 49 87 87 91 0 27
10 20 57 66 23 40 27 27 77 79 75 0 48
10 87 71 91 23 84 25 77 86 35 52 0 46
5 26 80 64 43 69 84 75 23 79 88 0 22
10 65 46 56 93 28 79 94 89 30 34 0 46
7 40 45 97 99 43 87 23 57 94 52 0 33
10 83 47 27 91 87 76 21 70 25 72 0 48
5 56 73 78 25 66 22 55 65 50 81 0 21
4 39 63 43 78 66 99 71 88 78 91 0 16
10 82 80 81 38 66 39 84 73 55 67 0 48
9 23 58 61 50 31 26 49 37 60 35 0 45
9 80 41 30 79 64 78 20 80 45 23 0 43
3 63 75 52 47 31 33 73 64 29 35 0 14
7 56 22 94 90 74 99 93 68 50 38 0 31
7 96 64 40 80 21 47 65 35 37 51 0 33
10 47 43 64 95 95 61 46 60 91 37 0 46
8 60 94 32 36 53 41 80 71 55 48 0 40
6 39 60 62 81 47 51 64 44 94 33 0 29
5 35 74 29 68 24 57 67 52 77 40 0 21
9 45 28 40 38 92 24 77 59 35 97 0 42
9 87 61 22 74 33 29 99 90 46 69 0 45
9 38 43 77 56 66 93 81 54 25 78 0 42
9 87 77 24 71 37 25 53 96 96 85 0 41
3 75 82 50 76 25 44 34 50 48 28 0 11
10 22 59 44 90 40 47 89 67 85 88 0 46
3 89 35 46 88 73 26 82 31 91 23 0 15
10 79 78 83 40 37 82 50 30 63 47 0 48
9 27 56 92 28 76 95 88 94 73 94 0 45
6 66 61 44 99 25 74 95 38 24 42 0 26
5 86 85 95 86 28 64 62 70 23 55 0 24
5 97 45 70 25 48 75 30 54 85 90 0 23
8 42 53 69 64 80 35 70 94 55 61 0 36
5 62 71 36 44 95 78 38 35 97 89 0 21
4 88 98 96 73 64 86 78 88 63 80 0 17
10 75 32 40 99 92 34 60 68 96 66 0 47
9 22 94 51 92 90 40 63 64 90 80 0 45
10 97 48 88 46 58 55 98 82 23 54 0 48
10 77 65 56 74 34 76 71 46 68 29 0 50
5 77 74 36 81 24 99 57 33 61 22 0 25
3 50 79 53 81 96 68 47 69 58 74 0 11
9 72 52 46 56 27 21 61 87 53 24 0 45
7 67 60 68 23 91 21 78 51 94 79 0 32
3 77 83 32 82 79 50 27 71 39 65 0 14
8 22 56 63 38 38 41 81 90 62 82 0 37
6 34 34 77 67 40 69 48 54 61 61 0 28
4 38 47 58 94 90 23 98 67 52 80 0 19
6 85 74 44 83 71 60 99 66 84 86 0 28
5 82 61 65 63 63 47 53 51 79 39 0 22
6 57 53 87 43 75 74 31 45 66 66 0 28
6 40 24 37 88 93 65 76 37 91 41 0 27
4 40 34 43 78 89 43 40 45 75 62 0 16
3 53 55 39 32 91 60 39 89 39 26 0 11
9 25 22 93 78 47 51 79 74 89 61 0 45
6 53 81 49 75 86 66 85 30 23 36 0 29
10 22 99 71 31 54 64 47 56 66 53 0 49
4 97 24 77 72 30 55 85 80 82 88 0 18
6 35 60 71 76 65 50 58 20 49 37 0 29
3 94 58 90 91 42 81 45 63 68 70 0 13
10 29 70 24 54 42 88 74 22 61 71 0 49
5 76 38 89 74 85 74 71 40 46 39 0 22
9 87 95 59 59 72 49 91 66 69 73 0 44
5 96 56 93 89 96 86 93 75 87 90 0 23
5 65 91 52 23 49 49 76 40 48 66 0 23
4 72 80 45 24 82 65 95 61 68 65 0 18
8 30 61 20 57 85 59 61 82 86 98 0 40
6 76 31 53 76 78 23 69 84 39 54 0 28
3 97 41 93 27 47 40 31 77 27 92 0 15
8 76 28 24 61 87 63 71 33 27 62 0 38
5 72 23 96 78 75 74 21 93 55 76 0 22
5 77 31 42 90 91 20 85 90 90 21 0 22
4 92 34 69 21 89 92 70 62 26 25 0 16
4 42 70 46 96 99 25 28 78 38 29 0 20
10 53 59 77 63 31 59 30 27 91 99 0 50
10 90 28 31 29 64 23 94 42 69 91 0 48
3 58 93 93 72 57 64 27 85 40 50 0 15
10 79 68 42 22 41 68 92 39 29 66 0 48
5 43 75 61 25 79 50 67 82 28 49 0 21
5 38 42 83 69 25 73 99 29 67 26 0 23
5 49 56 32 59 31 90 66 64 89 94 0 23
10 25 63 78 85 25 81 42 34 47 72 0 50
6 32 88 78 36 85 27 48 87 62 97 0 29
9 87 71 67 96 93 39 82 63 72 59 0 42
9 37 72 48 66 78 52 52 58 90 86 0 42
7 78 69 54 77 37 73 64 57 47 80 0 31
8 74 25 47 71 49 45 43 29 98 46 0 37
5 50 46 75 27 52 77 87 43 63 60 0 22
8 61 23 58 35 84 39 32 91 50 29 0 39
4 53 63 83 38 94 80 55 75 50 69 0 17
6 39 60 97 84 94 54 78 90 35 92 0 27
8 87 73 87 89 31 30 59 76 57 23 0 40
10 66 50 81 20 38 59 50 57 38 44 0 50
10 98 40 39 60 25 76 91 28 68 60 0 49
3 44 73 87 66 81 94 50 43 69 95 0 11
3 81 31 31 71 39 71 30 84 28 42 0 12
6 69 82 94 49 98 84 77 26 97 84 0 26
10 91 68 65 33 46 52 40 58 42 72 0 50
4 33 21 55 21 55 94 40 57 69 59 0 18
9 36 50 59 78 58 60 71 99 98 96 0 41
3 64 80 49 51 21 42 74 49 75 75 0 15
6 85 22 59 38 43 93 48 71 76 46 0 27
6 49 52 66 37 62 40 69 88 89 96 0 30
5 65 44 85 22 70 92 77 27 69 40 0 25
7 24 46 89 73 97 94 95 52 25 47 0 31
6 85 27 40 75 83 72 48 28 87 97 0 26
6 69 90 60 42 51 53 88 48 34 90 0 30
9 88 76 77 86 52 37 41 67 90 44 0 43
6 53 30 49 46 41 48 55 83 60 44 0 28
3 52 53 64 24 95 47 64 53 72 79 0 12
2 63 41 43 50 29 90 85 24 35 74 0 10
7 34 90 99 34 84 77 38 54 89 97 0 33
5 50 66 50 39 24 30 39 65 82 77 0 22
4 72 69 88 28 40 52 41 54 64 66 0 16
8 65 30 37 70 73 46 46 22 90 38 0 38
4 45 26 20 84 83 77 85 28 36 58 0 16
3 32 60 41 32 95 94 68 69 87 92 0 11
6 21 36 94 51 68 35 31 90 85 75 0 26
9 88 51 59 47 55 99 24 21 63 89 0 43
8 51 33 40 76 67 82 33 96 30 45 0 40
9 29 38 28 38 76 99 62 42 98 50 0 42
6 70 78 82 69 94 77 38 80 45 23 0 30
8 23 57 67 49 54 54 35 85 65 47 0 36
4 44 69 81 38 47 79 71 30 92 95 0 19
4 41 53 88 45 53 83 84 68 97 60 0 16
4 30 30 75 99 75 92 34 58 71 48 0 18
5 42 42 77 46 83 99 91 35 86 31 0 23
4 43 38 25 73 25 47 91 88 45 95 0 18
4 24 62 31 62 59 38 46 90 88 50 0 16
8 26 43 86 26 87 35 47 20 37 69 0 38
8 89 79 90 88 86 40 40 84 26 61 0 40
6 57 28 90 64 98 83 95 71 71 31 0 27
3 64 36 40 80 73 62 72 45 83 47 0 13
4 74 57 80 83 33 61 57 91 25 70 0 19
4 34 27 76 34 46 90 78 71 28 22 0 20
4 26 79 94 96 38 81 62 32 79 87 0 16
7 23 24 81 31 31 56 62 53 22 89 0 34
9 38 49 63 27 77 32 83 50 57 56 0 41
2 71 23 66 54 58 92 94 84 60 62 0 10
8 48 29 30 65 73 64 46 60 26 23 0 40
9 62 64 39 72 91 43 56 39 28 31 0 41
10 26 72 69 83 99 29 63 99 43 37 0 47
3 51 65 41 65 36 34 98 25 87 68 0 12
6 64 77 30 31 85 84 99 71 94 52 0 27
8 99 74 68 27 21 93 36 68 59 33 0 40
5 71 90 24 95 68 50 97 88 45 78 0 22
4 22 24 54 40 41 53 29 43 66 29 0 20
10 76 65 44 34 77 59 86 22 78 45 0 48
3 80 47 71 31 28 27 79 61 66 22 0 11
3 81 37 47 30 33 23 81 69 37 25 0 15
3 94 96 63 27 71 75 50 25 72 39 0 13
8 96 71 20 25 23 72 36 46 66 54 0 38
10 77 39 90 45 35 39 45 65 81 40 0 46
7 49 37 79 35 30 88 39 22 42 78 0 31
5 20 76 21 60 23 78 31 32 31 27 0 25
9 49 70 97 54 62 79 83 52 68 99 0 41
8 92 58 28 92 31 35 47 77 34 27 0 36
3 78 36 45 97 81 49 82 81 71 87 0 13
8 87 43 38 51 47 77 62 70 73 90 0 39
5 80 28 77 53 96 54 86 20 37 58 0 22
4 71 64 63 88 59 23 92 96 60 47 0 20
5 95 38 96 58 71 21 91 95 66 63 0 25
2 84 77 67 56 57 88 54 33 92 93 0 10
9 26 30 60 71 59 88 33 43 31 36 0 42
10 21 44 62 86 88 48 42 99 73 97 0 48
5 53 44 62 94 67 57 50 98 40 83 0 21
4 52 51 43 24 27 72 61 86 24 28 0 17
4 25 87 73 52 83 98 66 66 54 37 0 17
2 82 23 35 22 67 36 92 71 89 64 0 10
5 57 96 61 38 71 52 22 62 56 66 0 24
3 41 92 99 93 29 21 20 35 68 94 0 11
9 85 37 96 64 66 47 83 73 86 56 0 41
10 56 71 55 67 21 38 58 35 70 87 0 46
8 59 35 25 56 21 21 82 47 90 60 0 40
3 35 80 70 35 45 83 29 84 27 77 0 12
8 75 31 94 89 50 84 22 77 28 29 0 39
4 27 45 49 26 61 73 71 38 25 85 0 17
4 98 74 45 29 67 89 76 78 28 92 0 20
7 52 82 96 65 52 63 62 49 94 22 0 34
7 44 89 27 58 93 38 83 80 47 55 0 34
5 45 38 46 76 69 40 78 41 83 91 0 23
8 56 74 86 91 88 53 61 94 85 55 0 39
9 88 57 95 97 26 92 86 26 29 94 0 42
10 45 75 24 64 77 42 52 64 88 20 0 46
7 47 68 29 96 94 41 62 69 72 52 0 35
7 71 54 44 82 52 97 98 46 79 38 0 33
9 29 29 95 65 65 50 40 93 45 99 0 45
4 90 95 43 91 33 92 69 52 81 71 0 16
5 43 88 36 21 68 62 38 24 45 69 0 23
4 39 80 46 67 35 59 63 41 72 46 0 19
7 92 89 99 79 31 43 63 77 51 56 0 34
5 94 74 50 91 65 79 36 43 76 40 0 21
8 67 66 74 26 47 24 38 97 44 74 0 38
4 29 81 98 44 34 99 25 74 97 28 0 19
10 33 82 95 33 75 92 32 27 92 33 0 49
5 61 95 57 97 50 47 71 31 40 74 0 25
9 65 29 58 54 77 28 31 82 35 27 0 41
9 79 94 27 25 77 68 97 49 44 68 0 44
8 86 63 63 25 70 24 68 77 39 67 0 39
6 68 64 60 47 41 65 49 21 82 51 0 26
9 78 69 58 26 42 72 33 43 25 24 0 41
8 29 68 47 69 71 79 37 88 63 71 0 36
9 59 80 71 31 48 52 94 74 99 29 0 43
7 38 40 80 84 60 39 77 77 81 86 0 34
5 57 58 41 79 61 73 62 74 87 24 0 23
6 66 59 42 32 36 79 67 98 64 31 0 29
9 85 21 80 99 94 52 48 73 91 49 0 42
10 37 46 57 56 73 25 73 46 87 24 0 48
7 85 24 23 35 35 64 69 54 71 28 0 32
8 24 86 30 38 89 24 80 42 72 44 0 38
4 31 53 70 81 49 97 85 69 94 78 0 20
6 37 33 77 69 30 96 79 32 77 73 0 28
10 22 42 50 21 50 38 54 41 71 60 0 46
7 37 52 83 40 62 72 47 87 56 39 0 33
10 98 47 79 65 31 38 31 32 24 51 0 49
3 22 68 93 40 71 80 30 30 76 75 0 11
4 94 27 44 74 97 47 28 58 43 66 0 19
8 42 51 69 40 63 53 45 31 62 61 0 36
5 87 72 60 64 59 97 73 38 83 38 0 23
9 20 96 64 88 73 48 57 84 22 85 0 42
8 70 87 51 61 65 24 37 34 35 42 0 37
9 78 80 84 89 43 50 67 44 56 61 0 44
9 45 70 86 63 27 76 61 99 25 61 0 44
8 98 62 67 83 62 21 72 31 64 59 0 36
5 25 60 78 55 39 73 21 57 69 89 0 25
4 24 71 56 26 29 67 97 89 49 48 0 19
10 62 50 90 88 83 69 66 69 78 71 0 49
7 48 72 89 44 41 91 92 22 76 39 0 34
5 34 40 71 99 57 57 94 25 89 42 0 22
6 81 69 44 37 60 84 42 71 65 45 0 27
9 44 43 43 61 71 34 36 46 26 52 0 44
4 51 81 28 26 79 37 67 54 36 60 0 16
10 33 59 40 42 71 96 82 30 22 54 0 48
5 60 54 99 59 65 94 87 85 29 73 0 25
10 79 43 95 53 52 97 72 68 51 64 0 47
3 50 43 22 41 73 89 93 81 36 22 0 11
4 92 39 87 29 29 58 34 86 97 72 0 18
7 95 59 21 65 76 65 63 94 85 30 0 34
7 72 92 42 74 69 94 44 52 79 90 0 35
3 76 43 89 70 29 69 39 90 25 72 0 14
9 99 59 39 45 77 56 65 77 62 67 0 41
10 89 87 43 26 97 93 33 77 20 78 0 50
5 74 28 78 44 53 45 62 39 51 54 0 23
4 96 23 40 91 27 46 20 39 53 58 0 18
3 56 88 57 49 83 96 97 58 77 45 0 13
7 49 63 70 63 47 99 45 98 95 32 0 35
8 25 48 38 87 76 98 84 57 49 63 0 39
3 44 42 65 33 40 62 99 30 35 37 0 13
4 60 95 24 69 76 79 39 83 71 76 0 16
9 89 83 40 63 44 21 37 98 59 60 0 42
6 45 78 58 29 45 83 80 52 49 58 0 29
10 47 68 93 75 39 26 68 29 79 76 0 47
10 34 89 42 95 92 21 25 40 50 88 0 50
6 42 36 91 30 36 51 65 71 97 61 0 30
5 55 20 95 65 56 94 37 97 77 60 0 23
9 52 85 60 43 68 73 66 69 26 33 0 44
10 45 50 35 43 61 23 45 92 56 36 0 48
8 46 94 70 98 36 89 35 60 39 63 0 36
3 97 84 40 65 35 83 21 50 86 43 0 12
4 59 24 29 71 92 77 75 54 65 84 0 20
3 90 72 60 90 39 68 93 84 21 41 0 15
9 43 69 35 62 26 53 39 62 71 50 0 44
4 47 21 92 56 88 21 66 85 97 40 0 18
3 59 61 94 88 35 78 48 91 68 53 0 11
6 82 21 41 85 35 75 21 78 32 66 0 29
8 76 49 67 69 36 21 66 67 66 46 0 36
3 83 88 87 73 65 35 92 33 50 74 0 14
6 93 58 53 53 45 80 25 39 97 42 0 29
7 50 39 46 32 44 23 45 33 37 34 0 32
6 23 36 21 70 24 68 65 50 37 84 0 26
4 79 86 72 40 93 20 78 33 92 94 0 19
7 49 84 39 83 61 83 93 61 22 85 0 32
8 79 78 87 37 64 82 27 22 51 99 0 37
9 38 23 61 68 59 89 54 86 71 31 0 42
6 97 90 69 66 84 78 88 93 55 22 0 30
9 28 76 32 77 41 59 35 82 66 81 0 44
4 79 32 77 54 76 39 39 95 52 98 0 18
4 42 75 82 46 22 81 55 24 38 25 0 16
3 74 68 80 46 99 63 25 91 34 28 0 14
4 72 72 51 87 93 43 75 66 80 68 0 18
4 28 36 86 66 68 59 55 38 99 28 0 18
9 67 27 32 97 86 23 84 93 84 96 0 42
9 78 72 92 51 62 74 26 70 97 26 0 45
6 84 99 26 82 78 58 58 64 34 93 0 28
7 54 74 42 34 78 50 89 26 21 27 0 33
2 32 20 68 32 39 57 65 76 35 33 0 10
8 53 88 45 52 36 74 94 92 42 22 0 36
10 44 71 78 75 34 29 33 26 44 96 0 47
10 34 88 58 27 86 91 72 90 88 77 0 48
10 89 78 74 70 66 91 48 47 20 88 0 46
6 52 40 76 61 32 91 22 35 96 34 0 29
3 78 43 88 64 75 28 43 93 68 25 0 12
3 46 37 60 66 48 68 49 43 42 40 0 11
4 48 90 98 94 63 40 59 24 37 63 0 19
7 36 36 32 80 59 80 52 43 80 85 0 35
5 97 98 33 63 28 54 96 29 60 74 0 24
10 38 32 28 71 88 62 61 30 92 76 0 49
6 79 23 58 27 33 34 37 26 99 32 0 26
3 78 73 68 47 65 30 68 90 42 41 0 11
4 44 50 73 59 56 67 81 26 83 46 0 20
7 26 91 62 99 33 99 24 81 26 22 0 34
8 86 21 85 88 47 27 56 43 61 31 0 36
5 53 96 45 67 60 43 96 95 32 91 0 21
4 82 46 43 36 64 42 39 68 89 30 0 16
10 34 21 92 48 23 64 68 98 90 96 0 47
9 90 85 60 74 67 48 22 89 73 23 0 45
7 86 41 98 53 45 58 55 64 76 74 0 34
6 40 54 33 56 60 90 75 95 56 46 0 28
6 47 38 79 25 98 31 69 65 22 49 0 27
5 63 62 69 55 70 29 86 64 33 71 0 21
6 89 79 87 39 58 82 67 93 88 20 0 27
5 33 80 23 87 32 63 36 66 56 47 0 21
7 67 89 89 68 45 96 91 23 41 34 0 31
7 63 38 47 38 39 63 50 67 22 24 0 31
10 24 76 46 51 31 64 52 92 90 53 0 50
10 98 91 58 31 95 93 48 78 46 59 0 49
10 57 47 72 73 38 90 44 52 96 84 0 49
8 23 39 36 45 52 35 92 68 51 66 0 37
7 82 69 38 89 95 61 69 79 49 94 0 33
10 97 95 90 96 83 49 53 71 36 93 0 50
3 85 83 81 40 82 50 53 84 87 66 0 15
10 99 57 91 85 89 89 42 76 58 38 0 48
2 76 43 65 71 40 28 69 57 58 70 0 10
9 82 34 94 91 55 80 87 86 28 78 0 44
7 44 82 49 97 29 29 29 98 65 34 0 35
6 58 37 82 46 38 64 69 74 91 45 0 26
5 51 70 28 85 68 89 95 93 76 52 0 21
10 48 92 24 29 25 32 58 86 47 29 0 50
3 81 81 65 49 31 55 70 73 33 33 0 15
3 95 62 21 22 36 81 51 93 41 59 0 13
5 96 22 49 26 62 28 82 50 71 89 0 24
4 57 29 62 23 23 81 90 33 66 36 0 16
9 51 80 69 58 97 80 98 65 68 91 0 44
9 47 29 69 39 92 93 31 67 59 40 0 45
8 65 28 99 23 31 42 27 92 91 37 0 40
7 50 78 44 26 54 53 37 49 82 36 0 32
8 43 86 47 98 47 52 99 62 99 79 0 36
4 22 66 95 38 31 52 86 40 86 56 0 17
9 88 27 69 39 31 98 75 22 35 84 0 43
7 40 27 93 57 40 91 50 40 24 31 0 35
10 23 20 60 36 55 20 76 81 40 27 0 47
10 37 34 73 63 68 47 93 47 31 97 0 49
5 80 41 85 43 47 89 96 52 42 84 0 25
2 39 23 50 86 30 30 97 91 44 77 0 10
3 27 77 22 28 61 21 58 51 28 28 0 13
6 72 22 30 78 37 47 26 97 92 43 0 28
3 38 77 77 97 90 28 90 73 40 77 0 13
4 60 45 59 79 87 80 47 65 86 61 0 17
9 22 66 93 80 73 72 52 57 93 57 0 42
6 91 44 23 55 84 44 91 53 56 68 0 29
5 69 34 67 58 83 95 45 73 59 72 0 25
10 89 92 32 23 93 46 86 69 36 83 0 47
3 67 82 84 90 68 86 35 59 81 87 0 11
9 62 54 20 93 62 82 61 29 71 97 0 42
6 80 98 64 51 44 30 61 41 86 67 0 27
4 60 45 58 74 75 22 38 93 56 64 0 19
6 33 23 92 46 41 71 99 27 68 50 0 29
10 81 63 72 56 70 35 97 95 21 39 0 50
9 66 83 65 76 75 45 86 39 35 81 0 45
3 43 99 31 69 22 42 24 91 33 35 0 15
4 43 75 81 70 50 65 25 79 50 55 0 16
7 41 45 72 91 49 76 60 24 28 90 0 33
8 82 53 50 82 24 62 85 76 65 54 0 40
9 86 73 53 40 66 65 89 58 70 74 0 41
7 25 58 61 66 68 60 86 89 46 96 0 34
5 43 74 44 25 41 32 88 77 54 33 0 23
5 53 61 97 65 92 26 25 59 81 54 0 23
6 74 60 26 37 35 95 83 35 49 84 0 29
8 78 83 92 74 86 57 67 50 61 63 0 38
10 33 58 58 47 75 72 63 88 47 45 0 46
2 51 48 71 94 43 82 75 36 69 98 0 10
8 38 46 44 38 47 40 56 49 47 66 0 37
4 65 31 92 31 38 55 54 45 44 71 0 19
4 87 38 97 57 71 74 39 41 80 47 0 16
5 95 48 65 50 99 98 32 40 90 31 0 22
4 95 53 26 73 68 74 86 48 28 97 0 19
8 57 67 69 26 76 50 79 87 46 75 0 37
6 71 31 61 38 34 33 35 49 57 39 0 27
8 72 85 91 32 30 80 93 54 77 73 0 39
8 81 82 49 60 58 61 96 45 95 21 0 37
10 41 86 47 25 35 27 57 80 92 63 0 47
10 93 89 62 69 83 98 53 94 56 26 0 50
10 47 29 69 73 89 89 58 90 30 64 0 46
7 34 23 62 55 61 71 66 92 72 99 0 34
4 73 94 88 50 30 84 88 50 22 38 0 20
6 87 51 85 58 20 83 62 50 57 95 0 27
4 73 99 75 38 37 72 99 52 75 42 0 20
8 76 82 71 23 34 58 69 99 24 74 0 38
10 59 97 78 88 65 91 82 92 20 39 0 48
7 27 66 99 46 69 75 59 63 77 36 0 34
3 22 84 70 42 88 61 40 49 39 96 0 13
7 82 95 84 81 85 23 97 39 97 91 0 34
2 70 46 75 64 44 97 94 37 70 30 0 10
4 77 95 99 25 59 91 26 78 40 29 0 18
6 97 51 32 98 43 65 29 26 45 92 0 26
9 48 92 90 78 61 23 75 92 85 34 0 45
8 46 81 41 68 42 83 78 83 26 29 0 37
3 33 42 83 62 43 26 20 45 68 20 0 12
4 44 89 94 80 28 76 79 43 30 92 0 19
10 90 73 82 21 60 35 72 93 27 90 0 49
10 97 32 40 67 54 97 85 67 87 53 0 49
6 36 82 42 25 29 87 24 37 44 86 0 30
3 64 46 83 96 73 41 52 61 89 45 0 15
9 72 79 56 28 77 66 51 23 66 56 0 43
6 40 62 67 87 77 84 22 27 89 37 0 29
10 96 78 54 37 53 74 42 90 55 66 0 49
8 90 86 71 45 41 91 32 48 63 39 0 38
2 25 87 80 23 62 82 47 33 47 72 0 10
8 27 68 80 73 23 81 62 49 86 70 0 40
8 69 22 59 29 93 45 79 66 73 84 0 38
9 32 49 71 60 77 52 22 88 26 22 0 42
10 62 65 59 33 81 59 73 80 53 39 0 49
4 29 70 62 94 62 46 72 87 64 43 0 17
3 92 46 83 44 42 40 73 21 71 59 0 15
9 61 87 38 26 39 50 76 38 68 63 0 44
8 94 34 83 55 34 57 72 37 85 83 0 40
3 22 95 46 69 83 54 52 65 90 56 0 11
9 39 84 55 84 45 76 21 49 39 81 0 45
8 64 58 47 84 54 61 70 87 90 95 0 38
6 87 30 41 57 68 73 38 34 21 40 0 26
5 64 52 50 75 67 46 89 68 55 50 0 22
5 26 76 78 45 65 71 92 87 81 82 0 22
4 85 89 94 28 57 89 71 44 56 51 0 18
10 85 82 91 60 36 62 40 43 87 51 0 48
6 57 83 36 53 87 59 55 65 91 37 0 28
9 92 48 75 68 63 32 35 67 47 71 0 42
8 41 28 80 97 94 93 23 63 70 33 0 39
9 89 47 45 22 30 40 72 91 91 90 0 42
7 31 38 84 87 44 73 64 68 81 85 0 33
7 75 39 54 32 29 56 92 54 86 89 0 35
5 88 95 51 98 96 86 27 44 67 45 0 23
10 56 75 73 30 29 72 31 25 88 71 0 48
6 62 41 72 91 88 23 66 24 56 94 0 30
4 86 38 63 40 80 83 38 92 61 31 0 19
8 70 69 27 66 82 66 45 29 74 98 0 37
5 48 79 66 85 71 46 46 58 65 92 0 25
9 33 90 96 50 73 63 26 49 83 39 0 42
9 43 56 93 31 64 44 93 37 73 26 0 43
4 98 24 23 82 41 64 84 47 70 35 0 20
9 61 90 37 63 22 68 27 61 92 69 0 43
7 32 43 21 56 37 33 50 43 91 84 0 31
6 66 73 32 42 76 39 35 49 87 53 0 30
3 26 43 30 41 76 77 97 44 69 95 0 15
3 33 22 21 85 52 89 66 53 97 69 0 13
9 53 67 86 86 90 29 34 63 33 97 0 44
4 56 98 38 93 49 77 80 74 23 65 0 19
7 92 76 24 98 61 82 67 70 96 86 0 31
3 65 49 91 89 39 41 90 92 97 63 0 13
6 71 95 27 51 66 56 31 97 77 61 0 26
9 82 46 75 74 40 90 56 74 62 53 0 41
7 43 20 37 84 49 27 26 64 86 64 0 31
3 89 79 45 57 71 67 83 96 26 57 0 11
3 61 48 22 49 35 66 70 66 81 64 0 11
9 96 82 35 99 41 74 72 21 69 42 0 41
7 70 24 38 55 97 25 46 75 21 24 0 35
6 82 79 38 21 87 76 70 84 72 49 0 30
10 86 56 86 35 26 24 36 71 45 48 0 47
8 95 64 58 26 41 94 55 64 65 31 0 37
7 48 37 34 69 51 44 62 96 76 62 0 34
4 62 59 76 57 70 48 32 77 83 60 0 16
2 99 45 33 59 81 78 78 70 38 77 0 10
9 45 20 32 39 82 70 35 99 80 71 0 42
4 23 20 28 90 62 72 30 43 98 80 0 18
9 38 95 30 81 44 41 84 79 71 95 0 42
7 86 34 74 84 27 80 72 69 47 98 0 32
86 114 120 90 100 119 86 85 76 125
106 129 145 169 196 201 233 250 278 288
117 125 160 171 186 214 222 247 279 293
103 123 142 162 194 210 221 241 262 287
113 127 154 161 192 219 223 246 277 294
104 122 145 172 194 204 226 248 269 289
111 128 158 168 198 214 235 245 260 290
107 121 150 170 200 220 228 257 270 283
104 136 140 175 183 202 236 260 278 299
120 127 147 167 187 201 238 254 274 291
100 140 151 169 195 216 240 252 272 294
116 136 156 168 195 202 228 252 274 283
114 131 143 174 192 204 232 243 275 286
119 126 153 162 192 213 237 248 270 284
109 125 150 173 188 210 237 259 272 288
114 121 146 174 198 216 230 242 270 290
118 129 157 170 200 217 239 254 274 282
119 131 160 171 196 204 238 250 265 285
104 140 142 163 184 205 230 248 269 295
119 125 158 160 193 211 223 259 260 284
108 121 156 176 193 210 239 260 280 295
107 132 151 180 193 217 226 245 273 280
102 130 142 175 196 211 230 260 272 289
114 139 160 179 192 203 235 249 273 285
104 132 147 179 189 208 221 258 268 283
117 130 151 163 190 214 223 259 280 282
119 121 141 171 187 209 234 257 280 285
119 128 154 180 194 218 232 255 260 288
106 135 147 160 185 219 222 257 260 299
115 129 149 176 195 219 233 256 264 300
105 140 140 171 183 207 237 247 268 280
110 132 144 173 186 214 239 245 264 288
118 122 147 178 183 217 235 254 279 293
108 123 140 164 198 203 234 255 268 298
116 136 142 179 184 206 221 242 266 286
115 134 149 178 193 207 225 256 272 288
117 133 159 165 190 215 224 247 280 282
119 124 143 173 189 217 226 249 271 285
117 130 151 177 197 200 235 252 278 284
102 138 147 175 181 201 232 249 267 293
118 139 147 172 197 219 231 248 261 281
109 137 159 169 184 202 227 247 271 296
110 138 142 172 198 219 239 258 275 286
119 134 159 165 195 214 226 244 277 300
106 131 160 161 194 200 223 257 263 291
114 125 141 178 187 214 220 242 272 282
114 122 151 164 193 218 227 259 273 288
106 137 151 167 183 204 230 255 262 288
111 121 156 173 193 217 221 242 261 286
115 132 143 169 193 215 224 252 271 283
108 127 158 168 182 211 227 256 268 289
104 137 155 175 185 211 231 251 265 282
119 132 152 167 196 206 240 252 266 298
113 127 155 173 187 200 232 254 267 296
106 121 156 166 200 200 232 258 266 285
106 135 149 173 191 220 227 241 267 293
118 125 140 162 199 208 227 252 262 297
104 133 142 174 184 207 240 257 265 294
100 120 159 172 200 201 233 251 276 286
119 129 159 167 184 202 222 243 265 288
108 134 158 170 182 212 224 242 267 295
113 132 155 164 195 209 223 251 264 289
103 136 142 166 182 213 239 252 278 292
111 132 156 162 189 200 236 251 274 295
114 139 150 161 194 209 238 248 272 299
108 126 159 160 189 215 237 247 269 289
107 127 160 176 197 220 235 257 260 297
101 129 141 179 194 214 224 254 266 296
110 133 149 178 196 201 234 260 267 287
120 124 159 178 184 215 221 260 261 299
103 126 150 166 197 217 222 253 260 281
118 131 149 177 193 209 226 240 270 300
111 120 142 169 185 216 220 244 264 297
113 137 160 173 196 201 240 247 269 297
117 125 149 172 189 212 236 249 267 282
110 134 151 164 186 220 238 255 274 292
115 140 158 180 185 201 237 258 260 296
115 132 141 165 193 211 235 244 271 285
120 120 160 177 183 204 226 253 262 297
113 129 140 162 198 208 221 255 280 290
108 120 150 161 184 207 234 248 260 296
100 139 151 175 182 207 236 256 260 286
115 140 143 178 184 219 229 242 266 283
112 122 141 178 196 209 234 246 265 290
108 138 151 179 198 201 221 242 273 288
106 137 147 169 198 207 220 257 268 298
116 136 152 174 199 217 224 249 265 284
117 140 155 165 181 208 234 241 260 289
102 135 146 178 195 218 223 254 265 285
112 121 140 170 183 213 234 243 271 296
115 135 150 161 180 218 226 249 277 300
100 131 154 178 196 212 224 249 265 281
120 140 140 166 180 203 224 256 272 293
104 138 142 178 180 208 223 250 261 280
104 137 141 175 185 217 237 243 276 291
114 132 143 176 194 208 226 247 276 280
116 140 141 180 182 216 225 250 264 294
118 131 144 172 188 202 235 258 265 292
100 136 159 168 181 220 233 257 273 285
117 126 158 175 194 211 232 254 275 292
105 123 159 164 182 217 220 249 267 297
110 129 147 172 181 202 228 248 271 285
118 139 150 171 197 211 228 255 273 293
111 124 155 169 196 205 236 254 267 292
119 137 157 178 184 215 230 241 273 283
103 125 157 165 199 206 221 255 271 299
115 127 150 167 196 211 222 258 261 293
115 122 150 167 188 214 228 258 264 292
108 120 146 175 189 206 230 260 269 295
102 137 148 168 191 209 227 246 269 286
104 139 150 172 196 220 232 255 269 280
103 133 156 179 185 213 220 240 273 296
105 140 149 162 192 203 235 256 277 292
106 133 149 172 197 215 234 249 280 284
117 131 148 177 185 205 237 250 261 292
113 127 155 178 191 207 235 255 267 299
112 136 140 162 186 210 229 245 266 285
118 131 153 163 200 207 236 248 275 286
103 135 140 179 182 202 228 255 274 297
120 129 149 177 182 203 233 241 263 291
101 133 159 174 185 210 233 249 279 291
113 122 147 175 186 218 224 244 262 285
119 138 141 178 188 200 238 253 268 297
108 138 142 166 197 209 231 247 266 287
119 131 155 177 189 209 235 259 274 296
118 136 150 176 184 201 224 242 278 284
119 134 152 172 180 203 238 252 272 280
115 139 159 160 192 210 238 255 271 291
117 137 147 177 199 200 221 258 268 296
108 132 155 161 195 216 230 247 266 281
110 140 159 173 194 211 235 242 272 300
107 137 156 167 195 207 239 247 267 283
105 137 160 178 195 216 225 247 279 298
108 121 142 161 192 200 239 246 260 285
101 130 154 161 191 220 240 251 271 284
108 126 141 177 182 207 238 258 280 291
114 128 160 171 193 218 231 256 273 288
118 125 152 169 193 212 228 250 270 291
104 122 147 172 192 209 236 243 280 295
118 137 142 173 197 220 238 243 262 282
114 134 142 173 197 210 223 260 261 282
102 120 146 179 187 216 223 242 271 282
101 129 150 161 188 218 223 241 274 289
115 121 156 160 199 220 232 240 263 297
100 123 142 179 196 216 240 240 278 299
106 131 160 176 183 203 222 255 264 289
106 137 141 160 194 211 227 255 280 288
113 122 149 172 191 219 226 241 266 290
111 136 143 178 189 220 221 246 264 295
105 126 159 175 197 203 230 241 276 287
103 124 151 180 187 210 239 247 267 290
118 126 144 169 181 213 240 260 262 299
120 125 143 167 187 215 238 250 260 287
113 132 146 166 181 219 226 259 265 291
110 121 149 174 199 202 228 258 275 291
113 140 145 176 186 208 235 257 280 292
104 140 156 169 187 217 240 259 276 284
114 124 158 162 185 201 238 247 274 286
112 133 143 173 191 207 230 247 260 284
105 124 143 173 185 203 220 245 264 284
118 133 150 165 182 213 235 246 261 280
112 138 146 179 187 204 221 253 272 289
110 129 147 170 182 203 236 241 272 281
114 126 158 164 194 217 221 251 279 299
109 128 141 178 200 218 234 252 261 300
105 128 140 166 190 215 223 256 275 280
111 120 142 174 185 218 235 248 271 280
107 139 150 180 189 208 237 245 270 289
120 128 160 160 191 214 230 247 275 283
114 135 140 178 190 206 232 243 263 299
112 139 149 166 180 207 225 252 264 299
118 121 143 169 184 214 230 253 266 299
106 123 156 174 189 202 231 244 269 281
105 140 155 176 195 219 239 255 276 281
119 121 157 174 197 206 230 249 278 295
108 139 144 166 197 214 232 251 278 290
108 139 153 172 180 214 221 248 262 289
103 134 150 166 188 215 220 248 262 297
120 140 155 167 196 219 230 247 271 282
117 139 159 160 187 214 235 252 275 288
113 140 152 164 195 215 234 252 278 281
100 125 157 170 186 202 234 241 267 292
101 120 150 168 186 211 240 257 267 287
103 136 145 167 198 200 222 250 280 284
113 137 158 163 199 209 236 240 277 297
102 125 158 180 185 219 238 242 270 299
118 133 155 172 189 214 225 252 263 286
105 123 154 179 186 204 230 243 272 291
113 133 155 167 192 209 238 254 272 297
114 120 144 164 194 220 227 243 262 288
108 134 145 173 184 208 236 247 276 282
110 134 145 168 197 212 224 258 263 295
113 138 149 173 192 209 223 249 275 296
110 121 157 168 196 208 231 255 275 287
106 135 158 175 194 202 234 258 275 296
112 131 160 175 195 210 224 246 277 281
110 128 150 164 194 208 221 256 277 291
115 136 142 175 197 202 233 244 270 293
116 134 140 178 193 208 220 256 275 294
103 131 152 180 180 207 238 259 277 283
108 131 143 164 198 200 224 248 273 292
114 136 155 179 186 216 233 242 280 300
108 126 141 169 197 204 240 245 271 297
102 132 143 170 187 202 238 251 262 294
101 121 146 179 189 214 240 249 280 282
108 128 148 175 192 218 235 259 276 280
115 120 149 180 195 213 227 240 261 293
105 134 155 166 198 205 228 243 279 292
107 136 150 177 193 211 235 241 277 297
105 134 145 168 192 205 222 257 270 298
118 127 155 161 194 218 236 247 260 291
114 136 143 176 190 202 222 253 279 288
101 127 151 166 180 209 240 249 275 280
101 131 157 174 186 204 226 250 271 300
101 126 144 169 188 207 222 243 275 294
103 121 157 165 183 216 238 242 273 294
107 125 147 168 180 207 234 255 280 294
115 129 147 166 186 200 220 242 263 297
105 123 156 179 196 218 234 244 275 280
103 127 156 176 192 204 223 254 280 284
113 131 145 175 191 203 227 250 269 286
118 137 158 174 180 206 230 260 267 299
118 136 146 166 195 207 240 260 271 297
116 120 159 169 200 207 228 257 261 298
118 132 142 170 192 219 225 248 275 284
105 136 148 170 197 215 238 257 263 299
108 125 149 177 199 217 229 257 262 285
114 121 141 162 187 207 235 240 260 290
119 120 148 179 195 210 220 248 278 294
102 124 156 174 184 217 237 253 273 297
107 130 149 161 192 220 222 253 263 298
116 128 143 167 187 200 237 248 267 288
100 121 159 174 190 217 232 252 266 288
119 134 158 168 197 206 237 245 264 285
108 121 147 165 188 213 237 253 278 291
101 124 152 176 192 207 236 246 263 296
104 125 140 178 188 204 221 252 272 289
118 140 148 178 188 202 227 245 269 290
112 137 158 168 198 201 223 242 269 288
100 131 158 166 188 208 226 255 276 289
101 140 145 165 181 203 239 249 264 296
105 139 140 178 192 216 236 256 265 300
101 123 158 166 195 201 228 245 267 290
112 126 154 171 191 220 232 243 261 299
103 134 153 160 196 201 224 244 279 283
113 138 148 172 190 210 238 243 262 293
107 126 160 172 195 201 223 241 265 289
110 136 153 165 196 220 224 258 265 288
100 121 153 175 191 201 222 241 277 291
100 139 153 176 194 200 234 255 274 295
111 121 142 164 192 219 226 250 274 296
112 124 145 165 195 203 222 246 268 300
115 131 143 163 189 207 240 241 267 299
102 125 156 179 193 217 236 258 262 280
106 120 147 176 188 203 229 251 273 296
104 138 153 166 184 213 224 250 265 292
113 123 160 165 191 201 222 260 266 297
116 127 141 175 198 202 239 247 274 289
101 128 145 173 196 201 223 254 263 295
116 133 142 173 195 202 225 244 267 284
115 132 157 177 185 204 231 240 270 298
110 138 158 161 182 210 237 245 271 283
115 136 145 176 199 218 240 256 270 296
110 137 143 171 200 204 230 254 276 300
111 124 157 177 188 202 233 259 262 289
109 128 159 161 198 217 223 247 280 282
105 120 157 176 200 206 236 256 275 289
114 127 151 161 197 205 232 251 272 293
109 125 155 179 184 208 233 249 279 299
114 122 148 164 190 204 228 250 277 283
115 127 149 171 188 207 236 251 264 285
110 140 159 166 180 212 228 253 275 282
100 121 144 175 194 210 224 255 266 285
110 132 142 173 196 209 233 245 268 297
104 136 155 176 183 201 232 241 261 300
111 121 153 176 197 209 226 247 261 294
111 135 152 179 186 207 222 260 266 287
106 122 158 163 184 209 240 256 268 281
118 128 147 171 198 207 236 253 269 286
105 135 160 175 200 210 231 256 275 284
116 140 157 171 196 218 233 243 265 286
117 131 142 170 197 220 222 256 261 284
109 140 145 177 185 214 222 260 270 298
111 135 147 165 195 219 225 240 270 292
117 127 142 165 184 217 235 242 280 293
113 120 140 168 183 202 221 251 276 289
116 122 143 173 198 205 232 258 271 295
103 136 149 164 190 206 225 257 278 290
119 134 144 176 193 206 233 244 268 291
112 130 154 180 193 219 233 244 270 284
116 128 154 179 183 220 234 257 276 295
115 128 141 169 186 209 234 246 262 292
108 120 142 169 191 202 221 256 271 296
111 129 142 175 192 206 230 248 265 283
113 130 149 171 186 220 237 244 261 290
113 135 149 171 196 216 236 254 273 300
115 135 140 167 191 207 222 244 262 299
103 128 151 172 187 218 222 252 264 296
108 137 155 172 180 202 229 252 263 292
115 127 158 168 185 206 231 243 272 299
101 137 145 175 197 204 234 255 262 286
117 129 148 164 181 213 232 256 270 282
118 133 155 180 192 218 240 249 277 296
115 122 143 171 182 206 220 255 274 282
117 131 160 162 184 220 235 255 265 297
111 133 144 174 184 214 234 257 274 299
115 120 157 179 199 210 227 247 264 290
105 121 159 172 189 209 237 249 267 294
106 133 159 172 200 206 227 255 277 290
107 131 157 175 197 208 238 250 269 287
108 129 144 176 184 203 233 256 260 288
102 121 141 164 184 209 236 258 262 290
120 133 154 175 196 203 225 254 261 289
103 139 142 165 189 200 225 252 273 289
119 129 140 180 191 218 231 255 260 286
108 140 148 169 191 201 227 243 280 280
104 140 158 176 186 220 227 260 263 296
103 132 149 177 194 201 232 242 276 294
115 129 156 178 197 214 240 248 280 292
110 131 147 175 190 207 229 251 267 299
101 133 153 160 193 200 222 240 262 290
101 139 151 161 186 204 237 252 272 286
111 139 147 179 180 208 223 240 267 283
103 132 160 174 200 213 226 249 265 292
116 121 144 171 188 206 227 260 260 280
108 135 150 172 180 201 220 245 270 300
110 130 150 176 193 218 224 255 269 287
108 133 148 161 184 201 225 240 271 298
109 139 155 174 195 207 224 250 263 291
116 127 146 169 180 217 237 242 260 298
105 128 160 173 184 210 238 252 273 298
107 123 151 173 191 219 232 260 278 299
111 128 156 161 184 209 236 257 261 300
105 136 156 167 196 214 231 248 268 296
101 123 148 172 192 213 228 248 273 298
118 133 145 167 196 203 228 249 261 300
113 136 146 165 199 217 240 259 280 280
110 132 150 176 193 216 231 244 263 281
115 121 148 169 185 203 228 254 268 296
111 124 144 171 195 215 232 240 269 289
100 137 145 171 186 208 221 250 274 292
107 129 144 180 183 200 232 241 262 297
103 126 140 166 181 203 227 260 272 284
109 123 147 172 192 217 234 252 266 281
113 132 153 180 184 216 234 245 276 296
105 138 152 175 189 216 223 245 272 290
118 121 159 178 194 205 236 252 260 283
112 128 160 180 197 213 239 258 267 285
111 135 142 167 199 207 228 248 267 300
119 133 153 161 183 214 230 260 260 286
117 136 143 163 181 206 229 240 274 280
109 129 143 174 191 204 224 254 272 288
106 129 153 168 199 217 225 258 272 281
110 122 160 173 197 215 232 243 264 293
101 133 159 176 188 202 227 241 266 295
107 125 146 169 186 219 231 251 277 296
120 121 150 179 200 215 230 249 279 300
111 130 149 170 184 211 224 258 264 281
108 137 141 177 197 204 229 244 280 300
110 122 140 165 180 201 222 252 266 288
114 123 141 173 189 218 223 249 265 299
110 131 142 174 198 210 234 256 277 296
109 135 159 170 199 204 230 256 276 298
120 140 156 166 189 206 228 245 264 281
116 128 153 169 181 216 220 248 278 287
116 121 150 167 188 204 228 258 262 284
113 126 160 173 181 216 236 241 280 294
120 130 154 173 198 214 232 252 269 287
106 127 158 172 183 218 228 249 264 285
103 123 152 170 193 213 236 250 271 300
116 122 151 178 197 207 234 252 264 288
111 122 157 173 194 214 228 242 266 287
110 131 142 161 192 216 237 248 271 284
110 140 159 170 188 210 227 246 268 288
115 130 145 167 200 209 232 250 277 293
105 120 146 179 191 204 224 250 260 291
106 127 141 172 195 214 239 258 277 289
107 128 146 165 187 204 227 258 265 283
111 137 159 180 192 208 221 258 268 286
105 127 159 168 195 216 235 259 263 280
108 133 152 171 200 216 228 244 273 299
100 128 153 175 195 210 240 240 271 294
100 134 158 162 193 206 232 244 267 281
115 140 151 166 189 206 240 245 262 300
120 130 147 174 183 220 240 248 261 285
113 139 145 161 182 208 222 250 261 282
118 122 155 172 200 204 225 256 268 298
112 121 146 160 197 211 224 248 278 293
108 126 150 162 190 218 237 247 277 290
106 125 157 174 194 204 234 241 271 282
109 122 143 171 186 206 234 240 278 286
103 123 145 166 200 215 234 244 276 280
103 140 156 171 182 213 232 255 270 295
115 130 144 172 184 220 231 259 266 281
116 124 148 173 192 200 238 257 272 287
114 122 156 168 197 201 232 242 275 297
117 120 150 164 190 212 232 258 271 300
104 135 157 177 187 203 220 254 272 283
115 130 157 178 181 220 220 252 274 283
100 134 141 162 199 200 237 253 274 285
118 131 157 174 191 218 222 241 275 286
111 138 143 161 182 202 226 252 263 298
120 136 143 178 188 219 234 240 278 286
103 122 160 179 189 218 226 250 262 299
105 127 144 162 195 212 230 241 272 286
110 136 146 172 197 204 230 240 263 282
120 138 158 172 188 220 228 249 280 282
102 131 156 180 194 213 240 248 265 280
102 138 151 176 184 209 220 246 271 297
101 134 144 163 193 204 233 246 265 299
107 129 158 174 198 212 226 248 270 299
112 131 140 176 194 204 233 260 269 298
105 120 143 167 189 204 239 245 272 290
118 133 158 172 187 217 236 243 272 294
119 131 151 177 186 218 222 255 273 281
102 134 158 174 195 207 235 256 277 297
104 124 152 174 188 208 235 249 265 280
109 123 147 174 190 214 236 260 272 294
100 139 150 176 190 200 236 243 270 296
105 127 148 160 200 202 228 257 278 283
107 126 141 160 184 213 237 245 260 295
120 140 159 162 196 214 223 250 278 293
116 128 142 169 198 210 231 256 276 292
118 140 157 173 193 220 230 247 271 284
115 127 155 160 189 218 234 254 260 289
113 134 151 170 189 202 231 258 266 299
105 136 153 168 186 214 222 255 264 288
111 139 142 165 190 205 239 248 267 296
119 136 151 176 180 206 232 249 261 296
120 125 158 174 190 219 238 242 260 300
117 127 144 174 192 208 240 259 265 291
100 127 148 173 194 220 226 251 272 280
111 130 150 172 196 216 235 256 266 294
118 130 150 161 185 201 227 253 276 285
103 122 151 176 200 215 225 249 275 282
117 140 155 178 192 215 237 252 268 295
109 131 160 177 195 215 239 247 269 293
113 126 143 167 191 220 234 249 280 285
104 136 154 168 193 209 221 246 276 283
112 132 160 176 185 212 220 243 275 296
104 123 145 165 180 200 237 255 274 293
120 131 140 164 193 217 229 256 276 281
100 127 154 170 189 202 223 249 270 284
114 139 160 161 183 201 225 244 266 299
114 123 142 160 193 203 223 246 265 296
116 131 150 171 186 215 223 254 275 286
115 124 140 160 189 212 235 250 278 294
118 140 147 177 185 210 222 247 270 284
109 139 142 179 183 220 220 252 269 290
104 129 140 166 181 213 227 250 262 280
112 129 148 178 189 203 224 246 276 284
116 130 148 179 181 220 233 256 275 294
118 133 140 176 200 211 237 259 277 282
116 126 143 162 185 209 240 243 279 294
119 137 141 168 195 205 240 257 274 282
101 137 149 162 184 206 231 247 267 294
110 138 160 175 181 220 224 251 265 290
101 123 156 174 182 211 229 251 262 298
120 126 149 166 200 219 236 242 264 284
116 120 155 174 191 203 226 257 278 281
106 127 143 167 190 202 235 240 264 284
114 125 154 176 192 218 224 246 272 281
115 137 151 171 198 207 230 244 265 283
104 138 149 172 197 207 228 243 265 296
119 138 157 178 186 215 224 250 276 293
118 124 143 167 190 205 233 257 280 295
101 130 148 173 189 204 232 255 260 285
103 130 152 172 190 210 232 242 262 283
114 121 148 172 189 210 232 253 267 293
118 122 151 161 200 208 228 260 261 300
101 127 154 162 200 220 227 252 267 299
118 125 143 168 187 208 231 252 278 280
117 124 156 179 185 206 230 252 269 280
109 124 148 169 189 208 220 255 277 299
101 133 158 163 198 216 236 244 265 287
111 120 146 172 191 213 231 243 274 290
118 128 142 175 180 216 223 255 263 292
103 128 140 161 197 210 232 243 275 299
116 134 147 164 183 208 222 246 273 292
116 123 146 162 180 200 221 259 261 282
116 137 149 165 199 207 232 255 263 293
116 132 159 162 197 201 222 257 265 289
112 133 147 174 194 209 229 243 276 299
113 125 142 170 190 200 221 254 272 300
120 136 159 162 200 209 221 241 267 293
102 138 150 178 192 202 221 255 276 293
105 134 147 166 182 220 223 249 280 292
111 125 145 171 182 220 237 246 273 292
118 133 157 170 183 208 220 243 278 289
117 134 160 178 199 213 225 259 273 288
110 140 155 180 189 210 228 258 269 290
103 122 149 161 181 201 237 259 273 295
119 135 143 174 187 204 235 253 270 293
120 131 155 180 185 211 226 247 267 292
115 125 149 171 195 206 236 256 268 300
117 124 144 177 192 216 240 253 273 282
112 126 144 164 193 220 227 240 276 292
117 126 160 176 190 209 240 245 261 280
112 140 141 160 185 202 224 246 261 288
115 139 146 174 192 203 226 260 271 281
110 134 160 169 196 209 222 245 269 281
118 123 158 173 200 205 221 260 266 296
107 123 148 161 191 206 233 244 272 289
109 125 159 177 195 217 233 256 276 281
105 133 157 177 187 218 235 247 272 294
107 124 140 179 199 208 239 241 276 280
100 129 148 160 189 207 238 260 272 290
106 138 145 174 199 204 228 247 278 280
112 128 142 177 183 219 230 255 276 293
106 128 154 165 189 202 232 250 264 292
106 134 141 180 191 203 220 245 278 294
106 125 154 172 185 209 224 253 274 281
108 130 147 177 199 200 220 251 262 294
102 122 140 161 182 210 225 241 263 283
117 136 148 178 200 214 226 242 279 289
105 139 152 172 184 215 222 251 265 284
101 121 152 164 189 217 235 259 272 294
114 126 159 175 195 203 234 249 275 289
107 136 150 170 184 218 235 252 278 298
115 135 144 173 193 209 238 258 280 296
116 132 160 163 196 210 235 243 275 283
116 130 151 170 186 213 221 256 265 288
120 132 148 163 187 207 225 243 266 299
111 121 141 166 193 201 232 246 261 281
120 139 158 167 199 201 230 259 278 283
109 130 141 175 185 211 226 243 267 281
115 123 155 168 184 211 226 246 268 284
120 124 148 168 193 209 223 260 269 289
118 130 159 163 180 205 223 251 267 285
118 136 143 171 180 220 231 244 275 289
113 132 140 162 184 207 234 259 262 280
117 135 140 163 192 213 233 249 278 298
102 127 146 177 198 215 227 245 274 298
108 125 157 179 187 206 238 247 273 281
109 124 142 174 190 204 229 240 271 280
106 130 158 161 181 208 237 259 270 293
107 127 145 163 195 214 232 256 270 291
117 121 146 175 200 217 234 244 269 283
115 135 159 180 190 220 234 241 276 283
117 121 143 166 199 202 226 249 274 288
115 126 160 166 182 201 239 256 264 296
112 137 154 162 180 206 220 260 262 300
102 123 141 166 182 206 226 247 267 298
116 123 154 166 191 208 220 247 263 294
101 139 149 170 194 214 226 244 276 293
110 125 150 163 181 219 234 246 277 285
100 129 142 164 193 211 222 260 279 298
102 128 148 175 190 200 222 252 263 286
112 128 142 169 195 203 239 243 267 284
109 124 159 175 187 208 229 251 277 288
100 125 146 170 182 217 225 247 273 293
100 128 150 180 180 216 234 252 280 286
119 137 142 180 184 201 222 252 277 284
115 134 156 175 197 207 235 260 270 299
100 138 159 171 194 220 222 245 264 280
113 124 143 175 193 207 237 253 273 285
120 128 143 174 198 218 222 245 280 295
115 139 141 178 189 200 220 252 267 296
104 127 157 170 199 214 225 259 265 288
112 135 141 169 191 219 238 246 262 286
101 126 145 169 198 204 231 242 260 292
103 129 160 178 197 203 232 241 279 288
114 136 154 166 195 217 240 259 260 288
117 134 156 165 193 212 233 246 260 298
100 120 147 165 188 215 220 250 276 286
104 134 143 160 197 203 240 245 277 298
117 125 160 165 196 211 229 250 270 282
119 138 140 167 180 202 236 256 270 294
107 135 154 168 185 213 232 256 276 283
117 140 142 173 195 202 228 257 267 285
108 122 156 176 200 216 232 245 271 297
104 124 142 173 183 214 222 251 278 298
118 125 154 163 200 206 239 244 268 299
112 137 157 160 199 215 239 249 273 297
117 128 148 180 196 204 225 253 273 283
111 140 140 176 189 216 229 249 273 300
113 130 151 173 187 205 238 258 271 280
101 136 145 179 191 216 220 242 267 288
111 127 153 176 191 208 228 246 274 299
102 133 153 170 190 220 235 248 267 292
117 122 150 180 189 201 220 252 279 281
114 134 145 179 191 206 232 240 280 298
108 127 146 176 200 202 234 241 266 283
113 129 144 167 180 217 233 242 279 292
105 137 149 176 198 209 223 254 268 289
105 140 143 164 196 207 222 251 279 288
116 131 145 175 184 219 240 260 263 282
107 129 146 160 183 215 233 242 266 286
119 129 159 175 182 203 228 242 280 295
118 137 154 165 194 217 234 246 275 288
116 133 152 165 192 202 235 243 280 292
100 120 141 162 197 208 239 248 272 299
119 129 143 164 190 209 235 256 275 296
119 127 159 172 181 219 225 246 273 281
110 132 140 171 187 213 227 240 274 297
111 134 141 162 200 216 223 243 277 288
112 133 145 180 190 212 232 241 278 287
100 138 158 166 184 206 221 250 269 292
100 139 151 180 184 207 238 249 277 286
109 133 143 167 199 217 239 254 277 293
107 135 142 171 190 201 229 247 273 291
114 123 148 178 196 203 237 247 263 284
103 123 151 168 181 219 222 243 272 292
113 120 145 178 195 218 240 249 269 285
108 134 147 174 188 205 232 243 263 297
110 123 149 160 183 204 222 245 269 290
120 121 158 170 190 215 240 249 266 287
113 121 148 167 185 218 237 246 265 282
107 132 151 180 184 205 222 247 265 286
100 121 158 162 192 209 239 259 267 294
103 129 149 163 195 201 238 252 276 292
115 139 149 174 191 206 231 241 271 293
107 120 157 161 189 206 229 241 266 292
101 132 160 165 194 200 221 251 278 293
107 123 148 177 187 207 230 255 269 289
105 130 141 180 200 214 240 247 278 289
105 124 150 161 190 214 237 255 262 289
100 136 140 164 198 200 232 241 277 299
116 122 158 164 194 203 228 258 263 284
103 136 158 163 189 202 228 258 276 282
119 130 157 175 193 205 237 254 267 298
102 140 152 174 184 212 229 248 276 288
111 126 159 171 187 217 227 252 276 293
104 131 144 175 187 205 229 242 264 298
113 126 151 167 189 210 223 255 275 299
111 126 141 162 190 205 225 249 275 288
108 136 156 179 194 216 231 243 268 281
117 128 153 176 200 215 239 242 261 290
110 130 141 178 184 215 225 258 280 293
105 130 154 168 182 207 223 257 275 300
102 130 141 173 200 204 239 241 265 300
108 136 151 160 181 219 231 259 261 287
111 138 147 177 181 206 231 259 273 285
105 129 147 175 200 207 233 255 280 293
114 136 143 167 195 208 238 257 277 295
117 128 156 176 188 211 230 255 275 295
105 127 159 162 188 206 237 254 272 291
104 139 147 177 184 202 224 247 276 288
120 134 158 167 196 217 237 250 269 291
116 124 149 177 195 218 225 244 263 280
113 135 158 163 191 205 228 249 260 281
117 130 155 173 183 218 230 246 270 289
113 121 151 166 196 210 227 245 268 287
109 131 151 178 200 210 226 255 267 295
107 129 144 171 199 211 226 241 270 293
119 134 143 168 183 200 239 251 267 281
112 133 152 176 194 210 237 242 268 284
112 129 151 173 198 216 234 247 270 300
116 134 158 169 183 216 221 258 260 299
112 130 156 166 194 204 229 250 261 287
117 130 157 170 183 220 231 250 260 293
115 131 146 173 183 217 239 257 272 298
102 124 145 180 180 214 231 240 265 283
107 135 145 178 195 205 228 249 273 299
101 127 154 171 183 205 232 256 265 286
105 125 158 175 195 219 235 257 268 287
102 124 140 166 187 219 234 247 267 296
110 139 146 173 197 219 231 242 263 281
114 131 145 175 197 208 236 242 271 297
113 126 157 168 194 218 236 247 260 287
119 122 158 171 200 210 235 248 272 293
114 128 158 176 196 205 230 244 270 296
114 139 150 160 192 208 229 245 268 299
111 124 144 179 198 210 237 240 261 284
106 125 160 171 199 202 228 241 267 294
101 133 151 163 200 202 224 257 270 282
115 134 154 179 180 200 240 241 275 287
107 130 146 167 198 207 239 260 273 286
113 122 155 171 190 218 233 257 262 289
102 137 157 171 184 213 231 254 272 294
112 124 157 160 200 203 221 249 265 286
119 128 152 175 193 200 225 260 267 294
119 138 157 167 198 201 238 255 271 283
114 120 148 174 185 216 221 248 273 290
115 127 156 163 191 205 235 254 263 289
120 120 150 174 193 216 226 250 267 288
114 126 152 165 182 206 222 256 280 283
110 127 150 175 194 210 224 244 279 285
113 128 148 180 180 209 234 253 279 291
110 134 150 163 188 200 228 255 278 285
117 133 159 180 196 217 238 260 261 290
117 124 146 177 183 217 230 246 278 282
120 124 142 175 191 214 238 256 267 290
108 123 140 167 185 208 223 249 266 292
101 132 150 180 192 211 221 241 271 299
100 129 153 171 194 210 221 260 261 300
117 127 146 171 180 205 225 246 268 300
103 128 152 160 193 216 233 244 270 284
117 131 145 164 180 202 226 247 274 296
108 128 145 162 187 206 240 250 260 281
106 139 144 173 190 202 229 252 280 287
120 123 157 177 188 218 235 254 276 289
102 130 156 173 185 216 223 253 264 298
103 140 157 161 189 205 239 242 267 291
114 137 147 166 182 204 223 248 279 293
111 138 153 168 198 201 224 241 280 287
110 130 146 168 192 214 238 245 270 294
113 127 143 163 188 214 240 259 274 284
101 140 145 169 198 209 238 260 267 280
105 134 142 179 189 206 235 253 261 285
116 135 140 165 200 202 220 259 280 298
105 140 156 160 181 220 227 260 269 285
105 126 143 177 191 218 232 258 280 285
111 132 144 165 182 212 227 243 261 297
115 125 142 161 192 203 221 246 270 297
114 128 152 166 191 204 227 246 278 286
103 120 146 177 182 205 227 247 268 298
106 123 145 168 191 204 227 259 265 287
103 123 150 169 198 213 222 245 262 288
104 123 149 170 189 206 232 259 272 296
118 136 158 166 180 214 237 247 275 294
120 129 151 170 180 202 232 245 264 291
110 132 140 178 200 209 227 248 261 292
118 122 150 177 199 218 232 248 266 284
107 122 155 176 183 202 231 246 273 289
108 125 143 174 191 217 240 260 260 297
119 139 140 167 198 220 227 256 260 285
111 131 155 167 189 203 234 242 260 287
103 139 159 161 194 219 221 244 273 283
119 122 152 177 186 204 224 246 272 293
120 134 153 177 197 203 220 253 271 291
118 136 153 172 199 216 222 243 278 283
107 128 141 165 180 200 239 240 280 293
101 121 150 177 195 209 225 253 280 287
102 138 157 176 188 208 239 250 263 284
112 124 159 163 185 214 238 254 271 283
117 129 144 175 200 219 235 244 265 290
103 140 140 177 192 213 225 247 269 289
104 134 143 171 184 213 234 257 272 294
104 121 146 165 189 207 227 242 269 280
112 134 160 166 184 200 227 255 280 281
109 124 144 161 195 207 231 258 264 287
108 129 149 172 180 203 240 242 279 295
111 131 151 180 189 211 238 256 277 290
102 131 140 167 188 203 234 245 263 291
112 131 152 170 195 210 234 240 275 300
108 121 159 171 196 206 238 256 266 283
108 129 140 165 181 219 226 258 265 288
104 126 155 161 188 200 236 246 265 292
120 133 150 177 186 213 230 245 272 298
111 140 155 177 194 201 237 259 277 299
110 125 142 165 197 216 238 252 266 285
101 120 154 180 200 202 228 241 274 281
100 131 151 171 189 217 239 259 272 294
111 122 150 176 189 220 236 248 262 283
116 128 159 162 196 219 226 253 267 288
104 136 155 162 188 207 232 259 267 290
119 135 158 173 181 212 238 242 278 284
114 133 159 164 192 216 230 245 268 292
111 135 156 171 193 202 220 254 266 282
105 127 160 176 187 216 232 251 262 300
110 140 160 172 188 213 223 258 270 299
119 124 158 169 196 203 222 240 265 298
108 121 141 171 195 203 231 244 260 292
105 131 149 169 188 213 230 257 271 289
110 136 152 174 194 205 221 258 268 290
114 133 160 167 187 208 230 247 263 285
108 134 159 179 190 210 235 254 268 285
106 123 147 168 198 216 228 248 277 300
110 139 152 162 195 214 229 252 276 285
105 127 160 160 184 206 227 242 270 299
104 121 158 173 191 210 233 259 262 296
117 136 142 162 199 211 223 249 278 281
115 134 151 178 194 218 225 249 278 291
110 136 159 170 186 220 233 256 277 292
119 135 141 160 182 219 233 249 261 296
113 127 156 165 187 204 239 252 262 289
114 127 148 179 196 219 227 240 265 295
109 122 151 179 182 212 232 250 267 284
111 124 147 164 188 218 239 253 265 293
107 134 152 170 187 215 240 247 267 289
102 133 146 165 191 216 224 259 274 296
106 130 146 180 192 209 226 253 277 291
105 137 154 168 189 209 220 251 260 285
104 123 143 171 199 202 222 259 263 295
109 130 157 176 189 207 223 240 265 295
106 123 145 168 197 204 230 255 263 288
106 129 140 162 198 206 222 256 264 293
100 128 154 174 191 207 226 260 262 283
120 135 160 167 187 205 230 258 272 289
109 136 145 164 193 209 226 251 273 291
110 128 150 178 196 215 221 256 263 300
111 132 147 171 182 217 221 260 266 295
120 122 143 169 190 212 240 247 280 287
110 133 143 171 183 220 224 243 266 282
108 137 149 169 199 202 234 250 277 291
111 125 149 168 182 213 240 243 268 295
118 122 160 172 184 203 220 257 276 296
109 138 150 174 185 201 220 251 261 280
119 140 146 160 188 220 232 249 274 282
120 135 150 172 187 218 231 250 279 290
120 138 152 175 192 209 234 249 276 290
102 122 152 177 183 214 220 251 278 287
103 127 143 162 183 206 223 253 262 294
104 125 148 167 197 206 233 242 266 281
113 133 148 168 192 218 220 258 276 295
107 120 146 177 181 219 232 253 278 297
115 129 153 172 193 208 235 244 265 282
105 129 144 166 193 213 224 246 262 296
111 135 146 180 189 205 220 255 266 287
103 125 149 160 188 211 230 241 270 284
115 131 160 170 180 215 227 245 275 299
115 138 155 174 198 215 238 253 264 282
101 137 148 169 190 213 232 240 280 285
117 128 156 174 192 208 230 246 269 300
110 122 151 171 196 208 225 242 275 285
114 126 158 163 193 204 234 252 277 284
115 133 155 165 191 209 222 249 278 300
104 134 141 173 182 211 232 256 280 291
104 125 160 161 191 214 220 241 273 296
112 134 151 170 192 220 237 248 269 295
120 134 142 179 190 220 226 249 276 299
103 136 147 172 183 210 238 250 280 300
116 134 140 171 199 211 226 259 272 295
103 124 148 168 191 203 236 260 260 292
118 136 147 173 187 217 229 243 277 287
113 130 157 174 197 215 222 252 271 296
108 120 149 161 191 209 226 245 280 298
112 125 150 177 180 202 237 255 270 291
111 128 160 172 197 200 240 255 272 288
115 129 148 165 199 200 239 251 273 291
119 131 143 165 192 205 234 244 278 282
103 135 149 165 182 209 226 250 268 287
111 132 154 166 183 214 235 253 279 298
112 137 150 177 184 206 226 240 274 298
109 139 144 170 194 211 237 242 267 291
110 132 145 165 199 213 226 260 272 286
113 135 143 177 193 207 230 247 262 291
105 136 152 161 183 215 231 245 278 287
114 127 142 164 185 211 234 259 273 298
101 123 158 166 180 213 229 250 260 287
111 129 144 161 188 206 227 248 267 287
116 139 154 165 185 206 222 253 280 284
100 134 148 175 199 200 234 248 278 281
100 123 145 169 196 215 239 245 269 293
114 128 150 163 187 213 237 242 265 297
118 121 156 178 194 216 234 259 260 281
103 121 142 160 192 214 226 251 274 298
110 128 158 170 185 215 231 259 268 297
112 123 151 169 180 205 229 258 276 280
103 130 157 167 187 201 229 247 269 299
115 129 154 173 198 208 233 242 260 295
116 121 158 168 186 209 234 255 273 282
118 131 154 169 191 220 239 256 265 288
116 138 159 172 182 214 222 244 266 298
108 123 151 163 198 200 236 259 280 289
102 128 140 169 180 218 227 254 276 285
112 130 145 180 187 200 238 241 269 283
102 124 143 180 193 216 231 257 275 291
100 138 145 171 182 207 225 256 277 290
109 139 159 172 197 208 221 247 278 280
109 130 140 174 184 209 238 256 264 291
108 133 160 166 194 201 231 249 270 282
116 123 159 165 192 216 225 248 269 292
114 138 149 169 195 217 233 241 262 285
108 131 154 171 196 201 238 242 280 283
105 132 156 176 198 209 233 252 271 287
107 125 147 174 186 205 237 248 268 292
108 123 150 175 190 218 236 243 277 283
113 125 144 173 199 211 237 252 264 283
117 127 142 164 197 201 238 256 261 298
112 133 150 180 199 203 235 240 273 289
110 120 143 161 193 209 236 253 274 293
109 121 158 170 199 204 222 252 277 282
120 132 148 175 195 202 226 243 271 287
106 124 149 180 189 207 232 250 267 282
115 139 152 163 181 210 235 260 278 300
120 137 155 174 183 215 237 256 264 291
115 129 151 170 194 203 237 252 262 285
118 123 143 170 200 219 220 252 270 286
120 134 160 162 186 203 222 257 260 287
109 129 148 160 191 213 224 247 272 299
107 134 159 169 185 217 238 250 275 288
101 126 157 165 199 218 235 246 264 300
107 127 143 176 180 208 236 244 270 298
114 126 142 169 186 204 239 256 261 289
100 128 147 178 187 202 233 244 264 282
117 125 144 169 194 204 233 255 260 296
106 125 146 175 194 214 234 257 262 299
118 124 144 162 181 220 222 247 262 282
112 120 148 172 186 205 221 248 270 294
102 135 148 161 180 218 233 244 270 293
106 140 146 175 190 207 227 256 262 293
116 136 145 161 200 211 221 245 273 299
117 131 158 177 183 213 238 250 266 289
120 125 156 165 192 216 229 254 265 293
110 135 144 174 197 200 225 241 272 287
104 140 153 171 194 215 229 258 269 295
106 139 145 169 181 215 223 256 267 290
109 130 149 170 187 211 222 240 262 297
114 138 142 169 194 212 235 244 280 281
113 130 151 176 196 202 220 244 269 299
101 120 159 160 200 212 226 258 280 295
100 124 153 177 182 219 224 257 280 297
118 121 145 160 199 212 234 260 279 284
109 140 143 168 199 216 222 245 279 287
107 127 144 163 180 203 226 252 273 293
100 130 160 168 199 220 233 260 272 292
118 122 160 167 193 217 230 245 271 293
103 129 146 168 190 203 237 260 267 281
119 132 149 168 198 214 222 249 266 287
101 128 143 173 186 200 225 258 279 296
113 136 143 168 182 212 220 245 280 297
115 139 142 163 186 203 239 246 268 294
103 129 143 170 181 217 238 246 269 291
115 139 150 179 190 202 231 244 276 298
101 125 160 162 200 205 223 244 265 284
102 134 147 179 188 206 239 253 280 283
100 129 149 166 185 209 227 260 266 297
119 129 144 172 195 207 224 245 280 289
114 124 157 160 180 218 222 243 275 297
102 125 154 170 194 211 221 250 275 283
103 132 144 169 193 200 230 260 264 298
113 121 141 172 199 211 231 260 271 296
117 120 153 173 185 208 235 260 266 286
100 136 143 180 194 200 233 240 262 297
117 122 145 169 197 218 237 242 261 296
113 136 158 178 188 210 238 260 280 289
117 131 157 163 194 218 234 260 277 290
118 134 142 177 183 219 231 259 268 291
103 139 144 179 191 218 231 242 266 298
110 139 143 163 187 200 229 258 280 296
111 134 153 166 183 206 230 257 273 289
116 133 140 179 180 212 220 246 279 281
104 137 155 171 186 205 225 252 267 296
102 127 155 175 200 215 231 259 278 285
103 129 157 176 194 204 233 251 275 286
108 120 150 175 189 207 240 260 272 283
101 120 143 175 180 207 236 240 271 299
103 133 152 179 190 208 236 243 261 285
115 122 149 164 199 215 239 245 268 300
100 135 158 162 180 210 220 259 274 291
117 123 147 173 188 217 231 245 262 289
116 138 154 160 183 212 233 241 277 280
108 129 156 173 181 208 226 256 265 298
118 121 154 176 191 216 238 240 269 293
119 134 147 180 182 213 240 258 267 296
103 132 140 161 198 216 223 256 267 285
110 135 157 164 200 213 235 249 264 299
103 122 145 175 188 219 236 260 269 299
117 128 157 175 190 219 240 241 260 287
114 134 141 178 197 210 230 245 279 284
120 138 150 173 199 202 237 252 267 291
109 125 143 178 182 218 233 243 271 290
106 124 150 175 187 204 237 254 275 296
102 136 156 167 189 219 233 249 279 291
101 120 144 169 194 215 232 244 267 293
108 136 155 170 199 206 239 253 270 290
105 137 159 170 186 209 229 246 270 294
105 130 140 163 190 211 225 249 267 295
108 133 156 177 187 201 237 240 264 286
103 130 142 169 180 219 240 250 264 292
109 128 158 175 196 216 240 240 262 282
118 122 154 166 184 207 236 242 267 286
109 133 145 166 191 213 230 249 267 284
120 127 151 170 180 220 224 246 262 281
103 135 157 167 193 207 221 247 277 288
116 138 143 171 181 219 222 246 270 290
117 130 143 160 198 204 225 253 276 298
112 140 154 169 193 210 236 259 260 285
119 121 147 179 191 209 230 250 279 288
109 123 160 171 184 217 228 255 264 285
120 139 142 161 180 200 221 240 275 283
105 139 156 171 199 210 232 252 266 280
117 131 158 163 187 217 227 245 265 292
119 126 153 179 200 215 239 257 274 292
100 138 144 174 181 220 231 246 265 299
102 128 150 177 195 208 239 240 271 287
100 123 140 169 189 205 230 257 265 295
114 124 160 160 183 214 229 245 278 291
100 140 156 161 197 215 225 255 276 298
113 137 141 164 196 209 239 248 273 287
117 128 145 179 195 202 220 260 268 289
112 122 149 164 182 211 231 256 264 296
109 134 141 168 198 208 239 253 261 287
102 128 159 167 195 219 240 240 260 300
108 140 153 178 189 215 226 240 264 287
112 140 145 179 190 204 220 251 280 283
114 135 158 176 183 213 231 258 275 281
109 134 151 178 197 201 237 242 263 296
103 129 144 180 189 208 226 244 274 283
109 132 155 161 186 200 228 252 261 294
109 134 141 180 188 214 231 244 265 296
108 137 142 161 200 208 236 253 271 282
100 140 156 180 180 215 233 244 266 299
109 134 155 164 196 212 221 255 261 294
113 134 152 161 182 220 231 247 273 289
118 137 147 173 184 219 226 244 277 284
102 139 142 173 193 214 237 259 265 281
103 134 156 180 198 211 235 246 273 294
113 124 158 173 198 200 224 251 271 287
101 120 148 164 192 210 232 260 274 296
111 137 154 173 192 219 236 250 274 282
100 123 143 165 200 207 229 240 272 282
112 136 146 176 197 212 224 247 277 286
117 131 145 162 187 216 236 257 261 292
100 138 159 163 198 201 221 254 261 294
113 134 140 165 193 211 240 243 278 297
116 139 151 165 180 218 220 257 280 289
105 121 159 175 196 218 220 241 264 292
115 133 151 169 200 210 233 249 260 281
3614 4397 4942 5758 6677 6848 7937 8515 9468 9808
4105 4386 5612 5997 6523 7504 7784 8660 9781 10271
1452 1733 2000 2281 2730 2954 3109 3389 3684 4035
3287 3694 4478 4681 5581 6365 6481 7149 8049 8542
4794 5623 6682 7925 8937 9398 10411 11423 12390 13310
1231 1419 1750 1860 2191 2368 2600 2710 2875 3206
3862 4367 5412 6132 7213 7934 8222 9267 9736 10204
3754 4907 5051 6313 6601 7285 8511 9375 10024 10780
3611 3821 4422 5022 5623 6044 7155 7635 8236 8746
4010 5611 6052 6772 7813 8654 9615 10095 10895 11776
1750 2051 2352 2532 2938 3044 3434 3795 4126 4261
4684 5382 5875 7147 7885 8378 9527 9978 11291 11742
3462 3665 4449 4710 5581 6191 6888 7207 7846 8252
2408 2761 3312 3819 4149 4634 5229 5713 6000 6352
5710 6061 7312 8713 9913 10814 11514 12115 13516 14516
2252 2462 2995 3242 3813 4137 4555 4841 5221 5374
5365 5906 7212 7707 8833 9194 10725 11265 11940 12841
2402 3231 3278 3761 4245 4729 5305 5719 6203 6801
5961 6261 7912 8012 9663 10564 11164 12965 13015 14216
5302 5939 7656 8636 9470 10304 11725 12755 13736 14471
2043 2519 2881 3433 3680 4137 4308 4670 5203 5336
3070 3911 4271 5263 5893 6344 6914 7815 8176 8686
3430 4181 4812 5383 5773 6103 7064 7485 8205 8566
1258 1595 1776 2161 2281 2510 2666 3111 3232 3412
5158 5731 6656 7184 8373 9430 9826 11411 12336 12424
2153 2189 2549 3091 3379 3776 4227 4641 5056 5146
1914 2059 2476 2893 3117 3502 3726 4095 4175 4624
3190 4061 4422 4812 5563 6584 6674 7725 7815 8986
4955 5558 6419 7580 8398 9431 10033 11023 11367 12916
2425 3232 3232 3946 4222 4775 5466 5696 6180 6456
2870 3443 3756 4511 4849 5578 6229 6385 6879 7504
3550 3671 4422 5353 5503 6524 7064 7635 8386 8806
1954 2225 2531 2964 3578 3668 4227 4605 4840 5380
5347 6267 6544 8247 8477 9490 10180 11147 12252 13172
2540 2959 3290 3929 4259 4568 4964 5647 6000 6352
5743 6528 7803 8097 9323 10549 10990 12118 13736 13834
2153 2243 2586 3127 3415 3920 4082 4497 4894 5146
3286 3651 4240 4969 5529 5613 6594 7071 7800 7968
4396 5945 6333 7538 7796 8657 9991 10722 11497 12615
2252 2652 2805 3280 3756 4175 4403 4727 4974 5355
4697 5902 6849 7279 7925 8700 9775 10636 11669 12744
3640 4565 4697 5688 6547 7241 7901 8529 9090 9454
5246 5907 7008 7272 8593 9430 9958 10751 12204 13216
5204 6430 7852 7901 9519 9814 10941 12608 12903 14275
1606 1761 1986 2505 2631 3010 3094 3403 3824 3964
1720 1841 2277 2472 2908 3284 3419 3900 4111 4336
1494 1929 2126 2350 2575 2870 3235 3585 3684 4048
3451 3762 4848 5376 5996 6741 6865 7517 8107 8882
3920 4499 4874 5758 6575 7324 7630 8583 9230 9638
4438 5218 6490 6900 7475 8665 9321 10511 11004 11865
2194 2888 3267 3688 3898 4445 4866 5286 5581 5938
2033 2255 2596 2851 3345 3516 4095 4299 4537 5082
2157 2424 2957 3300 3566 3813 4422 4841 5089 5640
2872 3278 4224 4494 5414 5414 6279 6981 7198 7711
1706 2171 2396 2781 3069 3534 3646 3871 4288 4704
2253 2386 2671 3090 3795 3966 4327 4803 4993 5659
4586 5863 6259 7669 8109 9122 10575 11323 11675 12952
2510 3011 3987 4313 5014 5039 5840 6290 6916 7166
2272 2462 3033 3186 3509 3852 4232 4632 5051 5488
4978 6175 7280 7833 8385 9766 10318 11147 12298 13586
5095 5951 6987 7392 8788 9419 10049 11310 11895 13021
1246 1643 1715 2004 2197 2570 2883 3039 3352 3520
2674 3179 3756 3900 4549 4813 5679 6039 6592 7096
2746 3347 3612 3876 4669 5030 5727 5967 6543 7192
4546 5303 6690 6732 7951 9044 9969 10389 11314 12154
3434 4075 5132 5644 6317 7054 7534 8239 8335 9520
2838 3623 3959 5025 5445 6006 6286 7127 7464 8304
4740 5730 6419 7667 8441 8656 10076 11195 11496 12357
2050 2119 2715 3039 3141 3669 3771 4435 4452 5099
4130 5051 6012 6653 7894 8694 8894 10135 10416 11256
5438 6037 6866 8155 8891 9628 10410 11055 12436 13816
3340 3611 4272 5083 5563 6494 6614 7335 7936 8927
5208 6313 7372 7970 9029 9259 11055 11377 12389 13678
4105 4386 5227 6033 6628 7434 8275 8730 9361 9886
3530 4299 4844 5260 5965 7054 7631 8175 8784 9360
3000 3651 4120 4693 4823 5239 6176 6723 6775 7712
4840 5555 5933 6942 8119 8876 9885 10263 11398 11986
3371 3371 4492 4969 5137 5726 6342 7099 7351 8332
1931 2204 2391 2766 3379 3550 3771 4350 4776 4946
3574 3971 4962 5325 6085 6845 7737 8199 8596 9785
2510 3486 3787 4388 4563 5189 5915 6415 6515 7166
4380 5331 5446 6777 7005 8336 8716 9211 10124 10770
4826 5257 6074 7667 8441 9001 10077 10593 11411 12486
3142 4013 4391 5204 5755 5843 6423 7033 7933 8368
1282 1655 1776 2040 2389 2498 2654 3099 3232 3592
1634 1915 2140 2449 2799 3052 3150 3501 3725 3992
4457 5331 5902 6282 6891 7918 8907 9173 9895 10998
2050 2711 2932 3573 3913 4374 4474 5095 5315 5716
4826 5214 6031 7323 7882 9173 10077 10464 11669 12744
2195 2576 2862 3071 3433 4156 4308 4746 5279 5716
4110 5382 6326 7311 8049 8706 9198 10224 10881 11537
2411 2811 2811 3332 3613 4074 4494 5135 5456 5876
1570 2082 2142 2683 2713 3134 3359 3765 3931 4216
1258 1655 1703 2113 2233 2618 2859 2931 3328 3508
1264 1463 1585 1949 2147 2302 2500 2732 3052 3096
2330 2811 2831 3613 3653 4334 4514 5015 5295 5896
2724 3024 3324 3969 4337 4660 5420 5949 6110 6732
4710 6403 7485 7908 8520 10354 10965 12094 12847 13411
2233 2405 3014 3337 3699 4023 4422 4841 5241 5564
5155 6038 7803 8048 8931 10647 10794 12216 13099 14569
2100 2462 2805 3281 3452 3852 4347 4727 5165 5431
1544 1818 1962 2235 2574 2757 2978 3330 3564 3825
3895 4351 5437 5927 6873 7189 8275 8905 9360 10236
1914 2203 2524 2861 2957 3454 3694 3871 4384 4544
2894 3511 4408 4632 5585 5782 6202 7155 7604 8388
3460 3821 4512 5022 5893 6344 6674 7755 7845 8806
4725 5013 6162 6859 7721 8788 9362 10593 10839 11988
4438 4931 5998 7188 7762 8460 9444 10675 11045 12111
1336 1792 1936 2197 2496 2731 2965 3213 3513 3734
1050 1401 1512 1732 1973 2214 2334 2565 2705 2816
3821 4932 5784 6636 6858 7895 8154 8895 10117 10968
4000 5331 5674 6168 7309 7728 8945 9743 10542 11112
1070 1341 1502 1732 1983 2164 2354 2505 2816 2856
5743 6430 7264 8686 9078 10059 11628 12265 12804 14324
2157 2424 2957 3395 3642 3947 4479 4860 5088 5697
1130 1371 1412 1632 1873 2114 2305 2465 2676 2866
3550 3941 4602 4902 6013 6224 7095 7455 8266 8596
3512 4601 4771 6099 6201 6882 7766 8685 9332 10114
4691 5042 5823 6916 7111 7931 9102 9414 10273 11365
4252 5597 6690 7321 7783 8834 9800 10473 11734 12238
2948 3183 3834 4563 4849 5682 5838 6359 6828 7426
5960 6911 7061 8913 9413 10013 11915 12665 13415 14866
1738 2219 2284 2668 3165 3358 3711 3967 4272 4608
1795 1976 2337 2667 2848 3149 3539 3900 4125 4456
4731 5451 6012 7053 7373 8054 8974 9695 11136 11376
3819 4299 4876 5517 5773 6510 7631 8079 8720 8976
1275 1540 1761 1772 2125 2324 2632 2820 2996 3217
5041 5902 6333 7624 8570 8613 9517 11109 11539 12744
4222 5159 6057 6291 7618 8438 8985 9648 10390 10975
1110 1411 1602 1742 1953 2124 2364 2435 2735 3016
3755 4806 5472 5857 6838 7259 8380 8660 9360 9921
1270 1655 1932 2149 2353 2606 2714 2979 3364 3592
2062 2310 2710 3071 3662 3814 4556 4689 4956 5431
4858 6251 7404 7740 9181 10574 11535 12063 13024 13648
1846 2153 2408 3022 3107 3533 4061 4401 4776 4963
5368 6027 7532 8049 9084 10260 10871 12047 12846 13552
5556 5886 7156 7955 9084 9978 10730 11765 12706 13693
3026 3549 4275 5001 5581 6075 6859 7062 8136 8571
1780 2066 2141 2608 2968 3314 3585 3660 3945 4246
4000 4701 4981 6068 6908 7364 7819 9115 9150 9886
4090 4811 5852 7173 7493 8654 8934 9695 10856 11296
2232 2849 3312 3554 4149 4810 4920 5317 6044 6374
3805 4004 5160 5292 6580 7274 7670 7935 8694 9817
1610 1979 2283 2877 3149 3470 3855 3855 4464 4800
2342 2893 3532 3885 4039 4480 4898 5625 5824 6374
2130 2751 2831 3212 3893 4234 4554 5115 5616 5776
4304 4647 5674 6549 7271 8336 8602 9173 10124 11036
5449 6675 7018 8735 9274 10794 10843 12069 12951 14471
1060 1271 1602 1763 1983 2044 2314 2425 2776 2886
2482 2987 3636 4333 4501 5054 5751 5943 6424 6976
2016 2153 2459 2885 3090 3635 4095 4435 4469 5099
6011 6261 7162 8362 9363 10764 11915 12515 13015 14366
4417 5159 5706 6486 7072 8555 8828 10116 10350 11365
4740 5214 6419 7495 8570 8700 9818 11109 11841 12529
2157 2671 2766 3357 3547 3966 4479 4898 5336 5564
4378 5891 6564 7110 7867 9128 10095 10893 11608 11944
3316 3607 4594 4710 5378 5843 6917 7178 7962 8310
5050 5996 6447 7798 8608 9329 10365 11130 11715 12796
4315 5095 5875 7106 7598 8337 9035 10060 10840 11660
3787 4267 4812 5292 5837 6830 7535 7887 8367 8976
2250 2771 2932 3593 3753 4094 4434 5075 5456 5796
3200 3752 4275 4943 5291 5901 6859 7004 7904 8165
5026 5555 6964 7228 8549 9562 9738 11059 12292 13172
4370 5131 5651 7133 8013 8734 9374 10095 10455 12016
1585 1931 2112 2502 2863 3239 3359 3855 4141 4216
2785 3011 3562 4363 4638 5464 5890 6215 6791 7016
2792 3625 3912 4693 4927 5422 6177 6385 7036 7530
2651 2827 3532 3532 4215 4722 5074 5449 6066 6242
3658 4331 4491 5709 6093 6606 7439 7791 8431 9584
1130 1401 1502 1672 1813 2084 2264 2535 2656 3006
4023 4125 4874 5758 6269 7290 7834 8617 9060 10182
4356 5054 6408 7147 7762 8296 9486 10019 11045 11537
1165 1551 1717 1948 2158 2423 2643 2820 3051 3107
3342 3398 4408 4884 5529 5782 6454 6987 7800 8276
1846 2374 2459 2834 3362 3652 3958 4282 4742 4946
3790 4876 5367 6033 6313 7504 7749 8695 9185 10131
2173 2825 3162 3498 3961 4529 4634 5223 5518 6253
3130 3651 4042 4354 5109 5708 5994 6437 7061 7348
4807 5710 6531 6572 7680 8788 9649 10347 11291 11824
2044 2531 2748 2964 3523 3884 4226 4551 5020 5074
5010 6261 7862 8513 9313 10114 11715 12065 13366 14616
2232 2651 3312 3709 4105 4656 5295 5669 5890 6330
2379 3139 3347 3853 4568 4614 5120 5765 6456 6548
4304 5217 6016 6206 7575 7956 8982 9135 10542 11302
4702 5761 7280 8293 8523 10088 10963 11147 12435 13770
2252 2538 2957 3281 3604 4080 4289 4803 5012 5450
3055 3578 4478 5204 5407 5930 6685 7062 7904 8455
1140 1341 1562 1682 1933 2104 2394 2555 2735 2986
2746 2891 3468 3948 4669 5294 5463 5847 6304 6928
2386 2959 3202 3819 4061 4590 5207 5449 6088 6220
2540 3093 3347 3876 4544 4890 5166 5949 6064 6801
1140 1391 1502 1742 1933 2104 2244 2505 2766 2976
3640 4004 5193 5556 6481 6878 7637 8430 9091 9487
3614 4601 5384 5962 6609 6881 7970 8787 9366 10080
5274 6168 7532 8238 9178 9884 10542 11577 13035 13223
1660 1931 2262 2472 2923 3134 3329 3855 4171 4381
3230 3819 3987 4913 5529 5670 6538 6847 7576 8220
5694 6577 6871 8735 9470 10206 10794 12559 13491 14422
1761 2238 2596 3073 3073 3533 4061 4418 4725 4827
4330 5251 5732 6572 7934 8014 8974 9935 10936 11696
2746 3275 3732 4309 4477 5198 5606 5823 6736 7216
4978 5807 6497 7786 9075 9398 11055 11285 12482 13678
4192 5423 5875 6983 7680 8296 9773 10306 10758 12070
2636 3157 3808 4667 4927 5578 6255 6489 7296 7348
4438 5259 6080 7188 7885 8952 9649 10634 11332 11496
3920 4091 5078 6133 6643 7256 7732 8175 8889 9978
5155 6577 7607 8146 9715 10059 11186 11922 13687 14324
5039 6403 7062 8332 9084 9931 11059 11342 13035 13975
1900 2423 2622 3036 3469 3704 4010 4641 4876 5380
2842 3059 3732 3876 4669 5246 5679 5943 6255 7000
5596 6675 7018 8637 9323 9912 10892 12412 13687 14128
4555 5726 6807 7482 8113 9419 10815 11220 12391 12616
3040 3941 4722 5233 5593 6134 6794 7515 8146 9016
3949 4925 5628 6604 7345 8087 8672 9492 10741 11483
3409 4004 5193 5457 6052 7142 7869 8001 9025 9718
1829 2136 2511 2868 3073 3533 3993 4350 4776 5014
1851 2075 2364 2669 2989 3214 3534 3887 4224 4769
4105 4808 6096 6994 7657 8516 9141 9531 10741 10936
4439 5472 6720 7581 8269 8786 9603 10937 12056 12228
3739 4334 4797 5788 6316 6713 7505 8265 8893 9454
4848 5628 6490 7146 7393 8460 9444 10675 10962 12275
4376 5043 5413 6154 7228 7673 8895 9635 10042 11005
2214 2291 3033 3223 3813 3947 4346 4898 4974 5678
4730 5291 5691 6812 7693 8774 9014 9935 11016 11376
3475 4499 4896 5622 6514 7109 7868 8496 8694 9883
3250 3761 4482 5323 5983 6524 6884 7725 7875 8566
3773 4004 4665 5358 6184 6845 7770 7935 8596 9587
2152 2171 2676 3235 3523 3794 3974 4479 5020 5308
2662 3235 4068 4537 4797 5656 6177 6593 7114 7738
5146 6251 7164 7740 9229 10574 10670 12159 12639 14320
5695 6283 7019 8196 9176 9814 11628 12167 13099 14128
3310 4004 5259 5755 6283 7175 7671 8331 8794 9520
3937 4433 5226 5556 6514 6812 7836 8100 8727 9421
4978 5577 6774 7602 8661 9812 10917 11653 12804 13402
3040 3731 4572 5293 5773 6224 7095 7395 7905 8896
1570 1886 2112 2683 2833 3074 3329 3795 4096 4351
4140 4911 5192 6243 6593 7084 7959 8590 9431 10166
3818 4669 5384 5724 6745 6848 7596 8243 9162 9808
1210 1583 1908 2004 2269 2510 2726 3075 3328 3484
1929 2671 2767 3147 3452 3871 4556 4746 5032 5640
3895 5154 5191 6599 7117 8006 8746 9487 9820 11116
3343 4070 5226 5491 6449 6647 7539 8100 8827 9586
4378 4925 6018 6681 7462 8594 9062 9492 10194 11677
1555 2021 2307 2412 2954 3029 3374 3675 4201 4261
3513 4289 4600 5345 5903 6524 7393 7548 8137 9099
4825 5681 7212 7753 8788 9059 10049 10860 11941 13021
3200 3955 4449 4797 5697 6394 6510 7497 7700 8368
1110 1342 1695 1938 2114 2225 2456 2666 3063 3217
1910 2652 2919 3357 3699 3813 4460 4860 5222 5621
3673 4004 4697 5424 6349 7241 7472 8265 9058 9784
5498 6087 7117 8097 9568 9961 10892 12069 13148 14717
1505 1714 1871 2131 2470 2705 3135 3148 3487 3903
3376 4136 5160 5920 6382 7175 7803 8529 8661 9256
4674 5291 6480 7757 8285 8946 10090 11059 12028 13040
4378 5807 6438 6984 7741 8960 9422 10515 11146 12280
1140 1241 1612 1662 1923 2024 2234 2615 2676 2986
3142 3440 3818 4738 5359 5468 6468 6684 7414 7819
4353 5515 6247 7452 8442 8657 9603 10937 11325 12701
2215 2538 2710 3300 3718 3852 4289 4651 5089 5412
1390 1595 1896 2137 2233 2462 2786 2895 3256 3592
1990 2495 2856 2910 3289 3794 4281 4425 4894 5110
4495 5315 5666 6876 7774 8516 9374 9999 10545 11560
1550 1929 2013 2406 2813 2869 3234 3571 3880 4216
3562 3979 5036 5677 6029 6478 7471 8303 8399 9264
1536 1803 2238 2266 2785 3052 3136 3473 3936 3964
3790 4330 5664 6349 7213 7430 8510 9231 9916 10420
1834 2043 2428 2588 3165 3294 3726 4031 4368 4704
4261 4886 6057 6994 7189 8126 9101 9726 10897 11677
1150 1231 1492 1652 1913 2054 2295 2515 2786 2846
4955 5472 6419 7366 8097 8915 10163 10808 11368 12271
3970 5051 5736 5988 6493 7646 8222 9123 9916 10168
1510 1826 2172 2638 2923 3164 3374 3840 4006 4291
4740 5687 6117 7452 8441 9001 10034 10550 11540 12787
2298 3003 3422 3885 4039 4436 5119 5317 5757 6617
4561 4972 6285 7229 8090 8583 9280 10142 10716 12070
3340 4061 4572 5383 5593 6224 6674 7815 7995 8626
1600 1841 2382 2457 2773 3149 3615 3855 4036 4231
5556 6027 6921 8049 9319 9743 11107 11906 12658 13458
3160 4061 4812 5262 6013 6314 6944 7695 8266 8536
2562 3091 3466 3774 4325 4810 5140 5361 5845 6308
2350 2631 2851 3412 3953 4414 4454 5135 5235 5696
2299 2951 3056 3730 3898 4508 4676 5475 5685 6274
1342 1631 1776 1992 2353 2642 2714 2895 3256 3520
4222 4583 5123 5952 6637 7826 8475 8727 10096 10564
5095 5411 6312 7573 8248 9104 9959 11310 12436 13021
1982 2085 2442 2954 3379 3499 3958 4401 4623 5031
1761 2323 2545 2800 3243 3516 3839 4384 4742 4946
3461 3897 4187 5117 5610 5988 6771 7091 7788 8455
4490 5211 6172 7213 7733 8774 9334 9775 10815 11376
2214 2443 2938 3414 3490 4194 4460 4898 5259 5621
2310 2571 2832 3393 3733 4194 4695 4935 5256 5856
2710 3011 3562 4238 4788 5064 5539 6415 6791 7417
3895 4526 4982 6138 6733 7224 8065 8695 9291 9921
4304 4951 5674 6511 7081 8374 9021 9287 9933 11036
1140 1361 1501 1722 1973 2174 2374 2555 2745 3016
5415 6356 6591 7861 8990 9743 10448 11483 12330 14070
3821 4747 5599 6377 6932 8080 8228 9339 9784 10968
4114 5217 5902 6549 6853 7690 8716 9591 10009 11112
1620 1789 2224 2364 2603 2898 3248 3417 3824 4202
1424 1929 2042 2463 2771 2870 3291 3585 3683 4020
5275 5816 6672 7392 8158 9599 10455 11535 12166 12706
1190 1341 1562 1812 1933 2194 2414 2505 2785 2976
4036 4281 5017 5998 6383 7224 7714 8940 9606 9886
5041 5644 6892 6978 7925 9474 10119 10980 11410 12787
5005 5996 6491 7842 8293 9644 10544 11580 12346 13471
2655 2771 3623 4130 4590 4844 5235 5696 6087 6686
3475 4004 5259 5689 6250 6911 7836 8232 8827 9718
2766 3469 4146 4484 5213 5370 5916 6645 7218 7556
4183 5120 6135 6838 7696 8126 9297 9765 10506 11209
1630 1946 2172 2653 2773 3059 3510 3855 3915 4336
1132 1342 1563 1816 2037 2313 2611 2854 2898 3206
3371 3735 4324 4913 5501 5698 6314 7127 7323 8108
5160 6961 7112 8262 9463 10014 11264 12615 13666 14466
5365 5816 6311 8113 8608 9824 10409 11490 11715 12886
4654 6031 6376 7280 8226 8657 9775 10464 12056 12056
2090 2811 3172 3533 3733 4414 4554 5215 5275 5936
1555 1991 2247 2668 2923 3029 3495 3645 4156 4426
1620 1817 2196 2504 2771 3010 3374 3487 3936 4104
2430 2893 3246 3863 4193 4568 5052 5537 5889 6594
3747 4932 5673 5932 7155 7414 8229 8895 9710 10747
1222 1679 1824 1944 2245 2462 2859 3039 3280 3448
3784 4737 5010 6099 6133 7086 7596 8175 9094 9638
3409 4367 5292 5755 6613 7043 7472 8232 8760 9652
2447 2552 3036 3604 3961 4340 4782 5476 5476 5896
5086 6356 7062 8097 8473 9461 10354 11530 12706 14117
2100 2481 2862 3357 3680 4156 4270 4860 5126 5469
2062 2538 2824 3071 3509 3833 4290 4575 5165 5679
4588 5849 6522 7321 8203 8708 9422 10515 11061 12238
4998 5472 6290 7280 7753 9345 10206 10421 11195 12830
2740 3339 4172 4510 4797 5474 6203 6567 7114 7764
3327 3824 4693 5375 5934 6803 7206 8075 8634 9285
3784 4363 5316 5486 6269 7120 8039 8753 8889 10216
4420 5723 6564 7026 8245 9002 9716 10431 11271 12448
4050 4931 5932 6893 7693 8534 9134 9935 10936 11936
5438 6129 6682 7694 9029 9352 10502 11469 12021 13816
1705 2051 2201 2487 2998 3269 3615 3900 4216 4216
1440 1727 1962 2301 2522 2822 3018 3187 3434 3669
4265 4488 5488 6266 6858 7525 8450 9413 9932 10968
3340 3731 4332 5143 5863 6464 6975 7215 8086 8686
2010 2751 2912 3433 3733 4174 4434 5015 5496 5856
1187 1430 1596 1993 2026 2214 2567 2666 2898 3284
2791 3413 3792 4495 4900 5495 6144 7036 7360 7684
3171 3578 4275 5001 5581 6307 6801 7323 7730 8165
2044 2387 2766 3253 3325 3902 4226 4425 4984 5344
1585 2081 2292 2638 2848 3254 3359 3690 4096 4366
2842 2915 3828 4285 4669 4934 5679 6063 6255 6808
4938 5643 7052 7933 8681 9386 10530 11367 11763 12556
1231 1496 1573 1849 2202 2291 2522 2743 2953 3316
2510 2804 3225 3393 3856 4508 4844 5475 5475 6022
4925 5723 6018 6858 7615 8666 9633 10095 11524 11776
1427 1688 1871 2275 2496 2666 2926 3317 3552 3760
1282 1559 1848 2028 2401 2618 2714 3111 3280 3388
4520 5013 6572 7106 8090 8829 9526 9978 10839 12029
2636 3469 4146 4589 4901 5266 5916 6281 6932 7686
2043 2386 2786 3223 3547 4175 4403 4784 5279 5640
2890 2914 3612 4309 4813 5174 5534 5991 6712 7216
5116 5991 6866 7833 8477 9720 10318 11883 12160 12942
2494 3162 3254 4084 4544 4706 5281 5627 6456 6916
4740 5257 6032 7108 7753 8657 9561 10852 11454 12401
3544 3824 4382 5376 5872 6772 6927 7734 8231 9285
1550 1845 1999 2448 2785 2954 3290 3599 3894 4160
1863 2306 2715 2902 3396 3481 3924 4367 4708 5082
3971 4631 5160 5490 6250 6812 7538 8100 8727 9289
1982 2187 2613 2885 3090 3686 3754 4231 4742 4895
5579 5819 7212 8029 9037 9806 10959 12399 12592 13648
3513 3917 4972 5375 5624 6710 7330 7486 8696 9130
1330 1441 1706 1915 2191 2368 2566 2787 2974 3173
3508 4202 5226 5689 6052 7208 7538 8232 8728 9421
4130 4931 6092 6812 7733 8534 9455 10015 10856 12016
1402 1475 1824 2149 2377 2498 2823 3039 3183 3472
4006 4403 5664 6241 6997 7718 8222 8727 9592 10348
5510 6561 7112 8062 9613 10814 11865 12415 13566 14216
4960 6311 7167 7662 8473 9464 10229 11085 12076 12976
2540 2871 3201 3686 4413 4612 5118 5515 6110 6462
2740 3131 3808 4667 4979 5318 5838 6515 6776 7582
3508 4202 4664 5688 6448 7076 7902 8529 9157 9553
4183 5003 5706 6447 7306 7970 8868 10078 10351 11053
4339 5354 6213 7033 7501 8126 8633 10077 10467 11170
2950 3567 4464 4716 5473 6062 6595 7267 7379 7856
3358 4134 4724 5313 6213 6710 7082 7579 8479 9285
1310 1675 2001 2288 2548 2744 3135 3135 3539 3838
2610 3495 4120 4224 5031 5370 6047 6359 6958 7322
4840 5891 6354 6984 7951 8666 10095 10305 11019 12616
5651 6121 6921 8191 8614 10354 11295 11671 12282 13411
4530 5572 5812 6452 7293 8334 8894 10015 10456 11296
3078 3183 4042 4484 5213 5318 5864 6671 6983 7764
2474 2673 3224 3532 4347 4656 4942 5471 6132 6462
3142 3665 4362 4710 5523 6336 6888 7178 8049 8426
4038 4761 5978 6625 7385 7766 8907 9173 10314 10732
3607 4037 4731 5656 6151 6812 7737 7935 9190 9454
4645 5546 6537 7482 9014 9689 10545 10995 12436 12616
1040 1411 1572 1722 1833 2144 2334 2565 2715 2966
4495 5081 5628 6721 7189 8594 9023 10116 10389 10975
3142 3359 4008 4684 5197 5413 6441 6954 7360 7765
5710 6111 7812 8412 9863 10064 11614 12115 13766 14866
4222 4331 5412 5916 6853 7646 8366 9303 9772 10816
5210 6761 7862 8863 9363 10164 11014 12715 13616 14166
3575 4041 4879 5531 5624 6834 6834 7827 8510 8789
4510 6041 6357 7302 8969 9014 10680 11400 12346 12841
5084 5644 6763 7495 8226 9388 9560 10378 11841 12314
2119 2633 2729 3071 3471 3852 4308 4803 5013 5679
4090 4635 4873 6065 6405 7460 7970 8175 9468 9740
3512 4159 5452 6099 6439 7426 7698 8515 8923 10182
1165 1408 1596 1794 2159 2346 2545 2666 3008 3162
1440 1779 1910 2249 2575 2666 3005 3135 3435 3682
1210 1391 1592 1732 1893 2214 2294 2505 2816 2836
1336 1714 2040 2353 2535 2783 3135 3239 3460 3656
1744 2357 2579 3005 3141 3567 3754 4197 4623 5065
4353 5773 6204 7021 8312 8786 10034 10593 11411 12874
2150 2591 3172 3493 3973 4254 4534 4975 5415 5996
2810 3286 3511 4413 4863 5114 5839 6515 6740 7466
3580 4091 4874 5691 6439 6950 8141 8345 9264 9876
2016 2272 2698 2936 3192 3703 4026 4146 4639 5014
5603 6168 7109 8332 8755 10260 10448 12000 12847 13223
3376 4433 5226 5754 6448 6845 7769 8463 9157 9817
1986 2367 2900 3319 3585 3966 4480 4746 5051 5336
3062 3455 4128 4885 5333 6006 6623 7295 7632 8248
4410 6127 6612 7757 8373 8814 10399 10707 11896 13040
2635 3186 3712 4012 5014 5064 5714 6440 6966 7091
2471 2909 3255 3692 4245 4913 5466 5650 5996 6802
1330 1551 1761 1794 2169 2368 2467 2765 3074 3239
2910 3211 3561 4237 4963 5264 5789 6415 6916 7316
3904 4631 5193 5721 6382 7274 7604 8166 8958 9388
2310 2551 3112 3212 3793 4374 4695 5095 5215 5796
3513 4165 4693 5282 5872 6275 7175 8013 8261 9285
5155 6675 7509 8244 9127 10500 10892 12510 12952 14128
5449 6822 6969 8097 9323 10059 11726 12167 13099 14520
4652 5315 5901 6877 7033 8048 9062 9726 10194 11560
4450 4636 5858 6450 7043 8117 8821 8969 9635 11116
3286 3567 4043 4885 5389 5838 6735 7267 7435 8164
3310 4202 4896 5722 6415 7274 7472 8298 8992 9256
3229 3781 4362 5000 5697 6278 6829 7439 7729 8542
4967 5471 6312 6774 7783 8456 9548 10641 11608 11986
2585 3061 3787 4413 5014 5389 5639 6240 6891 7066
2584 3091 3422 3928 4237 4744 5228 5559 5911 6506
3825 4596 5612 6208 6838 7539 8379 8660 9430 10271
1931 2153 2442 2851 3260 3754 3993 4248 4776 4861
3026 3955 4478 4884 5610 6075 6423 7149 8020 8223
3706 4367 5292 5821 6118 7010 7274 8034 9091 9784
1778 2102 2477 2817 3073 3414 4044 4350 4674 4997
5651 6168 6591 7720 9084 10213 10777 12047 12988 13223
1310 1662 2014 2223 2470 2640 2913 3252 3526 3708
4798 5849 6732 6774 7699 8456 9464 10263 11188 12574
4000 4316 4982 5612 6769 7119 7819 8625 9291 10377
3258 3679 4212 4800 5221 6034 6258 7127 7716 8024
1505 1623 1831 2092 2470 2770 3070 3265 3630 3838
4848 5751 6039 7270 7598 8624 9116 10142 11086 11660
4043 5154 5265 6636 6784 8154 8154 9339 9969 10746
4794 5945 6452 7649 8339 9812 10457 11515 12068 12896
1802 2075 2380 2861 3037 3262 3598 3951 4432 4560
1170 1311 1492 1803 1823 2214 2344 2575 2766 2956
3432 3868 4071 5117 5813 6133 6887 7526 8049 8194
4302 4673 5303 6006 6858 7747 8895 9006 10339 10894
5603 6450 6638 7908 9178 9649 11295 12094 12894 13270
1727 2340 2545 2766 3141 3516 3942 4214 4555 5014
4630 5807 6732 7363 7615 9254 9422 10557 11145 12196
1020 1241 1572 1753 1833 2124 2305 2525 2635 2996
5411 5681 6717 7482 9013 9869 10635 10905 11895 12796
4186 4331 5592 6277 6889 7322 8150 9267 10024 10132
2872 3440 3873 4522 5143 5468 6360 6495 7144 7684
2062 2261 2784 3181 3469 3938 4046 4443 4912 5074
3000 3573 3938 4459 5161 5396 5994 6359 6905 7374
1778 2357 2545 2937 3362 3533 3890 4146 4520 5048
2628 3047 3466 3929 4105 4744 4942 5515 6088 6462
4612 4847 5588 6525 7423 8009 9101 10038 10936 11521
4555 5861 6672 7798 8518 9194 10455 11490 11716 12841
2276 2871 3356 3797 4193 4634 5119 5339 5780 6242
1264 1342 1640 1905 2092 2324 2567 2798 2953 3239
1898 1963 2428 2588 3213 3342 3662 4175 4191 4816
4454 5599 6788 7140 8813 9694 10002 11103 11763 13172
2017 2136 2443 2868 3192 3550 3942 4299 4742 4776
3637 3855 4848 5562 5748 6400 7144 7827 8355 8696
1100 1251 1492 1702 1903 2094 2214 2565 2786 3006
3747 4932 5858 6043 7339 8006 8747 9043 9820 10635
1342 1451 1764 2077 2305 2570 2787 2931 3304 3496
5085 5515 6118 7538 7753 9302 9603 10980 11324 12572
3718 4619 5051 5808 7105 7574 8367 8763 9916 10781
2446 2825 3099 3456 3856 4382 4676 5181 5749 6148
1635 1733 2056 2281 2533 2814 3109 3642 3670 3964
4302 5080 5525 6117 7376 7673 8598 9450 9746 10857
2678 3047 3669 3738 4544 4637 5120 5926 6110 6663
4378 5198 5745 6799 7579 8165 8945 9492 10780 11677
2383 2636 2994 3583 4003 4214 4655 5349 5728 6317
4211 4771 5577 5682 7013 7329 7749 8450 9360 10271
5110 6911 7512 8913 9613 10114 11064 12765 13816 14666
4945 6309 6921 7814 8567 10354 10495 11718 13176 13740
4117 4636 5377 6340 6747 8154 8784 9117 10117 10820
3432 3868 4565 4943 5320 6046 6394 7062 8078 8397
5509 6309 7532 8378 9366 10025 10589 12188 12846 13552
3750 4771 5282 6133 6439 7154 7766 8787 9161 9876
3100 3671 4482 4842 5443 6044 7125 7785 8206 8866
3342 3791 4015 4885 5249 5726 6595 7099 7576 8220
3251 3548 4197 4873 5008 5711 6116 6684 7224 7900
4265 4636 5525 6339 7228 7636 8746 9487 9931 11116
3403 3607 4187 5146 5581 6278 6975 7352 7933 8194
1354 1523 1740 1980 2329 2654 2738 2895 3328 3520
4456 4799 6092 6701 7233 7956 9135 9325 9933 10656
5386 6732 6780 7692 8893 9710 10767 11823 12544 13840
4610 5571 5852 6973 7693 8134 9054 10415 10856 11256
3750 4567 5452 5758 6677 7120 7562 8345 9162 9570
2842 2963 3804 4164 4813 4934 5318 6255 6399 7120
3434 3947 4748 5164 6125 6606 7471 7823 8720 9264
3716 4261 5418 6031 6643 7392 7936 8719 9400 9570
3580 4533 5350 6031 6371 7426 8004 8413 9263 10012
1722 1995 2251 2877 3198 3342 3839 3871 4432 4496
1210 1559 1788 1932 2281 2498 2871 3135 3280 3496
3932 5117 5377 6451 7376 7562 8450 9154 10302 10376
2138 2443 2709 3376 3490 4175 4384 4860 5260 5583
2978 3595 4324 4632 5305 5670 6511 7015 7408 8192
1812 2289 2408 3073 3260 3465 3754 4180 4742 5014
2554 3011 3708 4141 4453 5030 5390 6087 6592 6760
2494 3001 3393 4084 4591 4614 5074 5788 6041 6778
2560 3061 3512 4038 4563 5264 5640 6040 6591 7092
3052 3547 3860 4641 5213 5578 5890 6307 7270 7530
3790 5015 5484 6205 6637 7754 8006 9051 9556 10240
3848 4609 5788 6244 7195 8260 8945 9857 10352 11188
1948 2153 2715 2988 3328 3464 3992 4248 4691 4929
4932 6267 6912 7832 8477 10042 10824 11607 12804 13724
1735 2036 2171 2607 2908 3149 3584 3885 4216 4456
5462 6215 7532 7673 9225 9884 11060 11436 12941 13317
2214 2481 2881 3243 3547 4061 4213 4879 5051 5488
5291 5819 6524 7184 8241 9122 9914 10707 11720 13172
1120 1221 1422 1673 1944 2024 2335 2475 2626 2826
1690 1957 2224 2350 2799 2827 3234 3641 3908 3978
3389 4041 4383 5438 5748 6555 7021 7548 8293 8727
1850 1979 2492 2701 2957 3390 3630 3951 4304 4560
1211 1251 1492 1692 1943 2104 2244 2615 2706 2906
3669 4041 4941 5065 5593 6369 6927 7796 8293 8851
3550 4091 4301 5142 5413 6614 6944 7335 8266 8686
3061 3575 3792 4386 4981 5603 6333 7009 7090 7576
4222 4871 5051 5880 6925 7682 8402 8979 10024 10744
4192 5218 5998 7270 8131 8829 9321 10060 11250 12234
1306 1511 1896 2161 2257 2486 2871 2979 3292 3388
5242 5963 6828 8365 9133 9806 11007 11535 13024 13456
2342 2871 3488 3554 3995 4590 5229 5713 5956 6462
4825 5726 6537 7347 8788 9644 10455 11535 12166 13111
2701 2794 3370 4038 4613 5005 5397 5627 6203 6525
3115 3656 4305 4873 5143 5954 6332 6522 7468 7657
5627 5819 6876 7980 9566 9710 10862 11967 13168 13840
5300 5807 7372 7648 8385 9260 11009 11791 12159 13632
2474 3025 3400 3576 3973 4546 4854 5735 5779 6616
4702 5669 6498 7649 8385 9490 10411 11377 12298 13725
3838 4070 5094 5490 6316 6878 7274 8166 8695 9718
4858 6683 7164 8172 9325 10286 10862 11727 13264 14080
2320 2636 3162 3435 3814 4613 4929 5181 5833 6001
1610 2075 2283 2636 3101 3390 3566 4175 4480 4784
4906 6155 7116 8413 9133 9614 10670 12111 12640 13744
5050 5771 6402 7618 8788 9149 10770 10950 12031 12796
4697 5343 6849 7538 8054 8958 9861 10808 11927 12400
1410 1761 2056 2393 2561 3052 3164 3473 3838 4118
3110 3979 4662 5593 5593 6710 7269 7827 8696 8882
3938 4532 4697 5953 6085 6647 7340 8331 9157 9388
5300 6175 7188 8062 9075 9535 10824 11975 12435 13770
4010 5531 6372 6853 7773 8814 8894 9815 10576 11216
3287 3607 4158 5088 5610 6017 6888 7352 7933 8281
2530 2699 3014 3666 4171 4592 4676 5160 5896 6211
4840 5849 5933 7489 7951 8414 9254 10599 11230 12448
4690 5726 7077 7662 8968 9644 10139 11670 11940 12976
4714 5681 5933 7110 8035 9212 10011 10347 11019 12028
4151 5177 5957 6942 8132 8378 9486 9937 10676 11988
1143 1430 1772 1971 2180 2247 2566 2666 3085 3184
5254 6267 7096 7648 8983 9996 11055 11929 11975 13264
1765 2021 2352 2487 2908 3194 3509 3705 3915 4486
4810 5771 7068 7933 9037 10334 10574 12015 13264 13744
4690 6041 6446 7212 8878 9149 10815 11040 12481 13426
3052 3261 4172 4302 5109 5500 5968 6515 7036 7348
2867 3323 3371 4020 4333 4862 5679 6159 6496 7072
2471 3116 3554 3876 4268 4913 5350 5903 6364 6525
4222 5051 5123 6241 7033 7286 8222 9267 9627 10276
2278 2573 3288 3709 4213 4550 4886 5160 5706 6253
1778 2119 2426 2954 3124 3652 3788 4282 4742 5082
5556 5886 7250 7673 9413 9696 11248 11483 12611 14069
5050 6176 7077 7212 8968 9689 10769 11220 12300 13381
5626 6155 7116 8653 9421 9806 10814 12159 13120 13600
5560 7011 7011 8813 9463 10814 11464 12465 13666 15016
2835 3261 3787 4338 4688 5139 5965 6465 6791 7016
1121 1507 1607 1982 2114 2390 2434 2677 2953 3184
5005 5726 6897 7933 8608 9374 10274 11085 12346 13471
3274 4267 4908 5452 6093 7054 7535 7951 8559 9360
1648 1719 2112 2533 2659 2828 3094 3543 3922 3950
4228 4969 5376 6636 7080 7636 8598 8895 10376 11042
3034 3567 4100 4941 5614 5670 6567 6763 7464 7940
2157 2462 2748 3185 3433 4137 4442 4613 5317 5564
2950 3847 4184 4941 5557 5866 6258 7127 7520 8108
2320 3091 3158 3620 4325 4568 4898 5537 6154 6352
3258 3679 4071 4913 5165 6146 6735 7295 7379 7912
2899 3494 3954 4332 4954 5819 6306 6549 7198 7738
1914 2075 2556 2813 2925 3262 3662 3887 4496 4736
1308 1518 1706 1827 2147 2401 2588 2721 3041 3184
5230 5996 6852 7437 8653 9104 10590 10950 12616 13156
2910 3491 4101 4710 5727 6046 6946 7207 7904 8688
5841 6332 7018 8048 9323 10255 11529 12559 13491 14520
2153 2297 2874 3109 3271 3956 4064 4443 4930 5074
3200 3839 4071 4972 5436 6191 6597 6975 7962 8629
1453 1753 1844 2118 2614 2822 2913 3174 3617 3760
5498 6528 7117 8833 9323 10402 11382 11824 13638 14079
2210 3047 3488 3664 4061 4546 4876 5515 5934 6440
4410 6127 6656 7933 8109 9122 10487 10971 12204 12600
2517 3070 3300 3853 4590 5005 5512 5857 6387 6755
2471 3116 3278 3946 4383 4637 5282 5696 6295 6709
2062 2225 2676 3217 3541 3668 4281 4461 4749 5128
4130 4931 6052 6733 7253 8774 8894 9735 10896 11696
3174 3371 4072 4997 5473 6118 6735 6987 7547 7996
1630 2021 2217 2623 2833 3089 3495 3660 3960 4471
4190 4685 5674 6092 6967 7766 8451 9325 10238 11037
2650 2673 3488 3752 4193 4744 5295 5493 5867 6330
2496 2673 3268 3686 4083 4810 5229 5427 5846 6220
1722 2123 2428 2893 2957 3294 3566 3967 4256 4592
2010 2431 3172 3252 3853 4194 4795 5195 5356 5896
5160 6461 7462 8162 9763 10064 11915 12615 13816 14616
5530 6683 7164 8365 9181 9902 11102 11583 13024 14080
1615 1811 2367 2427 2848 3104 3450 3630 4006 4396
4858 6347 7692 7932 9325 9614 10622 12063 13360 14080
2257 2594 3120 3730 3940 4361 4845 5370 5665 6085
2425 3001 3254 4153 4613 4936 5535 5696 6410 6663
2425 2863 3462 3715 4383 4936 5466 5880 6041 6663
5010 6811 7011 8212 9914 10014 11615 12065 13866 14967
3374 3549 4594 4768 5639 5901 6626 7497 7642 8252
4336 5723 6648 6858 7951 8498 9590 10851 11608 11860
5008 5471 6606 7362 8119 8623 9968 10683 11229 12532
3172 4351 4724 5407 5717 6586 7113 7703 8572 8944
4117 4673 5895 6339 6932 8043 8413 9339 10228 10857
2298 2893 3180 3863 4127 4524 5053 5339 5824 6573
4417 4925 5901 6525 7384 8204 8711 9960 10741 11677
1897 2153 2409 2766 3243 3499 3839 4248 4691 4912
2926 3683 4224 4846 5251 5846 6251 6576 7251 7603
4690 5131 6132 7053 8013 8614 9575 9695 10455 11616
5510 6511 7061 8913 9213 10764 11264 12915 14016 14666
5155 6381 7558 8244 8931 10157 10941 12608 13491 14716
1132 1441 1562 1916 2214 2258 2644 2666 2931 3316
1306 1643 1824 1932 2185 2642 2787 3123 3147 3460
2896 3599 3834 4615 4719 5370 6020 6749 7114 7426
5260 6461 7362 8763 10013 10364 11664 12765 14016 14666
2062 2459 2585 3018 3523 3758 4298 4641 5002 5326
4807 5259 6408 7229 7721 8665 9444 10470 11291 12111
1585 1916 2397 2442 2833 3104 3570 3825 4096 4381
2818 3764 3981 4792 4981 5468 6062 6684 7468 7792
3610 4031 4752 5022 5893 6524 7124 7515 8085 8746
2910 3111 3737 4438 4888 5464 5639 6115 6590 7016
3513 4196 4910 5065 5934 6369 7083 7734 8075 8727
3052 3391 4042 4511 4771 5682 5994 6411 7036 7530
3400 3641 4542 4992 5893 6314 6824 7365 8056 8626
4697 5644 6505 7667 8613 9044 9732 10980 11496 12701
3006 3623 4044 4801 5586 5922 6342 6763 7576 8220
1439 1619 1728 2029 2209 2414 2883 3027 3220 3388
1130 1341 1532 1773 1953 2114 2385 2435 2696 2856
3706 4268 4995 5721 6547 7142 7736 8166 8925 9916
2562 2959 3488 3730 4039 4766 4876 5691 5735 6594
1802 2091 2508 2668 3117 3278 3678 4015 4191 4608
4456 4951 5978 6472 6967 8374 8792 9515 9895 11150
1850 2107 2347 2780 2941 3486 3839 4127 4367 4784
1132 1375 1607 1993 1993 2368 2556 2655 2931 3129
2792 3521 3782 4641 5083 5344 5942 6489 7114 7790
4353 5472 6634 7366 7882 8829 9991 11023 11411 12314
4210 5011 6332 7013 7813 8774 9414 10295 10735 11496
4294 5219 5891 6984 7867 9212 9843 10389 11230 12448
3310 4181 4392 5203 5923 6584 6944 7275 7905 8446
4114 4727 5231 6313 7105 7502 8511 8727 9772 10708
2157 2405 2995 3204 3699 4156 4499 4708 4955 5469
1914 1963 2540 2748 3213 3374 3774 3983 4367 4704
2062 2315 2856 3181 3541 3704 4154 4407 4875 5344
2632 3208 3462 3692 4429 4798 5281 5650 6180 6893
2008 2243 2604 3235 3578 3794 4281 4335 4713 5128
1706 2011 2572 2749 3198 3246 3662 3871 4288 4720
3848 5065 5750 6206 7614 7690 8526 9781 10276 10732
4610 5371 6172 7173 7213 8013 9615 9655 11016 11496
2899 3521 3954 4521 5359 5603 6468 7035 7387 7738
1479 1597 2027 2235 2483 2848 3043 3356 3421 3773
1948 2614 2995 3261 3509 4061 4403 4841 5184 5602
2250 2491 3152 3212 4014 4074 4434 4995 5316 5736
1914 2059 2444 2813 3101 3213 3614 4175 4287 4720
4056 4703 5350 5690 6745 6847 8107 8685 9229 9638
4684 4931 6080 7147 7598 8870 9075 10183 11209 11906
1160 1281 1572 1642 1923 2064 2365 2555 2645 2906
4811 4811 6012 6973 7733 8654 9054 10015 10696 11536
4684 5177 6244 6777 7475 8460 9116 10511 11496 11619
5180 5980 7062 8238 9131 9884 10542 11483 13129 13411
1366 1547 1788 2173 2173 2522 2822 3051 3364 3508
2980 3629 4062 4413 5089 5414 6170 6900 7522 7711
4690 5331 6372 7213 7853 8694 9534 10415 10455 11616
2584 2739 3224 3907 4039 4788 5074 5427 6132 6220
2410 2491 2851 3513 3833 4294 4775 5135 5355 5816
5194 5915 6732 8029 8893 9998 10719 11967 12784 14033
1121 1463 1662 1993 2125 2335 2445 2666 2997 3305
1510 1946 2307 2578 2923 3164 3329 3915 3930 4516
1532 1662 1910 2236 2353 2679 2939 3213 3500 3917
3924 4875 5788 6092 7347 8222 8869 9287 10276 10808
5393 6037 6682 7556 8293 9306 10410 11377 12620 13632
3358 3979 4507 5034 5810 6400 7455 7765 8076 8727
2660 3486 3612 4338 4763 5064 5739 6315 7016 7191
4930 5054 6449 7270 7721 8952 9649 10429 11332 11865
3682 4691 5628 6241 6673 7790 8042 9123 9519 10744
1349 1831 2053 2105 2470 2679 3122 3161 3487 3799
4456 5354 5745 6486 7111 7970 8711 9687 10897 11443
2452 3047 3378 3708 4369 4436 4942 5317 6176 6330
2210 2611 2932 3372 3853 4294 4775 4915 5416 5896
2835 3186 3586 4087 4713 5364 6015 6490 6866 7116
1020 1411 1462 1702 1993 2104 2395 2615 2685 2816
4420 5639 5976 7531 7951 8666 9885 10641 10977 11986
5578 6491 6731 7932 9613 9709 10574 12447 13456 14320
2215 2951 3288 3372 3814 4634 4781 5475 5665 6001
1795 2153 2442 3022 3260 3720 3958 4401 4776 4861
1897 2255 2460 2817 3107 3618 3874 4146 4453 5066
1161 1261 1432 1622 1933 2044 2224 2475 2716 2987
2746 3083 3660 3996 4597 4910 5462 5919 6688 6880
1143 1331 1618 1960 2015 2269 2512 2732 2964 3295
4356 5054 5957 6901 7844 8378 9322 10634 10881 11783
4748 5669 6912 7787 9122 9812 10226 11285 12068 13264
4170 4931 5972 6812 7573 8254 9295 10375 10896 11856
1426 1643 1908 2004 2173 2582 2858 2979 3316 3544
4691 5042 5901 6643 7033 7892 9063 9570 10312 11365
1880 2255 2391 3039 3414 3567 3873 4231 4452 4980
2370 2451 3012 3553 3993 4374 4654 4975 5335 5696
3648 4159 5282 5997 6235 6882 7869 8379 9298 9842
3682 4261 4873 5929 6507 7392 8175 8855 8855 10114
2747 3208 3231 3853 4567 5074 5235 5903 5995 6571
4339 5120 6057 6526 7384 7931 9141 9453 10155 11209
4336 5849 6690 6774 8161 9212 9296 10263 11482 11902
5485 5623 7004 8155 8569 9398 10318 11331 12528 13494
4210 4701 5367 6208 6908 7118 7714 8870 9501 10201
3904 4499 5061 5688 6580 7142 7340 8034 9190 9355
4825 5771 6357 7437 8113 9014 10770 10815 12616 13201
1626 1947 2412 2845 3133 3358 3614 4063 4496 4608
2356 3185 3623 4061 4337 4798 5512 5765 6064 6548
2138 2367 3033 3109 3528 4080 4537 4841 5165 5393
3988 4397 4907 5963 6813 7460 8004 8311 9025 9876
2173 2951 2951 3730 4045 4487 4739 5202 5665 6085
3962 5103 5445 6510 7005 8108 8907 9781 10352 11188
1986 2310 2786 3148 3604 3947 4328 4613 5127 5336
5498 6577 7852 8146 9029 9814 11137 12510 13736 13785
2735 3111 3612 4037 4888 5189 5790 6465 6616 7191
4438 5300 6121 7065 7393 8337 9855 9937 11455 12111
4894 5775 6656 7933 8329 9298 10486 11279 12204 12776
3988 5120 5472 6526 7345 7931 9141 9570 10273 11365
2922 3417 3964 4432 5083 5474 6098 6255 7166 7816
4438 4972 6531 7024 8049 8460 9773 10511 10921 11619
3898 4655 5052 5952 6529 7898 8150 9303 9556 10384
4482 5429 6677 6935 8097 8614 10163 10593 11411 12572
4090 4533 5112 6031 6337 7256 7834 8345 9263 10148
2563 3231 3577 4083 4475 4636 5465 5972 6386 6893
3200 3636 4129 4797 5726 6278 6917 7323 7730 8281
4252 5051 6480 7573 8414 8498 9591 10137 11524 11818
4810 6299 7260 8220 9085 10430 11487 12447 13072 14128
3562 3915 4812 5645 6061 7054 7567 7951 8399 9072
4418 4875 6054 6168 7461 8336 8602 9629 10161 10960
2090 2731 3112 3252 3773 4154 4655 5195 5356 5816
3342 3791 4436 4856 5081 5950 6679 6791 7800 7968
5254 6129 7326 7556 8845 9950 10594 11285 12343 13448
3673 4466 5160 5656 6382 6680 7274 8397 8794 9322
5155 6234 7852 8637 9176 10598 11382 12314 12853 14716
1220 1551 1772 1904 2081 2357 2467 2853 2985 3305
2272 2367 3014 3223 3737 3871 4232 4575 5051 5678
3898 4367 5088 6169 7034 7322 8331 8799 9376 10528
2425 3024 3439 3899 4337 4913 5304 5926 6249 6663
4630 5723 6396 7321 8161 8624 9296 10851 11272 12196
4228 4932 5932 6191 6932 7710 8524 9154 9746 10561
4762 5907 7008 7889 8373 9254 10354 11191 11807 12556
4674 5423 6480 7404 8725 9518 10046 10927 12204 13216
3970 5015 5484 5844 7033 7718 8258 9087 9952 10276
2635 3186 4012 4012 4613 5164 5690 6065 6766 7492
1986 2310 3014 3300 3642 4004 4441 4936 4993 5640
5743 6675 6969 7950 9764 10353 10941 12216 13638 13785
3920 4567 5146 6065 6609 7426 7664 8481 9468 9910
2430 3003 3510 3752 4105 4854 5140 5647 6110 6440
3224 3656 3818 4332 4927 5927 6306 6738 7062 8008
4982 5599 6876 7272 8241 8990 10531 11103 11543 12732
1834 2043 2380 2877 3149 3518 3646 3855 4255 4736
5242 5867 7260 8605 8749 10190 11151 12015 12832 13648
2785 3111 3687 4112 4713 5464 5990 6340 6640 7341
5039 6309 7156 8002 8802 10119 11295 11624 12564 13599
1132 1474 1618 1827 2114 2390 2478 2864 3030 3272
1918 2351 2640 3253 3469 3776 4082 4569 5002 5254
3580 4669 5248 5725 6439 7120 7494 8549 8855 9706
3650 4316 5017 5998 6979 7084 7784 9080 9221 10341
1536 1831 2210 2477 2659 2912 3136 3375 3726 4146
4356 5054 5957 6901 8091 8378 9445 10470 10799 11824
5310 6461 7012 8112 9914 10314 11114 12815 13216 14666
2310 2955 3554 4015 4406 4775 5212 5995 6042 6525
2170 2441 2892 3018 3379 3704 4154 4659 4912 5218
1427 1779 1897 2144 2522 2731 2952 3278 3565 3799
3860 4491 5262 6243 6873 7539 7749 8975 9220 10516
4339 5159 5745 6682 7111 8477 8633 10155 10389 11521
1571 1597 1870 2209 2483 2770 3135 3226 3656 3747
1770 2139 2300 2749 2941 3534 3598 3903 4272 4528
4546 5765 6270 7110 8371 8497 9842 10515 11650 12238
3229 3636 4333 4884 5291 6191 6975 7062 7788 8571
5556 5745 7532 8097 8661 9555 10354 12094 12988 13928
5460 6911 7512 8713 9263 10064 11014 12565 13066 14016
3580 4211 4392 4812 5653 6614 6974 7485 8236 8476
2770 3116 3462 3968 4314 5028 5327 5765 6433 6686
5290 6083 6700 7712 8461 9210 10310 10971 12160 12776
4906 5867 7308 8509 8797 10286 10574 12063 13360 13792
3718 4583 5160 5844 6601 7430 8043 9123 9448 10601
1258 1511 1788 2017 2378 2486 2811 2919 3208 3388
2270 2671 2972 3372 3853 4374 4414 5175 5536 5916
1615 1811 2202 2668 2728 3299 3494 3810 4186 4471
5070 5687 6744 7581 8505 9166 10355 10751 11676 12424
1900 2333 2604 3000 3487 3848 4046 4443 4732 5345
1231 1496 1618 1993 2092 2269 2434 2820 2942 3173
2997 3636 4333 4652 5465 6133 6685 7004 7846 8252
4150 4727 5772 6132 6493 7754 8186 8835 9916 10780
1620 1943 2182 2448 2785 3024 3346 3557 3711 3964
2939 3984 4304 4913 5523 6191 6743 6975 8136 8281
3754 4107 5004 5581 6157 6670 7374 7887 8623 9616
2870 3183 3938 4459 5109 5422 5864 6307 7166 7426
2176 2405 3014 3109 3680 3890 4461 4803 5279 5412
3690 4267 4972 5292 6125 6702 7118 7983 8912 9616
3858 4969 5228 6414 6747 7821 8598 9487 10376 10783
4378 5261 6732 6774 8035 9002 9254 10137 11482 12448
3370 4031 4542 5112 5773 6614 7124 7455 8085 8866
5290 5907 6259 7889 8373 9694 9958 10971 12160 13172
1864 2459 2658 3108 3307 3794 4299 4515 5056 5416
1866 2155 2251 2748 3197 3390 3630 4159 4368 4736
1452 1747 2084 2365 2687 2856 3319 3655 3655 4104
2134 2459 2658 3127 3379 3920 4136 4389 5002 5182
2044 2351 2838 3144 3559 3884 4010 4551 4893 5344
4546 5051 6270 6774 8035 8792 9506 10305 11776 12532
5050 5636 6762 7978 8113 9104 10680 11490 12166 13111
3118 3595 4492 4828 5529 5613 6735 7155 7632 8080
3805 4268 4896 5457 6580 6613 7902 8298 9025 9619
1201 1321 1442 1662 1933 2064 2355 2455 2796 2836
3718 4871 5376 5952 6565 7538 8151 9015 9664 10348
5227 6215 7250 7814 8614 10072 11059 11906 13129 14022
5386 6587 7212 8509 8845 9902 10862 11535 13168 14320
5024 6405 6636 7832 8937 9720 10917 11147 12298 13402
3200 3839 4217 4797 5784 6191 6568 7555 7904 8310
1366 1631 1728 2137 2329 2498 2774 2979 3159 3508
1165 1507 1684 1783 2026 2379 2556 2710 3074 3173
2176 2424 2709 3128 3528 4023 4461 4936 5203 5678
3545 4316 5542 5823 6313 7469 8030 8765 9116 10061
2674 3107 3468 3876 4525 4958 5463 5967 6424 6904
5694 6822 7558 8097 9078 10108 10892 12412 13736 13932
2610 3495 3860 4563 5187 5214 6099 6463 7244 7322
1110 1364 1607 1871 2169 2379 2644 2710 2975 3239
2290 2571 3012 3272 3753 4274 4755 4855 5316 5956
4022 4125 5316 6065 6609 7358 7970 8821 8855 9570
3718 4367 5124 5772 6925 7718 8150 9051 9880 10745
2320 2699 3330 3582 3898 4529 4865 5454 5643 6253
1802 1979 2428 2717 2893 3294 3679 4143 4432 4496
4851 6121 7391 7861 8802 9461 10777 11624 12659 14069
5185 5816 6942 7798 8923 9374 10499 10905 11715 13291
3954 4125 5384 5724 6337 7120 7971 8685 9298 9604
3314 3679 4324 4744 5361 6174 6707 7183 7435 8080
3142 3737 4305 4656 4927 5792 6008 6603 7197 8062
2278 2594 3183 3435 4171 4213 4971 5454 5896 6085
2764 3467 3792 4576 4873 5900 6144 6873 7468 7711
2362 2741 3057 3793 3940 4214 5013 5076 5665 5959
3172 3855 4444 5593 5996 6710 7175 7982 8541 9037
3110 4289 4507 5314 5655 6431 6989 7951 8603 9006
5460 6961 7962 8613 9863 10414 11064 12365 13916 14016
5351 6381 6871 8539 9029 10255 11677 12559 12951 14275
5302 6528 7852 8146 9519 9863 11334 12216 13246 13834
4302 4562 5895 6117 7117 8006 8339 9191 9969 10820
3772 4565 4929 5589 6448 7175 7704 7968 8661 9421
5410 6561 7712 8563 9813 10064 11915 12115 14016 14166
1585 1991 2352 2653 2983 3149 3509 3795 4081 4321
5146 6011 7068 8365 8941 9854 11391 11919 12880 14032
1090 1241 1512 1763 1913 2194 2375 2445 2786 2846
4982 5511 6348 7625 8769 9298 10443 11103 11631 12468
4105 4456 4981 5752 6908 7049 8345 8975 9150 10446
2922 3469 3912 4693 5187 5292 6125 6255 7114 7530
2320 2531 3015 3393 4066 4403 4971 5328 5770 6169
5460 6061 7912 8513 9964 10214 11114 12615 13866 14116
1811 1991 2232 2638 2938 3044 3404 3660 4081 4321
1388 1623 1949 2353 2470 2705 3031 3265 3487 3682
2770 3347 3660 3924 4357 5054 5654 6255 6688 7216
1930 2203 2492 2796 2941 3454 3806 4111 4239 4672
5070 5687 6656 7493 8549 8946 10443 11103 11543 12556
5320 5546 6446 7662 9014 9869 9914 11355 12166 12886
4811 5371 6412 6492 7453 8134 8894 10295 10415 11496
3498 4139 4748 5132 6125 6830 7182 7919 8720 9584
3862 4835 5736 6096 6673 7826 8583 9015 9916 10384
1727 2153 2681 2817 3396 3720 4010 4197 4503 5116
4611 5472 6161 7581 7753 8958 10163 10507 11626 12830
4000 4421 4982 5928 6523 7154 8380 8975 9150 10131
4710 6027 6921 8379 8802 9508 10966 11483 12424 13270
5743 6136 7068 8293 9519 10010 11432 12510 12755 14520
2660 3136 3662 4388 4863 5364 5864 6440 6565 7491
1191 1251 1452 1632 1823 2214 2234 2485 2636 2836
1466 1571 1936 2249 2431 2679 2887 3239 3526 3838
2866 3791 4156 4520 5053 6118 6539 6847 7576 8220
1388 1831 1910 2288 2483 2705 2965 3343 3421 3825
1982 2323 2477 2749 3413 3601 3771 4180 4657 5099
4924 5513 6648 7447 7699 8960 10011 10515 11187 12154
3491 3636 4536 4797 5581 6278 6655 7381 7700 8513
2760 3386 3612 4363 4939 5014 5639 6040 6816 7191
4898 6591 7203 8049 9131 10119 10777 12141 12658 13881
1176 1540 1607 1872 2004 2379 2467 2831 2953 3206
4588 5471 6270 7153 7867 8876 9338 10095 11020 12491
3088 3737 3845 4575 5251 5738 6360 6603 7576 7603
2157 2481 2881 3357 3737 3852 4194 4651 5127 5697
2939 3491 4623 4652 5813 6162 6568 7497 8136 8571
5010 6211 7662 8863 9113 10964 11214 12865 14016 14866
5320 5456 6537 7212 8968 9554 10544 11715 12571 12796
1645 2111 2156 2532 2998 3254 3344 3690 4201 4321
1722 2043 2316 2620 2893 3262 3631 4047 4384 4705
3310 4301 5292 5556 6580 7274 7703 8595 8991 9652
4730 4891 6412 6692 7733 8694 9214 9815 10856 11736
4233 5300 5998 6901 7803 8337 9732 10675 10963 11537
4057 4499 5078 5724 6745 7290 7562 8481 9059 9774
2333 2955 3301 3992 4291 4614 5189 5949 6433 6824
2609 3139 3301 3876 4199 4890 5074 5650 6456 6847
3345 4042 4129 4739 5407 5901 6946 7149 7788 8542
3924 4913 5446 6473 6891 8260 9059 9363 10238 11074
5300 6405 6912 8247 8753 9305 10640 11239 12712 13724
1020 1261 1612 1632 2014 2064 2244 2455 2666 2856
3784 4969 5451 6636 6969 7636 8858 9376 10376 10487
1910 2462 2843 3166 3528 3985 4327 4955 5070 5659
1915 2075 2316 2765 3133 3326 3598 3935 4496 4640
2518 2739 3466 3532 3973 4810 4898 5361 6066 6550
1948 2386 2938 3243 3699 4023 4213 4765 5241 5393
3821 4895 5340 6266 7154 7414 8525 9635 9784 11042
3061 3278 3818 4656 5386 5711 6251 7035 7333 8008
4573 4691 5979 6760 7228 8126 9180 10155 10389 11170
3710 5043 5303 6673 7191 7414 8636 8895 9710 11005
5509 5745 6827 7955 9272 10260 11154 11389 12282 13928
5660 6811 7912 8912 9413 10514 11914 13015 14016 14466
5392 6037 7234 7510 8937 10042 10778 11975 12758 13356
4022 4567 4839 6031 6235 7460 7868 8821 9127 9910
2070 2791 2891 3593 3833 4374 4634 4855 5335 5976
2980 3764 3872 4413 5062 5413 6197 6981 7576 8008
2230 2691 3072 3332 3673 4134 4614 5155 5476 5796
4418 5065 5331 6815 6853 8070 8374 9363 10618 10694
5002 6587 7452 8221 8941 9854 10814 12111 12832 14224
3478 4329 5282 5963 6813 7324 7868 8821 9468 9706
1349 1688 2053 2301 2535 2666 3043 3278 3591 3734
3682 4091 5112 5963 6439 7052 8175 8855 9264 9638
1020 1211 1442 1763 1813 2084 2375 2415 2726 3007
1864 2405 2748 3235 3433 3758 4263 4389 4713 5146
3000 3183 3886 4276 5187 5604 6229 6385 6983 7816
4510 6086 7122 7302 8113 9464 9914 11670 12346 13111
4339 4562 5451 6414 6969 8043 8562 9080 9709 10709
1402 1667 1860 1932 2209 2558 2811 2907 3340 3376
2062 2462 2976 3300 3452 3966 4308 4879 5050 5678
5792 5940 7558 8637 9372 10598 11677 11775 13196 14373
5841 6577 7214 8833 8931 10451 11775 12657 13098 14520
3100 3971 4211 4842 5954 6494 6704 7695 8026 8566
1660 2036 2367 2472 3013 3209 3539 3750 3975 4501
4439 5257 6246 7538 8097 9431 10163 11195 11582 12873
3403 3723 4565 5088 5523 6365 6975 7004 7555 8339
5596 6577 6920 8735 9666 10304 11284 12020 13687 13932
4570 5255 5712 6586 7575 7689 9020 9591 10161 11074
1100 1261 1442 1793 1833 2194 2345 2445 2726 2916
4250 4971 6012 7013 7493 8174 9495 10175 11016 11856
3886 5179 5940 6358 7195 8336 8868 9477 10618 11074
4252 5051 6060 7111 8161 9044 9759 10263 11230 12322
5302 6675 7607 8342 9764 10108 11726 12412 13245 14226
1795 2340 2715 2902 3175 3567 3907 4197 4606 5014
1585 1961 2112 2457 2863 3179 3389 3750 4021 4442
4762 5863 6876 7801 8241 8858 10443 10575 11632 12600
4130 5211 5692 6773 7213 8774 9615 10015 10576 11696
1209 1419 1750 1938 2169 2390 2655 2655 2897 3118
5321 5501 6942 7482 8293 9329 10635 10905 12031 12886
4152 5065 5522 6320 7271 8108 8755 9477 10162 10808
3131 3313 3938 4433 4693 5734 5838 6411 6828 7322
2276 2981 3466 3686 4259 4568 4876 5449 6110 6352
2562 3047 3158 3775 3995 4832 4898 5427 5956 6396
2116 2351 2585 2892 3577 3686 4064 4569 4984 5380
5386 6731 7404 8124 9277 10094 11343 12447 12495 13696
3342 3399 4128 5025 5361 5866 6454 7015 7828 8080
4588 5177 6732 7195 7741 9128 9590 10725 11103 11986
4691 5433 5550 6291 7033 7814 8633 9375 10741 11053
4420 5849 6564 7194 8371 8834 9758 10599 11187 11776
3871 4334 5226 5391 6184 7175 7505 8100 8760 9652
4175 4421 5367 6277 7013 7539 8379 9010 9605 10236
2310 3185 3324 4015 4176 5074 5327 5673 6110 6893
4906 6155 7212 8509 9373 9998 11487 11535 13024 13792
3010 3701 4212 5083 5683 6164 6915 7725 7966 8867
2176 2367 3052 3052 3490 4080 4365 4670 5298 5545
3710 5191 5784 5969 7302 7969 8339 9450 10228 11042
2835 3436 3536 4112 4913 5239 5990 6215 6841 7191
4924 5387 6102 7531 8203 8498 9254 10935 11272 12154
4826 5257 6419 7064 7839 9087 9948 11023 11368 12744
2190 2691 2831 3372 3973 4174 4795 5075 5235 5756
4396 5515 6849 7193 8398 9431 10335 10335 11195 12916
3358 4351 4755 5531 5872 6679 7020 7455 8199 8913
3370 4211 4362 5383 5713 6134 6614 7545 8416 8506
1720 2036 2382 2653 2758 3209 3479 3885 4141 4231
1427 1753 1975 2327 2574 2626 3096 3161 3434 3864
4542 5687 6348 7933 8329 9166 9958 10751 12072 12468
2081 2519 2957 3071 3547 3814 4347 4803 4975 5602
3389 4165 4382 5593 5841 6648 7175 7579 8230 9192
1414 1792 1857 2105 2614 2718 3083 3304 3539 3682
2610 3651 4068 4693 4693 5604 6072 6359 6931 7790
4479 5505 6367 6736 8049 8706 9075 10470 10716 12070
3513 4165 4724 5003 5655 6834 7175 7672 8479 8975
1308 1518 1629 1916 2037 2423 2500 2699 3063 3140
1132 1540 1573 1916 2136 2368 2622 2864 2930 3107
4233 5505 6408 7393 8131 8665 9649 10101 11208 12070
3965 4351 5542 6068 6943 7014 7854 8800 9501 10061
3040 3611 4452 4932 5773 6314 6975 7815 8236 8896
5227 6450 7250 8143 9037 10307 11106 11765 12894 13270
3710 4562 5303 6118 7414 7673 8488 8895 10080 10450
3818 4635 4976 5997 6711 7222 7630 8413 9434 9740
1882 2107 2332 2604 3005 3470 3791 4127 4191 4688
1010 1391 1602 1642 1994 2024 2224 2555 2625 2956
4756 5639 5891 6942 8119 8876 10095 10221 11692 12490
2098 2513 2730 2982 3253 3938 3974 4641 5056 5218
4420 5093 6690 7363 8245 9170 9254 10137 11104 12280
3690 4267 4844 5420 6414 6734 7471 7983 8335 9008
