1000 10 10
3 193 98 48 175 139 184 49 200 82 172 0 13
3 197 167 130 88 53 94 50 143 199 90 0 15
9 185 127 144 137 132 55 149 196 177 54 0 43
10 130 199 56 104 76 51 163 169 106 79 0 50
9 72 95 163 90 62 192 192 120 145 48 0 45
7 110 93 153 90 122 189 105 82 74 146 0 32
10 182 155 158 139 163 89 48 87 200 185 0 46
4 60 114 151 116 60 66 72 53 149 46 0 20
9 180 45 122 150 81 177 74 137 94 163 0 43
3 99 123 114 158 104 44 200 145 95 133 0 11
10 96 47 42 197 147 122 89 153 86 197 0 50
10 85 52 169 186 75 49 81 41 197 110 0 47
5 60 62 64 119 107 98 141 113 47 44 0 21
2 44 103 145 108 55 86 146 182 69 55 0 10
8 93 167 64 112 145 65 42 41 63 45 0 37
5 101 65 171 62 177 78 180 91 162 109 0 25
7 121 180 109 117 63 161 144 98 44 87 0 31
7 148 47 99 76 41 175 181 167 180 169 0 32
6 44 142 145 106 161 145 150 168 145 191 0 29
5 96 128 176 114 105 193 54 197 69 113 0 24
8 122 87 145 154 71 162 103 128 72 193 0 36
9 132 65 180 174 157 187 81 101 106 123 0 45
3 139 122 200 195 92 176 61 82 171 173 0 12
6 81 65 147 88 124 180 199 191 124 123 0 29
3 135 97 45 46 161 134 168 154 162 168 0 13
9 80 164 168 103 81 100 43 75 103 169 0 45
7 74 143 76 171 162 47 173 166 155 117 0 33
7 144 155 102 93 123 191 73 186 88 166 0 32
4 163 84 131 108 114 111 121 64 92 198 0 18
10 153 161 71 194 90 179 156 177 108 68 0 50
9 46 159 155 116 44 151 109 52 161 148 0 44
5 195 118 104 57 88 84 146 82 79 142 0 22
6 192 88 186 48 160 47 132 200 184 78 0 27
4 94 79 197 181 65 185 98 86 83 164 0 20
5 201 157 133 120 50 128 53 135 178 83 0 25
10 107 154 98 83 61 100 127 133 92 124 0 46
3 178 81 114 159 70 73 82 45 126 189 0 15
5 162 61 47 167 193 154 51 153 75 132 0 24
7 117 142 130 187 72 137 162 61 129 98 0 34
4 156 165 68 122 166 110 196 95 176 187 0 18
9 94 171 46 67 47 89 119 83 59 110 0 44
9 118 80 154 79 158 71 147 48 170 83 0 45
3 168 82 120 182 73 59 94 98 97 51 0 12
7 74 48 68 45 130 172 130 79 194 49 0 32
8 200 65 176 142 71 174 89 110 161 62 0 40
6 164 122 161 57 179 122 175 110 123 121 0 29
7 147 56 75 98 147 53 69 99 47 137 0 33
10 112 167 177 49 176 86 166 98 86 46 0 49
5 159 135 81 85 94 112 157 149 52 148 0 23
9 162 92 183 159 198 65 151 72 184 59 0 44
7 192 87 167 110 102 143 53 81 163 111 0 35
8 127 194 63 107 54 88 65 151 145 103 0 37
6 67 175 164 171 56 157 51 94 121 151 0 28
10 46 154 81 41 151 183 41 165 120 167 0 49
6 114 47 190 111 78 171 108 72 165 162 0 28
9 83 79 92 191 90 75 190 94 193 163 0 45
5 201 127 128 145 104 151 168 168 53 67 0 23
4 55 158 160 183 99 74 166 99 166 183 0 17
10 41 86 142 144 90 75 96 173 193 88 0 47
9 100 104 174 130 177 49 101 195 62 65 0 44
9 95 165 185 129 124 143 195 151 186 88 0 45
5 165 195 155 53 169 61 183 147 138 147 0 23
10 159 90 57 129 182 77 53 80 59 187 0 46
9 54 57 131 45 105 137 124 89 75 105 0 45
6 60 106 77 67 94 42 71 89 143 77 0 28
6 62 84 100 83 43 101 42 188 43 110 0 26
9 151 79 147 164 93 47 197 62 71 64 0 44
8 73 169 185 200 178 65 127 194 74 179 0 36
8 44 110 94 61 159 151 136 84 167 100 0 38
9 90 134 132 47 116 56 79 97 145 194 0 42
6 49 161 133 96 110 116 93 68 87 134 0 29
5 159 47 180 61 97 141 106 102 81 122 0 23
9 161 93 42 196 80 182 144 163 51 136 0 45
3 194 170 116 85 120 125 94 195 180 148 0 12
8 118 110 160 67 88 187 125 114 172 95 0 36
3 65 128 158 167 195 178 65 189 138 56 0 12
3 156 144 103 94 50 161 81 55 80 102 0 12
10 149 148 177 159 84 53 80 51 41 138 0 46
9 72 188 139 191 62 182 162 124 121 45 0 43
4 157 151 46 94 195 149 156 63 167 68 0 20
10 148 52 51 169 182 138 144 158 109 71 0 50
7 82 179 151 135 80 151 141 172 147 199 0 32
3 143 115 104 62 65 148 160 65 176 178 0 14
3 135 45 78 59 149 86 195 196 90 167 0 13
3 136 90 161 153 41 58 173 118 133 169 0 13
10 175 97 60 191 106 141 139 158 98 173 0 49
4 115 82 140 114 198 65 50 112 177 188 0 17
9 141 128 51 67 106 56 172 147 197 64 0 45
6 99 53 47 92 120 72 79 153 101 175 0 27
6 131 116 92 182 121 71 104 118 170 52 0 29
7 83 49 94 174 86 156 112 187 147 128 0 31
2 66 49 86 121 69 47 197 84 201 63 0 10
3 51 150 135 69 88 64 124 119 200 70 0 14
6 173 125 153 184 112 121 153 200 138 196 0 29
5 135 185 187 94 171 164 178 122 169 163 0 25
3 77 165 45 181 183 61 56 141 110 75 0 15
4 138 133 49 73 156 77 103 168 102 125 0 17
6 144 90 96 201 111 98 84 126 82 175 0 28
9 108 108 145 124 165 43 70 130 179 106 0 45
6 74 116 198 177 46 93 120 165 182 145 0 26
8 103 53 181 86 184 91 156 72 41 98 0 36
5 128 191 102 163 117 72 73 134 136 78 0 22
3 85 131 45 147 167 93 157 70 186 93 0 15
9 116 120 198 118 165 118 59 113 151 49 0 42
3 188 183 176 109 114 85 130 73 84 128 0 13
4 145 155 118 147 149 116 144 45 119 46 0 19
10 181 123 108 119 62 183 84 85 75 136 0 50
10 183 196 169 106 101 181 154 143 118 92 0 48
3 97 53 140 112 191 188 109 186 149 149 0 15
10 117 191 142 79 178 131 141 137 128 149 0 47
6 198 157 191 125 44 56 117 104 118 144 0 30
4 47 131 91 168 90 112 191 105 94 50 0 16
3 96 184 186 189 181 148 183 74 130 110 0 11
9 75 62 63 168 185 128 109 124 125 69 0 45
3 93 171 181 62 143 50 54 108 67 123 0 12
4 96 87 193 96 132 129 102 99 201 56 0 18
10 66 59 45 41 131 43 141 83 192 86 0 49
8 83 191 49 169 150 109 131 41 135 103 0 37
4 72 100 83 83 102 184 104 198 80 89 0 19
6 113 171 192 77 50 126 102 51 102 155 0 27
3 194 62 47 129 157 100 109 79 200 48 0 14
8 103 136 113 161 169 74 43 184 174 163 0 40
3 87 147 125 153 47 151 196 145 149 198 0 13
10 54 85 165 93 59 43 65 175 104 74 0 47
9 91 42 47 176 53 54 52 84 146 157 0 44
5 141 127 93 149 136 160 79 112 137 163 0 21
7 121 184 152 122 179 195 96 128 66 66 0 35
7 103 71 144 200 60 114 144 145 169 142 0 33
5 132 165 81 107 122 52 86 73 72 169 0 22
10 194 164 140 176 106 118 105 113 124 115 0 46
3 143 133 70 104 132 132 97 65 165 141 0 11
10 98 84 189 186 139 59 68 63 183 198 0 46
9 101 147 60 158 117 185 173 126 155 69 0 44
10 67 126 61 173 178 79 129 130 167 139 0 46
8 75 109 64 102 46 142 143 174 119 98 0 40
8 115 200 171 61 139 60 184 56 111 157 0 37
9 56 101 139 119 166 113 191 83 51 68 0 44
4 137 115 159 131 197 43 77 164 181 75 0 20
6 108 115 43 148 189 114 145 135 100 41 0 27
8 62 111 199 197 142 64 55 170 71 66 0 39
10 156 102 153 125 98 126 96 174 137 155 0 49
9 140 62 130 116 85 63 151 94 191 46 0 44
6 199 85 80 108 116 52 191 100 63 90 0 26
10 198 101 186 43 57 197 56 97 44 162 0 46
6 200 79 128 165 91 120 41 175 64 155 0 29
10 64 146 51 127 172 146 74 55 166 90 0 50
6 178 183 85 157 47 182 162 153 67 181 0 30
5 48 175 55 110 185 200 192 108 145 43 0 21
4 43 191 84 42 47 91 47 47 178 98 0 19
4 173 63 45 143 173 98 171 156 145 72 0 19
6 63 192 51 159 71 187 140 103 133 95 0 30
9 169 79 97 175 83 171 159 105 54 90 0 41
4 151 53 184 167 173 118 185 47 189 183 0 18
6 41 77 47 138 181 193 131 61 91 60 0 27
4 142 65 111 94 157 115 79 110 56 182 0 16
4 156 85 148 141 74 92 126 118 103 188 0 19
7 113 154 114 146 99 57 79 65 98 110 0 34
9 125 140 69 128 188 153 94 116 165 65 0 41
7 95 114 106 114 53 71 43 50 81 189 0 32
8 120 129 53 49 132 97 116 184 57 130 0 38
6 165 151 180 173 124 147 158 99 110 178 0 30
5 93 83 117 139 178 159 191 71 67 69 0 22
4 151 168 70 94 147 156 163 178 179 159 0 17
7 88 134 151 177 198 73 151 45 156 149 0 35
5 81 45 151 131 121 64 61 181 198 177 0 21
10 49 155 93 55 127 187 148 65 64 112 0 46
10 201 126 103 70 129 137 56 82 103 82 0 50
10 81 73 148 156 189 172 195 50 175 100 0 50
4 59 83 67 86 178 58 101 128 137 49 0 16
8 47 114 63 58 177 195 121 142 86 100 0 36
7 173 114 88 100 189 114 122 180 195 79 0 32
10 135 115 106 133 175 174 139 48 106 108 0 50
9 144 42 82 45 180 183 177 101 136 110 0 42
7 75 147 113 65 116 198 163 183 88 55 0 32
3 173 112 80 157 133 180 136 157 82 193 0 11
4 165 92 198 98 141 138 147 49 126 55 0 18
7 107 181 108 43 182 132 50 141 126 128 0 33
3 59 130 155 104 86 51 47 89 111 119 0 13
4 55 154 194 174 137 116 100 140 196 72 0 19
5 198 104 199 171 100 43 179 44 120 66 0 25
6 140 194 115 191 182 45 181 156 189 104 0 28
5 45 160 153 161 150 149 98 184 143 194 0 25
8 139 166 130 64 54 127 187 128 86 191 0 40
10 104 149 172 53 92 90 115 135 111 93 0 50
7 53 175 181 185 57 99 81 166 178 163 0 34
8 164 67 47 189 92 47 75 41 97 198 0 39
7 120 177 103 81 145 109 49 183 157 43 0 35
9 109 99 160 83 53 49 190 152 130 106 0 45
3 162 99 171 136 148 49 64 142 183 125 0 12
6 93 64 184 122 188 106 137 182 197 131 0 28
10 130 80 69 155 142 138 176 155 108 168 0 46
5 134 110 161 58 135 78 182 118 201 62 0 22
5 176 165 189 184 138 107 133 167 192 123 0 21
7 196 123 178 199 200 81 140 133 181 163 0 32
5 163 141 59 59 169 77 49 181 63 69 0 23
8 101 131 97 74 59 128 44 185 82 173 0 38
4 175 45 150 114 41 102 198 68 168 136 0 17
6 42 86 190 47 112 140 160 87 91 143 0 30
3 47 95 58 102 126 75 134 194 146 159 0 13
6 108 65 146 179 191 147 73 101 84 125 0 29
10 132 122 106 45 96 180 72 105 151 154 0 48
10 106 124 104 86 159 81 194 155 82 61 0 47
10 175 102 126 146 200 73 61 55 88 44 0 46
8 197 125 51 110 71 182 151 160 190 52 0 37
10 154 96 104 93 160 116 125 187 128 66 0 48
3 190 42 120 178 190 78 135 81 113 192 0 11
4 132 96 67 123 48 90 49 187 88 187 0 17
10 84 154 57 94 201 122 98 90 95 54 0 49
4 165 71 158 83 112 146 55 93 153 125 0 20
9 115 119 138 102 112 144 40 124 181 47 0 41
7 94 143 106 97 200 125 53 155 167 123 0 31
4 167 55 169 68 44 88 149 62 57 82 0 16
7 140 40 64 149 79 200 67 72 149 149 0 33
3 128 162 71 144 41 102 144 116 81 40 0 12
5 55 179 41 86 201 115 133 134 163 124 0 25
3 176 180 59 166 170 200 200 188 48 193 0 12
5 183 53 81 100 142 137 50 174 75 147 0 23
5 142 95 126 183 58 190 107 89 168 172 0 21
10 179 155 106 115 175 180 101 184 163 177 0 48
6 97 109 127 185 113 111 67 154 135 48 0 29
3 129 67 80 180 45 147 124 185 181 53 0 14
4 120 58 195 125 40 180 161 86 157 174 0 20
6 101 97 122 153 141 73 193 92 62 76 0 26
7 98 133 77 183 79 81 145 108 84 159 0 32
8 52 134 87 72 51 137 41 110 200 193 0 36
5 184 89 170 181 140 130 173 122 69 77 0 22
7 60 59 44 107 123 102 178 192 163 186 0 35
9 84 140 82 130 128 182 100 112 186 131 0 42
4 82 179 169 104 136 78 192 73 60 55 0 18
6 67 144 193 195 45 179 83 161 58 51 0 26
6 161 174 192 187 149 132 174 54 79 111 0 28
8 143 86 118 77 65 138 147 74 105 88 0 38
8 75 82 194 86 163 75 161 110 62 163 0 37
6 94 144 193 136 182 65 185 44 115 169 0 30
9 158 135 49 191 128 147 50 96 162 47 0 41
2 108 74 54 167 83 148 197 103 144 167 0 10
10 79 64 76 153 49 133 43 94 65 112 0 48
6 63 184 112 160 163 189 110 126 136 119 0 30
4 79 143 49 167 139 47 130 122 46 159 0 18
8 90 149 77 78 188 102 90 65 171 77 0 37
3 48 149 89 148 120 150 167 107 112 167 0 13
4 189 51 45 128 172 125 182 148 131 169 0 20
8 174 185 169 147 55 43 140 195 69 91 0 36
8 104 175 71 121 62 97 134 53 163 128 0 38
10 124 133 51 79 64 152 80 82 126 200 0 49
10 75 161 133 159 187 93 54 120 166 129 0 48
8 194 71 188 53 114 130 77 174 113 91 0 39
8 78 152 79 196 47 96 48 119 132 63 0 38
9 161 47 108 70 118 138 122 163 41 91 0 45
4 163 116 141 113 64 145 152 178 192 122 0 16
7 175 163 72 98 118 67 112 106 85 130 0 34
5 138 161 154 189 143 98 138 119 146 141 0 24
9 141 199 164 73 55 108 185 192 70 200 0 41
7 114 43 63 45 75 104 169 53 51 157 0 32
8 53 183 111 165 67 197 49 175 130 201 0 39
10 75 166 137 86 53 79 128 42 184 91 0 48
7 186 127 190 102 196 119 185 155 71 162 0 33
4 139 164 94 115 172 75 128 196 105 57 0 16
10 57 193 138 59 123 162 185 116 159 162 0 48
9 105 83 41 122 93 54 57 96 123 172 0 44
5 166 108 75 105 107 115 181 139 179 48 0 24
5 193 65 186 68 153 181 159 135 160 65 0 24
2 63 192 123 82 195 79 189 172 189 56 0 10
3 67 80 144 156 195 57 170 171 130 185 0 13
4 174 188 115 122 177 76 160 85 45 153 0 19
2 166 110 118 152 195 46 137 41 165 100 0 10
4 96 101 94 53 144 175 147 153 82 195 0 17
4 46 43 164 181 184 62 199 47 56 62 0 19
3 191 49 195 89 153 176 187 181 93 79 0 12
6 124 185 52 45 104 190 200 106 186 200 0 29
5 151 183 83 91 55 77 45 187 68 145 0 24
4 104 85 57 48 69 88 110 108 153 76 0 16
8 192 48 90 110 166 199 190 101 69 98 0 37
3 93 183 90 154 119 171 73 129 69 47 0 14
8 71 155 180 119 108 136 82 54 113 54 0 36
4 102 51 44 198 60 89 196 77 85 82 0 20
2 67 95 124 131 50 182 189 155 141 89 0 10
6 118 201 89 174 130 51 99 146 70 130 0 28
7 128 132 46 163 139 66 175 127 170 52 0 34
7 72 61 89 122 196 67 75 145 171 110 0 31
6 78 76 140 159 121 136 174 54 51 201 0 26
7 55 71 193 96 162 83 107 101 188 196 0 32
7 175 42 42 82 76 120 80 55 134 95 0 31
7 189 76 189 167 97 192 153 75 41 64 0 33
3 175 138 156 113 63 194 191 188 167 53 0 13
5 106 107 108 69 150 176 147 155 46 179 0 21
5 55 145 171 100 75 45 102 70 157 176 0 22
8 143 64 75 106 150 173 97 160 185 141 0 38
8 93 46 128 103 158 187 57 65 45 57 0 36
5 193 94 132 141 147 102 87 53 185 76 0 23
3 119 183 111 136 68 181 59 187 149 183 0 11
8 98 139 163 128 45 113 136 109 114 118 0 37
4 176 180 157 81 43 193 167 182 126 81 0 19
8 190 158 124 166 191 189 87 116 147 181 0 38
7 96 190 187 108 104 147 131 71 103 143 0 33
6 63 124 108 74 188 192 124 82 140 71 0 28
10 201 70 73 120 135 43 54 82 196 188 0 49
3 101 141 119 186 113 157 174 185 197 171 0 15
9 113 177 58 109 197 49 51 136 147 80 0 44
8 154 156 174 137 140 108 111 105 101 192 0 37
6 74 104 169 194 71 150 102 79 167 199 0 29
8 149 50 115 53 58 81 138 71 138 73 0 40
6 189 122 42 84 176 153 57 130 201 80 0 27
3 100 55 139 61 42 110 142 55 187 89 0 15
10 59 145 121 47 85 138 130 161 157 58 0 46
5 45 69 180 157 63 179 148 86 138 80 0 21
7 120 113 109 67 153 111 115 181 154 175 0 33
7 61 96 79 170 189 49 197 122 116 107 0 32
3 94 112 148 69 131 160 50 200 178 96 0 13
6 104 75 137 71 122 79 71 92 150 153 0 30
7 189 89 112 110 146 106 79 110 72 113 0 33
5 150 77 126 138 128 163 182 132 137 150 0 23
6 114 135 187 61 113 176 132 76 68 155 0 26
9 119 104 171 178 104 106 88 145 131 189 0 43
8 126 126 135 116 75 44 128 139 192 46 0 38
5 162 137 121 65 199 100 116 138 159 191 0 25
5 124 102 154 88 83 134 180 171 168 144 0 24
4 189 92 167 58 55 112 111 41 81 98 0 20
9 45 76 102 193 118 179 189 123 164 167 0 42
4 168 124 187 189 65 98 60 88 58 77 0 16
5 77 163 177 186 198 120 183 64 55 138 0 21
10 181 187 70 178 130 117 68 105 79 185 0 48
7 183 117 117 80 124 180 200 41 139 173 0 33
4 177 66 122 196 111 151 177 142 192 135 0 18
10 111 72 81 101 141 114 44 143 110 187 0 50
4 111 200 156 121 143 79 80 95 89 109 0 17
9 72 87 44 89 52 171 175 84 125 139 0 41
4 74 107 179 67 103 156 41 163 119 142 0 16
9 122 170 95 54 98 159 180 55 125 107 0 43
7 96 155 186 101 196 120 143 61 141 151 0 33
9 169 147 57 71 73 140 59 149 97 198 0 43
4 86 77 59 51 151 178 164 102 42 187 0 19
6 59 116 197 162 117 136 128 193 94 66 0 27
10 173 121 153 54 57 193 73 100 198 165 0 46
10 67 192 120 47 120 64 183 89 108 48 0 48
7 99 57 191 116 45 141 155 153 195 135 0 34
6 127 107 140 112 43 96 130 165 164 73 0 27
3 108 149 74 165 187 150 175 102 188 193 0 15
7 83 184 167 86 104 174 57 137 47 60 0 31
10 100 55 98 154 134 103 128 142 90 176 0 48
9 201 186 122 71 189 101 45 70 181 102 0 45
4 114 62 86 140 127 72 153 181 74 65 0 18
9 83 97 68 114 187 47 94 86 97 140 0 41
8 123 159 107 177 129 97 48 100 102 53 0 36
10 136 91 200 138 193 127 122 79 172 154 0 46
7 46 179 138 106 169 75 42 88 126 159 0 35
9 144 55 113 69 193 94 83 173 198 112 0 44
9 97 191 86 89 173 62 183 71 148 112 0 42
3 169 125 195 152 161 96 41 89 111 111 0 12
3 152 154 108 91 83 49 43 200 165 124 0 12
7 79 94 70 96 146 51 73 195 45 106 0 31
6 179 155 119 85 67 152 163 200 113 153 0 28
5 104 73 80 71 196 118 86 169 61 63 0 23
4 124 160 102 63 46 94 143 63 58 92 0 20
4 119 83 143 53 61 46 191 70 43 197 0 20
8 65 105 177 113 112 124 63 175 134 152 0 36
10 177 130 196 104 81 139 84 128 57 179 0 50
4 184 57 87 60 163 81 151 184 111 127 0 20
6 179 59 73 176 74 58 187 79 188 46 0 30
8 172 113 156 96 136 177 112 194 91 200 0 38
8 151 93 176 170 87 198 191 153 162 73 0 40
9 45 77 53 198 170 116 75 65 101 133 0 41
5 129 121 57 90 103 187 118 137 180 53 0 21
3 102 179 195 109 145 196 145 140 81 167 0 15
7 112 134 177 166 61 63 145 151 164 127 0 34
10 86 126 76 197 64 129 76 125 175 78 0 49
9 61 185 98 96 112 65 88 123 167 123 0 41
10 168 142 104 69 160 133 77 44 161 153 0 50
10 194 57 97 104 117 131 59 195 65 48 0 48
5 126 78 193 192 121 153 198 76 145 167 0 25
8 178 192 41 73 119 188 157 190 71 128 0 38
8 193 76 97 151 53 153 129 102 159 56 0 37
8 109 165 199 56 127 100 124 187 148 65 0 39
7 161 91 106 62 75 201 189 98 127 112 0 31
10 47 68 70 180 100 167 78 74 86 166 0 47
9 72 86 185 157 98 139 118 78 193 127 0 43
10 194 66 126 161 191 95 43 175 58 51 0 46
8 86 49 130 189 83 165 88 136 75 200 0 40
5 181 122 67 116 78 56 131 81 57 147 0 25
5 133 159 190 183 164 41 134 195 200 42 0 23
3 190 107 151 106 113 43 194 70 50 89 0 15
4 193 143 115 49 56 77 195 117 53 48 0 20
5 74 135 184 61 120 127 89 132 85 52 0 23
3 160 141 189 179 48 70 102 152 138 151 0 11
4 158 175 105 199 137 167 134 65 182 189 0 16
6 74 110 91 129 63 169 200 143 55 49 0 27
6 149 105 103 118 126 130 144 136 194 48 0 27
9 47 81 168 73 198 198 184 181 101 49 0 45
7 154 66 185 80 67 73 53 132 79 166 0 34
9 96 198 104 198 80 90 92 100 195 130 0 45
3 71 50 196 42 196 84 127 160 90 48 0 11
4 121 119 191 200 121 136 133 50 128 61 0 20
5 96 153 187 47 67 132 103 147 80 162 0 21
6 106 114 180 101 120 66 153 69 175 44 0 29
7 161 152 98 96 119 56 71 63 111 190 0 34
3 130 52 55 142 111 184 90 150 175 42 0 12
5 83 46 92 59 126 118 188 141 49 59 0 24
5 132 172 75 155 187 116 114 71 118 157 0 21
2 140 93 134 200 87 126 110 132 47 95 0 10
9 148 164 199 149 167 181 51 86 124 111 0 42
10 156 183 50 81 181 129 122 145 69 57 0 48
3 157 53 79 123 122 45 135 166 147 65 0 15
7 71 100 63 69 163 125 141 134 66 43 0 31
4 197 153 105 195 45 95 146 191 61 127 0 16
6 138 195 102 74 45 179 73 76 175 138 0 26
5 44 136 73 124 200 119 130 200 148 73 0 24
8 103 82 187 190 83 63 180 48 184 59 0 38
9 101 71 54 72 88 161 158 176 115 134 0 44
9 57 42 198 195 201 187 192 75 98 122 0 41
10 164 170 91 159 122 104 117 113 127 145 0 50
4 97 50 199 70 116 75 152 91 117 193 0 19
8 177 151 130 95 169 94 104 82 110 106 0 38
6 186 77 106 99 156 71 170 196 140 99 0 29
10 190 87 171 141 101 158 152 134 71 77 0 48
4 171 88 113 58 47 116 88 93 113 132 0 20
9 153 114 118 188 163 84 146 120 72 191 0 44
4 124 151 143 57 159 131 59 71 104 43 0 19
3 95 128 151 92 125 40 41 69 199 188 0 12
9 43 183 57 63 74 42 198 123 78 102 0 45
7 199 195 201 172 100 93 103 169 198 103 0 33
2 93 145 181 125 64 193 192 189 156 172 0 10
10 68 108 150 74 49 194 104 188 167 114 0 48
8 124 117 54 63 73 125 156 59 76 172 0 38
4 171 159 148 163 188 145 45 107 175 57 0 20
3 48 87 67 161 161 122 53 168 198 57 0 13
3 101 53 45 180 71 120 130 81 154 129 0 12
3 49 134 78 95 71 192 162 167 137 200 0 14
8 159 73 57 54 50 124 187 147 195 142 0 39
4 197 174 118 53 122 170 40 134 108 81 0 18
4 184 65 90 41 88 145 92 43 49 170 0 17
8 69 154 186 101 144 88 145 47 158 149 0 40
8 107 153 101 195 109 86 161 136 76 161 0 40
7 45 86 106 197 153 133 79 115 95 129 0 32
10 138 57 54 156 78 94 146 181 75 92 0 48
6 148 102 165 59 100 174 86 76 94 139 0 27
8 149 41 120 159 83 184 71 172 71 69 0 38
4 89 165 48 116 125 188 126 73 163 115 0 19
9 163 96 123 139 122 76 87 198 108 151 0 41
10 116 46 170 45 110 146 72 92 124 191 0 49
2 148 155 105 198 192 174 71 47 92 164 0 10
3 59 113 147 59 153 66 75 61 102 147 0 11
4 130 107 121 141 130 57 182 195 146 188 0 16
3 199 97 79 43 140 165 73 165 186 82 0 11
10 159 145 65 134 138 186 139 47 124 141 0 46
5 63 179 47 158 92 153 63 174 185 191 0 24
3 68 175 114 45 135 57 157 171 58 200 0 11
10 108 148 110 120 83 132 127 102 171 49 0 46
3 87 92 64 53 171 72 53 162 132 177 0 15
6 106 78 53 159 94 157 93 113 59 172 0 27
4 143 96 150 98 193 184 138 118 79 187 0 19
10 187 112 167 68 184 75 85 120 106 155 0 47
10 93 45 67 165 115 156 186 174 173 44 0 48
6 178 190 45 72 77 88 51 199 192 140 0 27
3 117 120 45 193 140 63 197 106 92 138 0 14
9 137 41 134 120 148 144 73 120 93 89 0 41
6 108 125 63 103 159 171 179 63 49 122 0 29
9 100 157 145 80 130 73 51 128 69 152 0 44
3 129 100 65 190 159 179 84 117 164 102 0 14
8 181 88 157 118 42 63 97 99 185 186 0 37
10 123 181 90 77 198 118 137 145 186 190 0 49
8 141 64 112 133 106 117 105 84 157 86 0 39
9 54 40 99 92 144 147 149 124 81 189 0 42
4 161 135 76 120 59 156 193 127 180 155 0 17
5 51 130 107 64 157 67 54 64 154 132 0 23
5 190 165 151 163 55 156 47 53 45 187 0 23
7 141 41 97 81 134 44 151 170 147 138 0 35
3 114 108 130 188 155 196 185 162 139 107 0 11
5 92 78 47 164 107 73 201 179 118 64 0 25
9 149 59 96 121 145 109 179 48 72 167 0 41
10 173 196 141 153 146 69 88 198 180 88 0 46
8 168 44 95 66 74 60 184 96 86 184 0 39
10 158 77 132 46 159 78 152 160 173 159 0 49
9 78 108 146 104 90 190 99 41 68 179 0 41
5 124 184 154 89 104 189 107 155 162 123 0 24
8 145 45 179 173 101 74 112 43 196 174 0 38
9 198 193 72 194 173 167 183 147 49 73 0 43
3 68 61 50 141 61 164 63 57 182 77 0 15
5 59 159 107 170 164 141 40 133 43 162 0 24
9 113 47 136 82 159 46 174 64 87 193 0 41
5 57 199 155 113 128 53 162 75 174 167 0 24
9 110 140 94 138 174 70 119 177 108 81 0 44
4 82 43 195 135 48 48 126 64 93 131 0 17
7 194 169 183 152 91 105 165 47 127 154 0 33
8 46 118 189 173 130 53 44 73 169 189 0 37
6 84 151 124 136 86 157 49 76 52 160 0 30
8 188 40 190 185 46 174 178 195 133 158 0 36
7 108 184 135 53 54 184 49 75 81 65 0 35
7 185 146 103 126 196 192 116 147 66 56 0 32
6 121 176 162 97 102 125 58 187 63 102 0 28
3 175 165 134 88 62 158 133 62 66 112 0 13
4 172 197 131 159 174 52 154 188 83 126 0 20
10 132 75 130 184 175 95 75 154 138 143 0 50
6 151 84 100 78 52 138 64 101 119 63 0 28
5 81 128 148 138 45 176 138 90 88 117 0 23
9 156 95 159 61 78 121 143 81 122 108 0 45
10 174 101 47 65 141 119 151 189 114 179 0 49
8 136 88 76 198 79 116 178 67 100 184 0 39
10 136 132 125 82 71 188 90 130 169 146 0 49
5 121 177 132 101 42 131 121 43 149 177 0 22
3 165 86 138 79 96 175 63 43 145 51 0 11
5 198 155 56 98 162 120 131 169 168 176 0 21
5 166 56 76 77 78 62 187 189 68 94 0 24
9 69 94 50 50 66 74 148 107 70 172 0 42
3 160 139 92 54 158 73 141 116 97 165 0 11
4 112 53 179 150 76 118 116 178 68 133 0 20
7 96 189 153 157 53 83 91 198 79 159 0 34
8 119 155 195 182 192 77 82 110 41 73 0 40
4 178 176 120 191 200 86 40 161 145 81 0 20
4 159 70 66 56 116 196 167 150 144 123 0 16
8 123 71 193 71 91 54 44 139 102 108 0 40
9 193 92 143 164 100 79 109 74 166 45 0 41
5 168 142 74 178 145 149 163 62 132 136 0 23
7 180 159 146 104 90 75 110 198 108 186 0 34
5 128 169 179 161 134 135 127 112 133 111 0 24
7 94 66 93 106 40 155 191 140 171 106 0 34
3 49 97 197 141 57 196 198 171 98 198 0 12
8 149 148 151 149 166 77 48 142 65 165 0 37
5 94 83 67 130 51 111 45 50 119 77 0 23
4 104 128 136 171 69 136 158 179 138 127 0 17
9 177 52 160 82 193 174 75 201 86 83 0 45
6 74 116 48 67 108 193 173 193 155 58 0 28
3 88 179 106 44 161 143 178 72 199 108 0 14
4 98 86 176 65 79 76 122 68 169 181 0 20
9 168 132 130 153 70 176 109 88 142 129 0 43
6 97 178 71 118 51 96 74 47 57 193 0 26
3 90 151 144 51 120 72 108 170 114 113 0 13
7 149 149 86 200 148 142 123 83 168 183 0 35
7 53 101 91 154 192 62 97 83 59 98 0 31
7 183 130 194 65 59 180 148 110 154 67 0 35
8 179 43 152 177 104 126 51 87 200 118 0 37
6 171 114 67 195 118 110 47 171 200 73 0 29
9 196 197 159 86 191 98 75 54 88 126 0 45
7 169 94 172 96 188 101 96 185 181 73 0 35
6 153 169 170 145 189 83 81 143 105 63 0 27
5 135 174 156 168 83 138 137 141 198 77 0 25
4 153 95 49 109 150 47 53 161 143 167 0 16
10 107 78 79 143 110 129 54 119 123 107 0 48
6 51 62 78 62 97 128 106 50 56 186 0 29
3 98 74 188 175 151 172 100 159 165 75 0 15
8 137 53 180 81 174 136 87 89 190 84 0 37
8 59 144 145 151 94 139 47 127 108 98 0 38
7 183 161 128 172 73 100 160 50 86 117 0 34
8 59 142 177 130 86 127 143 62 72 174 0 36
9 41 46 142 138 200 123 169 82 136 165 0 41
6 69 57 104 77 197 118 84 172 52 83 0 26
6 75 164 41 192 179 50 149 62 188 171 0 28
9 58 148 155 45 157 184 155 116 177 132 0 44
8 44 45 97 111 135 48 155 72 64 128 0 39
4 171 104 85 191 59 92 129 62 45 141 0 20
10 53 193 75 188 108 67 132 152 160 171 0 50
9 84 44 144 110 192 193 200 133 79 165 0 43
5 55 84 83 88 198 114 159 135 73 192 0 23
6 92 67 135 124 111 155 119 168 98 102 0 27
6 141 88 197 146 139 59 94 176 106 116 0 29
8 128 192 180 45 63 57 80 132 115 49 0 39
5 120 97 105 162 118 197 200 118 99 147 0 22
5 169 91 113 44 157 122 79 165 65 201 0 22
7 151 67 74 157 143 84 55 128 65 136 0 34
3 171 81 147 132 181 159 167 143 191 86 0 11
8 143 199 46 120 100 191 73 175 180 124 0 40
6 145 108 96 52 99 171 200 112 71 119 0 29
7 90 62 67 104 184 52 134 150 88 63 0 32
3 197 90 107 126 59 117 129 50 126 101 0 14
9 186 126 190 137 177 116 70 189 198 91 0 44
10 63 136 128 43 185 87 167 70 92 190 0 49
7 54 150 163 59 199 161 77 67 117 84 0 35
5 67 65 71 107 166 75 97 81 126 81 0 25
5 177 47 99 179 126 158 72 172 183 81 0 21
6 171 113 180 55 162 192 144 132 130 47 0 29
7 96 110 83 84 121 160 154 164 151 156 0 35
10 184 169 90 148 55 54 111 145 95 180 0 49
3 132 96 98 185 77 108 173 131 120 161 0 12
3 119 59 44 171 73 145 185 74 72 90 0 15
10 167 106 117 82 114 166 86 112 169 95 0 50
3 59 92 49 74 77 181 187 162 176 124 0 11
2 187 147 159 136 138 136 62 189 80 134 0 10
9 98 108 120 175 58 149 55 138 88 148 0 44
3 193 92 76 73 121 139 109 151 51 56 0 14
10 103 141 162 140 153 175 189 88 122 195 0 49
5 147 54 176 160 120 90 151 155 111 161 0 23
10 163 115 170 140 156 138 152 136 96 192 0 49
4 98 156 191 65 67 130 148 144 52 174 0 19
10 148 67 123 73 83 158 87 64 63 171 0 48
7 125 173 143 129 49 112 156 63 86 124 0 33
5 104 179 174 195 85 111 75 190 121 183 0 22
10 133 173 57 44 62 145 97 97 171 154 0 50
3 114 103 197 84 165 190 94 101 169 79 0 12
8 172 157 171 53 132 105 118 149 102 84 0 38
6 55 142 198 146 123 134 126 143 65 95 0 27
5 194 186 81 143 104 147 66 98 73 194 0 23
8 43 57 148 67 177 41 132 180 92 145 0 36
5 169 154 112 173 53 63 167 145 157 159 0 22
3 201 86 156 51 148 83 96 74 169 135 0 12
3 45 49 140 87 46 63 64 98 150 41 0 12
10 94 191 99 143 170 125 159 60 122 126 0 50
3 93 151 174 43 109 163 88 104 117 80 0 11
7 127 126 63 133 85 66 53 171 175 105 0 33
7 71 101 106 43 167 78 128 140 72 70 0 33
9 175 97 115 174 75 155 78 170 90 112 0 41
3 192 51 145 120 109 116 151 151 187 68 0 12
7 53 190 52 175 55 101 84 99 198 52 0 31
3 164 181 123 136 95 57 177 169 146 81 0 11
5 186 157 131 105 79 130 121 76 87 69 0 22
9 193 57 65 97 119 88 167 57 124 49 0 44
7 57 158 119 134 65 182 145 93 180 163 0 32
4 129 132 166 70 192 92 179 163 164 67 0 19
10 181 195 64 67 86 76 171 119 111 166 0 47
4 126 107 148 167 77 108 71 45 57 77 0 18
5 101 145 93 53 134 87 46 187 89 118 0 23
8 173 179 145 190 200 173 159 120 161 188 0 36
8 61 86 186 196 185 83 173 65 58 106 0 38
9 167 172 53 45 122 122 127 64 95 187 0 42
6 155 198 179 79 163 182 109 197 83 141 0 30
8 56 122 52 86 169 197 82 55 113 165 0 37
3 45 109 132 189 76 43 112 200 105 104 0 11
3 92 128 144 144 134 90 71 66 199 49 0 13
7 161 187 133 120 79 167 134 102 168 114 0 31
6 43 151 62 194 48 41 54 66 179 102 0 27
7 195 51 141 79 129 155 143 72 190 133 0 35
8 108 108 128 166 105 48 77 43 59 60 0 38
5 118 169 139 62 45 41 55 199 48 117 0 24
3 166 194 150 117 89 120 132 147 67 117 0 15
6 49 43 172 42 82 187 150 173 41 153 0 30
9 193 139 95 56 185 114 181 186 201 100 0 44
2 128 81 63 200 172 170 155 156 151 114 0 10
8 141 90 108 177 100 165 75 75 190 193 0 38
10 116 115 65 172 145 175 57 65 201 132 0 50
5 60 138 47 118 146 45 110 196 163 123 0 24
10 131 190 183 133 136 133 80 76 72 54 0 50
4 117 57 163 139 76 116 83 86 110 43 0 18
3 190 51 84 66 97 113 103 157 156 87 0 13
5 55 118 86 139 127 138 149 161 199 156 0 25
6 62 102 193 60 104 87 125 75 164 163 0 26
7 126 41 71 80 96 44 98 91 61 50 0 35
6 111 172 126 183 148 66 152 179 201 51 0 30
5 113 187 201 132 188 59 114 101 144 118 0 21
3 41 137 191 200 79 132 190 123 61 185 0 15
6 81 194 189 80 193 167 79 114 84 117 0 26
2 115 145 108 50 153 183 43 191 46 107 0 10
10 94 124 90 87 59 126 57 170 77 133 0 49
9 107 81 85 163 103 62 128 50 85 102 0 41
10 41 76 191 62 136 43 177 45 116 164 0 46
3 128 175 161 181 63 100 45 166 198 59 0 12
7 87 130 183 80 41 72 171 46 134 182 0 33
10 82 122 165 101 183 108 200 44 141 124 0 50
8 58 158 123 90 102 92 57 93 142 93 0 39
4 110 69 102 92 147 159 79 41 57 174 0 16
10 51 113 159 52 62 159 199 185 83 158 0 46
7 131 124 105 50 182 200 122 112 194 66 0 32
10 183 114 100 163 59 130 81 93 83 77 0 50
5 47 101 69 151 142 184 41 155 109 197 0 25
9 109 181 62 179 185 76 118 71 197 55 0 41
10 89 43 167 52 100 108 183 144 201 187 0 49
2 49 120 139 61 198 81 81 94 85 189 0 10
2 159 57 51 48 67 56 76 43 172 177 0 10
5 132 148 191 90 108 130 44 144 185 63 0 23
10 83 83 154 199 201 165 76 111 121 157 0 49
4 105 200 159 122 173 73 97 95 58 154 0 20
8 83 119 60 121 196 149 114 184 176 128 0 38
10 154 89 79 187 152 77 146 195 187 157 0 50
8 199 57 106 177 136 85 197 174 53 136 0 39
3 173 53 67 161 191 102 163 183 143 88 0 12
8 110 118 49 46 175 195 152 173 141 75 0 40
7 47 148 96 165 195 170 171 48 128 200 0 33
7 110 105 87 100 154 51 95 98 40 195 0 33
6 116 139 199 179 56 117 103 69 41 149 0 28
8 63 74 174 120 112 175 89 112 99 151 0 38
8 125 65 106 154 119 73 112 112 189 92 0 36
9 188 79 120 113 85 124 138 116 103 78 0 43
3 161 94 90 163 158 180 94 108 192 81 0 11
3 152 193 55 180 131 42 117 120 155 79 0 13
4 97 122 74 165 168 132 45 176 186 134 0 16
6 140 175 173 115 99 130 51 179 47 84 0 29
7 167 41 49 80 87 126 121 81 174 61 0 35
10 155 63 138 186 89 104 48 89 102 78 0 46
9 156 170 76 115 73 53 161 60 169 139 0 42
7 153 155 93 195 45 102 195 109 54 137 0 31
3 88 173 74 143 63 188 118 77 81 187 0 14
9 46 44 144 78 101 153 161 42 120 114 0 45
3 144 135 88 150 182 160 151 127 45 75 0 12
3 198 93 83 73 72 128 156 91 110 154 0 12
8 200 92 146 95 152 75 186 51 56 61 0 40
7 153 146 167 112 200 189 153 75 159 186 0 31
5 74 96 153 125 157 55 119 54 84 161 0 21
9 138 92 144 109 131 92 64 88 57 157 0 44
3 81 140 104 193 130 181 191 41 94 199 0 15
5 182 144 142 137 106 54 143 123 173 128 0 21
8 57 185 128 66 51 43 90 154 200 126 0 39
10 88 69 178 110 173 128 94 112 75 161 0 46
3 74 77 72 96 57 86 81 102 155 71 0 15
10 179 190 192 49 148 164 70 70 52 156 0 50
7 114 98 42 63 195 128 71 94 124 75 0 34
8 92 110 88 147 175 44 105 155 176 71 0 40
9 190 98 125 79 103 130 48 185 164 198 0 45
8 193 119 198 192 190 167 68 168 85 123 0 40
6 91 59 90 197 198 112 128 99 147 171 0 29
9 165 179 134 196 199 88 113 55 70 160 0 41
6 58 157 48 163 100 124 158 66 136 184 0 29
9 124 147 84 68 190 128 118 73 56 183 0 41
9 60 162 71 145 101 191 146 191 114 142 0 45
8 103 160 182 181 104 55 59 136 118 165 0 40
3 182 183 118 161 76 145 159 53 145 198 0 15
4 136 122 111 128 165 78 196 186 87 75 0 20
6 187 102 151 173 195 75 159 136 137 186 0 28
6 141 78 110 76 166 74 70 179 196 192 0 26
6 167 180 163 116 171 41 78 187 67 59 0 28
4 141 139 51 133 104 150 188 136 191 180 0 20
7 97 104 54 165 45 96 73 198 144 109 0 33
3 191 147 173 68 124 79 95 92 41 175 0 13
7 64 42 135 147 86 196 105 75 76 185 0 34
7 199 77 161 163 153 110 149 145 173 92 0 33
6 191 154 191 81 151 153 195 167 141 90 0 30
10 101 197 65 49 123 59 114 128 135 94 0 46
3 121 71 99 90 95 87 110 157 57 115 0 14
8 174 140 167 106 161 49 155 132 195 80 0 40
7 43 165 143 47 163 157 115 116 154 124 0 34
9 56 87 116 118 183 179 95 143 183 196 0 41
2 129 185 110 141 154 181 122 95 64 88 0 10
5 49 87 49 103 110 126 159 63 163 188 0 25
8 131 136 154 81 114 93 89 70 122 155 0 40
7 110 160 175 187 82 72 132 76 63 58 0 35
10 110 71 191 56 133 170 42 174 115 45 0 47
5 186 60 102 79 156 155 89 126 59 119 0 24
8 174 52 195 49 153 93 43 126 42 161 0 36
8 75 49 111 78 112 57 190 184 153 88 0 38
10 144 172 107 167 43 105 86 97 81 53 0 48
3 156 179 72 126 136 193 163 154 103 108 0 14
7 139 55 112 44 66 189 65 65 55 185 0 32
9 126 156 176 146 138 127 110 85 112 134 0 41
6 135 159 81 171 157 167 61 133 155 155 0 29
9 178 113 75 167 67 43 116 82 183 136 0 42
7 99 86 145 120 147 182 181 157 133 134 0 32
8 157 101 104 122 80 46 198 77 104 142 0 39
10 80 150 48 182 144 198 149 106 104 193 0 50
7 151 142 165 123 121 65 138 61 66 181 0 34
4 116 142 123 164 126 67 163 200 195 46 0 17
4 98 100 145 175 73 143 84 98 60 146 0 19
7 121 190 55 73 105 98 157 193 157 162 0 33
5 167 197 181 155 152 165 95 49 185 185 0 22
9 101 69 41 43 100 171 192 84 185 188 0 44
7 127 65 108 176 77 66 84 85 146 122 0 34
4 125 170 154 105 63 136 45 167 168 52 0 16
4 172 118 95 181 153 175 137 134 109 161 0 16
5 67 149 57 73 155 149 51 148 70 134 0 25
7 45 168 138 110 180 114 44 181 131 66 0 33
10 83 199 50 199 76 44 116 132 62 189 0 46
4 49 143 79 126 117 136 113 77 53 160 0 17
9 111 115 158 104 138 102 191 192 42 41 0 44
3 138 66 124 71 151 75 185 121 157 153 0 13
6 47 151 118 85 196 43 189 46 175 185 0 29
4 115 41 64 163 90 182 112 104 123 73 0 17
7 164 194 61 86 172 103 70 88 109 49 0 33
4 82 124 43 133 176 50 181 142 67 182 0 18
9 63 194 131 101 55 143 200 101 98 138 0 45
7 148 67 145 175 57 141 189 135 168 106 0 33
4 147 187 115 163 54 141 41 88 176 109 0 18
3 163 93 62 110 160 161 102 47 125 102 0 11
5 163 172 189 75 175 123 192 53 190 78 0 21
7 150 44 45 146 74 192 43 137 52 63 0 32
8 155 136 83 60 136 98 153 130 136 128 0 37
4 127 138 177 95 47 162 127 47 147 200 0 20
7 200 117 187 100 56 200 106 157 53 148 0 31
4 104 121 169 149 92 46 89 140 77 46 0 16
6 113 108 47 188 91 70 184 199 77 186 0 30
5 154 71 74 157 86 122 135 85 59 85 0 22
2 64 90 74 76 168 105 79 62 68 78 0 10
8 100 172 137 96 149 189 114 145 89 161 0 39
2 65 100 149 126 200 133 164 51 122 45 0 10
10 200 116 61 152 179 108 99 127 112 87 0 50
5 69 138 189 42 49 60 132 198 200 181 0 25
4 187 96 179 100 127 177 135 173 69 47 0 16
7 48 170 100 141 191 147 57 163 54 172 0 34
8 119 152 125 46 188 189 87 130 192 167 0 38
8 80 112 43 92 176 102 103 65 44 161 0 40
10 99 103 41 166 86 61 143 145 121 133 0 46
9 129 115 149 185 49 67 177 163 61 40 0 43
8 52 104 108 155 178 166 87 134 153 85 0 39
3 68 192 81 44 138 111 147 104 186 182 0 11
4 141 140 83 195 60 61 47 160 119 75 0 20
6 67 168 74 93 101 183 56 126 88 110 0 27
6 70 121 112 187 104 130 162 41 127 72 0 30
10 62 145 54 187 147 69 161 88 103 105 0 48
6 45 151 149 149 112 75 197 183 95 139 0 30
10 198 85 69 107 96 200 77 107 189 62 0 46
9 168 89 67 132 56 142 179 79 90 184 0 44
8 128 139 131 47 87 164 49 47 96 55 0 36
3 65 145 62 53 47 64 151 70 126 74 0 11
4 151 66 127 199 184 160 200 79 109 58 0 19
4 94 136 57 114 42 58 66 52 76 199 0 18
4 103 123 193 146 173 149 198 150 197 120 0 20
8 174 174 178 147 75 184 159 184 192 147 0 39
6 78 184 49 178 185 112 112 128 138 127 0 27
7 166 90 112 158 96 96 69 86 125 72 0 35
5 104 177 97 160 181 191 165 111 166 77 0 22
8 198 61 94 107 120 148 104 121 105 155 0 36
5 112 134 196 139 90 118 139 108 155 68 0 22
4 99 100 53 117 66 147 75 73 103 141 0 18
7 188 84 63 184 163 149 85 153 181 101 0 31
10 131 82 143 43 94 46 96 41 114 79 0 46
4 167 89 69 158 45 127 65 55 171 171 0 17
4 90 104 55 74 181 60 186 131 71 142 0 16
8 54 174 122 129 191 67 93 134 102 98 0 37
3 148 44 61 136 51 136 110 191 52 182 0 15
8 65 130 53 120 118 172 132 161 114 189 0 36
4 185 56 108 122 94 71 115 175 54 189 0 16
8 119 103 49 123 144 95 143 74 118 144 0 40
10 141 137 145 112 60 109 102 154 171 194 0 47
7 93 152 44 90 114 124 83 151 99 183 0 32
3 81 197 43 184 100 195 118 48 71 182 0 13
3 65 168 152 186 98 63 176 108 50 191 0 14
8 111 107 143 65 45 130 103 125 54 117 0 38
3 108 127 183 159 55 177 176 115 53 58 0 14
6 186 146 81 67 123 162 62 86 148 135 0 30
4 120 61 113 91 187 59 65 200 56 99 0 17
7 160 103 167 63 95 154 156 75 177 86 0 31
4 41 128 90 124 54 154 95 134 47 153 0 16
4 152 89 200 186 171 79 195 93 100 79 0 20
7 173 201 106 88 169 106 125 82 60 163 0 32
3 120 112 172 192 83 97 136 182 63 183 0 13
3 45 179 167 195 140 140 175 146 90 64 0 15
3 133 55 107 192 182 147 77 70 150 131 0 12
4 48 158 174 165 164 172 187 134 187 190 0 18
6 191 53 192 56 149 52 66 59 173 49 0 30
9 50 165 49 113 122 85 122 179 83 143 0 44
7 147 87 132 168 50 113 130 130 123 185 0 32
10 190 131 132 58 148 175 178 50 135 41 0 46
9 78 99 76 70 61 118 134 156 132 141 0 44
8 96 59 176 164 201 51 42 130 107 171 0 40
3 88 90 53 143 111 172 47 55 51 118 0 12
10 166 133 55 101 137 87 97 61 150 163 0 47
5 185 96 65 189 190 41 188 115 55 88 0 22
7 158 120 170 51 70 169 73 156 145 47 0 31
7 162 197 79 106 143 110 53 106 105 123 0 33
4 130 199 83 192 74 44 53 188 97 126 0 16
5 193 40 112 65 162 68 50 190 178 142 0 23
4 149 164 184 179 177 116 96 175 139 69 0 17
4 67 59 128 92 194 115 88 53 194 157 0 20
3 176 125 157 182 201 92 95 114 79 169 0 12
9 87 111 92 112 170 156 173 141 136 78 0 42
8 180 147 77 102 44 64 81 181 127 71 0 40
8 105 194 89 127 195 112 100 66 45 60 0 38
9 152 161 114 183 145 61 68 193 68 114 0 45
4 116 98 52 134 91 134 157 97 69 186 0 19
4 131 111 147 185 68 162 139 166 66 108 0 16
4 106 55 52 188 75 189 44 138 157 181 0 18
10 58 90 149 60 198 70 157 107 110 159 0 47
4 187 46 138 175 90 46 139 198 123 51 0 19
9 119 55 116 60 189 49 86 122 114 173 0 41
6 108 157 122 93 201 123 129 199 69 56 0 28
7 83 162 106 45 166 163 121 186 45 41 0 31
6 195 60 200 140 113 126 123 171 188 149 0 29
4 80 171 161 195 177 49 150 166 189 171 0 17
3 198 57 103 85 101 114 184 50 161 136 0 13
3 191 139 118 137 64 131 123 92 53 46 0 14
5 171 157 148 61 171 100 47 160 89 116 0 22
9 62 162 190 181 123 69 86 57 55 152 0 43
4 76 135 124 107 147 44 50 153 68 128 0 20
4 199 41 147 164 55 48 124 52 108 126 0 18
3 200 193 102 59 83 43 167 192 64 96 0 14
7 146 153 97 192 40 83 105 57 48 72 0 31
9 57 58 45 60 144 77 140 165 147 82 0 44
3 46 108 134 107 169 127 42 199 160 114 0 12
6 109 73 145 167 92 78 101 124 100 126 0 29
10 44 180 141 106 60 107 137 51 69 128 0 46
4 124 167 55 83 73 143 116 92 65 77 0 19
10 88 190 59 151 147 97 185 58 161 129 0 48
9 148 151 167 199 124 83 144 110 189 171 0 44
3 136 159 107 174 124 125 73 95 98 91 0 15
6 187 77 192 64 165 177 169 133 179 52 0 26
5 79 175 51 145 69 94 152 109 45 45 0 23
8 77 100 182 73 195 102 81 185 107 99 0 37
6 165 92 150 138 172 151 125 120 176 89 0 27
7 79 177 75 124 157 122 52 46 47 59 0 33
8 129 128 104 64 187 84 101 53 129 130 0 38
8 187 130 89 149 148 125 82 84 124 88 0 38
9 45 49 59 177 47 143 71 69 105 135 0 43
8 186 132 120 182 104 142 137 158 191 147 0 40
4 79 191 45 155 79 135 175 105 167 131 0 19
5 135 108 165 73 143 61 144 60 151 96 0 22
8 48 58 168 63 70 155 193 163 45 179 0 38
10 149 66 168 159 134 157 175 75 167 92 0 47
6 181 113 72 153 174 181 88 168 63 170 0 28
6 152 104 60 42 143 47 156 106 187 150 0 29
3 185 181 86 114 166 98 73 149 108 69 0 15
10 106 65 44 143 120 67 87 185 175 56 0 50
4 200 41 93 55 177 56 88 85 124 138 0 19
8 75 167 74 52 63 78 197 159 57 122 0 36
4 141 55 132 182 144 46 120 136 73 182 0 19
6 116 158 53 136 133 165 85 138 155 43 0 26
3 44 117 107 105 78 79 145 166 116 74 0 14
3 190 190 87 195 132 118 94 90 142 100 0 12
5 122 153 105 185 194 152 175 127 94 201 0 23
7 59 68 102 107 135 62 98 142 79 172 0 32
8 45 73 191 146 180 179 116 47 165 116 0 38
9 142 85 200 184 169 107 192 85 99 191 0 42
7 131 183 178 41 183 118 161 108 138 59 0 34
2 117 58 180 49 124 99 170 90 129 89 0 10
9 122 78 163 98 109 66 168 201 50 153 0 45
2 123 164 86 104 133 136 68 121 178 45 0 10
5 76 122 77 101 114 200 124 183 81 98 0 24
9 52 105 89 183 106 180 49 154 163 44 0 42
4 97 145 65 50 172 104 154 57 103 161 0 19
10 179 136 111 42 183 189 199 59 117 181 0 50
8 164 92 63 176 50 129 134 107 140 191 0 38
5 71 66 40 100 135 134 73 183 118 196 0 22
4 140 173 145 124 118 105 43 101 126 88 0 18
6 147 122 64 57 94 163 193 180 63 85 0 26
9 180 158 198 185 58 176 88 74 182 196 0 44
3 107 124 152 144 163 42 84 106 114 95 0 13
7 69 136 175 124 156 161 70 120 135 83 0 33
7 154 46 162 129 124 101 55 125 91 91 0 31
7 176 143 177 127 162 181 126 135 179 169 0 31
5 55 153 51 61 108 118 193 180 174 96 0 23
9 62 88 99 45 81 106 107 131 56 134 0 43
5 137 174 185 72 179 122 63 179 144 157 0 22
5 157 147 109 45 100 121 92 78 161 82 0 21
7 131 73 140 172 133 64 184 191 75 197 0 35
4 119 167 161 83 201 189 135 73 41 116 0 17
4 122 41 151 190 52 168 56 173 161 137 0 20
10 51 84 192 192 151 80 122 158 85 58 0 49
5 58 124 76 78 159 62 104 169 143 97 0 23
9 92 90 92 149 138 51 159 102 48 50 0 44
8 154 179 91 123 190 175 120 196 61 82 0 39
4 161 171 114 64 126 111 186 89 176 80 0 17
9 93 48 200 100 67 179 114 128 70 158 0 44
3 128 173 138 46 43 96 102 195 138 200 0 14
6 193 159 116 77 85 172 116 45 187 110 0 26
5 41 175 189 151 65 158 165 108 188 160 0 24
10 57 124 141 127 51 146 42 95 42 179 0 46
6 86 119 85 162 195 124 175 82 140 163 0 29
3 102 59 134 119 53 179 157 88 153 92 0 13
9 192 108 198 162 53 155 61 147 198 185 0 43
10 195 137 131 187 108 46 191 104 47 55 0 48
7 190 112 104 53 186 152 51 65 172 118 0 33
6 88 82 112 105 57 128 61 145 154 102 0 27
9 170 162 56 112 181 89 98 114 53 96 0 41
7 100 96 171 129 48 80 94 80 170 130 0 32
6 136 50 158 135 75 106 126 65 55 192 0 30
4 107 200 148 65 163 168 109 107 166 61 0 16
5 94 67 77 145 74 57 70 69 101 201 0 23
6 49 61 59 70 191 41 92 157 89 189 0 28
10 103 156 144 149 156 51 111 139 51 79 0 50
4 99 127 178 55 158 194 55 70 88 47 0 18
7 100 92 160 43 107 140 147 101 118 124 0 33
9 141 148 156 42 43 43 91 159 166 200 0 44
5 93 96 113 124 78 78 86 88 120 165 0 22
8 126 82 113 115 187 137 170 78 73 134 0 37
6 62 158 126 115 109 160 90 171 81 187 0 28
6 97 75 47 174 136 57 129 76 128 179 0 29
5 200 70 174 146 147 97 95 65 117 80 0 21
9 141 43 56 198 116 78 104 176 56 179 0 44
4 103 159 126 76 169 75 173 171 176 124 0 18
9 68 158 43 136 81 114 142 128 191 53 0 45
3 45 106 129 169 183 69 183 108 104 122 0 15
9 50 182 73 116 183 96 124 107 131 131 0 45
9 70 139 196 96 176 175 114 122 95 132 0 45
9 183 120 183 171 48 135 153 114 70 45 0 45
10 164 110 159 110 134 197 59 179 87 113 0 47
6 86 65 81 60 145 41 88 64 72 77 0 28
6 179 136 122 166 175 164 86 83 85 124 0 30
7 81 71 49 157 114 170 59 134 103 65 0 34
5 122 70 121 161 182 175 173 90 132 154 0 23
4 68 105 116 173 60 171 77 61 180 41 0 19
6 63 69 93 96 148 135 169 156 114 124 0 27
7 193 148 50 46 157 193 122 51 50 143 0 32
3 56 77 186 43 135 53 132 54 163 80 0 15
4 91 180 148 71 122 138 195 76 100 97 0 20
7 95 102 126 198 41 97 123 70 122 133 0 35
2 201 116 179 44 56 81 130 186 157 47 0 10
6 166 65 180 104 88 90 141 63 181 114 0 30
10 154 142 63 142 59 157 73 152 55 155 0 49
4 95 131 166 181 49 73 54 186 193 150 0 17
5 147 96 70 65 106 157 154 60 163 193 0 21
9 170 123 185 188 59 59 42 192 175 118 0 41
6 79 160 61 159 69 195 186 50 162 65 0 29
10 106 72 55 126 167 171 179 42 57 61 0 49
10 184 131 164 184 129 107 114 149 105 102 0 47
4 165 91 59 65 88 138 88 77 179 140 0 20
10 43 83 178 169 151 164 131 96 81 122 0 46
10 69 100 129 104 94 102 144 183 161 92 0 46
4 139 85 58 73 127 58 146 183 73 120 0 17
10 120 55 160 116 180 114 141 194 152 102 0 47
9 150 91 120 154 81 135 185 192 169 95 0 44
10 75 173 126 83 143 46 163 198 175 163 0 46
6 67 42 106 185 173 106 41 199 177 118 0 30
5 108 182 99 179 139 147 140 105 117 198 0 22
8 122 163 119 143 59 83 182 73 128 99 0 39
9 91 95 52 123 167 131 77 86 167 165 0 45
4 183 72 145 193 147 171 77 141 110 138 0 20
5 137 92 100 156 124 164 87 179 161 61 0 24
5 76 86 80 137 63 89 196 139 52 119 0 21
4 113 110 93 161 122 197 189 101 154 65 0 16
4 154 57 102 149 190 143 186 125 126 144 0 17
10 153 91 124 171 89 176 137 122 89 61 0 49
6 147 193 124 155 143 59 131 56 61 93 0 30
6 128 111 145 133 43 98 75 85 176 75 0 29
9 69 163 59 130 179 47 153 106 61 59 0 41
9 169 43 148 178 87 152 103 137 145 73 0 43
10 141 76 159 165 127 167 72 151 80 54 0 49
7 144 200 199 140 96 87 83 50 161 63 0 31
91 95 121 96 122 109 100 69 84 114
114 129 149 172 186 218 224 241 267 280
112 131 157 162 200 212 234 246 279 286
111 137 150 180 197 207 237 252 260 281
103 125 155 168 196 215 236 257 263 289
111 128 148 169 188 208 228 260 271 289
110 136 149 168 199 217 238 254 267 288
108 138 146 178 187 208 235 245 276 290
102 122 152 172 197 217 225 253 269 292
112 134 152 166 181 213 225 248 280 285
116 126 148 170 196 201 237 253 260 289
107 131 147 172 180 208 230 242 271 288
116 124 146 163 196 208 239 253 268 295
105 122 151 163 193 217 238 243 264 292
108 138 144 173 191 217 240 243 269 286
118 130 146 176 191 217 237 258 261 296
109 126 152 173 195 213 235 258 261 299
117 121 142 171 184 207 225 250 267 293
100 124 146 173 194 209 236 257 280 295
116 122 154 162 192 208 227 249 263 300
101 138 154 169 198 209 229 257 270 293
119 123 149 164 197 209 225 259 279 291
118 129 156 166 198 204 233 241 269 284
118 123 143 164 191 215 224 255 268 292
116 126 149 171 191 213 228 254 280 296
100 122 142 166 197 218 221 257 262 289
112 120 150 169 187 212 235 249 270 283
120 137 158 162 188 209 229 253 269 280
113 126 140 164 194 217 224 250 263 287
100 131 146 162 199 209 225 247 263 287
118 124 157 177 185 202 220 252 273 300
105 136 140 171 192 216 237 246 278 284
115 129 151 166 187 216 223 244 263 281
103 123 144 165 189 210 227 242 260 286
102 139 145 160 187 218 235 248 264 295
104 127 149 170 185 209 234 252 269 297
100 123 154 177 185 205 229 251 262 280
112 134 148 180 191 215 232 256 264 292
104 134 156 163 180 203 232 250 277 290
120 133 144 169 187 200 222 257 271 281
102 139 153 168 196 211 234 244 262 293
119 126 151 167 192 207 230 257 266 290
111 120 143 173 180 201 227 241 268 291
114 139 160 174 196 213 238 255 271 298
120 122 160 169 182 216 220 241 275 292
108 139 146 178 195 202 223 253 277 281
117 137 142 171 186 217 227 244 280 294
107 129 156 173 189 200 228 240 275 299
110 126 144 177 198 209 234 246 274 287
118 134 143 178 193 219 227 255 269 288
100 120 160 170 192 215 240 248 273 288
102 135 142 161 181 212 228 247 280 288
119 126 154 163 192 200 223 247 260 281
118 134 146 163 180 216 223 244 268 290
112 127 150 166 191 206 232 258 272 286
100 127 158 168 180 216 239 250 268 285
109 125 140 165 192 209 223 240 277 287
105 127 159 179 180 208 230 253 264 299
104 123 156 161 199 209 228 248 261 291
102 137 151 173 196 215 232 245 264 295
120 120 148 170 182 201 238 257 262 298
108 140 151 173 191 212 233 252 265 300
107 139 158 178 195 206 239 244 261 287
105 129 146 180 194 200 227 240 277 298
105 134 148 174 196 200 238 243 280 281
101 125 152 178 197 218 239 244 266 281
118 137 146 161 193 218 232 249 263 287
106 136 157 161 196 200 239 243 261 289
105 126 156 170 185 219 230 248 279 299
107 134 147 174 190 208 225 260 270 285
103 128 153 161 182 219 221 244 275 296
102 125 143 179 200 204 237 248 278 285
119 125 156 168 193 200 228 247 277 296
120 135 141 171 189 206 240 251 266 296
102 124 157 162 200 207 231 245 275 299
120 127 144 163 199 208 235 254 271 297
107 123 145 163 183 209 226 250 273 291
102 138 140 160 192 203 235 243 275 286
113 122 145 161 195 201 223 255 272 289
100 123 145 175 190 201 240 250 268 280
117 122 153 174 196 210 238 256 265 286
117 139 147 170 183 209 223 256 267 285
115 133 141 170 180 202 229 257 280 294
103 127 154 173 182 200 234 242 272 289
105 120 142 164 184 215 232 250 277 292
106 126 143 177 199 217 240 246 261 281
107 140 159 167 183 204 226 257 278 294
103 136 146 180 183 216 225 244 280 281
114 140 140 178 180 217 234 252 260 287
114 135 144 171 190 214 222 240 276 284
110 137 159 162 181 220 220 244 277 283
117 138 146 163 184 213 234 257 270 300
118 129 153 176 193 208 236 253 279 292
106 133 157 174 182 212 221 240 270 281
113 127 155 169 198 205 238 260 266 280
102 139 151 163 186 219 240 260 279 287
115 124 143 165 199 211 231 257 261 287
100 138 154 175 189 212 240 240 270 284
118 133 145 174 199 215 235 259 275 281
116 121 158 163 196 215 220 247 272 295
115 121 143 164 192 210 238 250 263 282
113 136 157 163 188 209 229 243 260 284
110 139 152 161 192 214 226 248 261 293
101 122 142 180 184 203 225 259 267 281
100 129 155 173 196 202 240 254 270 298
109 139 157 176 192 211 228 257 267 290
119 134 145 161 198 220 240 257 263 286
105 132 151 176 190 215 228 248 269 286
119 133 156 179 197 220 224 242 276 300
117 132 152 179 183 207 224 246 269 289
119 136 154 167 192 217 224 242 279 284
105 122 148 166 190 208 240 243 268 297
114 126 143 178 196 204 223 244 274 289
107 135 160 160 193 220 220 246 278 293
108 121 159 180 197 204 235 255 261 300
107 140 143 164 200 205 239 252 268 280
104 133 158 168 196 204 234 259 261 297
116 130 158 165 188 218 230 260 275 282
106 137 149 175 185 200 231 255 279 294
111 134 160 179 195 219 239 245 262 285
101 134 152 169 183 212 220 257 264 286
105 135 158 174 184 217 236 242 280 283
109 137 147 164 190 202 222 259 262 280
104 122 141 160 180 211 220 242 277 291
104 133 148 176 196 212 237 252 268 296
107 120 157 160 196 201 226 249 275 289
116 135 157 162 193 202 239 260 272 289
119 121 154 179 192 212 236 256 267 297
106 131 147 163 185 200 232 251 279 299
117 121 158 177 187 200 229 254 272 284
114 132 152 173 198 201 237 248 278 282
120 128 146 169 192 203 221 241 275 299
112 133 147 175 181 204 238 244 272 282
118 123 152 176 189 203 233 257 276 284
111 123 156 168 194 200 226 248 277 295
113 127 153 167 196 204 240 251 269 286
102 127 149 175 190 200 224 240 264 281
105 123 160 178 185 202 233 247 265 287
112 120 148 166 182 201 231 241 263 282
110 133 140 180 180 209 233 242 273 284
100 128 156 180 200 212 225 257 263 294
112 133 149 178 183 202 232 245 276 290
101 133 148 170 196 203 223 253 263 288
102 127 143 175 195 210 233 252 270 300
114 139 151 179 198 219 227 244 277 283
111 139 145 173 188 211 234 248 276 294
117 121 144 179 188 204 239 258 262 295
112 131 141 172 190 200 238 250 262 281
100 126 155 175 198 210 239 240 262 300
101 133 158 163 198 207 240 245 261 289
101 128 141 160 189 200 234 257 280 298
118 127 147 166 199 204 221 259 270 294
118 139 147 173 187 208 224 248 270 290
107 138 143 180 185 213 225 243 263 292
108 127 149 167 193 208 232 244 268 284
104 134 153 169 186 210 222 246 262 297
115 137 156 164 191 207 234 259 262 286
120 138 145 167 186 215 235 258 275 285
109 139 140 167 191 215 236 245 276 292
109 120 157 165 181 214 239 249 275 290
112 124 155 179 187 204 235 254 260 300
119 137 160 165 189 219 228 244 274 287
107 136 154 179 197 204 228 256 273 280
106 132 157 175 199 217 225 260 278 280
109 130 146 176 196 220 240 242 260 297
113 130 141 180 189 207 238 252 273 294
103 120 157 165 182 216 221 249 280 298
113 127 140 179 192 202 228 253 275 300
102 137 159 163 190 215 237 255 277 295
111 134 141 177 184 216 238 250 279 295
103 137 154 169 195 205 235 258 260 295
114 133 141 177 193 214 227 245 271 299
114 126 144 172 186 201 222 258 260 296
109 125 153 170 181 207 239 257 271 287
114 121 155 172 189 200 228 241 271 281
119 134 149 160 182 206 228 258 274 280
118 136 141 174 198 217 227 250 271 292
119 127 140 162 181 216 221 247 272 291
108 128 159 164 194 206 239 252 263 296
106 121 160 174 185 212 238 259 272 285
109 136 144 173 200 210 235 253 270 286
112 127 140 171 200 209 238 249 271 298
104 128 156 174 195 202 234 242 274 291
109 129 151 161 198 214 228 251 275 294
110 134 153 163 200 215 220 252 273 297
108 123 148 180 196 215 239 249 266 284
119 138 144 164 187 204 232 253 270 289
108 126 145 162 191 218 231 246 276 291
107 138 148 167 190 211 231 242 271 282
106 123 147 178 181 211 230 249 264 286
111 135 151 164 189 209 233 242 266 294
116 129 140 168 198 206 232 259 270 283
117 123 145 166 193 219 232 257 261 292
107 137 148 160 190 201 234 257 277 285
101 127 140 174 194 203 229 251 273 298
118 129 155 178 200 202 231 250 280 299
108 140 146 165 198 209 224 243 261 285
108 128 145 163 184 210 222 255 268 284
113 126 156 162 182 213 228 249 264 284
103 128 158 165 181 215 227 247 264 286
101 121 155 160 186 204 229 258 280 296
109 125 144 171 188 212 228 243 276 299
114 128 148 171 192 220 228 246 268 298
101 120 147 170 198 214 234 244 268 292
109 126 146 174 193 203 221 256 267 298
100 133 147 172 198 213 237 243 279 287
108 124 140 178 181 207 224 253 278 287
108 122 154 172 188 201 223 253 263 287
103 126 160 164 196 208 233 242 278 282
108 122 149 172 183 200 222 260 271 285
117 126 142 169 193 204 238 259 266 283
108 120 155 167 187 200 235 249 278 297
119 121 158 165 185 208 239 242 261 291
115 129 146 177 188 204 232 242 280 297
117 134 143 164 186 202 240 257 274 287
110 134 156 180 191 200 232 260 273 287
101 135 145 167 182 219 230 251 261 283
109 130 155 173 196 211 235 247 266 281
110 120 159 170 193 201 222 250 274 280
115 139 142 177 183 209 221 248 270 284
120 132 159 160 192 218 232 255 266 280
106 126 150 170 194 208 229 245 269 285
101 132 151 168 191 205 223 248 264 294
118 139 148 169 196 203 240 241 265 293
119 124 144 178 191 202 226 254 275 292
114 134 152 162 191 211 238 248 261 295
103 132 147 170 184 217 232 247 266 300
101 121 142 177 193 210 221 260 264 300
101 121 160 178 183 210 240 248 279 289
116 137 147 163 181 210 229 248 264 287
100 134 157 162 180 204 231 251 280 291
105 130 151 162 195 213 239 246 271 300
108 125 141 175 181 212 226 248 268 298
110 138 145 167 185 215 223 247 268 299
103 133 158 180 197 206 223 250 265 299
114 121 156 173 193 203 233 254 260 285
107 128 158 179 195 202 235 260 266 286
115 123 150 175 183 218 239 252 273 288
106 133 148 179 185 200 222 248 262 292
100 126 148 160 187 205 233 254 271 298
119 131 148 171 182 209 237 254 262 292
111 122 154 175 184 208 227 256 262 290
105 135 144 170 194 218 228 251 261 296
106 135 147 164 188 219 239 244 272 294
112 126 159 169 184 215 230 241 268 297
107 126 141 177 194 217 232 242 276 294
110 136 152 170 185 209 239 240 267 282
103 140 140 176 182 207 220 248 276 298
116 124 158 164 187 212 229 257 277 297
101 131 150 161 194 200 229 252 276 299
120 137 152 172 196 218 230 252 277 295
101 125 150 176 193 210 220 244 275 291
107 123 144 169 195 211 222 251 280 290
108 125 141 175 186 220 240 250 271 288
112 132 148 174 196 220 224 258 270 293
111 134 140 168 185 213 221 248 261 282
101 125 143 180 199 216 237 258 264 283
107 128 144 170 180 219 222 253 268 282
119 135 154 178 195 207 221 246 268 292
117 137 150 176 184 204 240 258 261 293
116 120 143 166 184 219 227 252 260 293
107 122 150 172 196 211 240 260 271 287
112 130 151 161 194 205 235 240 278 297
107 123 159 178 184 209 231 258 280 295
113 140 157 167 181 202 220 250 262 284
117 140 154 160 183 211 236 247 263 292
104 132 152 169 198 217 225 257 264 284
103 134 158 160 183 208 225 249 272 293
101 124 144 179 193 211 226 243 267 299
115 126 154 160 192 202 231 251 268 300
118 133 155 161 188 201 223 255 279 297
106 140 146 168 187 203 230 246 278 283
116 121 148 171 188 210 228 260 264 288
113 122 144 161 200 215 230 254 280 289
111 130 160 170 195 211 223 241 271 292
118 126 147 179 182 206 238 241 270 291
114 128 141 166 189 207 221 253 268 299
119 123 156 168 187 210 239 257 271 280
110 122 153 172 193 219 229 243 264 300
118 121 144 178 181 214 227 252 261 282
109 126 151 165 192 203 237 244 274 282
109 138 151 164 200 214 232 256 271 299
112 137 156 162 192 211 227 248 271 292
110 128 160 169 197 214 233 241 264 282
105 132 151 179 186 206 223 250 276 282
105 139 149 172 185 201 235 244 268 281
105 126 147 177 191 202 222 242 269 289
110 124 142 163 182 208 236 258 266 292
105 133 152 176 184 214 227 254 273 298
100 120 142 176 185 218 239 249 261 300
111 136 152 175 181 215 237 260 277 298
119 140 147 180 183 217 220 246 263 290
104 122 146 164 184 212 236 247 263 285
103 135 160 175 180 206 223 260 269 282
119 133 145 173 185 203 236 246 270 290
114 123 156 164 185 212 239 240 273 299
109 126 157 167 185 209 225 242 268 295
116 128 147 164 195 203 222 256 266 281
102 132 144 172 181 200 238 258 262 280
119 136 158 163 198 219 236 249 280 299
102 126 141 166 191 211 232 241 279 295
118 126 146 167 200 201 220 254 273 285
117 136 146 175 191 208 225 246 267 284
120 139 142 178 184 207 227 243 272 292
104 130 142 167 189 220 233 257 263 286
112 123 156 176 190 208 240 247 270 287
119 138 145 162 181 209 233 243 272 283
110 123 149 163 198 211 238 242 268 297
104 124 151 164 190 210 236 243 273 293
101 126 160 178 185 209 235 251 264 281
103 127 155 164 195 211 239 240 273 281
116 140 148 167 181 203 227 256 273 290
118 127 155 175 193 204 240 247 279 287
107 121 158 174 185 213 231 246 279 287
112 127 143 166 198 216 222 258 273 300
100 126 151 168 192 217 223 259 261 286
104 127 141 169 183 219 231 244 267 298
120 129 157 164 186 211 237 245 266 289
114 124 157 162 192 206 234 246 276 281
103 137 151 160 199 201 222 255 261 291
120 124 148 165 193 209 235 251 277 296
117 138 158 167 182 216 225 253 272 300
106 128 159 168 200 205 222 240 263 291
104 122 159 174 188 210 229 258 261 295
120 138 152 166 195 208 233 257 264 283
116 129 155 175 182 215 235 257 278 286
113 137 146 175 187 200 228 252 276 296
118 137 145 177 195 213 228 242 264 288
103 130 153 178 180 215 240 240 263 293
104 121 141 177 181 206 225 241 261 281
120 128 150 161 200 214 240 246 268 296
104 128 158 168 182 216 233 255 275 293
106 138 158 172 184 201 224 254 261 291
118 129 141 174 180 207 222 256 268 284
109 127 150 168 188 206 224 249 271 298
100 121 158 163 182 212 235 256 278 284
112 137 152 160 181 208 226 245 268 300
104 135 142 179 193 200 228 254 274 298
112 122 145 161 198 218 234 259 275 293
113 131 160 162 198 217 230 258 268 284
103 123 158 165 180 213 228 255 280 282
110 140 156 164 182 207 221 255 267 293
119 136 160 165 193 212 235 250 268 290
112 120 160 179 185 218 229 254 264 291
112 130 151 163 183 215 234 258 266 295
108 120 151 172 194 210 222 251 278 282
102 133 147 171 198 217 221 250 265 283
114 126 147 162 185 209 234 248 275 300
112 120 150 180 182 210 232 246 263 282
120 136 158 171 183 211 240 246 275 280
116 128 142 179 200 212 235 244 272 290
113 137 149 164 180 217 240 249 279 299
107 124 143 167 200 205 238 250 264 299
119 131 151 170 187 213 235 242 265 300
103 125 148 168 181 211 224 255 272 283
112 133 149 174 196 219 221 244 273 280
110 122 145 175 180 204 224 255 267 287
105 131 152 165 191 212 223 257 262 298
105 136 149 160 180 205 240 242 260 283
120 134 154 172 187 209 235 251 272 281
110 129 159 165 200 209 224 256 266 287
105 124 153 169 190 212 224 256 277 284
101 120 160 175 189 220 234 250 278 293
107 139 154 180 183 218 237 249 277 280
109 138 147 173 182 201 226 242 277 292
106 131 148 171 196 211 232 252 265 293
120 139 142 165 185 202 236 251 268 294
116 131 144 167 199 216 237 250 261 287
110 124 151 173 181 213 222 249 279 284
118 130 148 165 196 213 235 247 279 285
110 122 142 166 182 218 228 248 273 299
115 132 146 175 182 201 226 242 273 294
116 123 159 177 191 219 234 258 269 288
116 140 146 177 199 216 222 256 269 295
113 131 157 172 190 220 236 259 268 300
111 132 158 175 189 214 226 244 279 286
105 139 158 170 186 208 235 255 266 296
101 125 159 167 186 214 225 244 265 282
114 140 146 162 196 219 224 253 266 284
112 131 151 180 190 200 236 257 261 289
119 135 153 177 200 207 236 258 269 296
116 136 147 165 189 212 231 249 268 284
103 131 147 167 184 210 233 247 273 289
104 120 141 169 199 211 234 257 280 297
104 140 151 174 198 206 224 245 267 284
108 138 144 178 188 208 221 253 280 293
106 135 149 165 198 216 234 243 270 286
117 138 153 175 191 214 234 256 275 300
113 122 145 175 192 214 226 248 262 286
113 139 149 177 180 206 235 241 275 291
104 138 144 177 200 203 230 245 268 285
119 139 150 160 199 205 224 240 265 288
100 124 150 177 198 205 228 243 280 298
117 139 142 164 199 219 220 253 279 287
117 139 156 174 190 200 233 258 280 283
113 131 148 173 190 204 221 258 275 297
105 122 148 162 181 215 240 246 277 295
114 135 142 171 182 207 226 253 277 299
116 129 156 166 180 202 225 260 280 293
117 124 159 174 197 205 231 242 276 290
113 126 147 170 180 202 234 254 261 287
119 133 141 167 198 220 221 242 279 280
111 129 154 168 195 206 230 259 272 300
120 139 154 177 189 213 232 242 270 299
105 120 155 175 188 212 222 251 277 290
106 123 157 163 187 217 236 248 271 298
115 130 159 161 187 215 229 253 269 293
100 122 154 177 180 216 226 257 279 287
115 133 143 171 182 202 230 259 266 281
108 137 160 177 197 206 224 240 280 288
118 127 157 165 180 206 236 260 269 288
115 129 143 178 185 214 229 257 268 291
100 129 154 163 200 220 236 246 279 286
117 126 147 180 192 217 238 245 275 293
108 126 140 177 197 216 234 254 262 296
101 126 146 169 180 201 229 243 264 285
107 135 142 165 182 210 234 245 277 298
115 125 153 161 199 220 234 257 274 294
109 129 154 171 190 217 236 248 272 293
116 124 149 163 182 219 237 242 261 295
110 123 151 168 195 211 236 257 263 291
111 126 155 180 183 206 237 246 279 282
103 122 149 174 196 214 237 260 275 290
107 123 143 165 190 203 231 242 266 294
113 129 148 160 196 220 231 255 262 293
106 132 150 160 200 207 220 252 265 282
116 124 153 174 187 210 226 257 263 295
106 140 157 179 195 220 238 242 265 291
112 121 140 175 200 200 234 256 277 300
115 136 147 170 192 208 226 256 275 284
120 122 141 173 187 217 226 258 267 281
116 130 159 179 181 206 220 249 272 280
115 132 146 160 193 216 226 256 267 285
120 132 146 163 196 220 239 246 269 300
115 123 158 174 184 203 224 250 264 294
103 133 147 164 195 217 224 248 271 285
105 120 145 164 194 207 237 244 265 299
102 129 149 175 191 203 236 247 263 281
108 130 157 180 193 217 229 245 268 291
111 136 159 168 194 213 230 242 277 294
113 122 159 170 194 206 227 257 277 280
105 132 153 173 198 201 224 243 280 299
104 129 154 166 187 207 224 248 280 293
116 139 155 164 198 210 227 249 270 280
112 126 160 175 194 208 231 256 266 286
118 134 146 179 186 202 238 242 264 288
120 140 141 179 181 213 221 244 260 290
116 126 151 171 180 217 235 257 265 292
103 124 148 169 189 219 227 241 270 288
115 136 147 178 197 203 232 260 277 284
119 123 153 165 192 202 230 249 273 280
116 129 150 164 183 216 225 255 261 282
118 122 150 175 190 209 224 246 279 300
111 135 141 169 199 210 226 257 263 291
116 136 160 179 193 217 223 258 280 289
107 120 147 160 200 219 225 244 261 284
117 122 152 172 184 205 227 257 275 297
111 130 156 160 194 214 233 251 276 296
119 136 143 163 197 211 238 245 267 282
112 132 142 180 185 214 226 256 271 285
105 132 159 170 187 208 226 254 269 286
114 138 150 163 189 219 228 245 260 283
105 129 149 178 197 211 228 246 280 298
100 123 148 163 191 207 239 246 260 280
114 139 159 161 198 210 233 259 264 299
109 126 146 171 189 204 231 258 269 291
108 125 156 176 193 213 228 246 270 286
117 137 158 180 198 204 226 243 269 297
100 137 154 170 181 211 235 243 268 294
120 122 155 162 198 211 225 252 277 288
115 134 157 163 198 216 233 251 263 286
102 130 142 161 191 202 225 258 272 297
111 120 144 160 200 204 233 246 264 292
102 134 157 169 200 210 234 253 272 292
106 129 160 174 187 208 237 256 262 296
119 132 143 173 192 206 228 242 271 283
107 124 140 161 194 215 226 242 273 282
114 134 150 162 186 219 233 240 279 300
120 126 155 172 188 213 224 259 275 296
103 132 151 179 182 209 230 241 261 285
108 131 140 176 193 220 231 240 269 281
118 139 148 180 191 215 224 252 273 299
107 138 142 173 191 210 221 247 265 283
120 120 145 167 193 215 235 252 271 299
103 124 143 175 198 202 230 249 278 291
102 131 154 168 183 214 234 243 260 298
120 137 147 172 199 202 229 254 279 295
105 137 140 164 186 205 233 245 272 287
120 126 159 172 184 214 226 241 280 293
102 135 147 172 187 201 221 253 264 298
101 137 157 171 183 203 223 246 269 284
109 120 151 176 193 215 230 243 269 282
100 135 149 171 188 213 235 250 271 283
106 123 143 179 180 214 228 248 278 298
105 134 155 170 193 212 222 260 267 294
115 122 153 166 184 204 225 253 277 281
101 131 143 168 186 201 234 254 277 286
113 129 146 180 194 219 240 244 276 289
110 133 159 166 198 215 222 257 266 280
107 128 143 161 200 215 239 254 260 282
106 123 158 174 196 204 227 240 271 300
108 134 160 163 197 211 230 258 267 287
108 134 156 170 183 211 226 250 273 296
116 121 146 175 194 210 221 241 260 284
102 132 157 160 183 218 239 257 270 291
110 126 141 173 185 201 234 244 266 298
104 121 146 172 187 211 238 256 278 300
101 140 147 179 187 213 238 258 269 284
117 125 155 178 184 204 230 252 262 292
113 127 151 173 181 215 228 257 265 284
110 125 148 178 191 220 231 253 276 293
113 134 154 174 200 220 222 256 274 292
111 134 140 163 184 208 226 260 277 293
113 126 159 164 200 213 224 252 273 289
105 120 145 166 186 203 229 256 263 292
117 134 160 166 181 215 224 251 263 294
107 125 151 177 193 218 222 251 261 298
101 123 145 161 191 205 237 253 280 281
111 137 145 179 192 211 234 259 261 295
109 128 146 179 187 214 223 247 271 294
120 127 154 174 195 208 230 245 275 285
120 125 160 178 186 211 220 244 269 285
105 120 154 166 184 203 236 253 270 293
111 120 149 171 182 211 235 247 266 297
109 133 159 174 197 214 231 260 271 282
120 138 159 166 192 216 240 251 274 286
102 131 146 173 180 206 233 241 279 288
107 130 153 161 198 207 222 248 275 291
108 140 159 161 191 216 240 240 268 280
108 124 149 177 184 204 222 249 275 292
103 139 157 175 188 215 227 246 280 290
102 132 155 177 190 208 227 255 271 291
113 122 150 171 195 218 233 249 273 280
117 132 159 161 186 219 239 245 269 289
106 129 149 165 195 216 239 254 279 291
111 132 141 162 195 219 234 249 262 299
119 129 140 165 194 201 232 246 260 300
101 122 160 165 180 210 233 250 272 284
107 139 152 163 186 213 233 258 263 280
102 129 142 166 183 201 232 254 270 290
117 120 146 178 181 203 239 248 266 294
112 134 145 168 196 216 229 240 271 300
106 128 147 164 195 216 220 251 266 292
104 127 149 178 194 214 240 244 280 283
111 135 144 167 199 200 236 242 267 286
112 123 152 168 181 217 228 243 276 282
113 139 159 171 182 217 226 241 268 281
120 130 143 176 189 201 229 258 267 284
118 121 148 161 181 206 233 258 269 300
108 135 150 162 190 217 228 250 273 281
100 121 159 163 186 207 236 258 268 288
113 124 157 167 186 219 232 248 261 283
110 139 141 176 189 201 221 258 270 285
111 136 144 163 181 218 222 252 266 295
110 137 141 178 182 214 233 251 260 298
103 138 152 170 199 203 238 251 273 299
114 135 152 173 195 213 232 245 267 287
111 138 144 170 191 219 226 253 277 295
112 134 159 176 194 202 221 240 280 284
119 140 154 174 196 204 224 250 267 295
116 134 152 176 185 218 231 257 266 290
101 135 156 168 183 208 227 248 271 298
101 132 144 163 186 207 231 253 272 290
102 126 153 168 190 218 227 254 277 293
112 129 152 166 186 217 237 246 265 289
112 122 151 167 191 200 225 257 266 293
116 134 143 167 196 214 227 252 275 284
112 137 146 171 183 219 228 255 279 299
112 132 144 163 196 219 238 257 271 300
117 122 154 163 194 214 239 258 266 296
100 130 156 172 197 220 220 256 260 294
105 126 141 162 186 217 234 256 265 281
103 133 151 165 188 216 230 250 261 297
115 134 150 163 183 219 239 253 261 280
118 130 148 169 197 203 222 255 272 280
106 126 149 160 189 219 228 251 262 292
112 135 146 160 192 218 233 242 263 291
107 130 155 176 196 220 224 256 276 290
116 140 152 169 186 217 233 246 264 289
119 120 158 180 191 213 237 243 271 281
120 134 158 166 184 208 227 253 266 297
108 120 154 167 196 200 228 250 277 284
114 133 149 170 194 204 235 258 267 294
114 123 140 163 200 202 229 240 263 280
114 126 160 172 183 201 233 253 265 297
101 124 159 169 185 218 234 251 280 298
107 131 141 179 198 214 232 255 269 298
109 139 160 167 198 211 235 251 277 288
112 126 153 168 189 218 231 250 271 291
107 138 151 177 186 201 220 249 269 292
112 121 149 178 199 204 221 244 279 298
117 130 152 168 187 207 223 255 269 295
118 140 151 162 190 210 237 250 262 296
100 130 159 161 183 209 237 258 268 292
111 134 156 170 187 214 231 256 266 282
105 136 155 166 182 200 231 243 270 296
106 133 160 165 194 207 221 255 275 300
117 133 146 176 191 214 224 256 260 286
118 121 157 176 186 204 237 250 262 298
110 120 147 162 194 220 232 246 280 288
114 133 150 171 198 220 226 244 276 283
101 124 142 164 186 205 234 253 272 293
106 122 155 179 188 207 231 252 272 288
117 122 153 171 198 207 236 250 260 296
110 130 159 162 199 212 237 260 269 285
104 138 153 163 199 202 227 256 277 294
110 138 140 179 186 201 233 248 274 300
112 125 156 165 190 201 235 258 261 281
101 134 159 165 189 201 235 241 266 287
116 133 158 173 184 212 227 254 277 291
103 137 143 168 194 202 221 258 266 281
104 131 158 165 192 209 240 250 276 284
117 121 146 170 190 216 222 254 274 289
113 136 159 169 197 205 223 243 272 296
107 125 154 180 187 213 233 254 262 282
106 127 142 162 200 216 228 246 271 284
113 122 145 160 195 204 225 248 262 297
111 132 148 160 184 215 227 240 266 299
100 133 144 170 200 203 222 242 274 286
116 120 151 165 195 210 226 253 261 295
118 132 155 177 196 212 224 240 278 297
114 127 153 172 200 207 220 260 280 298
100 127 144 175 184 209 227 250 275 286
108 127 145 178 191 220 234 258 266 283
104 134 145 178 189 202 231 258 271 288
100 138 157 170 186 209 223 253 267 289
107 132 158 175 180 216 237 255 280 280
116 126 153 177 185 201 230 257 260 290
119 138 145 171 198 205 231 247 266 294
119 130 158 161 183 217 236 254 280 290
108 137 151 173 190 202 222 247 266 297
116 134 151 180 190 219 228 243 260 287
109 133 151 167 199 212 237 253 263 295
119 123 148 172 187 203 232 247 279 298
107 129 151 180 184 201 237 242 280 299
107 138 159 170 194 217 230 242 261 298
117 127 152 169 198 214 237 255 274 281
104 131 156 170 192 214 229 257 279 285
112 136 149 177 180 211 232 241 273 284
119 131 157 166 195 204 229 248 276 280
112 136 150 165 190 207 220 251 270 287
113 139 159 168 181 203 228 254 261 296
104 130 150 176 193 217 237 258 279 296
109 120 158 162 185 210 235 259 270 300
116 121 155 170 187 219 221 258 263 292
108 128 159 169 199 201 240 260 276 300
114 133 148 168 200 216 223 253 263 285
112 135 160 177 199 212 232 247 280 288
110 134 149 175 188 201 223 244 274 295
112 121 160 174 185 210 220 259 262 288
116 131 150 170 183 215 223 240 274 291
107 120 145 162 198 209 232 258 266 292
101 135 142 165 182 200 221 258 270 281
115 129 153 175 180 208 223 254 274 292
102 124 159 179 188 208 225 245 264 280
114 135 151 176 194 206 221 255 275 280
101 133 152 163 186 219 240 250 268 284
105 126 151 167 200 220 239 242 280 287
116 136 140 176 190 210 234 253 269 290
101 127 143 160 193 214 229 242 262 296
111 138 147 164 195 212 238 241 266 288
115 124 151 162 191 204 240 259 271 299
117 132 140 160 196 207 228 255 271 294
100 135 157 161 180 213 238 240 274 292
117 134 155 170 199 207 240 256 270 289
101 138 154 174 182 211 222 256 267 298
111 130 145 169 189 217 232 248 267 282
119 133 152 172 182 209 240 258 276 284
116 131 158 174 189 214 240 245 280 293
115 139 151 163 183 212 227 250 267 296
109 135 158 179 182 208 227 243 266 288
114 122 156 162 197 200 225 240 273 297
113 136 144 173 187 207 231 241 268 293
100 126 150 175 182 218 225 242 279 300
101 125 154 168 198 202 234 244 272 293
117 136 160 160 197 206 240 243 269 299
110 136 158 167 188 207 226 254 271 298
107 137 153 167 193 215 239 256 280 287
109 133 160 163 194 217 229 260 269 299
120 123 159 179 200 203 231 256 263 288
117 121 150 161 194 208 220 245 266 282
104 129 154 166 190 212 227 249 262 283
116 129 154 173 193 216 230 250 269 297
100 129 150 170 186 214 237 249 264 293
112 123 154 172 195 216 233 259 260 284
120 139 142 162 193 214 231 252 265 289
113 133 140 160 190 200 227 247 280 280
117 134 146 176 194 213 233 254 260 284
101 126 142 180 182 207 220 251 278 286
102 128 152 165 192 201 240 240 271 298
103 129 152 179 200 206 229 245 279 298
104 134 159 170 199 201 226 249 276 298
112 121 150 163 182 213 231 257 271 281
106 131 152 167 199 213 227 260 270 293
109 126 142 167 189 206 229 247 276 286
100 139 154 177 190 217 222 247 264 297
108 125 158 170 198 216 227 250 275 294
108 128 143 161 182 206 239 258 269 286
120 123 152 170 185 201 225 255 276 291
108 127 143 171 191 207 231 245 278 298
109 127 158 163 182 215 236 255 264 289
115 140 153 160 192 201 222 252 261 300
101 137 149 175 193 208 233 244 280 296
107 138 140 178 187 200 229 247 272 283
114 124 160 161 196 220 240 253 263 298
107 132 155 166 189 214 220 255 260 294
110 133 142 163 184 218 222 250 266 294
110 129 156 165 194 210 237 240 276 292
105 130 154 173 186 202 234 248 270 290
118 138 151 163 195 201 236 254 270 299
104 138 143 166 199 219 236 247 278 294
104 124 158 162 199 207 239 252 280 281
117 128 141 173 182 202 237 250 280 293
119 123 157 167 194 215 237 254 272 293
111 120 140 165 190 220 225 258 260 289
108 124 155 167 198 203 239 252 273 284
100 130 153 179 189 209 224 252 271 286
110 134 151 160 181 207 238 240 270 297
115 139 145 177 198 206 230 254 278 287
110 122 145 171 185 215 226 255 276 286
111 121 149 178 197 206 221 246 263 288
120 123 149 173 188 201 224 249 265 299
120 125 152 180 188 212 228 254 263 285
111 137 141 161 181 215 223 257 260 288
120 124 147 163 190 203 223 256 277 286
117 123 151 180 183 211 222 249 280 290
118 132 151 161 190 219 233 249 266 292
119 127 156 173 199 203 222 240 280 292
107 120 155 163 195 200 224 246 263 288
119 131 141 172 200 213 230 252 280 300
118 139 148 167 194 207 240 257 264 292
117 123 151 160 197 201 234 243 279 288
114 128 144 176 199 209 221 241 264 293
111 135 158 177 181 220 229 256 266 293
104 132 155 180 197 202 228 258 270 296
105 138 143 166 186 210 234 259 265 290
106 120 158 168 191 202 229 246 273 298
111 139 141 165 192 202 232 247 271 292
105 133 140 169 188 207 232 249 273 293
106 138 155 168 188 214 228 242 266 284
108 123 154 165 196 213 223 242 260 286
117 125 160 175 199 201 237 247 271 297
110 131 141 165 186 220 233 240 278 291
116 135 140 168 198 216 237 250 270 281
115 125 156 172 182 204 238 256 265 286
116 121 150 177 189 202 232 245 270 293
103 137 156 161 186 203 221 258 271 289
120 128 151 167 198 215 240 247 268 296
111 123 141 164 182 205 239 250 279 292
118 135 152 168 182 216 224 259 271 299
103 128 156 180 196 210 228 257 270 297
103 124 147 172 195 207 222 248 267 300
117 137 150 163 180 204 234 248 272 282
102 139 155 169 194 216 235 249 272 290
103 123 160 174 197 220 240 258 280 286
100 130 142 165 196 207 238 245 261 298
111 126 160 166 191 218 226 240 274 283
100 138 160 179 189 218 220 249 275 293
118 138 158 162 185 218 234 242 269 291
102 137 149 162 184 208 226 242 272 294
104 120 152 167 193 205 235 255 280 282
114 132 154 163 197 210 233 252 277 284
101 134 155 164 182 218 238 251 260 289
106 132 151 160 200 204 223 252 279 286
101 123 155 178 193 213 237 243 271 282
112 128 141 177 186 217 225 246 274 294
111 126 145 168 184 216 239 250 276 296
116 130 153 166 189 210 221 255 264 284
118 130 140 164 197 202 240 247 267 285
114 139 152 172 192 218 238 246 272 294
101 126 147 164 191 203 227 252 275 290
117 132 150 174 183 200 222 255 273 292
104 128 155 169 196 212 220 245 265 281
113 127 154 169 184 209 232 245 274 294
109 131 148 165 194 208 220 240 266 295
104 130 158 162 197 211 238 251 260 291
119 124 142 177 198 207 238 248 273 293
110 122 154 161 180 214 227 252 267 285
106 123 143 170 193 208 223 257 273 299
107 123 143 165 187 217 225 260 269 282
113 123 149 171 193 207 236 258 276 299
108 135 159 173 180 200 234 247 277 283
102 123 150 171 191 217 229 249 273 289
118 131 159 166 181 211 237 251 277 283
111 139 160 164 197 214 228 250 272 293
100 133 143 171 188 204 240 247 267 298
120 136 160 169 180 215 226 255 261 283
111 137 158 169 186 212 231 255 277 299
108 139 155 172 199 220 235 257 273 298
101 121 153 161 183 202 225 259 262 294
111 136 145 166 181 201 237 260 277 293
116 121 143 176 185 207 225 251 266 289
111 120 150 178 180 213 227 258 272 296
112 127 160 171 181 213 235 253 273 296
101 128 156 162 190 202 220 260 276 291
120 133 152 160 182 220 222 245 263 299
111 124 155 166 196 208 224 255 270 296
101 129 156 160 192 216 239 254 266 283
112 135 147 177 182 219 239 251 268 284
113 134 144 180 200 205 238 244 266 295
116 127 149 179 191 214 222 252 267 290
101 132 153 177 192 218 228 257 278 285
118 137 142 179 187 207 228 248 261 285
113 129 147 161 187 208 236 255 271 298
101 128 157 176 195 202 235 249 273 281
105 131 148 171 183 210 229 247 263 289
101 134 160 166 190 209 231 242 275 287
109 140 146 176 196 215 222 240 260 299
119 135 152 160 182 212 221 248 279 286
114 120 142 173 181 215 238 254 270 298
112 126 160 169 183 205 224 245 267 283
105 125 141 162 196 210 235 259 262 283
103 127 152 177 195 207 231 250 269 288
102 127 150 162 181 207 238 241 261 295
116 135 148 172 200 202 224 252 279 294
113 134 143 163 183 218 223 257 264 285
100 137 141 176 194 200 221 254 265 286
117 138 160 168 193 203 232 249 271 287
111 133 156 167 194 219 238 252 278 296
119 130 153 173 183 214 238 241 263 282
116 124 158 170 187 218 233 247 280 300
109 131 149 165 191 213 227 257 264 289
117 130 147 176 191 209 221 243 260 280
103 135 159 180 186 214 221 253 260 292
103 129 141 171 183 203 229 251 271 300
111 135 144 165 190 200 237 241 267 295
118 128 149 170 186 200 221 246 276 296
100 129 154 166 183 217 222 259 273 280
119 128 145 168 189 207 229 254 280 285
105 134 146 169 200 219 235 249 266 289
103 131 156 177 187 217 221 258 273 283
105 135 149 170 181 201 236 242 278 292
101 137 151 177 183 211 224 241 264 290
108 135 152 170 192 218 220 258 262 285
112 124 152 168 200 210 237 255 279 282
112 120 153 162 186 216 237 242 271 284
114 128 142 180 192 216 233 250 262 293
104 133 142 162 197 211 226 242 261 292
119 129 152 174 193 203 227 245 264 288
102 121 141 160 193 204 240 242 270 297
101 130 140 180 195 202 223 257 269 292
110 133 150 161 194 214 223 258 262 287
109 139 156 174 199 213 227 253 261 283
119 125 147 173 195 216 227 253 274 300
115 138 152 178 199 213 234 255 270 291
110 134 158 172 196 208 221 255 264 289
110 130 151 176 197 213 231 252 276 296
108 122 147 172 196 217 232 251 276 288
120 127 140 174 192 220 227 244 280 287
117 122 154 174 191 204 239 246 263 299
114 129 148 171 190 202 220 244 278 297
105 138 153 174 180 220 233 250 274 286
109 122 147 165 183 218 221 257 277 285
120 122 152 160 191 213 238 255 260 289
118 136 155 172 180 207 238 256 279 293
103 133 146 168 192 211 237 241 269 300
109 137 145 168 197 214 231 252 280 300
113 123 160 175 182 207 221 250 269 295
116 135 149 163 184 201 223 248 264 298
118 135 152 172 180 211 236 253 280 290
114 138 150 175 193 203 224 248 267 283
117 140 156 165 188 217 224 259 271 288
117 127 153 165 199 219 226 260 279 285
114 133 159 174 182 202 230 244 276 283
108 134 141 161 190 215 221 250 264 290
106 140 141 174 200 206 231 256 272 297
115 139 144 170 194 208 236 253 275 285
116 123 140 163 194 203 228 241 271 290
103 132 151 165 181 209 231 259 271 285
109 121 149 164 190 210 232 260 277 295
105 121 151 165 188 201 224 256 263 285
110 127 149 162 196 207 237 248 271 282
104 138 156 180 199 216 226 241 272 300
108 126 155 162 183 202 225 253 266 296
111 128 152 163 197 213 231 250 261 300
117 140 157 162 191 201 239 250 278 295
109 131 151 163 184 201 229 243 280 282
101 140 154 172 199 216 226 244 264 291
105 125 160 169 192 205 235 246 280 280
103 128 154 164 190 208 233 241 265 282
106 126 154 172 197 212 222 252 263 297
113 133 149 169 192 205 230 255 277 297
113 126 156 175 191 205 234 243 268 282
106 127 146 173 198 218 224 251 260 282
117 136 141 168 192 206 226 243 278 287
107 138 156 163 181 217 220 252 261 293
117 129 151 177 192 217 235 249 278 291
106 133 160 176 194 219 225 260 268 285
118 133 156 174 192 205 236 240 274 289
106 123 158 161 197 219 227 245 275 288
119 133 157 162 195 208 238 250 264 280
111 120 152 173 190 219 237 248 263 286
102 121 159 164 180 208 239 253 267 281
100 126 141 175 186 201 220 245 278 288
108 129 141 162 188 202 229 252 264 298
112 131 150 169 181 219 226 241 276 288
105 139 143 177 185 207 223 259 277 290
102 128 142 167 191 216 228 244 270 284
105 135 158 176 190 220 239 252 278 283
117 123 158 172 183 207 233 240 275 283
117 125 149 175 192 214 230 254 273 289
119 124 146 170 200 202 224 247 264 284
108 128 147 180 187 203 235 256 273 298
105 120 142 165 184 204 240 248 275 298
116 130 159 169 191 205 239 246 276 296
107 135 148 179 185 202 239 243 267 293
114 137 152 168 181 205 225 242 267 300
113 120 155 179 188 216 226 247 268 286
114 126 157 169 194 217 223 246 278 287
110 120 158 177 196 212 239 253 277 292
110 138 152 171 190 217 223 244 271 299
108 124 148 170 185 212 220 255 271 298
116 128 143 162 188 205 238 249 265 284
101 128 158 172 185 220 231 259 269 291
111 126 157 163 192 208 221 243 267 283
103 135 146 169 193 215 232 250 271 296
104 140 154 163 187 212 227 251 268 292
120 124 153 173 199 207 226 240 277 299
106 127 157 173 198 205 236 247 274 294
117 131 155 180 181 219 234 241 264 281
106 140 154 170 196 203 238 247 261 290
115 125 160 177 190 210 226 260 274 298
112 137 160 171 196 210 240 251 280 291
119 126 141 178 191 200 236 254 264 284
119 128 144 160 195 219 238 252 275 296
108 132 145 172 185 201 220 246 261 282
105 125 149 169 192 215 234 244 265 284
101 121 160 172 181 213 228 244 261 289
104 133 145 165 183 208 237 251 279 284
115 124 147 180 191 207 239 257 265 286
111 133 145 160 191 206 235 242 264 296
100 125 156 173 198 206 226 245 263 300
110 130 157 161 181 204 220 240 260 290
108 128 150 175 182 204 239 250 267 299
120 138 146 163 200 205 225 249 280 300
102 124 159 160 183 218 220 252 268 293
107 125 145 167 182 217 233 241 266 290
110 134 147 167 194 213 234 258 276 281
111 138 153 160 187 212 238 245 273 286
103 132 158 168 186 208 232 256 260 294
118 124 149 174 180 217 223 249 265 282
105 125 157 175 183 203 220 252 265 283
107 139 146 174 199 206 235 257 274 300
107 128 141 171 192 212 220 255 275 282
106 133 150 164 192 215 222 250 271 282
102 129 154 172 188 209 229 245 265 292
101 140 154 161 181 205 222 251 275 289
101 138 144 178 181 210 237 247 269 286
108 126 145 170 185 211 236 245 262 288
114 121 153 171 187 216 235 257 277 292
101 131 151 172 200 215 233 253 276 281
118 121 151 176 183 218 220 252 266 300
119 132 151 164 194 207 237 257 268 294
107 129 158 165 186 209 229 259 265 283
115 140 141 177 196 205 230 243 260 296
100 135 146 169 194 204 238 258 274 299
116 137 159 172 198 206 222 251 278 299
103 120 158 169 191 206 230 249 270 296
116 136 159 172 191 200 236 256 270 289
114 123 156 177 181 203 226 245 279 289
114 125 143 177 195 217 222 259 280 281
100 136 140 162 199 220 220 249 277 296
100 123 156 172 188 204 225 257 274 297
105 137 152 177 199 207 230 254 262 282
111 125 157 173 200 206 225 250 261 298
111 124 154 174 185 211 224 251 264 285
112 126 152 162 187 219 232 250 279 281
117 138 141 168 184 201 236 243 263 300
100 137 159 171 183 215 225 259 274 290
106 139 145 173 199 209 230 255 268 288
100 126 144 175 183 203 234 252 273 282
114 123 150 167 195 216 223 254 269 294
100 133 156 171 194 208 220 259 270 287
113 137 158 171 191 217 232 241 274 290
103 138 146 163 198 201 220 253 277 299
111 126 156 180 198 204 238 245 274 294
113 122 147 180 200 211 237 258 275 298
106 131 147 174 186 209 239 247 278 292
109 138 140 176 188 210 232 255 262 288
108 123 159 174 184 207 225 253 261 283
106 128 157 174 181 213 227 240 275 282
100 132 150 177 188 209 231 258 268 295
102 132 152 174 195 213 224 248 277 283
119 130 140 165 183 220 235 241 273 288
105 122 154 174 190 206 224 253 261 280
109 123 140 179 187 204 228 253 275 297
117 126 140 177 184 204 227 259 270 288
114 127 143 163 198 206 234 245 260 299
107 134 152 174 191 204 229 248 266 290
120 127 157 177 180 216 222 254 260 286
107 126 140 174 198 213 240 251 262 286
106 123 151 168 180 208 224 243 269 300
107 130 154 166 186 219 225 259 265 295
119 122 141 175 196 206 224 257 262 287
115 129 143 168 190 209 228 250 280 283
111 122 140 161 191 211 228 251 274 280
111 121 156 163 191 207 234 255 275 283
119 121 146 179 183 203 235 247 270 288
102 127 155 166 184 216 234 249 266 285
115 130 146 160 182 204 235 257 268 284
116 126 153 161 183 219 235 245 280 291
1492 1688 1948 2248 2431 2848 2926 3147 3486 3655
1690 1976 2366 2442 3013 3193 3524 3704 4200 4305
4783 5902 6461 7752 8484 8914 10205 10850 11195 12098
5159 6260 7761 8412 9813 10763 11814 12865 13165 14465
5005 5771 6671 7617 8473 9373 10274 11715 12210 13021
3530 4363 4779 5388 6381 6957 7630 8142 8559 9231
4978 6359 6727 8200 8615 9581 10824 11284 12711 13355
2049 2450 3051 3452 3953 4354 4514 5075 5395 5856
4826 5773 6547 7150 7795 9172 9689 10678 12055 12270
1286 1396 1639 1882 2169 2224 2621 2798 2875 3195
5360 6561 7361 8612 9013 10413 11514 12114 13565 14416
5462 5838 6873 7673 9225 9789 11247 11906 12611 13881
2215 2572 3182 3435 4066 4571 5012 5117 5559 6148
1090 1391 1451 1742 1923 2183 2414 2444 2705 2875
4376 4820 5413 6524 7080 8042 8783 9561 9672 10968
2735 3160 3811 4337 4888 5338 5889 6465 6540 7491
3637 3761 4413 5313 5717 6430 6989 7765 8292 9099
3209 3978 4683 5548 6221 6701 7566 8239 8975 9456
3374 3548 4478 4710 5581 6045 6597 7236 7642 8716
2433 3323 3707 4068 4765 5029 5510 6183 6495 7048
4294 4438 5375 5916 7105 7537 8114 9339 10059 10491
5320 5816 7032 7482 8923 9193 10499 10859 12120 12795
1426 1486 1727 1980 2305 2594 2702 3075 3231 3520
3374 3664 4332 4971 5552 6190 6626 7380 8135 8600
1309 1596 1857 2170 2574 2848 2887 3356 3421 3773
5050 5410 6761 7617 8428 9553 10589 11220 12165 12750
3970 4532 5226 5358 6217 6910 7571 8364 8892 9255
3626 4043 4491 5260 6221 6958 7182 8015 8431 9200
1809 2369 2639 2928 3595 3775 4064 4461 4749 5182
5910 6210 7862 8862 9262 10113 11014 12614 13665 15016
4630 5995 6171 7536 8461 9517 10442 10838 12247 12511
2540 2849 3334 3664 4127 4766 4920 5382 5801 6198
2791 3332 3899 4467 5116 5684 6143 6549 7035 7738
2049 2791 2911 3212 3753 4374 4714 4974 5295 5916
2610 3185 3736 4262 4638 5238 5864 6315 6740 7441
4610 5668 7096 8154 8523 9443 10548 11561 12067 12896
1690 2021 2231 2712 2878 3238 3494 3854 3975 4395
2506 3227 3756 3924 4332 4885 5582 6015 6663 6976
4090 4533 4907 5758 6371 6813 7562 8753 9229 9569
1845 2513 2765 3036 3541 3811 4226 4406 4731 5290
5246 5554 6655 7360 8461 9121 10134 11323 11719 12776
5005 5410 6446 7797 8113 9058 10229 10860 12075 13111
1378 1679 1931 2100 2365 2569 2870 3074 3267 3591
3850 3914 5132 5420 5836 6926 7054 7726 8815 9360
4330 5571 5851 7132 7813 8093 8934 10135 11095 11255
3403 3984 4129 4971 5406 6306 6597 7090 8135 8542
3541 4268 5160 5721 6250 6613 7538 7934 9090 9883
5400 6184 7067 8685 9715 10254 11480 12068 13441 14078
2724 3093 3300 4106 4452 5050 5235 5879 6202 6639
4409 5290 7052 7492 8461 9473 10574 10926 12027 12687
3580 4736 4981 5647 6348 7434 7994 8660 9815 10096
4413 4673 5710 6043 7117 7413 8265 9154 9635 10413
3314 3763 4099 4576 5052 6062 6258 6846 7519 8136
5498 6233 7361 8146 9372 10107 11382 12657 13343 14029
2809 3567 4436 4716 5052 6062 6706 7015 7519 7996
4915 5636 6311 7437 8653 9419 10049 10814 12480 12931
2425 2931 3669 4129 4152 4797 5304 5834 6087 6893
1778 2101 2664 2749 3396 3566 3890 4231 4452 4963
4803 6450 7108 8143 9225 10118 10918 11529 12423 13881
5290 5290 6523 7492 8020 8857 10486 11323 11543 13128
4870 6311 6806 7797 8608 9553 10499 11354 11940 13516
2471 3208 3646 4106 4498 4751 5511 5626 6018 6616
4840 5945 6727 8292 8937 9213 10456 11054 12757 13724
4735 6041 6671 7842 8833 9013 10724 10949 12615 12660
2837 3510 4267 4996 5529 6118 6706 6846 7463 7883
3078 3573 3807 4198 5031 5682 6046 6488 6853 7477
4674 5995 6920 7096 8637 8813 10530 10706 11499 12732
3789 4546 5627 6132 6672 7897 8294 8942 10059 10780
4076 5103 5597 6624 7233 7917 8564 9895 10275 10845
4336 5387 6438 6774 7657 9212 9296 10262 11565 12448
2967 3635 4158 5203 5813 5929 6887 7206 8077 8280
2747 2885 3600 3876 4452 4613 5258 5695 6386 6824
5410 6086 6356 7707 8518 9283 10814 11309 11985 13336
1233 1498 1896 1956 2413 2497 2786 2954 3315 3604
4330 4582 5195 5880 7177 7501 8474 9158 9771 10708
1294 1486 1751 1968 2209 2521 2726 3015 3291 3508
1234 1667 1691 1932 2317 2449 2834 2930 3315 3448
5208 5622 6681 7418 8983 9259 10272 11745 12527 13310
4309 5299 6246 7537 8183 8656 10334 10765 11539 12056
2350 2450 3071 3492 3933 4213 4774 5135 5315 5735
5860 6961 7361 8512 9162 10463 11164 12815 13365 14265
3690 4267 4523 5452 5772 6477 7342 8239 8975 9424
1452 1789 2168 2434 2561 2813 3290 3402 3823 4062
1375 1570 1857 2144 2405 2809 3030 3265 3616 3812
1388 1648 1870 2313 2600 2835 3134 3212 3408 3668
5253 6871 7803 8195 8979 10009 11088 12608 13637 14422
1761 2323 2493 3072 3124 3686 3839 4162 4775 4792
5140 6311 6311 8022 8112 9779 10544 11355 11715 12930
3088 3656 3899 4629 5143 5792 6008 6494 7467 7683
3200 3984 4623 4710 5261 6394 6394 7090 8048 8222
3637 4289 4537 5065 5716 6616 7268 7982 8385 9316
1190 1300 1541 1772 1943 2093 2374 2544 2805 2935
1494 1873 2210 2448 2561 2982 3108 3374 3795 3950
3287 3693 4506 4913 5755 5958 6916 7555 7729 8135
2559 3486 3786 4087 4662 5488 6014 6515 6990 7190
1735 1870 2156 2487 2998 3178 3479 3870 3930 4321
1709 2357 2629 2987 3226 3617 4094 4094 4605 4843
3314 3735 4071 4884 5585 6033 6594 7267 7715 7883
5230 5455 7122 7347 8833 9688 9914 11129 12255 13291
3000 3156 3729 4276 5005 5473 6202 6515 6853 7348
4078 4907 5664 5880 6781 7537 8258 8762 9375 10240
2430 3069 3355 3554 4237 4721 4986 5470 5757 6462
1525 1840 2141 2713 2773 3058 3389 3900 4020 4231
4209 5428 6521 7278 8245 8497 10094 10682 11355 12532
1427 1818 2052 2300 2509 2756 2978 3356 3486 3785
2271 2557 2766 3071 3775 4193 4574 4898 5012 5449
5260 6611 7561 8812 9513 10763 11414 12414 13465 14315
5722 6394 7499 8604 9469 10573 10765 11630 13263 14415
1765 1991 2291 2697 2757 3118 3374 3704 4050 4351
5603 6403 7249 7861 9037 10212 10542 11388 13128 13363
3160 3670 4451 4992 5713 6253 7214 7304 8055 8926
1834 2026 2299 2860 3149 3277 3582 3918 4399 4640
1187 1496 1772 1772 2136 2434 2434 2720 3073 3239
4870 5455 7167 8112 8878 9193 10589 11489 11760 13516
1294 1691 1727 1980 2413 2473 2882 3039 3231 3375
1881 2405 2856 3036 3541 3685 4226 4677 4713 5362
5694 6380 7754 8097 9225 10695 11284 12755 13490 13833
3932 5080 5524 6487 6857 7413 8561 9450 10338 10894
2119 2557 3052 3413 3718 4174 4555 4669 4993 5430
2736 3629 4116 4575 4954 5738 5954 6954 7143 7738
1480 1901 2224 2448 2588 3051 3318 3402 3935 3977
4370 5491 5891 6572 7613 8093 8894 10375 10495 11216
1362 1597 1844 2092 2353 2757 2874 3161 3617 3799
4897 6262 6967 8284 9225 9977 11153 11858 12611 13928
4718 5290 6920 7052 8637 8857 9958 10971 12115 12732
2446 2846 3308 3414 4066 4255 5033 5475 5727 6084
4175 4245 5401 6277 6733 7433 8274 8974 9360 10411
3508 4334 4862 5391 6118 6613 7670 8298 9222 9883
2584 2672 3488 3906 4127 4413 5052 5603 5999 6263
5254 6083 7003 7970 9121 9259 10916 11422 12803 12987
1330 1419 1617 1871 2125 2246 2445 2665 3040 3305
5162 6129 6773 8062 8338 9397 10962 11238 12527 12987
5202 5422 6699 7756 8329 8945 10266 11323 12159 12511
5116 5668 7188 7740 8937 9213 10410 11422 12757 13586
4530 5090 6131 6692 7853 8173 9614 10054 10775 11455
3784 4710 5525 6487 7043 7413 8302 8895 9783 10413
4630 5422 7052 7844 8153 8901 10266 10883 11675 12644
2250 2410 2972 3332 3653 4033 4634 4835 5275 5656
2980 3602 3791 4872 4872 5656 6305 6548 7386 7684
3909 5002 6095 7032 7813 8281 8789 10038 10272 11482
5498 6528 7312 8734 8979 9911 11382 12019 13539 14226
4453 5863 6523 7492 8637 8945 9826 11147 11587 12688
2661 3312 3729 4562 5083 5473 6072 6566 7035 7816
5254 6405 6957 8246 9121 10087 10456 11238 12757 13033
3229 4042 4216 5029 5465 6132 6800 7206 8019 8542
5860 6060 7211 8962 9413 10213 11964 12915 13115 14766
3370 3941 4241 5172 5713 6013 7154 7515 7875 8446
2109 2656 3266 3687 4171 4423 5033 5054 5517 6316
1928 2538 3014 3109 3775 3946 4574 4669 4974 5507
1928 2443 2690 3052 3604 3813 4460 4898 5335 5678
3550 3820 4421 4992 5983 6133 6644 7785 8115 8836
4848 5710 6038 7105 7680 8541 9198 10182 11085 11906
1936 2495 2585 3252 3343 3847 4064 4388 4749 5272
2926 3440 4034 4521 5224 5629 6278 6602 7251 7684
1674 2155 2460 2716 2989 3373 3566 3950 4207 4768
2195 2614 2975 3128 3642 3946 4460 4936 4993 5449
4090 4703 4941 5690 6336 7323 8004 8787 9365 9705
4479 5710 5751 6859 7844 8828 9690 10059 11331 11988
3498 3850 5036 5292 5804 6861 7662 7982 8815 9296
4266 4722 5901 6814 7119 7765 8944 9667 9895 11416
3580 4121 4812 4962 5683 6583 6854 7334 8235 8625
2364 3003 3399 3950 4347 4501 5030 5647 6021 6175
1811 2255 2680 2987 3396 3702 3839 4435 4741 4775
3825 4561 5121 6172 6873 7714 8414 8484 9115 10411
2383 2741 2972 3792 3982 4360 5012 5306 5748 6190
4748 5530 7234 7602 8384 9950 10180 11469 12895 13724
5660 6360 7011 8962 9613 10113 11414 12665 13765 15016
5109 6861 7961 8162 9513 10763 11864 12764 13865 14765
1786 2155 2267 2844 2956 3469 3822 4014 4479 4736
3717 4943 5555 6096 7033 7393 8474 9303 9375 10636
3658 4267 4523 5676 6189 6861 7278 7854 8687 9584
5710 6311 7211 8612 9313 10063 11114 12915 13015 14816
4588 5260 6437 7152 7614 8707 10052 10809 11397 12070
3658 3882 4972 5516 6061 6413 7310 7726 8687 9008
1319 1485 1650 1772 2014 2279 2522 2853 3029 3095
2134 2459 2549 3144 3577 3919 4100 4514 4893 5271
3937 4202 4631 5358 5986 7142 7307 8166 8991 9619
1414 1674 2079 2144 2535 2691 3121 3290 3434 3864
2024 2309 3052 3318 3527 4041 4536 4936 5183 5430
2735 3411 3611 4337 5013 5263 5889 6339 6765 7165
3146 3566 3931 4800 5613 5865 6678 6986 7603 8360
2610 3211 3912 4362 4888 5063 5864 6064 6865 7291
4370 5171 6051 6452 7933 8573 9134 10054 11015 11776
5510 6711 7661 8162 10013 10763 11014 12614 13665 14866
3682 4192 5043 6132 6677 7323 8140 8480 9059 9671
4651 5393 5627 6408 7306 7969 9062 9882 10545 11287
3790 4420 5086 5682 6698 7644 8099 8624 9675 10201
4825 6221 6671 7527 8563 9508 10409 10904 12210 12705
1282 1486 1775 2148 2185 2546 2774 3003 3183 3448
3118 3791 4239 4604 5305 5865 6538 6790 7463 8248
5346 5945 6451 7740 9121 9489 10686 11929 12435 13033
2584 2716 3201 3664 4259 4832 5118 5669 5757 6440
2257 2888 3119 3372 4003 4234 4928 5412 5832 6000
3241 4075 4491 5580 6221 6509 7342 8047 8751 9552
2724 2977 3576 4106 4613 4659 5327 5764 6455 6892
4114 5331 5559 6282 7537 7955 8526 9248 9933 10846
1846 2187 2476 2783 3141 3584 3788 4350 4571 4844
3400 3791 4692 4872 5473 6404 6854 7485 7935 8536
1349 1675 2066 2157 2366 2809 2965 3226 3447 3734
2938 3519 4507 4652 5407 5929 6655 7497 8135 8600
5242 6010 6923 8220 9037 10189 10958 11678 13263 14368
5368 6026 6967 8049 9037 10354 10730 11576 12611 14022
4655 5530 6773 7832 9121 9858 10778 11238 12343 13448
4043 4672 5413 6450 7154 7524 8191 9487 9894 11042
4809 6395 7067 8268 9517 10237 11390 11678 13407 13791
1198 1374 1551 1970 2004 2290 2478 2798 3073 3173
1846 2084 2630 2936 3209 3430 3805 4316 4486 4895
5057 6184 7852 8048 9617 10205 11431 11872 13637 13833
2170 2450 2991 3452 3673 4013 4454 5215 5435 5716
4807 5176 5833 6941 7926 8377 9772 10634 10921 11618
3358 3730 4817 5189 5810 6213 7299 7733 8633 9223
1914 1946 2540 2652 2973 3341 3838 3886 4191 4672
3805 4268 4829 5853 6217 6745 7670 8000 9255 9817
1414 1619 1727 1980 2245 2437 2894 3099 3303 3459
2760 3361 3911 4512 4788 5013 5814 6515 6840 7190
1222 1631 1751 2016 2197 2642 2774 3027 3147 3412
2517 3001 3577 3991 4521 4866 5419 5695 6133 6478
2320 2530 3351 3582 4066 4234 4676 5265 5769 5895
5530 6683 6827 8508 8797 10045 10622 11919 12975 13648
3490 3839 4623 4652 5581 6335 6742 7410 7729 8135
1494 1775 2111 2392 2729 2925 3220 3444 3781 4006
2029 2651 3032 3372 3833 4113 4474 4975 5295 5896
3078 3625 3859 4406 5109 5291 6254 6280 6905 7634
3818 3978 4619 5708 6125 6477 7246 8143 8815 9360
4114 4835 5483 5844 6889 7609 8582 8942 9411 10636
2275 2915 3245 3752 4061 4788 5118 5448 5867 6616
3544 4245 4981 6207 6768 7363 7749 9115 9255 10516
4251 5092 6732 7488 7698 8833 10094 10430 11733 12153
2098 2477 2657 2946 3271 3793 4136 4479 4767 5182
2609 3495 4094 4224 4692 5317 6020 6541 7295 7582
2950 3651 4239 4548 5473 5977 6706 6902 7603 8416
4114 4760 5369 6662 6891 8070 8602 9439 10199 11340
4080 5117 5376 6191 6858 7968 8265 9153 9931 11079
3099 4001 4752 5412 5923 6193 6704 7514 7965 8986
4684 4971 6408 7105 7926 8336 9567 10429 10675 11701
1080 1290 1592 1802 1963 2033 2364 2615 2675 2875
5530 5914 7211 8412 8796 10477 11486 12110 13119 13839
3190 4001 4451 5382 5563 6013 6674 7455 7875 8776
1809 2279 2675 2892 3379 3703 4208 4587 4893 5380
4413 4858 5487 6339 6746 7746 8783 9413 9709 10820
1453 1596 2014 2287 2405 2717 2965 3343 3421 3786
2110 2711 2891 3412 3893 4374 4574 5035 5235 5936
3826 4871 5303 5916 6781 7898 8618 8798 9807 10600
4266 4798 6054 6434 7004 8183 8754 9172 10199 11302
5253 6184 6920 8685 9519 10646 11382 11872 13539 14422
5290 6539 7307 8172 8893 10045 11486 11534 12831 13551
4027 5471 5471 6876 7110 8086 8594 9687 10779 11638
4418 4722 6016 6244 7118 8069 8716 9781 10541 11302
4554 5906 6761 7257 8743 9013 10319 11355 12435 13471
1930 2203 2443 2764 3149 3501 3694 4046 4447 4735
3443 4260 5111 5996 6575 7153 7494 8310 9365 9910
2578 2962 3467 4068 4693 5077 5342 6039 6735 6976
4438 5135 5792 7187 7639 9034 9854 10264 11126 11823
3594 4235 4747 5580 6285 7053 7182 8271 8655 9391
4339 5237 5471 6564 7228 8321 8633 9687 10194 11014
4857 6010 6875 8652 9565 10381 11390 12399 12687 13599
3541 4235 4763 5622 5953 7241 7340 8364 8859 9322
1914 2171 2475 2860 3133 3325 3550 3950 4303 4688
5626 6587 7211 8460 8844 9805 11534 12399 12543 14079
5114 5290 6303 7316 8109 9650 10002 11103 11455 12908
2578 2938 3611 4140 4717 5077 5774 6255 6519 6903
2698 3131 3635 3876 4669 4933 5654 5774 6687 7144
1080 1240 1602 1792 1852 2103 2324 2595 2815 2966
1479 1831 2053 2183 2366 2639 2874 3265 3421 3708
2233 2671 2937 3052 3489 4022 4498 4707 5012 5564
1050 1331 1531 1702 1993 2184 2264 2585 2655 2855
1761 2289 2698 2732 3124 3549 3839 4248 4639 4997
1928 2366 2747 3413 3680 4022 4308 4631 5088 5697
1390 1522 1859 1932 2317 2437 2786 3027 3231 3616
3432 3868 4506 4681 5465 5842 6481 7410 8106 8629
2554 3371 3515 4044 4501 4885 5534 5918 6687 6807
1866 1946 2379 2748 3021 3373 3662 4175 4239 4624
4191 4524 5339 5969 7413 7968 8524 9413 10375 10708
1564 1831 2252 2392 2743 2967 3136 3388 3809 4104
4258 4546 5303 6456 6564 7429 8582 8690 9735 10492
2290 2571 2831 3332 3793 4153 4434 5075 5375 5996
1200 1240 1571 1692 1883 2113 2404 2585 2725 2815
3090 3426 4295 4828 5417 6146 6426 6818 7407 8416
4022 4124 4907 6064 6167 7290 7732 8583 8889 9604
3389 3917 4692 5127 5965 6306 7361 7578 8509 8757
2844 3599 3937 4276 5213 5577 6046 6670 7061 7790
3594 4395 5004 5196 6157 6765 7278 7950 8687 9360
3420 3979 4972 5251 6120 6647 7237 7485 8199 8757
3475 4367 4994 5919 6151 6811 7373 8265 9123 9321
1375 1818 1948 2248 2418 2626 3069 3186 3499 3668
2215 2657 3098 3729 4024 4255 4676 5096 5664 6085
2430 2738 3135 3598 4017 4589 5206 5691 5867 6440
3999 5065 5787 6700 7004 8145 8640 9666 10389 11340
3609 4330 5123 6348 6673 7862 8618 8979 9411 10816
2563 3139 3507 4037 4175 4958 5465 5994 6386 6869
1319 1551 1628 1992 2025 2401 2434 2720 2908 3206
3858 4524 5413 6080 6821 7858 8746 9154 9746 10561
1967 2576 3052 3337 3432 3927 4251 4955 5126 5373
4532 5065 5521 6586 7043 7727 8982 9362 10275 11036
3772 4069 5160 5424 6118 7009 7901 7934 9024 9883
3062 3539 4408 4688 5193 5865 6314 6790 7519 8276
5694 6283 7214 8048 9568 9960 10892 12559 13049 13785
1540 1991 2171 2592 2728 3013 3584 3885 3945 4216
5246 5995 6963 7183 8725 9649 10398 10970 12335 13171
3784 4673 5228 6154 7080 7820 8598 8931 10338 10931
3432 3664 4245 4855 5813 5842 6394 7381 7932 8281
4690 5451 5851 7012 7653 8333 9014 9854 10695 11375
3250 3764 3845 4818 4980 5602 6143 6575 7359 7900
1570 1961 2141 2517 2848 3314 3509 3870 3960 4306
5162 5668 7188 8108 8753 9581 11054 11376 12435 13217
2509 2909 3056 3414 3813 4402 4907 5117 5727 5959
3640 4069 4928 5391 6547 6976 7868 8000 8859 9817
3338 3978 4843 5260 6093 6733 7566 7790 8751 9392
1322 1648 2092 2326 2418 2730 3069 3278 3447 3668
3100 3821 4662 4932 5863 6343 7184 7214 8205 8445
3838 4631 4895 5523 5985 6712 7505 8463 9024 9586
2724 2931 3576 4037 4452 4705 5534 5695 6432 6616
2792 3156 4120 4536 4823 5551 6020 6410 7269 7477
4826 5471 6160 7150 8527 9301 9560 11109 11754 12916
3809 4799 5749 6396 7309 8260 8488 9857 9933 10884
2610 3186 3536 4237 4588 5489 5789 6114 6690 7466
2890 3107 3780 3948 4477 5077 5702 5894 6399 6952
2290 2490 3152 3252 3853 4133 4694 4934 5535 5635
4336 5765 6353 6732 8371 8455 9338 10725 10977 12238
1930 1994 2379 2652 3101 3357 3774 4030 4447 4752
2467 2909 3329 3519 3834 4549 4739 5327 5727 6316
5098 6155 7644 8076 9613 9853 10670 11534 12639 13984
3442 4036 5259 5754 6217 6943 7571 8529 8628 9751
2170 2495 2747 3000 3523 3757 4208 4641 4767 5109
5810 6460 7761 8762 9112 10763 11764 12864 13915 14315
1931 2340 2493 2987 3192 3413 3890 4298 4707 5048
4848 5628 5956 7269 8008 8746 9362 9936 10839 11823
1658 2091 2459 2860 2892 3454 3854 3854 4223 4704
4482 5214 6074 7624 7796 8872 9689 10378 11238 12099
3970 4234 4961 5325 6613 7075 7934 8132 8859 9784
4481 5514 6806 7236 7838 9301 10033 10980 11840 12615
2024 2633 3014 3280 3509 3832 4270 4841 4974 5545
3196 3494 3818 4710 4872 5602 6008 6927 7251 7684
5024 5853 6911 7740 8661 9489 10318 11469 12481 13724
4809 5818 7596 7836 8749 10189 11294 12303 13359 13647
3818 4669 5179 5452 6166 7085 7698 8344 9127 10216
2817 3656 3845 4845 5224 5413 6170 6873 7413 8062
1690 1840 2186 2427 2983 3283 3524 3900 4140 4411
3513 4072 4972 5034 6151 6740 7144 8013 8323 8819
4954 5914 7596 7932 8652 10238 10958 12255 13455 13551
4960 6311 7032 7392 8202 9328 9959 11490 12030 13201
2152 2459 2892 2982 3487 3829 4244 4514 4839 5235
4602 4930 6572 7351 7597 8951 9403 10429 10839 11947
4042 4691 5447 5880 6600 7753 8438 9303 9591 10636
4978 5530 6957 7924 8937 9673 10226 11561 12803 12987
3579 4666 5156 5997 6943 7609 7749 8765 9290 9920
5026 5554 6479 7140 8153 9209 10310 10926 12115 13216
4714 5050 6311 7573 7657 8833 9758 10347 11061 11860
1450 1643 1908 2064 2208 2545 2894 2966 3315 3375
1402 1546 1715 2160 2413 2557 2834 2942 3279 3495
3513 4258 4630 5096 5592 6740 7454 7733 8664 9285
3006 3482 4015 4688 5613 5753 6678 7015 7407 8388
2747 3024 3484 3922 4314 4912 5419 5580 6110 6916
2070 2511 2971 3372 3633 4234 4494 5115 5455 5676
2250 2671 2991 3492 3933 4394 4434 4894 5475 5615
3970 4402 5231 6312 6493 7357 8078 9195 9627 10348
5260 6561 7611 8262 9563 10613 11164 12865 13115 14916
2110 2731 2992 3212 3613 4113 4814 4855 5215 5676
3610 4031 4631 5172 5623 6283 7064 7544 8175 8445
4190 4913 6054 6282 7613 7955 8526 9743 10123 10921
4210 4970 6131 6772 7613 8493 8974 10255 11095 11375
4150 4930 6572 7187 7762 9033 9608 10264 11413 12028
2257 2930 3245 3792 3855 4591 4991 5243 5832 5895
1645 2081 2216 2607 2743 3028 3404 3644 4170 4396
3614 4465 5043 5826 6677 7187 7902 8583 9025 9978
5890 6822 6969 8097 9078 9911 11578 12314 13147 14422
4766 5382 5915 6859 8172 8869 9731 10264 10716 11782
5510 6210 7561 8662 9062 10664 11114 12465 13965 14216
5674 6251 7115 7932 9421 10237 11294 11870 13407 13695
2760 3060 3561 4162 4563 5464 5714 6215 6840 7491
4380 5027 5559 6662 6929 7651 8602 9210 10389 11188
4302 4561 5894 6561 7080 8116 8672 9560 9968 10671
4534 5471 5705 6915 7774 8437 8671 9998 10506 11520
3513 4071 4878 5344 5902 6833 7330 8043 8323 9315
5227 6215 7438 8237 8896 10071 10636 11482 13128 13457
4524 5988 6806 7322 8010 8957 10119 10980 11453 12744
4656 5761 7326 7694 8569 9858 10364 11239 12205 12988
4570 5611 5851 6492 7853 8774 8974 10135 10655 11375
2810 3286 3786 4512 4763 5013 5914 6440 6540 7240
2747 3116 3530 4083 4613 4774 5442 5948 6202 6823
1750 2051 2216 2487 2848 3193 3479 3749 4035 4275
2070 2631 2951 3352 3693 4213 4674 4955 5475 5796
2401 2770 3254 3899 4590 4866 5396 5926 6455 6847
1154 1551 1672 1926 2191 2279 2478 2709 2952 3139
1738 2219 2315 2860 3021 3341 3550 4062 4495 4704
2872 3656 4034 4467 5359 5845 6332 6575 7305 7737
3169 3737 4142 4737 5169 5791 6332 6926 7440 8115
5095 5500 6536 7887 8653 9644 10184 11175 11805 12886
3852 4737 5077 6030 6132 7017 8004 8208 9365 9910
4690 6221 6491 7977 9013 9148 10364 11039 12075 12840
1319 1540 1661 1772 2202 2268 2478 2654 2930 3184
2009 2490 3011 3552 3973 4113 4574 4874 5615 5976
2467 2930 2993 3456 4192 4612 4634 5327 5874 6042
3403 4042 4535 5058 5523 5813 6771 7497 8135 8222
3852 4465 5043 5894 6473 6949 7528 8787 9365 10114
1270 1474 1787 1956 2184 2594 2894 2966 3339 3556
2746 3251 3419 4116 4380 4981 5438 6087 6663 7192
2446 2720 3288 3498 3792 4255 4739 5475 5895 6169
1180 1250 1602 1752 1983 2063 2324 2434 2775 2915
4756 5303 6185 7152 7573 8497 9842 10683 10977 12070
5722 6395 6779 8028 9517 10574 10622 11630 13407 13455
1675 1945 2321 2532 2938 3103 3464 3900 4095 4516
3730 4320 4785 5499 5871 6616 7206 7516 8385 9285
1690 1930 2492 2812 3021 3405 3566 4031 4447 4656
2766 3208 4094 4250 4875 5655 6150 6462 7061 7764
2770 3131 3828 3876 4501 5173 5510 6086 6471 7048
3809 4646 5863 6738 6852 8222 8602 9781 10617 10922
5070 5863 6303 7536 8021 8901 10134 11411 11719 12379
4438 5628 6572 7269 8090 8459 9198 9854 11495 11823
5910 6360 7862 8262 9012 10313 11814 13015 13465 14415
2195 2462 2728 3394 3527 4079 4365 4898 5107 5545
3809 4912 5863 6206 7613 8374 8982 9362 10617 10883
3403 3664 4274 5232 5581 6306 6916 7119 7990 8512
5194 6058 6731 8508 9469 10381 11246 12207 12591 14224
2030 2531 2932 3392 3613 4033 4594 4875 5295 5716
4718 5951 6259 7272 8020 9253 10310 10794 12203 13128
2195 2385 2918 3071 3794 4193 4460 4897 5221 5601
1318 1558 1859 2064 2293 2617 2846 2990 3279 3532
5230 5590 6716 7347 8203 9869 10679 10904 11760 13291
3640 4069 4994 5556 6448 6976 7802 8496 8694 9619
1120 1270 1561 1812 1842 2073 2384 2474 2805 2835
4953 5866 7163 8364 9421 10285 11390 12495 13215 13935
4076 4684 5445 6282 7233 7727 8792 9211 10123 11188
2270 2591 2971 3212 3933 4414 4634 5115 5255 5876
1388 1727 1961 2092 2613 2704 2874 3291 3460 3682
1402 1498 1847 2100 2257 2533 2726 3099 3171 3556
1493 1971 2209 2518 2743 3093 3346 3402 3725 4089
4378 4729 5471 6837 7813 7813 9140 9999 10818 11716
2080 2459 2657 3072 3469 3757 4082 4623 4965 5127
2050 2084 2408 2953 3192 3703 3856 4401 4554 4792
4650 5211 6372 7172 7252 8253 8814 9975 10895 11215
4610 5291 5851 6412 7733 8654 9054 10255 10695 11415
3850 4235 4683 5228 6285 7053 7662 7886 8623 9616
5530 5914 7596 8364 8845 9757 10766 12015 12687 14128
2791 3602 3980 4440 5278 5873 6062 6711 7332 7711
4000 4570 5521 6244 7385 7879 9020 9286 10085 11378
1948 2462 2842 3337 3642 3870 4498 4708 5012 5355
4438 5341 6448 7392 7926 8910 9403 10059 11003 11946
5449 6675 7803 8244 9519 10450 11284 11872 13588 14421
1140 1230 1602 1712 1953 2073 2284 2585 2785 2815
1165 1463 1694 1915 2191 2224 2478 2687 3095 3305
1674 2075 2476 2668 3005 3325 3598 3982 4495 4704
1286 1540 1716 1816 2191 2323 2511 2753 2985 3095
5162 5806 7372 8062 8937 9581 10640 11791 12251 13171
2842 3227 3515 4308 4477 4861 5726 5822 6351 6928
1330 1551 1562 1981 2003 2356 2445 2698 2875 3206
5346 5806 6957 7878 8292 9995 10824 11837 12205 13448
1555 1870 2231 2547 2848 3299 3419 3629 4065 4336
3115 3683 3980 4818 5332 5494 6278 7035 7494 7683
2271 2347 2919 3147 3661 3851 4384 4746 5202 5335
5462 6074 7061 7720 8614 10166 10589 12000 12282 13270
5674 5866 7211 8412 9133 10045 10766 11822 13407 14416
3007 3656 3818 4575 5386 5683 6116 6954 7116 7873
1634 1915 2251 2518 2714 3051 3135 3626 3935 4061
4397 4930 6038 6572 8213 8993 9239 10019 10716 11660
3403 3548 4419 5000 5348 5958 6597 7468 7990 8629
4894 5730 6875 7052 8549 9429 10266 11058 12159 13040
1676 1915 2013 2294 2771 2967 3346 3444 3753 3963
4154 4895 5265 6672 6858 7931 8376 9487 10042 10560
5155 6479 7803 8342 9176 10205 11088 12461 13196 14029
4456 5393 5861 6369 7384 8555 8906 9569 10155 11052
4419 5428 6269 7488 8287 8875 9590 10346 11775 12532
1710 2102 2528 2783 3260 3533 4077 4197 4435 4776
2632 3208 3668 3715 4567 4843 5373 5971 6087 6893
2517 2908 3369 3945 4360 4705 5327 5949 6202 6709
3790 4385 5472 6172 6768 7468 7994 8624 9465 10025
1297 1518 1749 1992 2191 2257 2500 2687 2974 3283
2509 3436 3862 4262 4537 5288 5889 6089 6715 7366
4930 5012 6366 6654 8131 8664 9239 10346 11372 11823
5300 6175 7234 7510 9121 9949 10732 11560 12113 13171
3988 5081 5549 6291 7462 7891 8789 10077 10623 11599
5449 5890 7067 7852 9813 10009 11431 12069 12951 14324
4191 5505 6448 6941 8213 8623 9608 10387 11167 11987
2554 3106 3852 4188 4501 5005 5702 6159 6303 7120
4532 5027 5445 6586 7309 7841 8678 9210 10313 10769
4611 5343 6031 6935 8355 9259 9732 10421 11754 12142
1720 2021 2261 2442 2802 3298 3509 3614 4200 4516
2890 3034 3731 4140 4524 5125 5390 6231 6615 7120
4233 5423 6203 7352 7475 8582 9444 9895 10716 11701
2602 3155 3371 4236 4645 5294 5558 5774 6471 6759
5202 6127 6523 7932 8416 9473 9869 11102 12027 13172
1829 2357 2425 2953 3260 3583 3771 4214 4520 4827
3970 3970 4796 5523 6382 7108 7769 8330 8958 9883
3821 4598 5302 6487 7339 7487 8524 9228 10301 10783
3069 3941 4632 5052 5503 6434 7034 7304 7815 8956
4330 4943 5303 6204 7177 7285 8258 9158 10059 10635
3685 4806 4911 5752 6523 7188 8169 8590 9535 10061
3850 4042 5100 5516 5900 6861 7246 7726 8975 9392
2866 3791 4127 4828 5249 5641 6202 7099 7407 8360
1323 1792 2053 2235 2392 2652 2913 3213 3512 3708
2190 2410 3031 3532 3873 4314 4614 4874 5395 5655
5009 6761 7461 8562 9413 10663 11764 12515 13565 14165
2978 3454 4015 5024 5052 6005 6398 6958 7799 8360
2425 3093 3576 3922 4452 4889 5120 5995 6156 6778
5185 5500 6897 7482 8293 9193 10139 11400 12480 12660
4958 6430 7018 8244 9127 9862 11480 12461 13588 14030
4417 5041 5705 7032 7579 8554 9374 9530 10779 11286
5400 6528 7803 8146 9715 10548 10892 12608 13049 13735
2364 2827 3157 3554 4413 4744 5272 5603 5735 6219
1176 1363 1750 1926 2169 2257 2511 2654 2996 3316
2278 2825 3372 3435 4150 4444 4844 5433 5622 6042
2602 3227 3756 4092 4404 5077 5438 6014 6567 7120
4882 5092 6143 7362 8161 8834 9296 10136 10935 11944
1131 1463 1739 1772 2025 2412 2643 2842 2985 3217
2210 2531 2831 3472 3713 4033 4694 4894 5335 5976
3545 4124 4975 5860 6371 7187 8106 8719 9467 10216
4049 5611 5891 7172 7493 8533 9534 10335 10775 11375
2350 2510 3112 3572 3693 4093 4614 5055 5255 5856
1818 2043 2427 2780 2908 3454 3662 4127 4255 4559
4410 5010 5931 7132 7653 8813 9254 10134 11055 11735
4643 5505 6325 7146 8213 9033 9115 10510 11249 11987
2563 3093 3231 3761 4245 4797 5212 5995 6386 6755
3852 4294 5418 5588 6813 7255 7630 8582 9297 9841
2530 2890 3491 3996 4477 4885 5510 6159 6327 7024
3988 4567 5452 5656 6166 7323 7630 8548 8957 10012
1294 1510 1823 2136 2329 2630 2678 3027 3147 3592
3746 4561 5376 5969 7080 7598 8783 9376 10375 10413
2563 3162 3346 4129 4429 4866 5396 5972 6018 6801
1863 2187 2493 3055 3192 3651 3805 4213 4622 5014
5410 5725 6941 7842 8788 9373 10364 11039 12390 12840
3370 3510 4492 4996 5221 5921 6174 6846 7547 7995
1480 1690 2168 2336 2589 2855 3318 3557 3795 4118
2230 2410 2991 3432 3653 4233 4714 4954 5335 5956
4697 5730 6848 7494 8484 9215 9947 11195 11668 12141
3130 3599 4145 4328 5005 5629 6254 6540 7139 7451
1336 1714 1909 2261 2352 2691 3043 3147 3642 3760
3755 4561 5366 5647 6943 7258 7784 8694 9640 10201
3358 4351 4941 5003 5934 6709 7454 7454 8323 8695
3790 4350 5226 6207 6453 7153 7784 8730 9640 10236
3820 5154 5820 6487 6969 7968 8413 9116 10375 10745
2967 3839 4506 5145 5523 6045 6597 7410 7874 8455
5095 5500 6761 7707 8788 9824 10499 11219 12300 12615
4105 4631 5577 5647 6522 7678 8379 8589 9430 10130
2872 3493 4034 4467 5278 5845 6467 6872 7548 7872
2785 3311 3536 4062 4888 5489 5864 6239 6565 7491
1914 2075 2251 2652 3117 3229 3726 3950 4175 4816
4857 5866 7692 7932 8653 10093 11198 12015 13071 13648
3113 4042 4419 4739 5407 6190 6771 7497 7642 8135
1540 1946 2141 2502 2758 3028 3494 3825 4065 4366
4339 4450 5413 6598 6709 7524 8857 9190 9857 10894
4266 5103 5521 6396 7461 8221 8716 9134 10313 11416
3614 4363 5009 5588 6643 7358 7494 8549 9059 9944
3753 4582 5375 6420 6997 7717 8654 8798 10095 10203
4561 5546 5915 6859 8172 8213 9690 9936 10962 11742
2922 3208 3964 4380 4719 5656 5942 6332 7191 7347
3174 3903 4464 4800 5108 6090 6342 6762 7519 7883
5290 5731 6303 7756 8329 8857 10090 11367 11763 12511
4612 4729 5783 6291 7071 8047 9101 10077 10506 11716
2170 2711 3011 3252 3813 4354 4574 5015 5475 5635
5009 6060 7962 8162 9313 10363 11814 12915 13415 14416
4869 5342 6763 7193 8011 9431 9990 10679 11238 12184
2540 3208 3254 4060 4360 4636 5097 5949 6225 6571
3007 3683 3899 4413 4899 5900 6008 6819 7197 7981
3200 3984 4100 5174 5290 6219 6771 7293 7555 8658
4026 5393 5939 6642 7774 7930 9296 9803 10662 11677
2518 2981 3355 3818 4303 4699 5118 5404 5889 6329
2452 3047 3179 3752 4215 4831 4986 5580 6109 6506
3818 4567 5418 5996 6609 6881 7528 8174 9535 9671
1319 1551 1705 1926 2169 2257 2478 2764 2952 3261
4650 5371 6091 7052 7412 8733 9254 10295 10655 11615
2938 3926 4536 4884 5320 6045 6597 7206 7874 8658
3241 4235 4619 5228 5965 6637 7406 8111 8719 9296
1437 1774 2153 2364 2673 3066 3192 3571 3893 4118
4938 5687 6699 7316 8197 9562 10442 10838 11675 12732
5498 5988 7410 8195 9372 9813 11039 12608 13049 14373
4070 4701 5016 5857 6873 7503 7959 8834 9640 9955
2810 3436 3661 4287 4587 5488 5714 6389 6990 7491
2362 2783 3035 3435 4129 4612 5012 5411 5706 6316
3403 3548 4477 4739 5639 6219 6945 7497 7729 8600
3509 4561 5472 6032 6908 7714 7714 8975 9115 10306
5155 6185 6920 7950 9127 10647 11480 12559 13000 13785
1246 1607 1823 1992 2269 2606 2774 3015 3147 3580
1735 2021 2261 2457 2757 3299 3599 3810 3930 4215
5910 6511 7411 8462 9863 10163 11114 12765 13615 14015
1176 1397 1650 1772 2092 2423 2522 2776 2897 3228
1130 1361 1471 1612 1933 2194 2344 2434 2645 2926
4718 5730 6831 7756 8637 9693 9870 11278 12159 12775
1634 1971 2139 2378 2616 3051 3276 3458 3711 4061
5841 5890 7754 8832 9372 10450 11627 11921 13294 13784
2770 3093 3646 3830 4244 4797 5235 5833 6133 6847
5302 5890 7558 8195 9617 9813 11186 12265 13588 13932
2176 2538 2842 3242 3699 3889 4479 4917 5088 5602
5482 5915 6731 7836 9613 9709 11006 11535 12639 13456
3772 4168 5292 5688 6051 6646 7703 8364 8760 9817
2231 2738 3510 3730 4082 4809 5162 5536 6175 6572
5360 6561 7061 8962 9913 10713 11614 12764 13465 14916
1318 1679 1932 2016 2389 2545 2834 3026 3339 3471
4266 4798 5825 6396 7195 8298 8792 9514 10313 11074
2899 3737 4088 4791 5035 5440 5954 6738 7278 7900
2586 2793 3438 4106 4590 4705 5097 5626 6432 6870
4222 4691 5483 6060 6745 7465 8042 9195 9699 10636
2606 3091 3333 3576 4193 4633 5228 5514 5779 6528
1209 1571 1920 1944 2208 2521 2858 3111 3231 3520
1342 1619 1884 2052 2257 2581 2786 3087 3207 3399
5260 6811 7762 8312 9113 10013 11564 12164 13515 14816
1176 1474 1772 1827 2147 2290 2445 2820 3040 3316
3871 4400 4829 5820 6316 7075 7406 8463 8595 9453
3904 4003 5193 5820 6151 6745 7835 8264 8661 9850
4520 4930 6038 6654 7967 9034 9526 10100 11495 11824
1378 1607 1811 2064 2389 2654 2726 2942 3327 3411
3141 3854 4413 5096 5779 6368 7268 7858 8447 9099
1176 1352 1717 1981 2081 2290 2555 2787 3007 3184
2584 2694 3377 3774 4369 4567 5206 5514 5735 6528
4850 5730 7008 7140 8769 9341 10442 11455 11851 12555
3337 4427 4907 5228 6381 6477 7278 8207 8879 9424
2100 2633 2671 3413 3547 3832 4441 4726 5221 5716
5274 5885 7344 7767 8943 9460 11059 12141 12282 13222
1827 2423 2874 2982 3415 3631 4244 4352 4803 5182
2678 3070 3645 3991 4244 4889 5235 5856 6386 6708
3718 4943 5159 6060 6997 7285 7970 9303 9591 10132
3961 4989 6016 6282 7309 7955 9134 9514 10503 10807
4924 5092 6143 7152 7993 9086 9338 10683 11523 12154
3400 4091 4782 5082 5923 6163 6704 7304 8175 8896
3969 4635 5709 6672 6932 7894 8635 9413 9709 10449
1176 1408 1573 1794 2213 2390 2522 2721 2996 3140
1479 1596 1896 2092 2548 2665 2939 3239 3421 3877
3451 4103 4599 4972 5717 6679 7051 7454 8261 9285
2709 3602 3899 4602 5413 5494 6008 6548 7413 7738
4070 4210 5296 5787 6838 7363 7924 8870 9150 10341
4494 5027 5901 6738 7461 8069 8526 9134 10579 11302
2746 3058 3683 4140 4813 4981 5293 6255 6735 7168
1509 1916 2171 2637 2773 3148 3419 3765 4140 4306
3250 3820 4361 5352 5743 6614 7034 7755 7995 8505
4586 5907 6391 7844 8329 8901 10178 11367 11939 12688
1009 1391 1582 1712 1873 2103 2244 2545 2685 2906
4076 5027 6016 6662 6852 8221 9020 9704 10655 10655
5810 6310 7661 8862 9263 10063 11514 12865 13015 14516
2866 3323 3491 4116 4765 4933 5558 5942 6399 7072
5960 6510 7911 8062 9162 10863 11814 12714 14015 14515
1954 2477 2729 3126 3433 3649 4010 4460 4803 5362
1518 1753 1974 2352 2483 2861 2978 3173 3395 3746
2735 3336 3786 4187 4988 5313 5939 6339 6590 7391
3104 3208 3859 4484 4875 5291 6046 6436 7269 7764
3755 4526 5296 6312 6452 7048 8309 8484 9815 10481
3220 4151 4782 5112 5833 6523 6914 7274 7845 8956
2467 2677 3203 3561 4171 4507 4991 5369 5769 5916
1569 1976 2351 2562 2893 3223 3449 3870 4200 4290
2922 3547 3885 4614 4692 5499 6046 6280 7113 7399
1200 1321 1582 1672 1963 2053 2304 2494 2775 2815
5498 6675 7361 8097 9323 10156 10794 12314 13245 14079
4643 5710 6531 6900 7433 8336 9362 10429 10716 12152
4793 5990 6911 8108 8891 9995 10916 11882 12849 13631
1318 1450 1908 1956 2232 2533 2834 3123 3255 3616
3838 4003 5127 5622 6184 7241 7307 8529 8694 9652
5410 6410 7961 8462 9963 10063 12014 13014 13815 15016
4456 5198 5783 6564 7813 8437 8711 9882 10272 11130
1802 2171 2571 2844 3197 3405 3726 3966 4495 4623
5070 6175 6865 8062 8661 9259 10272 11238 12619 13586
3594 3882 5132 5580 5933 6733 7054 8303 8399 9232
5810 6561 7511 8512 9163 10764 11164 12014 13715 14566
2685 3010 3636 4062 4963 5238 5814 6465 6665 7316
4151 5546 5833 6777 7475 8213 9075 10593 11085 11537
5645 6332 7508 8587 8832 10205 10941 12461 13441 14324
1030 1250 1602 1802 1893 2093 2264 2465 2655 2816
1150 1361 1521 1772 1953 2073 2224 2565 2765 2815
2332 3070 3507 3761 4291 5051 5534 5765 6179 6547
5154 6184 7410 8195 9813 10794 11725 11872 13735 14078
2330 2731 2811 3532 3813 4213 4694 5074 5395 5815
3848 4837 5445 6092 7347 8146 8716 9210 9971 11264
5560 6911 7361 8212 9763 10613 11914 12064 13315 14416
4495 4846 5900 6330 7462 7969 9374 10116 10584 11677
1414 1595 1691 1932 2365 2497 2750 3075 3267 3544
4009 5411 6292 6452 7212 8533 9534 9614 10975 11696
3871 4433 5126 5622 6580 6844 7934 8462 8925 9552
3342 4565 5093 5754 6018 6976 7340 8463 8826 9850
3118 3651 4071 4744 5305 6090 6510 6959 7491 7911
4532 5065 5787 6548 6928 7955 9134 9819 10503 10807
4186 4726 5699 6276 6816 7717 8654 8834 10095 10563
4955 5988 6504 7021 7881 9129 9775 10764 11496 12744
1209 1496 1750 1981 2014 2301 2511 2687 2941 3184
1492 1596 2040 2118 2574 2613 2939 3134 3564 3877
1818 2187 2315 2780 3005 3325 3710 3870 4303 4704
2909 3664 4361 5087 5290 6336 6539 7032 8106 8716
3544 4385 5402 5892 6943 7083 8204 8554 9535 10271
5392 6267 7372 7372 9075 9489 11054 11192 12389 13770
4630 5723 6648 7026 7909 8707 9506 10682 11397 12532
3327 4258 4754 5189 5996 6678 7423 7950 8695 8912
1536 1873 2252 2294 2729 3051 3220 3655 3781 4202
5410 5545 7167 8067 9013 9148 10409 11535 11850 12975
1414 1462 1812 1944 2341 2509 2654 2955 3207 3400
1258 1559 1860 2004 2293 2558 2738 3003 3159 3412
4650 5170 6171 6932 7733 8653 9214 10014 10775 11896
3109 4010 4661 5282 5779 6647 7361 7734 8199 9099
2362 2593 3245 3624 4108 4549 4907 5454 5475 5979
5290 6127 6259 7140 8505 9429 10178 11102 11675 12731
1705 2006 2111 2412 2863 3013 3419 3720 4216 4216
2467 2825 3077 3708 4087 4486 4907 5349 5475 5979
3949 4925 5549 7033 7111 8086 8594 9804 10857 11170
4701 5899 7003 7602 8845 9259 11054 11054 12481 13724
1554 1945 2291 2697 3013 3103 3449 3689 4200 4486
5209 6711 7962 8512 9963 10063 11314 12464 13815 14916
3818 4124 5111 5554 6201 7256 7868 8753 9229 9569
4250 5251 6091 6692 7973 8533 9094 10415 10815 11736
4915 5681 6401 7527 8518 9283 10319 11130 12435 12886
4009 5571 6171 7092 7613 8693 8894 9894 10575 11896
3142 3635 4594 4942 5755 6277 6597 7264 7990 8542
4438 5259 5874 6613 7475 8459 9813 10593 11044 11742
3490 3577 4419 4942 5378 5842 6539 7410 8019 8455
4438 5217 5874 7023 7844 8500 9485 10059 11413 12234
4915 5725 7122 7347 8202 9688 10634 11490 11895 13021
4610 5611 6131 6412 7693 8053 8894 10095 10455 12016
1524 2066 2246 2637 2908 3133 3509 3674 4215 4456
2150 2771 2811 3572 3753 4013 4594 4955 5455 5676
3202 3482 4492 4520 5501 6173 6734 7098 7379 8360
2792 3443 4042 4328 4927 5577 5734 6645 6775 7660
3090 3735 3987 4576 5165 6118 6230 7015 7463 8248
2210 2591 3132 3312 3893 4213 4754 4814 5535 5856
3475 4301 5094 5721 6151 6679 7736 8198 8925 9586
1544 1805 1974 2131 2548 2626 3082 3316 3525 3903
3545 4703 4873 5656 6779 7459 8038 8412 9467 10011
3441 4102 5226 5358 6580 6844 7901 8331 9255 9288
3520 3850 4241 5202 5472 6073 7124 7514 8415 8806
5484 5668 7233 7694 8937 9903 10916 11698 12527 13493
1564 1690 1971 2322 2673 3094 3164 3627 3655 4062
4330 4970 6212 6692 7933 8133 9574 10095 10935 11375
3409 4431 5213 6098 6439 7119 7630 8583 9229 9740
4520 5505 6202 6572 7433 8500 9772 9854 11085 12193
1160 1401 1461 1782 1993 2073 2314 2554 2795 2885
2760 3060 3636 4287 4638 5389 5664 6390 6915 7166
4450 4850 5971 7132 7893 8253 8854 9855 10535 11536
4210 4315 5226 6067 6593 7048 7854 8730 9290 10481
5650 5885 7155 8472 8849 9977 10730 11953 12376 13410
2674 3299 3395 3876 4357 5174 5366 6183 6255 6928
4330 4474 5303 5880 6853 7321 8042 9231 9987 10312
4456 4684 5749 6852 6966 8031 8450 9476 10655 11036
5674 6347 7259 7740 9133 10526 11198 11966 12783 14032
1676 1788 2195 2434 2799 2855 3122 3374 3935 4104
3434 3850 4972 5228 6253 6413 7182 7887 8431 9232
4889 5381 5792 7064 8213 8746 9444 10346 11495 12316
3432 4042 4303 4855 5639 6016 6974 7468 7671 8483
4924 5176 6353 6732 8287 8455 9842 10220 11733 12112
3658 4107 4619 5644 6381 6701 7086 7726 8463 9392
4339 5276 6173 6915 7071 8593 8945 9998 10389 11442
5209 6611 7761 9012 9863 10113 11414 12915 13515 14816
3580 4703 4873 5656 6337 7153 7970 8821 9025 9876
1812 2050 2698 2868 3260 3447 3907 4196 4656 5082
2119 2652 2690 3147 3661 3851 4422 4707 5164 5564
3475 4400 4631 5589 6217 6844 7670 8232 9024 9685
2342 3047 3422 3708 4149 4722 5030 5338 5867 6263
4762 5422 6788 7272 8637 9386 9826 10662 11455 12600
3988 4260 5452 5962 6779 6847 8072 8412 9229 10114
1770 2107 2267 2652 2989 3534 3742 3854 4463 4672
1866 2171 2251 2700 3181 3469 3806 4014 4335 4511
2885 3135 3912 4312 4562 5113 5964 6415 6640 7165
3838 4003 4961 5853 6250 6679 7670 8099 8925 9685
4748 6313 7188 7418 8569 9351 10180 11883 12481 13310
2050 2186 2578 2851 3379 3668 4094 4213 4571 5048
4894 5422 6215 7228 8021 9033 10530 11015 12291 12864
1544 1766 1987 2196 2378 2821 2926 3382 3538 3903
2996 3722 4535 5232 5697 6103 6626 7468 7845 8629
1761 2118 2510 2936 3328 3532 3788 4231 4554 5116
3871 4532 4961 5391 5952 6745 7736 8199 8991 9321
1845 2513 2801 3054 3505 3901 4244 4496 4911 5235
4644 5545 7211 7842 8878 9913 10814 11624 12615 12885
3309 4301 4697 5457 6481 6844 7868 8099 8628 9850
2008 2278 2892 3000 3451 3938 4082 4334 4947 5109
1109 1529 1772 1981 2092 2411 2433 2753 3040 3238
2488 2909 3330 3414 3897 4591 4928 5096 5664 6126
3274 4395 4779 5196 5901 6669 7246 7758 8719 9424
3858 4450 5635 6191 7154 7598 8709 9450 10375 10449
2290 2651 3091 3272 3953 4213 4674 5054 5555 5695
3140 4165 4817 5096 5654 6772 7392 7796 8075 8975
1706 2123 2427 2572 3213 3277 3582 4047 4479 4592
3039 3700 4662 5352 5803 6403 7124 7304 8145 8475
2474 2827 3113 3906 4105 4788 4964 5426 6043 6484
1120 1270 1461 1692 1852 2173 2404 2514 2775 2976
4534 5081 5979 6486 7384 8203 8633 9960 10311 11092
1190 1311 1411 1652 1983 2033 2414 2484 2685 2866
5710 6961 7611 8612 9613 10913 11914 12314 13615 14715
2535 3161 3686 4112 4788 5088 5689 6315 6890 7266
1882 2123 2411 2796 2940 3213 3566 4095 4383 4688
3546 4363 5282 5758 6677 7222 7494 8345 9025 9570
4304 4836 5863 6434 7004 7955 8830 9324 10427 11188
4370 5251 5931 6612 7773 8333 8814 9614 10655 11816
4794 5991 7280 7464 9075 9719 10962 11561 11975 13402
5127 5342 6117 7623 8527 8914 10248 10678 11754 12615
4300 4768 6018 6291 7033 8360 8867 9843 10428 11131
1176 1363 1584 1882 2136 2301 2467 2842 3018 3305
2150 2470 2871 3312 3753 4354 4514 5215 5395 5656
3061 3331 4034 4629 5224 5602 6386 6981 7467 8089
3250 4061 4782 5202 5412 6013 7034 7424 8325 8505
4905 5914 7211 8220 9181 10430 11006 11967 13119 13888
3550 3941 4782 4992 5442 6343 7124 7544 8325 8505
5116 6405 7372 7556 9075 9857 10502 11514 12527 13493
4409 5863 6303 7536 8285 8989 10574 10882 11763 13128
4330 4907 5772 6096 6492 7753 8150 9195 9411 10203
1231 1518 1749 1871 2058 2345 2555 2819 3062 3305
2061 2652 2956 3280 3794 4193 4479 4897 5202 5677
1828 2188 2766 2910 3307 3649 4064 4677 4731 5308
2230 2731 2911 3332 3632 4033 4754 5215 5555 5876
4534 4729 5588 6876 7228 8086 8789 9804 10389 11287
3007 3250 4061 4818 4872 5764 6143 6981 7359 8008
3930 4455 5612 5997 6347 7468 8239 8869 9570 10376
2231 2827 3444 3576 4193 4457 4854 5735 6087 6418
4330 4799 5483 5772 6564 7934 8006 8834 9483 10780
2452 2738 3421 3664 4325 4589 4942 5625 5955 6528
1827 2333 2820 2892 3469 3902 4316 4587 4803 5109
3482 4196 4568 5499 5654 6803 7423 7795 8323 8819
5208 6175 6635 8292 9213 9443 10962 11238 12251 13586
1982 2169 2544 3055 3260 3651 3788 4298 4554 4946
1625 2123 2459 2844 3085 3501 3662 4127 4463 4575
4376 5080 5265 6635 6932 7672 8450 9190 9672 10561
1705 1946 2216 2427 2818 3133 3554 3840 4080 4486
3645 4619 5664 6348 7033 7285 8474 8978 9843 10131
1690 2107 2379 2748 2941 3373 3678 3967 4223 4640
4049 5371 6412 6652 7613 8373 9254 9694 11015 11496
5133 6591 6873 8284 9225 10118 10448 11294 12235 14069
3818 4331 4875 5132 5836 6797 7086 7950 8943 9168
1492 1570 1857 2261 2365 2808 3108 3317 3525 3890
1578 1775 2252 2378 2575 2883 3150 3445 3753 3978
4000 4761 5369 6168 7461 7993 8944 9857 9971 10770
1451 1788 2139 2490 2743 2911 3248 3515 3781 4048
3070 3821 4512 4872 5443 6223 7154 7244 7845 8866
1982 2306 2527 2936 3413 3447 3822 4298 4758 5014
3513 4165 4444 5065 5686 6772 6927 7982 8199 8851
1609 2203 2267 2828 3117 3213 3550 4079 4255 4592
2350 2771 3212 3372 3873 4073 4654 4994 5435 5755
3562 4266 5003 5356 6221 7021 7630 8078 8911 9487
1557 1701 2000 2261 2391 2795 3108 3147 3434 3681
1750 1870 2381 2562 2817 3283 3509 3719 4215 4516
1318 1583 1799 1992 2305 2569 2738 3099 3183 3484
2116 2351 2657 3180 3451 3775 3992 4388 4695 5056
3099 4061 4782 5412 5593 6433 6644 7605 7815 8776
4542 5687 6215 7536 8065 8945 10090 11059 11939 13216
3562 4331 4619 5292 6093 6413 7598 7726 8559 9456
5438 5899 6865 7832 8569 9213 10180 11330 12711 13632
4409 5687 6788 7316 8065 9562 9782 11411 12027 12335
4770 5130 5811 6732 7573 8293 9174 10175 11215 11415
1270 1619 1763 2040 2413 2642 2834 3002 3207 3483
4850 6168 7344 8331 8802 10212 10401 12141 12846 13316
2320 2981 3289 3752 3994 4435 5206 5338 6131 6440
3140 4258 4692 5499 5686 6554 6958 7485 8199 9006
3574 4466 5027 5622 6349 7208 7274 8529 8661 9420
1802 1994 2443 2700 3213 3373 3806 4094 4479 4527
2586 2770 3531 3738 4291 4982 5465 5580 6248 6548
1948 2186 2425 3072 3277 3685 3975 4264 4469 4997
2090 2671 2851 3252 3953 4234 4534 4854 5235 5856
1438 1559 1835 2100 2329 2449 2738 2954 3183 3472
4294 5092 5933 6732 8119 8581 10094 10178 11355 12490
4049 5211 5611 7212 7813 8093 8934 10295 10775 11696
4190 5065 5711 6130 7385 8145 8488 9819 9971 10922
4915 6266 7031 7842 8968 9598 10229 11399 11760 12750
2271 2385 2804 3299 3718 4117 4327 4821 5221 5716
1850 2219 2443 2860 3197 3421 3758 4094 4335 4671
1990 2423 2856 3108 3541 3757 3992 4605 4767 5217
5180 6120 7108 8284 9272 10024 10871 11858 12987 13927
2062 2328 2804 3280 3737 4136 4422 4783 5259 5487
4930 5217 5751 7146 7885 9034 9321 10018 11495 11782
3286 3426 4323 4884 5361 5725 6706 6902 7379 8388
3544 4010 4599 5313 5903 6275 6834 7578 8633 9223
3055 4013 4448 5058 5232 6394 6771 7264 7961 8309
1863 2084 2510 2817 3124 3720 3771 4384 4724 4861
1570 1596 1987 2092 2496 2782 3108 3330 3395 3773
1662 1915 2181 2420 2532 2911 3346 3598 3921 4117
2275 2937 3223 3708 4237 4655 5228 5316 5933 6616
4697 5902 6246 7236 8484 9215 9947 10850 12055 12916
2270 2470 3212 3512 3652 4153 4434 5015 5395 5916
2098 2441 2693 2946 3325 3631 4028 4479 4767 5380
1662 1901 2139 2420 2532 2967 3318 3556 3935 4075
3544 4289 4661 5437 5996 6306 6958 7702 8292 8788
5158 6171 6875 7272 8284 9561 9870 11411 11939 12687
1414 1534 1847 1992 2401 2641 2726 3135 3363 3435
3316 3868 4623 5058 5290 5871 6684 7090 8019 8222
4978 6175 6497 7418 8753 9904 10180 11515 12159 13356
2024 2671 2690 3318 3813 3927 4403 4878 5183 5659
5530 6683 6923 8172 9325 9997 11342 12158 13215 13695
5114 5422 6171 7184 8549 8945 10046 10618 11939 12776
1555 1991 2276 2487 2727 3148 3479 3900 4080 4291
2844 3156 3885 4276 4953 5473 6046 6775 7217 7686
2425 2793 3485 3807 4337 4636 5166 5903 6064 6571
4080 4710 5524 6006 7265 7672 8783 9191 10042 10449
2817 3737 4223 4872 5386 5845 6116 6521 7359 8116
3574 4169 5127 5358 6052 6679 7439 8364 8793 9784
4228 4874 5787 6206 7499 8107 8792 9514 9933 11416
4456 5331 5977 6168 7271 7651 9096 9514 10579 11225
4697 5644 6505 7021 7925 8656 9861 10463 12056 12142
4049 5611 6171 6892 7973 8653 9054 9774 10575 11656
2005 2385 3052 3223 3661 3908 4479 4688 5335 5335
2276 2827 3400 3620 4193 4589 5140 5316 5845 6220
4038 4798 5863 6548 7499 8069 8450 9591 10009 11302
5321 6262 7014 7955 9037 9648 10824 11999 13034 13975
3174 3538 4380 4912 5361 5753 6566 6818 7519 7911
3084 3694 4245 5029 5755 6336 6510 7294 7555 8193
1765 2051 2126 2532 2893 3103 3404 3659 4185 4321
5360 6911 7812 8162 9062 10864 11014 12615 13065 14666
2233 2461 2880 3375 3661 4136 4479 4745 5297 5544
3825 4799 5772 6348 6997 7897 8114 9375 9663 10275
2252 2538 2975 3318 3661 3908 4498 4574 5221 5506
2766 3208 4120 4198 5135 5708 5916 6384 7165 7504
1676 1873 2210 2280 2743 2925 3346 3514 3711 3935
1342 1450 1835 2088 2293 2642 2858 2990 3171 3447
2356 2793 3669 3784 4153 4797 5511 5834 6156 6479
3210 4043 4523 5612 5965 6445 7054 7855 8912 9232
4114 4913 5369 6168 7157 7689 8716 9591 10047 11340
4714 5513 6311 7110 7614 9212 9506 10136 11607 12112
3580 4737 4873 6030 6303 7051 7596 8821 9433 9876
1030 1291 1431 1682 1923 2174 2294 2455 2715 2856
4734 6086 7121 7932 8562 9913 10769 11354 12525 12750
1180 1240 1592 1732 1843 2083 2344 2414 2765 2845
2818 3010 3587 4212 4621 5149 5534 6110 6567 6951
5008 5218 6143 7152 8413 8497 9422 10389 11103 11944
2062 2442 2804 3432 3566 3870 4479 4879 5202 5678
5260 6010 7111 8262 9213 10213 12014 12415 13765 14916
4418 4950 6054 6434 7271 7803 9096 9362 10503 11264
2364 2981 3267 3950 4083 4457 5272 5360 5889 6462
2062 2477 2747 3036 3270 3703 4064 4370 4821 5416
2948 3130 4042 4666 4901 5630 5890 6436 6983 7451
5026 5554 6920 7448 8549 9561 9826 10838 12247 12643
1440 1570 2065 2313 2561 2769 3121 3303 3616 3811
3640 4565 5027 5655 6283 7174 7373 8066 8958 9883
3358 3854 4599 5282 5748 6585 6834 7920 8416 9254
3606 3979 4444 5034 5841 6368 7392 7734 8230 8820
2332 2954 3646 3968 4267 5074 5327 5972 6202 6708
4783 5429 6763 7021 8269 8957 9517 10463 11496 12185
2275 2981 3223 3730 4259 4743 5118 5514 5977 6528
2194 2951 3245 3435 3940 4465 4781 5286 5643 6148
4210 4350 5366 6067 6978 7258 7924 8414 9710 10481
1812 2169 2680 2953 3379 3498 4026 4213 4673 5014
2350 2631 3112 3612 3632 4394 4694 4834 5295 5635
5204 6871 7557 8342 9617 9960 11676 12117 12804 14226
2655 2885 3692 4083 4382 4843 5212 5995 6317 6870
4938 6039 7051 7536 8637 9253 10574 11058 12335 12819
4651 4924 5510 6954 7462 7813 9218 9921 10311 11091
2033 2186 2459 2732 3328 3736 4060 4298 4690 5048
4762 5819 6391 7580 8153 8857 9694 10839 11499 12424
1480 1760 2097 2378 2701 3024 3290 3430 3725 3992
2636 3156 4172 4484 4719 5552 5942 6359 6801 7530
2506 3203 3491 3972 4405 5005 5702 6039 6711 6831
5300 5714 6773 8292 8799 9535 11008 11837 12205 13171
3229 3868 4216 4652 5552 5987 6829 7032 7671 8600
1309 1635 2040 2261 2587 2691 2952 3199 3434 3916
4740 5601 6763 6935 7796 8785 9474 10335 11195 12486
5194 6155 7211 8412 8748 9805 11486 12014 12831 14368
3970 4565 4829 5391 6613 6778 7439 8231 9255 9916
2764 3358 4305 4332 4954 5900 5954 6819 7251 7927
4397 5136 5956 6859 7475 8911 9567 9895 10921 11906
3530 4299 4715 5356 6221 6829 7502 8271 8847 9007
3340 4151 4601 4812 5623 6373 7154 7364 8205 8595
1657 2123 2540 2700 2989 3341 3726 4111 4175 4720
2724 2862 3438 4014 4152 5005 5143 5742 6110 6502
2950 3511 4408 4912 5137 5697 6174 7071 7435 7940
5359 6961 7311 8712 9963 10313 11764 12864 13715 15016
1936 2315 2549 3090 3469 3829 3974 4605 4965 5091
3508 4400 4961 5424 6349 7109 7340 8265 8958 9321
4498 5687 6788 7580 8285 9209 10090 10794 11675 12864
2231 3091 3400 3554 3995 4523 4898 5537 6065 6374
3746 5117 5339 6598 6709 7783 8783 9153 9968 10598
3034 3539 4071 4772 5193 5922 6622 6875 7351 8080
3316 3519 4448 4971 5435 6277 6829 7468 8048 8483
2130 2762 3182 3624 4213 4528 4907 5327 5811 5916
5202 5334 6655 7756 8064 9606 9694 11103 11719 13216
2152 2387 2729 2964 3505 3739 4280 4641 4839 5308
4825 5816 7122 7437 8383 9418 10319 11670 11940 12750
1735 2111 2126 2667 2953 3088 3464 3659 3915 4456
4509 6086 6581 7617 8743 9193 10724 11625 12345 13471
5230 6176 7166 7752 8923 9283 10003 11309 12525 13471
4645 5410 7122 7617 8608 9283 10364 11220 12165 13336
5462 6403 7485 8096 8990 9413 11106 12046 12705 13598
3202 3454 4380 4968 5080 5697 6342 6874 7827 8108
3430 3760 4301 5322 5863 6523 6674 7785 8415 8445
3409 4635 4771 5520 6779 7494 7494 8480 9433 10080
2309 2839 3600 3968 4337 4705 5189 5926 6317 6847
2005 2614 2899 3375 3794 3946 4384 4841 4993 5373
3007 3385 4251 4683 5413 5575 6089 6764 7062 8062
3562 3978 4940 5580 5933 6765 7182 8047 8463 9136
1690 1900 2291 2442 2818 3299 3494 3764 4200 4230
2350 2771 2831 3372 3693 4033 4734 4874 5275 6016
3509 4806 5577 5997 6417 7538 7889 9080 9605 10165
1070 1401 1461 1742 2003 2103 2314 2565 2695 2895
3009 3791 4331 5262 5503 6103 7034 7575 8205 8476
5596 6037 7361 8195 9568 10597 10941 12461 13196 14422
1709 2272 2664 2919 3311 3549 3754 4418 4605 4895
2383 2888 3329 3603 4024 4570 4886 5075 5769 6105
4232 5669 5997 6695 8131 8254 9034 10388 11372 12275
3229 3664 4535 5232 5755 5929 6916 7119 7961 8541
5547 5988 7214 8832 9813 10352 11627 12656 13490 14617
4992 6168 6920 8190 8755 9836 11247 11623 13081 13740
2190 2771 2811 3532 3773 4213 4654 5115 5255 5776
4978 5668 7326 8016 8477 9535 10364 11653 12021 13034
4886 5899 7234 8016 8339 9812 10456 11054 12665 12987
1709 2255 2561 3021 3209 3566 3941 4401 4571 5031
4803 6215 7155 8190 9178 10024 10542 11670 13034 13316
5246 5731 6171 7272 8065 9694 10354 10618 12027 12688
4840 5622 7096 8016 8753 9489 10318 11653 12021 12896
3280 3700 4211 5382 5623 6133 6854 7605 8265 8926
2584 2782 3091 3906 4061 4501 5008 5713 5955 6352
4456 4964 5588 6369 7735 8047 9140 9569 10155 11677
4825 6041 6851 7842 8608 9193 10319 11174 11985 13066
2410 2550 3152 3552 3612 4334 4454 5095 5215 5735
2578 3034 3371 4188 4765 5125 5774 6039 6303 6879
2236 2593 3183 3540 3793 4381 4718 5117 5664 6316
1722 2091 2475 2668 2989 3518 3614 4159 4255 4736
2033 2084 2408 2987 3345 3515 3822 4384 4469 4895
5645 6332 7018 8244 9323 10254 11186 12265 13735 13882
3340 3670 4211 4842 5743 6344 6854 7545 8235 8416
3229 3519 4536 4739 5552 6016 6800 7410 7990 8222
4889 4971 5997 7351 7516 8336 9649 10141 11085 11824
4396 5472 6677 7150 7925 9302 10076 10722 11453 12271
5645 6381 7165 7852 8931 10009 11529 12608 13147 13932
3606 3916 4754 5003 5685 6803 7299 7609 8695 9037
