1000 10 10
5 74 87 73 24 96 29 35 46 29 74 0 21
5 25 92 40 27 50 82 63 98 21 24 0 22
5 48 79 74 86 80 93 35 62 62 36 0 24
5 96 76 46 94 100 74 73 41 97 98 0 23
8 70 29 88 77 47 22 28 55 32 74 0 40
4 49 63 81 61 38 38 93 60 84 31 0 17
4 35 56 94 45 51 57 35 77 84 80 0 17
5 38 59 80 22 61 90 67 35 37 38 0 23
6 23 35 35 71 93 58 64 84 52 75 0 26
7 41 82 52 93 57 58 37 75 41 63 0 34
9 56 96 29 74 49 47 39 59 75 39 0 44
4 42 90 59 52 96 94 90 22 58 52 0 18
3 52 47 61 78 35 23 86 65 26 56 0 15
4 40 82 76 77 73 46 66 35 32 42 0 17
5 34 100 73 24 25 26 83 56 55 87 0 22
2 56 82 54 98 52 71 39 30 27 31 0 10
4 80 74 96 98 77 24 68 82 58 37 0 16
10 47 89 95 91 22 37 64 60 95 77 0 49
10 24 96 94 72 27 82 28 22 27 39 0 49
8 31 25 57 62 78 76 94 78 87 71 0 36
5 68 51 48 77 62 97 28 65 72 60 0 22
10 77 87 74 21 35 77 47 39 53 66 0 46
10 29 65 86 57 58 38 35 89 35 43 0 47
10 20 48 35 76 50 62 84 62 52 52 0 49
3 91 73 61 86 20 50 43 76 54 83 0 11
3 87 71 42 76 55 95 75 76 66 52 0 14
6 22 56 81 92 59 35 46 35 100 21 0 27
3 41 40 90 79 94 88 94 39 62 39 0 11
6 42 70 87 74 30 50 30 42 40 54 0 30
7 76 30 74 76 63 43 84 32 52 97 0 34
4 41 84 95 85 63 40 35 88 68 72 0 18
7 70 65 26 30 80 82 27 69 63 75 0 33
4 65 97 79 67 37 54 62 45 86 91 0 18
2 86 99 37 42 38 39 48 59 61 20 0 10
10 37 66 46 47 52 92 83 85 50 22 0 49
9 38 54 71 21 85 66 61 91 38 98 0 45
5 65 65 25 49 24 24 99 71 59 46 0 23
10 27 38 57 40 52 83 62 83 63 70 0 50
8 44 76 22 93 37 66 95 59 50 97 0 36
9 24 99 66 86 60 37 55 65 65 42 0 42
7 97 90 88 81 97 23 95 62 60 46 0 35
8 42 57 86 58 95 90 57 45 27 92 0 36
5 34 74 68 54 68 48 58 43 52 44 0 21
3 91 31 34 68 39 93 30 80 42 95 0 11
3 72 46 54 63 25 70 36 28 99 87 0 15
5 77 100 89 26 77 76 68 34 59 62 0 22
4 28 51 84 77 60 65 53 30 31 98 0 17
5 82 42 28 64 63 99 34 45 59 100 0 23
5 77 30 66 25 32 90 60 97 93 98 0 21
10 83 23 57 55 23 43 61 68 77 70 0 50
2 31 84 25 39 40 96 87 95 35 46 0 10
5 39 23 24 66 65 95 73 39 59 78 0 25
4 80 48 66 34 50 32 79 28 49 49 0 19
6 67 90 32 40 65 44 50 30 31 69 0 30
7 67 58 56 82 39 73 56 94 96 68 0 32
9 22 83 57 64 36 45 82 89 89 49 0 45
8 45 44 57 39 68 78 86 49 42 100 0 40
3 100 86 25 63 64 54 81 28 84 34 0 12
4 99 61 33 98 94 52 46 44 84 58 0 18
8 79 33 65 28 57 48 81 58 94 87 0 36
8 31 91 60 39 97 39 27 43 82 62 0 40
5 41 40 41 63 66 31 60 38 24 58 0 25
8 33 67 79 32 27 84 35 68 32 93 0 37
9 76 91 83 27 52 90 27 66 63 71 0 44
5 27 62 34 51 43 92 81 64 41 95 0 23
9 94 84 89 94 56 45 74 64 46 23 0 43
7 27 43 47 27 27 52 48 72 40 46 0 33
5 30 69 28 43 90 88 85 64 23 30 0 21
5 27 39 70 98 56 85 76 79 66 83 0 24
3 99 90 30 69 73 26 30 68 66 31 0 14
6 28 91 60 82 99 67 36 69 31 28 0 30
5 37 86 93 34 99 99 49 62 27 66 0 24
3 59 86 71 36 82 89 31 94 85 30 0 12
4 39 88 66 87 46 62 48 30 84 81 0 18
4 95 61 84 65 83 88 32 56 73 66 0 17
7 41 71 24 95 29 64 28 99 25 43 0 35
5 53 39 98 53 27 97 38 59 87 47 0 22
10 65 64 47 86 80 81 27 66 90 99 0 47
9 23 82 43 92 44 85 65 51 47 65 0 43
7 67 44 41 73 92 23 75 73 24 97 0 31
10 68 98 26 33 32 47 55 46 81 26 0 48
3 30 88 85 94 60 50 22 21 35 54 0 13
9 55 78 50 83 58 84 62 86 88 45 0 44
5 73 83 99 22 29 57 22 85 63 88 0 21
4 47 72 47 91 95 24 21 77 80 88 0 16
5 39 81 100 42 35 45 55 87 35 66 0 25
7 50 67 27 55 84 95 59 23 92 21 0 31
3 56 24 75 45 67 82 30 22 30 70 0 14
8 74 84 66 33 72 51 66 68 73 49 0 40
9 97 82 65 52 79 29 24 39 64 69 0 45
6 50 62 49 52 20 28 59 59 27 54 0 28
6 30 94 39 52 32 26 53 49 35 72 0 30
6 93 78 93 62 92 88 80 55 34 88 0 30
3 75 98 46 85 29 81 50 76 69 91 0 15
9 48 38 66 80 97 85 94 100 26 23 0 42
5 56 56 47 38 22 76 82 93 42 42 0 24
10 88 68 50 66 55 37 29 31 83 76 0 46
10 27 59 48 42 78 50 34 83 89 36 0 50
4 64 69 21 44 61 92 71 92 91 44 0 16
4 64 33 48 28 63 71 59 45 49 31 0 18
10 55 86 73 62 76 79 27 52 81 61 0 48
10 29 20 52 82 67 66 37 61 63 58 0 50
5 55 74 54 50 53 26 31 74 77 29 0 24
6 82 88 28 49 65 71 94 20 24 66 0 30
9 98 32 93 99 46 33 56 39 39 24 0 43
9 70 83 66 55 61 84 94 33 96 33 0 44
7 95 59 59 25 89 56 22 34 62 90 0 33
6 89 58 72 49 54 39 20 36 81 48 0 28
10 96 49 59 74 22 72 23 69 51 24 0 48
5 77 54 40 71 93 34 58 39 30 91 0 22
3 77 40 72 67 97 39 34 73 83 98 0 15
7 42 46 50 91 73 88 21 89 81 61 0 32
6 40 41 53 37 80 20 31 76 31 29 0 28
6 27 24 46 23 87 37 23 58 75 85 0 30
8 57 50 88 62 48 85 30 85 27 31 0 36
6 21 85 80 72 89 93 26 33 29 87 0 30
8 21 48 77 100 50 73 37 96 20 50 0 39
7 50 67 42 41 96 98 82 32 55 90 0 31
4 26 37 24 93 66 30 23 26 98 21 0 17
6 80 53 27 39 77 38 75 90 70 45 0 26
9 30 24 51 89 48 71 24 22 23 44 0 45
7 45 35 90 43 89 36 60 57 20 63 0 31
9 68 65 92 34 45 90 72 49 50 85 0 43
7 94 74 47 51 26 84 65 31 93 22 0 31
7 46 60 92 49 52 98 89 84 89 23 0 31
8 67 51 31 75 60 84 27 67 95 38 0 36
4 96 54 44 30 85 88 81 70 67 61 0 19
10 100 33 30 44 65 26 76 66 25 43 0 48
9 70 22 60 24 99 43 88 87 98 75 0 43
10 42 51 24 50 56 74 85 85 32 32 0 48
5 48 90 73 47 40 72 30 60 92 88 0 23
10 47 93 90 77 77 28 78 94 26 60 0 50
6 98 70 42 25 82 93 60 30 34 83 0 28
5 61 36 87 41 32 30 50 75 87 50 0 24
8 57 30 79 61 65 44 25 92 81 75 0 39
10 49 20 65 82 42 38 80 46 36 42 0 50
7 46 87 79 76 37 78 69 72 51 44 0 33
4 75 62 92 100 93 27 30 35 42 44 0 19
6 50 71 56 64 51 41 52 71 77 45 0 28
6 43 56 64 80 47 35 81 68 65 31 0 26
2 72 25 47 66 91 98 89 40 87 59 0 10
9 65 31 55 63 84 22 46 48 99 24 0 44
2 75 70 100 24 79 58 77 81 35 23 0 10
8 85 39 38 87 46 69 46 92 53 93 0 36
9 81 41 90 47 49 88 41 95 52 70 0 45
7 55 66 87 96 81 42 78 80 85 91 0 31
5 46 51 90 42 41 78 39 87 21 67 0 24
2 95 21 60 90 83 45 99 69 94 64 0 10
10 66 68 26 97 64 47 76 78 53 70 0 46
5 53 46 38 90 31 26 99 24 45 95 0 24
3 51 65 95 88 97 32 45 66 48 24 0 13
6 86 43 100 86 34 59 76 47 76 39 0 27
8 24 29 43 58 36 90 54 62 39 64 0 39
8 33 59 29 59 96 44 71 65 47 74 0 38
3 65 59 27 77 25 71 44 72 69 60 0 11
10 61 45 36 22 41 78 36 51 66 86 0 47
4 21 86 95 62 50 69 68 59 89 51 0 16
6 35 54 75 44 86 93 25 98 54 25 0 28
10 41 56 46 43 80 24 81 34 44 84 0 49
8 62 45 32 74 52 79 36 46 97 39 0 40
5 59 49 90 64 20 61 87 90 44 32 0 23
6 25 82 99 47 53 98 72 37 28 40 0 27
6 32 81 87 34 73 21 52 88 70 50 0 26
7 91 97 25 53 38 77 52 20 67 80 0 31
3 31 62 80 85 94 36 21 20 59 24 0 15
7 22 88 37 67 30 48 52 41 69 65 0 33
4 34 99 44 26 53 99 53 65 28 88 0 18
6 36 50 62 44 89 90 37 26 98 98 0 27
6 69 29 77 53 24 22 93 81 26 76 0 27
4 91 80 61 84 49 89 26 84 77 84 0 17
4 69 40 43 81 58 72 98 92 41 27 0 17
6 100 49 44 92 90 69 83 27 79 35 0 29
8 32 69 82 24 81 62 76 59 73 49 0 37
7 62 23 53 76 91 65 23 95 46 26 0 33
6 94 36 36 77 72 54 100 84 99 42 0 30
5 53 48 22 43 65 93 50 80 83 64 0 25
4 53 26 72 22 45 27 27 68 53 59 0 19
9 67 100 72 97 81 89 41 33 85 48 0 41
10 21 56 35 35 80 29 40 67 31 84 0 47
6 79 63 77 80 78 86 93 57 33 63 0 28
6 58 85 30 44 86 94 35 51 40 69 0 28
4 68 35 34 96 41 68 96 40 59 54 0 17
6 78 57 38 36 68 39 66 64 42 87 0 30
5 67 49 76 72 53 39 64 60 64 44 0 23
3 88 89 62 61 96 67 22 58 47 94 0 14
7 51 49 70 72 47 45 82 30 72 26 0 33
6 29 70 49 22 37 58 48 97 47 42 0 28
8 70 78 71 28 38 84 26 90 83 85 0 37
8 59 61 75 55 48 22 65 58 72 42 0 37
8 48 65 95 48 98 70 88 37 45 43 0 38
4 61 86 65 93 40 95 25 93 72 48 0 18
6 47 86 49 70 78 97 44 66 71 91 0 29
8 93 28 52 77 90 46 62 25 48 45 0 38
6 26 33 90 65 100 86 63 67 51 20 0 27
10 80 47 53 47 57 81 55 62 99 84 0 48
6 79 66 95 41 94 53 81 66 31 37 0 30
3 33 71 70 41 60 42 45 27 94 61 0 11
7 97 92 75 31 74 40 43 50 39 73 0 33
5 65 45 94 21 37 69 64 57 31 96 0 22
6 30 24 93 83 50 93 55 98 94 35 0 27
10 77 38 61 99 57 24 47 31 61 98 0 46
6 42 22 100 77 92 90 80 46 54 41 0 26
9 85 29 49 47 71 54 100 31 37 32 0 45
10 89 36 84 54 31 27 34 87 85 42 0 48
8 79 38 88 62 21 22 48 61 89 71 0 38
5 32 22 42 40 66 31 38 88 68 22 0 24
3 82 37 98 44 35 100 33 54 72 32 0 13
3 73 44 98 89 82 53 70 48 25 35 0 14
7 82 26 31 61 81 25 71 22 47 86 0 33
4 80 84 56 85 91 37 75 22 68 39 0 16
10 43 91 55 25 62 56 40 24 75 67 0 46
3 58 67 64 47 98 79 45 83 25 93 0 14
8 87 45 69 54 24 52 22 76 25 70 0 38
8 98 93 49 94 24 43 90 42 40 28 0 36
3 99 65 94 40 70 29 48 93 56 23 0 14
4 67 95 81 23 29 57 97 56 21 70 0 19
7 62 28 46 57 22 98 83 60 84 74 0 34
6 71 73 86 90 59 65 77 53 75 84 0 30
6 29 67 52 53 50 89 22 95 21 33 0 27
8 88 56 51 27 67 67 96 47 51 79 0 40
5 52 87 59 75 36 49 91 36 65 72 0 21
9 46 32 75 59 45 23 53 85 68 79 0 45
5 57 32 65 48 23 27 51 91 22 64 0 23
4 96 91 88 35 43 47 89 63 66 71 0 19
3 61 54 100 43 38 97 42 35 87 48 0 13
3 54 46 52 39 28 97 97 56 42 22 0 15
5 37 90 51 86 46 98 40 68 49 20 0 22
6 26 92 67 59 59 52 50 34 48 24 0 29
7 27 56 45 98 51 38 22 78 42 21 0 35
8 91 84 91 78 52 50 56 52 90 34 0 38
8 93 41 86 56 40 66 92 69 93 29 0 36
10 30 39 61 34 32 21 24 36 93 64 0 46
9 24 31 33 66 96 33 41 92 64 67 0 42
8 51 90 62 39 40 41 55 90 77 24 0 39
10 86 82 61 93 97 73 72 27 58 68 0 48
5 60 28 33 28 62 67 63 25 98 81 0 24
3 74 79 59 22 53 93 26 88 66 30 0 14
5 94 72 41 23 40 70 60 37 94 76 0 24
3 97 92 100 98 76 91 58 32 94 22 0 12
5 50 53 61 64 62 82 89 67 45 61 0 24
9 69 98 84 85 81 71 91 87 38 51 0 41
5 99 90 54 69 71 85 100 27 88 48 0 24
5 83 92 35 93 90 24 59 79 75 88 0 23
5 87 26 81 30 86 85 90 95 28 43 0 21
3 88 89 50 70 80 35 71 94 77 53 0 11
8 57 44 63 65 84 60 67 45 62 38 0 36
3 56 79 93 89 98 64 23 43 57 65 0 14
3 60 99 92 24 75 48 58 35 78 36 0 14
4 36 35 87 49 86 26 77 75 92 80 0 19
7 44 92 58 45 40 41 87 25 76 49 0 33
6 53 87 46 87 33 60 71 81 91 88 0 27
2 76 70 34 30 44 91 98 89 85 22 0 10
7 92 72 46 57 37 21 89 85 50 77 0 33
9 74 22 65 74 42 70 96 77 93 72 0 44
10 76 63 71 82 52 60 24 22 72 43 0 50
3 59 38 40 34 43 36 86 87 21 54 0 13
5 79 64 54 21 83 27 47 76 94 38 0 22
9 80 60 59 54 77 93 81 50 82 78 0 44
8 28 45 31 78 43 88 88 78 28 81 0 40
7 50 74 77 78 69 90 36 71 91 43 0 34
10 42 75 35 38 24 99 33 57 52 82 0 47
9 98 73 81 22 76 91 22 32 75 69 0 42
5 24 20 39 58 85 74 65 42 24 55 0 22
6 38 33 70 91 63 84 25 58 81 48 0 29
7 50 68 27 75 42 68 90 78 94 89 0 34
10 30 29 42 94 61 55 80 74 44 87 0 49
10 41 49 91 42 98 26 90 29 70 44 0 48
10 47 68 88 85 75 89 65 53 67 20 0 50
5 29 100 41 39 88 78 86 85 84 36 0 22
2 39 35 38 87 29 66 73 91 81 77 0 10
8 54 56 61 27 97 87 98 43 42 66 0 39
5 75 56 26 48 74 83 62 62 56 20 0 21
5 29 84 73 46 93 87 82 46 21 84 0 21
5 72 47 100 79 43 40 24 45 39 72 0 21
2 70 81 58 47 69 31 64 100 61 63 0 10
4 28 30 100 75 72 80 22 31 31 82 0 18
5 36 82 81 92 77 86 31 65 58 59 0 22
9 50 98 32 20 22 91 58 93 93 96 0 45
4 63 80 75 79 90 100 30 90 61 56 0 16
9 23 84 49 42 75 44 29 53 23 72 0 45
3 60 96 89 94 96 30 52 27 60 54 0 15
6 22 35 63 24 32 23 82 25 94 89 0 27
6 70 29 24 67 54 28 61 79 77 41 0 27
8 95 59 88 80 49 20 39 52 63 25 0 38
9 73 26 64 96 85 78 87 98 69 55 0 41
10 45 26 83 35 60 60 74 29 95 32 0 46
5 45 60 22 80 72 100 22 46 54 92 0 25
8 69 40 98 78 84 71 66 51 81 80 0 37
6 55 59 70 37 64 45 84 80 71 93 0 28
10 59 96 75 73 45 66 38 50 58 95 0 48
6 45 64 84 21 77 21 61 88 99 28 0 26
5 93 33 45 53 97 21 48 36 70 88 0 25
4 83 98 75 86 60 26 72 33 54 49 0 17
9 20 32 41 80 69 90 42 51 23 38 0 41
8 62 41 77 92 81 54 70 43 24 60 0 38
8 91 89 99 55 23 45 71 42 49 47 0 39
7 63 82 46 24 71 45 75 38 81 86 0 32
6 21 24 80 23 66 76 62 89 79 20 0 30
7 88 20 83 86 86 22 67 23 47 36 0 33
10 100 97 34 59 40 78 74 31 87 57 0 47
9 37 38 56 86 46 97 33 34 79 62 0 43
10 62 76 59 95 74 66 78 67 56 78 0 46
9 78 64 44 66 40 26 48 28 40 63 0 43
5 84 22 21 77 69 96 42 92 73 23 0 25
7 81 86 34 29 41 55 86 31 21 34 0 34
7 40 92 91 58 90 82 23 68 94 51 0 33
5 29 54 77 75 69 71 36 63 22 23 0 24
7 87 26 33 64 49 77 56 42 59 23 0 35
5 82 86 72 89 34 53 93 23 88 52 0 21
8 87 31 28 30 44 51 65 95 87 94 0 37
8 56 48 21 24 88 77 87 29 39 84 0 39
5 58 61 57 67 31 96 55 25 86 29 0 22
6 95 96 71 40 20 44 66 42 97 39 0 28
10 79 83 84 38 22 73 28 68 75 83 0 46
9 91 36 27 84 72 46 94 82 74 24 0 44
5 25 84 29 23 90 84 64 23 82 21 0 25
8 45 31 91 29 60 88 31 20 26 53 0 37
5 59 64 79 80 52 27 60 32 91 21 0 22
5 73 25 64 21 83 75 89 98 77 55 0 24
5 45 37 28 79 79 59 23 82 36 80 0 21
6 51 62 20 52 89 57 74 74 68 31 0 29
3 42 61 76 94 81 80 23 68 63 31 0 14
3 99 38 55 91 97 86 87 91 67 53 0 14
5 35 47 67 92 90 26 92 24 26 73 0 22
5 43 81 43 88 62 74 25 100 59 91 0 21
10 52 97 62 31 75 36 20 83 53 38 0 46
6 64 85 77 24 39 42 74 72 73 24 0 29
3 85 22 64 31 53 71 40 93 51 40 0 14
4 79 81 81 28 69 38 79 62 31 62 0 19
7 92 47 65 81 35 67 81 81 22 64 0 31
7 21 85 46 67 40 82 42 72 69 33 0 34
6 57 54 91 63 23 71 21 38 50 61 0 30
6 100 55 57 56 61 23 37 98 64 82 0 29
9 48 90 89 46 88 96 57 58 75 94 0 45
9 39 42 76 29 28 83 47 55 26 26 0 41
3 98 84 21 86 44 30 83 82 41 57 0 15
3 46 59 87 44 24 99 84 32 99 76 0 15
9 83 86 59 86 53 25 87 41 87 81 0 42
10 55 94 53 53 76 31 47 52 55 36 0 46
9 94 89 97 99 77 35 84 60 61 53 0 41
8 64 68 97 62 82 33 100 51 81 22 0 39
6 64 56 87 63 62 47 79 33 50 83 0 26
3 76 82 100 54 52 82 54 42 80 58 0 15
4 75 68 66 22 77 23 67 22 95 91 0 19
6 88 59 32 26 60 63 98 49 24 49 0 30
6 77 85 59 81 78 34 93 25 99 23 0 27
10 22 61 90 81 52 53 99 73 39 28 0 46
3 99 20 60 100 76 91 39 66 25 76 0 14
5 90 43 67 84 25 94 38 83 34 71 0 21
9 87 51 51 33 30 81 37 51 98 29 0 42
10 28 24 100 29 61 96 67 66 49 25 0 50
5 38 21 29 28 74 94 32 86 40 76 0 21
6 91 77 41 37 47 71 70 73 92 48 0 27
3 32 60 97 93 72 84 21 39 69 46 0 12
4 62 70 96 58 62 66 20 33 98 98 0 16
10 48 23 74 77 48 42 58 29 61 52 0 49
4 75 30 21 94 100 21 39 96 49 39 0 18
8 63 22 52 36 100 77 69 33 25 60 0 38
4 87 90 51 89 60 66 21 39 58 42 0 18
8 36 49 81 92 37 25 100 73 74 57 0 36
2 82 98 99 42 30 75 95 47 79 60 0 10
4 75 49 70 42 21 21 51 73 83 86 0 20
6 94 29 84 53 91 84 42 46 40 35 0 29
3 56 48 100 43 27 47 80 82 97 30 0 13
7 30 79 69 25 38 52 69 73 66 27 0 35
7 75 53 69 100 83 82 98 64 34 98 0 34
5 74 59 40 26 26 67 90 48 69 62 0 21
6 28 78 70 56 82 56 23 23 70 70 0 28
10 40 39 58 93 31 99 73 45 63 47 0 48
8 58 88 21 33 21 92 90 78 70 93 0 39
10 62 57 27 34 92 51 91 64 44 53 0 48
8 60 58 36 27 84 80 61 61 98 23 0 39
8 90 63 97 21 84 21 60 69 56 28 0 38
7 67 26 31 43 64 85 75 63 21 92 0 35
4 21 94 74 27 81 78 37 73 83 33 0 18
4 47 60 31 83 60 95 45 33 41 73 0 18
7 93 53 48 58 47 91 65 98 100 59 0 34
10 24 79 93 72 20 95 83 47 33 45 0 49
10 65 37 36 86 73 32 88 87 88 28 0 48
3 62 42 22 22 100 42 64 45 23 98 0 12
3 32 91 87 68 57 59 96 54 37 37 0 15
6 68 83 86 79 54 66 80 82 70 28 0 29
10 51 78 62 42 69 65 21 24 48 23 0 49
2 31 90 58 30 95 92 90 52 95 49 0 10
10 31 87 59 52 53 33 67 52 93 98 0 49
2 26 66 59 65 81 79 48 31 63 23 0 10
6 29 45 70 40 37 78 31 77 51 85 0 28
4 33 98 49 94 70 77 28 58 71 57 0 16
8 35 73 60 84 89 47 58 58 26 85 0 40
9 76 80 54 22 82 76 33 47 44 77 0 45
5 31 61 49 93 69 62 43 75 64 62 0 25
3 33 72 88 67 40 77 99 31 32 82 0 14
8 66 50 87 51 36 67 69 69 58 24 0 37
9 29 79 29 86 84 91 89 31 40 23 0 45
3 53 64 74 29 58 36 22 51 74 40 0 12
9 57 26 42 88 100 62 82 46 53 62 0 42
2 94 63 25 60 49 94 75 57 68 50 0 10
9 41 21 85 57 52 53 60 26 68 66 0 42
4 97 70 37 83 41 65 78 26 39 85 0 20
3 23 74 72 68 29 87 60 48 26 66 0 13
8 51 80 35 62 40 27 88 75 23 70 0 37
6 71 51 84 67 21 39 29 78 97 98 0 27
8 31 75 80 33 49 36 46 33 20 29 0 36
9 82 66 100 43 33 69 22 69 53 84 0 41
9 69 97 23 91 98 52 55 82 22 76 0 44
8 74 76 70 63 69 67 76 91 82 32 0 36
9 97 23 42 87 60 52 80 100 67 31 0 44
7 68 43 25 92 62 72 40 60 81 80 0 31
6 76 51 25 44 82 64 58 66 97 24 0 26
9 49 90 86 49 72 68 70 49 71 86 0 42
10 63 97 83 83 71 80 39 34 37 56 0 46
4 38 95 73 68 40 23 75 36 75 68 0 17
4 98 46 91 30 76 42 88 32 75 26 0 17
4 27 71 24 29 73 51 45 96 25 72 0 16
10 21 57 54 96 83 38 57 90 77 45 0 46
10 90 22 99 50 58 51 48 79 35 65 0 48
6 91 88 93 65 33 26 60 30 33 81 0 27
6 56 36 35 97 78 90 72 47 51 24 0 26
7 33 60 40 30 72 63 26 32 55 71 0 31
7 98 96 48 27 90 38 77 76 69 44 0 35
4 29 94 69 68 65 60 82 30 56 41 0 18
9 65 82 31 36 49 29 40 21 86 66 0 42
10 58 49 87 81 55 78 78 37 74 49 0 49
10 36 34 78 66 37 81 26 82 94 89 0 48
5 25 23 68 82 43 89 33 29 77 69 0 24
9 43 87 83 77 54 78 48 82 54 79 0 44
5 71 69 80 91 20 62 58 36 84 64 0 23
7 80 45 30 28 24 37 24 62 52 68 0 31
3 62 53 91 77 84 73 69 24 47 84 0 12
5 61 80 52 50 86 69 30 66 90 36 0 23
3 76 97 71 36 31 25 87 76 54 22 0 13
9 25 92 41 73 96 95 75 96 31 70 0 41
8 59 35 62 86 99 46 56 74 70 88 0 36
3 89 86 99 55 83 47 92 25 49 68 0 12
7 78 60 59 94 76 85 92 97 91 76 0 33
4 25 62 44 34 36 73 56 95 81 60 0 18
4 70 67 82 57 84 31 78 65 83 60 0 17
7 32 26 26 72 59 87 39 78 63 44 0 33
7 71 89 93 81 42 67 92 31 38 31 0 35
6 79 67 27 38 78 57 64 36 65 32 0 29
10 58 79 98 85 35 79 57 32 77 52 0 46
8 59 56 23 65 37 97 61 24 56 33 0 40
6 55 65 76 24 64 85 71 73 83 87 0 30
6 39 91 47 90 46 52 49 23 46 54 0 26
9 36 75 42 92 68 29 55 41 70 68 0 43
7 32 77 54 37 78 92 40 65 23 38 0 32
4 73 74 38 96 68 67 51 47 88 48 0 20
10 77 30 96 52 47 71 91 69 38 100 0 50
8 59 50 25 26 78 90 90 45 45 60 0 39
8 36 81 49 22 44 34 37 71 26 49 0 39
7 52 71 33 49 42 99 20 74 53 88 0 34
5 38 38 26 89 24 90 52 99 74 82 0 23
3 79 91 72 28 36 75 65 36 54 56 0 13
10 94 63 76 60 93 45 36 36 79 52 0 50
3 96 75 83 88 30 68 57 88 97 49 0 13
9 54 80 83 52 87 68 64 69 94 86 0 43
9 81 56 26 27 80 41 77 69 94 56 0 45
10 86 31 92 59 30 79 41 97 56 36 0 48
6 23 37 23 68 37 94 75 83 40 61 0 27
5 30 26 52 96 74 45 88 71 91 79 0 21
6 48 65 43 37 39 94 63 68 57 96 0 29
8 23 35 21 53 28 100 65 97 71 49 0 37
6 28 80 28 41 34 83 47 86 32 59 0 29
3 56 71 21 55 24 97 91 68 54 31 0 14
10 93 79 65 72 33 37 68 36 33 90 0 46
6 69 79 90 41 84 21 38 20 65 58 0 28
4 77 89 93 63 88 48 82 41 32 97 0 18
5 53 97 26 28 34 81 81 83 33 28 0 24
5 81 63 58 66 88 65 26 58 51 98 0 25
8 71 88 44 95 77 95 78 47 24 72 0 37
8 20 34 95 24 52 55 59 35 28 94 0 37
4 78 95 94 56 53 69 49 94 53 33 0 19
3 74 44 79 39 96 84 23 46 90 95 0 12
8 62 32 34 82 28 79 93 54 60 66 0 36
6 58 53 30 72 45 24 23 64 51 44 0 29
3 89 26 22 44 39 82 44 37 37 97 0 14
4 72 21 36 51 44 68 63 40 75 63 0 17
2 42 39 39 30 96 99 59 40 20 64 0 10
6 68 50 69 20 63 42 59 22 69 45 0 27
8 60 61 31 69 46 46 35 55 73 100 0 38
5 59 45 48 75 20 38 70 72 87 80 0 21
3 73 36 37 59 21 24 82 29 87 56 0 15
3 74 63 30 98 73 89 58 64 33 48 0 12
10 73 36 36 88 27 76 80 73 23 54 0 48
8 41 93 97 67 30 84 52 90 57 53 0 37
5 28 41 73 42 72 63 43 26 71 66 0 22
5 34 58 72 74 53 67 88 74 49 22 0 23
4 48 32 66 79 43 45 59 52 34 76 0 19
8 26 20 39 85 74 73 38 31 40 50 0 40
9 81 50 96 69 61 70 57 77 44 39 0 41
5 45 24 33 97 86 76 97 35 48 40 0 24
6 95 86 70 39 21 27 64 37 77 99 0 30
10 23 32 37 50 38 92 65 40 95 72 0 50
7 90 20 61 69 77 60 68 39 94 49 0 32
4 74 79 35 62 39 27 35 85 99 46 0 18
7 95 29 23 39 32 28 75 26 35 62 0 31
6 26 36 93 22 38 37 54 40 78 68 0 27
6 49 67 81 34 24 87 89 54 50 34 0 27
6 97 93 64 57 23 21 72 98 46 29 0 28
8 33 28 77 93 84 77 66 88 75 87 0 36
3 95 83 60 66 72 94 87 61 99 80 0 11
10 27 33 20 57 67 45 74 61 95 33 0 49
6 34 88 29 75 44 35 47 39 49 53 0 26
6 29 27 50 21 33 38 90 86 71 74 0 26
7 63 90 80 65 63 21 57 75 91 40 0 35
7 61 83 48 70 43 59 72 55 45 61 0 31
3 66 30 67 62 27 93 78 55 87 97 0 11
4 76 29 71 74 33 98 83 38 74 34 0 19
8 35 74 51 93 83 25 72 57 78 31 0 36
7 50 87 68 49 67 26 82 24 23 32 0 31
9 76 72 52 96 43 45 31 61 93 77 0 41
2 86 88 33 72 59 42 32 63 64 31 0 10
4 64 93 35 100 41 43 37 24 62 80 0 19
3 58 93 66 88 52 30 59 69 78 54 0 13
10 99 25 74 41 89 66 35 37 81 56 0 47
4 91 34 63 23 66 72 21 21 55 83 0 19
2 56 32 86 35 53 60 22 74 21 27 0 10
7 62 40 91 69 60 59 62 48 39 47 0 33
3 62 60 76 66 45 20 23 80 39 89 0 11
8 83 48 97 62 33 80 72 67 30 60 0 40
9 37 20 66 90 33 36 33 33 49 72 0 45
9 75 62 75 90 46 38 75 61 77 30 0 43
4 28 25 86 52 53 74 88 94 55 74 0 19
5 89 24 47 62 41 76 45 71 37 82 0 22
10 90 62 72 83 52 33 82 98 94 37 0 48
6 79 100 63 35 65 51 20 63 33 31 0 28
7 56 37 95 82 70 88 51 60 36 65 0 34
5 42 25 76 36 49 66 93 77 51 67 0 21
8 97 66 43 34 94 99 92 50 37 89 0 39
7 64 71 31 32 50 29 70 43 99 51 0 35
9 74 22 74 82 76 40 44 71 100 67 0 41
6 23 78 29 47 47 27 78 42 41 95 0 27
3 88 60 29 43 75 83 27 99 42 66 0 13
3 70 30 68 52 88 70 93 92 38 33 0 15
2 59 89 83 57 99 97 42 69 43 34 0 10
6 23 68 93 33 32 34 29 49 47 76 0 26
10 52 82 39 48 79 41 35 33 68 48 0 47
7 64 66 77 24 51 29 84 49 64 60 0 35
10 45 88 22 82 67 30 45 70 70 41 0 48
6 50 36 22 37 81 49 75 53 76 65 0 27
8 66 52 78 72 74 48 88 67 27 20 0 40
5 80 29 98 46 30 36 45 27 58 75 0 21
5 69 58 20 92 70 22 93 90 45 34 0 22
3 52 89 92 39 55 35 93 29 68 27 0 15
5 89 45 37 54 40 94 81 59 63 97 0 22
10 76 93 95 61 27 53 74 39 31 32 0 49
4 24 42 58 73 28 23 89 73 22 22 0 16
7 65 49 80 49 100 87 62 21 53 39 0 34
9 39 57 30 77 58 74 95 74 45 87 0 41
4 55 78 79 78 24 47 67 77 98 90 0 18
4 32 74 22 49 94 75 28 26 35 75 0 20
5 80 99 96 49 76 41 75 81 24 79 0 22
4 63 92 37 54 28 83 49 54 45 43 0 18
10 54 58 29 21 35 61 21 53 99 74 0 46
4 45 93 34 61 21 61 28 99 78 61 0 16
6 90 65 48 69 77 45 96 78 85 56 0 26
4 38 87 21 38 35 42 54 85 75 43 0 18
6 83 24 67 97 85 57 83 73 81 47 0 27
9 91 26 58 30 96 53 54 87 64 29 0 45
10 41 74 62 97 30 69 39 28 26 74 0 47
8 45 88 68 38 26 68 43 79 75 41 0 40
10 87 40 58 96 89 63 70 95 67 62 0 49
8 27 75 65 28 45 33 52 79 51 61 0 40
5 66 98 49 56 78 61 100 45 43 84 0 24
8 29 23 78 23 65 73 75 100 81 99 0 36
3 87 33 37 62 30 52 88 56 54 23 0 11
7 31 46 31 34 47 21 54 36 60 68 0 34
5 52 66 38 40 99 39 85 79 39 58 0 22
7 84 47 46 77 28 59 32 42 83 66 0 35
10 69 79 82 69 89 36 58 94 45 54 0 50
2 66 30 46 67 61 64 59 27 91 98 0 10
5 31 59 68 23 94 71 93 71 34 51 0 23
10 88 96 80 89 53 44 43 81 66 39 0 48
5 42 42 56 55 85 74 72 36 37 91 0 24
8 41 24 61 81 76 91 26 100 62 81 0 36
9 68 83 53 88 64 59 99 21 24 72 0 41
7 44 73 41 86 63 87 52 72 85 21 0 32
6 73 82 49 97 38 66 25 93 89 43 0 26
10 64 26 68 44 77 28 40 63 49 87 0 46
3 24 76 27 36 42 29 91 28 85 38 0 12
8 55 63 55 63 59 62 58 89 67 24 0 36
5 89 54 51 30 67 89 44 44 96 24 0 21
7 94 76 55 48 39 55 89 27 47 41 0 34
2 51 64 43 32 66 99 58 64 62 84 0 10
7 40 50 64 95 63 35 21 26 97 77 0 35
9 28 37 79 51 40 31 56 31 24 42 0 42
3 23 76 51 42 59 23 92 60 72 27 0 15
4 93 52 99 26 75 50 60 46 100 26 0 16
4 78 69 44 26 80 21 68 93 21 22 0 17
6 24 68 86 29 34 60 85 49 66 90 0 30
5 99 97 55 51 37 82 98 42 33 44 0 24
2 95 53 46 65 25 58 87 39 44 24 0 10
10 69 57 31 39 83 79 80 26 41 31 0 48
7 62 52 32 98 29 90 75 39 78 63 0 33
8 48 30 32 30 72 47 48 48 98 28 0 40
5 70 22 50 88 74 68 80 23 47 32 0 25
7 58 84 28 31 86 85 93 50 38 61 0 33
8 48 48 45 64 47 85 75 41 98 75 0 40
9 32 70 32 38 63 45 77 44 62 91 0 42
5 24 50 59 79 56 41 55 80 86 73 0 24
7 79 73 84 56 75 26 100 53 40 20 0 35
7 87 71 35 54 72 46 63 52 37 26 0 34
2 88 59 74 92 33 53 59 100 78 80 0 10
9 92 62 53 78 21 99 24 51 63 39 0 45
3 87 94 80 85 63 32 40 48 30 40 0 15
10 98 52 73 95 60 80 32 61 79 27 0 50
7 62 55 30 93 27 68 69 76 78 36 0 31
8 48 87 59 89 81 81 82 73 58 61 0 40
4 66 84 58 62 80 90 30 21 44 22 0 16
7 90 56 94 43 32 26 54 65 90 89 0 35
3 55 88 60 51 83 71 67 22 100 48 0 11
8 20 74 54 77 41 26 95 22 75 45 0 40
10 44 84 77 72 23 31 76 26 52 72 0 46
7 81 60 57 27 22 78 53 38 47 90 0 33
6 21 34 96 53 36 63 61 26 21 54 0 26
9 56 34 35 91 47 28 86 62 36 66 0 43
10 78 97 47 63 93 76 66 42 62 68 0 49
7 89 82 53 56 87 85 57 63 60 100 0 35
5 51 28 80 49 90 63 67 23 38 63 0 24
6 24 25 22 20 82 50 62 56 24 41 0 29
4 73 63 84 27 22 80 72 45 25 43 0 19
4 92 100 93 69 27 97 20 59 39 93 0 18
7 35 65 33 79 83 53 81 93 30 61 0 35
4 94 90 29 62 46 80 37 36 72 74 0 17
10 39 45 23 64 50 46 22 65 29 23 0 47
2 97 64 30 56 55 20 100 72 21 21 0 10
10 79 83 34 35 34 33 23 83 42 30 0 46
6 74 66 29 30 86 70 64 38 55 77 0 30
3 91 88 83 81 24 52 80 41 30 65 0 15
4 32 44 66 62 45 46 77 39 33 56 0 19
5 35 72 84 70 36 30 74 26 79 57 0 21
7 77 93 33 85 86 71 61 52 94 36 0 33
10 42 50 96 86 36 22 94 27 22 39 0 48
9 87 48 27 60 41 50 45 70 24 22 0 41
10 22 84 52 31 93 83 43 73 70 89 0 49
5 92 85 42 58 98 99 79 93 42 87 0 24
3 60 61 97 38 92 55 32 68 44 73 0 14
7 89 89 83 36 49 78 72 87 51 67 0 33
3 97 40 59 87 98 72 30 76 42 27 0 14
3 54 63 82 86 40 39 48 53 73 72 0 12
10 23 40 66 36 77 89 36 81 72 89 0 48
5 90 81 52 24 30 79 31 89 71 53 0 22
9 73 63 47 27 40 87 40 51 30 28 0 42
3 40 100 95 71 48 70 97 27 21 45 0 15
9 37 100 60 50 65 76 84 64 51 75 0 43
3 91 41 50 87 58 30 65 72 89 77 0 11
5 50 77 86 86 45 29 35 61 55 52 0 25
9 78 33 85 39 94 28 70 86 20 86 0 42
2 23 88 28 24 55 89 38 74 95 48 0 10
7 65 42 35 38 89 23 52 54 33 35 0 34
6 87 88 34 29 57 82 70 85 80 41 0 29
10 63 88 91 31 36 34 27 43 58 94 0 50
3 81 77 83 93 31 56 46 68 69 35 0 13
6 25 76 51 69 39 87 22 58 38 39 0 28
9 75 74 94 22 37 63 81 42 75 84 0 45
7 77 44 82 87 59 43 76 27 78 73 0 34
10 29 88 82 84 95 97 49 59 81 96 0 48
10 55 77 79 78 63 97 32 20 30 79 0 49
6 39 84 55 27 39 48 28 90 55 40 0 30
8 31 41 58 39 49 63 74 48 43 44 0 39
9 55 94 22 87 64 79 73 46 96 51 0 41
2 55 64 79 52 37 34 57 70 22 96 0 10
5 94 80 77 62 67 46 72 70 76 26 0 24
6 85 72 88 78 29 60 49 74 58 69 0 28
7 82 56 100 44 86 63 20 89 67 74 0 32
4 71 68 50 59 42 87 49 67 88 33 0 18
7 23 24 54 22 34 20 65 97 43 88 0 31
3 83 49 43 56 21 73 100 76 53 78 0 12
5 34 44 29 79 40 39 45 40 85 30 0 24
8 78 80 62 49 77 39 91 27 82 60 0 36
9 37 36 71 100 42 51 44 60 81 38 0 42
6 74 98 65 60 72 31 77 72 45 100 0 27
6 67 89 35 90 66 20 55 59 31 72 0 26
9 98 22 99 84 35 84 59 97 93 69 0 42
8 89 80 27 23 43 51 53 52 87 82 0 40
7 81 85 66 48 62 53 31 56 81 99 0 31
4 61 42 54 84 81 32 42 31 96 91 0 17
7 55 67 41 81 58 97 87 94 99 34 0 34
8 52 43 99 63 97 29 21 40 34 50 0 40
9 37 88 66 95 81 84 27 26 55 92 0 42
4 92 68 84 31 95 54 49 76 83 74 0 19
9 65 53 62 68 83 65 91 71 45 20 0 41
2 51 79 45 31 97 99 47 96 65 100 0 10
3 32 77 79 47 98 38 31 37 55 96 0 11
4 65 24 40 23 47 78 27 83 24 80 0 18
5 27 51 35 99 65 67 49 39 28 34 0 24
6 94 86 83 95 87 58 26 96 56 49 0 26
7 44 46 78 81 36 93 56 52 67 21 0 34
4 66 53 29 37 47 52 75 92 68 48 0 19
4 85 51 25 72 51 33 49 33 32 27 0 18
7 52 74 71 72 28 98 62 32 81 56 0 34
7 76 95 62 74 33 23 33 22 64 66 0 33
3 97 68 58 77 54 59 95 24 23 42 0 11
7 100 21 35 90 87 31 82 71 67 87 0 31
7 98 61 76 58 94 27 46 36 90 51 0 33
5 97 58 55 63 36 28 59 39 42 71 0 21
9 52 71 75 76 71 74 80 94 67 97 0 42
7 29 40 32 73 77 44 62 22 21 40 0 35
9 25 87 88 99 36 29 27 60 24 100 0 42
3 59 35 41 25 38 27 75 58 85 52 0 11
8 91 81 48 27 44 81 73 93 65 65 0 38
2 81 100 51 63 57 42 72 92 70 55 0 10
9 55 87 32 25 44 34 90 89 42 96 0 44
8 84 51 74 62 26 42 57 61 84 66 0 36
2 70 29 92 29 93 93 98 64 97 75 0 10
5 87 78 90 78 83 97 30 73 96 82 0 25
5 48 67 74 93 23 89 90 24 73 59 0 24
6 40 58 89 65 62 52 73 47 22 57 0 27
7 92 84 39 37 65 48 65 44 54 20 0 31
9 94 72 93 76 51 60 24 27 77 79 0 45
2 41 33 97 29 87 53 29 44 81 52 0 10
8 59 95 32 78 54 63 36 80 41 62 0 39
4 54 60 49 22 95 28 25 60 90 31 0 17
8 67 38 97 27 68 71 70 57 41 74 0 37
3 74 42 28 84 96 83 52 81 82 95 0 15
4 25 20 47 76 46 40 76 95 97 24 0 18
9 44 45 71 20 51 53 66 43 28 56 0 44
9 67 86 25 30 44 23 22 36 33 56 0 45
6 75 25 79 22 83 59 62 29 62 81 0 29
5 33 81 95 46 23 43 97 26 67 49 0 25
7 77 24 38 74 69 95 72 64 55 84 0 34
6 41 81 55 40 42 93 61 31 55 71 0 27
3 68 81 29 52 88 92 31 77 63 97 0 15
3 20 56 43 47 91 30 41 58 51 36 0 11
9 85 91 92 74 54 37 100 25 74 92 0 42
10 71 45 30 48 58 87 20 21 55 99 0 46
5 57 33 44 32 83 25 56 86 82 94 0 24
3 82 26 83 90 54 74 70 82 73 52 0 12
5 62 53 98 91 92 64 47 99 51 87 0 25
7 65 39 36 88 99 55 33 25 46 22 0 35
10 21 25 60 94 61 69 59 43 71 52 0 48
6 46 91 22 20 68 38 64 91 51 75 0 26
7 83 88 77 41 25 67 22 30 80 79 0 33
10 46 73 43 67 24 66 21 32 73 90 0 50
4 90 24 47 45 66 58 34 94 41 30 0 19
5 78 89 49 25 42 70 38 75 87 26 0 24
3 77 67 74 22 53 61 52 99 42 65 0 11
4 48 56 81 31 41 91 73 100 57 68 0 18
10 54 81 78 50 28 55 51 81 57 21 0 48
9 86 21 48 46 44 69 63 56 20 22 0 44
7 56 51 55 89 67 39 80 81 31 41 0 32
3 40 61 49 52 90 62 26 76 77 93 0 11
4 74 29 86 83 89 77 43 52 85 57 0 19
6 38 87 74 33 100 94 79 74 29 94 0 30
7 84 84 98 96 76 73 41 78 39 59 0 32
7 55 47 79 66 74 79 27 76 30 26 0 33
9 56 49 67 52 35 63 83 39 52 80 0 42
5 82 68 70 41 34 96 59 67 51 70 0 23
10 95 81 32 71 98 66 83 43 99 64 0 48
6 75 48 33 99 96 58 27 51 59 77 0 26
8 21 31 56 20 52 61 65 98 89 27 0 39
9 56 84 85 54 78 87 52 42 23 91 0 41
5 51 93 71 58 83 86 83 99 53 31 0 23
9 23 97 55 61 88 27 82 55 69 65 0 44
3 80 40 56 85 61 41 99 95 53 56 0 15
9 60 46 91 64 40 50 92 73 24 98 0 41
9 85 34 26 85 42 65 34 44 56 72 0 41
9 45 89 25 26 82 87 86 87 65 45 0 43
4 25 87 64 72 39 38 95 22 94 72 0 20
4 47 88 100 23 20 82 77 38 43 31 0 19
6 41 41 23 92 32 63 28 48 58 46 0 27
3 84 91 39 100 79 87 85 34 60 71 0 11
7 81 77 52 50 87 23 66 91 39 38 0 31
2 60 57 73 43 69 76 38 61 98 60 0 10
7 98 90 27 68 91 81 94 86 97 86 0 35
10 23 22 91 100 89 79 99 73 72 58 0 48
8 69 67 80 73 97 27 71 85 82 77 0 39
9 82 85 26 29 51 24 85 46 31 89 0 45
4 99 99 43 82 44 36 45 92 49 95 0 17
5 97 27 31 98 34 73 32 52 82 66 0 24
4 83 28 34 53 52 67 94 28 32 89 0 17
5 35 43 37 31 77 45 88 74 79 40 0 24
5 37 83 88 89 43 100 50 43 81 48 0 22
8 67 62 49 75 91 76 77 76 90 78 0 37
6 84 98 81 95 75 36 64 53 75 84 0 28
4 22 77 72 23 99 21 100 95 26 33 0 18
5 87 77 85 76 41 67 49 38 27 55 0 22
9 86 76 98 27 56 40 99 59 21 61 0 41
5 66 42 52 20 57 83 42 27 77 42 0 21
7 29 28 30 75 50 80 31 41 59 56 0 34
3 31 82 97 34 32 23 99 80 79 60 0 13
7 26 95 50 35 100 91 42 69 46 22 0 34
7 28 27 63 24 38 90 22 35 73 26 0 35
6 73 51 79 86 24 64 99 81 32 93 0 29
10 25 51 59 32 75 96 44 93 62 51 0 49
10 99 32 24 75 50 52 89 73 36 58 0 49
5 74 26 74 84 83 42 68 38 57 67 0 23
7 92 80 63 30 84 100 36 71 56 93 0 32
5 50 38 72 59 35 85 67 59 69 63 0 22
3 47 74 29 31 83 23 68 23 54 37 0 13
3 37 30 61 65 35 33 93 84 52 62 0 11
4 62 44 91 42 50 92 55 38 87 32 0 16
9 44 30 80 91 55 24 75 61 22 99 0 45
9 86 49 85 71 92 64 76 53 42 88 0 44
9 55 35 99 72 26 80 60 27 58 85 0 43
4 89 77 58 25 78 61 60 68 60 63 0 19
7 80 62 89 78 26 67 61 25 36 73 0 33
4 70 84 27 56 21 40 27 50 54 94 0 18
7 59 60 90 30 28 65 34 22 89 21 0 31
6 29 98 72 95 89 58 50 46 52 80 0 26
6 99 83 67 88 79 24 38 42 61 74 0 29
8 25 87 85 90 57 99 70 55 96 99 0 39
7 94 34 48 62 87 38 44 61 23 49 0 32
6 23 30 74 83 85 98 77 96 79 67 0 29
3 52 90 85 79 73 85 70 76 75 96 0 14
7 39 27 22 82 68 92 84 92 59 80 0 31
5 100 32 83 74 94 45 28 77 78 72 0 21
9 100 90 94 54 99 32 94 89 45 72 0 41
7 72 85 83 36 69 43 62 51 42 76 0 32
9 33 64 70 52 21 24 63 38 94 31 0 44
7 21 80 24 89 82 79 27 71 81 72 0 31
3 98 31 83 73 95 97 65 24 31 32 0 14
6 64 85 38 38 88 71 54 23 62 24 0 29
6 28 64 26 61 72 70 65 78 63 82 0 30
9 89 32 72 66 42 71 58 59 78 28 0 44
3 29 22 53 45 79 58 40 69 97 68 0 13
9 74 45 47 75 36 48 30 91 48 59 0 42
10 81 28 85 32 98 95 73 30 59 28 0 47
8 30 98 48 57 54 88 76 80 55 86 0 37
3 93 44 59 89 34 99 35 43 77 36 0 11
5 63 42 24 33 25 100 82 38 37 56 0 25
3 81 23 42 61 85 94 24 99 24 41 0 13
4 52 52 32 38 85 84 59 94 47 75 0 19
10 49 54 64 22 43 64 37 63 47 67 0 47
10 96 25 76 58 90 92 42 92 21 61 0 48
9 25 30 42 84 45 95 79 33 34 96 0 41
6 73 71 74 29 31 60 91 73 34 67 0 28
10 41 100 31 61 83 47 64 26 46 52 0 50
9 28 32 95 86 36 36 47 36 48 77 0 45
4 90 32 34 98 71 99 60 99 37 81 0 20
3 90 96 85 46 71 40 62 90 74 20 0 15
9 58 96 28 54 93 42 61 84 69 79 0 41
3 91 58 89 58 34 45 52 66 36 49 0 13
8 27 69 42 59 74 44 78 37 43 45 0 38
8 92 92 67 95 67 33 44 70 23 21 0 37
9 86 95 50 23 78 24 50 41 63 95 0 43
8 51 85 61 70 26 37 84 54 69 76 0 39
10 93 83 32 72 37 91 39 49 75 62 0 49
3 26 72 22 86 74 72 80 95 34 88 0 15
4 80 44 86 29 33 48 89 86 49 56 0 19
8 27 37 98 94 81 67 92 34 73 100 0 38
10 47 93 45 35 36 22 84 93 73 59 0 49
4 87 79 63 54 81 31 82 44 48 80 0 17
10 55 36 89 32 62 42 83 73 69 67 0 48
10 79 30 61 90 98 73 37 43 33 68 0 47
5 30 76 98 86 84 37 83 92 68 50 0 24
9 48 71 75 24 87 54 82 66 22 74 0 41
9 28 87 91 69 22 36 22 42 63 35 0 42
4 26 93 98 91 71 81 93 89 40 67 0 18
8 49 48 31 77 72 57 33 42 33 80 0 38
10 75 69 51 67 99 88 58 22 96 49 0 50
8 41 52 90 70 99 22 62 48 90 56 0 40
7 35 79 29 23 22 86 80 88 51 47 0 35
5 98 65 24 60 79 26 21 58 78 96 0 21
5 75 77 41 61 33 87 53 96 43 29 0 24
4 76 27 47 30 59 64 90 82 67 80 0 18
10 32 98 35 34 65 74 33 85 25 93 0 48
3 62 41 50 61 100 58 55 24 88 53 0 14
7 89 29 87 75 27 26 46 58 84 54 0 34
6 83 82 68 23 57 24 78 65 39 62 0 30
7 44 39 70 30 21 44 72 32 62 42 0 34
10 62 93 60 33 30 54 49 59 21 52 0 46
10 49 55 54 91 24 31 61 63 40 91 0 48
3 60 88 30 20 67 80 26 26 89 91 0 11
3 75 85 50 52 63 57 42 100 50 70 0 14
7 39 87 28 70 78 35 81 53 27 66 0 32
5 86 22 64 25 37 40 64 93 81 48 0 25
3 87 20 72 36 66 34 55 46 39 46 0 11
3 86 44 53 81 68 98 90 29 89 86 0 12
6 36 44 37 49 50 43 20 49 28 100 0 30
8 34 36 51 40 22 46 100 27 29 65 0 39
8 20 40 87 73 53 40 85 52 78 58 0 40
8 87 36 67 41 68 93 42 72 61 65 0 36
5 23 69 21 35 24 69 88 55 52 34 0 23
10 31 47 63 55 61 79 43 92 91 66 0 48
7 22 60 37 63 40 97 32 83 53 99 0 35
4 61 93 29 42 90 65 80 82 95 56 0 19
9 73 92 74 80 90 27 21 31 33 36 0 43
8 40 87 25 69 99 82 54 86 44 63 0 39
6 66 58 23 30 65 24 99 47 22 41 0 26
3 82 56 58 35 89 44 48 21 77 67 0 12
9 43 30 73 31 95 99 34 59 26 87 0 42
10 95 69 96 50 71 52 50 40 34 61 0 46
6 24 32 36 32 100 74 55 20 31 84 0 30
9 20 100 57 99 94 99 71 94 22 84 0 41
3 52 85 41 95 44 87 54 71 72 24 0 12
6 68 44 28 67 82 80 59 30 91 76 0 30
10 40 69 73 88 77 68 26 58 96 47 0 47
9 72 21 46 63 74 69 95 28 44 30 0 41
3 61 46 73 91 72 79 61 85 75 26 0 13
4 20 69 81 39 64 40 35 95 21 78 0 17
2 95 34 96 49 46 84 58 57 84 85 0 10
8 95 74 65 80 25 52 78 37 90 26 0 39
3 55 49 88 93 26 91 73 29 49 34 0 15
7 54 30 68 86 28 23 72 47 50 65 0 35
7 84 52 50 46 21 33 69 93 61 64 0 33
3 44 96 29 60 32 98 44 94 30 53 0 13
8 77 51 96 36 66 68 92 86 51 98 0 40
8 71 33 64 55 86 95 35 46 36 64 0 37
10 88 100 55 46 79 25 92 22 55 83 0 46
10 69 64 55 68 57 84 82 38 51 23 0 46
7 94 80 31 85 70 64 98 28 92 34 0 35
6 59 98 81 35 33 59 60 53 95 99 0 29
5 100 49 64 72 63 85 24 85 22 27 0 21
5 40 32 56 80 68 67 98 94 44 29 0 22
8 26 94 35 66 51 70 25 80 49 91 0 37
9 87 67 27 58 26 28 34 70 61 88 0 41
4 38 68 73 91 93 31 58 35 64 45 0 17
8 94 31 52 58 39 52 73 93 51 49 0 36
10 42 88 69 21 87 86 92 43 64 93 0 48
7 33 92 85 65 81 96 26 60 55 26 0 35
3 83 39 35 69 24 97 91 87 30 93 0 11
9 56 45 47 60 53 63 54 26 54 64 0 42
10 56 37 98 51 63 76 62 96 20 57 0 46
10 56 47 93 54 44 29 33 81 46 75 0 48
10 61 76 59 27 88 53 94 47 66 31 0 46
9 86 33 71 33 99 34 21 79 24 79 0 42
6 27 62 69 42 67 30 95 58 49 29 0 27
4 20 72 51 39 50 97 45 82 66 92 0 19
7 57 62 75 70 42 60 20 76 85 54 0 34
7 22 28 76 42 80 88 52 84 97 20 0 32
5 75 44 24 43 91 70 36 35 38 81 0 25
3 71 83 77 52 39 90 45 26 91 76 0 14
7 70 26 49 20 68 59 97 28 51 50 0 34
9 55 57 23 44 22 74 67 80 78 84 0 43
4 83 38 70 62 56 33 37 85 34 88 0 18
5 23 35 23 34 67 82 35 64 88 96 0 25
7 36 26 26 84 85 59 51 52 95 72 0 34
2 71 48 58 55 58 32 80 91 93 95 0 10
10 81 27 84 87 78 70 96 83 97 52 0 49
6 50 45 53 98 27 85 47 34 70 46 0 28
7 36 78 75 92 29 48 41 51 61 20 0 31
5 64 47 35 97 37 25 45 33 78 85 0 24
3 32 69 87 100 46 39 96 42 29 40 0 15
5 92 40 46 71 86 64 42 40 63 54 0 24
9 38 46 72 70 29 65 58 61 67 76 0 43
6 67 86 42 52 45 89 50 30 51 30 0 26
7 40 90 96 40 74 54 40 53 44 74 0 34
8 86 52 98 100 82 55 52 63 47 70 0 38
9 80 42 81 31 77 62 89 97 86 38 0 42
9 23 83 29 45 46 74 46 61 29 89 0 45
6 74 32 63 42 100 34 24 20 52 34 0 28
10 66 24 92 44 34 26 70 73 67 88 0 50
9 85 30 77 31 22 78 28 67 72 88 0 41
4 25 42 84 79 90 59 27 34 76 87 0 17
6 32 63 79 20 72 53 96 70 74 92 0 27
9 51 85 37 82 77 25 73 80 50 27 0 44
4 75 83 81 42 58 68 79 54 88 30 0 18
9 89 37 96 67 27 30 81 59 66 57 0 41
9 60 60 29 82 69 21 46 96 60 60 0 42
4 90 97 42 21 32 25 100 42 44 87 0 16
9 41 99 76 40 33 93 26 91 67 43 0 43
5 38 51 48 28 29 25 67 62 79 36 0 23
3 69 64 27 42 57 84 86 68 92 30 0 13
8 72 39 85 45 91 30 86 33 65 99 0 40
9 84 57 59 40 92 53 81 90 77 54 0 41
5 21 70 44 70 30 93 60 48 30 62 0 22
9 62 21 31 78 91 76 30 45 40 69 0 43
3 30 29 27 28 25 49 34 78 89 41 0 13
4 78 61 84 67 75 54 29 30 99 99 0 18
3 79 61 50 100 42 78 58 38 91 53 0 12
5 36 75 33 35 30 63 29 64 92 49 0 22
3 55 49 74 86 39 87 44 100 57 91 0 14
8 38 57 33 71 76 57 91 25 64 32 0 36
3 88 61 69 59 100 23 74 42 79 72 0 14
5 99 52 44 32 46 27 22 80 41 76 0 23
9 30 36 65 90 42 33 96 100 83 92 0 43
9 81 56 97 64 63 79 98 69 74 98 0 41
5 98 33 50 81 95 81 85 96 88 88 0 24
4 97 95 22 53 49 61 46 86 55 83 0 19
5 37 71 40 62 62 49 75 33 62 99 0 22
5 46 65 51 29 89 92 56 98 97 59 0 24
3 21 65 48 63 92 65 68 48 29 48 0 15
8 76 94 83 33 39 48 97 75 21 36 0 36
3 69 92 66 22 31 94 27 93 68 67 0 14
10 96 43 44 39 60 62 44 90 96 81 0 46
9 21 69 33 87 57 60 37 86 92 20 0 45
2 30 31 58 34 38 20 86 79 84 34 0 10
8 69 51 74 88 96 97 88 90 52 60 0 40
10 83 31 45 68 63 51 62 65 47 39 0 46
3 51 36 71 49 75 56 80 70 68 68 0 15
5 64 65 97 77 64 39 65 20 65 87 0 22
10 62 59 50 90 95 33 47 21 24 76 0 49
5 80 49 70 21 74 97 79 49 77 80 0 22
6 84 62 71 82 76 52 73 80 87 100 0 29
6 75 34 57 54 46 81 31 55 33 89 0 29
9 44 27 21 77 92 60 66 87 66 30 0 41
8 26 56 84 51 94 94 95 68 85 61 0 36
4 32 41 65 95 77 46 74 43 54 39 0 20
4 68 31 63 79 46 97 72 77 22 92 0 19
3 26 79 46 57 70 92 41 44 35 73 0 15
4 70 46 84 91 85 50 86 21 36 46 0 18
3 88 60 97 76 50 99 35 63 43 68 0 13
10 59 50 97 41 26 58 85 67 76 99 0 47
10 62 60 85 26 43 48 54 52 96 48 0 49
7 48 83 73 25 36 23 97 53 98 41 0 31
10 49 20 67 76 38 51 100 92 90 51 0 46
7 43 77 80 45 78 51 45 90 66 68 0 32
4 88 85 39 21 33 56 38 70 34 53 0 20
4 62 32 29 23 60 32 88 48 43 90 0 18
127 88 77 67 75 118 112 87 132 117
116 129 155 180 195 202 233 257 266 291
119 131 157 160 186 203 222 254 271 295
104 130 159 176 186 209 240 253 263 296
112 138 150 163 194 201 235 259 280 282
107 132 154 162 197 203 230 247 276 282
117 139 159 174 187 208 229 245 266 290
116 138 149 161 188 217 233 241 274 299
100 137 140 177 193 219 239 240 263 299
106 138 150 160 190 200 235 259 274 295
118 135 141 163 197 204 227 244 276 283
106 120 154 179 189 215 221 247 277 283
102 138 146 169 190 207 238 247 275 280
118 130 141 180 192 201 226 246 268 283
100 120 155 163 186 210 234 244 261 297
101 121 156 168 181 220 223 258 262 282
108 125 156 166 189 201 232 244 260 291
111 131 145 169 199 203 223 257 269 282
103 134 140 180 188 203 238 259 273 294
113 139 140 178 188 204 238 252 272 293
105 121 155 172 189 217 227 246 262 300
109 140 142 174 191 208 232 244 276 295
100 132 142 160 184 200 224 254 278 284
120 135 155 165 193 200 230 240 261 300
103 123 143 166 189 217 221 244 278 296
109 133 145 169 196 208 234 255 266 298
108 123 158 179 193 203 238 253 279 288
107 134 150 161 183 209 236 260 280 300
108 127 159 175 189 218 229 251 266 295
113 126 154 180 192 213 220 260 268 292
108 138 142 179 198 204 225 251 267 298
117 133 151 166 186 203 224 243 271 299
119 140 158 169 180 205 223 257 275 286
100 125 142 169 182 214 230 244 264 293
100 134 143 163 186 204 227 243 264 293
120 120 156 172 188 217 229 253 278 288
117 135 150 172 185 212 234 260 276 298
111 139 156 168 185 211 226 256 260 282
115 130 156 169 195 204 232 253 269 283
102 121 159 170 185 220 230 244 274 289
105 120 151 171 186 218 231 245 265 283
101 140 152 163 180 210 229 260 260 280
112 137 151 173 182 216 234 260 261 289
112 126 153 162 193 200 233 245 271 284
120 133 159 170 190 212 237 248 261 280
116 131 143 166 186 211 223 251 262 299
101 131 146 160 184 210 240 241 268 286
113 122 159 175 194 206 234 260 277 291
119 121 152 167 200 204 240 241 270 281
116 130 150 179 190 206 221 252 262 283
115 140 141 167 192 213 240 249 265 285
100 132 151 172 189 203 231 240 275 292
109 140 158 179 182 216 226 253 278 300
103 137 143 160 196 220 220 248 265 292
103 122 150 168 190 203 232 255 267 281
104 130 143 170 182 200 225 255 260 290
111 136 143 179 197 208 230 248 277 291
120 132 143 173 185 210 223 250 271 295
106 132 146 173 180 213 232 260 260 290
102 140 141 174 199 214 234 248 268 297
100 140 147 178 197 216 236 255 262 292
101 133 145 167 194 206 223 253 260 285
118 137 147 162 200 213 237 253 276 292
119 136 151 167 182 206 235 247 268 289
111 120 144 166 182 213 235 244 271 298
108 140 144 168 196 210 233 248 278 282
101 137 142 164 181 202 227 255 261 283
112 135 142 166 199 219 238 251 264 300
105 122 154 172 185 209 222 248 270 291
103 123 150 180 193 210 230 244 267 284
118 136 147 173 191 214 223 256 267 280
110 139 150 169 195 200 240 246 260 290
120 127 158 171 180 203 240 257 268 290
109 125 155 161 195 208 220 240 274 294
101 123 142 167 200 210 229 247 274 281
120 125 141 172 198 217 240 246 279 282
117 125 145 160 193 205 226 252 275 291
104 120 144 175 187 211 232 251 260 282
108 122 159 173 189 209 234 248 271 288
104 129 152 180 198 210 225 248 280 291
100 130 155 179 193 215 236 247 280 286
113 140 146 164 184 202 225 240 279 300
113 129 156 176 194 203 230 260 280 299
120 136 158 163 183 220 229 259 269 291
107 123 149 180 198 200 238 256 276 293
113 134 149 166 183 210 224 247 263 283
109 126 148 164 186 210 222 243 267 284
116 121 159 163 185 215 220 244 264 290
120 128 143 168 194 217 235 253 266 281
118 133 158 165 197 210 234 256 274 288
112 122 143 179 187 213 233 246 280 293
117 136 155 168 193 210 234 257 271 280
108 121 144 174 188 206 220 260 274 285
107 140 160 172 199 202 230 253 268 290
103 140 151 168 198 210 226 255 260 299
100 136 152 165 198 219 240 258 260 295
117 137 153 174 199 211 234 250 264 292
107 133 140 171 188 216 223 258 265 298
103 123 149 178 181 215 222 251 260 287
118 138 141 165 194 217 240 257 272 280
115 120 142 168 190 201 221 247 260 287
101 140 156 168 182 211 224 242 265 294
111 133 144 173 189 200 222 246 262 290
102 128 151 180 181 213 239 246 267 287
103 138 157 177 180 212 240 242 272 288
117 121 147 180 191 204 239 253 268 297
113 138 158 179 194 214 240 259 280 286
110 124 159 161 200 203 233 247 271 289
116 138 142 170 196 211 236 256 269 280
111 122 149 179 199 220 221 244 262 292
106 120 159 161 194 205 229 258 270 288
108 129 154 170 194 206 238 259 273 291
119 127 141 173 193 201 234 244 260 287
116 121 160 178 190 203 222 247 266 299
105 132 147 170 200 219 233 249 271 281
115 132 153 180 199 214 223 241 276 291
117 121 145 178 183 210 237 252 264 286
105 125 158 165 182 200 234 245 262 294
103 121 153 176 195 203 228 242 276 284
107 138 154 164 195 201 240 254 274 288
105 139 146 168 189 220 231 246 265 283
101 139 144 161 195 204 227 240 273 285
102 126 147 172 198 203 235 248 263 293
104 125 140 180 194 202 240 251 264 297
101 129 145 175 187 205 231 243 273 289
112 128 140 169 188 203 227 246 272 284
117 121 153 170 188 204 229 244 264 292
100 133 142 173 197 215 221 258 261 280
109 129 140 178 184 214 222 256 271 285
110 122 142 165 187 214 231 241 264 291
119 134 152 173 185 213 232 244 277 281
108 121 158 169 197 204 222 258 265 288
111 124 156 165 189 208 222 247 263 284
117 132 155 167 195 218 227 258 275 285
109 120 148 175 197 209 226 259 275 294
103 122 147 169 191 202 237 256 262 297
113 122 150 160 195 214 227 256 276 280
114 126 145 160 190 217 229 246 264 293
114 122 159 169 193 204 231 255 260 296
106 137 141 161 190 212 234 251 270 298
113 140 158 177 186 202 240 246 263 286
112 131 157 162 195 212 229 240 269 299
118 120 154 176 197 200 224 240 265 299
120 129 152 169 198 209 225 253 269 300
102 131 149 172 189 218 238 249 262 295
102 125 160 165 181 215 222 260 261 281
111 126 143 180 190 218 228 240 269 283
117 132 151 161 190 206 240 247 277 287
114 126 150 162 192 201 221 245 280 292
117 127 157 163 183 205 239 251 278 291
103 136 140 163 200 213 227 252 265 294
109 137 155 169 196 206 222 253 279 300
106 127 146 163 192 218 226 241 263 296
108 139 140 168 194 201 232 245 280 280
111 120 146 176 197 202 234 257 275 292
112 136 143 163 184 215 231 245 265 295
119 130 155 164 193 215 237 255 261 296
118 136 148 175 182 207 236 246 269 295
113 120 151 170 183 216 232 251 265 298
105 120 160 174 188 200 236 248 275 285
115 124 145 168 194 205 237 250 272 290
114 140 140 162 188 200 220 241 268 294
100 129 145 169 196 207 238 259 280 280
117 139 148 180 197 203 231 243 260 283
106 139 140 170 192 207 220 242 267 298
103 120 159 163 183 203 225 255 263 285
114 126 155 165 183 205 230 243 277 282
116 124 145 163 190 212 223 253 276 284
114 125 155 176 199 216 237 244 268 295
111 131 141 179 183 201 240 252 276 286
101 135 154 167 189 205 239 252 277 299
106 123 147 164 197 213 220 254 262 296
118 137 149 179 180 219 235 246 263 294
118 133 155 160 188 220 230 240 277 288
117 135 141 170 197 220 232 251 279 281
108 133 154 177 191 205 227 258 272 291
109 137 149 175 182 219 227 247 275 298
118 134 140 174 189 203 234 254 271 283
108 121 147 162 181 220 227 255 266 294
115 122 154 176 193 204 231 242 270 281
120 122 152 165 186 213 236 251 271 284
100 133 149 179 194 219 223 248 276 293
100 122 153 165 180 210 223 244 275 287
118 138 152 161 182 207 231 251 270 291
102 140 153 164 195 202 233 242 260 285
116 127 152 174 197 210 235 240 272 291
112 128 159 173 180 217 233 242 274 295
117 121 160 160 180 208 238 248 269 288
104 138 143 163 191 207 227 247 276 289
116 129 154 165 197 204 236 241 261 287
119 126 142 179 190 212 231 257 274 291
108 133 157 175 188 219 230 240 276 281
100 137 141 163 193 204 228 243 266 280
108 122 159 162 197 215 231 242 269 281
100 131 140 171 184 200 226 250 279 291
120 127 155 174 182 219 227 240 267 293
119 139 147 174 195 204 236 250 263 281
109 137 146 176 184 208 230 255 275 292
101 123 157 179 193 202 235 246 280 288
112 139 152 175 186 217 225 246 270 293
118 127 158 161 182 201 229 251 263 282
116 123 156 166 180 204 240 247 266 298
101 125 145 164 190 218 234 241 270 281
100 135 153 162 190 217 232 258 264 300
101 137 142 162 192 202 225 243 260 289
116 131 156 162 197 201 227 258 275 285
114 122 147 165 190 209 240 259 278 281
108 137 148 168 195 210 239 252 276 290
113 130 142 169 186 203 226 240 266 286
120 125 151 174 188 203 231 243 278 286
115 132 143 162 193 200 233 253 263 280
111 132 148 162 193 206 239 255 279 290
104 128 147 180 185 200 228 245 272 296
108 120 141 169 191 201 224 259 263 293
110 135 151 166 193 202 233 243 267 281
108 134 142 160 193 213 239 252 276 290
106 138 145 173 193 202 240 250 266 289
114 125 143 176 189 210 233 249 271 293
106 121 153 162 189 201 221 258 280 293
107 123 160 174 185 209 222 253 277 284
102 139 156 175 190 200 224 256 278 281
107 132 145 161 200 215 224 246 263 296
115 123 158 171 187 215 222 256 265 284
105 129 150 178 197 213 223 249 275 284
106 126 144 175 193 220 240 259 261 293
117 134 151 167 188 204 223 256 260 292
112 137 146 162 188 220 224 249 261 297
117 131 156 177 192 219 230 259 271 297
101 136 144 164 180 211 228 255 263 290
113 135 146 176 192 206 221 244 269 297
104 124 151 173 199 213 229 259 261 289
111 123 144 160 182 214 235 256 260 290
106 137 150 166 188 200 234 252 276 290
103 128 159 161 183 201 234 248 264 298
114 124 142 169 186 212 237 248 273 287
111 140 156 163 184 207 233 255 279 288
101 126 151 169 191 200 230 252 260 290
111 130 157 173 189 209 232 248 275 281
113 120 144 175 190 219 240 259 267 287
104 135 160 174 200 218 240 260 270 287
106 134 158 179 191 215 230 245 268 292
111 132 152 174 188 213 227 243 267 292
117 128 152 170 181 213 231 258 261 300
108 132 156 161 183 214 240 248 266 300
109 133 160 175 193 215 226 247 270 300
115 125 152 164 187 220 235 242 266 290
103 120 145 165 195 215 228 240 267 283
106 139 143 166 196 203 230 247 262 287
120 124 148 176 184 220 236 257 276 297
112 138 148 172 196 207 237 256 271 284
108 134 159 162 185 216 228 260 261 298
115 132 150 166 197 219 233 245 274 284
102 128 154 180 200 213 233 247 260 290
112 121 159 175 181 216 236 253 273 288
111 121 146 166 188 219 232 242 264 300
100 127 147 171 198 219 227 247 266 283
118 140 141 165 198 214 229 241 265 283
115 139 142 162 183 220 221 240 280 284
112 130 154 177 189 202 228 245 264 296
117 131 142 160 200 216 222 244 261 299
108 139 149 166 200 206 237 243 280 282
102 126 156 162 188 201 223 251 276 300
110 137 151 172 181 212 221 255 274 281
112 129 158 179 199 206 237 249 267 300
105 132 145 172 194 202 221 256 276 280
100 133 140 168 195 212 233 250 266 296
119 122 148 173 185 206 232 242 260 296
104 140 152 170 200 209 222 252 270 286
104 124 153 171 198 208 240 254 265 286
114 124 159 172 194 209 234 258 275 297
110 129 142 161 182 220 220 253 279 281
111 128 142 172 189 219 221 250 279 295
102 136 151 170 190 218 236 242 266 289
120 139 152 160 193 218 220 252 265 294
114 134 149 161 186 209 221 248 274 291
105 135 143 176 189 220 233 250 273 281
100 140 157 175 182 218 239 242 278 288
106 125 140 175 190 214 227 260 270 296
113 133 148 170 184 204 228 253 273 286
110 137 155 175 196 214 240 244 263 285
118 138 146 172 192 213 234 252 260 284
120 135 143 168 190 216 237 245 261 297
111 130 159 163 196 216 230 246 276 283
105 128 148 161 190 208 221 258 272 295
107 131 149 177 194 200 230 247 268 292
118 139 149 180 186 203 220 243 276 297
116 133 155 173 198 215 220 260 261 296
105 123 152 166 190 213 226 250 279 280
109 130 147 179 188 215 235 245 280 288
119 136 142 173 189 206 223 242 271 295
109 140 144 180 199 214 224 240 276 287
108 140 149 170 195 200 238 257 263 281
101 127 149 180 194 211 221 242 280 300
103 136 148 160 184 214 228 242 270 283
113 124 144 170 185 214 233 240 279 299
104 120 153 166 195 206 232 247 276 300
109 139 156 164 189 216 231 260 265 300
111 132 142 174 190 208 229 260 261 299
105 122 149 177 186 202 224 244 270 284
111 122 160 179 190 219 236 257 272 300
117 139 147 178 181 213 230 258 268 288
108 127 160 174 186 208 225 260 263 292
116 126 154 163 195 202 226 253 279 292
118 120 144 164 180 220 233 245 278 297
120 137 152 162 196 200 231 257 263 285
108 121 156 173 190 206 236 244 263 297
103 130 157 179 180 213 231 258 274 300
103 140 154 170 190 204 238 254 265 283
107 121 143 170 199 203 236 256 271 280
103 123 147 163 183 216 238 258 271 284
115 133 141 161 187 214 226 257 276 292
105 140 158 180 200 207 237 259 263 297
107 130 142 169 181 201 228 259 263 281
115 131 147 163 188 220 238 252 274 280
107 138 153 160 200 206 224 251 266 296
115 131 157 172 196 202 221 244 266 295
102 126 150 173 188 219 229 255 264 293
107 132 152 175 184 215 220 255 277 282
115 122 149 169 195 200 238 242 275 292
110 123 147 176 192 216 222 246 272 298
106 130 153 173 183 203 222 248 274 290
116 133 145 162 187 206 240 251 260 282
111 125 152 160 196 214 235 252 263 282
100 133 143 166 183 213 230 250 270 286
100 138 147 180 188 204 239 259 264 288
111 122 145 164 198 216 223 248 279 298
109 131 151 172 200 218 226 246 275 296
118 128 155 174 195 212 235 254 261 282
117 131 148 162 185 200 239 245 265 283
101 133 158 172 192 203 232 250 272 287
120 128 146 168 181 205 235 246 267 287
102 132 159 172 199 202 225 242 280 290
119 123 145 174 182 213 240 255 262 291
118 125 147 172 189 217 235 249 269 291
114 120 151 179 196 207 224 248 264 282
107 140 155 171 191 217 225 248 266 286
100 131 151 166 190 212 223 244 277 283
100 137 154 167 185 200 232 244 273 292
115 122 159 173 198 215 237 254 261 283
113 135 159 171 194 208 226 259 267 288
103 123 151 164 184 217 224 254 266 290
103 133 158 175 186 208 231 244 272 289
111 120 149 177 184 218 223 241 273 295
103 134 156 160 180 207 229 252 271 285
117 131 155 175 194 207 226 251 265 299
103 127 145 164 196 206 228 249 276 292
116 139 141 171 187 206 229 247 276 290
104 137 144 171 180 208 235 249 270 296
105 127 147 174 187 204 222 245 270 297
112 123 142 160 200 214 232 241 273 299
100 123 152 165 186 208 228 246 272 288
104 123 141 174 193 209 236 246 265 282
102 120 156 172 193 214 221 249 261 280
117 138 157 174 192 217 235 254 280 288
116 133 154 160 188 215 225 241 264 290
110 135 155 169 188 219 238 258 260 283
103 131 142 178 194 207 233 247 277 291
108 136 146 165 200 215 240 250 269 297
111 129 148 166 182 202 222 240 262 282
116 128 140 177 189 209 234 250 271 292
117 138 158 168 194 208 236 241 279 298
103 139 157 160 199 204 222 260 275 283
119 139 143 173 187 203 238 257 280 298
111 131 153 170 198 211 230 250 263 294
112 123 145 177 199 219 230 258 263 290
113 121 153 165 200 205 230 240 278 280
107 134 156 172 188 204 221 250 263 280
107 133 147 168 184 218 227 258 277 290
114 138 159 180 187 203 226 258 269 294
111 137 160 160 192 202 224 256 270 291
114 138 151 162 192 215 237 247 265 283
116 137 145 167 198 206 223 251 260 282
104 121 155 171 197 214 225 249 272 293
117 124 146 167 192 200 235 254 271 300
116 135 154 161 185 204 223 248 261 293
115 123 149 170 184 211 228 243 263 294
102 129 159 173 185 204 224 244 269 300
111 136 158 167 200 211 235 245 263 281
118 140 148 169 192 217 236 240 268 280
107 133 158 162 188 219 238 258 264 291
110 139 140 160 185 206 221 251 262 295
120 135 151 165 189 202 222 251 262 288
108 140 146 176 186 206 220 252 261 281
101 130 153 174 190 212 221 242 278 293
118 128 156 172 200 219 221 241 271 291
110 138 140 167 180 214 222 254 276 284
117 135 156 172 197 201 231 253 274 295
111 130 145 162 183 206 236 260 271 296
114 134 160 167 182 211 230 253 267 292
106 133 151 176 198 200 229 242 280 284
118 130 158 179 190 212 232 243 264 287
111 135 158 165 185 209 230 259 263 284
104 136 146 162 186 217 220 247 270 292
102 126 145 163 200 210 230 241 260 280
112 131 146 176 183 219 229 246 274 284
114 134 146 169 192 217 237 241 268 283
119 130 159 179 191 212 221 243 262 291
107 134 140 176 180 208 229 249 278 298
116 123 156 168 192 204 234 257 279 283
101 130 152 162 180 205 237 249 266 280
101 123 152 176 186 218 233 247 273 294
114 130 159 167 182 210 231 260 271 282
120 139 150 176 182 203 228 256 267 289
112 140 145 172 198 212 220 245 274 281
101 123 147 162 180 217 240 255 260 291
100 130 148 177 182 209 231 250 269 292
120 132 153 173 196 214 235 240 280 291
115 140 140 168 195 218 229 260 263 296
110 134 157 161 184 205 222 245 270 281
118 123 157 160 192 211 227 258 273 285
114 126 146 165 188 203 239 258 273 284
104 128 158 174 195 204 222 256 260 280
106 127 145 174 195 217 235 255 265 297
110 137 143 171 183 220 224 241 274 299
106 122 143 180 189 209 222 255 270 286
106 125 153 169 187 211 236 257 278 282
116 137 150 164 198 214 226 259 275 282
111 126 143 179 183 204 238 260 267 284
115 128 155 178 184 218 220 251 260 299
103 140 157 179 193 217 234 245 267 294
108 137 155 168 190 211 224 246 273 280
109 127 144 178 200 217 220 249 264 298
105 122 157 174 189 211 224 258 273 284
114 129 142 178 198 211 222 247 276 284
101 137 159 178 195 203 236 248 274 293
107 129 158 164 181 214 238 245 267 291
111 133 149 170 188 200 236 244 261 287
116 137 157 175 180 217 223 249 279 286
116 127 140 162 186 213 228 246 260 281
115 134 153 177 200 200 222 258 276 299
101 130 148 163 190 220 239 247 275 283
105 129 140 177 195 212 220 248 263 280
117 132 151 164 199 204 227 258 268 292
103 136 159 174 181 204 232 245 277 291
104 129 158 180 185 206 223 254 262 289
101 134 144 160 183 207 238 241 268 291
102 133 156 168 193 200 223 243 265 282
117 140 142 171 197 219 230 247 269 290
114 138 147 169 182 205 233 240 279 296
104 125 150 171 192 207 238 240 279 286
109 130 147 168 200 204 238 260 265 297
106 132 150 178 183 210 238 258 260 296
118 137 141 175 183 201 232 245 278 281
113 130 155 167 185 203 229 244 264 295
107 128 145 167 186 201 231 258 274 281
106 129 146 179 193 213 225 241 260 283
117 123 157 160 192 202 229 256 276 287
120 129 140 167 195 206 234 250 273 297
116 124 149 165 187 204 224 248 266 294
103 132 151 174 189 211 228 245 269 283
101 134 160 168 180 209 231 242 273 280
107 140 153 163 196 220 233 256 269 282
101 133 149 163 187 216 233 240 263 281
117 126 158 170 193 207 221 253 278 282
102 137 144 179 181 202 227 253 269 297
109 127 157 169 181 219 224 254 275 281
118 140 150 173 190 210 239 245 276 298
114 120 160 178 188 218 238 248 272 280
111 135 149 180 191 217 233 259 266 282
108 140 147 178 190 219 220 260 279 300
117 122 154 172 185 218 221 245 279 286
101 125 158 161 198 208 220 248 261 297
109 125 150 171 187 213 226 244 273 300
101 121 142 164 198 202 230 259 278 296
114 122 140 160 181 220 233 241 272 292
117 137 159 169 189 211 237 243 271 290
108 125 143 169 182 201 238 256 279 298
112 131 150 173 192 203 239 260 266 284
114 139 149 174 191 215 220 244 270 291
114 128 152 168 196 211 227 241 273 286
118 130 158 179 197 207 224 255 275 281
117 120 145 177 195 210 231 250 280 281
107 136 143 174 182 204 234 252 276 289
100 140 151 173 182 201 233 247 264 286
104 140 144 161 182 213 233 244 265 300
110 136 149 179 199 216 224 244 262 289
112 137 151 171 182 208 222 252 275 298
109 135 143 166 190 220 232 250 268 286
117 135 148 174 199 220 235 255 275 293
107 138 144 160 191 209 239 243 269 284
105 134 150 166 194 217 240 241 270 299
103 128 155 160 190 213 235 251 274 293
114 127 154 180 194 209 230 245 272 281
111 121 156 161 181 206 220 251 276 297
110 122 152 160 181 209 228 250 269 285
101 131 156 164 183 219 231 256 260 290
112 139 142 180 198 201 238 259 275 290
106 139 158 170 194 209 234 253 267 290
107 140 157 175 196 203 224 244 261 284
115 131 148 160 191 208 236 250 274 291
119 128 158 174 191 212 227 245 274 293
102 121 151 163 185 209 239 258 266 298
109 125 154 176 188 209 221 260 263 293
111 120 152 171 184 203 230 257 274 300
120 139 145 180 197 205 236 253 267 289
106 139 143 173 193 213 224 242 279 300
107 123 151 175 197 200 221 256 277 298
103 136 150 173 190 202 228 240 269 286
120 136 149 165 183 200 223 243 270 287
105 136 157 175 192 203 220 246 279 288
106 138 158 172 182 200 240 245 265 283
118 124 141 172 199 210 235 241 265 290
119 130 149 162 197 214 239 258 274 298
110 132 141 165 194 207 234 240 264 282
112 140 147 180 198 206 234 259 266 283
100 130 142 180 195 208 226 258 267 298
106 129 148 178 192 206 223 250 280 280
116 121 148 162 193 209 225 243 269 280
100 131 158 170 200 216 228 257 260 294
104 137 156 164 195 207 234 256 273 293
108 130 158 179 186 201 236 259 276 281
112 138 160 165 198 203 221 240 271 292
108 138 155 170 200 220 239 246 279 300
103 130 147 170 191 205 228 260 272 297
103 122 153 168 183 211 231 257 275 295
116 133 148 162 191 209 228 244 276 296
100 127 150 171 182 213 230 251 271 290
109 130 140 176 182 202 235 245 264 292
110 131 147 160 188 202 227 242 274 287
119 125 147 166 200 214 222 257 265 294
118 130 158 167 185 204 237 252 279 282
114 137 152 162 200 213 236 248 278 297
101 135 144 167 197 208 220 258 260 297
109 132 151 168 195 200 239 242 273 295
102 139 153 169 196 214 222 248 265 281
107 123 141 166 199 207 237 250 263 295
118 127 151 175 183 218 220 247 264 291
111 122 145 175 184 210 224 250 278 285
120 121 146 165 181 211 229 253 271 284
116 140 153 171 181 207 229 248 275 294
107 124 140 168 182 211 232 249 270 291
106 126 141 168 188 210 229 248 275 299
120 123 141 177 199 220 236 245 262 281
100 140 157 161 195 220 239 246 264 284
109 135 152 165 199 214 222 251 273 296
108 139 147 168 191 217 226 240 273 280
102 131 149 173 196 212 235 240 276 296
107 140 151 163 191 202 239 255 276 289
104 127 148 171 190 200 240 256 268 296
115 137 151 173 180 202 238 242 280 287
101 135 155 179 198 218 237 256 264 291
110 129 142 168 186 208 226 255 279 280
112 135 159 168 182 205 222 244 275 297
104 128 160 167 200 220 235 249 270 281
118 135 158 174 187 216 225 260 279 297
103 132 157 166 181 201 224 260 278 293
100 131 152 177 193 201 238 252 264 285
111 130 155 161 191 213 240 252 270 289
104 135 152 170 185 208 232 258 274 292
100 140 152 163 198 211 233 244 262 290
105 132 156 160 199 213 222 243 263 281
107 125 149 164 189 211 223 248 261 291
120 121 160 163 195 214 237 250 278 280
111 133 151 177 191 200 221 257 267 283
112 137 150 169 188 208 232 243 262 288
103 124 160 173 187 211 220 242 262 293
112 135 158 176 184 205 236 254 276 297
109 123 158 165 194 211 239 257 262 280
118 136 158 179 195 212 226 244 276 291
113 133 148 164 199 208 231 248 270 290
108 139 160 163 196 214 238 242 265 282
108 132 152 161 198 213 238 246 264 287
102 138 143 179 187 208 228 248 260 299
103 130 153 176 184 212 237 250 270 283
102 121 160 168 198 210 240 251 268 291
104 120 156 180 183 220 240 243 277 281
117 134 153 161 195 205 224 256 265 287
117 136 160 179 180 202 235 246 268 281
101 126 150 178 199 217 237 245 279 292
115 138 142 168 185 216 237 258 274 280
120 138 160 178 182 217 223 257 265 284
120 138 141 179 200 211 235 256 268 289
120 137 140 170 184 208 238 246 275 292
120 129 145 173 200 214 235 242 280 285
106 127 145 165 198 205 234 254 278 283
120 134 140 166 200 200 231 240 261 286
100 140 149 172 192 220 234 240 262 281
111 129 146 163 199 211 230 258 262 281
114 133 158 172 181 206 231 248 265 283
119 139 140 167 198 217 228 252 262 289
106 138 151 169 198 209 234 255 261 292
114 131 142 176 180 205 223 258 272 284
108 129 158 167 186 220 236 240 276 283
110 131 140 177 180 214 229 244 276 298
113 122 155 164 180 204 221 247 267 282
101 128 140 168 196 219 235 260 275 292
109 138 153 166 180 203 221 240 275 294
104 137 148 171 189 219 225 255 280 297
120 138 142 178 197 214 232 244 265 298
115 138 146 174 192 218 226 243 273 284
101 120 148 162 181 215 222 252 264 297
107 140 141 168 181 207 229 246 275 292
101 130 146 164 194 205 232 244 268 293
116 120 151 176 181 217 221 251 266 299
120 129 155 173 185 204 236 256 277 291
100 134 154 168 187 219 229 242 260 292
112 130 143 163 191 207 220 259 267 290
106 123 154 163 195 215 224 243 271 281
103 137 150 168 192 209 235 255 267 287
102 120 148 162 197 215 221 253 271 281
107 138 152 180 184 200 220 248 270 299
111 134 147 176 193 204 233 258 266 300
102 128 152 167 189 203 224 242 266 285
100 127 154 178 196 204 240 241 279 300
111 132 144 169 185 209 237 260 265 287
108 126 152 167 190 211 232 256 261 285
100 120 148 178 180 206 227 242 272 285
117 140 152 166 197 204 227 249 263 293
116 126 146 172 196 214 223 249 263 297
104 139 150 174 200 214 227 260 278 288
112 123 152 174 191 215 230 257 267 294
111 137 154 177 196 202 228 243 273 300
100 134 155 180 193 211 227 247 280 294
116 121 144 171 197 208 222 257 270 292
114 126 160 179 195 217 237 247 270 282
106 139 154 173 180 215 229 247 278 289
119 126 141 167 194 209 222 253 270 291
101 128 159 164 189 204 235 244 265 291
110 140 156 167 197 204 236 256 269 294
120 130 150 161 198 211 232 255 277 289
117 123 158 163 197 210 237 243 269 296
118 121 153 176 195 211 228 241 271 288
104 136 147 168 182 213 232 246 275 283
116 135 142 160 190 211 239 250 275 295
114 137 151 166 181 203 223 243 262 294
114 120 155 161 188 210 223 249 263 298
106 127 156 169 187 203 229 248 266 300
105 140 140 161 189 212 235 258 271 297
114 130 155 169 181 218 240 241 276 291
106 136 148 177 186 219 230 255 266 299
102 126 147 164 185 216 232 250 275 280
111 126 151 177 189 216 226 257 273 290
108 122 144 160 199 219 237 244 274 280
104 125 160 161 195 201 224 259 261 289
100 122 149 167 193 212 229 241 270 287
113 121 156 161 194 209 230 247 269 298
116 131 159 179 193 212 225 255 280 282
109 139 154 163 199 216 220 245 266 285
101 126 159 171 180 203 226 240 261 288
103 139 147 180 188 207 237 250 277 289
118 127 158 173 199 210 238 250 272 298
116 137 151 172 195 210 223 251 280 281
120 125 142 161 185 202 237 251 279 291
103 134 152 176 183 205 232 251 264 295
104 134 141 174 186 200 221 244 280 281
115 121 142 165 195 205 235 248 261 284
117 132 160 176 200 213 239 258 263 281
119 125 159 167 194 219 229 243 262 289
114 129 154 173 180 205 226 250 272 286
100 135 144 179 187 216 227 240 261 292
115 122 141 178 194 216 225 246 267 299
116 125 145 165 186 216 239 240 261 292
111 121 140 172 199 213 237 257 265 298
107 128 141 172 182 216 238 243 280 297
112 132 143 178 186 217 225 247 271 287
107 137 152 180 199 208 240 260 266 297
108 120 158 164 195 217 237 243 274 298
118 139 154 169 198 220 225 257 265 281
105 120 142 163 187 209 227 252 261 299
109 121 149 173 182 203 230 251 270 294
108 140 156 164 182 211 225 248 273 284
111 128 142 163 196 204 236 241 275 287
100 132 140 178 189 211 235 260 261 280
102 128 143 176 194 218 238 241 273 293
111 125 155 164 195 211 240 243 278 300
102 127 156 176 193 214 237 255 268 287
101 123 156 170 191 209 238 244 272 291
103 140 151 160 191 218 237 248 265 283
109 132 148 173 181 206 229 241 263 290
118 127 150 173 188 214 232 252 260 298
117 139 147 161 182 214 233 249 261 280
109 132 151 175 199 201 232 250 273 281
108 131 155 172 182 218 238 252 276 296
111 130 157 170 186 219 234 259 267 281
101 123 144 162 193 209 237 252 263 289
106 139 147 167 197 207 237 246 264 294
103 127 160 172 180 200 227 248 274 281
102 123 153 178 194 210 237 240 279 296
110 128 159 170 193 210 238 255 267 292
102 129 155 168 200 219 228 252 261 290
106 131 149 166 192 214 228 244 276 287
111 129 140 176 188 213 236 244 269 295
120 128 147 164 182 201 229 255 266 299
115 140 140 180 193 217 232 246 262 299
106 130 156 165 183 201 240 260 274 299
106 138 145 170 191 220 236 242 273 297
101 123 151 178 200 205 238 249 275 280
114 130 151 164 200 206 220 241 262 296
112 129 143 173 188 211 225 240 261 283
119 139 148 180 190 203 229 258 270 294
117 126 144 176 195 200 229 243 268 289
109 133 155 160 195 206 222 257 263 288
117 136 146 163 194 217 234 251 272 292
100 120 158 165 191 220 233 246 278 291
114 129 146 171 186 202 239 253 264 285
118 140 146 161 193 203 227 257 278 293
111 137 160 167 198 207 223 248 272 285
104 122 160 173 180 216 228 258 279 283
114 129 148 171 184 216 221 260 277 299
113 123 155 165 192 213 231 253 263 286
113 129 145 169 195 204 234 257 265 296
117 136 143 178 185 211 226 254 278 285
108 131 155 179 189 201 233 255 279 286
113 125 152 160 185 203 221 257 264 281
100 135 149 168 183 210 228 243 269 293
112 121 140 165 197 200 235 242 275 300
104 120 147 165 195 200 223 252 271 285
102 134 143 171 180 211 224 244 261 298
107 121 144 160 185 220 223 256 267 292
113 124 140 167 196 218 238 258 280 299
100 128 151 163 185 211 238 244 274 290
101 139 140 179 188 200 239 250 274 291
107 124 156 177 196 207 240 260 264 291
103 126 151 166 184 220 223 257 265 300
116 132 153 161 197 212 222 250 264 297
120 131 142 168 197 203 230 260 276 284
100 132 158 176 185 211 231 251 269 293
108 139 142 175 182 217 230 247 265 294
120 123 145 176 196 219 227 253 270 300
108 135 147 173 194 214 233 255 278 288
107 131 143 175 195 206 233 251 266 293
116 127 155 164 189 202 223 250 261 290
107 129 157 174 183 203 237 250 278 294
106 138 152 165 181 217 232 240 276 298
102 123 143 171 191 210 222 260 280 294
106 124 142 177 189 207 233 244 262 282
116 131 152 162 190 214 228 240 274 288
110 139 147 177 183 216 237 255 276 293
109 138 160 176 193 207 231 242 263 298
101 135 147 169 198 218 229 251 279 289
112 138 158 172 199 216 233 243 274 280
112 137 156 167 185 210 236 256 263 283
120 133 160 165 187 212 236 258 265 296
111 136 150 180 196 216 235 240 265 285
116 124 149 172 199 215 227 257 276 295
103 131 158 169 183 212 225 240 274 287
109 124 155 168 193 206 225 244 274 283
102 129 140 168 197 208 234 253 270 298
117 140 157 179 187 206 234 256 279 289
101 125 156 176 186 205 223 256 278 297
102 125 149 162 184 204 237 255 270 283
120 122 153 163 199 202 231 250 278 298
116 129 146 174 181 210 224 253 268 298
115 120 146 166 190 214 235 253 275 281
105 130 141 161 184 205 236 259 263 290
106 126 158 177 183 212 230 247 271 290
103 126 154 165 200 217 222 260 265 280
118 120 148 175 180 204 226 252 274 290
104 132 160 166 200 215 225 250 279 293
101 122 159 175 188 202 224 244 271 296
116 135 148 167 188 211 229 260 273 297
112 137 141 162 196 201 227 257 260 296
103 121 160 176 186 208 240 251 279 296
100 138 153 176 190 220 233 249 267 282
110 128 159 170 196 216 235 249 279 294
103 120 145 161 180 200 237 251 276 289
107 129 156 170 200 216 235 256 265 295
111 137 145 166 185 205 225 249 270 284
117 132 148 166 195 205 238 258 275 284
113 125 140 168 191 209 239 240 267 280
116 138 158 178 180 214 233 243 261 287
119 130 153 167 197 200 239 240 268 293
102 124 152 178 197 218 220 246 264 280
109 137 144 174 185 218 229 255 276 289
104 120 151 171 199 211 224 260 260 293
113 130 142 180 200 210 225 255 261 292
118 130 149 163 194 209 226 258 280 293
113 137 143 179 183 218 228 257 276 300
105 134 149 180 192 210 237 260 263 290
115 138 160 175 187 215 225 246 268 290
119 129 149 160 185 215 237 246 279 288
106 140 147 167 194 204 224 240 279 285
108 128 142 166 183 208 223 260 276 286
108 121 156 174 195 214 226 249 263 300
120 131 154 162 199 210 229 240 279 285
115 139 140 160 197 217 228 252 280 292
111 132 155 180 182 208 235 258 278 296
119 123 147 170 190 220 234 257 260 292
114 129 154 176 184 207 227 256 265 290
116 129 156 170 189 200 220 246 262 282
117 120 142 168 186 219 234 256 265 295
111 123 148 161 192 204 226 244 273 289
103 128 146 169 193 211 233 245 276 295
103 124 145 167 199 201 233 257 267 280
110 137 151 166 197 210 229 252 261 295
102 123 143 160 188 218 229 244 264 297
100 126 155 167 181 204 224 245 264 284
101 130 141 161 199 217 220 240 275 285
107 139 158 162 194 209 223 248 264 287
105 135 142 161 193 201 225 259 268 294
106 130 153 172 187 201 229 249 272 280
113 125 155 164 185 213 232 243 279 282
115 126 145 176 193 217 232 259 274 298
106 125 140 176 193 207 224 249 268 293
114 130 143 165 186 210 227 246 276 288
116 130 145 178 199 214 220 253 270 296
101 124 147 169 198 201 229 244 263 287
107 123 143 170 184 203 240 247 265 293
120 122 146 169 182 211 233 254 276 300
117 125 149 166 188 204 230 243 266 284
110 131 159 168 200 218 235 251 265 297
119 130 158 171 195 217 227 249 260 288
119 136 149 176 184 206 232 260 264 296
101 127 154 161 190 212 232 260 277 297
117 136 157 180 190 216 239 241 262 293
104 131 157 165 199 217 222 260 272 281
118 130 144 168 198 206 229 244 270 294
101 139 156 179 192 209 222 247 277 291
110 134 159 163 193 213 227 255 264 298
101 127 140 177 189 203 222 246 267 286
120 128 153 176 200 219 240 257 277 291
120 140 152 172 194 207 224 241 269 290
117 130 152 172 186 211 226 258 269 297
119 130 156 172 183 216 231 258 270 282
119 129 146 179 189 218 235 249 272 297
103 128 149 179 187 200 220 242 260 282
108 128 153 165 186 211 228 252 269 287
109 138 144 172 187 204 239 250 278 291
103 139 140 177 188 216 232 250 261 295
107 135 144 165 195 220 235 260 264 296
110 139 159 175 196 206 232 243 264 288
112 120 147 170 193 214 229 250 273 291
109 137 145 175 192 214 237 257 274 298
114 120 144 161 197 200 236 242 269 296
113 129 144 174 186 211 233 249 272 292
110 138 140 167 192 201 220 257 275 288
120 129 153 180 181 212 225 252 268 292
109 139 152 168 188 215 222 255 267 282
102 136 152 162 192 204 221 246 269 294
100 123 148 167 197 210 233 255 265 282
117 139 146 170 183 219 225 241 278 281
113 138 156 170 187 220 235 248 263 283
117 136 153 169 186 205 239 248 274 287
109 123 151 167 196 219 224 256 262 285
115 124 145 168 196 212 234 247 280 286
117 127 147 176 185 208 235 248 276 284
118 140 143 177 193 212 231 253 262 281
120 138 150 176 196 215 226 258 269 289
103 123 145 173 180 214 220 240 271 299
113 127 157 165 181 210 223 253 265 285
106 128 140 172 195 217 239 248 266 297
100 140 156 177 194 216 220 241 278 300
116 137 142 173 183 202 224 250 271 281
117 129 140 180 183 204 238 258 261 283
104 135 145 173 185 214 226 242 265 287
109 131 154 177 197 202 228 253 271 293
101 140 146 168 184 216 234 254 278 283
111 132 152 166 186 207 231 256 272 287
111 139 153 164 195 206 222 260 274 300
115 140 144 179 200 218 221 247 268 299
105 138 160 171 191 215 229 251 265 282
116 132 148 177 181 210 226 259 269 299
107 136 143 175 187 201 220 245 265 286
120 132 146 161 194 217 228 251 277 289
109 124 146 172 192 218 224 243 260 281
117 120 152 176 187 208 240 249 271 290
119 131 148 170 196 200 229 258 260 287
110 140 147 175 190 220 223 256 261 282
105 139 146 169 187 204 229 259 278 300
108 125 147 172 184 202 236 244 262 298
116 125 152 173 189 206 226 253 262 286
114 138 147 172 184 218 226 240 269 294
116 122 140 165 192 201 220 241 265 286
114 122 154 169 199 216 222 241 264 287
103 135 158 167 200 207 240 246 264 281
114 138 147 176 186 205 229 256 271 282
108 133 155 170 193 220 234 251 267 292
118 122 158 168 184 200 220 247 270 293
117 136 152 169 183 210 232 259 279 282
111 125 151 180 184 205 232 251 275 284
119 121 146 162 186 220 239 240 268 285
105 124 158 163 185 208 223 254 268 289
115 131 143 176 181 205 225 240 278 282
110 134 146 173 189 219 240 240 266 292
111 121 144 170 184 219 225 247 266 296
111 139 141 174 186 220 221 257 269 280
102 136 154 167 184 214 224 245 263 281
113 128 151 170 187 202 229 257 263 290
116 126 141 169 189 217 220 243 269 284
111 132 145 179 184 210 224 254 267 289
112 129 144 161 197 205 238 241 274 289
118 137 155 176 190 204 234 255 269 291
111 128 144 164 195 206 234 256 263 292
111 122 154 166 199 212 227 249 276 300
107 132 148 172 183 215 234 246 274 289
110 128 146 171 193 218 221 249 279 292
105 124 149 176 200 200 227 241 260 284
119 127 143 171 183 205 232 253 270 298
104 121 148 178 198 202 239 255 267 281
111 137 147 173 183 209 236 260 275 280
101 130 158 169 187 207 230 260 266 281
107 131 153 172 187 208 229 240 260 296
109 127 141 169 183 201 231 254 270 280
107 139 157 165 187 202 228 240 279 287
104 123 156 170 185 207 220 251 260 286
107 140 144 161 196 203 226 248 267 285
101 124 151 179 189 219 231 257 275 295
119 124 158 178 193 219 221 247 275 291
107 138 141 161 186 219 238 252 260 291
103 126 154 176 186 216 230 240 277 284
112 134 153 161 189 206 224 241 263 288
102 127 144 179 184 214 223 257 266 293
102 137 144 177 199 203 228 249 264 295
109 138 144 175 188 213 220 252 277 293
119 131 146 167 180 213 221 256 261 290
108 135 160 177 199 218 238 241 276 284
113 129 143 168 181 207 221 258 264 299
113 129 159 168 182 202 230 241 261 300
117 122 156 176 197 210 224 254 278 281
119 121 144 170 193 201 229 258 280 298
100 122 149 168 192 207 236 248 269 296
100 139 150 160 199 217 228 259 265 288
119 129 160 171 189 208 227 247 264 285
102 128 143 172 196 212 223 258 276 295
108 122 151 162 198 208 223 241 273 286
120 122 154 163 198 218 223 257 265 297
105 126 148 176 192 207 239 243 267 289
102 125 158 174 183 209 221 244 270 280
104 135 153 176 182 213 232 243 272 289
107 140 159 176 189 212 221 251 271 297
116 133 140 179 184 208 229 252 273 297
114 139 144 174 196 201 222 247 260 294
120 120 159 173 190 210 221 241 267 299
110 133 151 164 190 205 234 255 276 296
105 123 153 170 188 205 234 240 263 283
103 134 144 167 187 200 222 243 272 296
109 125 160 178 180 211 222 249 268 293
113 140 153 177 188 214 221 253 269 286
108 122 142 176 186 214 223 259 260 280
110 127 147 179 182 201 235 251 278 284
116 137 155 174 186 202 238 245 268 300
112 123 154 169 199 212 233 245 273 287
114 134 160 171 184 209 226 245 273 291
102 127 140 177 183 208 225 245 275 281
101 136 154 161 187 206 233 249 272 296
119 132 157 161 181 217 237 244 262 293
109 125 152 172 184 217 230 245 268 293
100 140 147 178 182 214 220 243 279 296
106 139 153 180 191 200 221 253 277 292
112 135 160 174 190 217 234 259 278 293
117 126 155 173 185 218 222 258 263 292
100 124 158 171 187 216 235 245 277 285
116 130 151 164 200 214 234 255 274 294
108 137 157 164 190 208 220 255 271 284
110 130 154 178 182 219 225 253 276 291
110 140 143 173 189 213 225 242 260 291
115 135 145 163 197 214 224 260 263 283
104 128 159 175 194 208 220 249 271 282
116 136 143 178 197 215 231 259 280 280
105 134 149 176 187 206 223 248 276 290
102 122 157 169 181 220 238 257 271 290
120 127 143 180 189 212 224 250 280 299
102 125 142 178 186 215 231 240 263 292
115 130 150 169 186 214 233 240 269 282
100 130 149 178 182 216 232 246 264 291
111 140 160 170 183 206 237 243 278 289
113 139 159 169 191 220 223 252 261 293
118 125 145 172 198 214 230 259 273 283
115 138 148 172 183 213 221 253 269 283
109 133 152 180 190 215 237 242 270 296
106 139 152 172 190 209 227 242 280 300
108 139 150 167 198 204 237 244 273 287
116 137 150 165 182 216 220 245 268 293
109 134 140 178 185 205 239 240 267 283
120 121 146 168 189 209 223 244 264 293
114 139 145 167 190 205 237 240 274 283
100 140 145 177 186 200 222 258 271 280
102 121 159 180 184 217 222 242 267 294
101 133 150 167 199 209 233 257 264 290
110 127 156 167 198 208 226 257 278 295
116 132 145 172 200 216 233 254 270 299
100 121 147 180 180 217 224 254 267 283
115 125 146 178 184 208 237 251 271 286
114 121 156 165 185 208 227 241 280 300
103 121 149 170 200 220 223 260 264 283
105 131 150 177 195 208 225 245 271 283
106 133 155 163 194 219 231 249 261 289
118 131 149 166 186 206 233 243 272 297
106 138 144 166 196 212 240 256 270 290
102 135 155 161 183 210 229 257 263 292
115 126 142 167 195 203 224 246 273 289
105 123 159 176 189 206 226 245 272 294
100 138 157 173 198 207 237 251 270 286
103 139 146 179 197 210 231 241 280 287
106 129 148 161 184 202 236 249 272 299
112 123 154 161 197 205 233 260 280 286
110 123 143 178 185 213 222 242 260 298
115 133 149 172 189 218 231 251 263 294
103 132 141 176 188 200 223 240 278 298
111 124 154 179 189 202 222 242 276 297
103 127 147 175 196 218 220 243 275 281
117 120 159 168 189 208 220 254 264 289
115 139 157 162 182 205 240 246 266 296
102 129 150 167 186 219 235 240 260 296
104 129 148 166 188 201 230 243 278 294
112 120 153 165 194 215 240 254 263 287
118 135 140 161 186 209 223 240 260 297
101 131 149 180 193 205 238 255 261 294
105 124 146 167 194 200 222 253 272 283
107 136 145 176 196 212 233 244 264 299
114 137 141 171 194 214 234 244 269 294
2531 2815 3382 3927 4254 4407 5083 5607 5803 6349
2717 2991 3584 3653 4246 4634 5068 5798 6186 6734
2582 3227 3947 4369 4617 5188 5957 6280 6528 7347
2668 3288 3573 3883 4621 4788 5598 6170 6670 6718
4369 5390 6288 6615 8044 8289 9391 10085 11269 11514
2085 2477 2834 3101 3333 3707 4081 4366 4740 5168
2067 2459 2655 2869 3350 3867 4152 4295 4883 5328
2383 3264 3336 4217 4598 5218 5694 5718 6266 7123
2844 3702 4024 4292 5097 5365 6304 6947 7350 7913
4110 4703 4912 5678 6862 7106 7907 8499 9614 9857
4752 5380 6904 8025 8473 9639 9908 11073 12418 12687
1921 2599 2749 3182 3578 3898 4482 4651 5178 5272
1869 2059 2233 2850 3040 3183 3578 3895 4243 4481
1784 2141 2765 2908 3318 3746 4174 4353 4656 5298
2307 2764 3563 3837 4134 5025 5093 5892 5984 6440
1171 1355 1691 1799 2049 2179 2515 2645 2818 3154
1869 2205 2441 2845 3350 3417 3753 4326 4528 4746
5132 6676 6975 8968 9367 10114 11858 12904 13601 14648
5630 6925 6975 8868 9366 10163 11857 12555 13551 14597
3867 4457 5709 6335 6961 7992 8360 9060 9649 11049
2488 3195 3241 3971 4359 4747 5295 5569 6299 6733
4685 6184 6652 7495 8620 9369 10493 11899 13023 13304
5740 6457 7413 7892 9231 9566 11000 11479 12483 14348
5133 6130 7127 8273 9419 10814 11014 12160 13854 14751
1289 1573 1714 1998 2317 2459 2766 3015 3145 3523
1601 1823 2341 2653 2860 3008 3527 3749 4134 4268
2977 3728 4173 4479 5091 5814 6565 7233 7789 8346
1277 1501 1880 2069 2234 2577 2707 2967 3144 3487
3483 3884 4746 5548 5917 6565 6780 8013 8260 8999
3761 4806 4945 6233 6895 7104 7835 8741 9298 10377
2203 2505 2844 3126 3502 3823 4218 4576 5103 5630
4025 4735 5344 5716 6088 6934 7542 8692 9301 9673
1885 2356 2676 3185 3429 4032 4334 4598 4974 5521
1085 1453 1551 1768 2017 2212 2462 2635 2863 3178
5978 5978 7772 8569 9366 10811 11408 12604 13849 14348
5360 6185 6872 7880 8475 9712 10720 11911 12644 13652
2645 3313 3718 4004 4409 5028 5386 6100 6196 6720
5845 6607 7929 8590 9911 10368 11791 12859 13672 14383
3757 4457 5856 6261 6814 8103 8471 8986 10091 10644
4498 5141 6469 7325 7968 9339 9895 10495 11352 12123
3620 5017 5447 5842 6451 7526 8207 9318 9318 10034
4124 5045 5560 6370 6702 7953 8616 9573 9610 10641
2446 2752 3341 3538 4214 4367 5088 5350 5917 6201
1419 1573 1880 2010 2246 2507 2802 2932 3086 3310
1837 2074 2264 2628 2945 3341 3531 3974 4148 4734
2307 2992 3335 3655 4203 4797 5482 5505 6121 6532
2013 2174 2833 3118 3456 3670 4169 4632 4935 5184
2836 2884 3622 3980 4766 4861 5719 5743 6434 6696
2533 2838 3275 3908 4148 4497 4825 5502 5720 6178
5845 7116 7166 8488 9758 10826 12198 12655 13468 14485
1084 1430 1636 1863 2048 2199 2503 2600 2979 3163
2814 3614 4078 4620 4698 5575 5833 6530 7175 7743
2043 2717 2836 3174 3888 4363 4363 4919 5256 5791
3177 3763 4626 5181 5860 6260 7155 7864 8234 8666
3416 4270 4697 5584 5978 6569 7390 8375 8539 9525
5086 6232 6552 8202 9026 9530 10538 11363 12692 13333
4899 5389 5838 7063 7553 8574 9104 10207 11064 12044
1360 1694 1873 2220 2310 2733 2977 3336 3336 3721
1920 2635 2654 3275 3745 4028 4404 4667 5044 5589
3682 5155 5412 6554 7253 7953 8689 9388 9646 10751
4125 5432 5922 6821 7923 8413 9108 10333 10619 11640
3046 3537 3795 4182 5163 5498 6118 6531 7124 7537
4502 5145 5712 6317 6885 7792 8889 9343 10138 10932
4977 5380 6456 7443 8160 9550 10536 10939 12150 13360
2573 3336 3431 4003 4670 5003 5551 5908 6623 6718
4429 6007 6226 7191 7936 8857 9953 11181 11444 12409
3788 4565 4802 5614 6730 7406 8048 8488 8928 10145
2293 2664 3363 3756 4040 4564 4848 5415 5896 6354
2558 3055 3725 4470 4793 5215 5712 6059 6631 7053
1750 2016 2179 2565 2832 3173 3306 3795 3958 4151
3391 4285 4624 5210 6011 6166 7399 7584 8015 8940
2979 3153 3922 4245 4468 5039 5957 6379 6652 7198
1399 1605 1990 2067 2503 2670 2824 3080 3517 3773
1903 2317 2675 3146 3768 3956 4314 4653 5162 5293
2139 2228 2513 3065 3528 3867 4277 4383 4971 5025
4193 4479 5196 5733 6916 7346 8098 9030 9854 10427
2376 2741 3289 3997 4271 4820 5299 5733 5939 6441
5166 5835 7605 8274 9039 9996 11191 11861 12961 13774
4558 5653 6661 7888 8676 9202 9860 10867 12270 12752
3182 4137 4932 5696 6141 6841 7509 7859 8909 9100
5518 6836 7129 8008 8985 9864 10987 11719 13623 14649
1561 1782 2155 2431 2679 2804 3177 3591 3867 4129
5378 6095 7081 7305 8201 9859 10263 11607 12055 13041
2335 2684 3251 3928 4320 4364 5193 5586 6022 6393
1903 2257 2509 2795 3082 3536 3772 4159 4429 4765
2817 3257 3825 4239 4807 5427 5737 6280 6900 7340
3693 3852 5062 5190 5890 6845 7004 7768 8405 9233
1779 1898 2120 2491 2876 3217 3484 3751 3943 4166
4816 5428 6449 6734 8040 8571 9550 10448 11183 11754
5133 5591 6553 8203 8569 9761 10677 11273 12831 13426
3372 3920 4467 4842 5562 6052 6744 7406 7810 8069
3330 3731 4440 5365 5797 6352 6784 8017 8449 8788
3298 4315 4931 5301 6133 6225 7088 7797 8259 8937
1630 2215 2389 2658 3133 3323 3576 4035 4114 4731
4282 5823 6508 7065 8478 9377 10276 11047 11133 12631
2904 3400 3797 4318 4938 5236 5807 6204 6551 7246
5011 6228 6556 8008 8804 10115 10443 12081 12409 13954
5237 6254 7575 9050 9202 10931 11287 12761 13218 14591
1985 2321 2372 2775 3263 3650 4036 4322 4574 4709
2168 2262 2677 3167 3581 3788 4165 4655 4900 5409
4933 6837 7618 8204 8888 10304 10939 11818 12941 14357
5643 6762 7321 8795 9609 10168 11286 12507 13320 14743
2533 3178 3749 4469 4494 5289 5934 6108 6629 7126
3175 4254 4839 5456 5548 6535 7398 7459 8384 8877
5127 5302 6442 7888 8370 8939 10473 11086 11744 13014
5063 6183 7079 8020 8692 9588 10753 11604 12545 12813
3721 4195 5379 5447 6766 6867 7882 8356 9167 9776
3344 3978 4093 4900 5649 6081 6802 7378 7753 8070
5420 5957 7275 8740 9717 10742 10791 11914 12793 14258
2420 2740 3630 3676 4429 4680 5228 5890 6164 6575
1709 2041 2436 2689 3069 3259 3765 4097 4318 4603
3908 4170 4630 5681 6337 6600 7684 8012 8537 9424
3344 3488 4612 5131 5477 5852 6399 7120 7668 8619
3237 4069 4531 5240 6165 6751 7182 7675 8353 8662
4234 4860 5633 6627 7327 7879 8210 8873 10161 10714
3607 3731 4471 5488 5642 6474 7307 7769 8139 8817
4183 4980 6295 6574 7251 7968 9322 9761 10438 11713
3279 3852 4871 5603 6208 6463 7258 7704 8786 9041
1907 2460 2745 2923 3475 3582 4277 4526 4883 5132
2817 3730 3917 4508 5071 5903 6198 6600 7110 7593
4630 6372 6601 7380 8939 9351 10406 11002 12514 13064
3247 4011 4680 5475 6303 6462 7481 7894 8372 9327
4558 5479 6136 7889 8503 8853 10519 11001 11571 13017
3216 4107 4616 5571 5953 6527 7354 7736 8691 9201
3566 4076 4458 5381 5986 6464 7228 7833 8660 9042
4310 4457 5636 6262 6925 7514 8435 8988 9724 10756
1984 2638 2817 3432 3908 4265 4384 5117 5177 5554
5323 6300 6837 8692 8985 10450 10841 12501 13233 13917
4823 5349 6226 7234 8198 9382 10127 10566 11574 12758
5810 6542 7421 8447 9032 10399 11327 11913 13524 13719
2574 2884 3766 4028 4695 4862 5291 6148 6315 6863
5644 6304 7931 8389 9609 10575 11287 12557 13371 14438
3372 3804 4467 4812 5619 6282 6541 7434 7924 8212
2706 2979 3674 4344 4890 5188 5610 6429 6826 7298
4103 4860 5856 6732 7608 8046 9440 10197 10436 11830
5744 6202 7625 8133 9912 10878 11538 13012 14029 14232
3857 4263 4906 5414 6429 7342 7748 8323 8932 9913
2260 2419 3152 3351 3826 4045 4580 5056 5155 5868
3056 3950 4065 4641 5477 6111 6746 7236 7783 8590
3031 3755 4238 4748 4989 5418 6437 6598 7054 7671
1213 1418 1700 1754 2111 2295 2479 2598 2912 3236
5290 5380 6904 7890 8832 8966 10042 10759 11880 13404
1298 1396 1644 1828 2142 2261 2434 2737 2910 3245
3756 4824 5487 6334 6960 8028 8764 9169 9648 10863
4676 5730 7334 7564 8297 9855 10176 11918 11964 12881
3534 4011 4552 5730 6048 6939 7258 7640 8563 9008
2905 3277 3749 3997 4717 5114 5958 6131 6876 7124
1235 1365 1625 1755 2080 2178 2394 2654 3033 3163
5478 5947 7351 7632 8569 9599 11191 11752 13017 13625
2558 3377 3476 4047 4966 5289 5636 6257 6580 7300
1506 1893 2142 2335 2708 2846 3067 3496 3855 4145
2951 3535 4064 4537 5345 6068 6291 6709 7321 8239
4302 5537 5577 6692 7728 8006 9241 9759 11153 11153
4310 4659 5668 6833 7648 7842 9085 9977 10676 11336
1325 1609 1692 1929 2177 2544 2733 2899 3135 3490
5690 6216 7412 7842 9229 10281 11333 12193 12480 14154
1985 2288 2490 2944 3062 3482 3970 4138 4525 4962
3258 3460 4353 4901 5276 6227 6688 7236 7639 8590
5233 5980 7973 8671 9368 9966 11760 12358 13703 14202
4695 5063 5920 6859 7921 8370 9676 10207 11105 11840
2718 3338 3338 3862 4482 4768 5245 5746 6389 7009
2783 3590 4035 4703 5454 5760 6623 7207 7791 7791
3139 3729 3971 4829 5285 5446 6197 6519 6975 7592
3375 4425 4457 5412 6112 6590 7004 7704 8500 9487
1632 1902 2519 2583 2900 3216 3565 4040 4167 4516
3857 4263 5245 5583 6192 6936 7782 8222 9372 9541
2185 2336 2731 3070 3578 3993 4200 4765 5198 5348
3171 3477 4312 4896 5535 6008 6592 6787 7454 8205
3089 3646 3924 4981 5092 5593 6678 7012 7680 7958
1800 2406 2744 2976 3368 3653 4259 4491 4936 5328
1891 2194 2622 2925 3514 3799 3924 4530 4673 5279
3519 4085 4443 5338 5368 6530 7007 7335 7842 8767
4463 5031 5863 6052 7111 8321 8699 9078 10477 10893
3957 4566 4769 5749 6662 7440 7846 8488 9435 9503
3329 4099 4747 5455 5887 6318 6996 7952 8383 8969
2815 3538 3847 4519 4699 5655 5861 6377 7100 7694
2340 2657 2776 3450 3747 4025 4640 5036 5373 5611
4518 5062 6150 6777 7572 9204 9497 10668 11128 12299
5501 5836 7366 8419 9232 9758 11049 11575 12915 13441
3459 3517 4382 4757 5362 6140 6803 7236 7812 8187
2882 3833 4295 5159 5591 6312 6427 7148 7955 8445
1785 2177 2730 2944 3212 3747 3979 4354 4907 5121
3638 4254 4686 4963 5611 6381 7121 7737 8323 8970
2432 3337 3647 3909 4648 4815 5554 5769 6198 6793
1720 1883 2253 2579 2920 3113 3483 3557 4031 4313
3788 4329 5378 5851 6088 7339 7880 8185 9267 9977
3374 3489 4613 4613 5190 5997 6862 7150 7756 8303
3935 5221 5410 6167 7226 7832 8588 9345 10442 10934
4389 4880 5826 6242 7453 7718 8928 9117 9874 10857
4620 4891 5512 6949 7376 8230 8967 9976 10636 11296
2033 2504 2956 3294 3539 4123 4330 4518 5195 5290
2985 4089 4209 4865 5760 6089 6805 7253 7939 8357
4194 4738 6175 6291 7650 8349 8970 9398 10446 10912
2784 3647 3898 4761 5122 5568 6292 6960 7767 8101
5859 6201 7568 8496 8886 10693 11083 11718 13036 14306
3668 4285 4531 5363 6011 6288 7274 7706 8107 8661
1289 1620 1726 2081 2175 2459 2719 3015 3251 3452
3417 4161 5311 6055 6528 6833 7949 8321 9471 9742
2556 3172 3469 3994 4245 4952 5135 5614 6162 6686
3285 3536 4399 4482 5067 5596 6375 6988 7322 7850
5432 5760 7305 7774 8429 9553 11239 11567 12456 13955
2711 3355 3892 4402 5100 5851 6281 6468 7247 7542
4583 6186 7011 7423 8706 9944 10631 11822 12097 13747
4934 6692 6936 7913 9379 9867 10991 11870 12700 14117
4504 5086 6057 6290 7648 7804 8813 10017 10676 11065
2830 3029 3649 4096 4717 5188 5958 6430 6901 6976
1493 1893 2045 2322 2695 2902 3302 3482 3814 4007
1678 1930 2108 2509 2761 3013 3355 3562 3948 4245
4060 4229 5108 5886 6360 6867 7814 8220 9404 9675
1937 2223 2408 2728 3250 3368 3923 4260 4428 4715
5197 6181 6930 7585 9037 9645 11190 11939 13063 13578
1543 1899 2181 2670 2744 2967 3382 3634 4035 4391
4195 4661 5477 6564 7419 7807 8700 10060 10215 11380
4052 4973 5562 6115 7109 7441 8583 8951 9835 10351
1601 1987 2105 2372 2861 3158 3543 3736 4091 4299
2102 2736 2875 3430 3827 4005 4758 4957 5274 5730
3970 4353 4980 6129 6582 7313 8114 8672 9438 10204
3269 3731 4718 4995 5828 6198 6814 7955 8633 9034
2978 3423 4453 4842 5149 5816 6178 7041 7709 7904
4165 5675 6369 7145 7757 8165 9145 10452 11350 11472
2336 2882 3166 3515 4366 4694 4890 5371 5742 6462
5271 5637 7241 7837 8570 9853 10174 11732 12145 13015
2502 3074 3574 4241 4694 5075 5313 5933 6552 6766
2101 2498 2854 3469 3825 4360 4757 5133 5173 5807
1618 1853 2089 2310 2600 2821 3084 3541 3596 4038
1773 2169 2311 2564 2976 3482 3546 3941 4131 4701
2669 2988 3558 4037 4379 4995 5246 5907 6181 6774
3014 4058 4297 4894 5371 6296 6803 7609 7848 8653
4049 4837 5231 6306 6879 7381 7918 8742 9638 10641
4038 4815 5863 6717 7727 8270 8891 10056 10134 11221
4089 4531 5305 5894 6705 7883 8657 9430 9578 10683
4964 6416 7024 7774 8804 9366 10958 11801 12924 13580
4412 5483 6811 6897 7839 8610 10024 10623 11309 12765
4541 4939 5656 6731 7409 8444 9440 9878 10874 11431
5419 6835 7616 7958 8983 10106 11375 12449 13621 14060
2509 3130 3751 4198 4744 4968 5713 6260 6458 7203
1646 1927 2328 2565 2802 3098 3439 3677 4077 4166
2805 2979 3574 4344 4716 5436 5957 6429 6627 7124
1332 1729 2049 2229 2562 2792 3074 3330 3458 3676
2631 3326 3922 4443 4741 5336 5709 6081 6652 7247
4643 5521 6358 7278 7864 8909 9495 10164 11168 12214
2904 3178 3773 4220 4493 5287 5734 6404 6479 7447
2573 3145 3717 3836 4360 5098 5718 5908 6337 7147
2378 2902 3491 3818 4211 4690 4930 5388 5890 6545
1361 1479 1798 1940 2212 2602 2780 2863 3146 3430
3795 4421 5343 6079 7185 7921 8400 8842 9837 10427
1573 2062 2122 2463 2908 3012 3412 3664 3887 4258
1778 1837 2192 2607 2725 3259 3496 3807 4088 4399
2220 2735 2933 3409 3885 4103 4697 5074 5371 5628
3653 4532 5378 5479 6257 7306 7712 8794 8828 10079
3200 3673 4173 4618 5481 6093 6482 6816 7623 7901
1104 1386 1667 1948 2165 2306 2522 2674 2814 3139
3788 4093 5378 5919 6122 7305 7982 8557 9233 9740
4977 5425 6546 7442 8428 9818 10401 10849 11836 13449
5084 6456 7473 8693 10065 11133 11539 12556 13522 14386
1632 1936 1950 2282 2738 2960 3167 3333 3665 3914
2626 3174 3242 3699 4179 5023 5046 5480 6393 6484
5021 5828 6904 7935 8473 9055 10221 10983 11835 13269
4777 5349 5798 6533 8166 8819 9064 9963 10657 12208
3761 4841 5189 5781 6965 7174 8253 8462 9750 9820
4879 6027 7462 7749 8993 9615 10667 12006 13202 14350
4712 5868 6467 7367 7752 9080 9465 10922 11735 12035
2555 2943 3605 4084 4540 4699 5407 5680 6091 6844
3133 3938 4326 5132 5788 6027 6593 7638 8234 8353
3483 4633 4876 5852 6792 7384 8115 8707 9265 10310
5931 6080 7376 8621 9219 10266 11562 12060 12957 14751
5078 6836 7422 8300 9765 10204 10839 12304 13183 13964
5286 6303 7777 8691 10064 10572 12198 12910 13469 14536
2601 2829 3627 3924 4426 4768 5338 5886 6273 6775
1192 1398 1539 1745 1972 2384 2384 2742 3023 3045
4421 5098 5655 6850 7527 8722 8801 9956 11111 11748
2227 2969 3296 3711 4147 4758 5151 5282 5806 6308
2619 3033 3317 3492 4212 4757 4801 5499 5783 6415
2489 2926 3253 3515 4061 4563 4825 5414 5982 6353
1137 1462 1548 1905 2046 2382 2522 2706 2955 3042
1882 2635 2955 3294 3425 4103 4498 4554 5232 5420
2420 2853 3196 3995 4337 4885 5181 5935 6163 6756
5179 6096 6783 7791 8433 9349 10449 11595 12512 13107
1850 2304 2607 2944 3297 3599 4037 4104 4423 4793
5407 6324 6690 7882 8798 9760 10723 11547 11914 13014
1899 2136 2263 2658 3006 3418 3750 3876 4130 4699
3089 3617 4424 4535 5453 6010 6399 6844 7679 7874
2923 3563 4119 4481 5288 5789 6151 7181 7570 8211
4155 5087 5786 6873 7533 7766 8931 9591 10406 11338
4935 5814 6232 7528 7779 8490 9201 10163 11543 12421
5431 6227 7257 8099 9270 10066 10300 12172 12219 13857
2713 3178 3927 4289 4909 5503 5838 6458 7208 7233
4123 4917 5560 6770 7110 8131 8888 9266 10590 10892
3431 3921 4094 4988 5449 5939 6429 6977 7813 8504
5322 6835 7031 8788 9716 10448 10936 11717 13475 14012
2898 3756 3997 4561 5231 5365 6385 6894 7055 7538
2609 3280 3848 4649 5010 5449 5707 6250 7231 7747
1838 2427 2641 2855 3283 3818 4068 4317 4817 5049
4727 5187 6023 7111 7738 8951 9746 10038 11670 12506
4038 4660 5941 6446 7571 7999 9008 9590 10716 11648
4340 5535 6211 6530 7525 8600 9197 10352 10551 11944
3644 4333 4661 5712 6237 6828 7517 8534 8567 9814
3239 3763 4596 5459 5737 6230 6909 7526 8327 8759
3753 4125 5410 6052 6424 7404 7979 8689 9196 10142
5595 6647 7030 8512 8655 10186 10998 12337 12816 13772
4733 5566 7012 7626 8152 9116 9861 11395 11526 12797
5432 5900 7211 7633 9131 9459 10582 11847 13064 13673
5172 5260 6311 7188 7889 9642 10212 10738 12184 13017
3099 3538 3926 4184 5062 5165 5966 6637 6792 7360
3762 4215 5434 6026 6618 7175 8220 8498 9160 10344
3483 4396 5309 6053 6087 7203 7812 8725 9266 10145
2557 3476 3823 4221 4717 5065 5909 6306 6579 7026
3834 4336 5124 6092 7131 7274 8457 9173 9711 10033
2249 2686 3210 3559 3996 4716 5196 5633 5917 6200
4350 5031 5334 6090 7074 8095 8549 9721 10440 11045
4180 5573 6290 7166 7962 8240 9435 10310 10470 11823
2445 2970 3244 3861 4135 4592 5208 5916 6008 6419
3315 3776 4237 4698 5419 6341 6860 7264 7898 8071
5011 6462 7165 7492 9365 9646 10489 11753 12456 13861
5155 5873 7038 7710 8786 9055 9907 10938 11924 13224
2635 3255 3874 4468 4856 5656 5915 6586 6818 7567
4048 4993 5750 6620 6960 8133 8322 9646 10478 10667
2626 2785 3402 3858 4452 4566 5433 5524 6278 6666
2731 3054 3650 4370 4767 5363 5511 6107 6753 7398
2315 2839 3341 3778 3996 4432 4847 5415 5983 6332
3461 3968 4326 4833 5579 6146 7160 7488 7757 8413
1647 1854 2255 2373 2907 3174 3485 3737 3901 4182
1484 1974 2122 2463 2715 3161 3413 3709 4006 4244
2283 3150 3355 4108 4291 4656 5455 5911 6026 6573
2423 2663 3165 3580 4322 4714 4867 5413 6089 6504
5103 6133 7070 8053 9364 10206 10581 11517 12875 13858
3519 3817 4622 5189 5815 6322 7008 7575 7783 8410
1736 1944 2196 2404 2745 2968 3546 3635 3932 4199
2003 2637 3133 3410 3807 4025 4600 4957 5393 5690
3820 4075 4648 5348 5762 6526 7481 7831 8500 9136
3553 4597 5537 5990 6930 7035 7836 8428 9751 10099
3668 3792 4470 5364 5610 6566 7398 7860 8076 8970
3519 3728 4384 5130 5636 6471 7008 7426 8022 8678
5225 5500 6921 8204 8983 9488 10267 11367 12100 12925
4476 5856 6483 7152 7989 9076 9411 10372 11125 11962
1584 2075 2392 2629 3009 3357 3532 3864 4387 4482
1584 2169 2439 2644 2929 3167 3673 3863 4323 4623
4925 5224 6809 7408 8478 9206 10148 10876 11176 12118
5291 6321 7444 8006 9083 9738 10581 12126 12501 13484
4310 5146 6318 6861 7698 9079 9372 10627 11129 12133
4103 5297 6293 6970 7408 8284 9200 9718 10833 11510
2978 3220 3998 4749 4937 5849 5983 6466 7325 7915
1631 2122 2471 2534 2851 3278 3627 3991 4292 4513
2319 2597 3072 3468 3845 4103 4479 4975 5252 5926
3176 3916 4471 5057 6043 6352 7030 7677 8510 9003
3228 3868 3924 4758 5204 5732 6372 6873 7680 8070
4871 6416 6744 8008 8429 9741 11005 11661 12644 13861
1558 1884 2181 2582 2774 3027 3294 3635 4006 4406
2445 2685 3100 3493 4366 4671 5064 5261 5959 6527
4284 5270 6512 7069 7968 8911 9768 10539 11653 12338
5287 6253 7168 8846 9812 10625 11998 12506 13472 14336
2228 2621 3407 3757 4215 4674 4827 5438 5700 6115
3254 3837 4366 4838 5339 6034 6534 7063 7786 8008
1489 1707 1976 2053 2413 2759 2887 3093 3388 3721
1851 2271 2607 2843 3162 3684 4003 4340 4373 4760
5132 6527 7075 8869 9666 10314 11609 12307 13802 14499
2032 2559 2747 3105 3763 4046 4516 4704 5062 5588
4313 5012 5750 6449 7071 7848 8625 9324 10179 10956
2184 2410 2636 3332 3558 3934 4405 4706 5101 5497
4307 5080 5816 6185 7142 7657 8688 8872 10270 10970
1115 1505 1700 1732 2155 2209 2403 2815 2977 3064
2477 2893 2976 3601 3892 4225 4953 5349 5827 6202
3311 3907 4563 5070 5905 6293 6859 7456 7843 8768
1548 1700 2004 2446 2750 3027 3179 3566 3635 4008
4049 4336 5483 5913 7167 7346 8242 8600 9962 10033
3728 4668 5435 5992 6550 7107 7699 8709 9162 9754
2335 2903 3208 3666 4016 4758 4954 5630 6045 6329
3285 3977 4582 5187 5389 5850 6512 7434 7751 8472
5420 6689 7812 7812 9375 9863 10937 12499 13183 14208
4540 5496 6014 6452 7647 8563 9439 9837 10554 11271
5665 6690 7081 8155 9669 10060 10890 12257 12697 13771
4142 4819 6173 6811 7846 8523 8961 9917 10833 11669
4543 4814 5669 6484 7454 7765 9124 9861 10521 11647
4157 4838 5519 5770 6630 7310 7991 8887 9353 10500
2166 2317 2807 3202 3466 3974 4294 4577 4954 5537
1921 2430 2994 3258 3484 3842 4218 4595 5066 5649
3866 4736 5502 5816 6965 7348 8184 8532 9159 9786
5879 6976 7374 8420 9566 10812 11758 11958 13353 13951
5224 6493 7714 7909 9178 10692 11619 12595 12888 14206
1413 1785 1798 2055 2376 2645 2838 3223 3364 3788
1900 2138 2391 2613 2993 3198 3515 3974 4148 4560
3223 4177 4356 5251 5550 6147 6564 7519 7787 8384
5033 6478 7624 8670 9468 10564 11012 12059 13853 14600
1277 1385 1688 1861 2164 2370 2391 2608 2932 3149
5482 6877 6977 8322 8970 10664 11063 12658 13754 14153
1266 1460 1687 1860 2131 2174 2498 2736 2963 3190
3200 3748 4180 4670 5275 5938 6803 7495 7812 8533
1918 2254 2692 2810 3062 3550 3869 4256 4492 4912
4328 5430 6165 7186 8084 8166 9350 9880 11432 11595
5407 5957 7240 8202 8706 9714 10631 11135 12097 13151
2867 3487 4081 4262 4778 5398 5940 6689 6793 7335
1543 2018 2166 2403 2759 3219 3264 3664 4005 4332
3860 4769 5488 6169 7569 7948 8704 9121 9840 10597
5133 6004 6691 8066 8386 10036 10494 11273 12557 13015
1463 1719 1873 2168 2463 2783 3040 3091 3437 3630
5096 5567 6809 7666 8180 9079 9464 10406 11220 12462
1159 1451 1516 1906 1949 2252 2480 2696 3010 3226
4968 5267 6680 7194 8222 8736 10020 11005 11947 12119
2105 2710 3168 3377 3752 4273 4940 5190 5544 5836
1397 1701 2102 2433 2572 3014 3221 3415 3774 4065
4312 4917 6014 6317 6884 7943 8738 9834 10250 10666
3339 3868 4174 4897 5064 5648 6344 7123 7429 8041
4125 5156 5340 6334 7292 7807 8102 9023 10091 10348
4226 5146 6150 6778 7531 9079 10041 10668 10878 12174
4483 5828 6635 7935 8160 9370 10356 11208 12060 13091
4418 4860 5633 6369 7215 7878 8651 8835 10308 10713
5154 6275 6275 7529 8739 9770 10263 11652 11787 13266
3503 4267 4999 5126 5859 6527 7069 7801 8597 8947
3166 3300 4212 4292 5151 5660 6089 6921 7323 7645
4883 5397 6253 7067 8052 8694 10236 11050 11692 12163
4871 5995 7400 8149 9133 9554 10397 11990 12177 13114
1889 2263 2584 3101 3475 3867 4188 4544 4722 5293
1961 2442 2549 3048 3262 3922 3993 4296 4884 5330
1785 2054 2408 3030 3182 3518 3737 4293 4545 4815
4964 5853 7164 7914 8756 9880 11051 12034 13017 13205
5663 6688 7323 8006 9666 10447 11033 12644 13425 13767
3089 3507 3980 4982 5093 5677 6623 7236 7430 7903
3085 3434 4158 4775 4936 5848 5901 6733 6974 8020
3277 4454 4995 5695 6140 6904 7445 7795 8495 9354
3870 4909 5554 6020 6808 7560 8026 8814 9782 10032
2052 2391 2711 3351 3765 4085 4141 4687 4970 5610
4497 5225 6724 7452 8095 9037 9594 11050 11692 12163
5681 6428 7076 8869 9866 10513 11062 12307 13752 14151
4931 6688 7762 8690 9519 9910 11521 12107 13376 14303
2657 3203 3923 4072 4494 5314 5909 6083 6629 7225
4977 5963 6681 7622 8429 8967 10581 10940 11702 12868
2763 3263 3740 4169 4288 5169 5312 5931 6646 6812
3694 4044 4458 5159 5923 6783 7261 7834 8279 8948
1474 1717 1961 2268 2563 2563 2845 3306 3536 3831
2407 3098 3527 3884 4528 5242 5695 5886 6553 6743
1453 1786 1938 2450 2699 2934 3045 3432 3640 3875
4893 5521 6315 6859 8323 8532 9494 10790 11208 12212
3793 5009 5856 6408 6666 7513 8544 9022 10201 10716
1335 1655 2028 2310 2374 2643 2861 3259 3362 3708
3418 4535 4873 5415 6193 7005 8054 8156 9069 9848
1922 2506 2939 3166 3637 3768 4202 4579 4993 5313
2085 2495 2530 3047 3510 3902 4098 4401 4793 5167
3856 4668 4973 5717 6156 6934 7881 8118 9437 10012
3727 4479 5375 6127 6880 7417 8528 8599 9997 10247
3251 3877 4384 5010 5964 6083 7097 7753 7902 8856
4963 6181 7024 8335 8569 9833 11144 12080 12174 13859
4818 5594 5757 7146 7472 8207 9473 10004 11351 11473
3484 4009 4779 5149 5704 6259 7061 7523 8140 9096
2872 3435 3891 4482 4992 5394 6199 6924 7353 7541
4647 5655 6400 7847 8461 9337 9863 10565 11398 12406
3841 4038 5154 5253 6303 6631 7518 8404 9060 9421
2499 2686 2915 3478 4060 4290 4872 5206 5684 6184
5897 6304 7575 8388 9507 10371 11387 12607 13523 14946
4103 5258 6015 6931 7529 8405 9082 9759 10715 11273
4024 5338 6374 6693 7171 8326 9202 9640 10875 11154
3726 4875 5328 5676 6825 7660 8113 8914 9366 9819
2408 3171 3553 3886 4458 5150 5555 5722 6270 6699
1618 1742 2185 2350 2668 2862 3055 3498 3843 3899
5185 6964 7320 9099 9200 10268 11539 12860 13673 15097
1508 1756 2171 2337 2503 3029 3098 3512 3803 3886
5170 6134 6572 7579 8324 9200 10471 10734 12092 13056
5224 5499 7331 8156 8614 9989 10905 11363 12463 12830
5419 6591 7274 8787 9324 10593 11375 12644 12985 13767
3004 3894 4088 4950 5284 6091 6118 7231 7759 8343
2554 2663 3362 3754 4038 4758 4824 5348 6090 6243
3014 3730 4714 4804 5908 6206 6564 7399 7787 8861
4124 4729 5674 6469 7074 8057 8549 9230 10327 11348
3013 3610 4236 4892 5907 6026 6861 7726 8293 8830
1692 1810 2077 2374 2686 3264 3457 3576 4036 4332
5478 6414 7444 7912 8849 9879 11096 11377 12688 13577
3114 3604 4123 4872 5247 5794 6861 7380 8043 8590
2108 2466 2824 3257 3614 3821 4499 4894 5007 5346
2830 3451 3699 4320 4742 5337 5461 6057 6702 7224
2945 3306 3926 4339 5063 5450 5863 6225 7051 7387
4463 4916 5975 6769 7450 7828 8471 9643 10400 10627
4426 4539 5485 6695 7376 7943 8738 9456 10591 10629
2122 2697 2836 3450 3609 4045 4640 4997 5473 5730
1284 1797 1939 2221 2336 2580 2991 3171 3389 3671
3831 5157 5304 5930 6704 7845 8582 8987 9761 11050
3281 4056 4444 5339 5935 6442 6681 7277 7814 8619
1661 2031 2239 2535 2698 3083 3291 3736 4076 4417
1943 2407 2550 2960 3387 3922 4136 4457 4778 5099
1265 1459 1600 1880 2151 2377 2540 2756 2972 3166
2978 3841 4008 4454 5316 5817 6652 6764 7487 7905
4076 5202 5823 6444 7531 8424 9317 9356 10481 11607
2248 2794 3383 3492 4147 4649 5129 5478 5980 6395
1804 2010 2437 2849 3070 3307 3640 3877 4304 4447
1425 1553 2002 2067 2323 2644 2824 3222 3542 3812
5373 5959 7424 7815 8840 10208 11136 12210 13138 13920
3821 4956 5902 6204 6923 8285 8739 9685 9836 10971
2555 3171 3240 4107 4517 4586 5430 5909 6274 6616
2525 3311 3764 4049 4621 4978 5574 6026 6360 6907
2122 2777 3114 3471 3887 4026 4442 4839 5176 5632
4695 5348 6042 6532 7798 8492 9635 10206 11186 11880
4977 5353 6607 7277 7987 8866 9493 10246 11458 12253
2533 3005 3750 4048 4594 5190 5934 6406 6605 7399
3361 3854 4748 5426 5796 6443 6813 8015 8108 9032
5642 6099 7726 8691 9352 10318 11690 13062 13926 15248
3938 4561 4758 5907 6465 6727 7744 8302 8761 9483
1995 2616 2692 3256 3633 4009 4216 4555 5251 5647
3406 3915 4806 5570 6270 6365 7033 8147 8815 9484
2867 3786 4176 4816 5289 5623 6347 6681 7488 7961
3341 3786 4148 4593 5094 5568 6208 6764 7516 7989
3027 3921 4526 5045 5535 5852 6342 7091 8043 8302
3904 5083 5820 6335 6703 7366 8840 9024 9760 10423
1396 1467 1668 2035 2354 2484 2780 2851 3135 3430
5928 6476 7422 8070 9813 10660 11905 12851 13648 14844
2953 3543 3785 4429 5207 5556 6281 6442 7086 7569
3004 3755 3942 4827 5310 5524 6275 6946 7133 7589
3583 4658 5087 6449 6986 7452 8097 9243 9565 10676
3374 4106 4711 5666 6112 6557 7098 7958 8912 8912
1374 1433 1753 1918 2285 2475 2664 2877 3185 3315
1982 2597 3132 3370 3964 4281 4519 5094 5154 5827
3829 5044 5744 6039 7180 7622 8616 9426 10052 10788
3437 4137 5028 5696 5919 6396 7510 8242 8783 8942
4685 5772 6692 6902 8282 8491 9244 10038 11335 12213
1167 1491 1675 1837 2161 2377 2582 2658 3015 3241
2042 2578 2915 3371 3787 4064 4520 5155 5393 5888
1425 1687 2116 2323 2531 2918 3194 3554 3803 4079
5548 6361 7078 7748 9135 9996 10904 11669 13200 14156
1984 2519 2975 3392 3610 4225 4562 4978 5375 5752
1182 1409 1517 1908 1973 2189 2547 2655 2861 3164
3723 4433 4975 5415 6362 6836 7682 8189 9272 9712
1407 1478 1738 1963 2365 2530 2625 3039 3133 3476
4817 5307 6450 6817 7552 8328 9675 10287 11389 11512
5223 6276 6964 7422 9163 9758 10812 11361 12736 13606
4427 5918 6312 7320 8635 9117 9643 11309 11396 13018
2161 2617 2994 3331 3866 3965 4738 4798 5412 5848
2329 3174 3493 3859 4475 4886 5069 5662 6050 6416
5225 6007 6886 8106 9718 10108 11573 12208 12843 14405
3402 3662 4353 5045 5276 6285 6343 7121 7611 8389
3867 4250 5051 6096 6410 7315 7803 8708 9684 9928
2620 2642 3188 3603 3952 4607 5000 5524 5917 6201
4620 5575 6093 6810 7208 8243 9119 9876 10951 11707
3835 4444 5018 6021 6523 7562 8314 8924 9676 10429
4434 5271 5898 7028 7864 8785 9579 10374 11504 12507
3339 3423 3924 4925 5537 6122 6567 6817 7290 7819
1383 1936 2171 2226 2696 3041 3304 3401 3650 3926
1725 2136 2405 2611 3148 3386 3512 3971 4319 4683
1170 1506 1592 1820 2069 2351 2448 2600 2957 3033
2736 3514 3997 4641 5257 5687 6303 6438 7403 7939
5117 6695 7221 7795 9134 9660 11429 12195 13199 13820
3726 4550 5303 6127 6807 7165 8598 9172 9602 10605
5615 6689 7373 8447 8789 9863 11620 11816 13671 14013
2809 3755 4311 4979 5507 6063 6592 7120 7343 8094
4492 5268 5799 6860 7595 8494 9229 10413 11393 11433
2445 2947 3471 3667 3973 4475 4846 5326 6002 6483
2374 2921 3652 3811 4564 5021 5363 5682 6162 6413
1866 2134 2498 2751 2956 3414 3557 4110 4410 4695
2352 3014 3584 3790 4132 4589 5114 5936 6346 6689
4983 6528 7574 8820 9617 10016 11860 12557 13155 14201
1868 2187 2608 2709 3213 3583 4037 4239 4542 4862
3622 4701 5293 5920 6442 7243 8079 8984 9541 10168
4183 5856 6358 6818 8282 8826 9746 10207 10959 12131
1978 2487 2939 3014 3749 4013 4182 4578 4954 5293
2230 2605 3105 3418 3939 4397 4647 5168 5439 6064
2739 2761 3651 3720 4450 4883 5408 5705 6344 6389
2090 2505 2844 3333 3597 3766 4162 4839 5028 5329
5245 6416 7025 7915 8804 9741 10865 11380 12270 13487
1735 2088 2694 2913 3149 3553 3704 4075 4411 4933
3003 3620 4237 4719 4934 5497 6328 6811 7401 7964
2053 2316 2975 3107 3653 3973 4500 4839 4933 5272
3282 3783 4395 4979 5424 5896 6286 6786 7676 8093
5179 6095 6782 7516 9119 9532 10586 11365 12373 13289
5165 6648 7652 7796 9374 10234 11382 11573 12673 13486
4410 5389 6206 6573 8084 8696 9717 10044 10778 11717
5083 6877 7126 8920 9318 10365 11361 12358 12956 14899
4206 5308 6247 7186 7512 8656 9676 10207 11023 11554
2532 3004 3972 4170 4915 5213 5958 6231 6653 7223
3830 4419 5745 6629 6739 8102 8838 8949 10201 10348
1384 1585 1810 1905 2307 2425 2650 3028 3134 3395
4075 4736 5572 6234 6269 7035 8184 8567 9333 9786
2305 2875 3423 4062 4541 4951 5408 5590 6366 6663
4120 4944 5087 6018 6627 7738 8490 9242 9815 10030
6098 7013 8131 9046 9249 11027 11332 13060 13467 14432
1298 1492 1525 1935 2163 2281 2541 2768 2898 3125
2859 3264 3335 4050 4384 4955 5670 5860 6551 6956
5858 6298 7079 8446 9764 10447 11472 11814 13669 13913
2632 3154 3600 4097 4916 5090 5810 6307 6902 7027
4421 4936 5157 6115 7367 7367 8509 8841 9614 10535
4183 5857 6233 7195 8032 9203 9789 10039 10960 11754
3645 4235 4794 5352 6533 6927 7551 8470 8602 9225
3059 3569 4239 4615 4856 5527 6198 6654 7110 7593
5572 6509 6555 7820 9271 10161 10676 11799 12267 13532
1359 1770 1936 2167 2539 2680 3000 3270 3346 3744
4199 4825 5231 6483 6630 7551 8214 9503 10019 10461
2357 2816 3449 3645 4060 4802 5151 5238 6024 6177
3831 4563 4876 6165 6269 7453 7976 8498 9612 10378
1226 1323 1681 1779 1952 2213 2397 2679 2896 3059
3618 4585 5015 6018 7021 7845 8418 9314 9851 10460
4669 5912 6554 7111 7711 8696 9467 10281 11780 12594
1645 2167 2341 2705 2989 3464 3559 4033 4429 4697
2018 2321 2388 2993 3313 3599 3901 4103 4456 5011
2050 2460 2602 3101 3422 3886 4028 4331 4866 5062
3115 3701 4565 4997 5583 6631 6847 7772 8143 9160
2657 3477 3502 4172 4495 5140 5687 6109 6829 7251
1095 1409 1582 1777 2102 2222 2514 2644 2904 3175
5664 5860 7373 8594 8838 10596 10791 12256 12988 14599
4058 4363 5242 5850 6256 6899 7981 8657 9367 9840
4084 5472 6289 6860 7636 8943 9351 9882 10617 11923
2894 3359 3695 4211 4935 5348 5684 6691 6898 7492
3587 4162 5211 5516 6598 7275 7580 8223 9170 9508
4205 5593 6124 6859 7839 8533 9594 10411 10900 11717
4370 5141 6340 6940 8439 9211 9468 10838 11609 12038
2657 3426 3774 4469 4568 4966 5462 6157 6703 7423
3976 4800 5265 6304 6913 7307 8346 9241 9528 10745
3554 4460 5297 5819 6586 7074 7805 8432 9269 9931
1082 1374 1666 1926 2121 2207 2597 2607 3019 3246
5087 6049 6599 7745 8478 9578 10861 11915 12144 13152
1710 1995 2407 2644 3008 3341 3673 4053 4132 4512
5085 6102 7525 9050 9152 10474 11542 12304 13830 14491
3724 4456 4837 5283 6269 6492 7224 7924 8370 9324
4736 5144 5961 7022 8002 8737 9104 10166 10737 12125
1749 2337 2522 2926 3363 3598 3817 4371 4674 4842
4012 4406 5445 6233 6842 7702 8239 9206 9564 10531
1312 1619 1820 2092 2317 2387 2695 2872 3226 3545
4082 5470 6327 7347 7878 8613 9266 10082 11429 12001
5432 5666 6743 8008 9225 9740 10396 12035 12643 13674
3855 4261 5411 6053 6594 7338 8014 8353 9130 9536
2844 3729 4131 4641 4828 5767 6142 6625 7457 7752
5216 5523 6180 7320 8503 9161 9730 11089 11834 12755
5034 6379 7924 8173 9419 10166 11711 12160 13206 14502
3940 5014 5587 5981 7056 7306 8452 9169 9634 10530
2978 3227 3723 3996 4914 5237 5758 6328 6874 7172
3489 3668 4712 4861 5875 6263 7068 7247 8022 8827
2340 2399 3034 3490 3866 4183 4520 4778 5373 5710
1959 2561 2769 3164 3428 4011 4369 4633 5179 5330
4156 4836 5087 5732 6806 7558 8561 8955 9851 10567
2034 2444 2694 2961 3229 3621 3978 4335 4673 5244
5453 5740 7415 7702 8993 10045 10667 11911 12581 14255
1148 1376 1690 1831 2025 2199 2480 2686 2881 3249
4917 6556 6556 7539 8850 9927 11004 12081 12689 13907
3514 4007 4777 5209 5579 6719 7397 7428 8507 8969
1677 2151 2341 2800 2942 3464 3638 4034 4208 4729
2024 2500 2916 3253 3670 4285 4602 4959 5455 5554
2422 2750 3295 3862 4124 4713 4931 5608 5957 6328
3654 4128 4872 5413 6733 7409 8018 8255 9270 9473
5079 6105 7814 7863 9523 9816 10939 12648 12746 14113
4184 5105 6234 6987 8075 8870 9581 10083 11297 12008
5631 6029 7773 8022 9667 10414 11460 12307 13404 14849
2879 3251 3946 4442 4789 5261 5583 6328 6948 6997
1617 2061 2284 2417 2951 3203 3262 3633 3944 4226
3419 4265 5382 5788 6092 6871 7649 8123 8834 9748
1527 2060 2179 2668 2786 3068 3512 3705 4105 4283
1512 1627 2024 2216 2549 2690 3049 3202 3484 3817
5663 6689 7372 8397 9520 10252 10887 12254 13670 13718
2740 2854 3242 3676 4224 4612 5411 5730 6369 6643
4412 5739 6510 7538 7838 8780 9936 10750 11307 12634
1648 2123 2234 2757 2947 3168 3501 3865 4436 4451
5042 5305 6225 7234 8549 8987 10302 10872 11442 12450
1382 1559 1890 2079 2362 2516 2823 3047 3106 3319
3073 3228 4106 4313 5010 5656 5914 6275 6766 7463
4883 5526 6596 7410 7710 8781 9680 10708 11650 12250
1084 1463 1560 1940 2026 2340 2460 2600 2828 3164
4005 4249 4911 6199 6756 7522 7836 8567 9298 10413
3461 3729 4326 4923 5549 6444 7130 7160 7786 8711
5641 6150 7115 8741 10114 10825 12045 13061 13468 15145
1480 1770 1950 2378 2516 2986 3290 3360 3871 4106
3229 3806 4123 5131 5362 6256 6486 7120 7812 8274
4902 6276 6963 8246 9116 9528 10994 11910 12185 13605
3761 4179 5502 5711 6790 7556 8253 8462 9541 10377
5761 6786 7518 8250 9666 10740 10984 12546 12936 13717
5234 5981 7078 8124 9321 10417 11314 12560 13009 14903
3361 3731 4595 5335 5612 6259 7092 7739 8325 9065
4302 5577 6214 6532 7249 8404 8962 9878 10874 11312
4644 5355 5941 6819 8200 8534 9873 10082 11504 12006
1084 1430 1517 1928 2048 2286 2546 2817 2827 3033
2532 3178 3550 4369 4816 5412 5908 5983 6777 7274
3199 3603 4467 4726 5620 6081 6916 7003 8011 8645
3348 4168 5120 5777 6335 7024 7779 8369 8796 9420
1902 2316 2938 3201 3596 3935 4481 4594 5121 5479
3279 4456 4806 5093 6079 6939 7543 7894 8435 9007
1400 1695 1900 2221 2324 2645 2940 3094 3377 3723
2929 3153 3724 4294 4667 5312 5759 6255 6454 7397
4310 5120 5415 5930 6704 7883 8582 9172 9614 10313
4668 5653 6467 7495 8522 8608 9936 10706 11691 12034
3004 3644 4312 4784 5063 6064 6620 7010 7677 8233
2977 3487 4211 4560 4989 5874 6276 6947 7161 7537
4327 5269 6169 6940 8268 8953 10153 10795 11266 12380
4328 5675 6002 6818 8043 8451 9676 10043 10778 12003
3280 4044 5094 5476 5731 6368 7227 7896 8724 8947
1818 2192 2727 3172 3458 3743 4224 4277 4972 5275
3830 4457 5536 5919 6720 7312 8287 8879 9296 10167
4164 5267 6328 6859 8165 8941 9308 10288 10655 11839
4540 5611 6382 7110 8223 9166 9765 10451 11821 12292
2201 2558 2776 3490 3728 4223 4679 4838 5333 5849
5020 5355 6149 6860 7613 8408 9579 10667 11127 12507
1244 1515 1515 1947 2088 2347 2510 2661 2834 3234
1253 1537 1844 1951 2163 2376 2837 3074 3239 3534
1995 2597 2729 3199 3595 4140 4441 4554 5138 5589
2508 3054 3749 4419 4965 5090 5909 6182 6827 6951
3059 3489 4052 4401 5367 5528 5903 6467 7030 7943
3903 4495 4983 6028 6550 7352 7839 8362 9094 9860
2358 2754 2933 3567 3765 4022 4538 5112 5350 5825
2204 2373 2712 3315 3672 3767 4313 4576 5047 5442
3797 4633 5399 5573 6792 7175 7733 8952 9161 10032
3957 4599 4938 5513 6561 7339 7913 8488 9198 9875
1183 1419 1869 1951 2259 2602 2756 2909 3288 3441
3629 4107 4648 5443 5921 6430 7608 8053 8404 9072
3991 4735 4938 5445 6527 6866 7677 8692 9402 9909
2423 2990 3492 3645 4321 4518 4867 5412 5936 6220
4454 5225 6852 7409 7709 9250 9764 11049 11948 12120
4084 4621 5301 6125 6591 7737 7916 9313 9922 10710
4840 5268 6639 7067 8223 9123 9894 10836 11264 12249
1336 1526 1715 1998 2306 2412 2767 3039 3133 3500
4542 5280 5552 6910 7182 8191 8774 9861 10792 11064
1169 1418 1677 1937 2045 2175 2521 2759 3019 3095
5068 5606 6816 7175 8296 9103 9910 11525 11839 12601
3684 4973 5489 6189 6741 7736 8399 8951 9909 10793
1214 1311 1517 1788 2134 2167 2546 2621 2979 3250
2688 3101 3799 4264 5039 5169 5763 6512 7003 7365
2534 3329 3552 4248 4471 5241 5564 6061 6483 7402
2979 3369 4009 4454 5150 6124 6208 7126 7433 8128
3595 3945 4454 5313 6236 6935 7572 8208 8908 9512
4584 5867 6921 7471 8479 9671 10908 11183 12558 13292
1094 1505 1516 1938 2036 2165 2588 2707 2966 3150
4261 4938 6212 7048 7804 8242 9556 10353 10512 11587
1837 2247 2692 2960 3281 3922 3976 4582 4725 5349
4388 4993 5787 6090 7452 8019 8397 9456 9986 11234
1899 2073 2247 2658 3117 3212 3639 4114 4367 4494
1883 2485 2974 3313 3483 3972 4349 4725 5064 5516
4842 6231 6366 7845 8159 9728 10310 11072 11879 13179
5498 5636 6643 8064 8980 10034 10400 11591 12370 13744
3220 4025 4383 5158 5785 6381 6947 7603 8289 8587
2764 3384 3693 4520 5036 5320 6018 6483 6870 7567
4041 4424 5400 5713 6584 7037 7769 8709 9092 10103
2977 3589 4368 4841 5092 5648 6594 6956 7734 8180
1678 2184 2406 2611 2864 3434 3671 3798 4368 4716
1207 1455 1692 2023 2259 2484 2626 3075 3312 3478
4541 5313 6084 7583 8097 8868 9982 10453 11224 12081
5432 6135 7118 7586 8898 10021 10677 11239 12831 13487
2730 3449 3648 4392 4541 5360 5881 6327 6849 7270
1398 1769 2051 2256 2474 2654 2961 3102 3372 3820
2608 3486 3796 4364 5113 5629 5913 6481 7204 7462
4012 4943 5659 6161 7128 7736 8345 8703 9814 10029
5469 6689 7617 8154 9033 10253 11523 12499 12841 13817
3218 3566 4290 4424 5014 5685 6328 6918 7106 7937
3754 4600 5073 6088 6629 7305 7948 8117 8963 9639
5895 6301 7572 8740 10112 10925 11535 13059 14025 14990
2043 2599 3134 3352 3630 4205 4463 4760 5435 5692
2707 3080 3850 4172 4793 5116 5588 6060 6805 7028
1207 1526 1656 1987 2330 2460 2768 2992 3193 3524
2201 2634 2953 3367 3517 3875 4401 4815 5248 5436
4932 6103 7617 8593 9082 10009 10888 12499 13574 14501
4574 5605 6681 7264 8251 9147 10627 11434 12107 12689
3939 4004 5022 5350 6531 6630 7582 8205 9124 9780
1372 1526 1727 2058 2141 2484 2649 2992 3170 3524
2281 2380 2895 3292 3768 4243 4660 5017 5453 5572
3238 4009 4348 4965 5674 6322 7278 7987 8110 8943
3480 4136 5187 5811 6007 6959 7550 8108 8896 9520
3485 4263 5210 5582 6766 7341 7510 8796 8965 9472
5054 5140 6339 7496 7710 8738 9680 10794 11736 12421
2477 3144 3811 3954 4764 5121 5359 5954 6645 6978
4933 5958 7765 8546 9181 9865 10939 11916 13234 14455
3111 3621 3969 4479 5042 5659 6141 6972 7321 7965
4461 5457 5616 6453 7807 8006 9042 10237 10356 11790
4308 5060 6691 7360 7778 8698 10037 10497 11667 12378
2383 3288 3645 4193 4527 5241 5551 5932 6361 6718
4930 5736 7125 7618 8783 9680 10531 11158 12503 13175
1632 1901 2297 2551 2852 3169 3755 3977 4373 4579
4475 5394 6523 7109 8363 9032 9827 10705 11081 12335
4644 5732 6067 6945 7740 8577 9413 10417 11296 11882
5127 5784 6486 7274 8545 8983 10429 11305 12050 12445
2355 2605 2918 3501 3980 4355 4980 5001 5564 5835
2300 2736 3132 3529 3568 4242 4619 4817 5174 5689
3311 3617 4257 4647 5482 5565 6650 6678 7457 8153
1207 1468 1799 2107 2332 2580 2604 2911 3124 3314
3469 4360 4582 5537 5887 6937 7287 8114 8782 9196
1127 1300 1636 1852 2155 2285 2426 2816 2816 3173
4048 4657 5087 6448 7165 7523 8060 9135 9350 10460
5761 6347 7274 7958 9471 10203 11033 12595 13669 14304
4499 5455 5694 7127 7286 8679 9077 10232 10988 11944
4811 6140 6827 8248 8797 9622 10859 11913 12050 13287
2049 2459 2851 3119 3332 3831 4009 4384 4776 5167
2954 3203 3699 3972 4593 5337 5883 6107 6926 7149
1891 2497 2622 2978 3460 3638 3995 4280 4975 5082
2682 3179 3527 4123 4545 5166 5538 6457 6854 7103
2465 2762 3561 3972 4451 4885 5158 5683 6003 6847
4539 4955 5825 6128 7527 7943 8662 9078 10553 10780
3314 4006 4035 4611 5677 6254 6571 7262 8069 8415
2088 2484 2916 3386 3424 3913 4421 4854 5230 5568
2716 2807 3355 3880 4336 5021 5340 5865 5934 6664
4768 5396 6441 7362 7696 8658 9495 10707 11084 12130
2534 2818 3407 3713 4128 4368 4805 5373 5722 6159
4075 4179 4946 5851 6478 7627 8149 8915 9229 10274
1536 1702 2048 2228 2657 2823 3128 3377 3778 3999
3588 4458 5085 5886 6722 7349 8115 8533 9612 10274
3692 4444 5197 5985 7132 7203 8350 9210 9568 10034
3281 4086 4504 4951 5875 6263 6830 7516 7784 8798
5084 6131 7127 7975 9370 10865 11413 12161 13158 14803
4985 6281 7727 8325 9023 10169 11166 12213 13160 14157
2408 3099 3362 3838 4744 5173 5245 5722 6556 6794
3513 4564 5187 5319 6369 6862 7321 8142 8667 9422
2398 3083 3243 3676 4407 4590 5138 5914 6119 6713
1467 1799 2117 2380 2587 2781 3168 3445 3763 3874
1337 1479 1834 1940 2189 2520 2745 2875 3301 3336
1934 2119 2438 2959 3245 3648 3901 4354 4607 5010
4859 5730 6417 8067 8846 9488 10267 11413 12284 13430
5111 5829 6411 7398 8339 9415 10177 11029 12374 12912
5083 5697 6354 7800 8720 9377 9640 11086 11831 12970
2004 2461 2917 3354 3929 3988 4544 4842 5219 5695
3621 4162 4839 5753 6226 6869 8121 8358 8967 9914
2259 2296 2748 3181 3426 3971 4385 4781 5195 5646
3725 3980 4744 5285 5986 6495 7323 7737 8469 9042
2950 3513 4263 4505 5363 5845 6301 6730 7105 7963
3549 3877 4712 5100 5815 6471 6769 7425 7754 8588
4739 5415 5933 7008 7327 8203 9238 10353 10512 11786
3315 4169 5055 5285 6236 6958 7615 8534 9092 9748
3489 4055 4681 5367 5665 6440 7126 7185 7811 8736
1542 1942 2328 2446 2950 3217 3291 3854 4032 4165
3756 4138 4583 5347 6302 6556 7288 7766 8593 9357
2204 3033 3404 3906 4190 4561 4844 5390 6045 6350
4601 5604 6650 6817 8071 8908 9493 10664 11041 12462
3318 4172 4598 5814 6208 6668 7292 8080 8769 9394
5377 5735 6855 7885 8961 9812 10753 11514 12410 13037
3819 4455 4837 5474 6174 6588 7128 7669 8560 9229
1734 1927 2253 2549 2757 3127 3349 3823 3986 4401
3549 3877 4652 5129 5457 6441 6888 7694 8051 8409
3667 3975 4499 5516 5824 6717 7241 7673 8381 9152
4620 5741 6683 8028 8387 8970 9867 10853 11660 12647
1494 1771 2117 2283 2573 2919 3154 3486 3721 3970
4668 5910 6167 7366 8008 8736 10234 10706 11904 12461
4926 6648 6696 8465 8992 10331 11096 11957 12483 14109
4047 5106 5446 6240 7375 8320 8887 9833 9984 11194
1301 1643 1880 2069 2317 2435 2743 2873 3121 3405
2893 3100 3797 4391 4985 5527 5915 6457 7051 7516
1506 1892 2003 2417 2652 2956 3273 3550 3784 4116
2262 2381 2857 3194 3908 3967 4681 4800 5336 5871
5405 6170 6887 8322 8896 10091 11143 11909 13009 13965
5372 6739 6837 8155 9376 9815 10743 12550 13429 14064
5019 5395 6399 7528 7570 8866 9410 10539 11208 12212
3143 4007 4382 4843 5420 6198 6400 7351 7697 8129
5186 6914 7727 8236 9761 10371 11235 12506 13675 14946
4584 5638 6784 7655 9030 9625 10680 11688 12146 12925
2437 2895 3041 3541 3812 4561 4686 5019 5790 5852
1788 2184 2468 2690 2959 3481 3718 3924 4161 4477
4893 5688 6399 7068 7779 8573 9995 10372 11459 12003
1508 1701 2089 2310 2711 3029 3098 3541 3624 3942
4465 4814 5630 6523 7610 8231 9085 9590 10871 11104
4426 4804 5561 6657 6998 7868 8889 9381 10440 10742
5171 6135 6267 7757 8458 9291 10123 11087 11482 12314
4778 5494 5972 7007 7803 8560 8998 10271 10709 11506
5134 6131 7227 8623 8971 10666 10965 11962 13507 14902
1790 2011 2486 2613 2866 3326 3531 4006 4196 4513
2102 2538 2776 3410 3866 4302 4738 4916 5273 5888
3882 5435 6056 6871 7531 8385 8540 9355 10791 11645
5781 6828 7077 8622 9120 10067 11163 12459 13505 14004
2086 2300 2496 3210 3263 3637 4244 4600 4654 5046
5079 6593 7082 8449 9035 10451 11037 11819 12942 14016
5213 6265 7365 8464 9421 9660 10903 12099 12959 14011
2508 3476 3625 4171 4568 5362 5809 6306 6901 7026
4643 5521 6358 6943 7780 8658 9662 10708 11377 12004
4753 5952 6551 7022 8349 8820 9505 11132 11732 12845
2164 2634 2709 3368 3763 4102 4158 4647 5042 5625
4077 5358 6212 6639 7416 8347 8891 9745 10288 10948
5895 6708 7522 8995 9199 10672 11485 13162 13671 15195
4370 5555 5841 7147 7638 8209 8985 10006 10823 11681
4299 4729 5230 5767 6949 7773 8167 8991 9922 10352
2381 2708 3189 3757 4193 4761 4892 5307 5678 6137
2905 2979 3773 4369 4642 5163 5958 6181 6727 7199
2241 2467 2787 3201 3690 3766 4312 4858 4895 5404
5371 6836 7178 8545 9277 10742 10888 12499 12743 13769
1556 2060 2164 2505 2772 3023 3394 3838 4120 4446
3763 4355 5121 5992 6410 7037 8221 8500 9127 10381
3577 3854 4687 5334 5827 6351 6968 7800 8078 8818
3970 4806 5120 5990 6408 7592 7871 8358 9368 10239
5435 5716 6559 7730 8995 9417 10307 11291 12415 13399
5567 5958 7520 8253 9718 10548 10841 11769 12892 14015
1218 1597 1869 1975 2365 2448 2838 2909 3122 3323
1690 2046 2180 2609 2758 3039 3395 3795 4018 4181
3545 4365 5087 5579 6334 7220 7679 8237 8762 9583
3049 3152 4082 4340 4754 5167 5684 6381 6975 7570
1383 1608 1797 1998 2163 2482 2742 3061 3298 3333
1424 1604 1937 2309 2360 2630 2976 3220 3528 3643
3669 3731 4502 4995 5735 6783 7369 7400 8263 8787
4183 4940 6294 6494 7370 8286 8884 10118 10676 11513
4697 5350 5840 7187 7392 8372 9188 9801 11353 11516
4051 4935 5376 6371 6960 8064 8838 8838 9795 10752
2646 2884 3432 4052 4386 5220 5363 5887 6340 7055
5420 6787 6885 8496 9082 10742 10791 12549 13135 13672
3656 4874 5519 5985 6595 7670 8028 8781 9426 10071
2241 2539 2995 3371 3709 4006 4541 5097 5216 5751
5085 5524 6181 7409 8285 9513 9644 10653 11792 12450
4421 5258 5775 7130 7329 8364 8922 10117 10634 11511
3005 3461 3864 4320 5286 5500 6386 6466 7352 7754
1512 1756 1987 2256 2435 2614 2999 3268 3447 3729
4754 5482 6168 7024 8352 8823 10022 10964 11264 12506
5197 5712 7211 7772 9317 9926 10628 11658 12922 14046
3299 4069 4563 5302 5641 6628 7214 7583 8447 8909
4601 5354 6107 7152 8072 9118 9243 10414 11669 12213
1349 1593 1914 2260 2568 2568 2915 3095 3339 3647
3669 3915 4408 5272 5641 6320 7152 7799 8323 9186
4975 5788 7079 8514 9470 9662 11431 12197 12771 13440
4643 5730 6148 7235 7654 8741 9870 10874 11501 11710
1397 1798 2186 2338 2587 2863 3181 3596 3679 3887
1909 2337 2729 3068 3335 3710 4084 4280 4637 5279
1182 1377 1529 1832 1984 2179 2504 2754 2927 3036
4262 5537 6254 6572 7448 8046 9081 9559 11113 11431
1648 1949 2472 2693 2931 3280 3486 3977 4119 4531
3835 5017 5161 5770 7024 7275 8099 8887 9568 10213
3416 4194 5107 6054 6392 7406 7812 8691 9300 9976
1644 1714 2183 2460 2667 3026 3054 3413 3800 4021
4369 5635 5757 6574 7594 8942 9718 10289 10616 11881
3897 4767 5826 6658 7037 8171 8701 9079 10479 10744
5246 6277 7167 7541 8853 9649 10492 11288 12319 13490
4777 5948 6744 8383 8617 10022 10443 12036 12457 13722
3655 4909 5159 6342 7130 7273 8169 8921 9459 10569
3251 4116 4295 5219 5607 6352 6561 7515 8261 8738
2598 2860 3188 3646 3930 4651 4825 5589 5699 6332
2464 3080 3650 4038 4540 4973 5429 5498 6296 6479
4276 4881 5410 6356 6848 7832 8361 9761 9988 11312
4727 5397 6652 7028 7614 8450 9622 10082 10918 12550
2085 2174 2780 3137 3511 3742 3992 4526 4954 5008
4382 4456 5303 6260 7107 7401 8432 9500 10310 10973
4884 5958 7276 8204 9376 10108 11524 12110 13136 14454
3583 4980 5374 5732 7129 7774 8168 9279 9494 10318
1408 1526 1893 2023 2236 2460 2685 2921 3122 3371
4368 5482 6124 7366 8394 9079 9550 11049 11820 12633
5059 5715 7073 7588 9274 9743 10445 11288 12787 13396
5859 5956 7518 7958 9666 10643 10887 12547 12937 14499
4917 5901 6931 8242 8992 9694 11192 11380 12504 13534
4370 5355 6769 7455 7840 8954 9468 10453 11567 11995
2894 3757 4258 4898 5065 5927 6456 6762 7569 8042
2121 2775 3151 3488 3746 4201 4380 4974 5371 5886
4040 4632 4875 6233 6407 7243 7974 8775 9506 10342
3743 4564 4728 5713 6435 6599 7288 8109 8536 9652
3099 3099 4107 4468 4907 5424 5708 6224 6896 7722
1631 1971 2238 2431 2816 3038 3468 3779 4091 4387
3659 4286 5331 5923 6550 7143 8153 8362 9163 9860
4516 5875 6313 7322 8198 8768 9733 10653 11925 12977
2053 2354 3013 3352 3389 3973 4180 4688 5046 5517
2918 3615 3951 4571 4855 5526 5707 6533 6946 7385
3763 4251 4947 6132 6480 7456 7769 9023 9058 9755
1192 1376 1592 1939 1971 2177 2545 2718 3011 3076
5779 6825 7722 8669 9266 10063 11857 12206 13351 14945
3229 3546 4439 4871 5736 6111 6716 7062 7869 8272
3628 4265 5092 5442 5856 6651 7192 7797 8688 9261
2534 3155 3478 4397 4546 5167 5590 6086 6832 6981
1599 2153 2438 2549 2960 3261 3688 3941 4305 4685
2955 3277 3898 3997 4494 5387 5884 6057 6504 7274
4778 5479 6662 7539 8065 9511 10081 10738 11746 12842
2683 3756 3944 4775 4883 5741 5902 6519 7485 7941
3691 4840 5328 6268 6651 6965 7696 8810 9646 10168
4347 5239 6209 6752 7373 8421 9081 10051 10788 11370
5011 5396 6638 7409 7922 9336 9507 11048 11263 12504
4583 5683 7241 7837 8570 9899 10770 11228 12694 13061
3343 3746 4351 4726 5763 6166 6743 7348 7895 8471
5490 6964 7980 8336 9658 10573 11183 12962 13775 14436
4600 5437 6440 7444 7611 9159 9409 10580 11542 12169
1962 2497 2550 3085 3371 3798 4012 4316 4637 5189
3200 3757 4035 4536 5482 5955 6233 7235 7319 7875
4663 5739 7128 7846 8697 9325 9863 11163 12149 12642
2183 2559 2690 3349 3706 4045 4346 4872 5268 5268
4392 5605 6233 7362 7822 8617 9328 10374 11545 12130
4368 5225 6724 7237 7751 9421 10192 11006 11605 12419
2018 2136 2405 3027 3179 3565 3767 4204 4709 5028
4472 5480 6225 7803 8154 9425 10127 10521 11529 12801
2741 3098 3575 4028 4433 5100 5553 5720 6411 6721
1383 1798 2061 2462 2518 2988 3209 3403 3652 4025
4531 5715 6531 6940 7470 8409 9674 9919 11348 11797
4726 5813 6649 7068 7988 9200 9326 10538 10915 12253
2693 2853 3309 3925 4518 4884 5249 5910 6230 6458
5041 6049 6487 7539 8021 9336 9686 11089 11790 12404
1506 1838 2100 2487 2625 2971 3275 3344 3731 4090
1995 2616 2861 3237 3576 3933 4272 4554 5270 5646
1385 1783 1924 2142 2539 2616 3039 3129 3501 3680
2649 3128 3425 3767 4155 4931 5023 5593 6118 6689
1617 1988 2077 2641 2745 3041 3546 3560 3961 4198
4421 4457 5378 6189 6962 7699 8215 8988 9725 10793
1691 2062 2150 2477 2818 3040 3515 3559 4063 4197
2384 3337 3456 4219 4434 4767 5292 6150 6459 6674
4471 5304 6969 7890 8065 9512 9731 10607 11703 12887
4225 5563 6274 6985 8323 8742 9745 10749 11042 12129
2730 3152 3872 4145 4914 5162 5609 6378 6899 7321
2298 2615 2873 3408 3963 4279 4616 5032 5349 5924
2284 2764 3357 4111 4111 4956 5116 5801 6098 6463
2855 3104 3625 4419 4568 5164 5884 6231 6728 7100
1805 1915 2469 2612 2928 3292 3593 3815 4432 4748
3794 4457 5488 6261 7366 8103 8213 9576 9723 10423
1558 1943 2225 2625 2892 3085 3337 3634 4019 4197
4964 6228 7258 7633 9085 10255 10817 11660 12222 13533
5408 6004 6828 7607 8524 9440 10678 11136 12465 13610
1147 1493 1558 1796 2121 2294 2597 2770 2921 3138
4165 5513 6329 6574 7472 8575 9351 10494 10739 11923
5386 5901 6651 7822 9133 9508 10491 11521 12786 13535
1662 1947 2517 2786 2992 3261 3577 3878 4305 4654
2282 3149 3583 3948 4518 4724 5408 5728 6161 6526
5132 6925 7274 8918 9815 10463 11509 12007 13950 14299
2421 2946 3379 3676 4201 4612 5389 5685 6210 6827
3340 3668 4593 4802 5875 6114 6949 7754 8350 8529
3282 3670 4267 5311 5520 6356 6624 7221 7758 8892
4810 5562 6232 7193 7904 9117 9661 10497 10999 12295
3794 4863 5194 6483 6925 7367 8214 8841 10240 10977
2312 2583 3208 3728 3937 4207 4624 5041 5749 6186
2043 2519 2916 3471 3887 4324 4363 4819 5454 5573
1853 1900 2517 2660 2992 3293 3483 4021 4180 4575
2165 2617 2956 3050 3426 3859 4518 4631 5007 5572
1411 1785 2075 2310 2573 3030 3251 3320 3597 4095
4975 6171 7080 7941 8993 9615 11002 11624 13298 14063
5581 5979 7624 8221 9666 10713 11958 12656 13104 14300
3757 4299 4458 5126 5922 6655 7100 7642 8278 9456
4730 6134 6977 8428 9037 9599 11144 11940 12221 13766
3449 4073 4795 5485 6371 6568 7291 8309 8933 9294
2228 2832 3019 3665 4081 4414 4852 5081 5497 6226
2146 2579 2654 3219 3652 4028 4404 4593 5063 5534
