1000 10 10
2 33 25 10 13 25 25 32 32 28 11 0 10
2 25 30 15 16 18 7 30 15 29 12 0 10
9 18 27 11 15 8 27 27 33 14 17 0 45
4 23 18 8 14 24 25 8 22 23 28 0 16
10 33 18 32 26 12 33 29 22 25 29 0 46
7 21 20 21 25 18 13 12 31 30 21 0 32
9 19 11 29 12 12 24 14 13 22 9 0 44
5 15 27 15 11 31 15 30 14 15 17 0 24
6 22 11 7 9 12 23 31 12 29 14 0 29
10 21 19 27 24 11 22 15 24 18 33 0 49
3 30 11 20 17 22 10 32 9 14 13 0 15
6 9 15 13 23 24 14 29 25 24 8 0 27
3 30 9 13 11 33 19 20 24 7 32 0 12
5 9 21 17 28 22 29 32 25 31 23 0 23
7 27 10 12 33 23 24 26 11 30 10 0 32
2 9 11 29 15 26 29 13 25 8 23 0 10
10 17 20 31 7 25 17 10 14 29 15 0 48
6 23 26 33 33 15 28 10 15 21 9 0 30
9 29 16 20 17 19 31 21 9 15 29 0 44
9 32 14 33 29 11 23 32 22 27 10 0 44
9 19 14 17 13 22 15 13 18 24 7 0 43
4 25 12 32 10 23 20 30 31 33 21 0 18
6 9 7 27 8 16 14 26 28 23 20 0 29
4 8 27 9 14 29 18 33 30 27 11 0 18
6 21 15 30 16 14 23 11 17 31 19 0 28
8 21 9 17 13 7 24 32 33 30 31 0 40
3 14 10 27 10 30 25 32 11 31 21 0 14
7 8 15 15 14 11 12 32 7 25 27 0 32
10 22 27 21 33 10 25 33 26 33 13 0 46
4 23 22 22 14 12 7 15 20 15 10 0 18
7 10 24 8 12 8 10 32 18 10 24 0 33
6 11 33 13 8 8 9 17 23 19 13 0 27
10 14 8 23 24 30 12 21 27 15 22 0 48
8 32 27 21 27 22 30 19 33 9 10 0 40
9 9 18 22 7 18 15 30 28 23 18 0 41
10 28 12 22 20 11 8 15 30 29 22 0 49
4 14 31 24 25 27 26 9 20 23 32 0 18
10 11 18 13 24 10 16 7 30 14 18 0 50
8 8 13 13 14 7 7 26 31 30 19 0 36
7 30 9 33 30 31 33 18 16 15 8 0 33
8 8 33 14 24 26 10 9 21 23 22 0 38
7 32 10 8 26 29 8 18 20 9 22 0 32
3 27 24 27 30 32 26 14 26 32 20 0 12
6 7 14 31 29 30 30 17 27 29 16 0 30
6 12 9 26 25 18 7 31 32 16 23 0 29
7 15 24 33 18 16 16 7 24 22 26 0 31
4 15 16 16 19 33 25 9 24 29 19 0 17
5 15 18 10 28 19 8 25 18 14 11 0 21
7 25 21 27 26 7 22 32 23 9 25 0 31
6 32 12 16 20 23 29 21 29 22 20 0 28
9 19 15 26 14 32 14 16 11 28 20 0 45
8 27 22 10 8 26 26 13 18 13 12 0 39
4 25 13 11 25 15 32 12 22 14 28 0 16
10 19 26 10 10 23 17 7 12 13 14 0 49
10 33 33 24 12 8 9 10 9 27 9 0 47
6 13 21 29 28 16 22 28 26 11 25 0 27
8 22 14 8 30 33 10 24 32 32 19 0 38
5 13 13 17 23 28 14 8 21 32 23 0 22
3 12 13 23 14 27 12 16 13 21 12 0 14
3 21 14 33 30 30 12 13 7 24 25 0 11
6 18 18 21 15 28 17 23 30 22 32 0 26
6 14 33 19 16 33 26 20 27 25 8 0 29
5 29 9 32 10 9 20 11 29 23 19 0 22
8 8 15 33 18 33 33 19 26 32 19 0 36
7 15 24 11 14 8 10 15 21 11 13 0 31
9 30 8 18 17 16 28 19 24 14 26 0 41
4 21 26 12 7 8 23 29 16 7 23 0 19
7 27 21 19 10 27 33 28 25 15 26 0 33
8 33 32 10 27 17 33 32 11 33 17 0 40
4 20 26 33 14 17 17 18 18 26 23 0 18
8 30 18 22 16 17 10 20 10 7 15 0 37
3 32 28 25 13 16 27 22 33 27 7 0 11
6 17 19 32 9 28 22 25 24 11 17 0 28
6 20 11 32 13 24 11 31 23 29 31 0 29
8 15 25 13 33 21 10 22 33 15 32 0 40
7 15 9 17 17 17 14 31 8 30 20 0 35
3 31 26 10 14 27 31 22 16 22 18 0 15
5 8 33 18 24 27 29 20 10 19 21 0 23
5 28 31 22 29 17 32 8 9 16 28 0 25
5 16 26 26 12 20 33 21 12 29 27 0 21
3 23 24 31 17 14 15 15 9 7 33 0 13
10 31 15 22 19 14 9 24 33 12 7 0 49
10 14 25 19 33 14 32 28 20 32 32 0 47
10 33 7 23 19 10 14 19 28 10 20 0 47
8 33 31 18 9 29 26 14 27 17 12 0 37
6 7 14 23 18 11 23 32 16 26 29 0 26
5 15 16 25 13 14 27 9 29 28 23 0 24
3 9 31 15 23 29 31 24 11 10 8 0 12
9 30 10 29 13 25 22 12 16 8 17 0 45
5 16 10 14 25 12 28 23 15 20 23 0 21
3 12 32 24 8 22 25 9 9 29 30 0 11
10 12 17 32 27 25 24 15 9 16 33 0 47
3 27 30 11 30 32 32 31 32 28 31 0 11
5 33 18 32 20 11 32 24 22 30 10 0 22
7 17 17 18 27 22 27 26 33 33 10 0 34
6 8 29 14 33 10 30 27 16 25 8 0 30
3 32 29 24 22 15 8 11 32 24 15 0 15
6 32 31 8 11 15 27 21 33 32 14 0 26
7 25 28 33 32 17 29 12 25 21 26 0 31
6 21 25 18 29 29 22 25 15 18 19 0 29
9 26 20 33 23 19 19 25 7 25 22 0 45
4 13 25 18 13 19 10 19 13 7 17 0 17
4 7 17 32 8 8 27 7 7 9 11 0 18
5 21 28 30 33 30 16 14 29 20 23 0 25
9 9 31 14 13 31 13 18 32 20 13 0 45
10 26 31 9 20 26 24 19 7 25 11 0 49
4 23 16 22 15 24 11 25 32 23 26 0 18
10 25 28 27 24 17 30 29 20 28 9 0 49
8 8 26 22 25 11 33 15 18 9 20 0 40
6 20 7 24 24 26 17 21 11 32 15 0 29
3 12 17 22 17 30 30 12 21 10 18 0 14
7 32 25 17 18 15 26 18 11 9 27 0 35
10 21 23 16 18 18 25 30 32 12 27 0 47
8 26 11 19 13 13 25 20 20 25 11 0 37
10 17 25 26 14 15 22 32 12 9 17 0 48
9 20 8 23 18 32 23 12 16 25 29 0 42
8 31 28 29 31 25 10 9 20 7 13 0 37
10 28 13 16 14 22 27 33 21 12 15 0 47
9 17 23 16 10 32 26 23 29 21 20 0 45
3 20 30 23 12 22 23 29 10 19 12 0 15
6 29 28 20 11 33 24 31 27 12 29 0 30
6 15 23 8 31 27 32 25 13 18 14 0 30
6 7 30 12 28 15 33 22 18 24 7 0 26
9 24 7 11 10 7 11 22 9 17 9 0 41
7 24 31 10 25 32 17 20 30 16 17 0 34
6 11 18 27 19 7 31 31 21 29 24 0 30
10 23 30 14 25 22 29 25 13 32 26 0 47
8 18 9 27 25 27 30 20 21 15 25 0 37
3 27 9 30 22 27 32 9 27 29 15 0 14
3 8 7 19 7 28 31 30 21 8 12 0 14
6 26 10 19 12 18 28 28 8 26 27 0 29
8 18 28 10 18 23 8 26 10 16 19 0 37
4 25 27 10 7 13 8 14 33 13 29 0 19
4 7 7 28 14 21 15 31 9 12 29 0 18
6 20 10 24 15 20 32 7 24 14 30 0 30
3 27 16 20 31 27 13 21 29 14 28 0 11
8 23 9 10 19 28 27 24 8 27 32 0 38
7 30 26 27 31 23 19 9 28 19 16 0 35
9 27 22 11 25 30 30 8 25 22 7 0 45
8 13 8 11 22 17 18 29 14 8 21 0 40
3 27 26 17 19 12 9 17 12 15 18 0 12
10 8 30 22 22 10 24 16 18 21 10 0 50
3 32 30 31 15 23 18 22 24 31 25 0 15
3 19 12 14 14 27 20 26 24 26 23 0 14
9 22 30 9 27 22 31 20 30 32 28 0 42
10 18 26 13 13 24 15 33 16 22 29 0 48
4 8 22 26 30 34 30 32 20 23 31 0 20
4 31 21 31 27 33 15 24 33 26 20 0 16
10 18 27 22 31 34 18 9 25 11 28 0 47
7 10 13 27 15 29 27 22 13 8 12 0 31
6 16 21 11 26 9 29 25 31 21 14 0 26
7 27 14 9 15 28 7 20 25 19 23 0 33
5 26 23 16 9 30 25 26 10 8 32 0 22
7 31 32 16 32 23 23 18 13 18 33 0 31
5 13 17 30 31 15 31 15 15 29 7 0 23
9 18 17 9 27 10 16 15 13 25 25 0 44
7 20 21 24 19 29 29 26 30 32 25 0 34
9 14 12 14 17 12 21 11 14 32 29 0 41
3 12 17 32 24 29 15 30 12 21 16 0 14
8 25 28 11 10 14 17 7 31 18 16 0 38
5 8 9 10 11 20 9 17 15 29 14 0 24
8 30 25 23 12 17 26 27 10 31 27 0 39
9 30 14 9 29 14 7 7 31 24 10 0 42
7 31 10 13 26 30 12 7 30 23 28 0 32
4 21 19 31 20 17 12 14 12 19 16 0 20
3 27 24 22 20 30 8 12 15 34 27 0 12
9 31 31 24 23 31 13 12 26 8 16 0 42
10 11 30 26 31 28 8 13 28 29 17 0 49
8 32 22 31 8 22 23 20 12 27 8 0 40
3 16 14 17 8 19 8 28 30 14 28 0 12
6 33 28 20 33 17 16 15 28 15 8 0 28
9 9 18 13 31 32 11 14 33 26 24 0 44
8 25 21 31 17 19 18 19 28 12 31 0 38
3 8 17 25 7 18 24 33 27 18 9 0 11
10 15 31 20 24 32 22 9 31 17 25 0 50
9 27 23 23 33 30 10 17 19 15 11 0 41
8 13 11 9 17 29 24 25 32 33 13 0 37
7 7 18 9 28 32 18 14 15 8 8 0 33
7 17 26 10 23 18 17 11 8 11 25 0 34
10 17 19 20 25 17 25 19 27 28 15 0 50
10 27 33 8 25 20 25 19 17 20 29 0 50
2 16 29 7 14 20 17 17 9 13 16 0 10
7 17 13 18 27 12 23 28 11 32 17 0 34
9 29 15 12 11 25 9 30 31 23 8 0 43
9 7 21 20 14 23 19 19 32 32 28 0 41
10 33 10 31 26 28 10 22 9 9 32 0 47
10 13 22 14 20 31 11 28 21 22 31 0 49
10 12 26 19 23 26 24 11 24 20 11 0 50
3 11 11 19 15 9 9 10 23 29 15 0 11
3 16 12 24 21 12 12 30 20 10 28 0 15
9 9 10 14 13 12 7 14 29 13 16 0 44
7 28 29 8 9 28 22 17 24 13 24 0 33
5 24 24 18 21 20 17 28 19 12 16 0 23
4 12 10 21 20 24 33 20 20 13 23 0 16
9 12 9 23 21 9 17 16 17 14 12 0 42
3 27 22 9 24 31 13 31 7 28 9 0 14
4 32 20 11 8 28 26 7 30 10 12 0 19
10 11 23 15 7 30 28 22 33 8 32 0 47
9 14 30 16 19 18 7 27 25 20 27 0 41
6 24 25 24 20 25 11 13 29 17 12 0 27
6 27 25 9 30 17 12 14 8 32 28 0 29
4 14 12 23 32 28 21 9 9 24 14 0 20
8 11 26 7 17 24 11 26 23 33 26 0 37
7 8 9 16 12 9 11 14 12 26 29 0 31
3 24 28 27 29 19 29 26 33 20 24 0 13
9 29 33 28 27 14 15 22 27 16 14 0 42
4 13 20 17 22 20 31 13 27 13 25 0 16
3 33 9 31 7 28 7 27 13 22 18 0 14
4 31 29 8 32 33 12 15 28 18 11 0 17
10 17 22 18 22 13 15 30 10 32 21 0 49
4 33 29 13 32 15 25 30 21 11 21 0 18
3 21 22 19 13 30 21 19 33 25 30 0 12
5 28 31 19 18 7 23 25 29 14 30 0 25
8 16 27 15 20 26 21 18 12 9 20 0 40
8 17 30 14 7 31 22 8 13 7 28 0 38
9 24 21 23 26 21 11 25 25 20 25 0 45
10 22 12 29 13 18 27 32 14 21 8 0 48
4 12 11 20 22 31 17 10 18 7 8 0 17
9 8 28 25 29 30 10 32 13 15 13 0 41
5 14 30 28 19 11 18 17 31 26 8 0 24
6 31 29 23 20 31 26 12 20 21 33 0 30
9 12 24 19 23 15 33 15 7 17 27 0 45
5 12 29 18 19 32 21 17 27 12 26 0 23
8 17 22 31 9 16 25 27 32 21 20 0 39
3 11 19 9 25 19 28 29 12 25 21 0 14
7 19 7 16 8 22 24 18 22 23 8 0 33
7 13 13 18 9 8 27 25 24 30 25 0 32
8 31 18 29 18 8 29 16 32 23 12 0 40
6 29 19 17 10 16 18 33 22 13 12 0 30
3 23 9 7 18 26 11 33 15 10 30 0 13
4 9 29 31 9 12 30 26 26 12 16 0 18
7 7 8 25 11 27 24 31 21 16 32 0 31
5 9 32 27 10 26 28 32 24 12 33 0 24
9 33 9 26 27 10 13 20 22 25 33 0 41
6 26 26 26 9 11 18 12 14 12 24 0 26
8 15 24 12 18 29 10 15 31 24 23 0 40
8 15 15 33 17 26 9 21 10 17 32 0 37
8 24 21 8 19 8 11 9 27 28 19 0 38
5 14 30 17 26 12 21 30 31 13 31 0 21
5 25 26 30 21 25 8 20 7 22 31 0 23
9 14 32 29 29 14 10 33 14 31 30 0 41
9 9 23 19 30 23 21 21 20 26 13 0 43
6 12 20 28 10 10 15 18 25 27 32 0 29
3 15 16 26 24 23 29 25 8 19 14 0 12
4 30 16 29 18 14 33 26 10 18 16 0 16
9 29 22 17 12 27 18 18 15 30 30 0 45
3 11 13 16 29 33 12 11 12 12 20 0 13
6 26 33 11 14 29 7 30 27 22 31 0 29
4 8 28 28 27 11 15 27 19 29 23 0 20
4 28 14 32 11 26 18 15 9 15 7 0 16
8 7 19 23 15 19 11 25 19 13 8 0 38
6 30 19 33 32 28 17 8 7 19 14 0 27
8 7 25 9 8 14 9 25 24 11 27 0 39
8 21 32 10 16 26 33 7 21 14 24 0 39
10 21 32 20 15 8 24 33 11 14 18 0 48
9 22 20 29 21 30 16 19 14 8 33 0 42
3 31 22 9 8 16 27 28 23 24 13 0 15
10 13 18 19 32 30 29 9 29 24 20 0 47
4 32 8 8 9 20 10 7 18 33 32 0 18
8 13 14 25 32 14 21 14 23 27 31 0 36
9 9 22 14 23 25 11 11 21 25 15 0 41
5 26 31 33 7 9 16 29 14 26 8 0 22
10 30 28 22 11 7 16 16 25 21 24 0 47
2 32 16 7 9 21 23 25 11 24 9 0 10
9 24 8 11 16 14 17 24 27 28 33 0 42
4 18 11 10 29 33 7 14 8 14 19 0 17
3 23 17 10 19 7 8 10 18 10 25 0 12
10 32 28 32 16 20 16 22 25 27 25 0 50
5 9 21 32 9 24 11 11 18 33 18 0 23
3 9 19 22 11 13 32 12 20 7 26 0 13
9 32 33 8 25 22 17 16 23 19 13 0 41
9 25 8 15 10 30 18 18 28 22 18 0 45
6 15 33 24 12 30 30 26 31 12 14 0 26
3 30 9 21 10 24 13 7 10 27 28 0 11
8 14 10 24 18 22 29 21 25 33 13 0 36
9 20 11 24 24 26 18 33 28 9 22 0 43
10 20 33 30 13 20 28 16 28 23 18 0 46
6 13 31 32 27 14 9 29 16 16 7 0 29
7 33 19 8 24 19 11 11 20 16 25 0 32
9 25 21 27 12 23 11 33 31 25 15 0 44
4 20 33 19 8 27 25 21 21 16 8 0 20
3 28 28 17 16 9 26 28 11 26 13 0 14
4 17 20 27 8 9 28 28 26 30 26 0 16
6 13 7 16 20 25 18 16 19 26 19 0 28
4 18 8 17 18 18 21 15 30 33 15 0 19
9 27 15 10 33 29 25 9 31 21 22 0 41
7 22 7 12 10 19 19 17 14 20 12 0 32
8 10 19 26 25 22 30 22 7 12 26 0 37
3 19 11 8 20 24 30 27 15 28 8 0 15
7 23 33 27 27 27 14 18 29 26 17 0 32
10 10 7 20 32 33 9 21 27 28 19 0 48
3 16 24 26 9 12 29 21 18 29 16 0 12
10 31 27 31 20 8 16 18 29 31 31 0 49
8 8 27 24 11 20 24 11 13 8 10 0 37
10 9 32 20 23 9 26 13 9 11 33 0 49
6 24 29 19 25 29 31 18 20 30 14 0 27
3 7 27 14 20 24 15 13 28 33 14 0 12
5 29 26 22 29 17 15 26 32 33 30 0 22
6 15 25 18 21 14 32 8 18 27 27 0 28
7 29 18 11 14 25 31 8 16 13 13 0 34
3 22 28 18 13 27 31 26 30 18 27 0 12
4 21 28 22 14 17 9 27 9 8 29 0 19
4 24 9 31 9 32 18 25 31 13 23 0 18
8 23 14 32 18 33 12 25 18 28 29 0 39
8 23 11 11 20 14 12 21 22 26 23 0 39
7 30 8 12 32 8 28 21 11 16 9 0 33
3 22 16 20 8 26 29 17 30 18 30 0 13
9 15 19 14 18 19 30 21 29 29 27 0 41
10 19 7 31 16 33 10 26 13 31 18 0 47
9 18 13 32 25 29 12 32 10 31 22 0 41
3 32 23 16 10 24 10 15 20 16 23 0 11
9 32 17 14 8 29 21 17 29 15 30 0 43
4 20 21 21 21 9 25 34 23 30 26 0 19
6 32 22 13 26 14 9 25 9 32 23 0 28
6 11 18 28 8 20 30 28 29 19 21 0 26
4 13 14 7 30 26 13 27 22 29 17 0 18
7 20 11 15 10 16 16 26 21 12 11 0 31
2 27 13 27 23 26 33 9 30 12 7 0 10
4 19 31 30 17 22 12 24 16 12 18 0 16
4 18 33 20 30 10 29 15 24 19 19 0 20
7 16 17 14 11 9 9 27 14 24 14 0 32
6 22 21 31 11 8 25 14 23 16 33 0 27
3 32 10 15 21 33 15 14 9 30 18 0 14
10 33 23 25 10 25 21 10 15 14 10 0 50
6 18 23 29 15 9 13 18 31 17 9 0 29
10 19 11 13 7 30 16 17 11 15 26 0 47
6 10 22 19 32 32 23 33 12 31 15 0 30
9 28 29 21 7 13 17 28 9 9 7 0 41
6 14 24 22 15 12 31 14 9 29 27 0 27
8 16 7 32 30 11 31 16 9 33 23 0 39
10 18 7 9 26 33 10 24 13 24 30 0 49
3 26 20 12 9 22 7 13 9 28 30 0 12
8 8 13 32 22 31 15 25 18 27 22 0 37
9 9 31 12 17 30 33 10 29 19 16 0 43
8 23 32 17 32 19 20 11 27 33 28 0 40
3 29 19 12 25 10 14 22 11 17 12 0 14
7 13 15 23 21 8 23 22 14 12 20 0 31
4 27 29 20 19 16 27 13 22 15 22 0 18
3 15 20 24 27 11 14 11 25 28 15 0 14
3 15 8 18 25 12 18 23 27 14 13 0 13
7 19 19 15 7 31 11 8 31 16 19 0 35
8 16 16 28 15 7 24 27 10 10 23 0 36
3 21 27 25 19 20 13 21 11 32 11 0 13
5 16 21 21 24 15 26 20 13 19 14 0 23
5 27 13 17 29 32 20 14 29 17 25 0 25
10 26 9 11 28 8 18 20 17 30 22 0 50
9 19 10 29 28 26 16 28 11 19 28 0 42
6 14 33 28 33 15 9 19 12 7 22 0 29
7 7 14 9 16 31 13 7 22 29 7 0 31
4 25 11 10 18 27 33 26 27 29 29 0 16
8 24 20 28 13 12 31 18 13 9 10 0 39
8 13 12 32 16 11 24 18 22 21 8 0 36
6 24 21 28 26 7 28 12 26 12 12 0 30
8 18 18 19 12 22 12 17 18 23 8 0 40
3 10 27 20 13 27 13 21 27 8 9 0 13
3 17 18 23 30 12 33 31 8 22 21 0 12
2 11 32 20 20 32 23 33 25 14 28 0 10
3 16 17 12 10 18 29 29 27 28 24 0 14
5 25 13 14 17 19 31 29 10 32 18 0 22
7 27 26 14 13 31 19 10 11 9 33 0 35
7 25 15 29 17 12 14 32 12 9 14 0 33
5 17 19 21 21 7 23 23 15 23 13 0 21
9 9 30 8 29 14 24 26 33 31 12 0 45
4 29 12 9 9 28 17 10 31 15 27 0 19
4 23 21 17 24 16 8 14 12 10 21 0 17
9 24 20 10 13 33 11 25 31 30 31 0 43
10 12 19 23 13 31 23 12 26 13 31 0 46
4 29 20 10 28 8 18 28 15 8 11 0 17
7 19 30 15 18 9 24 31 25 18 18 0 35
5 21 21 17 17 22 31 21 29 24 12 0 23
3 21 12 8 27 20 7 14 23 32 26 0 14
5 21 15 10 23 11 13 13 26 25 27 0 21
4 11 13 30 9 14 27 16 14 8 10 0 19
9 13 14 16 23 12 32 33 28 17 13 0 42
4 16 8 18 13 8 10 7 23 21 21 0 18
4 27 25 25 31 22 30 23 14 14 21 0 17
6 8 33 30 28 17 24 18 13 7 29 0 29
10 9 19 22 27 14 25 24 16 23 10 0 49
8 7 28 8 9 8 7 24 8 7 16 0 38
10 27 21 9 8 30 29 17 21 29 9 0 50
7 19 10 11 20 17 15 20 31 29 25 0 32
4 24 15 15 16 32 30 8 14 24 10 0 19
10 19 32 18 30 21 30 26 26 25 12 0 50
10 20 23 18 29 30 24 31 15 23 14 0 49
10 17 22 23 14 30 29 15 31 30 32 0 50
3 24 23 31 30 17 26 19 19 11 16 0 13
6 21 26 32 25 11 14 27 28 29 14 0 27
2 12 21 14 28 8 23 23 32 16 16 0 10
8 29 17 23 11 14 13 9 22 14 27 0 36
4 29 23 14 23 31 26 24 16 28 9 0 20
4 32 9 12 21 33 7 31 15 25 14 0 16
9 7 14 26 30 16 11 26 16 15 19 0 43
5 14 15 26 10 14 28 32 29 15 10 0 24
3 18 9 11 26 9 27 11 16 16 21 0 11
10 33 21 22 29 14 19 29 7 26 15 0 50
7 13 23 29 26 11 9 8 14 28 21 0 32
4 33 21 32 31 31 32 25 9 27 31 0 18
10 16 25 10 21 28 22 27 15 11 9 0 47
7 24 18 31 27 10 30 10 20 10 33 0 34
10 17 30 8 26 19 14 22 33 32 27 0 47
10 11 18 16 20 15 26 11 13 17 26 0 48
8 14 9 7 19 13 8 29 10 24 26 0 38
5 31 31 11 29 12 22 28 15 18 18 0 21
7 8 24 14 25 13 14 11 24 32 8 0 31
9 23 22 20 29 32 16 16 19 31 13 0 44
4 12 12 9 11 10 27 14 17 23 28 0 17
5 14 19 12 29 26 19 15 10 21 10 0 21
8 17 22 18 8 14 9 13 12 22 7 0 39
4 18 22 25 25 33 22 30 31 32 17 0 16
6 20 11 21 13 14 21 29 15 7 17 0 29
9 25 18 8 33 29 28 11 10 28 20 0 45
4 23 24 25 11 25 31 17 12 9 32 0 16
5 24 7 10 24 20 21 8 27 17 13 0 25
2 16 27 13 30 27 10 18 7 29 13 0 10
9 27 20 7 18 13 20 24 19 30 14 0 45
10 17 7 22 17 23 15 31 26 28 15 0 48
4 28 9 19 29 32 11 15 25 10 28 0 20
3 21 22 25 10 26 20 21 19 18 21 0 15
6 30 17 27 12 9 8 29 24 22 20 0 29
10 15 22 10 14 23 20 26 26 10 27 0 49
3 23 31 30 11 9 7 22 20 17 22 0 12
9 15 26 21 8 14 28 13 32 15 33 0 41
5 25 33 30 24 27 32 15 11 14 15 0 22
6 20 7 15 27 34 27 32 20 15 32 0 26
4 18 28 10 10 33 11 16 23 33 21 0 20
8 17 20 29 20 8 30 24 28 28 19 0 39
4 20 14 18 26 13 27 21 17 21 12 0 17
8 22 12 20 20 9 17 23 25 8 10 0 37
10 15 7 17 24 29 11 27 21 30 11 0 49
3 17 13 32 28 27 26 23 13 16 25 0 15
5 7 17 10 9 33 27 15 19 10 13 0 21
7 31 13 20 11 20 23 16 20 15 24 0 35
4 11 11 33 17 24 28 26 14 18 17 0 19
9 30 14 28 16 18 29 17 13 10 30 0 43
7 11 15 31 26 23 8 16 9 21 15 0 35
3 11 10 25 21 27 16 20 30 28 12 0 12
10 17 9 16 19 22 28 13 17 24 13 0 48
10 13 9 26 19 7 33 14 10 11 9 0 46
6 21 15 25 24 21 15 10 16 23 21 0 28
5 32 20 17 11 24 25 33 27 22 28 0 22
4 26 14 13 19 12 31 12 29 10 10 0 18
10 9 31 8 22 34 32 32 9 8 20 0 47
4 8 22 21 14 28 13 27 27 33 20 0 16
7 33 32 26 14 10 14 27 15 13 30 0 33
7 9 34 18 7 32 20 26 32 13 26 0 31
5 11 20 16 17 22 32 26 33 25 8 0 25
9 32 25 19 16 19 19 15 13 32 19 0 43
8 32 27 23 18 32 9 18 19 23 12 0 38
4 10 11 17 13 14 23 14 18 17 26 0 19
3 8 30 21 12 24 33 14 29 27 14 0 11
5 16 29 20 16 15 20 31 14 12 8 0 22
4 24 27 22 26 11 23 18 24 15 8 0 18
10 26 16 25 9 14 18 22 10 32 9 0 46
5 11 27 25 33 32 29 19 21 9 12 0 21
2 10 18 14 10 13 23 7 18 15 13 0 10
2 12 7 18 11 14 18 15 9 20 30 0 10
8 28 29 24 30 24 12 16 17 31 26 0 36
3 10 21 28 16 8 29 22 17 33 19 0 12
5 28 10 26 15 29 8 22 19 20 21 0 21
8 21 13 18 32 29 32 20 32 15 16 0 36
10 21 33 20 29 29 8 24 20 30 10 0 50
4 18 15 10 24 20 30 11 32 23 31 0 16
8 9 12 17 20 7 11 22 23 22 14 0 36
3 11 16 20 32 20 22 29 20 10 29 0 12
8 27 26 10 15 11 17 20 23 20 29 0 39
8 33 9 10 32 19 7 31 33 7 31 0 36
6 27 9 17 10 21 11 23 28 14 12 0 28
7 9 19 18 32 20 31 21 10 9 8 0 34
9 19 15 15 30 28 16 23 13 26 32 0 45
6 24 20 8 13 11 9 24 20 10 32 0 28
5 28 18 18 18 20 13 21 30 31 16 0 21
6 18 8 21 31 11 8 13 18 17 30 0 27
5 32 10 7 33 18 24 12 25 15 24 0 23
7 19 23 16 12 18 27 23 14 29 33 0 35
9 7 12 20 25 18 30 10 20 24 15 0 41
3 13 18 30 22 20 27 7 12 20 8 0 14
4 33 20 21 8 21 32 14 8 24 33 0 16
7 27 16 13 17 14 23 12 33 25 14 0 35
6 31 28 28 13 30 27 8 11 15 18 0 27
3 25 29 20 17 12 9 9 27 12 16 0 11
10 28 20 14 33 29 11 24 14 17 27 0 47
6 8 16 10 21 12 26 15 16 24 10 0 29
3 8 11 28 33 25 22 26 18 8 17 0 13
10 9 10 15 18 10 17 22 8 19 24 0 50
9 19 11 15 16 8 29 19 18 29 23 0 45
9 25 21 29 18 25 22 33 33 10 16 0 41
6 19 33 7 33 21 27 12 21 10 11 0 27
10 14 33 8 13 19 21 24 11 13 12 0 47
7 27 11 23 9 25 15 30 16 11 33 0 34
3 25 30 11 8 13 26 28 15 31 11 0 11
3 28 26 12 22 26 28 27 19 8 19 0 11
7 25 7 23 11 11 15 33 15 8 20 0 34
6 11 22 29 22 11 28 30 28 22 18 0 28
9 14 32 31 23 11 29 10 15 20 18 0 42
6 11 12 21 12 27 20 20 9 15 29 0 26
4 14 29 23 25 15 17 17 8 15 17 0 16
6 33 22 23 28 15 13 16 25 22 9 0 30
3 18 12 23 25 8 26 25 7 27 10 0 12
9 8 26 9 8 10 23 24 14 26 21 0 45
3 26 10 9 16 17 25 28 31 8 23 0 14
7 25 32 8 7 23 32 31 30 26 16 0 33
6 32 15 17 20 23 30 25 11 17 13 0 30
3 14 29 32 8 14 27 22 14 24 21 0 15
9 24 16 31 30 8 12 26 27 27 11 0 42
10 30 12 15 15 28 27 12 23 17 23 0 46
9 23 32 15 32 30 30 14 16 13 21 0 41
3 23 21 13 28 16 10 15 13 12 24 0 14
8 26 9 31 16 24 16 20 8 22 15 0 37
6 14 21 27 10 20 27 32 31 16 24 0 26
9 33 9 17 25 21 26 11 30 9 16 0 45
7 32 18 22 12 18 30 19 33 21 25 0 34
7 17 21 28 19 31 17 34 22 22 33 0 35
7 31 32 28 22 18 15 14 15 33 16 0 35
3 20 20 25 16 11 23 15 32 26 17 0 13
6 31 14 9 20 14 26 9 23 28 11 0 26
3 15 8 12 32 12 33 20 11 17 14 0 14
5 15 30 28 30 10 31 10 10 17 23 0 21
3 23 32 16 16 24 12 23 27 8 25 0 14
3 21 7 31 10 15 12 19 8 20 8 0 12
8 9 24 19 24 8 21 11 7 23 11 0 36
10 29 31 16 9 20 20 8 22 13 17 0 47
10 20 10 12 13 33 28 33 18 20 10 0 50
5 10 29 25 18 13 23 21 10 30 11 0 21
7 23 11 7 16 25 20 21 23 20 31 0 32
5 20 31 16 12 27 23 24 22 13 30 0 22
9 7 21 12 29 17 22 20 21 23 30 0 41
8 14 26 11 11 30 10 12 14 13 8 0 39
10 15 30 21 30 24 11 12 29 32 23 0 49
4 7 13 19 17 15 21 18 19 13 10 0 16
9 24 25 12 12 24 19 29 23 10 12 0 45
4 29 23 26 17 16 10 8 20 22 11 0 17
9 27 10 33 28 25 15 22 7 16 22 0 43
10 20 28 12 13 14 11 33 24 18 22 0 49
5 17 9 33 23 33 24 15 26 20 20 0 23
3 24 22 18 12 24 8 17 25 24 25 0 12
7 24 24 11 17 19 12 28 19 16 13 0 34
6 9 12 18 21 7 14 26 31 28 9 0 27
9 9 33 21 8 19 8 9 9 12 25 0 42
7 30 30 10 20 31 27 16 9 15 25 0 33
6 12 30 19 9 24 33 26 18 26 33 0 26
7 30 19 14 9 16 17 14 13 7 21 0 35
2 25 32 10 12 16 17 17 22 14 12 0 10
5 27 23 9 25 22 29 21 19 21 19 0 25
8 22 7 17 28 16 17 25 18 30 25 0 40
4 16 17 32 25 29 25 11 15 10 31 0 19
9 33 20 26 25 14 9 7 24 31 8 0 45
10 23 28 10 18 9 11 26 7 23 13 0 49
4 9 22 27 13 14 16 26 8 28 32 0 19
9 15 25 30 11 12 16 29 29 19 23 0 43
6 7 15 15 7 27 28 27 20 30 14 0 26
4 12 27 33 25 16 8 30 8 31 31 0 16
10 14 13 32 12 23 8 24 32 12 8 0 47
6 18 18 25 12 13 33 23 8 15 22 0 28
9 8 12 10 33 22 23 19 27 30 18 0 45
2 24 11 26 8 13 15 15 31 16 9 0 10
5 8 28 9 27 22 21 28 29 16 14 0 25
6 21 29 25 26 29 22 14 11 29 27 0 28
3 8 21 16 15 24 14 32 29 11 20 0 11
9 26 7 10 9 31 22 11 8 20 10 0 41
10 12 17 30 22 30 28 8 13 17 18 0 46
4 19 32 32 30 16 15 11 24 21 33 0 20
8 21 12 13 28 33 23 11 27 7 22 0 37
4 26 18 28 24 31 22 26 14 15 8 0 16
4 21 25 14 7 12 17 16 9 30 25 0 18
5 21 22 22 8 23 7 10 13 15 8 0 25
2 23 19 19 13 12 7 26 7 32 28 0 10
10 29 29 11 23 8 31 16 16 10 15 0 48
3 28 17 12 7 32 12 20 21 29 27 0 11
8 16 27 8 11 28 23 24 20 12 26 0 36
8 33 7 21 22 18 9 9 8 26 12 0 39
3 15 19 14 21 29 18 7 32 31 14 0 12
8 24 24 15 15 12 12 12 22 17 10 0 38
4 33 29 10 14 8 12 11 26 17 28 0 17
5 9 12 11 17 20 32 23 9 32 26 0 21
6 12 20 10 28 14 13 31 21 28 10 0 30
3 13 22 18 26 8 18 30 29 29 9 0 12
10 27 14 26 15 21 26 23 14 9 25 0 48
3 10 19 25 10 32 12 31 25 17 8 0 12
6 23 22 25 8 31 23 33 10 29 25 0 29
4 8 25 14 16 15 13 15 14 33 12 0 19
5 20 17 12 12 32 18 32 8 14 9 0 22
7 8 23 20 13 8 19 13 15 34 16 0 31
6 15 19 13 22 17 19 14 14 25 30 0 30
6 32 23 33 21 19 24 7 22 15 27 0 27
10 28 10 30 12 14 24 20 7 18 31 0 46
6 14 8 26 9 25 29 28 8 20 14 0 30
10 21 30 22 31 21 22 30 7 28 7 0 50
8 24 32 28 20 18 9 15 26 9 25 0 36
3 20 9 21 28 12 14 10 26 28 18 0 15
6 19 11 17 20 16 12 27 18 9 16 0 29
8 19 11 20 30 17 11 21 13 16 24 0 38
7 25 24 29 23 17 13 19 32 12 16 0 31
4 12 18 17 12 28 15 9 31 27 17 0 16
8 32 8 22 31 27 13 13 8 13 29 0 39
5 13 23 16 23 23 15 12 25 12 28 0 22
3 26 17 22 13 29 28 21 24 8 17 0 15
5 17 12 27 13 29 25 12 22 33 22 0 24
7 20 29 13 9 23 10 26 9 33 16 0 31
3 24 13 15 13 28 28 17 29 20 28 0 13
8 16 8 10 22 20 19 27 18 22 7 0 40
10 14 13 21 27 25 18 9 26 24 12 0 46
10 24 26 10 31 21 16 28 26 21 26 0 49
10 19 8 26 29 11 29 17 17 18 26 0 46
7 20 28 25 33 33 13 15 13 25 17 0 34
8 25 32 27 13 11 12 23 16 28 28 0 36
3 28 12 8 21 25 25 14 28 26 14 0 12
8 22 8 22 33 11 11 8 10 30 20 0 39
8 13 24 30 7 13 20 20 20 25 9 0 40
4 33 22 25 25 32 13 10 16 33 18 0 20
10 25 21 11 21 14 21 20 9 24 13 0 47
8 15 17 25 32 27 10 20 32 33 33 0 40
2 12 22 17 23 17 9 26 23 14 33 0 10
9 30 13 28 14 27 29 33 26 33 21 0 44
3 32 34 20 18 24 33 11 29 34 11 0 14
2 11 11 26 20 10 22 28 19 33 15 0 10
3 11 8 29 22 11 14 18 17 15 30 0 12
10 22 17 24 29 29 11 18 20 12 21 0 49
5 30 9 31 27 9 7 13 26 27 14 0 25
3 23 25 16 21 8 10 17 15 25 24 0 13
3 33 16 33 7 15 14 7 26 13 27 0 15
10 22 24 7 12 23 28 29 25 12 29 0 50
4 21 8 11 20 24 31 19 15 11 17 0 16
10 24 7 28 16 15 15 13 20 28 15 0 47
4 9 10 18 12 11 22 32 10 23 23 0 18
6 23 30 30 15 11 24 30 26 8 8 0 26
5 16 18 20 30 10 25 20 9 26 7 0 24
10 11 20 32 30 12 31 29 11 17 28 0 48
10 24 9 21 13 20 7 26 24 9 10 0 48
4 33 11 26 16 14 26 28 26 16 10 0 17
7 13 17 19 15 27 33 31 29 21 27 0 34
8 22 18 30 17 12 30 31 33 33 11 0 40
10 14 31 29 9 28 17 33 30 11 19 0 49
3 14 25 17 22 20 18 16 33 22 10 0 14
9 9 20 29 7 26 23 16 26 26 25 0 45
9 33 22 18 8 30 31 29 21 13 14 0 44
7 20 13 23 31 27 9 26 16 14 17 0 34
2 13 25 28 28 23 13 30 14 8 33 0 10
8 11 28 32 17 12 29 20 25 13 30 0 37
9 33 32 17 33 28 24 30 20 26 10 0 42
9 8 16 31 20 20 19 17 20 26 18 0 41
3 14 21 30 25 17 18 18 14 12 9 0 14
7 28 14 12 15 20 23 17 16 10 17 0 34
9 30 28 25 17 13 13 24 27 22 24 0 43
9 12 16 13 19 10 21 33 7 27 12 0 45
3 8 9 29 19 33 16 10 30 8 10 0 14
10 13 7 19 12 20 26 31 20 9 18 0 50
7 14 12 31 25 10 29 20 20 17 12 0 31
2 22 21 24 31 10 19 19 28 20 25 0 10
5 16 26 30 14 31 9 24 20 29 14 0 25
10 16 22 26 24 17 26 13 29 27 13 0 46
3 16 23 28 29 12 33 15 18 10 18 0 12
8 13 17 28 29 8 28 14 18 14 23 0 38
4 33 12 33 28 24 14 18 11 11 25 0 20
3 21 24 23 21 32 16 11 24 23 25 0 14
5 29 17 29 28 33 33 28 33 24 22 0 21
5 29 30 11 31 26 17 12 7 26 13 0 23
5 11 16 23 26 26 14 7 10 11 17 0 21
5 12 11 31 29 19 21 7 15 24 27 0 25
3 9 10 10 9 13 13 21 10 10 33 0 11
2 23 33 27 30 18 32 20 15 12 33 0 10
5 30 16 16 32 15 16 23 28 12 31 0 24
5 19 9 20 11 27 22 15 25 10 21 0 23
3 28 24 21 18 19 10 28 30 30 31 0 12
3 17 31 30 18 24 19 33 21 27 26 0 15
5 10 15 28 25 17 24 24 14 27 18 0 25
5 22 23 27 33 33 31 29 23 20 23 0 24
6 21 13 23 29 30 29 23 12 9 27 0 26
7 8 30 29 31 10 25 22 18 23 33 0 33
3 24 8 27 9 13 7 12 17 26 25 0 11
6 29 25 8 32 25 10 25 28 16 21 0 30
5 22 24 23 32 17 23 14 12 17 17 0 22
10 8 25 10 30 30 28 10 8 28 14 0 50
10 21 28 16 27 18 20 19 27 25 31 0 49
5 26 22 30 21 23 10 15 7 8 19 0 22
9 23 28 29 18 10 22 21 16 14 9 0 45
6 24 7 29 29 30 19 8 14 18 25 0 29
9 22 25 15 16 14 22 14 9 13 30 0 42
4 8 31 29 21 32 14 11 17 30 22 0 19
4 20 7 28 21 11 26 22 24 22 32 0 19
3 11 26 22 27 12 14 22 27 15 27 0 15
7 24 17 17 10 23 9 30 26 10 23 0 33
3 15 11 29 11 23 23 21 31 30 15 0 15
7 11 13 13 8 24 21 25 20 30 7 0 34
4 11 23 28 14 14 23 9 25 25 30 0 20
5 31 31 21 24 12 20 23 14 18 33 0 21
6 11 29 24 21 7 25 19 30 24 22 0 30
8 14 17 8 10 11 27 22 15 31 10 0 38
3 20 26 10 28 30 33 9 8 26 13 0 12
5 10 28 10 24 25 11 17 32 19 14 0 24
3 30 22 10 15 28 22 27 26 32 16 0 11
7 20 19 25 31 15 11 16 27 22 15 0 34
5 28 26 15 25 26 25 31 10 20 32 0 24
3 31 15 33 32 11 28 26 21 9 30 0 11
3 29 10 17 8 29 15 25 9 8 28 0 15
3 27 23 16 17 11 22 10 21 17 16 0 14
8 7 33 19 25 22 32 11 18 30 7 0 38
10 9 16 14 26 19 27 17 23 11 28 0 49
8 14 28 30 30 33 7 31 13 17 20 0 40
5 21 23 11 7 20 27 13 20 13 8 0 21
7 8 15 26 25 20 21 31 8 27 21 0 35
5 18 11 32 25 8 24 20 12 26 11 0 24
6 10 13 27 7 26 22 29 32 8 13 0 26
5 8 7 13 7 14 12 29 31 10 8 0 22
5 12 25 32 33 30 13 32 7 20 18 0 25
5 20 7 19 14 8 32 32 32 25 29 0 22
8 24 30 29 19 9 32 13 10 7 22 0 39
4 23 18 10 22 22 29 33 24 21 8 0 17
2 31 12 19 7 17 14 12 27 20 21 0 10
3 24 33 32 28 25 18 10 7 33 12 0 13
4 31 7 18 12 9 10 7 32 7 25 0 18
5 17 7 27 9 16 28 23 28 12 27 0 23
6 26 16 9 21 22 11 25 14 29 8 0 30
8 30 31 33 12 16 11 11 14 8 7 0 37
8 26 8 16 28 23 24 17 29 10 31 0 38
10 30 18 19 23 20 30 8 7 15 26 0 50
5 25 22 9 28 14 23 18 30 16 14 0 24
8 12 18 33 19 22 33 10 32 12 16 0 40
6 28 11 10 17 8 33 25 24 32 29 0 29
5 24 16 31 25 30 8 31 17 12 27 0 25
4 8 10 31 27 18 29 20 14 21 25 0 20
4 14 24 25 12 27 13 29 9 31 16 0 18
7 10 12 20 9 30 17 22 31 12 9 0 32
3 15 17 24 10 15 22 26 32 14 17 0 13
7 22 32 17 11 25 17 32 29 12 32 0 35
5 13 30 10 18 30 10 29 7 20 9 0 22
4 15 30 24 11 19 33 28 28 26 17 0 17
10 19 26 8 21 23 11 8 32 7 13 0 50
10 22 29 8 32 8 11 7 22 23 8 0 49
3 8 13 11 25 24 31 9 27 7 27 0 14
3 14 23 8 15 17 26 18 11 32 14 0 14
5 11 32 30 26 24 23 20 17 18 15 0 22
6 24 10 7 8 12 12 11 28 30 32 0 28
2 30 25 23 23 9 17 16 17 31 25 0 10
3 31 32 8 19 18 18 21 26 25 14 0 12
5 19 7 8 8 15 17 11 31 25 30 0 24
8 28 9 19 7 31 24 12 17 16 16 0 38
4 11 10 22 26 31 19 31 7 15 11 0 20
9 14 22 14 16 19 21 19 19 13 33 0 41
8 9 27 8 29 16 31 32 9 20 22 0 40
9 11 21 23 29 28 17 19 16 25 29 0 43
9 22 19 19 31 24 12 31 12 15 11 0 41
6 15 27 23 31 11 27 24 31 11 8 0 27
8 30 9 20 12 10 22 14 24 22 8 0 38
3 20 29 30 10 25 28 24 7 27 15 0 13
7 21 10 20 17 19 15 27 19 27 27 0 33
8 10 21 19 21 20 27 20 31 17 23 0 38
5 26 21 31 32 27 29 17 14 11 18 0 21
10 15 30 19 11 11 17 19 10 13 11 0 47
8 8 26 16 7 7 12 15 19 7 22 0 38
4 15 32 26 16 28 18 21 22 23 32 0 16
3 25 9 32 11 11 20 19 27 23 32 0 14
4 20 16 31 9 8 30 33 28 8 27 0 17
6 27 25 14 24 18 13 31 10 30 8 0 28
7 28 18 18 26 26 19 30 27 10 30 0 33
4 24 33 17 29 30 33 28 33 25 10 0 16
10 32 13 26 30 15 22 25 24 26 27 0 46
3 9 22 15 24 20 11 26 26 22 17 0 12
7 23 22 7 32 8 18 18 26 24 11 0 35
10 23 25 16 19 18 32 19 15 18 11 0 48
7 26 30 10 8 11 23 33 11 16 28 0 34
4 19 33 33 29 15 14 25 21 18 27 0 16
5 17 12 9 13 28 11 14 27 16 28 0 22
8 11 33 16 29 8 21 16 10 28 31 0 38
5 21 31 7 12 32 26 7 25 31 25 0 24
4 29 25 25 25 32 8 21 18 20 12 0 19
5 21 33 25 29 20 30 21 21 22 7 0 24
8 20 10 21 19 17 19 23 24 12 9 0 40
9 12 13 10 26 15 22 31 27 20 33 0 43
7 27 27 15 32 20 28 27 18 29 13 0 33
9 7 32 8 30 28 28 8 28 26 9 0 44
4 22 24 20 27 9 16 23 15 24 19 0 17
10 13 10 18 18 30 33 31 20 16 12 0 48
8 24 13 12 17 30 29 24 32 29 33 0 36
7 12 20 17 21 33 7 8 8 12 23 0 35
5 19 33 18 13 12 9 27 25 12 8 0 21
3 17 19 25 15 33 10 10 22 7 32 0 12
3 16 33 12 7 21 8 30 29 13 19 0 11
10 33 30 29 10 21 27 20 23 21 27 0 46
3 30 16 16 22 16 19 12 27 10 10 0 14
4 16 25 10 12 8 23 18 14 28 7 0 19
10 17 25 31 26 32 14 18 9 14 29 0 49
6 28 29 27 31 16 27 20 26 27 14 0 30
4 21 9 11 23 33 29 23 18 14 32 0 18
3 12 19 23 17 27 23 21 32 23 8 0 13
9 18 18 26 22 18 27 33 13 15 11 0 41
10 31 7 14 24 16 26 30 29 29 14 0 50
8 18 8 33 10 14 10 25 10 21 12 0 38
6 17 8 33 8 8 30 23 23 16 26 0 29
8 20 25 20 15 22 14 10 20 11 12 0 40
7 29 22 13 7 21 31 20 28 33 15 0 32
3 12 31 11 29 26 24 7 12 12 33 0 15
10 14 13 10 33 21 19 24 30 23 7 0 46
5 10 28 32 12 19 18 22 11 23 32 0 25
6 25 17 8 33 12 29 10 11 14 33 0 30
10 28 28 27 26 11 14 32 18 7 25 0 47
7 30 19 21 9 19 32 7 15 14 19 0 35
10 24 9 10 11 16 21 28 10 22 15 0 50
3 20 14 32 10 9 27 15 9 25 18 0 12
2 7 28 33 31 32 22 28 33 25 16 0 10
6 28 8 19 11 17 10 12 16 29 8 0 28
7 8 31 31 32 14 24 32 8 21 17 0 33
9 13 32 18 8 12 25 25 7 15 19 0 44
9 24 16 9 22 33 19 30 32 18 20 0 44
4 24 29 18 29 23 32 21 15 14 26 0 20
10 32 28 12 9 26 18 17 20 14 16 0 47
7 25 7 22 21 14 10 32 13 27 33 0 35
5 14 20 29 30 19 17 33 25 7 9 0 21
4 20 17 18 26 11 19 11 15 14 32 0 18
4 17 24 19 28 27 21 26 31 15 32 0 17
9 19 28 14 10 11 15 20 14 13 32 0 45
10 30 21 15 10 7 15 32 31 22 23 0 48
10 20 31 8 18 25 26 33 29 22 26 0 47
6 8 29 15 33 33 28 23 22 33 32 0 29
4 19 28 12 27 15 14 29 22 21 16 0 19
8 25 26 18 19 21 13 14 30 26 23 0 37
3 29 9 12 30 8 28 25 12 22 8 0 12
9 19 17 32 10 12 26 16 18 31 11 0 45
10 9 28 15 31 26 29 26 20 10 18 0 50
8 19 20 15 31 14 10 16 29 14 32 0 37
5 32 20 32 8 19 14 29 16 10 12 0 23
5 29 17 20 24 25 13 13 15 27 18 0 23
5 19 25 15 13 9 19 12 15 29 29 0 25
4 33 16 22 11 13 16 12 27 29 12 0 18
8 8 16 31 31 20 30 9 26 20 24 0 37
6 7 31 17 28 22 20 20 25 31 16 0 26
8 31 16 32 29 12 32 13 17 12 24 0 38
5 29 27 9 11 8 23 17 22 18 11 0 22
6 15 20 19 30 17 27 34 22 28 10 0 28
10 27 22 24 32 14 14 11 11 23 20 0 47
4 29 30 18 20 23 18 31 23 7 22 0 18
3 12 23 10 8 27 19 7 29 33 27 0 14
3 28 24 30 31 18 21 27 11 28 15 0 11
8 10 13 9 16 14 20 27 32 30 12 0 37
8 11 29 29 23 8 7 9 21 27 32 0 37
9 18 32 23 25 25 8 11 15 8 27 0 43
7 30 14 24 11 19 14 20 27 32 14 0 34
4 10 28 9 25 16 31 25 12 20 23 0 20
10 16 21 16 31 17 20 24 10 24 17 0 48
3 19 11 18 21 9 9 9 17 11 33 0 15
6 31 21 10 9 23 32 32 18 27 23 0 30
3 18 11 29 12 25 10 8 24 14 25 0 11
9 32 33 13 20 29 28 14 9 17 8 0 45
5 33 27 32 29 19 27 10 9 10 24 0 22
4 29 14 17 9 30 12 10 30 13 24 0 17
4 16 24 22 22 10 14 13 28 17 14 0 19
7 13 26 13 14 13 19 7 15 8 18 0 35
8 14 11 27 29 19 21 16 24 28 29 0 37
8 10 15 27 28 16 12 16 16 31 14 0 40
4 32 14 24 13 23 14 14 29 27 27 0 18
10 22 28 17 10 14 9 26 30 10 32 0 49
7 25 21 22 8 21 31 29 8 8 20 0 34
3 18 15 24 25 14 10 12 28 33 23 0 14
3 8 20 26 12 33 25 11 7 15 14 0 15
4 33 25 27 15 16 7 11 12 7 15 0 16
6 26 13 30 9 11 17 23 24 25 32 0 27
3 19 33 29 19 27 31 28 33 29 15 0 14
4 15 15 18 18 16 10 31 7 27 23 0 17
8 33 11 19 29 31 14 18 9 18 14 0 36
4 9 23 25 16 9 21 22 33 18 26 0 18
8 12 26 22 15 31 8 26 12 14 8 0 36
8 17 8 22 16 13 33 22 31 12 24 0 37
8 11 31 25 18 29 28 31 30 21 13 0 38
8 12 19 18 27 26 23 10 9 11 14 0 37
10 15 7 9 14 28 31 9 12 24 28 0 50
3 25 32 25 26 33 11 8 13 22 24 0 14
9 20 28 26 32 13 9 32 31 12 15 0 43
7 32 12 20 11 21 32 17 27 16 29 0 32
7 22 21 29 25 8 16 16 32 21 29 0 31
10 18 12 21 34 22 29 9 23 28 31 0 46
7 24 11 19 14 33 33 14 24 19 8 0 33
2 22 16 25 8 26 15 26 12 27 15 0 10
5 30 31 22 27 8 10 31 14 33 21 0 24
7 8 26 28 23 22 12 32 8 30 25 0 33
10 8 26 33 26 13 27 23 32 26 19 0 47
10 16 31 26 12 20 13 19 29 21 17 0 47
8 20 15 22 25 24 31 16 9 12 17 0 36
7 25 7 13 18 25 12 28 33 13 17 0 34
9 25 25 12 25 18 28 21 32 27 33 0 41
9 14 22 14 23 32 24 18 14 18 14 0 42
9 27 26 9 23 25 31 10 29 21 18 0 44
8 7 12 27 28 12 12 32 14 32 33 0 40
5 28 7 25 30 8 8 20 18 8 22 0 25
8 20 9 22 27 16 23 14 16 33 23 0 38
8 20 9 22 24 7 18 17 15 9 26 0 39
10 17 30 25 20 27 21 23 22 8 32 0 50
10 28 14 32 32 30 11 11 9 17 18 0 49
6 29 32 11 19 15 26 21 24 29 31 0 27
7 19 15 32 12 11 11 30 8 23 33 0 34
4 14 20 17 21 26 30 33 24 14 7 0 17
3 22 13 25 10 19 18 20 11 30 30 0 14
5 26 31 24 11 32 22 12 25 22 18 0 22
4 26 10 23 22 14 11 30 7 18 20 0 16
9 15 17 9 12 29 9 13 19 7 29 0 43
5 27 22 26 26 24 14 32 22 30 27 0 21
5 28 16 32 9 17 23 28 14 22 27 0 22
3 30 26 25 20 18 19 11 18 11 30 0 14
10 22 24 32 30 30 32 29 16 25 32 0 47
8 12 8 8 15 21 15 22 22 8 27 0 38
4 16 26 19 27 32 13 25 31 28 26 0 20
10 20 30 25 15 29 31 8 9 19 17 0 47
5 32 9 33 8 29 19 8 19 22 25 0 24
7 28 23 20 19 16 15 25 11 25 30 0 34
9 27 17 32 21 20 29 26 25 21 18 0 41
7 19 18 31 14 15 21 9 33 12 26 0 31
7 26 16 24 23 31 7 32 25 24 22 0 31
3 11 14 10 31 23 15 15 20 16 19 0 11
9 27 17 20 21 22 19 17 11 19 11 0 43
2 13 32 33 30 26 29 27 18 10 23 0 10
9 10 24 20 12 27 14 27 21 17 20 0 44
9 12 28 10 13 21 28 21 31 18 29 0 43
3 28 22 10 29 20 24 16 22 14 33 0 14
9 27 15 23 9 11 31 31 28 8 25 0 44
3 9 25 12 30 31 9 17 30 10 22 0 15
9 33 7 9 19 31 28 10 33 19 29 0 42
4 24 14 8 17 7 25 20 9 23 27 0 18
7 32 32 21 30 23 30 23 29 25 29 0 31
4 20 28 16 31 33 12 7 12 21 18 0 16
3 30 13 11 32 15 27 9 25 27 21 0 11
6 18 26 10 33 30 17 18 18 16 21 0 29
9 17 13 25 33 7 12 24 15 23 28 0 45
10 14 23 30 22 9 25 25 10 26 32 0 49
4 30 28 19 33 21 7 14 17 19 26 0 16
9 31 19 25 19 15 26 27 23 21 22 0 44
6 22 28 15 16 23 7 18 27 25 21 0 28
3 10 31 21 11 31 18 27 16 29 32 0 12
3 11 11 7 12 19 21 28 22 24 25 0 12
5 19 32 24 12 23 20 10 28 27 14 0 23
2 33 21 20 20 25 24 30 7 31 28 0 10
3 27 20 20 20 11 15 10 15 30 30 0 13
10 32 19 9 10 15 14 24 29 21 12 0 48
8 24 27 14 16 12 25 32 15 30 32 0 40
4 31 17 31 19 9 8 30 29 15 13 0 19
4 16 8 19 28 22 33 14 32 14 15 0 18
9 28 20 11 23 14 12 17 13 14 15 0 45
8 25 25 17 16 13 8 28 30 19 10 0 37
4 15 28 16 26 22 16 30 22 15 9 0 18
6 24 32 29 32 19 22 24 25 9 29 0 27
9 15 10 24 27 24 13 11 8 20 11 0 43
4 19 31 18 23 9 17 24 26 29 13 0 16
4 21 12 25 15 26 18 18 29 25 12 0 20
3 30 16 26 28 17 8 11 17 15 18 0 13
6 32 31 15 29 22 17 21 29 12 32 0 27
9 11 32 14 24 18 21 16 10 16 24 0 44
7 25 25 10 16 23 13 24 27 24 22 0 33
6 10 20 13 16 28 31 13 29 28 29 0 27
9 23 19 23 33 13 8 9 12 22 19 0 45
8 17 16 30 32 30 8 24 30 31 15 0 40
3 21 33 11 26 7 31 32 27 12 30 0 13
10 28 17 22 24 10 25 16 20 21 20 0 47
6 28 24 14 28 16 14 31 17 33 28 0 30
5 28 31 13 21 23 17 29 27 17 21 0 25
5 7 10 22 7 17 27 21 12 32 33 0 24
6 11 20 26 19 31 19 8 15 14 14 0 27
3 15 12 7 14 31 30 24 18 12 22 0 13
4 20 20 9 11 17 31 22 11 29 13 0 16
5 19 19 18 29 16 23 18 11 28 13 0 21
5 14 22 18 12 20 11 19 10 33 23 0 25
9 25 12 21 25 32 8 29 22 17 27 0 42
3 20 23 19 15 15 24 15 32 22 7 0 13
10 20 24 31 19 24 22 31 14 9 13 0 48
9 20 28 31 11 24 30 30 23 19 16 0 41
4 22 29 15 22 19 19 20 31 21 29 0 17
5 25 8 8 27 10 28 25 29 11 11 0 22
8 31 30 22 31 26 28 18 8 11 10 0 39
8 16 23 19 25 11 17 15 27 9 11 0 37
6 34 30 20 24 19 10 24 13 22 21 0 30
8 33 23 19 13 10 18 16 17 24 33 0 40
3 29 27 33 21 13 19 18 7 8 31 0 12
7 8 30 24 27 7 18 21 11 28 27 0 31
5 33 21 11 13 16 9 10 12 17 16 0 24
4 9 24 20 19 23 25 10 31 8 24 0 16
3 7 8 13 28 31 23 23 15 21 32 0 15
6 22 33 16 13 15 28 23 19 29 20 0 27
9 14 7 31 31 13 20 26 11 33 21 0 41
9 21 15 18 26 23 26 14 31 18 11 0 45
3 33 31 25 32 23 7 24 26 13 17 0 12
8 11 21 31 7 24 25 32 21 9 9 0 40
7 19 26 11 20 9 25 17 9 27 26 0 34
8 22 27 9 25 14 16 8 19 24 17 0 36
8 22 31 29 12 32 21 25 33 28 24 0 37
8 29 19 8 29 13 15 12 29 24 12 0 39
10 14 26 32 21 23 12 30 31 10 28 0 48
10 26 27 17 18 28 33 8 17 30 30 0 48
2 13 24 33 16 12 12 23 11 7 18 0 10
9 13 11 14 33 11 8 23 7 18 32 0 44
3 8 17 11 23 26 13 30 14 17 33 0 13
5 30 19 7 19 17 8 26 7 25 28 0 23
5 20 16 28 25 15 14 31 27 23 19 0 25
8 32 33 7 14 32 22 30 8 11 25 0 38
8 24 29 14 24 16 7 30 23 31 20 0 37
9 15 26 21 10 12 14 32 9 24 24 0 45
10 7 28 26 31 17 18 29 15 14 15 0 47
4 25 18 20 23 25 22 10 22 18 25 0 16
10 28 11 33 20 7 20 10 20 24 18 0 46
6 26 16 12 28 24 28 24 7 28 32 0 30
3 12 30 24 27 25 25 32 17 21 20 0 13
9 7 15 24 26 32 18 22 24 10 22 0 43
3 13 8 28 26 28 21 8 14 10 23 0 14
5 13 25 19 8 15 32 15 12 16 7 0 23
5 14 8 33 8 11 25 27 17 28 32 0 22
69 76 89 121 96 98 128 123 76 125
104 140 151 167 185 217 228 258 267 297
118 131 143 166 194 217 221 249 271 286
114 138 155 179 199 209 225 246 280 287
118 136 151 169 194 216 232 253 262 285
106 129 146 163 186 206 227 252 279 290
102 137 158 174 197 215 229 254 269 291
102 123 148 172 193 215 224 254 272 298
105 139 157 168 195 207 235 247 266 299
117 140 144 160 180 219 238 247 276 300
115 135 159 162 190 204 225 257 264 297
107 136 158 164 198 210 235 244 272 285
120 131 140 175 199 200 233 253 272 294
113 121 147 178 193 217 238 244 264 293
108 132 160 180 187 206 231 257 266 296
102 120 150 170 184 213 230 260 272 292
105 126 141 179 185 217 220 248 274 299
106 131 160 164 197 203 238 254 271 293
107 124 156 174 187 213 238 243 270 286
114 129 142 161 192 204 233 255 274 286
115 121 145 166 195 201 240 255 279 285
108 124 151 179 197 209 227 253 271 282
112 123 156 166 192 209 231 260 267 287
114 135 157 164 193 202 232 246 268 294
100 133 157 170 199 208 239 255 276 293
101 136 151 171 186 216 227 251 273 292
105 124 144 171 193 209 223 243 262 294
111 120 144 166 183 206 240 248 270 289
112 133 151 179 184 209 221 258 272 288
114 126 150 161 196 207 240 245 271 292
102 135 149 164 183 216 227 250 260 281
100 130 150 176 198 212 240 251 272 295
100 133 150 170 187 206 230 260 273 294
116 120 155 176 192 201 238 256 271 292
113 120 151 162 200 213 235 252 279 290
112 125 152 174 184 203 230 242 276 288
106 129 142 173 185 206 240 240 272 288
114 120 140 170 186 207 240 256 274 300
107 133 157 160 199 215 227 246 267 290
107 133 143 169 181 211 223 242 267 292
114 131 147 166 198 200 240 251 265 287
106 133 141 166 193 213 230 253 266 283
116 140 155 163 194 215 233 256 278 292
116 129 155 174 183 201 237 259 274 299
100 138 158 166 186 206 237 248 262 286
100 122 143 165 187 211 228 242 262 299
106 139 140 179 188 208 234 258 274 280
108 140 151 165 189 218 237 258 265 295
112 131 153 165 196 218 220 248 267 289
114 132 151 175 181 209 227 260 270 288
100 126 159 165 191 211 232 249 270 292
109 139 146 178 190 211 236 244 271 286
119 131 159 170 194 217 231 260 267 288
104 140 153 167 186 210 230 260 268 298
104 135 142 165 195 204 235 253 276 287
114 133 147 179 196 209 224 258 262 282
102 139 141 180 197 216 228 254 267 299
110 127 141 179 197 209 233 251 272 299
109 132 147 167 181 212 236 243 271 294
115 140 147 160 188 211 238 243 275 298
105 137 144 167 184 200 239 243 275 300
110 128 140 163 180 216 230 245 272 281
113 127 152 171 191 215 234 245 273 291
101 130 145 164 195 207 238 257 266 289
103 139 141 178 182 201 221 255 261 293
101 138 147 171 199 217 236 242 276 293
106 120 152 160 192 217 240 253 280 286
114 131 142 160 181 207 238 244 260 283
114 124 160 165 200 203 225 241 271 295
105 131 141 179 192 220 222 251 272 295
106 124 148 171 194 213 231 248 265 295
101 131 149 171 196 204 229 247 262 289
118 138 155 163 194 219 232 249 277 291
117 125 147 164 188 208 231 257 268 291
111 140 155 180 192 207 220 260 270 298
114 130 152 169 182 214 221 251 279 300
117 140 156 180 200 203 238 260 273 293
107 120 160 163 191 215 232 247 274 283
113 123 145 175 200 213 228 256 270 292
114 125 147 170 194 203 237 242 272 289
117 140 150 178 197 218 220 253 264 282
107 134 156 165 192 206 240 248 263 288
120 123 154 171 194 214 231 256 267 299
118 123 151 168 181 217 228 240 280 282
108 132 158 170 198 207 223 251 279 288
117 136 147 163 194 205 234 241 268 288
113 127 143 160 198 219 228 245 261 292
115 123 145 175 187 211 230 251 269 289
119 127 150 176 185 206 229 250 264 289
119 122 151 169 193 212 228 245 278 286
115 123 156 176 187 217 239 241 264 285
117 131 158 175 185 206 221 254 276 283
120 137 153 161 191 215 238 252 266 288
105 125 148 172 192 211 225 241 274 295
105 124 158 173 189 211 234 249 269 282
107 136 140 164 194 209 238 256 278 293
115 138 159 160 193 205 231 260 274 294
110 124 153 168 186 217 223 256 272 289
118 131 158 168 187 202 234 249 275 283
112 126 155 160 189 219 239 258 278 299
113 120 149 160 199 205 239 244 274 284
113 136 155 174 181 203 236 250 276 298
117 138 150 172 191 219 225 255 263 287
104 134 144 167 197 219 223 243 279 290
116 134 154 163 186 211 239 248 279 286
100 127 140 170 182 215 232 249 278 288
115 128 153 176 200 206 224 258 277 291
108 123 159 169 192 219 230 244 279 289
111 134 144 171 181 200 233 256 273 288
114 121 145 173 200 220 230 253 263 298
118 137 152 168 186 211 239 254 276 291
114 137 159 168 181 206 237 252 260 291
107 136 143 164 199 209 239 257 265 294
107 140 144 168 195 219 225 241 276 280
108 133 145 160 196 216 229 248 278 281
106 133 142 179 188 203 238 249 272 280
119 139 140 177 185 204 221 259 279 281
101 126 153 167 183 217 231 259 267 298
114 120 160 172 189 203 221 246 280 286
120 127 159 160 196 213 240 254 270 300
104 140 142 174 183 220 236 250 261 299
101 121 140 171 195 217 222 247 279 281
116 133 146 165 186 210 240 252 274 284
110 133 142 163 184 214 235 244 274 281
107 136 157 170 183 200 228 243 261 284
114 139 154 174 187 211 223 256 260 285
113 124 142 172 198 207 234 243 264 287
106 139 159 177 192 204 229 253 266 300
120 136 148 168 182 200 240 256 265 297
106 123 147 161 188 209 236 251 271 287
115 129 154 176 189 206 235 259 260 287
115 132 144 174 181 215 236 251 276 299
104 124 149 168 193 214 228 260 272 283
109 128 160 175 183 212 224 252 266 284
102 138 149 164 183 214 230 257 270 288
117 127 140 167 190 211 230 255 260 280
118 128 152 165 199 203 239 243 261 282
120 130 159 171 197 212 238 246 273 296
101 129 154 176 200 219 235 243 276 287
106 130 153 166 187 202 233 248 261 289
107 125 160 169 196 204 235 249 262 297
116 140 158 170 197 218 228 248 276 282
120 120 144 170 184 201 234 244 280 299
115 122 157 168 185 213 228 240 279 284
114 121 146 175 192 218 223 242 277 291
110 132 160 179 200 214 224 256 272 284
101 123 156 162 187 204 221 245 262 297
111 137 145 160 181 218 224 241 274 286
106 129 159 179 186 219 235 247 265 296
118 123 156 178 199 201 220 253 277 283
101 126 147 175 195 215 230 254 268 282
115 134 152 177 190 220 231 243 271 296
112 133 142 167 198 212 238 243 276 298
109 127 140 166 197 219 222 256 260 282
119 135 143 177 189 200 236 247 265 292
118 132 140 170 191 201 232 252 277 300
109 137 145 165 190 204 238 240 261 285
114 135 148 175 195 218 231 258 267 291
112 124 148 166 186 217 225 259 279 298
101 135 140 167 198 216 237 253 275 287
104 138 147 162 187 220 238 252 262 291
110 137 144 161 197 205 229 254 266 282
103 137 154 177 190 214 237 243 261 282
110 139 144 179 195 209 220 242 270 296
116 129 141 164 187 201 231 241 275 284
114 132 156 171 190 212 236 252 278 284
103 140 146 162 183 203 225 245 273 296
111 122 158 171 191 202 227 241 272 286
101 123 160 169 189 207 231 258 272 284
102 127 156 176 189 204 229 252 267 297
117 138 154 174 183 210 225 240 276 290
119 124 156 165 181 208 237 256 262 281
106 130 158 161 186 210 240 258 268 286
114 137 140 162 193 216 221 253 279 300
114 125 148 172 189 207 240 244 276 297
105 135 157 165 195 209 220 256 272 299
119 126 141 178 193 211 229 250 265 299
112 133 143 174 193 211 223 257 268 295
101 120 145 166 183 217 221 259 262 283
101 126 154 161 198 209 229 248 269 287
109 134 143 175 191 214 234 253 268 281
110 122 154 168 200 218 239 246 264 280
108 126 148 170 191 214 221 253 267 298
113 128 145 177 200 200 234 251 261 300
118 129 152 172 185 212 230 241 260 281
109 135 149 172 189 219 237 242 278 281
108 138 153 160 193 200 230 240 263 292
105 132 160 174 182 214 227 251 268 291
116 127 146 172 199 215 226 243 280 295
100 125 158 172 190 212 220 250 277 295
117 125 152 179 185 201 220 240 271 281
106 133 156 161 197 205 235 258 263 297
118 128 158 178 186 201 222 248 269 295
119 138 150 167 187 218 229 242 279 284
109 127 149 174 183 201 222 252 280 282
117 136 155 175 184 202 225 250 272 298
114 126 144 177 193 205 232 253 270 281
107 122 149 164 181 211 229 249 280 300
110 126 144 180 196 203 222 249 268 281
102 133 156 171 183 215 240 240 263 290
104 124 140 169 188 203 240 254 263 293
113 126 147 161 191 202 231 245 271 280
106 132 140 178 191 218 232 251 268 284
104 136 151 170 194 220 230 255 272 294
115 127 154 163 188 202 239 255 272 283
117 132 158 170 193 217 235 245 268 286
112 137 148 167 184 218 238 260 270 290
107 128 156 166 184 214 224 259 270 287
110 124 152 171 200 210 222 247 267 283
106 120 158 174 185 213 225 252 274 289
106 133 151 167 194 205 231 260 279 280
112 138 141 166 198 209 232 249 269 289
111 134 159 160 183 208 238 250 265 292
105 131 146 164 196 216 233 247 267 286
114 125 157 180 197 218 239 244 270 287
100 127 155 170 181 213 236 250 278 289
115 125 143 160 190 218 226 256 266 280
110 135 141 167 184 202 236 241 270 288
100 139 152 174 190 207 229 240 263 292
106 124 145 173 188 203 227 260 274 289
115 131 151 165 185 203 223 251 260 285
100 131 160 171 200 206 221 259 264 300
118 140 153 169 190 219 239 253 270 292
111 135 158 169 200 211 239 258 264 291
115 129 150 162 200 204 222 244 277 300
115 140 142 173 194 209 224 250 268 285
117 130 155 163 180 202 240 252 262 297
101 128 145 167 193 208 238 254 278 296
112 134 153 170 198 202 239 252 271 289
119 136 147 168 182 208 221 240 263 293
100 134 158 175 187 211 236 240 277 281
105 127 159 173 191 210 224 254 271 288
112 137 149 170 190 210 239 260 277 286
102 131 150 168 192 219 237 255 277 298
107 130 153 179 186 214 225 248 278 298
112 124 149 169 193 207 233 242 272 295
117 130 152 174 186 213 238 258 265 300
107 139 143 179 188 209 221 256 280 291
108 127 155 167 187 206 234 253 272 288
119 139 147 169 185 204 230 241 264 296
112 127 154 174 186 210 235 252 268 282
120 136 148 163 190 203 239 242 268 283
103 127 147 161 187 220 240 253 261 296
116 121 154 162 193 207 223 253 261 284
111 130 151 180 189 215 230 258 261 298
113 126 147 163 197 216 239 249 264 290
118 125 155 167 200 215 232 242 264 287
113 131 159 171 200 212 235 240 265 285
113 127 152 175 189 211 228 246 262 300
102 126 140 180 193 200 221 260 272 294
120 129 140 168 191 207 239 260 276 283
103 128 157 172 198 208 237 258 279 291
108 139 160 180 199 211 234 259 276 290
120 138 146 171 189 214 221 240 271 290
102 137 159 162 187 203 236 253 275 294
109 123 143 164 197 206 234 260 276 283
111 127 157 166 188 204 224 260 263 284
117 132 149 161 193 203 223 241 268 291
108 138 143 170 195 219 231 251 265 284
111 134 148 164 183 203 222 250 265 283
110 133 146 168 184 202 230 259 275 288
111 124 155 178 186 216 231 248 271 293
119 130 156 160 196 202 228 242 266 296
105 120 146 179 190 215 220 260 266 286
112 125 156 178 185 202 239 258 260 299
119 120 158 173 198 206 236 255 266 284
111 135 148 172 195 213 240 253 274 300
116 127 143 178 198 217 234 257 264 298
117 133 141 180 187 200 223 252 273 286
119 124 151 177 196 215 227 250 262 299
115 138 153 177 185 219 223 252 266 292
114 123 147 177 182 208 235 260 277 293
117 130 148 170 193 211 223 254 270 297
118 134 149 164 186 200 239 249 262 283
101 123 155 168 192 200 235 251 276 298
114 130 145 180 180 218 230 256 272 295
112 128 145 162 180 214 227 243 265 300
100 135 144 162 183 200 220 248 278 283
115 137 144 168 199 213 224 244 277 299
100 136 160 167 199 213 223 258 271 294
108 140 158 163 180 216 239 244 276 284
108 124 141 170 191 202 238 256 269 294
115 128 143 171 181 206 224 259 266 291
109 140 155 164 193 216 220 243 264 285
117 130 145 173 193 219 233 248 266 291
117 131 154 177 188 214 228 256 280 291
120 140 158 172 194 210 225 245 263 284
118 139 151 180 190 215 234 248 268 295
119 122 140 175 183 207 233 247 260 284
110 134 147 168 186 203 227 244 272 296
109 139 144 171 198 210 223 249 275 287
120 133 152 176 191 204 221 248 261 298
106 125 154 166 194 210 231 257 263 293
102 125 153 161 190 209 224 242 280 293
110 123 148 176 189 205 239 241 280 285
101 139 141 175 196 210 239 247 280 292
118 131 149 160 185 206 225 245 276 285
112 137 150 164 196 211 221 250 278 281
114 138 141 175 185 207 231 242 273 298
102 139 155 178 188 203 235 240 276 286
103 129 158 179 183 208 234 249 262 281
111 129 151 165 200 209 220 256 274 294
106 132 158 179 190 202 233 253 262 281
118 129 155 173 184 213 228 259 274 287
114 123 157 166 189 217 225 247 280 287
114 127 156 180 190 217 232 240 265 295
102 132 147 166 192 211 239 241 280 289
101 123 155 167 191 201 238 257 264 292
111 130 145 176 182 206 223 256 275 290
102 125 148 178 184 213 230 254 271 298
106 134 160 171 189 213 230 244 262 282
106 130 151 172 187 215 233 253 273 296
108 132 153 180 182 209 223 240 260 300
110 139 158 178 182 208 235 248 268 296
113 139 143 160 182 202 229 250 277 292
104 138 146 161 200 216 240 247 269 292
105 140 156 177 196 204 223 260 264 292
109 124 148 170 199 214 236 251 269 292
114 128 140 168 193 208 238 241 265 289
114 136 152 162 181 204 221 243 276 280
108 124 156 178 191 202 224 258 262 298
110 140 146 165 181 218 236 260 273 284
116 120 158 164 198 218 226 256 264 285
105 122 143 161 198 200 233 256 264 287
105 134 145 164 197 200 235 241 270 282
111 125 148 168 190 213 226 241 276 297
108 135 155 165 193 201 229 249 275 296
104 137 156 173 193 210 229 260 276 285
102 136 141 174 197 207 226 259 266 281
105 125 148 168 192 203 240 257 265 291
100 138 152 166 199 219 222 252 269 287
111 120 145 167 180 217 235 254 271 286
120 125 157 179 195 207 232 247 264 280
106 129 149 179 184 204 240 240 265 294
111 128 153 173 192 204 230 255 264 280
117 132 156 169 192 200 224 251 280 281
117 125 159 173 187 209 238 253 276 300
110 137 142 161 191 212 221 247 264 289
105 138 148 175 193 206 236 243 262 286
110 127 155 170 200 210 225 251 275 296
117 120 141 165 186 208 223 246 278 300
106 124 155 178 199 207 227 246 263 281
101 128 149 176 186 209 225 255 277 281
103 122 153 166 189 210 237 253 261 295
108 126 146 161 184 214 234 259 276 290
115 140 153 160 188 203 229 257 278 295
104 135 160 180 198 210 236 254 264 300
116 131 143 170 199 202 235 257 268 290
112 140 143 161 187 206 232 244 264 281
105 129 150 177 195 205 235 252 279 290
113 120 149 174 192 203 239 260 265 294
102 122 150 162 200 214 228 241 261 292
117 131 159 179 180 200 226 259 277 292
118 139 152 180 197 209 236 249 279 296
106 126 145 170 180 219 220 255 269 299
118 140 160 175 181 215 222 258 276 292
114 126 158 162 190 217 238 258 266 281
105 121 156 173 189 200 233 260 264 294
117 139 150 171 191 200 223 241 280 291
105 126 151 177 195 211 231 241 272 294
106 122 155 164 199 205 237 255 274 286
110 133 150 170 193 205 240 246 280 282
109 124 144 161 183 217 221 245 260 293
107 127 153 170 197 215 238 250 273 280
107 128 156 168 197 210 227 254 262 291
102 131 156 167 195 207 239 260 261 293
104 138 141 175 182 220 237 259 266 300
118 129 147 174 193 212 232 242 278 285
110 137 152 173 195 201 233 249 280 294
113 124 152 168 199 215 239 250 266 290
104 120 150 165 192 208 233 249 272 298
100 137 145 174 198 204 238 259 276 281
100 140 149 171 182 202 235 259 263 296
104 126 143 166 187 219 237 255 276 292
118 126 153 166 182 206 227 240 267 299
103 138 160 169 186 220 225 252 270 299
116 137 153 165 200 211 236 250 267 292
105 128 148 162 190 213 239 259 261 294
100 125 148 171 184 208 230 252 266 280
120 120 140 163 197 200 226 255 272 296
106 139 140 165 189 218 220 253 265 298
104 128 154 178 180 204 238 247 270 286
104 127 144 171 196 211 226 242 266 284
110 136 150 172 193 203 236 242 268 288
113 137 156 172 190 207 239 251 263 288
109 131 158 170 182 207 231 256 272 286
107 123 155 163 200 202 223 249 263 285
103 132 155 180 185 200 235 249 269 289
102 134 141 174 191 206 230 248 266 297
120 124 149 165 186 218 238 248 268 296
120 134 156 173 199 214 233 251 269 282
102 137 157 174 190 209 227 242 270 287
114 138 155 166 193 208 228 259 274 299
104 135 147 179 189 212 225 257 263 282
117 126 159 174 194 214 226 240 269 287
119 131 149 168 181 205 223 243 279 293
112 135 151 174 186 202 237 244 264 290
102 121 141 162 180 213 224 243 270 284
103 129 151 174 195 211 226 240 270 286
118 138 160 178 191 202 224 259 278 284
109 139 149 172 192 200 226 246 275 291
113 126 143 164 185 204 238 245 277 288
102 120 149 167 195 214 234 253 278 285
105 140 144 167 193 211 239 245 280 282
112 132 149 176 188 214 235 259 276 291
107 136 145 165 195 209 235 246 265 299
118 123 157 180 188 217 237 255 279 286
101 139 142 162 198 213 230 245 277 289
115 131 151 180 198 208 225 258 268 284
112 131 158 176 187 216 233 250 263 287
120 121 149 173 188 218 226 253 272 289
110 136 160 179 197 200 221 252 269 291
120 140 145 179 194 220 232 246 261 289
104 123 145 170 183 201 239 258 269 296
111 126 143 174 193 212 225 255 265 286
101 130 141 176 192 203 230 244 270 295
102 125 157 163 193 217 230 246 271 296
108 127 158 177 181 211 226 245 263 293
119 121 140 177 186 212 221 254 266 298
110 138 145 173 194 214 230 251 266 282
116 132 152 165 189 210 224 246 268 284
114 139 142 164 195 216 235 249 264 287
117 120 148 178 200 217 227 241 263 283
117 122 150 169 188 206 230 255 265 281
102 122 160 164 180 203 237 259 267 284
116 129 157 180 200 208 221 246 275 299
113 140 152 180 181 210 228 244 279 293
115 126 154 172 192 206 236 250 276 300
108 124 159 178 192 210 240 256 275 289
113 127 149 175 181 212 229 242 264 296
117 123 154 161 183 216 240 250 272 282
106 127 147 170 191 211 237 246 271 291
108 121 157 171 190 210 237 260 277 283
108 134 156 161 200 200 240 240 266 287
114 137 158 175 188 201 228 259 266 294
109 135 151 161 188 207 226 257 270 295
108 134 147 167 195 217 224 240 274 286
119 136 158 161 182 209 226 256 260 293
104 140 148 171 184 203 225 258 268 284
102 134 146 172 184 218 229 243 262 288
104 129 149 180 196 202 223 243 262 299
108 128 150 169 194 212 232 244 269 285
113 135 142 169 195 206 223 244 264 295
112 130 145 176 186 200 227 242 269 299
117 127 155 173 200 204 234 252 261 298
120 136 156 166 194 201 234 254 276 285
105 134 143 166 193 207 224 243 276 285
111 130 147 169 197 210 222 251 277 286
108 133 143 160 188 200 228 242 266 280
118 134 147 177 195 202 230 240 273 284
119 122 147 171 186 206 232 253 277 283
112 122 150 174 181 200 227 252 267 282
100 126 154 172 200 211 237 257 260 291
116 138 160 162 182 217 224 251 262 288
101 130 150 168 184 219 237 251 263 281
110 134 160 180 199 200 236 259 276 280
100 126 146 168 194 210 223 251 273 294
107 133 149 173 187 211 221 254 264 287
113 122 156 166 191 210 231 241 264 290
115 126 153 178 180 216 222 250 277 292
117 124 154 161 183 220 230 245 274 293
112 131 155 162 196 217 227 250 262 288
108 121 148 175 181 203 225 246 280 286
100 121 150 173 182 205 222 259 267 296
112 124 147 160 196 210 239 251 264 281
116 127 142 165 195 210 238 260 277 288
105 132 143 169 187 212 237 242 275 294
107 122 157 163 192 213 233 243 268 289
103 132 144 177 190 215 222 259 261 298
115 133 157 171 186 209 222 240 274 297
101 140 147 173 193 201 236 260 264 296
101 135 155 170 182 219 226 241 275 291
107 128 159 180 188 212 240 255 271 290
119 121 140 179 181 207 229 260 261 281
111 125 142 167 189 208 239 250 266 299
116 131 146 173 197 213 226 252 278 284
102 131 154 166 181 209 240 254 275 299
113 123 155 172 181 205 222 256 276 288
111 136 149 173 181 205 223 260 272 285
119 130 145 172 198 203 221 240 280 300
102 136 157 162 198 207 240 255 270 288
109 124 160 179 181 205 233 256 271 297
117 137 140 170 186 205 229 240 276 292
109 128 155 167 189 219 228 247 278 280
118 121 142 173 198 205 238 254 267 295
100 138 142 164 194 218 221 260 275 297
103 135 145 169 182 211 225 257 273 285
116 129 141 170 182 217 229 258 264 297
101 127 159 162 182 206 234 260 273 284
107 135 148 164 193 219 237 256 270 291
101 125 153 160 188 218 236 258 267 287
108 127 141 177 184 206 229 254 270 296
112 129 146 161 195 213 234 249 277 281
107 120 151 169 193 219 237 254 263 295
110 139 160 179 185 203 239 240 269 295
105 128 159 171 184 211 223 260 275 292
102 133 154 180 193 220 226 242 263 294
107 129 150 161 188 215 221 257 279 296
103 128 153 178 186 200 231 249 275 281
110 132 157 163 192 212 232 250 276 294
104 124 160 176 195 213 227 248 267 280
102 120 156 174 190 203 229 260 267 283
118 137 156 163 187 211 240 259 268 280
105 135 157 176 200 207 225 258 271 285
105 127 152 179 189 220 225 254 261 286
118 124 158 167 184 211 223 252 274 297
119 129 145 177 186 214 233 248 267 295
117 132 156 174 192 204 230 243 278 282
113 121 143 167 199 209 226 242 275 290
110 131 148 179 190 206 233 249 261 292
120 132 147 161 186 213 236 253 278 294
100 133 142 164 192 209 233 248 267 297
113 134 151 169 186 205 225 250 269 281
100 138 157 163 191 201 228 252 267 292
119 134 146 161 180 204 220 254 271 298
111 126 155 173 195 206 222 247 262 289
105 136 148 179 190 215 229 260 272 300
110 122 152 174 200 203 235 249 279 285
103 124 148 179 192 211 240 242 274 295
113 126 158 170 200 214 227 248 274 299
106 137 152 175 185 220 236 251 264 293
113 125 148 178 194 219 221 243 279 294
117 130 143 179 198 207 222 244 278 291
110 132 144 162 188 201 224 250 265 295
114 130 146 161 189 203 222 243 265 288
105 136 140 172 197 220 231 250 264 287
113 131 154 169 198 206 234 242 278 282
118 124 157 163 185 217 222 257 278 280
119 122 149 177 192 214 229 257 274 282
101 130 148 161 197 217 239 245 276 295
120 120 153 179 197 209 223 248 262 300
103 122 159 160 190 220 227 254 262 300
108 123 160 164 193 213 222 259 262 287
105 128 153 161 187 217 237 245 270 288
105 133 149 166 198 209 229 240 278 282
117 122 159 169 197 209 239 242 269 293
107 133 160 170 190 201 232 243 266 288
114 135 147 175 200 205 235 249 278 295
108 121 141 161 194 220 237 248 265 292
118 130 146 171 187 206 222 250 261 300
120 120 145 176 198 215 225 251 267 291
119 123 143 170 183 210 231 246 270 294
104 134 145 176 185 207 223 255 268 282
103 129 143 172 180 204 230 258 273 280
116 134 147 176 191 218 233 251 268 289
112 124 140 180 182 200 231 245 280 286
100 127 153 168 190 212 236 255 266 283
120 123 157 172 189 200 235 246 272 287
110 127 153 177 188 217 232 259 277 299
110 136 158 165 188 220 228 255 270 281
104 121 159 161 191 220 228 253 270 280
114 128 144 167 200 200 220 240 265 282
114 129 146 161 181 218 240 255 268 285
100 137 149 176 190 210 233 249 266 295
112 121 156 164 186 201 237 246 268 297
111 121 151 160 181 204 240 252 260 297
107 130 152 180 193 207 231 258 273 300
106 122 159 170 190 212 224 248 270 299
111 123 152 160 198 216 237 249 273 293
101 124 141 177 195 220 222 242 264 287
101 135 157 166 194 220 221 246 279 300
114 132 146 175 182 207 224 252 266 283
104 139 148 163 181 220 225 246 272 299
102 137 157 168 198 204 228 246 269 296
113 137 142 176 195 220 230 260 267 298
106 137 141 163 199 213 236 246 269 284
102 138 154 177 195 201 222 257 277 289
103 132 144 179 184 207 222 249 274 295
110 133 150 176 193 215 222 259 275 288
109 140 144 174 191 210 223 257 262 287
105 120 154 160 181 217 231 253 280 287
120 120 160 162 194 220 232 258 271 292
100 137 153 173 191 214 222 246 272 299
117 124 157 171 200 214 231 240 264 289
114 138 151 164 182 213 223 253 280 285
108 123 141 175 196 213 238 255 261 297
116 138 159 169 200 213 229 240 271 282
115 131 145 166 184 219 229 252 277 294
101 134 158 170 182 215 222 254 272 285
118 121 160 174 188 202 240 241 278 281
118 137 141 163 181 201 223 241 275 286
109 139 141 160 181 211 236 243 264 294
112 135 150 173 191 209 239 255 275 296
118 130 159 165 196 220 235 254 265 300
116 131 156 170 187 220 237 254 260 292
111 131 152 176 181 201 239 250 272 287
112 127 159 171 195 207 229 246 277 296
119 128 160 168 190 209 233 245 279 293
100 129 145 171 182 214 240 249 276 297
110 123 149 176 181 214 229 249 268 295
119 123 142 173 188 206 238 260 280 290
108 133 144 175 184 218 221 246 270 294
120 125 148 164 193 218 230 258 260 289
110 124 142 170 188 210 234 255 263 291
105 135 148 172 196 200 238 246 275 283
120 134 143 168 197 216 230 250 272 283
100 128 147 179 198 220 234 254 266 280
104 121 140 176 200 207 239 248 279 292
115 127 150 176 199 207 234 255 271 287
104 122 148 177 187 203 237 251 264 281
114 120 159 176 200 202 220 255 278 295
112 127 156 172 194 201 235 241 270 290
117 133 153 174 186 211 234 254 278 294
102 127 149 163 198 202 240 246 273 294
111 133 144 176 197 205 225 248 273 290
115 124 154 173 183 212 227 247 262 290
120 120 147 165 182 212 236 245 265 294
120 134 156 173 193 217 232 252 261 291
103 136 155 176 195 210 229 243 263 280
120 130 159 168 187 210 229 242 277 295
109 135 153 161 188 207 233 243 280 298
113 124 152 167 192 211 224 240 280 283
113 125 158 170 188 213 229 246 265 287
115 125 157 172 197 201 230 251 265 298
102 138 157 170 181 212 236 242 271 287
115 136 143 175 184 211 223 255 276 298
118 122 149 168 186 211 226 260 270 283
117 136 141 160 188 211 220 246 267 296
117 133 160 166 193 202 233 252 276 285
110 124 157 165 183 215 230 254 274 285
116 121 154 162 193 212 222 252 279 298
119 124 146 178 186 212 233 249 278 282
111 137 140 177 197 202 239 240 271 280
107 125 144 160 188 202 236 257 273 281
115 126 142 178 193 209 220 256 260 284
112 138 152 166 195 201 228 258 261 284
114 120 153 180 182 214 222 243 270 282
107 137 157 179 181 214 223 254 276 294
118 137 141 161 193 201 226 242 267 290
104 137 154 168 182 214 236 254 270 295
103 130 144 167 199 205 237 241 275 295
109 128 153 163 194 203 234 260 274 292
112 134 151 171 183 204 224 254 267 286
104 138 160 179 184 208 236 259 270 287
113 134 151 174 195 208 227 250 276 280
115 136 152 175 200 212 237 252 262 284
120 132 148 171 188 219 227 250 274 284
117 122 147 161 191 203 228 243 262 291
118 122 152 179 190 208 228 252 262 280
102 134 155 177 198 210 226 241 276 288
112 126 153 175 197 205 232 249 277 295
105 135 140 162 199 215 235 251 269 290
116 136 149 162 199 203 221 241 277 294
114 126 157 164 186 211 226 254 273 294
106 129 151 177 190 219 237 241 273 298
111 138 142 179 196 219 238 248 269 280
117 122 159 179 184 211 225 251 277 297
106 136 160 175 182 217 239 257 280 292
116 131 158 175 198 201 236 258 273 293
102 138 160 165 198 214 232 253 262 282
103 134 159 161 189 212 230 257 279 291
115 128 145 175 197 202 228 245 271 296
113 129 141 161 193 215 235 245 280 300
115 123 155 161 188 212 220 250 273 289
119 139 152 178 196 215 228 248 260 289
106 140 152 174 184 205 238 256 276 288
102 133 157 178 183 202 228 242 267 299
117 137 145 172 200 216 222 249 278 288
110 129 157 175 189 210 223 258 276 297
109 122 154 168 191 205 237 243 272 296
113 136 144 178 195 216 227 252 280 283
103 136 157 174 197 211 237 242 269 289
104 121 159 163 194 208 235 246 260 290
104 121 155 171 192 201 238 240 264 290
108 130 144 180 180 210 223 246 277 288
114 136 143 163 187 218 233 243 279 283
115 140 152 179 185 205 233 250 272 298
119 127 140 171 182 205 222 245 262 285
110 124 146 170 194 204 220 257 268 300
107 131 143 167 196 206 224 259 272 281
102 130 142 172 200 208 220 260 267 295
100 134 157 169 186 217 228 244 271 295
108 131 141 172 182 218 240 257 262 282
100 128 149 177 188 217 230 256 263 283
100 131 156 170 190 211 230 246 260 292
114 136 157 174 182 201 221 245 278 288
107 134 145 174 200 204 238 249 273 297
111 124 152 179 181 203 235 247 275 289
112 122 140 162 182 217 220 260 269 297
119 121 150 170 199 215 234 250 265 283
112 121 159 166 184 212 224 245 274 290
115 136 153 174 187 210 229 254 271 293
115 123 159 174 181 213 236 243 266 298
110 133 140 169 192 219 224 254 273 294
111 134 149 166 191 216 240 258 273 294
108 126 154 176 196 210 221 257 278 298
120 137 144 173 184 214 222 243 278 280
110 120 159 166 181 201 232 259 261 299
103 138 143 176 184 210 220 247 273 297
101 140 153 170 195 212 222 251 277 286
111 123 147 160 183 202 236 248 273 292
117 137 152 176 185 211 235 258 273 280
104 137 157 166 187 203 236 241 260 288
101 122 159 163 186 215 231 257 266 293
111 125 155 171 195 217 238 258 279 288
102 139 160 162 194 215 236 256 271 298
109 140 151 170 189 212 232 253 271 290
115 120 157 164 198 208 227 260 269 299
112 135 142 179 199 215 235 260 266 280
104 125 142 161 193 208 235 255 268 287
102 138 150 166 193 200 220 247 270 283
120 134 143 176 196 206 232 260 265 290
119 139 150 176 188 219 236 260 265 286
104 133 147 169 182 214 224 257 260 295
114 133 160 173 183 215 220 252 261 289
111 133 152 173 185 209 228 244 278 294
112 138 159 170 190 220 220 246 264 291
108 136 159 179 181 207 234 240 279 289
118 138 141 164 188 204 227 260 264 292
116 136 147 178 187 212 235 251 280 284
118 120 152 177 186 208 220 250 265 285
117 137 156 162 185 206 235 246 266 290
110 136 155 167 200 212 238 245 279 281
110 128 152 167 195 202 220 246 275 280
108 122 155 162 193 214 229 255 269 297
115 128 155 169 195 206 232 246 265 292
100 129 156 161 199 205 226 259 272 288
106 137 156 168 191 216 239 240 276 292
112 136 149 171 187 220 229 253 261 287
117 124 151 170 196 215 231 248 277 291
101 132 154 173 190 220 231 245 278 281
103 138 140 180 182 204 226 247 262 283
120 129 155 178 182 205 238 240 275 298
116 135 160 172 198 211 235 255 275 280
116 123 159 169 181 210 222 260 275 296
100 138 149 169 196 215 224 242 278 286
111 132 151 179 189 216 228 242 274 289
103 132 140 177 196 201 234 251 272 295
119 140 147 163 186 202 232 255 262 300
105 131 154 160 189 210 240 248 266 294
120 126 151 164 192 215 223 260 272 296
116 120 149 166 200 214 228 255 262 294
115 121 140 164 181 203 228 255 272 298
119 127 159 176 199 210 233 246 275 280
119 126 144 163 191 201 230 260 266 290
115 127 154 179 200 209 224 241 274 283
116 126 152 176 193 211 234 260 273 297
113 135 146 172 195 215 224 241 266 281
110 134 156 179 182 202 227 257 280 294
109 131 140 164 180 205 235 248 265 289
102 132 152 170 196 220 238 257 263 285
105 136 159 180 198 212 236 245 260 284
103 122 143 176 182 210 233 258 269 283
115 138 153 165 193 201 235 250 269 298
103 126 156 165 197 213 226 244 277 283
107 123 140 172 191 220 240 254 272 300
104 128 143 166 199 207 222 255 280 292
112 127 155 170 185 203 235 258 278 296
107 135 151 163 197 211 227 253 278 296
120 131 154 172 193 206 239 257 263 292
106 123 153 168 197 206 233 260 276 284
107 121 143 160 197 219 239 244 274 294
114 134 146 162 193 206 227 257 271 299
112 122 153 168 186 205 239 250 263 298
119 125 156 169 198 216 229 249 266 290
115 139 155 179 181 213 224 255 261 300
108 138 154 173 183 204 225 247 278 295
113 130 157 166 181 220 229 256 274 281
112 128 155 165 189 220 239 242 265 282
119 132 152 179 183 208 233 243 277 298
107 139 149 167 185 219 224 249 268 293
113 138 140 161 189 216 225 248 267 293
120 136 151 172 197 201 226 255 264 291
117 122 141 160 181 212 239 248 266 284
105 140 143 165 198 214 237 255 261 299
117 122 148 173 187 204 227 241 274 300
104 125 143 167 196 200 223 245 270 300
106 134 147 178 183 212 240 248 268 289
106 133 145 178 190 202 225 247 278 300
113 137 155 173 190 205 237 255 274 289
112 137 151 179 198 208 237 255 267 280
106 138 153 162 185 202 227 254 266 299
106 123 154 171 197 207 227 259 272 300
103 120 142 166 198 217 226 260 272 292
100 124 150 161 188 209 233 246 270 291
107 124 147 172 185 203 238 252 276 288
112 124 144 174 186 203 225 254 272 294
102 133 155 177 192 208 231 246 274 296
115 134 144 163 188 218 221 244 275 300
102 123 150 169 190 205 226 243 267 299
116 134 160 172 189 214 238 253 269 293
106 125 142 180 185 211 236 243 277 283
101 124 146 175 195 211 235 249 264 295
116 120 156 168 195 216 223 253 272 285
117 133 146 163 190 217 227 258 264 294
109 140 156 161 193 208 235 245 280 296
100 131 148 171 191 213 233 258 278 299
105 130 160 168 200 209 227 249 267 291
114 131 158 170 188 201 229 251 270 283
113 131 147 176 192 202 236 254 268 284
119 139 147 168 199 219 224 254 277 289
112 134 144 175 186 210 236 253 277 284
101 126 149 163 185 204 222 253 273 285
106 125 154 162 187 207 238 251 279 283
101 121 151 180 191 209 222 254 261 290
116 131 151 175 197 212 220 245 277 287
105 131 145 179 198 216 220 255 266 295
115 133 146 167 188 210 236 255 280 291
109 136 142 166 183 220 229 256 274 282
107 139 160 180 198 209 233 257 268 294
117 132 140 176 189 200 239 248 261 285
111 124 149 169 186 203 226 257 272 300
105 137 147 162 195 203 240 254 275 285
118 130 147 173 181 205 236 249 273 292
120 137 140 170 184 219 223 246 270 297
120 125 158 174 196 212 237 249 261 288
118 136 145 180 184 214 240 254 271 296
100 136 142 171 184 200 221 253 267 281
119 139 141 171 181 206 236 245 262 292
115 132 156 164 190 217 225 251 274 295
117 138 158 175 198 206 220 245 269 280
112 128 144 163 181 204 225 256 269 298
111 125 158 167 190 216 231 241 266 280
116 132 157 178 190 200 223 245 268 291
116 129 153 177 190 217 222 259 277 293
115 139 159 164 191 202 223 251 260 285
104 123 152 177 180 205 221 249 263 291
118 126 154 179 183 211 222 253 269 295
116 129 146 173 195 206 239 242 271 295
111 138 153 172 180 220 224 243 274 295
110 121 149 171 189 211 225 243 279 293
110 132 160 162 198 216 238 248 274 282
100 130 155 172 200 219 236 240 260 281
116 133 140 179 181 202 223 259 276 298
113 132 160 173 196 208 221 253 268 297
120 136 141 166 199 220 228 259 262 287
102 120 144 179 183 203 237 258 264 292
115 131 152 169 187 206 230 260 261 292
117 127 140 178 197 204 235 254 280 284
102 129 157 163 188 206 230 248 268 298
112 134 158 167 194 202 225 245 280 286
116 121 148 176 185 219 232 246 265 288
113 125 148 165 185 209 240 249 261 282
118 127 156 166 184 208 236 255 269 282
120 137 151 178 194 202 237 252 273 292
102 120 151 167 190 210 233 253 262 295
113 131 146 179 186 209 221 240 266 289
118 120 144 174 191 202 222 258 266 284
114 126 149 161 183 207 235 255 263 294
119 136 151 165 180 207 236 254 268 280
115 138 141 179 200 209 233 246 261 299
101 124 141 161 195 202 239 257 270 290
109 140 147 165 188 208 233 241 277 281
107 130 153 178 183 220 237 245 274 283
106 129 149 171 197 206 223 259 264 298
107 138 142 162 186 220 221 247 266 281
100 137 145 168 197 210 237 259 278 299
113 122 143 161 180 205 231 240 262 298
109 140 153 179 193 212 231 240 263 295
110 124 154 164 197 207 224 250 261 282
100 134 150 174 199 218 239 248 264 283
112 123 144 165 199 219 240 248 272 286
119 132 153 168 199 217 240 249 262 290
113 134 146 175 197 201 223 256 267 289
101 139 152 179 200 203 222 253 278 287
119 123 143 164 200 216 240 253 275 283
103 125 142 167 195 211 240 248 262 287
119 128 140 173 180 202 229 257 276 290
100 128 145 174 196 206 229 250 278 291
102 122 160 179 193 212 234 259 260 293
107 135 150 161 197 217 223 243 280 300
110 134 149 179 188 219 223 246 262 288
112 129 154 168 185 200 220 260 272 284
111 136 153 179 187 203 224 254 277 288
115 135 147 177 184 218 233 256 261 284
118 139 157 168 192 214 230 251 265 298
119 122 143 168 184 219 233 260 271 298
117 140 142 173 190 216 224 252 278 281
115 124 143 177 188 203 226 252 260 289
105 128 154 171 198 219 230 245 279 298
106 127 150 168 191 201 229 258 270 283
102 136 141 175 194 220 222 241 267 286
116 121 149 170 191 207 220 248 278 293
109 129 156 162 183 219 221 248 274 291
102 137 141 178 185 213 232 248 260 300
114 139 145 168 182 207 228 259 268 291
111 124 148 163 192 217 225 245 280 283
120 138 150 170 183 207 229 241 279 288
109 127 144 165 186 203 225 255 278 289
104 125 146 177 187 215 223 247 261 292
112 132 157 176 189 212 229 248 268 285
113 133 142 167 184 201 235 245 263 286
117 124 153 162 183 204 240 260 273 298
108 121 159 160 198 216 238 244 266 293
117 136 141 171 189 217 236 248 261 297
111 121 147 160 182 207 236 247 275 282
103 121 146 178 200 207 224 248 268 294
105 125 160 165 200 220 237 251 279 280
101 129 153 161 186 209 230 251 271 280
115 127 140 178 192 217 232 254 266 286
100 130 160 165 197 215 239 242 270 294
116 122 154 167 200 217 226 241 280 297
115 129 148 172 191 207 235 249 272 293
110 122 145 170 181 204 221 248 265 284
112 128 145 175 193 218 224 247 272 283
115 123 153 163 182 216 227 255 265 299
118 137 149 178 197 216 238 258 275 288
120 135 157 174 191 217 240 255 269 292
111 140 146 168 188 210 228 260 272 295
111 133 145 178 188 214 230 249 262 291
100 131 142 176 199 215 234 254 274 284
101 123 151 180 188 204 220 242 275 300
115 140 143 169 190 200 222 247 265 293
118 126 148 170 195 205 236 245 276 290
120 125 147 166 196 212 240 240 269 289
103 125 159 177 187 203 236 246 263 299
110 134 154 168 199 209 237 259 270 296
116 136 143 172 182 211 232 244 276 282
111 137 152 165 191 220 233 256 276 284
116 123 160 168 190 218 237 244 266 286
116 135 145 175 189 206 220 240 273 294
107 137 151 164 185 220 238 252 279 285
118 138 149 161 196 209 231 250 277 289
103 120 150 160 197 220 222 258 271 299
109 124 144 162 195 201 231 246 267 286
118 136 146 160 196 214 238 254 260 280
110 139 140 168 199 202 229 255 267 280
112 124 157 178 200 217 224 246 267 298
114 129 141 165 181 215 229 251 277 296
101 137 151 168 198 207 222 245 279 288
113 127 140 167 185 210 231 252 278 298
110 123 144 166 184 208 222 251 273 287
113 125 143 161 189 209 231 243 260 299
114 123 142 169 194 205 227 256 260 280
120 120 147 168 188 207 235 255 274 285
107 133 146 177 199 212 227 242 280 286
118 140 155 178 198 205 224 260 268 284
118 135 153 173 192 203 239 260 278 280
105 125 141 173 195 201 237 254 265 294
120 134 144 175 200 211 237 246 280 286
114 127 141 170 196 209 225 249 262 297
103 139 149 162 193 210 237 242 263 281
104 124 141 170 192 207 227 242 273 296
118 136 140 173 192 202 237 244 270 286
118 130 148 179 193 206 232 255 264 289
120 121 150 168 191 209 231 243 280 283
111 139 153 169 185 215 231 248 271 283
103 134 145 161 195 218 233 240 280 285
114 126 140 173 191 214 229 254 271 282
101 126 150 161 193 219 232 249 277 297
114 125 147 164 182 209 227 259 275 295
118 134 149 164 191 214 234 248 267 295
106 120 149 168 192 214 223 258 265 280
107 128 146 171 186 213 228 244 271 291
103 120 146 162 199 200 235 254 267 288
103 127 150 162 198 202 225 249 263 284
110 129 158 175 195 204 237 247 278 283
102 130 160 174 197 209 232 258 265 293
102 138 151 178 182 212 239 260 279 286
105 140 155 166 196 216 233 241 261 289
113 120 156 168 180 220 235 241 263 285
120 120 160 162 196 214 221 248 263 290
120 133 149 169 184 214 220 241 270 281
118 128 150 174 196 206 225 247 264 288
114 121 151 164 183 209 234 260 270 280
116 122 147 174 189 211 234 243 264 295
105 137 140 176 183 204 229 245 263 292
103 130 151 166 184 217 235 246 264 286
112 135 152 170 194 219 234 256 269 300
109 127 149 178 193 202 230 243 260 293
115 134 157 174 180 220 226 259 275 295
114 122 147 161 199 211 228 251 274 280
101 135 153 169 199 220 236 254 278 298
116 122 146 169 184 209 224 255 261 287
120 134 155 174 182 208 231 260 265 300
114 138 157 166 192 206 221 243 274 286
120 123 142 162 185 214 240 241 271 291
107 127 150 160 193 205 240 260 261 291
117 136 142 174 180 212 225 255 266 281
103 122 156 172 181 205 231 241 270 292
116 137 144 177 192 209 230 256 278 298
107 140 159 163 186 210 236 244 274 291
104 125 158 168 198 204 226 254 277 290
106 128 157 174 200 211 224 243 271 282
113 133 146 180 185 214 235 241 280 285
115 130 160 176 180 211 232 260 273 284
102 131 159 160 192 212 233 249 264 286
102 135 145 167 198 202 228 249 264 288
106 140 140 180 197 205 237 247 273 300
116 137 144 178 199 220 228 245 277 286
114 130 150 180 184 207 240 252 275 289
101 125 141 179 188 220 232 259 278 296
105 128 147 177 196 204 233 250 260 296
112 138 145 171 186 206 234 241 263 292
111 126 150 163 197 203 229 244 280 297
108 127 152 163 196 209 225 257 270 296
106 138 144 171 190 216 228 247 278 300
100 122 157 179 182 218 225 247 272 281
110 132 156 160 200 206 222 256 277 281
115 133 160 178 199 212 226 245 261 284
117 133 158 160 194 214 238 244 266 289
112 132 144 179 185 211 239 242 268 281
115 126 150 174 198 211 236 257 270 283
118 127 156 177 195 214 226 256 280 282
120 130 150 178 198 217 225 241 280 296
119 135 146 171 186 204 237 242 274 300
111 133 144 174 199 201 223 251 261 283
106 140 157 174 182 218 234 248 262 299
117 137 144 173 188 201 236 257 261 280
117 123 144 165 182 208 232 248 271 282
119 129 143 177 196 220 229 257 265 295
1048 1410 1520 1681 1861 2182 2292 2593 2683 2984
1189 1319 1440 1671 1951 2182 2222 2503 2723 2874
5139 6220 6985 8066 8966 9417 10137 11083 12613 12929
1897 2186 2426 2715 3115 3468 3724 4061 4205 4574
4885 5943 6726 7509 8567 9488 10454 11605 12848 13354
3272 4394 5066 5579 6315 6892 7340 8141 8621 9326
4496 5421 6522 7579 8503 9472 9868 11189 11981 13126
2528 3346 3778 4043 4691 4980 5652 5941 6397 7190
3402 4070 4186 4650 5231 6363 6914 7176 8017 8714
5644 6625 7801 7948 9321 10008 11037 12606 12949 14567
1614 2050 2380 2470 2981 3162 3537 3673 4093 4289
3249 3546 3790 4736 5384 5411 6303 6844 7357 7952
1365 1461 1774 2147 2327 2616 2868 2941 3181 3530
2493 3045 3690 4151 4312 4750 5325 5924 6131 6822
3272 3849 4810 5451 5899 6828 7372 8333 8717 9358
1059 1269 1420 1801 1861 2182 2212 2493 2753 3004
5096 6297 7690 7882 9467 9756 11436 12205 13021 14078
3219 3729 4690 5231 5621 6402 7153 7303 8113 8594
5025 5685 6258 7094 8459 8988 10264 11233 12069 12598
5069 5333 6390 7315 8591 8856 10573 11233 12290 12554
4653 5341 6503 7708 8482 8999 9773 10892 11666 12140
2025 2223 2818 2999 3467 3774 4170 4693 4819 5180
3315 3925 4563 4766 5608 5870 6740 7147 7785 8540
1808 2403 2836 3071 3593 3756 4314 4603 4981 5288
2836 3818 4238 4799 5219 6060 6368 7041 7657 8190
4209 4969 5770 6851 7732 8372 8932 9733 10493 11774
1563 1689 2026 2335 2573 2896 3373 3485 3793 4060
3593 4265 4842 5739 5899 6700 7084 8269 8717 9230
5253 5805 6910 7416 9027 9534 11053 11283 12479 13446
1845 2440 2692 2963 3305 3900 4098 4513 4693 5072
3308 4299 4960 5819 6545 7008 7932 8296 8989 9749
2708 3600 4060 4601 5060 5574 6222 7033 7384 7952
5577 5769 7450 8459 9227 9659 11436 12301 13021 14030
4529 4809 6050 6490 8011 8532 9412 10093 11173 11614
4601 5134 6242 7145 7555 8335 9442 9935 11330 11822
5203 6330 6968 8488 9076 10106 11773 11773 13341 14126
2061 2169 2530 3071 3359 3738 4333 4621 4945 5414
5359 6659 7860 8010 9961 10762 11362 12313 13363 14514
3861 4798 5158 6095 6527 7608 8040 8725 9625 10526
3771 4332 4861 5489 6545 6612 7933 8296 8758 9485
4037 5064 5368 6319 7345 8106 8752 9627 10121 10768
3721 4490 4970 5226 6219 6892 7468 8205 8909 9358
1401 1557 1870 2099 2207 2423 2856 3121 3301 3602
3008 4150 4750 4991 5591 6192 7123 7453 7873 8594
2908 3547 4157 4796 5434 6131 6625 7031 7611 8685
3295 4319 4350 5560 5839 6460 7266 8011 8507 8694
1845 2390 2577 2815 3224 3718 4041 4399 4518 5029
2361 2760 3223 3476 4127 4590 4632 5221 5620 6083
3543 4101 4691 5436 5622 6491 7049 8073 8383 8942
2808 3537 4462 4631 5359 5920 6508 6985 7573 8190
4914 6265 6580 8021 8561 9507 10632 10993 12208 12884
4650 5118 6211 6640 7577 8475 9021 10153 10426 11246
1672 2250 2458 2682 2987 3372 3692 4173 4301 4782
5104 6625 6968 8096 9566 10008 11527 12410 13537 14077
5367 6260 6919 8424 9223 9835 10540 12139 12327 13268
2762 3763 3817 4871 5330 5844 6168 6871 7222 8087
4189 4835 5368 6813 7497 7954 8866 9551 10349 11376
2407 2913 3244 3685 3993 4676 5205 5359 5975 6482
1619 1970 2068 2250 2643 2966 3344 3415 3863 4186
1164 1517 1594 1848 2035 2212 2642 2686 3038 3314
2869 3337 3650 4249 4691 5628 5993 6383 7086 7320
3286 3692 4418 4970 5550 6247 6798 7118 7930 8453
2230 2869 3200 3619 4301 4566 5249 5667 5865 6372
3717 5014 5086 6419 6563 7248 7968 9193 9409 10562
3139 4288 4567 5312 6180 6739 7328 7515 8569 9097
4355 4929 6242 6570 7883 8909 9853 10386 11494 11740
2175 2499 2708 3051 3450 3945 4535 4649 4953 5391
3771 4101 5290 5456 6612 6711 7437 7966 8956 9749
4208 5249 5650 7171 7691 8812 8892 10053 10893 11814
1917 2241 2674 3089 3503 3846 4170 4477 4783 5324
3745 4857 5523 6338 7264 7560 8485 9152 9707 10707
1307 1528 1715 1803 2145 2421 2564 2752 3060 3215
3285 3509 4126 4603 5275 5836 6480 7209 7517 8162
3228 4070 4505 5231 5579 6015 6392 7553 7843 8656
4569 5209 6090 6771 7291 8572 8852 10053 11173 12014
4104 4909 5470 6311 7011 7116 8342 9113 9568 10268
1614 1809 2410 2455 2876 3237 3492 3718 4123 4259
2608 2838 3345 4036 4611 4911 5256 5901 6223 6730
2859 3134 3685 4261 4861 5087 5938 6063 6813 7239
2466 2950 3160 3749 4148 4590 4632 5326 5557 5935
1400 1752 2038 2156 2507 2690 3133 3237 3432 3758
5889 6036 7556 8390 9517 10498 11331 12557 13096 14665
5555 5790 7107 7907 8518 10211 10728 11293 13174 13268
5085 6213 7436 8001 9317 9741 10493 11810 13126 13550
4338 5042 5449 6041 7189 7597 8670 8930 9929 10670
2947 3311 3728 4170 5160 5706 5940 6383 6799 7606
2769 2961 3490 4211 4499 5076 5532 6037 6469 6950
1437 1533 1810 2123 2231 2484 2760 3013 3181 3482
5364 5499 6805 7616 8696 9552 10272 11038 12523 12884
2424 2592 3286 3707 3938 4569 5032 5074 5557 5999
1296 1450 1748 1936 2046 2278 2443 2807 3049 3127
5649 6449 7201 7577 8988 10117 11198 11857 12515 13550
1164 1384 1638 1903 2123 2333 2487 2664 3027 3259
2319 2737 3486 3817 4169 4654 5160 5491 5931 6218
3647 4634 4770 5586 6607 7118 8104 8717 9465 9976
3459 4150 4780 4810 5801 6162 6942 7813 8233 8834
1659 1869 2305 2531 2801 3267 3357 3853 4093 4349
3077 3415 4118 4379 4873 5264 6096 6487 7163 7372
3481 3915 4815 4970 5870 6801 7421 8011 8631 9283
3286 3489 4331 4650 5783 5957 6944 7089 7959 8250
5094 6129 6985 7841 8156 9146 10632 11263 12433 13424
1998 2356 2560 2935 3258 3735 3837 4348 4484 4893
1880 2422 2602 3017 3557 3954 4026 4387 5036 5234
2909 3359 3860 4085 4661 5287 5987 6213 6988 7164
4508 5724 6310 7661 8201 9687 10452 11218 12524 12974
5644 6281 7507 8635 9811 10106 10988 12655 13586 14273
1953 2223 2872 3053 3467 3954 4152 4405 5035 5216
5448 6576 7066 8390 8880 9812 11429 12557 13390 14126
4569 4849 5810 6931 8011 8812 9212 10133 10533 11934
3431 3982 4418 4882 5405 6131 6943 7379 8017 8453
1605 1928 2236 2363 2545 2896 3330 3541 3653 4088
3754 4770 5015 5750 6976 7327 8377 9008 9288 10304
5038 6590 6778 7907 9176 10305 10587 11340 12985 13174
4005 4931 5375 5930 7263 8004 8485 9189 10300 10411
5097 6394 6826 8603 9035 9756 11437 11965 13069 13454
5007 5848 5890 7445 7781 8580 9294 10891 11732 11816
3745 4671 5671 6190 6782 8041 8559 9596 9892 11040
5367 5649 7530 8095 8894 9553 10399 11575 13174 13456
5409 5724 7165 7210 8831 9597 10812 11443 12163 13514
1568 2110 2140 2621 2756 3312 3552 3763 3928 4499
3038 3639 4210 5141 5862 6522 6672 7423 8384 8444
3489 3999 4390 4960 5591 6312 7213 7573 8233 8534
2869 3468 3702 4249 4795 5576 6123 6357 7138 7320
4396 5586 6447 6981 7514 8212 9360 9976 10714 11658
3885 4736 5246 5927 6369 7186 7594 8717 8853 9704
3399 3729 4270 5171 5952 6222 7033 7303 7933 8624
4990 6543 7483 8330 9035 9600 10775 11904 12515 14114
4449 5042 5486 6227 6745 7411 8893 9485 9818 11003
1493 1731 2068 2265 2643 2938 3317 3527 3807 4032
1619 1815 2166 2475 2657 2896 3302 3639 3653 4032
3344 3837 4186 5057 5260 6247 6856 7292 8017 8685
3856 4597 5523 6227 7152 7930 8448 9633 10077 10485
2080 2441 3050 3336 3488 4040 4268 4801 5067 5410
1844 2494 2692 2963 3305 3864 4152 4639 4873 5198
3519 3819 4210 5021 5711 6342 6912 7663 7813 8414
1307 1417 1682 1826 2201 2245 2642 2686 2884 3116
4569 4949 6052 6508 7497 8068 9056 9360 10387 11262
3543 4524 5400 6171 7011 7677 8237 8518 9673 10059
4779 5860 6895 7481 8426 9102 10498 11173 11758 13019
4289 5009 6410 6771 7851 8172 9412 9973 10493 11894
1401 1690 1906 2051 2375 2628 2748 2989 3325 3397
6009 6009 7210 8511 9211 10062 11712 12213 14014 14964
1734 1839 2365 2531 2786 3207 3432 3613 4199 4274
1605 1703 2054 2461 2699 3064 3134 3401 3891 4088
4629 5553 6730 7529 8411 9000 9420 10765 11437 11941
4857 5913 7498 7787 8987 9804 10620 11773 12589 14270
2229 2750 2910 3210 3631 4372 4492 4833 5494 5734
1704 2073 2554 2875 2987 3516 3772 3965 4253 4750
5555 5790 7342 8377 9364 9459 10352 11904 13032 13315
3139 3915 4567 5436 6056 6677 7142 7887 8321 8756
2999 3493 3962 4613 4951 5732 6018 6330 7059 7710
3705 4398 4696 5521 6545 7008 7866 8032 9121 9848
2407 2803 3090 3663 4346 4830 4896 5645 5733 6218
3698 4195 4443 5498 5870 6212 7328 7670 8228 9066
2723 3045 3230 3921 4404 4634 5348 5809 6384 6914
4805 6038 6390 7271 8371 8988 10485 10573 11497 12554
3885 4599 5042 5961 6641 7424 7866 8785 9091 9908
4601 5093 6078 6816 7637 8909 9237 10632 11452 12232
1422 1900 1970 2349 2783 3036 3330 3555 3863 4032
3960 5254 5596 6166 7117 8372 9057 9589 9969 11072
2649 3298 3466 3874 4740 4932 5508 6109 6397 6782
4025 5353 6016 6914 7421 8358 9256 9490 10192 11012
4629 5848 6058 7529 8201 8790 9252 10177 11353 12446
3721 4137 4522 5259 5995 6444 7405 7725 8814 9102
2289 2649 3130 3431 3811 4252 4732 5053 5573 5693
1245 1690 1762 1955 2207 2448 2712 2953 3290 3566
4671 5133 6646 7193 8033 8496 9546 10135 11437 12026
4957 6036 7850 8292 9272 10155 11331 12655 13341 13930
4088 5089 6250 7051 7571 8172 9172 10093 10693 11894
1413 1666 1858 2099 2207 2532 2712 2893 3325 3494
3341 3481 4378 4631 5079 5836 6649 7181 7349 7882
4673 5729 6962 7094 8195 9252 10573 11365 11805 12598
4341 5216 5330 6166 7345 8220 8410 9627 10615 11414
1263 1384 1638 1903 2090 2289 2653 2697 3049 3281
5258 6760 7860 8260 9761 10462 11012 12813 13613 14964
4888 5175 5791 7309 7924 8663 9401 10263 10878 12273
4153 4930 5301 6449 7152 7819 8263 9522 9929 10929
3342 3969 4795 5489 6050 7173 7305 8560 8659 9353
3442 4293 5246 5484 6744 7118 7798 8445 9159 9772
5459 6710 7160 8761 9561 10712 11712 12663 13413 14064
5509 6109 7710 8411 10012 10912 11963 12313 13213 14014
1089 1269 1490 1711 1921 2152 2222 2543 2683 2994
3851 4361 4940 6029 6811 6811 7968 8547 8887 10214
5083 5556 6546 7407 7966 9128 9902 10376 11193 12097
4478 5545 6119 7063 7760 8991 9729 9935 11411 11535
5085 6496 7201 7530 9082 9412 10822 11293 12374 13738
5153 6477 7850 8537 8929 10498 11135 12312 13145 14273
5809 6359 7310 8611 9961 10762 11312 12163 14013 14764
1108 1384 1748 1903 2101 2344 2432 2763 3060 3259
1764 1884 2290 2696 2786 3027 3312 3613 4079 4229
4672 5861 6874 7094 8679 9032 10352 11365 11585 13082
3903 4233 5224 5885 6149 6645 7338 8197 8890 9749
2746 3184 3460 3852 4312 5026 5279 5579 6430 6546
1753 2041 2394 2795 2939 3228 3564 4045 4494 4526
4923 5722 6520 7361 7739 8496 9462 10513 11437 12530
1605 1773 2026 2489 2713 2882 3260 3555 3793 3948
2042 2327 2841 3127 3450 4021 4363 4744 5334 5714
5179 5931 6778 8471 9224 9553 10446 11716 12609 13221
4190 5463 6406 7022 7514 8827 9853 9853 10796 11904
2817 3357 3790 4574 5087 5493 6493 6871 7114 7925
3286 3663 4273 4680 5550 5870 6712 7118 7873 8134
2129 2649 2810 3571 3831 4372 4652 5033 5373 5694
3856 5041 5597 6301 7189 8152 8522 9448 10077 10892
3574 3946 4784 5063 5839 6274 7422 7918 8445 8787
1530 1725 2064 2221 2520 2833 3067 3198 3497 3732
4713 5764 6226 7024 7739 9168 10008 10933 11353 12194
1721 2057 2506 2667 2955 3436 3596 4157 4333 4606
1549 1745 2138 2405 2812 2952 3120 3471 3751 3976
1811 2049 2696 2969 3156 3633 3837 4297 4671 4927
5203 6526 7409 8194 9517 10057 11331 12753 13684 13734
2025 2494 2548 2999 3575 3774 4188 4495 4855 5216
1341 1618 1918 1930 2207 2508 2869 3013 3193 3518
2634 3284 3660 4111 4911 5412 5837 6188 6688 7164
4569 5009 6290 7211 7891 8732 9572 9772 10813 11494
3808 4835 5900 6471 6889 8106 8980 9513 10578 10996
5184 5634 6445 7210 8561 9822 10182 11533 11983 12614
5289 6490 6778 8027 8843 9708 11341 11581 12973 13838
1708 2373 2594 2969 3241 3531 3905 4093 4484 4978
4355 5093 5955 7104 7719 8335 9319 10673 11247 11863
2769 3154 3634 3971 4451 4884 5364 6037 6253 6854
3008 3939 4810 5141 6011 6192 6642 7783 7933 9014
5319 6310 6895 7615 8561 9867 10767 11398 12163 13154
2562 3114 3644 3897 4611 4865 5509 5947 6085 6707
4494 5040 5860 6328 7812 7968 8670 9529 10816 11714
1619 1970 1998 2433 2727 2938 3148 3513 3765 4004
3870 4299 5125 5389 5951 6678 7933 8329 8659 9815
3240 4105 4650 5355 6187 6668 7628 8141 8909 9486
4489 5369 6130 6811 7931 8091 9572 10093 10853 11574
3579 4090 4420 5051 5471 6252 6642 7213 7903 8804
1308 1752 2064 2286 2442 2755 3080 3133 3614 3667
1898 2295 2872 3125 3449 3792 4044 4585 4891 5198
3481 4256 4629 5281 5901 6522 7421 8073 8600 8879
2456 3153 3610 4042 4619 5268 5700 6133 6661 7166
4395 5339 6283 7350 7637 8786 9237 10181 11411 12232
2921 3233 3884 4405 5029 5394 6070 6305 7085 7684
4689 5209 6090 6971 7451 8532 9532 10333 10613 12014
3968 5153 5301 6634 6967 7745 8189 9485 10373 10781
4113 4835 5900 6357 7117 7840 8904 9627 10349 10958
2508 2929 3097 3560 3896 4296 4842 5074 5557 6230
2585 2930 3552 4013 4289 4842 5417 5809 6177 6500
4929 5586 6078 6693 7801 8335 9812 9935 11001 11617
4437 5470 6331 6933 8052 9472 10333 10892 11236 12742
3373 3518 4476 4709 5608 6015 6479 7350 7582 8250
1341 1569 1822 2171 2279 2592 2772 3109 3145 3590
1817 2025 2362 2618 3163 3468 3837 3997 4237 4654
5319 5634 6985 7526 9012 9687 10452 10903 11893 12929
1478 1712 2077 2234 2611 2768 3067 3133 3458 3719
3286 3692 4418 5086 5492 6131 6624 7147 7611 8714
2048 2529 2810 3611 3871 4012 4432 5213 5453 5894
1929 2073 2250 2699 3067 3324 3836 4173 4429 4542
3922 4873 5976 6547 7535 7916 9018 9817 10615 11072
2924 3762 4330 4871 5384 5709 6330 7006 7465 7843
4689 5392 5704 6680 7382 8358 8631 9373 10582 11324
3986 5353 6211 6328 7304 7929 9216 9880 10738 11480
5241 5913 6874 7883 9467 9900 11244 12493 13261 13598
4671 5343 6604 6983 7907 8580 9420 10933 11059 11942
1764 1990 2245 2426 2906 3057 3357 3628 4033 4379
5085 6496 6731 8001 9176 10305 10869 11810 12468 13362
2007 2422 2674 2963 3305 3666 4008 4513 4783 5108
3969 4798 5266 6059 6635 7284 8292 9337 9913 10382
4560 5093 6365 7309 7637 8868 9483 10181 11124 12027
2627 2869 3442 3530 4323 4456 5028 5337 5865 6526
4944 5649 6872 8424 8941 10117 10352 12233 12515 13456
1129 1259 1570 1791 1861 2032 2402 2593 2613 3004
5007 5049 6646 7277 8327 8664 9924 10723 11185 11942
1896 2304 2526 2935 3326 3633 4092 4314 4671 5114
1401 1533 1726 2147 2387 2616 2820 3097 3181 3590
5859 6660 7060 9011 9361 10012 11162 12613 13663 14314
2746 2861 3483 4082 4519 4957 5233 5763 6039 6891
1504 1804 1999 2312 2416 2859 2911 3289 3471 3810
4683 5052 6037 7268 7473 8540 9647 10673 11370 12027
5274 5859 6670 7661 8696 9507 10047 11443 12163 13379
3077 3494 3884 4275 4847 5212 6227 6487 6825 7372
1119 1362 1715 1859 2123 2212 2597 2774 3049 3292
4113 4689 5230 6491 6491 7860 8292 9229 9805 10634
4825 5513 6245 6977 7751 9214 9773 10462 11408 12914
4608 6220 6634 7463 8429 9212 10132 11421 12802 13032
3344 3983 4186 4883 5782 6189 6508 7089 8046 8685
3208 4362 5130 5354 6379 6828 7148 8269 8685 9422
4761 6170 6962 7182 7931 9516 10529 10749 12157 12510
2169 2489 2830 3411 3831 4052 4773 5133 5393 5894
1619 1801 2012 2405 2545 2896 3148 3639 3737 4088
1753 2250 2490 2635 3099 3468 3532 3901 4237 4574
3285 3649 4070 4855 5415 6144 6536 6957 7461 8162
2232 2498 2936 3374 3583 4078 4344 4877 5333 5543
4929 5750 6488 7063 7965 8622 9237 10058 10796 11658
3785 4458 4842 5771 6091 6892 7500 7949 8589 9454
4412 4523 5190 6486 6782 7671 8634 9152 9633 10522
1659 2020 2215 2531 2801 3057 3417 3673 4093 4454
3497 4458 4618 5483 6347 6732 7148 7981 8813 9198
5769 6393 7306 8459 9179 9804 10620 11917 12541 14318
1281 1509 1858 2003 2339 2532 2784 3097 3169 3530
5006 6134 7507 7900 9321 10253 10988 11871 13734 14371
4079 4560 5486 6523 7004 7597 8856 8930 10374 10559
4957 6821 6919 8586 9615 10302 11723 12116 13733 14322
3195 3547 4033 4330 5006 5574 6087 6628 7466 7709
1353 1654 1810 1978 2363 2544 2664 3013 3350 3386
2517 3046 3112 3861 4081 4566 5094 5337 6019 6570
2864 3902 4350 4995 5275 5696 6592 6733 7741 8022
3510 4395 5382 6097 6233 7084 7969 8479 8921 9568
1341 1557 1822 1990 2411 2520 2652 3085 3301 3542
2023 2517 3012 3412 3621 3850 4439 4820 4991 5353
2133 2331 2800 3125 3323 3846 4116 4675 4945 5180
4455 4806 6133 6485 7382 8475 8787 9646 10934 11207
4455 4962 6094 7031 7421 8475 9060 9372 10348 11519
3374 4365 4861 5489 6347 6975 7900 7966 9254 9551
1321 1608 2025 2182 2494 2625 3107 3354 3445 3810
4560 5339 5955 7227 7473 8458 9155 10509 11288 11904
4802 5884 6966 8377 8659 10023 10822 11951 12750 14020
4355 5504 6570 7022 7760 8745 9442 10017 10755 11576
1174 1439 1671 1903 2068 2377 2575 2796 3016 3270
4653 5686 6589 7751 7837 8999 9601 10333 11193 12914
2099 2651 3012 3393 3469 3964 4477 4725 5105 5638
3173 3902 4014 4490 5107 5668 6424 7013 7770 8190
2712 3598 3806 4196 5211 5628 6253 6435 7007 7606
1898 2530 2818 3197 3539 3684 4026 4693 4765 5270
3388 3853 4598 5281 6180 6646 7328 7794 8352 9066
1149 1289 1410 1691 1941 2092 2393 2423 2663 2904
1833 2186 2442 2603 2907 3276 3548 3901 4430 4494
2169 2489 3130 3571 3831 4052 4492 5173 5253 5974
3529 4490 4682 5290 5803 6988 7564 8333 8749 9102
3141 3249 4276 4438 5357 5898 6114 6925 7141 7709
1479 1717 2012 2265 2784 2812 3275 3597 3709 4032
5259 6710 7260 8211 9862 10012 11763 12063 13513 14114
3228 3634 4302 4883 5521 6189 6566 7002 8017 8627
5085 6355 7295 7765 9082 9459 10775 11716 12938 13926
3128 4120 4690 5201 5801 6312 6882 7813 8293 8564
4190 5586 5791 7145 8089 8499 9278 10632 10919 11535
2844 3384 4006 4547 5195 5493 6493 6952 7168 7871
3908 5392 5938 6485 7772 8553 8670 9841 10504 11207
5448 5889 7115 8194 8831 10645 11528 12459 13292 14028
1449 1509 1894 2159 2351 2496 2796 2977 3181 3374
3931 4782 5523 6634 6819 7560 8893 8893 9818 10892
4782 5513 6589 7450 8267 8784 9902 10978 11365 12054
4689 5289 6250 6771 7691 8012 8972 10053 11214 11254
1647 1759 2236 2433 2629 2938 3344 3555 3877 4214
3419 4257 4412 5002 5932 6584 6863 7670 8197 8973
1899 2494 2674 3161 3485 3720 4261 4387 4729 5162
1549 1787 2180 2391 2811 2952 3162 3527 3863 4158
1530 1569 1843 2156 2429 2716 2911 3211 3628 3914
3719 4349 5435 6241 6977 7257 7957 8623 9218 9849
3644 4617 5374 6347 6707 7536 8112 9193 9986 10130
1347 1595 1999 2169 2468 2742 3094 3302 3406 3849
2493 2907 3368 3713 4243 4934 5394 5970 6361 6684
2884 3510 3835 4010 4711 5087 5737 6438 6963 7389
5208 6759 8010 9011 9911 10512 11812 12713 13213 15014
4881 5511 6016 7151 8369 8496 9882 10807 11269 12194
3257 4070 4157 4680 5434 5986 6741 7089 7669 8163
3263 4008 4660 5498 6056 6367 7297 7825 8662 9004
1817 1929 2394 2795 3083 3260 3837 4173 4253 4718
3986 4767 5860 6329 7812 8358 8904 9412 10192 11402
4221 4725 5734 6455 6491 7211 8148 9337 9985 10526
3549 4179 4570 5411 5921 6281 7092 7482 8383 8894
4249 5049 5810 6811 7211 8772 8812 10213 10773 11974
1543 1830 2090 2286 2364 2807 2898 3367 3601 3810
1377 1521 1906 1954 2291 2616 2868 3109 3205 3386
1059 1219 1570 1741 1901 2012 2342 2613 2653 2954
1647 1956 2110 2405 2685 2812 3134 3387 3934 4088
2318 2781 3332 3905 4301 4654 5094 5315 5997 6482
3719 4279 5435 5750 6976 7187 8307 8938 9603 10024
3639 4398 4960 5621 6380 6777 7933 8131 9253 9320
2298 2613 3034 3392 3854 4569 4653 5158 5473 6167
4824 5724 6895 7661 8876 9687 10722 11263 12298 12613
2042 2441 2974 3203 3754 4002 4325 4839 4991 5543
1742 2236 2662 2850 3326 3531 4075 4433 4450 4995
4480 5944 6073 7536 7837 9472 10203 11150 11451 12914
5437 5943 6772 8015 8889 9764 10684 11145 12801 13124
1879 2339 2594 2952 3326 3428 3973 4246 4773 5012
3964 4349 5330 5891 6976 7537 8377 8763 9323 10164
2400 2769 3460 3806 4427 4796 5371 5740 6269 6868
1408 1928 2040 2447 2783 2868 3344 3639 3877 3947
2108 2950 3139 3602 3833 4254 4947 5452 5536 6230
1984 2403 2727 3165 3564 4173 4515 4858 5257 5562
4965 5301 6436 6983 7655 8664 9546 10093 11227 12572
1862 2494 2890 3053 3359 3972 4062 4549 4873 5396
1981 2339 2611 2815 3411 3599 4024 4263 4552 4978
3053 3721 4302 4708 5521 6189 6944 7524 7582 8540
4908 6134 7262 8390 9027 10204 11283 12361 13047 13734
4569 4569 5330 6205 7498 7612 8600 9703 10349 11262
5309 6960 7010 8261 9461 10912 11012 12663 13263 14914
3336 4105 4938 5707 5771 6540 7629 7917 8653 9166
1985 2422 2746 3260 3736 4021 4306 4611 5067 5410
5509 6810 7510 8611 9661 10162 11812 12113 13413 14414
5546 6723 7654 8439 9321 10155 11723 12312 12900 14126
5459 6559 7910 8511 9111 10362 11562 12813 13613 14314
1400 1608 2025 2130 2612 2638 2911 3250 3432 3719
2789 3573 4195 4871 5006 5412 6357 6736 7276 7817
1028 1350 1420 1751 1921 2072 2312 2493 2673 2984
4329 4473 5374 5950 6707 7860 8580 8941 9661 10670
2409 2689 3130 3471 3991 4292 4672 5033 5393 5653
1640 2202 2522 2795 3051 3356 3644 3885 4333 4606
4911 5944 6675 7148 8310 8956 9816 11150 11795 12871
2504 3250 3538 4307 4547 5100 5412 6181 6325 6782
1296 1395 1759 1925 2145 2366 2498 2653 2972 3171
5959 6559 7460 8411 9061 10262 11162 12163 13964 14664
3593 4330 4842 5579 5963 6476 7597 7821 8461 9294
1845 2187 2548 2927 3251 3846 4045 4387 4874 5126
4849 6072 7107 8189 9176 9929 10634 11293 12703 13456
4021 4702 5450 6063 6505 6879 7628 8819 9465 9669
5132 6543 7013 8095 9035 9412 10634 11575 12938 13691
5433 6057 6874 7883 8891 9804 11437 11773 13310 13838
3884 4569 5672 6357 7421 8144 8904 9627 10578 10844
2213 2950 3034 3518 4064 4443 5032 5158 5894 5936
3481 4101 4629 5467 5839 6646 7297 8042 8569 9035
4717 5994 6390 7271 8591 9208 10352 10837 11673 13170
2015 2100 2679 3071 3207 3701 4041 4348 4756 4875
2129 2929 2992 3412 4169 4485 4842 5158 5831 6083
4494 5118 5899 7031 7733 8124 8787 10075 10465 11090
1801 2105 2538 2827 3003 3468 3740 4013 4221 4606
3489 3518 4331 5028 5463 6334 6566 7350 7901 8395
4959 6130 7210 8066 8876 9011 9957 11353 12118 13109
1929 2250 2330 2875 3115 3532 3724 3949 4189 4638
2609 3084 3635 4261 4586 5037 5988 6463 6738 7414
1119 1269 1440 1751 1941 2132 2262 2563 2663 2874
4553 5859 6355 7931 8651 9147 10362 10993 12163 13289
4904 6009 7546 7834 9275 10428 11052 11821 13021 14222
2169 2549 3170 3551 3631 4232 4532 4913 5273 5874
1794 1824 2110 2666 2801 3192 3327 3823 4003 4484
3199 4012 4215 5028 5637 6218 6682 7292 7727 8192
5693 6478 7458 8096 9272 10302 10988 12067 13145 13930
1377 1678 1714 1978 2351 2604 2832 3001 3181 3458
4806 4929 6078 7309 8212 8909 9319 9894 10796 11617
2583 2693 3310 3729 4147 4544 5072 5623 5843 6196
2660 3181 4170 4275 4691 5290 6175 6747 6955 7398
2329 2589 3150 3611 4011 4172 4432 4933 5513 5994
4416 5470 5938 7031 7070 8202 8904 9529 10894 11441
1964 2151 2628 2935 3275 3514 4024 4263 4705 5114
4004 4597 5893 6597 7115 7782 8892 9485 10188 10707
5546 6232 7311 8586 8880 10400 11233 11871 12949 14518
1764 1854 2320 2425 2756 3252 3613 3763 4093 4244
2235 2676 3097 3581 4022 4443 4990 5179 5704 6125
3789 4244 5505 5996 6661 7362 8307 9113 9708 9919
2061 2556 2974 3069 3812 3812 4573 4573 5067 5467
4911 5901 6804 7536 8095 8654 9816 11150 11451 12656
3824 4735 5295 5645 6591 7257 7922 9008 9463 10339
1305 1618 1774 2015 2351 2616 2700 2893 3301 3446
5721 6538 7594 7738 8747 10044 10860 12301 12493 14078
4793 6450 6818 7877 8475 9350 10362 11881 12341 13078
2864 3762 4098 4827 5163 6116 6424 6817 7349 8078
2297 2847 3288 3971 4323 4456 4918 5359 5777 6592
1953 2313 2710 3053 3503 3828 4188 4405 4855 5144
5320 6355 6684 7954 9176 9694 10493 11481 12421 13879
1801 2089 2330 2827 2987 3212 3644 3885 4317 4798
3870 4200 5125 5720 6611 6744 7734 8329 8626 9848
3729 4225 4846 5156 6025 6242 7266 7887 8569 8849
2634 3360 3585 4161 4836 5187 5612 6088 6914 7139
4782 5599 6331 7278 8482 9042 9558 10806 11924 12312
4113 5064 5444 6091 7155 7612 8677 9209 10122 10654
2251 2556 2803 3374 3716 3850 4382 4573 5200 5410
1318 1351 1627 1892 2057 2278 2564 2796 3061 3127
2473 2693 3310 3839 3993 4412 5006 5557 5887 6218
1808 2277 2782 3107 3611 3810 4278 4639 4693 5252
5345 6358 7370 7462 8383 9994 10316 11559 12065 13262
2129 2739 3160 3539 3875 4611 4990 5284 5536 5915
1109 1349 1610 1811 2001 2011 2372 2603 2773 2813
1008 1269 1470 1691 1951 2112 2242 2523 2743 2954
3861 4798 5374 6239 6743 7608 7968 9157 9517 10346
1365 1473 1882 2003 2303 2532 2784 2905 3181 3494
2424 2655 3223 3749 3791 4548 4674 5263 5830 6146
4221 4473 5554 5806 6599 7932 8292 8833 9877 10562
5609 6559 7760 8110 9811 10862 11362 12513 13113 14414
1737 1945 2378 2811 2907 3260 3612 3949 4494 4590
3608 4365 5410 6239 6563 7392 8004 9337 9625 10670
1353 1497 1774 1930 2364 2532 2881 3025 3181 3386
4533 4962 5548 6445 7616 8202 9294 10153 10816 11246
3789 4761 5158 6095 6743 7644 8545 8725 9913 10598
3005 3425 4406 4575 5387 5976 6536 6817 7517 8106
3510 4497 4906 6029 6471 7322 7560 8819 8887 10146
5184 5994 7075 7706 8381 9417 10002 10813 12343 13379
2836 3930 4126 4855 5415 5639 6620 7293 7405 8302
2129 2845 3265 3581 3833 4611 4758 5074 5788 6125
2897 3465 4303 4871 5087 5736 6492 6898 7330 7844
2746 2792 3230 4128 4174 4773 5279 5993 6016 6477
3894 4384 4980 5856 6626 7292 8378 8763 9323 10479
4765 5380 5996 7104 8088 8745 9278 10345 11411 11658
1436 1843 2166 2334 2545 2938 3373 3569 3863 4200
1817 1977 2490 2763 2907 3292 3564 4109 4430 4622
3894 4770 5225 6066 6346 7187 7817 9113 9533 9989
3222 3519 3925 4655 5357 5493 5979 6493 7573 8114
1130 1506 1737 1792 2189 2289 2652 2818 2983 3182
5132 5837 7530 8424 8518 9647 10963 12045 12750 13973
3402 3983 4070 4941 5405 5957 6653 6973 8018 8482
1426 1673 2025 2182 2468 2859 2976 3224 3628 3654
5909 6059 7110 8661 9911 10262 11912 12713 13363 14764
4508 6220 6400 7390 8741 9822 9957 11713 12388 13379
4231 5545 5955 6940 7473 8663 9237 10550 11206 11699
3141 3492 3817 4601 4925 5871 6195 6979 7141 8033
4755 5978 7483 7624 8565 9694 11011 12233 12844 13362
3646 4599 5042 5586 6573 7458 8070 8717 9193 9908
1119 1384 1693 1770 2079 2410 2609 2851 2950 3171
1197 1406 1561 1958 2035 2278 2531 2807 2983 3270
3817 4395 4974 5484 6641 7254 7968 8479 9432 9568
3005 3369 4238 4743 5415 6144 6648 7125 7377 8274
4629 5848 6730 7529 7781 8538 10050 10092 11311 12404
2738 3337 4144 4457 4795 5498 5810 6773 7163 7606
1640 2137 2474 2891 3099 3532 3628 3885 4221 4718
3219 3879 4510 4840 5651 6462 6642 7723 8384 8894
1244 1545 1846 2147 2243 2412 2784 3001 3314 3386
4959 5949 7075 7345 8651 9552 10452 11263 12433 13244
1464 1745 2250 2475 2741 2994 3190 3485 3751 3934
3374 3969 5158 5753 6281 6711 7569 8593 8824 9353
3549 4120 4690 4900 5621 6342 7212 7783 8053 8413
1583 2034 2365 2651 3011 3117 3387 3883 4078 4289
4419 5343 6394 7529 7949 9252 9462 10681 10975 12026
5437 5713 7278 7693 8475 9718 10270 11605 12617 13676
4888 5298 5955 7268 7637 8786 9565 10181 10960 12109
1647 1857 2194 2447 2699 2868 3232 3415 3905 3962
4190 4486 5301 6190 7375 7745 8374 8967 10189 10744
2869 3415 3858 4665 4951 5368 6070 6487 6799 7606
5409 5949 6625 7255 8381 9597 10632 11398 12523 13244
3408 4532 4838 5587 6539 7118 7934 8445 9091 10112
3964 4700 5295 5926 6521 7187 7887 8763 9428 9849
3508 4840 5505 5716 6696 7047 7992 8833 9358 10234
1556 1752 1908 2103 2351 2664 2872 3315 3536 3888
2895 3285 4040 4509 5081 5368 5784 6435 6825 7528
1478 1913 2082 2517 2671 3022 3218 3653 3821 4214
2319 2571 3202 3665 4211 4275 4947 5242 5872 5999
1450 1745 2082 2517 2699 2966 3373 3401 3849 4144
1365 1521 1906 2051 2411 2580 2736 2989 3301 3602
3824 4942 5482 6311 6671 7932 8508 9049 9517 10562
5320 5884 6966 8377 9129 10305 10399 11434 13126 13832
5859 6509 7160 8961 9911 10362 11112 12213 13913 14564
2319 2782 3034 3413 3959 4233 4716 5263 5578 6209
3657 4170 4682 5163 6059 6508 7116 7789 8493 9230
2318 3002 3090 3795 4345 4852 5094 5513 5821 6328
4642 5380 6324 6940 8129 8458 9606 9935 11411 11576
4611 4845 6133 6367 7226 8475 8670 10036 10855 10934
5840 5987 7311 8684 9419 10498 11233 12606 13439 13832
1624 2089 2378 2586 3163 3484 3837 3933 4429 4734
5409 5409 6895 8066 8876 9417 10047 11173 11803 13514
1759 2083 2713 2730 3241 3752 3871 4331 4467 5114
4653 5298 6890 7063 8310 9171 9558 11150 11279 12355
5154 6281 7507 7899 9174 10645 11626 12018 13243 14126
2424 3069 3437 3829 4566 4819 5279 5533 6408 6500
1413 1473 1918 2039 2375 2520 2880 2917 3241 3530
3647 4532 5450 5791 6471 6846 7900 8275 9057 9806
3087 3654 3979 4736 5411 5546 6357 6736 7519 7979
4545 5091 5932 6772 8159 9252 9967 10429 11143 12278
3903 4299 4828 5654 6182 6810 7338 8263 8626 9914
3129 3129 3780 4587 5159 5602 5862 6539 6955 7580
4174 4314 5015 5961 6416 7362 8097 8623 9463 10304
1049 1350 1460 1771 1861 2082 2242 2563 2693 2834
2584 3234 3585 4311 4511 5112 5762 6463 6839 7014
4649 5369 5890 7051 7651 8732 9332 10053 10733 11574
2137 2365 2670 3431 3469 3812 4401 4668 5334 5448
4508 5724 6895 7571 8561 9552 10633 11488 11983 12749
5889 6036 7703 8439 9272 9812 11527 12067 13341 14077
2099 2422 2917 3374 3583 4135 4420 4934 5276 5695
4739 5858 6804 7105 8095 9472 9816 10978 11623 12097
2713 3155 4144 4196 4977 5732 5940 6591 7033 7294
1833 2058 2314 2683 3212 3212 3532 3853 4253 4526
5367 6072 6872 7577 8518 10258 11293 11998 12609 13409
2808 3846 4182 4939 5331 5892 6536 6985 7461 8274
5049 5454 7030 7391 8381 9057 10678 11083 12073 13379
1119 1219 1520 1610 1821 2052 2413 2533 2613 2984
2683 3259 3810 4511 4836 5187 5787 6463 6838 7514
2977 3425 4462 4771 5331 5948 6284 6957 7573 8386
1230 1362 1682 1770 2189 2388 2619 2752 3016 3237
4149 5093 5791 7268 8007 9032 9114 9935 10837 11781
4654 6219 7232 7646 8935 10132 10178 11329 12847 13814
2289 2650 2930 3511 3651 4152 4492 5053 5333 5674
3856 5153 5486 6041 6708 8152 8337 9115 10077 11077
1640 2202 2522 2699 3179 3276 3660 3949 4317 4750
2043 2475 2566 3179 3521 3972 4152 4693 4819 5378
2659 3435 3535 4085 4987 5337 5913 6163 6738 7114
1028 1390 1550 1781 1961 2021 2232 2583 2783 2904
4952 6346 6922 8603 8843 9948 10668 11965 13165 14174
1219 1472 1660 1947 2134 2377 2454 2862 3038 3182
3933 5050 5194 6275 6887 7572 8040 9265 9445 10346
4104 4689 6016 6250 7070 8475 9021 9880 10934 11207
1449 1449 1930 1954 2339 2652 2796 3109 3265 3518
3808 5216 5824 6585 7269 8144 8448 9361 10349 11376
1998 2117 2679 2918 3411 3650 3939 4093 4501 4927
2403 2908 3181 3454 3833 4485 4695 5326 5894 5999
3249 3699 4240 5261 5891 6402 7152 7663 7843 8924
1401 1666 1918 2039 2411 2568 2760 2892 3265 3397
5529 6297 6970 7978 8843 10524 11004 12109 13309 14126
1220 1618 1906 2051 2195 2592 2676 3061 3277 3434
3431 3518 4650 5057 5463 5870 6973 7002 8075 8163
2251 2613 2689 3108 3450 3831 4249 4592 5239 5448
2407 3068 3112 3530 3993 4654 5205 5359 5821 6482
3481 4194 4660 5374 5932 6491 7421 7918 8538 9190
3549 3909 4780 4960 5891 6612 7062 7633 7963 9014
3141 3546 4222 4601 5060 5952 6411 6871 7033 7898
5115 6035 7002 8107 8337 9258 11007 11513 12525 13216
3369 3819 4780 5141 5861 6222 6882 7393 8323 8894
5959 6409 8010 8410 9511 10462 11662 12263 13963 14664
3608 4653 5230 6167 6563 7716 8653 8977 9949 10706
1659 1854 2245 2651 2726 3222 3447 3748 4033 4439
3460 3576 4128 5028 5463 5986 6914 7553 8133 8424
4113 5064 5482 6661 7003 8296 8410 9361 10273 11186
3729 3884 4598 5094 5994 6770 7142 8011 8073 8973
1769 1993 2282 2731 3019 3372 3757 4093 4221 4670
4104 5275 5782 6719 7655 7812 9295 9607 10738 11051
2649 2957 3156 3707 4345 4764 5072 5513 5997 6240
1508 1929 2215 2696 2981 3312 3522 3823 4003 4214
2504 2913 3370 4235 4811 4980 5749 5965 6709 7022
3574 3946 4660 5467 6180 6429 7266 7918 8414 8911
1361 1595 1934 2312 2442 2651 3094 3276 3445 3667
4569 4809 6370 7051 8011 8091 8812 10213 11133 11814
5161 5851 7186 7923 8935 9258 10822 11099 12433 13354
5742 6526 7507 8537 9125 10351 11478 12459 13635 14420
4700 5851 6864 7508 9120 9304 11053 11329 12571 13538
3783 4531 4906 5995 6709 6982 7662 8445 9295 9874
4149 4473 5554 6239 6599 7644 8184 8905 9445 10454
1449 1449 1774 1991 2195 2556 2845 2953 3193 3542
4689 5235 6094 6758 7538 8475 9060 9841 10192 11363
4128 5450 6210 7051 7811 8412 9172 9733 10533 11214
2409 2609 3190 3371 3751 4212 4592 4853 5553 5914
5132 6355 7201 7577 8847 9741 10963 11434 13174 14020
4529 4969 6090 6691 7691 8452 8972 9613 11214 11334
1139 1259 1590 1711 1891 2142 2302 2473 2663 2884
5069 5509 6918 7579 8679 8855 10132 11057 11673 13126
1436 1942 2208 2391 2545 2980 3317 3401 3807 4032
1159 1370 1440 1761 1851 2122 2242 2563 2773 2994
1425 1473 1798 2027 2243 2544 2724 3133 3253 3410
5742 6674 6919 7850 9223 10351 10792 12067 13096 14518
2934 3334 4010 4160 4836 5061 5837 6313 6913 7139
1439 1621 2051 2156 2390 2807 3002 3315 3575 3719
1749 1824 2320 2440 2906 3192 3342 3793 4198 4484
5959 6209 7310 8911 9311 10612 11662 12463 13913 14114
1785 2202 2250 2843 3163 3244 3837 3853 4349 4494
5038 5884 6778 7531 8847 9506 11105 12092 12845 13221
2079 2277 2566 3215 3485 3774 3972 4621 4693 5126
2921 3598 3962 4327 5081 5238 5940 6721 6799 7398
2745 2889 3682 4331 4379 5148 5340 5845 6493 6782
5144 6586 7546 8603 8699 10284 10716 12205 13261 14126
5673 6586 6778 7739 9275 9660 10860 11629 12829 13934
1776 2339 2628 2867 3105 3650 4024 4331 4603 5029
3510 4429 4906 5689 6778 6982 8071 8207 9363 10044
4369 5129 6130 6530 7771 8132 9372 10413 10973 11694
5497 6576 7409 8390 8978 10008 10988 12459 13096 14028
1464 1942 2250 2517 2587 2924 3316 3639 3793 4032
5094 6039 6805 7841 8786 9372 10227 11263 12433 12613
5069 5993 6698 7711 8811 9340 10440 11101 11541 12509
4089 4497 5042 5825 6403 7458 7730 8513 9329 9670
1179 1229 1480 1621 1921 2042 2292 2443 2633 2924
4375 4523 5634 6634 7041 7708 8448 9337 9707 10374
4292 5637 6520 7445 8327 8832 9504 10135 11605 12110
4601 5175 6283 7186 8088 8417 9524 10222 11370 12109
1478 1900 1970 2278 2797 3022 3302 3527 3779 4074
3953 4634 5076 5518 6778 6914 7526 8207 9431 10010
4911 5427 6761 7062 8009 9085 9730 10935 11752 12656
4778 5814 6805 7976 8561 9867 10677 10857 12298 13424
1563 1942 1998 2517 2755 3078 3344 3485 3779 3933
5859 6109 7960 8961 9211 10562 11262 12563 13863 14864
3294 4225 4970 5436 5653 6739 7421 7980 8693 9066
1169 1319 1590 1761 1991 2021 2372 2593 2743 2944
2558 3460 4010 4135 4961 5362 5812 6338 6563 7064
4746 6173 7324 7416 8705 9764 10592 11835 12847 13400
1389 1545 1750 2111 2375 2436 2748 2953 3265 3566
4303 4911 5368 6128 7345 8182 8942 9323 10653 11414
2309 2469 3110 3230 3771 4252 4412 5013 5473 5794
1675 1956 2138 2503 2755 3022 3204 3485 3653 4060
2234 2950 3202 3665 3875 4317 5010 5389 5809 6062
2354 3069 3621 4105 4220 4658 5256 5579 6154 6891
2466 2887 3055 3623 4211 4548 4674 5242 5851 6062
2759 3234 3935 4386 4736 5262 5587 6463 6913 7439
1208 1351 1704 1859 2112 2267 2620 2686 3005 3270
1139 1369 1450 1791 1961 2172 2282 2533 2813 2843
2480 3274 3778 4187 4739 5076 5700 5821 6469 6950
2401 2792 3667 3760 4473 4796 5418 5671 5993 6684
1257 1461 1870 2063 2315 2424 2869 2893 3181 3494
1629 1959 2170 2711 2711 3162 3357 3703 4169 4334
2859 3410 3585 4085 4686 5462 5837 6088 6989 7089
2769 3370 3658 4307 4451 4932 5604 6013 6541 7166
3103 3311 3650 4457 4743 5342 5784 6383 6825 7424
3639 4101 4828 5621 6413 6744 7272 8494 8857 9914
1186 1450 1583 1848 2167 2278 2476 2862 3005 3105
3068 3909 4270 5171 6012 6252 6612 7813 8023 8864
2208 2958 3464 3729 4103 4786 5028 5381 5975 6504
5409 6559 7060 8611 9111 10912 12013 12863 13113 14114
4908 6281 7311 8684 9223 10645 11282 12557 12900 13881
2208 2891 3442 3751 4191 4654 5072 5425 5733 6438
5139 6130 7075 7841 8201 9057 9957 11038 12524 12974
3111 3895 4215 5057 5811 5928 6914 7234 7930 8627
4671 5217 6394 7529 7613 8538 9882 10387 11563 12152
2137 2327 2670 3089 3469 4135 4192 4953 5124 5657
2270 2308 2860 3241 3792 4097 4458 4763 5048 5391
1689 1824 2395 2501 2771 3192 3372 3688 4123 4364
3804 4497 5059 5753 6182 6942 7569 8395 8956 9683
1734 1854 2395 2621 2726 3207 3552 3658 4003 4484
3749 4531 4770 5757 6539 7458 7628 8649 9295 10010
2229 2689 2990 3330 3831 4332 4812 5173 5473 5894
2277 2655 3244 3707 4127 4422 4653 5410 5851 6272
3609 4120 4330 5201 5531 6432 6672 7303 8354 8414
4189 4569 6052 6319 6889 7650 8828 9855 9931 11376
1244 1666 1726 2123 2219 2532 2652 2977 3289 3578
2432 3370 3682 4091 4691 5100 5340 6037 6661 6878
1230 1362 1627 1770 2024 2234 2609 2741 3017 3226
3987 4668 5178 5995 6301 7186 8002 8785 9295 9533
2505 3298 3778 3995 4499 4884 5677 5797 6253 6926
1119 1351 1759 1803 2057 2377 2553 2840 2939 3237
1674 1884 2335 2576 2936 3267 3582 3883 4198 4333
1436 1956 2250 2278 2727 3022 3316 3597 3807 4186
4151 5330 5748 6471 7193 8068 8828 9627 10311 11034
5644 5889 7703 8046 9713 10204 11135 12753 13194 14665
4489 5409 5690 7171 7971 8612 9412 10413 10653 11213
2193 2634 2992 3392 4064 4380 4948 5368 5641 6041
3579 4840 5260 5821 6767 7012 7712 8658 9464 9919
2889 3225 3442 4235 4715 4956 5580 6253 6373 6974
3103 3624 3910 4587 4899 5706 6148 6773 6903 7449
2297 2936 3244 3729 4015 4720 4940 5667 5733 6504
2859 3334 4010 4336 4586 5387 5512 6313 6538 7239
2451 2935 3354 3817 4081 4610 5028 5381 6129 6482
4377 5392 6211 6641 7421 8592 8592 9607 10309 11363
1845 2322 2713 3054 3088 3531 3990 4093 4756 4927
1189 1390 1420 1651 1891 2052 2282 2613 2653 2934
1517 1777 1921 2325 2442 2768 3067 3276 3653 3705
2133 2169 2746 3197 3359 3756 3972 4513 4783 5144
2700 3161 3598 3736 4266 4750 5417 5671 6131 6684
3309 4089 4660 5020 6011 6372 7152 7363 8383 8443
4079 4745 5634 6190 7227 7486 8152 9115 10189 10374
4113 4645 5900 6166 7345 8144 8714 9703 10235 11300
5759 6409 7760 8461 9761 10312 11612 12313 13263 14614
2408 3105 3754 3874 4788 4932 5436 6229 6541 6926
4248 5490 6250 6731 7651 8652 9572 9612 11053 11694
3257 3954 4331 4970 5434 6392 6653 7350 7582 8337
2934 3109 3785 4261 4911 5387 5787 6213 6938 7289
2028 2649 3090 3471 3811 4412 4632 4913 5573 5634
1863 2494 2530 3251 3287 3684 4080 4459 4729 5108
3849 4137 4970 5707 5835 6572 7628 7692 8813 9550
1517 1764 2090 2247 2585 2755 3067 3328 3588 3653
4069 4314 5575 5926 6346 7362 7782 9113 9638 10374
2208 3046 3288 3729 4323 4742 4940 5337 6130 6306
1896 2253 2577 3054 3224 3684 3888 4127 4671 4927
5158 6609 7010 8861 9811 10062 11712 12563 13613 14764
5840 6870 7213 7997 9125 9910 11380 12508 12851 14714
1479 1843 2166 2250 2657 2952 3373 3485 3737 4130
1689 1773 2124 2306 2699 3022 3134 3653 3821 4158
2561 2649 3288 3663 4412 4720 5028 5623 5777 6482
3229 3397 3930 4603 5079 5696 6396 7153 7630 8358
1199 1279 1600 1771 2001 2112 2342 2473 2763 2813
1437 1521 1738 1967 2303 2424 2772 3133 3205 3494
2769 3057 3706 4307 4811 5028 5388 5797 6589 6806
4417 4797 5786 6699 7345 8030 8904 9893 10387 11300
2269 2710 2930 3451 3911 4312 4492 4833 5333 5634
4519 5503 6406 7350 7473 8293 9319 10550 11493 12068
4369 5250 5610 6571 7211 8212 9413 9933 10613 11574
4394 5685 6546 7321 8439 9472 10246 11064 11322 12269
4313 5586 6529 7391 8129 8704 9688 10058 10673 11658
2790 3303 3871 4763 4925 5682 6304 6979 7276 7655
4379 5254 5824 6280 7345 7649 8942 9513 10235 11338
1347 1647 2038 2156 2573 2781 2950 3185 3615 3693
3539 4068 4630 5687 6314 7272 7932 8395 8989 9914
3960 4873 5444 6319 7574 7878 8448 9703 10654 11110
2361 2676 3265 3581 3896 4275 4947 5431 5851 6230
5037 6354 7107 7671 9270 9929 10681 11904 13079 13926
4569 4987 5862 6547 7345 7840 9094 9779 10007 11110
1705 1977 2458 2699 3163 3308 3740 4173 4429 4558
1507 1703 2012 2250 2769 3078 3359 3429 3849 4130
1947 2287 2492 2764 3292 3514 3871 4382 4620 5097
3145 3425 4294 4715 5219 5752 6705 7013 7377 8358
3936 4134 5158 5588 6545 7140 7569 8230 8791 9584
1849 2234 2490 2875 2907 3420 3596 4093 4189 4814
4977 6358 7094 7969 8429 9396 10362 11375 12801 13584
1365 1569 1894 2003 2183 2652 2760 3085 3301 3386
3929 4489 5435 5786 6626 7712 8378 8483 9288 9884
5721 6345 7306 8603 8795 9996 11196 11677 13309 14318
3647 4736 5076 5689 6301 7458 7628 8479 9125 9976
1817 2218 2250 2586 3035 3468 3612 3981 4285 4702
2649 3002 3332 3795 4345 4433 4984 5623 5821 6416
4455 4645 5368 6091 6889 8068 9095 9437 10121 10806
2528 3370 3442 3970 4763 5148 5700 6133 6277 7190
2232 2327 2822 3298 3564 3888 4325 4592 5219 5714
2505 3009 3442 4019 4716 4812 5364 5893 6493 7214
4249 5370 5890 7131 7331 8492 9613 9933 10733 11574
4567 5728 6245 7665 8181 8698 9687 10634 11967 12914
3738 4531 5125 5720 6281 6777 7833 8428 9055 9551
4937 6038 6654 7887 8723 9164 10440 11233 11761 12333
1811 2356 2611 2764 3156 3446 3871 4331 4535 5097
5096 5913 7402 8219 9467 9948 10908 12445 13069 14414
3716 4329 5122 5987 7139 7824 8148 9373 9805 10526
3508 4349 5260 5646 6591 7327 8168 8623 9463 10199
2256 2613 3097 3623 3896 4275 5011 5305 5810 6062
1353 1497 1738 2099 2243 2448 2712 3061 3277 3542
1130 1472 1715 1958 2123 2300 2553 2719 3027 3270
5299 6174 6634 7508 8659 10040 10178 11237 12663 13814
1436 1731 2110 2377 2671 2882 3176 3415 3751 4200
2213 2555 3050 3279 3602 4078 4534 4820 5124 5581
5203 6134 6968 8831 9076 10351 11577 11920 13587 13881
3038 3729 4390 5261 5861 6342 7062 7483 7933 8864
2097 2169 2818 3035 3521 3900 4026 4567 4909 5144
1530 1738 1908 2129 2481 2833 2963 3367 3445 3836
4478 5750 6406 6611 7924 8540 9647 10058 11493 12150
5008 6559 7410 8561 9561 10662 11662 12913 13913 14964
3998 4949 6090 6395 7611 7954 8638 9475 10159 11072
3315 3808 4592 4941 5463 5841 6653 7292 7843 8221
4529 5249 5890 7051 7691 8092 9452 10173 10733 11374
3817 4458 4714 5386 6379 7020 7180 8141 8877 9262
1689 2019 2170 2636 2801 3162 3552 3808 4168 4274
4654 5805 6864 7509 8521 9396 10224 11651 12572 13124
2659 3134 3860 4060 4686 5187 5963 6288 6989 7089
3038 3639 4540 5411 5741 6282 6672 7633 7843 8714
5461 6166 7107 8236 9270 9976 10352 11528 13032 13503
3683 4594 5085 6276 6941 7572 7712 8938 9323 10339
5759 6659 7310 8360 9411 10512 11812 12763 14013 14564
1317 1642 1714 2003 2207 2652 2760 3085 3301 3398
1078 1399 1610 1811 1991 2102 2342 2583 2693 2954
3285 3706 3930 4939 5303 5612 6705 6957 7321 7994
3672 4101 4927 5588 6149 6711 7470 8494 8989 9914
4628 6038 6478 7138 8591 8944 10573 11189 12113 12554
5201 5729 6478 7623 7975 9032 10396 10969 12025 12862
2409 2750 2810 3411 3691 4392 4472 4933 5413 5954
5649 5884 7436 8189 9223 9976 11151 11716 12280 13550
4139 4769 5085 6311 6451 7502 8412 8903 9498 10374
2108 2866 2992 3602 3875 4212 4653 5326 5621 5915
2151 2512 2548 3089 3269 3720 4261 4423 4729 5270
1964 2253 2662 2798 3241 3701 3837 4280 4671 5029
5274 6220 7120 7886 8921 9282 9912 11038 12118 12614
5385 6153 6922 7835 8699 9804 10812 12301 12925 14318
5226 5884 7436 7860 8941 10164 10869 11340 12515 13174
3373 3837 4563 5173 5521 5812 6479 7118 7785 8453
2213 2460 2917 3374 3621 4135 4230 4934 5276 5581
4264 5153 5893 6079 7078 7486 8263 9300 9633 10559
1257 1485 1834 2135 2171 2472 2664 3001 3169 3506
5319 5679 6940 8066 8246 9507 10002 11398 12118 13289
5809 6459 7310 8661 9761 10312 11962 12113 13563 14764
4116 5116 5671 6375 6671 8152 8300 9004 10151 10929
2539 2792 3437 3944 4358 4865 5187 5602 6431 6753
2539 3045 3690 3736 4565 4980 5486 5717 6315 6499
2508 3259 3885 4311 5012 5487 5913 6013 6513 7039
2097 2403 2530 3233 3269 3648 4026 4675 4981 5378
4190 4893 5930 6412 7263 7708 8189 9374 9929 11003
3129 3546 3676 4326 5185 5732 5940 6747 6825 7476
3884 4569 5482 6813 6965 7726 9019 9817 10045 11110
2539 2891 3354 3729 4125 4544 5072 5733 5755 6438
3285 3565 3930 4995 5527 5724 6592 7125 7853 7966
4802 6072 7389 7672 8847 9694 10822 11669 12609 14020
2025 2422 2854 3017 3503 3648 4062 4423 5054 5162
1633 1703 2082 2475 2601 3078 3260 3457 3723 4046
1252 1384 1638 1826 2046 2311 2653 2752 2884 3116
4375 4708 5782 6153 6819 7708 8744 9448 9966 10448
4449 5078 5597 6597 7189 7485 8781 9337 10114 10818
4394 5169 6503 7192 8181 9042 10032 10892 11279 12699
3851 4464 4974 6097 6335 7118 7526 8173 9057 9840
2369 2409 2890 3491 3831 4052 4452 5173 5333 5694
5481 6057 7162 7738 8795 9948 11293 12253 12637 14126
1794 2050 2275 2486 2711 3117 3553 3823 4033 4214
3459 4150 4240 5381 6011 6282 7002 7393 7843 8984
1119 1373 1561 1781 2157 2234 2642 2840 2983 3204
4914 6310 6625 7436 8471 9372 10497 10858 12479 12659
2363 2869 3376 3927 4037 4852 5226 5403 6041 6240
1811 2202 2543 2918 3360 3514 3803 4416 4501 5080
2042 2632 2708 3089 3545 4192 4211 4706 5067 5353
3508 4804 5085 5890 6906 7362 8307 9078 9743 10479
4190 4523 5301 5968 6671 7597 8560 8893 9707 11040
4369 5610 6130 7171 7731 8492 9252 9612 10533 11814
1989 2241 2782 2963 3558 3738 4044 4513 4711 5090
4908 6575 7360 8537 9762 10694 11724 12165 12949 13881
3817 4191 4906 5620 6777 7458 8173 8445 9261 9738
1675 1857 2152 2362 2797 3050 3372 3499 3681 4074
1704 2020 2200 2636 2966 3027 3357 3853 4018 4349
1624 2234 2442 2875 3211 3260 3564 4061 4461 4606
3222 3330 3871 4438 5411 5844 6492 6844 7438 7655
1450 1759 1998 2349 2742 2966 3373 3485 3681 4032
2032 2185 2390 2952 3071 3446 3905 4382 4705 4944
3608 4617 5230 6275 7067 7428 8256 9013 10022 10490
1844 2205 2890 3233 3485 3828 4224 4675 4693 5288
3861 4870 5410 5806 7103 7824 8040 8761 10093 10814
4079 4968 5523 6634 6967 8115 8263 9115 9707 10670
4265 4911 5862 6395 7041 7612 8372 9893 10349 10806
4116 5042 5671 6634 6930 7523 8300 9411 10262 10670
5759 6760 7360 8861 9211 10912 11662 12813 13063 14214
1661 1956 2208 2362 2699 3008 3232 3527 3723 4186
5126 5255 6159 7235 7923 9429 10031 11193 11666 12828
3753 4490 4554 5547 6091 6924 7180 8077 8909 9005
3574 3853 4443 5498 5839 6305 7018 7825 8073 8973
4838 5897 7094 7877 9119 10086 10592 11283 12847 13722
3507 4200 4960 5555 6314 6645 7569 8527 8923 9353
1028 1370 1420 1761 1951 2212 2232 2423 2683 2874
2793 2913 3586 4091 4595 4980 5292 5965 6686 7046
3606 4266 5158 5356 6050 7239 7305 8197 9055 9617
4802 6449 6637 8377 8706 10023 10916 11669 12233 14114
5367 6543 6825 7907 8565 9741 10728 12186 12609 13691
4005 4473 5338 5879 6923 7824 8112 8833 10094 10202
4089 4702 5110 5791 6233 7050 7798 8207 9499 9806
4478 5216 5914 6776 7637 8335 9237 10468 11412 11863
4377 5259 6142 7445 7865 9042 9378 10387 10975 12278
4937 5817 6918 7755 8327 9340 10088 10925 11805 12554
4529 5330 5690 6691 7371 8052 9413 9813 10533 11454
2934 3109 3835 4060 4586 5112 6012 6513 6838 7464
4113 4607 6052 6090 7535 8220 9057 9285 10121 11148
4572 5314 5509 6680 7382 8475 9216 9685 10192 11597
5559 6059 7360 8011 9111 10362 11813 12363 13764 14114
5055 5938 7164 8733 9812 10155 10988 12165 13145 14420
2843 3384 4330 4465 5411 5952 6411 6790 7546 7573
3442 4395 5212 5485 6335 7118 7833 8547 9228 9534
1964 2168 2390 3037 3275 3701 3956 4331 4535 4876
1408 1829 2250 2320 2769 3022 3358 3401 3793 4130
2561 2693 3398 3684 4411 4786 4984 5314 6173 6548
1849 2073 2378 2763 3067 3324 3772 3997 4365 4702
4739 5255 6245 7321 7794 8784 9515 10677 11409 12226
2361 2697 3055 3686 4064 4590 4716 5200 5725 5957
2539 2715 3376 3596 4015 4764 5006 5623 5843 6592
1661 1927 2096 2503 2769 3036 3344 3625 3863 4045
5649 6354 7389 8189 8988 10211 11292 11998 12656 13738
4227 5330 5558 6395 7155 7992 8676 9893 10349 11224
2229 2669 2910 3571 3771 4292 4612 4993 5253 5834
4708 6166 6684 8283 9364 10117 11010 11951 12891 13362
2432 2961 3634 4331 4523 4908 5292 5821 6614 7214
3919 4770 4872 5757 6471 6812 7560 8411 9023 9976
4847 5175 6078 6981 8006 8417 9688 10058 11329 11904
3729 3884 4567 5157 6087 6584 7453 7453 8352 8973
3201 3884 4939 5498 5808 6305 7328 7639 8166 9283
1219 1483 1704 1858 2200 2311 2619 2862 2983 3270
4997 5858 6159 7407 7837 9085 9988 10505 11881 12140
1119 1380 1530 1660 1921 2212 2342 2573 2773 2853
5113 5421 7050 7403 8371 9604 10440 10749 11717 12598
4997 5815 6245 7536 8138 8870 9472 10333 11752 12656
1506 1928 2124 2306 2601 3092 3344 3541 3919 4004
5201 6082 6566 7094 8635 9208 10176 11013 12201 12730
1553 1809 2260 2410 2966 3312 3342 3883 4078 4499
4587 5217 6058 6815 8202 8454 9715 10345 11227 12026
2133 2458 2638 2890 3539 3864 4297 4585 4693 5054
3419 4319 4350 5219 6181 6274 7111 7918 8290 8694
1801 1993 2522 2859 3211 3484 3596 3949 4285 4782
1263 1428 1561 1826 2002 2377 2531 2774 3060 3270
2937 3983 4389 4883 5753 6015 6450 7118 8105 8366
5094 5724 6310 7526 8336 9462 10407 11353 12523 13424
5399 6036 7066 8145 9027 10204 10890 12312 13391 14077
1817 2009 2298 2587 3035 3356 3709 3901 4173 4798
5025 5421 6258 7447 8548 9032 10000 11277 11453 12334
3369 3369 4126 4715 5275 5808 6592 7153 7685 7994
1293 1605 1762 2135 2399 2556 2736 2917 3373 3446
1425 1690 1870 2147 2387 2472 2700 3133 3229 3421
2723 3114 3529 3990 4427 4680 5509 5993 6407 6453
1059 1259 1420 1741 1961 2022 2383 2553 2663 2954
1569 1751 1882 2286 2611 2755 3093 3211 3653 3731
5481 6105 6778 8171 9419 10044 10812 11965 12589 14270
4129 5570 5970 6491 7731 8412 9493 9693 10533 11254
1985 2365 2689 3241 3659 3945 4325 4611 5201 5638
2133 2458 2530 3125 3467 3648 4279 4405 4873 5162
5319 5859 6670 8066 8696 9282 10452 11488 11893 13019
4449 4486 5560 6227 7078 7745 8559 9004 10374 10485
2007 2512 2764 3053 3341 3882 4170 4477 4891 5108
2789 3628 3925 4357 5276 5898 6303 6493 7574 7709
4911 5427 6030 7450 8224 9214 9859 10935 11666 12140
1624 2025 2410 2586 3099 3516 3724 3997 4445 4766
2289 2509 2950 3291 3651 4192 4552 5193 5513 5914
1543 1751 1947 2142 2494 2794 3054 3237 3484 3849
2871 3249 4033 4547 5195 5790 6033 6979 7168 7574
4717 5641 6434 7535 8195 9384 10044 10749 11937 12818
3408 3969 4828 5357 6579 6612 7768 8395 8824 9518
2790 3438 4060 4385 5358 5466 6087 6736 7114 7682
4959 5814 7120 7886 8786 9192 10677 11128 12523 12749
4088 5209 6410 6971 7891 8372 9292 10333 10613 11734
1334 1804 1973 2325 2377 2768 3119 3393 3640 3732
4943 6590 7295 7813 9223 10164 10963 11340 12280 13597
3399 3609 4690 5051 5411 6612 7063 7243 7903 8564
3009 3009 4010 4060 4911 5362 5537 6213 6588 7264
2889 3202 3586 4067 4427 5148 5292 5797 6493 6758
3195 3465 4060 4709 5303 5574 6087 6682 7141 7790
1491 1582 1973 2143 2390 2729 3055 3393 3523 3654
1865 1961 2362 2795 3035 3388 3756 3901 4237 4734
2214 2887 2950 3707 3854 4296 4821 5158 5536 6146
2583 3259 3785 4161 4611 5437 5888 6163 6613 7164
4713 5679 6394 7150 8159 9210 9840 10765 11311 12614
1426 1660 1947 2325 2520 2638 3002 3172 3393 3823
5529 6441 7546 8363 8651 10572 10860 12445 13213 14174
4683 5011 6037 6611 8171 8663 9360 10304 11247 11494
1725 2304 2611 2883 3394 3752 4024 4331 4739 5080
2561 2693 3222 3729 4059 4610 4940 5623 5755 6328
4689 5235 6055 6797 7109 8124 9021 10153 10348 11714
4227 5116 5819 6153 7115 7634 8189 9004 10151 10596
3609 3699 4270 4870 5561 6432 7213 7243 8143 8744
4289 5089 6010 6410 7731 8212 9613 10413 10453 11654
1413 1642 1714 2099 2171 2556 2712 3073 3205 3386
3202 3791 4846 5343 5622 6367 7174 7484 8383 9066
2793 3297 3466 4259 4619 5028 5532 6157 6685 7166
1721 2250 2554 2618 2987 3372 3788 3917 4397 4670
1568 1884 2380 2531 2981 3072 3402 3823 4168 4364
2871 3465 4249 4709 5412 5709 6060 6574 7330 7628
4642 5462 5996 7391 7596 8786 9647 9894 11493 11699
5184 5859 7210 7931 8111 9507 10452 11713 12298 12794
1232 1581 1918 1930 2315 2556 2808 3001 3181 3446
4088 5410 5810 6691 7932 8092 9132 9973 10573 11534
3612 4770 4770 6131 6709 6982 8070 8411 9295 10214
4185 4941 5194 6419 7175 7932 8220 8833 9985 10309
4227 4819 5560 6671 6819 7671 8892 9337 10188 10707
3947 4884 5509 6992 7343 8592 9060 10114 10855 11558
5049 6153 7066 8507 9419 9804 11196 12013 12493 14222
5385 6634 6970 8219 8939 9900 11245 11581 12637 14030
1119 1269 1510 1640 1981 2042 2302 2453 2814 2984
4761 5597 6698 7182 8635 9208 9912 11321 11893 13038
1386 1804 1882 2234 2481 2820 2976 3224 3627 3914
2308 2815 3621 4128 4197 5026 5187 5694 6269 6477
2759 3309 3910 4010 5012 5162 5562 6413 6938 7039
4379 5063 6090 6775 7573 8068 8600 9323 9931 10806
4338 4930 5856 5930 7189 7930 8818 9041 9855 10707
5049 5949 6490 8066 8336 9507 10768 10903 12073 12659
5414 5931 7060 8189 9317 9929 11104 12092 12703 13314
1897 2041 2506 2843 3131 3436 3628 4109 4493 4525
5529 5989 6910 8199 9119 9994 10362 11098 12893 13630
3579 4059 4390 5141 5591 6132 7122 7273 8233 9014
1452 1739 1882 2273 2599 2625 2911 3276 3406 3693
4566 6030 6761 7493 7837 9386 10074 10677 11279 12871
1647 1928 2026 2433 2643 2826 3317 3611 3667 3934
2700 2838 3322 3806 4197 4796 5349 5717 6247 6500
2627 2847 3156 3905 4323 4852 5050 5667 5843 6504
