1000 10 10
7 26 55 98 73 77 34 88 60 74 39 0 31
8 64 75 52 54 38 27 64 24 40 91 0 37
9 93 25 31 62 94 98 96 72 84 34 0 45
6 34 42 97 85 36 42 24 89 50 35 0 29
3 45 28 62 64 81 23 28 76 33 38 0 15
7 93 33 30 69 25 84 90 69 82 99 0 32
6 69 81 23 98 58 46 67 69 59 83 0 28
4 22 73 91 78 88 36 26 93 52 50 0 16
8 64 79 53 72 61 98 37 42 41 43 0 37
4 55 37 95 95 57 99 29 36 85 62 0 18
6 72 73 42 93 61 78 66 70 91 50 0 27
7 78 42 54 96 41 56 29 42 91 54 0 31
5 40 34 21 48 59 91 48 66 98 84 0 25
6 52 51 23 64 62 34 86 81 70 20 0 29
7 83 61 29 93 68 61 52 62 96 35 0 33
7 40 44 67 67 58 66 73 97 58 90 0 35
10 48 80 44 69 39 54 89 46 33 84 0 49
2 65 55 38 58 57 34 90 49 68 42 0 10
3 55 89 53 65 83 50 94 68 94 78 0 13
8 48 87 56 90 38 35 33 81 79 39 0 36
5 67 44 95 33 48 66 34 99 75 98 0 21
7 69 55 35 63 35 77 92 24 97 87 0 32
10 64 33 90 95 93 97 49 60 55 30 0 49
3 66 47 53 24 42 22 77 82 73 64 0 13
8 52 83 49 56 96 25 75 84 72 57 0 40
10 97 74 36 24 31 93 64 61 23 96 0 50
4 49 39 36 30 90 68 41 41 74 44 0 18
10 97 72 56 29 56 80 33 80 21 28 0 49
8 50 85 42 30 27 47 80 46 45 41 0 40
8 68 38 91 22 31 61 51 25 45 32 0 39
4 57 97 36 53 66 42 93 61 51 49 0 16
7 78 40 86 27 43 48 30 87 28 80 0 35
8 66 87 98 50 61 21 52 38 65 92 0 37
3 72 75 33 84 78 71 55 68 46 50 0 12
3 76 26 75 70 47 55 33 44 42 20 0 12
3 59 59 75 49 79 79 39 66 36 75 0 13
10 70 68 75 43 95 29 31 71 27 37 0 49
3 72 64 65 72 91 28 27 26 95 93 0 15
5 59 35 85 83 38 60 34 70 73 99 0 25
7 85 81 26 64 94 42 22 73 78 90 0 31
5 37 41 38 52 83 76 27 30 86 56 0 21
5 73 64 21 84 56 68 92 98 24 43 0 23
7 36 40 72 82 95 62 34 58 54 91 0 31
6 83 34 68 75 72 57 94 53 55 44 0 30
7 73 27 35 95 25 65 32 51 43 89 0 34
3 56 63 69 95 84 54 60 67 25 45 0 13
3 95 37 40 79 53 54 75 93 31 97 0 11
5 73 85 80 22 80 24 87 71 48 56 0 25
3 32 42 83 28 57 61 31 48 25 47 0 14
10 26 83 39 43 89 98 98 20 66 77 0 50
4 71 54 45 99 62 81 31 71 79 65 0 19
7 53 40 25 64 53 35 44 68 60 50 0 33
6 71 70 38 91 47 86 72 79 54 89 0 30
5 25 83 55 49 66 67 72 92 52 57 0 22
6 73 75 71 52 75 86 61 88 86 27 0 30
4 98 89 76 81 78 37 83 73 26 45 0 18
6 54 68 85 21 91 57 32 94 44 65 0 29
10 70 70 80 97 64 43 71 65 79 63 0 50
6 27 66 52 44 92 72 49 78 40 49 0 28
5 83 91 55 96 47 37 78 85 65 86 0 25
9 75 65 44 49 95 75 32 66 61 64 0 44
8 47 58 60 35 78 48 41 27 43 95 0 38
9 71 74 48 79 93 55 92 74 27 55 0 45
8 94 46 85 46 74 88 25 71 47 39 0 37
4 95 46 20 56 67 21 33 65 37 87 0 17
8 79 64 42 58 39 48 79 43 45 92 0 36
3 51 78 86 78 80 65 78 30 37 48 0 11
5 68 47 67 44 54 82 46 29 33 82 0 24
4 44 88 76 92 22 50 60 44 98 21 0 18
9 54 40 62 26 78 31 99 76 40 26 0 41
8 88 48 58 89 44 34 63 64 52 47 0 37
9 51 22 79 21 65 58 64 36 91 63 0 45
5 43 64 83 51 26 48 90 42 51 21 0 21
6 61 76 35 41 49 24 20 60 41 64 0 26
10 57 61 27 36 95 38 50 67 30 99 0 47
3 43 52 69 55 86 30 95 31 83 84 0 11
9 30 83 86 94 31 45 72 53 21 24 0 42
6 98 97 69 23 40 44 93 37 91 20 0 27
5 51 29 88 60 80 36 69 36 97 42 0 24
5 56 90 96 86 24 27 93 79 90 42 0 21
9 81 49 59 35 63 71 45 98 70 52 0 43
7 93 63 49 36 73 62 49 53 95 75 0 32
3 70 88 22 55 24 50 96 76 81 33 0 15
8 46 40 46 73 75 32 81 61 62 78 0 36
4 64 34 22 82 86 31 26 81 78 73 0 20
9 44 87 28 58 85 43 87 55 99 41 0 41
8 79 23 33 33 35 40 74 46 55 71 0 36
3 71 54 33 74 52 67 65 68 99 21 0 11
4 92 32 84 71 71 25 90 65 65 88 0 19
5 93 60 21 62 72 64 88 97 20 63 0 25
7 85 80 93 38 78 47 71 62 50 93 0 33
4 98 70 43 46 82 70 75 54 58 61 0 16
10 78 91 99 97 47 65 59 62 32 52 0 46
3 67 80 20 85 41 31 50 36 65 75 0 12
10 40 46 78 68 47 96 37 55 92 56 0 48
7 69 72 62 94 20 80 66 21 54 78 0 35
4 49 95 28 27 79 27 39 48 48 51 0 19
3 73 20 88 85 77 47 75 33 24 78 0 13
6 52 67 94 30 39 39 29 55 58 47 0 26
9 96 92 65 53 77 42 94 73 88 22 0 45
4 98 28 35 33 76 42 36 78 43 74 0 18
8 48 78 84 79 56 93 68 93 50 59 0 37
5 94 34 54 87 53 63 81 68 23 41 0 23
8 72 84 96 27 76 27 58 51 33 72 0 36
3 83 80 92 84 22 87 44 85 25 99 0 15
3 43 68 32 59 22 60 37 72 96 62 0 12
5 82 65 63 82 85 38 51 21 84 46 0 22
5 64 44 66 56 44 63 67 47 83 72 0 24
3 78 43 93 35 34 56 91 88 21 97 0 13
7 87 68 48 56 23 45 74 92 88 81 0 31
6 76 62 32 69 64 43 92 85 96 61 0 29
6 75 94 45 21 67 66 21 59 92 77 0 29
4 80 57 43 79 68 29 65 70 76 82 0 20
8 32 26 36 66 23 23 97 73 49 98 0 40
9 65 46 35 88 64 87 97 96 87 58 0 44
9 34 67 34 84 82 98 59 74 72 40 0 43
7 40 39 70 74 96 78 57 49 70 30 0 34
5 97 73 28 86 70 69 28 36 93 63 0 23
9 73 43 62 62 37 62 24 46 53 45 0 45
9 55 41 91 41 74 44 29 89 22 37 0 45
8 96 44 62 76 65 92 23 83 56 59 0 36
10 50 69 43 53 58 45 85 30 43 76 0 46
8 65 39 30 96 62 82 22 41 31 68 0 40
8 57 74 35 54 96 97 27 36 27 54 0 36
6 90 69 95 41 48 33 21 67 86 53 0 29
8 42 94 59 49 35 68 29 59 83 85 0 36
9 36 72 85 35 48 61 35 71 73 21 0 41
8 75 38 72 52 74 90 61 58 49 84 0 38
8 74 98 46 67 77 49 95 57 83 92 0 38
7 98 95 72 68 70 98 67 48 41 48 0 34
8 46 96 56 77 35 40 60 76 42 39 0 37
4 42 90 56 82 49 99 65 86 44 33 0 20
5 80 59 76 67 59 91 42 85 30 25 0 23
4 83 91 50 46 94 43 99 44 76 61 0 18
5 22 72 66 84 33 30 47 20 23 82 0 25
6 71 74 78 85 85 94 92 78 83 63 0 27
9 50 42 31 72 92 62 24 79 98 42 0 41
5 27 84 62 86 34 64 99 76 95 66 0 25
6 47 87 56 43 78 31 22 39 69 56 0 30
7 81 44 26 92 36 91 95 95 33 21 0 35
9 52 43 74 68 58 83 60 25 66 92 0 44
3 92 23 62 93 41 53 82 68 46 88 0 12
5 37 98 57 53 59 22 48 34 88 75 0 22
10 35 86 31 38 84 53 53 27 77 78 0 47
3 63 30 61 44 70 43 42 66 69 96 0 13
8 31 84 68 79 22 65 42 33 71 80 0 38
3 50 88 72 49 98 44 47 62 97 52 0 14
6 47 28 49 45 28 53 65 89 48 61 0 28
5 98 46 85 45 85 98 62 94 43 51 0 24
10 36 62 66 91 61 95 25 61 78 27 0 50
9 59 71 52 35 24 35 88 89 58 51 0 42
10 27 26 87 85 58 33 78 28 91 97 0 48
5 90 39 51 85 45 76 77 68 88 59 0 24
10 53 43 79 29 66 30 40 31 65 95 0 48
4 58 77 73 68 73 70 23 39 57 91 0 17
5 44 20 51 79 42 96 80 52 63 31 0 25
3 23 77 58 55 70 68 75 30 95 58 0 11
4 29 45 87 70 90 51 26 66 25 70 0 17
10 49 56 91 56 76 69 35 24 20 80 0 46
4 49 86 25 71 41 28 50 83 29 94 0 19
3 88 47 56 99 71 29 71 21 41 85 0 14
10 79 84 59 78 67 73 45 39 27 33 0 46
5 65 65 49 29 22 29 74 86 73 72 0 22
6 60 44 39 78 28 64 78 59 96 79 0 30
7 97 34 72 89 76 99 68 73 69 76 0 31
8 64 33 61 51 46 48 23 24 59 74 0 36
8 36 63 26 47 87 36 43 21 70 75 0 39
9 87 66 62 27 82 54 70 59 52 84 0 41
4 73 51 83 75 73 78 26 77 47 27 0 19
5 88 73 51 87 70 27 54 47 89 40 0 24
5 64 88 97 67 85 27 24 93 79 38 0 23
4 21 69 62 63 30 88 98 98 79 82 0 19
5 25 43 72 89 96 42 28 59 36 23 0 23
9 41 42 22 37 72 94 97 46 61 90 0 42
6 57 91 61 38 67 32 61 39 90 47 0 28
3 22 45 66 97 66 77 59 95 87 76 0 12
5 42 93 99 53 66 52 79 57 39 58 0 23
6 21 93 63 68 35 28 60 20 66 86 0 26
4 77 59 99 22 50 40 47 22 55 73 0 17
10 91 64 37 99 71 60 52 49 49 74 0 48
3 78 54 89 31 46 67 61 45 41 41 0 12
10 42 36 88 30 64 66 20 81 47 54 0 46
3 81 50 88 73 80 78 23 35 55 96 0 15
9 44 46 44 22 33 41 32 47 97 38 0 43
3 35 90 36 50 57 70 59 45 36 23 0 13
5 84 28 71 49 98 60 85 23 84 94 0 25
7 63 87 35 85 66 78 88 40 41 33 0 31
5 42 62 82 60 49 80 93 52 27 41 0 21
5 37 37 50 73 47 46 29 87 54 95 0 22
2 34 82 39 55 27 39 72 38 69 99 0 10
6 28 71 47 72 30 94 51 77 97 79 0 30
7 62 72 31 37 28 45 93 96 30 54 0 33
9 46 83 50 35 55 51 34 41 71 87 0 45
5 46 47 61 41 29 35 37 83 98 27 0 23
6 90 57 91 33 80 58 89 65 88 51 0 29
9 52 59 63 20 42 27 39 56 68 76 0 44
4 90 23 25 74 71 78 75 91 70 20 0 20
7 67 39 64 39 82 38 78 98 48 71 0 32
3 76 93 31 82 84 31 26 59 32 23 0 14
6 35 79 66 59 80 95 27 93 33 80 0 29
5 30 68 83 74 22 51 48 42 22 83 0 22
8 36 29 70 32 24 60 57 51 29 93 0 40
5 90 59 27 66 84 51 91 55 83 58 0 24
5 35 60 31 50 97 50 63 40 47 52 0 22
4 91 81 53 80 60 21 91 29 64 73 0 18
2 43 27 71 98 38 71 71 47 84 53 0 10
3 50 63 49 88 95 82 32 20 84 64 0 13
5 46 93 97 50 86 41 25 79 51 61 0 25
6 64 94 80 47 67 84 77 75 35 34 0 26
9 31 77 49 66 71 66 83 83 63 98 0 43
5 91 20 91 87 39 96 43 66 81 57 0 23
6 65 81 98 76 83 53 90 87 51 93 0 28
7 57 89 36 96 51 59 86 23 33 95 0 32
4 30 35 80 90 72 35 31 95 68 90 0 20
5 44 43 25 80 67 89 25 85 64 25 0 25
8 33 71 45 56 66 44 61 31 83 23 0 38
7 28 82 60 46 82 39 98 58 40 83 0 35
3 31 33 33 85 29 32 49 57 59 84 0 14
10 95 80 61 87 54 41 32 42 94 85 0 47
5 55 74 54 58 28 62 81 30 81 97 0 23
10 63 47 60 99 94 95 78 97 84 57 0 47
10 91 64 80 44 50 53 24 80 23 72 0 47
4 61 64 99 22 50 97 57 41 70 65 0 18
6 25 29 61 55 62 55 52 39 67 67 0 28
4 52 23 57 91 75 31 83 83 45 96 0 16
7 51 41 85 99 46 49 49 30 85 47 0 35
7 60 66 49 42 82 37 85 26 79 26 0 35
3 55 52 87 88 63 83 79 40 44 39 0 15
7 43 38 84 83 35 99 23 53 84 88 0 32
9 33 75 95 99 71 29 96 25 68 49 0 43
4 98 67 63 26 76 42 51 91 49 52 0 19
5 36 34 95 74 32 73 67 31 98 79 0 23
3 86 53 66 58 82 75 36 29 75 98 0 14
7 22 44 84 38 22 29 33 71 74 83 0 34
5 83 62 49 99 47 61 95 62 97 82 0 22
4 51 23 95 22 83 35 97 48 52 83 0 19
7 81 21 64 97 23 49 91 36 35 61 0 33
6 89 88 61 31 29 55 57 79 75 96 0 27
7 20 97 74 21 40 77 52 66 34 20 0 33
8 81 90 63 42 33 55 99 20 85 31 0 37
6 55 63 48 42 78 93 58 52 28 22 0 28
3 84 25 51 31 27 38 64 77 37 22 0 12
9 53 26 32 76 80 39 88 32 78 80 0 43
7 63 74 58 64 70 49 35 46 30 34 0 34
9 56 86 74 71 46 45 64 21 93 97 0 45
7 38 54 41 70 33 86 22 88 38 49 0 32
6 49 40 29 43 52 59 54 58 67 65 0 28
5 25 61 65 26 42 64 48 62 49 77 0 24
7 77 29 90 93 83 20 50 93 40 76 0 31
6 21 30 31 81 69 96 79 67 21 82 0 30
5 81 24 49 47 35 97 94 39 93 73 0 24
9 28 51 68 99 58 60 63 75 28 86 0 42
6 96 41 41 74 52 77 80 41 30 44 0 27
9 48 27 83 61 64 58 47 95 39 62 0 45
10 50 50 38 78 59 62 78 88 61 81 0 47
9 44 34 53 95 50 45 73 26 97 31 0 43
3 69 33 57 63 94 57 48 50 77 90 0 14
5 46 23 85 51 56 59 63 51 96 76 0 24
6 80 27 79 58 39 72 75 93 21 87 0 27
8 30 29 91 42 25 90 96 76 31 90 0 37
8 57 47 40 81 97 38 45 30 71 75 0 38
5 32 65 69 69 72 38 51 27 92 44 0 23
3 82 93 82 69 87 77 59 68 93 48 0 13
9 45 65 28 35 69 68 93 82 29 75 0 42
7 97 56 89 40 68 28 38 22 98 29 0 33
4 28 83 84 26 58 75 68 47 61 77 0 17
10 91 56 72 33 32 96 56 58 52 26 0 49
8 76 51 29 80 47 74 68 67 46 56 0 36
10 29 97 52 89 70 39 61 41 67 73 0 49
6 50 43 79 50 76 70 51 76 47 38 0 27
8 86 27 59 95 22 26 77 20 78 81 0 40
7 23 27 52 52 35 81 61 71 33 33 0 32
7 57 33 43 70 89 80 21 55 87 90 0 35
4 62 92 72 81 37 22 46 36 87 23 0 18
8 92 32 50 33 41 56 53 43 55 40 0 39
10 72 56 83 55 70 57 26 79 28 86 0 47
8 64 56 65 97 54 64 27 24 89 74 0 36
6 88 62 34 83 90 83 90 81 47 64 0 26
9 93 33 69 41 30 72 85 86 92 96 0 42
6 27 42 28 51 82 84 43 59 84 99 0 30
3 64 67 90 38 65 68 73 66 44 45 0 12
4 44 94 80 94 50 50 83 52 52 25 0 20
3 59 76 61 86 71 45 93 25 20 26 0 15
10 51 31 66 52 81 99 66 45 59 48 0 47
9 24 47 73 68 60 69 95 89 64 70 0 45
7 77 74 71 24 91 53 89 59 64 65 0 33
9 47 26 85 63 51 64 88 91 55 72 0 43
9 43 22 66 26 52 66 90 34 85 77 0 43
8 23 38 44 54 81 57 65 66 49 35 0 39
9 91 76 32 30 67 93 66 45 64 92 0 42
7 88 86 64 33 46 47 98 67 41 30 0 34
6 94 98 72 72 84 25 49 63 59 72 0 26
3 36 47 87 32 42 23 84 52 56 59 0 13
7 43 78 92 40 79 82 85 48 52 83 0 34
10 48 77 52 85 93 40 42 86 99 26 0 49
7 80 25 85 78 89 34 66 57 93 78 0 35
9 38 89 35 47 78 75 40 64 96 94 0 43
5 65 67 67 35 62 42 78 28 29 39 0 21
5 85 82 32 27 74 50 59 53 58 85 0 22
8 49 98 68 53 27 99 36 38 92 31 0 36
6 78 46 93 94 89 27 67 68 78 48 0 29
4 85 48 41 86 98 65 64 82 81 33 0 17
8 54 96 91 52 21 36 49 37 53 49 0 39
9 28 42 42 32 23 34 53 71 30 89 0 41
8 24 37 44 92 30 89 36 99 77 91 0 36
3 77 90 68 47 73 99 55 83 72 35 0 15
7 78 49 85 35 85 94 79 66 59 82 0 33
10 63 73 93 81 84 52 88 32 23 27 0 50
5 89 46 20 33 94 48 60 63 50 26 0 24
7 86 73 97 86 20 67 96 90 67 71 0 32
8 33 56 93 77 88 21 92 61 21 97 0 36
3 23 27 21 39 91 99 34 51 91 36 0 15
9 35 99 36 56 21 23 47 49 43 49 0 41
9 43 92 62 72 21 29 68 76 73 31 0 44
8 29 59 92 49 82 73 29 34 30 73 0 39
9 30 47 57 35 87 63 26 28 93 88 0 45
9 80 37 43 41 43 91 86 28 63 67 0 42
5 20 41 43 44 49 80 64 44 96 28 0 22
10 82 97 63 98 25 25 98 81 84 35 0 46
5 41 78 38 41 25 58 55 74 25 49 0 22
9 96 60 25 81 95 61 36 47 24 82 0 41
7 39 78 75 22 47 84 44 80 43 95 0 34
9 79 91 59 43 95 99 59 58 49 30 0 42
9 21 74 65 29 86 76 27 30 48 40 0 41
7 75 85 36 89 29 38 62 29 71 70 0 31
6 60 36 51 52 59 43 63 54 96 87 0 28
3 83 53 62 46 55 31 28 65 81 57 0 11
7 34 50 40 38 93 67 22 56 54 51 0 31
3 22 73 39 35 36 71 78 57 60 88 0 13
5 74 77 67 78 56 84 67 44 86 24 0 24
7 33 97 44 50 39 71 41 45 66 73 0 35
10 77 71 33 52 31 56 84 91 72 74 0 46
3 60 85 37 53 30 89 65 26 50 46 0 14
7 40 85 49 61 96 99 84 43 42 57 0 32
10 84 74 30 61 87 65 27 83 82 83 0 47
8 56 34 84 75 62 33 23 38 50 77 0 39
8 24 89 83 63 52 52 24 21 53 83 0 36
10 56 97 22 76 50 89 27 93 40 50 0 50
10 68 89 54 30 70 93 53 27 88 70 0 48
7 38 73 84 79 97 29 71 82 85 61 0 32
4 79 60 49 91 44 37 48 37 46 40 0 20
4 39 31 69 25 54 73 66 24 69 36 0 17
7 55 94 75 54 53 89 46 76 89 78 0 35
8 84 52 51 36 25 36 79 29 66 66 0 40
7 49 44 86 58 67 24 52 64 84 57 0 31
4 81 59 64 43 87 74 47 65 38 81 0 20
9 78 32 63 55 66 92 87 93 81 41 0 42
5 72 57 91 93 94 54 39 51 39 92 0 25
7 73 32 27 63 60 47 82 29 86 69 0 33
8 40 33 93 91 59 71 38 49 88 34 0 40
6 79 32 85 35 90 63 69 65 91 64 0 26
5 25 63 79 37 70 94 80 62 23 48 0 25
4 72 47 89 82 35 84 85 43 62 62 0 20
9 34 44 84 48 26 90 23 30 52 97 0 43
4 23 68 41 88 84 37 24 50 35 23 0 16
6 48 38 43 27 34 98 54 44 28 92 0 29
4 64 76 58 44 61 33 92 97 64 71 0 18
5 46 81 74 40 58 58 65 98 20 62 0 25
2 88 72 87 74 97 55 34 35 76 70 0 10
9 22 99 21 25 59 50 40 83 49 81 0 45
8 84 86 60 92 82 47 56 42 78 22 0 39
3 51 26 55 54 37 41 62 71 53 78 0 11
2 45 42 55 34 79 73 20 62 63 28 0 10
8 48 90 50 64 74 83 32 97 74 86 0 39
3 64 89 33 30 36 99 31 33 64 37 0 11
10 45 47 25 40 47 69 94 79 77 70 0 47
10 53 24 88 99 83 73 62 98 27 59 0 47
3 28 27 99 41 52 37 39 56 40 23 0 14
4 62 39 31 59 60 98 63 31 92 98 0 17
7 63 73 31 40 54 34 39 43 71 66 0 35
8 84 90 59 90 54 78 26 95 76 78 0 36
3 26 91 85 39 71 66 93 77 43 56 0 11
9 47 83 47 52 78 38 45 68 92 58 0 42
4 21 32 33 41 46 44 44 49 64 53 0 19
6 65 78 88 31 34 73 34 71 40 34 0 30
9 43 71 82 59 33 34 21 73 27 84 0 44
8 72 83 76 58 50 70 68 40 21 53 0 40
10 49 70 90 41 29 66 37 66 35 40 0 46
3 98 85 32 46 27 52 69 91 46 54 0 11
9 65 43 86 82 95 52 74 65 29 60 0 41
4 79 95 26 21 61 36 22 71 81 57 0 17
3 76 59 49 68 77 73 85 28 36 50 0 15
4 91 53 74 46 94 62 30 82 21 24 0 16
10 27 34 60 54 33 64 54 98 40 43 0 47
3 88 25 69 79 22 35 84 86 45 38 0 11
4 48 72 22 34 74 64 99 87 59 90 0 17
4 71 42 60 36 91 25 45 51 72 23 0 17
5 51 71 86 84 85 42 43 92 51 68 0 21
10 31 27 82 54 57 57 78 52 39 20 0 49
10 42 47 46 55 28 96 80 94 92 52 0 47
7 81 57 62 82 38 60 41 59 95 63 0 34
7 32 73 97 24 95 39 98 25 52 75 0 35
3 25 96 32 23 99 57 98 39 64 84 0 11
6 78 59 78 79 74 78 67 58 38 42 0 29
7 28 78 23 37 40 89 86 35 63 88 0 32
7 38 44 57 87 88 99 78 84 84 73 0 35
10 86 42 97 31 52 97 49 47 54 51 0 49
10 38 48 89 87 97 75 45 75 34 91 0 47
6 73 96 54 30 79 31 49 36 76 32 0 26
9 89 31 68 95 27 72 75 25 50 22 0 45
10 53 57 96 73 69 90 86 25 27 38 0 48
7 36 64 63 76 46 81 92 68 95 99 0 31
3 62 29 57 42 50 42 97 39 94 21 0 15
4 84 32 57 53 46 27 29 85 93 76 0 20
6 29 72 92 84 52 83 44 93 38 39 0 29
8 21 49 31 63 87 74 28 24 80 30 0 36
7 35 94 91 31 34 69 94 71 76 96 0 31
6 91 50 29 60 67 31 88 46 63 48 0 30
10 56 98 39 74 97 55 64 55 65 57 0 49
7 93 95 72 99 83 82 58 60 24 36 0 32
10 25 94 59 75 30 51 63 52 91 38 0 49
6 61 77 85 21 77 45 83 43 80 93 0 26
8 56 30 49 94 97 50 31 53 82 98 0 38
3 92 36 23 91 41 26 23 33 53 89 0 14
7 20 81 81 95 97 29 60 38 47 67 0 32
7 50 72 69 43 70 25 76 75 52 43 0 31
8 37 82 24 77 84 68 37 28 50 52 0 40
5 64 97 34 78 63 86 75 97 29 36 0 24
4 44 85 27 26 42 26 26 58 61 98 0 18
9 49 34 23 92 69 28 62 45 91 57 0 42
4 64 45 30 58 67 99 89 83 44 63 0 20
9 91 56 48 34 69 57 22 68 73 25 0 43
7 36 41 25 55 73 36 42 89 28 99 0 35
10 88 39 26 48 43 91 90 94 30 74 0 46
8 97 57 92 26 75 38 51 87 83 44 0 37
6 87 95 24 34 73 60 58 64 63 59 0 28
6 60 30 45 78 32 75 47 24 77 72 0 27
7 88 36 50 40 49 44 39 51 33 83 0 34
10 29 58 70 72 77 21 90 89 30 86 0 50
6 69 89 21 93 51 64 73 72 61 52 0 28
7 81 76 38 47 76 33 87 94 42 41 0 31
2 26 63 28 24 48 93 69 79 29 74 0 10
6 55 76 55 96 86 58 95 39 70 41 0 29
4 64 61 38 69 90 97 23 33 29 47 0 19
5 84 46 45 48 60 22 43 72 87 78 0 25
9 77 31 68 26 54 50 58 49 49 62 0 43
9 57 41 58 84 64 79 36 48 89 66 0 45
10 44 31 71 91 76 73 38 83 62 49 0 50
4 32 21 59 60 42 42 45 84 47 31 0 18
8 76 25 73 57 93 51 51 56 97 86 0 37
5 63 35 30 97 36 41 63 29 96 94 0 21
5 97 80 42 64 28 23 87 21 36 97 0 24
3 36 80 84 27 52 95 47 70 42 49 0 14
6 33 57 86 76 22 72 78 68 52 84 0 27
3 46 65 89 95 37 28 47 55 26 98 0 11
6 75 49 99 81 22 20 65 79 71 65 0 30
6 38 81 30 72 61 43 34 62 29 75 0 30
4 41 59 96 69 20 31 80 65 31 95 0 16
2 25 79 71 89 69 66 75 58 24 31 0 10
10 31 51 87 63 80 62 86 36 60 95 0 50
7 74 88 27 83 66 49 54 42 26 66 0 35
8 88 77 21 87 74 28 21 70 45 92 0 36
10 38 20 84 23 43 54 56 95 91 86 0 48
10 77 61 58 43 74 95 87 46 32 84 0 46
4 68 41 49 99 78 57 89 98 80 87 0 19
6 71 89 49 46 37 84 45 83 34 66 0 27
8 83 46 54 79 73 51 21 47 65 41 0 40
8 87 67 85 55 62 74 35 29 98 22 0 40
6 41 91 63 69 57 29 63 78 56 72 0 28
7 68 31 37 43 26 33 47 46 76 59 0 33
7 47 91 27 36 39 92 22 47 57 40 0 32
8 37 63 74 98 87 61 44 88 28 46 0 38
3 80 26 51 80 48 96 77 75 90 38 0 12
6 83 27 50 94 47 70 72 47 82 60 0 30
6 66 46 78 79 97 96 29 47 96 94 0 29
8 87 95 88 99 68 82 51 84 52 31 0 38
3 97 41 40 27 30 32 88 91 74 99 0 11
5 29 55 57 63 61 76 74 66 71 26 0 22
4 30 89 91 94 86 48 88 34 98 63 0 18
3 44 97 57 72 66 98 50 37 36 87 0 12
7 53 99 41 28 72 62 46 44 33 90 0 31
3 45 85 22 35 29 53 68 88 90 86 0 13
8 88 21 88 24 92 98 50 39 26 54 0 40
7 79 73 24 49 70 94 62 85 33 82 0 35
7 53 84 94 51 72 93 39 49 45 79 0 33
10 96 54 38 57 65 78 33 73 94 29 0 48
4 21 45 71 44 47 91 60 81 75 88 0 20
3 32 65 77 86 98 98 87 41 30 62 0 15
4 24 60 31 25 67 46 48 87 63 89 0 19
8 33 45 25 71 56 69 69 89 80 39 0 36
4 76 87 23 70 48 26 26 33 25 99 0 18
8 63 64 73 52 88 86 85 53 72 87 0 38
7 24 95 42 35 66 78 88 29 41 88 0 33
10 58 46 69 35 85 70 79 36 75 99 0 50
5 29 41 84 34 90 97 87 75 20 45 0 25
7 49 67 47 71 24 46 44 24 84 25 0 33
6 80 36 31 29 76 92 75 61 27 96 0 28
7 53 94 79 34 95 83 34 56 91 42 0 33
6 32 51 87 31 26 83 76 39 47 35 0 27
6 54 93 67 88 68 33 56 42 24 69 0 30
3 53 40 98 39 41 40 93 84 61 40 0 11
6 23 71 93 83 47 99 43 62 83 23 0 28
10 79 30 93 26 39 90 52 23 76 39 0 49
3 86 65 57 31 54 55 44 35 96 22 0 12
10 69 42 35 74 85 61 32 67 33 66 0 46
5 66 67 85 51 49 45 56 97 56 89 0 24
3 96 23 48 85 44 21 69 36 26 85 0 12
4 76 71 33 60 46 82 21 48 96 90 0 17
6 28 79 45 96 74 30 50 28 73 46 0 26
3 85 20 22 89 30 67 28 79 83 46 0 11
10 26 36 78 50 66 85 67 67 53 86 0 48
8 60 29 81 46 42 26 89 40 53 65 0 40
7 74 32 39 48 99 72 63 46 88 90 0 31
7 35 72 22 58 84 69 88 92 48 52 0 33
5 56 30 53 63 27 21 55 78 45 72 0 24
4 31 40 47 53 29 76 34 81 83 27 0 16
5 38 24 91 81 43 62 30 35 68 78 0 21
9 90 77 72 49 80 52 38 70 64 48 0 45
6 34 31 88 63 73 96 38 78 81 69 0 27
4 22 62 47 96 70 46 78 31 79 73 0 18
9 89 91 40 40 95 23 38 44 71 36 0 45
5 26 24 58 73 83 92 72 82 33 65 0 24
10 46 67 24 36 87 95 26 35 80 87 0 46
6 89 86 36 20 97 39 46 85 64 21 0 26
3 84 98 93 57 29 55 58 61 87 84 0 15
9 42 80 36 92 31 86 78 48 73 87 0 42
3 72 70 91 70 53 61 55 95 42 63 0 15
9 85 89 49 99 36 26 22 41 71 44 0 41
8 36 70 24 23 77 93 90 37 82 56 0 37
9 21 64 78 31 53 77 87 35 43 88 0 42
5 36 74 30 62 36 59 51 66 70 41 0 23
4 31 52 33 96 43 84 77 22 95 65 0 16
2 62 44 62 60 60 72 72 98 47 39 0 10
7 90 59 37 72 30 80 64 54 53 85 0 33
8 93 39 29 85 63 36 38 72 82 21 0 36
6 89 88 70 20 35 28 46 84 43 51 0 30
7 83 23 58 62 31 27 91 21 29 24 0 31
10 86 23 78 40 29 72 36 44 86 74 0 47
7 89 56 64 31 87 96 54 67 56 33 0 34
4 32 74 98 59 41 33 73 75 60 30 0 16
8 24 54 50 95 70 69 59 65 58 38 0 38
7 64 63 65 29 27 28 44 57 49 93 0 33
7 32 58 48 83 50 70 67 50 30 58 0 32
5 60 55 35 75 68 73 30 59 97 58 0 21
5 73 48 22 96 29 96 64 28 79 52 0 22
6 60 88 71 81 78 51 95 23 21 42 0 29
5 58 47 51 79 41 48 73 52 30 33 0 21
5 78 96 40 71 27 78 96 63 85 43 0 21
9 31 26 86 76 45 29 93 84 48 37 0 44
7 90 89 94 31 39 70 97 26 46 92 0 34
7 66 52 34 94 58 33 82 75 58 49 0 34
10 49 84 40 60 58 95 56 45 74 65 0 49
7 90 80 59 67 98 99 67 51 74 81 0 33
6 97 85 66 69 80 73 53 27 92 52 0 27
8 56 95 25 53 98 43 34 78 28 42 0 36
5 60 82 91 21 63 91 46 85 71 72 0 25
9 75 83 73 87 91 64 56 23 96 36 0 43
3 49 79 32 55 41 37 89 58 59 37 0 15
8 24 54 86 35 91 59 91 82 98 30 0 37
4 79 94 56 80 55 56 84 30 50 65 0 16
3 98 31 71 99 27 99 29 79 49 81 0 15
3 56 54 36 56 39 97 81 77 86 25 0 14
4 65 93 50 53 55 80 63 92 36 75 0 19
2 43 95 68 66 94 75 81 28 36 81 0 10
2 82 75 99 40 46 63 67 32 70 44 0 10
8 29 45 96 77 98 62 24 30 28 23 0 38
9 46 78 90 40 90 32 94 69 43 64 0 44
3 64 52 21 71 59 95 58 98 74 92 0 15
4 77 30 26 30 74 99 31 98 35 23 0 18
3 22 45 62 70 64 89 98 58 88 70 0 14
8 78 62 75 53 72 92 70 49 25 83 0 37
9 58 50 95 20 90 55 75 60 46 25 0 45
10 29 31 58 92 98 66 54 71 78 55 0 50
6 80 65 24 20 46 37 29 56 22 63 0 26
3 44 90 97 24 58 82 42 55 49 49 0 13
6 82 24 86 48 38 36 47 99 80 61 0 27
9 81 37 78 70 28 51 82 47 22 26 0 42
4 39 87 54 66 26 68 88 50 93 87 0 18
5 54 66 44 30 53 96 91 96 27 52 0 25
9 61 86 36 59 68 59 27 75 32 70 0 41
9 39 89 81 75 27 45 78 34 43 58 0 44
2 28 85 30 73 86 52 65 71 67 34 0 10
3 32 75 74 48 97 22 20 76 45 61 0 13
9 97 39 44 35 21 39 86 86 33 97 0 42
7 99 68 32 81 71 52 21 74 51 84 0 35
5 61 72 38 89 98 49 46 49 26 82 0 24
9 37 80 53 71 50 29 64 42 31 77 0 45
5 90 47 47 76 70 22 82 27 40 32 0 23
10 54 26 84 62 52 32 23 51 69 22 0 49
2 45 22 64 48 87 44 59 25 86 99 0 10
9 75 47 85 28 47 56 48 47 67 26 0 41
4 45 89 70 36 60 29 22 25 69 91 0 18
8 33 93 70 49 98 58 64 38 65 97 0 36
7 98 35 93 29 92 94 53 24 32 33 0 34
10 74 70 39 90 29 68 92 60 27 24 0 49
10 30 79 52 66 69 78 54 76 38 41 0 46
10 48 98 69 68 85 27 78 22 34 38 0 49
3 57 56 40 48 74 96 93 63 44 33 0 13
3 95 64 35 40 36 22 27 86 90 41 0 14
9 61 39 93 55 52 30 30 39 50 32 0 44
10 25 79 85 66 43 78 37 78 57 46 0 46
9 68 40 67 61 81 89 94 43 80 84 0 43
8 32 87 42 70 86 42 49 72 57 59 0 38
3 43 86 63 78 99 63 66 45 85 74 0 14
9 74 52 63 58 60 89 36 42 50 38 0 41
10 86 44 27 90 30 47 41 45 92 24 0 50
3 67 53 44 62 31 36 73 25 91 75 0 11
6 23 57 68 66 69 61 76 27 22 49 0 27
6 51 95 63 63 78 35 84 54 59 57 0 26
4 79 63 71 76 34 48 45 90 75 96 0 16
8 88 25 59 51 46 22 29 22 27 50 0 40
4 82 56 68 40 61 57 86 32 85 27 0 20
7 99 41 50 35 66 24 89 77 70 97 0 35
7 57 21 62 72 38 41 80 41 47 63 0 33
6 67 50 75 65 43 99 91 67 62 43 0 26
8 93 88 30 60 99 74 99 63 98 52 0 38
10 75 80 58 61 76 96 46 66 47 26 0 46
4 76 30 82 76 27 55 20 38 50 70 0 20
8 32 87 53 20 37 94 59 34 54 33 0 38
4 72 73 43 30 28 77 83 51 89 32 0 18
5 93 41 43 56 92 88 68 86 98 51 0 25
5 45 68 86 87 87 49 36 39 27 25 0 24
8 36 44 62 34 61 81 90 30 87 37 0 38
9 93 62 70 53 38 50 85 61 32 78 0 44
4 21 94 90 46 64 90 89 31 93 64 0 16
7 68 43 32 49 73 69 27 35 75 32 0 31
4 57 90 88 37 60 72 89 90 59 53 0 19
4 82 81 56 23 76 64 88 22 63 49 0 20
7 38 92 98 65 76 86 47 47 61 35 0 31
3 78 30 81 71 33 55 95 78 34 21 0 12
8 51 86 84 44 66 84 95 26 41 58 0 36
4 23 32 98 58 90 39 20 47 40 88 0 20
7 73 86 54 76 46 45 96 94 21 31 0 35
6 76 92 30 94 70 71 95 86 90 35 0 30
5 96 21 77 51 84 68 25 47 83 64 0 21
7 65 81 26 69 77 59 46 88 34 94 0 32
2 68 66 77 95 47 31 83 42 45 29 0 10
10 71 53 52 86 62 99 99 20 73 96 0 47
7 96 63 79 47 69 61 94 78 67 79 0 34
8 42 38 82 65 46 97 51 66 86 71 0 40
4 36 49 38 38 58 56 54 43 21 99 0 18
6 61 74 30 94 23 72 55 39 52 20 0 26
4 86 55 50 52 44 82 64 46 48 68 0 20
10 65 35 71 64 97 45 76 55 72 82 0 48
4 70 69 61 38 24 74 49 25 38 84 0 20
8 21 63 74 46 77 84 56 23 83 63 0 36
7 34 74 75 75 88 60 76 61 30 51 0 31
5 83 67 56 95 23 95 66 24 59 84 0 22
5 58 62 79 27 25 21 25 95 28 60 0 24
6 83 85 84 82 75 23 28 58 22 42 0 27
10 73 79 87 74 57 24 80 79 43 80 0 48
10 98 75 65 69 40 80 70 98 85 27 0 50
8 84 35 93 23 34 70 71 35 90 86 0 39
8 27 32 79 81 20 31 64 99 45 81 0 40
3 55 78 39 44 33 71 68 74 27 47 0 14
6 32 73 91 97 45 62 99 41 56 82 0 30
8 89 21 90 86 29 86 21 86 77 64 0 39
9 98 71 60 69 91 98 59 78 68 75 0 41
6 78 90 36 42 30 78 86 77 55 83 0 30
8 71 48 48 25 53 24 34 62 34 71 0 37
9 48 28 26 85 84 90 42 51 47 75 0 45
3 32 37 87 98 74 31 69 56 63 55 0 15
6 42 44 29 70 92 75 47 59 59 90 0 29
8 71 88 20 38 90 43 52 73 89 52 0 36
5 35 53 98 39 82 64 55 83 73 65 0 21
8 88 60 84 38 49 37 68 37 39 22 0 36
3 53 74 92 90 66 56 80 74 76 52 0 13
5 66 44 83 23 59 63 49 46 27 54 0 22
7 69 22 88 38 29 25 82 20 41 26 0 35
3 76 92 53 59 87 84 50 76 93 48 0 11
5 81 75 42 93 70 77 26 55 34 82 0 25
7 79 79 84 22 25 61 43 82 87 95 0 33
6 47 64 92 97 96 24 62 84 67 62 0 28
5 71 81 72 47 94 32 40 77 42 57 0 21
3 22 61 33 99 74 57 87 37 36 87 0 13
9 91 57 43 89 49 94 56 85 93 25 0 43
7 88 90 22 53 69 71 74 79 87 80 0 35
5 23 78 99 89 77 87 63 33 92 34 0 23
4 97 46 72 36 28 39 64 66 73 26 0 16
6 61 77 45 46 95 74 35 72 40 22 0 28
10 90 42 59 69 87 47 63 51 49 20 0 49
10 60 46 38 97 49 66 91 29 72 95 0 49
3 87 94 52 39 52 92 67 44 55 89 0 14
3 36 74 80 57 47 24 50 60 52 31 0 11
3 49 61 43 88 25 93 80 46 65 54 0 12
3 55 74 73 80 92 65 51 41 79 96 0 12
6 67 41 61 75 81 43 26 23 81 33 0 29
10 61 41 49 27 93 31 38 93 27 27 0 47
9 83 49 22 70 66 68 54 53 84 32 0 44
9 89 90 79 60 73 25 82 83 80 53 0 43
4 48 25 30 71 68 61 72 22 86 65 0 20
10 46 24 91 60 71 94 49 61 68 60 0 46
4 35 95 59 75 54 95 32 50 56 31 0 18
3 22 27 67 85 52 57 41 24 32 89 0 13
8 26 25 51 96 86 29 58 56 93 71 0 39
2 81 62 57 66 26 38 56 83 89 87 0 10
6 59 85 49 87 50 82 27 91 61 87 0 29
8 53 56 31 78 65 43 24 64 51 33 0 37
9 29 42 84 80 50 93 80 79 47 61 0 43
10 98 23 43 99 51 38 83 25 48 57 0 47
3 47 73 75 58 30 40 85 74 34 30 0 12
8 78 57 45 98 40 45 33 96 89 21 0 36
5 89 43 99 39 21 43 54 21 78 87 0 22
9 57 94 61 51 42 71 22 98 83 39 0 42
9 78 26 96 87 38 38 29 41 96 57 0 43
10 98 74 22 75 79 76 47 87 36 85 0 46
5 20 72 33 77 78 56 48 59 20 79 0 24
9 48 59 54 68 73 66 57 37 47 93 0 42
7 70 70 57 36 53 25 65 96 45 22 0 32
8 93 62 53 99 33 97 58 78 74 30 0 39
10 72 86 70 99 71 44 30 85 21 23 0 48
3 24 46 53 30 57 78 65 80 54 98 0 13
9 53 99 67 25 76 37 84 74 41 36 0 44
2 42 76 81 29 79 60 41 79 42 44 0 10
9 37 29 24 99 23 44 79 34 76 59 0 44
7 73 46 36 52 58 71 40 69 33 24 0 35
4 98 64 40 41 78 73 74 47 33 22 0 19
10 68 40 83 77 59 87 88 70 26 39 0 46
6 34 54 35 37 93 76 76 97 98 40 0 29
10 21 71 80 54 54 31 98 36 65 70 0 48
4 62 82 30 67 92 96 29 44 64 20 0 17
5 48 83 27 95 51 39 26 78 62 49 0 21
8 96 92 85 65 75 42 80 97 98 69 0 40
4 87 45 91 59 64 66 33 96 26 34 0 19
8 70 54 42 86 82 75 42 69 22 94 0 38
5 56 68 51 77 57 30 79 54 37 30 0 22
6 54 43 71 73 91 79 55 67 89 30 0 30
4 71 96 44 54 98 62 82 67 84 65 0 19
10 69 24 39 44 74 81 52 24 72 35 0 50
10 98 25 69 33 59 42 86 58 54 56 0 50
5 51 30 75 81 35 32 37 76 80 70 0 23
3 45 34 84 85 56 83 75 99 94 84 0 12
10 63 49 48 89 45 26 20 98 96 56 0 49
7 49 51 69 98 65 76 45 22 83 20 0 31
3 36 45 60 52 32 49 24 92 27 21 0 12
6 29 29 74 28 72 45 48 24 48 66 0 26
8 47 83 38 88 63 30 21 66 56 86 0 40
9 92 79 98 56 96 67 33 75 57 58 0 43
3 45 84 21 83 65 86 39 72 51 59 0 11
10 86 37 34 66 82 37 31 76 20 49 0 50
7 44 55 44 21 94 38 45 97 78 27 0 34
5 38 73 66 57 56 96 79 53 21 31 0 23
3 86 93 88 84 24 55 55 44 40 57 0 14
5 66 28 23 93 48 82 86 74 84 69 0 21
3 24 58 65 90 44 72 67 31 64 93 0 13
4 51 72 69 85 51 29 62 39 92 23 0 17
9 86 52 83 83 51 76 69 43 70 76 0 42
9 98 36 99 82 84 40 96 59 89 42 0 43
4 70 40 81 95 52 47 51 90 71 83 0 16
6 32 64 27 39 47 45 54 49 65 65 0 29
7 80 23 67 36 63 23 84 20 38 94 0 31
6 30 70 89 56 47 77 25 29 79 95 0 27
9 82 63 45 55 59 90 39 47 31 61 0 44
7 50 38 87 45 38 80 48 76 37 30 0 33
4 81 95 33 47 36 32 41 40 63 75 0 18
8 64 76 54 78 60 24 59 63 40 82 0 37
9 73 77 82 73 51 45 21 67 88 50 0 44
3 82 70 88 37 83 98 84 92 20 92 0 15
7 34 21 36 52 79 65 92 96 60 94 0 35
5 80 30 20 98 97 26 67 44 96 37 0 23
4 38 25 79 66 20 50 80 27 59 46 0 19
5 35 49 64 83 32 28 30 99 55 75 0 24
3 38 89 24 81 47 66 90 54 37 78 0 15
3 65 81 89 22 53 32 24 36 36 51 0 12
4 24 90 98 77 86 30 87 49 72 64 0 19
4 67 73 24 65 41 25 60 59 62 28 0 20
6 36 32 53 42 63 59 81 38 83 75 0 26
8 42 83 27 31 40 25 77 36 31 85 0 40
10 85 47 45 98 21 22 35 66 47 75 0 50
10 23 38 20 80 73 87 80 61 85 42 0 48
3 62 48 25 68 39 30 36 40 36 86 0 11
9 20 80 69 62 52 31 61 91 77 25 0 41
6 20 52 37 88 84 78 64 79 96 43 0 26
10 94 60 22 77 60 52 57 77 64 94 0 50
4 29 62 93 86 44 53 28 42 61 92 0 19
10 21 99 69 42 25 78 21 63 68 86 0 46
6 40 37 33 28 42 76 71 70 45 53 0 27
9 99 60 36 28 76 68 65 47 90 30 0 43
9 59 60 66 47 35 97 98 41 20 26 0 45
7 79 65 58 65 43 69 64 24 55 84 0 34
4 52 82 72 45 84 75 35 74 88 28 0 18
9 79 26 21 73 21 77 66 91 65 96 0 41
7 63 94 88 65 93 77 83 95 66 54 0 34
6 60 85 22 92 38 84 79 65 42 57 0 29
6 31 51 33 64 54 31 22 77 63 52 0 27
5 43 53 21 77 64 35 67 36 27 74 0 23
8 63 99 86 98 62 52 70 35 55 27 0 40
5 85 48 51 22 38 62 70 25 77 26 0 21
10 98 82 62 25 52 90 60 65 47 58 0 49
4 23 79 27 99 49 55 28 94 60 92 0 18
4 30 40 26 23 66 43 27 71 57 24 0 16
6 27 45 68 87 64 86 60 81 36 91 0 30
7 38 56 91 40 57 23 45 52 45 90 0 34
5 67 69 84 54 76 91 65 52 41 33 0 23
8 85 82 69 54 52 40 92 56 78 32 0 37
7 57 57 26 85 45 47 83 66 97 40 0 34
5 39 85 29 97 94 81 82 53 89 69 0 24
5 74 72 53 33 49 99 53 68 89 55 0 25
9 88 40 22 86 28 46 68 96 49 45 0 44
9 65 40 97 98 96 52 36 29 86 88 0 41
5 71 89 42 38 78 97 32 37 93 81 0 24
6 48 27 39 78 35 42 65 75 49 27 0 27
7 57 68 73 30 87 30 93 61 43 27 0 35
5 73 20 24 87 78 96 22 39 74 33 0 22
2 43 51 70 28 68 74 93 45 46 22 0 10
5 67 61 70 66 78 64 41 66 23 88 0 21
8 96 84 49 57 84 80 56 23 35 94 0 40
9 31 42 37 87 51 54 48 30 56 60 0 42
8 75 76 81 32 84 64 60 78 84 36 0 36
2 54 41 92 38 74 30 32 34 93 63 0 10
5 55 72 49 94 35 35 25 66 24 90 0 25
9 24 21 61 62 71 84 65 36 26 25 0 44
9 58 47 71 69 33 33 62 99 46 68 0 41
3 81 79 70 81 45 55 45 87 92 52 0 14
7 24 33 25 27 33 58 95 84 92 59 0 33
9 58 70 80 49 67 56 65 39 20 69 0 45
9 83 46 77 69 30 39 89 29 78 81 0 44
9 87 21 43 67 49 42 74 82 95 47 0 45
4 87 21 84 95 76 65 72 88 28 56 0 20
3 83 89 80 74 93 87 67 44 92 78 0 13
8 42 31 94 85 40 94 96 85 58 42 0 38
3 71 60 88 64 53 22 76 89 42 65 0 15
5 63 31 23 37 68 71 93 94 35 51 0 24
6 92 22 59 99 34 76 39 33 96 51 0 26
7 40 99 67 64 81 55 39 51 66 20 0 32
10 62 37 56 51 50 71 20 59 24 55 0 47
3 76 42 66 96 91 43 62 85 75 64 0 11
5 30 64 85 81 50 95 51 45 84 20 0 21
6 76 53 55 65 26 80 91 65 89 51 0 26
8 29 46 48 37 74 21 45 91 47 21 0 36
2 55 47 75 60 92 58 86 48 24 84 0 10
4 66 43 42 24 28 20 84 66 56 52 0 19
6 37 69 28 44 26 52 47 59 80 76 0 30
4 98 76 97 99 53 69 31 59 65 53 0 17
7 69 93 35 78 39 22 82 44 80 64 0 34
10 47 85 35 70 33 51 36 92 58 82 0 50
3 61 47 81 52 62 30 38 47 51 82 0 15
5 30 66 96 93 82 38 38 59 77 53 0 21
7 20 39 44 60 67 49 78 98 94 98 0 33
9 84 25 76 68 84 51 30 91 63 67 0 43
7 57 78 33 92 59 58 71 59 29 77 0 31
9 59 52 73 48 23 52 94 94 95 91 0 45
9 59 55 39 59 67 41 84 28 49 64 0 42
5 54 86 29 61 89 58 75 69 57 60 0 24
3 82 24 28 86 80 70 37 90 64 63 0 15
10 26 26 41 36 87 53 88 25 32 59 0 46
4 90 94 98 50 29 50 50 44 82 76 0 20
5 62 65 37 47 40 74 25 49 37 44 0 21
3 95 76 93 39 79 94 89 34 44 93 0 14
9 60 30 58 58 49 76 72 86 67 38 0 41
6 57 57 31 52 49 85 55 72 72 80 0 26
3 76 68 22 54 31 73 95 22 37 90 0 15
5 97 90 56 40 62 40 45 72 50 89 0 21
3 45 67 73 98 88 83 68 60 70 68 0 13
5 79 63 32 97 87 82 32 85 51 93 0 21
4 54 27 77 71 34 39 22 51 46 67 0 16
3 26 76 78 34 32 81 24 71 32 63 0 14
10 33 92 75 38 56 54 57 52 63 22 0 50
8 29 20 23 41 62 90 25 66 78 27 0 40
8 70 56 68 42 90 32 67 32 54 93 0 36
4 93 80 65 60 55 52 66 41 40 20 0 20
4 45 78 37 58 27 64 63 74 84 49 0 17
4 73 59 97 41 74 75 62 53 61 38 0 18
10 50 78 58 72 57 79 86 50 41 99 0 47
9 76 60 82 20 91 95 84 47 74 50 0 42
6 86 82 36 96 64 27 97 45 34 73 0 28
4 26 86 55 56 55 94 63 68 91 38 0 19
4 61 44 48 79 23 57 41 74 84 40 0 17
6 89 96 23 33 55 99 72 74 48 62 0 27
9 29 34 61 74 77 22 68 89 90 21 0 42
9 30 70 46 59 53 86 94 98 48 65 0 42
10 48 25 60 27 32 31 81 82 96 56 0 50
8 79 22 69 86 77 52 47 52 25 79 0 40
5 29 69 46 45 49 84 36 54 29 79 0 25
3 82 26 60 78 44 44 25 87 72 39 0 12
7 95 86 26 90 95 38 81 82 98 48 0 33
3 50 48 83 22 92 47 97 94 45 21 0 12
8 22 47 28 67 90 87 35 44 33 89 0 36
6 61 70 83 97 77 45 30 69 20 92 0 27
5 39 88 29 93 48 44 31 58 97 36 0 23
9 37 77 81 75 75 60 31 42 57 95 0 41
2 44 44 57 20 28 43 72 99 90 38 0 10
6 84 94 80 98 34 52 59 39 22 28 0 26
8 94 91 32 75 35 40 85 74 85 32 0 37
3 60 32 25 34 93 49 72 65 81 70 0 14
7 65 54 23 98 20 82 69 41 86 84 0 33
5 59 22 61 65 86 32 62 81 55 96 0 24
9 68 59 62 57 68 78 42 59 50 35 0 41
10 52 78 46 68 68 59 89 71 66 48 0 50
5 72 20 61 21 51 95 86 61 20 72 0 22
9 51 77 51 23 69 75 50 34 28 99 0 41
10 24 46 42 69 75 84 30 99 67 38 0 49
3 83 29 30 99 92 77 96 51 59 90 0 13
10 48 42 93 47 26 97 43 93 73 58 0 50
3 77 92 66 76 52 71 96 28 49 34 0 15
9 62 53 74 51 41 98 58 66 38 43 0 42
8 78 75 45 79 98 60 54 23 35 77 0 37
9 44 57 27 95 86 34 77 61 66 32 0 45
8 44 38 23 86 57 47 50 61 74 56 0 39
3 38 20 82 85 97 48 93 75 41 68 0 13
10 46 74 93 98 23 75 30 94 90 89 0 47
6 31 21 63 94 80 96 53 63 42 92 0 30
8 74 63 89 53 37 74 77 55 80 78 0 36
10 78 67 30 55 90 59 72 69 40 95 0 46
5 55 45 82 95 38 98 47 20 92 63 0 23
10 54 81 20 91 78 97 43 55 56 58 0 46
3 77 60 75 72 25 80 67 58 67 35 0 12
3 60 57 97 21 74 46 74 73 91 60 0 14
3 63 75 84 32 28 66 84 44 85 72 0 14
9 61 99 22 75 94 38 64 64 74 95 0 43
8 86 47 29 29 54 40 44 33 33 94 0 39
5 87 59 31 69 24 33 47 66 98 41 0 24
9 60 33 90 48 30 93 43 57 57 29 0 44
7 61 50 66 75 72 68 97 43 76 63 0 35
9 30 88 78 93 28 74 40 46 91 49 0 42
7 83 98 43 71 53 30 95 66 98 74 0 34
4 27 26 95 36 21 22 45 70 90 97 0 17
6 89 49 69 96 97 63 55 52 98 42 0 29
3 45 92 94 91 77 57 66 96 40 21 0 14
4 98 92 42 62 63 82 78 82 52 86 0 19
8 58 27 86 27 20 36 66 86 22 84 0 40
5 64 93 29 76 43 80 89 78 62 38 0 22
5 32 56 23 62 28 35 45 64 94 81 0 25
9 40 36 95 37 29 83 46 59 93 56 0 44
6 87 87 84 61 83 63 78 26 54 88 0 30
3 83 20 79 70 93 66 81 72 43 84 0 13
3 47 83 53 77 75 46 46 31 59 74 0 13
4 23 93 36 97 73 47 52 68 41 88 0 17
4 28 80 34 22 35 85 99 50 66 88 0 20
7 84 65 53 39 59 30 56 51 84 31 0 32
9 90 77 80 24 84 75 23 89 53 56 0 45
2 28 23 50 30 27 49 21 25 42 82 0 10
7 71 37 83 85 93 95 79 26 84 90 0 35
3 56 22 58 99 31 38 62 79 99 68 0 13
5 31 86 21 65 52 22 29 45 20 58 0 22
10 28 63 57 92 20 45 96 75 29 90 0 48
10 73 39 27 29 28 44 47 87 89 28 0 48
3 43 58 75 83 88 41 37 86 90 40 0 12
9 87 56 73 91 57 96 85 79 66 67 0 42
7 28 82 94 79 55 66 29 45 91 66 0 33
3 75 86 78 96 48 93 34 48 60 41 0 14
8 23 70 38 22 61 63 96 31 69 89 0 38
5 50 23 62 31 84 99 20 91 76 62 0 24
3 24 40 50 78 60 47 20 36 58 40 0 12
3 85 76 62 24 75 88 38 29 41 99 0 13
8 41 23 82 89 92 44 84 89 78 22 0 37
4 67 96 90 21 65 40 82 99 55 87 0 18
6 27 31 24 66 90 51 55 29 33 71 0 28
5 53 82 37 39 23 62 74 52 34 96 0 25
5 94 82 84 73 71 21 34 53 39 97 0 23
8 99 95 81 83 62 64 27 75 98 80 0 36
3 68 34 72 84 57 93 44 43 32 55 0 12
6 95 40 35 92 47 25 59 42 82 41 0 30
3 89 69 91 35 55 59 77 29 51 47 0 11
9 60 45 45 92 68 73 56 84 84 53 0 42
10 26 99 76 55 68 35 56 74 93 58 0 47
5 26 38 26 41 99 75 43 53 87 75 0 25
3 55 32 58 26 59 82 90 45 23 91 0 13
5 25 71 84 43 21 22 82 60 34 90 0 24
10 48 45 58 25 72 37 60 41 39 34 0 48
9 61 56 65 65 90 81 60 74 56 84 0 42
7 48 47 62 41 68 74 42 70 84 36 0 34
2 21 78 84 59 40 88 64 56 23 75 0 10
7 73 53 36 65 62 71 81 74 49 49 0 33
8 58 55 43 64 70 52 65 43 40 57 0 38
5 33 73 69 87 64 71 71 70 80 91 0 21
10 95 59 68 20 43 49 96 54 43 91 0 48
8 27 87 34 65 27 86 61 79 99 86 0 39
3 68 99 65 67 70 64 96 59 93 65 0 15
3 62 87 88 45 95 50 52 70 37 42 0 15
9 53 72 52 40 60 77 51 81 23 63 0 41
4 94 69 52 96 73 60 45 49 45 85 0 18
5 88 62 49 80 52 56 35 99 91 47 0 25
2 32 49 62 81 87 57 70 88 36 33 0 10
10 88 76 74 36 59 47 97 39 33 98 0 48
4 35 97 72 42 21 56 88 62 30 45 0 20
9 82 77 27 59 71 24 69 37 32 36 0 42
3 91 55 52 23 65 26 27 95 76 26 0 12
8 46 73 50 21 83 98 22 39 39 92 0 40
4 42 59 64 94 58 22 55 27 81 84 0 17
9 80 97 86 86 95 53 52 68 95 59 0 43
4 31 94 60 27 76 88 91 59 66 91 0 19
3 42 56 47 56 48 62 62 97 46 51 0 12
9 22 67 50 63 57 55 28 81 88 88 0 45
6 96 74 52 86 93 59 20 98 59 26 0 30
10 45 28 33 82 43 37 47 44 31 22 0 46
10 70 76 29 62 25 95 92 21 63 48 0 48
10 73 45 24 53 62 99 51 82 48 68 0 48
7 96 36 81 96 88 82 79 49 37 74 0 34
4 80 31 29 59 28 37 27 89 75 33 0 16
3 31 29 56 97 72 94 49 38 92 59 0 14
4 96 70 31 92 70 91 37 75 50 23 0 19
10 40 76 64 83 22 44 61 92 54 63 0 50
4 37 75 75 53 26 44 80 90 72 65 0 19
7 30 82 70 44 57 88 62 55 81 25 0 33
7 20 40 56 56 30 34 69 34 82 36 0 34
9 90 49 49 79 73 35 74 52 83 57 0 43
3 70 40 91 80 89 60 63 28 29 69 0 15
5 80 97 87 26 92 33 55 86 97 84 0 25
7 52 47 89 22 94 59 58 51 93 39 0 35
8 23 72 73 94 75 46 26 96 39 36 0 36
9 26 90 44 40 41 23 23 90 67 76 0 45
10 56 68 58 46 76 98 83 81 79 99 0 46
6 55 94 88 57 71 90 49 39 74 72 0 27
6 26 25 49 42 98 67 29 78 42 29 0 30
7 66 78 60 41 92 94 31 31 52 80 0 32
10 44 93 72 53 31 78 28 65 51 33 0 49
9 59 20 39 25 90 61 80 41 68 28 0 41
10 74 47 25 72 92 38 94 65 95 90 0 47
7 39 37 48 75 81 62 80 44 43 77 0 32
119 128 96 122 76 79 113 75 104 88
104 140 151 165 192 208 230 248 261 296
109 127 147 176 195 205 239 245 272 280
118 137 140 178 182 209 230 244 274 296
104 135 145 171 180 200 234 245 261 293
103 130 149 172 195 220 226 248 260 290
103 127 143 173 187 217 238 253 261 297
108 137 148 164 191 206 240 241 268 293
119 122 150 167 180 207 228 241 264 290
102 127 157 173 200 207 239 256 279 282
108 129 143 179 198 205 225 250 262 294
108 131 155 178 181 203 229 249 260 291
116 139 144 164 193 207 240 258 269 295
109 127 149 171 196 206 231 254 265 297
103 121 150 180 198 202 240 251 262 297
101 120 142 160 182 210 223 251 275 283
103 129 141 176 188 212 223 244 267 284
118 131 147 168 198 207 240 254 270 296
100 130 158 163 194 216 234 260 265 298
109 136 157 161 198 200 236 254 269 285
105 137 148 177 182 215 221 256 270 290
111 127 150 163 183 202 233 241 280 289
108 138 149 167 196 207 240 249 268 291
119 137 146 161 184 217 226 244 273 292
116 126 151 176 198 210 232 254 265 297
102 123 146 164 186 207 224 257 275 300
105 126 140 167 180 214 234 259 273 293
100 140 140 172 197 202 230 260 269 296
118 132 155 175 183 208 233 252 280 290
119 126 153 168 191 202 225 250 279 280
100 125 145 178 184 220 240 242 273 287
117 140 141 172 192 219 220 246 267 288
111 127 157 177 186 217 233 244 277 280
102 128 140 171 186 206 229 255 264 297
105 139 145 169 183 215 225 251 264 298
105 136 146 168 200 209 233 250 260 289
120 139 143 164 195 204 225 246 280 285
105 126 159 173 186 205 232 243 274 285
117 127 159 167 188 201 226 260 265 282
109 120 146 171 188 211 233 245 268 283
108 124 142 179 198 207 221 251 261 299
120 133 150 163 190 216 236 254 261 282
102 128 156 166 198 206 238 247 263 284
120 139 146 180 193 204 221 257 272 298
116 124 145 163 190 215 228 242 266 281
107 140 142 166 196 212 230 243 279 298
112 126 141 173 198 210 233 246 275 293
104 134 147 168 194 218 238 257 276 292
111 134 150 177 198 210 234 244 273 289
109 121 142 165 181 200 220 259 263 291
109 123 150 178 187 214 222 259 277 286
104 129 151 170 184 206 223 241 279 284
111 134 156 175 200 205 221 251 272 286
119 131 146 169 186 214 232 257 268 282
119 128 152 168 192 205 226 240 276 287
118 136 150 174 181 208 228 251 271 280
108 120 157 179 188 202 231 259 265 290
120 130 140 176 182 206 239 245 270 280
103 135 147 177 192 209 233 250 262 298
118 125 140 166 181 209 240 256 279 289
107 124 160 165 185 210 222 249 280 293
115 137 160 167 196 201 236 260 263 288
103 136 160 180 184 220 222 245 279 297
104 135 146 170 187 202 233 240 262 283
113 128 144 160 187 214 228 242 261 291
119 138 153 164 193 202 231 254 272 291
105 137 142 174 190 218 230 253 271 294
118 127 155 168 192 207 220 243 265 282
102 122 153 165 184 212 235 256 270 289
107 131 146 169 198 210 239 251 276 288
113 131 149 177 199 209 233 259 265 280
106 126 154 165 195 214 235 254 264 282
119 129 145 179 191 215 226 253 274 299
103 123 143 162 182 207 236 256 262 282
107 127 141 177 188 217 231 240 261 288
107 123 160 180 200 211 230 254 270 280
100 136 143 170 190 218 238 248 274 286
108 136 153 174 183 201 238 243 269 300
119 123 151 162 198 205 238 256 267 280
112 130 145 162 188 201 226 245 262 288
101 128 144 178 197 214 223 242 270 288
108 128 148 173 195 204 231 250 266 297
103 134 146 178 191 213 240 240 276 298
112 120 141 172 186 202 225 247 276 296
108 140 145 168 193 206 236 259 263 298
107 120 145 173 184 214 231 257 262 289
115 124 153 160 195 201 228 240 266 295
116 139 156 178 200 213 227 260 273 284
112 126 157 165 198 208 228 254 280 297
118 129 154 180 194 205 223 243 272 280
120 137 159 180 181 201 238 244 267 296
104 139 157 165 192 212 233 253 266 295
100 121 149 173 180 208 220 240 260 282
108 138 160 161 182 204 228 242 262 300
113 123 150 171 198 212 231 252 280 292
113 138 143 173 186 207 221 257 265 300
111 130 154 177 198 204 227 254 274 283
119 140 153 165 190 213 225 252 266 285
106 135 152 172 200 218 224 253 275 295
112 136 158 179 198 211 230 256 269 296
116 132 154 176 189 209 220 252 274 300
114 132 160 170 190 203 237 257 264 281
104 137 140 177 191 214 232 240 280 289
109 129 158 176 188 200 220 244 277 295
114 140 150 167 184 220 232 244 272 293
108 137 147 174 183 212 220 242 262 289
104 121 156 163 180 208 221 240 263 288
104 131 155 170 190 204 221 246 274 299
115 138 146 161 182 220 222 247 272 285
118 139 144 174 183 219 238 251 273 287
101 129 150 178 197 214 238 240 260 288
120 123 141 176 186 214 240 244 265 287
117 123 159 170 184 208 221 253 278 282
112 129 160 168 196 215 221 258 268 282
110 134 154 160 194 215 232 242 277 283
105 137 141 170 198 211 234 249 266 285
108 140 159 169 197 214 228 240 271 286
115 122 144 169 190 208 228 247 262 281
115 137 142 177 199 220 237 248 279 297
102 121 148 175 184 213 224 258 262 289
102 121 148 175 182 201 237 245 265 281
100 136 142 177 183 203 225 256 267 284
105 140 147 178 193 209 233 250 278 285
108 127 152 172 200 210 226 252 264 280
110 135 144 176 182 201 230 257 279 299
106 134 154 162 188 210 224 249 267 300
110 132 145 162 180 219 229 240 266 284
105 140 157 177 194 204 233 249 262 289
107 138 155 160 182 213 234 240 277 293
111 123 159 174 196 214 222 240 267 297
114 133 145 175 193 208 239 254 274 300
105 123 158 176 192 200 236 256 280 286
117 124 141 176 181 208 226 260 271 291
112 139 160 169 195 212 225 245 272 287
110 127 156 166 181 217 230 243 269 294
103 135 157 166 197 214 233 255 260 289
104 137 149 171 188 211 224 260 270 283
105 127 160 175 197 216 240 251 274 296
110 122 158 167 197 203 239 256 271 300
120 131 160 161 180 220 240 248 267 285
101 135 148 173 180 209 240 252 265 285
119 126 155 165 197 218 240 240 277 286
114 132 153 174 181 216 224 240 272 300
112 133 154 172 186 209 224 241 273 294
120 126 155 165 199 209 232 245 266 286
100 138 151 163 191 215 237 243 275 284
118 120 154 168 184 208 220 248 273 297
113 126 154 168 187 202 230 241 277 298
108 129 148 176 189 212 230 255 273 285
104 120 145 161 184 213 235 254 267 283
114 140 144 179 186 203 235 251 266 280
119 133 153 173 180 220 223 250 262 291
111 125 157 174 189 210 238 253 280 282
112 120 153 175 200 208 228 257 264 298
117 137 157 180 190 201 236 244 269 298
117 131 140 167 185 215 222 242 280 298
118 128 150 176 200 201 224 249 265 299
115 137 157 171 195 217 234 258 279 280
118 133 159 169 182 200 237 247 260 288
118 136 151 163 181 202 228 252 271 298
109 131 148 174 195 212 223 246 260 284
119 139 152 180 196 208 239 257 280 287
102 121 141 164 198 216 226 245 276 281
116 136 149 176 195 208 233 257 276 289
107 136 149 171 197 208 227 251 264 294
115 138 142 163 187 219 231 243 272 283
117 126 149 160 189 209 233 256 266 295
112 132 147 179 180 220 230 244 277 288
103 140 141 164 198 220 235 244 263 284
114 120 140 176 189 212 228 245 280 289
107 136 158 179 190 218 232 252 269 290
108 136 145 163 185 215 224 257 268 288
100 134 150 170 199 212 221 260 265 293
118 131 159 168 193 215 238 246 267 294
102 131 155 176 196 215 232 245 267 294
108 129 160 177 194 220 228 251 263 287
102 139 160 161 184 205 227 245 274 282
106 131 148 174 194 210 228 260 268 287
108 135 160 176 181 200 222 260 271 291
114 130 160 174 187 205 227 240 274 283
118 122 160 171 192 209 239 245 277 285
118 130 157 167 195 213 228 253 277 283
120 123 148 172 199 202 232 257 261 280
101 137 141 180 195 213 228 250 265 282
112 133 146 160 197 219 224 246 272 281
114 134 142 171 189 217 232 249 271 295
104 136 148 162 192 208 225 255 261 288
112 135 150 166 193 202 220 245 276 291
100 139 158 161 185 203 230 254 267 292
102 127 145 166 182 214 240 253 275 298
106 140 146 174 182 211 231 242 272 287
115 135 145 179 189 215 227 245 261 292
117 139 140 176 197 200 239 246 275 282
103 123 149 177 200 202 229 260 265 297
103 133 149 176 186 210 229 249 260 286
107 125 149 172 189 211 231 258 270 292
102 139 147 166 185 219 231 255 273 297
105 137 152 168 194 208 234 255 270 300
100 125 147 180 194 213 238 249 265 285
116 129 146 162 181 210 223 257 265 283
113 120 151 160 199 212 237 244 264 285
102 123 145 180 191 203 220 250 268 289
120 131 142 161 191 217 240 243 261 296
103 137 147 179 181 217 235 243 280 296
115 127 151 163 186 206 226 248 273 286
115 133 141 169 182 220 237 254 269 294
108 128 141 161 195 202 227 242 264 287
120 138 148 171 181 213 231 258 272 292
102 133 145 174 195 211 220 243 269 292
115 122 151 164 195 217 228 252 280 285
103 128 145 175 186 219 234 260 267 300
104 138 158 168 182 204 224 249 280 295
109 121 154 179 195 218 222 258 274 285
114 128 159 170 185 203 233 251 266 288
114 136 154 167 180 219 227 251 265 298
109 135 158 169 187 212 236 259 260 282
111 135 149 170 189 208 236 245 271 298
103 129 148 170 186 207 223 246 268 291
107 134 146 171 200 220 221 241 272 281
102 121 155 164 189 214 227 241 272 297
103 127 147 168 185 220 232 258 273 282
108 136 157 162 180 211 234 250 265 286
109 131 151 172 192 204 239 256 276 283
103 138 147 166 198 217 222 252 262 293
110 138 158 162 182 209 222 250 272 280
112 140 155 168 184 202 229 260 277 286
114 130 143 170 180 210 226 252 261 285
118 125 142 163 192 214 226 249 262 289
119 131 153 171 194 206 228 241 280 282
117 130 146 162 188 219 235 253 274 287
105 137 155 168 180 218 234 243 279 287
102 130 150 165 197 205 220 246 271 289
116 140 147 170 186 220 220 254 264 286
100 137 160 163 189 214 238 260 277 281
101 137 156 168 185 219 237 247 274 284
115 133 150 175 180 209 227 245 270 298
118 130 160 162 194 215 222 247 268 292
104 128 152 171 180 203 235 256 268 291
119 124 148 164 187 219 231 241 265 285
116 123 160 172 197 215 222 242 268 291
105 132 146 167 193 206 237 247 268 295
120 125 143 177 189 204 221 251 280 291
103 138 140 180 200 207 228 240 276 295
116 140 154 172 185 203 221 251 263 290
107 120 152 180 196 213 231 260 264 284
119 122 143 179 182 205 228 255 265 284
113 121 153 173 183 214 225 242 280 287
118 136 151 173 181 216 229 258 272 282
114 135 151 170 188 204 235 246 262 285
101 125 140 161 192 203 228 245 263 295
109 139 155 179 191 216 220 250 269 284
112 133 148 173 194 217 233 252 278 293
114 138 150 168 199 214 235 246 275 294
103 132 156 162 188 213 229 252 275 291
107 129 152 171 193 214 239 259 263 297
113 123 150 164 196 214 240 253 262 281
105 137 159 162 194 208 240 252 276 289
103 140 155 162 194 218 237 249 265 285
116 126 157 173 193 215 240 260 278 296
102 139 159 164 188 204 231 250 273 288
117 133 147 163 198 201 225 253 279 295
105 138 144 173 183 206 230 243 276 280
106 126 148 166 183 217 235 246 266 288
119 127 155 167 180 201 240 256 271 284
112 123 160 163 183 215 227 258 278 285
107 133 149 160 198 205 238 246 274 293
120 136 152 169 189 219 235 245 271 286
120 133 151 172 197 208 236 256 262 286
102 124 140 174 196 208 225 258 278 288
106 140 149 160 189 205 239 260 280 282
103 126 144 165 197 216 227 258 265 282
110 128 156 160 200 205 221 249 267 294
114 134 159 173 198 218 240 248 278 290
119 120 157 161 193 205 232 243 271 295
119 120 148 176 197 212 236 246 267 297
104 137 143 179 193 210 227 252 260 296
120 131 155 161 200 200 222 243 277 291
111 123 141 160 200 200 225 249 269 284
105 125 157 178 182 209 223 249 269 291
109 132 160 179 200 205 227 257 277 281
108 131 151 180 200 218 224 253 270 288
118 124 146 169 186 207 221 250 260 294
101 134 158 167 180 203 227 251 266 281
102 126 149 173 195 207 221 257 262 297
116 130 155 177 199 212 236 247 273 280
103 121 158 179 185 205 240 253 268 299
100 130 145 167 192 200 224 256 270 286
109 121 153 177 186 210 232 240 273 295
120 138 152 175 184 206 227 248 272 281
111 128 155 173 190 211 230 255 265 282
111 138 140 168 188 219 226 240 263 293
113 123 154 166 182 210 226 257 276 282
112 127 156 170 192 210 236 250 269 280
114 120 158 178 187 208 233 248 278 289
106 122 146 173 182 205 232 245 276 298
112 126 151 178 185 209 237 252 270 299
108 121 147 176 180 212 237 249 262 287
111 131 144 177 183 216 220 251 262 283
116 133 140 163 183 210 230 254 274 297
114 122 150 174 189 219 222 242 260 281
116 125 147 176 188 207 236 251 272 299
114 127 148 160 182 216 233 247 269 295
120 134 150 174 183 216 224 258 268 292
115 137 143 161 195 204 239 253 264 280
116 129 160 175 180 218 224 253 277 286
112 127 141 175 181 203 220 256 280 292
120 121 145 171 192 218 226 257 260 297
108 124 158 179 180 215 238 241 275 288
114 120 141 175 180 206 236 248 278 291
115 122 140 164 195 210 220 250 276 286
118 130 150 171 194 206 231 252 279 296
100 127 146 179 186 220 229 240 265 282
115 132 146 180 187 215 237 256 275 297
119 135 148 162 187 215 240 243 272 295
112 131 152 178 193 214 230 257 276 282
104 135 140 166 200 214 220 244 273 300
100 140 158 180 187 202 232 244 275 287
107 129 153 175 192 206 228 258 263 293
118 121 152 166 184 205 224 256 260 294
102 133 140 168 193 218 220 258 275 297
109 140 160 165 180 201 233 260 268 285
117 132 157 176 191 220 237 247 263 291
106 128 156 164 197 210 231 250 268 299
120 127 154 179 189 203 230 250 260 283
100 129 155 160 186 202 233 258 264 294
117 135 160 172 191 210 235 252 260 294
115 124 159 176 181 208 239 247 276 292
109 138 153 172 188 201 225 249 271 285
105 136 158 171 181 218 234 248 272 290
112 140 156 162 194 207 221 250 269 285
100 125 156 167 195 213 239 259 266 285
106 134 156 172 198 211 220 256 263 285
115 137 141 161 183 220 236 260 275 286
104 126 158 180 185 200 222 256 275 295
104 125 159 161 198 202 236 256 266 291
115 134 155 172 180 220 228 243 267 280
113 128 143 164 198 220 225 256 265 283
117 134 157 170 198 200 239 241 267 297
113 135 160 177 194 207 234 254 272 283
109 131 158 180 188 210 233 248 269 300
101 136 145 170 186 216 237 242 261 290
106 132 151 170 197 219 233 242 260 286
114 125 156 179 190 204 228 260 274 287
112 134 148 176 180 215 223 253 278 299
104 133 149 170 193 203 220 243 277 293
117 135 146 177 184 215 237 255 264 285
118 130 140 166 197 209 231 241 272 290
102 132 143 177 182 203 240 250 265 297
104 133 155 173 189 203 232 257 280 280
102 120 155 169 193 204 224 249 277 290
104 125 146 160 182 217 237 243 275 288
115 123 142 167 196 202 240 247 265 296
118 121 144 166 194 220 237 251 278 299
118 136 153 168 200 203 239 252 266 290
112 130 149 175 186 213 226 255 262 285
109 133 152 162 188 211 224 241 279 295
103 139 141 179 189 212 229 246 271 292
105 128 158 160 189 214 238 252 267 282
111 130 158 179 199 213 236 242 273 290
119 122 149 160 182 200 235 247 276 286
105 138 149 174 199 219 236 253 274 297
103 138 143 175 184 202 232 246 276 283
103 139 145 169 186 220 229 241 262 284
117 137 143 172 185 202 224 252 262 298
113 124 144 161 181 210 225 244 265 300
118 124 153 167 185 202 236 260 262 284
104 135 159 162 187 208 240 260 275 294
109 121 147 174 183 212 233 247 266 287
120 127 144 162 192 218 230 243 267 289
115 129 160 168 195 210 233 259 268 294
114 126 159 160 199 200 225 240 266 283
120 132 148 179 182 210 232 245 267 295
105 140 142 160 196 204 231 242 260 296
103 136 145 166 190 219 228 244 270 284
117 121 146 173 197 212 224 244 280 289
115 135 152 170 185 212 234 241 269 282
120 135 154 165 188 214 226 240 261 298
115 121 150 160 198 208 228 255 278 297
111 125 159 179 200 203 222 241 279 280
106 121 156 175 197 206 225 245 261 288
102 133 144 166 197 204 236 244 261 280
119 139 157 176 181 208 225 254 276 284
103 122 155 180 190 219 222 253 278 291
120 127 148 161 197 202 238 253 280 289
107 125 151 180 200 207 232 256 276 284
103 127 141 161 198 212 237 253 265 293
104 124 151 163 184 217 233 245 277 292
120 134 151 163 198 211 224 249 279 286
102 129 144 161 185 212 229 250 275 292
117 133 158 168 187 202 232 259 273 283
114 140 145 173 187 208 231 250 260 284
114 122 157 177 192 215 232 240 265 287
109 123 154 163 183 220 227 240 270 297
120 125 142 171 188 215 231 243 264 286
116 122 149 168 189 214 236 248 280 288
116 130 146 172 190 210 239 247 262 284
109 131 154 174 183 206 225 251 260 294
119 125 144 178 185 209 234 244 265 287
102 131 140 179 181 217 236 249 262 291
110 135 141 165 184 209 225 258 275 282
112 137 153 164 200 216 238 255 265 299
114 139 142 161 187 208 226 254 274 299
113 131 154 177 180 214 237 257 273 287
102 126 157 162 181 218 231 256 262 298
113 125 153 166 198 213 238 248 273 285
113 135 147 163 199 218 220 257 260 287
115 126 141 160 197 210 233 241 269 300
113 137 160 165 190 207 231 252 273 284
119 128 152 174 193 215 239 243 262 299
120 136 155 165 186 217 232 250 275 295
119 129 151 167 195 217 238 258 260 294
110 126 151 162 194 211 223 248 261 287
117 120 146 174 191 219 222 240 279 280
102 137 151 163 186 203 224 247 261 298
114 126 154 167 183 213 226 253 274 282
115 131 159 165 195 211 223 247 276 286
104 127 160 167 186 208 232 258 262 295
107 129 151 166 185 203 238 248 278 289
106 130 147 165 185 205 230 241 277 286
107 130 153 176 183 201 222 253 267 300
116 125 152 166 194 213 224 256 268 284
120 128 154 171 199 200 220 242 265 280
116 140 141 176 181 201 235 254 276 285
105 137 155 170 196 201 235 257 263 281
103 135 147 172 186 206 222 250 261 299
118 126 147 178 192 208 228 258 260 281
107 126 154 160 181 203 226 253 269 289
104 136 158 177 191 208 222 259 274 281
101 128 151 165 190 202 237 257 270 292
106 132 141 175 193 210 220 248 269 283
109 137 150 179 194 204 223 257 280 297
107 126 146 174 193 215 224 258 273 300
108 124 150 175 180 209 231 247 279 281
112 135 141 161 187 204 237 241 264 282
115 126 153 177 189 219 232 253 275 291
103 137 145 166 186 217 239 260 277 295
112 124 157 168 184 202 238 260 275 288
103 137 148 172 200 216 239 241 274 295
107 130 141 170 182 200 223 242 279 294
106 123 143 179 189 220 236 247 263 287
101 126 153 163 193 220 230 254 264 285
120 135 156 179 194 216 226 259 270 291
101 133 141 173 195 215 220 257 262 282
118 123 145 166 193 218 237 246 261 298
117 125 160 162 186 207 220 260 262 297
103 121 154 172 199 215 237 246 280 290
104 137 144 180 186 209 235 257 271 293
102 129 150 175 186 211 238 247 272 291
110 125 145 165 197 205 220 242 260 288
109 123 151 175 183 218 223 245 279 283
112 136 140 180 193 206 228 260 269 289
102 136 140 162 197 205 224 257 270 295
109 132 154 166 193 209 222 253 265 280
107 126 152 180 180 217 230 253 270 283
104 127 155 179 185 216 227 243 273 284
109 134 143 160 182 217 225 249 266 285
116 130 144 164 190 205 220 260 271 295
120 133 158 164 193 214 231 241 272 283
100 132 144 176 199 204 221 245 270 280
114 135 143 173 191 208 224 244 275 286
114 134 152 161 192 212 232 252 266 284
105 124 158 177 190 216 235 241 275 286
105 134 142 178 199 203 223 248 271 300
112 136 153 165 182 204 236 254 273 290
103 127 151 164 195 215 222 241 276 299
102 129 144 178 180 212 239 255 265 288
112 127 147 179 184 207 238 241 262 281
100 123 145 178 200 211 228 246 262 283
110 137 144 160 191 202 223 244 260 288
106 126 151 177 186 208 222 260 280 291
114 136 159 160 185 210 225 256 279 298
111 139 141 180 199 202 231 253 267 281
103 128 146 160 189 204 240 244 261 289
112 134 140 177 194 220 220 255 264 294
120 120 160 167 193 214 240 260 271 287
114 131 152 170 192 205 237 245 272 281
103 140 150 164 188 205 232 248 272 299
100 129 158 173 185 212 237 259 260 286
107 127 155 163 191 219 237 253 261 281
100 134 143 179 180 202 240 254 278 298
110 135 155 171 186 207 227 243 268 300
113 134 153 174 191 214 226 252 278 294
105 136 140 162 196 215 239 257 267 297
100 123 155 178 194 206 226 245 279 283
101 131 147 162 188 200 230 245 272 283
118 135 152 178 194 219 222 240 279 283
106 129 149 162 200 216 238 257 264 297
106 129 142 161 200 219 238 244 264 283
112 125 153 163 196 220 227 241 262 280
116 137 153 162 188 202 233 254 279 280
115 123 145 174 188 217 220 243 266 285
119 130 143 180 191 219 229 254 277 295
116 130 148 167 182 202 225 259 262 283
109 121 141 168 181 208 227 241 262 287
120 138 140 172 199 204 240 246 272 281
101 135 140 169 187 205 224 246 272 281
119 128 145 169 188 215 231 251 276 283
120 128 158 164 186 202 239 260 277 284
111 133 160 161 199 219 222 254 263 294
100 123 154 164 188 205 239 255 272 283
116 130 156 177 193 218 237 258 264 281
103 131 141 180 181 220 224 259 278 297
111 128 148 172 189 210 238 247 277 299
114 128 145 174 181 214 230 241 276 294
115 131 155 176 195 203 228 255 266 284
107 128 154 172 185 212 229 257 278 283
109 140 142 168 198 217 228 247 280 293
114 136 148 171 185 206 225 249 273 294
108 120 150 177 185 218 233 241 278 286
120 120 155 169 200 210 225 240 266 286
109 139 144 171 198 220 238 252 278 284
101 132 153 179 188 208 237 251 269 300
108 130 148 172 185 213 232 245 263 300
101 125 141 179 200 210 227 257 262 289
109 123 150 180 198 208 228 244 272 287
101 135 154 169 189 220 221 245 260 282
110 129 145 166 182 203 221 244 264 292
105 121 159 172 190 220 236 256 268 285
117 121 150 169 188 201 221 254 268 285
109 124 152 160 190 210 223 249 266 300
110 135 153 162 198 209 223 245 267 285
118 129 149 172 192 200 234 254 271 293
107 128 142 166 192 209 232 259 273 280
110 127 158 163 185 203 230 255 278 290
101 133 142 161 194 205 225 253 274 283
116 132 160 174 195 213 234 254 266 295
108 125 145 164 199 220 232 260 273 291
104 127 152 178 192 216 227 245 262 283
106 138 150 167 183 205 231 244 278 296
114 132 155 177 191 219 225 260 277 295
111 121 152 161 184 220 226 255 272 287
107 130 159 174 200 220 227 252 260 282
117 136 155 160 188 208 220 242 261 288
112 122 150 176 192 216 233 251 260 296
104 136 147 178 182 215 231 254 260 293
118 124 145 178 180 206 227 249 278 286
104 134 159 179 198 219 228 249 266 297
120 140 142 161 186 206 232 251 268 294
104 124 142 165 187 209 231 243 273 291
114 136 156 174 192 205 222 257 275 282
112 122 160 169 190 210 239 253 264 283
117 128 157 171 183 202 222 246 260 295
102 133 140 161 196 213 229 244 266 294
104 136 140 167 182 213 223 242 271 291
117 137 154 166 198 200 233 249 267 295
119 135 148 168 187 208 230 249 279 286
113 122 154 176 190 204 239 248 280 290
114 128 140 179 190 212 227 260 260 284
120 139 149 170 193 220 223 243 274 292
119 132 153 161 190 208 230 257 270 300
117 133 144 172 194 201 223 251 260 284
101 133 156 169 186 210 235 253 260 285
102 129 157 174 191 212 235 241 269 287
116 131 152 173 198 200 224 247 273 294
104 127 144 178 194 216 230 245 266 288
105 140 156 178 192 200 233 250 278 295
112 131 149 160 190 201 220 255 265 294
110 122 148 180 185 204 222 249 279 298
118 133 149 166 180 208 231 243 270 293
107 135 158 161 182 209 229 250 268 295
104 120 159 169 196 200 225 246 278 288
118 137 157 176 199 208 227 255 273 293
119 137 156 177 200 218 234 247 260 285
111 139 159 166 198 210 223 252 264 295
103 126 143 165 180 211 240 250 279 285
103 138 145 179 186 202 224 249 272 299
109 132 147 177 189 210 236 240 279 288
108 127 158 168 187 205 230 252 277 282
112 128 155 160 199 215 232 254 264 299
107 139 151 170 194 208 229 250 264 285
111 140 158 178 181 212 229 250 277 280
114 135 147 165 184 204 226 242 266 300
114 131 149 167 184 204 240 242 267 299
111 125 144 173 180 203 234 259 260 299
118 136 147 169 199 213 239 243 270 297
108 133 140 164 198 218 230 250 266 288
112 136 159 180 198 214 221 245 280 287
119 129 159 169 182 217 223 254 280 289
109 135 146 161 193 206 235 240 268 288
116 133 155 169 187 202 227 242 274 280
120 139 154 176 194 200 234 250 272 297
105 134 144 177 198 219 227 251 261 281
111 127 143 171 188 215 228 247 274 290
100 126 155 175 192 217 224 248 279 282
107 126 156 168 183 213 222 246 267 298
115 132 152 167 195 219 238 243 275 290
109 122 151 173 185 204 237 246 261 298
118 125 158 176 192 208 228 246 262 290
112 136 157 165 193 205 232 259 280 283
107 126 144 179 188 209 220 250 269 291
115 122 152 178 188 209 221 256 263 298
104 140 158 169 186 217 226 260 271 294
111 125 145 172 198 217 236 255 280 296
106 121 156 161 197 208 226 243 279 289
115 139 155 176 188 206 222 252 269 286
104 124 145 176 194 209 222 246 269 291
111 130 150 164 189 213 224 255 266 288
115 122 146 170 199 208 230 259 271 283
108 129 151 171 182 214 223 252 279 282
104 125 158 176 180 217 233 243 273 299
116 137 154 169 187 200 238 257 271 290
116 124 155 173 194 217 225 250 266 293
100 131 157 169 198 205 237 253 270 284
119 139 149 170 199 215 230 254 268 292
105 136 156 172 193 218 226 254 277 289
105 125 149 162 190 214 229 242 263 296
120 135 157 173 190 206 223 257 265 282
110 132 148 169 182 215 229 241 260 297
109 123 156 170 181 208 232 251 272 281
117 124 149 168 184 200 236 248 273 289
108 130 150 166 191 210 225 250 279 282
101 120 151 174 192 218 239 254 262 282
113 129 153 165 187 217 229 247 270 287
104 138 146 166 182 217 221 255 265 299
120 120 159 169 193 209 236 243 261 284
113 140 153 179 185 200 228 243 267 294
113 124 145 178 200 206 227 249 264 286
102 137 151 180 190 208 239 240 280 287
120 130 155 169 185 211 222 253 273 291
120 122 149 171 196 217 224 248 273 290
112 136 159 169 184 204 223 260 278 288
120 125 146 178 197 208 232 252 275 283
104 126 157 168 186 220 229 257 262 297
100 138 154 167 192 211 229 256 262 298
101 121 144 168 199 203 226 241 275 300
104 132 151 170 184 216 240 252 278 292
118 129 145 167 184 206 231 241 279 298
114 129 158 175 187 215 235 258 276 294
120 136 140 180 200 215 235 260 278 291
117 125 152 160 198 218 234 250 273 288
100 135 155 168 195 207 220 258 270 280
114 131 143 164 200 213 230 254 268 298
112 122 154 169 185 210 239 252 261 292
104 138 148 179 195 217 234 244 265 298
111 135 153 165 186 208 231 258 265 283
118 121 150 163 199 207 239 250 267 292
103 134 149 168 197 205 233 242 273 298
115 138 142 168 180 203 231 243 270 290
105 138 145 164 190 216 223 258 264 297
118 127 146 178 188 205 220 260 263 300
119 135 148 172 192 207 240 246 268 280
117 123 160 160 196 218 221 250 261 288
109 140 141 162 198 204 229 255 262 298
113 137 150 168 194 214 237 256 264 288
117 123 157 167 181 216 236 245 260 288
119 138 140 165 193 207 229 240 265 287
113 134 141 176 197 217 232 256 265 284
102 123 160 177 198 210 231 243 268 290
116 133 141 162 183 213 234 256 275 291
101 124 147 170 189 213 239 244 260 290
105 132 147 168 197 206 221 244 271 297
106 123 144 175 183 219 232 242 270 281
111 120 145 166 185 212 234 243 269 288
120 135 140 180 190 215 239 242 266 291
111 140 154 172 194 211 238 255 277 299
105 120 145 168 180 201 222 246 269 297
110 134 145 168 191 214 236 251 279 299
101 136 154 170 186 212 222 257 275 286
107 121 145 174 199 220 222 256 266 288
113 132 154 172 196 218 237 258 280 295
118 127 150 175 184 202 233 242 269 288
119 131 143 166 182 206 221 240 278 298
105 139 143 174 197 206 228 243 278 282
109 140 142 179 194 215 221 241 275 288
102 129 157 160 183 220 233 248 261 285
107 138 150 170 192 219 234 248 275 292
109 125 150 165 191 214 226 243 272 292
104 136 146 161 182 201 236 247 276 280
109 131 145 176 180 210 237 255 260 293
100 131 153 170 197 217 230 243 260 291
105 132 151 167 189 215 230 260 272 281
116 121 157 178 185 204 234 251 279 282
120 138 146 171 199 201 230 255 267 286
116 124 150 165 185 210 223 242 270 300
104 127 154 163 199 219 238 258 266 296
102 127 149 164 192 219 239 258 264 285
114 121 146 169 180 217 231 240 270 287
116 123 147 180 188 220 239 254 264 289
119 137 154 169 199 205 225 253 275 292
116 129 154 161 196 216 226 252 260 297
111 131 150 178 194 208 233 256 268 296
103 135 148 166 199 202 235 253 279 284
107 139 152 169 181 211 220 252 265 292
105 123 152 170 187 219 228 260 262 287
117 125 160 176 189 209 223 246 272 285
114 127 159 177 193 203 235 245 275 296
110 121 147 162 183 212 229 251 277 283
108 133 153 168 186 209 232 260 261 294
113 134 147 178 185 210 235 251 280 292
100 136 146 171 185 219 239 249 269 291
116 127 158 175 199 214 229 255 279 287
115 136 155 179 197 203 224 247 274 298
107 134 141 174 191 205 234 244 278 297
107 130 155 175 191 205 239 252 279 300
118 123 151 171 192 206 227 244 266 293
119 121 148 166 199 216 237 258 267 296
110 120 155 170 188 214 223 244 271 295
112 128 152 180 187 205 230 244 270 288
108 139 151 164 190 208 236 242 280 294
106 127 155 178 197 215 221 250 262 285
108 136 143 178 190 203 232 253 268 296
118 127 146 169 190 209 238 243 279 297
108 122 158 174 183 219 230 252 261 294
117 123 159 165 180 211 232 244 276 289
114 131 159 163 183 211 225 250 270 287
102 121 150 164 187 219 238 242 280 300
115 135 154 174 183 201 233 246 273 286
106 125 157 167 197 209 225 255 260 295
116 131 156 165 188 210 239 247 270 288
114 132 148 163 196 210 229 254 276 281
119 132 160 177 185 206 233 258 280 290
110 120 148 175 186 213 233 257 262 298
114 126 145 179 199 217 226 242 263 289
109 122 151 170 198 200 225 255 269 289
110 136 140 173 190 214 223 257 261 295
102 135 160 169 182 214 220 254 275 290
111 140 155 177 191 210 239 260 268 288
109 136 140 172 194 203 233 252 272 290
103 139 146 175 195 219 233 260 273 290
118 133 158 173 193 205 224 243 267 298
116 139 144 175 193 202 237 254 272 295
105 129 159 164 185 214 222 249 270 281
109 138 157 161 194 207 230 255 265 281
103 128 146 175 181 206 235 257 279 284
110 140 145 180 193 208 237 252 276 290
102 131 152 175 190 205 235 251 263 293
115 138 140 165 189 216 231 249 262 287
105 121 150 175 196 219 229 252 277 290
114 132 160 174 193 220 239 244 278 281
105 134 145 160 193 208 233 241 263 298
106 122 155 174 197 205 234 256 277 286
113 139 151 173 187 200 223 249 263 288
120 136 153 165 189 209 238 258 273 297
107 122 160 180 183 214 232 248 266 297
107 126 140 161 194 215 223 257 266 289
106 122 151 175 198 201 229 258 262 292
109 120 153 178 180 202 234 251 270 300
100 129 160 167 183 204 236 255 265 297
107 140 158 168 199 208 228 252 274 298
114 134 155 166 191 206 240 243 264 286
116 127 140 178 196 204 231 247 268 284
105 137 160 161 190 214 220 251 279 288
113 132 154 164 200 220 223 242 279 295
101 136 144 180 180 206 227 252 262 287
114 134 140 178 200 216 224 252 276 290
111 135 158 161 188 208 229 241 279 283
105 140 141 169 188 213 228 255 262 299
116 125 151 180 193 219 226 244 277 294
100 134 153 178 199 212 234 251 274 286
105 128 141 161 199 200 238 258 280 285
110 133 141 169 192 208 220 258 261 300
117 122 160 176 192 204 229 250 261 281
120 120 141 167 188 218 229 245 277 281
119 134 156 180 195 202 229 250 270 293
102 123 152 174 186 208 235 240 263 296
109 126 145 174 184 214 221 253 276 291
118 134 160 163 196 206 236 240 269 294
112 123 158 167 188 215 236 257 274 281
112 120 159 179 193 216 232 241 269 282
115 135 153 168 191 215 227 245 267 285
114 124 158 164 189 212 240 260 278 291
108 140 148 173 187 207 227 240 260 288
114 130 142 165 180 218 221 252 273 295
101 122 148 176 193 205 239 253 262 300
101 137 148 168 196 216 240 247 262 286
102 135 140 174 182 218 225 257 276 289
115 122 152 161 196 217 235 245 275 299
114 123 157 163 181 203 222 241 272 282
114 128 150 173 200 209 230 244 261 285
116 130 141 169 190 219 232 246 268 288
113 120 145 179 197 204 228 242 271 292
105 127 149 174 194 210 220 249 269 288
111 126 157 168 182 218 240 257 262 286
105 122 160 175 194 212 225 259 262 295
118 136 160 160 180 219 239 256 263 291
110 123 157 177 181 213 238 240 266 295
120 138 150 163 195 209 234 242 276 293
112 139 155 160 193 204 224 248 266 291
102 127 156 160 182 214 223 258 263 282
107 127 148 177 195 204 234 251 276 292
112 133 140 176 198 208 237 254 280 299
115 129 150 166 189 215 234 254 276 289
119 130 157 167 195 200 228 250 268 281
112 136 155 178 191 218 230 242 265 280
120 138 146 162 200 207 239 251 260 296
116 132 155 166 181 202 229 258 278 281
111 121 149 180 185 207 237 249 265 294
104 137 140 170 195 218 222 241 280 283
120 135 145 160 190 200 224 257 265 290
112 129 145 178 197 213 223 243 273 280
113 124 151 164 196 204 220 257 274 291
110 127 156 175 197 214 234 241 273 297
115 132 151 169 183 201 231 245 280 291
103 122 149 177 197 217 222 259 268 294
101 134 155 174 181 215 238 243 276 296
108 130 143 161 182 200 232 258 272 289
109 126 146 165 196 215 235 253 263 286
114 136 159 172 196 217 226 259 269 288
104 133 152 165 183 214 229 245 263 300
109 124 156 169 181 215 230 250 268 287
104 135 149 171 188 212 224 254 262 296
104 140 153 178 196 203 224 254 268 285
108 140 151 160 188 218 223 248 265 298
102 140 158 167 183 208 220 258 278 288
117 140 147 179 187 205 237 244 264 281
106 130 155 174 187 206 225 255 264 297
112 127 149 171 199 207 237 243 265 296
107 120 142 170 191 211 224 242 260 281
101 128 152 162 194 204 238 250 273 295
102 135 153 160 186 203 220 247 270 290
112 128 159 169 194 214 230 246 273 286
106 140 140 178 190 211 240 253 267 289
120 125 146 166 188 214 223 259 279 299
110 121 144 166 181 214 221 259 262 297
111 132 150 170 192 215 240 253 267 300
117 135 151 164 183 215 220 246 273 293
108 134 145 179 181 216 239 250 272 299
101 131 154 165 194 216 238 258 278 297
109 128 141 166 194 210 225 259 273 297
103 127 157 179 195 208 224 254 268 288
100 129 143 165 189 208 224 256 267 286
120 132 156 164 197 202 231 251 267 287
107 123 149 169 192 212 229 243 276 290
105 131 142 176 197 204 236 242 266 282
107 131 160 160 193 211 233 245 269 287
109 129 159 160 196 210 225 248 275 300
119 131 154 167 189 215 237 253 263 296
113 124 151 176 190 210 236 258 264 293
106 127 143 177 182 201 227 245 261 287
110 124 141 160 187 211 229 256 260 287
120 131 156 175 189 218 227 246 261 280
119 130 143 180 191 214 229 244 270 286
104 132 140 169 199 203 226 243 280 286
101 121 152 162 192 204 224 248 280 298
101 132 143 166 199 217 238 251 273 295
108 139 143 168 187 214 231 258 279 281
103 140 142 170 193 212 235 249 263 287
105 123 156 180 192 208 223 241 262 285
104 137 142 177 184 204 235 258 271 280
113 125 141 169 189 201 232 243 274 284
114 129 155 180 195 210 237 260 270 291
112 128 145 177 195 219 238 257 278 283
115 127 155 180 192 220 225 241 273 293
118 122 159 176 200 214 233 255 264 281
115 135 154 173 180 209 238 246 261 288
109 126 150 178 184 215 231 258 278 288
100 122 151 163 181 207 234 242 260 293
120 120 157 164 196 208 238 258 262 299
101 121 158 175 197 210 229 259 260 288
109 139 149 178 187 200 232 246 274 290
107 122 159 178 185 204 222 253 270 300
102 129 155 164 180 202 239 251 265 297
110 140 142 169 194 205 240 255 266 293
115 131 140 174 200 201 221 249 275 282
116 125 148 167 187 204 233 244 274 296
116 128 145 170 188 209 239 241 274 288
109 128 140 171 182 216 221 243 260 287
104 134 155 165 189 204 220 257 271 289
118 133 156 178 184 204 237 260 262 295
119 133 148 179 196 201 236 240 270 291
115 139 150 164 188 212 227 247 274 285
109 127 156 164 199 202 236 257 271 285
111 122 148 161 187 218 229 256 271 295
107 127 147 176 198 204 236 254 265 293
111 134 150 165 195 220 228 247 263 287
107 127 154 173 185 200 220 258 263 284
112 130 157 170 182 205 234 240 265 287
116 133 144 172 188 207 225 247 273 283
119 122 151 166 198 202 229 252 271 288
114 132 144 178 199 215 233 252 260 298
118 136 155 170 195 217 237 258 260 286
113 134 155 169 191 208 226 259 266 294
104 129 159 178 195 204 237 251 265 284
111 139 149 177 191 214 231 249 277 290
110 121 142 174 180 212 222 241 279 286
102 125 148 170 195 215 240 252 279 282
107 123 143 160 189 206 224 240 275 295
105 122 144 180 198 215 240 252 264 299
114 128 156 169 180 219 237 246 271 288
120 135 150 169 186 202 225 249 270 284
119 129 155 163 185 214 234 247 271 292
109 131 146 171 187 219 237 257 261 289
104 131 141 175 194 200 221 252 263 298
103 127 155 164 195 214 232 241 262 291
113 122 156 176 188 202 237 258 269 300
104 123 156 167 188 201 237 253 268 285
118 130 157 177 188 216 220 258 263 284
114 130 148 168 180 214 225 243 268 292
119 126 142 175 183 209 222 248 264 293
107 140 150 164 199 215 228 251 266 284
109 120 153 177 186 215 238 242 280 290
111 131 142 169 196 200 230 247 269 297
114 131 155 164 181 215 221 258 275 283
115 128 144 162 190 205 227 242 275 295
109 140 150 169 185 201 228 242 275 290
107 125 145 162 185 205 237 241 280 297
113 130 144 177 200 207 220 254 275 280
118 131 155 173 190 203 234 259 271 295
115 128 154 179 183 202 238 249 269 287
114 132 157 168 189 208 228 241 273 292
104 129 160 162 200 210 232 242 274 293
114 136 152 180 186 210 220 251 269 288
118 129 146 168 180 216 229 254 263 300
114 131 148 166 199 212 223 244 268 282
101 139 147 173 185 220 232 255 262 280
101 135 141 173 198 210 226 241 274 281
105 125 156 163 193 205 239 249 280 284
103 138 150 167 182 212 237 248 264 290
117 125 152 174 188 204 239 248 269 298
108 139 154 166 199 211 224 252 277 283
118 128 142 174 182 206 229 247 270 295
118 138 160 160 188 201 223 244 280 290
116 128 154 175 190 207 222 244 276 290
113 131 145 177 196 205 222 260 261 282
109 122 153 166 186 205 223 248 274 285
119 125 143 171 195 204 239 243 271 291
117 133 147 168 191 216 229 242 273 297
104 125 159 171 182 219 227 260 261 288
106 120 158 161 192 211 238 249 278 297
119 138 143 160 189 216 226 259 274 298
107 134 144 179 200 206 221 251 274 300
114 134 149 170 194 204 232 257 264 296
104 129 160 180 200 218 222 242 260 300
100 129 141 173 187 219 222 242 271 288
101 123 155 172 181 211 232 246 272 289
118 137 145 173 198 215 230 247 274 292
105 137 150 177 185 218 238 255 267 288
106 132 148 169 192 203 234 253 267 295
112 129 143 179 191 217 234 241 274 294
102 137 157 177 183 205 234 252 266 300
106 135 159 166 181 217 237 253 263 296
118 139 151 177 196 212 237 256 272 288
110 122 160 180 189 220 222 248 275 290
104 123 156 178 190 214 226 243 275 281
108 126 153 165 186 214 230 247 268 280
117 135 158 177 196 213 228 254 264 283
109 138 150 166 197 208 223 245 269 286
116 133 141 180 184 209 233 245 280 299
117 132 159 171 187 205 223 242 264 297
105 125 160 169 195 201 236 242 278 296
105 124 146 178 192 205 226 241 261 294
105 138 154 162 198 205 234 253 264 287
100 129 157 171 180 218 232 255 265 287
106 128 155 169 194 211 232 260 272 294
105 125 160 174 185 208 227 255 275 285
105 128 144 161 181 212 225 254 274 283
119 140 142 180 183 218 223 251 276 299
109 139 156 169 199 216 222 251 276 300
106 136 148 170 196 208 232 241 279 300
109 129 149 176 180 202 238 249 278 293
118 133 156 177 194 202 227 251 263 281
106 130 141 166 192 208 236 246 275 290
116 123 152 179 188 207 229 241 260 283
117 122 143 160 191 201 234 251 278 288
105 134 141 180 182 216 239 259 270 280
110 130 156 173 180 213 235 249 270 288
110 120 146 177 198 200 224 254 264 292
107 121 150 168 189 213 220 256 261 294
112 137 153 169 187 209 224 253 279 300
111 123 156 177 183 215 235 241 272 299
104 135 157 160 189 212 239 240 279 283
117 122 148 174 185 203 226 244 271 299
101 129 156 164 193 203 231 253 266 284
112 132 152 178 198 220 220 251 278 284
114 137 155 179 196 220 233 260 280 290
115 122 140 177 190 219 238 245 261 298
100 138 152 166 192 215 240 243 271 284
101 126 157 172 194 203 234 247 277 282
108 123 160 163 193 205 237 259 274 294
111 128 150 177 191 215 237 254 275 298
102 123 148 163 183 205 229 242 260 297
109 130 156 161 197 206 235 255 262 280
116 136 151 174 192 214 235 251 268 298
119 135 159 180 192 203 228 257 265 282
114 120 142 175 192 209 231 255 277 282
100 129 158 173 186 204 228 244 266 288
100 131 153 170 192 201 222 254 277 293
119 125 143 173 186 213 237 245 261 293
101 130 154 176 194 201 233 243 265 296
116 137 143 165 197 208 222 254 272 297
118 121 141 162 186 217 238 258 266 291
111 136 155 176 187 219 228 243 272 283
101 121 156 169 182 203 229 245 273 289
112 129 159 180 200 217 235 242 278 292
106 127 140 160 181 206 237 259 272 280
105 131 156 179 186 211 232 246 260 294
100 121 153 170 183 202 225 253 264 281
118 140 151 171 192 207 226 257 273 289
107 137 148 170 189 217 236 250 274 291
115 138 142 177 191 216 235 247 271 299
117 126 143 179 195 211 224 248 278 298
119 136 158 179 183 202 225 254 261 283
105 133 147 165 183 207 234 254 269 285
105 122 156 166 184 216 240 248 275 287
113 129 154 168 180 212 222 250 270 292
102 126 148 171 185 214 237 256 260 287
119 138 149 175 194 211 236 249 266 280
104 128 144 175 183 200 226 244 272 293
101 123 143 171 180 217 231 255 268 280
112 131 153 168 197 219 228 249 272 295
111 137 150 160 186 209 232 250 262 295
3225 4341 4683 5117 5954 6450 7132 7690 8093 9178
4034 4700 5440 6514 7217 7587 8845 9067 10066 10362
5311 6166 6301 8012 8192 9407 10352 10982 12332 13322
3017 3917 4207 4961 5222 5802 6788 7107 7571 8499
1546 1951 2237 2582 2927 3302 3392 3722 3902 4352
3297 4065 4577 5538 5986 6946 7618 8098 8354 9506
3025 3837 4145 4594 5350 5770 6722 6750 7506 8206
1905 1953 2402 2674 2882 3314 3650 3858 4226 4642
3775 4700 5810 6403 7402 7661 8845 9474 10325 10436
1945 2323 2575 3224 3566 3692 4052 4502 4718 5294
2917 3538 4187 4808 4889 5483 6185 6725 7022 7859
3597 4310 4465 5085 5985 6419 7442 8000 8341 9147
2726 3176 3726 4277 4902 5152 5777 6352 6627 7427
2988 3510 4351 5222 5744 5860 6962 7281 7600 8615
3334 3962 4688 5282 6008 6932 7361 8285 9077 9341
3606 4517 4937 6162 6582 7422 7807 8542 9347 9942
5783 6420 7204 8233 9704 10145 11762 12448 13232 14506
1001 1301 1581 1631 1942 2162 2342 2602 2652 2982
1418 1769 2043 2095 2576 2602 3070 3304 3499 3707
3781 4933 5329 6374 6554 7742 7958 9218 9722 10442
2332 2668 3152 3425 3845 4244 4895 5063 5882 6071
3457 4417 4769 5346 6274 6626 7682 7970 8578 9314
5832 6714 7155 7891 9018 10635 11076 11958 13379 14310
1509 1639 1964 2290 2576 2732 3018 3304 3447 3863
4081 4921 5842 6562 7442 8282 8962 10282 11002 12002
5251 6301 7001 8352 9002 10702 11702 12952 13652 14652
1801 2521 2521 3098 3548 3638 4142 4682 4844 5330
5783 6469 7596 8577 8969 10194 11419 12350 13722 14212
4761 5041 6122 6722 7642 8082 9002 10002 11162 11202
3901 4876 5656 6944 7178 8582 9362 9440 10649 11195
1873 2241 2257 2754 3074 3506 3522 3938 4274 4610
3886 4446 5496 6197 6512 7597 8157 8542 9697 9802
3775 4737 5182 6329 6884 7624 8475 9437 9770 10991
1261 1669 1741 2030 2198 2582 2702 3014 3170 3578
1261 1633 1753 2018 2402 2510 2798 3002 3122 3470
1561 1808 1860 2134 2537 2654 2927 3200 3642 3707
5146 6175 7793 8479 9116 10047 11370 11909 13428 13967
1756 1906 2387 2507 2822 3017 3392 3902 3977 4232
2726 3001 3652 4277 4702 5277 5827 6127 6702 7077
3349 3845 4403 5551 6140 6419 6853 7783 8093 9271
2521 2794 3151 3425 3992 4538 4958 5336 5483 5924
2347 2945 3590 3820 4556 4740 5476 5683 6051 6534
3721 4310 4527 5582 5985 6326 6853 7969 8434 9240
3481 3721 4352 4892 5702 6452 6842 7262 7982 8432
3639 4761 4829 5646 6666 7210 7822 8264 9488 10134
1457 1639 1834 2251 2576 2732 3031 3200 3577 3811
1145 1475 1618 1849 2136 2400 2620 2829 3038 3214
2776 3351 3751 4427 4952 5252 5852 6102 6827 7227
1527 1696 1990 2312 2536 2802 3082 3628 3684 4076
5451 6151 7501 8902 9352 10702 11102 12952 13852 14302
1977 2452 2871 3232 3498 3916 4239 4581 5303 5398
3664 4423 5149 5777 6602 6767 7295 8285 8978 9440
3571 3931 4381 5072 5582 6422 6962 7712 8042 8462
2619 2817 3346 3698 4226 4512 4974 5282 6074 6316
3541 4081 4502 5222 5432 6242 6842 7532 8132 8402
1945 2161 2828 3224 3386 3638 4160 4664 4772 5222
3481 3771 4061 5106 5280 5976 6933 7107 7832 8122
5151 6751 7351 8852 9602 10452 11652 12502 13102 14902
3305 3501 3921 4650 5070 5854 6722 7170 7814 8094
2676 3101 4002 4127 4627 5252 5552 6227 7002 7327
5061 6029 7041 7349 8626 8846 10386 11442 11574 12674
3915 5169 6081 6842 6994 8362 8438 9312 10604 11288
4681 6077 6572 7652 8417 9092 10487 10802 11792 12737
4182 4737 5330 5922 6921 7920 8438 8956 9659 10769
2024 2347 2602 2789 3283 3436 3929 4320 4626 4949
3781 4933 5113 6266 6842 7850 8282 9110 9758 10586
1299 1398 1707 1850 2114 2279 2422 2675 2917 3104
2449 2929 3674 3962 4418 5090 5642 6146 6482 6938
1927 2359 2629 3044 3566 3782 4304 4520 4970 5186
4634 5372 6110 7259 8161 8571 9555 10621 10867 11482
3923 4663 5700 6107 7217 7920 8697 9400 9770 10436
5356 5806 6526 8057 8597 9677 10172 11387 12332 13457
2164 2585 3005 3404 3824 4349 4958 5378 5504 5924
2783 3303 3668 4604 4890 5644 6008 6242 6788 7490
5030 5782 7521 8462 9402 9919 10812 11940 12692 13162
1101 1497 1574 1872 2092 2400 2620 2730 3016 3148
4537 5713 6427 7310 7688 8444 9998 10208 11300 12602
3214 3322 4078 4376 5348 5537 6428 6914 7211 7562
2689 3122 3482 3890 4514 4826 5426 5882 6290 6914
2122 2689 3026 3740 4139 4496 4685 5084 5672 6050
4645 5505 6365 7441 8387 8774 9935 10752 11440 12773
3297 4289 4673 5698 6114 6818 7682 7682 8834 9538
1681 1801 2117 2582 2792 3032 3377 3707 4142 4442
3889 5041 5221 6050 6950 7418 8498 9326 9470 10730
2141 2401 2902 3462 3682 4282 4622 5142 5242 5782
4716 5085 6275 6562 7997 8243 9350 9842 10908 12097
4177 5005 5617 6409 7202 7670 8174 9362 9830 10226
1233 1387 1728 1816 2180 2290 2510 2796 3082 3269
2243 2452 2928 3422 3688 3897 4239 4619 5170 5322
3001 3426 3976 4502 4527 5027 5952 6102 6677 7402
3433 4588 5182 5447 6338 6998 7691 8351 8780 9737
1601 1938 2386 2770 2882 3330 3522 3842 4162 4514
4969 6349 7362 7408 8374 9386 10490 11134 12054 13802
1357 1477 1801 2054 2378 2546 2774 3026 3362 3506
5425 6625 6865 8306 8930 9938 10610 12338 12722 14402
3886 4551 5391 6197 6932 7142 7947 8892 9592 9907
2262 2661 2908 3137 3612 4049 4277 4790 5056 5417
1379 1756 1977 2237 2602 2836 2914 3291 3577 3837
2913 3537 4109 4655 5150 5488 5982 6658 6996 7698
5221 5941 6931 7922 8507 9407 9902 11342 12332 13502
2053 2377 2882 3062 3422 3656 4268 4628 4754 5060
3849 5070 5181 6551 7069 7920 8586 8882 10362 10695
2508 2968 3636 4050 4326 4602 5062 5614 6373 6787
4105 5041 5401 6014 6626 7922 8354 8786 9794 10550
1621 2057 2207 2612 2747 3182 3302 3632 3932 4337
1249 1454 1874 1958 2162 2498 2654 2882 3158 3458
2289 2883 3412 3742 4182 4490 4864 5414 6030 6580
2761 3313 3506 3866 4370 5282 5330 5930 6530 6842
1535 1808 1873 2264 2381 2849 3096 3265 3551 3733
3132 4000 4652 5520 6109 6636 7380 7442 8062 8930
3481 3568 4090 5106 5396 6208 6962 7078 7687 8325
3394 3568 4613 4932 5338 6034 6411 7339 8064 8180
2241 2581 3202 3362 3922 4302 4422 5162 5362 5642
4401 5361 6162 6402 7762 8602 9282 9682 11082 11322
4621 6029 6205 7482 8714 9286 10298 10958 11706 12542
4645 6021 6838 7269 8473 9204 9806 10322 11655 12300
3911 4149 4898 5748 6462 7074 7754 8400 8910 9556
2646 3152 3267 4072 4579 5062 5453 5706 6419 6833
4591 5446 6662 7877 8282 9587 10082 11612 11792 13007
4591 5446 6662 7877 8192 9047 10667 11027 11927 12647
3601 4898 5114 6374 6590 7310 8102 9218 9614 10226
4831 6441 6763 8190 8880 9616 10720 11502 12790 13112
4321 5081 6082 6882 8002 8402 9042 10082 10562 11202
3961 4861 5185 6338 6554 7238 8282 9254 10046 10766
3075 3887 4468 4700 5454 6092 6498 7223 7745 8702
3961 4754 5222 5834 6482 7886 8246 8642 9578 10226
4306 5741 6438 7259 7956 8366 9555 10211 10744 11851
4067 5245 5892 6082 6918 8096 8894 9122 10528 11136
4219 4675 6044 6614 7450 8134 8438 9122 10148 11288
3877 4523 4931 5951 6564 7074 8128 8638 9318 10202
3886 4552 5847 6514 7106 7402 8734 9474 10362 10584
2341 2481 2821 3522 3622 4162 4522 5202 5422 5822
2577 3198 3681 3889 4487 4878 5177 5637 6258 6603
1981 2287 2810 2990 3260 3908 4142 4376 4844 5294
2576 3376 3926 4152 4927 5352 5827 6377 6502 7227
2809 3700 4024 4619 5078 5699 6050 7022 7292 7643
4306 5208 6561 7176 8079 8858 9842 10293 11236 12138
2751 3051 3951 4176 4927 5077 5977 6402 6777 7502
3601 3931 4801 4831 5402 6602 7202 7442 8012 8552
3536 4726 5182 6057 6302 7317 8402 8822 9277 9977
5237 5545 6821 7261 8670 9594 10562 10562 12190 12586
1369 1585 1837 2090 2174 2594 2690 2882 3266 3602
2465 2927 3390 3786 4094 4600 4930 5304 6008 6470
5641 5923 7287 7757 9355 9825 10906 11517 12504 13444
1301 1795 1965 2121 2485 2797 3083 3161 3577 3694
4485 4561 5854 6386 6994 7906 8362 9426 10376 11288
1583 1765 2158 2354 2620 2830 3222 3376 3880 4174
3025 3613 4145 4930 5294 5938 6442 7142 7646 7982
2497 2881 3482 3866 4418 5114 5642 6098 6410 6794
5701 7001 7201 8952 9302 10152 11752 12552 13302 14002
4999 5587 6427 7268 7562 9242 9368 10502 11006 12224
5329 6001 7537 8354 9074 10082 11426 12146 13442 13538
2689 2881 3673 4202 4802 4994 5474 6170 6338 7154
5617 6577 7537 8642 9122 9650 11330 11714 12914 14306
1990 2228 2381 2841 3147 3657 3776 4116 4762 5068
2951 3201 3751 4402 5002 5027 5602 6227 6627 7477
1266 1508 1728 1882 2147 2389 2576 2840 3071 3082
2007 2262 2705 2875 3096 3402 4031 4201 4422 4898
5429 6257 6947 7500 8328 9294 10490 11594 12468 13710
2072 2490 2814 3308 3707 4030 4239 4676 4942 5398
1667 1947 2129 2521 2745 2914 3348 3600 3922 4020
4693 5567 6488 7546 9110 9938 10398 11272 12698 12928
2553 2993 3279 3873 4292 4578 5128 5656 6074 6360
3211 4081 4471 5132 5912 6242 6812 7532 7922 8822
3566 4279 4403 5055 5799 6791 7163 7535 8434 8775
4213 4537 5365 5762 6806 7526 8390 9218 9578 10622
4369 5149 5734 6983 7022 8582 8972 9518 10805 11234
4224 5741 5782 6726 8120 9022 9637 10006 10785 11646
2167 2281 2661 3346 3593 4030 4334 4657 5322 5493
2569 3265 3793 4298 4562 5234 5570 6050 6458 6962
2485 3129 3337 3751 4257 4947 5154 5913 6166 6626
1901 2547 2851 3232 3783 4030 4201 4942 5037 5569
2715 3014 3658 3865 4441 4947 5476 5660 6143 6764
4285 5503 6511 7394 8234 9032 9746 10292 11216 12350
3025 3613 4481 4958 5434 6162 6386 7030 7366 8038
1225 1670 1922 1934 2210 2462 2726 2942 3290 3386
2439 3014 3405 4004 4464 4832 5246 5982 6166 6603
2809 3511 4162 4578 4708 5202 5774 6762 7048 7568
1939 2211 2722 2960 3181 3487 3861 4082 4660 4813
5665 5857 7681 8210 9218 10034 11474 11762 13298 13682
1417 1561 1885 2005 2342 2558 2738 3038 3326 3398
5521 5659 6810 7914 9156 9294 10674 11824 12008 12882
1516 2056 2116 2702 2927 3197 3422 3752 3977 4232
4817 5720 6280 6882 8473 9419 9634 10580 11698 12085
1483 1743 1847 2225 2459 2823 3018 3239 3525 3837
2601 3401 3702 4052 4802 5202 5627 6377 6527 7202
3473 4186 4652 5148 5985 6264 6822 7597 8558 9023
2101 2920 3320 3383 3887 4265 4832 5336 5609 6134
2245 2795 3191 3654 4006 4710 5282 5568 6052 6558
1061 1401 1462 1742 1822 2112 2312 2422 2722 2872
3451 4051 4351 5372 5672 6452 6812 7352 7832 8762
3862 4588 4621 5810 6503 6602 7889 8120 9077 9308
4636 5536 6706 7967 9002 9092 10307 11702 11927 13367
2370 3060 3429 4050 4280 4832 5269 5729 5982 6580
3104 3626 4322 4990 5483 6121 6701 7484 7832 8470
4489 6117 6469 7306 8142 9638 10166 11222 12014 13070
2101 2741 3041 3361 3882 4162 4682 5102 5402 6002
3201 4001 4705 5762 6210 6818 7618 7970 8482 9122
1625 1807 2046 2270 2536 2942 3124 3600 3712 3964
3278 3481 4381 4642 5773 6150 6875 7078 7658 8267
2245 2707 3192 3962 4204 4468 4842 5502 5898 6360
4801 5241 5681 6442 7642 8682 9602 9722 10442 11842
2473 3289 3529 4298 4346 5210 5642 5834 6722 7106
2531 2795 3324 3588 4094 4534 4974 5458 6008 6294
2071 2395 2539 3044 3278 3962 4268 4574 4844 5294
1081 1282 1412 1612 1952 2022 2272 2422 2642 2872
1561 1795 1925 2224 2355 2771 3005 3356 3538 3798
2551 3326 3627 4352 4877 5277 5502 6077 6727 7302
2991 3173 3927 4266 5072 5644 5930 6554 7282 7412
4430 5505 6236 7527 8000 9419 10064 11182 11483 12902
2393 3175 3636 3866 4188 4694 5154 5729 6442 6787
3053 3389 4313 5014 5462 6106 6218 7226 7674 7982
3649 4097 5090 5442 5922 6498 7458 8034 8514 9218
2281 2721 3081 3342 3602 4382 4542 5022 5302 5962
2726 3376 3952 4227 4677 5302 5902 6477 6502 7052
4219 5131 5663 6462 7184 7906 8970 9312 10300 11326
3606 4516 5182 5952 6512 7247 7807 8612 9382 10187
1499 1877 2045 2396 2802 3082 3096 3376 3810 3936
4795 5688 7287 7710 8885 10060 10671 11329 12786 13961
2370 2922 3382 3866 4257 5062 5338 5936 6281 6488
5077 6393 7381 7616 8462 9919 11000 11752 12457 13444
5124 6158 7098 8086 9026 9590 11235 12034 12974 13303
1855 2485 2647 2990 3566 3908 3998 4538 4718 5276
3081 3865 4426 4538 5098 5854 6218 7002 7618 7842
1793 2241 2481 2690 2946 3234 3666 4162 4434 4578
3991 4551 5007 5952 6302 7352 7912 8822 9137 9977
4131 4376 4972 5707 6722 7492 7912 8717 9172 10117
1786 1966 2296 2567 2912 3092 3422 3617 4202 4232
3745 4161 4673 5186 6018 7010 7522 8098 8770 9186
4516 5892 6666 7226 7742 9376 10064 10451 11999 12343
1939 2471 2852 3137 3745 3897 4182 4676 5151 5493
2669 3221 3382 3912 4280 5062 5062 5844 6074 6580
1401 1919 2241 2283 2648 2998 3334 3642 3880 3936
3435 4659 5305 5714 6292 7448 8060 8400 9318 9658
2531 2927 3301 3852 3962 4600 4996 5392 5942 6558
2243 2471 3042 3080 3688 4087 4220 4695 5094 5550
3433 4225 5018 5645 5942 6701 7757 8450 8846 9605
3214 3349 3998 4430 5051 5915 6239 6509 7157 7697
3829 4060 5282 5678 6503 7097 7328 7988 8846 9605
3886 4885 5403 6181 7143 7624 8771 9141 9918 10917
3361 3501 4005 4958 5294 5714 6190 7030 7842 8150
1237 1657 1681 2162 2402 2486 2738 2882 3314 3542
4989 6021 6624 7398 7957 8731 9505 10795 11311 12472
3639 4081 5169 6122 6666 7244 7856 8842 8978 9658
5356 5491 6437 8057 8192 9227 10262 11477 11927 12782
3617 3873 4898 5538 5858 6850 7202 7746 8962 9186
3305 3809 4229 4846 5070 6050 6414 7226 7618 7898
2737 3241 3626 4082 4514 4898 5642 5906 6290 6842
3132 3877 4342 4993 5954 6295 7070 7597 8155 9147
3271 4171 4651 5372 5732 6482 6602 7502 8072 8522
2689 3193 3553 4153 4658 5210 5594 6050 6674 7034
4789 5797 6301 7057 8360 8990 9872 10334 11552 12350
2782 3565 4214 4376 5078 5753 6185 6806 7427 7859
4816 5806 6841 7696 8687 9632 10757 11657 11837 13367
5312 5782 7052 7710 9214 10060 11282 11893 12316 13209
4516 5892 6838 6967 8344 8946 10322 10838 11870 12429
1443 1961 2171 2270 2718 3054 3320 3488 3712 3992
2785 3025 3769 4153 4633 5162 5762 6242 6674 7106
2755 3754 4295 4430 5078 5510 6239 6752 7373 7778
4330 4922 5440 6033 7328 7439 8327 9363 10325 10917
3991 5246 5474 6576 6956 7830 8742 9236 10490 10642
2439 2899 3406 3820 4211 4993 5407 5660 6120 6626
1548 1652 2017 2173 2342 2615 3122 3330 3525 3694
4705 5167 6722 6848 7688 9032 9536 10838 11678 11972
3532 4390 4918 5282 6536 6767 7856 8120 9044 9671
2041 2313 2585 2874 3215 3725 3997 4167 4609 4864
5881 6518 7400 8430 9655 10194 11566 12546 12840 14016
3673 4465 5041 6266 7058 7490 8102 9290 10010 10370
5195 6861 7302 7842 9263 10047 11713 12742 13722 13820
2782 3403 3890 4457 5321 5834 6131 6968 7157 7616
4401 5121 6242 6402 8002 8202 8842 9962 10682 11762
3649 4289 5089 5537 6338 6978 7682 7938 8898 9282
4166 4201 5497 5637 6757 7177 8122 8507 9487 10327
2143 2161 2665 3170 3548 3818 4250 4430 4808 5348
4057 5344 5578 6983 7529 8192 8855 9830 10142 11546
5641 6158 7287 7569 9402 9402 10436 11423 13021 13679
3997 4429 5078 5762 7202 7202 8102 8966 9686 10226
2731 3251 4084 4630 4734 5436 5800 6476 6996 7568
4579 5545 6721 7520 8402 8612 9536 10796 11636 11804
3241 3931 4531 5402 6002 6542 6722 7592 8102 8642
1417 1489 1754 2030 2234 2486 2654 3002 3122 3530
2021 2682 3162 3342 3602 4062 4542 5022 5322 5622
1531 1891 2237 2597 2927 3107 3317 3857 3932 4457
5453 6111 7286 8321 9355 9966 11094 11611 12833 13162
4636 5446 7111 8057 8327 9227 10802 11387 12062 13457
3301 4291 4787 5513 6338 6602 7394 8450 8912 9440
4688 5204 6581 7613 8000 9032 9978 10322 11741 12687
5161 5935 6537 7527 7914 8860 9763 10666 11698 12085
4330 4993 6047 6749 7412 8231 8972 9947 10337 11000
4663 5797 5881 7058 7898 9200 9494 10082 11048 12308
3843 4183 5238 5646 6190 7142 7686 8740 9386 9590
2913 3303 4058 4422 4994 5462 6138 6502 6996 7282
1483 1561 2055 2316 2433 2706 3031 3226 3616 3759
3605 4149 4966 5884 6190 6972 7890 8332 9386 10134
5489 6175 7400 8724 9067 10243 11615 12350 13232 14653
3781 4236 5147 6162 6302 7422 8297 8717 9172 10047
4774 5634 6194 7613 7871 9290 9462 10795 11268 12171
2437 2794 2941 3425 3845 4412 4832 5336 5756 6239
2509 2685 3302 3830 4160 4820 4886 5326 5722 6184
4177 4501 5293 6338 6770 7454 8498 9038 9794 10766
3307 3684 4294 4642 5280 6266 6759 7165 7803 8557
2041 2279 2551 2960 3113 3674 3810 4388 4558 4966
4486 5344 5578 6281 7607 7958 9323 9869 10298 10922
4757 5290 6561 7177 7382 8940 9186 10375 11359 11728
4033 4573 5077 6302 6518 7310 7922 9218 10082 10514
1801 1816 2176 2567 2882 3272 3392 3857 3902 4457
3565 4093 5216 5909 5942 7097 7856 7955 9077 9506
5701 6001 7051 8752 9002 10302 11802 12402 13902 14552
2761 2929 3362 3938 4682 5042 5282 6002 6626 6866
3777 4161 4801 5473 6210 6594 7394 8066 8930 9474
3601 4573 5258 6446 6698 7922 8246 8642 9542 10154
1726 1981 2191 2701 2807 3227 3557 3842 4127 4457
4880 5536 6069 6643 7669 8817 9842 9965 11154 12097
4929 5765 6689 7834 8494 9418 10122 11310 12146 12410
4057 5266 5461 6476 7802 8348 8582 9518 10649 11702
4501 6301 7112 8102 8417 9092 10442 10982 12377 12917
4495 5419 6427 7352 8066 8654 9578 10838 11048 12308
2597 2663 3346 3654 4050 4512 4930 5634 5722 6470
4693 6119 6441 7730 8880 10030 10122 11870 12652 13664
2399 3081 3522 3632 3962 4424 5128 5722 5898 6272
4798 5413 6438 7217 7833 9022 9719 10129 10785 11933
3605 4353 5305 5578 6700 7142 7856 8502 9114 10168
5041 5335 6470 7520 7940 8528 9662 10502 10922 11888
4101 5290 6357 6562 7628 8284 9555 10580 10826 12056
3628 4186 4961 5333 5923 6512 7287 7814 8062 9116
3221 3473 4453 4930 5070 5826 6694 6918 7730 8178
1200 1519 1685 1894 2070 2213 2477 2741 2983 3137
3256 4217 4899 5303 5613 6760 7256 7690 8434 8992
1457 1821 2030 2108 2524 2693 2875 3252 3499 3707
2401 3001 3745 4010 4682 5114 5738 6218 6386 6842
3711 4691 5462 6022 6932 7387 7702 8962 9207 9977
5291 6303 6487 7407 8420 10122 10858 11962 12652 13158
1457 1765 2214 2522 2592 2802 3110 3586 3852 4132
3329 4001 5090 5154 6338 6466 7554 8194 8514 9314
5406 6299 7287 8086 8462 10342 10718 11423 12551 13162
4408 4993 5578 6398 7724 8582 8777 9986 10337 11039
4213 4825 5653 6122 7130 7202 8606 8678 9614 10694
5651 6751 8001 8852 9702 10352 11702 12702 13602 14152
5233 6289 7585 8642 9026 10082 11186 11906 12914 14402
3233 4353 4642 5442 5954 6914 7586 7746 8354 9282
2121 2641 3022 3402 3942 4382 4662 4842 5202 5722
1939 2126 2653 3045 3232 3470 3878 4422 4660 4881
3921 4691 5181 6162 6302 7527 7807 8857 9732 10467
4161 5321 5962 6802 7722 8122 8802 9722 11082 11722
3628 4186 4527 5489 5706 6667 7349 7907 8186 8837
2361 2601 2801 3322 3942 4182 4622 4822 5442 5802
4285 5545 6007 7436 7646 8528 10082 10502 11132 12476
2601 3326 3876 4327 4727 5077 5802 6427 7002 7002
3367 3961 5117 5579 6371 6734 7394 8219 9143 9572
4161 5001 5842 6402 7282 8682 9482 9722 11002 11522
2991 3199 3693 4344 5098 5254 6242 6424 6892 7698
2951 3026 3601 4151 4852 5502 5927 6277 6952 7477
2361 2721 3061 3361 4002 4062 4782 5042 5322 5802
4817 5591 6409 7527 8000 9161 9720 10967 11268 12257
1745 2129 2434 2594 3010 3378 3586 3858 4466 4722
2988 4032 4090 5193 5483 6150 6643 7136 7861 8470
1891 2305 2846 2882 3404 3854 4286 4538 4808 5078
2776 3251 3951 4477 4977 5327 5902 6052 6827 7252
1191 1221 1492 1602 1822 2002 2352 2472 2762 2862
4726 6211 6706 7831 8957 9857 10622 11387 12332 13367
4018 5383 5579 6827 7178 7880 9050 9596 10766 11039
1134 1531 1597 1861 2048 2422 2521 2653 2884 3126
1171 1371 1431 1722 1852 2022 2242 2522 2622 2982
4408 4837 5618 6281 7061 8192 8777 9518 10337 11702
1299 1365 1685 1839 2037 2224 2598 2862 2884 3126
4889 6346 7474 7615 8791 9778 11282 12222 12927 13820
5124 5688 6911 8180 8603 9966 10953 11611 12504 13491
1681 1779 2017 2270 2690 3054 3222 3404 3740 4048
1956 2194 2721 2857 3317 3572 3963 4405 4558 5000
3991 4411 5567 5602 6967 7002 7877 8402 9312 9907
4321 4753 5329 6446 6554 7562 8354 8822 9614 10622
1156 1542 1564 1762 2158 2246 2543 2664 2862 3258
4327 5713 6092 6974 7982 9200 9578 10250 11342 11930
2224 2300 2775 3289 3745 4030 4258 4638 5322 5493
3451 4051 4562 5102 5552 6362 7022 7232 8072 8462
5281 5941 6778 7262 8274 9418 9946 10562 11486 13114
4601 4841 6001 6402 7922 8322 9122 10202 11122 11882
5107 5751 7316 8236 9202 9340 10214 11088 12836 12882
1167 1332 1718 1927 2169 2268 2477 2697 2873 3170
4183 5455 5906 6808 8079 8366 9678 10006 10703 11482
2024 2364 2670 2994 3079 3538 3827 4320 4694 4830
1546 1831 2326 2702 2852 3287 3332 3797 4172 4367
1921 2033 2369 2577 3154 3234 3810 4050 4482 4626
5030 5876 7098 8462 9402 9731 10906 12034 12974 13350
1134 1398 1552 1773 2180 2334 2609 2785 2917 3225
1769 2109 2569 2773 3130 3691 3963 4167 4711 4966
2041 2279 2568 2772 3368 3589 3810 4235 4745 4864
2143 2710 3026 3383 3887 4454 4811 5252 5777 6134
5734 6518 7743 8234 9165 9900 11370 12693 13379 13869
5359 6581 6816 8133 8791 9778 10859 11752 12222 13350
3877 4149 5340 6020 6530 7312 7890 8162 9012 9760
3816 4306 5392 5707 6407 7702 7947 8402 9452 10397
1321 1376 1564 1883 2070 2367 2543 2675 2906 3148
3365 3539 4322 4874 5483 6208 6846 7194 8122 8354
3713 4161 4673 5506 6082 6722 7650 7906 8386 9090
3816 4586 5392 6092 6407 7212 7877 8787 9102 10292
5832 6126 7057 8724 9067 10243 11468 11958 12987 14065
4795 6158 6581 8415 8509 10201 11094 11705 12316 13679
2861 3511 3668 4292 4786 5436 5852 6710 7152 7334
5041 6166 6886 7381 9002 9722 10712 11477 11927 13457
5473 6673 6817 7730 8978 9986 10850 12194 13154 14354
3504 4062 4775 5489 5582 6636 7349 7969 8465 8899
1531 1891 2357 2432 2717 3272 3467 3842 3932 4472
2261 2501 3061 3322 3962 4262 4762 4962 5462 5702
3278 3916 4264 4729 5773 6324 6382 7455 7542 8325
4141 4537 5077 5762 7094 7562 8390 8678 9686 10802
3504 4248 4961 5117 5892 6419 7163 7814 8465 8806
3571 3841 4561 5222 5792 6452 7172 7292 7862 8972
5881 6665 7596 8086 9116 10635 11370 12252 13477 14457
3809 4129 4833 5345 6242 6946 7618 8258 8322 9410
5391 6175 7401 7940 9508 10341 10929 12154 12791 14065
3043 3121 3798 4526 4968 5696 5774 6242 7256 7282
3877 5208 5740 6196 7070 7716 8514 9388 9920 11326
1597 1765 2158 2340 2564 2984 3166 3544 3838 3950
3681 4193 5090 5282 6242 6754 7138 7906 8834 9154
3225 3938 4962 5179 5768 6450 7194 8000 8124 9147
4281 5161 6042 6642 7402 8122 9522 9922 11122 11562
2545 3121 3530 3962 4442 4922 5522 5786 6650 6866
1927 2341 2756 3170 3296 3620 3998 4556 4808 5402
4873 5251 6386 6974 8150 8948 9410 10754 11258 11930
2401 2561 3082 3422 3982 4002 4402 4842 5302 5602
4989 6021 6064 7570 7785 8645 10107 10924 11870 12257
3676 4796 5427 5952 6862 7037 8227 8997 9207 9837
4739 6211 6764 7914 8558 9478 10214 11502 12008 13756
4367 4663 5440 6588 7106 7698 8438 9548 9622 10399
2997 3529 4314 4482 5070 5686 6330 7086 7534 8094
2809 3673 4267 4781 5159 5618 5996 6995 7400 7589
3435 4353 5136 5612 6462 6870 8060 8740 9182 9930
5301 6601 7052 8752 9652 10502 11002 12402 13452 14152
3053 3837 4201 5014 5434 5714 6246 7198 7842 8318
3318 3907 4527 5396 5985 6667 6946 8000 8465 9302
1081 1241 1502 1752 1802 2092 2312 2472 2792 2812
3249 3917 4091 4671 5425 5918 6875 6991 7658 8180
2186 2395 2908 3365 3593 4163 4410 4809 5227 5531
2576 3426 3626 4151 4652 5427 5977 6502 6927 7377
4817 5333 6752 7226 7914 8688 10236 11182 11827 12386
4636 6166 6661 7741 9002 9722 10757 10847 12332 13277
5351 6502 7052 8502 9102 10002 11152 12102 13952 14702
1909 2215 2575 3224 3404 3962 4250 4448 4736 5168
3738 4663 5663 6033 7143 8142 8512 9400 9770 10547
2521 2836 3277 3760 4076 4538 4748 5441 5672 6113
2425 3193 3386 4154 4682 5162 5282 6170 6290 6770
1653 1723 2031 2326 2704 3054 3320 3446 3656 4174
3160 3376 4322 4376 5024 5591 5942 7022 7076 8021
1134 1332 1695 1894 2191 2367 2609 2708 3082 3192
3121 4111 4321 5402 5582 6272 7052 7712 8132 8792
3061 3871 4501 5252 5582 6332 7142 7412 8162 8732
1761 2002 2322 2642 3154 3282 3522 3874 4162 4610
1091 1231 1512 1752 1832 2182 2232 2452 2792 2832
5601 6801 7001 9002 9652 10302 11402 13002 13452 14452
3571 4761 4901 5672 6897 7177 7842 8997 9452 10327
3925 4753 5546 5978 6950 7526 7994 9110 9542 10082
5137 6049 7298 8642 8642 10418 11042 12146 12962 13586
4785 5843 7132 8236 8512 9938 10444 11180 12560 13066
2072 2548 2719 3042 3460 4125 4277 4733 5056 5417
3133 3511 3889 4430 5132 5537 5942 7022 7319 7967
4801 5321 6321 6562 7722 8562 9242 9642 10882 11322
4001 5282 5762 7042 7962 8162 8842 9802 10802 11202
3193 3781 4005 4846 5350 5826 6274 6834 7702 8010
3763 4423 5018 5315 6338 6998 7658 8318 8780 9374
3361 3969 5058 5666 6082 6914 7522 7714 8802 9154
3991 5093 5397 6766 7564 7716 8476 9426 10300 11402
1345 1633 1837 1982 2186 2450 2834 3050 3278 3482
3091 3811 4532 4922 5852 6452 6662 7232 8282 8972
2959 3742 4177 5164 5222 6150 6933 7397 7687 8354
4257 4827 5588 6804 6994 7868 9046 9160 9958 10680
1101 1354 1597 1960 2202 2323 2510 2708 2884 3115
2421 3016 3170 3522 4204 4446 4908 5370 5722 6338
1909 2269 2719 3188 3350 3746 3998 4682 5042 5240
1369 1633 1909 1921 2222 2522 2702 3074 3350 3578
3442 4310 4372 5582 6171 6264 7163 7845 8279 8713
1340 1666 1900 2082 2459 2654 3122 3174 3395 3759
4481 5361 5601 7082 7762 8802 8802 10202 10562 11762
4201 4201 5601 5846 6757 7492 8402 9102 9487 10047
3763 4324 5018 5612 6338 6767 7823 8087 8978 9275
4945 6721 7201 7874 9026 9842 11138 11906 13058 14354
2001 2581 3162 3462 3702 4242 4742 5182 5202 5722
1606 1906 2327 2447 2867 3287 3557 3797 3917 4217
1901 2547 2718 3403 3422 3840 4562 4828 5284 5664
3961 4861 5582 6158 6698 7454 8174 8750 9650 10802
2035 2413 2755 3133 3440 3854 4070 4538 5006 5294
3991 5169 5321 6157 7450 8172 9084 9768 10148 11288
3301 4060 5117 5876 6404 6800 7460 8087 9209 9341
5051 6552 7352 8102 9402 10002 11502 12252 13602 14152
2951 3376 3801 4452 4852 5477 5552 6002 6977 7077
3499 4258 4918 5347 6602 7130 7856 8483 8714 9803
2969 3613 3978 4510 5602 6134 6666 6834 7394 7926
3697 4126 5051 5381 6470 7262 7493 7955 8648 9242
3133 3700 4132 4376 5078 5456 6293 6860 7535 7562
3451 3691 4352 5222 5642 6512 6602 7292 7982 8552
1310 1431 1574 1981 2103 2411 2521 2796 3049 3247
3249 3641 4146 4678 5098 5658 6302 7254 7338 7926
5342 5931 6911 8234 8871 10194 11125 11811 12840 14065
1441 1657 1681 2066 2390 2450 2882 2954 3266 3374
4647 6212 6442 7776 8604 9432 10306 11318 12514 12928
2857 3073 3481 4058 4514 5162 5546 6026 6626 6794
1441 1537 1897 1969 2234 2426 2870 3122 3326 3410
1888 2262 2721 2738 3385 3725 3776 4320 4473 5000
2601 3199 4006 4266 4890 5332 6216 6632 7074 7360
1277 1431 1717 1949 2125 2400 2609 2840 2906 3093
4945 6289 6769 8642 8690 10562 10754 12434 13346 14258
4441 5121 5921 6882 7562 8402 9522 9882 11082 11962
3535 3969 4496 5396 5613 6636 7132 7473 8558 9116
3796 4324 5116 5810 6437 6701 7526 8417 8780 9374
2569 3073 3697 4130 4442 5090 5498 6170 6674 6794
1745 2241 2273 2689 3170 3474 3650 3954 4482 4690
2395 2857 3109 3593 3887 4328 4727 5231 5735 6176
4861 5401 6752 7967 8327 9812 10487 10847 12512 12872
3241 3241 4187 4565 5402 5672 6077 6482 7184 7724
1963 2503 2593 3079 3566 3962 4286 4538 5006 5114
4546 5941 6886 8057 8462 9362 10667 11297 12107 13502
2593 3121 3553 4130 4442 5114 5570 5882 6314 7202
4647 5751 6487 8236 9202 9662 10444 11824 12054 13296
2835 3199 3901 4682 5150 5410 5930 6346 7074 7464
1516 2027 2312 2537 2837 3302 3317 3677 3902 4232
4621 5420 6092 6974 7646 8528 9284 10250 11090 12266
1576 1816 2386 2582 2852 3302 3542 3842 4022 4277
4798 4962 6152 6931 7710 8243 9063 10416 10990 11687
4034 4589 5626 5922 7032 7772 8253 9215 9844 11102
4621 5671 6428 6806 8318 8780 9368 10292 11216 11972
2715 2968 3428 3958 4418 4602 5384 5844 6235 6741
1713 2049 2273 2658 3074 3346 3714 4146 4370 4482
1101 1271 1582 1632 1852 2032 2302 2552 2782 2902
3334 4391 4688 5315 6404 6767 7427 8351 9044 9341
4177 4753 5761 6265 7022 7670 8426 9146 9578 10622
3241 3751 4351 4921 5972 6602 6962 7802 8192 8732
3225 3938 4714 5520 5954 6698 7039 7597 8124 8775
4983 6487 7051 7851 8603 9637 10859 11470 13068 13914
3877 4489 5271 6019 6496 7448 7652 8842 9420 10032
1777 1937 2434 2578 2946 3522 3618 4082 4354 4594
4067 4941 6043 6614 7602 8362 8628 9578 9882 10718
3862 4490 5117 5282 6206 6866 7262 7988 8615 9506
3585 3905 4801 5634 6146 6914 7458 8034 8322 9474
2185 2857 3088 3740 3824 4517 4853 5336 5462 6155
2597 2729 3191 3918 3962 4534 4996 5480 6118 6294
3017 3887 4612 5192 5744 6353 6614 7223 7716 8615
2521 2941 2983 3383 3908 4328 4874 5273 5630 6176
2185 2605 2984 3467 3929 4391 4853 5105 5735 6113
5017 5985 6865 7658 8450 9022 9770 11310 12102 12410
3809 4149 5442 5748 6462 7142 8128 8604 8978 9624
3979 4353 5340 5816 6224 6870 7550 8366 8842 10032
4999 6518 6862 7891 9606 10439 11223 11958 13036 14408
3433 4490 4622 5513 6008 7031 7361 7988 8945 9605
3160 3700 4159 4484 5348 5402 6293 6725 7211 7967
4285 4861 5329 6050 6734 7490 8282 8966 10046 10298
2826 3051 3851 4402 4752 5102 5977 6202 7002 7252
4903 5505 6021 7699 8172 9118 9763 11182 11182 12214
1801 2086 2236 2551 2897 3302 3347 3647 4112 4382
4404 4885 5662 5958 7032 7698 8512 9511 9992 11102
1873 2129 2306 2754 3106 3218 3570 4018 4162 4546
1516 1996 2342 2537 2792 3152 3527 3797 3902 4277
1429 1807 2200 2438 2676 2970 3292 3376 3768 4020
2205 2490 2889 3289 3764 3802 4258 4695 5189 5588
1041 1271 1441 1782 1942 2162 2302 2452 2662 2882
1051 1401 1561 1782 1922 2002 2332 2502 2782 2952
4257 4979 5664 6082 7222 7640 8362 9692 10072 11174
4841 5369 6513 7922 8142 8978 9770 10958 12278 13114
1771 1996 2237 2492 2702 3122 3467 3647 4052 4397
1927 2431 2846 2900 3278 3764 4124 4502 4826 5312
1457 1681 2228 2368 2746 2802 3152 3446 3894 4034
4367 5070 5810 6513 7365 7698 8401 9437 10103 10843
5356 6166 7021 7966 9002 9812 10532 11117 11702 12827
5551 6951 7951 8302 9902 10502 11152 12602 13202 14752
2679 3277 3720 4292 4682 5488 6242 6502 7256 7412
1340 1795 1886 2329 2420 2628 2914 3239 3538 3889
2944 3565 3970 4781 5105 5672 6374 6482 7535 7778
4537 5335 6638 7058 7856 8612 9662 10586 11636 11846
2017 2305 2791 2881 3584 3872 4178 4574 4754 5384
2676 3476 3777 4252 4852 5202 5727 6252 6602 7127
4552 5741 6479 7300 7423 8694 9391 10252 11359 11482
5017 5941 6470 7262 8098 8978 9946 10650 11706 13202
1141 1311 1491 1672 1842 2042 2402 2422 2672 2992
1444 1626 1874 2251 2342 2641 3044 3369 3382 3889
4957 5713 6175 7099 8360 8948 10040 10208 11342 12476
3781 4656 4901 5742 6932 7632 8052 8752 9312 10082
2689 3265 3817 4322 4754 5138 5306 5882 6722 6890
5356 5806 7156 7607 8192 9767 10037 11432 12602 13007
2508 3106 3360 3705 4441 4740 5407 5522 6166 6626
5685 6518 7597 8283 9165 9900 11125 11860 13428 13722
1201 1391 1541 1761 1942 2002 2342 2502 2722 2972
4306 5495 5905 7259 8120 8981 9309 10293 10703 11523
1999 2287 2575 3080 3386 3872 4106 4448 4934 5222
3601 4537 5582 6302 6914 7814 8066 8930 10046 10154
3639 4285 5306 5714 6224 7244 7550 8366 9080 10134
5636 6469 7449 8184 9557 10733 11664 11909 13477 14212
5015 5613 6948 7960 8512 9386 10904 11318 12008 13710
5783 6126 7744 8626 9410 10194 11174 12056 12840 14212
1457 1769 2042 2146 2511 2667 3018 3369 3642 3681
1499 1765 2018 2508 2634 2928 3082 3502 3768 4076
5061 5369 6689 7834 8274 9198 9726 11266 11574 13114
4785 6441 7269 7775 8558 9984 10398 11962 12468 13526
4774 5376 6236 7397 8516 9333 10150 10967 12042 12730
4029 4599 5930 6120 7488 7906 8590 9236 10604 10984
1611 1947 2171 2466 2634 2886 3110 3530 3768 4006
4265 5085 5947 7218 7956 8571 9104 10088 11031 11933
5551 6501 7502 8202 9452 10652 11202 12752 13302 14402
1266 1343 1607 1872 2191 2290 2532 2851 2983 3115
2917 3484 4079 4619 4916 5780 6023 6806 7535 7616
2705 3251 4109 4578 4682 5644 6060 6320 7100 7776
1857 2193 2465 2706 2994 3202 3810 4114 4338 4642
4641 4961 6201 6922 7762 8682 9002 10002 10642 11722
2001 2621 3142 3382 3962 4102 4742 5062 5402 5682
4166 4866 5216 5951 6967 7527 8052 8892 9382 10222
3466 4489 5149 5677 6371 7196 7460 8384 9143 9539
2731 3251 3876 4214 4942 5566 5956 6294 6840 7698
4561 5131 5967 6576 7222 7830 8476 9768 10072 10718
5061 6073 6810 7776 8374 9892 10536 11088 11962 13664
2181 2461 3122 3402 3622 4162 4642 5022 5442 5622
4447 4713 5664 6386 6994 7602 8970 9426 10376 10984
1945 2341 2702 2990 3440 3782 4052 4502 5024 5078
2526 3001 3777 4352 4802 5452 5977 6352 6552 7052
2713 3097 3674 3962 4490 5210 5498 5930 6482 6890
3953 5245 5549 6310 6918 8248 8400 9692 10072 11364
5281 5281 6998 7438 8494 9198 10386 10694 11486 12498
1809 2241 2449 2866 2962 3202 3650 3890 4274 4706
3504 3845 4496 5520 6202 6388 7039 7721 8186 8868
1939 2604 2870 3422 3612 3954 4543 4562 5322 5455
2401 2601 3101 3382 3702 4222 4442 5062 5462 5822
3721 3783 4620 5303 6078 6729 6946 7690 8465 8992
1345 1633 1909 2030 2210 2450 2678 3122 3338 3458
4321 4501 5257 6410 7094 7490 8354 9074 9902 10190
2081 2521 3142 3362 3722 4402 4582 5142 5242 5942
3501 4831 5391 5847 6722 7387 8017 8962 9172 10432
3031 3631 4322 5042 5972 6092 6782 7232 8252 9002
2185 2773 3172 3572 3866 4538 5042 5294 5840 6134
3777 4129 4641 5346 5890 6594 7394 7714 8930 9538
1141 1291 1581 1751 1872 2152 2352 2582 2762 2942
5641 6393 6581 8461 9402 10107 11047 12222 13068 13679
3979 4251 5169 5441 6734 7414 7958 8502 9284 9794
4001 5401 6202 6722 7802 8282 8802 10322 10802 11202
2053 2359 2575 2953 3602 3836 4142 4574 4826 5366
2913 3173 4006 4396 4812 5462 6216 6554 6788 7594
2081 2761 2961 3582 3902 4342 4682 4882 5302 5962
5329 6481 7346 7922 8930 9986 11090 12386 12722 13586
2361 2421 3001 3262 3982 4142 4782 5002 5342 5842
3709 4825 5365 6050 7094 7382 8390 8714 9830 10730
3566 4280 4404 5210 5582 6295 7163 7535 8372 8992
2311 3037 3191 3610 4182 4754 4908 5678 5810 6536
2833 3049 3505 4274 4514 4922 5282 6242 6314 7202
3214 3646 3997 4646 5186 5591 6482 6644 7238 7562
5617 5905 7682 7682 9410 10466 10610 12002 12530 13826
5451 7001 7051 8102 9902 10202 11452 12752 13102 14902
4408 5344 5851 6553 7568 8348 9245 9986 10298 11234
4681 4921 6282 6682 7242 8642 9442 9802 10402 11522
1667 1933 1962 2312 2704 2900 3208 3362 3712 4020
3391 4021 4231 5282 5912 6512 6962 7682 7952 8522
3979 4798 6242 6905 7724 8192 9011 9479 10454 11312
4757 5454 5782 6644 7505 8735 9596 10498 11277 11933
3031 3721 4412 5102 5672 6392 7172 7322 7802 8702
3886 4885 5441 6218 7291 7624 8179 9030 10029 10991
4771 5536 6482 7877 8237 9857 10442 10892 12152 12647
1666 1801 2177 2492 2777 3182 3512 3647 4037 4322
3481 3916 4061 5222 5512 6237 6933 7020 7716 8441
3997 5041 5545 6193 6985 7598 8570 9182 9974 10766
2206 2522 3047 3530 3782 4223 4664 5168 5651 6239
3961 4825 5221 6049 6878 7706 8498 9038 10046 10766
1314 1769 2004 2212 2420 2758 2888 3343 3577 3720
2355 2663 3191 3830 4380 4842 4886 5634 5854 6338
3956 4621 5391 6021 6861 7632 8297 9032 9802 10327
1299 1398 1652 1927 2026 2224 2565 2664 2961 3170
2976 3276 3577 4152 4552 5152 5527 6002 6952 7452
3466 4588 4720 5744 6503 6800 7526 8021 9176 9308
3053 3921 3977 5014 5434 6022 6190 6750 7702 8066
2143 2710 3299 3362 3845 4622 4895 5210 5483 5987
1392 1795 1951 2211 2498 2849 3044 3226 3577 3798
4688 5376 6452 7097 8215 9204 9720 10451 11698 12558
3641 4762 5112 5637 6372 7037 8262 8647 9662 9802
2508 3014 3336 4050 4142 4832 5453 5867 5982 6741
1601 2097 2450 2722 3154 3474 3682 3890 4162 4658
2941 3697 4229 4678 5294 6022 6442 7282 7618 7870
5685 5930 7694 8724 9067 9998 11468 12301 13673 13820
5881 6763 7155 8381 9753 9851 11272 12497 13085 14016
1625 1737 2102 2312 2592 2942 3124 3390 3782 4202
1145 1398 1695 1794 2191 2411 2620 2840 2928 3258
1225 1525 1789 1970 2306 2630 2870 3098 3170 3422
1369 1453 1754 2030 2162 2606 2774 2882 3242 3446
3365 3568 4264 5222 5454 6382 6933 7368 7658 8383
5594 6440 7239 7944 9355 9637 10577 11893 12927 13726
5105 5677 6777 7086 8626 9506 9946 11090 11442 13070
4774 5634 6451 7656 8344 8946 10021 11010 11526 12730
2061 2701 2961 3322 3982 4042 4702 5062 5582 5682
4923 6395 6994 7776 8328 9708 10122 11594 12192 13434
1891 2215 2738 3062 3368 3944 4106 4682 4718 5168
1522 1626 2082 2290 2459 2719 2901 3200 3538 3707
4447 4954 6202 6905 7529 7919 9167 9557 10727 11546
1101 1211 1472 1622 1832 2122 2292 2512 2772 2832
3133 3858 4438 4874 5396 6063 6730 7542 7571 8528
4182 4959 5440 6588 6847 7772 8697 9289 10362 10806
4301 5849 6279 7355 7957 9419 10279 10709 11569 12515
5453 5970 7427 8226 9355 10060 10765 11987 13115 13491
1381 1633 1861 2150 2366 2438 2690 2966 3290 3578
3853 4825 5077 6266 6878 7382 8426 8786 10010 10694
2355 2861 3411 3851 4204 4512 5260 5546 6140 6602
4957 5167 6344 7184 8066 8654 9536 10250 11174 12308
5118 5204 6365 7139 8559 9290 10193 11096 11483 12730
5061 5521 7132 7822 8650 9846 10260 11226 12468 13572
2689 3073 3650 4322 4490 4922 5522 5858 6482 6914
4537 5839 6343 6890 7982 8738 9914 10166 11762 12350
3393 4065 4962 5698 6306 6882 7074 8002 8386 9122
4213 5305 5578 6944 7412 7919 9050 9869 10454 11546
5665 6097 7009 8114 9122 10034 11426 11666 13394 14258
1405 1587 2056 2264 2381 2849 2992 3278 3395 3824
5149 5413 6998 7262 7922 9286 10210 10738 12146 12718
1141 1311 1592 1632 1832 2112 2252 2502 2702 2872
4489 5325 6601 7218 8230 9638 10474 10650 12322 13202
4026 4726 5392 6092 6407 7037 8157 8612 9557 10012
2015 2376 2985 3175 3745 3973 4277 4847 4942 5607
5337 6027 7177 7592 8650 9662 10996 11364 12422 13250
3307 3829 4293 4729 5686 6092 6643 7368 8006 8151
5713 6337 7681 8497 8881 9890 11186 12386 13442 13922
1871 2041 2517 2977 3164 3623 3963 4371 4456 5068
2395 2647 3046 3761 4181 4559 4748 5084 5525 6071
4361 4881 6042 6802 7922 8002 9002 10202 10762 11562
2091 2585 2661 3289 3612 4068 4239 4885 4961 5607
3877 5131 6082 6424 6918 8134 8362 9654 10452 11022
2443 3081 3411 3895 4204 4622 5260 5722 5898 6338
3271 4081 4201 5162 5822 6092 6992 7562 8162 8702
1958 2642 2775 3326 3707 4163 4429 4942 5189 5512
5901 6651 7901 8652 9652 10252 11202 12152 13352 14902
5801 6951 7201 8752 9652 10102 11852 12702 13602 14752
2416 2968 3659 3774 4257 4924 5108 5729 6212 6465
1309 1657 1886 1934 2330 2486 2762 3062 3182 3374
5048 6273 7155 8577 8871 10096 11517 12595 13673 13918
3411 4341 4496 5582 5985 6450 7349 7814 8558 8992
1225 1573 1826 2102 2282 2462 2822 3014 3158 3518
2991 3589 3641 4292 4916 5618 6008 6476 6814 7464
4201 4841 6001 7002 7842 8762 9162 10082 11082 11602
4903 5677 6881 7483 8301 9462 10279 10494 11956 12085
1156 1475 1597 1762 2125 2290 2565 2653 2895 3280
5301 6101 7751 8702 9852 10252 11702 12802 13852 14302
3843 4727 5136 5884 6360 6802 7584 8468 8944 9794
2761 3129 3520 3796 4349 4809 5476 5936 6281 6833
1499 1709 2242 2522 2564 2998 3250 3474 3726 4160
2248 2647 2942 3383 4076 4517 4685 5399 5588 6071
1379 1587 1965 2277 2576 2615 2979 3356 3408 3798
1854 2041 2603 3028 3062 3436 3980 4269 4592 5102
4201 5419 6722 7016 7688 8570 9914 10712 11132 12476
4602 6021 6795 7225 8559 8946 9806 10838 11784 12816
1825 2145 2482 2658 3058 3298 3842 3890 4226 4578
3365 3684 4061 5164 5686 5918 6701 7165 7774 8238
3256 4248 4962 4993 5892 6636 6822 7783 8651 8930
3052 3565 4159 4429 5402 5942 6023 6536 7535 7967
4445 5986 6338 7922 7922 9066 9990 11090 11530 12630
3763 4423 4621 5876 6602 7130 7394 8318 9110 9572
1999 2431 2846 2900 3386 3746 4124 4340 5024 5096
3886 5181 5218 6255 6958 7883 8438 9437 9696 11065
5105 5501 6645 7922 8494 9638 9946 10738 12190 12938
1501 2011 2296 2672 2987 3182 3512 3767 4112 4292
3676 4481 4936 5637 6967 7002 8332 9032 9802 9977
2531 3060 3244 3889 4418 4786 5062 5936 6005 6902
2224 2319 3042 3346 3650 3878 4353 4752 4961 5341
2881 2881 3385 4010 4514 5234 5498 5882 6650 6746
1786 2011 2341 2702 2927 3032 3437 3752 4052 4397
1225 1477 1826 2090 2234 2498 2822 2882 3158 3554
2072 2395 2756 3308 3498 4068 4201 4809 5246 5531
2361 2681 3201 3261 3922 4122 4722 4802 5382 5882
2913 3199 4109 4344 4890 5592 6138 6684 7126 7308
4481 4801 6362 7162 7722 8642 9282 9642 10762 11282
5751 6751 7652 8402 9552 10752 11352 12252 13352 14252
5473 5953 7585 7873 9074 10178 11522 12482 13346 13970
1189 1542 1630 1905 2059 2279 2499 2642 2862 3170
4675 5331 5823 6767 7382 8940 9063 10334 11195 12097
2627 3173 3849 4578 5020 5332 6216 6580 6814 7802
5051 6851 7401 8402 9802 10802 12002 12352 13102 14302
1939 2566 2661 3308 3460 4144 4277 4885 5246 5493
5291 5613 6993 7407 9018 9984 10812 11272 12652 13756
3079 3322 4241 4403 4889 5483 5996 6509 7346 7616
4903 5505 6452 7441 8602 8989 9892 10494 11225 12257
5221 5851 6346 7607 8552 9857 10442 11072 12062 12962
3843 4081 4931 6088 6700 6938 7754 8230 9216 9930
1891 2287 2684 3134 3494 3782 3962 4484 4844 5186
4552 5167 6438 6890 7464 8940 9842 10539 10744 11728
3571 4149 5442 5952 6598 7210 7652 8808 8910 10032
3423 3945 4641 4641 5222 6353 6933 7426 7629 8441
2971 3322 4241 4781 4889 5753 6428 6482 7184 7967
2761 3175 3451 3750 4487 4809 5384 5568 6350 6741
4481 5561 6202 6402 7722 8162 8962 9922 10642 11642
2143 2668 3278 3362 3824 4496 4685 5420 5525 5924
5244 6224 7253 8675 9557 9998 11468 12301 13526 14310
2017 2395 2521 3169 3566 3746 4268 4574 5042 5384
1841 2065 2401 2658 3026 3442 3746 4066 4418 4626
3571 3901 4712 5012 5852 6002 6842 7502 8042 8432
3809 4625 5271 6054 6496 7414 7822 8230 9012 9522
2761 3175 3359 3727 4602 4763 5499 5775 5982 6810
4293 4885 5737 6144 6699 7476 8475 9548 10288 10399
3775 4115 5067 6122 6292 7040 8060 8468 9012 9998
2497 3289 3361 4082 4682 5234 5330 5786 6722 6794
3001 3376 3627 4002 4752 5002 5602 6427 6627 7252
4929 5677 6381 7834 8670 9374 9814 10694 12014 12322
4634 5085 6193 6726 8038 8366 9022 10539 11236 11933
2641 3049 3745 4202 4730 5138 5618 5786 6554 7130
3106 3565 4079 4565 4943 5429 6239 6617 7562 7859
3606 4271 5216 6197 6897 7597 7772 9067 9382 10292
2223 2949 3411 3830 3984 4732 5238 5348 6074 6514
1081 1301 1432 1612 1822 2002 2322 2582 2722 2892
2290 2647 3067 3467 4118 4517 4937 5315 5525 6008
4561 5441 6361 6881 7842 8682 9042 10362 10762 11522
4369 5587 6386 6932 7688 8990 9620 10292 11048 12602
3925 4465 5618 6086 6518 7742 8282 9002 9650 10334
1041 1351 1492 1712 1882 2122 2242 2542 2622 2962
2601 3501 3826 4452 4902 5077 5602 6352 6702 7127
4753 6161 6645 7042 8274 9594 9814 10914 11662 13114
4183 5741 6480 6849 7505 8530 9022 10580 11400 11810
1639 1961 2059 2508 2620 2872 3320 3418 3698 3936
3499 4291 5117 5744 6173 6800 7427 8417 8714 9803
5041 5716 6706 7697 8957 9317 10667 10937 11927 13322
4709 5282 6250 7482 8406 9286 9858 10650 11442 12366
4546 5761 6842 7292 8732 9182 10712 11252 12287 13277
2041 2702 3062 3202 3722 4062 4402 4942 5402 5802
1457 1665 2068 2199 2524 2784 2992 3200 3551 3720
4029 5321 5321 6766 7222 8020 9122 9616 10148 10984
1801 1876 2191 2491 2822 3212 3347 3887 4187 4487
2641 2905 3458 3986 4346 5138 5306 6218 6290 7130
2887 3433 3901 4421 4994 5592 6242 6580 6944 7802
3745 4321 4834 5250 5858 6882 7042 7874 8738 9378
5077 6299 6816 8415 8509 10154 11235 11752 12786 14055
1112 1442 1695 1816 2136 2378 2620 2840 3060 3269
2290 2689 2962 3488 4076 4412 4727 5441 5735 6239
2679 3303 4084 4656 5072 5410 5826 6606 6970 7490
3601 4646 5150 5942 6806 7490 8066 9218 9614 10298
1201 1321 1561 1642 1972 2022 2312 2512 2672 2872
2034 2338 2833 3213 3650 4030 4353 4619 5246 5512
3151 3931 4262 5282 5912 6122 7082 7262 7982 8462
1820 2228 2722 2722 3283 3589 3963 4167 4575 4881
3707 4387 5407 5441 6666 7142 7652 8434 9352 10202
5951 6551 7701 8351 9452 10752 11852 12652 13152 14802
1696 1861 2266 2642 2852 3152 3542 3872 3962 4397
2227 2669 3005 3719 3824 4223 4769 5147 5483 6029
3631 4093 4655 5282 6173 6965 7559 8450 8582 9473
5161 5634 6710 7527 8129 9376 9763 10580 11225 12042
3690 4031 4434 5582 5923 6636 7101 7566 8372 8868
4681 5941 6302 7607 8957 9137 10172 10937 12602 12872
4243 5083 6386 6806 8066 8570 9410 10418 11762 12518
2425 3169 3433 3986 4778 5210 5714 6026 6554 7082
1621 2086 2146 2522 2807 3212 3467 3872 4187 4217
4739 6441 6533 7822 8880 9754 10812 11456 12100 13204
2101 2461 3122 3602 3842 4162 4462 4822 5242 5702
2185 2878 2983 3719 3866 4286 4937 5420 5693 5882
1583 1751 1976 2368 2648 2816 3250 3404 3838 3978
4675 5290 6356 7381 7997 8612 9719 10662 11072 11933
2913 3329 3771 4603 5072 5696 6190 6684 7230 7360
1726 1906 2326 2702 2882 3302 3377 3617 4097 4397
2479 2563 3340 3698 4202 4496 4895 5357 5546 5903
1496 1756 2004 2251 2342 2719 3096 3200 3395 3746
2290 2647 3151 3740 3866 4517 4853 5420 5840 6050
1601 1954 2418 2610 2898 3314 3746 3874 4162 4690
1681 1681 2199 2297 2746 2914 3334 3614 3670 4188
5051 6051 7902 8752 9852 10502 11452 12952 13002 14402
4361 5561 5961 7122 7482 8002 9282 9842 10962 11602
3853 4393 5726 6410 6662 7346 7994 9110 9722 10802
2041 2581 3102 3282 3602 4042 4782 5022 5302 5942
1871 2381 2415 2875 3300 3487 4082 4337 4524 4983
2071 2359 2521 3134 3602 3620 3980 4484 4952 5078
5453 5876 6958 7851 8791 9590 10953 11470 12880 13914
4873 5377 6091 7142 7898 8780 10040 10124 11510 12098
3053 3586 3922 4790 5098 6050 6190 6806 7282 8038
1977 2547 2947 3137 3593 3878 4182 4885 5151 5493
2007 2262 2653 3028 3130 3470 4031 4422 4456 5017
3214 3592 3997 4835 5294 5429 6374 6482 7292 7859
4831 5839 6301 6890 7898 8906 9536 10376 11510 11972
4579 5335 6553 6890 8360 8486 9914 10796 11384 11972
5551 6101 7401 8052 9352 10902 11452 12802 13552 14752
4281 5081 5881 7042 7922 8162 9442 10162 10602 11722
2776 3351 3751 4127 4877 5502 5702 6177 6577 7177
1285 1525 1850 2078 2222 2402 2642 3098 3158 3410
3697 4291 5183 5612 6008 6767 7724 7922 8747 9473
1393 1597 1730 2066 2258 2486 2702 2966 3278 3398
4285 4393 5438 5978 7130 7274 8246 9074 9758 10370
3079 3565 3889 4808 5375 5807 6293 6806 7022 8048
2715 3129 3566 3911 4487 4993 5453 5936 5982 6580
4634 5495 6356 6931 7833 8530 9268 10621 10908 12056
1041 1291 1592 1782 1952 2042 2372 2512 2652 2842
2887 3615 3875 4604 4968 5566 6008 6476 7204 7542
4071 4478 5256 6440 6662 7846 8216 8919 10325 10584
1429 1751 2073 2382 2732 3012 3362 3530 3908 3950
3532 4060 4721 5282 6239 6800 7394 7922 9077 9737
2521 2929 3457 4322 4754 5162 5762 6050 6338 7178
4675 5249 6397 6931 7382 8981 9719 10088 11113 11810
6001 6751 7502 8452 9302 10102 11252 12452 13502 14202
2619 2839 3411 3588 4072 4710 5150 5436 5964 6426
4470 5372 5987 7013 7669 8981 9719 10539 10703 11851
5097 6420 6911 8577 9508 9802 10831 12350 12889 14604
1340 1652 2017 2134 2537 2784 3018 3135 3408 3785
5651 6101 7801 8802 9402 10102 11852 12902 13452 15002
1561 1846 2342 2507 2822 3017 3557 3797 4022 4277
4957 5461 6595 7436 7898 9074 9242 10838 11048 11930
4219 4811 5478 6218 6662 7920 8327 8993 9918 10806
5356 5671 6392 7877 8237 9407 9992 11162 11882 13187
4174 5461 5851 6398 7763 8387 8894 9791 10376 11078
1418 1561 1990 2303 2420 2797 3096 3148 3642 3772
5218 6158 6675 7945 9214 9402 10812 11611 12645 13961
3421 3931 4652 4922 5432 6452 6632 7742 8252 8492
4141 4609 5186 5834 6842 7382 8174 8714 9902 10622
5015 6441 6902 7776 8512 9248 10490 11134 12652 13342
2462 2876 3337 3728 4257 4717 5453 5545 6442 6833
5199 5981 6625 8144 9202 9524 10122 11686 12652 12882
1417 1573 1861 2077 2282 2438 2810 3110 3254 3542
1611 1793 2157 2508 2564 2830 3334 3488 3768 4020
1597 1849 2200 2354 2648 2914 3194 3376 3824 4090
4473 5548 6882 6968 8602 9032 9978 10408 11784 12601
4447 5305 5929 7022 7256 8192 8582 9791 10493 11234
2833 3097 3505 4034 4322 5186 5498 6098 6314 7202
5017 5765 6514 7306 8758 9330 9814 10738 11794 12410
3536 4866 5146 6057 6477 7702 8122 8927 9172 9802
4243 5671 5924 7268 8318 8822 9494 10124 11510 11804
3571 4251 5306 5544 6564 6972 8128 8468 9522 9658
1752 2347 2552 2841 3096 3606 4031 4218 4490 4932
3394 3626 4409 5048 5454 5918 6933 7194 7803 8644
1513 1947 2157 2326 2788 2956 3138 3530 3880 3964
2243 2433 2699 3308 3460 3916 4353 4695 5132 5607
4721 5521 6402 6402 7522 8042 8922 9762 11202 11602
2553 2817 3390 3852 4182 4556 4886 5370 6074 6382
2826 3276 3626 4427 4902 5127 5552 6502 6527 7052
4797 5369 6734 7306 8186 9022 9814 10914 12058 12542
3571 3751 4291 5132 5852 6122 7172 7292 8132 8732
1522 1730 1912 2186 2485 2810 2979 3148 3551 3863
1353 1626 2069 2225 2368 2849 2953 3382 3395 3746
1803 2041 2687 2739 3266 3589 4048 4235 4728 5051
2381 2761 2861 3201 3782 4322 4522 5182 5482 5962
3425 4289 4609 5730 6402 6594 7074 8034 8770 9602
5131 6031 6706 7652 8732 9182 10442 11567 11882 13322
1041 1291 1601 1802 2002 2182 2222 2422 2602 3002
3501 4516 4937 6057 6547 7667 7772 8472 9487 10082
1314 1600 2017 2238 2355 2745 3018 3200 3538 3759
2597 3015 3191 3807 4358 4732 5062 5436 6030 6426
5041 6577 7201 8498 8882 10466 11426 12242 12818 13826
5089 6337 7105 8114 9218 9746 11234 12146 12818 14162
1345 1549 1717 2150 2294 2606 2810 2894 3290 3530
4285 5755 6595 7436 7688 8612 9830 10586 11174 12602
3499 4456 5248 5480 5975 7163 7823 8351 8681 9770
1653 1947 2115 2479 2746 2970 3320 3586 3810 4034
4181 4637 6081 6842 7184 8362 8438 9426 10452 11022
2497 2953 3746 4274 4562 5138 5426 5834 6602 6746
1297 1513 1838 1982 2234 2570 2762 2966 3218 3362
1522 1756 2055 2303 2550 2771 2966 3304 3434 3681
4034 5107 5552 6144 7291 7698 8253 9067 9955 10584
2089 2395 2539 3242 3314 3764 4196 4412 5042 5384
3277 3697 4454 4790 5238 5742 6246 6778 7394 8318
2626 3126 4002 4227 4877 5027 5902 6052 6952 7402
2416 2853 3360 4096 4418 4717 5200 5545 6005 6764
3781 4969 5546 5834 7130 7382 8426 9110 9506 10334
1201 1549 1886 2054 2162 2618 2786 3062 3182 3446
3181 3841 4651 5072 5822 6332 6962 7802 8162 8822
1156 1376 1762 1916 2037 2290 2499 2807 3027 3137
4411 5377 6050 6764 7604 8906 9452 10670 11510 11888
5594 6581 6675 8462 8603 10248 10483 11799 12974 14055
2726 3476 3901 4226 4977 5402 5552 6277 6902 7502
1379 1769 1925 2212 2550 2706 3018 3135 3629 3902
2617 3097 3577 4226 4322 4850 5714 5978 6674 7034
5665 6385 7490 8498 9314 9698 10898 12050 12626 13490
4453 5461 5923 6974 8066 8738 9914 10334 11552 12182
3945 4183 5170 6088 6394 7040 7788 8196 8842 9624
1171 1221 1432 1602 1912 2012 2342 2512 2782 2882
3466 4423 4654 5942 6008 7130 7889 8549 8912 9242
4181 4941 5930 6576 6842 8096 8932 9464 10262 10946
2311 2521 3068 3719 4160 4202 4706 5336 5546 6134
5137 5809 7202 8066 9074 10226 10562 12290 12530 14114
4369 5344 5968 6592 7295 8153 8738 9869 10883 11702
1666 1846 2341 2657 2747 3227 3527 3617 4082 4487
1561 2026 2357 2402 2837 3182 3587 3602 4187 4247
4798 5003 6070 7136 7587 8325 9268 10006 11113 12261
1819 2323 2810 2954 3476 3656 4160 4556 4790 5114
2801 3301 3801 4452 4952 5502 5502 6277 6952 7102
1141 1371 1551 1791 1961 2202 2332 2602 2802 2902
5521 5857 6721 8498 9122 10514 11426 11762 12530 14306
2001 2761 3041 3322 3842 4302 4802 4862 5422 5682
4243 5293 6596 7226 8150 8528 9830 10376 11636 11846
1297 1477 1921 1957 2318 2462 2846 3110 3290 3530
4441 5121 6001 7081 7642 8602 9482 10162 11002 11922
1735 2093 2518 2773 3113 3487 3895 4116 4422 5051
4688 5591 6710 6925 8473 8860 10107 10967 11268 12042
2205 2585 2870 3307 3650 4068 4467 4771 5094 5664
1429 1621 1909 2162 2306 2438 2738 3086 3182 3386
5131 5401 6391 7877 8642 9407 10397 11477 12467 12692
3001 3871 4742 5192 5582 6122 6842 7322 7982 8642
4601 6027 7040 7822 8834 9248 10214 11686 12744 13480
5713 6001 6865 8306 8930 10226 11378 11762 12530 14066
4849 6241 7394 8450 9314 9650 11186 11666 12722 14210
3945 4659 4863 5612 6700 7074 7550 8638 9250 10100
1889 1937 2257 2594 2978 3474 3810 4130 4258 4658
1555 1905 2171 2466 2620 3068 3194 3404 3810 3964
1920 2300 2966 3213 3460 3859 4353 4657 5189 5493
5601 6451 7951 9001 10002 10852 11752 12102 13902 14602
2015 2414 2662 3042 3441 3916 4505 4923 5170 5322
3466 4324 5150 5909 6140 6965 7658 8120 8582 9704
3401 4116 5204 5782 6224 6870 7652 8604 8978 9556
5075 6021 6494 7354 8258 8903 9720 11053 11741 12429
1606 2056 2221 2552 2837 3257 3542 3752 4112 4367
2876 3451 3551 4426 4777 5402 5877 6177 6777 7477
4096 4411 5006 6267 6827 7387 7842 8682 9732 10432
4285 4897 5690 6446 6590 7274 8102 9146 9398 10190
4726 5986 6617 7427 8237 9317 10532 11432 12107 12827
4831 5613 7178 7638 8466 9938 11042 11410 12652 13204
3052 3484 4160 4538 4862 5726 5996 6752 7292 7886
3061 3781 4442 5132 5552 6422 7112 7682 7802 8612
3809 4417 4769 5602 6210 6754 7554 7970 8514 8962
5097 6273 7058 8577 8969 9802 11076 11958 13330 14359
4142 5044 5865 7013 7382 8899 9473 10457 10990 11482
5265 6158 7192 7897 9261 10295 10718 11705 12786 13867
3553 4385 4802 5122 5954 6690 7426 8002 8386 9442
