1000 10 10
4 167 70 198 48 152 79 153 127 158 193 0 16
7 196 179 122 44 174 60 56 136 64 116 0 31
9 153 53 128 183 92 97 82 164 111 193 0 42
8 102 82 44 111 83 48 41 113 120 57 0 36
6 91 139 85 110 180 129 131 174 97 138 0 28
3 75 172 51 118 162 110 107 63 137 142 0 13
6 99 159 123 99 86 103 67 64 176 82 0 29
4 165 159 126 91 73 109 143 82 84 62 0 19
10 60 141 44 143 159 74 95 68 161 152 0 46
5 130 193 59 164 81 132 154 56 77 123 0 22
7 198 85 83 140 60 82 161 113 172 113 0 33
3 66 192 52 172 138 129 156 82 149 169 0 12
7 75 45 56 64 108 136 92 112 192 126 0 32
10 56 79 60 198 148 124 148 192 154 180 0 48
4 162 52 85 46 115 75 176 181 81 146 0 19
4 50 41 181 109 189 186 146 194 106 176 0 20
5 187 160 128 149 127 55 78 159 134 68 0 21
7 59 134 193 138 177 149 72 64 133 93 0 35
6 160 185 151 189 179 165 194 161 171 128 0 28
8 77 124 64 162 87 43 82 115 45 123 0 36
10 80 128 193 185 181 144 191 46 113 133 0 46
10 187 115 158 73 166 66 189 66 173 169 0 48
10 162 144 51 77 195 58 182 194 56 134 0 46
9 150 181 135 175 142 172 60 124 54 103 0 41
10 128 178 156 62 93 128 50 49 144 132 0 49
3 60 63 102 78 193 159 178 79 93 119 0 12
6 176 177 195 96 85 173 101 68 111 89 0 30
9 67 138 143 45 45 103 153 56 40 125 0 41
3 112 92 97 44 142 138 139 156 199 83 0 14
4 155 66 47 141 40 165 93 113 48 148 0 20
3 135 116 81 107 170 49 113 58 141 192 0 12
6 127 85 56 140 151 186 133 76 192 64 0 26
4 96 196 50 73 195 125 96 145 46 97 0 16
4 196 80 124 89 125 141 80 78 157 170 0 20
5 123 85 150 77 118 80 172 122 122 178 0 23
5 190 88 48 113 192 82 195 62 191 175 0 23
6 197 118 46 120 140 66 170 188 184 165 0 26
4 151 75 102 152 122 151 88 99 110 139 0 20
7 162 51 147 101 183 141 142 145 93 139 0 33
4 191 143 139 168 87 87 192 189 146 50 0 17
7 55 182 88 181 153 115 149 181 153 166 0 32
8 40 52 64 179 50 85 103 186 165 72 0 37
4 193 106 143 74 182 97 69 151 128 194 0 20
6 190 154 71 70 141 181 142 195 57 93 0 28
6 176 186 122 130 72 101 88 118 184 155 0 26
9 83 153 181 96 127 165 177 127 161 41 0 42
3 120 134 189 117 197 136 90 94 130 152 0 13
4 142 153 178 154 41 97 189 146 127 142 0 19
5 182 177 128 159 78 84 101 181 47 88 0 23
8 132 45 57 131 110 167 109 182 133 135 0 38
4 60 71 136 188 184 170 88 146 88 81 0 20
10 186 52 122 145 47 116 74 105 131 196 0 48
8 110 82 106 60 66 145 45 131 129 49 0 37
4 152 52 50 95 66 168 196 124 127 184 0 18
6 112 121 50 71 183 192 122 150 95 195 0 28
3 85 89 131 126 121 57 51 66 187 75 0 15
4 114 55 192 107 108 180 154 143 104 151 0 17
4 89 195 123 83 157 150 141 129 152 121 0 19
8 166 128 74 189 143 135 40 52 174 190 0 38
3 41 110 43 195 40 117 87 177 64 180 0 11
10 186 169 77 89 134 171 195 91 74 129 0 48
4 108 167 130 161 74 165 148 188 150 49 0 17
7 102 132 126 174 123 196 72 107 189 80 0 35
3 99 48 159 147 114 187 120 141 192 163 0 11
10 49 55 185 83 145 153 149 181 119 151 0 50
3 151 56 66 199 68 194 153 56 107 103 0 15
6 72 99 67 54 63 101 128 82 68 169 0 27
7 82 189 174 153 187 145 189 191 183 172 0 32
7 166 79 137 96 46 91 147 67 172 114 0 33
7 170 87 85 63 54 85 141 50 51 173 0 34
8 69 91 92 54 59 80 133 153 62 78 0 38
9 138 133 176 169 73 127 64 149 70 70 0 42
2 69 69 194 193 179 106 60 153 79 47 0 10
9 108 91 173 44 136 197 148 114 49 70 0 41
4 103 41 166 67 80 43 108 85 48 133 0 20
7 167 123 65 198 104 186 87 132 114 170 0 31
8 58 72 156 121 85 130 117 105 103 91 0 39
4 116 67 116 174 86 136 81 195 89 175 0 17
3 88 70 143 170 178 136 50 101 112 52 0 13
10 78 68 158 75 149 118 145 41 170 131 0 48
3 180 144 130 48 149 165 53 124 69 107 0 14
10 128 129 143 50 119 72 191 150 72 166 0 47
9 145 41 128 155 158 45 96 162 93 149 0 44
7 154 68 167 194 187 57 68 133 160 187 0 35
3 154 83 184 187 100 93 189 126 115 70 0 14
9 143 164 151 118 67 57 99 167 75 143 0 45
7 148 114 85 145 159 51 92 196 154 178 0 35
5 124 68 141 60 192 42 155 180 111 137 0 21
6 168 126 180 56 48 183 152 92 179 158 0 30
5 57 64 43 89 126 153 142 107 87 155 0 25
7 106 150 116 75 151 136 129 161 47 67 0 31
6 116 120 83 43 176 109 162 162 178 146 0 26
5 166 55 126 183 106 108 149 61 43 131 0 25
8 65 176 112 136 109 174 73 60 65 41 0 37
8 196 48 187 110 86 119 126 107 110 45 0 38
4 91 161 93 133 182 127 182 97 75 49 0 18
7 94 79 183 48 166 187 190 113 145 171 0 32
7 150 146 67 181 112 153 42 174 157 87 0 32
3 175 189 146 168 126 183 185 92 64 171 0 13
7 146 168 147 164 162 178 147 55 181 197 0 33
2 191 101 131 68 122 70 135 135 101 195 0 10
6 58 122 189 152 167 75 199 73 140 135 0 28
10 97 49 187 156 49 126 190 76 101 159 0 47
6 80 133 54 99 197 163 91 163 40 94 0 30
8 160 114 177 151 51 146 87 134 169 181 0 40
4 62 161 168 181 97 125 51 140 184 182 0 19
4 191 52 74 70 76 89 197 174 82 56 0 19
10 112 52 105 69 169 173 65 156 147 117 0 48
4 169 142 106 125 51 102 170 62 194 122 0 19
5 198 155 126 167 108 161 143 185 53 103 0 22
6 172 187 156 82 97 191 50 129 123 157 0 28
3 152 46 59 109 79 97 43 174 93 173 0 12
3 186 113 104 52 137 164 162 161 56 184 0 15
7 90 187 139 88 96 192 159 52 82 190 0 33
5 197 93 140 87 198 72 99 111 118 83 0 25
3 76 79 160 178 151 168 131 132 159 165 0 11
9 55 149 64 197 180 124 122 85 187 186 0 42
6 93 171 188 148 133 56 122 126 166 179 0 29
5 104 160 95 41 147 79 163 140 100 196 0 23
9 124 73 77 129 90 164 49 133 117 145 0 45
8 85 198 152 195 50 192 178 120 104 151 0 36
5 163 100 141 76 114 147 76 80 41 112 0 25
6 79 155 115 100 83 85 108 135 154 64 0 28
7 64 114 44 64 124 58 87 186 52 50 0 31
7 147 72 131 151 124 198 92 91 43 71 0 33
3 140 79 166 162 168 98 185 139 66 138 0 13
3 127 121 136 165 127 186 77 96 119 197 0 12
3 147 141 75 129 72 134 172 126 191 128 0 15
8 166 193 83 162 133 91 126 192 84 115 0 40
6 67 134 186 90 99 61 128 143 178 157 0 26
6 78 41 64 155 46 118 186 131 47 166 0 29
8 117 177 127 184 138 188 100 179 165 110 0 39
4 131 190 49 190 116 114 115 192 183 74 0 20
9 128 82 165 40 71 142 108 126 81 164 0 41
8 195 147 145 85 197 98 130 40 185 179 0 40
7 185 137 176 92 93 93 166 144 123 162 0 32
3 135 185 170 176 166 170 90 118 91 102 0 13
4 105 49 69 134 43 169 57 42 142 88 0 16
4 110 67 128 133 65 166 171 134 111 50 0 16
2 47 183 137 44 73 94 184 132 153 109 0 10
10 125 65 196 133 130 100 191 55 103 54 0 50
5 91 40 138 97 74 191 113 172 167 63 0 25
5 53 101 123 153 41 159 196 146 148 166 0 22
8 85 139 67 92 157 178 94 61 172 136 0 37
5 111 79 77 85 146 177 82 160 43 79 0 25
8 118 184 171 173 112 94 174 104 71 195 0 37
5 160 133 62 78 89 120 143 178 172 169 0 24
10 137 198 129 80 106 186 66 188 56 183 0 49
10 132 95 161 150 175 171 71 52 166 90 0 48
4 163 124 118 147 98 166 170 110 52 172 0 20
7 139 122 115 127 58 112 184 140 197 145 0 35
8 60 85 154 144 88 131 51 84 188 90 0 40
3 154 79 95 191 56 172 51 72 49 51 0 14
9 169 101 115 145 77 124 47 151 126 83 0 44
3 98 43 161 106 79 90 67 172 54 173 0 14
3 42 104 45 190 66 167 186 45 198 41 0 12
7 71 196 195 149 123 79 147 120 179 156 0 35
4 189 98 81 149 161 41 197 116 52 199 0 16
9 71 122 126 156 46 165 122 186 93 166 0 42
5 46 136 75 161 110 133 194 70 168 184 0 25
8 44 108 150 48 191 62 138 143 130 164 0 36
7 125 99 72 189 164 160 105 89 125 114 0 34
7 141 50 74 137 140 116 192 105 94 170 0 35
10 64 144 131 168 124 115 159 160 139 85 0 47
7 175 126 112 186 120 188 163 175 129 188 0 33
5 140 176 124 97 103 185 169 55 177 114 0 23
10 188 195 158 106 177 66 138 44 131 100 0 48
3 149 142 60 157 184 84 89 176 108 124 0 13
6 163 46 188 114 43 51 107 40 150 72 0 26
3 128 92 46 46 196 172 72 50 88 53 0 11
10 192 48 66 90 189 139 195 166 83 171 0 46
9 180 70 80 176 163 109 58 51 76 95 0 41
4 108 57 41 188 129 170 185 175 70 168 0 20
6 85 129 110 95 194 46 186 191 152 95 0 30
4 52 135 130 70 45 105 93 155 126 149 0 18
9 119 141 125 71 155 123 148 134 157 150 0 42
9 128 135 85 68 82 83 178 137 104 133 0 45
7 108 55 47 122 174 133 101 181 196 159 0 33
10 191 145 79 46 74 120 132 186 163 66 0 46
3 169 145 71 83 180 135 79 157 44 112 0 12
7 75 40 149 56 97 160 44 155 99 64 0 35
9 124 54 81 178 59 154 45 179 90 165 0 42
3 134 81 185 193 145 197 178 110 129 196 0 12
5 81 178 44 99 41 169 99 130 152 110 0 24
10 86 87 181 159 161 177 80 180 176 88 0 49
5 179 158 71 74 121 156 69 149 77 48 0 22
3 91 64 84 136 174 110 104 135 80 98 0 15
6 76 181 79 44 154 149 76 104 69 169 0 30
4 165 76 51 167 87 126 78 46 85 107 0 17
8 126 75 61 164 170 152 94 42 152 184 0 39
3 71 121 61 163 178 190 164 111 41 93 0 12
5 55 78 46 139 84 50 174 62 74 58 0 21
6 138 122 191 125 159 69 128 87 52 89 0 29
5 62 49 55 143 114 190 40 112 45 65 0 22
9 126 164 193 109 177 56 79 101 117 58 0 44
10 162 164 161 58 121 134 57 171 175 198 0 50
4 52 142 46 104 188 61 199 139 157 189 0 20
5 87 46 192 92 134 144 102 198 145 104 0 25
3 165 105 150 118 75 144 187 62 130 150 0 12
4 180 181 78 83 49 184 55 82 101 60 0 20
4 120 176 185 139 87 88 110 86 159 83 0 19
8 170 140 161 126 99 40 48 153 139 73 0 36
4 85 99 157 88 188 47 89 78 178 60 0 16
4 126 187 186 185 164 41 112 155 140 180 0 19
9 85 135 181 52 162 82 100 55 52 95 0 45
8 48 52 131 106 180 49 123 70 127 73 0 38
5 48 172 92 89 53 83 127 130 192 122 0 25
3 72 42 108 115 119 134 165 65 52 109 0 14
5 112 122 174 64 151 118 50 155 145 158 0 25
10 118 43 174 111 169 99 154 140 92 135 0 49
8 100 124 159 146 52 125 148 146 64 69 0 39
6 119 191 195 193 60 147 87 134 166 163 0 27
8 42 195 158 79 164 125 135 133 128 42 0 36
4 71 147 113 67 149 157 143 64 196 132 0 16
3 155 108 126 146 193 132 170 79 141 184 0 11
6 64 157 185 178 58 106 137 195 69 127 0 29
5 176 138 164 197 159 121 52 83 54 196 0 23
5 86 96 167 175 66 90 79 131 193 69 0 24
4 49 44 84 141 148 98 107 177 58 40 0 20
7 70 98 191 75 155 97 109 168 48 65 0 35
5 190 46 106 114 81 68 109 169 130 71 0 22
7 101 188 139 85 194 72 146 124 44 107 0 35
10 127 79 64 96 72 62 121 42 50 162 0 48
5 116 62 99 171 66 76 193 156 53 98 0 22
5 157 195 166 63 187 145 159 181 114 77 0 23
3 142 151 180 174 73 151 197 197 126 46 0 13
4 153 70 140 68 133 54 79 159 132 146 0 17
7 151 120 180 147 153 85 148 187 42 102 0 35
10 161 52 45 194 162 130 129 71 68 45 0 46
10 180 180 128 155 51 115 123 143 60 115 0 46
5 82 72 92 199 163 133 63 137 53 77 0 21
4 47 63 180 164 82 151 77 52 136 152 0 17
3 167 81 67 128 84 188 86 170 103 99 0 15
8 152 68 177 175 157 81 110 59 53 48 0 36
7 143 67 54 179 165 113 73 51 85 52 0 33
6 122 193 41 178 145 63 70 189 159 57 0 27
4 111 141 101 190 121 68 58 140 185 141 0 16
3 104 176 139 190 164 185 164 128 86 89 0 11
10 156 81 63 88 60 132 148 191 162 118 0 49
10 41 121 148 71 154 114 55 178 60 73 0 46
9 144 104 91 121 135 137 158 188 63 99 0 42
6 172 188 154 132 124 73 157 80 177 110 0 28
4 86 103 116 114 195 60 146 111 44 69 0 16
4 146 181 137 102 90 68 172 146 79 104 0 19
3 40 50 164 80 150 145 193 125 190 128 0 14
7 75 192 133 60 81 43 50 135 85 56 0 34
9 115 95 100 88 128 159 168 126 139 198 0 42
4 115 137 142 57 66 49 153 91 111 65 0 19
5 191 82 128 80 138 166 105 181 182 183 0 21
10 127 112 160 114 167 140 89 48 56 87 0 46
5 165 86 102 190 131 170 79 121 53 102 0 21
3 112 182 168 195 160 49 94 42 79 170 0 11
7 117 66 197 186 60 178 171 112 185 193 0 35
8 133 149 85 157 105 189 162 60 124 50 0 36
7 96 162 50 189 148 116 178 181 179 57 0 34
10 158 52 171 41 112 184 141 141 168 65 0 50
6 74 159 103 175 108 137 94 190 59 182 0 29
4 182 139 120 115 63 150 122 41 93 48 0 17
6 70 158 112 98 128 62 47 52 199 165 0 26
10 87 188 124 168 151 124 99 97 187 195 0 50
8 93 70 54 113 120 49 181 138 103 179 0 36
4 112 62 68 66 95 73 198 138 121 157 0 17
5 53 89 94 199 131 186 87 141 180 188 0 22
6 199 176 115 148 108 47 180 146 58 194 0 29
7 83 167 78 188 104 147 132 139 75 77 0 32
6 75 116 197 74 133 50 173 62 65 44 0 26
9 190 169 121 172 42 79 150 197 124 164 0 42
7 80 57 95 130 176 170 141 111 52 48 0 34
9 173 122 68 54 196 84 42 194 50 135 0 41
7 160 86 142 46 132 44 183 66 77 116 0 31
9 132 119 172 139 78 126 186 148 104 67 0 44
6 134 183 77 117 93 41 136 141 58 179 0 29
5 143 57 124 161 121 99 137 195 72 151 0 22
7 149 184 95 193 81 162 192 84 44 172 0 31
9 49 128 76 131 136 165 47 188 44 160 0 42
5 64 192 104 79 189 188 66 48 43 50 0 23
7 145 167 120 97 178 50 113 44 48 100 0 31
2 43 111 91 44 113 91 190 186 93 147 0 10
8 93 55 67 176 82 63 164 97 186 89 0 37
8 159 136 109 159 145 158 141 156 55 147 0 39
9 166 81 68 88 54 112 191 172 101 85 0 45
3 179 53 93 55 71 170 60 60 72 164 0 13
4 83 133 180 79 126 122 122 86 88 92 0 16
5 152 89 134 155 159 85 158 101 50 125 0 25
4 196 132 181 85 122 132 160 197 128 106 0 18
10 130 116 59 56 99 58 135 110 68 116 0 46
9 99 84 99 79 143 184 107 57 116 124 0 43
4 187 70 86 93 93 92 63 134 95 190 0 17
3 102 50 71 84 196 57 50 163 41 98 0 12
9 73 134 127 46 77 156 171 149 48 54 0 45
6 115 40 47 191 41 170 190 98 122 104 0 27
5 84 146 141 79 77 184 77 128 68 68 0 25
4 182 78 43 80 72 195 52 85 194 100 0 16
10 145 164 70 44 155 51 63 142 167 66 0 47
9 60 54 43 191 95 104 181 112 123 131 0 41
8 152 178 99 52 62 73 163 171 126 104 0 36
7 194 62 77 82 93 139 62 59 138 144 0 34
5 143 142 171 175 75 52 178 77 99 123 0 25
5 51 159 185 177 162 75 193 168 54 53 0 21
8 97 137 131 58 56 117 177 82 182 126 0 38
9 47 99 40 96 189 40 174 77 179 53 0 42
8 54 168 51 168 101 154 83 74 170 57 0 37
5 164 155 154 95 139 96 134 95 62 55 0 21
8 82 71 184 99 116 78 184 46 152 114 0 40
5 156 51 189 64 118 187 142 133 187 86 0 25
3 83 143 85 169 86 56 66 59 113 183 0 12
3 54 133 108 62 130 132 71 136 44 89 0 12
6 115 198 46 176 197 56 194 183 48 117 0 28
10 146 136 154 133 139 85 116 75 53 45 0 49
8 56 146 50 54 148 152 181 190 178 169 0 40
10 142 90 157 112 44 107 90 73 108 102 0 50
5 150 150 88 127 111 119 155 47 198 125 0 24
7 52 166 103 111 168 150 154 97 80 135 0 35
10 159 134 188 193 74 166 184 64 139 167 0 48
7 104 79 82 46 139 191 75 98 117 150 0 35
8 181 74 193 101 103 195 74 112 108 104 0 40
3 115 195 105 130 165 161 65 181 162 120 0 12
8 175 192 47 119 142 193 171 137 160 72 0 39
10 46 122 117 151 103 98 62 198 58 174 0 47
8 158 135 41 149 194 44 155 196 118 129 0 40
7 133 167 91 127 170 54 116 46 151 153 0 34
3 113 99 88 64 101 91 172 53 188 101 0 15
8 60 74 182 141 170 162 119 56 191 108 0 38
4 68 50 169 68 91 44 176 48 118 89 0 20
5 80 177 165 144 94 187 129 48 75 96 0 23
8 50 191 151 178 176 100 191 112 135 164 0 36
4 142 101 128 132 62 89 186 125 178 188 0 16
8 128 116 80 184 56 62 108 185 103 126 0 39
7 143 163 188 62 110 41 180 133 99 87 0 35
4 89 44 139 86 67 73 157 174 82 81 0 18
9 139 98 83 44 158 43 122 160 147 98 0 45
5 117 70 101 113 97 44 116 43 114 125 0 24
7 188 170 104 74 86 186 191 84 72 166 0 31
6 137 180 80 76 45 185 116 60 45 124 0 26
4 54 154 61 144 120 81 190 95 41 45 0 17
6 175 188 147 183 52 77 159 95 187 107 0 29
5 153 103 59 196 166 77 170 129 159 192 0 22
7 148 68 93 41 140 132 79 186 157 120 0 34
5 188 166 143 73 135 164 159 101 125 190 0 23
4 164 80 186 116 74 133 169 57 83 139 0 18
8 169 110 163 195 145 132 186 199 197 181 0 38
4 197 156 95 81 69 89 86 59 154 182 0 16
4 154 188 180 126 167 50 42 54 104 58 0 18
7 172 52 137 72 154 68 155 193 178 128 0 35
6 139 64 77 70 179 58 166 192 93 40 0 27
5 79 189 104 181 117 154 59 130 129 192 0 22
6 55 110 78 122 56 90 129 122 196 90 0 28
7 164 160 81 172 126 157 107 40 108 70 0 32
8 132 182 108 79 79 136 82 75 188 97 0 40
9 129 116 184 77 45 138 196 72 75 168 0 44
5 93 130 152 48 100 103 134 126 125 59 0 22
7 159 157 136 61 125 145 74 82 49 129 0 33
6 149 95 87 196 89 152 53 85 180 76 0 26
10 89 142 151 151 187 61 67 46 163 89 0 49
6 174 155 141 40 140 50 95 124 102 146 0 30
9 53 116 77 62 193 121 61 88 92 59 0 41
9 171 124 145 168 54 185 43 61 198 48 0 44
8 195 197 51 164 143 140 116 184 48 184 0 38
4 50 105 53 98 58 65 122 195 184 90 0 18
7 62 118 97 196 54 160 107 130 90 52 0 31
4 54 114 51 137 102 108 85 184 109 77 0 16
3 106 58 94 104 80 95 59 60 193 132 0 13
2 52 52 185 130 61 177 181 154 178 78 0 10
4 195 99 161 166 143 147 68 118 137 197 0 18
7 165 166 62 91 74 132 177 41 100 119 0 32
8 114 95 143 54 56 182 165 191 189 134 0 40
2 172 136 136 143 162 149 52 163 69 110 0 10
10 98 72 138 46 45 186 62 167 89 41 0 50
5 170 124 113 70 177 188 71 132 72 180 0 24
8 188 79 97 180 178 193 132 176 85 104 0 37
5 63 118 128 88 154 198 136 173 130 44 0 25
6 143 146 88 92 102 68 75 176 128 122 0 27
9 151 188 149 155 124 185 111 96 124 88 0 45
6 45 56 174 118 44 87 107 96 155 157 0 30
2 153 163 166 88 180 44 198 144 89 185 0 10
5 56 153 87 48 63 43 141 74 50 120 0 23
10 126 165 77 57 78 139 112 63 49 180 0 48
2 197 172 97 191 141 58 92 70 193 72 0 10
6 104 62 190 54 89 50 87 103 63 155 0 30
10 175 177 129 77 61 62 137 128 108 182 0 47
9 46 198 131 112 174 89 58 174 160 190 0 43
5 112 136 63 115 134 138 133 153 184 147 0 23
9 177 113 60 141 81 121 51 120 147 193 0 41
10 56 128 62 168 51 155 84 175 134 81 0 49
6 193 109 100 105 74 175 66 180 113 104 0 28
3 191 84 48 75 173 100 87 71 145 193 0 14
7 138 83 73 170 130 92 178 139 153 57 0 32
3 180 175 48 71 161 119 186 59 103 50 0 11
6 97 192 193 121 44 189 152 44 100 64 0 29
9 155 61 56 199 101 59 40 71 48 133 0 42
10 106 123 185 58 42 58 156 76 196 84 0 49
4 85 195 122 40 71 86 139 54 167 91 0 19
10 111 191 44 79 108 102 184 178 137 49 0 46
4 131 166 114 129 178 165 48 115 166 90 0 20
5 121 58 146 95 77 147 157 151 196 75 0 24
5 195 125 168 68 121 49 197 173 124 118 0 22
10 190 169 108 83 89 79 49 42 99 120 0 48
6 183 191 66 71 165 176 106 88 50 41 0 30
5 70 156 195 181 160 106 109 124 58 50 0 22
7 123 62 78 91 175 104 128 138 177 83 0 32
7 104 55 175 72 187 49 74 174 164 120 0 33
9 175 120 124 46 161 52 98 162 99 182 0 42
9 51 59 135 130 79 118 159 144 68 188 0 44
4 92 49 141 164 55 107 183 78 141 154 0 18
4 47 89 89 98 180 136 120 46 77 159 0 20
5 176 54 114 46 45 84 91 161 176 154 0 23
3 168 177 189 144 108 89 167 178 109 190 0 15
6 138 178 42 50 147 174 138 111 111 122 0 26
5 120 183 77 132 125 118 66 68 82 130 0 25
8 85 145 146 172 199 123 191 111 54 79 0 37
9 169 190 64 191 64 71 161 102 88 56 0 44
8 52 107 40 78 62 135 153 177 146 192 0 38
7 61 116 153 158 132 127 157 168 150 174 0 34
9 152 133 196 172 147 132 188 104 188 106 0 41
5 111 74 103 149 123 85 170 99 173 181 0 25
6 40 178 53 192 142 114 103 159 96 67 0 29
5 119 135 110 158 190 87 164 150 174 94 0 25
10 160 46 103 44 74 166 180 165 56 162 0 49
6 137 47 153 97 104 121 177 187 132 152 0 30
9 55 44 98 42 138 93 72 143 118 83 0 42
7 64 60 85 161 176 143 190 143 149 170 0 35
9 57 153 196 68 112 147 155 75 55 114 0 43
4 152 74 144 87 157 58 89 56 141 161 0 19
4 70 167 165 147 133 145 69 44 151 159 0 19
7 86 75 179 67 51 56 143 191 86 60 0 32
9 159 130 89 157 97 118 81 130 121 46 0 41
3 185 144 82 192 57 86 54 61 134 67 0 12
4 105 103 80 188 135 170 127 181 109 70 0 17
6 48 79 182 64 62 57 61 112 43 182 0 29
6 103 69 144 83 132 167 74 47 88 151 0 30
10 121 93 79 184 132 90 117 73 116 106 0 46
4 126 149 195 195 166 56 123 152 52 43 0 16
9 126 170 167 92 88 116 163 78 68 95 0 45
6 58 189 147 97 97 108 162 43 97 179 0 28
8 127 168 76 188 82 75 93 136 129 197 0 37
5 54 69 60 165 169 159 68 108 109 195 0 21
4 120 130 112 116 198 54 111 162 66 59 0 17
5 171 134 175 120 135 100 60 68 180 137 0 25
3 186 73 134 187 190 132 101 42 176 180 0 13
7 70 111 139 195 168 163 97 174 85 145 0 35
3 71 196 141 192 122 180 118 128 193 101 0 11
7 199 191 111 170 91 108 176 88 83 67 0 32
5 156 182 172 71 74 192 83 68 90 124 0 24
8 150 153 164 120 189 78 43 118 106 133 0 38
3 58 87 43 73 120 77 40 168 83 110 0 11
10 182 168 60 60 141 46 197 84 87 54 0 48
10 110 155 97 148 154 114 178 188 153 50 0 46
2 162 171 100 128 57 70 77 149 112 63 0 10
10 102 63 103 178 188 172 149 95 150 87 0 48
6 94 139 197 123 144 141 167 126 179 58 0 26
3 40 104 185 64 108 55 77 41 51 99 0 13
7 165 147 116 124 120 188 135 147 59 193 0 34
8 40 132 142 167 91 171 78 47 157 42 0 37
10 43 105 57 114 99 104 171 168 89 178 0 50
5 191 158 169 108 63 90 44 181 148 89 0 25
7 172 75 197 71 182 177 186 196 47 81 0 32
8 98 162 58 142 192 80 48 142 54 108 0 37
3 93 89 62 106 99 44 150 60 115 63 0 13
3 110 176 75 184 126 134 131 117 62 52 0 12
4 106 127 122 70 91 73 135 181 63 179 0 18
9 133 164 104 148 64 195 137 162 75 87 0 42
10 175 131 66 50 79 137 116 164 148 139 0 50
6 81 54 43 44 133 130 89 103 83 196 0 29
10 120 161 170 46 83 131 127 164 56 128 0 48
6 175 97 189 182 66 191 73 171 95 154 0 29
6 58 69 189 72 128 171 68 176 186 138 0 29
7 155 190 127 103 132 170 83 133 163 153 0 33
7 176 95 156 62 179 116 196 99 101 145 0 33
4 112 176 97 182 171 170 143 129 144 97 0 16
9 124 75 87 57 195 123 85 172 101 55 0 45
5 74 197 176 78 79 178 54 115 99 101 0 21
10 122 73 170 123 86 140 178 142 137 174 0 49
10 158 165 101 192 44 105 103 117 146 145 0 49
8 122 137 61 78 179 146 133 73 123 70 0 36
7 85 79 84 186 132 134 161 53 48 171 0 31
9 77 48 183 192 134 100 83 198 133 191 0 44
4 156 148 132 146 173 60 100 42 158 142 0 16
8 78 93 82 132 96 117 157 151 113 172 0 39
4 105 91 68 101 46 182 157 110 184 43 0 17
9 42 151 97 180 160 109 134 153 75 143 0 44
7 79 158 79 79 174 135 97 143 68 145 0 31
3 50 162 70 91 142 137 137 107 163 184 0 13
4 174 85 124 198 190 195 173 101 97 112 0 16
8 89 81 105 159 117 197 121 168 77 166 0 38
3 48 112 99 134 106 44 106 125 111 66 0 13
8 71 175 143 141 188 64 148 100 93 139 0 39
3 138 125 77 184 151 110 174 124 56 93 0 15
9 46 128 98 157 134 105 47 79 78 188 0 43
5 83 132 51 79 170 197 192 139 104 183 0 21
5 156 74 48 182 52 73 187 99 150 91 0 25
7 128 158 95 66 174 127 124 53 195 170 0 31
8 170 111 76 182 166 178 73 163 86 196 0 39
3 173 146 168 173 180 75 185 54 191 98 0 11
4 49 136 131 43 118 182 144 160 85 94 0 16
8 175 180 197 163 154 178 143 140 174 198 0 37
9 116 194 196 135 120 149 145 198 77 78 0 41
8 103 148 103 54 160 102 48 176 106 105 0 36
7 80 108 99 77 72 159 134 124 194 68 0 33
10 109 128 56 78 127 58 113 185 93 181 0 46
2 106 113 55 48 43 152 168 109 61 40 0 10
5 155 110 147 119 103 50 166 167 178 95 0 25
4 45 96 161 130 173 106 64 158 188 175 0 19
10 44 48 166 73 198 115 54 114 84 152 0 47
8 176 190 148 179 159 163 124 55 110 140 0 36
5 78 88 84 101 163 93 60 174 51 144 0 24
5 127 143 96 88 93 173 96 85 89 172 0 22
5 100 66 175 193 64 99 135 93 95 118 0 25
10 187 131 54 76 176 53 55 48 110 193 0 46
5 124 74 150 97 160 78 48 137 123 72 0 24
7 117 89 139 76 162 83 163 111 44 95 0 32
8 98 170 169 99 85 112 168 56 44 123 0 38
3 86 125 89 108 97 145 77 149 171 195 0 11
8 192 191 174 137 103 128 121 141 108 137 0 37
7 159 81 104 143 50 68 77 137 182 178 0 33
8 111 58 61 110 132 193 113 48 65 56 0 39
5 106 122 165 77 197 145 176 175 164 106 0 24
8 103 78 74 40 119 47 104 123 129 165 0 40
9 125 122 158 63 130 164 178 109 75 71 0 44
6 192 176 147 41 166 163 121 127 114 168 0 30
4 168 122 188 68 122 107 84 74 144 157 0 19
6 169 147 74 85 147 83 106 161 79 63 0 30
4 83 129 78 145 70 66 130 90 68 166 0 20
5 128 159 137 111 134 194 139 101 153 93 0 23
7 71 103 187 157 108 86 128 197 150 53 0 34
2 104 99 116 132 151 66 187 89 119 110 0 10
8 112 48 141 65 136 175 40 95 172 171 0 38
8 99 164 186 190 196 59 125 102 101 84 0 39
7 70 76 157 126 118 66 113 154 53 176 0 32
8 131 89 114 66 126 72 97 94 110 78 0 38
9 195 191 167 87 58 152 125 75 184 48 0 44
5 91 50 43 100 151 145 131 74 195 130 0 25
10 133 191 67 179 80 183 174 178 58 135 0 49
6 154 41 148 184 154 126 183 132 140 44 0 30
8 103 94 165 160 87 120 74 182 97 182 0 37
6 186 111 51 157 111 114 104 107 43 97 0 29
9 83 116 85 57 176 99 41 156 152 191 0 43
8 148 82 48 83 58 105 179 118 161 95 0 36
9 177 77 148 165 139 151 151 110 118 150 0 42
6 150 99 167 128 195 99 153 190 158 118 0 28
6 124 138 155 184 63 72 53 158 78 95 0 27
7 101 86 141 181 81 59 77 193 140 129 0 34
6 57 84 122 58 97 125 183 186 77 46 0 27
6 126 144 192 118 153 194 191 192 60 86 0 28
9 99 79 125 147 145 54 164 48 108 76 0 41
5 112 79 161 77 158 53 74 120 186 63 0 21
10 92 45 43 156 69 144 193 64 65 79 0 49
5 70 135 42 120 129 162 140 98 106 180 0 24
3 66 150 143 87 102 84 132 73 119 51 0 12
9 73 176 166 113 116 91 143 57 106 108 0 43
5 66 141 73 68 148 52 147 192 170 61 0 22
9 162 179 59 44 124 179 173 120 58 142 0 43
9 110 134 159 179 63 40 48 121 69 182 0 45
7 46 191 56 164 189 116 62 75 162 64 0 32
4 155 162 56 106 83 76 186 106 97 137 0 16
3 108 176 166 66 107 127 55 131 67 158 0 11
10 123 173 45 135 97 50 186 110 44 140 0 48
7 145 151 177 195 75 112 48 142 52 133 0 33
7 61 91 132 104 79 182 181 132 41 130 0 34
8 62 149 176 56 126 78 198 49 147 154 0 37
3 106 152 108 182 67 61 185 180 100 131 0 13
9 54 69 43 166 54 116 100 70 163 64 0 41
4 179 161 62 48 105 111 174 176 70 178 0 16
3 199 108 188 172 190 178 62 92 98 124 0 13
7 127 69 139 198 71 190 45 58 58 60 0 34
9 71 108 162 153 132 183 140 63 90 94 0 41
10 195 160 162 106 166 135 184 166 149 60 0 50
3 50 74 194 101 79 90 58 102 183 116 0 11
6 98 167 128 130 77 152 189 168 142 117 0 29
5 159 46 81 172 91 161 110 110 149 63 0 24
8 115 135 199 56 91 113 89 184 94 60 0 37
6 52 157 145 141 51 156 65 151 116 56 0 30
7 127 66 41 184 113 147 160 49 74 52 0 34
3 165 118 192 128 89 121 80 112 47 148 0 15
8 139 100 46 176 149 121 139 47 127 41 0 40
10 186 173 41 116 91 70 171 155 162 136 0 50
6 75 103 81 162 79 112 106 187 101 150 0 28
9 135 162 70 133 112 58 94 184 160 112 0 41
7 167 154 41 198 124 180 64 168 83 184 0 33
8 141 145 177 95 60 42 104 53 177 106 0 36
9 56 115 66 176 139 41 176 161 108 74 0 45
3 190 182 44 143 191 89 102 62 126 43 0 14
6 168 179 74 164 65 49 182 193 93 164 0 30
6 80 181 183 48 48 188 159 76 115 55 0 29
5 85 61 135 133 176 151 133 189 162 180 0 24
5 152 146 108 165 186 54 138 65 113 155 0 23
9 197 86 145 89 74 123 139 97 70 54 0 42
7 87 144 193 159 145 83 195 141 60 173 0 34
6 130 139 184 63 85 189 149 159 117 89 0 29
2 102 68 143 182 168 62 132 145 132 97 0 10
3 185 180 96 74 156 153 172 160 89 93 0 12
9 116 113 47 188 43 167 54 180 71 150 0 41
5 114 64 87 120 135 102 132 66 193 84 0 24
8 93 64 77 103 174 42 48 134 121 57 0 37
5 56 57 41 156 144 61 143 135 174 77 0 25
7 92 99 56 118 43 106 106 105 122 65 0 35
5 162 121 60 180 118 46 96 73 151 146 0 24
8 81 182 80 191 157 170 118 128 158 180 0 37
3 180 98 170 159 51 177 193 57 152 141 0 14
9 164 135 155 96 79 62 142 68 116 126 0 45
6 104 58 115 182 106 95 139 60 160 117 0 27
10 156 44 106 98 108 48 161 154 140 52 0 48
8 86 60 176 79 126 84 102 181 182 100 0 36
6 192 178 148 161 62 106 110 144 120 43 0 27
3 132 135 116 155 110 106 154 156 166 156 0 15
9 110 77 71 134 94 67 72 93 160 101 0 44
7 180 178 135 177 92 185 166 155 51 72 0 32
6 181 83 131 59 66 83 177 68 164 50 0 30
6 58 91 82 150 168 90 163 93 49 168 0 29
6 74 106 134 81 136 64 91 157 146 137 0 30
3 116 185 99 58 109 139 159 184 98 57 0 11
5 92 122 51 132 147 189 58 77 181 50 0 22
8 82 144 125 49 80 114 191 149 75 178 0 36
5 159 42 193 118 197 149 101 90 53 197 0 24
9 114 110 166 70 129 177 147 148 194 83 0 45
7 191 50 130 71 163 52 183 99 154 193 0 31
4 76 60 198 68 84 117 102 54 142 74 0 16
4 74 182 133 147 68 62 168 197 162 174 0 18
7 154 193 53 129 81 128 172 107 160 117 0 34
7 71 79 136 106 58 179 77 118 57 97 0 31
7 93 140 48 139 114 44 94 44 45 99 0 32
3 61 96 131 73 81 164 93 101 76 168 0 14
9 144 105 87 172 83 112 188 154 147 111 0 44
7 127 45 135 130 152 153 88 169 127 182 0 33
9 185 176 46 130 121 53 137 138 130 187 0 43
3 197 63 123 101 174 128 153 136 117 123 0 13
4 184 177 175 121 124 59 111 64 162 168 0 20
10 166 198 183 182 173 98 120 197 92 168 0 50
8 95 150 129 136 72 93 150 130 58 187 0 37
10 189 138 75 168 49 89 179 184 52 122 0 47
7 157 50 97 143 134 148 181 144 97 54 0 34
10 52 61 85 195 149 59 161 40 144 65 0 47
10 77 136 109 197 67 112 63 44 180 99 0 50
3 163 170 88 66 84 169 128 196 188 154 0 15
4 125 85 46 131 178 186 127 145 132 173 0 16
8 64 130 128 103 107 55 80 151 83 191 0 39
7 112 48 176 111 130 62 62 135 152 91 0 33
3 147 89 50 188 181 129 138 133 177 126 0 14
6 120 190 155 93 134 104 71 188 185 192 0 30
10 104 41 174 64 192 75 188 74 135 128 0 46
5 95 136 169 141 104 106 145 42 147 122 0 22
8 104 143 59 197 52 183 56 60 54 91 0 40
5 147 168 111 64 110 121 173 130 130 197 0 24
4 190 91 197 176 88 148 55 65 175 186 0 16
5 193 143 179 126 154 51 124 172 159 196 0 23
9 46 193 184 76 60 119 188 81 52 180 0 41
7 132 90 146 48 118 157 143 127 127 171 0 32
5 181 133 77 156 85 103 104 156 122 136 0 24
5 42 105 84 41 74 186 192 53 136 104 0 24
6 106 45 45 58 89 53 153 126 173 111 0 29
6 100 58 170 165 168 62 66 49 162 118 0 30
9 97 87 135 80 91 64 55 180 68 129 0 44
6 132 165 104 140 118 90 52 59 150 159 0 27
3 112 93 77 197 72 64 149 148 183 190 0 12
7 164 82 105 70 141 147 131 145 178 78 0 34
6 60 44 58 145 185 151 145 138 81 64 0 27
8 104 150 120 51 103 85 143 100 154 155 0 36
6 81 161 74 160 171 104 51 116 139 112 0 26
7 195 87 43 136 128 180 72 102 155 146 0 35
2 170 43 181 148 173 41 178 168 94 154 0 10
7 77 49 43 110 167 186 103 72 146 125 0 31
7 173 101 146 142 92 66 81 69 97 158 0 31
10 62 50 117 62 130 134 185 78 108 192 0 49
5 118 151 114 157 95 66 60 154 63 44 0 22
8 49 96 106 148 166 93 51 114 42 174 0 36
4 43 131 89 161 62 172 122 44 59 131 0 16
5 194 95 97 190 98 156 66 153 120 196 0 23
8 193 81 48 45 154 43 41 61 52 42 0 38
6 106 99 106 57 187 69 76 48 49 43 0 27
4 189 58 47 114 135 69 80 64 60 160 0 16
8 163 44 52 152 76 72 156 163 164 184 0 37
7 192 152 168 86 180 147 112 151 46 156 0 31
4 186 105 151 134 84 165 78 107 149 54 0 18
6 54 122 104 106 137 102 164 157 188 105 0 26
9 127 97 170 102 173 123 149 108 60 101 0 45
5 131 109 106 48 172 79 69 87 81 122 0 23
3 196 136 89 160 91 107 126 58 62 151 0 11
9 100 136 107 146 90 157 142 68 161 145 0 42
6 42 180 190 107 199 156 99 193 147 146 0 27
3 88 168 90 177 70 176 174 147 128 168 0 11
4 45 77 58 167 90 169 73 68 97 190 0 16
9 107 168 161 116 96 117 186 83 149 130 0 45
5 79 101 150 135 126 52 92 93 136 92 0 22
3 105 114 137 79 115 87 189 158 184 84 0 12
6 134 189 149 97 129 91 92 86 86 195 0 28
7 181 94 43 139 114 115 134 121 163 52 0 33
9 68 175 99 111 148 50 182 197 177 179 0 41
5 97 173 192 109 183 44 130 182 132 126 0 23
8 43 142 52 45 110 117 81 75 138 145 0 40
6 46 84 162 120 157 175 114 176 44 162 0 27
4 181 104 68 77 184 145 106 122 173 133 0 19
9 116 53 193 120 159 197 103 163 173 187 0 45
5 85 184 143 57 189 196 55 69 93 167 0 21
7 55 52 183 67 160 75 84 136 149 75 0 35
7 163 68 51 135 126 105 43 74 122 154 0 33
6 49 145 173 155 66 47 123 126 159 193 0 26
10 41 120 150 129 80 81 187 133 92 124 0 48
7 127 114 153 193 108 133 155 172 170 156 0 31
10 176 121 60 79 47 146 84 139 181 91 0 48
10 153 83 128 198 176 53 167 79 45 40 0 49
10 75 140 105 140 130 186 123 147 40 185 0 50
10 107 129 161 177 118 155 147 43 102 53 0 46
4 190 176 173 149 95 193 81 107 102 168 0 18
7 157 136 182 71 110 188 148 47 129 184 0 35
10 164 89 123 186 187 84 50 71 73 196 0 46
10 123 159 176 133 97 98 46 178 184 193 0 49
2 184 158 153 105 149 94 133 111 127 143 0 10
7 43 85 190 148 46 166 164 181 197 168 0 32
6 55 80 102 90 141 186 118 112 118 97 0 26
6 148 104 181 87 169 164 178 101 173 119 0 26
5 164 75 168 122 182 152 139 170 184 175 0 22
10 165 112 172 176 160 150 172 57 120 172 0 47
4 135 131 78 43 99 45 102 149 176 120 0 19
10 191 60 187 105 177 176 193 191 108 160 0 48
6 63 93 47 91 118 40 122 79 54 175 0 27
3 155 144 121 87 172 130 74 41 132 198 0 12
5 174 182 63 143 115 189 44 106 160 145 0 25
7 166 57 150 99 130 193 85 160 177 74 0 35
4 79 195 76 85 188 94 138 151 193 147 0 18
7 188 164 129 47 84 119 141 125 97 164 0 31
6 119 153 198 87 56 81 187 129 45 77 0 26
5 139 70 163 146 158 44 107 150 135 106 0 21
5 142 124 133 47 108 151 158 106 195 198 0 24
3 56 173 60 114 62 195 96 99 158 71 0 13
9 194 77 132 197 70 62 139 46 64 166 0 43
2 151 177 198 197 120 42 48 149 189 112 0 10
9 181 66 46 177 188 110 182 101 176 177 0 43
10 97 79 119 177 178 137 82 104 175 85 0 47
6 46 69 139 45 79 79 60 194 178 149 0 27
5 169 148 191 157 162 196 87 172 76 189 0 21
8 93 66 99 67 179 184 43 57 152 58 0 36
8 136 157 182 129 135 186 135 136 116 44 0 40
6 183 79 74 114 188 120 193 104 138 41 0 27
5 112 68 69 72 170 64 112 129 107 166 0 21
6 167 194 197 52 82 75 102 101 184 190 0 30
10 49 111 132 168 72 190 58 143 127 90 0 49
3 187 47 139 62 86 152 101 178 113 74 0 13
10 56 108 170 70 166 71 75 194 50 106 0 50
7 101 67 141 141 182 199 67 142 129 97 0 34
7 164 46 186 101 79 164 101 141 155 87 0 33
3 152 108 128 46 185 89 64 166 197 60 0 15
9 187 190 141 83 182 93 80 118 184 71 0 41
8 183 53 94 73 55 60 162 191 124 155 0 39
4 148 41 66 120 199 168 75 67 170 143 0 19
7 45 186 131 64 171 189 102 60 72 112 0 33
10 139 124 69 155 170 148 147 154 68 62 0 50
8 126 62 167 113 66 153 195 67 56 78 0 40
5 104 76 115 117 191 138 123 116 91 87 0 22
6 176 45 123 76 126 131 118 139 87 170 0 27
10 148 170 140 129 81 179 178 160 49 87 0 46
7 55 98 79 146 139 58 114 139 116 58 0 35
9 174 107 152 147 155 89 124 118 63 75 0 42
7 43 177 46 43 167 104 186 199 168 138 0 31
5 153 159 61 111 82 115 86 112 72 114 0 24
10 111 154 179 71 165 101 86 56 161 111 0 48
7 56 64 190 87 116 47 116 123 145 129 0 32
9 48 112 143 63 114 181 179 106 49 113 0 42
7 94 61 182 193 142 151 181 156 90 174 0 35
7 175 52 112 66 107 125 99 145 197 72 0 34
4 63 116 62 44 113 61 105 170 112 65 0 19
3 69 73 45 159 178 42 143 171 146 98 0 12
4 192 128 190 98 178 104 59 108 185 149 0 16
4 91 195 74 71 133 136 153 111 157 122 0 18
3 112 193 116 67 152 112 170 89 113 97 0 15
10 78 148 145 68 97 64 130 46 162 122 0 49
6 188 76 145 109 199 113 132 85 135 143 0 30
10 176 134 103 192 102 142 113 142 47 115 0 50
10 160 174 151 186 193 108 40 132 104 141 0 47
6 194 44 120 159 65 184 58 196 132 41 0 26
6 128 152 155 167 156 192 150 41 73 162 0 28
7 106 46 170 95 93 68 158 154 175 63 0 31
10 153 69 141 77 136 47 131 159 161 71 0 49
4 81 111 116 130 93 188 110 129 132 73 0 20
4 109 112 86 140 51 109 79 80 88 94 0 20
7 170 47 125 193 153 125 96 112 58 136 0 34
9 182 44 191 65 199 175 63 146 147 74 0 44
7 197 157 163 104 157 75 60 135 166 60 0 31
10 140 44 138 55 180 109 195 108 65 133 0 49
5 168 113 100 118 103 48 79 69 128 67 0 23
5 136 149 190 192 56 80 94 139 138 171 0 22
6 71 152 66 188 62 133 97 101 96 111 0 27
2 144 93 42 45 99 58 193 116 152 153 0 10
6 155 129 136 131 170 105 96 104 189 79 0 27
5 177 178 99 40 190 139 156 182 172 99 0 24
3 186 112 98 57 57 132 176 50 107 87 0 11
7 188 120 110 78 101 142 149 120 113 196 0 31
3 126 176 69 41 167 134 60 93 157 90 0 13
6 98 159 143 119 89 138 128 64 123 66 0 30
10 87 122 159 183 106 126 174 87 122 153 0 46
6 163 170 59 149 160 72 96 51 141 162 0 28
10 84 84 62 169 59 126 86 176 160 155 0 50
7 116 156 130 89 133 49 173 174 56 72 0 33
3 137 105 77 168 186 165 179 44 192 170 0 13
7 100 64 121 87 63 136 132 95 124 108 0 34
10 164 73 143 130 122 124 162 189 134 149 0 47
8 169 48 139 125 47 75 103 106 56 60 0 36
4 87 111 41 153 97 56 178 190 80 126 0 17
10 91 116 170 128 163 159 62 99 60 188 0 50
9 143 137 43 170 164 154 139 108 122 168 0 45
5 76 42 166 139 174 70 173 154 85 148 0 24
6 62 65 197 52 90 162 194 195 82 185 0 30
7 108 70 129 100 164 83 91 136 111 48 0 32
8 157 99 171 103 121 166 150 168 72 74 0 38
4 126 124 191 168 129 47 98 171 160 138 0 16
10 156 196 50 112 190 184 103 160 180 51 0 50
4 82 52 159 174 52 132 76 193 183 137 0 18
10 141 45 105 189 121 192 174 143 178 188 0 49
7 109 171 77 161 58 162 191 160 102 161 0 33
5 184 106 43 103 136 112 50 197 102 189 0 25
5 121 189 139 129 92 65 42 112 91 76 0 23
4 124 121 113 73 152 143 48 196 160 156 0 19
10 139 121 161 113 182 54 161 85 99 174 0 46
4 143 74 156 87 70 174 84 148 79 66 0 17
8 44 112 100 97 155 75 186 116 196 75 0 39
3 41 167 149 107 96 110 103 60 53 108 0 11
6 185 174 153 112 65 137 91 134 152 183 0 27
7 87 117 56 125 160 81 188 161 66 145 0 34
3 179 121 159 174 186 157 199 193 112 48 0 12
5 102 70 54 182 97 162 183 128 56 96 0 24
9 188 186 78 144 82 147 186 50 184 74 0 43
5 44 65 121 132 77 43 123 89 130 107 0 21
2 84 172 155 87 120 101 199 128 46 83 0 10
3 142 198 110 190 126 114 121 178 172 98 0 12
3 105 149 155 170 103 113 52 41 87 58 0 13
9 64 62 166 144 145 179 124 92 63 128 0 45
7 172 56 126 103 96 118 101 89 148 192 0 33
10 114 52 194 66 121 145 77 104 156 145 0 50
9 89 161 120 176 110 88 154 67 137 116 0 42
7 116 163 99 77 62 145 66 162 53 82 0 32
8 89 48 145 89 150 133 128 42 85 115 0 39
10 40 167 140 132 193 177 96 193 129 174 0 46
3 167 84 93 68 58 135 129 162 119 141 0 15
6 64 132 152 171 110 54 162 155 125 137 0 26
6 49 124 193 169 44 52 183 74 134 58 0 26
7 94 86 182 86 119 191 52 197 139 73 0 31
10 93 57 52 54 155 56 143 175 121 196 0 47
3 155 129 89 81 137 51 81 171 111 81 0 14
9 87 140 54 142 95 106 99 150 174 137 0 43
9 192 75 91 71 44 198 151 118 55 147 0 44
8 58 56 73 136 70 154 75 156 187 80 0 37
8 108 102 88 186 177 123 118 159 42 80 0 37
6 81 60 99 133 143 116 60 107 133 69 0 26
10 96 68 110 182 187 158 176 186 155 195 0 49
3 170 42 169 131 131 58 191 164 151 98 0 12
10 120 72 51 79 93 126 77 174 76 77 0 47
9 193 70 83 180 68 194 52 157 83 139 0 44
3 64 41 92 46 166 119 137 66 119 95 0 14
2 132 40 109 46 168 43 159 126 83 114 0 10
5 114 147 45 193 82 168 129 145 186 115 0 21
4 83 134 175 68 116 154 92 184 60 62 0 19
3 81 70 65 159 147 111 75 70 175 72 0 11
9 192 164 113 188 120 91 80 112 120 74 0 44
7 69 121 132 157 189 119 115 100 138 58 0 35
9 162 96 52 175 55 62 106 179 42 87 0 44
9 113 77 85 147 179 106 113 199 194 184 0 43
8 138 128 96 187 185 60 183 86 89 102 0 37
3 180 145 197 109 96 50 165 117 73 70 0 12
5 161 146 159 103 166 124 190 77 195 51 0 21
3 154 90 85 81 189 60 194 121 54 96 0 15
4 188 79 40 185 63 137 66 179 61 182 0 17
6 168 56 68 47 167 195 52 87 184 167 0 26
5 102 129 57 168 58 85 137 113 88 151 0 23
4 103 62 41 104 96 149 162 105 172 120 0 19
4 64 158 121 56 135 68 163 75 85 87 0 20
6 47 147 71 138 82 164 179 82 163 106 0 26
10 102 166 162 118 117 148 60 41 178 162 0 50
4 63 170 104 197 79 182 182 193 110 62 0 19
5 69 99 162 161 93 74 97 127 80 124 0 23
10 195 142 135 89 198 107 60 77 182 178 0 46
9 122 100 48 186 64 148 46 198 98 136 0 43
10 62 121 66 150 87 167 180 50 99 57 0 46
9 133 40 99 189 152 97 54 133 102 108 0 45
10 43 74 118 95 99 164 65 69 60 91 0 49
3 179 85 140 156 50 149 176 116 48 179 0 15
6 45 157 140 180 74 114 196 47 193 60 0 28
7 71 168 113 87 137 113 41 139 119 174 0 35
6 113 99 95 57 158 195 178 110 179 113 0 28
7 168 145 130 174 57 184 87 113 134 108 0 35
5 138 102 166 110 43 99 185 143 153 148 0 24
6 142 130 89 61 104 72 170 159 77 153 0 29
10 153 193 89 196 93 112 46 45 165 51 0 46
7 143 52 141 57 166 159 123 58 156 131 0 35
3 117 143 182 132 190 58 111 44 174 74 0 12
5 171 99 98 170 64 161 145 60 139 53 0 24
8 100 146 87 126 191 171 139 130 98 69 0 36
7 48 176 43 163 122 137 74 191 47 185 0 33
5 150 91 98 196 58 186 184 188 110 99 0 23
6 58 178 68 127 85 162 143 191 117 100 0 27
9 126 174 144 180 72 50 40 108 176 65 0 44
10 120 67 174 99 42 46 138 85 72 112 0 46
7 144 128 158 76 115 58 170 108 73 151 0 31
10 190 94 161 130 142 145 151 185 52 171 0 47
5 78 115 195 171 96 83 99 103 84 105 0 22
10 170 90 197 137 56 72 123 197 49 174 0 50
3 117 137 68 93 175 54 104 99 68 122 0 15
6 99 93 60 101 83 105 124 176 102 121 0 26
3 114 134 129 167 148 126 147 135 103 53 0 12
10 159 78 66 186 173 132 168 189 133 48 0 48
9 62 193 177 50 42 197 67 116 171 43 0 42
7 103 103 138 95 70 161 184 83 169 141 0 35
7 191 142 137 170 108 148 188 174 40 168 0 35
9 143 166 133 198 103 159 186 159 168 94 0 45
5 171 69 166 122 180 85 155 142 114 138 0 21
8 146 44 104 51 148 53 56 174 95 136 0 39
4 153 168 169 163 107 119 81 147 139 179 0 20
8 191 92 84 73 192 186 171 155 84 57 0 40
2 89 45 187 170 43 143 43 142 66 162 0 10
8 160 169 194 91 46 144 128 188 110 198 0 39
9 198 106 84 191 132 194 98 60 57 58 0 44
5 74 64 174 159 151 185 40 122 165 165 0 21
9 197 74 186 128 87 41 127 123 175 122 0 43
5 132 114 109 135 199 66 95 59 64 158 0 24
9 184 97 118 81 122 166 41 194 75 87 0 44
6 75 156 82 145 103 113 145 107 171 114 0 27
5 162 44 101 162 68 174 64 190 79 155 0 22
3 65 120 171 161 89 198 186 100 104 64 0 12
7 83 162 90 139 147 156 92 40 45 62 0 33
8 166 179 102 153 89 105 184 85 99 80 0 38
5 122 165 87 155 175 132 54 189 65 135 0 24
3 170 48 60 174 170 65 111 188 188 198 0 13
6 87 100 157 122 96 195 57 157 139 74 0 26
10 66 90 77 106 150 55 165 132 94 150 0 46
9 174 83 129 132 174 132 192 112 176 48 0 42
6 139 134 70 103 43 166 85 120 106 99 0 29
7 43 60 135 110 118 159 149 96 90 52 0 32
2 117 114 179 149 52 180 70 152 78 77 0 10
3 149 171 178 130 128 85 97 159 85 71 0 15
7 63 133 141 60 91 60 172 89 71 50 0 33
9 194 179 59 94 184 170 180 81 153 73 0 41
6 168 145 68 113 174 130 128 125 84 186 0 27
4 161 108 148 53 81 139 191 83 122 193 0 16
3 193 55 47 108 126 159 49 47 187 70 0 15
4 191 121 174 170 107 174 87 176 168 157 0 20
7 70 46 104 71 42 107 40 107 112 129 0 32
10 41 124 149 79 137 144 46 104 57 174 0 47
6 198 84 60 113 125 142 91 101 76 126 0 28
3 119 101 142 98 119 114 79 153 50 59 0 15
5 68 52 187 111 147 95 81 158 125 47 0 24
8 85 126 134 67 58 57 178 84 184 91 0 38
10 182 113 73 41 125 141 86 140 129 192 0 50
4 187 87 153 140 101 65 75 181 121 67 0 20
2 75 41 147 169 146 191 64 174 131 147 0 10
6 51 174 116 135 106 76 128 118 137 101 0 27
10 137 58 162 83 101 94 164 120 141 189 0 49
7 56 79 141 81 82 92 156 60 195 145 0 32
8 59 128 181 139 169 85 58 171 58 147 0 39
6 196 146 57 98 97 52 50 156 157 168 0 30
6 162 52 197 174 161 174 170 89 199 135 0 30
4 149 184 122 87 110 55 170 152 93 128 0 18
9 148 41 142 101 62 97 131 101 52 103 0 45
10 70 48 68 101 83 169 83 95 63 143 0 48
3 58 164 181 149 128 190 125 54 142 160 0 14
10 167 87 87 159 68 127 79 144 128 86 0 50
4 162 77 126 184 54 102 95 180 104 106 0 19
9 182 101 162 137 45 149 111 158 190 107 0 44
5 40 134 61 75 160 75 41 178 105 185 0 24
10 146 86 189 133 185 147 139 151 48 104 0 47
5 133 166 114 151 87 44 138 91 196 40 0 24
8 151 90 53 188 122 129 45 176 175 106 0 39
7 186 82 57 145 129 143 93 48 52 115 0 33
8 128 135 75 86 75 113 193 120 168 79 0 40
6 109 176 93 121 108 76 163 91 176 193 0 28
10 97 43 131 169 186 153 162 168 103 188 0 49
4 132 106 142 151 117 86 46 64 45 62 0 17
6 95 75 79 90 186 111 80 159 157 117 0 28
9 165 80 197 176 120 181 99 82 87 58 0 44
6 181 197 71 71 166 148 54 75 134 191 0 28
8 187 162 135 124 192 198 195 176 177 152 0 36
6 101 93 124 164 159 167 130 79 46 193 0 29
5 58 192 124 142 92 136 78 184 85 145 0 25
3 97 191 76 47 176 178 166 90 186 151 0 14
3 168 68 180 195 106 90 130 77 79 168 0 13
4 118 96 153 133 91 142 180 75 197 49 0 19
10 112 121 147 96 113 152 119 92 193 60 0 49
4 152 43 87 145 141 193 61 173 145 64 0 20
6 184 135 131 73 76 68 60 161 114 143 0 28
3 49 84 108 80 166 173 149 163 135 104 0 13
9 71 170 103 192 49 54 169 43 156 81 0 44
4 195 56 92 127 137 161 92 98 168 56 0 17
7 188 168 78 193 170 195 139 179 120 104 0 35
8 94 156 187 120 131 186 77 132 48 85 0 36
9 118 98 172 74 99 110 174 152 168 46 0 45
6 137 185 48 87 152 81 197 173 161 66 0 30
5 56 170 139 170 118 114 175 83 149 116 0 24
8 123 85 116 97 197 182 126 47 150 46 0 40
8 144 106 79 194 104 143 116 130 146 113 0 38
3 47 197 96 126 131 174 55 44 189 72 0 13
9 187 40 132 60 43 70 159 51 108 117 0 42
6 121 78 190 147 174 72 148 170 93 143 0 29
4 132 108 165 83 154 150 197 84 144 139 0 20
5 183 168 93 51 125 111 95 82 131 184 0 22
9 133 140 92 188 89 86 72 161 106 182 0 45
4 85 96 107 150 60 99 112 103 56 126 0 19
7 112 124 191 134 134 168 134 178 192 46 0 32
7 180 147 175 127 163 100 95 101 114 137 0 32
8 120 153 84 195 65 140 157 74 104 105 0 40
4 139 55 126 81 141 190 86 69 94 83 0 18
7 197 71 98 171 55 168 190 172 166 93 0 33
9 184 181 149 72 141 164 87 178 146 112 0 41
10 83 194 69 73 197 49 97 191 161 196 0 46
10 94 71 65 76 165 107 145 88 46 61 0 50
116 67 122 107 68 99 101 110 96 114
120 136 156 177 180 205 233 256 270 299
117 121 159 166 191 211 235 247 269 292
104 132 147 167 190 210 231 248 280 286
119 135 140 171 190 218 225 240 267 300
108 138 142 162 191 201 229 247 265 286
108 132 152 178 200 205 221 254 277 287
115 138 140 180 185 215 237 243 268 282
104 132 146 165 197 200 232 253 273 285
109 125 154 162 200 204 222 240 264 283
101 136 159 163 194 201 221 257 279 296
117 124 153 180 195 216 236 255 276 295
109 123 150 177 185 215 230 258 269 281
110 124 160 176 190 202 225 244 267 284
114 122 144 176 191 206 230 247 263 286
120 126 143 166 192 207 232 243 277 283
107 129 156 171 198 213 222 246 262 290
112 133 156 166 185 214 224 241 269 299
112 134 146 173 185 206 225 240 274 298
100 140 145 179 197 213 230 254 268 281
106 132 160 162 184 220 237 258 264 288
109 127 145 175 191 220 238 250 276 297
118 131 157 162 182 200 238 250 278 285
102 121 160 179 188 206 224 245 273 281
118 140 150 170 185 214 237 251 271 287
115 124 157 172 196 202 233 249 279 284
103 137 142 168 182 214 231 254 275 296
108 122 160 167 188 216 235 246 269 300
117 124 150 175 185 212 227 241 265 298
114 125 159 171 183 210 223 254 269 295
111 138 158 170 181 207 227 247 260 289
116 131 156 169 185 208 240 254 266 293
101 127 140 162 187 219 239 240 263 281
110 134 154 176 199 213 224 256 261 294
104 132 158 160 196 214 232 253 265 282
119 123 156 177 182 211 234 246 268 282
110 125 145 171 182 211 226 249 276 295
109 138 152 169 197 216 237 248 262 292
106 132 148 167 189 202 236 254 277 287
118 127 158 163 195 219 240 254 271 285
101 121 151 161 190 203 225 242 266 298
117 139 151 161 192 220 226 259 261 295
113 135 143 168 187 203 223 245 267 295
104 126 158 161 181 205 236 244 260 288
111 127 154 180 190 216 240 251 280 296
102 126 155 180 190 209 222 257 263 286
114 131 152 169 183 203 229 250 274 291
112 138 145 174 197 202 238 253 264 288
113 135 158 179 184 216 222 260 276 296
117 121 143 177 200 200 240 250 262 282
102 135 148 179 193 213 235 240 275 282
106 130 155 171 198 200 223 251 275 280
104 134 142 180 196 208 225 243 269 291
102 123 152 176 198 217 240 252 266 280
100 120 151 175 184 213 227 241 272 287
116 127 144 165 180 210 233 246 264 299
117 134 141 174 185 211 234 255 261 297
103 137 157 168 181 216 238 243 271 285
110 128 156 160 198 219 238 248 263 295
120 137 158 178 180 220 231 240 276 284
107 136 148 169 182 211 222 245 266 297
119 140 142 167 197 215 236 257 271 297
100 134 145 164 182 203 240 254 263 281
110 132 140 179 195 216 230 255 270 293
105 129 147 167 193 207 229 247 268 297
112 125 142 165 189 220 239 252 261 295
116 140 160 164 190 215 238 255 280 286
113 121 156 172 185 210 235 258 275 287
106 125 159 168 181 202 227 260 263 281
116 127 158 178 182 201 221 251 277 291
117 136 160 167 199 212 232 243 268 286
102 132 153 170 193 205 232 253 278 280
108 124 140 166 183 205 224 253 269 297
106 130 143 173 193 206 237 243 272 292
109 121 160 168 194 218 231 247 267 287
110 136 149 166 197 218 221 247 278 288
119 135 150 180 200 216 224 252 271 281
119 137 148 179 196 211 240 246 275 296
111 122 152 166 184 215 234 258 267 294
110 131 146 162 188 210 232 250 260 300
103 122 155 178 182 201 228 260 278 289
113 123 147 175 186 202 223 247 260 287
107 124 157 165 190 211 223 255 277 282
106 124 150 178 185 217 221 254 277 287
107 122 151 171 187 204 237 250 269 282
118 122 146 170 197 210 221 243 268 292
104 124 140 163 180 205 231 257 266 280
117 128 152 172 197 207 225 243 265 283
109 133 156 173 196 215 231 248 262 287
104 127 142 168 189 207 238 245 278 282
114 129 156 163 181 205 238 257 276 298
110 128 152 175 196 217 229 254 280 286
114 128 151 165 195 213 235 242 266 295
104 136 141 165 192 212 235 259 269 296
115 134 145 161 181 207 226 240 260 281
111 126 160 174 196 204 221 247 267 293
112 136 149 178 192 220 220 241 278 294
120 140 145 175 197 205 233 255 269 284
115 127 140 178 196 212 221 258 274 291
110 131 148 171 200 217 229 257 270 285
101 129 153 180 185 216 224 254 266 282
108 125 142 179 187 219 232 258 269 283
100 123 148 179 181 215 226 248 279 294
101 120 152 164 186 208 230 251 267 281
110 125 155 165 183 213 228 260 279 300
114 132 152 168 181 212 231 243 267 294
120 140 148 173 180 216 220 251 267 300
119 127 148 179 182 203 221 258 279 299
113 136 156 160 186 215 223 255 264 289
101 129 158 172 196 216 236 244 274 283
102 122 156 162 195 200 222 253 276 281
109 139 141 167 196 211 228 257 265 280
106 131 140 170 199 207 240 252 270 289
106 127 140 178 197 219 230 258 262 292
106 135 157 164 186 212 237 258 264 283
104 123 160 166 199 209 231 250 279 286
114 132 159 165 185 217 236 243 273 281
114 121 144 180 190 203 232 243 271 284
102 129 146 179 198 201 222 259 262 285
116 127 140 166 192 216 239 249 261 284
116 131 157 178 181 215 226 240 267 296
115 125 150 167 191 217 226 241 261 300
111 136 148 174 198 202 221 241 266 287
105 122 152 172 199 201 222 256 267 292
101 136 143 166 195 216 230 244 276 290
101 127 152 165 189 216 240 256 277 283
109 130 144 178 198 203 227 249 277 290
105 127 151 168 190 200 223 257 274 296
105 133 140 176 188 200 234 249 261 282
103 126 149 161 194 210 237 258 267 288
117 123 153 160 183 209 227 253 276 294
111 131 140 170 180 213 236 260 271 296
108 120 154 162 189 214 230 260 270 295
105 138 149 179 191 207 224 241 260 287
108 133 153 170 189 203 221 242 271 288
102 124 149 165 185 217 221 255 261 287
114 128 146 170 197 208 220 245 269 287
107 130 146 174 196 218 239 247 277 296
106 140 157 180 187 203 225 247 276 287
117 121 144 172 189 201 234 245 269 300
117 132 147 160 183 216 240 249 273 286
109 138 141 179 192 219 220 254 269 280
101 133 147 161 192 215 232 260 279 293
117 139 149 177 186 210 233 254 274 292
118 132 152 172 197 203 239 241 265 289
106 136 147 179 182 211 231 243 260 283
116 139 159 172 183 204 221 259 273 296
105 124 147 175 191 211 222 256 263 297
106 121 147 174 190 202 232 244 271 284
115 136 153 178 186 214 225 240 262 290
118 124 154 174 181 203 223 242 277 280
118 127 143 168 194 205 235 251 276 298
108 140 147 161 182 216 220 243 264 300
117 136 148 176 198 213 221 240 278 294
102 122 142 172 195 216 228 244 261 282
114 133 154 160 192 207 232 244 277 284
114 140 143 171 198 202 232 258 260 281
106 130 154 176 188 211 226 247 274 292
106 122 151 170 191 208 226 247 272 299
111 128 158 169 195 211 234 258 271 300
100 126 155 174 180 204 223 259 276 288
104 120 140 180 181 206 223 253 266 283
112 134 149 175 184 212 226 257 279 286
113 128 146 173 190 208 229 244 264 291
110 138 155 162 183 209 237 245 271 282
102 136 143 172 197 203 238 258 269 299
103 136 142 175 180 216 225 255 272 283
119 139 140 177 197 201 237 245 280 288
101 126 160 179 181 208 226 259 279 298
109 122 151 180 186 217 237 247 279 291
109 137 159 163 195 203 226 241 280 280
110 122 144 167 189 204 235 256 276 285
102 135 154 163 192 201 232 247 270 296
107 134 156 171 196 218 225 252 273 293
119 135 154 172 191 207 236 254 265 288
120 125 158 166 197 219 230 257 266 281
118 121 140 172 196 216 234 249 267 296
105 133 156 166 200 202 223 248 264 292
113 137 153 163 183 219 231 242 267 300
104 122 148 161 190 212 230 242 265 288
114 135 142 179 186 201 238 248 277 291
115 132 141 163 184 208 232 246 269 285
120 128 151 171 196 209 235 240 268 281
117 126 141 171 186 214 230 241 272 295
104 127 160 179 182 214 225 255 268 285
118 139 151 173 200 215 228 256 267 299
113 125 156 166 189 205 225 255 276 298
101 131 160 168 197 218 222 260 273 283
116 129 142 161 196 216 230 251 264 287
100 134 153 160 200 201 239 252 269 285
104 126 147 175 184 218 225 243 280 295
112 122 140 177 185 201 232 250 279 289
113 130 140 161 184 202 227 247 273 289
103 127 140 170 183 209 224 259 280 282
100 129 153 171 200 218 236 241 278 290
116 133 155 175 200 214 231 249 277 283
117 121 141 169 193 203 227 259 276 285
116 130 147 167 192 209 234 250 276 294
106 140 148 177 181 210 230 241 262 283
118 137 159 176 195 217 229 250 271 290
107 130 152 173 191 205 238 259 265 292
118 122 146 164 183 215 232 248 268 294
108 131 144 167 194 207 228 260 272 288
100 139 152 162 196 213 226 249 273 296
118 126 142 179 183 203 220 241 272 285
100 139 146 173 192 215 235 258 263 295
102 139 150 162 194 212 234 256 273 297
106 134 155 176 196 214 231 259 270 294
113 127 151 163 200 207 226 255 276 291
112 128 159 167 195 211 238 255 276 284
113 121 157 163 200 219 226 256 267 282
120 140 147 166 185 220 233 254 276 291
115 129 152 165 188 214 228 259 277 300
105 132 141 165 196 202 238 249 261 291
109 133 159 161 195 215 230 248 261 284
106 125 146 179 186 206 220 245 273 281
111 137 140 165 197 218 226 240 278 292
109 134 141 161 189 202 232 246 269 283
119 124 141 172 185 208 220 254 269 281
115 134 140 168 200 216 227 248 273 292
105 122 153 160 195 203 239 256 279 296
118 138 159 169 188 207 223 249 268 297
112 125 150 168 183 220 235 243 262 299
114 130 155 178 198 203 238 242 268 281
114 126 153 173 193 209 221 255 273 294
101 127 152 160 185 214 235 253 265 283
100 126 153 167 195 219 223 249 266 292
118 136 150 175 200 200 240 257 266 287
105 138 145 179 185 205 224 257 261 299
101 133 144 175 195 200 221 241 269 295
103 122 144 165 183 205 223 250 275 297
109 127 159 167 193 200 231 241 277 283
104 137 154 160 191 220 238 247 260 292
119 125 159 171 200 206 225 254 268 297
107 124 150 163 191 212 223 250 268 282
120 128 156 171 183 220 224 248 276 291
105 123 152 178 183 204 227 257 277 293
117 134 147 164 197 213 225 259 270 294
106 126 151 165 193 204 226 260 276 296
113 122 153 161 180 215 233 242 269 289
100 139 152 179 181 216 238 242 277 280
113 121 144 161 195 212 228 243 279 282
102 138 156 166 198 220 226 242 274 296
109 122 145 166 195 217 235 245 279 290
116 140 158 170 196 203 228 253 263 280
116 121 140 160 188 204 232 254 261 286
101 133 152 178 180 220 236 245 262 291
109 134 145 175 185 209 222 257 270 294
111 132 146 160 191 206 220 245 271 287
101 132 144 174 194 217 238 249 262 293
115 128 159 177 188 211 227 254 260 291
119 132 144 179 196 210 224 248 266 294
106 129 160 178 191 213 235 244 275 283
105 124 148 168 193 206 224 255 278 290
119 123 155 160 191 211 235 240 269 295
108 134 156 165 180 213 227 251 265 287
103 130 160 173 191 213 229 251 280 281
112 124 153 166 186 213 231 250 264 298
109 133 151 163 185 209 226 245 278 296
111 134 158 172 190 207 226 256 272 296
107 125 143 168 181 220 224 243 267 294
117 136 160 164 187 218 226 250 280 285
118 120 153 165 183 209 232 244 278 290
101 123 159 174 196 200 229 244 266 291
115 130 140 169 186 210 223 259 279 292
113 126 157 176 183 205 225 244 276 286
113 122 146 164 195 210 235 258 265 283
109 129 149 179 190 203 236 258 265 286
106 134 151 164 186 218 225 240 271 286
104 135 153 160 193 213 228 259 264 288
102 135 149 160 198 214 234 255 274 281
112 139 140 179 195 219 240 250 261 281
115 128 154 173 195 202 238 250 280 285
109 138 146 180 190 204 229 245 268 282
112 122 149 168 190 205 222 245 261 292
114 140 145 175 200 213 227 258 268 293
116 120 152 160 185 211 221 245 268 300
118 120 141 175 180 209 230 249 265 282
109 134 143 179 181 203 239 240 275 300
104 126 152 167 186 205 234 250 276 293
111 134 148 180 191 206 235 254 275 287
107 123 150 160 196 210 232 250 263 284
110 137 142 179 186 219 234 245 272 293
106 127 147 167 186 208 220 241 265 283
114 128 141 176 191 205 236 254 277 281
119 135 142 180 200 216 230 242 274 282
116 138 155 169 192 217 233 256 260 290
118 133 146 163 189 218 234 243 274 289
108 128 157 175 198 212 234 260 271 283
104 133 145 172 189 207 223 243 268 287
105 139 149 169 180 219 231 244 267 281
101 135 144 168 196 217 228 245 277 290
116 130 159 175 182 200 231 244 260 297
112 132 146 161 193 217 237 248 275 298
119 138 152 160 187 217 235 246 270 299
112 125 152 177 195 208 226 259 271 291
103 129 143 166 191 203 233 245 277 288
102 135 156 173 186 208 226 257 265 288
119 128 160 164 186 203 236 256 271 294
119 138 153 179 181 204 230 246 270 300
104 132 144 163 196 213 233 245 270 280
101 123 159 178 188 214 235 251 266 292
120 136 159 161 192 207 221 250 262 296
106 125 159 179 200 214 229 246 260 282
115 131 141 162 183 202 221 244 280 287
107 121 146 164 180 203 234 241 276 283
112 139 152 178 200 207 223 248 267 299
102 124 150 161 193 203 229 244 260 295
113 134 145 174 199 206 221 254 262 287
110 136 147 171 192 208 222 242 272 293
115 139 160 174 194 206 240 245 263 287
108 137 140 175 194 217 236 258 278 285
106 133 152 169 199 217 229 246 264 290
102 126 150 169 188 214 234 252 275 287
118 133 159 162 200 208 240 250 264 284
109 140 143 174 197 212 229 245 279 284
117 132 156 179 187 213 237 256 272 294
105 137 156 166 187 212 229 249 268 280
120 127 151 173 194 215 222 253 269 287
120 130 141 168 195 206 228 254 269 293
116 133 160 174 196 204 227 248 261 288
112 135 142 171 191 217 239 256 267 290
107 122 140 172 187 219 240 253 260 294
100 121 153 171 190 213 227 251 273 287
103 130 155 163 195 209 234 244 264 290
116 134 159 177 198 218 231 252 266 283
116 132 159 162 181 205 230 250 263 293
112 131 148 160 183 206 222 257 260 294
108 121 146 173 197 200 226 259 274 286
118 121 145 165 193 208 221 251 279 292
112 129 146 174 197 214 225 246 266 296
116 130 145 176 182 216 220 249 277 295
103 123 160 164 186 202 234 253 265 299
118 138 160 172 187 217 226 241 261 286
114 137 141 165 188 220 238 241 268 286
100 136 145 163 196 206 239 243 275 287
103 124 152 171 188 209 236 244 268 298
117 124 141 176 190 219 220 258 272 287
102 125 157 171 183 212 225 245 280 293
114 126 159 172 183 218 226 258 265 291
100 136 154 176 194 209 225 257 272 297
117 126 140 175 192 208 235 254 279 296
106 133 146 174 199 204 234 259 263 298
119 138 143 160 188 215 227 254 276 282
108 136 150 166 195 217 226 253 263 292
115 127 144 173 199 207 235 250 260 282
109 131 153 162 187 203 221 241 264 287
113 131 152 171 183 201 223 250 262 292
102 123 141 160 188 220 234 255 280 283
106 131 154 168 180 210 231 243 260 285
101 123 160 165 195 204 228 256 269 287
111 136 157 162 199 212 226 245 276 295
112 136 154 163 194 215 222 256 264 285
103 131 149 178 187 207 240 243 278 288
102 138 144 168 193 208 233 254 269 284
110 127 150 177 183 214 235 255 264 300
115 132 149 172 188 203 233 252 271 290
100 126 142 171 193 206 239 245 274 300
111 125 154 168 183 207 235 252 260 293
118 137 141 163 181 219 228 258 275 296
112 121 152 166 187 215 240 241 272 290
109 129 144 180 197 219 234 244 269 288
117 140 151 178 193 205 225 250 262 290
111 125 156 167 193 220 233 243 272 299
107 138 157 180 197 201 239 249 266 291
112 135 149 166 194 204 221 259 260 296
117 135 157 170 199 219 227 246 262 281
111 127 156 166 186 220 227 257 266 300
119 126 156 170 193 208 229 243 260 288
114 124 154 161 189 219 240 249 280 300
114 130 143 167 195 202 222 246 270 291
104 131 159 162 197 202 235 244 278 280
118 121 157 170 199 213 229 243 279 282
120 134 146 162 189 208 229 255 279 280
109 127 152 177 183 214 235 256 274 294
117 130 159 175 187 217 240 256 278 300
118 125 144 169 198 203 226 246 267 294
100 134 153 176 198 207 223 258 276 300
106 127 152 163 181 212 224 258 273 294
116 136 143 178 196 212 229 241 262 292
104 134 148 175 185 204 223 245 260 289
120 138 150 179 180 208 226 241 279 290
111 135 140 163 190 212 235 255 263 285
114 137 145 169 200 213 236 245 274 296
112 140 156 176 199 200 224 244 268 292
106 127 144 179 190 218 238 254 274 295
116 131 149 167 182 217 233 244 270 290
105 123 155 171 198 205 236 249 261 299
115 133 158 178 193 213 232 242 269 283
107 120 143 173 185 209 235 252 266 284
101 139 146 162 197 219 222 254 271 285
117 139 160 166 188 218 235 242 274 289
109 134 156 171 184 213 226 260 265 282
116 129 159 179 190 219 221 243 262 300
112 134 148 175 195 213 233 251 261 288
110 133 144 167 188 218 231 252 279 288
104 122 152 176 182 207 230 251 274 300
115 136 154 171 199 217 221 258 268 290
111 136 147 162 196 212 234 256 265 282
111 126 141 179 181 200 234 254 273 300
117 137 152 161 195 208 238 258 280 283
104 138 160 172 184 206 239 257 262 295
109 137 159 160 182 206 231 254 275 280
101 139 148 169 194 203 234 240 262 286
118 131 146 178 180 203 238 254 277 297
111 139 150 160 186 219 233 259 280 297
116 126 141 178 196 201 226 246 272 281
103 127 152 167 180 209 232 243 273 285
103 135 157 174 198 211 220 259 278 280
109 134 142 167 199 217 229 247 275 287
114 128 155 163 187 208 223 250 272 280
118 121 156 176 194 217 238 256 261 293
115 123 146 175 184 213 237 245 265 289
115 131 153 163 184 213 222 251 279 297
101 123 153 160 192 214 221 252 278 294
111 127 150 163 193 209 228 242 276 295
110 135 160 170 190 214 231 245 278 297
102 121 157 176 187 216 222 241 272 283
100 137 155 172 199 210 221 253 268 281
115 132 154 168 199 212 222 249 276 283
118 130 149 163 190 205 221 254 271 291
108 124 144 178 182 202 229 252 272 291
118 128 154 175 200 208 236 244 278 292
116 120 150 176 198 209 230 248 275 294
119 127 147 161 182 219 227 244 272 286
110 120 151 169 191 215 229 251 278 288
106 120 152 174 180 202 235 255 260 293
106 120 160 169 180 219 221 260 262 285
108 123 157 170 183 205 235 260 275 285
109 136 151 160 198 201 237 257 273 297
119 135 142 160 180 213 230 252 260 283
104 136 151 166 183 200 229 246 262 287
113 125 158 162 196 220 232 248 265 287
115 123 143 160 186 220 231 249 260 287
105 137 158 175 186 204 230 243 275 296
100 120 150 168 194 220 227 245 266 299
109 139 153 166 193 208 228 243 279 295
111 121 145 162 199 215 231 249 264 297
102 139 154 166 192 213 240 254 277 283
119 126 141 175 187 205 221 243 269 281
104 130 150 177 195 209 234 251 267 299
108 135 144 174 198 215 223 244 273 285
101 127 149 167 187 217 220 246 262 291
100 132 160 179 198 211 221 248 276 291
119 133 143 173 181 203 234 259 265 287
116 132 152 167 186 217 221 252 274 292
116 125 150 169 188 217 227 256 264 292
114 120 153 173 184 202 235 244 264 300
119 137 143 180 198 211 227 252 262 285
102 128 140 171 194 211 226 249 273 281
105 128 141 162 190 207 229 258 267 294
113 137 140 177 187 203 224 255 272 287
117 122 140 163 192 211 223 240 271 287
118 124 146 167 184 212 220 250 266 293
103 131 145 175 180 201 228 255 278 287
105 121 145 166 195 211 231 243 267 284
108 137 143 178 184 215 224 258 264 285
106 139 155 179 198 220 237 248 269 289
116 131 147 161 194 212 232 251 277 285
112 129 142 177 186 203 230 257 261 299
113 122 151 173 188 215 234 259 279 283
120 138 144 176 181 215 226 258 265 280
117 128 153 178 193 220 240 256 278 296
110 129 158 179 197 211 233 240 271 286
102 131 140 161 183 206 220 243 270 297
110 120 150 160 184 205 223 254 270 285
117 137 153 175 180 205 231 250 273 296
103 127 152 165 183 214 225 242 265 297
111 128 153 161 186 206 229 258 274 296
101 125 146 176 181 218 235 257 278 280
114 128 142 177 183 201 239 251 268 290
107 128 156 163 197 208 232 258 271 289
104 126 159 161 198 213 223 246 271 285
108 127 147 160 196 202 223 260 275 284
114 126 143 165 183 204 232 241 274 284
114 134 155 173 184 211 229 240 273 295
120 125 147 180 195 206 222 252 274 290
103 132 147 168 187 202 227 247 261 290
101 132 156 174 189 209 228 257 280 280
116 136 152 171 200 214 235 260 274 280
104 132 153 173 200 210 230 245 278 294
117 135 152 170 180 205 221 249 269 289
107 126 147 180 194 207 234 243 263 297
117 140 153 169 192 202 223 244 267 284
100 130 146 162 180 210 235 246 275 296
108 122 151 169 199 207 228 258 264 290
113 122 145 162 186 216 228 254 270 298
117 124 157 174 183 210 226 240 266 291
110 121 144 176 198 217 238 251 279 288
114 135 141 179 183 206 228 253 260 281
107 138 143 180 185 212 239 244 274 281
112 132 144 164 199 203 231 246 278 280
112 126 153 164 189 205 226 247 271 284
112 124 155 169 191 208 231 252 273 299
108 129 153 171 198 213 220 249 268 295
104 127 149 162 181 214 222 254 269 288
101 135 154 177 194 213 237 254 264 299
106 140 143 176 196 213 238 250 266 292
110 139 143 167 187 216 235 254 272 296
118 122 153 166 191 207 233 260 265 285
113 122 156 166 189 202 228 260 274 283
100 126 156 179 185 216 229 257 266 297
102 135 145 176 199 220 237 241 268 280
115 132 153 164 181 215 238 251 276 280
120 132 142 170 193 201 226 244 269 291
120 135 157 166 200 216 221 258 270 290
109 130 158 173 187 213 220 257 269 298
113 120 159 168 198 201 238 251 263 296
105 123 141 180 192 201 231 252 278 294
109 126 148 161 195 208 221 250 277 285
120 126 146 165 184 213 232 257 268 280
103 137 158 165 197 201 229 255 264 296
103 126 160 170 196 200 235 250 265 297
114 134 159 178 185 207 224 245 264 287
109 129 155 169 191 215 220 250 260 283
102 131 160 162 200 200 222 253 273 295
107 122 140 166 188 200 227 251 274 287
117 127 150 160 185 219 222 250 269 282
115 138 152 164 189 211 240 241 269 294
107 132 157 178 191 218 234 246 264 297
102 123 148 169 187 209 222 243 274 288
114 134 160 168 200 201 234 248 260 295
108 139 146 179 191 206 229 242 273 295
107 133 145 174 198 214 240 253 280 284
111 136 156 165 199 220 228 258 270 293
120 129 155 164 188 217 226 251 279 290
100 130 142 163 198 210 236 249 280 296
100 129 144 161 198 220 237 255 272 298
111 139 154 169 197 220 229 241 273 299
104 129 156 171 196 209 220 257 279 290
118 138 158 172 183 207 238 241 272 288
115 131 141 166 188 205 223 260 266 296
110 126 146 174 180 207 224 242 271 293
107 127 143 177 189 212 231 240 265 299
102 139 152 167 181 217 220 241 279 282
102 122 141 160 186 204 233 241 265 296
115 128 156 180 191 207 225 258 268 286
120 133 154 162 191 217 238 254 261 289
109 137 158 163 199 214 221 255 279 280
113 129 150 179 200 220 237 254 266 295
111 135 152 163 196 208 240 257 260 280
113 120 144 176 189 215 220 246 266 287
105 130 158 173 196 210 235 243 272 295
102 138 154 179 200 220 224 246 274 292
108 134 147 179 193 202 221 246 279 284
119 135 153 180 200 213 232 258 266 299
113 125 160 176 191 202 226 247 274 299
101 139 140 163 193 201 239 258 278 284
101 131 153 174 192 205 235 240 274 292
101 139 148 178 195 210 233 260 264 292
109 129 159 175 188 202 240 257 260 284
116 125 151 173 182 212 240 254 279 282
116 121 149 170 198 212 240 241 275 294
113 134 145 161 194 210 233 256 260 286
101 121 151 178 183 210 222 244 280 288
114 124 140 177 180 219 231 246 278 299
109 130 148 162 199 206 225 257 276 280
118 127 140 165 199 207 232 252 280 291
114 136 157 163 194 209 240 242 272 283
109 129 151 173 191 214 233 250 276 294
107 125 154 167 199 200 236 251 271 289
118 126 159 168 198 219 238 252 276 286
106 126 140 180 192 206 232 243 271 280
103 123 149 180 195 214 228 247 274 287
120 133 140 166 191 207 226 249 277 299
115 139 140 162 181 213 238 244 262 291
105 123 156 173 182 219 226 255 276 292
100 139 143 160 182 204 222 248 277 298
116 125 150 160 183 206 233 242 278 280
109 128 160 168 191 212 220 253 263 294
101 135 156 180 187 219 232 249 261 281
118 140 153 162 198 220 225 248 273 282
102 124 154 180 184 204 225 247 280 293
105 129 144 163 187 209 231 252 269 294
101 131 144 174 200 204 226 243 280 296
113 137 148 180 195 211 224 254 267 295
107 136 148 161 198 214 221 256 272 289
119 127 148 164 190 213 230 258 264 285
117 133 151 168 188 209 240 240 264 291
102 131 156 161 180 208 238 245 277 297
115 123 147 167 180 210 238 251 266 291
113 131 150 177 195 210 233 258 267 294
101 133 156 178 186 216 234 246 264 282
101 139 142 180 183 220 227 254 280 288
116 134 142 173 198 219 221 241 277 294
116 139 146 179 195 215 232 244 265 296
105 134 140 161 194 200 232 255 280 282
103 129 157 175 198 201 234 257 268 291
115 122 146 177 198 206 222 255 265 283
116 126 141 173 199 214 234 255 279 281
101 130 145 180 193 210 235 251 263 298
120 135 150 164 200 207 238 244 270 298
111 120 151 165 196 203 226 248 268 292
105 128 147 176 180 204 231 248 264 282
103 136 155 160 187 201 239 247 264 284
118 125 160 169 198 215 231 244 278 291
118 135 140 165 200 217 232 255 263 283
118 128 142 173 200 210 236 251 277 280
119 124 145 172 198 206 227 257 263 290
112 129 147 167 180 211 228 251 264 286
120 140 157 165 199 204 228 249 263 285
105 126 150 177 200 215 222 260 262 287
111 130 149 174 194 214 220 245 272 285
117 139 159 176 184 204 237 255 260 293
102 136 155 175 196 211 229 255 269 284
119 127 145 166 183 202 239 252 270 300
114 126 140 163 196 218 221 241 265 290
117 127 159 165 197 220 240 254 264 296
111 132 155 160 189 205 227 242 263 291
104 132 156 161 193 203 229 254 271 287
120 130 149 160 198 211 222 259 274 296
104 132 148 163 193 209 224 259 278 296
103 132 160 170 194 219 225 257 264 294
112 121 142 175 188 219 221 260 276 286
108 130 149 175 193 200 239 250 270 295
113 139 157 164 193 202 223 253 263 286
106 132 152 170 194 219 232 241 260 288
119 128 160 164 182 201 220 259 278 280
113 120 160 166 192 203 239 249 276 298
115 125 160 171 194 220 240 244 262 296
118 140 141 175 199 205 222 260 265 293
101 120 140 176 187 209 239 243 274 290
118 126 142 177 189 217 223 256 279 297
106 132 142 168 199 205 240 252 265 296
119 127 140 172 182 200 239 257 267 287
100 123 154 173 198 214 238 257 266 291
112 130 153 169 182 208 225 255 278 299
107 132 158 177 191 206 233 250 262 284
105 137 146 176 198 203 228 244 266 296
119 140 148 172 194 203 227 259 262 291
109 139 151 160 183 210 223 255 274 289
103 135 150 179 200 205 235 250 267 280
101 132 140 162 198 213 240 245 277 298
115 129 146 171 197 204 230 252 266 287
103 126 150 172 190 206 228 241 264 280
101 122 159 170 192 209 221 256 268 298
115 120 146 175 189 211 228 256 278 290
120 127 152 169 184 216 239 249 275 286
114 135 157 171 200 214 224 246 263 295
114 136 147 179 200 216 224 252 266 295
103 135 160 177 189 216 228 255 263 280
109 131 155 160 197 219 232 246 276 290
113 132 160 177 198 200 227 252 278 299
101 132 155 165 192 220 234 260 264 289
120 138 155 170 190 206 238 257 260 298
101 140 147 178 180 207 220 260 278 294
110 131 154 164 200 207 220 251 272 293
112 127 147 164 191 220 227 241 280 298
106 136 149 176 190 212 235 249 273 284
111 137 152 166 186 219 220 251 275 285
106 127 150 177 189 204 238 248 265 288
110 137 158 160 187 210 236 251 275 287
115 121 158 178 187 214 220 260 260 296
104 132 155 180 196 201 229 247 270 286
118 139 148 180 188 211 235 246 271 282
114 140 150 165 186 217 227 253 275 299
116 129 158 175 182 213 225 249 267 293
110 120 154 163 198 210 230 241 280 300
114 127 149 162 182 200 227 246 262 283
108 140 153 172 199 209 231 246 275 289
114 127 147 163 184 213 239 247 271 283
109 135 144 166 195 209 237 256 263 281
103 124 143 170 196 219 234 243 267 283
104 128 157 161 184 209 222 240 267 289
103 137 152 167 197 209 223 241 267 295
109 124 143 166 193 207 221 260 280 292
102 139 153 176 180 219 223 256 269 285
120 128 154 174 187 210 226 252 269 283
110 130 155 176 193 207 225 256 264 296
102 123 151 179 185 209 231 256 272 292
117 133 147 164 183 207 224 252 262 300
103 120 153 170 182 210 225 256 262 281
119 139 143 165 185 212 237 254 260 299
101 126 154 174 200 201 220 244 270 288
106 125 160 175 186 209 238 242 278 300
103 139 158 170 187 213 223 248 269 288
108 137 141 175 183 214 239 251 269 292
106 125 143 170 180 200 220 254 276 288
107 121 147 170 192 218 227 249 261 293
114 121 155 179 186 216 239 255 263 296
115 137 159 178 191 207 222 243 265 299
100 139 144 176 183 210 240 257 267 288
103 127 145 171 200 214 223 248 278 281
119 133 155 177 194 213 234 248 269 293
114 125 148 172 195 219 231 251 264 289
106 129 149 178 197 215 227 246 262 292
118 132 160 170 187 218 223 260 261 291
102 126 157 161 186 215 223 241 261 296
109 130 147 169 192 210 238 256 278 289
120 138 152 170 196 200 223 257 261 286
109 128 160 161 189 205 228 251 261 296
120 140 153 177 189 201 222 260 269 291
105 122 150 178 192 219 223 249 261 298
115 123 153 162 192 207 236 249 263 292
118 136 147 174 197 201 224 257 262 289
118 121 156 173 200 200 234 255 267 281
112 120 155 176 189 215 220 252 260 285
114 128 157 172 196 212 224 255 266 292
107 139 148 162 200 214 225 251 263 295
112 122 148 166 185 206 231 254 268 293
117 126 143 180 192 220 235 260 269 284
104 136 157 174 192 207 226 244 275 292
116 134 150 176 187 204 238 253 274 286
104 127 146 177 199 218 221 253 268 297
101 130 155 171 192 200 224 257 280 300
103 130 142 178 200 214 227 246 276 292
117 123 143 162 189 212 221 258 261 282
108 123 153 170 192 203 220 255 266 281
117 124 147 173 192 214 229 259 265 281
102 139 159 180 186 206 237 253 264 296
104 129 144 176 188 200 237 242 274 290
116 133 151 168 200 215 236 258 273 300
119 140 146 161 191 212 226 251 265 284
102 125 153 161 191 217 227 240 260 298
115 126 157 171 198 220 225 249 264 283
100 139 148 160 196 216 237 247 265 293
107 125 150 171 181 200 231 249 272 300
110 122 148 170 191 208 230 242 279 293
120 126 140 172 183 209 233 254 280 289
101 130 145 175 186 218 220 256 278 300
100 130 154 166 200 214 240 251 275 282
116 137 143 174 193 208 234 260 264 298
107 131 157 165 196 218 226 255 274 292
112 140 151 169 199 219 222 250 268 300
109 140 160 163 195 215 222 240 278 299
119 131 149 166 193 219 226 249 262 287
105 133 150 178 188 202 235 257 262 281
110 140 149 176 184 213 221 257 263 297
104 133 143 179 183 201 229 245 268 288
105 128 159 166 188 204 231 243 266 280
101 131 148 172 183 214 234 249 263 288
106 120 157 164 184 218 227 252 271 298
116 128 143 174 186 220 236 253 273 299
101 133 153 160 185 213 233 255 266 298
101 131 142 177 189 212 231 243 261 281
113 139 147 178 188 214 236 256 266 293
109 140 157 180 199 219 225 260 262 282
101 130 143 179 185 208 220 254 260 286
112 124 148 176 198 218 226 255 270 284
100 125 158 169 184 219 221 240 265 293
103 124 159 179 183 204 239 240 273 293
105 135 158 169 190 200 236 255 262 287
116 121 140 168 193 220 225 255 269 296
116 125 151 171 189 208 225 246 264 285
109 126 144 176 189 204 227 251 278 287
120 130 152 164 192 214 222 240 269 300
120 125 153 171 184 206 228 251 266 299
120 121 156 164 181 209 233 258 262 285
105 125 157 162 195 204 232 251 263 284
110 126 140 170 180 207 223 248 265 289
103 130 146 171 187 214 240 244 265 299
119 128 159 164 198 212 232 241 263 300
112 121 141 166 193 212 233 250 269 297
120 127 146 175 190 210 220 258 279 282
120 127 154 170 191 206 230 244 280 291
109 122 149 167 194 220 231 246 270 300
119 134 153 164 188 209 235 249 261 291
100 128 148 175 181 206 235 255 263 289
117 140 148 169 186 214 236 245 273 296
106 125 148 165 194 213 220 256 263 288
100 125 141 167 182 207 239 242 269 287
113 128 142 160 199 218 231 259 279 285
117 129 148 178 194 220 232 256 265 292
109 133 145 174 196 204 238 256 278 298
108 134 145 166 200 216 220 257 275 296
107 126 152 161 191 220 221 253 268 295
102 139 142 164 187 212 238 258 270 290
115 120 142 173 189 204 224 249 278 296
105 129 152 168 185 218 221 248 270 298
106 128 146 177 184 201 224 252 272 286
108 127 153 178 193 200 230 249 273 296
112 121 150 167 198 218 227 243 270 282
105 132 150 173 188 201 229 247 260 290
101 135 159 165 199 204 221 252 269 287
119 132 147 166 196 213 221 247 280 298
110 127 147 173 183 211 221 245 277 297
111 127 155 165 192 214 225 255 273 296
116 132 141 174 194 212 225 245 276 293
113 131 146 172 190 214 231 246 274 284
115 128 145 162 189 203 229 245 277 300
112 131 142 168 190 208 222 249 269 297
114 124 160 167 196 204 230 258 262 300
118 123 153 165 180 202 227 256 266 298
110 128 154 164 184 208 223 247 266 286
114 130 157 174 196 216 229 241 276 297
101 130 153 173 190 214 228 248 270 284
109 140 160 176 182 203 222 259 276 288
100 126 157 160 180 216 240 244 265 290
117 136 148 171 183 207 230 254 278 285
113 127 154 175 193 205 236 258 268 288
111 140 154 166 197 213 228 257 266 298
108 125 143 169 195 219 227 260 263 292
107 133 160 174 180 218 220 251 264 283
114 132 157 164 189 218 220 250 271 283
115 128 144 174 199 203 229 253 260 296
113 127 148 162 188 202 236 246 276 281
111 131 145 176 181 206 220 257 266 281
108 140 148 180 194 205 227 243 264 298
103 121 144 173 200 215 229 252 266 300
108 126 140 179 180 219 238 243 260 286
106 136 148 172 196 218 227 241 266 291
117 123 147 174 199 210 236 240 263 290
101 131 153 164 185 201 229 246 263 286
117 140 141 166 183 214 224 244 266 286
110 135 153 165 194 202 236 241 269 285
103 131 143 178 196 210 230 255 277 292
116 125 160 175 185 218 236 255 276 283
104 139 155 168 200 200 235 240 265 284
119 125 152 174 199 209 229 257 265 282
120 139 140 170 182 210 230 244 260 287
118 133 159 164 195 212 225 245 264 297
103 123 159 165 180 220 228 242 264 283
107 129 155 166 198 204 226 258 275 292
114 135 144 169 189 202 223 260 265 283
106 125 142 175 190 207 230 257 271 288
102 140 159 161 193 201 220 246 274 293
117 121 146 167 188 216 240 259 265 282
105 120 152 161 199 219 227 257 278 288
111 127 148 176 192 220 231 259 271 282
118 134 150 172 199 213 231 257 272 287
112 134 144 178 195 207 225 248 273 294
106 137 159 170 188 201 237 243 269 287
111 127 154 169 200 201 234 247 273 294
116 135 160 172 187 213 230 259 260 298
104 123 156 170 184 207 236 246 272 280
100 125 159 174 184 205 224 249 280 283
109 125 159 160 191 213 220 253 272 299
106 130 142 169 182 208 231 255 265 293
105 137 157 168 187 220 234 260 270 298
100 127 157 160 190 204 231 240 272 289
102 124 148 165 181 211 238 250 275 284
106 140 154 170 196 210 226 245 262 286
120 120 145 174 192 213 234 256 276 300
113 132 142 167 189 213 223 256 269 289
101 130 150 160 184 200 240 252 267 286
118 130 140 167 183 212 227 258 271 298
117 121 154 166 180 210 239 249 276 287
119 132 153 164 194 201 220 259 267 283
103 137 144 162 194 206 239 253 261 289
120 132 157 160 196 208 225 255 273 284
103 140 141 180 186 206 225 253 267 299
100 125 158 169 183 212 226 241 277 300
112 135 158 175 194 207 240 242 276 295
109 134 141 170 200 209 232 251 270 290
109 122 156 180 196 219 239 243 279 292
107 120 145 166 186 211 233 241 279 282
113 136 145 180 190 208 235 240 265 298
116 123 141 173 183 215 225 247 272 292
112 123 157 167 186 215 222 245 275 288
113 123 146 162 196 200 225 244 277 290
120 126 140 170 197 219 236 244 265 290
115 123 153 172 180 209 224 256 274 286
104 130 159 179 185 208 220 259 266 300
104 130 153 166 192 207 232 259 273 287
109 136 158 174 194 218 229 245 266 280
110 121 154 174 185 216 228 248 270 291
106 121 145 179 193 213 239 245 267 292
120 140 153 173 185 209 225 246 264 285
120 133 154 179 195 213 229 259 263 286
102 127 144 176 183 207 226 244 263 297
119 122 149 160 189 218 238 250 262 299
107 124 146 177 192 202 240 242 267 291
112 132 144 175 187 213 230 251 268 296
111 139 154 173 182 214 227 240 261 286
109 132 142 170 186 216 238 243 276 286
116 125 148 163 198 218 222 256 279 291
116 135 149 171 186 217 224 260 276 285
110 123 156 178 185 204 236 253 271 282
102 132 158 170 197 209 226 253 266 280
107 130 141 164 192 217 229 249 277 280
108 127 143 171 181 217 231 241 264 292
107 130 152 162 199 204 221 260 277 288
109 135 144 168 188 207 223 257 273 285
114 138 159 160 195 203 239 248 272 294
103 128 147 176 185 204 224 256 263 296
118 122 144 179 187 213 228 257 262 293
113 129 152 177 191 205 228 256 262 286
102 122 140 161 199 205 221 249 266 287
102 136 159 174 192 218 231 243 279 297
119 124 156 164 196 217 235 248 266 290
103 130 152 161 190 201 233 249 276 284
105 128 150 174 195 202 236 258 271 280
114 130 160 176 197 217 227 242 274 283
113 127 141 161 183 218 234 248 273 287
119 131 147 172 198 213 229 253 265 286
117 131 141 176 195 207 237 241 269 288
113 126 149 174 197 204 220 242 271 288
100 132 150 178 194 219 236 240 271 280
113 132 142 164 194 206 240 247 266 300
109 127 156 166 198 205 226 244 275 288
109 123 146 169 188 202 237 257 267 287
110 135 140 160 185 209 239 244 265 297
100 125 157 173 187 205 230 243 273 293
114 135 141 163 200 215 221 256 267 281
116 121 144 169 184 207 235 250 266 286
109 130 142 172 195 205 220 253 269 284
103 131 149 164 192 219 239 247 274 291
106 134 153 171 181 206 230 254 268 290
103 129 150 166 198 207 220 247 264 292
116 139 143 174 183 211 226 249 271 280
115 137 144 180 182 201 235 246 261 291
117 128 140 177 182 203 239 255 278 286
119 130 151 167 182 217 225 258 264 282
118 123 140 164 187 210 230 240 280 283
120 129 145 170 187 209 224 242 271 286
107 135 144 165 183 203 224 255 276 289
114 138 142 169 195 206 237 257 273 299
100 139 155 160 181 215 238 259 265 300
108 128 143 168 187 210 229 250 275 283
102 128 147 173 188 219 226 243 267 288
107 134 141 168 199 217 230 247 278 286
110 122 159 167 196 208 225 252 265 290
120 131 152 163 181 201 228 240 277 288
119 129 148 176 199 215 237 254 271 285
113 132 159 169 197 201 225 260 274 291
118 128 142 175 190 206 235 249 267 293
116 134 146 179 191 201 220 259 271 299
100 137 149 162 186 206 240 241 274 300
110 124 153 163 193 220 224 245 270 290
104 133 149 160 187 215 231 247 279 285
104 136 152 171 193 206 230 253 269 284
100 123 159 166 192 215 228 248 270 296
108 122 159 163 191 207 227 242 267 281
100 132 140 178 191 200 232 254 260 287
103 132 145 169 195 218 231 242 262 288
120 130 157 168 186 212 237 241 279 290
117 122 149 161 197 200 227 260 278 300
111 130 143 166 185 212 240 249 263 299
116 132 144 178 199 217 239 252 280 299
118 126 147 171 195 202 225 246 271 288
114 139 157 165 194 212 231 253 268 292
116 132 149 160 192 212 222 242 264 293
118 123 142 170 188 218 231 257 262 288
108 129 149 176 187 204 238 259 278 299
101 120 144 179 183 212 229 240 262 281
101 137 152 170 185 210 229 254 275 300
118 130 150 171 193 217 238 253 260 296
105 128 156 164 194 219 238 250 267 287
100 127 146 167 193 217 232 258 265 291
109 126 157 168 195 200 239 246 260 280
118 126 140 161 192 214 234 246 260 285
104 130 155 173 192 207 234 260 275 299
109 138 155 169 192 201 223 248 263 287
106 136 153 169 199 201 220 246 263 296
117 138 156 166 194 213 231 260 266 283
114 122 158 164 192 206 238 260 280 288
112 137 145 174 185 210 230 259 262 282
114 121 160 170 180 218 223 247 260 300
105 133 154 172 197 203 231 254 267 284
105 135 145 174 184 206 239 256 264 291
102 140 142 160 188 210 221 252 263 285
101 124 142 164 185 211 238 243 272 299
112 139 147 161 186 202 221 247 265 290
106 136 156 161 197 204 236 245 278 285
112 125 157 166 181 215 232 241 266 292
117 127 152 163 195 202 232 256 277 299
104 134 152 171 199 202 227 251 273 298
104 131 144 174 191 215 233 257 278 283
111 129 153 171 190 207 231 253 272 295
117 124 140 172 197 216 226 250 260 282
114 139 154 177 200 201 227 258 268 296
110 135 153 174 191 207 236 255 278 293
108 127 143 162 196 218 238 258 268 282
105 120 150 163 186 204 232 250 275 280
105 135 155 163 194 212 229 245 278 282
118 122 156 170 180 214 234 242 268 293
116 126 145 173 194 219 229 255 273 295
110 120 158 180 182 200 240 243 266 288
114 133 142 167 190 200 235 246 276 290
118 130 144 168 197 206 235 245 270 294
109 136 152 173 191 201 228 255 265 280
101 120 160 163 200 203 227 241 271 298
103 122 153 167 190 205 230 255 269 280
109 122 141 173 195 206 221 250 264 300
109 123 150 165 192 212 226 249 266 293
114 131 144 167 191 200 222 252 267 288
101 136 150 168 181 214 231 259 274 296
104 137 148 176 188 205 239 248 275 298
102 128 156 178 194 219 229 253 268 285
101 129 160 177 183 209 232 250 275 299
120 122 145 179 184 210 229 258 280 280
115 128 155 170 191 213 235 244 270 284
104 130 160 175 193 216 236 243 263 294
119 120 152 179 197 217 220 256 267 298
109 134 145 162 185 218 227 247 272 282
107 137 141 167 186 204 238 259 274 280
103 128 159 168 180 204 221 252 273 298
113 127 141 179 192 218 235 247 268 282
101 132 146 163 187 201 231 255 267 286
112 134 144 167 188 218 238 259 270 293
108 128 143 176 192 209 223 255 271 298
113 127 144 165 192 215 236 252 261 282
119 139 145 171 190 218 221 259 263 281
104 134 158 164 199 216 225 242 262 281
103 127 160 171 193 203 237 248 274 284
113 127 153 173 181 202 235 260 260 285
118 129 150 177 192 216 226 240 272 283
111 121 158 172 180 202 221 244 278 297
105 126 146 170 196 213 226 242 264 285
120 122 140 169 188 204 220 249 271 282
119 123 151 168 195 210 236 247 280 294
1931 2188 2508 2845 2893 3294 3743 4112 4336 4801
3638 3762 4942 5159 5935 6556 7300 7673 8355 9069
4378 5556 6186 7027 7994 8835 9717 10432 11777 12029
4295 4872 5052 6169 6854 7863 8115 8656 9628 10817
3035 3876 3988 4549 5362 5643 6427 6932 7437 8025
1415 1728 1988 2327 2614 2679 2888 3318 3618 3748
3346 4014 4072 5234 5379 6250 6888 7063 7788 8195
1987 2520 2786 3148 3757 3814 4423 4823 5204 5432
5025 5762 7097 7465 9215 9399 10227 11056 12161 13035
2232 3004 3511 3599 4282 4436 4877 5670 6155 6529
3872 4103 5061 5953 6449 7143 7803 8431 9124 9752
1319 1487 1812 2137 2234 2595 2775 3112 3245 3389
3531 3979 5133 5646 6094 6478 7215 7824 8561 9105
5483 5867 6924 8462 9182 9903 11055 11872 12640 13745
2291 2406 2729 3167 3662 3948 4423 4633 5280 5394
2151 2592 3133 3433 3974 4275 4455 4936 5256 5817
2363 2805 3289 3499 3899 4509 4719 5077 5665 6296
3931 4702 5122 6068 6489 7225 7890 8416 9607 10447
2810 3932 4072 5025 5530 5979 6455 7128 7520 7885
3826 4764 5773 5845 6638 7935 8547 9304 9520 10385
5025 5853 6682 8063 8800 10135 10963 11516 12712 13679
5675 6300 7549 7789 8750 9614 11440 12016 13361 13697
4702 5577 7373 8248 8662 9491 10319 11286 12575 12943
4849 5752 6162 6983 7599 8789 9732 10307 11127 11784
5646 6087 7706 8441 9618 9912 11432 12217 13688 13933
1246 1656 1716 2029 2198 2583 2787 3064 3317 3569
3251 3671 4813 5023 5654 6495 7065 7396 8086 9017
4808 5095 6162 7188 7599 8707 9322 9897 10881 12235
1607 1761 2239 2407 2576 2955 3137 3572 3782 4147
2231 2772 3173 3413 3634 4155 4555 4956 5216 5797
1403 1584 1885 2041 2234 2510 2895 3064 3208 3533
2637 3314 3652 4225 4876 5709 6230 6256 6855 7323
1771 2156 2476 2829 3198 3423 3599 4112 4192 4721
2090 2652 3173 3213 3934 4295 4655 5076 5316 5657
2748 2840 3601 4084 4200 4868 5397 5674 6180 6503
2541 2886 3347 3946 4200 4868 5213 5743 6365 6802
2845 3600 3964 4407 5136 5631 6177 6464 6828 7609
2131 2652 2972 3353 3794 4054 4735 5096 5557 5757
3905 4202 5227 5392 6449 7242 7935 8398 8959 9422
1728 2068 2580 2750 3244 3466 3840 4130 4539 5084
3755 4460 4844 5165 6158 7055 7247 8304 8368 9457
4192 5007 5303 6229 6933 7526 8266 9081 9896 10932
2091 2532 3173 3233 3634 4115 4736 4896 5217 5777
3119 3567 4324 5053 5334 6063 6735 7044 7856 8305
2662 3287 4043 4694 4954 5449 5787 6698 6854 7453
4799 5514 6397 7111 7700 8540 9633 10516 11525 12239
1467 1806 1897 2275 2575 2640 3109 3305 3448 3761
2158 2577 3015 3414 3509 4119 4233 4956 5260 5641
2702 2794 3301 4085 4614 4614 5536 5766 6042 6503
3886 5142 5636 6816 7348 8109 8945 9136 10467 10733
2131 2612 3113 3433 3974 4014 4475 5036 5517 5617
5002 6444 6828 8654 9422 9999 10815 11680 12929 13985
3784 4562 5636 6525 7340 8044 8896 9340 9858 10377
1810 2171 2731 3164 3326 3849 4101 4354 4913 5183
3259 3568 4044 4633 5054 5895 6540 6904 7408 8389
1766 2022 2127 2623 2789 3180 3525 3841 3931 4472
1761 2341 2682 2869 3091 3687 4062 4147 4624 4862
2101 2443 2977 3053 3776 4176 4537 4728 5013 5622
4571 5218 6017 6777 6853 8375 8793 9135 10505 10809
1188 1508 1640 1872 2016 2336 2457 2711 2943 3284
5723 6732 6828 8029 9470 10335 11343 12352 13024 14273
1710 2290 2477 2801 3108 3466 4096 4334 4488 4794
3861 4632 4912 6278 6839 7575 8065 8941 9466 10272
1166 1431 1629 1850 2137 2292 2534 2733 2965 3284
5611 6261 7112 8263 9464 11015 11966 12616 13066 14767
1751 2112 2413 2473 2864 3239 3585 3841 4216 4307
3062 3278 4225 4657 5009 5685 6360 6982 7442 7766
3403 4012 5101 5389 5806 6479 7279 8336 8433 9009
3839 4202 5227 5887 6020 6647 7308 8299 9158 9620
3989 4636 5453 5691 6780 7223 7903 8278 9128 9741
3886 5028 5827 6473 7348 7804 8831 9630 10581 10657
4547 5220 5892 6985 7700 8625 9423 10642 11315 12492
1071 1312 1442 1743 1944 2075 2386 2446 2737 2937
4480 4972 6573 6901 7968 8953 9486 10143 10963 11784
2211 2732 2992 3333 3954 4375 4435 4956 5577 5777
3700 4197 4662 5593 6214 6711 6959 7828 8417 8728
4652 5355 5784 6994 7658 8243 9375 9609 10741 11561
1898 2085 2597 2835 3142 3670 3993 4402 4555 5015
1441 1715 1910 2119 2458 2745 3031 3266 3396 3917
4954 5867 7453 8558 8750 9662 10959 12496 13361 13889
1593 1734 2071 2464 2618 2843 3137 3474 3657 4035
5040 5839 7392 7768 8944 9932 10496 12001 13036 13271
4675 5467 6612 7846 8154 9563 9739 11192 12205 12645
3756 4281 5298 5998 6559 7155 8311 8766 9432 9887
1663 1719 2056 2393 2772 2955 3109 3418 3769 4105
4691 5592 6312 7348 8114 9240 10411 11582 11987 12617
4106 4492 5333 6033 6909 7260 7890 8521 9291 9922
2300 2805 3289 3646 4130 4530 4866 5224 5518 6044
3131 3822 4272 5053 5684 6225 7156 7366 8357 8477
2861 3236 3913 4088 4539 5139 5965 6441 6917 7467
3421 3979 4724 5438 6090 6742 7114 7890 8697 8883
2975 3340 3938 4303 5084 5553 6125 6308 6932 7687
2610 3412 3537 4138 4814 5315 5890 6491 6741 7417
4266 4970 5378 5970 6711 7674 8378 8896 9637 10414
4229 4799 6093 6625 7462 7766 8413 9402 10162 11151
2027 2460 2694 3217 3470 3975 3975 4353 5021 5309
3851 4492 4652 5613 6318 6574 7471 8176 8624 9105
3691 4075 4492 5709 6286 6799 7087 8272 8785 9329
1441 1715 1936 2236 2614 2836 2992 3357 3526 3722
3343 4269 5062 5954 6119 7143 7407 8398 8794 9323
1091 1261 1432 1804 1884 2205 2335 2596 2706 2847
2810 3455 4156 5026 5082 6035 6343 6960 7829 8249
4757 5651 7157 7721 8756 9791 10826 11813 12566 13224
3311 3761 4663 4963 5504 6405 6855 7816 8387 9017
4571 5292 6093 6733 7254 8495 9255 9736 10696 11777
2291 2672 2824 3300 3433 4119 4195 4785 5089 5717
2272 2424 2824 3414 3472 3871 4214 4918 5318 5698
5435 6540 7501 7693 8942 10335 10719 12256 12688 13889
1929 2463 3015 3281 3738 4119 4499 4652 5223 5394
2255 2695 3445 3577 4304 4415 4899 5582 6089 6199
3063 3904 3960 4689 5502 5923 6399 7212 7436 7857
1283 1584 1692 2053 2402 2498 2896 3040 3256 3485
1600 1916 2112 2683 2969 3300 3465 3886 3946 4397
3509 4467 5194 5425 6152 7011 7836 8530 8728 9356
2610 3086 4013 4163 4989 5240 5790 6266 6992 7167
1265 1464 1762 1828 2049 2402 2611 2689 3020 3108
4799 5093 6060 7574 7994 8541 9759 10222 11399 11945
2968 3753 4246 5205 5756 5843 6453 7527 7614 8282
2679 2933 3232 3831 4430 4983 5513 5743 6019 6549
5231 5907 7078 8023 8159 9690 10185 10816 12031 13337
4151 4511 5412 6025 6890 7827 8151 8692 9412 10817
2786 3412 3712 4363 4964 5064 5540 6041 6667 7192
2951 3427 4269 4829 5586 5642 6231 7184 7493 8193
3141 4228 4445 5159 6059 6711 7145 7580 8573 9007
3343 4202 5028 5458 6251 7143 7936 8464 9158 9356
1428 1702 1884 2327 2588 2653 2966 3253 3618 3787
1271 1536 1825 2029 2294 2414 2691 3100 3305 3569
1586 2007 2112 2654 2834 3015 3526 3751 3932 4247
4130 5051 5972 6453 7774 8415 9496 10336 10696 11537
3053 3209 3991 4173 4772 5449 5917 6594 7193 7661
3230 3811 4072 4943 5234 6192 6859 7556 7875 8601
4223 4691 6019 6331 7385 8361 8985 10156 10547 11522
2111 2772 2993 3594 3834 4155 4495 4836 5216 5757
4439 5465 6286 6983 7763 8338 9076 9938 11128 11825
4091 4972 5973 6613 7414 8695 8855 10216 10457 11497
3659 4108 4684 5453 6318 6671 7055 7856 8625 9201
1401 1701 1910 2275 2562 2849 3122 3227 3617 3865
1706 2252 2525 2894 3006 3262 3615 3968 4433 4609
1883 1947 2316 2765 3038 3230 3759 3936 4321 4817
1181 1332 1482 1613 1844 2175 2416 2506 2747 2877
5461 6912 7062 8964 9614 10965 11015 12716 13466 14017
2535 3337 3687 4038 4814 5390 5815 6516 6992 7342
2585 3070 3290 3907 4106 4634 5141 5604 6044 6441
4377 4896 5636 6377 7303 7525 8859 8933 9821 10710
2661 3412 3687 4489 4564 5290 5790 6091 6516 7092
4303 5155 5896 6377 6785 7562 8192 9599 10117 10969
2531 2987 3540 4213 4598 5079 5343 6160 6328 7145
5205 5940 7215 8540 9324 9913 11384 11972 13296 13933
5531 6540 7357 8558 8942 10287 10815 11536 12592 13937
2371 2491 3093 3494 3634 4075 4475 4856 5557 5617
4141 4456 5017 5893 6804 7189 8240 8801 9677 10447
4331 5612 5892 6453 7294 8655 8815 9736 10576 12018
1649 1916 2084 2477 2786 2997 3109 3375 3909 4133
4499 5379 6260 7582 8594 9519 10047 10752 11501 12425
1607 1874 2169 2253 2702 2913 3263 3432 3895 3993
1379 1692 1728 2065 2390 2438 2799 3112 3136 3389
3721 4562 5403 6173 6594 7400 7925 8661 9607 10237
1707 1963 2429 2733 3070 3343 3631 3968 4369 4801
4673 5387 6649 7111 8204 8876 9843 10852 11398 12617
2510 3162 3888 4363 4514 5115 5590 6491 6917 7217
3755 4331 5052 6494 6530 7431 8043 9124 9593 10205
3819 4568 5078 5963 6270 7223 7699 8754 9503 9741
3966 4492 5122 6068 6664 7295 8030 8556 9256 10202
5181 6498 7298 7627 8615 9838 11155 11531 12754 13271
3376 4500 4731 5689 6515 6713 7869 8530 8893 9884
2379 3140 3278 4038 4154 4983 5190 5881 6273 6526
5723 6684 6732 8509 9470 9662 11391 11776 13457 13841
1323 1649 2093 2340 2367 2718 2953 3383 3644 3891
2845 3183 3938 4693 4850 5657 6177 6438 7271 7583
1210 1519 1762 1806 2159 2247 2501 2667 3097 3097
5071 5623 6636 7695 8708 9399 10826 11792 12713 13127
4192 5547 6327 6696 7886 8255 9527 10143 11087 12153
2150 2692 3133 3433 3934 4375 4515 5056 5476 5877
3581 4062 4632 5173 5744 6224 7095 7636 7966 8657
2171 2261 2857 3001 3560 3957 4155 4642 4804 5075
4967 5093 5892 7237 8246 9087 9843 10474 11230 12449
4736 5997 7033 7483 9014 9104 10050 11176 11896 13157
3740 4533 5062 5392 6053 7242 7638 8002 8827 9917
4795 5623 6821 7419 8754 9767 10596 11148 12207 13265
1379 1632 1716 2161 2246 2426 2871 2992 3341 3509
4036 4632 4947 5718 6454 7295 8136 8626 9432 9992
5051 5388 6354 7195 8246 8793 9885 10096 11272 11819
1415 1523 1704 2065 2246 2583 2775 2908 3281 3557
2506 3059 3853 4310 4382 5151 5415 6136 6448 6857
5793 6823 7411 8490 9814 10549 11187 12560 13099 14668
2497 2761 3445 3665 4172 4524 4965 5626 6089 6573
1525 1977 2413 2533 2969 3285 3345 3916 4112 4262
3491 3882 4272 4843 5894 6495 6915 7546 7936 8627
1710 2290 2614 2733 3414 3431 4079 4300 4590 4862
4066 4925 5745 6838 7190 8517 8790 9493 10937 11522
1355 1475 1692 2138 2234 2426 2799 3016 3365 3485
2384 2742 2952 3394 3878 4257 4782 5203 5750 6086
2998 3695 4072 4943 5321 6076 6511 7527 8137 8195
2210 2849 3378 3775 4414 4811 5207 5318 6133 6397
5115 5864 6832 7713 8814 9431 10179 10972 12204 12469
5861 6061 7062 8463 9664 10164 11365 12966 13817 14267
2331 2612 2952 3353 3854 4194 4695 5016 5537 5897
2661 3512 3712 4439 4539 5265 5765 6041 6566 7092
1427 1656 1921 2125 2354 2619 2763 3016 3268 3497
2151 2612 3052 3473 3834 4114 4775 5196 5316 5857
2253 2329 2786 3129 3491 4100 4423 4728 5109 5603
3899 4728 5196 6025 6998 7467 8223 9376 9809 10385
1610 2236 2444 2605 3150 3423 3631 4000 4385 4753
2253 2406 2710 3415 3491 3872 4195 4595 5185 5432
4510 6267 6582 7798 8654 9690 10590 11626 11851 13292
3886 5294 5712 6169 7386 8071 8907 9744 10390 11303
2660 3362 3887 4413 4914 5365 5790 6491 6766 7367
1593 1789 2126 2295 2814 2912 3179 3586 3881 4091
2811 3211 3988 4188 4889 5289 5965 6391 6916 7117
5548 5940 7706 8000 9814 10746 11089 12560 13099 13835
4691 5472 5745 6487 7229 8595 9102 9922 10780 11366
3116 3494 4116 4468 5090 5793 6171 7009 7496 8117
3791 4764 5088 5953 7070 7286 8584 8980 9412 10493
1755 2140 2557 2589 3134 3455 3695 3984 4192 4561
1177 1387 1618 1983 2060 2281 2435 2711 3020 3108
3230 3985 4072 4798 5727 6337 6569 6976 8079 8485
2518 3094 3255 3716 4361 4661 5352 5674 6204 6526
2867 2988 3396 4141 4454 5007 5295 6112 6473 6761
2311 2692 2812 3373 4014 4335 4555 4976 5477 5857
3685 4281 5368 5613 6839 7119 8381 8976 9782 10377
2607 3048 3511 3731 4150 4568 4921 5494 5912 6551
3931 4386 5262 5893 6419 7715 8240 8521 9186 10482
5483 6252 7453 8557 9518 9758 11439 11632 12880 13505
2519 2783 3378 3819 4260 4613 4877 5626 6023 6485
2333 2933 3509 3693 4269 4937 5421 5835 6112 6526
1310 1649 2002 2184 2549 2862 2914 3253 3474 3813
2017 2324 2562 2988 3414 3414 4095 4385 4538 4896
3686 4842 5087 6279 6489 7189 7855 9011 9151 10482
4656 6130 6636 8064 8984 9214 10181 11102 12391 13587
4749 5623 6636 7603 8432 9445 10273 11516 12667 13680
2300 2679 3352 3520 4067 4214 4866 5077 5834 5960
1778 2341 2631 2733 3261 3755 4062 4215 4436 4981
1796 1886 2398 2578 3014 3104 3390 3826 4036 4472
3863 4476 5413 5881 6890 7647 8043 9016 9665 10169
3971 4235 5161 5656 6053 7275 7407 8200 9125 9620
2845 3332 4117 4820 4955 5522 6144 6955 7496 7928
1883 2156 2364 2637 3166 3423 3615 4160 4336 4721
1177 1397 1673 1828 2137 2258 2501 2876 3053 3273
5548 5989 7510 7902 8834 10550 11433 11874 13198 14178
4610 6406 7004 8248 8340 9951 10964 11148 12759 12897
4757 5093 6060 6775 8204 8919 9591 10222 11735 11861
2866 3876 4381 4661 5558 6175 6343 6792 7688 8305
1755 1963 2332 2669 3134 3487 3775 3936 4481 4657
2215 2672 3015 3243 3738 3871 4347 4823 5013 5337
1635 1705 1972 2253 2646 2871 3264 3572 3671 4021
3444 4534 5181 6066 6134 7495 8039 8346 8924 9911
4589 5640 6102 7363 7784 8793 9339 10810 11357 12365
2120 2520 2786 3053 3643 3929 4195 4671 5166 5470
2131 2784 3036 3667 4088 4572 5014 5245 5518 6170
5301 5899 7327 8155 8662 9721 10457 11700 11976 13403
2510 2784 3036 3772 4130 4425 4719 5224 5602 6191
1176 1430 1773 1971 2115 2358 2600 2700 3042 3130
3686 4351 5192 5893 6769 7225 7855 8941 9747 10167
4295 4439 5593 5773 6890 7611 8475 8656 9701 10637
3683 4568 5317 5623 6134 7257 7733 8550 9026 9775
5160 6512 8013 8663 9564 10665 11465 12566 14017 14067
3259 3607 4450 4827 5408 6192 6714 7266 7672 8659
1864 2273 2580 2784 3159 3568 3857 4181 4743 5049
2897 3496 4121 4485 4954 5396 5891 6672 7088 7713
5361 6262 7162 8413 9064 11015 11215 12166 13367 14717
4223 4908 5773 5917 6746 7863 8151 9016 10097 10277
2017 2051 2614 2818 3125 3568 3959 4164 4743 4947
2232 2717 3511 3841 4326 4414 5053 5384 5869 6419
3346 3782 4072 4914 5408 6105 6482 7527 8108 8485
3627 4043 5037 5645 5870 6575 7215 7824 8849 9169
2949 3183 3808 4277 5084 5475 6126 6724 6906 7375
4589 5430 6270 7532 7994 8540 9927 10852 11146 12029
3615 4568 5147 5589 6338 7427 7665 8176 9231 9741
4274 5547 6286 6573 7927 8748 9363 10635 10840 11825
3172 4197 4631 4973 6152 6649 7269 7921 8511 8728
4939 6128 6172 7889 8594 9651 10575 11016 11500 12381
3346 3723 4478 5030 5669 5872 6917 7266 8137 8282
2409 3048 3224 3974 4194 4502 5053 5406 5913 6221
3483 3793 4632 5221 5904 6370 6897 7611 8108 9069
4799 5892 6102 7363 8414 8960 9549 10852 11272 12323
2679 2771 3509 3693 4269 4868 5098 5651 6181 6918
3669 3731 4383 5439 5594 6494 7146 7735 8232 8759
1101 1352 1442 1804 1824 2044 2406 2416 2767 3017
3858 4673 5637 6192 6896 7600 8673 9266 10229 10858
4340 5238 5784 7033 7463 8048 9180 9922 10742 11210
4826 5546 6763 7213 8834 9465 10456 11266 11852 12797
1441 1793 1858 2340 2432 2862 3057 3201 3552 3826
1707 2044 2365 2685 2990 3343 3535 3872 4257 4545
2861 3212 3537 4413 4789 5139 5915 6366 6942 7042
2153 2442 2568 3253 3614 3903 4155 4372 4948 5093
5347 6360 7142 7787 8846 9997 10733 11792 11976 13357
5085 5731 6290 7022 8141 9389 10077 10465 11799 12444
1847 2187 2682 2988 3380 3619 3993 4436 4623 4828
1259 1608 1752 2077 2282 2499 2691 2932 3233 3461
4736 6267 6717 7618 8114 9870 10410 10996 12032 12662
2737 3657 3900 4549 5306 5874 6171 6631 7496 7847
2911 3262 3988 4388 4564 5014 5790 6116 6516 7442
1803 2124 2348 2589 3102 3487 3807 3984 4417 4785
5604 6498 7156 7533 8803 10214 11060 11578 12706 14070
4603 5136 6244 7270 8009 8542 9281 10635 11127 11948
3719 4656 5160 5989 6890 7323 8404 8836 9989 10385
3478 4602 5317 5895 6338 7087 7699 8754 9026 9809
2986 3211 4013 4113 4664 5089 5915 6416 6791 7367
2510 2910 3225 3772 3814 4298 4845 5182 5686 6317
3963 5028 5484 6207 7462 8109 8870 9326 10277 10657
4252 5177 6691 7489 7910 9003 9885 10558 11188 12281
4451 5044 5896 5970 7118 7673 8192 9266 9710 10969
2237 2636 3352 3773 4214 4509 4824 5182 5476 5939
4611 5252 5652 6493 7334 8095 8855 9776 11217 11497
2686 3036 3663 4113 4514 5090 5866 6041 6917 7092
1355 1680 1836 2149 2414 2498 2691 2992 3220 3605
1235 1500 1813 1945 2330 2451 2764 2944 3137 3558
3175 3764 4072 4885 5586 5783 6203 7128 7352 8053
5401 6676 7215 8392 9422 10207 10893 11874 13345 14374
4611 5572 6413 6973 7774 8254 9615 9816 10536 11497
5410 6862 7012 8763 9714 10865 11815 12916 13917 14267
2555 3204 3660 4069 4790 5223 5511 5920 6352 6977
3580 4421 5262 5928 6594 7505 8205 8836 9642 10062
5675 6396 7645 7789 9614 9998 11535 12016 12688 13649
3826 4912 5017 6103 6909 7435 8030 8591 9782 9957
4691 5291 6252 7173 7494 8534 9495 10256 10896 11777
1271 1656 1885 2005 2258 2559 2763 3004 3233 3377
4691 4964 5901 6760 7580 8400 8673 9883 10507 11210
5651 6122 6639 7909 9179 9696 10731 11954 12659 13788
4651 5332 6413 6973 7854 8174 9095 9936 10456 11537
3819 4602 4840 5827 6508 7393 8141 8720 9094 9877
1616 1841 2112 2593 2819 3300 3616 3811 3916 4427
3810 4609 5827 6511 7234 8109 8641 9554 10391 10923
2070 2612 3113 3273 3914 4195 4696 4896 5296 5817
2679 3094 3670 4084 4568 5029 5328 5812 6134 6526
4187 4764 5737 5845 6530 7395 8295 9016 9484 10565
1803 2108 2381 2573 2942 3311 3567 4128 4176 4721
4223 4730 5706 6760 7697 7814 8829 10117 10703 11171
4141 4246 5087 5788 6769 7295 7750 8801 9782 10237
2027 2334 2640 3145 3560 3867 4065 4444 4804 5345
5231 5862 6537 7933 8204 9735 9915 11221 12482 13292
2482 2963 3853 3949 4478 4862 5631 6088 6376 7193
3669 4290 4973 5345 5811 6742 7021 7487 8107 8883
2975 3574 3678 4303 4902 5735 6204 6282 6984 7453
1710 2324 2477 2784 3346 3517 4079 4147 4692 4896
2997 3607 4421 4972 5466 6076 6860 7092 7789 8659
2585 2739 3114 3885 4194 4833 4855 5692 6001 6331
3478 4261 5351 5827 6236 7223 7665 8346 9537 9979
2633 2909 3670 3969 4223 5029 5213 5950 6111 6710
1810 2460 2784 3181 3506 3776 4065 4642 4912 5363
4457 4799 5332 6663 7310 7918 8945 9668 10619 11265
1706 2140 2348 2797 3198 3278 3759 4160 4224 4785
2153 2496 2586 2893 3398 3885 4101 4588 4985 5093
3791 4772 5262 5823 6839 7610 7925 8871 9221 10237
3116 3441 3900 4684 5387 5604 6361 6766 7036 7631
2409 2894 3379 3577 4128 4481 4877 5318 5825 6331
3175 3680 4269 4801 5138 5642 6259 7016 7352 8193
3274 3947 4524 5133 6030 7055 7504 8176 8977 9073
4251 5252 6173 6733 7214 8415 9256 9736 10416 11417
4454 5423 7053 7273 8594 8991 10047 11280 11853 12645
2453 3004 3467 3577 4392 4679 4987 5406 6089 6507
3707 4500 5095 5392 6416 7110 7341 8464 8728 9422
2688 3418 3886 4641 4876 5396 6256 6334 7245 7505
5008 6774 7068 8245 9471 10207 11432 12462 13198 13933
3311 3821 4512 5323 5504 6435 7065 7666 7936 9017
4726 5424 6121 7065 7722 8337 9568 10348 11128 11907
4410 5555 6260 7537 8506 9079 10532 10796 12073 13217
4229 4761 5865 6397 6968 7881 8946 9592 9896 11151
2135 2478 2550 2947 3272 3957 4119 4660 4967 5345
3483 3762 4725 5159 5811 6680 7456 7487 8449 9007
1755 2076 2316 2893 3166 3519 3759 3920 4320 4625
1532 1832 1975 2327 2523 2679 2940 3266 3422 3787
1121 1261 1573 1683 1944 2215 2345 2446 2736 3007
1936 2496 2839 3253 3560 3632 4317 4498 4804 5255
3595 4332 4780 5325 6222 6542 7087 8304 8336 9489
4691 5412 6293 6813 7974 8775 9095 9856 10496 11257
1121 1281 1573 1673 1874 2215 2285 2586 2676 3017
5961 6311 7813 8513 9664 10415 11465 12166 13016 14417
2747 2987 3708 3877 4550 5271 5775 5992 6737 7217
4229 4822 5303 6192 7229 7488 8229 9118 10007 10784
2610 3287 3988 4063 4939 5064 5891 6116 6967 7017
3197 3278 4252 4603 5387 5766 6198 6577 7550 7631
5411 6042 6582 7303 8519 9375 10320 11491 12572 12617
3281 3821 4572 5323 5504 6435 7065 7696 8236 8837
1181 1311 1602 1763 1883 2184 2415 2576 2796 3017
2725 2886 3324 3900 4568 4683 5213 5674 6158 6779
4810 6444 7356 8461 9518 9950 10719 12400 13264 14417
1071 1282 1533 1643 1824 2135 2255 2596 2747 2957
3491 4092 4302 5353 5894 6375 6885 7246 7876 8777
4899 6310 6969 8239 8709 9603 10496 11531 12236 13600
5171 5946 6462 7710 7754 8958 9733 10379 12014 12487
2564 3117 3232 3762 4384 4891 5421 5881 6065 6572
4685 5629 5957 6942 8214 8748 9691 10061 11250 12153
5499 6872 7657 8637 9765 9814 10991 11972 13148 14325
2978 3567 4044 5025 5334 6119 6679 7128 7688 8277
1635 1846 2098 2351 2562 3053 3277 3432 3797 4077
3370 3947 4973 5485 6350 6574 7567 7984 8368 9585
1276 1475 1751 1971 2137 2358 2567 2678 2975 3130
3114 3491 4159 5030 5379 6076 6831 7324 7731 8253
4252 5850 6144 6817 8288 9213 9339 10684 11399 11987
5744 6823 7853 8147 9226 10697 11530 11873 13442 14178
2082 2558 2977 3262 3510 4062 4309 4956 5051 5375
5347 5945 7327 8247 8754 10089 10181 11194 12068 13817
2251 2692 2972 3513 3914 4275 4675 5036 5236 5777
2651 3204 3468 4021 4526 5247 5559 6064 6713 6929
2298 2695 3357 3885 4018 4569 5075 5538 6045 6617
5531 6540 7404 8221 9566 10431 10623 12400 12880 13937
3341 4092 4422 4873 5894 6375 7035 7696 7966 8477
2453 2783 3114 3952 3996 4414 5163 5604 6023 6617
3755 4396 4876 5165 6254 6670 7631 8272 8977 9073
3442 4566 5293 5689 6086 6812 7902 8497 8662 9752
4589 5766 6691 6733 7658 8667 9717 10684 11567 11777
4454 6128 6525 7449 8550 8947 10312 10576 11544 12601
2135 2370 2640 3217 3253 3668 4299 4588 5003 5363
2231 2792 3012 3213 3734 4395 4675 5196 5617 5957
2679 2910 3255 4108 4522 4637 5213 5674 6273 6480
1556 1917 2293 2518 2714 3150 3496 3661 4112 4292
2688 3522 4095 4537 5162 5501 5735 6750 7245 7297
2736 3362 3562 4188 4989 5440 5740 6191 6892 7192
4229 4748 5748 6044 6933 7711 8266 9266 10081 10377
5203 5335 6876 7757 8550 9563 10487 11280 11500 12909
4381 4685 5560 6663 7006 8109 9022 9326 10086 10999
3921 4466 5215 5555 6270 7257 7563 8550 9503 10115
4151 5054 6286 6573 7886 8789 9076 10348 11415 12071
2786 3187 3762 4088 4839 5240 5715 6066 6917 7392
3201 3927 4653 4943 5524 6221 6714 7121 8079 8630
2560 3036 3938 4414 4689 5415 5565 6041 6817 7092
4910 6725 7608 8441 9765 10305 10844 12413 13148 13786
3461 3972 4633 5053 5984 6375 6675 7486 8297 8507
4967 5472 6270 6859 7994 8625 9297 10684 11399 12239
3791 4351 5052 6244 6384 7084 8030 8836 9537 10202
5085 5515 6634 7538 8614 8958 10163 10507 11970 12573
2215 2291 2862 3357 3776 3985 4385 4728 5242 5603
2272 2425 2805 3072 3472 4176 4328 4652 5185 5451
3531 3851 4844 5421 6126 6895 7343 8048 8913 9233
4357 4931 6245 7148 7394 8297 9651 10471 10676 12030
1283 1451 1933 2041 2174 2643 2667 3136 3160 3437
1847 2102 2682 2903 3125 3499 4010 4436 4692 4862
3172 3956 4391 4653 5756 5843 6888 7469 7933 8630
3581 4062 4272 4813 5414 6405 6915 7576 7816 8507
4795 6268 6959 7649 8432 9215 10550 11332 12069 13219
1819 2011 2541 2605 3150 3535 3727 3984 4256 4609
5186 5546 6447 7213 8384 9915 10411 11221 11716 12932
2950 3848 4437 4913 5222 5726 6455 6820 7717 8305
3710 4451 5563 6229 7192 8155 8414 9081 9858 11080
2300 2931 3225 3499 4067 4382 4803 5119 5876 6212
1898 2068 2477 2767 3397 3670 3942 4249 4504 5066
2560 3487 3862 4163 4814 5340 6015 6366 6942 7092
1558 1650 1845 2289 2445 2680 2888 3175 3514 3670
3650 4562 5262 6208 6839 7329 8205 8801 9361 10482
1199 1497 1596 1927 2192 2380 2468 2700 3020 3152
3242 4076 4781 5357 5998 6959 7055 7888 8401 9329
2410 3180 3853 4309 4766 5079 5319 5968 6641 7001
4533 5066 5446 6587 6892 7728 8907 9858 10086 10923
1287 1464 1684 1850 2060 2402 2446 2788 3031 3229
5579 6011 7212 8125 9038 10431 10911 12304 12688 14033
5255 5531 7051 7971 8478 9306 10826 11240 12160 13817
1201 1382 1442 1813 1994 2125 2285 2536 2636 2867
4906 6156 6732 8221 9326 10143 10863 11968 13121 13505
2741 3340 3678 4225 4954 5397 5969 6724 6959 7661
1480 1793 1832 2315 2445 2653 2927 3331 3553 3748
3989 4159 4772 5555 6542 7189 7597 8176 9231 9775
4377 4599 5414 6192 6822 7859 8155 9266 9859 10858
5160 6562 7262 8764 9014 10064 11415 12766 13917 14367
2636 3036 3637 4163 4889 5290 5791 6091 6692 7117
3467 4396 4588 5710 5902 6895 7183 8272 8464 9137
3932 5155 5747 6636 7340 8155 8784 9192 9969 10710
1519 1715 1923 2106 2536 2771 3031 3279 3618 3722
1355 1560 1716 2137 2246 2450 2775 3100 3148 3605
2045 2207 2730 3127 3398 3885 4227 4678 5039 5111
5051 5808 6060 7405 7616 9045 9507 10852 11146 11777
5861 6411 7662 8913 9664 11015 12015 12816 13916 14817
3201 3752 4595 5204 5727 6134 6772 6975 7875 8311
4907 6300 6732 7741 8798 9903 10575 11680 12977 14274
3201 3491 4363 4653 5350 5960 6482 7382 7847 8282
3404 3985 4449 5088 5233 5959 6714 7266 7933 8601
3410 4203 5029 5458 6053 7077 7440 8002 8762 9819
3674 4236 5062 5326 6152 6812 7572 8530 9059 9785
1626 2011 2348 2829 2910 3503 3775 4128 4465 4497
5141 5772 6402 7979 8249 9059 10771 11311 12077 13067
2258 2699 3289 3436 4151 4382 4887 5434 5707 6086
5107 6186 7804 7902 9716 10452 10942 12070 13296 13982
5303 6235 7215 7853 9618 9912 10942 12756 13492 13933
4115 4548 5160 5953 6602 7359 8368 8692 9881 10241
3545 4166 4818 5376 5718 6556 7114 7456 8480 9162
5291 5511 6480 7934 8594 9078 9783 11104 12073 12777
1659 2124 2365 2701 3006 3247 3647 3968 4193 4657
3949 5160 6097 6799 7385 8166 8907 10039 10937 10937
1983 2324 2596 2920 3414 3652 4010 4436 4674 4777
4586 5820 6744 7625 8814 9254 10135 10796 12249 12953
3638 4197 4725 5283 5594 6370 6866 7735 8356 8976
1402 1649 1923 2354 2536 2706 3057 3175 3435 3878
1883 2252 2461 2717 3086 3246 3583 3920 4289 4561
3810 4952 5560 6169 6854 7995 8946 9364 10467 11265
1415 1597 1976 2210 2601 2706 2979 3370 3448 3787
4418 4769 5667 6331 7268 8439 8907 9922 10547 11639
1766 1871 2368 2623 2759 3165 3405 3616 4006 4382
4741 5214 6204 7581 8528 9346 10249 10809 12014 12401
2405 2847 2973 3773 3857 4341 4803 5329 5476 5918
2686 3462 3587 4514 4639 5315 5991 6116 6867 7042
3483 4104 4476 5097 6183 6307 7176 7642 8635 8697
4379 4926 5980 6409 7385 8010 8829 9649 10586 11093
1243 1375 1718 1872 2115 2302 2556 2788 3019 3306
1739 2076 2461 2749 3182 3423 3535 4000 4304 4737
3859 4711 5526 6007 6711 7933 8229 9414 9970 10673
4151 5547 6326 7270 7968 8748 9732 10430 10840 12276
3826 5052 5160 6349 7070 7683 8583 9016 9592 10529
3641 4599 4731 5524 6185 7143 7770 8398 8992 9785
5439 5623 7051 7649 8800 9537 10733 11976 12206 13127
1141 1231 1573 1673 1904 2034 2295 2616 2757 2847
2510 3161 3913 4488 4639 5415 5740 6441 6666 7442
1948 2577 2767 3357 3795 4195 4518 4595 5108 5337
5416 6216 7204 7721 8521 10120 11202 11813 12989 13177
4331 4764 5124 6133 6962 7250 8151 8800 9701 10493
2891 3252 3781 3997 4814 5199 5319 6208 6496 6977
2409 2872 3489 3819 4128 4701 4855 5670 5934 6573
2836 3011 3988 4213 4964 5039 5965 6291 6591 7417
4841 5669 6498 8294 8846 9260 10641 11608 12805 13541
2627 3036 3564 3877 4694 5007 5319 6016 6665 6857
3851 4043 4684 5293 5902 6831 7439 8240 8593 8977
3924 5218 6017 6283 7500 7652 8717 9706 10048 11265
1143 1397 1773 1883 2170 2214 2600 2766 2931 3284
4229 4970 5896 6600 6859 7674 8303 9081 9784 10636
3608 4269 5128 5590 6317 7110 7275 8266 8596 9356
3988 5121 6253 6331 7814 7814 8673 9883 10664 11522
2579 2939 3372 3997 4526 4815 5463 6040 6593 6905
4691 5092 6013 6413 7414 8775 8895 10016 10777 11297
5071 6084 6700 7229 8330 9299 10576 10620 11852 12953
3220 3972 4723 5353 5744 6555 7035 7396 7936 8927
1949 2349 2825 3224 3567 3986 4233 4633 5223 5489
3431 4032 4813 5053 6014 6044 7035 7456 7816 8867
2171 2792 2932 3593 3834 4134 4595 4856 5477 5917
2471 3071 3347 4015 4568 4937 5535 5835 6457 6549
3785 4636 5316 5623 6780 7495 7767 8788 9196 9979
1211 1301 1563 1653 1894 2185 2275 2526 2807 2917
3810 4952 5408 6207 7538 7995 8983 9478 10657 11265
3910 5042 5628 6292 7736 8595 9258 9961 10624 11639
3563 4460 4940 5421 6318 7055 7343 7727 8752 9585
3962 4914 5941 6511 7462 7957 8375 9782 10619 11037
5203 6084 6965 7581 8066 9122 10487 10620 11984 12689
2886 3287 3537 4163 4714 5140 5590 6516 6666 7417
5401 6186 7166 8540 8834 10158 10991 11874 13296 14374
3221 3822 4302 5324 5684 6375 6945 7216 7966 8987
3784 5155 5637 6192 6711 8044 8155 8933 10340 10451
2969 3550 4101 4653 5408 5931 6773 7005 7702 8602
4956 5515 6721 7753 8227 8915 9690 11110 11540 12315
4331 4800 5556 5845 6890 7827 8583 9160 9412 10421
4589 5766 6649 6859 8372 9003 9297 10726 11735 11777
3175 3623 4212 5025 5614 6175 6651 7128 7464 8277
3008 3657 4117 4414 5306 5631 6496 6955 7036 7577
3853 4091 4908 5998 6440 7325 7495 8380 9061 9775
2845 3522 4279 4684 5306 5685 6360 6577 7360 7982
2866 3876 4324 5025 5614 6175 6287 6904 7688 8193
4439 5506 6039 7353 7927 8296 9076 10102 11456 11661
2510 2847 3225 3793 4214 4487 4887 5434 5602 6296
5548 6136 7853 8637 9373 9912 11089 12119 13443 14668
2434 3348 3372 3925 4646 4838 5752 6208 6689 6833
1222 1584 1849 2101 2318 2474 2835 2896 3305 3521
4353 5989 6376 7667 8399 9044 10034 11196 11368 12573
2409 2850 3511 3863 4150 4458 5296 5670 5736 6265
4999 5386 6505 7452 7840 9131 10335 10938 12014 12143
5231 5456 6717 7663 8924 9555 10815 10861 12392 13247
3627 4300 4652 5165 6222 6735 7471 8208 8336 9169
1626 1947 2429 2862 2942 3375 3567 3920 4497 4625
1265 1375 1552 1960 1994 2424 2556 2722 3075 3306
5243 6252 7116 7789 9566 9903 10815 12352 13265 13457
3905 4202 4632 5458 6581 6845 7671 8332 9257 9620
3887 4636 5351 5555 6610 7121 8176 8244 9265 9639
4044 4784 5599 6414 7081 7933 8636 9266 10229 10895
1402 1636 2015 2184 2601 2614 3083 3279 3540 3774
4849 5177 6532 6901 8132 8994 9773 10348 11332 11743
1707 2028 2252 2894 3086 3311 3728 3904 4353 4497
1349 1610 1949 2354 2549 2797 2979 3227 3579 3748
4091 4534 4772 5657 6508 7052 7699 8482 9435 10183
4726 5711 5752 6655 7435 8748 9774 10020 10758 11948
5260 6161 7813 8663 9114 10965 11315 12766 13817 14617
1110 1541 1585 1773 2016 2259 2457 2744 3064 3296
3375 3637 4363 4653 5321 5989 6773 7034 8079 8137
2627 3084 3853 4045 4598 5103 5295 6088 6328 7073
3747 5007 5785 6674 6933 8118 8599 9229 9673 10414
3551 4212 4602 4873 5954 6615 6765 7456 8206 8477
3478 4227 5249 6134 6270 6950 7665 8414 9537 9979
1586 1947 2172 2458 2819 3150 3480 3796 4052 4427
4050 5252 5772 6973 8014 8174 9055 9736 11217 11857
5661 6862 7412 9013 9764 10564 11215 12716 13366 14767
3007 3820 4156 4521 5558 6007 6203 7184 7633 8109
4890 5218 6080 6737 7804 8748 9445 10594 10840 11702
3872 4401 4995 5557 6218 6912 7936 7936 8728 9620
3682 4728 5629 5809 6494 7503 8584 8836 9989 10709
5186 5546 6627 7528 8114 9465 10726 11311 11986 13112
1593 1846 2112 2491 2744 2954 3277 3628 3754 4133
3040 4002 4693 5354 5594 6495 7035 7396 7936 8477
2939 4043 4130 5233 5321 6395 6598 7382 8137 8369
2795 3228 3420 4165 4766 5271 5319 5800 6665 7073
2679 3209 3370 4130 4499 4960 5351 5628 6111 6825
4421 5640 5892 6775 8162 8414 9759 10726 11777 11861
3512 4398 5351 5963 6746 6848 7971 8754 9128 9911
3346 3549 4246 5147 5756 5989 6453 7411 7701 8224
1171 1271 1422 1743 2004 2155 2355 2566 2807 2827
1222 1572 1752 2174 2330 2535 2835 3028 3172 3593
4931 5547 6162 6737 8214 8501 9773 10020 11086 12235
2675 2891 3637 3973 4718 4887 5439 5968 6449 7025
3896 4748 5452 6526 6674 7563 8563 9192 9785 10451
2586 3412 3888 4013 4689 5039 5991 6191 6617 7117
4141 4386 5613 5928 6944 7540 8100 8556 9747 10202
2843 3252 3372 3973 4814 5223 5583 6136 6328 6809
4377 4747 5266 6414 7414 7785 8747 9303 10266 10377
1677 1747 2042 2421 2786 2898 3193 3614 3698 4077
5051 5817 6627 7528 8114 9510 10275 11311 11897 12887
3251 3792 4252 4468 5387 5522 6171 6739 7117 7712
5050 6059 7212 8509 9614 10335 10671 12496 12592 13793
4007 4692 5376 6277 6998 7719 7935 8836 9809 10277
3170 3765 4306 4765 4982 5522 6414 6901 7036 7928
1540 2052 2338 2638 2954 3180 3450 3841 4051 4277
5247 5599 6392 7317 8066 8902 10532 11104 11896 13217
3659 4044 4492 5229 6286 6991 7087 7728 8497 9297
3521 3821 4783 4963 5924 6615 7215 7636 7936 8897
3230 3840 4508 4653 5495 5960 6598 7034 7644 8456
3130 3972 4693 4843 5804 6104 6885 7636 8147 8627
1331 1442 1651 1773 2192 2336 2457 2865 3030 3273
2298 2916 3268 3599 4260 4613 4943 5714 6133 6529
3718 4764 5773 6133 6998 7899 8115 9268 9520 10601
2699 2915 3420 4213 4526 5271 5319 6256 6641 6881
4871 5862 6717 7888 8699 9014 10771 11266 12166 13292
3514 4321 4880 5097 5997 6276 6928 7859 8169 8883
1707 2124 2445 2733 3118 3519 3727 3872 4176 4625
2153 2316 2893 2965 3290 3632 3975 4678 5021 5057
3853 4091 5453 5657 6542 6916 8141 8482 9401 10149
3576 3886 4973 5314 6028 6835 7455 7580 8138 9193
3787 4492 4524 5613 6382 6574 7119 8336 8496 9393
1424 1691 1972 2478 2632 2941 3362 3418 3853 4077
5203 5555 6260 7801 8330 9563 9827 11280 12293 13085
3509 4368 4698 5557 6581 6779 7936 8332 8761 9785
5128 5473 6032 7409 7840 8614 10293 11067 11498 12358
1310 1610 2015 2262 2588 2797 3109 3357 3474 3800
2251 2612 3072 3393 3654 4174 4515 5116 5577 5997
5361 6612 7913 8863 9564 10314 11665 12516 13116 14217
3895 5081 5414 6525 7340 7525 8451 9044 9858 10969
5604 6592 6968 8097 9132 9555 10684 12189 12330 13694
3717 4738 5147 5453 6236 7155 7597 8686 9333 9843
4851 6357 7062 8427 9414 9649 11060 11766 12565 13177
5060 6612 7012 8113 9914 10665 12016 12266 13867 14917
1736 1947 2202 2578 2969 3074 3465 3796 4006 4322
1659 2028 2413 2766 3054 3311 3664 3872 4241 4497
3949 4769 6214 6643 7502 8166 8634 10000 10468 11639
3806 3971 4830 5788 6251 6978 7539 8464 9191 9587
1691 1789 2140 2379 2590 3039 3361 3502 3867 4021
3431 4062 4723 5143 6014 6435 6735 7396 7906 8867
5255 6268 6774 8247 9214 9951 10319 11608 12252 13587
2276 2982 3533 3907 4172 4767 5031 5626 5802 6177
4371 5252 6213 6413 7894 8775 9295 9856 11057 11617
2723 3180 3853 4261 4766 4814 5463 6064 6688 7193
1626 2124 2493 2653 3086 3535 3759 4176 4240 4641
2771 3186 3577 3923 4384 4752 5489 5927 5996 6871
4151 5752 6039 7311 7394 8501 9035 10676 11415 12071
3531 4204 4941 5261 6414 6639 7055 8048 8721 9393
2699 3059 3540 3949 4598 5295 5463 5800 6737 7169
2554 3276 3588 4237 4574 5103 5655 5992 6569 6833
3230 3985 4421 4827 5408 6366 6395 7295 7992 8282
3191 3822 4512 5324 5684 6134 7156 7456 7966 8657
4851 6040 6965 7053 8242 9255 10399 11060 12117 12645
3116 3278 4279 4819 5063 5793 5955 7036 7036 8009
1258 1596 1873 2174 2366 2426 2763 2980 3257 3449
4023 4738 5044 6133 6406 7189 8005 8380 9230 9605
3089 3792 4062 4468 5036 5874 6144 6847 7441 8090
4187 4656 5701 6313 6566 7683 8115 8980 9628 10565
2871 3131 4017 4251 5162 5475 5995 6282 7297 7817
4001 4457 5228 5683 6384 7015 7961 8626 9187 9922
1091 1412 1542 1733 2004 2104 2325 2476 2766 2907
3545 3949 4569 5066 5718 6618 7425 7673 8418 8790
3390 4197 4476 5159 6059 6494 7363 7952 8169 8728
5057 6087 7019 8343 9618 10746 11482 11923 13100 13884
2299 2828 3467 3555 4062 4613 4899 5296 5891 6375
3718 4944 5485 6025 7106 7539 8043 8692 9629 10637
1755 1995 2300 2669 3102 3327 3551 4176 4497 4689
2356 3209 3532 4061 4154 5052 5144 5904 6203 6572
4571 4876 5865 6625 7120 7995 8603 9592 10238 10771
2981 3522 4198 4765 5225 5603 6090 6928 7144 8009
1642 1979 2428 2878 2974 3359 3711 4112 4369 4689
4340 4933 5451 6081 6785 7674 8303 9340 9710 11117
3204 3731 4756 5283 5656 6525 6990 7952 8139 8728
2153 2514 2586 2983 3344 3831 4281 4588 4696 5399
2636 3288 4017 4538 5214 5240 5735 6360 7037 7505
4780 5636 7213 7888 8384 9419 10725 10906 12527 13517
2379 3209 3647 3923 4315 4914 5144 5720 6204 6641
1199 1519 1563 1938 2027 2369 2645 2777 2975 3229
4463 5262 6018 7153 7574 8415 9255 10684 11609 12113
2900 3278 3981 4603 5198 5901 6144 6739 7063 7928
1265 1342 1717 1982 2060 2391 2644 2821 2909 3273
1851 2204 2557 2861 3070 3326 3567 3904 4256 4801
4510 6267 6492 7933 8249 9465 10816 11581 12031 12977
2276 2806 3202 3775 4414 4723 4921 5472 6133 6199
1439 1608 1872 2137 2342 2570 2823 2992 3244 3533
3203 3511 4156 4829 5474 6147 6483 7044 7408 8109
3509 4269 4929 5888 6515 7110 7506 8134 8662 9653
4849 5424 6573 6983 7681 8953 9158 10676 10717 11948
2357 2910 3624 3716 4292 4960 5144 5559 6020 6826
4371 5212 5892 6773 7694 8415 9535 10256 11137 11577
3251 3738 4117 4603 5306 5414 6036 6955 7063 7739
2082 2444 3053 3072 3605 3910 4347 4785 4975 5641
5411 6312 6897 7978 8519 9059 10005 11716 12121 13112
2216 2573 3162 3752 4046 4614 4698 5245 5497 6275
4036 4316 5368 5683 6734 7260 8276 8731 9221 10237
3905 4500 4863 5755 6515 6647 7407 8497 8662 9554
3079 3157 4069 4511 5214 5214 6099 6646 6958 7323
5387 5771 7453 8462 9086 10335 10575 12112 12496 13697
3545 3979 4880 5345 6090 6587 6959 7921 8262 9069
5147 6684 7116 7789 9614 10287 10815 12064 12640 14177
5499 5989 7264 8147 9079 10109 11334 12462 13149 14374
5861 6311 7162 9013 9614 11015 11765 13016 13466 14217
4794 6268 7235 8017 8846 9536 10411 11240 12667 13449
2099 2424 2712 3181 3380 3686 4299 4570 4948 5165
3650 4456 5122 6208 6979 7645 7750 8871 9396 10412
4656 5992 7143 7879 8846 9214 10319 11838 12897 13817
5057 6382 6970 8735 9814 10501 11138 12070 13541 14325
1181 1241 1442 1633 1904 2135 2225 2596 2627 2837
3467 3947 4909 5453 6158 6511 7055 8176 8529 9009
3053 3235 3834 4511 5006 5579 5969 6750 6906 7323
2662 3626 4147 4693 4850 5370 6177 6594 6880 7713
2299 2850 3180 3886 4150 4414 5230 5340 6045 6397
5463 6262 7109 7909 9414 10119 11107 12142 12847 14117
2272 2672 2786 3072 3643 4043 4309 4785 5051 5413
4906 6012 7357 7741 9182 10431 10911 11536 12496 14322
3116 3413 4252 4630 5360 5955 6090 6739 7144 7658
1210 1680 1788 1933 2366 2607 2860 2980 3196 3533
2686 3136 3763 4288 4539 5014 5790 6241 6817 7518
3861 4281 5192 5963 6699 7295 8065 8486 9782 10272
2171 2279 2532 3109 3308 3777 4209 4588 5057 5219
3141 4042 4507 5438 5780 6773 6835 7952 8635 9317
2610 3392 4017 4329 5214 5579 6256 6542 7167 7349
2447 2889 3015 3667 4067 4382 4929 5476 5560 6275
2578 3156 3781 3973 4718 5247 5439 6136 6592 7025
1467 1832 1975 2210 2601 2862 2901 3266 3500 3917
4698 6032 6893 7022 8399 9260 9561 10335 11971 12874
1201 1322 1502 1673 1944 2205 2275 2506 2636 2887
4526 5731 6462 7668 8098 8700 10121 11067 11282 12100
5181 6592 7015 8285 8662 10026 10402 12095 12377 13976
2819 3603 3873 4847 4955 5442 6198 6631 7253 7793
2216 2700 3352 3499 3962 4299 4867 5119 5603 5897
3646 4728 5340 6205 6602 7719 8440 8980 9484 10385
4251 4811 6293 6573 7374 8735 9095 10096 10857 11937
3143 3467 3873 4711 5036 5955 6387 6847 7387 8090
2131 2805 3226 3373 3899 4488 4908 5371 5602 6275
3040 3942 4272 5324 5684 6375 6946 7306 7847 8447
5548 6823 7215 8735 9226 10501 11579 12560 13050 14374
1428 1832 2054 2353 2601 2862 2940 3396 3422 3683
5060 6512 7162 8964 9264 10415 11015 12716 13016 14317
3819 4227 5044 5997 6746 7427 7699 8686 9196 9673
3310 4137 5227 5590 6086 7242 7308 7936 8762 9686
1555 1871 2398 2699 2759 3074 3601 3616 4112 4412
4316 5547 6491 6942 7804 8214 9692 10471 10758 11784
4535 4730 5472 6565 7541 8595 8790 9961 10507 11561
2215 2387 2882 3262 3605 3967 4290 4690 5033 5432
3608 4169 4764 5821 6251 6746 7506 8299 9191 9488
6011 6512 7613 8213 9614 10715 11115 12016 13466 15017
4811 5011 6133 6853 7374 8254 9135 10056 10656 11977
2651 2673 3445 3621 3996 4613 5141 5692 5780 6287
2846 3387 4252 4387 5279 5523 6280 6793 7117 7685
5071 5808 6452 7833 8294 9537 10273 11424 12207 13311
3615 4562 5122 5998 6559 7505 8416 8556 9291 10482
5009 5387 6691 6901 8330 8919 9759 10138 11062 12617
3483 3762 4383 5159 5997 6587 7238 7766 8356 9224
2891 3059 3516 4213 4574 5055 5295 6208 6713 6785
5771 6107 7405 8173 9182 9902 11055 11728 13457 13985
3499 3915 4780 5357 6222 7055 7407 7888 8656 9617
5009 5640 6439 6901 7910 8793 9885 10474 10978 12239
3510 4492 5192 6139 6349 7225 8241 8941 9221 10132
3989 4772 5044 5759 6338 7291 8039 8346 9298 10081
2025 2387 2824 3148 3700 4062 4195 4880 5013 5489
1210 1512 1704 2017 2198 2499 2884 2920 3245 3461
1819 2059 2284 2573 3198 3503 3711 4160 4481 4577
2117 2333 2676 3217 3506 3975 4191 4624 4786 5273
1646 2007 2187 2623 2954 3074 3585 3856 4187 4487
5303 6578 7117 8147 9814 10599 10795 12609 13492 14521
3221 3791 4573 4843 5744 6615 6645 7606 8057 8867
5110 6962 7112 8213 9364 10615 11916 12916 13517 14517
5416 5651 6686 8144 8897 9602 10543 11719 13083 13929
2741 3366 3965 4381 4824 5683 5761 6464 7037 7765
2979 3596 4100 4970 5166 5642 6287 7072 7633 8025
3359 3948 4756 5531 5997 6214 7145 7735 8480 9193
5499 5940 7363 8196 9716 10697 11138 11923 13247 13835
2111 2652 3013 3473 3774 4034 4595 4956 5216 5817
2030 2712 3193 3313 3994 4094 4435 5056 5397 5757
4057 4500 5010 5657 6678 7257 7529 8414 9537 10149
4851 5600 6480 7625 8066 9299 9739 10796 12205 13085
3452 3948 4818 5128 5966 6649 6990 7921 8480 9193
5695 6480 6921 8539 9520 10403 11040 12021 13541 14374
2610 3025 3370 3969 4384 4937 5328 5674 6319 6549
2541 2828 3202 3577 4172 4480 5053 5406 6111 6617
3035 3549 3846 4549 5144 5631 6009 6739 7280 8036
1151 1251 1613 1683 1974 2054 2315 2596 2636 3017
3197 3332 4144 4468 4874 5468 6144 6928 7198 8063
2651 3084 3709 3949 4430 5007 5367 5944 6401 6881
1265 1441 1740 1927 2170 2391 2534 2666 3052 3284
3141 4042 4756 5376 5904 6649 7083 7704 8387 8821
1428 1832 2093 2301 2380 2653 2901 3383 3605 3761
3010 3792 4723 4813 5414 6495 7216 7336 7967 8717
5393 6268 6820 7879 8432 9536 10595 11700 12805 13127
3175 3567 4324 4913 5418 5754 6623 7240 7520 8081
5561 7012 7712 8313 9864 10665 11415 12866 13316 14917
3575 4136 4731 5590 6449 7242 7506 8596 8695 9653
1402 1741 2093 2275 2354 2849 2875 3279 3448 3696
3887 4500 5351 5589 6440 7427 7495 8516 9231 9639
5416 6028 6780 8191 9367 9555 10778 11907 12236 13929
4079 4584 5340 5845 6782 7287 8512 8872 9953 10133
1898 2239 2477 3006 3091 3517 3755 4385 4539 4794
5411 7012 7412 9014 9714 10264 11365 12166 13216 14917
4645 5456 6492 7798 9014 9690 10320 11356 11986 13517
2603 3036 3372 4310 4334 5271 5728 5848 6256 6881
3191 4092 4452 5173 5894 6555 6825 7246 7996 8747
3755 3947 4716 5581 6382 6735 7567 7696 8432 9297
3849 4990 5827 6245 7044 7653 8718 9364 10011 10885
1883 2252 2268 2669 2942 3439 3599 3920 4273 4593
5511 6762 7663 8263 9714 10114 11816 12066 13467 14267
1864 2370 2586 3217 3542 3795 4155 4606 5003 5273
5695 6136 7853 8588 9079 10697 11579 12511 13540 13884
3442 4599 5128 5557 6614 6614 7771 7936 8761 9389
2986 3136 3812 4363 4989 5240 5740 6441 6641 7067
2771 3209 3232 3923 4200 4845 5305 5628 5996 6618
2253 2539 3034 3129 3719 4043 4290 4671 5032 5660
4749 5669 7327 7603 8294 10135 10503 11148 12161 13035
1830 2205 2648 2835 3380 3482 3857 4402 4692 4981
4457 5277 5628 6604 7385 7892 8712 10156 10351 11054
1177 1386 1574 1938 2104 2292 2545 2843 2998 3185
2764 3792 4306 4360 5225 5441 5955 6658 7415 7928
3989 4125 4976 5691 6406 7359 8176 8822 9026 9605
1270 1451 1836 1945 2402 2643 2739 3100 3353 3473
2675 3059 3564 4237 4622 5295 5559 6232 6520 6785
5085 5774 6462 7409 8571 9173 9948 11067 11712 12358
2363 2826 3036 3751 4109 4361 4740 5224 5750 6191
1071 1382 1603 1713 1894 2024 2386 2446 2707 2887
1343 1535 1861 2041 2414 2426 2823 2980 3293 3545
1519 1767 2093 2249 2445 2784 3005 3383 3396 3891
4691 5546 7033 7663 8294 9330 10636 11086 12257 12617
3310 4136 5260 5755 6086 6780 7407 8233 9257 9356
5461 6261 7963 8013 9564 10665 11015 12666 13617 14967
4463 5472 5976 7111 7658 8751 9717 10726 11147 12323
3370 4396 5037 5389 5998 7055 7503 8336 8656 9553
3910 4965 6136 6253 7424 7971 9025 9376 10625 11288
4702 5715 6820 7603 8340 9721 10964 11516 12667 13081
1601 2112 2323 2563 2954 3165 3405 3691 3946 4307
3131 3131 3782 4537 5006 5553 6099 6672 7192 7817
2949 3444 3704 4355 4928 5553 5813 6672 7011 7531
3141 4042 4663 4973 5718 6214 7456 7828 8294 8883
5557 6122 6592 7862 8615 9979 10684 12142 12754 14023
1649 1705 2169 2337 2534 2955 3362 3502 3881 4035
5128 5688 6592 7065 8356 8657 9475 11153 11497 12186
4542 6040 6348 7141 8550 9079 10532 11148 11500 12733
4451 4896 5822 5933 7266 7710 8340 9451 10118 10525
3821 5192 5229 6674 6896 7636 8340 9377 9895 11080
2610 3261 4121 4407 4772 5527 5891 6282 7219 7817
5499 6627 7755 8588 9520 10157 11775 11873 13540 14472
1319 1620 1704 2053 2414 2523 2799 3028 3256 3497
5134 5745 7344 8473 9226 10308 11248 11436 13130 13741
4719 5291 6392 7317 8198 9299 10268 10620 12293 12425
1593 1916 2042 2534 2674 2926 3305 3376 3726 4189
1171 1241 1422 1743 1844 2165 2265 2486 2737 2937
2363 2594 3310 3520 3920 4530 4677 5161 5792 6065
2158 2348 2786 3091 3738 3814 4290 4652 5280 5527
1331 1397 1552 1883 2181 2424 2611 2700 2931 3207
5071 5423 6745 7581 7934 9211 9871 11280 12073 12601
3650 4562 5578 6278 6489 7294 7715 9081 9326 10517
4586 5732 6745 7317 8462 9123 10223 11412 12029 12645
4698 5860 6807 7495 8356 9389 9862 10551 11454 12057
4081 4488 5711 6451 6859 8007 8451 9192 10007 10784
1283 1463 1752 2162 2330 2571 2884 2956 3220 3521
2531 2952 3226 3646 3899 4404 4740 5182 5560 6002
1811 2007 2322 2698 2939 3210 3450 3901 3961 4307
1745 2171 2460 3006 3125 3534 3857 4164 4488 5067
3105 3183 3886 4173 4928 5683 6203 6516 6828 7791
2472 2863 3370 4085 4430 4660 5536 5582 6158 6710
2139 2520 2748 3338 3567 4062 4385 4785 5108 5641
2231 2792 3093 3473 3654 4295 4555 4816 5236 5737
2845 3444 3704 4433 4850 5631 6204 6334 7193 7453
5811 6261 7412 8163 9914 10915 11115 12816 13967 14567
2215 2577 2843 3262 3548 4138 4271 4956 5261 5432
2541 2840 3601 4108 4269 4706 5443 5835 6250 6503
4702 6084 7281 7833 9076 9629 10411 11654 12252 12897
4612 5602 6075 7065 8270 9346 9862 10723 11928 12057
4979 5854 6590 7879 8340 9997 10642 11102 12161 13449
4826 5862 6853 7303 8969 9194 9960 11716 12482 12977
5352 6627 7068 8245 9226 10158 10942 12609 13394 13982
1721 2082 2398 2413 2939 3059 3600 3736 4096 4427
2894 3596 4128 4942 5194 5727 6287 7184 7380 8305
4141 4281 5052 6279 6559 7470 7995 9011 9186 10272
3175 3624 4269 4969 5362 5754 6399 7184 7352 8025
3581 4282 4912 5648 6980 7190 7750 8731 9327 10062
2458 3276 3829 4189 4622 5247 5559 5847 6713 7145
3462 3607 4537 4769 5698 6308 6830 7208 7730 8427
4749 5992 7005 7419 8754 9260 10734 11470 12713 13081
3685 4492 5262 6103 6839 7084 8275 9046 9502 9817
1379 1572 1933 2125 2378 2619 2739 2920 3304 3413
2723 3060 3396 3877 4406 5247 5632 5968 6569 6905
4295 4728 5304 6205 7142 7683 8259 9124 9556 10313
3872 4335 4665 5821 6449 6846 7836 7969 8893 9521
2610 2910 3439 4015 4545 4707 5075 5582 6250 6641
2710 3576 4062 4820 5252 5928 6387 6496 7334 7577
4983 5820 6260 7229 8550 9078 10576 10884 11720 13217
5025 5854 7189 7649 9122 9445 10411 11240 12667 13265
3390 3824 4538 5252 5842 6276 7363 7983 8294 8914
5181 6357 6592 7533 8709 9838 11249 11484 12471 13976
2210 2761 3467 3819 4128 4525 5075 5362 6023 6463
5711 6762 7062 8163 10014 10765 11065 12816 13366 14067
1751 1826 2172 2548 2774 3120 3541 3766 4007 4307
2845 3392 3704 4485 5084 5345 5735 6594 7011 7401
1246 1584 1800 1981 2318 2643 2884 2980 3305 3509
5099 6444 7357 8221 8702 9903 11055 12208 12881 13937
4337 5430 6313 6985 8330 8709 9255 10390 11105 12281
4071 4877 5017 6103 6419 7400 7925 8731 9502 9817
4036 4807 5052 6314 6384 7049 8241 8626 9151 10202
5276 5772 6312 7978 8204 9149 10771 11491 12527 12887
2510 2742 3184 3520 3836 4572 4740 5434 5560 5939
4613 4808 5472 6409 7307 8205 8985 9376 10937 11054
2411 2592 2912 3413 3754 4195 4495 4856 5437 5737
4291 5412 5772 6613 7334 8135 8975 10216 11057 11577
1151 1392 1432 1703 1964 2074 2385 2586 2746 3007
3910 5433 6058 6253 7073 8400 9297 10117 10351 11717
4763 5644 6304 7405 8242 9255 10091 11016 12117 12469
2152 2700 3099 3646 3962 4614 4761 5119 5624 6065
4612 5774 6075 7237 8571 9346 9905 10637 11971 12315
2651 2939 3829 4021 4718 5007 5415 6064 6376 6977
5291 5776 6701 7185 7978 8858 10047 10576 12205 12689
3224 3494 4008 4765 5387 5820 6414 6874 7333 7712
2497 2916 3511 3731 4348 4436 4965 5736 6044 6419
1427 1548 1716 2113 2294 2486 2835 3004 3220 3533
3839 4434 4830 5920 6317 6647 7275 8563 8959 9884
3810 5218 5674 6169 7082 7843 9136 9174 10429 11417
2651 2987 3685 3925 4646 5295 5391 5896 6497 6977
1362 1741 1949 2093 2445 2810 3018 3227 3644 3722
2714 3548 3965 4459 5032 5371 5995 6594 7011 7401
4610 5669 7327 7649 8846 9905 10503 11424 12437 13633
4547 5135 6691 6859 8036 8709 9549 10180 11231 11819
2910 3840 4072 5176 5553 5814 6744 7382 7556 8340
3306 4236 4652 5421 6254 6991 7407 7760 8400 9233
1211 1312 1583 1693 1874 2135 2385 2425 2807 2917
1766 1841 2247 2428 2969 3014 3420 3916 4187 4517
3674 4302 4731 5491 6119 7011 7936 8233 8695 9884
4767 5423 5916 7311 8173 8911 9814 10348 11496 12276
3197 3414 3981 4630 5279 5468 6090 6658 7334 7793
1835 2236 2525 2653 3118 3407 3711 4064 4304 4689
1751 1992 2248 2413 2894 3195 3345 3646 3976 4412
2371 2471 2852 3413 3774 4375 4635 5156 5256 5777
3466 4139 4780 5645 5998 6542 7631 8304 8913 9585
4758 5651 6780 8427 8615 9979 10779 11296 12331 13224
2838 3848 4268 4773 5194 5895 6427 7128 7717 8417
1781 1961 2262 2578 2909 3270 3585 3811 3916 4457
2530 3083 3757 3949 4670 5271 5727 6016 6424 6905
3810 4838 5560 6359 7348 8261 8831 9820 10086 11075
5461 6312 7863 8413 9764 10014 11966 12316 13016 14017
2371 2532 2812 3233 3854 4295 4696 4936 5216 5717
1050 1311 1562 1743 1934 2084 2355 2616 2766 3007
2954 3738 4198 4576 5198 5441 6036 6712 7117 7766
5205 6676 7510 8294 9765 9863 10795 12070 12903 14521
3755 4428 5005 5325 6222 6831 7407 8336 8528 9073
4457 4769 6175 6409 7502 8048 9297 10156 10937 11249
3371 4122 4362 5233 5564 6315 6915 7786 7876 8477
3431 3641 4813 5113 5414 6555 6705 7426 7816 9017
1900 2406 2785 3109 3560 3668 4173 4588 4822 5129
4735 6087 6537 7843 8294 9285 10771 11536 11896 13112
4907 6732 6828 7693 9038 10095 10623 12112 12641 13697
1424 1747 2000 2309 2604 2969 3348 3418 3825 4204
5611 6962 7363 8063 9314 10115 11065 12366 13267 14517
2025 2596 2977 3072 3757 3890 4499 4671 5299 5432
4939 5511 6921 7317 7978 9475 10223 10620 11721 12865
2819 3059 3660 3925 4694 4862 5583 6160 6665 7193
4898 6310 7156 8050 9367 9508 10684 11813 12848 14023
2506 3156 3468 4189 4598 5175 5607 6184 6689 6809
4340 5043 5979 6682 7424 8087 9024 9883 10624 11522
3872 4103 4632 5689 6515 7143 7473 8266 8596 9323
4571 5572 6172 7093 8014 8054 9095 10336 10736 11857
3091 3792 4296 4885 5362 5810 6623 7156 7801 8221
5303 6234 7019 7951 9618 10697 11678 12658 13148 13835
1796 2051 2563 2784 3176 3483 3960 4266 4692 4777
2951 3792 4353 4577 5446 5951 6427 6876 7801 7913
5203 5379 6877 7493 7934 9431 10311 10664 11808 12909
3259 3539 4072 4857 5446 6147 6427 7156 7660 8277
3971 4331 5701 6494 6566 7214 8656 8764 9593 10385
3317 3869 4130 4856 5524 5814 6830 7150 8021 8427
2961 3262 3612 4213 4939 5164 5890 6141 6766 7367
1537 1916 2141 2435 2688 2828 3207 3586 3726 3937
1323 1571 2093 2132 2614 2654 2966 3149 3540 3891
1968 2329 2920 3186 3624 3910 4385 4861 5128 5337
5352 5989 6921 8490 9569 10109 10844 12266 12952 14718
2191 2471 3013 3313 3854 4255 4535 4996 5337 5877
3203 3680 4044 4689 5362 5614 6231 7072 7493 8081
1323 1780 1962 2197 2367 2797 3018 3383 3579 3865
4586 6040 6524 7757 8286 9034 10531 10928 12117 13129
1744 2187 2665 3039 3312 3738 3908 4317 4572 4862
3545 4526 5613 6208 6419 7329 8135 8766 9642 10482
4331 4403 5232 6457 6638 7575 8259 9304 10097 10097
5186 5772 6988 7663 8609 9600 10590 10996 12166 12797
3130 3912 4813 5263 5804 6495 7095 7306 7906 8837
2867 2891 3660 4309 4742 5223 5295 6160 6424 7169
4371 5372 5812 6493 7414 8735 9095 9896 10897 11297
4077 5218 5370 6359 7082 7766 9060 9858 10429 10657
1349 1676 2080 2197 2354 2667 2888 3292 3566 3891
4757 5345 5934 7532 8078 9171 9885 10390 11272 11861
2939 3840 4246 4740 5437 5844 6715 7411 7760 8311
2251 2692 2892 3353 3774 4375 4775 5196 5416 5877
2387 2828 3158 3885 4238 4613 4921 5626 5979 6573
5096 5727 6492 7438 8654 9690 10636 11356 11761 12707
2272 2653 2767 3262 3624 4157 4214 4937 5013 5356
3339 4300 5069 5261 6382 6927 7215 7760 8400 9009
3306 4075 5133 5485 6190 6510 7600 7952 8785 9105
4531 5092 6133 6933 7254 8094 9416 10416 10416 11417
2135 2334 2712 3199 3470 3903 4083 4336 4913 5111
3674 4004 5227 5689 5954 6680 7308 8068 9191 9818
4316 5178 5998 6983 8050 8748 9281 9938 10841 11702
5531 5623 6452 7787 8662 9399 10135 11470 12483 12989
5961 6161 7562 8413 9764 10514 11815 12366 14017 14717
