1000 10 10
9 81 77 96 54 57 93 20 90 50 45 0 43
5 92 39 70 72 84 78 88 46 83 29 0 23
9 88 84 47 74 61 96 21 92 32 81 0 44
7 42 81 27 70 77 38 92 70 62 48 0 32
5 48 34 98 66 58 41 53 65 67 67 0 21
3 72 41 79 25 52 30 35 61 77 60 0 12
7 94 93 25 42 73 70 78 26 85 51 0 35
6 35 42 33 64 71 95 38 51 61 23 0 28
4 97 85 60 83 28 94 76 57 49 77 0 19
9 77 65 39 24 33 66 94 24 23 34 0 41
8 69 22 87 80 53 86 76 40 66 82 0 36
6 62 83 34 86 23 62 85 77 78 23 0 28
10 97 29 61 86 30 64 24 31 55 49 0 48
5 83 50 21 39 56 80 24 36 56 21 0 22
8 85 93 92 66 50 54 100 66 98 68 0 40
5 79 92 57 42 48 62 34 31 45 48 0 25
10 86 54 41 95 53 68 57 49 96 67 0 49
8 48 91 42 95 31 39 44 31 61 50 0 36
8 30 37 90 98 30 56 41 68 32 63 0 40
5 74 58 29 26 48 45 77 90 27 80 0 25
7 49 53 64 67 27 72 56 56 23 88 0 35
7 58 92 29 31 23 93 21 90 33 45 0 34
8 26 71 94 57 100 71 45 31 52 85 0 40
3 43 66 45 80 43 66 62 97 94 74 0 14
5 54 85 95 63 49 36 28 86 33 34 0 23
10 30 37 36 65 65 81 58 31 47 58 0 49
6 75 96 80 68 78 90 37 66 37 56 0 27
7 38 81 67 41 100 63 46 90 27 79 0 32
3 29 54 63 97 90 67 83 45 81 46 0 11
6 22 39 60 38 55 55 93 54 45 95 0 28
9 50 95 25 35 67 43 44 80 49 77 0 45
9 30 48 49 71 44 66 57 29 38 67 0 44
5 22 97 47 77 45 99 52 78 65 94 0 24
7 89 90 33 53 96 38 100 46 25 32 0 34
7 76 24 52 41 29 40 30 43 60 59 0 31
3 42 53 76 36 24 25 50 97 42 36 0 13
9 65 86 53 53 94 90 30 70 68 76 0 41
8 85 41 97 70 91 95 57 22 62 73 0 40
7 20 36 63 25 33 51 71 68 45 89 0 32
4 35 22 97 85 77 92 67 94 65 45 0 20
4 26 36 29 37 64 22 38 33 46 69 0 19
4 66 38 60 68 81 48 47 44 56 61 0 17
7 48 87 29 35 92 65 45 76 77 82 0 34
4 70 92 27 24 69 26 93 85 40 26 0 18
10 72 34 88 77 79 95 25 84 55 67 0 50
9 53 89 62 47 75 57 21 79 48 71 0 44
9 44 89 87 35 90 51 95 93 37 79 0 45
2 69 75 46 26 39 38 36 63 47 72 0 10
6 47 58 77 22 58 25 71 26 88 93 0 26
10 42 99 30 65 76 67 88 62 84 55 0 47
7 37 39 79 22 100 74 90 26 28 89 0 34
10 60 24 45 34 77 23 22 84 47 43 0 50
5 85 44 31 68 90 22 23 62 77 55 0 21
6 29 45 75 90 69 44 59 47 96 35 0 28
3 72 97 98 69 26 53 29 99 72 27 0 14
10 92 85 78 90 68 55 41 69 44 43 0 47
6 75 26 92 86 66 74 44 74 63 91 0 27
5 77 82 25 88 39 59 87 36 60 90 0 21
8 79 57 36 61 45 81 37 45 75 77 0 36
10 50 87 67 86 36 40 35 21 83 94 0 50
9 45 92 53 83 37 28 91 20 61 37 0 44
3 45 22 47 51 30 37 91 29 69 29 0 12
6 79 26 69 78 65 49 40 99 96 35 0 27
6 75 65 85 62 93 87 49 27 53 68 0 30
8 80 48 91 73 66 41 22 23 91 40 0 39
7 55 37 83 39 79 29 26 92 60 86 0 34
4 52 58 66 100 69 57 20 22 59 79 0 19
4 32 98 86 82 41 94 42 79 46 82 0 16
7 98 48 59 63 85 61 56 46 66 79 0 33
8 25 46 51 57 86 27 33 46 31 99 0 38
3 72 26 35 31 85 75 30 38 59 46 0 12
8 94 26 80 32 45 59 68 32 92 73 0 38
6 48 25 69 43 32 99 55 25 21 45 0 30
4 35 36 53 89 39 64 22 62 78 46 0 19
4 89 88 85 34 25 35 33 28 37 27 0 17
9 33 98 21 47 57 91 95 66 49 87 0 42
6 69 46 61 78 97 46 49 75 68 93 0 28
4 99 46 30 71 59 51 99 31 67 73 0 20
3 40 76 82 45 84 60 86 35 60 97 0 14
3 43 64 55 77 31 90 43 34 73 53 0 14
10 98 49 81 94 32 54 99 67 91 71 0 48
9 62 81 71 62 67 25 79 96 59 35 0 43
8 84 53 95 64 77 44 48 78 80 35 0 39
10 43 86 59 67 88 87 96 33 25 84 0 46
10 37 63 87 96 82 97 96 41 79 96 0 49
4 39 54 94 67 83 37 21 34 59 88 0 19
5 96 85 68 65 38 20 87 31 20 60 0 24
7 24 63 28 88 79 91 32 61 28 20 0 34
5 50 93 55 27 44 30 76 57 25 28 0 23
3 71 36 96 71 76 30 53 88 99 51 0 15
7 62 93 89 34 66 97 91 52 69 80 0 32
4 44 97 54 38 73 73 92 38 58 66 0 18
6 21 57 23 51 70 71 52 70 41 63 0 28
3 46 92 57 47 52 52 56 22 52 76 0 11
9 74 36 47 44 65 68 94 67 45 96 0 41
3 98 24 91 97 58 48 84 84 62 50 0 12
10 52 25 62 90 25 78 79 62 37 45 0 50
3 59 82 58 87 25 84 60 91 87 74 0 14
4 41 79 94 96 60 96 63 87 81 30 0 16
10 24 60 95 36 62 24 67 43 89 29 0 48
8 59 93 46 62 72 31 78 37 76 37 0 40
5 73 71 30 22 77 70 58 93 71 38 0 23
3 40 44 84 71 80 87 22 31 42 72 0 12
9 84 36 73 45 55 80 29 39 90 96 0 41
9 21 63 21 88 67 55 83 84 65 22 0 41
10 89 34 97 33 55 88 96 60 35 91 0 50
10 23 80 45 56 87 50 91 68 79 47 0 48
10 70 39 50 77 38 91 37 93 44 30 0 47
3 64 55 97 29 76 58 99 66 83 38 0 13
5 24 46 37 67 56 93 42 79 88 62 0 22
8 45 42 42 51 57 61 74 97 85 21 0 40
3 73 37 64 94 27 86 39 62 63 94 0 11
4 43 27 35 57 20 88 48 92 40 34 0 18
4 89 94 83 77 79 49 37 65 27 65 0 17
7 73 42 54 68 74 36 28 34 99 38 0 33
6 42 80 74 90 46 48 76 21 63 70 0 27
4 46 23 25 63 28 92 82 91 53 60 0 17
6 48 78 81 76 39 39 71 90 61 93 0 29
9 76 48 66 32 35 70 28 47 95 27 0 41
3 53 81 27 68 59 55 89 34 28 59 0 15
3 42 92 46 52 81 69 47 95 83 61 0 13
3 94 70 45 22 96 41 32 70 82 38 0 13
6 50 72 62 27 58 53 76 28 73 35 0 29
4 80 80 94 66 57 54 77 46 68 75 0 20
7 53 73 48 23 89 86 32 78 93 97 0 35
3 91 90 63 52 95 33 75 52 22 85 0 15
3 49 69 76 58 20 88 49 58 77 42 0 15
5 37 38 58 96 90 36 56 64 96 62 0 24
4 48 99 21 60 73 56 52 49 30 58 0 18
4 45 23 27 85 68 49 84 33 40 88 0 16
9 64 87 46 97 96 32 66 61 41 58 0 43
7 95 48 24 55 38 83 57 35 26 78 0 34
10 39 72 44 86 54 78 51 20 87 97 0 48
3 44 39 62 95 23 48 68 61 95 52 0 11
8 26 55 48 42 41 86 46 87 27 91 0 39
4 84 90 88 68 55 80 24 61 42 93 0 18
10 33 40 63 57 98 56 25 73 52 50 0 50
6 31 78 50 70 100 86 32 96 34 49 0 26
3 97 55 50 73 82 72 21 34 66 80 0 15
7 84 84 55 61 31 98 73 57 64 90 0 34
7 64 96 36 46 95 34 34 43 39 59 0 32
10 45 22 22 77 43 48 29 24 78 40 0 49
8 60 48 96 41 76 44 38 78 36 74 0 39
10 61 65 57 26 33 67 60 44 23 91 0 47
3 42 29 44 41 34 27 38 24 79 65 0 14
5 85 91 40 81 36 71 26 55 36 46 0 22
6 86 39 49 22 38 49 91 93 31 96 0 28
10 46 77 88 65 29 61 54 85 48 93 0 47
5 99 36 92 24 35 63 61 33 44 47 0 25
7 36 75 62 85 80 33 22 91 83 30 0 33
5 71 22 71 80 87 84 33 72 62 86 0 21
7 95 21 31 62 39 94 63 32 32 60 0 33
10 58 59 55 70 86 56 48 72 40 46 0 50
9 75 66 82 77 47 76 73 42 90 98 0 41
7 97 83 28 94 60 63 91 47 64 43 0 31
5 36 31 56 81 81 54 68 75 38 60 0 24
9 58 30 20 78 34 25 98 48 57 84 0 41
9 55 51 26 62 57 43 35 86 78 71 0 43
7 94 29 48 68 46 39 41 71 82 73 0 32
4 22 67 42 96 87 74 45 60 90 86 0 17
4 57 21 40 60 89 96 57 80 75 91 0 18
9 87 32 72 82 95 48 88 34 99 87 0 44
8 66 22 85 71 79 37 42 72 100 98 0 36
3 80 61 93 48 57 98 47 30 87 72 0 15
4 67 99 93 50 42 67 77 33 92 73 0 18
7 88 54 56 42 54 72 21 61 60 24 0 32
3 70 23 26 61 26 98 21 75 43 33 0 11
3 42 84 77 60 29 98 33 81 90 34 0 13
3 44 30 77 48 53 85 45 96 96 61 0 15
4 38 89 80 53 97 61 45 91 99 31 0 20
6 45 87 76 22 62 31 21 33 25 45 0 30
5 90 59 98 95 67 59 50 98 46 26 0 22
6 76 98 91 88 90 54 93 95 92 81 0 28
5 47 48 58 81 29 38 69 90 32 86 0 25
6 62 93 27 80 58 65 73 78 28 54 0 28
5 35 86 97 65 86 51 71 86 94 58 0 22
3 72 51 97 53 37 36 72 29 30 45 0 14
5 71 51 94 76 70 26 77 80 38 54 0 23
2 22 66 95 68 83 37 28 31 82 47 0 10
4 26 95 80 57 50 25 89 92 84 89 0 18
8 69 21 70 43 97 42 52 57 31 33 0 36
5 73 20 32 94 35 21 38 46 91 80 0 25
6 71 58 69 45 75 44 42 55 60 34 0 29
5 94 78 31 83 99 50 81 57 40 53 0 22
10 65 25 65 59 74 46 27 65 75 72 0 46
10 71 53 55 77 46 88 85 91 72 41 0 49
9 32 80 48 79 92 56 25 46 23 70 0 43
4 24 26 47 88 89 71 91 52 49 36 0 17
6 90 35 73 30 22 46 37 78 26 39 0 26
6 95 62 45 76 43 44 67 64 57 100 0 27
3 96 52 39 67 41 72 74 49 92 57 0 11
8 90 53 75 93 90 96 76 65 71 60 0 39
8 32 58 35 52 30 37 46 75 62 43 0 40
3 52 40 51 68 61 73 42 55 32 60 0 14
6 80 72 98 83 37 48 28 75 51 48 0 30
6 59 75 78 36 32 78 23 68 88 86 0 30
7 95 74 50 70 25 41 37 40 65 70 0 31
7 48 60 42 34 48 54 94 100 45 99 0 32
8 93 38 83 42 84 73 87 48 60 52 0 37
6 79 40 35 64 57 86 88 31 47 95 0 26
10 82 72 75 99 78 86 36 69 98 85 0 48
6 93 93 53 41 25 96 36 97 91 96 0 27
4 100 76 22 67 61 95 23 79 75 96 0 16
4 51 91 88 73 95 92 78 37 56 38 0 18
7 85 64 83 40 91 45 38 92 24 100 0 35
9 89 80 74 84 85 87 31 69 90 36 0 43
6 53 98 57 63 29 86 95 23 51 48 0 27
3 84 98 51 46 36 59 55 42 22 95 0 13
8 84 39 70 88 60 50 99 35 74 77 0 38
3 66 100 70 38 28 82 75 24 55 30 0 15
3 54 63 83 85 55 41 74 26 60 45 0 14
3 86 63 69 51 80 65 76 65 31 74 0 15
8 27 86 51 35 70 52 62 74 33 33 0 40
3 98 75 33 72 41 99 92 78 87 75 0 15
6 72 48 33 35 32 58 84 21 62 38 0 28
4 39 62 41 88 46 26 91 44 66 95 0 16
10 30 61 88 60 29 20 53 21 56 27 0 48
7 57 82 98 59 56 28 61 42 95 75 0 35
3 69 57 98 37 60 49 35 71 31 72 0 12
9 83 94 41 57 44 24 26 28 35 91 0 41
4 65 46 83 51 72 66 75 33 95 99 0 17
6 35 55 75 47 65 95 37 36 86 77 0 30
8 59 49 67 36 25 23 98 52 57 62 0 36
6 78 98 52 82 57 95 66 48 34 81 0 29
6 100 52 71 58 50 76 95 21 53 99 0 26
5 63 46 20 83 45 30 81 54 37 64 0 23
3 46 28 71 66 21 81 26 31 95 30 0 11
7 84 84 37 34 42 74 64 42 70 73 0 34
4 36 46 67 91 74 81 94 53 26 25 0 18
5 63 37 54 39 98 68 92 35 89 57 0 21
3 58 77 98 84 85 58 31 20 22 37 0 12
9 37 100 46 69 24 88 41 59 71 59 0 45
4 46 74 84 61 89 55 38 88 90 22 0 16
6 64 92 91 35 77 85 62 71 64 77 0 26
7 77 32 69 56 69 66 66 73 35 56 0 32
3 94 76 51 43 74 33 73 99 69 86 0 12
10 29 75 68 97 95 51 34 35 92 33 0 47
10 49 43 90 52 35 41 53 52 66 59 0 49
9 30 95 46 32 85 47 65 83 68 96 0 44
9 91 24 60 57 81 93 49 85 42 48 0 42
8 28 75 53 62 21 42 42 45 28 36 0 38
10 64 57 61 89 44 85 76 52 90 93 0 48
3 28 74 24 75 21 51 86 52 47 51 0 12
3 42 38 44 44 45 80 57 91 49 97 0 11
6 65 93 56 76 80 76 59 56 71 50 0 27
9 45 34 40 92 69 30 62 33 26 78 0 42
4 36 72 36 53 81 92 25 97 93 52 0 16
3 21 58 56 93 39 82 68 81 33 76 0 14
9 54 25 35 95 59 63 27 72 78 76 0 43
6 43 79 42 55 87 72 54 41 95 45 0 30
3 58 88 65 63 89 66 97 54 56 99 0 15
10 36 60 21 66 88 21 38 58 54 45 0 48
2 37 96 29 51 78 67 22 52 66 79 0 10
3 86 73 85 90 81 99 69 76 91 27 0 14
6 61 40 41 58 82 28 44 34 20 99 0 26
4 99 64 98 87 44 47 80 63 41 55 0 20
8 90 73 29 100 58 67 94 48 35 91 0 39
3 28 66 34 95 29 98 57 22 89 20 0 13
8 88 75 54 89 56 70 46 75 24 36 0 38
9 62 45 36 52 66 26 87 31 21 21 0 44
4 63 45 89 29 21 100 95 21 58 62 0 18
6 24 60 32 79 40 30 83 59 25 42 0 27
10 69 41 25 79 86 49 47 21 28 70 0 49
6 36 93 21 23 85 71 48 31 96 52 0 29
3 63 78 63 86 93 48 23 32 90 79 0 14
8 37 23 54 83 29 21 33 34 77 31 0 38
10 60 31 25 99 90 91 96 85 53 36 0 46
7 83 33 97 25 44 51 54 37 26 55 0 33
4 84 72 79 39 78 72 57 23 40 53 0 18
5 52 48 93 64 26 29 25 35 81 86 0 25
4 92 84 59 65 73 60 95 87 40 67 0 16
9 100 58 41 29 57 42 39 48 82 83 0 45
9 68 64 56 36 95 93 90 64 56 58 0 43
5 78 68 84 34 62 46 98 65 83 54 0 23
2 57 67 37 60 56 80 44 57 67 83 0 10
3 26 65 44 20 58 78 42 35 33 95 0 14
6 73 76 94 48 58 57 81 39 62 44 0 28
2 32 63 43 96 41 91 79 65 35 52 0 10
10 76 62 31 97 96 50 80 67 70 47 0 49
7 57 81 26 43 68 100 50 72 29 51 0 33
4 72 75 91 92 41 79 97 99 40 82 0 19
10 90 45 33 25 93 61 31 63 86 92 0 46
8 57 65 35 98 94 69 83 50 39 26 0 39
4 100 34 99 25 21 25 42 64 86 22 0 18
5 30 21 71 73 91 25 94 47 32 38 0 23
4 82 64 48 82 73 86 53 25 34 58 0 16
7 74 64 76 90 42 47 37 24 56 94 0 35
9 70 82 69 95 62 31 40 59 73 96 0 42
5 83 83 48 27 27 46 32 22 42 84 0 25
8 74 58 29 68 98 44 22 86 92 68 0 40
6 64 72 73 24 69 53 38 44 73 92 0 26
5 88 47 97 37 73 84 56 76 44 27 0 25
4 90 24 53 80 90 39 32 90 66 23 0 16
8 75 89 39 99 73 81 28 61 40 89 0 38
7 56 69 87 62 90 24 24 39 34 62 0 35
9 93 76 67 23 67 79 84 93 30 35 0 42
5 99 22 85 69 68 27 36 63 95 76 0 25
8 43 22 76 94 34 69 33 62 87 92 0 36
8 50 51 88 74 65 34 82 63 82 30 0 38
2 55 84 66 45 69 52 73 81 86 99 0 10
8 25 24 58 38 64 58 72 93 95 23 0 37
10 82 29 62 69 57 96 35 99 84 29 0 47
6 90 38 95 68 49 41 39 63 42 29 0 29
3 69 69 56 65 96 91 67 61 83 92 0 15
6 56 20 79 49 21 96 45 79 77 58 0 30
10 83 60 68 92 88 53 71 55 54 73 0 48
8 94 65 64 34 85 56 80 59 82 81 0 37
7 99 29 51 95 78 29 63 26 48 85 0 33
10 78 26 43 54 82 87 23 34 46 96 0 50
2 73 55 66 44 74 87 46 78 74 86 0 10
4 77 86 88 26 76 23 36 25 23 93 0 18
9 57 69 92 55 44 48 24 63 77 83 0 41
10 69 28 43 59 31 85 21 76 41 96 0 50
10 68 48 57 28 32 20 42 62 68 57 0 48
6 40 25 61 78 63 82 91 98 64 93 0 26
8 54 96 34 54 57 77 67 86 83 57 0 37
4 37 40 22 73 76 27 71 51 42 56 0 16
7 66 25 61 87 56 84 61 74 65 50 0 35
8 48 25 70 37 47 91 66 36 55 73 0 36
7 71 86 96 36 47 46 98 97 82 22 0 33
8 73 60 74 38 34 43 22 58 41 96 0 37
6 76 58 27 38 51 59 93 56 32 92 0 28
9 51 72 71 99 97 53 24 42 87 56 0 45
3 82 44 36 67 77 41 84 99 96 65 0 12
7 75 79 23 85 99 74 27 33 77 54 0 33
7 23 50 54 54 30 57 55 34 76 60 0 34
6 36 70 22 23 38 26 24 21 29 41 0 26
5 67 91 78 54 26 97 90 80 44 39 0 25
8 43 99 79 36 94 93 47 26 51 46 0 36
9 75 91 64 25 82 29 41 87 23 20 0 44
10 76 53 38 42 28 66 38 99 42 55 0 47
7 35 22 51 54 99 79 76 61 93 64 0 34
3 58 85 98 45 58 40 75 39 73 79 0 14
3 32 88 32 26 80 69 90 89 85 25 0 13
3 88 27 24 80 70 100 87 97 39 23 0 15
5 68 37 95 42 32 63 69 100 100 95 0 25
7 39 23 42 26 74 78 91 54 70 87 0 35
7 56 22 53 67 62 91 99 73 99 63 0 35
3 28 53 63 61 54 58 37 78 71 47 0 12
9 91 97 52 92 95 84 84 30 33 83 0 44
3 26 26 63 51 38 65 28 25 57 20 0 11
3 63 63 43 67 44 34 76 82 85 72 0 14
6 65 36 47 91 40 88 52 52 42 79 0 29
7 23 27 43 63 28 59 43 35 81 95 0 34
4 40 95 60 97 99 46 51 20 50 22 0 20
8 20 63 44 29 70 22 38 71 21 36 0 38
4 99 55 85 90 30 29 51 30 77 91 0 16
7 73 34 38 47 79 44 94 21 51 39 0 32
10 80 23 67 25 82 74 72 69 60 37 0 48
4 41 73 94 88 83 37 22 58 84 56 0 19
4 22 70 98 23 85 32 37 54 31 47 0 16
5 100 91 22 90 59 94 28 59 32 92 0 25
6 81 68 43 95 65 74 54 67 20 71 0 26
5 46 28 48 72 88 67 99 92 73 66 0 22
3 26 55 80 27 82 26 30 60 84 58 0 13
8 70 26 85 45 89 34 99 75 78 75 0 36
7 59 27 98 70 38 52 97 69 71 25 0 32
3 94 56 40 38 88 91 49 57 43 57 0 12
6 46 31 53 78 36 64 37 70 30 30 0 29
6 82 31 67 94 77 65 91 66 71 60 0 30
8 54 61 99 86 21 46 48 49 57 55 0 37
6 75 27 56 53 69 50 33 57 27 33 0 27
7 28 93 29 87 21 67 64 95 31 58 0 34
9 21 78 45 31 78 26 44 76 77 65 0 41
6 45 29 46 92 45 43 75 30 43 77 0 29
8 50 34 66 29 36 59 80 79 25 55 0 38
9 78 57 75 84 28 99 27 46 83 95 0 41
10 47 22 67 42 27 26 44 64 66 34 0 49
9 21 87 52 64 48 28 82 88 48 93 0 44
3 57 38 35 68 47 71 62 74 58 54 0 11
3 53 90 39 47 40 34 58 37 41 75 0 14
3 72 70 87 83 91 28 43 42 79 64 0 11
10 77 92 77 30 31 24 71 55 24 78 0 47
9 80 75 56 25 88 27 84 32 30 57 0 45
10 53 83 73 22 94 71 71 66 61 92 0 47
3 94 86 95 80 37 71 41 78 73 25 0 15
5 58 36 44 83 64 45 43 32 41 72 0 24
6 74 47 92 20 90 90 75 44 72 96 0 26
9 76 97 65 64 41 61 76 33 54 28 0 42
3 95 28 66 86 86 89 48 77 50 43 0 11
7 65 60 91 64 48 48 66 59 72 92 0 34
3 27 61 93 91 70 25 43 78 23 54 0 12
6 55 70 49 62 57 85 90 90 60 38 0 29
4 51 84 60 82 59 32 45 72 82 71 0 18
9 92 69 82 20 88 87 21 33 91 84 0 45
3 75 47 49 88 94 53 75 78 21 89 0 12
2 37 69 45 73 76 63 28 48 60 65 0 10
8 92 61 31 72 61 85 99 65 91 55 0 39
6 59 82 83 85 82 66 97 93 33 83 0 28
10 63 77 80 92 38 66 27 21 89 61 0 47
9 64 64 61 44 44 42 65 43 37 50 0 45
5 97 91 56 62 45 54 41 33 41 59 0 24
7 53 22 63 23 91 59 75 79 87 82 0 31
2 66 45 80 90 72 71 70 43 66 58 0 10
7 64 70 34 53 32 62 86 99 52 42 0 32
3 86 25 52 37 63 39 92 94 46 48 0 15
7 57 79 51 92 27 63 28 47 47 50 0 31
8 41 47 36 42 75 48 32 63 57 54 0 39
6 79 77 57 65 100 83 44 39 69 63 0 27
5 22 90 40 53 55 66 83 65 46 92 0 25
9 50 71 67 75 93 25 93 50 23 52 0 42
3 45 58 81 60 36 40 29 63 61 75 0 11
3 40 80 92 60 82 71 55 69 89 35 0 13
7 48 70 27 99 66 47 31 64 79 32 0 33
4 77 77 39 94 74 21 36 49 83 82 0 20
6 63 87 44 61 74 79 37 90 60 80 0 29
7 96 88 34 61 46 99 30 74 78 31 0 33
6 25 78 32 53 21 56 74 34 66 37 0 26
7 21 25 95 29 98 44 36 47 81 58 0 34
6 37 80 38 69 99 58 75 58 30 93 0 28
5 59 77 77 60 66 95 88 33 30 61 0 25
2 25 35 42 41 85 96 36 47 60 44 0 10
8 40 48 29 70 96 24 44 20 73 81 0 39
2 54 82 64 41 93 24 57 43 68 77 0 10
4 77 81 23 75 24 72 79 51 96 51 0 20
3 90 70 94 33 63 95 56 41 86 76 0 13
3 25 51 88 32 49 58 75 92 43 73 0 13
7 100 74 28 54 82 65 81 29 48 91 0 31
9 71 40 31 69 57 94 95 37 82 74 0 44
3 31 76 85 79 64 84 93 28 55 62 0 12
3 27 50 43 86 23 50 67 78 23 97 0 11
4 25 80 26 82 36 46 87 92 20 43 0 16
8 96 53 51 82 72 47 93 78 30 88 0 39
6 58 70 35 62 34 82 77 57 21 32 0 27
5 90 96 43 79 33 47 96 47 73 26 0 23
9 75 35 28 28 94 81 42 75 35 26 0 45
4 65 91 64 43 69 61 28 70 68 53 0 20
8 89 52 73 94 67 82 63 36 58 42 0 36
8 88 97 51 97 92 34 47 94 51 49 0 37
3 74 47 38 78 43 45 88 66 29 70 0 13
4 46 47 57 34 41 36 89 57 37 52 0 17
5 94 92 45 28 21 58 83 98 48 62 0 25
7 95 52 28 92 28 68 36 91 40 59 0 32
9 85 33 54 92 80 47 82 32 48 22 0 41
9 23 96 80 63 26 87 32 63 69 36 0 42
7 62 25 55 38 31 99 83 34 34 52 0 31
6 26 67 43 88 47 67 65 75 27 71 0 29
3 87 44 99 49 54 62 40 98 57 71 0 13
9 75 52 58 88 26 51 43 55 93 63 0 44
7 42 60 54 41 86 26 95 51 52 20 0 34
7 64 72 76 68 23 44 35 64 51 26 0 31
4 96 29 31 29 97 26 70 52 55 29 0 20
9 55 75 62 57 33 85 88 53 36 35 0 42
5 87 43 37 52 60 40 51 85 71 87 0 24
9 29 22 88 61 75 49 42 53 44 93 0 42
8 70 65 99 25 33 25 35 93 85 24 0 36
10 95 97 85 44 21 32 56 75 89 93 0 49
6 87 34 96 84 31 70 96 33 96 36 0 27
10 30 27 56 77 28 43 48 43 33 93 0 48
10 80 92 20 89 27 58 42 81 26 63 0 49
10 80 94 48 59 68 88 47 43 82 27 0 46
4 58 22 97 71 79 35 97 89 29 82 0 18
6 71 52 49 95 80 98 31 97 80 88 0 29
4 27 66 37 24 36 70 22 30 89 67 0 18
9 78 80 87 99 65 33 87 89 96 89 0 44
5 59 48 67 46 50 72 54 85 41 53 0 22
8 45 87 36 91 99 75 92 47 29 50 0 37
3 30 30 73 65 88 99 37 70 52 31 0 15
8 56 89 43 53 73 56 82 92 92 75 0 40
7 52 81 21 46 62 26 26 61 93 66 0 35
3 37 70 80 81 30 48 93 54 84 31 0 13
9 91 74 77 85 27 72 46 54 63 46 0 43
3 82 42 47 73 34 64 78 80 52 73 0 12
5 63 23 48 53 42 99 22 41 31 20 0 22
8 43 82 49 29 21 84 20 31 70 77 0 36
8 27 24 35 93 58 93 88 81 89 29 0 37
3 30 89 29 80 28 87 23 84 61 67 0 12
6 77 64 31 23 91 53 87 40 65 96 0 26
3 38 66 70 84 69 89 94 24 69 33 0 13
4 74 81 60 98 58 27 51 41 91 71 0 17
10 21 90 66 89 97 82 46 45 37 94 0 48
10 71 82 40 57 37 53 46 72 86 78 0 48
6 27 41 30 69 63 21 64 68 66 34 0 27
7 95 39 58 37 24 83 83 75 24 31 0 32
5 30 47 89 72 76 95 85 36 25 25 0 21
2 54 53 32 79 27 60 42 87 64 21 0 10
10 41 90 80 86 61 38 91 31 69 96 0 47
7 28 49 83 50 88 40 85 32 87 47 0 35
10 80 69 81 62 53 63 75 76 70 85 0 49
8 52 67 85 64 72 91 39 44 25 30 0 37
8 77 73 95 33 37 92 82 73 25 52 0 39
6 78 33 61 83 71 63 51 98 63 81 0 27
5 72 92 71 79 56 78 24 76 67 30 0 24
10 56 91 70 40 66 33 94 21 45 86 0 48
10 54 69 56 39 24 53 62 88 94 58 0 47
4 69 51 78 29 50 40 48 73 26 35 0 18
7 62 25 26 67 50 97 73 43 96 26 0 35
7 40 58 51 83 56 56 57 63 85 95 0 32
4 28 71 59 48 27 99 73 24 26 26 0 18
7 75 83 96 90 54 45 42 65 76 93 0 35
9 81 49 99 31 100 92 83 28 47 25 0 43
3 49 73 95 97 58 70 57 23 29 63 0 11
7 76 79 51 31 73 72 60 75 73 40 0 35
4 100 71 21 87 86 91 52 43 40 81 0 18
9 38 45 65 30 29 69 77 45 89 68 0 45
6 41 30 36 90 82 81 46 20 68 40 0 28
3 55 24 98 99 48 98 69 43 56 86 0 11
10 36 49 100 24 50 45 70 64 77 29 0 46
2 30 62 78 62 73 43 54 50 83 86 0 10
7 34 40 33 24 23 92 97 80 25 86 0 33
8 77 24 62 56 63 31 48 37 98 74 0 39
4 56 28 79 67 31 64 42 27 63 96 0 17
10 79 23 89 45 53 69 62 81 37 36 0 47
3 34 46 100 56 72 92 55 81 57 36 0 15
10 63 73 34 68 97 98 97 93 43 24 0 47
3 87 96 50 67 74 89 64 27 67 91 0 15
10 75 66 90 75 29 21 22 65 22 82 0 47
8 75 29 68 90 78 71 87 42 88 71 0 40
4 61 64 37 40 47 100 29 73 41 79 0 16
10 61 92 24 90 20 91 25 98 24 64 0 48
7 24 65 52 52 74 40 42 83 86 34 0 33
9 75 39 24 42 61 79 77 99 67 78 0 43
3 36 49 93 38 53 24 98 95 98 49 0 15
9 61 79 62 98 91 59 92 49 33 58 0 45
4 37 75 79 69 36 42 29 98 80 91 0 19
10 48 88 77 35 79 90 70 82 48 39 0 50
10 43 50 64 39 65 30 91 88 52 29 0 48
7 89 42 53 84 70 68 92 51 67 78 0 32
7 29 74 30 50 86 92 32 39 51 76 0 34
4 33 98 99 67 34 24 44 38 24 28 0 17
6 32 74 62 52 25 72 69 29 30 92 0 27
2 37 71 70 93 84 90 38 32 69 81 0 10
4 89 69 86 53 58 89 23 98 33 86 0 19
8 78 24 25 57 40 70 41 71 73 50 0 40
7 59 37 21 51 61 50 31 94 61 23 0 35
7 27 64 61 28 54 35 54 22 99 33 0 32
10 21 31 29 82 96 52 67 74 54 55 0 49
7 85 76 87 30 58 84 67 61 30 35 0 35
9 62 24 21 38 48 65 83 23 68 34 0 44
10 72 22 99 70 67 31 34 61 45 42 0 50
10 72 80 42 49 24 37 20 49 75 64 0 46
2 61 29 43 62 40 28 45 62 35 25 0 10
6 86 62 94 75 91 46 76 43 83 46 0 26
4 31 69 33 86 54 94 34 64 92 61 0 16
6 97 72 53 28 90 72 82 93 35 40 0 29
7 52 37 54 30 55 27 63 27 56 95 0 33
10 90 62 94 32 40 48 71 55 64 36 0 50
4 38 98 77 78 66 33 92 41 96 78 0 17
4 22 73 56 79 96 56 100 49 67 81 0 17
7 70 58 34 26 48 77 93 43 55 72 0 31
10 75 75 97 91 56 54 57 82 50 29 0 49
3 46 83 84 77 21 61 24 100 68 43 0 15
3 46 75 66 25 42 26 36 44 92 66 0 13
8 93 97 40 53 65 26 85 35 28 54 0 39
4 79 96 43 100 58 65 98 22 30 80 0 20
7 71 89 69 65 61 32 27 80 68 92 0 33
6 72 23 66 52 64 44 21 60 98 90 0 26
6 26 64 84 42 91 36 25 74 67 93 0 29
6 43 31 68 37 38 88 24 76 36 97 0 26
9 76 68 41 23 22 22 60 44 88 81 0 41
8 36 28 33 77 82 47 75 47 28 29 0 39
3 60 47 79 29 34 97 77 44 74 87 0 11
8 20 91 50 65 62 75 59 47 59 94 0 40
4 33 91 46 36 86 31 53 85 84 61 0 16
3 78 21 24 36 63 67 80 95 43 29 0 13
2 88 86 68 43 98 95 76 55 74 89 0 10
7 74 34 86 43 37 23 94 72 89 83 0 32
10 50 83 38 60 68 51 57 39 91 47 0 49
9 86 48 95 73 47 60 71 31 28 46 0 44
8 45 97 71 28 36 79 83 81 61 41 0 36
6 61 68 80 92 92 53 50 47 46 54 0 27
7 97 94 35 34 51 42 25 90 81 41 0 33
8 84 32 36 35 93 47 63 56 78 39 0 40
6 62 53 59 56 66 97 93 85 62 27 0 30
9 69 76 82 49 96 97 78 61 42 31 0 45
8 83 83 23 74 61 63 91 54 82 40 0 39
4 36 89 64 46 25 28 58 39 83 63 0 17
6 42 42 46 75 85 61 44 67 39 60 0 26
3 27 83 84 99 44 39 35 44 95 56 0 12
9 93 57 22 65 62 42 97 80 41 81 0 42
8 69 42 79 27 85 32 100 65 32 73 0 37
9 77 82 21 93 20 94 69 94 70 35 0 43
7 62 29 33 31 73 21 92 94 68 67 0 31
5 26 67 56 47 85 45 96 89 91 58 0 21
10 44 67 43 37 52 57 39 70 37 72 0 50
5 83 53 40 56 92 86 83 83 31 68 0 21
10 22 88 25 93 71 22 58 68 87 49 0 49
9 59 51 71 29 60 88 50 54 37 53 0 44
7 79 62 59 44 85 59 45 84 71 85 0 31
9 69 30 44 75 55 80 51 35 69 97 0 41
7 46 74 70 57 62 39 33 85 77 49 0 33
6 62 32 45 99 30 67 39 44 77 54 0 26
9 50 28 66 26 68 36 50 90 92 62 0 43
10 67 63 52 30 58 94 73 88 81 37 0 46
4 84 24 51 78 73 31 84 25 54 82 0 16
9 71 82 94 97 73 35 47 46 97 39 0 43
4 47 21 92 24 88 82 30 27 97 73 0 16
10 89 73 69 64 43 51 44 52 94 99 0 50
6 79 24 86 43 52 44 80 32 74 53 0 28
5 28 71 48 100 22 33 42 84 95 90 0 23
3 73 31 44 44 37 89 50 47 94 48 0 14
4 26 74 48 55 25 88 40 53 89 62 0 16
8 44 31 60 48 68 60 57 55 37 38 0 38
9 48 97 42 56 26 45 94 91 88 71 0 44
10 72 40 86 65 57 45 85 96 58 26 0 48
6 36 72 44 80 80 21 92 23 91 55 0 30
6 82 82 65 72 67 38 33 48 27 66 0 26
8 23 98 55 56 69 72 60 21 57 61 0 38
10 89 97 50 100 46 56 35 98 73 35 0 49
5 30 49 60 53 44 64 65 51 68 23 0 24
3 63 65 25 54 85 82 94 64 97 80 0 15
6 87 45 73 30 58 53 60 97 38 92 0 27
9 42 40 27 43 97 78 72 90 24 21 0 42
9 56 69 45 50 62 42 95 84 40 91 0 43
3 72 94 41 52 71 81 76 21 85 43 0 14
6 41 21 47 62 29 27 63 87 84 26 0 28
10 35 39 27 95 70 42 50 78 60 58 0 46
5 77 78 89 92 59 43 80 90 53 83 0 21
10 99 96 34 85 44 41 44 96 52 20 0 49
4 68 73 53 83 63 52 35 42 94 62 0 19
9 42 78 49 99 69 35 34 38 71 93 0 42
4 69 56 78 99 44 88 21 24 47 30 0 17
6 97 76 60 100 82 46 83 76 62 56 0 26
8 81 38 30 43 80 79 50 49 48 92 0 40
5 77 93 54 35 54 92 92 53 22 46 0 23
3 71 81 63 46 71 21 68 26 20 24 0 11
5 21 20 82 90 79 51 90 48 30 70 0 22
8 98 58 43 34 97 38 50 50 79 59 0 40
7 97 80 66 39 45 59 79 55 94 87 0 35
4 45 73 59 95 26 85 92 90 41 64 0 19
2 23 48 45 66 36 48 79 79 66 54 0 10
4 95 78 92 33 27 21 81 37 58 55 0 20
9 53 45 45 21 84 89 58 50 63 20 0 43
3 85 61 59 86 43 57 44 71 25 30 0 12
8 23 53 26 89 58 75 54 47 93 55 0 37
10 26 69 77 81 98 87 94 51 32 37 0 46
10 52 24 95 49 20 80 88 46 61 34 0 49
3 93 71 80 61 87 54 78 43 91 44 0 14
5 97 79 34 45 63 31 69 36 81 98 0 22
4 38 29 22 37 94 47 68 44 85 82 0 16
3 94 59 76 86 40 38 98 25 90 74 0 15
7 63 87 88 44 29 50 59 76 88 43 0 35
5 68 47 88 83 58 76 64 68 84 61 0 23
9 72 97 56 26 58 67 32 60 38 61 0 43
4 65 69 53 82 68 31 41 49 42 88 0 20
3 41 30 96 97 33 71 89 24 71 46 0 11
4 85 78 94 31 55 53 67 65 51 86 0 20
6 94 32 37 82 78 44 42 82 43 24 0 29
8 83 64 46 82 93 75 61 20 83 61 0 36
7 56 69 53 71 85 32 91 22 82 70 0 32
7 48 93 51 34 32 78 20 79 71 46 0 33
5 20 39 92 72 50 44 20 49 76 41 0 25
4 46 70 69 66 25 86 21 84 59 24 0 20
7 47 44 63 31 47 38 98 68 85 81 0 33
3 35 37 29 61 62 58 59 93 35 90 0 14
4 45 52 68 59 49 84 81 83 75 55 0 18
7 79 22 29 65 86 45 83 32 88 27 0 34
9 48 75 52 52 47 41 78 53 75 89 0 44
5 86 92 27 45 93 94 55 93 77 48 0 24
8 78 90 88 58 36 83 38 95 27 64 0 40
3 34 36 58 30 55 49 33 90 71 36 0 15
9 93 80 33 65 38 46 89 51 59 55 0 44
6 45 81 94 81 99 49 69 46 70 98 0 29
7 87 85 37 22 51 50 41 44 67 92 0 34
3 35 24 95 69 57 94 92 34 90 52 0 13
6 56 30 52 27 32 25 52 51 29 53 0 28
7 42 64 80 82 69 22 42 88 62 43 0 32
6 85 73 36 43 68 94 97 51 41 20 0 27
7 92 54 99 31 24 37 66 87 56 23 0 32
7 64 28 39 79 52 67 22 36 73 100 0 33
4 56 47 20 65 31 26 74 92 92 81 0 16
9 87 81 41 58 24 75 23 34 34 57 0 42
6 99 37 73 26 82 65 61 77 26 67 0 29
9 94 41 33 91 42 37 93 34 21 64 0 43
10 29 64 29 38 35 27 43 55 79 49 0 47
6 60 56 35 94 43 37 29 98 84 85 0 28
4 59 88 29 26 28 28 96 52 50 64 0 19
7 98 64 55 35 52 68 87 77 45 77 0 32
8 40 32 27 20 53 27 49 71 49 56 0 37
9 76 26 47 42 76 21 87 33 51 56 0 41
5 77 60 62 43 70 65 42 24 53 79 0 24
7 69 40 93 25 82 56 83 49 43 52 0 31
6 36 25 58 54 86 72 74 29 64 35 0 29
2 36 58 64 75 89 67 67 21 79 76 0 10
6 98 98 58 96 90 58 94 23 67 80 0 26
8 92 87 88 73 58 94 21 98 55 33 0 36
10 54 39 21 65 48 51 26 87 72 21 0 46
6 50 62 41 57 60 21 49 77 54 79 0 26
3 43 36 65 25 71 60 88 66 79 94 0 14
4 52 99 89 47 61 37 91 88 87 23 0 19
6 43 30 75 59 47 66 96 74 80 32 0 27
8 72 77 90 98 55 81 25 40 93 21 0 38
5 37 31 48 40 77 80 95 80 40 42 0 22
8 59 52 99 93 96 80 35 77 44 55 0 39
5 68 77 79 91 93 82 81 63 67 46 0 22
9 88 42 88 28 54 22 27 71 73 39 0 44
3 38 71 84 95 50 100 35 22 64 53 0 15
5 58 31 81 62 100 97 69 82 43 49 0 23
9 64 39 63 97 73 90 54 93 26 92 0 41
6 56 71 30 91 88 55 64 90 65 63 0 28
6 41 32 86 22 77 95 67 94 69 20 0 26
5 98 75 37 25 96 73 47 59 61 53 0 21
5 100 59 94 70 76 68 63 65 45 99 0 21
3 30 87 52 92 75 42 47 34 89 44 0 12
7 55 23 89 46 54 96 31 44 97 66 0 35
10 45 56 61 35 82 65 32 51 27 62 0 47
3 89 90 98 64 46 97 75 87 70 47 0 11
9 41 74 50 85 98 42 55 81 62 51 0 44
7 67 39 49 53 71 29 36 76 21 66 0 35
7 97 55 62 62 74 92 79 33 46 72 0 33
7 20 61 49 94 20 74 39 34 75 26 0 35
10 52 73 46 72 84 48 21 53 86 59 0 46
4 93 74 25 96 46 36 89 37 54 76 0 20
5 23 54 72 60 48 41 45 27 52 88 0 21
2 40 74 89 49 77 29 35 79 51 58 0 10
10 55 68 92 64 94 83 64 23 71 73 0 50
9 67 24 27 56 33 73 94 85 48 54 0 45
10 92 62 97 72 78 90 90 46 75 73 0 48
4 29 23 65 29 76 93 33 57 25 100 0 17
4 42 82 65 95 70 24 62 48 69 40 0 20
7 64 21 80 36 53 89 100 28 57 94 0 31
10 95 68 91 53 100 50 47 43 77 35 0 48
6 44 80 95 91 39 47 29 21 88 25 0 29
7 23 88 83 98 69 59 80 65 53 84 0 32
9 43 98 84 74 60 94 94 30 39 71 0 42
3 92 73 100 63 79 32 27 82 51 49 0 15
8 75 30 94 26 27 20 52 25 67 43 0 39
9 87 53 48 99 67 34 92 21 89 84 0 42
4 52 43 72 90 83 84 77 42 65 86 0 18
7 80 66 27 28 48 61 71 42 43 93 0 35
9 80 54 58 69 76 62 80 38 67 75 0 44
9 70 75 97 98 81 94 61 98 63 60 0 42
4 94 40 73 39 85 80 26 94 88 81 0 16
5 29 59 54 91 98 38 97 36 43 78 0 24
5 55 67 65 51 56 92 30 57 91 43 0 23
4 22 66 37 56 52 41 42 26 78 80 0 18
6 50 76 97 61 25 82 98 41 85 94 0 29
3 84 89 78 73 73 35 77 29 66 73 0 12
8 25 62 30 57 87 53 70 71 84 60 0 37
3 46 64 55 28 61 95 22 29 42 69 0 14
9 63 75 94 65 70 52 35 67 58 80 0 44
7 60 21 66 70 80 23 75 58 46 26 0 31
10 53 32 66 58 91 51 53 52 79 67 0 46
5 53 95 36 91 63 75 24 25 75 81 0 21
9 25 91 78 30 45 39 33 41 32 49 0 45
3 52 57 95 53 90 22 45 68 35 22 0 11
9 97 95 39 55 38 21 22 94 82 98 0 42
7 84 85 34 72 38 80 93 26 74 68 0 31
9 98 60 32 36 48 48 97 82 91 28 0 45
7 47 53 88 37 65 25 45 85 85 88 0 32
9 28 24 78 50 92 48 54 69 80 32 0 42
9 35 74 76 23 59 51 24 49 87 47 0 44
4 26 70 83 34 62 75 45 79 38 53 0 18
8 93 80 47 54 54 86 60 86 31 28 0 38
6 94 32 89 72 72 82 25 48 32 41 0 30
4 23 87 77 75 55 31 94 42 42 68 0 16
10 37 53 97 49 50 50 32 81 94 46 0 46
10 42 70 78 25 29 77 98 83 28 43 0 47
10 75 93 71 48 67 92 30 32 69 24 0 48
10 71 86 70 40 40 93 38 48 35 92 0 49
6 50 99 89 53 39 65 77 42 53 100 0 28
3 27 32 65 24 87 46 92 59 76 79 0 14
7 38 20 59 52 89 65 78 27 53 81 0 33
9 64 31 48 50 71 66 23 64 42 89 0 45
7 36 78 86 29 82 70 82 50 69 50 0 34
7 58 51 38 96 89 75 67 79 39 32 0 31
4 89 98 50 72 86 73 90 74 37 23 0 17
7 69 25 95 70 75 20 59 49 43 39 0 34
5 54 22 70 45 40 84 69 48 53 70 0 25
10 23 48 96 30 32 24 92 28 64 99 0 46
8 89 98 89 33 66 25 58 48 45 46 0 36
5 41 39 34 48 61 35 54 26 43 56 0 25
5 39 65 64 64 69 36 46 79 29 44 0 23
7 25 54 60 86 59 69 45 48 40 57 0 31
9 23 40 80 96 70 71 78 34 68 58 0 45
6 47 89 26 37 48 36 45 85 47 91 0 27
9 27 69 73 99 82 30 24 71 58 73 0 41
9 49 55 93 95 76 43 27 76 66 92 0 41
7 43 62 45 38 61 98 79 79 21 54 0 34
4 81 51 22 80 81 65 63 30 65 20 0 19
8 97 70 21 90 40 93 58 66 34 42 0 40
8 94 63 90 71 78 81 62 99 31 74 0 39
6 54 58 50 34 64 33 99 41 43 68 0 27
7 75 25 36 85 35 77 48 21 25 57 0 32
3 26 68 45 73 57 34 59 35 76 45 0 11
4 84 81 65 57 81 44 100 20 59 32 0 18
10 81 96 30 89 67 51 29 41 71 95 0 49
9 37 84 43 96 38 51 76 40 35 37 0 42
5 40 57 69 70 40 35 90 66 59 35 0 23
6 87 54 73 71 93 24 24 32 32 87 0 28
4 63 83 70 50 95 20 54 93 37 39 0 19
7 21 53 62 51 22 31 23 79 27 43 0 35
5 27 77 69 66 84 92 90 61 56 21 0 25
8 47 31 95 64 39 57 91 88 71 58 0 38
6 67 84 53 97 88 50 66 92 95 51 0 27
7 58 81 61 82 44 24 65 70 49 29 0 33
8 79 33 29 20 46 66 25 55 21 57 0 36
6 55 90 77 84 28 72 34 57 37 39 0 26
10 70 83 46 84 88 35 73 57 23 67 0 49
7 34 70 24 32 81 51 29 57 63 38 0 34
5 38 30 50 56 26 80 81 33 31 53 0 22
6 70 59 20 23 94 87 56 20 46 27 0 30
5 89 63 28 36 21 22 43 41 93 59 0 21
9 36 85 34 56 87 64 27 70 72 40 0 45
8 39 45 74 38 29 54 59 39 38 96 0 38
5 85 96 63 40 73 53 49 90 74 90 0 22
3 92 37 35 84 66 43 83 70 73 71 0 13
4 89 45 61 97 90 73 58 64 40 39 0 18
5 56 72 30 26 82 34 63 79 55 76 0 22
10 30 73 44 39 42 59 32 99 29 81 0 46
4 82 50 95 25 85 32 51 37 76 41 0 16
6 78 21 27 82 78 49 80 38 60 51 0 30
4 76 58 76 54 48 28 51 83 59 80 0 20
9 83 47 90 72 45 85 60 44 41 86 0 45
3 82 40 43 49 50 62 94 26 95 46 0 11
9 25 70 57 96 93 52 76 54 56 47 0 45
8 23 61 80 52 78 77 79 33 59 58 0 38
2 37 68 76 65 26 52 84 74 28 68 0 10
9 48 92 27 100 99 42 34 72 73 27 0 41
6 79 93 86 20 37 40 71 33 33 25 0 28
8 46 73 75 72 31 24 44 21 58 92 0 37
10 22 83 42 78 71 39 38 36 36 68 0 49
4 52 98 77 32 80 69 92 64 75 37 0 17
9 22 50 97 73 90 54 74 33 58 98 0 43
9 69 88 24 23 54 34 46 59 24 64 0 44
7 92 93 30 69 73 92 54 52 84 25 0 35
4 63 32 94 89 92 64 72 94 92 61 0 16
3 46 67 57 70 33 48 66 78 83 52 0 12
8 22 61 29 56 75 53 35 38 89 95 0 36
9 88 62 30 75 60 41 89 82 88 25 0 42
7 49 69 82 98 83 64 36 71 93 75 0 35
7 95 28 25 41 58 40 92 48 91 36 0 34
10 74 77 57 93 60 94 64 67 77 100 0 50
7 28 73 84 44 56 79 61 94 81 49 0 35
3 58 73 24 48 49 27 22 82 85 68 0 12
7 40 69 28 97 65 26 100 39 78 38 0 34
3 83 85 24 38 68 50 44 49 74 27 0 14
8 20 32 60 22 78 41 98 67 68 59 0 38
4 57 66 39 81 54 97 72 31 72 29 0 17
4 50 42 83 95 33 37 94 93 71 41 0 16
5 34 85 48 66 91 76 67 70 25 58 0 25
8 90 83 88 84 89 76 90 92 22 44 0 39
6 79 73 32 58 98 28 35 97 68 27 0 30
3 27 42 74 39 85 73 93 48 46 70 0 13
4 33 51 49 70 86 52 46 51 38 52 0 16
10 78 50 40 78 40 61 84 31 34 78 0 49
3 38 55 70 74 57 69 89 59 48 97 0 14
7 87 29 61 73 83 96 61 66 76 79 0 34
10 85 78 54 26 78 47 22 33 100 68 0 49
10 38 84 48 60 20 35 25 76 65 38 0 48
6 34 75 38 60 94 33 62 64 53 52 0 30
10 34 78 30 92 31 45 40 32 87 41 0 49
10 71 90 90 64 58 97 87 35 98 33 0 50
5 70 79 63 82 53 31 79 91 98 52 0 24
8 53 39 89 57 71 50 65 74 26 58 0 38
9 96 39 42 83 75 76 80 86 85 91 0 42
3 95 43 84 53 22 40 60 40 88 55 0 15
9 53 31 76 22 79 60 40 22 50 90 0 41
5 82 76 29 89 64 67 67 62 23 82 0 21
5 50 69 39 47 51 95 73 63 48 52 0 25
5 54 97 82 59 30 60 55 88 83 35 0 21
10 21 32 80 48 98 44 38 28 95 68 0 46
6 92 77 25 91 72 32 66 77 21 59 0 30
5 85 48 66 48 60 89 88 42 75 96 0 25
5 28 53 43 33 31 38 45 89 47 53 0 25
3 21 52 95 94 66 51 36 59 85 84 0 11
8 38 47 46 59 36 33 73 97 60 89 0 39
10 32 60 69 78 25 41 31 98 33 85 0 49
10 80 60 57 30 51 79 50 44 29 39 0 47
3 23 50 72 51 51 56 46 34 98 56 0 15
5 73 45 22 71 61 58 83 48 80 91 0 23
9 58 26 21 39 81 63 22 83 28 54 0 41
3 60 53 34 29 28 82 41 95 49 95 0 13
5 36 60 72 92 33 29 29 44 71 50 0 24
5 97 85 38 98 90 24 79 95 80 53 0 21
3 57 43 59 25 47 54 28 97 42 69 0 13
6 36 71 81 31 89 84 51 22 78 90 0 27
7 25 37 35 47 52 20 87 95 30 50 0 35
8 33 21 46 32 43 41 86 62 78 65 0 36
10 76 81 83 79 77 47 78 85 80 41 0 48
6 36 35 38 59 99 87 73 75 53 21 0 28
9 49 88 75 85 54 72 89 31 72 94 0 43
10 87 48 75 73 84 73 62 86 45 23 0 48
9 59 76 24 83 50 22 43 45 32 92 0 43
7 48 89 92 93 31 98 66 97 83 80 0 35
4 24 95 91 78 66 26 38 76 81 34 0 16
7 86 30 26 40 87 32 83 65 89 57 0 33
10 33 95 59 64 69 38 98 54 78 80 0 47
3 33 99 74 66 53 53 100 99 37 81 0 13
6 58 25 81 92 29 89 95 24 63 57 0 27
9 41 64 97 82 46 71 47 54 81 23 0 43
9 64 58 89 81 71 58 30 89 80 25 0 42
6 84 77 97 46 93 98 91 34 76 37 0 30
6 61 46 92 32 69 31 51 42 70 26 0 28
5 30 27 67 84 96 86 41 58 48 37 0 24
7 33 22 83 92 60 69 35 41 85 71 0 31
4 79 50 56 95 96 22 73 54 30 33 0 18
9 36 30 23 21 81 66 59 33 54 78 0 42
7 26 87 72 66 39 37 26 51 67 40 0 34
5 30 56 58 46 88 68 86 67 46 27 0 23
7 86 42 37 22 78 70 46 74 32 66 0 33
3 100 51 79 30 21 83 85 57 36 37 0 14
5 83 44 49 49 87 62 99 77 52 91 0 24
9 59 58 30 70 98 29 82 91 47 70 0 43
9 75 23 45 88 75 39 92 99 84 71 0 43
7 97 99 41 57 51 42 62 97 77 85 0 35
8 68 26 39 26 50 31 21 46 37 94 0 38
7 48 76 75 38 71 39 33 71 48 29 0 32
5 69 49 72 82 98 30 66 76 62 70 0 25
9 49 79 33 78 35 83 66 65 69 70 0 41
6 66 85 32 38 90 37 51 30 84 82 0 30
5 49 31 29 77 33 26 94 66 50 94 0 22
9 73 89 54 70 43 36 91 38 58 65 0 41
5 95 80 100 23 42 21 24 44 54 100 0 25
10 92 36 56 68 49 45 50 94 44 26 0 48
10 33 58 58 30 66 88 88 65 33 97 0 46
5 25 81 34 100 78 91 61 93 97 75 0 24
4 69 98 26 33 52 57 37 91 86 98 0 16
9 94 97 43 61 65 49 77 88 78 65 0 43
9 61 43 81 74 20 52 32 53 33 54 0 44
7 47 80 51 85 35 62 71 83 35 81 0 35
2 50 68 69 34 68 43 54 57 50 63 0 10
10 21 51 55 93 32 47 99 97 98 63 0 50
5 81 85 29 73 46 98 79 70 66 73 0 23
9 80 27 25 82 84 96 43 70 59 75 0 41
3 69 23 30 71 47 24 100 72 99 73 0 11
10 23 48 84 67 42 31 84 48 55 39 0 49
5 64 97 30 93 71 66 97 45 36 42 0 25
4 56 63 69 70 43 93 28 78 21 33 0 18
7 29 21 92 44 46 72 87 84 53 51 0 35
6 86 64 51 70 56 55 73 36 94 92 0 26
10 42 68 38 64 25 62 73 56 49 65 0 49
4 59 28 45 77 68 92 55 74 53 50 0 18
5 88 24 21 52 92 82 47 82 73 84 0 25
5 26 69 73 48 59 28 97 91 40 50 0 22
4 73 61 80 93 68 59 51 81 75 55 0 20
4 47 45 95 74 86 35 71 64 85 57 0 19
10 80 52 24 42 24 69 22 28 52 35 0 48
8 31 54 37 64 88 38 30 71 65 21 0 39
6 68 52 53 91 91 40 60 52 37 37 0 29
7 60 36 86 22 75 80 63 27 91 94 0 33
9 26 46 24 33 21 45 33 63 53 81 0 45
3 44 31 81 27 33 33 78 27 50 30 0 15
5 55 67 97 41 23 46 37 35 99 89 0 21
8 48 55 84 57 77 35 85 33 77 41 0 38
7 58 35 26 47 73 20 47 53 26 39 0 31
9 61 58 55 35 39 80 77 33 67 30 0 45
3 65 23 73 29 28 91 32 42 85 26 0 14
8 42 68 94 68 92 26 57 53 97 20 0 39
6 48 43 43 53 78 46 30 29 85 60 0 30
9 87 51 41 42 63 84 41 96 74 76 0 44
10 36 84 94 49 33 46 58 30 85 96 0 49
7 54 63 33 68 29 63 88 79 50 21 0 34
6 91 81 24 53 26 54 60 97 85 62 0 30
10 78 69 21 46 49 95 47 76 64 36 0 49
6 99 82 69 47 41 50 35 58 89 29 0 28
7 45 71 55 23 91 51 86 30 36 54 0 32
5 46 44 52 32 60 64 65 40 70 72 0 21
7 45 86 39 54 88 57 38 33 74 53 0 34
6 56 84 37 35 21 80 61 80 38 99 0 28
5 84 54 38 72 91 100 36 70 74 72 0 22
8 58 77 39 24 54 65 50 57 70 35 0 39
4 43 29 72 70 71 48 60 55 75 23 0 20
10 24 60 52 51 31 80 20 58 81 35 0 46
9 55 88 55 49 50 58 26 47 69 80 0 43
3 58 43 23 55 29 35 98 80 46 85 0 14
3 77 36 58 33 63 27 39 31 45 56 0 14
8 21 57 64 60 82 45 45 74 82 39 0 38
10 44 42 77 71 42 75 89 54 38 83 0 48
8 81 53 44 42 49 89 29 59 34 77 0 37
8 77 25 75 29 37 46 97 75 39 27 0 37
8 61 45 25 92 81 54 71 48 21 36 0 36
8 54 90 79 30 41 35 67 45 50 30 0 37
5 63 29 61 33 87 48 54 34 68 83 0 22
5 54 72 94 81 25 69 56 33 28 63 0 22
6 38 96 92 30 87 36 75 81 96 98 0 27
4 20 99 90 39 83 79 86 83 97 88 0 17
5 72 75 30 34 63 89 45 28 80 39 0 21
6 24 32 29 81 65 89 100 52 36 90 0 29
10 100 62 42 67 75 93 23 52 77 99 0 47
5 20 41 98 91 67 86 98 92 68 52 0 21
9 74 65 23 46 47 50 25 61 96 61 0 42
7 62 89 64 79 88 88 79 73 81 99 0 32
6 43 72 99 96 58 21 33 80 28 44 0 29
2 85 38 25 99 48 66 75 63 88 52 0 10
10 90 28 47 55 66 63 92 56 83 22 0 49
5 28 80 60 51 85 46 57 40 80 95 0 25
3 22 52 47 28 21 24 54 25 100 51 0 15
7 31 77 92 24 20 25 72 93 91 97 0 35
6 27 85 66 84 94 57 40 71 26 27 0 26
9 93 28 60 84 75 66 100 25 57 51 0 44
10 73 69 37 96 36 89 70 46 72 57 0 50
9 98 100 43 73 48 35 65 82 29 86 0 42
10 33 29 96 39 81 59 63 25 27 32 0 48
2 28 97 58 43 23 87 77 85 50 28 0 10
4 65 28 27 21 37 35 27 22 93 45 0 17
3 61 69 44 87 53 59 59 46 61 34 0 14
10 48 49 55 47 96 53 91 36 36 29 0 47
3 46 54 75 92 29 32 25 47 74 77 0 15
4 33 70 94 78 80 25 60 26 91 59 0 16
7 66 95 82 99 91 90 25 83 67 69 0 33
9 50 23 28 56 95 31 52 47 76 61 0 41
9 43 31 37 86 31 88 77 73 74 96 0 45
8 47 31 43 69 45 22 34 30 74 40 0 36
5 42 46 42 59 91 66 62 44 100 79 0 25
3 60 92 95 35 82 52 44 75 59 78 0 11
5 80 34 25 79 85 24 65 79 22 29 0 23
3 87 78 62 84 69 45 75 40 57 58 0 12
4 95 36 42 31 53 66 40 50 53 91 0 18
7 67 22 85 28 65 23 30 93 23 28 0 34
96 136 118 75 82 77 104 86 92 135
110 134 144 171 196 214 232 240 262 291
116 135 160 166 196 214 235 244 266 291
115 137 158 168 194 216 239 253 280 288
118 122 150 163 196 220 223 253 266 281
111 137 151 173 182 212 229 253 279 297
112 139 148 172 198 209 221 247 272 281
112 123 149 172 187 211 233 247 262 292
111 122 147 163 185 212 233 240 272 280
110 120 140 160 194 203 230 260 274 287
117 126 149 175 182 203 224 259 260 285
116 136 150 173 189 204 232 259 262 300
103 133 141 168 200 205 228 255 264 287
100 126 146 160 188 217 229 249 260 293
114 122 159 176 199 202 235 241 263 283
113 129 156 170 191 219 227 247 263 297
111 139 140 173 185 201 236 244 264 284
117 129 157 168 191 217 234 247 261 287
111 132 160 180 181 210 235 255 270 283
110 138 146 175 191 208 235 249 274 288
111 132 145 166 197 206 226 246 264 284
102 130 142 169 187 206 239 259 262 285
115 135 155 179 184 218 234 249 266 289
104 133 150 165 181 201 224 252 272 287
103 129 155 168 186 208 240 252 276 280
118 138 142 172 198 209 239 257 272 292
112 127 154 172 189 212 233 241 260 284
106 122 146 168 196 215 227 242 260 288
112 128 155 171 199 203 222 240 265 285
120 129 148 179 181 211 224 245 264 283
100 127 155 180 193 209 240 255 264 299
118 133 158 162 190 200 226 242 272 290
105 132 140 166 195 216 236 245 280 292
114 137 145 174 188 211 227 241 277 291
111 131 152 168 192 208 235 255 272 283
111 137 142 179 180 209 236 244 278 294
102 125 149 174 194 216 234 250 262 299
118 130 142 162 190 205 220 256 265 293
111 135 159 168 180 212 222 259 265 284
106 133 153 167 183 219 239 248 260 291
101 125 143 167 180 214 224 251 268 289
107 136 148 177 192 200 238 257 263 282
109 139 147 161 199 218 221 247 270 294
117 128 149 168 200 202 238 253 264 291
113 133 151 161 188 207 236 256 273 281
107 127 148 175 197 204 228 247 273 281
104 139 160 161 186 210 238 242 267 299
116 136 158 164 186 218 226 256 280 283
106 137 157 170 197 200 220 251 278 291
110 128 148 171 181 206 240 256 274 297
117 140 142 165 195 210 233 249 274 283
105 128 147 167 195 204 239 253 279 293
101 121 159 177 199 213 228 243 268 297
116 121 159 166 188 220 235 249 277 291
118 135 160 176 193 217 237 242 265 291
109 139 155 162 183 203 236 243 269 294
103 129 145 168 187 202 238 240 273 289
106 129 148 162 187 201 233 254 267 280
104 135 155 175 181 204 240 246 271 297
104 137 145 177 189 216 235 241 266 297
117 121 156 173 182 201 238 244 272 294
108 127 144 169 195 217 234 253 273 281
114 126 146 171 187 217 221 246 264 285
118 133 160 170 192 205 232 243 260 296
118 139 140 160 182 203 232 260 261 285
104 139 153 171 191 216 221 244 276 280
116 120 146 178 182 211 229 245 276 298
101 139 160 167 181 206 229 251 280 294
107 126 140 169 182 207 224 246 271 288
107 124 147 170 192 206 227 259 262 284
101 139 140 164 182 207 231 249 277 286
107 131 155 179 192 203 220 259 262 300
101 126 151 167 190 207 222 247 276 284
102 129 154 165 194 216 223 240 277 282
109 125 141 176 190 214 226 249 265 289
104 120 157 166 196 206 223 253 274 295
117 120 145 165 196 208 223 244 267 283
116 121 158 162 185 207 223 242 276 289
109 135 155 163 196 208 239 255 280 295
114 121 151 174 191 220 232 258 267 296
100 123 157 170 195 207 233 253 268 294
110 128 140 164 187 202 223 250 260 299
118 123 145 163 182 214 228 256 267 297
102 135 157 166 185 212 239 249 263 283
105 138 150 178 181 207 231 247 261 289
118 122 143 160 183 219 240 254 267 291
104 134 148 173 184 201 231 248 269 293
109 128 144 175 195 210 226 250 260 298
113 128 155 161 190 203 229 240 265 287
100 131 152 160 190 217 240 257 260 285
116 129 141 164 187 213 239 250 278 286
101 125 155 164 190 212 238 259 263 285
106 136 157 174 185 206 231 258 263 281
103 135 159 169 190 204 221 258 273 292
108 131 153 176 181 216 239 251 261 295
105 128 149 180 192 204 240 250 261 293
101 125 155 160 185 217 221 255 275 282
118 123 160 178 184 206 228 260 268 298
105 121 149 173 186 213 238 242 270 291
120 130 153 162 197 217 235 247 264 296
105 129 141 180 188 211 240 257 261 280
119 135 148 173 181 200 221 254 271 289
116 133 147 171 198 220 222 241 271 282
118 137 144 175 188 205 236 255 277 286
112 138 152 164 186 210 229 259 267 288
100 120 157 176 198 218 222 241 273 299
107 128 145 163 183 203 227 253 261 286
111 121 159 164 199 206 227 244 260 300
112 132 155 180 182 205 229 241 277 299
115 139 148 164 183 218 221 255 264 285
103 133 145 172 198 203 225 257 268 291
120 137 148 173 198 209 232 254 275 300
114 140 142 161 187 213 221 252 270 296
111 122 156 164 199 213 226 257 280 287
107 120 147 165 182 201 221 250 260 289
119 132 150 165 190 219 238 250 262 281
114 126 143 179 192 215 235 241 261 299
116 124 140 169 189 211 221 241 263 290
120 120 160 178 198 208 233 254 261 295
118 135 147 162 194 210 225 259 276 291
104 137 150 175 197 207 223 240 266 299
117 130 159 169 192 205 234 245 267 297
105 120 147 161 189 220 225 245 264 289
113 127 157 160 197 201 237 248 263 297
110 139 160 165 189 202 232 245 269 293
105 131 158 164 191 209 227 260 279 286
110 140 160 172 194 207 233 247 267 292
100 128 155 170 190 203 237 259 279 281
114 140 159 177 185 207 226 242 277 285
111 129 143 164 194 214 224 252 270 283
101 121 156 171 181 200 220 244 264 300
111 139 148 169 187 217 234 256 279 293
106 139 147 161 190 219 232 256 275 291
107 127 158 179 194 217 239 247 277 293
120 131 160 163 196 216 225 247 263 286
120 130 147 160 185 213 237 244 268 298
108 121 148 176 184 210 230 248 273 294
115 135 156 165 181 203 224 248 261 300
108 139 141 162 192 203 229 257 262 300
119 120 152 162 195 206 240 246 279 281
114 131 144 169 192 213 221 251 268 289
118 136 141 169 193 215 231 250 271 281
101 131 158 169 185 205 228 246 270 293
106 124 149 175 197 220 238 258 263 289
117 128 149 167 200 205 228 260 270 293
118 137 157 177 194 213 234 254 276 286
119 135 150 164 186 203 236 240 273 297
101 128 150 179 198 214 221 247 265 283
109 124 149 167 198 208 227 252 267 296
104 123 150 177 193 213 239 242 269 285
101 134 160 164 195 216 220 253 264 290
116 135 148 177 185 216 225 254 278 289
114 137 147 161 183 202 228 251 274 294
109 123 143 160 195 202 237 250 269 290
120 126 150 176 198 217 220 248 278 294
117 132 153 178 200 215 221 250 279 291
100 137 147 173 181 206 237 251 275 287
100 129 157 176 198 208 220 250 270 295
107 131 140 172 191 205 222 258 279 293
120 130 144 172 198 208 222 243 266 293
100 127 156 163 200 207 222 250 276 297
118 122 156 170 181 208 239 256 270 296
103 125 147 176 200 206 239 245 260 293
101 120 160 172 194 201 236 241 274 293
106 130 157 171 188 217 234 250 264 286
114 126 144 166 187 213 237 254 279 297
114 121 143 167 181 215 232 240 272 289
109 139 148 174 198 220 240 240 275 289
120 131 148 165 194 212 226 259 263 295
119 140 152 173 188 203 231 248 278 287
103 136 146 177 181 218 229 254 280 289
114 139 153 168 188 218 225 253 280 285
118 135 155 175 196 220 222 245 270 290
102 131 155 167 193 208 237 247 275 281
106 121 144 167 184 205 231 246 278 287
104 124 147 179 186 220 235 259 273 280
101 139 159 178 196 204 231 243 267 293
109 132 146 160 180 202 227 253 265 281
111 137 151 161 190 202 234 242 264 287
111 126 152 164 195 210 226 260 272 291
103 131 150 170 194 207 232 244 275 284
103 131 143 179 200 219 224 259 267 293
111 128 157 180 185 204 226 240 268 292
102 128 157 171 187 200 230 254 260 280
101 137 158 178 187 216 227 258 264 285
104 130 154 164 199 203 224 259 265 283
113 126 153 162 181 210 234 245 270 283
104 120 149 169 180 204 229 256 280 291
103 132 146 172 186 201 238 257 262 300
113 122 158 160 191 212 238 259 277 282
111 136 160 179 193 201 235 252 280 288
118 136 141 175 189 205 236 250 274 290
115 133 158 163 182 206 237 258 270 281
109 138 153 161 181 200 228 248 278 297
111 120 154 173 193 204 237 241 269 282
102 140 153 173 193 218 228 241 280 292
100 124 159 164 199 207 239 251 273 283
102 130 140 160 192 206 232 241 266 293
108 124 151 161 195 212 240 253 267 297
117 128 141 175 194 211 234 244 280 297
107 136 151 161 197 203 221 250 277 291
115 134 152 161 200 214 234 260 275 282
120 121 158 165 198 215 226 249 277 295
109 140 148 163 186 215 228 243 268 287
118 140 152 169 198 209 223 260 276 292
102 140 155 171 186 216 222 249 261 299
104 128 157 178 197 214 237 258 262 282
101 128 144 169 182 213 224 249 268 288
105 121 155 175 197 214 221 258 272 295
107 133 154 171 199 209 236 257 276 295
118 128 145 168 195 204 235 257 263 289
102 140 154 164 196 211 234 255 274 300
115 126 143 160 184 216 223 246 276 295
113 135 148 167 189 211 224 242 277 289
110 121 153 164 200 201 232 259 273 298
105 131 159 175 181 208 225 257 277 300
101 130 155 177 181 208 228 248 261 295
101 140 150 171 184 203 232 251 264 290
100 120 149 161 181 202 222 243 270 285
112 124 150 162 186 217 227 241 272 299
102 136 155 163 197 207 225 244 269 295
104 130 154 163 182 200 229 260 271 293
103 129 156 170 183 216 221 247 261 293
112 128 152 161 184 209 221 254 273 293
117 124 155 163 200 201 240 241 278 297
101 139 157 172 184 203 232 252 278 289
112 126 158 170 198 217 237 243 266 300
103 132 149 178 180 211 234 249 268 295
120 123 150 163 200 220 228 240 278 300
109 121 146 173 188 219 235 247 264 284
101 126 154 164 199 203 224 258 273 297
119 137 160 177 182 214 235 259 269 295
120 126 152 177 183 201 232 242 276 284
119 134 142 169 200 206 234 248 260 281
114 129 146 173 187 204 221 251 260 280
115 124 148 164 199 213 224 256 270 298
102 127 144 164 194 215 233 244 266 290
108 124 143 172 188 206 239 260 268 287
113 129 142 170 182 209 225 247 260 287
119 135 157 164 196 220 228 246 266 297
114 138 158 163 189 202 234 240 274 295
110 140 145 177 198 200 224 258 280 280
117 140 146 179 198 218 231 251 271 298
114 127 144 162 199 200 231 248 263 290
109 137 147 179 187 206 239 254 271 298
104 123 146 164 190 209 233 257 268 293
106 120 151 171 190 220 221 248 261 281
112 126 160 169 181 209 229 246 280 300
101 134 140 165 193 210 233 245 269 280
108 136 145 176 189 207 228 240 261 299
115 125 156 168 197 211 232 240 266 298
114 127 148 179 198 202 232 257 278 296
117 131 160 167 189 211 226 253 263 290
116 125 156 177 183 203 220 252 266 291
102 135 154 160 186 215 220 244 264 291
109 125 143 164 182 218 230 253 267 280
111 121 151 178 197 214 222 241 260 290
105 121 156 167 194 213 225 252 266 284
115 131 160 180 188 217 238 259 271 292
102 125 160 166 198 219 224 247 271 293
104 121 143 171 188 216 233 247 263 288
113 129 157 174 188 208 225 246 267 294
113 134 140 173 186 212 224 259 268 281
109 132 148 160 198 217 228 244 279 292
106 124 156 170 189 208 225 256 261 300
104 140 154 160 187 214 220 257 276 293
103 128 150 169 189 203 234 252 271 300
104 140 145 161 194 213 231 240 280 291
114 138 158 160 181 218 228 251 270 285
102 125 146 178 180 205 225 248 265 288
120 123 148 161 180 209 229 242 274 287
108 130 142 162 186 202 227 250 263 300
100 135 145 172 187 214 221 249 274 297
113 128 152 167 194 208 225 248 271 292
105 131 148 178 195 218 222 244 273 290
106 131 147 175 197 208 232 241 278 299
110 138 144 171 196 220 228 251 262 286
112 126 143 165 191 214 226 260 278 296
103 123 157 171 192 217 227 256 280 290
109 124 157 165 185 219 234 244 274 280
101 133 151 167 198 217 233 249 277 300
100 123 144 172 185 200 220 253 273 280
114 127 155 162 181 212 220 242 262 281
106 132 144 172 190 210 227 243 276 299
113 122 157 178 193 213 227 245 265 280
116 126 159 166 193 204 229 250 278 294
119 124 151 178 189 205 220 258 280 285
118 121 147 165 188 208 234 255 261 298
100 125 144 171 193 218 233 245 262 283
119 132 158 174 183 210 239 259 278 287
109 136 143 168 183 220 238 246 261 289
118 130 143 173 187 207 224 249 266 280
113 121 146 174 189 203 235 245 277 295
102 129 148 165 189 205 228 254 263 297
109 136 159 173 185 206 234 246 280 299
109 135 141 172 200 217 228 252 269 297
117 127 148 161 182 203 233 252 266 288
114 134 153 179 192 210 235 259 278 293
108 133 144 175 192 205 238 252 272 280
117 135 159 172 185 214 234 256 266 285
118 133 151 165 194 219 230 249 276 293
101 132 158 170 194 208 223 244 270 285
114 123 160 160 196 211 226 257 269 280
101 131 157 170 190 211 226 256 277 280
106 129 153 168 188 202 237 240 261 295
119 127 142 178 198 219 224 255 280 284
109 121 150 180 200 220 223 253 261 290
119 120 153 167 193 213 236 240 260 282
102 139 150 175 184 208 235 247 262 285
106 128 157 164 182 208 221 252 260 300
106 134 158 171 191 219 224 251 278 290
105 121 160 170 187 217 234 243 266 285
104 123 148 160 198 218 220 252 275 299
100 122 156 173 189 217 226 247 266 299
112 130 152 165 186 207 240 260 269 288
101 130 150 166 189 213 226 246 274 292
112 120 148 173 180 207 236 245 268 286
113 136 152 176 193 216 222 246 262 285
116 136 153 170 189 206 235 246 263 296
106 121 146 166 190 218 236 250 265 290
101 139 143 175 188 217 235 254 278 293
101 131 143 171 200 216 231 252 277 282
115 121 148 160 195 217 238 260 263 292
101 129 141 174 196 210 234 251 280 288
110 127 146 179 195 207 226 249 269 295
117 124 156 166 191 208 226 259 277 296
104 132 143 168 183 217 227 257 263 280
111 131 143 169 185 208 237 251 278 288
104 135 147 164 189 202 221 255 268 287
103 134 140 162 183 207 231 253 275 296
106 126 140 163 197 220 235 250 280 285
100 129 155 164 192 210 240 254 265 296
101 132 141 172 196 208 235 248 264 280
105 140 152 172 187 220 239 255 261 296
117 129 155 160 195 200 223 252 268 292
102 134 152 173 188 206 235 247 272 280
106 124 146 165 187 210 236 251 277 280
101 131 142 164 186 215 234 255 265 292
110 129 160 170 191 211 228 257 273 287
107 130 155 162 193 220 226 257 266 299
108 123 150 180 186 211 226 242 265 286
105 128 154 166 200 219 229 251 273 290
115 121 145 170 182 213 231 246 270 291
104 139 146 162 190 202 223 249 277 292
114 138 151 170 200 202 223 245 262 290
106 132 160 161 199 205 236 253 267 292
108 140 150 176 190 215 240 250 268 298
118 139 154 175 183 209 226 246 280 281
116 134 156 164 197 217 226 257 277 285
100 122 151 171 183 207 233 252 271 295
116 138 160 172 200 201 238 256 272 284
117 132 141 173 195 217 234 251 280 292
110 125 142 179 196 217 231 251 260 292
120 138 156 171 195 211 222 251 275 281
114 123 155 163 188 213 235 256 279 287
112 134 159 167 195 216 222 244 264 287
101 136 151 169 195 200 227 241 268 284
118 131 140 173 180 208 227 243 265 296
107 121 140 175 192 205 239 245 268 291
100 136 159 167 192 213 224 241 271 284
120 126 157 173 186 207 223 249 272 284
106 121 143 171 183 201 233 244 264 284
102 133 143 172 197 220 234 247 265 280
107 120 158 165 188 208 223 244 273 294
107 133 154 163 195 201 230 254 278 283
105 128 154 167 187 202 226 244 277 289
102 128 143 171 193 212 229 244 270 299
111 123 140 164 182 215 235 242 266 298
117 126 145 174 186 213 240 249 264 286
111 130 155 173 185 204 231 250 270 287
100 120 143 165 192 215 230 254 263 280
114 126 140 174 190 210 222 253 263 282
104 131 157 177 190 219 238 243 271 294
119 130 149 163 192 202 221 257 261 288
106 130 152 172 183 219 229 259 263 289
118 127 143 165 183 204 239 248 273 294
119 121 155 180 180 211 230 245 261 295
105 126 148 170 184 203 233 244 278 292
114 136 143 170 182 203 231 250 264 295
105 129 155 166 190 202 232 244 276 284
119 125 144 171 188 218 232 245 260 286
120 130 151 179 186 220 232 251 260 284
111 134 146 171 181 202 239 258 260 297
105 140 144 165 193 200 238 249 269 300
102 128 159 172 180 201 232 240 273 285
113 136 159 166 191 201 235 240 279 285
101 126 143 163 182 202 237 258 265 290
103 139 142 168 182 219 225 240 279 284
117 135 153 168 184 218 220 241 280 283
106 130 157 176 193 206 234 243 262 284
113 121 142 174 188 205 229 250 264 280
103 132 152 171 185 200 233 253 261 286
107 121 158 176 183 208 229 251 276 291
101 125 153 163 181 202 226 259 270 293
114 120 149 171 199 205 240 245 280 280
112 136 147 168 198 207 231 257 277 293
111 130 152 172 199 205 239 254 271 295
106 131 156 173 184 207 226 245 262 288
115 129 140 175 189 217 225 250 277 292
120 137 150 160 196 216 234 241 280 294
113 131 159 168 189 205 228 254 267 293
120 130 159 164 194 218 230 242 273 287
102 121 149 163 193 216 223 257 278 291
113 135 147 168 197 209 237 247 269 297
109 121 145 164 191 204 221 252 260 299
112 127 144 161 188 201 240 252 269 283
114 127 141 179 199 206 238 254 268 289
105 127 153 164 192 202 230 257 264 289
114 128 160 160 181 212 221 257 266 297
104 139 160 169 181 215 221 243 262 299
100 136 147 175 196 212 227 251 264 287
114 121 159 166 188 209 229 255 265 286
106 131 147 164 192 204 223 254 264 299
106 135 155 167 199 203 224 248 278 295
107 128 145 164 195 215 221 258 266 291
113 120 148 164 183 212 233 243 279 298
103 123 140 165 191 217 230 244 272 280
111 120 143 163 191 200 231 260 263 289
116 128 154 173 196 202 222 251 262 282
116 135 155 180 190 216 225 250 260 288
104 123 142 163 187 210 239 252 275 286
111 128 153 168 200 210 229 253 275 282
105 123 141 172 195 219 234 251 270 286
100 127 146 166 192 219 233 254 274 294
107 135 141 172 193 215 240 246 263 289
115 121 143 177 198 220 221 243 270 296
115 134 146 172 184 207 221 252 276 283
108 131 152 164 197 208 235 256 275 295
100 134 160 161 184 202 221 240 268 281
109 122 156 166 180 200 236 244 276 299
101 130 157 180 188 213 228 253 270 292
111 132 146 162 200 202 226 253 260 288
114 130 160 163 183 213 225 240 270 285
115 128 142 167 184 215 238 244 263 292
111 134 152 160 194 215 227 248 268 291
107 130 144 168 192 212 229 242 274 291
118 137 143 161 196 217 221 257 260 290
102 133 146 177 194 202 228 257 268 290
107 130 143 175 195 217 229 257 271 282
113 125 145 169 198 201 224 243 261 298
103 140 144 180 188 206 238 241 273 286
120 125 157 176 189 218 221 244 263 288
108 124 149 178 183 220 220 251 275 300
106 125 143 162 193 218 226 256 277 290
100 128 152 168 198 219 238 256 276 290
111 122 160 162 196 204 230 245 274 289
113 132 145 180 192 208 239 240 276 290
111 125 146 173 195 201 239 241 280 289
105 120 141 179 198 213 228 254 274 287
106 120 140 163 199 209 232 246 278 298
116 127 150 168 191 219 226 245 280 292
109 135 156 164 182 216 234 247 276 296
111 126 144 169 194 213 231 257 275 282
109 121 153 163 195 208 222 252 270 295
102 126 145 161 192 218 221 250 279 283
105 138 157 175 199 213 232 257 263 289
105 138 141 180 187 208 229 260 278 284
116 129 145 165 184 218 238 251 276 283
107 136 143 167 180 205 233 244 272 286
115 120 141 175 195 219 234 258 269 293
107 123 149 172 192 214 224 260 264 296
111 131 141 163 200 220 239 242 274 290
108 127 145 178 195 216 227 249 272 284
106 136 145 163 181 218 226 253 270 293
112 132 142 174 195 220 224 243 273 295
102 140 156 177 186 207 237 243 278 293
105 123 148 168 193 211 228 247 276 283
114 130 145 160 196 214 228 253 267 285
108 132 157 167 185 210 238 255 272 284
112 134 147 162 194 220 234 247 265 288
115 139 153 170 182 200 220 242 266 296
115 134 149 164 191 220 233 253 267 295
110 140 146 172 185 204 227 252 275 286
102 139 141 169 197 200 221 246 275 281
110 139 149 169 197 204 235 250 267 288
118 125 152 175 183 202 229 254 262 288
100 130 142 160 188 216 238 256 268 293
118 138 140 168 196 216 230 249 261 281
104 139 154 167 197 210 233 258 272 282
117 132 160 172 184 214 239 257 272 299
103 137 145 174 182 215 238 249 270 299
103 127 159 163 199 202 223 248 267 290
111 124 147 178 200 219 228 252 265 283
104 135 149 178 189 200 233 255 280 300
100 129 144 161 188 209 226 247 263 291
118 124 145 166 195 214 222 258 269 299
107 120 157 180 188 200 222 240 262 291
108 127 150 165 199 209 221 259 268 296
110 129 160 174 192 216 222 257 264 290
120 123 141 174 188 218 228 254 274 298
113 132 155 175 193 214 222 253 274 291
103 139 149 169 188 220 223 251 264 285
120 135 159 178 192 205 220 244 268 281
109 127 145 161 183 210 240 260 267 291
110 132 143 176 191 219 231 253 264 283
114 140 159 164 197 208 224 241 260 284
109 136 144 162 186 205 229 260 270 296
113 122 154 163 181 202 227 259 271 286
100 133 142 168 183 220 225 258 276 290
111 134 152 175 193 212 229 240 269 290
116 127 152 168 180 210 231 244 270 290
109 130 153 175 191 203 223 259 272 298
115 129 142 173 190 202 221 243 260 284
114 139 157 165 198 209 223 253 270 285
104 132 153 174 199 208 234 255 263 293
105 132 154 180 196 213 221 257 273 291
104 124 155 161 193 204 224 249 273 292
104 130 153 164 184 218 227 248 266 288
108 135 160 180 191 205 223 245 265 284
104 125 144 177 184 217 240 251 279 287
100 138 144 162 193 212 233 260 276 281
109 133 152 169 189 211 227 244 276 291
113 135 151 165 199 214 232 241 278 291
113 134 142 171 192 204 231 250 265 283
107 138 148 164 192 220 220 252 265 287
114 122 160 172 187 212 239 248 276 290
107 122 145 174 184 219 240 255 263 296
118 123 152 163 196 206 228 258 272 299
105 122 156 160 199 212 235 258 262 293
120 126 143 177 193 201 220 257 273 285
116 128 153 169 196 202 240 249 276 287
102 140 153 180 200 206 234 253 277 299
101 133 158 175 184 209 226 241 266 289
114 122 152 167 187 220 223 247 275 291
106 130 141 163 190 219 231 255 279 294
108 124 159 169 198 201 223 241 266 288
101 133 151 175 181 202 227 250 279 287
115 137 154 170 181 218 233 244 280 292
111 124 144 174 187 213 232 247 269 288
114 135 150 180 195 220 237 242 267 287
102 134 155 161 191 212 231 241 276 292
117 122 141 178 194 213 239 243 270 297
118 133 154 171 197 200 220 249 271 296
111 130 143 165 199 202 223 256 266 291
118 123 146 171 191 200 230 245 276 281
119 138 151 174 200 207 232 259 268 300
110 127 159 164 197 217 225 259 264 287
110 122 150 166 198 218 239 247 266 295
120 129 159 164 186 202 230 240 261 290
110 134 148 172 195 207 236 253 260 295
115 135 144 161 183 214 228 243 261 299
110 138 143 174 186 201 236 252 279 289
105 122 151 180 192 202 232 249 265 287
113 139 151 175 193 200 223 246 262 289
112 128 154 162 195 220 222 248 260 298
106 128 148 171 194 213 239 259 262 282
112 134 160 173 191 217 224 248 270 292
101 130 143 171 198 218 229 255 269 288
107 133 159 172 200 214 231 242 274 284
109 123 151 165 187 220 237 248 264 295
117 121 148 168 193 211 231 248 263 280
103 128 140 160 188 217 237 241 268 294
106 121 158 168 183 216 225 245 260 295
104 124 150 165 185 211 220 259 280 298
112 128 149 164 194 217 240 248 263 296
108 120 148 169 186 216 238 245 264 293
110 129 147 180 200 215 238 252 263 289
110 129 145 173 194 211 239 249 280 293
109 122 150 162 195 205 235 249 270 282
107 136 140 177 194 218 220 241 264 289
103 132 156 175 197 200 230 251 274 294
116 138 150 163 183 210 228 259 261 281
104 137 155 170 192 202 226 255 265 292
116 124 160 170 190 200 232 243 265 296
100 132 155 166 187 218 234 249 268 290
107 138 148 179 185 211 234 260 280 296
112 140 143 163 183 216 230 249 271 292
106 134 148 178 183 218 235 244 270 288
119 120 147 171 183 215 228 252 276 299
118 140 148 173 195 211 232 243 277 282
100 125 158 164 198 220 230 257 260 284
102 121 154 162 187 214 238 246 274 297
116 138 148 166 191 207 223 251 277 291
106 138 157 178 184 213 225 240 266 284
112 124 151 179 191 200 225 251 275 292
108 127 155 176 182 204 233 257 280 298
120 138 152 165 183 205 237 255 275 281
100 139 158 169 189 215 228 252 265 281
104 124 159 172 195 207 221 243 277 300
117 130 153 171 200 211 229 245 262 300
107 134 159 175 199 208 221 252 265 299
115 126 141 175 191 220 222 247 273 300
119 138 155 174 190 217 223 257 278 299
102 135 154 176 198 210 236 248 279 285
112 127 152 162 187 201 228 251 260 300
110 140 150 167 180 216 235 248 266 282
104 127 147 175 190 211 231 243 279 287
100 131 148 179 189 212 231 242 276 298
102 140 147 163 195 213 226 244 263 294
100 127 159 178 200 208 231 254 272 298
103 124 152 162 183 200 240 241 266 297
119 121 151 161 186 208 231 252 279 288
101 132 158 172 181 201 220 248 268 294
104 135 145 165 182 200 230 250 277 288
119 122 155 163 186 217 229 241 266 296
116 138 157 176 183 217 228 250 272 295
105 137 140 172 194 218 236 249 278 280
107 121 141 173 190 208 238 244 272 289
115 120 145 171 181 207 240 248 272 283
106 140 143 168 185 210 220 248 270 295
103 136 148 166 186 214 225 257 264 286
102 136 151 167 191 218 221 243 267 292
102 138 140 176 200 201 229 242 277 287
117 124 158 163 191 201 225 258 263 297
101 122 145 172 191 218 239 256 266 282
103 137 153 178 186 218 224 251 261 293
102 126 142 176 187 204 236 240 273 285
106 135 154 180 190 218 237 251 271 299
115 131 147 175 194 205 236 257 274 291
101 138 153 170 196 201 220 243 278 287
119 128 154 170 187 212 226 251 271 283
117 129 152 173 197 203 233 257 273 285
114 140 141 180 184 210 225 257 262 296
112 136 160 178 180 217 239 256 275 296
113 123 153 180 191 209 223 255 269 297
113 132 155 162 188 209 227 260 270 284
106 126 151 172 197 202 239 256 270 295
105 123 145 174 196 215 234 260 274 284
103 139 155 163 186 201 237 255 271 284
111 122 151 166 185 203 220 241 271 299
118 140 149 165 195 212 228 249 276 288
115 129 152 162 182 206 232 258 278 300
115 131 149 165 188 219 226 252 271 294
111 129 159 165 194 213 236 241 274 294
102 137 157 172 199 213 235 250 273 281
104 124 156 164 200 201 236 247 266 288
110 120 156 163 193 205 240 249 267 286
100 140 149 169 194 202 239 259 272 285
106 125 140 173 189 205 240 260 279 292
110 121 147 180 186 214 239 259 267 281
106 126 150 162 182 204 231 245 262 290
117 135 147 166 192 207 226 253 265 286
104 123 141 173 184 214 225 253 271 294
116 131 151 166 184 216 228 251 263 298
117 133 142 161 182 202 233 249 276 286
110 122 143 178 193 207 223 241 260 291
106 125 156 176 199 216 230 245 270 282
106 131 144 161 193 205 238 251 280 289
109 138 151 162 196 217 224 247 266 299
103 127 151 163 189 213 236 242 273 298
120 140 158 163 180 211 237 249 268 297
106 136 140 165 198 204 230 257 275 286
118 124 143 164 199 203 233 243 273 281
112 131 142 166 180 200 232 245 268 290
119 124 148 173 199 208 225 252 272 300
105 129 158 174 197 219 226 242 279 285
113 121 143 168 191 217 231 253 268 296
110 126 154 166 183 218 232 243 262 297
116 121 149 176 180 210 234 249 260 299
115 138 141 162 185 214 237 241 266 287
119 122 144 165 183 201 221 241 269 293
100 134 154 173 181 220 220 258 268 292
118 138 141 168 199 202 221 255 263 296
101 129 152 166 199 213 232 245 277 297
118 121 147 162 188 220 221 251 269 284
100 139 152 167 196 215 227 250 267 296
113 129 157 164 198 220 232 248 260 296
114 124 155 176 188 216 222 258 277 287
119 134 150 176 193 210 221 245 263 287
100 130 142 177 189 215 221 252 278 295
106 128 150 178 192 215 237 250 265 298
105 121 152 162 182 200 239 250 270 296
101 120 153 163 187 218 236 247 274 297
103 123 159 169 186 209 239 254 262 288
116 137 153 177 195 213 240 256 267 284
120 139 157 173 195 219 234 240 279 289
103 124 141 163 195 200 237 256 273 286
101 126 151 175 182 213 231 243 274 286
120 122 157 164 182 212 227 255 278 293
113 128 140 161 193 205 221 251 265 287
102 126 143 167 189 204 236 255 262 297
101 127 155 178 189 218 234 243 265 287
100 133 141 166 200 209 220 250 275 298
102 133 145 164 193 217 240 256 280 292
112 140 158 172 182 208 233 243 273 291
107 125 155 169 194 216 237 247 280 295
100 124 140 169 198 212 240 250 280 289
107 135 157 173 192 201 239 247 267 300
103 121 156 178 186 213 222 252 273 289
113 137 153 169 194 209 221 256 276 294
110 122 148 174 185 220 221 258 278 285
111 139 141 165 188 212 234 244 263 290
116 134 151 168 200 213 234 254 278 298
113 133 140 179 191 217 221 244 275 281
120 132 160 164 200 212 228 244 276 295
105 138 158 176 184 211 223 250 267 284
116 131 146 180 184 215 234 252 275 290
108 128 142 176 183 201 230 240 265 298
103 134 142 173 195 208 230 247 276 297
101 122 156 163 194 213 222 245 267 288
108 132 148 167 187 206 220 246 274 295
105 138 146 163 181 209 230 259 278 290
109 127 155 168 186 208 240 242 273 281
100 132 142 171 190 214 224 251 275 292
113 124 160 176 184 200 235 258 261 300
118 139 149 161 182 216 240 256 271 297
114 120 143 170 200 218 223 257 279 296
109 138 155 174 190 211 240 253 270 299
115 133 147 165 198 214 240 256 279 289
115 123 148 168 198 200 226 256 280 299
105 121 157 170 187 210 233 243 262 285
105 140 157 163 183 209 235 252 264 285
110 132 154 168 190 212 225 243 266 297
117 129 143 161 198 213 238 248 278 288
102 128 141 160 187 217 225 260 272 296
114 132 141 175 193 216 237 248 265 286
112 123 146 169 200 212 235 252 274 299
105 136 152 176 198 202 225 245 271 288
106 130 154 171 190 206 221 246 260 295
120 124 155 179 181 205 236 254 272 294
109 129 153 175 182 203 221 254 263 295
113 139 141 164 192 211 221 252 278 292
106 134 150 174 188 209 220 259 270 294
103 129 158 179 181 213 226 251 280 289
104 133 156 166 200 204 233 240 262 295
116 128 154 175 194 211 231 251 260 286
115 125 158 177 188 211 231 242 268 284
105 124 145 165 200 213 228 250 274 298
120 121 158 171 191 212 222 260 267 293
101 127 145 163 191 218 238 259 262 299
109 120 160 178 183 217 237 250 275 283
109 121 144 160 187 208 223 254 275 283
102 123 149 176 182 218 223 242 280 288
113 138 142 161 197 206 239 259 262 286
119 140 143 163 181 211 229 258 261 284
107 137 157 170 187 201 225 240 265 289
119 123 159 171 182 207 240 252 270 291
114 138 153 163 200 217 234 257 269 283
120 132 159 174 187 204 233 246 270 284
114 121 148 180 198 201 226 240 273 289
120 121 150 175 191 208 229 253 279 288
107 140 157 168 185 204 234 247 270 280
119 138 144 169 189 214 226 253 269 300
105 126 158 167 198 210 220 247 279 290
119 130 155 170 193 209 220 245 271 281
110 125 142 162 186 216 223 252 278 293
120 136 149 161 185 210 222 256 265 300
113 137 159 166 190 213 239 245 267 295
109 131 142 179 181 212 234 252 277 298
114 135 141 165 183 207 232 253 261 291
119 133 153 163 183 207 237 257 260 282
103 120 157 176 197 207 228 250 273 292
102 133 142 179 186 209 231 250 273 286
105 136 147 177 196 212 224 250 270 296
106 139 145 175 190 215 232 250 260 289
110 129 151 164 190 219 220 252 269 282
100 138 143 161 187 218 221 248 272 293
111 126 156 170 192 204 238 247 261 280
109 122 147 177 196 203 232 251 275 295
120 122 151 172 190 207 232 248 277 292
113 126 156 167 180 203 239 255 277 291
108 121 159 168 200 210 221 244 277 295
111 127 144 176 181 212 237 254 264 296
116 140 143 180 197 216 220 255 270 292
106 124 149 173 185 207 235 258 266 296
100 124 159 179 187 215 236 259 270 297
100 125 152 166 184 211 225 246 275 286
106 130 146 170 190 204 229 256 276 283
115 134 140 162 184 218 232 241 269 290
119 133 149 174 188 217 224 255 261 291
100 127 159 180 196 217 239 243 262 280
118 124 146 171 185 216 232 259 267 300
112 132 160 174 187 212 235 260 261 293
110 125 143 180 191 210 225 251 269 297
107 136 141 180 186 205 221 259 264 288
106 140 156 160 197 206 233 257 264 285
108 132 146 167 180 208 229 251 278 299
113 121 159 172 190 200 223 247 270 287
111 132 144 166 196 218 235 241 270 290
116 129 159 170 187 220 223 246 275 280
106 132 156 168 185 217 230 258 270 280
105 121 155 162 188 205 221 251 270 288
110 123 148 170 195 208 234 250 273 284
102 128 156 178 182 205 235 244 274 282
110 138 153 173 184 215 232 250 277 283
119 126 144 172 199 214 240 248 262 295
102 140 143 161 185 212 230 249 274 281
106 139 158 173 188 215 222 246 270 280
119 137 146 165 199 215 220 260 264 281
114 124 155 176 199 208 238 250 279 299
109 140 158 175 190 211 236 254 261 297
113 124 151 177 188 203 229 248 280 294
110 127 145 176 198 204 227 243 268 299
100 127 141 166 199 200 222 246 279 289
109 132 142 170 199 209 227 258 277 293
105 122 145 164 197 211 229 240 269 295
105 121 157 169 192 212 240 247 271 296
112 135 140 176 192 220 240 253 268 283
109 126 146 167 200 217 223 241 279 288
111 134 157 179 182 212 224 256 276 288
110 138 155 175 184 207 221 241 264 300
100 135 142 174 185 220 239 258 260 280
117 137 154 177 194 204 239 252 263 297
120 127 145 171 190 216 234 244 266 295
110 137 141 172 193 202 223 259 266 288
116 131 153 170 183 214 220 256 274 292
120 121 141 176 196 207 234 242 270 291
109 136 148 169 181 213 232 242 276 285
104 136 142 174 192 203 227 253 266 280
106 128 151 163 198 204 239 248 270 280
103 136 145 170 197 200 227 257 262 291
104 130 143 172 181 204 227 246 261 288
103 136 145 178 182 220 234 256 273 292
112 135 150 167 187 202 226 242 271 297
109 133 148 167 194 220 230 247 263 283
118 133 143 170 181 204 229 253 262 286
104 129 142 173 192 202 220 259 266 281
107 130 159 164 190 210 226 254 279 290
105 122 148 161 186 203 225 253 273 295
101 126 142 166 196 207 221 260 270 284
116 127 151 170 186 204 239 257 278 283
112 123 154 174 188 220 230 257 265 293
114 127 160 162 190 218 240 242 271 286
115 133 147 173 184 206 220 260 273 287
113 137 147 174 192 209 221 248 278 285
109 137 159 160 190 216 224 256 272 285
117 124 147 175 185 206 228 248 280 298
109 120 151 163 183 220 221 258 277 294
113 120 158 175 188 205 230 247 273 283
117 130 142 161 197 217 233 245 268 300
101 126 160 179 185 204 238 252 262 299
120 127 149 160 195 201 226 259 274 300
118 133 154 180 195 216 228 245 275 295
115 125 152 165 192 219 230 255 260 283
119 122 156 165 184 204 224 253 261 282
108 126 142 180 180 204 239 257 263 288
101 121 155 176 183 202 229 242 271 283
104 138 153 173 196 211 230 250 271 293
118 127 158 164 198 204 238 241 276 287
113 121 150 174 192 214 238 249 271 289
113 123 143 164 185 205 235 253 268 295
103 125 150 173 193 206 227 253 260 282
100 124 148 160 192 208 225 240 262 290
106 121 154 162 185 218 221 253 262 295
106 130 150 165 190 207 239 256 271 290
110 129 153 176 183 220 238 256 278 286
120 138 155 176 187 220 233 240 268 280
118 126 141 171 184 203 225 241 269 286
107 120 155 165 189 214 235 249 264 283
103 123 143 170 192 209 229 240 270 296
115 121 144 169 180 203 231 247 265 287
114 123 148 163 197 220 221 243 267 292
101 130 151 171 199 216 230 249 277 291
120 135 149 178 184 206 234 242 276 283
110 132 142 172 188 210 231 244 271 286
101 137 141 168 194 200 220 245 278 282
106 130 147 164 190 207 224 256 271 296
102 125 146 180 194 213 221 255 261 289
102 135 158 172 200 219 223 245 278 282
119 130 158 180 181 220 224 242 273 281
104 129 150 160 187 219 232 257 265 294
115 132 150 170 194 203 221 249 264 285
114 127 144 179 197 209 222 259 263 285
101 133 156 172 188 201 225 252 273 296
112 132 144 165 180 201 234 252 263 295
100 126 154 175 184 214 223 251 272 286
119 135 140 165 190 216 220 242 279 288
100 130 158 166 200 200 236 249 271 281
114 121 147 174 187 212 239 251 267 285
103 123 144 169 199 215 227 240 260 300
109 124 155 175 200 220 223 242 268 299
114 134 144 173 190 219 224 257 262 281
115 139 143 178 199 218 228 259 272 299
101 134 151 174 188 211 231 255 274 297
111 122 153 160 193 220 235 253 279 286
115 126 159 163 195 210 232 243 261 295
110 139 146 160 191 204 231 241 277 284
111 132 143 165 191 203 230 253 274 299
120 134 153 173 193 213 226 244 262 287
100 128 141 177 193 208 237 242 278 297
112 134 140 178 194 214 222 252 275 281
115 128 160 168 200 216 229 244 271 291
113 134 153 170 190 207 239 250 277 292
119 133 144 164 181 202 237 241 261 283
113 121 146 172 187 200 230 245 268 292
113 121 140 177 196 203 233 253 267 287
111 136 146 175 190 207 238 248 265 284
118 125 154 176 185 210 223 241 263 293
101 123 150 180 194 219 236 240 271 280
105 121 154 164 194 205 231 257 269 286
120 125 159 172 191 204 224 249 276 290
114 120 146 170 194 219 235 240 261 292
102 135 141 167 182 219 234 249 262 300
101 139 144 177 187 214 220 253 262 296
113 123 156 164 182 207 230 245 268 290
120 129 152 160 190 213 226 246 273 293
108 138 149 171 190 213 240 257 278 300
115 129 140 165 195 211 220 244 267 289
113 139 158 164 183 205 229 247 275 300
111 131 141 178 180 202 230 259 260 287
111 138 160 178 199 215 220 247 270 284
113 131 145 167 198 202 237 257 273 289
108 134 142 167 182 207 232 253 260 290
115 140 156 172 184 216 226 256 277 287
106 131 146 172 184 211 235 256 263 286
112 129 157 173 198 205 227 252 273 286
114 129 155 166 186 210 233 254 280 289
116 122 151 171 181 206 223 256 276 295
107 140 150 162 183 219 227 258 275 284
107 123 157 165 189 214 240 240 262 300
100 121 159 166 192 213 221 244 279 282
108 129 151 174 199 203 228 250 263 280
118 140 156 170 197 220 236 249 275 283
109 120 147 169 198 209 224 253 273 300
115 132 153 177 180 213 226 246 267 297
120 140 151 176 197 207 223 246 268 285
105 120 140 164 198 202 221 252 265 280
109 124 158 173 191 201 229 248 276 293
116 138 151 171 183 215 240 254 280 290
105 130 160 164 186 215 233 248 274 289
100 127 146 175 187 218 230 254 276 286
105 139 159 177 198 206 228 256 277 288
119 129 156 164 181 209 228 249 270 282
103 133 142 161 186 206 239 256 270 292
104 126 150 161 197 205 224 251 272 283
120 125 147 166 195 205 223 243 265 299
103 122 158 172 185 210 238 246 268 285
114 136 155 165 191 203 231 256 261 296
102 123 158 172 185 206 224 260 266 280
114 135 157 178 188 220 236 256 271 285
101 133 150 176 198 209 226 253 268 297
111 131 148 168 182 215 224 253 271 281
101 126 144 167 186 216 227 254 270 282
105 137 149 172 187 219 226 255 260 296
111 137 144 166 186 210 224 251 267 285
111 136 146 160 189 209 225 241 263 283
119 139 151 167 195 207 237 250 267 295
108 127 142 167 193 206 240 259 277 296
118 126 159 170 183 217 227 240 270 292
112 140 156 175 190 203 228 242 277 286
101 121 147 169 185 206 237 251 275 287
109 124 149 174 192 218 222 257 263 291
100 123 144 173 181 204 224 258 268 291
118 135 149 164 200 214 220 251 279 284
106 137 157 166 195 212 229 241 269 288
106 138 153 174 182 207 221 259 269 287
113 127 146 178 195 210 221 249 279 288
116 124 144 160 193 209 231 244 269 297
102 137 160 168 186 219 229 257 278 282
108 132 148 165 189 201 238 240 279 288
100 136 145 172 186 201 228 246 272 287
113 126 151 165 187 220 239 249 274 286
110 120 159 164 180 204 221 243 263 288
114 128 141 164 187 217 230 253 267 293
113 123 157 178 185 211 238 257 273 298
116 132 157 170 193 207 239 240 274 285
103 134 143 163 198 215 226 253 275 285
105 134 158 160 181 212 221 253 260 285
109 128 160 166 196 214 233 247 270 286
107 123 153 170 191 218 234 255 277 296
118 125 154 169 180 210 230 255 276 280
100 136 151 165 200 220 232 258 276 280
108 137 156 177 192 200 234 254 265 283
114 133 153 166 198 215 225 250 278 290
119 124 156 174 192 213 238 242 271 288
117 123 154 170 193 207 231 255 271 288
102 134 159 171 189 202 233 254 264 284
103 130 158 167 193 209 222 254 268 286
106 130 143 178 191 215 236 255 280 300
111 130 147 178 200 217 234 245 273 289
108 130 142 178 197 212 227 245 265 299
107 138 158 178 194 218 224 243 276 292
103 139 142 160 180 202 220 258 279 300
120 120 141 172 193 218 225 255 269 284
105 140 158 178 195 201 226 259 278 285
109 123 149 163 194 205 226 254 276 289
113 139 148 178 196 210 238 256 279 296
120 136 140 165 190 219 235 252 275 288
101 131 146 174 188 206 233 242 267 283
103 125 156 165 187 212 240 252 262 289
111 126 157 166 198 211 240 247 260 294
120 129 159 170 188 220 228 244 262 287
119 129 146 173 198 200 221 248 277 285
112 122 143 174 191 201 222 246 270 289
107 133 146 161 186 208 221 244 261 287
102 132 159 166 184 217 237 244 278 287
119 130 159 176 188 204 230 257 262 286
109 124 159 172 199 216 228 250 273 295
120 122 160 179 200 212 239 258 266 300
115 138 150 179 189 200 228 257 264 298
108 129 152 175 188 220 221 249 271 286
111 136 140 174 191 210 228 257 274 299
105 135 150 164 197 205 234 256 262 281
116 140 160 178 186 208 227 245 273 284
118 140 156 168 181 217 223 245 278 291
109 130 142 173 191 202 233 255 276 282
102 129 156 170 185 202 221 250 280 284
119 124 144 172 184 209 238 259 275 295
110 131 149 171 181 203 221 249 261 282
109 138 154 162 196 201 227 259 270 285
103 140 142 177 194 204 228 260 274 282
105 120 147 165 180 211 236 259 280 293
102 135 141 171 193 210 238 241 268 280
106 133 145 162 191 204 226 248 273 298
118 127 160 166 188 215 231 242 276 293
101 130 147 180 200 208 230 245 275 291
119 121 158 176 196 207 222 245 266 297
114 129 146 165 200 205 220 249 263 282
102 138 151 168 188 207 220 244 280 291
118 120 143 173 186 205 232 249 277 297
108 137 149 178 200 216 236 247 280 298
4823 5875 6313 7497 8593 9382 10171 10522 11486 12757
2764 3217 3813 3956 4670 5099 5599 5814 6338 6934
5154 6140 7081 7529 8695 9681 10711 11339 12549 12907
3875 4007 4926 5353 6437 7225 7323 8309 8736 9228
2423 2991 3296 3776 3973 4627 4998 5522 6090 6483
1438 1785 1900 2208 2542 2683 2837 3171 3492 3607
4015 4409 5341 6165 6703 7563 8351 8853 9391 10466
3203 3520 4241 4703 5338 6117 6723 6924 7848 8078
2183 2382 2779 3176 3850 4029 4565 5160 5438 5696
4896 5273 6235 7323 7616 8495 9373 10838 10880 11926
4272 5009 5524 6371 6961 7513 8544 9539 9649 11048
2971 3836 4067 4846 5769 5913 6576 7355 7615 8278
4885 6155 7132 7816 9184 10601 11187 12164 12701 14313
2604 2787 3632 4020 4545 4614 5367 5504 6007 6464
4614 5268 6370 6942 7799 8942 9269 10086 10739 12127
2869 3593 3619 4472 4782 5195 6100 6307 6824 7340
5831 6429 7824 8372 9518 10814 11661 12309 13007 14302
4088 4862 5893 6630 6666 7734 8655 9392 9944 10423
4492 5635 5962 7146 7799 8493 9595 10167 11188 11759
2869 3412 3748 4291 5092 5325 5841 6358 6824 7340
3656 4660 5090 6058 6703 7384 8567 9284 9391 10216
4005 4702 5398 6234 6408 7592 8150 8672 9264 10065
4249 5433 6128 6740 7394 8211 9150 10294 11111 11724
1529 1914 2300 2493 2760 3086 3561 3739 4095 4155
2811 3288 3383 4098 4717 4979 5693 6122 6479 6956
5583 6330 7676 8573 9421 10567 11614 12012 12959 14156
2952 3398 4066 4679 5459 5988 6322 6740 7241 8021
3679 4204 5091 5617 6536 6668 7292 7883 8704 9361
1422 1528 1753 2120 2144 2499 2653 2902 3127 3352
2883 3661 4469 5189 5564 6025 6919 7351 7611 8619
5409 6097 7243 7426 8710 9168 10360 11093 12469 13294
4708 5918 6277 7443 8743 9684 10581 10984 12553 13091
2831 3403 3601 4321 4669 5240 5638 5985 6879 7227
3867 4564 5295 5852 6688 7246 8186 8883 9475 9858
3534 4361 4520 5698 5730 6653 7513 7767 8849 9359
1411 1730 2062 2407 2684 2988 3237 3459 3625 4137
4938 5440 5942 6779 7951 8578 9206 10712 11089 12261
4533 5514 6494 6861 7351 8658 9066 10577 10822 11598
3481 4368 5024 5484 6009 7191 7848 8144 8538 9556
2106 2607 2982 3483 3754 4463 4671 5234 5589 6026
2123 2698 2936 3511 3809 3967 4721 5098 5217 5594
1944 2479 2622 2872 3549 3888 3942 4405 4815 5243
4076 4459 5190 5852 6967 7036 8290 8813 9196 10136
2129 2506 2845 3033 3542 3899 4446 4822 5143 5293
5440 6457 7525 8898 10016 10372 11592 12558 13880 14287
4663 6232 7174 7219 8339 9415 10671 10850 11971 13405
5316 6233 7241 7516 8524 9990 10357 11732 12832 12969
1149 1484 1701 1842 2134 2167 2384 2719 3012 3153
2952 3435 3971 4589 4857 5528 6440 6869 7352 7969
5597 6697 6793 7893 9328 10045 11145 11911 13106 13537
3658 4459 5121 5817 6793 7106 8325 8813 9718 10206
5135 6151 8083 8998 10116 10828 11590 12353 13624 15098
2532 2641 3471 3624 4104 4802 5130 5435 6046 6352
3401 3891 4612 5073 5563 6255 6831 6975 7638 8387
1618 2063 2300 2404 2716 3013 3502 3606 3992 4363
4929 6173 6938 8039 8948 9665 11388 11484 13062 13828
2952 3593 4122 4512 5208 5598 6489 7074 7436 7798
2271 2948 3384 3821 3952 4454 5240 5371 5917 6485
3831 5046 5341 6520 6962 7956 8656 8877 9798 10940
5948 6152 7931 8795 9253 10219 12099 12404 13828 14946
4843 5694 6457 7578 8743 9730 10492 11344 12240 12599
1465 1619 1876 2197 2402 2788 2839 3160 3392 3661
3285 3702 4454 4732 5344 5706 6457 6763 7237 8239
3640 4288 4319 4935 5614 6262 7156 8020 8051 8791
4144 5538 6096 6813 7609 8605 8804 9721 10996 11155
4041 4181 5086 6201 6340 7351 7978 8535 9615 10381
2003 2757 3174 3312 3590 4086 4542 4978 5553 5831
1804 2124 2360 2848 3068 3489 3775 4146 4567 4854
3622 4197 4976 5754 6499 6972 7683 8766 8868 9612
3924 5400 5439 6371 7070 8041 8974 9673 10761 11110
1373 1681 1989 2297 2464 2605 2823 3324 3362 3850
3924 4895 5866 6488 7381 8042 8625 9596 10722 11033
3146 3979 4750 5090 5984 6662 6878 7403 8544 8698
2163 2481 2798 3493 3770 4247 4485 4941 5259 5735
1856 2141 2801 2962 3497 3675 3978 4513 4888 5263
5014 5142 6214 7071 8399 8913 9556 10456 11441 12127
3346 3491 4558 4673 5337 5971 6433 6981 7961 8336
2270 2811 3228 3394 4081 4331 4977 5310 5830 6143
1691 1794 2239 2580 2832 3262 3440 3825 3959 4389
1484 1825 2330 2522 2893 3071 3457 3754 3976 4362
5374 6253 6840 8012 9136 9868 10894 12213 12702 14607
5173 5393 6357 7146 7979 9382 9996 11223 11705 13020
4064 5379 6255 6614 7371 8446 9522 9920 10478 11275
4919 6464 7027 8338 8479 9696 10821 11570 12226 13537
5881 6081 7127 7974 9121 10915 11961 12659 13307 14503
2064 2659 2937 3433 3651 3989 4584 4921 5338 5814
2708 3180 3577 4347 4844 5216 5614 6210 6458 7402
3938 4461 5402 5611 6621 7074 7981 8364 9235 10002
2384 3123 3624 3815 4530 5173 5722 6127 6198 6794
1837 2043 2233 2597 2961 3373 3785 3959 4402 4529
3317 4105 5090 5386 6240 6962 7816 8506 8637 9359
1997 2562 2958 3278 3485 3881 4352 4860 4954 5293
2970 3893 4585 4873 5479 5882 6373 7439 7872 8420
1278 1550 1811 2083 2142 2556 2828 2970 3088 3490
4393 5355 6234 7531 8033 8535 10041 10459 10919 12258
1298 1606 1991 2056 2377 2788 2839 3276 3533 3623
5998 6252 8133 9047 9352 10471 11589 13215 13622 15147
1559 1796 2212 2568 2761 3161 3532 3592 4007 4319
2020 2188 2575 2726 3315 3652 3955 4157 4443 4981
5129 6301 6887 8791 9182 10305 11722 12552 12747 13675
4860 5514 6045 7066 7392 8168 9026 10374 11068 11803
2765 3170 3504 4076 4720 5244 5292 5745 6460 6722
1514 1758 1847 2245 2412 2630 3028 3271 3553 3669
4686 5773 6359 6861 7781 8785 9580 10835 11170 12048
4184 5020 6568 7363 8283 9120 9287 10082 11421 12509
5442 6510 7374 8290 9307 10324 11544 12867 13273 14545
5422 5910 7766 8010 9719 10061 11087 11917 12699 14652
5357 6314 7414 8610 8706 9806 10954 11528 13249 14302
1592 1924 2049 2270 2533 3017 3059 3529 3654 3944
2353 3038 3312 3928 4522 4636 5139 5870 6121 6646
4898 5592 6041 7062 8082 8531 9470 10368 11225 12245
1350 1658 1681 1906 2214 2522 2616 2983 3196 3504
2090 2298 2938 3088 3747 4011 4256 4839 5273 5404
1912 2144 2626 2947 3251 3590 3948 4465 4644 5162
4027 4466 5075 5583 6429 7410 8053 8459 8865 9507
3173 3507 3981 4983 5344 5985 6541 6708 7265 8323
2071 2214 2500 3017 3374 3767 3945 4302 4695 5177
3579 3579 4772 5309 5906 6204 6949 7576 7785 8799
4936 5647 6149 6777 8115 8784 9412 10834 11545 12172
1647 2170 2376 2772 3120 3279 3532 3801 4213 4735
1618 1798 2199 2338 2656 2835 3236 3389 3693 4108
1455 1662 2036 2230 2618 3047 3117 3394 3657 4003
3372 3790 4685 4774 5878 5997 7071 7400 7847 8861
2292 2896 3334 3438 3938 4209 4834 5105 5605 6105
3763 4694 5662 5877 6844 7489 8134 9317 9997 10248
1741 2216 2533 2723 3071 3276 3688 3910 4226 4622
1584 2027 2455 2692 3009 3215 3753 4102 4418 4450
2831 3477 3948 4395 4594 5140 5612 6009 6878 7077
2092 2431 2695 3091 3656 4033 4221 4749 5088 5333
1703 2040 2630 2882 3051 3371 3708 4113 4450 5056
4865 6092 6486 7406 8195 9510 10255 11219 12227 12840
3692 4842 5120 5608 6618 7628 8081 8917 9578 10136
5224 6201 7714 8739 9471 10594 11668 12059 13523 14305
1420 1551 1894 1929 2320 2556 2663 2923 3112 3384
4781 5179 5856 6374 7370 8485 9441 9720 10676 11871
2035 2280 2789 3316 3467 3957 4333 4672 5143 5539
5847 6864 7932 8389 9203 10321 11389 12609 13270 15253
2899 3731 3785 4348 5153 5449 6146 6898 7032 8052
1885 1901 2407 2566 3088 3263 3801 3896 4418 4450
3972 4564 5017 5888 6689 7421 7700 8745 9337 10069
3875 4466 4630 5549 6337 7060 7585 8209 8898 9227
5034 6530 7875 8424 9221 10218 11364 12261 13458 14604
4222 4939 5935 6970 7846 8762 9479 10276 10475 11511
5596 6122 7127 7988 9566 9805 10905 12436 12914 14014
1749 2030 2327 2623 2875 3156 3467 3764 4090 4238
2718 3083 3426 3745 4248 4636 5389 5481 6234 6782
2913 3692 4327 5163 5711 6172 6374 7124 7643 8162
5215 5932 7128 7989 9472 9950 10859 12055 12773 14160
2688 3178 3876 4574 4987 5504 6176 6253 6951 7364
3418 4535 5414 5550 6599 7309 7444 8561 8933 9813
2532 2947 3231 3864 4038 4715 4911 5544 6068 6308
3858 4636 4975 5449 6193 6836 7716 8494 9272 9949
5543 6254 7271 8136 9915 10271 12051 12712 13678 14745
5019 5270 6274 7362 8282 9076 9202 10373 11628 12297
3723 4201 4869 5665 6365 6842 7033 7956 8878 9260
2484 3403 3652 4297 4496 5117 5887 6235 6831 7129
4184 5397 6568 7363 8284 8702 9204 10459 11296 12341
4691 5743 6138 7540 8373 8987 9732 11310 12231 12844
3941 4269 4729 5648 6502 6831 7290 7980 8735 9622
1784 2266 2783 2908 3568 3693 3960 4459 4923 5298
2222 2298 2938 3201 3408 3917 4500 4821 5084 5574
4619 5605 6592 7892 8968 9237 10717 10986 11658 13138
3721 4421 5895 6337 7147 7405 8694 8879 10094 10794
1679 2059 2486 2708 2977 3436 3706 3959 4181 4529
2147 2373 2712 3126 3521 4011 4463 4783 5254 5592
3745 3975 4697 5486 5946 7062 7621 7884 8935 9493
1289 1644 1750 2058 2341 2601 2838 2838 3252 3417
1660 1812 2047 2282 2683 2932 3126 3582 3638 4080
1884 2216 2406 2739 2976 3213 3657 3926 4400 4543
2146 2833 3042 3687 3771 4541 4770 5291 5833 6020
3515 4285 4717 5179 5796 6720 6936 7799 8632 8786
2694 3082 3538 3995 4474 5022 5067 5592 6163 6620
2942 3778 4470 4816 5566 5999 6835 7123 7931 8104
2740 3128 3723 4317 4757 5299 5971 6359 7186 7419
2999 3576 4239 5161 5363 6344 6776 7468 7872 8073
2306 3174 3631 4064 4475 4658 5274 5548 6096 6690
1620 1961 2169 2377 2674 3001 3372 3759 3937 4175
2647 3267 3601 3839 4531 4817 5580 5771 6295 6844
1203 1365 1647 1777 2113 2275 2449 2817 2947 3153
1941 2468 2826 3203 3655 3900 4371 4597 5181 5351
3794 4825 5267 6593 7366 8066 8250 9539 9833 10791
2869 3308 4057 4651 4781 5272 5840 6202 6925 7545
3045 3821 4687 5105 5582 5970 6866 7582 7761 8358
2306 3128 3608 4064 4270 4932 5183 5891 6028 6507
4872 6090 7214 7682 9322 9509 10493 12132 12413 13257
5633 6281 7627 8075 9022 10468 11664 12212 13459 14107
4560 5262 6533 7410 7892 8944 10040 11224 12276 12759
1838 2355 2605 3068 3318 3586 4246 4584 4674 5351
3032 3274 4240 4293 5125 5688 6386 6949 7432 7567
3089 3784 4452 4980 5370 5592 6538 7011 7790 8013
1396 1609 1668 2071 2236 2425 2792 2958 3242 3431
4581 5298 6294 6493 7250 8206 9441 10278 10756 11194
4452 5636 6249 6575 7392 8168 9312 10128 11353 12129
1648 1782 2286 2568 2865 3028 3518 3577 3993 4186
3145 4316 4717 5334 5950 6721 7029 7430 8632 9002
3084 3824 4903 5058 6137 6383 7370 7740 8419 8727
3249 4141 4460 5097 6116 6562 7390 7677 8473 9333
3546 4072 4958 5286 6403 6961 7880 8307 8767 9752
4426 4842 5334 6620 7339 7982 8852 9230 10592 11235
2872 3650 4053 4321 5287 5449 5932 6710 7434 7810
5615 6543 7422 7861 9765 10449 11425 12695 13427 13769
3340 3367 4397 4592 5510 5983 6289 6929 7708 8209
1836 2358 2493 2745 3133 3621 3840 4093 4514 4834
2221 2635 2861 3181 3727 3934 4197 4894 5195 5496
3656 5017 5555 6128 6666 7741 7956 8923 9353 10715
4559 5610 6881 7802 8635 9380 10388 11308 11483 12360
2813 3565 4011 4707 5069 5932 6239 6935 7464 8021
1453 1674 2144 2421 2725 2960 3057 3569 3762 4080
4154 5164 5979 6639 7726 8114 9162 9977 10715 11452
1869 2027 2296 2661 3088 3231 3722 4070 4165 4577
1512 2076 2283 2431 2906 3128 3469 3780 4062 4447
1822 1997 2266 2535 2915 3422 3533 3898 4373 4674
4615 5514 6044 6820 7719 8617 9148 9883 11312 11802
1742 1916 2423 2597 3167 3182 3673 4101 4322 4718
3027 3777 4584 5045 5218 5997 6487 7409 7986 8649
1702 2190 2611 2981 3049 3504 3840 4177 4396 4969
4933 6838 7327 8352 8987 9915 11332 12260 12894 14164
3587 4304 5344 5775 6492 7245 7962 8715 9684 10222
1438 1593 1926 2080 2389 2787 2915 3095 3493 3839
4268 5690 6485 6820 8243 8661 9414 10209 11255 12343
1856 2320 2748 2909 3248 3569 4086 4639 4835 5228
3177 3979 4812 5244 5645 6663 6817 7619 8051 9038
4127 4716 5600 5932 6779 7700 8142 9358 10058 10795
3490 3699 4624 4863 5966 5996 7159 7189 8293 8860
2711 3730 4213 4616 4938 5447 6226 6762 7460 7755
2669 3002 3765 4051 4718 5170 5647 5790 6338 7148
1220 1563 1764 2107 2131 2498 2770 2948 3172 3492
4180 4284 5224 5677 6966 7662 7941 8359 9682 10448
2054 2280 2751 3260 3543 4127 4428 4654 4974 5351
2206 2752 3363 3582 4346 4433 4892 5634 5962 6486
1526 1756 2051 2269 2333 2743 3012 3320 3448 3781
5501 5776 6968 8114 8389 9214 10635 11093 12652 13018
2004 2257 2391 2846 3368 3469 3941 4176 4378 4732
3061 3464 3921 4646 5021 5478 5934 6740 6981 7518
3776 4071 4859 5385 6534 6993 7355 8405 8865 9784
1311 1632 1850 2107 2492 2762 2993 3134 3417 3725
5167 5932 6841 8228 8994 9855 11434 12438 12821 13730
5634 6431 7079 8475 9073 10419 11217 12314 12962 14308
5334 6052 7038 7352 8786 9862 10220 11027 11924 13313
4883 5911 6768 6982 8096 8653 10023 10280 11736 12636
4272 5437 5631 6873 7689 7767 8698 10019 10873 10873
5712 6835 7127 8738 9666 10642 11277 12253 13229 14547
1465 1632 1850 2081 2557 2569 2968 3186 3379 3725
1289 1620 1739 2117 2212 2436 2826 3004 3205 3524
2896 3425 4065 4566 5290 5819 6487 7155 7462 8158
4542 5142 6471 7328 8142 9427 9470 10627 11184 12041
1885 2121 2693 2845 3047 3518 3855 4141 4713 5050
1500 1990 2079 2450 2866 3119 3460 3638 3995 4158
4735 5963 6357 7716 8286 9075 9996 10522 11443 13109
3546 3854 4810 5180 6074 6506 7153 7400 8202 9188
1804 2010 2342 2833 3133 3197 3671 4067 4399 4684
5714 6398 7814 8155 9230 10304 11037 12355 12843 14162
1258 1355 1691 1919 1984 2201 2385 2732 2884 3155
1515 2005 2287 2376 2762 3193 3267 3623 3920 4321
2927 3356 3840 4403 4887 5853 6175 6793 7169 7518
2314 2522 3148 3710 4106 4461 4627 5023 5419 6044
4184 4821 6216 6654 7730 8487 8965 10041 10599 11316
1589 1810 2211 2487 2598 2998 3288 3578 3744 4034
3961 4855 6214 6447 7689 8505 8699 9592 10524 11379
4664 5427 6413 7669 8432 9687 10450 11077 11795 12916
2129 2430 2958 3278 3541 3918 4238 4634 5029 5538
3146 3731 3898 4817 5179 5902 6236 7211 7461 7823
5432 6578 7376 7974 9867 10814 11362 12160 13904 14551
3163 3700 4655 5073 5640 6207 6714 7639 7788 8952
1543 2077 2285 2374 2774 3175 3264 3813 4094 4347
4001 4971 5826 6564 7340 7884 9088 9787 10525 11651
4871 6557 6792 7541 9087 9976 10819 11241 13114 13630
3858 4670 5346 5414 6124 7376 7715 8493 9136 9643
1923 2357 2753 3356 3394 3865 4242 4676 4996 5430
3102 3180 3826 4162 4653 5402 5919 6255 7082 7418
1820 2191 2393 2730 3134 3404 3825 4212 4431 5055
4584 6189 6647 7885 8572 9810 10131 11414 12560 13614
4954 5611 6664 7321 8505 9118 9864 10872 11880 12801
2503 3123 3528 4243 4648 5196 5291 5816 6507 6912
1148 1419 1592 1896 2134 2253 2513 2610 3011 3238
1632 2047 2136 2537 2908 3264 3382 3723 3887 4243
3230 3633 4123 4758 5507 6170 6516 7496 8015 8534
1116 1332 1701 1852 2080 2350 2459 2773 3032 3141
5433 6181 7825 8224 9221 10915 11663 12161 13656 13955
3417 4499 5108 5649 6698 7340 7882 8423 9370 10148
1986 2443 2860 3416 3674 3972 4369 5024 5421 5560
5342 5951 7263 7591 8481 9934 10308 11339 12276 13166
4223 5259 5737 6852 7569 8366 9043 9681 10995 11911
2129 2299 2958 3354 3636 4013 4277 4616 4993 5275
2765 3003 3789 3956 4599 4862 5457 5958 6625 7006
2003 2088 2542 2996 3182 3451 3703 4343 4713 4797
4229 4337 5269 5914 6738 7455 8386 9139 9354 10680
4285 5356 6170 7327 8270 9341 9984 10498 11226 12126
3073 3409 4080 4493 4725 5422 6171 6688 7178 7411
4452 5554 5840 6861 7474 8985 9720 10047 10659 11803
3168 3490 3839 4645 5020 5557 6014 6685 7141 7517
2920 3127 3773 4496 4883 5245 6072 6330 7157 7622
1719 2173 2493 2780 3184 3453 3841 4279 4430 5003
4232 5281 6173 6717 7183 7998 9085 9551 10871 11609
3906 4837 5052 6163 7166 7775 8169 9029 9638 10641
5013 5442 6342 6898 7798 8698 9983 10797 11397 12340
2944 3460 3950 4622 4957 5422 6067 6687 7177 7565
3979 4900 5305 6447 7073 7552 8767 9283 10020 10314
4543 5242 6174 6678 7183 8309 9086 9940 10328 11066
1278 1440 1635 1786 2100 2371 2490 2696 2988 3172
3822 4996 5979 6434 7342 7871 8439 9234 10218 10785
5454 5884 7654 7654 9376 10094 10812 12295 12869 13395
3014 3909 4685 5073 5669 6296 6743 7638 8265 8354
1680 2044 2425 2662 2979 3201 3755 3803 4136 4674
3669 3915 4378 5487 6104 6751 6905 7861 8631 8755
5323 5909 7325 8790 9767 10744 10890 12355 12746 14162
4504 4542 5790 6320 7304 8061 8931 9083 9839 10672
3452 4704 5077 5923 6227 7039 7953 8359 8867 9645
5390 6509 7983 8339 9254 10576 11237 12813 13220 15254
1148 1451 1711 1852 2068 2371 2426 2718 3010 3140
1979 2280 3015 3203 3524 4089 4409 4579 5012 5370
4351 5146 6192 6694 8284 9121 9204 10543 11505 12510
5084 6203 7931 8795 9609 11032 11490 12557 13523 15201
5470 6349 7423 8058 9083 10109 11720 12697 13136 14064
2711 3490 4027 4456 5073 5718 6066 6603 7355 7838
4239 4542 5602 6548 6813 7835 8932 9273 10143 10824
1903 2290 2559 2963 3250 3637 3738 4142 4411 4798
4157 4873 5483 6092 6773 7382 8421 8815 9424 10606
3906 4458 5379 6116 7000 8032 8695 9211 9763 10684
3417 4702 4838 5920 6360 7341 7949 8592 9404 9911
3822 4957 5411 6470 7567 8172 8740 9534 10480 10669
3316 3489 4268 4614 5623 6257 6862 7497 7583 8419
4630 5913 6463 7975 8984 9625 10725 11505 12834 13200
1412 1630 1874 2298 2503 2657 2901 3196 3453 3786
3958 4195 5277 5616 6461 7036 7645 8762 9371 10013
3624 4600 4983 5855 6377 7562 7911 8956 9165 9757
2979 3516 3838 4536 4965 5582 6360 6736 7461 7729
2689 3490 3800 4239 4886 5222 5713 6591 6927 7419
3795 4937 5158 5969 6743 7627 8511 9321 10132 10906
4753 5650 6277 7308 8833 9864 10537 11209 12554 12778
4784 6171 7415 7845 9184 10045 11480 12150 12676 14159
3520 4600 4914 5994 6830 7248 8189 8642 9200 9757
1557 2076 2254 2550 2773 3262 3543 3781 3870 4388
1620 1786 2146 2215 2699 2768 3087 3488 3709 4041
1616 2123 2408 2741 2978 3263 3723 3913 4309 4436
2740 3205 3774 4265 4833 5427 6099 6487 7159 7236
3620 4696 5090 5878 6667 7706 8387 9140 9498 10466
3942 4622 5733 6091 6844 7560 8169 9208 9782 10283
1373 1668 1989 2079 2476 2823 2900 3297 3413 3836
4844 5516 6727 8073 8342 9463 10135 10853 11884 12826
1243 1515 1822 1964 2366 2591 2709 2970 3230 3431
1707 1796 2153 2524 2702 3162 3429 3652 4008 4319
3104 4149 4357 4835 5670 6029 6655 7431 8267 8714
3972 4808 5261 5923 6968 7038 7769 8536 9128 10103
2209 2750 3333 3354 4146 4271 4916 5271 5562 6083
4193 5435 5824 6833 7376 8347 9317 9706 10404 11569
1986 2340 2592 2946 3080 3518 3804 4141 4713 4730
3808 4399 5121 5383 6467 7123 7419 8436 9092 9355
4885 5959 7376 8352 8938 10111 11381 12309 13236 14409
2300 2736 3172 3410 3964 3984 4718 5074 5391 5629
1969 2221 2372 2911 3281 3651 3937 4223 4711 4912
2842 3230 3669 4625 5064 5606 5968 6485 6717 7544
3220 3703 4185 4588 5232 5661 5956 6734 7378 7539
2603 2809 3539 3722 4292 4863 5365 5845 6370 6553
1550 1854 2200 2311 2698 2989 3072 3376 3653 3971
3722 5012 5564 6228 7186 7370 8365 8881 9875 10465
3876 4303 4599 5682 5912 6832 7456 7981 8704 9722
1375 1554 1798 2248 2466 2633 3070 3147 3442 3738
2985 4059 4745 4984 5730 6357 6685 7192 8087 8475
3701 3886 4842 5335 5736 6384 6877 7679 8388 8758
4013 4581 5414 6474 6928 7610 8821 9237 9995 10752
2840 3703 3981 4789 5485 6125 6515 6876 7378 7795
3729 4182 5506 5750 6551 7248 7771 8502 9513 10244
4477 5565 6443 6820 8158 8410 9623 10627 11631 11840
3134 3821 4596 4984 5581 6029 6745 7282 8267 8625
3962 4972 5554 6642 7496 8234 8895 9477 10487 11613
4645 5147 5859 6863 7616 8997 9834 10127 11131 12470
5831 6280 7227 8672 9270 10615 11961 12409 13157 14253
4977 5829 6950 7757 8295 9147 10358 11210 12106 12869
1186 1423 1695 1956 2276 2549 2726 3011 3117 3319
1693 1871 2079 2584 2821 3118 3296 3757 3905 4187
1230 1550 1857 2094 2247 2590 2815 2874 3205 3477
5694 6220 7129 7799 9186 9665 10574 12296 12487 13779
4859 5959 6967 7884 8388 10038 10497 11872 12055 13247
5645 6076 6841 7894 8755 9759 11434 11864 13060 14065
1885 1917 2455 2851 2851 3342 3643 3880 4134 4672
2609 3131 3677 4224 4571 5043 5789 6062 6907 7254
3060 3651 3839 4563 4885 5449 6201 6711 7086 7918
4499 5527 6641 7112 8141 8655 9940 10454 11825 12168
1409 1481 1705 2025 2226 2582 2747 2901 3079 3387
4180 4528 5260 6235 6479 7663 8081 8743 9056 9892
1425 1720 1874 2195 2324 2593 3068 3312 3338 3813
3133 4177 4297 4923 5758 5967 7101 7429 8026 8951
1923 2413 2997 3242 3393 3789 4373 4524 5146 5372
5180 6234 7288 7609 8755 9213 10771 11000 12788 13063
1298 1619 1838 2095 2339 2596 3046 3316 3405 3727
1117 1508 1540 1822 1974 2375 2440 2603 3026 3080
4661 5378 6095 6693 7330 8685 8764 9601 11154 11274
3057 3750 4528 5076 5566 5941 6749 7008 7556 8191
5407 5790 6795 8326 8996 9810 10958 11963 12633 13398
4723 6052 6969 7840 8482 9170 10682 11599 11966 13112
2658 3006 3924 4371 4545 5166 5688 6234 6855 7227
3217 3981 4873 5191 5765 6433 7198 8249 8599 9332
1236 1301 1615 1853 2156 2221 2601 2655 3034 3034
3677 4465 4826 5515 6500 6795 7583 8436 9093 9618
1757 2058 2406 2722 3149 3244 3782 4020 4289 4668
3376 4172 4968 5510 5860 6592 7197 7802 8344 9172
4581 5139 5577 6971 7529 8644 8963 9958 11034 11631
3339 3812 4174 4452 5454 6010 6511 6706 7791 8181
2920 3385 4108 4340 4883 5296 5890 6562 6898 7569
5140 5568 6810 7024 8309 9337 9851 10365 11693 12292
1208 1433 1764 1930 2285 2557 2640 3043 3291 3445
1563 1867 2033 2323 2724 2890 3278 3416 3720 4107
3690 4096 4909 5552 6466 6906 7481 8531 8801 10121
2335 2648 3002 3356 3919 4190 5003 5253 5608 5900
3401 3789 4206 5340 5936 6145 7100 7577 7995 8621
3554 4298 5178 5551 6498 6837 7784 8698 8935 9781
3060 3436 4294 4294 4858 5690 5931 6898 7139 7971
3624 4843 5575 5888 6306 7491 7700 8466 9128 10417
2884 3922 4240 5047 5653 6114 6547 7239 7613 8277
2946 3127 4109 4290 4858 5401 5917 6589 6848 7390
1150 1421 1594 1779 2082 2212 2418 2754 2863 3242
4223 5378 6174 6652 7927 8086 8923 9879 11073 11751
1160 1388 1572 1778 2114 2331 2396 2797 2884 3155
2355 2501 3085 3418 3814 4418 4856 5064 5814 6210
1427 1704 1939 2286 2646 3006 3186 3380 3768 3878
1538 1662 1981 2258 2645 2770 3199 3601 3642 4002
3694 4076 4904 5509 6241 6432 7069 7993 8343 8980
5201 6052 6949 8070 8518 9684 10087 11208 11656 12911
1336 1580 1824 2094 2402 2698 3070 3237 3532 3674
1314 1515 1811 1988 2367 2485 2710 2994 3254 3337
1768 2071 2374 2896 3284 3688 3940 4227 4546 4816
3984 5059 5816 6613 7648 8724 9282 10118 10915 11711
2979 3758 3925 4788 5373 5985 6681 6848 7321 8045
2741 2884 3409 4219 4719 5244 5268 5792 6435 7055
5272 6143 6693 7885 8435 9489 10131 11552 12652 12973
2250 2729 3166 3416 4103 4332 4895 5332 5728 6144
3686 4939 5897 5934 6782 7445 8146 8846 9878 10357
4125 4617 5904 6282 6812 7569 8931 9233 10444 11315
1397 1798 2172 2490 2601 2946 3154 3499 3735 4039
1981 2356 2606 2891 3569 3605 4033 4515 4640 5139
2947 3360 4135 4213 4730 5505 5815 6203 6978 7366
3777 4204 4664 5485 6043 7061 7816 8013 8637 9590
4644 5606 6359 6694 8116 8995 9497 10376 11212 12174
4584 5570 6169 7198 8226 9082 9811 10368 11739 12467
3757 4362 4553 5126 6240 6909 7036 8182 8278 9233
3044 3969 4357 5282 5789 6027 6803 7668 7997 8653
1481 1799 1979 2421 2698 3002 3168 3555 3749 3901
5068 5606 6503 7579 8880 9014 10046 10898 11705 13364
3589 4877 5017 6271 6550 7177 8291 8396 9511 9963
3821 3980 4999 5603 6017 6940 7036 7768 8373 9169
2250 2584 3104 3709 3813 4583 4583 5229 5729 6250
4541 5355 6126 6940 8268 9339 9682 10967 11866 12423
2483 3178 3774 4171 4916 5437 5909 6356 6852 7200
4756 5227 6855 6940 8397 8739 9853 10496 11738 12381
4162 4862 5341 6630 7072 7661 8803 8839 10165 10681
5532 6230 7276 8622 9718 10017 11911 12011 13954 14403
2923 3341 3925 4983 5512 5929 6347 7071 7627 7989
5177 5861 6838 7961 9719 10208 11331 12015 13578 14554
5781 6329 7475 8372 9518 10913 11262 12209 13953 14551
5105 6322 7306 7680 8523 10116 10958 11567 12925 13862
2091 2374 2713 3183 3654 4012 4351 4841 5180 5312
3253 3611 4566 4864 5819 6207 6625 7520 8057 8803
1923 2375 2733 3034 3619 4109 4165 4712 5258 5334
4707 6186 7038 7845 8920 9548 10400 11520 11789 12954
2398 3151 3220 4110 4270 4749 5229 5937 6347 6484
4389 4881 5486 6243 6962 8248 9005 9497 10442 10707
1696 2156 2267 2647 2853 3249 3693 3867 4311 4533
4696 4900 5757 7145 7962 8942 9554 10534 10983 11963
3835 4408 5340 6164 6881 7669 8027 9317 9461 10608
1536 1812 1951 2255 2767 3043 3306 3347 3790 4011
4735 5567 6357 7803 8548 9469 9951 10915 11924 12450
1361 1747 1862 2093 2324 2799 2902 3249 3467 3762
2558 3014 3242 3973 4453 5023 5115 5548 6233 6736
3757 5156 5746 6519 6850 7624 8729 8949 10238 10791
3974 4655 5601 6358 7304 7985 8629 9348 10445 10710
1464 1669 1862 2055 2517 2748 2928 3249 3428 3659
2898 3542 4213 4481 4964 5635 6386 6843 7299 7621
1550 1854 2034 2242 2684 3044 3238 3417 3666 3985
2052 2481 2730 3034 3248 3569 3926 4318 4747 5282
5616 6543 7276 8008 9326 10742 11377 12354 13037 14404
5372 6838 7131 8400 9035 9963 11086 12307 13430 13968
2841 3871 3927 4707 5486 5570 6155 6851 7659 7826
3612 4564 4892 5549 6468 6698 7716 8208 8767 9456
2578 2731 3320 3823 3997 4412 5002 5548 5723 6290
1084 1410 1540 1735 2038 2342 2580 2775 2905 3176
5645 6602 6698 8037 9376 10333 11003 11912 12486 13442
3727 4981 5518 5984 7059 7524 8349 9244 9746 10104
5829 6576 7971 8569 9167 10661 11907 12803 13551 14896
3897 5183 5486 6583 6886 8134 9004 9420 10215 11312
4104 5061 6336 6495 7929 8049 8885 9882 10639 11555
3090 3452 4092 4955 5567 6096 6346 7014 7376 7877
2582 3352 3700 4419 4693 4966 5785 6331 6952 7448
4886 6303 7035 7866 9185 10211 11041 12067 12849 14217
5645 5932 6936 7940 9328 10236 10619 12341 12867 14302
2017 2262 2960 3393 3544 3770 4185 4524 4939 5486
3871 4551 5376 5913 7131 7490 7920 9282 9604 10607
3612 4235 5253 5713 6304 7092 7289 8438 8667 9521
2260 2316 2655 3276 3540 4105 4293 4783 5159 5611
4049 4730 5554 6270 6915 7667 7954 9064 9817 10426
4516 6094 6532 7409 8242 9645 9777 11004 11574 12495
1421 1598 1882 2107 2273 2427 2604 2888 3172 3326
3907 4552 5197 5770 6559 7526 8602 9318 9569 10429
2072 2487 2694 3315 3598 4125 4351 4766 4973 5331
5226 6418 7289 7518 9031 9535 10268 11048 11919 13019
3144 3922 4153 4672 5364 5912 6604 7498 7786 8536
1339 1446 1825 1931 2144 2393 2689 3068 3210 3388
4684 6230 6651 7869 8572 10305 10539 12084 12928 13583
1203 1452 1647 1896 2091 2297 2481 2600 2915 3142
3926 4298 5144 5686 6092 7107 7818 8257 9137 9814
4342 5178 6094 6971 7608 8086 8883 10316 10834 11870
2054 2303 2536 3089 3392 3607 3946 4339 4642 5071
5453 6649 7510 7892 9471 9997 10667 12101 12914 13632
1647 2090 2422 2755 3150 3293 3704 4037 4163 4638
5022 6314 7366 8609 9374 10187 10570 12292 13057 13918
1648 1965 2456 2551 3058 3233 3550 3946 4326 4627
4976 6220 7320 7847 8804 10430 10861 11865 12727 13779
4411 5513 6534 7351 7800 8372 9107 10005 10822 11598
1751 2104 2424 2980 3098 3653 4040 4225 4697 4831
4884 6740 7033 7912 9426 10354 11379 12698 13479 13723
3688 4500 5143 5719 6395 7140 7681 8256 9339 9846
4953 5917 6618 7232 8722 9380 10168 10563 12184 12754
1791 2123 2250 2709 3042 3232 3660 3961 4198 4484
4905 6326 6785 7518 8801 10085 10085 11552 12148 13156
2261 2419 3173 3411 3708 4204 4739 4918 5473 5750
5440 6202 7371 8845 9354 11133 12200 12963 13370 15047
5762 6006 7422 7960 9571 10059 11133 12598 13282 14600
3448 4006 5123 5254 6534 6961 7717 8472 8603 9621
4181 4390 4982 6167 6724 7003 7665 8954 9511 9929
2069 2283 2728 3013 3495 3602 4279 4440 4921 5117
2838 3895 4257 5008 5564 5731 6510 7038 7706 8318
1096 1443 1714 1898 1996 2267 2451 2614 2885 3134
2262 2420 3016 3313 3710 4364 4424 4900 5455 5773
4329 5309 5758 6656 7759 8943 9433 10413 11393 12005
3872 4445 5700 6058 7098 7205 7994 8639 9535 10324
3317 4368 4959 5748 5945 6634 7455 8211 9163 9426
5730 6827 7674 8471 9019 10862 11610 12158 13952 14549
3979 4445 5161 6237 6703 7634 8315 8853 9641 10322
5110 6052 6724 8069 8741 9862 10624 10848 11968 12865
5186 6813 7880 8185 9710 10778 11744 12252 14032 14845
5480 5714 6603 8336 9085 9975 11193 11380 12644 13909
1279 1441 1669 1853 2134 2167 2383 2697 2936 3207
2980 3490 3839 4429 5342 5422 5986 6872 7140 7811
1988 2072 2460 2881 3218 3369 3874 4127 4649 4733
3549 4115 4503 5188 5964 6172 6918 7723 7991 8945
3722 4297 5380 5549 6665 7342 7613 8763 8932 9710
5592 6202 7625 8438 10065 11082 12149 12556 13521 14995
2142 2302 2838 2927 3319 3605 4104 4283 4658 5175
1962 2390 2639 3067 3478 3691 4209 4512 4637 5261
3662 4299 4586 5127 5828 6815 7261 7738 8311 9521
5482 6877 7126 8671 9269 10017 11761 12558 13904 14402
1664 1933 2393 2852 3042 3200 3676 3945 4198 4547
1564 1924 2090 2422 2671 2768 3087 3405 3626 4000
4462 5099 6135 6454 7768 8764 8844 9880 10358 11871
2209 2667 3084 3563 4042 4438 4980 5397 5459 5876
3789 4533 5413 5852 6461 7341 7578 8389 9134 9878
2711 3489 3838 4589 5314 5850 6146 6843 7219 7729
3192 3968 4743 5131 5966 6384 6891 7219 8173 8472
2926 3301 4053 4428 5019 5904 6360 6656 7085 7917
4896 5064 6193 7030 8076 8829 9666 10378 11005 11717
4105 5101 5579 6376 7491 8647 9444 9603 10679 11715
1256 1434 1872 1990 2168 2559 2666 2902 3080 3495
4248 5064 6126 6739 7555 8617 8985 10577 11435 12170
1886 2155 2508 2761 3266 3653 4040 4174 4427 4982
1495 1661 2049 2340 2575 2990 3295 3391 3654 4056
1191 1397 1592 1949 2166 2328 2577 2729 2848 3129
3611 4235 4760 5679 6369 6927 7846 8174 9192 9618
5433 6081 7477 8075 9720 10218 11714 12412 13458 14056
4798 6099 6278 7937 8700 9776 9865 10807 11838 12960
3794 4862 5746 6446 7256 7367 8471 9245 10092 10829
3230 3842 4176 4538 5095 5847 6348 7211 7267 7823
3519 4636 5245 5753 6497 6835 7647 8629 8967 9881
4738 5064 6534 6943 7759 8168 9475 9924 10822 12088
3084 4071 4780 5119 5767 6723 7216 7679 8264 8943
4903 6324 6782 8202 8477 9668 10722 11914 12830 13563
4462 5577 5697 6494 7290 8605 9163 9920 10796 11632
1891 2390 2640 3175 3264 3888 4191 4352 4815 5136
3193 3220 3945 4589 4911 5769 6118 6762 7406 8023
1514 1796 1899 2220 2502 2707 2976 3117 3554 3618
4284 5355 6769 7026 8482 9425 9853 11010 11138 12166
3860 4579 5827 6130 7076 8098 9006 9308 10368 11238
5085 6049 6488 7277 8372 9074 9775 11002 12142 12756
3375 4394 4999 5668 5859 6782 7164 7642 8470 9043
2446 2708 3298 3909 4171 4367 4913 5481 6005 6376
5490 6455 7879 8946 9251 10369 11843 13063 14232 15147
2620 3013 3319 3603 3995 4476 5174 5567 6004 6135
4984 6928 7875 8423 9420 10715 11363 12559 13207 14005
4663 5560 7129 7712 8743 9281 9909 10895 12420 13451
3724 4138 4870 5443 6366 6716 7289 7798 8339 9549
4476 5605 6651 7320 8324 8701 9244 10541 11085 12507
3891 4263 4771 5921 6462 7443 7511 8357 9236 10150
3191 3701 4157 4666 5095 5819 5980 6892 7455 8018
4471 5917 6750 7714 8678 9204 10343 10869 12228 12491
5247 5950 7121 7589 8760 9416 10681 11758 12180 14054
1853 2358 2526 2812 3031 3637 3957 4176 4479 4749
4560 5568 6445 7672 8330 9250 10127 10653 12231 12582
1684 2206 2492 3014 3182 3569 3889 4074 4646 5017
5186 7118 7474 8287 9914 10830 11490 12406 13372 14948
2883 3661 4583 5131 5765 5996 6659 7322 7841 8590
2457 2958 3625 3864 4365 4770 5724 5748 6344 7084
1766 1796 2241 2389 2760 3087 3428 3739 4140 4273
1702 2224 2662 2898 3050 3386 3707 4178 4515 4953
4040 5245 5633 6410 7070 7770 8935 9712 10761 11188
5336 5471 6950 7309 8340 9730 10268 10806 11927 13272
5664 6738 7666 8593 8935 10595 11132 12206 13280 14403
3238 4224 4317 5303 5982 6722 7277 7677 8572 8633
2873 3248 3785 4644 5101 5584 6389 6550 7302 7758
4467 4662 5633 6643 7031 8041 9323 9633 10566 10993
5284 6978 7128 8374 9221 10467 10966 12361 13458 14704
2559 3379 3677 4124 4621 5317 5590 6385 6559 7105
1616 2155 2392 2646 3026 3454 3501 3850 4230 4626
2840 3842 3898 4900 5568 5596 6375 6737 7712 7990
5012 5312 6769 6983 8182 8611 9639 11052 11266 12723
4428 5349 6357 7541 8374 9557 10478 11223 11662 12363
1528 2033 2270 2641 2759 3234 3323 3724 3872 4347
2943 3635 4097 5078 5395 5885 6808 6924 7876 8222
4963 6321 7211 8428 8896 10207 11096 11752 12688 13999
2510 2860 3209 3820 4234 4475 5151 5609 5980 6351
5034 6878 7626 8473 9769 10018 10965 12112 13856 14305
2361 2539 3055 3372 3710 4205 4483 4979 5376 5614
5011 5525 6510 7410 8437 8694 9979 11007 11692 12206
2033 2497 2515 3210 3281 3745 4013 4583 4672 5279
3004 3647 4291 4774 4827 5819 6409 6865 7375 7938
4614 5023 6247 7350 7799 8534 9106 10412 10984 12127
2694 3147 3695 3862 4481 4982 5411 6198 6436 6770
1254 1491 1787 2035 2331 2390 2828 3029 3194 3490
2398 2809 3311 3973 4475 4909 5343 5937 6256 6484
4207 5677 6330 6657 7596 8209 9679 10414 11067 11598
3980 4374 5414 5951 6632 7278 7887 8640 9715 10719
2340 2776 2955 3272 3867 4204 4521 4937 5473 5711
1246 1397 1647 1755 1971 2231 2513 2794 3011 3249
2396 2729 3104 3438 3917 4562 4708 5250 5646 6125
4865 5654 6969 7232 8503 9336 10344 10563 12009 12886
1309 1758 2014 2207 2553 2733 3015 3207 3502 3605
3936 4693 5904 6206 7569 7607 8931 9347 10066 10899
5153 5621 7307 7635 9041 9603 11242 11664 12507 13397
4984 6977 7425 8422 9668 10066 11910 12907 13555 14202
1573 1854 2077 2566 2804 3041 3560 3857 4138 4331
2512 2763 3357 4110 4247 4887 5458 5914 6097 6417
1787 2124 2528 2731 3068 3438 3894 4129 4416 4888
1853 2139 2329 2630 3041 3279 3580 4007 4197 4530
3728 4409 5054 6201 6596 7671 8065 9069 9714 10538
2765 3123 3599 3957 4386 5148 5434 5983 6269 7103
5130 5832 6226 7059 7980 8857 10216 10917 12101 12540
2294 2544 2982 3712 4024 4316 4650 5025 5421 6067
1255 1480 1846 2083 2355 2556 2722 2900 3195 3337
2209 2730 3001 3355 4022 4272 4959 5230 5835 6022
3252 4117 4505 4833 5847 6474 6683 7369 7936 8920
3795 4679 5563 6005 6963 7847 8694 8915 10057 10978
3940 4596 5187 5351 5909 6927 7780 8174 8798 9750
3587 4602 4738 5583 6700 6903 7783 8696 9305 9678
3050 3205 3696 4239 5143 5247 6022 6280 7056 7262
2336 2732 2961 3462 3753 4170 4838 5109 5588 6047
4026 4195 5007 5853 6732 7036 7612 8525 9201 10149
1558 1913 2344 2581 2922 3248 3352 3589 4138 4227
2129 2279 2694 3165 3598 4088 4351 4766 5048 5576
3833 4390 5366 5784 6376 7595 8083 8466 9128 10348
5202 5426 6681 7892 8071 9416 10492 11165 11658 13407
2857 3429 3503 4025 4596 5316 5888 5987 6608 7130
4862 4985 5883 6741 7477 8212 9029 9846 10990 11970
1584 2122 2439 2740 2867 3484 3484 4086 4244 4624
5291 6188 6322 7533 8923 9057 9909 11433 11792 13272
3013 3849 4535 4952 5937 6354 6921 7309 8264 8860
4112 4217 5122 5645 6551 7666 7701 8746 9373 9896
1384 1923 2103 2310 2711 2974 3140 3458 3693 4095
3258 3719 4526 4728 5708 6343 6689 7150 7496 8534
3743 4071 5089 5778 6172 7091 7288 8470 9094 9422
3313 3731 4176 4900 5373 5846 6152 6820 7321 7989
3284 4269 4663 5812 6206 7060 7257 8275 9129 9687
3586 4330 5075 6022 6495 7273 8018 8457 8965 10081
1769 2039 2561 2729 3066 3369 4026 4212 4549 4987
4327 5141 6555 6983 8011 9339 10110 10581 11738 12723
3074 3671 4745 5043 5550 6237 7132 7579 7818 8594
5084 6004 6705 7757 8545 9334 10517 11218 11700 12445
5738 6647 7508 8273 9325 10472 11190 11476 13341 13820
2971 3577 4068 4702 5625 5769 6837 7385 7875 8250
2005 2501 2997 3473 3612 4227 4584 4822 5437 5675
3940 4006 5155 5385 5976 6961 7453 8372 9127 9620
4278 4845 5300 6094 7306 7760 8365 9501 10031 10864
4268 5273 5984 6988 7909 8536 9875 10670 10963 12428
2509 3155 3850 4421 4695 5415 5812 6036 6582 7129
3184 4235 4490 5286 6368 6655 7005 7960 8756 9488
3043 3967 4325 4892 5757 6473 7159 7636 8352 8710
1213 1517 1712 1863 1972 2253 2524 2632 2957 3152
2871 3354 4158 4534 5204 5795 6358 6626 7511 7914
3684 4568 5157 6225 7294 7809 8841 9209 10314 10646
5011 6322 7352 8102 8991 9413 11192 11567 12503 14049
2765 3248 4187 4778 4992 5717 5959 6764 7327 7757
1676 2032 2269 2506 2877 3099 3277 3796 4092 4359
2182 2420 2936 3452 3670 4364 4384 5118 5515 5653
3091 3870 3926 4594 5235 5903 6515 6794 7323 8074
4503 5202 5862 6522 7764 8268 9083 9860 10791 11568
2581 3038 3198 4088 4362 4956 5048 5573 6281 6418
4779 5257 6372 6531 7965 8443 9080 9717 10991 11748
2398 3152 3609 4020 4202 4819 5093 5710 6098 6486
5200 5873 6545 8069 8248 9638 10490 11297 12328 13000
1712 2029 2251 2790 2901 3186 3645 3804 4200 4723
2455 3194 3385 4124 4648 4958 5482 5887 6578 7079
4227 5106 6529 6822 8119 8914 9291 10253 11174 12053
3115 3808 4269 4817 5394 5942 6346 7096 7903 8509
2818 3704 3918 4375 4858 5609 6173 6951 7461 7783
2381 2774 3386 3670 4063 4543 5242 5286 5963 6137
2184 2883 3102 3735 4150 4674 4892 5482 6006 6377
1450 1591 2053 2259 2361 2567 3016 3311 3349 3850
4228 4980 5338 5768 6520 7738 8598 9171 9709 10640
5453 5740 6840 8131 9566 10427 10666 12292 13344 14157
1289 1632 1832 2057 2246 2494 2837 2991 3192 3534
5155 5962 6589 7396 8875 9592 10757 11474 12505 12954
4121 4408 5303 6020 7095 7166 8098 9173 10033 10714
3554 4096 5314 5754 6330 7108 7887 8225 8868 9647
3763 5018 5627 5842 6559 7491 8422 9032 9462 10214
5152 6183 7213 7869 8899 9930 10539 11382 12459 13911
2438 2688 2979 3354 4125 4437 4958 5166 5791 5999
2228 2796 3080 3495 4085 4740 4915 5679 5941 6465
1235 1430 1528 1896 2091 2340 2568 2687 2871 3098
5693 6252 7421 8590 10166 10776 11945 12809 13927 15197
4813 6234 6968 8068 9076 9259 10314 11230 12422 13201
5178 6350 7522 8353 9281 10062 10795 12016 12700 14409
2140 2211 2764 3191 3227 3655 4208 4528 4849 5242
2272 2689 3189 3648 3794 4231 4607 5294 5482 6149
3598 4425 4489 5221 6113 6717 7036 8023 8850 9296
5177 6544 7325 8497 9181 10207 10744 12648 13185 14357
3073 3849 4714 5340 5400 6355 6742 7488 8353 8622
3416 4368 5123 5452 6568 6699 7652 7882 8604 9688
4969 5483 6597 7496 8310 9038 9895 10751 11137 12251
1822 1980 2502 2803 2978 3342 3658 3833 4244 4498
4183 4940 5776 6573 7967 8485 9083 9959 10915 11871
5140 5183 6767 7324 8181 9080 9508 11136 11436 12549
1903 2392 2731 3070 3598 4106 4483 4878 4935 5632
3906 4300 5733 6378 6557 7776 8492 8958 9854 10140
4889 5427 6459 7177 8388 9329 10002 11392 12334 12693
4370 5270 6384 7541 7798 9340 9554 10368 11996 12339
1903 2324 2391 2711 3317 3468 4024 4360 4411 4815
2956 3478 3553 4049 4496 5242 5689 6409 6484 7055
2552 3267 3744 4054 4459 4793 5365 5723 6319 6891
2241 2316 2994 3220 3427 3898 4520 4745 5084 5480
3400 4116 4563 4862 5965 6472 6979 7665 8023 8441
1540 1694 2041 2233 2400 2618 2990 3157 3465 3645
4314 4579 5601 6812 7493 7606 8552 9082 10331 10936
1780 1795 2225 2596 2833 3085 3396 3752 4138 4271
4798 6278 7040 7533 8296 9148 10493 11076 12107 12555
3788 4393 4583 5379 6016 6811 7193 8053 8562 9548
4918 5902 7400 7822 9274 9836 10304 11569 13067 13583
2599 2839 3385 3713 4215 4565 4805 5351 5919 6137
5043 5731 6510 7427 8527 9902 10223 11552 12744 13432
1420 1610 1764 1906 2190 2485 2627 3030 3136 3550
4840 5868 6810 7109 8137 9122 10236 10493 11435 12634
3470 4170 4520 5698 5762 6748 7448 8021 8817 9485
5227 6189 6464 7565 8390 9490 10636 11599 11965 13341
3908 4368 5025 5353 6010 6798 7783 8440 8538 9261
4412 5141 6725 7539 8439 8867 9767 10709 11694 12508
4574 5964 6368 8027 8341 9372 10358 11210 12241 12824
1978 2561 2768 3333 3691 3992 4218 4708 5084 5574
4117 5399 5632 6797 7379 8350 9010 9709 10097 11224
3393 3979 4657 5058 5860 6755 6785 7772 8297 8698
1685 2325 2409 2712 3150 3672 3723 4178 4582 4936
5200 5903 7308 7964 8994 9556 11149 11570 12226 13116
5214 5836 7032 8467 9376 9710 11098 12006 13154 14111
5860 5958 7374 8399 9278 10108 11329 12110 13527 14259
5632 6279 7774 8322 8970 10116 11910 12708 13804 14502
3115 3489 4585 4845 5767 6056 6373 7036 7987 8506
1647 1884 2137 2611 2685 3145 3516 3768 3917 4391
3924 4736 4837 6089 6664 7306 7442 8625 9133 9877
4859 5684 6830 7930 8480 9488 10772 11826 12193 13568
3483 4319 5538 6234 6513 7488 8219 9020 9403 10343
3185 3981 4841 5287 5860 6720 7166 7835 8759 9109
1891 2320 2605 3033 3390 3640 4086 4567 4924 5049
4007 4669 4878 5645 6411 7596 8084 8397 9373 10104
3074 3436 3849 4495 4857 5606 5787 6587 6742 7517
4684 5948 7447 8431 9180 10163 11194 11381 12271 13114
4346 4567 5377 6298 6814 7955 8544 9539 9833 11049
2893 3409 4132 4494 4830 5475 6069 6715 6741 7567
2622 2980 3409 4291 4553 5006 5363 5983 6412 7079
3407 4331 4490 5732 5923 6528 7037 8247 8406 9171
4859 6417 7150 7334 9030 9442 10680 11780 12100 13063
3007 3675 4065 4649 5011 5790 6375 6987 7739 8323
4729 5063 6653 7197 7951 8369 9331 10336 11298 12009
4644 5523 6025 6945 8200 9120 9831 10082 11296 12132
4041 4494 5539 5922 6514 7664 7768 8569 9580 9754
2103 2619 3095 3333 3670 4305 4562 5118 5356 5554
4290 4943 6332 6618 7680 8375 9028 10254 11030 11765
4383 4900 5896 6773 7769 8287 9322 9960 10876 11314
2840 3564 4344 4956 5068 5708 6543 6794 7629 7852
3612 4531 5023 5680 6041 7059 7617 8208 9094 9291
1408 1491 1704 2035 2354 2532 2839 2934 3099 3490
1923 2639 2695 3034 3487 3996 4335 4693 5164 5296
5283 6928 7875 8622 9370 10715 11064 12260 13456 13955
5098 5869 6254 7068 8524 9209 9424 11137 11308 12036
2716 2954 3692 4192 4740 4955 5669 5955 6646 7122
3142 4036 4554 5044 5477 6082 6803 7321 7523 8561
2242 2460 2995 3511 3729 4026 4542 4919 5553 5831
3942 4552 5197 6308 7096 7311 8135 8709 9605 10716
2585 3283 3645 4291 5144 5170 5739 6359 7212 7471
4233 5126 5514 6601 7727 8116 8815 10018 10756 11377
2924 3398 4038 4567 5486 5876 6377 6683 7491 8215
3553 4094 5312 5718 6496 7173 8120 8357 9169 10014
4125 4972 5156 6482 7071 8102 8839 9318 9870 10423
2926 3382 3919 4482 5368 5824 5985 6468 7488 7729
5531 6677 7823 8920 9069 10564 11162 12756 13753 14351
3833 4808 5400 6097 6411 7212 7699 8396 9197 10452
2284 3084 3243 3974 4226 5025 5459 5893 5938 6395
3607 4223 4747 5456 5980 6288 7367 7767 8106 9154
2620 2773 3166 3734 4149 4716 5109 5327 5808 6441
5043 6280 6464 7885 8847 9260 10223 11873 12194 13202
4505 5087 5942 6602 7107 8310 8543 9941 10640 11339
2741 2764 3220 4020 4476 4728 5344 5527 6166 6646
1509 1883 2049 2339 2505 2948 3211 3349 3820 3945
1960 2563 2676 3279 3619 3826 4278 4768 5013 5277
2422 2924 3449 3723 4523 4660 5459 5665 6167 6396
4825 6371 6792 7963 9228 9369 10633 12038 12273 13631
1753 2191 2411 2899 3051 3439 3826 4147 4399 4854
3176 4193 4470 5488 5611 6782 7214 7892 8416 9002
2335 2814 3126 3481 3898 4210 4710 5044 5648 6190
4997 6097 6784 7655 8893 10085 10543 11322 12056 12973
1398 1576 1694 2014 2144 2417 2713 2997 3104 3388
4769 5915 6511 7932 8803 9262 10087 11875 12196 12884
4155 5049 6175 6369 7378 8155 8776 9864 10834 11262
1139 1324 1606 1747 2018 2202 2441 2745 2962 3200
4227 5273 5943 6947 8202 8663 9249 10881 11299 11885
3345 3662 4354 4902 5363 5882 6891 7410 8015 8160
4237 4653 5826 6583 7112 8323 8701 9722 10025 11084
5681 6329 7973 8073 9468 10864 11960 12060 13505 14252
2052 2373 2622 3086 3282 3675 3924 4638 4870 5119
4954 6006 6444 7627 8416 9162 9688 10871 12186 12493
4887 6142 7129 7174 8519 9684 10043 11477 12195 12778
4193 4444 5268 6271 6629 7382 8170 8887 10033 10678
1836 2021 2543 2745 3082 3705 3721 4344 4664 4950
1451 1541 2029 2247 2414 2632 2953 3172 3505 3634
4310 4789 5230 5930 7256 7993 8582 9024 9871 11050
4327 5397 6854 7668 7925 8738 10195 10794 11223 12807
4300 4551 5339 5733 6987 7202 8098 9281 9818 10750
4109 4631 5363 6268 6790 7521 7939 8531 9576 10272
5847 6355 7728 8389 9761 11134 11693 12964 13218 14387
4266 4374 5593 5915 6596 7313 8030 9070 9357 10110
1387 1618 1824 2312 2312 2620 3069 3300 3378 3699
3520 4217 5402 6134 6378 7040 7981 8434 9445 9863
1543 2047 2269 2566 2907 3129 3411 3707 4019 4345
4582 4932 6136 6369 7689 7922 9242 9359 10718 11145
2015 2158 2675 3103 3424 3816 4244 4440 4833 5153
1904 2072 2409 2763 3116 3453 3958 4261 4514 4969
2663 3231 3878 4472 4989 5325 5868 6540 6721 7289
3986 4943 5899 6378 7653 8291 8968 9566 10443 11559
3270 3733 4751 4997 5707 6725 6817 7804 8082 9100
1467 1799 2075 2283 2629 2864 3307 3542 3749 4012
1851 2171 2574 2961 3079 3702 4004 4307 4677 4812
5980 6877 7724 8770 9318 10963 11610 11959 13354 13952
1753 1872 2094 2540 2733 3015 3342 3579 3995 4248
3729 4182 5401 5750 6586 7457 8189 8676 9199 9861
5135 6132 7128 8474 9571 10418 11415 11963 13459 14755
5618 5911 7035 8256 8794 9917 11285 12067 12946 14021
3516 3794 4565 5027 6076 6785 6816 7495 8235 9006
5033 6478 7525 8521 9916 10764 11461 12408 13803 14501
6100 6863 7574 9049 9354 10472 11895 12302 14030 14386
2733 3279 3528 4273 4671 5217 5739 6062 6732 7105
3924 5323 5478 6527 7537 7770 8547 9519 10801 10956
4541 5570 6298 7026 8140 8868 9596 10967 11610 12681
1616 1981 2313 2852 3074 3375 3501 4040 4135 4579
4267 5647 6610 7195 8366 9161 9328 10249 11629 11796
2598 2839 3450 3930 3952 4803 4891 5284 5961 6135
2687 3333 3876 4134 4832 5659 5995 6640 6847 7596
2512 2884 3277 3714 4238 4434 4828 5439 5767 6226
5340 5949 6745 8384 9227 9789 10398 12131 12318 13349
3115 4102 4811 5304 5798 6199 6939 7771 8419 9128
2895 3412 3722 4265 4652 5195 6048 6513 6798 7625
2585 3257 3980 4523 4755 5531 5763 6487 7029 7391
1409 1599 1658 1954 2250 2557 2605 2865 3303 3410
3984 5180 6295 6614 7968 7968 9402 9920 10797 11195
5682 6031 7326 8672 9320 10566 11911 12509 13307 14204
4928 5885 6890 8086 9521 10287 10861 11483 12440 14354
1726 1963 2454 2771 3166 3483 3530 3831 4243 4733
2718 3195 3433 4124 4529 5221 5340 6126 6245 6698
4809 5813 5980 7444 8322 9116 9534 10830 11374 12503
1397 1854 2089 2407 2600 2918 3195 3527 3789 4108
2757 3030 3799 3973 4793 5463 5836 6282 6928 7102
2512 2752 3472 3560 4258 4586 5066 5307 5700 6442
1523 1925 2021 2215 2644 2824 3198 3336 3835 3932
3090 3675 3981 4593 5317 5651 6402 7043 7627 8323
4300 4802 5483 6200 6916 7633 8099 8744 9389 10285
3684 4715 5194 6520 7110 7662 8730 8914 10241 10940
5470 6544 6837 8693 9474 10451 10842 12307 13430 13723
3315 3690 4613 4843 5766 6227 6602 7034 7812 8389
4953 5873 6706 7451 8327 9072 10475 10957 12140 12797
5814 6498 7035 8012 8842 9868 11578 11773 12750 13825
4955 5306 6402 7542 8200 8770 10085 10743 11751 12804
4050 4337 5018 6344 7025 7276 8351 9068 9570 10286
1869 2290 2458 2947 3199 3485 4007 4176 4462 4782
3994 4231 5212 5956 6261 7107 7547 8156 8900 9916
4832 5885 7176 8611 9281 10477 11290 11482 12964 13395
1454 1675 2132 2270 2686 2838 3198 3558 3724 3959
3340 3479 4426 4787 5316 5678 6235 6930 7682 8071
4998 5261 6401 7453 8505 9601 10303 10522 11442 12801
4370 5784 6041 7155 7797 9382 10025 10667 11224 12852
3115 4287 4441 5459 5767 6600 6785 7802 8080 9129
3260 3548 4500 4731 5250 5971 6635 7067 7731 8365
2981 3204 3775 3974 4719 5290 5613 6110 6780 7277
3437 4391 4741 5441 6046 6778 7637 8177 8846 9546
2168 2432 2639 3110 3675 3977 4147 4599 5032 5447
4840 5954 6768 7025 7838 8781 9808 10579 11779 12849
3868 4565 4913 6203 6272 7039 8015 9025 9060 10001
2645 3288 3813 4242 4742 5123 5242 5886 6433 6767
3823 4432 4906 5650 6699 6834 8018 8695 9236 9777
1604 1990 2109 2480 2702 3074 3445 3756 3860 4306
2855 3476 3873 4270 4568 5362 5611 6355 6876 7125
4647 5743 6401 7541 8067 9251 10303 11223 11530 12539
4909 5655 6882 7583 8679 8986 9950 11046 11966 12536
4085 4622 5554 5948 6665 7524 8349 9101 10032 10355
4506 4739 5865 6641 7030 8001 8661 9943 10719 11457
3514 4597 4925 5319 6009 7191 7454 8471 9030 9325
2765 3178 4057 4263 4884 5529 6201 6201 6770 7751
4185 5064 6654 6947 8035 8913 9248 10211 11675 11801
3331 3979 4658 5367 6138 6261 7032 7711 8112 8636
2693 3195 3560 3879 4495 5020 5385 5682 6275 6458
4560 5021 6150 7070 8284 8744 9371 10585 11421 12551
2971 3410 3953 4573 4650 5503 5839 6355 6898 7673
5860 6837 7374 8595 9620 10108 10890 12013 13087 13917
4921 5623 6561 7685 9278 9466 10356 11809 12418 13121
2707 3080 3924 4297 4744 4992 5688 6159 6855 7277
1952 2322 2540 2877 3078 3617 4037 4273 4710 4878
4603 5699 7014 7189 8153 9425 10214 10871 12011 12668
4484 5695 6546 7847 8385 9775 10313 11389 12375 12823
3762 4980 5696 6341 7093 7380 8168 9171 9923 10317
1291 1399 1692 1778 1963 2266 2472 2700 2927 3058
5237 6762 7220 8186 9457 10474 12151 13016 13727 14846
2481 3005 3577 3840 4698 4889 5342 5986 6487 6749
5021 5231 6151 6946 8159 8578 9331 10168 11088 12511
1220 1445 1871 2037 2191 2487 2819 2913 3174 3375
5681 6778 7724 8223 9518 10116 11512 12757 13007 14751
2637 3179 4084 4446 4782 5325 5790 6720 6875 7237
2146 2541 2955 3350 3538 4141 4442 4818 5100 5364
3619 4766 5375 6307 7095 7489 8098 9066 9603 10642
2980 3517 3973 4510 4886 5771 6013 6791 7275 7543
5035 6281 7178 8325 9272 10767 11316 12661 13459 14057
1978 2581 2807 3240 3522 4125 4257 4803 4897 5575
2869 3541 3722 4290 4807 5428 5789 6487 6901 7366
2537 3108 3337 3657 4319 4776 5142 5508 6010 6467
2479 2895 3145 3478 4061 4311 4936 5206 5560 6144
2142 2519 2816 3312 3827 4085 4759 5136 5493 5870
5763 6154 7765 8302 8937 10598 11086 11721 13186 14260
4462 5577 6214 6971 7568 8086 9082 9640 11034 11392
3015 3612 4388 5044 5522 6148 7073 7491 8208 8566
3689 4196 5042 5888 6497 7377 7512 8696 8899 9847
4585 5640 6603 7932 8299 9354 10271 11830 12288 13343
1868 2137 2359 2596 3166 3388 3483 3974 4417 4496
2315 2992 3429 3625 4258 4630 5001 5263 5874 6289
4117 5360 5943 6758 7069 8040 8583 10059 10448 11147
3598 4043 4648 5667 6208 6685 7035 7927 8882 9168
5318 5685 6602 7335 8848 9581 10590 11186 12332 13615
1513 2032 2373 2492 2758 3248 3396 3811 4123 4182
4303 5259 5897 6574 7530 8008 9482 9562 11116 11474
3085 4196 4473 5306 5738 6201 7033 7589 8391 8853
5066 5649 6770 7398 8384 9863 10715 11163 12284 12822
5485 5983 7928 8177 8974 10171 11019 12115 13113 14359
3972 4460 4913 5714 6515 7560 8013 8814 9302 10208
3483 3792 4839 5487 5702 6504 7336 7922 8415 9185
5781 6578 7824 8472 9618 10315 11910 11960 13654 14202
2971 3865 4124 4701 5710 6200 6518 7296 7931 8219
3450 4402 5191 5256 5946 6964 7260 8311 8541 9362
2380 2795 3494 3624 4279 4672 5087 5393 5895 6244
3727 4284 5329 5921 6652 7592 8150 8881 9647 10309
3403 3605 4441 4874 5191 6056 6633 7354 7959 8075
2283 3105 3447 3767 4566 5023 5296 5890 6301 6392
4302 5458 6214 7051 7648 7967 9321 10118 10556 11273
2375 2770 3187 3458 4124 4478 4686 5207 5790 6040
5573 5807 7306 8149 8991 9975 11146 11333 12691 13487
5129 5392 6751 7452 8460 9074 10126 11177 11879 12624
1514 1989 2360 2538 2805 2998 3458 3769 3918 4215
1529 1930 2345 2479 2864 3102 3295 3770 3977 4245
4116 5047 5552 6911 7415 8347 9162 9900 10870 11647
5420 6348 7178 8691 9766 10596 11426 11963 13330 14111
4087 4919 5373 6735 7454 8021 8589 9270 10026 11313
4048 5220 5977 6733 7338 8246 8473 9192 10440 11045
3795 5122 5232 5895 6632 7443 8106 9506 10279 11053
4541 4541 5335 6508 7303 8249 8514 9649 10178 10746
2397 3196 3607 4063 4451 4588 5159 5912 6346 6506
2490 2810 3404 3723 4431 4683 5162 5802 6304 6601
3143 3867 4117 4951 5452 5841 6620 7121 7760 8233
2140 2425 2496 2942 3388 3905 4190 4493 4903 5135
2207 2862 3190 3802 4108 4501 5091 5288 5834 6183
3074 3730 4655 4924 5580 6326 7162 7520 7818 8624
5310 6027 7510 7940 9471 10093 11480 11815 12437 14063
2620 2817 3472 3712 4105 4804 4978 5328 5721 6266
5098 5526 6255 7411 8482 8568 9467 10624 11866 12209
3679 4008 4698 5716 6274 6603 7293 8081 8869 9493
3195 3971 4359 4807 5553 6210 6598 7285 7793 8569
1105 1430 1723 1799 1994 2351 2568 2644 3012 3109
5930 6478 7924 8771 9369 10166 11461 12807 13056 14252
2815 3203 4107 4442 5140 5579 5889 6457 7051 7619
1898 1930 2530 2831 3163 3353 3780 4080 4207 4744
4121 4945 5375 6414 6772 7166 8169 9208 9459 10677
2899 3462 4079 4697 5046 5904 5931 6683 7273 7675
4976 6097 6276 7800 8562 9414 10221 11521 12283 13404
5339 6864 7626 8338 10016 10423 11897 13015 13320 14286
4969 5996 6853 7624 7967 8909 9722 10493 11693 12164
5762 6836 7618 8204 8838 10596 10889 11963 13575 14209
1182 1409 1539 1875 2071 2190 2526 2764 2992 3057
1821 2302 2784 3034 3302 3605 3944 4461 4997 5068
1765 1839 2136 2551 2729 3099 3529 3841 4078 4375
5264 6269 7131 8183 8662 9715 10576 11916 12490 13495
1726 2186 2439 2566 3104 3183 3595 4102 4276 4513
1734 2357 2391 2980 3266 3434 3838 4377 4613 4747
3553 4061 4974 5584 6091 7140 7986 8764 9475 9915
4269 5649 5900 7156 8076 8788 9959 10085 11215 11717
4860 6097 6647 7427 8756 9352 10361 11369 12515 13661
4346 4678 5893 6114 6924 7919 8508 8913 10165 10791
2610 3359 3798 4650 5167 5374 5942 6329 7104 7518
1409 1432 1870 2083 2320 2450 2627 2899 3148 3515
2719 3077 3482 3935 4770 4889 5247 5938 6272 6725
1310 1772 1939 2158 2414 2658 2825 3133 3596 3737
2223 2261 2694 3259 3504 3862 4370 4690 5218 5594
3761 4770 5188 6198 6964 7521 8217 8600 9749 10375
